schema_version,record_type,id,unit_id,rights_id,segment_id,order,source_anchor,target_anchor,source_line_start,target_line_start,source_char_start,source_char_end,target_char_start,target_char_end,source_raw_tex,target_raw_tex,source_raw_tex_sha256,target_raw_tex_sha256,normalized_symbolic_sha256,math_delimiter,correction_ids,source_normalized_sha256,target_normalized_sha256,provenance
1.1.0,formula,O007-FREMLIN-V2-S241-FORMULA-0001,O007-FREMLIN-V2-S241,O007-RIGHTS-FREMLIN-DSL,O007-FREMLIN-V2-S241-SEG-241-INTRO,1,241-intro,241-intro,8,8,129,140,126,137,\eusm L^0,\eusm L^0,12c2089e125d309e832793d4a992d6333c40397baf0330403e1207da04318ded,12c2089e125d309e832793d4a992d6333c40397baf0330403e1207da04318ded,d5b98412d5c38001fef173fa13a858cd2e376a97888da5ce2fa997ff513bad4c,$,,d5b98412d5c38001fef173fa13a858cd2e376a97888da5ce2fa997ff513bad4c,d5b98412d5c38001fef173fa13a858cd2e376a97888da5ce2fa997ff513bad4c,"{""basis"":""ordered nested-math atom; exact symbolic replay"",""kind"":""source-target-formula-map""}"
1.1.0,formula,O007-FREMLIN-V2-S241-FORMULA-0002,O007-FREMLIN-V2-S241,O007-RIGHTS-FREMLIN-DSL,O007-FREMLIN-V2-S241-SEG-241-INTRO,2,241-intro,241-intro,8,8,145,150,142,147,L^0,L^0,efb929291fb3ed4159783d57eb43e4f4183bf2aa2552acd5d70f6ebf7aa04b27,efb929291fb3ed4159783d57eb43e4f4183bf2aa2552acd5d70f6ebf7aa04b27,efb929291fb3ed4159783d57eb43e4f4183bf2aa2552acd5d70f6ebf7aa04b27,$,,efb929291fb3ed4159783d57eb43e4f4183bf2aa2552acd5d70f6ebf7aa04b27,efb929291fb3ed4159783d57eb43e4f4183bf2aa2552acd5d70f6ebf7aa04b27,"{""basis"":""ordered nested-math atom; exact symbolic replay"",""kind"":""source-target-formula-map""}"
1.1.0,formula,O007-FREMLIN-V2-S241-FORMULA-0003,O007-FREMLIN-V2-S241,O007-RIGHTS-FREMLIN-DSL,O007-FREMLIN-V2-S241-SEG-241-INTRO,3,241-intro,241-intro,12,12,226,231,217,222,L^1,L^1,9d0fbf856fe55b032eaac1d3cc54b65eb406a5231c658bf5d96c01b0eddfbee3,9d0fbf856fe55b032eaac1d3cc54b65eb406a5231c658bf5d96c01b0eddfbee3,9d0fbf856fe55b032eaac1d3cc54b65eb406a5231c658bf5d96c01b0eddfbee3,$,,9d0fbf856fe55b032eaac1d3cc54b65eb406a5231c658bf5d96c01b0eddfbee3,9d0fbf856fe55b032eaac1d3cc54b65eb406a5231c658bf5d96c01b0eddfbee3,"{""basis"":""ordered nested-math atom; exact symbolic replay"",""kind"":""source-target-formula-map""}"
1.1.0,formula,O007-FREMLIN-V2-S241-FORMULA-0004,O007-FREMLIN-V2-S241,O007-RIGHTS-FREMLIN-DSL,O007-FREMLIN-V2-S241-SEG-241-INTRO,4,241-intro,241-intro,13,12,233,245,224,236,L^{\infty},L^{\infty},78a4126aa7bf2982d3fda504bb032af482859d41123569b379ce30447473769c,78a4126aa7bf2982d3fda504bb032af482859d41123569b379ce30447473769c,78a4126aa7bf2982d3fda504bb032af482859d41123569b379ce30447473769c,$,,78a4126aa7bf2982d3fda504bb032af482859d41123569b379ce30447473769c,78a4126aa7bf2982d3fda504bb032af482859d41123569b379ce30447473769c,"{""basis"":""ordered nested-math atom; exact symbolic replay"",""kind"":""source-target-formula-map""}"
1.1.0,formula,O007-FREMLIN-V2-S241-FORMULA-0005,O007-FREMLIN-V2-S241,O007-RIGHTS-FREMLIN-DSL,O007-FREMLIN-V2-S241-SEG-241-INTRO,5,241-intro,241-intro,13,13,250,255,242,247,L^p,L^p,0de1bee007df208a54c85a6cf3aa6c06e2a922620965a43478a0496c27e05aa0,0de1bee007df208a54c85a6cf3aa6c06e2a922620965a43478a0496c27e05aa0,0de1bee007df208a54c85a6cf3aa6c06e2a922620965a43478a0496c27e05aa0,$,,0de1bee007df208a54c85a6cf3aa6c06e2a922620965a43478a0496c27e05aa0,0de1bee007df208a54c85a6cf3aa6c06e2a922620965a43478a0496c27e05aa0,"{""basis"":""ordered nested-math atom; exact symbolic replay"",""kind"":""source-target-formula-map""}"
1.1.0,formula,O007-FREMLIN-V2-S241-FORMULA-0006,O007-FREMLIN-V2-S241,O007-RIGHTS-FREMLIN-DSL,O007-FREMLIN-V2-S241-SEG-241-INTRO,6,241-intro,241-intro,15,15,372,377,390,395,L^0,L^0,efb929291fb3ed4159783d57eb43e4f4183bf2aa2552acd5d70f6ebf7aa04b27,efb929291fb3ed4159783d57eb43e4f4183bf2aa2552acd5d70f6ebf7aa04b27,efb929291fb3ed4159783d57eb43e4f4183bf2aa2552acd5d70f6ebf7aa04b27,$,,efb929291fb3ed4159783d57eb43e4f4183bf2aa2552acd5d70f6ebf7aa04b27,efb929291fb3ed4159783d57eb43e4f4183bf2aa2552acd5d70f6ebf7aa04b27,"{""basis"":""ordered nested-math atom; exact symbolic replay"",""kind"":""source-target-formula-map""}"
1.1.0,formula,O007-FREMLIN-V2-S241-FORMULA-0007,O007-FREMLIN-V2-S241,O007-RIGHTS-FREMLIN-DSL,O007-FREMLIN-V2-S241-SEG-241-INTRO,7,241-intro,241-intro,17,17,527,532,562,567,L^0,L^0,efb929291fb3ed4159783d57eb43e4f4183bf2aa2552acd5d70f6ebf7aa04b27,efb929291fb3ed4159783d57eb43e4f4183bf2aa2552acd5d70f6ebf7aa04b27,efb929291fb3ed4159783d57eb43e4f4183bf2aa2552acd5d70f6ebf7aa04b27,$,,efb929291fb3ed4159783d57eb43e4f4183bf2aa2552acd5d70f6ebf7aa04b27,efb929291fb3ed4159783d57eb43e4f4183bf2aa2552acd5d70f6ebf7aa04b27,"{""basis"":""ordered nested-math atom; exact symbolic replay"",""kind"":""source-target-formula-map""}"
1.1.0,formula,O007-FREMLIN-V2-S241-FORMULA-0008,O007-FREMLIN-V2-S241,O007-RIGHTS-FREMLIN-DSL,O007-FREMLIN-V2-S241-SEG-241A,8,241A,241A,33,33,1357,1368,1427,1438,\eusm L^0,\eusm L^0,12c2089e125d309e832793d4a992d6333c40397baf0330403e1207da04318ded,12c2089e125d309e832793d4a992d6333c40397baf0330403e1207da04318ded,d5b98412d5c38001fef173fa13a858cd2e376a97888da5ce2fa997ff513bad4c,$,,d5b98412d5c38001fef173fa13a858cd2e376a97888da5ce2fa997ff513bad4c,d5b98412d5c38001fef173fa13a858cd2e376a97888da5ce2fa997ff513bad4c,"{""basis"":""ordered nested-math atom; exact symbolic replay"",""kind"":""source-target-formula-map""}"
1.1.0,formula,O007-FREMLIN-V2-S241-FORMULA-0009,O007-FREMLIN-V2-S241,O007-RIGHTS-FREMLIN-DSL,O007-FREMLIN-V2-S241-SEG-241A,9,241A,241A,36,36,1488,1504,1575,1591,"(X,\Sigma,\mu)","(X,\Sigma,\mu)",05e9b769403b4c7926a944d5aaa03f00bb216412bc3f850e41b3c28de657aa67,05e9b769403b4c7926a944d5aaa03f00bb216412bc3f850e41b3c28de657aa67,05e9b769403b4c7926a944d5aaa03f00bb216412bc3f850e41b3c28de657aa67,$,,05e9b769403b4c7926a944d5aaa03f00bb216412bc3f850e41b3c28de657aa67,05e9b769403b4c7926a944d5aaa03f00bb216412bc3f850e41b3c28de657aa67,"{""basis"":""ordered nested-math atom; exact symbolic replay"",""kind"":""source-target-formula-map""}"
1.1.0,formula,O007-FREMLIN-V2-S241-FORMULA-0010,O007-FREMLIN-V2-S241,O007-RIGHTS-FREMLIN-DSL,O007-FREMLIN-V2-S241-SEG-241A,10,241A,241A,37,37,1533,1544,1623,1634,\eusm L^0,\eusm L^0,12c2089e125d309e832793d4a992d6333c40397baf0330403e1207da04318ded,12c2089e125d309e832793d4a992d6333c40397baf0330403e1207da04318ded,d5b98412d5c38001fef173fa13a858cd2e376a97888da5ce2fa997ff513bad4c,$,,d5b98412d5c38001fef173fa13a858cd2e376a97888da5ce2fa997ff513bad4c,d5b98412d5c38001fef173fa13a858cd2e376a97888da5ce2fa997ff513bad4c,"{""basis"":""ordered nested-math atom; exact symbolic replay"",""kind"":""source-target-formula-map""}"
1.1.0,formula,O007-FREMLIN-V2-S241-FORMULA-0011,O007-FREMLIN-V2-S241,O007-RIGHTS-FREMLIN-DSL,O007-FREMLIN-V2-S241-SEG-241A,11,241A,241A,37,37,1549,1565,1641,1657,\eusm L^0(\mu),\eusm L^0(\mu),f001b894df129bf4078946cfaf903c491047b2d121e4611c77d652def6bceb73,f001b894df129bf4078946cfaf903c491047b2d121e4611c77d652def6bceb73,41b6caf438139e8017fbc65c7a88944a4b11695d604501e01b50c1411c553db5,$,,41b6caf438139e8017fbc65c7a88944a4b11695d604501e01b50c1411c553db5,41b6caf438139e8017fbc65c7a88944a4b11695d604501e01b50c1411c553db5,"{""basis"":""ordered nested-math atom; exact symbolic replay"",""kind"":""source-target-formula-map""}"
1.1.0,formula,O007-FREMLIN-V2-S241-FORMULA-0012,O007-FREMLIN-V2-S241,O007-RIGHTS-FREMLIN-DSL,O007-FREMLIN-V2-S241-SEG-241A,12,241A,241A,38,38,1606,1609,1699,1702,f,f,252f10c83610ebca1a059c0bae8255eba2f95be4d1d7bcfa89d7248a82d9f111,252f10c83610ebca1a059c0bae8255eba2f95be4d1d7bcfa89d7248a82d9f111,252f10c83610ebca1a059c0bae8255eba2f95be4d1d7bcfa89d7248a82d9f111,$,,252f10c83610ebca1a059c0bae8255eba2f95be4d1d7bcfa89d7248a82d9f111,252f10c83610ebca1a059c0bae8255eba2f95be4d1d7bcfa89d7248a82d9f111,"{""basis"":""ordered nested-math atom; exact symbolic replay"",""kind"":""source-target-formula-map""}"
1.1.0,formula,O007-FREMLIN-V2-S241-FORMULA-0013,O007-FREMLIN-V2-S241,O007-RIGHTS-FREMLIN-DSL,O007-FREMLIN-V2-S241-SEG-241A,13,241A,241A,39,39,1645,1648,1757,1760,X,X,4b68ab3847feda7d6c62c1fbcbeebfa35eab7351ed5e78f4ddadea5df64b8015,4b68ab3847feda7d6c62c1fbcbeebfa35eab7351ed5e78f4ddadea5df64b8015,4b68ab3847feda7d6c62c1fbcbeebfa35eab7351ed5e78f4ddadea5df64b8015,$,,4b68ab3847feda7d6c62c1fbcbeebfa35eab7351ed5e78f4ddadea5df64b8015,4b68ab3847feda7d6c62c1fbcbeebfa35eab7351ed5e78f4ddadea5df64b8015,"{""basis"":""ordered nested-math atom; exact symbolic replay"",""kind"":""source-target-formula-map""}"
1.1.0,formula,O007-FREMLIN-V2-S241-FORMULA-0014,O007-FREMLIN-V2-S241,O007-RIGHTS-FREMLIN-DSL,O007-FREMLIN-V2-S241-SEG-241A,14,241A,241A,40,40,1707,1718,1802,1813,f\restr E,f\restr E,dabd67a82db3e595ca31515d38f346eea627452920ace0037aa461ac094fb682,dabd67a82db3e595ca31515d38f346eea627452920ace0037aa461ac094fb682,5c3c37148b508ebe496c3c64100e594b99ddf72e61798eda661f9f6c1e12a05c,$,,5c3c37148b508ebe496c3c64100e594b99ddf72e61798eda661f9f6c1e12a05c,5c3c37148b508ebe496c3c64100e594b99ddf72e61798eda661f9f6c1e12a05c,"{""basis"":""ordered nested-math atom; exact symbolic replay"",""kind"":""source-target-formula-map""}"
1.1.0,formula,O007-FREMLIN-V2-S241-FORMULA-0015,O007-FREMLIN-V2-S241,O007-RIGHTS-FREMLIN-DSL,O007-FREMLIN-V2-S241-SEG-241A,15,241A,241A,41,40,1759,1773,1856,1870,E\subseteq X,E\subseteq X,aa3c0a928044f4b0c9c5f3b45a1e57acc6e7a85724c0088a403ea490a051c6bb,aa3c0a928044f4b0c9c5f3b45a1e57acc6e7a85724c0088a403ea490a051c6bb,88bbaf139b9053c191f976ae3fe43f2bde97e8642c44c619ed163e416fa3600f,$,,88bbaf139b9053c191f976ae3fe43f2bde97e8642c44c619ed163e416fa3600f,88bbaf139b9053c191f976ae3fe43f2bde97e8642c44c619ed163e416fa3600f,"{""basis"":""ordered nested-math atom; exact symbolic replay"",""kind"":""source-target-formula-map""}"
1.1.0,formula,O007-FREMLIN-V2-S241-FORMULA-0016,O007-FREMLIN-V2-S241,O007-RIGHTS-FREMLIN-DSL,O007-FREMLIN-V2-S241-SEG-241A,16,241A,241A,41,41,1789,1792,1884,1887,f,f,252f10c83610ebca1a059c0bae8255eba2f95be4d1d7bcfa89d7248a82d9f111,252f10c83610ebca1a059c0bae8255eba2f95be4d1d7bcfa89d7248a82d9f111,252f10c83610ebca1a059c0bae8255eba2f95be4d1d7bcfa89d7248a82d9f111,$,,252f10c83610ebca1a059c0bae8255eba2f95be4d1d7bcfa89d7248a82d9f111,252f10c83610ebca1a059c0bae8255eba2f95be4d1d7bcfa89d7248a82d9f111,"{""basis"":""ordered nested-math atom; exact symbolic replay"",""kind"":""source-target-formula-map""}"
1.1.0,formula,O007-FREMLIN-V2-S241-FORMULA-0017,O007-FREMLIN-V2-S241,O007-RIGHTS-FREMLIN-DSL,O007-FREMLIN-V2-S241-SEG-241A,17,241A,241A,42,41,1796,1801,1917,1922,\mu,\mu,492247e1bab15272d1e53b8015c042bf6fa0cb8f23ec52cad93d6ba80dafb804,492247e1bab15272d1e53b8015c042bf6fa0cb8f23ec52cad93d6ba80dafb804,492247e1bab15272d1e53b8015c042bf6fa0cb8f23ec52cad93d6ba80dafb804,$,,492247e1bab15272d1e53b8015c042bf6fa0cb8f23ec52cad93d6ba80dafb804,492247e1bab15272d1e53b8015c042bf6fa0cb8f23ec52cad93d6ba80dafb804,"{""basis"":""ordered nested-math atom; exact symbolic replay"",""kind"":""source-target-formula-map""}"
1.1.0,formula,O007-FREMLIN-V2-S241-FORMULA-0018,O007-FREMLIN-V2-S241,O007-RIGHTS-FREMLIN-DSL,O007-FREMLIN-V2-S241-SEG-241A,18,241A,241A,42,42,1833,1845,1971,1983,\hat\Sigma,\hat\Sigma,97933643fd77c9f254d151143b6e8c98798c2c27253b5e55b2210af05973050b,97933643fd77c9f254d151143b6e8c98798c2c27253b5e55b2210af05973050b,97933643fd77c9f254d151143b6e8c98798c2c27253b5e55b2210af05973050b,$,,97933643fd77c9f254d151143b6e8c98798c2c27253b5e55b2210af05973050b,97933643fd77c9f254d151143b6e8c98798c2c27253b5e55b2210af05973050b,"{""basis"":""ordered nested-math atom; exact symbolic replay"",""kind"":""source-target-formula-map""}"
1.1.0,formula,O007-FREMLIN-V2-S241-FORMULA-0019,O007-FREMLIN-V2-S241,O007-RIGHTS-FREMLIN-DSL,O007-FREMLIN-V2-S241-SEG-241A,19,241A,241A,43,42,1864,1876,1992,2004,\hat\Sigma,\hat\Sigma,97933643fd77c9f254d151143b6e8c98798c2c27253b5e55b2210af05973050b,97933643fd77c9f254d151143b6e8c98798c2c27253b5e55b2210af05973050b,97933643fd77c9f254d151143b6e8c98798c2c27253b5e55b2210af05973050b,$,,97933643fd77c9f254d151143b6e8c98798c2c27253b5e55b2210af05973050b,97933643fd77c9f254d151143b6e8c98798c2c27253b5e55b2210af05973050b,"{""basis"":""ordered nested-math atom; exact symbolic replay"",""kind"":""source-target-formula-map""}"
1.1.0,formula,O007-FREMLIN-V2-S241-FORMULA-0020,O007-FREMLIN-V2-S241,O007-RIGHTS-FREMLIN-DSL,O007-FREMLIN-V2-S241-SEG-241A,20,241A,241A,43,42,1898,1906,2022,2030,\Sigma,\Sigma,d65d75b1e6562713a3936bb38fdfe6832fb5b96c946de58f7ce0992057665aa8,d65d75b1e6562713a3936bb38fdfe6832fb5b96c946de58f7ce0992057665aa8,d65d75b1e6562713a3936bb38fdfe6832fb5b96c946de58f7ce0992057665aa8,$,,d65d75b1e6562713a3936bb38fdfe6832fb5b96c946de58f7ce0992057665aa8,d65d75b1e6562713a3936bb38fdfe6832fb5b96c946de58f7ce0992057665aa8,"{""basis"":""ordered nested-math atom; exact symbolic replay"",""kind"":""source-target-formula-map""}"
1.1.0,formula,O007-FREMLIN-V2-S241-FORMULA-0021,O007-FREMLIN-V2-S241,O007-RIGHTS-FREMLIN-DSL,O007-FREMLIN-V2-S241-SEG-241B,21,241B,241B,45,44,1960,1976,2087,2103,"(X,\Sigma,\mu)","(X,\Sigma,\mu)",05e9b769403b4c7926a944d5aaa03f00bb216412bc3f850e41b3c28de657aa67,05e9b769403b4c7926a944d5aaa03f00bb216412bc3f850e41b3c28de657aa67,05e9b769403b4c7926a944d5aaa03f00bb216412bc3f850e41b3c28de657aa67,$,,05e9b769403b4c7926a944d5aaa03f00bb216412bc3f850e41b3c28de657aa67,05e9b769403b4c7926a944d5aaa03f00bb216412bc3f850e41b3c28de657aa67,"{""basis"":""ordered nested-math atom; exact symbolic replay"",""kind"":""source-target-formula-map""}"
1.1.0,formula,O007-FREMLIN-V2-S241-FORMULA-0022,O007-FREMLIN-V2-S241,O007-RIGHTS-FREMLIN-DSL,O007-FREMLIN-V2-S241-SEG-241B,22,241B,241B,54,53,2321,2324,2488,2491,X,X,4b68ab3847feda7d6c62c1fbcbeebfa35eab7351ed5e78f4ddadea5df64b8015,4b68ab3847feda7d6c62c1fbcbeebfa35eab7351ed5e78f4ddadea5df64b8015,4b68ab3847feda7d6c62c1fbcbeebfa35eab7351ed5e78f4ddadea5df64b8015,$,,4b68ab3847feda7d6c62c1fbcbeebfa35eab7351ed5e78f4ddadea5df64b8015,4b68ab3847feda7d6c62c1fbcbeebfa35eab7351ed5e78f4ddadea5df64b8015,"{""basis"":""ordered nested-math atom; exact symbolic replay"",""kind"":""source-target-formula-map""}"
1.1.0,formula,O007-FREMLIN-V2-S241-FORMULA-0023,O007-FREMLIN-V2-S241,O007-RIGHTS-FREMLIN-DSL,O007-FREMLIN-V2-S241-SEG-241B,23,241B,241B,54,53,2336,2347,2507,2518,\eusm L^0,\eusm L^0,12c2089e125d309e832793d4a992d6333c40397baf0330403e1207da04318ded,12c2089e125d309e832793d4a992d6333c40397baf0330403e1207da04318ded,d5b98412d5c38001fef173fa13a858cd2e376a97888da5ce2fa997ff513bad4c,$,,d5b98412d5c38001fef173fa13a858cd2e376a97888da5ce2fa997ff513bad4c,d5b98412d5c38001fef173fa13a858cd2e376a97888da5ce2fa997ff513bad4c,"{""basis"":""ordered nested-math atom; exact symbolic replay"",""kind"":""source-target-formula-map""}"
1.1.0,formula,O007-FREMLIN-V2-S241-FORMULA-0024,O007-FREMLIN-V2-S241,O007-RIGHTS-FREMLIN-DSL,O007-FREMLIN-V2-S241-SEG-241BB,24,241Bb,241Bb,56,55,2385,2402,2556,2573,f+g\in\eusm L^0,f+g\in\eusm L^0,6d9c203bab18cb611be849d176107eb84f86617263a422d631f14b5fe2a98809,6d9c203bab18cb611be849d176107eb84f86617263a422d631f14b5fe2a98809,fbdb781b1ac62c64dc134fd83bcc4479c833a091e219490a2e35107289276c81,$,,fbdb781b1ac62c64dc134fd83bcc4479c833a091e219490a2e35107289276c81,fbdb781b1ac62c64dc134fd83bcc4479c833a091e219490a2e35107289276c81,"{""basis"":""ordered nested-math atom; exact symbolic replay"",""kind"":""source-target-formula-map""}"
1.1.0,formula,O007-FREMLIN-V2-S241-FORMULA-0025,O007-FREMLIN-V2-S241,O007-RIGHTS-FREMLIN-DSL,O007-FREMLIN-V2-S241-SEG-241BB,25,241Bb,241Bb,56,55,2411,2414,2586,2589,f,f,252f10c83610ebca1a059c0bae8255eba2f95be4d1d7bcfa89d7248a82d9f111,252f10c83610ebca1a059c0bae8255eba2f95be4d1d7bcfa89d7248a82d9f111,252f10c83610ebca1a059c0bae8255eba2f95be4d1d7bcfa89d7248a82d9f111,$,,252f10c83610ebca1a059c0bae8255eba2f95be4d1d7bcfa89d7248a82d9f111,252f10c83610ebca1a059c0bae8255eba2f95be4d1d7bcfa89d7248a82d9f111,"{""basis"":""ordered nested-math atom; exact symbolic replay"",""kind"":""source-target-formula-map""}"
1.1.0,formula,O007-FREMLIN-V2-S241-FORMULA-0026,O007-FREMLIN-V2-S241,O007-RIGHTS-FREMLIN-DSL,O007-FREMLIN-V2-S241-SEG-241BB,26,241Bb,241Bb,56,56,2416,2431,2591,2606,g\in\eusm L^0,g\in\eusm L^0,ca4d2434fa769eeec35d32850aaacb6dd01821ae84167bdf03fa203de40bf8f1,ca4d2434fa769eeec35d32850aaacb6dd01821ae84167bdf03fa203de40bf8f1,d831139421b5d479221e5b0f06e80687e70b8ff9c8b25f61cf4ad5a952254fa0,$,,d831139421b5d479221e5b0f06e80687e70b8ff9c8b25f61cf4ad5a952254fa0,d831139421b5d479221e5b0f06e80687e70b8ff9c8b25f61cf4ad5a952254fa0,"{""basis"":""ordered nested-math atom; exact symbolic replay"",""kind"":""source-target-formula-map""}"
1.1.0,formula,O007-FREMLIN-V2-S241-FORMULA-0027,O007-FREMLIN-V2-S241,O007-RIGHTS-FREMLIN-DSL,O007-FREMLIN-V2-S241-SEG-241BB,27,241Bb,241Bb,57,56,2450,2461,2629,2640,f\restr F,f\restr F,adeb0067e69393ccbb146d2fb8c4180462d899347f7f7e24afe7317de8674704,adeb0067e69393ccbb146d2fb8c4180462d899347f7f7e24afe7317de8674704,c10a4de1f2f7737ab0f6c98b48e2801dfcb4bc0b019a40ff68e81838f40f57c8,$,,c10a4de1f2f7737ab0f6c98b48e2801dfcb4bc0b019a40ff68e81838f40f57c8,c10a4de1f2f7737ab0f6c98b48e2801dfcb4bc0b019a40ff68e81838f40f57c8,"{""basis"":""ordered nested-math atom; exact symbolic replay"",""kind"":""source-target-formula-map""}"
1.1.0,formula,O007-FREMLIN-V2-S241-FORMULA-0028,O007-FREMLIN-V2-S241,O007-RIGHTS-FREMLIN-DSL,O007-FREMLIN-V2-S241-SEG-241BB,28,241Bb,241Bb,57,56,2466,2477,2645,2656,g\restr G,g\restr G,8ccbc8f3266d8cc776be03751038236f659c76bcbbefd1c3ff12965424a3a841,8ccbc8f3266d8cc776be03751038236f659c76bcbbefd1c3ff12965424a3a841,6dc1332769a583e8245016dee45a65dd516b4b69e0d349006f13044b9275b884,$,,6dc1332769a583e8245016dee45a65dd516b4b69e0d349006f13044b9275b884,6dc1332769a583e8245016dee45a65dd516b4b69e0d349006f13044b9275b884,"{""basis"":""ordered nested-math atom; exact symbolic replay"",""kind"":""source-target-formula-map""}"
1.1.0,formula,O007-FREMLIN-V2-S241-FORMULA-0029,O007-FREMLIN-V2-S241,O007-RIGHTS-FREMLIN-DSL,O007-FREMLIN-V2-S241-SEG-241BB,29,241Bb,241Bb,58,57,2499,2545,2671,2717,(f+g)\restr(F\cap G)=(f\restr F)+(g\restr G),(f+g)\restr(F\cap G)=(f\restr F)+(g\restr G),211fd770196cfaf27fcc443b3144f1315cbc26295830c1a3178d63428ceb6899,211fd770196cfaf27fcc443b3144f1315cbc26295830c1a3178d63428ceb6899,89178236691da83fc30dbe0bf3f9e2d030c20678d3335435cad02c11fbb678eb,$,,89178236691da83fc30dbe0bf3f9e2d030c20678d3335435cad02c11fbb678eb,89178236691da83fc30dbe0bf3f9e2d030c20678d3335435cad02c11fbb678eb,"{""basis"":""ordered nested-math atom; exact symbolic replay"",""kind"":""source-target-formula-map""}"
1.1.0,formula,O007-FREMLIN-V2-S241-FORMULA-0030,O007-FREMLIN-V2-S241,O007-RIGHTS-FREMLIN-DSL,O007-FREMLIN-V2-S241-SEG-241BC,30,241Bc,241Bc,60,60,2587,2603,2754,2770,cf\in\eusm L^0,cf\in\eusm L^0,3b5654100a7d5c0de754d59670caa30e147c2bb792a5ecf848eb4fd531f823ac,3b5654100a7d5c0de754d59670caa30e147c2bb792a5ecf848eb4fd531f823ac,61ca5e64d0d64a88cd986168fac2ca52d8547152c6f362e379b91d857fe705e1,$,,61ca5e64d0d64a88cd986168fac2ca52d8547152c6f362e379b91d857fe705e1,61ca5e64d0d64a88cd986168fac2ca52d8547152c6f362e379b91d857fe705e1,"{""basis"":""ordered nested-math atom; exact symbolic replay"",""kind"":""source-target-formula-map""}"
1.1.0,formula,O007-FREMLIN-V2-S241-FORMULA-0031,O007-FREMLIN-V2-S241,O007-RIGHTS-FREMLIN-DSL,O007-FREMLIN-V2-S241-SEG-241BC,31,241Bc,241Bc,60,60,2612,2627,2783,2798,f\in\eusm L^0,f\in\eusm L^0,6543e42c5f138e90eba1bced054e8c4826a26b50cd7f0bde6a49b82d0087fe7b,6543e42c5f138e90eba1bced054e8c4826a26b50cd7f0bde6a49b82d0087fe7b,5a8f974bce4387525c09d2cf266aaeaca66ee82c353a97c32ba20dab152ac7f8,$,,5a8f974bce4387525c09d2cf266aaeaca66ee82c353a97c32ba20dab152ac7f8,5a8f974bce4387525c09d2cf266aaeaca66ee82c353a97c32ba20dab152ac7f8,"{""basis"":""ordered nested-math atom; exact symbolic replay"",""kind"":""source-target-formula-map""}"
1.1.0,formula,O007-FREMLIN-V2-S241-FORMULA-0032,O007-FREMLIN-V2-S241,O007-RIGHTS-FREMLIN-DSL,O007-FREMLIN-V2-S241-SEG-241BC,32,241Bc,241Bc,61,61,2629,2641,2800,2812,c\in\Bbb R,c\in\Bbb R,365f5ce487f10d724b33ca913e9f2aff3456a3c2ba87d35652de7cf350ca3be0,365f5ce487f10d724b33ca913e9f2aff3456a3c2ba87d35652de7cf350ca3be0,94bc9d92c15c2e8afaebffdcd5145690aa18e8d3436bad14ca833f19d17e6977,$,,94bc9d92c15c2e8afaebffdcd5145690aa18e8d3436bad14ca833f19d17e6977,94bc9d92c15c2e8afaebffdcd5145690aa18e8d3436bad14ca833f19d17e6977,"{""basis"":""ordered nested-math atom; exact symbolic replay"",""kind"":""source-target-formula-map""}"
1.1.0,formula,O007-FREMLIN-V2-S241-FORMULA-0033,O007-FREMLIN-V2-S241,O007-RIGHTS-FREMLIN-DSL,O007-FREMLIN-V2-S241-SEG-241BD,33,241Bd,241Bd,63,63,2679,2702,2850,2873,f\times g\in\eusm L^0,f\times g\in\eusm L^0,b4e077859d288485f40372e50d1e05395ad2dfa3d6bb4c133754949e31cecf94,b4e077859d288485f40372e50d1e05395ad2dfa3d6bb4c133754949e31cecf94,ea12406ee90cdda96dc45bcdc80bb530888fee7590601511484640b250605506,$,,ea12406ee90cdda96dc45bcdc80bb530888fee7590601511484640b250605506,ea12406ee90cdda96dc45bcdc80bb530888fee7590601511484640b250605506,"{""basis"":""ordered nested-math atom; exact symbolic replay"",""kind"":""source-target-formula-map""}"
1.1.0,formula,O007-FREMLIN-V2-S241-FORMULA-0034,O007-FREMLIN-V2-S241,O007-RIGHTS-FREMLIN-DSL,O007-FREMLIN-V2-S241-SEG-241BD,34,241Bd,241Bd,63,63,2711,2714,2886,2889,f,f,252f10c83610ebca1a059c0bae8255eba2f95be4d1d7bcfa89d7248a82d9f111,252f10c83610ebca1a059c0bae8255eba2f95be4d1d7bcfa89d7248a82d9f111,252f10c83610ebca1a059c0bae8255eba2f95be4d1d7bcfa89d7248a82d9f111,$,,252f10c83610ebca1a059c0bae8255eba2f95be4d1d7bcfa89d7248a82d9f111,252f10c83610ebca1a059c0bae8255eba2f95be4d1d7bcfa89d7248a82d9f111,"{""basis"":""ordered nested-math atom; exact symbolic replay"",""kind"":""source-target-formula-map""}"
1.1.0,formula,O007-FREMLIN-V2-S241-FORMULA-0035,O007-FREMLIN-V2-S241,O007-RIGHTS-FREMLIN-DSL,O007-FREMLIN-V2-S241-SEG-241BD,35,241Bd,241Bd,64,64,2716,2731,2891,2906,g\in\eusm L^0,g\in\eusm L^0,ca4d2434fa769eeec35d32850aaacb6dd01821ae84167bdf03fa203de40bf8f1,ca4d2434fa769eeec35d32850aaacb6dd01821ae84167bdf03fa203de40bf8f1,d831139421b5d479221e5b0f06e80687e70b8ff9c8b25f61cf4ad5a952254fa0,$,,d831139421b5d479221e5b0f06e80687e70b8ff9c8b25f61cf4ad5a952254fa0,d831139421b5d479221e5b0f06e80687e70b8ff9c8b25f61cf4ad5a952254fa0,"{""basis"":""ordered nested-math atom; exact symbolic replay"",""kind"":""source-target-formula-map""}"
1.1.0,formula,O007-FREMLIN-V2-S241-FORMULA-0036,O007-FREMLIN-V2-S241,O007-RIGHTS-FREMLIN-DSL,O007-FREMLIN-V2-S241-SEG-241BE,36,241Be,241Be,66,66,2772,2787,2949,2964,f\in\eusm L^0,f\in\eusm L^0,6543e42c5f138e90eba1bced054e8c4826a26b50cd7f0bde6a49b82d0087fe7b,6543e42c5f138e90eba1bced054e8c4826a26b50cd7f0bde6a49b82d0087fe7b,5a8f974bce4387525c09d2cf266aaeaca66ee82c353a97c32ba20dab152ac7f8,$,,5a8f974bce4387525c09d2cf266aaeaca66ee82c353a97c32ba20dab152ac7f8,5a8f974bce4387525c09d2cf266aaeaca66ee82c353a97c32ba20dab152ac7f8,"{""basis"":""ordered nested-math atom; exact symbolic replay"",""kind"":""source-target-formula-map""}"
1.1.0,formula,O007-FREMLIN-V2-S241-FORMULA-0037,O007-FREMLIN-V2-S241,O007-RIGHTS-FREMLIN-DSL,O007-FREMLIN-V2-S241-SEG-241BE,37,241Be,241Be,66,66,2792,2811,2969,2988,h:\Bbb R\to\Bbb R,h:\Bbb R\to\Bbb R,47d2795e979e3b836d243787f9e04b2dca5905924e1cc2e32c7c03610267ce28,47d2795e979e3b836d243787f9e04b2dca5905924e1cc2e32c7c03610267ce28,7ee34b9ce7d9c043c2f61b44ef4d85144874b8c8cfd1ad7758ed2c33ed757481,$,,7ee34b9ce7d9c043c2f61b44ef4d85144874b8c8cfd1ad7758ed2c33ed757481,7ee34b9ce7d9c043c2f61b44ef4d85144874b8c8cfd1ad7758ed2c33ed757481,"{""basis"":""ordered nested-math atom; exact symbolic replay"",""kind"":""source-target-formula-map""}"
1.1.0,formula,O007-FREMLIN-V2-S241-FORMULA-0038,O007-FREMLIN-V2-S241,O007-RIGHTS-FREMLIN-DSL,O007-FREMLIN-V2-S241-SEG-241BE,38,241Be,241Be,67,67,2838,2854,3009,3025,hf\in\eusm L^0,hf\in\eusm L^0,32cff63164bd79a909bc75e4f88f966cf918d8a4981ebedf52137c2bb82d8f93,32cff63164bd79a909bc75e4f88f966cf918d8a4981ebedf52137c2bb82d8f93,75145d8024bb0389530ee28d0288095dafc674af370c1778c0827772ed189c6d,$,,75145d8024bb0389530ee28d0288095dafc674af370c1778c0827772ed189c6d,75145d8024bb0389530ee28d0288095dafc674af370c1778c0827772ed189c6d,"{""basis"":""ordered nested-math atom; exact symbolic replay"",""kind"":""source-target-formula-map""}"
1.1.0,formula,O007-FREMLIN-V2-S241-FORMULA-0039,O007-FREMLIN-V2-S241,O007-RIGHTS-FREMLIN-DSL,O007-FREMLIN-V2-S241-SEG-241BF,39,241Bf,241Bf,69,69,2895,2912,3068,3085,\sequencen{f_n},\sequencen{f_n},fa5119baa98914bf1c06e7b3e23f2fc7892492f922674476fb599e26e28ac0b6,fa5119baa98914bf1c06e7b3e23f2fc7892492f922674476fb599e26e28ac0b6,fa5119baa98914bf1c06e7b3e23f2fc7892492f922674476fb599e26e28ac0b6,$,,fa5119baa98914bf1c06e7b3e23f2fc7892492f922674476fb599e26e28ac0b6,fa5119baa98914bf1c06e7b3e23f2fc7892492f922674476fb599e26e28ac0b6,"{""basis"":""ordered nested-math atom; exact symbolic replay"",""kind"":""source-target-formula-map""}"
1.1.0,formula,O007-FREMLIN-V2-S241-FORMULA-0040,O007-FREMLIN-V2-S241,O007-RIGHTS-FREMLIN-DSL,O007-FREMLIN-V2-S241-SEG-241BF,40,241Bf,241Bf,69,69,2930,2941,3106,3117,\eusm L^0,\eusm L^0,12c2089e125d309e832793d4a992d6333c40397baf0330403e1207da04318ded,12c2089e125d309e832793d4a992d6333c40397baf0330403e1207da04318ded,d5b98412d5c38001fef173fa13a858cd2e376a97888da5ce2fa997ff513bad4c,$,,d5b98412d5c38001fef173fa13a858cd2e376a97888da5ce2fa997ff513bad4c,d5b98412d5c38001fef173fa13a858cd2e376a97888da5ce2fa997ff513bad4c,"{""basis"":""ordered nested-math atom; exact symbolic replay"",""kind"":""source-target-formula-map""}"
1.1.0,formula,O007-FREMLIN-V2-S241-FORMULA-0041,O007-FREMLIN-V2-S241,O007-RIGHTS-FREMLIN-DSL,O007-FREMLIN-V2-S241-SEG-241BF,41,241Bf,241Bf,70,70,2946,2970,3122,3146,f=\lim_{n\to\infty}f_n,f=\lim_{n\to\infty}f_n,c05dec63bf86cd2661eb180bbf3e7ddc9db4cf78be420bbc5ad77b58f987cefa,c05dec63bf86cd2661eb180bbf3e7ddc9db4cf78be420bbc5ad77b58f987cefa,c05dec63bf86cd2661eb180bbf3e7ddc9db4cf78be420bbc5ad77b58f987cefa,$,,c05dec63bf86cd2661eb180bbf3e7ddc9db4cf78be420bbc5ad77b58f987cefa,c05dec63bf86cd2661eb180bbf3e7ddc9db4cf78be420bbc5ad77b58f987cefa,"{""basis"":""ordered nested-math atom; exact symbolic replay"",""kind"":""source-target-formula-map""}"
1.1.0,formula,O007-FREMLIN-V2-S241-FORMULA-0042,O007-FREMLIN-V2-S241,O007-RIGHTS-FREMLIN-DSL,O007-FREMLIN-V2-S241-SEG-241BF,42,241Bf,241Bf,72,71,3039,3042,3226,3229,X,X,4b68ab3847feda7d6c62c1fbcbeebfa35eab7351ed5e78f4ddadea5df64b8015,4b68ab3847feda7d6c62c1fbcbeebfa35eab7351ed5e78f4ddadea5df64b8015,4b68ab3847feda7d6c62c1fbcbeebfa35eab7351ed5e78f4ddadea5df64b8015,$,,4b68ab3847feda7d6c62c1fbcbeebfa35eab7351ed5e78f4ddadea5df64b8015,4b68ab3847feda7d6c62c1fbcbeebfa35eab7351ed5e78f4ddadea5df64b8015,"{""basis"":""ordered nested-math atom; exact symbolic replay"",""kind"":""source-target-formula-map""}"
1.1.0,formula,O007-FREMLIN-V2-S241-FORMULA-0043,O007-FREMLIN-V2-S241,O007-RIGHTS-FREMLIN-DSL,O007-FREMLIN-V2-S241-SEG-241BF,43,241Bf,241Bf,72,72,3049,3064,3236,3251,f\in\eusm L^0,f\in\eusm L^0,6543e42c5f138e90eba1bced054e8c4826a26b50cd7f0bde6a49b82d0087fe7b,6543e42c5f138e90eba1bced054e8c4826a26b50cd7f0bde6a49b82d0087fe7b,5a8f974bce4387525c09d2cf266aaeaca66ee82c353a97c32ba20dab152ac7f8,$,,5a8f974bce4387525c09d2cf266aaeaca66ee82c353a97c32ba20dab152ac7f8,5a8f974bce4387525c09d2cf266aaeaca66ee82c353a97c32ba20dab152ac7f8,"{""basis"":""ordered nested-math atom; exact symbolic replay"",""kind"":""source-target-formula-map""}"
1.1.0,formula,O007-FREMLIN-V2-S241-FORMULA-0044,O007-FREMLIN-V2-S241,O007-RIGHTS-FREMLIN-DSL,O007-FREMLIN-V2-S241-SEG-241BG,44,241Bg,241Bg,74,74,3105,3122,3294,3311,\sequencen{f_n},\sequencen{f_n},fa5119baa98914bf1c06e7b3e23f2fc7892492f922674476fb599e26e28ac0b6,fa5119baa98914bf1c06e7b3e23f2fc7892492f922674476fb599e26e28ac0b6,fa5119baa98914bf1c06e7b3e23f2fc7892492f922674476fb599e26e28ac0b6,$,,fa5119baa98914bf1c06e7b3e23f2fc7892492f922674476fb599e26e28ac0b6,fa5119baa98914bf1c06e7b3e23f2fc7892492f922674476fb599e26e28ac0b6,"{""basis"":""ordered nested-math atom; exact symbolic replay"",""kind"":""source-target-formula-map""}"
1.1.0,formula,O007-FREMLIN-V2-S241-FORMULA-0045,O007-FREMLIN-V2-S241,O007-RIGHTS-FREMLIN-DSL,O007-FREMLIN-V2-S241-SEG-241BG,45,241Bg,241Bg,74,74,3140,3151,3332,3343,\eusm L^0,\eusm L^0,12c2089e125d309e832793d4a992d6333c40397baf0330403e1207da04318ded,12c2089e125d309e832793d4a992d6333c40397baf0330403e1207da04318ded,d5b98412d5c38001fef173fa13a858cd2e376a97888da5ce2fa997ff513bad4c,$,,d5b98412d5c38001fef173fa13a858cd2e376a97888da5ce2fa997ff513bad4c,d5b98412d5c38001fef173fa13a858cd2e376a97888da5ce2fa997ff513bad4c,"{""basis"":""ordered nested-math atom; exact symbolic replay"",""kind"":""source-target-formula-map""}"
1.1.0,formula,O007-FREMLIN-V2-S241-FORMULA-0046,O007-FREMLIN-V2-S241,O007-RIGHTS-FREMLIN-DSL,O007-FREMLIN-V2-S241-SEG-241BG,46,241Bg,241Bg,75,75,3156,3180,3348,3372,f=\sup_{n\in\Bbb N}f_n,f=\sup_{n\in\Bbb N}f_n,67d05b6596cf36ded77175013a11f805eda5f4bf0ea247198e7a3a96e5bfcd5e,67d05b6596cf36ded77175013a11f805eda5f4bf0ea247198e7a3a96e5bfcd5e,2d43cb080851c4b8a9a1ef5c6ccf04cbba9cefe9c45c9851e9bd6511f246fdbb,$,,2d43cb080851c4b8a9a1ef5c6ccf04cbba9cefe9c45c9851e9bd6511f246fdbb,2d43cb080851c4b8a9a1ef5c6ccf04cbba9cefe9c45c9851e9bd6511f246fdbb,"{""basis"":""ordered nested-math atom; exact symbolic replay"",""kind"":""source-target-formula-map""}"
1.1.0,formula,O007-FREMLIN-V2-S241-FORMULA-0047,O007-FREMLIN-V2-S241,O007-RIGHTS-FREMLIN-DSL,O007-FREMLIN-V2-S241-SEG-241BG,47,241Bg,241Bg,77,76,3249,3252,3452,3455,X,X,4b68ab3847feda7d6c62c1fbcbeebfa35eab7351ed5e78f4ddadea5df64b8015,4b68ab3847feda7d6c62c1fbcbeebfa35eab7351ed5e78f4ddadea5df64b8015,4b68ab3847feda7d6c62c1fbcbeebfa35eab7351ed5e78f4ddadea5df64b8015,$,,4b68ab3847feda7d6c62c1fbcbeebfa35eab7351ed5e78f4ddadea5df64b8015,4b68ab3847feda7d6c62c1fbcbeebfa35eab7351ed5e78f4ddadea5df64b8015,"{""basis"":""ordered nested-math atom; exact symbolic replay"",""kind"":""source-target-formula-map""}"
1.1.0,formula,O007-FREMLIN-V2-S241-FORMULA-0048,O007-FREMLIN-V2-S241,O007-RIGHTS-FREMLIN-DSL,O007-FREMLIN-V2-S241-SEG-241BG,48,241Bg,241Bg,77,77,3259,3274,3462,3477,f\in\eusm L^0,f\in\eusm L^0,6543e42c5f138e90eba1bced054e8c4826a26b50cd7f0bde6a49b82d0087fe7b,6543e42c5f138e90eba1bced054e8c4826a26b50cd7f0bde6a49b82d0087fe7b,5a8f974bce4387525c09d2cf266aaeaca66ee82c353a97c32ba20dab152ac7f8,$,,5a8f974bce4387525c09d2cf266aaeaca66ee82c353a97c32ba20dab152ac7f8,5a8f974bce4387525c09d2cf266aaeaca66ee82c353a97c32ba20dab152ac7f8,"{""basis"":""ordered nested-math atom; exact symbolic replay"",""kind"":""source-target-formula-map""}"
1.1.0,formula,O007-FREMLIN-V2-S241-FORMULA-0049,O007-FREMLIN-V2-S241,O007-RIGHTS-FREMLIN-DSL,O007-FREMLIN-V2-S241-SEG-241BH,49,241Bh,241Bh,79,79,3315,3332,3520,3537,\sequencen{f_n},\sequencen{f_n},fa5119baa98914bf1c06e7b3e23f2fc7892492f922674476fb599e26e28ac0b6,fa5119baa98914bf1c06e7b3e23f2fc7892492f922674476fb599e26e28ac0b6,fa5119baa98914bf1c06e7b3e23f2fc7892492f922674476fb599e26e28ac0b6,$,,fa5119baa98914bf1c06e7b3e23f2fc7892492f922674476fb599e26e28ac0b6,fa5119baa98914bf1c06e7b3e23f2fc7892492f922674476fb599e26e28ac0b6,"{""basis"":""ordered nested-math atom; exact symbolic replay"",""kind"":""source-target-formula-map""}"
1.1.0,formula,O007-FREMLIN-V2-S241-FORMULA-0050,O007-FREMLIN-V2-S241,O007-RIGHTS-FREMLIN-DSL,O007-FREMLIN-V2-S241-SEG-241BH,50,241Bh,241Bh,79,79,3350,3361,3558,3569,\eusm L^0,\eusm L^0,12c2089e125d309e832793d4a992d6333c40397baf0330403e1207da04318ded,12c2089e125d309e832793d4a992d6333c40397baf0330403e1207da04318ded,d5b98412d5c38001fef173fa13a858cd2e376a97888da5ce2fa997ff513bad4c,$,,d5b98412d5c38001fef173fa13a858cd2e376a97888da5ce2fa997ff513bad4c,d5b98412d5c38001fef173fa13a858cd2e376a97888da5ce2fa997ff513bad4c,"{""basis"":""ordered nested-math atom; exact symbolic replay"",""kind"":""source-target-formula-map""}"
1.1.0,formula,O007-FREMLIN-V2-S241-FORMULA-0051,O007-FREMLIN-V2-S241,O007-RIGHTS-FREMLIN-DSL,O007-FREMLIN-V2-S241-SEG-241BH,51,241Bh,241Bh,80,80,3366,3390,3574,3598,f=\inf_{n\in\Bbb N}f_n,f=\inf_{n\in\Bbb N}f_n,ee918db8076b6ea6f8199adfab633bd0dd3f2252b94b49159da3388de6f5017c,ee918db8076b6ea6f8199adfab633bd0dd3f2252b94b49159da3388de6f5017c,48e2138c6ff8968423f74f48a8e22c3d75744d9e93e4fd4f249e76301ea0a12a,$,,48e2138c6ff8968423f74f48a8e22c3d75744d9e93e4fd4f249e76301ea0a12a,48e2138c6ff8968423f74f48a8e22c3d75744d9e93e4fd4f249e76301ea0a12a,"{""basis"":""ordered nested-math atom; exact symbolic replay"",""kind"":""source-target-formula-map""}"
1.1.0,formula,O007-FREMLIN-V2-S241-FORMULA-0052,O007-FREMLIN-V2-S241,O007-RIGHTS-FREMLIN-DSL,O007-FREMLIN-V2-S241-SEG-241BH,52,241Bh,241Bh,82,81,3459,3462,3678,3681,X,X,4b68ab3847feda7d6c62c1fbcbeebfa35eab7351ed5e78f4ddadea5df64b8015,4b68ab3847feda7d6c62c1fbcbeebfa35eab7351ed5e78f4ddadea5df64b8015,4b68ab3847feda7d6c62c1fbcbeebfa35eab7351ed5e78f4ddadea5df64b8015,$,,4b68ab3847feda7d6c62c1fbcbeebfa35eab7351ed5e78f4ddadea5df64b8015,4b68ab3847feda7d6c62c1fbcbeebfa35eab7351ed5e78f4ddadea5df64b8015,"{""basis"":""ordered nested-math atom; exact symbolic replay"",""kind"":""source-target-formula-map""}"
1.1.0,formula,O007-FREMLIN-V2-S241-FORMULA-0053,O007-FREMLIN-V2-S241,O007-RIGHTS-FREMLIN-DSL,O007-FREMLIN-V2-S241-SEG-241BH,53,241Bh,241Bh,82,82,3469,3484,3688,3703,f\in\eusm L^0,f\in\eusm L^0,6543e42c5f138e90eba1bced054e8c4826a26b50cd7f0bde6a49b82d0087fe7b,6543e42c5f138e90eba1bced054e8c4826a26b50cd7f0bde6a49b82d0087fe7b,5a8f974bce4387525c09d2cf266aaeaca66ee82c353a97c32ba20dab152ac7f8,$,,5a8f974bce4387525c09d2cf266aaeaca66ee82c353a97c32ba20dab152ac7f8,5a8f974bce4387525c09d2cf266aaeaca66ee82c353a97c32ba20dab152ac7f8,"{""basis"":""ordered nested-math atom; exact symbolic replay"",""kind"":""source-target-formula-map""}"
1.1.0,formula,O007-FREMLIN-V2-S241-FORMULA-0054,O007-FREMLIN-V2-S241,O007-RIGHTS-FREMLIN-DSL,O007-FREMLIN-V2-S241-SEG-241BI,54,241Bi,241Bi,84,84,3525,3542,3746,3763,\sequencen{f_n},\sequencen{f_n},fa5119baa98914bf1c06e7b3e23f2fc7892492f922674476fb599e26e28ac0b6,fa5119baa98914bf1c06e7b3e23f2fc7892492f922674476fb599e26e28ac0b6,fa5119baa98914bf1c06e7b3e23f2fc7892492f922674476fb599e26e28ac0b6,$,,fa5119baa98914bf1c06e7b3e23f2fc7892492f922674476fb599e26e28ac0b6,fa5119baa98914bf1c06e7b3e23f2fc7892492f922674476fb599e26e28ac0b6,"{""basis"":""ordered nested-math atom; exact symbolic replay"",""kind"":""source-target-formula-map""}"
1.1.0,formula,O007-FREMLIN-V2-S241-FORMULA-0055,O007-FREMLIN-V2-S241,O007-RIGHTS-FREMLIN-DSL,O007-FREMLIN-V2-S241-SEG-241BI,55,241Bi,241Bi,84,84,3560,3571,3784,3795,\eusm L^0,\eusm L^0,12c2089e125d309e832793d4a992d6333c40397baf0330403e1207da04318ded,12c2089e125d309e832793d4a992d6333c40397baf0330403e1207da04318ded,d5b98412d5c38001fef173fa13a858cd2e376a97888da5ce2fa997ff513bad4c,$,,d5b98412d5c38001fef173fa13a858cd2e376a97888da5ce2fa997ff513bad4c,d5b98412d5c38001fef173fa13a858cd2e376a97888da5ce2fa997ff513bad4c,"{""basis"":""ordered nested-math atom; exact symbolic replay"",""kind"":""source-target-formula-map""}"
1.1.0,formula,O007-FREMLIN-V2-S241-FORMULA-0056,O007-FREMLIN-V2-S241,O007-RIGHTS-FREMLIN-DSL,O007-FREMLIN-V2-S241-SEG-241BI,56,241Bi,241Bi,85,85,3576,3603,3800,3827,f=\limsup_{n\to\infty}f_n,f=\limsup_{n\to\infty}f_n,d29aa3bd1dd1f1e209ab9e0b43da59f9eb700d986ab78514ec1b5344755f8b08,d29aa3bd1dd1f1e209ab9e0b43da59f9eb700d986ab78514ec1b5344755f8b08,d29aa3bd1dd1f1e209ab9e0b43da59f9eb700d986ab78514ec1b5344755f8b08,$,,d29aa3bd1dd1f1e209ab9e0b43da59f9eb700d986ab78514ec1b5344755f8b08,d29aa3bd1dd1f1e209ab9e0b43da59f9eb700d986ab78514ec1b5344755f8b08,"{""basis"":""ordered nested-math atom; exact symbolic replay"",""kind"":""source-target-formula-map""}"
1.1.0,formula,O007-FREMLIN-V2-S241-FORMULA-0057,O007-FREMLIN-V2-S241,O007-RIGHTS-FREMLIN-DSL,O007-FREMLIN-V2-S241-SEG-241BI,57,241Bi,241Bi,86,86,3672,3675,3907,3910,X,X,4b68ab3847feda7d6c62c1fbcbeebfa35eab7351ed5e78f4ddadea5df64b8015,4b68ab3847feda7d6c62c1fbcbeebfa35eab7351ed5e78f4ddadea5df64b8015,4b68ab3847feda7d6c62c1fbcbeebfa35eab7351ed5e78f4ddadea5df64b8015,$,,4b68ab3847feda7d6c62c1fbcbeebfa35eab7351ed5e78f4ddadea5df64b8015,4b68ab3847feda7d6c62c1fbcbeebfa35eab7351ed5e78f4ddadea5df64b8015,"{""basis"":""ordered nested-math atom; exact symbolic replay"",""kind"":""source-target-formula-map""}"
1.1.0,formula,O007-FREMLIN-V2-S241-FORMULA-0058,O007-FREMLIN-V2-S241,O007-RIGHTS-FREMLIN-DSL,O007-FREMLIN-V2-S241-SEG-241BI,58,241Bi,241Bi,87,87,3682,3697,3917,3932,f\in\eusm L^0,f\in\eusm L^0,6543e42c5f138e90eba1bced054e8c4826a26b50cd7f0bde6a49b82d0087fe7b,6543e42c5f138e90eba1bced054e8c4826a26b50cd7f0bde6a49b82d0087fe7b,5a8f974bce4387525c09d2cf266aaeaca66ee82c353a97c32ba20dab152ac7f8,$,,5a8f974bce4387525c09d2cf266aaeaca66ee82c353a97c32ba20dab152ac7f8,5a8f974bce4387525c09d2cf266aaeaca66ee82c353a97c32ba20dab152ac7f8,"{""basis"":""ordered nested-math atom; exact symbolic replay"",""kind"":""source-target-formula-map""}"
1.1.0,formula,O007-FREMLIN-V2-S241-FORMULA-0059,O007-FREMLIN-V2-S241,O007-RIGHTS-FREMLIN-DSL,O007-FREMLIN-V2-S241-SEG-241BJ,59,241Bj,241Bj,89,89,3738,3755,3975,3992,\sequencen{f_n},\sequencen{f_n},fa5119baa98914bf1c06e7b3e23f2fc7892492f922674476fb599e26e28ac0b6,fa5119baa98914bf1c06e7b3e23f2fc7892492f922674476fb599e26e28ac0b6,fa5119baa98914bf1c06e7b3e23f2fc7892492f922674476fb599e26e28ac0b6,$,,fa5119baa98914bf1c06e7b3e23f2fc7892492f922674476fb599e26e28ac0b6,fa5119baa98914bf1c06e7b3e23f2fc7892492f922674476fb599e26e28ac0b6,"{""basis"":""ordered nested-math atom; exact symbolic replay"",""kind"":""source-target-formula-map""}"
1.1.0,formula,O007-FREMLIN-V2-S241-FORMULA-0060,O007-FREMLIN-V2-S241,O007-RIGHTS-FREMLIN-DSL,O007-FREMLIN-V2-S241-SEG-241BJ,60,241Bj,241Bj,89,89,3773,3784,4013,4024,\eusm L^0,\eusm L^0,12c2089e125d309e832793d4a992d6333c40397baf0330403e1207da04318ded,12c2089e125d309e832793d4a992d6333c40397baf0330403e1207da04318ded,d5b98412d5c38001fef173fa13a858cd2e376a97888da5ce2fa997ff513bad4c,$,,d5b98412d5c38001fef173fa13a858cd2e376a97888da5ce2fa997ff513bad4c,d5b98412d5c38001fef173fa13a858cd2e376a97888da5ce2fa997ff513bad4c,"{""basis"":""ordered nested-math atom; exact symbolic replay"",""kind"":""source-target-formula-map""}"
1.1.0,formula,O007-FREMLIN-V2-S241-FORMULA-0061,O007-FREMLIN-V2-S241,O007-RIGHTS-FREMLIN-DSL,O007-FREMLIN-V2-S241-SEG-241BJ,61,241Bj,241Bj,90,90,3789,3816,4029,4056,f=\liminf_{n\to\infty}f_n,f=\liminf_{n\to\infty}f_n,eb10b38a91df3d5c4199b8fb936d5c698fa7dcef491bf5b6702bef790b7998cd,eb10b38a91df3d5c4199b8fb936d5c698fa7dcef491bf5b6702bef790b7998cd,eb10b38a91df3d5c4199b8fb936d5c698fa7dcef491bf5b6702bef790b7998cd,$,,eb10b38a91df3d5c4199b8fb936d5c698fa7dcef491bf5b6702bef790b7998cd,eb10b38a91df3d5c4199b8fb936d5c698fa7dcef491bf5b6702bef790b7998cd,"{""basis"":""ordered nested-math atom; exact symbolic replay"",""kind"":""source-target-formula-map""}"
1.1.0,formula,O007-FREMLIN-V2-S241-FORMULA-0062,O007-FREMLIN-V2-S241,O007-RIGHTS-FREMLIN-DSL,O007-FREMLIN-V2-S241-SEG-241BJ,62,241Bj,241Bj,91,91,3885,3888,4136,4139,X,X,4b68ab3847feda7d6c62c1fbcbeebfa35eab7351ed5e78f4ddadea5df64b8015,4b68ab3847feda7d6c62c1fbcbeebfa35eab7351ed5e78f4ddadea5df64b8015,4b68ab3847feda7d6c62c1fbcbeebfa35eab7351ed5e78f4ddadea5df64b8015,$,,4b68ab3847feda7d6c62c1fbcbeebfa35eab7351ed5e78f4ddadea5df64b8015,4b68ab3847feda7d6c62c1fbcbeebfa35eab7351ed5e78f4ddadea5df64b8015,"{""basis"":""ordered nested-math atom; exact symbolic replay"",""kind"":""source-target-formula-map""}"
1.1.0,formula,O007-FREMLIN-V2-S241-FORMULA-0063,O007-FREMLIN-V2-S241,O007-RIGHTS-FREMLIN-DSL,O007-FREMLIN-V2-S241-SEG-241BJ,63,241Bj,241Bj,92,92,3895,3910,4146,4161,f\in\eusm L^0,f\in\eusm L^0,6543e42c5f138e90eba1bced054e8c4826a26b50cd7f0bde6a49b82d0087fe7b,6543e42c5f138e90eba1bced054e8c4826a26b50cd7f0bde6a49b82d0087fe7b,5a8f974bce4387525c09d2cf266aaeaca66ee82c353a97c32ba20dab152ac7f8,$,,5a8f974bce4387525c09d2cf266aaeaca66ee82c353a97c32ba20dab152ac7f8,5a8f974bce4387525c09d2cf266aaeaca66ee82c353a97c32ba20dab152ac7f8,"{""basis"":""ordered nested-math atom; exact symbolic replay"",""kind"":""source-target-formula-map""}"
1.1.0,formula,O007-FREMLIN-V2-S241-FORMULA-0064,O007-FREMLIN-V2-S241,O007-RIGHTS-FREMLIN-DSL,O007-FREMLIN-V2-S241-SEG-241BK,64,241Bk,241Bk,94,94,3948,3959,4199,4210,\eusm L^0,\eusm L^0,12c2089e125d309e832793d4a992d6333c40397baf0330403e1207da04318ded,12c2089e125d309e832793d4a992d6333c40397baf0330403e1207da04318ded,d5b98412d5c38001fef173fa13a858cd2e376a97888da5ce2fa997ff513bad4c,$,,d5b98412d5c38001fef173fa13a858cd2e376a97888da5ce2fa997ff513bad4c,d5b98412d5c38001fef173fa13a858cd2e376a97888da5ce2fa997ff513bad4c,"{""basis"":""ordered nested-math atom; exact symbolic replay"",""kind"":""source-target-formula-map""}"
1.1.0,formula,O007-FREMLIN-V2-S241-FORMULA-0065,O007-FREMLIN-V2-S241,O007-RIGHTS-FREMLIN-DSL,O007-FREMLIN-V2-S241-SEG-241BK,65,241Bk,241Bk,95,95,4024,4027,4313,4316,X,X,4b68ab3847feda7d6c62c1fbcbeebfa35eab7351ed5e78f4ddadea5df64b8015,4b68ab3847feda7d6c62c1fbcbeebfa35eab7351ed5e78f4ddadea5df64b8015,4b68ab3847feda7d6c62c1fbcbeebfa35eab7351ed5e78f4ddadea5df64b8015,$,,4b68ab3847feda7d6c62c1fbcbeebfa35eab7351ed5e78f4ddadea5df64b8015,4b68ab3847feda7d6c62c1fbcbeebfa35eab7351ed5e78f4ddadea5df64b8015,"{""basis"":""ordered nested-math atom; exact symbolic replay"",""kind"":""source-target-formula-map""}"
1.1.0,formula,O007-FREMLIN-V2-S241-FORMULA-0066,O007-FREMLIN-V2-S241,O007-RIGHTS-FREMLIN-DSL,O007-FREMLIN-V2-S241-SEG-241BK,66,241Bk,241Bk,96,96,4071,4079,4384,4392,\Sigma,\Sigma,d65d75b1e6562713a3936bb38fdfe6832fb5b96c946de58f7ce0992057665aa8,d65d75b1e6562713a3936bb38fdfe6832fb5b96c946de58f7ce0992057665aa8,d65d75b1e6562713a3936bb38fdfe6832fb5b96c946de58f7ce0992057665aa8,$,,d65d75b1e6562713a3936bb38fdfe6832fb5b96c946de58f7ce0992057665aa8,d65d75b1e6562713a3936bb38fdfe6832fb5b96c946de58f7ce0992057665aa8,"{""basis"":""ordered nested-math atom; exact symbolic replay"",""kind"":""source-target-formula-map""}"
1.1.0,formula,O007-FREMLIN-V2-S241-FORMULA-0067,O007-FREMLIN-V2-S241,O007-RIGHTS-FREMLIN-DSL,O007-FREMLIN-V2-S241-SEG-241BK,67,241Bk,241Bk,96,97,4105,4108,4398,4401,X,X,4b68ab3847feda7d6c62c1fbcbeebfa35eab7351ed5e78f4ddadea5df64b8015,4b68ab3847feda7d6c62c1fbcbeebfa35eab7351ed5e78f4ddadea5df64b8015,4b68ab3847feda7d6c62c1fbcbeebfa35eab7351ed5e78f4ddadea5df64b8015,$,,4b68ab3847feda7d6c62c1fbcbeebfa35eab7351ed5e78f4ddadea5df64b8015,4b68ab3847feda7d6c62c1fbcbeebfa35eab7351ed5e78f4ddadea5df64b8015,"{""basis"":""ordered nested-math atom; exact symbolic replay"",""kind"":""source-target-formula-map""}"
1.1.0,formula,O007-FREMLIN-V2-S241-FORMULA-0068,O007-FREMLIN-V2-S241,O007-RIGHTS-FREMLIN-DSL,O007-FREMLIN-V2-S241-SEG-241BK,68,241Bk,241Bk,96,97,4112,4120,4405,4413,\Bbb R,\Bbb R,f9d62b077eddf72778fc05527c5aa4d2352f16a46a94808294fdc2cb7e406580,f9d62b077eddf72778fc05527c5aa4d2352f16a46a94808294fdc2cb7e406580,22316cdc991b42844c0fcdb72f227b6d4c0e8457a736e325af2845b7b3df7f6c,$,,22316cdc991b42844c0fcdb72f227b6d4c0e8457a736e325af2845b7b3df7f6c,22316cdc991b42844c0fcdb72f227b6d4c0e8457a736e325af2845b7b3df7f6c,"{""basis"":""ordered nested-math atom; exact symbolic replay"",""kind"":""source-target-formula-map""}"
1.1.0,formula,O007-FREMLIN-V2-S241-FORMULA-0069,O007-FREMLIN-V2-S241,O007-RIGHTS-FREMLIN-DSL,O007-FREMLIN-V2-S241-SEG-241BK,69,241Bk,241Bk,97,98,4145,4159,4440,4454,g:X\to\Bbb R,g:X\to\Bbb R,ae67e09930dfed9786f0602088c85bffce1c1e0aaef972caff1a6a2339955493,ae67e09930dfed9786f0602088c85bffce1c1e0aaef972caff1a6a2339955493,4d26ac84228ca066440b7f110976cbabed7896bf76f2b4b46e99f81082491f9f,$,,4d26ac84228ca066440b7f110976cbabed7896bf76f2b4b46e99f81082491f9f,4d26ac84228ca066440b7f110976cbabed7896bf76f2b4b46e99f81082491f9f,"{""basis"":""ordered nested-math atom; exact symbolic replay"",""kind"":""source-target-formula-map""}"
1.1.0,formula,O007-FREMLIN-V2-S241-FORMULA-0070,O007-FREMLIN-V2-S241,O007-RIGHTS-FREMLIN-DSL,O007-FREMLIN-V2-S241-SEG-241BK,70,241Bk,241Bk,97,98,4163,4171,4472,4480,\Sigma,\Sigma,d65d75b1e6562713a3936bb38fdfe6832fb5b96c946de58f7ce0992057665aa8,d65d75b1e6562713a3936bb38fdfe6832fb5b96c946de58f7ce0992057665aa8,d65d75b1e6562713a3936bb38fdfe6832fb5b96c946de58f7ce0992057665aa8,$,,d65d75b1e6562713a3936bb38fdfe6832fb5b96c946de58f7ce0992057665aa8,d65d75b1e6562713a3936bb38fdfe6832fb5b96c946de58f7ce0992057665aa8,"{""basis"":""ordered nested-math atom; exact symbolic replay"",""kind"":""source-target-formula-map""}"
1.1.0,formula,O007-FREMLIN-V2-S241-FORMULA-0071,O007-FREMLIN-V2-S241,O007-RIGHTS-FREMLIN-DSL,O007-FREMLIN-V2-S241-SEG-241BK,71,241Bk,241Bk,98,99,4187,4196,4485,4494,f\eae g,f\eae g,ae240d11c6286a4c8ba6fdb0ab6d57571c1af19711620fc7204e23974c77e68a,ae240d11c6286a4c8ba6fdb0ab6d57571c1af19711620fc7204e23974c77e68a,d1ab5c14fd4da4667f623a650c14e1f6c15f4ef3df1b2208dc8214a27eabb6d3,$,,d1ab5c14fd4da4667f623a650c14e1f6c15f4ef3df1b2208dc8214a27eabb6d3,d1ab5c14fd4da4667f623a650c14e1f6c15f4ef3df1b2208dc8214a27eabb6d3,"{""basis"":""ordered nested-math atom; exact symbolic replay"",""kind"":""source-target-formula-map""}"
1.1.0,formula,O007-FREMLIN-V2-S241-FORMULA-0072,O007-FREMLIN-V2-S241,O007-RIGHTS-FREMLIN-DSL,O007-FREMLIN-V2-S241-SEG-241BK,72,241Bk,241Bk,98,99,4203,4235,4501,4533,"F=\{x:x\in\dom f,\,f(x)=g(x)\}","F=\{x:x\in\dom f,\,f(x)=g(x)\}",5416491df909bb4a4436d126098353c82c6fa727c377206c0e8e2b1bf9b28d89,5416491df909bb4a4436d126098353c82c6fa727c377206c0e8e2b1bf9b28d89,bb162561af01a8cc88b400e30a8779555450849da1f48ef55d41f21d9308b9ed,$,,bb162561af01a8cc88b400e30a8779555450849da1f48ef55d41f21d9308b9ed,bb162561af01a8cc88b400e30a8779555450849da1f48ef55d41f21d9308b9ed,"{""basis"":""ordered nested-math atom; exact symbolic replay"",""kind"":""source-target-formula-map""}"
1.1.0,formula,O007-FREMLIN-V2-S241-FORMULA-0073,O007-FREMLIN-V2-S241,O007-RIGHTS-FREMLIN-DSL,O007-FREMLIN-V2-S241-SEG-241BK,73,241Bk,241Bk,99,100,4256,4277,4551,4572,f\restr F=g\restr F,f\restr F=g\restr F,fa1ad2f0e11cc30a6debe1f87b80c99413d8d710713612b4d459c46c054f9746,fa1ad2f0e11cc30a6debe1f87b80c99413d8d710713612b4d459c46c054f9746,89982ff78270ac9f5991424c654a473f3387dd5b62cb9ea701a72d55d572118c,$,,89982ff78270ac9f5991424c654a473f3387dd5b62cb9ea701a72d55d572118c,89982ff78270ac9f5991424c654a473f3387dd5b62cb9ea701a72d55d572118c,"{""basis"":""ordered nested-math atom; exact symbolic replay"",""kind"":""source-target-formula-map""}"
1.1.0,formula,O007-FREMLIN-V2-S241-FORMULA-0074,O007-FREMLIN-V2-S241,O007-RIGHTS-FREMLIN-DSL,O007-FREMLIN-V2-S241-SEG-241BK,74,241Bk,241Bk,99,100,4304,4319,4599,4614,f\in\eusm L^0,f\in\eusm L^0,6543e42c5f138e90eba1bced054e8c4826a26b50cd7f0bde6a49b82d0087fe7b,6543e42c5f138e90eba1bced054e8c4826a26b50cd7f0bde6a49b82d0087fe7b,5a8f974bce4387525c09d2cf266aaeaca66ee82c353a97c32ba20dab152ac7f8,$,,5a8f974bce4387525c09d2cf266aaeaca66ee82c353a97c32ba20dab152ac7f8,5a8f974bce4387525c09d2cf266aaeaca66ee82c353a97c32ba20dab152ac7f8,"{""basis"":""ordered nested-math atom; exact symbolic replay"",""kind"":""source-target-formula-map""}"
1.1.0,formula,O007-FREMLIN-V2-S241-FORMULA-0075,O007-FREMLIN-V2-S241,O007-RIGHTS-FREMLIN-DSL,O007-FREMLIN-V2-S241-SEG-241BK,75,241Bk,241Bk,100,101,4331,4346,4626,4641,f\in\eusm L^0,f\in\eusm L^0,6543e42c5f138e90eba1bced054e8c4826a26b50cd7f0bde6a49b82d0087fe7b,6543e42c5f138e90eba1bced054e8c4826a26b50cd7f0bde6a49b82d0087fe7b,5a8f974bce4387525c09d2cf266aaeaca66ee82c353a97c32ba20dab152ac7f8,$,,5a8f974bce4387525c09d2cf266aaeaca66ee82c353a97c32ba20dab152ac7f8,5a8f974bce4387525c09d2cf266aaeaca66ee82c353a97c32ba20dab152ac7f8,"{""basis"":""ordered nested-math atom; exact symbolic replay"",""kind"":""source-target-formula-map""}"
1.1.0,formula,O007-FREMLIN-V2-S241-FORMULA-0076,O007-FREMLIN-V2-S241,O007-RIGHTS-FREMLIN-DSL,O007-FREMLIN-V2-S241-SEG-241BK,76,241Bk,241Bk,100,101,4352,4366,4671,4685,E\subseteq X,E\subseteq X,aa3c0a928044f4b0c9c5f3b45a1e57acc6e7a85724c0088a403ea490a051c6bb,aa3c0a928044f4b0c9c5f3b45a1e57acc6e7a85724c0088a403ea490a051c6bb,88bbaf139b9053c191f976ae3fe43f2bde97e8642c44c619ed163e416fa3600f,$,,88bbaf139b9053c191f976ae3fe43f2bde97e8642c44c619ed163e416fa3600f,88bbaf139b9053c191f976ae3fe43f2bde97e8642c44c619ed163e416fa3600f,"{""basis"":""ordered nested-math atom; exact symbolic replay"",""kind"":""source-target-formula-map""}"
1.1.0,formula,O007-FREMLIN-V2-S241-FORMULA-0077,O007-FREMLIN-V2-S241,O007-RIGHTS-FREMLIN-DSL,O007-FREMLIN-V2-S241-SEG-241BK,77,241Bk,241Bk,101,102,4399,4410,4706,4717,f\restr E,f\restr E,dabd67a82db3e595ca31515d38f346eea627452920ace0037aa461ac094fb682,dabd67a82db3e595ca31515d38f346eea627452920ace0037aa461ac094fb682,5c3c37148b508ebe496c3c64100e594b99ddf72e61798eda661f9f6c1e12a05c,$,,5c3c37148b508ebe496c3c64100e594b99ddf72e61798eda661f9f6c1e12a05c,5c3c37148b508ebe496c3c64100e594b99ddf72e61798eda661f9f6c1e12a05c,"{""basis"":""ordered nested-math atom; exact symbolic replay"",""kind"":""source-target-formula-map""}"
1.1.0,formula,O007-FREMLIN-V2-S241-FORMULA-0078,O007-FREMLIN-V2-S241,O007-RIGHTS-FREMLIN-DSL,O007-FREMLIN-V2-S241-SEG-241BK,78,241Bk,241Bk,101,102,4433,4448,4732,4747,D=E\cap\dom f,D=E\cap\dom f,57029d762f3d570def0ae4477a9041dbebdcda9749f36a2f4dfe455955759378,57029d762f3d570def0ae4477a9041dbebdcda9749f36a2f4dfe455955759378,ecdcef5adad25e6669c3d4b689a96acba6d217976acb5cd320b56703bedeb9d1,$,,ecdcef5adad25e6669c3d4b689a96acba6d217976acb5cd320b56703bedeb9d1,ecdcef5adad25e6669c3d4b689a96acba6d217976acb5cd320b56703bedeb9d1,"{""basis"":""ordered nested-math atom; exact symbolic replay"",""kind"":""source-target-formula-map""}"
1.1.0,formula,O007-FREMLIN-V2-S241-FORMULA-0079,O007-FREMLIN-V2-S241,O007-RIGHTS-FREMLIN-DSL,O007-FREMLIN-V2-S241-SEG-241BK,79,241Bk,241Bk,102,103,4469,4480,4765,4776,f\restr D,f\restr D,5112fcadfabd608cc08d90f943f50672a80d31dfc8bd03e31c5a807552e39da0,5112fcadfabd608cc08d90f943f50672a80d31dfc8bd03e31c5a807552e39da0,2dd4f971c6c093cc22ca2ae4421e7c8e557810b92d07709d62b25970949391e3,$,,2dd4f971c6c093cc22ca2ae4421e7c8e557810b92d07709d62b25970949391e3,2dd4f971c6c093cc22ca2ae4421e7c8e557810b92d07709d62b25970949391e3,"{""basis"":""ordered nested-math atom; exact symbolic replay"",""kind"":""source-target-formula-map""}"
1.1.0,formula,O007-FREMLIN-V2-S241-FORMULA-0080,O007-FREMLIN-V2-S241,O007-RIGHTS-FREMLIN-DSL,O007-FREMLIN-V2-S241-SEG-241BK,80,241Bk,241Bk,102,104,4521,4535,4819,4833,h:X\to\Bbb R,h:X\to\Bbb R,7b1afe673693bed4c8a4cf4635cf37dcaa34af0dcb12a008665e7c9374fbcad4,7b1afe673693bed4c8a4cf4635cf37dcaa34af0dcb12a008665e7c9374fbcad4,2a6c55b2f810d7705666e7c2b1d4e92dec3d72995179b87590395c580fb3152e,$,,2a6c55b2f810d7705666e7c2b1d4e92dec3d72995179b87590395c580fb3152e,2a6c55b2f810d7705666e7c2b1d4e92dec3d72995179b87590395c580fb3152e,"{""basis"":""ordered nested-math atom; exact symbolic replay"",""kind"":""source-target-formula-map""}"
1.1.0,formula,O007-FREMLIN-V2-S241-FORMULA-0081,O007-FREMLIN-V2-S241,O007-RIGHTS-FREMLIN-DSL,O007-FREMLIN-V2-S241-SEG-241BK,81,241Bk,241Bk,103,104,4550,4553,4851,4854,f,f,252f10c83610ebca1a059c0bae8255eba2f95be4d1d7bcfa89d7248a82d9f111,252f10c83610ebca1a059c0bae8255eba2f95be4d1d7bcfa89d7248a82d9f111,252f10c83610ebca1a059c0bae8255eba2f95be4d1d7bcfa89d7248a82d9f111,$,,252f10c83610ebca1a059c0bae8255eba2f95be4d1d7bcfa89d7248a82d9f111,252f10c83610ebca1a059c0bae8255eba2f95be4d1d7bcfa89d7248a82d9f111,"{""basis"":""ordered nested-math atom; exact symbolic replay"",""kind"":""source-target-formula-map""}"
1.1.0,formula,O007-FREMLIN-V2-S241-FORMULA-0082,O007-FREMLIN-V2-S241,O007-RIGHTS-FREMLIN-DSL,O007-FREMLIN-V2-S241-SEG-241BK,82,241Bk,241Bk,103,104,4557,4560,4860,4863,D,D,3f39d5c348e5b79d06e842c114e6cc571583bbf44e4b0ebfda1a01ec05745d43,3f39d5c348e5b79d06e842c114e6cc571583bbf44e4b0ebfda1a01ec05745d43,3f39d5c348e5b79d06e842c114e6cc571583bbf44e4b0ebfda1a01ec05745d43,$,,3f39d5c348e5b79d06e842c114e6cc571583bbf44e4b0ebfda1a01ec05745d43,3f39d5c348e5b79d06e842c114e6cc571583bbf44e4b0ebfda1a01ec05745d43,"{""basis"":""ordered nested-math atom; exact symbolic replay"",""kind"":""source-target-formula-map""}"
1.1.0,formula,O007-FREMLIN-V2-S241-FORMULA-0083,O007-FREMLIN-V2-S241,O007-RIGHTS-FREMLIN-DSL,O007-FREMLIN-V2-S241-SEG-241BK,83,241Bk,241Bk,103,104,4574,4583,4876,4885,h\eae f,h\eae f,507ab6193172573d64f818a321adce7049b2321c9543ffad27fac7aaae00611e,507ab6193172573d64f818a321adce7049b2321c9543ffad27fac7aaae00611e,5cc33eead00065d296cfda82ba43d9d064d5465e3720dd6d1a8a1c3a18bae999,$,,5cc33eead00065d296cfda82ba43d9d064d5465e3720dd6d1a8a1c3a18bae999,5cc33eead00065d296cfda82ba43d9d064d5465e3720dd6d1a8a1c3a18bae999,"{""basis"":""ordered nested-math atom; exact symbolic replay"",""kind"":""source-target-formula-map""}"
1.1.0,formula,O007-FREMLIN-V2-S241-FORMULA-0084,O007-FREMLIN-V2-S241,O007-RIGHTS-FREMLIN-DSL,O007-FREMLIN-V2-S241-SEG-241C,84,241C,241C,105,107,4617,4622,4916,4921,L^0,L^0,efb929291fb3ed4159783d57eb43e4f4183bf2aa2552acd5d70f6ebf7aa04b27,efb929291fb3ed4159783d57eb43e4f4183bf2aa2552acd5d70f6ebf7aa04b27,efb929291fb3ed4159783d57eb43e4f4183bf2aa2552acd5d70f6ebf7aa04b27,$,,efb929291fb3ed4159783d57eb43e4f4183bf2aa2552acd5d70f6ebf7aa04b27,efb929291fb3ed4159783d57eb43e4f4183bf2aa2552acd5d70f6ebf7aa04b27,"{""basis"":""ordered nested-math atom; exact symbolic replay"",""kind"":""source-target-formula-map""}"
1.1.0,formula,O007-FREMLIN-V2-S241-FORMULA-0085,O007-FREMLIN-V2-S241,O007-RIGHTS-FREMLIN-DSL,O007-FREMLIN-V2-S241-SEG-241C,85,241C,241C,105,107,4641,4657,4942,4958,"(X,\Sigma,\mu)","(X,\Sigma,\mu)",05e9b769403b4c7926a944d5aaa03f00bb216412bc3f850e41b3c28de657aa67,05e9b769403b4c7926a944d5aaa03f00bb216412bc3f850e41b3c28de657aa67,05e9b769403b4c7926a944d5aaa03f00bb216412bc3f850e41b3c28de657aa67,$,,05e9b769403b4c7926a944d5aaa03f00bb216412bc3f850e41b3c28de657aa67,05e9b769403b4c7926a944d5aaa03f00bb216412bc3f850e41b3c28de657aa67,"{""basis"":""ordered nested-math atom; exact symbolic replay"",""kind"":""source-target-formula-map""}"
1.1.0,formula,O007-FREMLIN-V2-S241-FORMULA-0086,O007-FREMLIN-V2-S241,O007-RIGHTS-FREMLIN-DSL,O007-FREMLIN-V2-S241-SEG-241C,86,241C,241C,106,108,4688,4694,4991,4997,\eae,\eae,d1c149a1081d9cdd08422b67588c66fa99ab34eb168c97e5ad89f7d482532bea,d1c149a1081d9cdd08422b67588c66fa99ab34eb168c97e5ad89f7d482532bea,d1c149a1081d9cdd08422b67588c66fa99ab34eb168c97e5ad89f7d482532bea,$,,d1c149a1081d9cdd08422b67588c66fa99ab34eb168c97e5ad89f7d482532bea,d1c149a1081d9cdd08422b67588c66fa99ab34eb168c97e5ad89f7d482532bea,"{""basis"":""ordered nested-math atom; exact symbolic replay"",""kind"":""source-target-formula-map""}"
1.1.0,formula,O007-FREMLIN-V2-S241-FORMULA-0087,O007-FREMLIN-V2-S241,O007-RIGHTS-FREMLIN-DSL,O007-FREMLIN-V2-S241-SEG-241C,87,241C,241C,106,109,4725,4736,5032,5043,\eusm L^0,\eusm L^0,12c2089e125d309e832793d4a992d6333c40397baf0330403e1207da04318ded,12c2089e125d309e832793d4a992d6333c40397baf0330403e1207da04318ded,d5b98412d5c38001fef173fa13a858cd2e376a97888da5ce2fa997ff513bad4c,$,,d5b98412d5c38001fef173fa13a858cd2e376a97888da5ce2fa997ff513bad4c,d5b98412d5c38001fef173fa13a858cd2e376a97888da5ce2fa997ff513bad4c,"{""basis"":""ordered nested-math atom; exact symbolic replay"",""kind"":""source-target-formula-map""}"
1.1.0,formula,O007-FREMLIN-V2-S241-FORMULA-0088,O007-FREMLIN-V2-S241,O007-RIGHTS-FREMLIN-DSL,O007-FREMLIN-V2-S241-SEG-241C,88,241C,241C,107,109,4744,4749,5054,5059,L^0,L^0,efb929291fb3ed4159783d57eb43e4f4183bf2aa2552acd5d70f6ebf7aa04b27,efb929291fb3ed4159783d57eb43e4f4183bf2aa2552acd5d70f6ebf7aa04b27,efb929291fb3ed4159783d57eb43e4f4183bf2aa2552acd5d70f6ebf7aa04b27,$,,efb929291fb3ed4159783d57eb43e4f4183bf2aa2552acd5d70f6ebf7aa04b27,efb929291fb3ed4159783d57eb43e4f4183bf2aa2552acd5d70f6ebf7aa04b27,"{""basis"":""ordered nested-math atom; exact symbolic replay"",""kind"":""source-target-formula-map""}"
1.1.0,formula,O007-FREMLIN-V2-S241-FORMULA-0089,O007-FREMLIN-V2-S241,O007-RIGHTS-FREMLIN-DSL,O007-FREMLIN-V2-S241-SEG-241C,89,241C,241C,108,109,4754,4764,5066,5076,L^0(\mu),L^0(\mu),7ccd5346db90a9896e104499ac3db2d66bf84facfcf695688be6ba7992022f65,7ccd5346db90a9896e104499ac3db2d66bf84facfcf695688be6ba7992022f65,7ccd5346db90a9896e104499ac3db2d66bf84facfcf695688be6ba7992022f65,$,,7ccd5346db90a9896e104499ac3db2d66bf84facfcf695688be6ba7992022f65,7ccd5346db90a9896e104499ac3db2d66bf84facfcf695688be6ba7992022f65,"{""basis"":""ordered nested-math atom; exact symbolic replay"",""kind"":""source-target-formula-map""}"
1.1.0,formula,O007-FREMLIN-V2-S241-FORMULA-0090,O007-FREMLIN-V2-S241,O007-RIGHTS-FREMLIN-DSL,O007-FREMLIN-V2-S241-SEG-241C,90,241C,241C,108,110,4804,4815,5123,5134,\eusm L^0,\eusm L^0,12c2089e125d309e832793d4a992d6333c40397baf0330403e1207da04318ded,12c2089e125d309e832793d4a992d6333c40397baf0330403e1207da04318ded,d5b98412d5c38001fef173fa13a858cd2e376a97888da5ce2fa997ff513bad4c,$,,d5b98412d5c38001fef173fa13a858cd2e376a97888da5ce2fa997ff513bad4c,d5b98412d5c38001fef173fa13a858cd2e376a97888da5ce2fa997ff513bad4c,"{""basis"":""ordered nested-math atom; exact symbolic replay"",""kind"":""source-target-formula-map""}"
1.1.0,formula,O007-FREMLIN-V2-S241-FORMULA-0091,O007-FREMLIN-V2-S241,O007-RIGHTS-FREMLIN-DSL,O007-FREMLIN-V2-S241-SEG-241C,91,241C,241C,109,110,4822,4828,5144,5150,\eae,\eae,d1c149a1081d9cdd08422b67588c66fa99ab34eb168c97e5ad89f7d482532bea,d1c149a1081d9cdd08422b67588c66fa99ab34eb168c97e5ad89f7d482532bea,d1c149a1081d9cdd08422b67588c66fa99ab34eb168c97e5ad89f7d482532bea,$,,d1c149a1081d9cdd08422b67588c66fa99ab34eb168c97e5ad89f7d482532bea,d1c149a1081d9cdd08422b67588c66fa99ab34eb168c97e5ad89f7d482532bea,"{""basis"":""ordered nested-math atom; exact symbolic replay"",""kind"":""source-target-formula-map""}"
1.1.0,formula,O007-FREMLIN-V2-S241-FORMULA-0092,O007-FREMLIN-V2-S241,O007-RIGHTS-FREMLIN-DSL,O007-FREMLIN-V2-S241-SEG-241C,92,241C,241C,109,110,4836,4851,5158,5173,f\in\eusm L^0,f\in\eusm L^0,6543e42c5f138e90eba1bced054e8c4826a26b50cd7f0bde6a49b82d0087fe7b,6543e42c5f138e90eba1bced054e8c4826a26b50cd7f0bde6a49b82d0087fe7b,5a8f974bce4387525c09d2cf266aaeaca66ee82c353a97c32ba20dab152ac7f8,$,,5a8f974bce4387525c09d2cf266aaeaca66ee82c353a97c32ba20dab152ac7f8,5a8f974bce4387525c09d2cf266aaeaca66ee82c353a97c32ba20dab152ac7f8,"{""basis"":""ordered nested-math atom; exact symbolic replay"",""kind"":""source-target-formula-map""}"
1.1.0,formula,O007-FREMLIN-V2-S241-FORMULA-0093,O007-FREMLIN-V2-S241,O007-RIGHTS-FREMLIN-DSL,O007-FREMLIN-V2-S241-SEG-241C,93,241C,241C,109,111,4859,4874,5184,5199,f^{\ssbullet},f^{\ssbullet},c88b6704184d07d6ea167268aeb1cf90af08429c76b2a89c8a8a947a903bf504,c88b6704184d07d6ea167268aeb1cf90af08429c76b2a89c8a8a947a903bf504,c88b6704184d07d6ea167268aeb1cf90af08429c76b2a89c8a8a947a903bf504,$,,c88b6704184d07d6ea167268aeb1cf90af08429c76b2a89c8a8a947a903bf504,c88b6704184d07d6ea167268aeb1cf90af08429c76b2a89c8a8a947a903bf504,"{""basis"":""ordered nested-math atom; exact symbolic replay"",""kind"":""source-target-formula-map""}"
1.1.0,formula,O007-FREMLIN-V2-S241-FORMULA-0094,O007-FREMLIN-V2-S241,O007-RIGHTS-FREMLIN-DSL,O007-FREMLIN-V2-S241-SEG-241C,94,241C,241C,110,111,4904,4909,5233,5238,L^0,L^0,efb929291fb3ed4159783d57eb43e4f4183bf2aa2552acd5d70f6ebf7aa04b27,efb929291fb3ed4159783d57eb43e4f4183bf2aa2552acd5d70f6ebf7aa04b27,efb929291fb3ed4159783d57eb43e4f4183bf2aa2552acd5d70f6ebf7aa04b27,$,,efb929291fb3ed4159783d57eb43e4f4183bf2aa2552acd5d70f6ebf7aa04b27,efb929291fb3ed4159783d57eb43e4f4183bf2aa2552acd5d70f6ebf7aa04b27,"{""basis"":""ordered nested-math atom; exact symbolic replay"",""kind"":""source-target-formula-map""}"
1.1.0,formula,O007-FREMLIN-V2-S241-FORMULA-0095,O007-FREMLIN-V2-S241,O007-RIGHTS-FREMLIN-DSL,O007-FREMLIN-V2-S241-SEG-241D,95,241D,241D,112,113,4950,4955,5271,5276,L^0,L^0,efb929291fb3ed4159783d57eb43e4f4183bf2aa2552acd5d70f6ebf7aa04b27,efb929291fb3ed4159783d57eb43e4f4183bf2aa2552acd5d70f6ebf7aa04b27,efb929291fb3ed4159783d57eb43e4f4183bf2aa2552acd5d70f6ebf7aa04b27,$,,efb929291fb3ed4159783d57eb43e4f4183bf2aa2552acd5d70f6ebf7aa04b27,efb929291fb3ed4159783d57eb43e4f4183bf2aa2552acd5d70f6ebf7aa04b27,"{""basis"":""ordered nested-math atom; exact symbolic replay"",""kind"":""source-target-formula-map""}"
1.1.0,formula,O007-FREMLIN-V2-S241-FORMULA-0096,O007-FREMLIN-V2-S241,O007-RIGHTS-FREMLIN-DSL,O007-FREMLIN-V2-S241-SEG-241D,96,241D,241D,112,113,4961,4977,5287,5303,"(X,\Sigma,\mu)","(X,\Sigma,\mu)",05e9b769403b4c7926a944d5aaa03f00bb216412bc3f850e41b3c28de657aa67,05e9b769403b4c7926a944d5aaa03f00bb216412bc3f850e41b3c28de657aa67,05e9b769403b4c7926a944d5aaa03f00bb216412bc3f850e41b3c28de657aa67,$,,05e9b769403b4c7926a944d5aaa03f00bb216412bc3f850e41b3c28de657aa67,05e9b769403b4c7926a944d5aaa03f00bb216412bc3f850e41b3c28de657aa67,"{""basis"":""ordered nested-math atom; exact symbolic replay"",""kind"":""source-target-formula-map""}"
1.1.0,formula,O007-FREMLIN-V2-S241-FORMULA-0097,O007-FREMLIN-V2-S241,O007-RIGHTS-FREMLIN-DSL,O007-FREMLIN-V2-S241-SEG-241D,97,241D,241D,113,114,5008,5034,5344,5370,\eusm L^0=\eusm L^0(\mu),\eusm L^0=\eusm L^0(\mu),fef0d22d29e4b9efcf2660d79ddfd4cd9b6c594c1309e67c09ed78212cbfa5f4,fef0d22d29e4b9efcf2660d79ddfd4cd9b6c594c1309e67c09ed78212cbfa5f4,0ff42199569cb214970055116cb16ff904a97ca7072767c8191421744c2bc759,$,,0ff42199569cb214970055116cb16ff904a97ca7072767c8191421744c2bc759,0ff42199569cb214970055116cb16ff904a97ca7072767c8191421744c2bc759,"{""basis"":""ordered nested-math atom; exact symbolic replay"",""kind"":""source-target-formula-map""}"
1.1.0,formula,O007-FREMLIN-V2-S241-FORMULA-0098,O007-FREMLIN-V2-S241,O007-RIGHTS-FREMLIN-DSL,O007-FREMLIN-V2-S241-SEG-241D,98,241D,241D,113,115,5036,5050,5372,5386,L^0=L^0(\mu),L^0=L^0(\mu),21f408dfd160dc88319611c4285d5c35208d4be9b0afe54df8092974142f5192,21f408dfd160dc88319611c4285d5c35208d4be9b0afe54df8092974142f5192,21f408dfd160dc88319611c4285d5c35208d4be9b0afe54df8092974142f5192,$,,21f408dfd160dc88319611c4285d5c35208d4be9b0afe54df8092974142f5192,21f408dfd160dc88319611c4285d5c35208d4be9b0afe54df8092974142f5192,"{""basis"":""ordered nested-math atom; exact symbolic replay"",""kind"":""source-target-formula-map""}"
1.1.0,formula,O007-FREMLIN-V2-S241-FORMULA-0099,O007-FREMLIN-V2-S241,O007-RIGHTS-FREMLIN-DSL,O007-FREMLIN-V2-S241-SEG-241DA,99,241Da,241Da,115,117,5072,5077,5410,5415,f_1,f_1,0e4763978622e1872f63b216146734bdd28d2ddbd4ffcd82bb62e4602b3dd1a1,0e4763978622e1872f63b216146734bdd28d2ddbd4ffcd82bb62e4602b3dd1a1,0e4763978622e1872f63b216146734bdd28d2ddbd4ffcd82bb62e4602b3dd1a1,$,,0e4763978622e1872f63b216146734bdd28d2ddbd4ffcd82bb62e4602b3dd1a1,0e4763978622e1872f63b216146734bdd28d2ddbd4ffcd82bb62e4602b3dd1a1,"{""basis"":""ordered nested-math atom; exact symbolic replay"",""kind"":""source-target-formula-map""}"
1.1.0,formula,O007-FREMLIN-V2-S241-FORMULA-0100,O007-FREMLIN-V2-S241,O007-RIGHTS-FREMLIN-DSL,O007-FREMLIN-V2-S241-SEG-241DA,100,241Da,241Da,115,117,5079,5084,5417,5422,f_2,f_2,98550483d35bb33deea0ab91484e5025cfa0420e157798ed8586a942f7ee57d0,98550483d35bb33deea0ab91484e5025cfa0420e157798ed8586a942f7ee57d0,98550483d35bb33deea0ab91484e5025cfa0420e157798ed8586a942f7ee57d0,$,,98550483d35bb33deea0ab91484e5025cfa0420e157798ed8586a942f7ee57d0,98550483d35bb33deea0ab91484e5025cfa0420e157798ed8586a942f7ee57d0,"{""basis"":""ordered nested-math atom; exact symbolic replay"",""kind"":""source-target-formula-map""}"
1.1.0,formula,O007-FREMLIN-V2-S241-FORMULA-0101,O007-FREMLIN-V2-S241,O007-RIGHTS-FREMLIN-DSL,O007-FREMLIN-V2-S241-SEG-241DA,101,241Da,241Da,115,117,5086,5091,5424,5429,g_1,g_1,bf173953a9e841d74581faeb7ca36ed5973583ba0ecfecd7ec042f9c92aaf9f7,bf173953a9e841d74581faeb7ca36ed5973583ba0ecfecd7ec042f9c92aaf9f7,bf173953a9e841d74581faeb7ca36ed5973583ba0ecfecd7ec042f9c92aaf9f7,$,,bf173953a9e841d74581faeb7ca36ed5973583ba0ecfecd7ec042f9c92aaf9f7,bf173953a9e841d74581faeb7ca36ed5973583ba0ecfecd7ec042f9c92aaf9f7,"{""basis"":""ordered nested-math atom; exact symbolic replay"",""kind"":""source-target-formula-map""}"
1.1.0,formula,O007-FREMLIN-V2-S241-FORMULA-0102,O007-FREMLIN-V2-S241,O007-RIGHTS-FREMLIN-DSL,O007-FREMLIN-V2-S241-SEG-241DA,102,241Da,241Da,115,117,5093,5110,5431,5448,g_2\in\eusm L^0,g_2\in\eusm L^0,93472e5640d8d1bed3d7b7bf6535e1a92cffb9e0f27b2aae850ea38780b7f27a,93472e5640d8d1bed3d7b7bf6535e1a92cffb9e0f27b2aae850ea38780b7f27a,875da6892a629adf89b58b6dfc4a5fd97ad92b4b5647eb29f56095f7aeba9dac,$,,875da6892a629adf89b58b6dfc4a5fd97ad92b4b5647eb29f56095f7aeba9dac,875da6892a629adf89b58b6dfc4a5fd97ad92b4b5647eb29f56095f7aeba9dac,"{""basis"":""ordered nested-math atom; exact symbolic replay"",""kind"":""source-target-formula-map""}"
1.1.0,formula,O007-FREMLIN-V2-S241-FORMULA-0103,O007-FREMLIN-V2-S241,O007-RIGHTS-FREMLIN-DSL,O007-FREMLIN-V2-S241-SEG-241DA,103,241Da,241Da,116,118,5112,5125,5450,5463,f_1\eae f_2,f_1\eae f_2,51d6d66709948c742568e14b56107e80fb096cfd3fa6f701d7aba384133c302f,51d6d66709948c742568e14b56107e80fb096cfd3fa6f701d7aba384133c302f,8ffe97feb1b0a9ab24ce5cf1eb84f2d41854370b5da1577f834389fc1644bf27,$,,8ffe97feb1b0a9ab24ce5cf1eb84f2d41854370b5da1577f834389fc1644bf27,8ffe97feb1b0a9ab24ce5cf1eb84f2d41854370b5da1577f834389fc1644bf27,"{""basis"":""ordered nested-math atom; exact symbolic replay"",""kind"":""source-target-formula-map""}"
1.1.0,formula,O007-FREMLIN-V2-S241-FORMULA-0104,O007-FREMLIN-V2-S241,O007-RIGHTS-FREMLIN-DSL,O007-FREMLIN-V2-S241-SEG-241DA,104,241Da,241Da,117,118,5130,5143,5468,5481,g_1\eae g_2,g_1\eae g_2,a0b44079a234e2edf166ddaa06138438efdee2ef973154e8b784c426100ce3a0,a0b44079a234e2edf166ddaa06138438efdee2ef973154e8b784c426100ce3a0,5567361d783a274c5482370d268c5cfd1cb45245bba44414c7473deb54f4b5d7,$,,5567361d783a274c5482370d268c5cfd1cb45245bba44414c7473deb54f4b5d7,5567361d783a274c5482370d268c5cfd1cb45245bba44414c7473deb54f4b5d7,"{""basis"":""ordered nested-math atom; exact symbolic replay"",""kind"":""source-target-formula-map""}"
1.1.0,formula,O007-FREMLIN-V2-S241-FORMULA-0105,O007-FREMLIN-V2-S241,O007-RIGHTS-FREMLIN-DSL,O007-FREMLIN-V2-S241-SEG-241DA,105,241Da,241Da,117,118,5149,5170,5488,5509,f_1+g_1\eae f_2+g_2,f_1+g_1\eae f_2+g_2,85ba5628a3c0b3e4fb2bf9995f08ae3efef21d62064427bd0a62c7777d21a34f,85ba5628a3c0b3e4fb2bf9995f08ae3efef21d62064427bd0a62c7777d21a34f,123fa4ab5eccaea12270c16710aa27d0c4f90184d274ddf4cada21dd4cf46a0d,$,,123fa4ab5eccaea12270c16710aa27d0c4f90184d274ddf4cada21dd4cf46a0d,123fa4ab5eccaea12270c16710aa27d0c4f90184d274ddf4cada21dd4cf46a0d,"{""basis"":""ordered nested-math atom; exact symbolic replay"",""kind"":""source-target-formula-map""}"
1.1.0,formula,O007-FREMLIN-V2-S241-FORMULA-0106,O007-FREMLIN-V2-S241,O007-RIGHTS-FREMLIN-DSL,O007-FREMLIN-V2-S241-SEG-241DA,106,241Da,241Da,118,119,5212,5217,5571,5576,L^0,L^0,efb929291fb3ed4159783d57eb43e4f4183bf2aa2552acd5d70f6ebf7aa04b27,efb929291fb3ed4159783d57eb43e4f4183bf2aa2552acd5d70f6ebf7aa04b27,efb929291fb3ed4159783d57eb43e4f4183bf2aa2552acd5d70f6ebf7aa04b27,$,,efb929291fb3ed4159783d57eb43e4f4183bf2aa2552acd5d70f6ebf7aa04b27,efb929291fb3ed4159783d57eb43e4f4183bf2aa2552acd5d70f6ebf7aa04b27,"{""basis"":""ordered nested-math atom; exact symbolic replay"",""kind"":""source-target-formula-map""}"
1.1.0,formula,O007-FREMLIN-V2-S241-FORMULA-0107,O007-FREMLIN-V2-S241,O007-RIGHTS-FREMLIN-DSL,O007-FREMLIN-V2-S241-SEG-241DA,107,241Da,241Da,119,120,5229,5276,5595,5642,f^{\ssbullet}+g^{\ssbullet}=(f+g)^{\ssbullet},f^{\ssbullet}+g^{\ssbullet}=(f+g)^{\ssbullet},bb4e257167ff675202e74444539321f64fd50079c7f941bb0886960813261a63,bb4e257167ff675202e74444539321f64fd50079c7f941bb0886960813261a63,bb4e257167ff675202e74444539321f64fd50079c7f941bb0886960813261a63,$,,bb4e257167ff675202e74444539321f64fd50079c7f941bb0886960813261a63,bb4e257167ff675202e74444539321f64fd50079c7f941bb0886960813261a63,"{""basis"":""ordered nested-math atom; exact symbolic replay"",""kind"":""source-target-formula-map""}"
1.1.0,formula,O007-FREMLIN-V2-S241-FORMULA-0108,O007-FREMLIN-V2-S241,O007-RIGHTS-FREMLIN-DSL,O007-FREMLIN-V2-S241-SEG-241DA,108,241Da,241Da,120,121,5285,5288,5655,5658,f,f,252f10c83610ebca1a059c0bae8255eba2f95be4d1d7bcfa89d7248a82d9f111,252f10c83610ebca1a059c0bae8255eba2f95be4d1d7bcfa89d7248a82d9f111,252f10c83610ebca1a059c0bae8255eba2f95be4d1d7bcfa89d7248a82d9f111,$,,252f10c83610ebca1a059c0bae8255eba2f95be4d1d7bcfa89d7248a82d9f111,252f10c83610ebca1a059c0bae8255eba2f95be4d1d7bcfa89d7248a82d9f111,"{""basis"":""ordered nested-math atom; exact symbolic replay"",""kind"":""source-target-formula-map""}"
1.1.0,formula,O007-FREMLIN-V2-S241-FORMULA-0109,O007-FREMLIN-V2-S241,O007-RIGHTS-FREMLIN-DSL,O007-FREMLIN-V2-S241-SEG-241DA,109,241Da,241Da,120,121,5290,5305,5660,5675,g\in\eusm L^0,g\in\eusm L^0,ca4d2434fa769eeec35d32850aaacb6dd01821ae84167bdf03fa203de40bf8f1,ca4d2434fa769eeec35d32850aaacb6dd01821ae84167bdf03fa203de40bf8f1,d831139421b5d479221e5b0f06e80687e70b8ff9c8b25f61cf4ad5a952254fa0,$,,d831139421b5d479221e5b0f06e80687e70b8ff9c8b25f61cf4ad5a952254fa0,d831139421b5d479221e5b0f06e80687e70b8ff9c8b25f61cf4ad5a952254fa0,"{""basis"":""ordered nested-math atom; exact symbolic replay"",""kind"":""source-target-formula-map""}"
1.1.0,formula,O007-FREMLIN-V2-S241-FORMULA-0110,O007-FREMLIN-V2-S241,O007-RIGHTS-FREMLIN-DSL,O007-FREMLIN-V2-S241-SEG-241DB,110,241Db,241Db,122,123,5327,5332,5699,5704,f_1,f_1,0e4763978622e1872f63b216146734bdd28d2ddbd4ffcd82bb62e4602b3dd1a1,0e4763978622e1872f63b216146734bdd28d2ddbd4ffcd82bb62e4602b3dd1a1,0e4763978622e1872f63b216146734bdd28d2ddbd4ffcd82bb62e4602b3dd1a1,$,,0e4763978622e1872f63b216146734bdd28d2ddbd4ffcd82bb62e4602b3dd1a1,0e4763978622e1872f63b216146734bdd28d2ddbd4ffcd82bb62e4602b3dd1a1,"{""basis"":""ordered nested-math atom; exact symbolic replay"",""kind"":""source-target-formula-map""}"
1.1.0,formula,O007-FREMLIN-V2-S241-FORMULA-0111,O007-FREMLIN-V2-S241,O007-RIGHTS-FREMLIN-DSL,O007-FREMLIN-V2-S241-SEG-241DB,111,241Db,241Db,122,123,5334,5351,5706,5723,f_2\in\eusm L^0,f_2\in\eusm L^0,0584fbdb29db1baad095b2e750b11a0d1ea36529e060112e315ad7afe505b500,0584fbdb29db1baad095b2e750b11a0d1ea36529e060112e315ad7afe505b500,67c6f3a7fac15c776ccc14b9152c410ebd3384d847b6b5f888f77ec2133ffa3d,$,,67c6f3a7fac15c776ccc14b9152c410ebd3384d847b6b5f888f77ec2133ffa3d,67c6f3a7fac15c776ccc14b9152c410ebd3384d847b6b5f888f77ec2133ffa3d,"{""basis"":""ordered nested-math atom; exact symbolic replay"",""kind"":""source-target-formula-map""}"
1.1.0,formula,O007-FREMLIN-V2-S241-FORMULA-0112,O007-FREMLIN-V2-S241,O007-RIGHTS-FREMLIN-DSL,O007-FREMLIN-V2-S241-SEG-241DB,112,241Db,241Db,122,123,5356,5369,5728,5741,f_1\eae f_2,f_1\eae f_2,51d6d66709948c742568e14b56107e80fb096cfd3fa6f701d7aba384133c302f,51d6d66709948c742568e14b56107e80fb096cfd3fa6f701d7aba384133c302f,8ffe97feb1b0a9ab24ce5cf1eb84f2d41854370b5da1577f834389fc1644bf27,$,,8ffe97feb1b0a9ab24ce5cf1eb84f2d41854370b5da1577f834389fc1644bf27,8ffe97feb1b0a9ab24ce5cf1eb84f2d41854370b5da1577f834389fc1644bf27,"{""basis"":""ordered nested-math atom; exact symbolic replay"",""kind"":""source-target-formula-map""}"
1.1.0,formula,O007-FREMLIN-V2-S241-FORMULA-0113,O007-FREMLIN-V2-S241,O007-RIGHTS-FREMLIN-DSL,O007-FREMLIN-V2-S241-SEG-241DB,113,241Db,241Db,123,124,5376,5391,5748,5763,cf_1\eae cf_2,cf_1\eae cf_2,4a8c0006e7ee88b0fa410549676009531d41d8fae5e48209c37b4ae286aec6ca,4a8c0006e7ee88b0fa410549676009531d41d8fae5e48209c37b4ae286aec6ca,04b38b48a1916a53cc75c5dade7e77dc76ceb70e1e46ecd3282189f33d859ff1,$,,04b38b48a1916a53cc75c5dade7e77dc76ceb70e1e46ecd3282189f33d859ff1,04b38b48a1916a53cc75c5dade7e77dc76ceb70e1e46ecd3282189f33d859ff1,"{""basis"":""ordered nested-math atom; exact symbolic replay"",""kind"":""source-target-formula-map""}"
1.1.0,formula,O007-FREMLIN-V2-S241-FORMULA-0114,O007-FREMLIN-V2-S241,O007-RIGHTS-FREMLIN-DSL,O007-FREMLIN-V2-S241-SEG-241DB,114,241Db,241Db,123,124,5402,5414,5777,5789,c\in\Bbb R,c\in\Bbb R,365f5ce487f10d724b33ca913e9f2aff3456a3c2ba87d35652de7cf350ca3be0,365f5ce487f10d724b33ca913e9f2aff3456a3c2ba87d35652de7cf350ca3be0,94bc9d92c15c2e8afaebffdcd5145690aa18e8d3436bad14ca833f19d17e6977,$,,94bc9d92c15c2e8afaebffdcd5145690aa18e8d3436bad14ca833f19d17e6977,94bc9d92c15c2e8afaebffdcd5145690aa18e8d3436bad14ca833f19d17e6977,"{""basis"":""ordered nested-math atom; exact symbolic replay"",""kind"":""source-target-formula-map""}"
1.1.0,formula,O007-FREMLIN-V2-S241-FORMULA-0115,O007-FREMLIN-V2-S241,O007-RIGHTS-FREMLIN-DSL,O007-FREMLIN-V2-S241-SEG-241DB,115,241Db,241Db,124,125,5469,5474,5856,5861,L^0,L^0,efb929291fb3ed4159783d57eb43e4f4183bf2aa2552acd5d70f6ebf7aa04b27,efb929291fb3ed4159783d57eb43e4f4183bf2aa2552acd5d70f6ebf7aa04b27,efb929291fb3ed4159783d57eb43e4f4183bf2aa2552acd5d70f6ebf7aa04b27,$,,efb929291fb3ed4159783d57eb43e4f4183bf2aa2552acd5d70f6ebf7aa04b27,efb929291fb3ed4159783d57eb43e4f4183bf2aa2552acd5d70f6ebf7aa04b27,"{""basis"":""ordered nested-math atom; exact symbolic replay"",""kind"":""source-target-formula-map""}"
1.1.0,formula,O007-FREMLIN-V2-S241-FORMULA-0116,O007-FREMLIN-V2-S241,O007-RIGHTS-FREMLIN-DSL,O007-FREMLIN-V2-S241-SEG-241DB,116,241Db,241Db,125,126,5486,5525,5880,5919,c\cdot f^{\ssbullet}=(cf)^{\ssbullet},c\cdot f^{\ssbullet}=(cf)^{\ssbullet},b07038fa44033dac4c6cd85985bfbfd7c24a3bec2b1615a86d364537689e337b,b07038fa44033dac4c6cd85985bfbfd7c24a3bec2b1615a86d364537689e337b,3f711a084d1f68ac4d9378fb317fb1d3641ed62955aa3fedffa127bd6692c5e7,$,,3f711a084d1f68ac4d9378fb317fb1d3641ed62955aa3fedffa127bd6692c5e7,3f711a084d1f68ac4d9378fb317fb1d3641ed62955aa3fedffa127bd6692c5e7,"{""basis"":""ordered nested-math atom; exact symbolic replay"",""kind"":""source-target-formula-map""}"
1.1.0,formula,O007-FREMLIN-V2-S241-FORMULA-0117,O007-FREMLIN-V2-S241,O007-RIGHTS-FREMLIN-DSL,O007-FREMLIN-V2-S241-SEG-241DB,117,241Db,241Db,126,126,5534,5549,5932,5947,f\in\eusm L^0,f\in\eusm L^0,6543e42c5f138e90eba1bced054e8c4826a26b50cd7f0bde6a49b82d0087fe7b,6543e42c5f138e90eba1bced054e8c4826a26b50cd7f0bde6a49b82d0087fe7b,5a8f974bce4387525c09d2cf266aaeaca66ee82c353a97c32ba20dab152ac7f8,$,,5a8f974bce4387525c09d2cf266aaeaca66ee82c353a97c32ba20dab152ac7f8,5a8f974bce4387525c09d2cf266aaeaca66ee82c353a97c32ba20dab152ac7f8,"{""basis"":""ordered nested-math atom; exact symbolic replay"",""kind"":""source-target-formula-map""}"
1.1.0,formula,O007-FREMLIN-V2-S241-FORMULA-0118,O007-FREMLIN-V2-S241,O007-RIGHTS-FREMLIN-DSL,O007-FREMLIN-V2-S241-SEG-241DB,118,241Db,241Db,126,127,5554,5566,5952,5964,c\in\Bbb R,c\in\Bbb R,365f5ce487f10d724b33ca913e9f2aff3456a3c2ba87d35652de7cf350ca3be0,365f5ce487f10d724b33ca913e9f2aff3456a3c2ba87d35652de7cf350ca3be0,94bc9d92c15c2e8afaebffdcd5145690aa18e8d3436bad14ca833f19d17e6977,$,,94bc9d92c15c2e8afaebffdcd5145690aa18e8d3436bad14ca833f19d17e6977,94bc9d92c15c2e8afaebffdcd5145690aa18e8d3436bad14ca833f19d17e6977,"{""basis"":""ordered nested-math atom; exact symbolic replay"",""kind"":""source-target-formula-map""}"
1.1.0,formula,O007-FREMLIN-V2-S241-FORMULA-0119,O007-FREMLIN-V2-S241,O007-RIGHTS-FREMLIN-DSL,O007-FREMLIN-V2-S241-SEG-241DC,119,241Dc,241Dc,129,130,5598,5603,5997,6002,L^0,L^0,efb929291fb3ed4159783d57eb43e4f4183bf2aa2552acd5d70f6ebf7aa04b27,efb929291fb3ed4159783d57eb43e4f4183bf2aa2552acd5d70f6ebf7aa04b27,efb929291fb3ed4159783d57eb43e4f4183bf2aa2552acd5d70f6ebf7aa04b27,$,,efb929291fb3ed4159783d57eb43e4f4183bf2aa2552acd5d70f6ebf7aa04b27,efb929291fb3ed4159783d57eb43e4f4183bf2aa2552acd5d70f6ebf7aa04b27,"{""basis"":""ordered nested-math atom; exact symbolic replay"",""kind"":""source-target-formula-map""}"
1.1.0,formula,O007-FREMLIN-V2-S241-FORMULA-0120,O007-FREMLIN-V2-S241,O007-RIGHTS-FREMLIN-DSL,O007-FREMLIN-V2-S241-SEG-241DC,120,241Dc,241Dc,129,131,5627,5635,6031,6039,\Bbb R,\Bbb R,f9d62b077eddf72778fc05527c5aa4d2352f16a46a94808294fdc2cb7e406580,f9d62b077eddf72778fc05527c5aa4d2352f16a46a94808294fdc2cb7e406580,22316cdc991b42844c0fcdb72f227b6d4c0e8457a736e325af2845b7b3df7f6c,$,,22316cdc991b42844c0fcdb72f227b6d4c0e8457a736e325af2845b7b3df7f6c,22316cdc991b42844c0fcdb72f227b6d4c0e8457a736e325af2845b7b3df7f6c,"{""basis"":""ordered nested-math atom; exact symbolic replay"",""kind"":""source-target-formula-map""}"
1.1.0,formula,O007-FREMLIN-V2-S241-FORMULA-0121,O007-FREMLIN-V2-S241,O007-RIGHTS-FREMLIN-DSL,O007-FREMLIN-V2-S241-SEG-241DC,121,241Dc,241Dc,129,131,5647,5668,6052,6073,\tbf{0}^{\ssbullet},\tbf{0}^{\ssbullet},143dedb6528455449024a676e9b049963e2b0b31485f40a69d525b6e2d285c3a,143dedb6528455449024a676e9b049963e2b0b31485f40a69d525b6e2d285c3a,143dedb6528455449024a676e9b049963e2b0b31485f40a69d525b6e2d285c3a,$,,143dedb6528455449024a676e9b049963e2b0b31485f40a69d525b6e2d285c3a,143dedb6528455449024a676e9b049963e2b0b31485f40a69d525b6e2d285c3a,"{""basis"":""ordered nested-math atom; exact symbolic replay"",""kind"":""source-target-formula-map""}"
1.1.0,formula,O007-FREMLIN-V2-S241-FORMULA-0122,O007-FREMLIN-V2-S241,O007-RIGHTS-FREMLIN-DSL,O007-FREMLIN-V2-S241-SEG-241DC,122,241Dc,241Dc,129,131,5676,5685,6082,6091,\tbf{0},\tbf{0},128be023a1d994ec75f0c40beca0e3f2d119088bb6ffc48de38b31f244cd2908,128be023a1d994ec75f0c40beca0e3f2d119088bb6ffc48de38b31f244cd2908,128be023a1d994ec75f0c40beca0e3f2d119088bb6ffc48de38b31f244cd2908,$,,128be023a1d994ec75f0c40beca0e3f2d119088bb6ffc48de38b31f244cd2908,128be023a1d994ec75f0c40beca0e3f2d119088bb6ffc48de38b31f244cd2908,"{""basis"":""ordered nested-math atom; exact symbolic replay"",""kind"":""source-target-formula-map""}"
1.1.0,formula,O007-FREMLIN-V2-S241-FORMULA-0123,O007-FREMLIN-V2-S241,O007-RIGHTS-FREMLIN-DSL,O007-FREMLIN-V2-S241-SEG-241DC,123,241Dc,241Dc,129,132,5714,5717,6109,6112,X,X,4b68ab3847feda7d6c62c1fbcbeebfa35eab7351ed5e78f4ddadea5df64b8015,4b68ab3847feda7d6c62c1fbcbeebfa35eab7351ed5e78f4ddadea5df64b8015,4b68ab3847feda7d6c62c1fbcbeebfa35eab7351ed5e78f4ddadea5df64b8015,$,,4b68ab3847feda7d6c62c1fbcbeebfa35eab7351ed5e78f4ddadea5df64b8015,4b68ab3847feda7d6c62c1fbcbeebfa35eab7351ed5e78f4ddadea5df64b8015,"{""basis"":""ordered nested-math atom; exact symbolic replay"",""kind"":""source-target-formula-map""}"
1.1.0,formula,O007-FREMLIN-V2-S241-FORMULA-0124,O007-FREMLIN-V2-S241,O007-RIGHTS-FREMLIN-DSL,O007-FREMLIN-V2-S241-SEG-241DC,124,241Dc,241Dc,130,132,5737,5740,6134,6137,0,0,5feceb66ffc86f38d952786c6d696c79c2dbc239dd4e91b46729d73a27fb57e9,5feceb66ffc86f38d952786c6d696c79c2dbc239dd4e91b46729d73a27fb57e9,5feceb66ffc86f38d952786c6d696c79c2dbc239dd4e91b46729d73a27fb57e9,$,,5feceb66ffc86f38d952786c6d696c79c2dbc239dd4e91b46729d73a27fb57e9,5feceb66ffc86f38d952786c6d696c79c2dbc239dd4e91b46729d73a27fb57e9,"{""basis"":""ordered nested-math atom; exact symbolic replay"",""kind"":""source-target-formula-map""}"
1.1.0,formula,O007-FREMLIN-V2-S241-FORMULA-0125,O007-FREMLIN-V2-S241,O007-RIGHTS-FREMLIN-DSL,O007-FREMLIN-V2-S241-SEG-241DC,125,241Dc,241Dc,130,133,5756,5791,6153,6188,-(f^{\ssbullet})=(-f)^{\ssbullet},-(f^{\ssbullet})=(-f)^{\ssbullet},1918eeb300dbdc3a75c5f76fa485349df7f5a8927a8e7e85d7b85064a7223ca9,1918eeb300dbdc3a75c5f76fa485349df7f5a8927a8e7e85d7b85064a7223ca9,1918eeb300dbdc3a75c5f76fa485349df7f5a8927a8e7e85d7b85064a7223ca9,$,,1918eeb300dbdc3a75c5f76fa485349df7f5a8927a8e7e85d7b85064a7223ca9,1918eeb300dbdc3a75c5f76fa485349df7f5a8927a8e7e85d7b85064a7223ca9,"{""basis"":""ordered nested-math atom; exact symbolic replay"",""kind"":""source-target-formula-map""}"
1.1.0,formula,O007-FREMLIN-V2-S241-FORMULA-0126,O007-FREMLIN-V2-S241,O007-RIGHTS-FREMLIN-DSL,O007-FREMLIN-V2-S241-SEG-241DC,126,241Dc,241Dc,133,136,5826,5843,6223,6240,f+(g+h)=(f+g)+h,f+(g+h)=(f+g)+h,dc424ae2efdf5ecfef456c2088ee6c4ad0034082c79f7bec100c9ace61c27d54,dc424ae2efdf5ecfef456c2088ee6c4ad0034082c79f7bec100c9ace61c27d54,dc424ae2efdf5ecfef456c2088ee6c4ad0034082c79f7bec100c9ace61c27d54,$,,dc424ae2efdf5ecfef456c2088ee6c4ad0034082c79f7bec100c9ace61c27d54,dc424ae2efdf5ecfef456c2088ee6c4ad0034082c79f7bec100c9ace61c27d54,"{""basis"":""ordered nested-math atom; exact symbolic replay"",""kind"":""source-target-formula-map""}"
1.1.0,formula,O007-FREMLIN-V2-S241-FORMULA-0127,O007-FREMLIN-V2-S241,O007-RIGHTS-FREMLIN-DSL,O007-FREMLIN-V2-S241-SEG-241DC,127,241Dc,241Dc,133,136,5852,5855,6253,6256,f,f,252f10c83610ebca1a059c0bae8255eba2f95be4d1d7bcfa89d7248a82d9f111,252f10c83610ebca1a059c0bae8255eba2f95be4d1d7bcfa89d7248a82d9f111,252f10c83610ebca1a059c0bae8255eba2f95be4d1d7bcfa89d7248a82d9f111,$,,252f10c83610ebca1a059c0bae8255eba2f95be4d1d7bcfa89d7248a82d9f111,252f10c83610ebca1a059c0bae8255eba2f95be4d1d7bcfa89d7248a82d9f111,"{""basis"":""ordered nested-math atom; exact symbolic replay"",""kind"":""source-target-formula-map""}"
1.1.0,formula,O007-FREMLIN-V2-S241-FORMULA-0128,O007-FREMLIN-V2-S241,O007-RIGHTS-FREMLIN-DSL,O007-FREMLIN-V2-S241-SEG-241DC,128,241Dc,241Dc,133,136,5857,5860,6258,6261,g,g,cd0aa9856147b6c5b4ff2b7dfee5da20aa38253099ef1b4a64aced233c9afe29,cd0aa9856147b6c5b4ff2b7dfee5da20aa38253099ef1b4a64aced233c9afe29,cd0aa9856147b6c5b4ff2b7dfee5da20aa38253099ef1b4a64aced233c9afe29,$,,cd0aa9856147b6c5b4ff2b7dfee5da20aa38253099ef1b4a64aced233c9afe29,cd0aa9856147b6c5b4ff2b7dfee5da20aa38253099ef1b4a64aced233c9afe29,"{""basis"":""ordered nested-math atom; exact symbolic replay"",""kind"":""source-target-formula-map""}"
1.1.0,formula,O007-FREMLIN-V2-S241-FORMULA-0129,O007-FREMLIN-V2-S241,O007-RIGHTS-FREMLIN-DSL,O007-FREMLIN-V2-S241-SEG-241DC,129,241Dc,241Dc,133,136,5862,5877,6263,6278,h\in\eusm L^0,h\in\eusm L^0,8a7ed8abc75c5cf0efd3da8f8b2da15a6857f4c9b9342b1090f2b2240ce266f3,8a7ed8abc75c5cf0efd3da8f8b2da15a6857f4c9b9342b1090f2b2240ce266f3,3fa246f3d994d700070440281eefc7318eb962bb9a00b5ecdbfd1f9ea70b9632,$,,3fa246f3d994d700070440281eefc7318eb962bb9a00b5ecdbfd1f9ea70b9632,3fa246f3d994d700070440281eefc7318eb962bb9a00b5ecdbfd1f9ea70b9632,"{""basis"":""ordered nested-math atom; exact symbolic replay"",""kind"":""source-target-formula-map""}"
1.1.0,formula,O007-FREMLIN-V2-S241-FORMULA-0130,O007-FREMLIN-V2-S241,O007-RIGHTS-FREMLIN-DSL,O007-FREMLIN-V2-S241-SEG-241DC,130,241Dc,241Dc,138,141,5908,5925,6315,6332,u+(v+w)=(u+v)+w,u+(v+w)=(u+v)+w,ab7f4f3f8666bd5bb89c03d42720da871a383f465d3b7f6d205f833cf00a0ac6,ab7f4f3f8666bd5bb89c03d42720da871a383f465d3b7f6d205f833cf00a0ac6,ab7f4f3f8666bd5bb89c03d42720da871a383f465d3b7f6d205f833cf00a0ac6,$,,ab7f4f3f8666bd5bb89c03d42720da871a383f465d3b7f6d205f833cf00a0ac6,ab7f4f3f8666bd5bb89c03d42720da871a383f465d3b7f6d205f833cf00a0ac6,"{""basis"":""ordered nested-math atom; exact symbolic replay"",""kind"":""source-target-formula-map""}"
1.1.0,formula,O007-FREMLIN-V2-S241-FORMULA-0131,O007-FREMLIN-V2-S241,O007-RIGHTS-FREMLIN-DSL,O007-FREMLIN-V2-S241-SEG-241DC,131,241Dc,241Dc,138,141,5934,5937,6345,6348,u,u,0bfe935e70c321c7ca3afc75ce0d0ca2f98b5422e008bb31c00c6d7f1f1c0ad6,0bfe935e70c321c7ca3afc75ce0d0ca2f98b5422e008bb31c00c6d7f1f1c0ad6,0bfe935e70c321c7ca3afc75ce0d0ca2f98b5422e008bb31c00c6d7f1f1c0ad6,$,,0bfe935e70c321c7ca3afc75ce0d0ca2f98b5422e008bb31c00c6d7f1f1c0ad6,0bfe935e70c321c7ca3afc75ce0d0ca2f98b5422e008bb31c00c6d7f1f1c0ad6,"{""basis"":""ordered nested-math atom; exact symbolic replay"",""kind"":""source-target-formula-map""}"
1.1.0,formula,O007-FREMLIN-V2-S241-FORMULA-0132,O007-FREMLIN-V2-S241,O007-RIGHTS-FREMLIN-DSL,O007-FREMLIN-V2-S241-SEG-241DC,132,241Dc,241Dc,138,141,5939,5942,6350,6353,v,v,4c94485e0c21ae6c41ce1dfe7b6bfaceea5ab68e40a2476f50208e526f506080,4c94485e0c21ae6c41ce1dfe7b6bfaceea5ab68e40a2476f50208e526f506080,4c94485e0c21ae6c41ce1dfe7b6bfaceea5ab68e40a2476f50208e526f506080,$,,4c94485e0c21ae6c41ce1dfe7b6bfaceea5ab68e40a2476f50208e526f506080,4c94485e0c21ae6c41ce1dfe7b6bfaceea5ab68e40a2476f50208e526f506080,"{""basis"":""ordered nested-math atom; exact symbolic replay"",""kind"":""source-target-formula-map""}"
1.1.0,formula,O007-FREMLIN-V2-S241-FORMULA-0133,O007-FREMLIN-V2-S241,O007-RIGHTS-FREMLIN-DSL,O007-FREMLIN-V2-S241-SEG-241DC,133,241Dc,241Dc,138,141,5944,5954,6355,6365,w\in L^0,w\in L^0,383a29ec28114b0e0bb107cc538910d07380345e6ef82b4d71e6008fa1f3264c,383a29ec28114b0e0bb107cc538910d07380345e6ef82b4d71e6008fa1f3264c,62270f4d9c18c315eeaf51cffdbd8a2c8e412c6849dee42c5399a4d7b3e4cafe,$,,62270f4d9c18c315eeaf51cffdbd8a2c8e412c6849dee42c5399a4d7b3e4cafe,62270f4d9c18c315eeaf51cffdbd8a2c8e412c6849dee42c5399a4d7b3e4cafe,"{""basis"":""ordered nested-math atom; exact symbolic replay"",""kind"":""source-target-formula-map""}"
1.1.0,formula,O007-FREMLIN-V2-S241-FORMULA-0134,O007-FREMLIN-V2-S241,O007-RIGHTS-FREMLIN-DSL,O007-FREMLIN-V2-S241-SEG-241DC,134,241Dc,241Dc,142,145,5976,5999,6387,6410,f+\tbf{0}=\tbf{0}+f=f,f+\tbf{0}=\tbf{0}+f=f,b18454074aee84fd93f4d0ae670c73dd7cd98bb0f01dae9429aea71f44ee2b65,b18454074aee84fd93f4d0ae670c73dd7cd98bb0f01dae9429aea71f44ee2b65,b18454074aee84fd93f4d0ae670c73dd7cd98bb0f01dae9429aea71f44ee2b65,$,,b18454074aee84fd93f4d0ae670c73dd7cd98bb0f01dae9429aea71f44ee2b65,b18454074aee84fd93f4d0ae670c73dd7cd98bb0f01dae9429aea71f44ee2b65,"{""basis"":""ordered nested-math atom; exact symbolic replay"",""kind"":""source-target-formula-map""}"
1.1.0,formula,O007-FREMLIN-V2-S241-FORMULA-0135,O007-FREMLIN-V2-S241,O007-RIGHTS-FREMLIN-DSL,O007-FREMLIN-V2-S241-SEG-241DC,135,241Dc,241Dc,142,145,6010,6025,6424,6439,f\in\eusm L^0,f\in\eusm L^0,6543e42c5f138e90eba1bced054e8c4826a26b50cd7f0bde6a49b82d0087fe7b,6543e42c5f138e90eba1bced054e8c4826a26b50cd7f0bde6a49b82d0087fe7b,5a8f974bce4387525c09d2cf266aaeaca66ee82c353a97c32ba20dab152ac7f8,$,,5a8f974bce4387525c09d2cf266aaeaca66ee82c353a97c32ba20dab152ac7f8,5a8f974bce4387525c09d2cf266aaeaca66ee82c353a97c32ba20dab152ac7f8,"{""basis"":""ordered nested-math atom; exact symbolic replay"",""kind"":""source-target-formula-map""}"
1.1.0,formula,O007-FREMLIN-V2-S241-FORMULA-0136,O007-FREMLIN-V2-S241,O007-RIGHTS-FREMLIN-DSL,O007-FREMLIN-V2-S241-SEG-241DC,136,241Dc,241Dc,146,149,6055,6102,6475,6522,u+\tbf{0}^{\ssbullet}=\tbf{0}^{\ssbullet}+u=u,u+\tbf{0}^{\ssbullet}=\tbf{0}^{\ssbullet}+u=u,a6bd2d9275c04b458fd110129db586f79d6ee7a1d3f132116bd9076f1185873a,a6bd2d9275c04b458fd110129db586f79d6ee7a1d3f132116bd9076f1185873a,a6bd2d9275c04b458fd110129db586f79d6ee7a1d3f132116bd9076f1185873a,$,,a6bd2d9275c04b458fd110129db586f79d6ee7a1d3f132116bd9076f1185873a,a6bd2d9275c04b458fd110129db586f79d6ee7a1d3f132116bd9076f1185873a,"{""basis"":""ordered nested-math atom; exact symbolic replay"",""kind"":""source-target-formula-map""}"
1.1.0,formula,O007-FREMLIN-V2-S241-FORMULA-0137,O007-FREMLIN-V2-S241,O007-RIGHTS-FREMLIN-DSL,O007-FREMLIN-V2-S241-SEG-241DC,137,241Dc,241Dc,147,150,6113,6123,6536,6546,u\in L^0,u\in L^0,ba1840d798a1f35ea927e7454a8c1d2c1c2131ce893fc1b608cfbfa984210846,ba1840d798a1f35ea927e7454a8c1d2c1c2131ce893fc1b608cfbfa984210846,f85392ebe6b3fab109d0ca79dfa610bac6e936703ca234a34e77921bd68ca1cb,$,,f85392ebe6b3fab109d0ca79dfa610bac6e936703ca234a34e77921bd68ca1cb,f85392ebe6b3fab109d0ca79dfa610bac6e936703ca234a34e77921bd68ca1cb,"{""basis"":""ordered nested-math atom; exact symbolic replay"",""kind"":""source-target-formula-map""}"
1.1.0,formula,O007-FREMLIN-V2-S241-FORMULA-0138,O007-FREMLIN-V2-S241,O007-RIGHTS-FREMLIN-DSL,O007-FREMLIN-V2-S241-SEG-241DC,138,241Dc,241Dc,151,154,6146,6165,6569,6588,f+(-f)\eae\tbf{0},f+(-f)\eae\tbf{0},c4f545ec549ce8fed0b85b64aa1f1d333e0be77dc0b5cc7aa50645300b262081,c4f545ec549ce8fed0b85b64aa1f1d333e0be77dc0b5cc7aa50645300b262081,c4f545ec549ce8fed0b85b64aa1f1d333e0be77dc0b5cc7aa50645300b262081,$,,c4f545ec549ce8fed0b85b64aa1f1d333e0be77dc0b5cc7aa50645300b262081,c4f545ec549ce8fed0b85b64aa1f1d333e0be77dc0b5cc7aa50645300b262081,"{""basis"":""ordered nested-math atom; exact symbolic replay"",""kind"":""source-target-formula-map""}"
1.1.0,formula,O007-FREMLIN-V2-S241-FORMULA-0139,O007-FREMLIN-V2-S241,O007-RIGHTS-FREMLIN-DSL,O007-FREMLIN-V2-S241-SEG-241DC,139,241Dc,241Dc,151,154,6176,6191,6602,6617,f\in\eusm L^0,f\in\eusm L^0,6543e42c5f138e90eba1bced054e8c4826a26b50cd7f0bde6a49b82d0087fe7b,6543e42c5f138e90eba1bced054e8c4826a26b50cd7f0bde6a49b82d0087fe7b,5a8f974bce4387525c09d2cf266aaeaca66ee82c353a97c32ba20dab152ac7f8,$,,5a8f974bce4387525c09d2cf266aaeaca66ee82c353a97c32ba20dab152ac7f8,5a8f974bce4387525c09d2cf266aaeaca66ee82c353a97c32ba20dab152ac7f8,"{""basis"":""ordered nested-math atom; exact symbolic replay"",""kind"":""source-target-formula-map""}"
1.1.0,formula,O007-FREMLIN-V2-S241-FORMULA-0140,O007-FREMLIN-V2-S241,O007-RIGHTS-FREMLIN-DSL,O007-FREMLIN-V2-S241-SEG-241DC,140,241Dc,241Dc,154,157,6220,6272,6652,6704,f^{\ssbullet}+(-f)^{\ssbullet}=\tbf{0}^{\ssbullet},f^{\ssbullet}+(-f)^{\ssbullet}=\tbf{0}^{\ssbullet},78f361b536ee18ed74ec0243d091615db3b07f9b73f253a69f5fbebedc13b44b,78f361b536ee18ed74ec0243d091615db3b07f9b73f253a69f5fbebedc13b44b,78f361b536ee18ed74ec0243d091615db3b07f9b73f253a69f5fbebedc13b44b,$,,78f361b536ee18ed74ec0243d091615db3b07f9b73f253a69f5fbebedc13b44b,78f361b536ee18ed74ec0243d091615db3b07f9b73f253a69f5fbebedc13b44b,"{""basis"":""ordered nested-math atom; exact symbolic replay"",""kind"":""source-target-formula-map""}"
1.1.0,formula,O007-FREMLIN-V2-S241-FORMULA-0141,O007-FREMLIN-V2-S241,O007-RIGHTS-FREMLIN-DSL,O007-FREMLIN-V2-S241-SEG-241DC,141,241Dc,241Dc,155,158,6283,6298,6718,6733,f\in\eusm L^0,f\in\eusm L^0,6543e42c5f138e90eba1bced054e8c4826a26b50cd7f0bde6a49b82d0087fe7b,6543e42c5f138e90eba1bced054e8c4826a26b50cd7f0bde6a49b82d0087fe7b,5a8f974bce4387525c09d2cf266aaeaca66ee82c353a97c32ba20dab152ac7f8,$,,5a8f974bce4387525c09d2cf266aaeaca66ee82c353a97c32ba20dab152ac7f8,5a8f974bce4387525c09d2cf266aaeaca66ee82c353a97c32ba20dab152ac7f8,"{""basis"":""ordered nested-math atom; exact symbolic replay"",""kind"":""source-target-formula-map""}"
1.1.0,formula,O007-FREMLIN-V2-S241-FORMULA-0142,O007-FREMLIN-V2-S241,O007-RIGHTS-FREMLIN-DSL,O007-FREMLIN-V2-S241-SEG-241DC,142,241Dc,241Dc,159,162,6320,6329,6755,6764,f+g=g+f,f+g=g+f,745168a27d725e4c5a457997129330a19936973d6d5d24093d9c7660b0d02c56,745168a27d725e4c5a457997129330a19936973d6d5d24093d9c7660b0d02c56,745168a27d725e4c5a457997129330a19936973d6d5d24093d9c7660b0d02c56,$,,745168a27d725e4c5a457997129330a19936973d6d5d24093d9c7660b0d02c56,745168a27d725e4c5a457997129330a19936973d6d5d24093d9c7660b0d02c56,"{""basis"":""ordered nested-math atom; exact symbolic replay"",""kind"":""source-target-formula-map""}"
1.1.0,formula,O007-FREMLIN-V2-S241-FORMULA-0143,O007-FREMLIN-V2-S241,O007-RIGHTS-FREMLIN-DSL,O007-FREMLIN-V2-S241-SEG-241DC,143,241Dc,241Dc,159,162,6338,6341,6777,6780,f,f,252f10c83610ebca1a059c0bae8255eba2f95be4d1d7bcfa89d7248a82d9f111,252f10c83610ebca1a059c0bae8255eba2f95be4d1d7bcfa89d7248a82d9f111,252f10c83610ebca1a059c0bae8255eba2f95be4d1d7bcfa89d7248a82d9f111,$,,252f10c83610ebca1a059c0bae8255eba2f95be4d1d7bcfa89d7248a82d9f111,252f10c83610ebca1a059c0bae8255eba2f95be4d1d7bcfa89d7248a82d9f111,"{""basis"":""ordered nested-math atom; exact symbolic replay"",""kind"":""source-target-formula-map""}"
1.1.0,formula,O007-FREMLIN-V2-S241-FORMULA-0144,O007-FREMLIN-V2-S241,O007-RIGHTS-FREMLIN-DSL,O007-FREMLIN-V2-S241-SEG-241DC,144,241Dc,241Dc,159,162,6343,6358,6782,6797,g\in\eusm L^0,g\in\eusm L^0,ca4d2434fa769eeec35d32850aaacb6dd01821ae84167bdf03fa203de40bf8f1,ca4d2434fa769eeec35d32850aaacb6dd01821ae84167bdf03fa203de40bf8f1,d831139421b5d479221e5b0f06e80687e70b8ff9c8b25f61cf4ad5a952254fa0,$,,d831139421b5d479221e5b0f06e80687e70b8ff9c8b25f61cf4ad5a952254fa0,d831139421b5d479221e5b0f06e80687e70b8ff9c8b25f61cf4ad5a952254fa0,"{""basis"":""ordered nested-math atom; exact symbolic replay"",""kind"":""source-target-formula-map""}"
1.1.0,formula,O007-FREMLIN-V2-S241-FORMULA-0145,O007-FREMLIN-V2-S241,O007-RIGHTS-FREMLIN-DSL,O007-FREMLIN-V2-S241-SEG-241DC,145,241Dc,241Dc,163,166,6388,6397,6833,6842,u+v=v+u,u+v=v+u,de10537e0a3efa4d4acc657922c1b225033a9876a28a00e68716d82c134fe152,de10537e0a3efa4d4acc657922c1b225033a9876a28a00e68716d82c134fe152,de10537e0a3efa4d4acc657922c1b225033a9876a28a00e68716d82c134fe152,$,,de10537e0a3efa4d4acc657922c1b225033a9876a28a00e68716d82c134fe152,de10537e0a3efa4d4acc657922c1b225033a9876a28a00e68716d82c134fe152,"{""basis"":""ordered nested-math atom; exact symbolic replay"",""kind"":""source-target-formula-map""}"
1.1.0,formula,O007-FREMLIN-V2-S241-FORMULA-0146,O007-FREMLIN-V2-S241,O007-RIGHTS-FREMLIN-DSL,O007-FREMLIN-V2-S241-SEG-241DC,146,241Dc,241Dc,163,166,6406,6409,6855,6858,u,u,0bfe935e70c321c7ca3afc75ce0d0ca2f98b5422e008bb31c00c6d7f1f1c0ad6,0bfe935e70c321c7ca3afc75ce0d0ca2f98b5422e008bb31c00c6d7f1f1c0ad6,0bfe935e70c321c7ca3afc75ce0d0ca2f98b5422e008bb31c00c6d7f1f1c0ad6,$,,0bfe935e70c321c7ca3afc75ce0d0ca2f98b5422e008bb31c00c6d7f1f1c0ad6,0bfe935e70c321c7ca3afc75ce0d0ca2f98b5422e008bb31c00c6d7f1f1c0ad6,"{""basis"":""ordered nested-math atom; exact symbolic replay"",""kind"":""source-target-formula-map""}"
1.1.0,formula,O007-FREMLIN-V2-S241-FORMULA-0147,O007-FREMLIN-V2-S241,O007-RIGHTS-FREMLIN-DSL,O007-FREMLIN-V2-S241-SEG-241DC,147,241Dc,241Dc,164,167,6411,6421,6860,6870,v\in L^0,v\in L^0,f19b89c4a2c7f7474e837d24a75e09b5c489b58e1192b06c96a34a34ce0ba6fe,f19b89c4a2c7f7474e837d24a75e09b5c489b58e1192b06c96a34a34ce0ba6fe,4ba74b005e769f6fc3b30eb7fd3273974b3ec1a6e2eb7b7bb5185492a7be12fe,$,,4ba74b005e769f6fc3b30eb7fd3273974b3ec1a6e2eb7b7bb5185492a7be12fe,4ba74b005e769f6fc3b30eb7fd3273974b3ec1a6e2eb7b7bb5185492a7be12fe,"{""basis"":""ordered nested-math atom; exact symbolic replay"",""kind"":""source-target-formula-map""}"
1.1.0,formula,O007-FREMLIN-V2-S241-FORMULA-0148,O007-FREMLIN-V2-S241,O007-RIGHTS-FREMLIN-DSL,O007-FREMLIN-V2-S241-SEG-241DC,148,241Dc,241Dc,168,171,6442,6456,6891,6905,c(f+g)=cf+cg,c(f+g)=cf+cg,e10eb66fc5b5b9a4c6b45eddbc190508a48e12999f55df0f84e5c934fa4cd122,e10eb66fc5b5b9a4c6b45eddbc190508a48e12999f55df0f84e5c934fa4cd122,e10eb66fc5b5b9a4c6b45eddbc190508a48e12999f55df0f84e5c934fa4cd122,$,,e10eb66fc5b5b9a4c6b45eddbc190508a48e12999f55df0f84e5c934fa4cd122,e10eb66fc5b5b9a4c6b45eddbc190508a48e12999f55df0f84e5c934fa4cd122,"{""basis"":""ordered nested-math atom; exact symbolic replay"",""kind"":""source-target-formula-map""}"
1.1.0,formula,O007-FREMLIN-V2-S241-FORMULA-0149,O007-FREMLIN-V2-S241,O007-RIGHTS-FREMLIN-DSL,O007-FREMLIN-V2-S241-SEG-241DC,149,241Dc,241Dc,168,171,6465,6468,6918,6921,f,f,252f10c83610ebca1a059c0bae8255eba2f95be4d1d7bcfa89d7248a82d9f111,252f10c83610ebca1a059c0bae8255eba2f95be4d1d7bcfa89d7248a82d9f111,252f10c83610ebca1a059c0bae8255eba2f95be4d1d7bcfa89d7248a82d9f111,$,,252f10c83610ebca1a059c0bae8255eba2f95be4d1d7bcfa89d7248a82d9f111,252f10c83610ebca1a059c0bae8255eba2f95be4d1d7bcfa89d7248a82d9f111,"{""basis"":""ordered nested-math atom; exact symbolic replay"",""kind"":""source-target-formula-map""}"
1.1.0,formula,O007-FREMLIN-V2-S241-FORMULA-0150,O007-FREMLIN-V2-S241,O007-RIGHTS-FREMLIN-DSL,O007-FREMLIN-V2-S241-SEG-241DC,150,241Dc,241Dc,168,171,6470,6485,6923,6938,g\in\eusm L^0,g\in\eusm L^0,ca4d2434fa769eeec35d32850aaacb6dd01821ae84167bdf03fa203de40bf8f1,ca4d2434fa769eeec35d32850aaacb6dd01821ae84167bdf03fa203de40bf8f1,d831139421b5d479221e5b0f06e80687e70b8ff9c8b25f61cf4ad5a952254fa0,$,,d831139421b5d479221e5b0f06e80687e70b8ff9c8b25f61cf4ad5a952254fa0,d831139421b5d479221e5b0f06e80687e70b8ff9c8b25f61cf4ad5a952254fa0,"{""basis"":""ordered nested-math atom; exact symbolic replay"",""kind"":""source-target-formula-map""}"
1.1.0,formula,O007-FREMLIN-V2-S241-FORMULA-0151,O007-FREMLIN-V2-S241,O007-RIGHTS-FREMLIN-DSL,O007-FREMLIN-V2-S241-SEG-241DC,151,241Dc,241Dc,169,172,6490,6502,6943,6955,c\in\Bbb R,c\in\Bbb R,365f5ce487f10d724b33ca913e9f2aff3456a3c2ba87d35652de7cf350ca3be0,365f5ce487f10d724b33ca913e9f2aff3456a3c2ba87d35652de7cf350ca3be0,94bc9d92c15c2e8afaebffdcd5145690aa18e8d3436bad14ca833f19d17e6977,$,,94bc9d92c15c2e8afaebffdcd5145690aa18e8d3436bad14ca833f19d17e6977,94bc9d92c15c2e8afaebffdcd5145690aa18e8d3436bad14ca833f19d17e6977,"{""basis"":""ordered nested-math atom; exact symbolic replay"",""kind"":""source-target-formula-map""}"
1.1.0,formula,O007-FREMLIN-V2-S241-FORMULA-0152,O007-FREMLIN-V2-S241,O007-RIGHTS-FREMLIN-DSL,O007-FREMLIN-V2-S241-SEG-241DC,152,241Dc,241Dc,173,176,6532,6546,6991,7005,c(u+v)=cu+cv,c(u+v)=cu+cv,2c71123874022951388c4456a36f19671cbce457fcc1dc6e9b4c5e11cdd76abf,2c71123874022951388c4456a36f19671cbce457fcc1dc6e9b4c5e11cdd76abf,2c71123874022951388c4456a36f19671cbce457fcc1dc6e9b4c5e11cdd76abf,$,,2c71123874022951388c4456a36f19671cbce457fcc1dc6e9b4c5e11cdd76abf,2c71123874022951388c4456a36f19671cbce457fcc1dc6e9b4c5e11cdd76abf,"{""basis"":""ordered nested-math atom; exact symbolic replay"",""kind"":""source-target-formula-map""}"
1.1.0,formula,O007-FREMLIN-V2-S241-FORMULA-0153,O007-FREMLIN-V2-S241,O007-RIGHTS-FREMLIN-DSL,O007-FREMLIN-V2-S241-SEG-241DC,153,241Dc,241Dc,173,176,6555,6558,7018,7021,u,u,0bfe935e70c321c7ca3afc75ce0d0ca2f98b5422e008bb31c00c6d7f1f1c0ad6,0bfe935e70c321c7ca3afc75ce0d0ca2f98b5422e008bb31c00c6d7f1f1c0ad6,0bfe935e70c321c7ca3afc75ce0d0ca2f98b5422e008bb31c00c6d7f1f1c0ad6,$,,0bfe935e70c321c7ca3afc75ce0d0ca2f98b5422e008bb31c00c6d7f1f1c0ad6,0bfe935e70c321c7ca3afc75ce0d0ca2f98b5422e008bb31c00c6d7f1f1c0ad6,"{""basis"":""ordered nested-math atom; exact symbolic replay"",""kind"":""source-target-formula-map""}"
1.1.0,formula,O007-FREMLIN-V2-S241-FORMULA-0154,O007-FREMLIN-V2-S241,O007-RIGHTS-FREMLIN-DSL,O007-FREMLIN-V2-S241-SEG-241DC,154,241Dc,241Dc,173,176,6560,6570,7023,7033,v\in L^0,v\in L^0,f19b89c4a2c7f7474e837d24a75e09b5c489b58e1192b06c96a34a34ce0ba6fe,f19b89c4a2c7f7474e837d24a75e09b5c489b58e1192b06c96a34a34ce0ba6fe,4ba74b005e769f6fc3b30eb7fd3273974b3ec1a6e2eb7b7bb5185492a7be12fe,$,,4ba74b005e769f6fc3b30eb7fd3273974b3ec1a6e2eb7b7bb5185492a7be12fe,4ba74b005e769f6fc3b30eb7fd3273974b3ec1a6e2eb7b7bb5185492a7be12fe,"{""basis"":""ordered nested-math atom; exact symbolic replay"",""kind"":""source-target-formula-map""}"
1.1.0,formula,O007-FREMLIN-V2-S241-FORMULA-0155,O007-FREMLIN-V2-S241,O007-RIGHTS-FREMLIN-DSL,O007-FREMLIN-V2-S241-SEG-241DC,155,241Dc,241Dc,173,176,6575,6587,7038,7050,"c\in\Bbb
R","c\in\Bbb
R",b6476d590c17cc2075348cf1b5a97ff645084b9a01b5ea1afbe8c8a3ec97409f,b6476d590c17cc2075348cf1b5a97ff645084b9a01b5ea1afbe8c8a3ec97409f,94bc9d92c15c2e8afaebffdcd5145690aa18e8d3436bad14ca833f19d17e6977,$,,94bc9d92c15c2e8afaebffdcd5145690aa18e8d3436bad14ca833f19d17e6977,94bc9d92c15c2e8afaebffdcd5145690aa18e8d3436bad14ca833f19d17e6977,"{""basis"":""ordered nested-math atom; exact symbolic replay"",""kind"":""source-target-formula-map""}"
1.1.0,formula,O007-FREMLIN-V2-S241-FORMULA-0156,O007-FREMLIN-V2-S241,O007-RIGHTS-FREMLIN-DSL,O007-FREMLIN-V2-S241-SEG-241DC,156,241Dc,241Dc,178,181,6609,6623,7072,7086,(a+b)f=af+bf,(a+b)f=af+bf,5a24417b76dbf6cc80e4429c76322423822ddb4f250c78008557c4817c650130,5a24417b76dbf6cc80e4429c76322423822ddb4f250c78008557c4817c650130,5a24417b76dbf6cc80e4429c76322423822ddb4f250c78008557c4817c650130,$,,5a24417b76dbf6cc80e4429c76322423822ddb4f250c78008557c4817c650130,5a24417b76dbf6cc80e4429c76322423822ddb4f250c78008557c4817c650130,"{""basis"":""ordered nested-math atom; exact symbolic replay"",""kind"":""source-target-formula-map""}"
1.1.0,formula,O007-FREMLIN-V2-S241-FORMULA-0157,O007-FREMLIN-V2-S241,O007-RIGHTS-FREMLIN-DSL,O007-FREMLIN-V2-S241-SEG-241DC,157,241Dc,241Dc,178,181,6632,6647,7099,7114,f\in\eusm L^0,f\in\eusm L^0,6543e42c5f138e90eba1bced054e8c4826a26b50cd7f0bde6a49b82d0087fe7b,6543e42c5f138e90eba1bced054e8c4826a26b50cd7f0bde6a49b82d0087fe7b,5a8f974bce4387525c09d2cf266aaeaca66ee82c353a97c32ba20dab152ac7f8,$,,5a8f974bce4387525c09d2cf266aaeaca66ee82c353a97c32ba20dab152ac7f8,5a8f974bce4387525c09d2cf266aaeaca66ee82c353a97c32ba20dab152ac7f8,"{""basis"":""ordered nested-math atom; exact symbolic replay"",""kind"":""source-target-formula-map""}"
1.1.0,formula,O007-FREMLIN-V2-S241-FORMULA-0158,O007-FREMLIN-V2-S241,O007-RIGHTS-FREMLIN-DSL,O007-FREMLIN-V2-S241-SEG-241DC,158,241Dc,241Dc,178,181,6652,6655,7119,7122,a,a,ca978112ca1bbdcafac231b39a23dc4da786eff8147c4e72b9807785afee48bb,ca978112ca1bbdcafac231b39a23dc4da786eff8147c4e72b9807785afee48bb,ca978112ca1bbdcafac231b39a23dc4da786eff8147c4e72b9807785afee48bb,$,,ca978112ca1bbdcafac231b39a23dc4da786eff8147c4e72b9807785afee48bb,ca978112ca1bbdcafac231b39a23dc4da786eff8147c4e72b9807785afee48bb,"{""basis"":""ordered nested-math atom; exact symbolic replay"",""kind"":""source-target-formula-map""}"
1.1.0,formula,O007-FREMLIN-V2-S241-FORMULA-0159,O007-FREMLIN-V2-S241,O007-RIGHTS-FREMLIN-DSL,O007-FREMLIN-V2-S241-SEG-241DC,159,241Dc,241Dc,179,182,6657,6669,7124,7136,b\in\Bbb R,b\in\Bbb R,e1e59af8f16ba3e6f0c913dd4c313121f218777c1013ca372ad854fa984bc0af,e1e59af8f16ba3e6f0c913dd4c313121f218777c1013ca372ad854fa984bc0af,acf1a3309af82edc7b05470aff44b905151892a4d56ab8c2a95aea53e9b64c33,$,,acf1a3309af82edc7b05470aff44b905151892a4d56ab8c2a95aea53e9b64c33,acf1a3309af82edc7b05470aff44b905151892a4d56ab8c2a95aea53e9b64c33,"{""basis"":""ordered nested-math atom; exact symbolic replay"",""kind"":""source-target-formula-map""}"
1.1.0,formula,O007-FREMLIN-V2-S241-FORMULA-0160,O007-FREMLIN-V2-S241,O007-RIGHTS-FREMLIN-DSL,O007-FREMLIN-V2-S241-SEG-241DC,160,241Dc,241Dc,183,186,6699,6713,7172,7186,(a+b)u=au+bu,(a+b)u=au+bu,00125b1e5a8b38db982c1b6526b4aa10a30757cb6d6fa12e99da6d9b26661133,00125b1e5a8b38db982c1b6526b4aa10a30757cb6d6fa12e99da6d9b26661133,00125b1e5a8b38db982c1b6526b4aa10a30757cb6d6fa12e99da6d9b26661133,$,,00125b1e5a8b38db982c1b6526b4aa10a30757cb6d6fa12e99da6d9b26661133,00125b1e5a8b38db982c1b6526b4aa10a30757cb6d6fa12e99da6d9b26661133,"{""basis"":""ordered nested-math atom; exact symbolic replay"",""kind"":""source-target-formula-map""}"
1.1.0,formula,O007-FREMLIN-V2-S241-FORMULA-0161,O007-FREMLIN-V2-S241,O007-RIGHTS-FREMLIN-DSL,O007-FREMLIN-V2-S241-SEG-241DC,161,241Dc,241Dc,183,186,6722,6732,7199,7209,u\in L^0,u\in L^0,ba1840d798a1f35ea927e7454a8c1d2c1c2131ce893fc1b608cfbfa984210846,ba1840d798a1f35ea927e7454a8c1d2c1c2131ce893fc1b608cfbfa984210846,f85392ebe6b3fab109d0ca79dfa610bac6e936703ca234a34e77921bd68ca1cb,$,,f85392ebe6b3fab109d0ca79dfa610bac6e936703ca234a34e77921bd68ca1cb,f85392ebe6b3fab109d0ca79dfa610bac6e936703ca234a34e77921bd68ca1cb,"{""basis"":""ordered nested-math atom; exact symbolic replay"",""kind"":""source-target-formula-map""}"
1.1.0,formula,O007-FREMLIN-V2-S241-FORMULA-0162,O007-FREMLIN-V2-S241,O007-RIGHTS-FREMLIN-DSL,O007-FREMLIN-V2-S241-SEG-241DC,162,241Dc,241Dc,183,186,6737,6740,7214,7217,a,a,ca978112ca1bbdcafac231b39a23dc4da786eff8147c4e72b9807785afee48bb,ca978112ca1bbdcafac231b39a23dc4da786eff8147c4e72b9807785afee48bb,ca978112ca1bbdcafac231b39a23dc4da786eff8147c4e72b9807785afee48bb,$,,ca978112ca1bbdcafac231b39a23dc4da786eff8147c4e72b9807785afee48bb,ca978112ca1bbdcafac231b39a23dc4da786eff8147c4e72b9807785afee48bb,"{""basis"":""ordered nested-math atom; exact symbolic replay"",""kind"":""source-target-formula-map""}"
1.1.0,formula,O007-FREMLIN-V2-S241-FORMULA-0163,O007-FREMLIN-V2-S241,O007-RIGHTS-FREMLIN-DSL,O007-FREMLIN-V2-S241-SEG-241DC,163,241Dc,241Dc,183,186,6742,6754,7219,7231,b\in\Bbb R,b\in\Bbb R,e1e59af8f16ba3e6f0c913dd4c313121f218777c1013ca372ad854fa984bc0af,e1e59af8f16ba3e6f0c913dd4c313121f218777c1013ca372ad854fa984bc0af,acf1a3309af82edc7b05470aff44b905151892a4d56ab8c2a95aea53e9b64c33,$,,acf1a3309af82edc7b05470aff44b905151892a4d56ab8c2a95aea53e9b64c33,acf1a3309af82edc7b05470aff44b905151892a4d56ab8c2a95aea53e9b64c33,"{""basis"":""ordered nested-math atom; exact symbolic replay"",""kind"":""source-target-formula-map""}"
1.1.0,formula,O007-FREMLIN-V2-S241-FORMULA-0164,O007-FREMLIN-V2-S241,O007-RIGHTS-FREMLIN-DSL,O007-FREMLIN-V2-S241-SEG-241DC,164,241Dc,241Dc,187,190,6777,6790,7254,7267,(ab)f=a(bf),(ab)f=a(bf),ce3bf33c5ab37a236209cfd192c45071fc809220470965294490d98549d84740,ce3bf33c5ab37a236209cfd192c45071fc809220470965294490d98549d84740,ce3bf33c5ab37a236209cfd192c45071fc809220470965294490d98549d84740,$,,ce3bf33c5ab37a236209cfd192c45071fc809220470965294490d98549d84740,ce3bf33c5ab37a236209cfd192c45071fc809220470965294490d98549d84740,"{""basis"":""ordered nested-math atom; exact symbolic replay"",""kind"":""source-target-formula-map""}"
1.1.0,formula,O007-FREMLIN-V2-S241-FORMULA-0165,O007-FREMLIN-V2-S241,O007-RIGHTS-FREMLIN-DSL,O007-FREMLIN-V2-S241-SEG-241DC,165,241Dc,241Dc,187,190,6799,6814,7280,7295,f\in\eusm L^0,f\in\eusm L^0,6543e42c5f138e90eba1bced054e8c4826a26b50cd7f0bde6a49b82d0087fe7b,6543e42c5f138e90eba1bced054e8c4826a26b50cd7f0bde6a49b82d0087fe7b,5a8f974bce4387525c09d2cf266aaeaca66ee82c353a97c32ba20dab152ac7f8,$,,5a8f974bce4387525c09d2cf266aaeaca66ee82c353a97c32ba20dab152ac7f8,5a8f974bce4387525c09d2cf266aaeaca66ee82c353a97c32ba20dab152ac7f8,"{""basis"":""ordered nested-math atom; exact symbolic replay"",""kind"":""source-target-formula-map""}"
1.1.0,formula,O007-FREMLIN-V2-S241-FORMULA-0166,O007-FREMLIN-V2-S241,O007-RIGHTS-FREMLIN-DSL,O007-FREMLIN-V2-S241-SEG-241DC,166,241Dc,241Dc,187,190,6819,6822,7300,7303,a,a,ca978112ca1bbdcafac231b39a23dc4da786eff8147c4e72b9807785afee48bb,ca978112ca1bbdcafac231b39a23dc4da786eff8147c4e72b9807785afee48bb,ca978112ca1bbdcafac231b39a23dc4da786eff8147c4e72b9807785afee48bb,$,,ca978112ca1bbdcafac231b39a23dc4da786eff8147c4e72b9807785afee48bb,ca978112ca1bbdcafac231b39a23dc4da786eff8147c4e72b9807785afee48bb,"{""basis"":""ordered nested-math atom; exact symbolic replay"",""kind"":""source-target-formula-map""}"
1.1.0,formula,O007-FREMLIN-V2-S241-FORMULA-0167,O007-FREMLIN-V2-S241,O007-RIGHTS-FREMLIN-DSL,O007-FREMLIN-V2-S241-SEG-241DC,167,241Dc,241Dc,188,191,6824,6836,7305,7317,b\in\Bbb R,b\in\Bbb R,e1e59af8f16ba3e6f0c913dd4c313121f218777c1013ca372ad854fa984bc0af,e1e59af8f16ba3e6f0c913dd4c313121f218777c1013ca372ad854fa984bc0af,acf1a3309af82edc7b05470aff44b905151892a4d56ab8c2a95aea53e9b64c33,$,,acf1a3309af82edc7b05470aff44b905151892a4d56ab8c2a95aea53e9b64c33,acf1a3309af82edc7b05470aff44b905151892a4d56ab8c2a95aea53e9b64c33,"{""basis"":""ordered nested-math atom; exact symbolic replay"",""kind"":""source-target-formula-map""}"
1.1.0,formula,O007-FREMLIN-V2-S241-FORMULA-0168,O007-FREMLIN-V2-S241,O007-RIGHTS-FREMLIN-DSL,O007-FREMLIN-V2-S241-SEG-241DC,168,241Dc,241Dc,194,197,6868,6881,7355,7368,(ab)u=a(bu),(ab)u=a(bu),f46303d3f4150e8886c5ea008580966a6d9c2d2a15f9e886719d508272f15137,f46303d3f4150e8886c5ea008580966a6d9c2d2a15f9e886719d508272f15137,f46303d3f4150e8886c5ea008580966a6d9c2d2a15f9e886719d508272f15137,$,,f46303d3f4150e8886c5ea008580966a6d9c2d2a15f9e886719d508272f15137,f46303d3f4150e8886c5ea008580966a6d9c2d2a15f9e886719d508272f15137,"{""basis"":""ordered nested-math atom; exact symbolic replay"",""kind"":""source-target-formula-map""}"
1.1.0,formula,O007-FREMLIN-V2-S241-FORMULA-0169,O007-FREMLIN-V2-S241,O007-RIGHTS-FREMLIN-DSL,O007-FREMLIN-V2-S241-SEG-241DC,169,241Dc,241Dc,194,197,6890,6900,7381,7391,u\in L^0,u\in L^0,ba1840d798a1f35ea927e7454a8c1d2c1c2131ce893fc1b608cfbfa984210846,ba1840d798a1f35ea927e7454a8c1d2c1c2131ce893fc1b608cfbfa984210846,f85392ebe6b3fab109d0ca79dfa610bac6e936703ca234a34e77921bd68ca1cb,$,,f85392ebe6b3fab109d0ca79dfa610bac6e936703ca234a34e77921bd68ca1cb,f85392ebe6b3fab109d0ca79dfa610bac6e936703ca234a34e77921bd68ca1cb,"{""basis"":""ordered nested-math atom; exact symbolic replay"",""kind"":""source-target-formula-map""}"
1.1.0,formula,O007-FREMLIN-V2-S241-FORMULA-0170,O007-FREMLIN-V2-S241,O007-RIGHTS-FREMLIN-DSL,O007-FREMLIN-V2-S241-SEG-241DC,170,241Dc,241Dc,194,197,6905,6908,7396,7399,a,a,ca978112ca1bbdcafac231b39a23dc4da786eff8147c4e72b9807785afee48bb,ca978112ca1bbdcafac231b39a23dc4da786eff8147c4e72b9807785afee48bb,ca978112ca1bbdcafac231b39a23dc4da786eff8147c4e72b9807785afee48bb,$,,ca978112ca1bbdcafac231b39a23dc4da786eff8147c4e72b9807785afee48bb,ca978112ca1bbdcafac231b39a23dc4da786eff8147c4e72b9807785afee48bb,"{""basis"":""ordered nested-math atom; exact symbolic replay"",""kind"":""source-target-formula-map""}"
1.1.0,formula,O007-FREMLIN-V2-S241-FORMULA-0171,O007-FREMLIN-V2-S241,O007-RIGHTS-FREMLIN-DSL,O007-FREMLIN-V2-S241-SEG-241DC,171,241Dc,241Dc,194,197,6910,6922,7401,7413,b\in\Bbb R,b\in\Bbb R,e1e59af8f16ba3e6f0c913dd4c313121f218777c1013ca372ad854fa984bc0af,e1e59af8f16ba3e6f0c913dd4c313121f218777c1013ca372ad854fa984bc0af,acf1a3309af82edc7b05470aff44b905151892a4d56ab8c2a95aea53e9b64c33,$,,acf1a3309af82edc7b05470aff44b905151892a4d56ab8c2a95aea53e9b64c33,acf1a3309af82edc7b05470aff44b905151892a4d56ab8c2a95aea53e9b64c33,"{""basis"":""ordered nested-math atom; exact symbolic replay"",""kind"":""source-target-formula-map""}"
1.1.0,formula,O007-FREMLIN-V2-S241-FORMULA-0172,O007-FREMLIN-V2-S241,O007-RIGHTS-FREMLIN-DSL,O007-FREMLIN-V2-S241-SEG-241DC,172,241Dc,241Dc,198,201,6946,6952,7437,7443,1f=f,1f=f,d7f577787f943e0b3b89fbe0b95935d83a33ca062d5cb44bcd7428c82841aa93,d7f577787f943e0b3b89fbe0b95935d83a33ca062d5cb44bcd7428c82841aa93,d7f577787f943e0b3b89fbe0b95935d83a33ca062d5cb44bcd7428c82841aa93,$,,d7f577787f943e0b3b89fbe0b95935d83a33ca062d5cb44bcd7428c82841aa93,d7f577787f943e0b3b89fbe0b95935d83a33ca062d5cb44bcd7428c82841aa93,"{""basis"":""ordered nested-math atom; exact symbolic replay"",""kind"":""source-target-formula-map""}"
1.1.0,formula,O007-FREMLIN-V2-S241-FORMULA-0173,O007-FREMLIN-V2-S241,O007-RIGHTS-FREMLIN-DSL,O007-FREMLIN-V2-S241-SEG-241DC,173,241Dc,241Dc,198,201,6961,6976,7456,7471,f\in\eusm L^0,f\in\eusm L^0,6543e42c5f138e90eba1bced054e8c4826a26b50cd7f0bde6a49b82d0087fe7b,6543e42c5f138e90eba1bced054e8c4826a26b50cd7f0bde6a49b82d0087fe7b,5a8f974bce4387525c09d2cf266aaeaca66ee82c353a97c32ba20dab152ac7f8,$,,5a8f974bce4387525c09d2cf266aaeaca66ee82c353a97c32ba20dab152ac7f8,5a8f974bce4387525c09d2cf266aaeaca66ee82c353a97c32ba20dab152ac7f8,"{""basis"":""ordered nested-math atom; exact symbolic replay"",""kind"":""source-target-formula-map""}"
1.1.0,formula,O007-FREMLIN-V2-S241-FORMULA-0174,O007-FREMLIN-V2-S241,O007-RIGHTS-FREMLIN-DSL,O007-FREMLIN-V2-S241-SEG-241DC,174,241Dc,241Dc,202,205,7006,7012,7507,7513,1u=u,1u=u,51b151f483f66ae8a375988e7fc2fd199f8e4219c8549acbab1f66042d8ba3b4,51b151f483f66ae8a375988e7fc2fd199f8e4219c8549acbab1f66042d8ba3b4,51b151f483f66ae8a375988e7fc2fd199f8e4219c8549acbab1f66042d8ba3b4,$,,51b151f483f66ae8a375988e7fc2fd199f8e4219c8549acbab1f66042d8ba3b4,51b151f483f66ae8a375988e7fc2fd199f8e4219c8549acbab1f66042d8ba3b4,"{""basis"":""ordered nested-math atom; exact symbolic replay"",""kind"":""source-target-formula-map""}"
1.1.0,formula,O007-FREMLIN-V2-S241-FORMULA-0175,O007-FREMLIN-V2-S241,O007-RIGHTS-FREMLIN-DSL,O007-FREMLIN-V2-S241-SEG-241DC,175,241Dc,241Dc,202,205,7021,7031,7526,7536,u\in L^0,u\in L^0,ba1840d798a1f35ea927e7454a8c1d2c1c2131ce893fc1b608cfbfa984210846,ba1840d798a1f35ea927e7454a8c1d2c1c2131ce893fc1b608cfbfa984210846,f85392ebe6b3fab109d0ca79dfa610bac6e936703ca234a34e77921bd68ca1cb,$,,f85392ebe6b3fab109d0ca79dfa610bac6e936703ca234a34e77921bd68ca1cb,f85392ebe6b3fab109d0ca79dfa610bac6e936703ca234a34e77921bd68ca1cb,"{""basis"":""ordered nested-math atom; exact symbolic replay"",""kind"":""source-target-formula-map""}"
1.1.0,formula,O007-FREMLIN-V2-S241-FORMULA-0176,O007-FREMLIN-V2-S241,O007-RIGHTS-FREMLIN-DSL,O007-FREMLIN-V2-S241-SEG-241E,176,241E,241E,205,208,7095,7100,7593,7598,L^0,L^0,efb929291fb3ed4159783d57eb43e4f4183bf2aa2552acd5d70f6ebf7aa04b27,efb929291fb3ed4159783d57eb43e4f4183bf2aa2552acd5d70f6ebf7aa04b27,efb929291fb3ed4159783d57eb43e4f4183bf2aa2552acd5d70f6ebf7aa04b27,$,,efb929291fb3ed4159783d57eb43e4f4183bf2aa2552acd5d70f6ebf7aa04b27,efb929291fb3ed4159783d57eb43e4f4183bf2aa2552acd5d70f6ebf7aa04b27,"{""basis"":""ordered nested-math atom; exact symbolic replay"",""kind"":""source-target-formula-map""}"
1.1.0,formula,O007-FREMLIN-V2-S241-FORMULA-0177,O007-FREMLIN-V2-S241,O007-RIGHTS-FREMLIN-DSL,O007-FREMLIN-V2-S241-SEG-241E,177,241E,241E,205,208,7107,7123,7609,7625,"(X,\Sigma,\mu)","(X,\Sigma,\mu)",05e9b769403b4c7926a944d5aaa03f00bb216412bc3f850e41b3c28de657aa67,05e9b769403b4c7926a944d5aaa03f00bb216412bc3f850e41b3c28de657aa67,05e9b769403b4c7926a944d5aaa03f00bb216412bc3f850e41b3c28de657aa67,$,,05e9b769403b4c7926a944d5aaa03f00bb216412bc3f850e41b3c28de657aa67,05e9b769403b4c7926a944d5aaa03f00bb216412bc3f850e41b3c28de657aa67,"{""basis"":""ordered nested-math atom; exact symbolic replay"",""kind"":""source-target-formula-map""}"
1.1.0,formula,O007-FREMLIN-V2-S241-FORMULA-0178,O007-FREMLIN-V2-S241,O007-RIGHTS-FREMLIN-DSL,O007-FREMLIN-V2-S241-SEG-241E,178,241E,241E,206,209,7153,7179,7665,7691,\eusm L^0=\eusm L^0(\mu),\eusm L^0=\eusm L^0(\mu),fef0d22d29e4b9efcf2660d79ddfd4cd9b6c594c1309e67c09ed78212cbfa5f4,fef0d22d29e4b9efcf2660d79ddfd4cd9b6c594c1309e67c09ed78212cbfa5f4,0ff42199569cb214970055116cb16ff904a97ca7072767c8191421744c2bc759,$,,0ff42199569cb214970055116cb16ff904a97ca7072767c8191421744c2bc759,0ff42199569cb214970055116cb16ff904a97ca7072767c8191421744c2bc759,"{""basis"":""ordered nested-math atom; exact symbolic replay"",""kind"":""source-target-formula-map""}"
1.1.0,formula,O007-FREMLIN-V2-S241-FORMULA-0179,O007-FREMLIN-V2-S241,O007-RIGHTS-FREMLIN-DSL,O007-FREMLIN-V2-S241-SEG-241E,179,241E,241E,206,210,7181,7195,7693,7707,L^0=L^0(\mu),L^0=L^0(\mu),21f408dfd160dc88319611c4285d5c35208d4be9b0afe54df8092974142f5192,21f408dfd160dc88319611c4285d5c35208d4be9b0afe54df8092974142f5192,21f408dfd160dc88319611c4285d5c35208d4be9b0afe54df8092974142f5192,$,,21f408dfd160dc88319611c4285d5c35208d4be9b0afe54df8092974142f5192,21f408dfd160dc88319611c4285d5c35208d4be9b0afe54df8092974142f5192,"{""basis"":""ordered nested-math atom; exact symbolic replay"",""kind"":""source-target-formula-map""}"
1.1.0,formula,O007-FREMLIN-V2-S241-FORMULA-0180,O007-FREMLIN-V2-S241,O007-RIGHTS-FREMLIN-DSL,O007-FREMLIN-V2-S241-SEG-241EA,180,241Ea,241Ea,208,212,7217,7222,7731,7736,f_1,f_1,0e4763978622e1872f63b216146734bdd28d2ddbd4ffcd82bb62e4602b3dd1a1,0e4763978622e1872f63b216146734bdd28d2ddbd4ffcd82bb62e4602b3dd1a1,0e4763978622e1872f63b216146734bdd28d2ddbd4ffcd82bb62e4602b3dd1a1,$,,0e4763978622e1872f63b216146734bdd28d2ddbd4ffcd82bb62e4602b3dd1a1,0e4763978622e1872f63b216146734bdd28d2ddbd4ffcd82bb62e4602b3dd1a1,"{""basis"":""ordered nested-math atom; exact symbolic replay"",""kind"":""source-target-formula-map""}"
1.1.0,formula,O007-FREMLIN-V2-S241-FORMULA-0181,O007-FREMLIN-V2-S241,O007-RIGHTS-FREMLIN-DSL,O007-FREMLIN-V2-S241-SEG-241EA,181,241Ea,241Ea,208,212,7224,7229,7738,7743,f_2,f_2,98550483d35bb33deea0ab91484e5025cfa0420e157798ed8586a942f7ee57d0,98550483d35bb33deea0ab91484e5025cfa0420e157798ed8586a942f7ee57d0,98550483d35bb33deea0ab91484e5025cfa0420e157798ed8586a942f7ee57d0,$,,98550483d35bb33deea0ab91484e5025cfa0420e157798ed8586a942f7ee57d0,98550483d35bb33deea0ab91484e5025cfa0420e157798ed8586a942f7ee57d0,"{""basis"":""ordered nested-math atom; exact symbolic replay"",""kind"":""source-target-formula-map""}"
1.1.0,formula,O007-FREMLIN-V2-S241-FORMULA-0182,O007-FREMLIN-V2-S241,O007-RIGHTS-FREMLIN-DSL,O007-FREMLIN-V2-S241-SEG-241EA,182,241Ea,241Ea,208,212,7231,7236,7745,7750,g_1,g_1,bf173953a9e841d74581faeb7ca36ed5973583ba0ecfecd7ec042f9c92aaf9f7,bf173953a9e841d74581faeb7ca36ed5973583ba0ecfecd7ec042f9c92aaf9f7,bf173953a9e841d74581faeb7ca36ed5973583ba0ecfecd7ec042f9c92aaf9f7,$,,bf173953a9e841d74581faeb7ca36ed5973583ba0ecfecd7ec042f9c92aaf9f7,bf173953a9e841d74581faeb7ca36ed5973583ba0ecfecd7ec042f9c92aaf9f7,"{""basis"":""ordered nested-math atom; exact symbolic replay"",""kind"":""source-target-formula-map""}"
1.1.0,formula,O007-FREMLIN-V2-S241-FORMULA-0183,O007-FREMLIN-V2-S241,O007-RIGHTS-FREMLIN-DSL,O007-FREMLIN-V2-S241-SEG-241EA,183,241Ea,241Ea,208,212,7238,7255,7752,7769,g_2\in\eusm L^0,g_2\in\eusm L^0,93472e5640d8d1bed3d7b7bf6535e1a92cffb9e0f27b2aae850ea38780b7f27a,93472e5640d8d1bed3d7b7bf6535e1a92cffb9e0f27b2aae850ea38780b7f27a,875da6892a629adf89b58b6dfc4a5fd97ad92b4b5647eb29f56095f7aeba9dac,$,,875da6892a629adf89b58b6dfc4a5fd97ad92b4b5647eb29f56095f7aeba9dac,875da6892a629adf89b58b6dfc4a5fd97ad92b4b5647eb29f56095f7aeba9dac,"{""basis"":""ordered nested-math atom; exact symbolic replay"",""kind"":""source-target-formula-map""}"
1.1.0,formula,O007-FREMLIN-V2-S241-FORMULA-0184,O007-FREMLIN-V2-S241,O007-RIGHTS-FREMLIN-DSL,O007-FREMLIN-V2-S241-SEG-241EA,184,241Ea,241Ea,209,213,7257,7270,7771,7784,f_1\eae f_2,f_1\eae f_2,51d6d66709948c742568e14b56107e80fb096cfd3fa6f701d7aba384133c302f,51d6d66709948c742568e14b56107e80fb096cfd3fa6f701d7aba384133c302f,8ffe97feb1b0a9ab24ce5cf1eb84f2d41854370b5da1577f834389fc1644bf27,$,,8ffe97feb1b0a9ab24ce5cf1eb84f2d41854370b5da1577f834389fc1644bf27,8ffe97feb1b0a9ab24ce5cf1eb84f2d41854370b5da1577f834389fc1644bf27,"{""basis"":""ordered nested-math atom; exact symbolic replay"",""kind"":""source-target-formula-map""}"
1.1.0,formula,O007-FREMLIN-V2-S241-FORMULA-0185,O007-FREMLIN-V2-S241,O007-RIGHTS-FREMLIN-DSL,O007-FREMLIN-V2-S241-SEG-241EA,185,241Ea,241Ea,210,213,7272,7285,7786,7799,g_1\eae g_2,g_1\eae g_2,a0b44079a234e2edf166ddaa06138438efdee2ef973154e8b784c426100ce3a0,a0b44079a234e2edf166ddaa06138438efdee2ef973154e8b784c426100ce3a0,5567361d783a274c5482370d268c5cfd1cb45245bba44414c7473deb54f4b5d7,$,,5567361d783a274c5482370d268c5cfd1cb45245bba44414c7473deb54f4b5d7,5567361d783a274c5482370d268c5cfd1cb45245bba44414c7473deb54f4b5d7,"{""basis"":""ordered nested-math atom; exact symbolic replay"",""kind"":""source-target-formula-map""}"
1.1.0,formula,O007-FREMLIN-V2-S241-FORMULA-0186,O007-FREMLIN-V2-S241,O007-RIGHTS-FREMLIN-DSL,O007-FREMLIN-V2-S241-SEG-241EA,186,241Ea,241Ea,210,213,7290,7304,7805,7819,f_1\leae g_1,f_1\leae g_1,6e414d0daf0fdf8216d7c1d4d0f45815fe4397a5b79187bc0d0dba384b9457ea,6e414d0daf0fdf8216d7c1d4d0f45815fe4397a5b79187bc0d0dba384b9457ea,a8a0940e9642197b3c3dc3b99c30714083008e4754a7383d04963f530d3d4fed,$,,a8a0940e9642197b3c3dc3b99c30714083008e4754a7383d04963f530d3d4fed,a8a0940e9642197b3c3dc3b99c30714083008e4754a7383d04963f530d3d4fed,"{""basis"":""ordered nested-math atom; exact symbolic replay"",""kind"":""source-target-formula-map""}"
1.1.0,formula,O007-FREMLIN-V2-S241-FORMULA-0187,O007-FREMLIN-V2-S241,O007-RIGHTS-FREMLIN-DSL,O007-FREMLIN-V2-S241-SEG-241EA,187,241Ea,241Ea,210,214,7311,7325,7826,7840,f_2\leae g_2,f_2\leae g_2,24e1f37e8d44e3e6b82497f1e0b9da9d3dd95a6af434ccb62784943bfb6a2745,24e1f37e8d44e3e6b82497f1e0b9da9d3dd95a6af434ccb62784943bfb6a2745,7ab2d07f0d311e5330c5399df09bdd6882cdaf4cfcdc2045169249219b46aa92,$,,7ab2d07f0d311e5330c5399df09bdd6882cdaf4cfcdc2045169249219b46aa92,7ab2d07f0d311e5330c5399df09bdd6882cdaf4cfcdc2045169249219b46aa92,"{""basis"":""ordered nested-math atom; exact symbolic replay"",""kind"":""source-target-formula-map""}"
1.1.0,formula,O007-FREMLIN-V2-S241-FORMULA-0188,O007-FREMLIN-V2-S241,O007-RIGHTS-FREMLIN-DSL,O007-FREMLIN-V2-S241-SEG-241EA,188,241Ea,241Ea,211,214,7364,7369,7892,7897,\le,\le,7a03384e6e8b85197651452d5bfaff72559b1af11aedb271b10f67c1c4e9154e,7a03384e6e8b85197651452d5bfaff72559b1af11aedb271b10f67c1c4e9154e,7a03384e6e8b85197651452d5bfaff72559b1af11aedb271b10f67c1c4e9154e,$,,7a03384e6e8b85197651452d5bfaff72559b1af11aedb271b10f67c1c4e9154e,7a03384e6e8b85197651452d5bfaff72559b1af11aedb271b10f67c1c4e9154e,"{""basis"":""ordered nested-math atom; exact symbolic replay"",""kind"":""source-target-formula-map""}"
1.1.0,formula,O007-FREMLIN-V2-S241-FORMULA-0189,O007-FREMLIN-V2-S241,O007-RIGHTS-FREMLIN-DSL,O007-FREMLIN-V2-S241-SEG-241EA,189,241Ea,241Ea,211,215,7373,7378,7903,7908,L^0,L^0,efb929291fb3ed4159783d57eb43e4f4183bf2aa2552acd5d70f6ebf7aa04b27,efb929291fb3ed4159783d57eb43e4f4183bf2aa2552acd5d70f6ebf7aa04b27,efb929291fb3ed4159783d57eb43e4f4183bf2aa2552acd5d70f6ebf7aa04b27,$,,efb929291fb3ed4159783d57eb43e4f4183bf2aa2552acd5d70f6ebf7aa04b27,efb929291fb3ed4159783d57eb43e4f4183bf2aa2552acd5d70f6ebf7aa04b27,"{""basis"":""ordered nested-math atom; exact symbolic replay"",""kind"":""source-target-formula-map""}"
1.1.0,formula,O007-FREMLIN-V2-S241-FORMULA-0190,O007-FREMLIN-V2-S241,O007-RIGHTS-FREMLIN-DSL,O007-FREMLIN-V2-S241-SEG-241EA,190,241Ea,241Ea,212,215,7394,7426,7933,7965,f^{\ssbullet}\le g^{\ssbullet},f^{\ssbullet}\le g^{\ssbullet},099309693fb6d14c5cd999767fa1ffbf7119ba6c900598b92ece6c3e46beb280,099309693fb6d14c5cd999767fa1ffbf7119ba6c900598b92ece6c3e46beb280,560e12537535827b4bad2b969587a7511043b28715fab0baa62206db0b017a51,$,,560e12537535827b4bad2b969587a7511043b28715fab0baa62206db0b017a51,560e12537535827b4bad2b969587a7511043b28715fab0baa62206db0b017a51,"{""basis"":""ordered nested-math atom; exact symbolic replay"",""kind"":""source-target-formula-map""}"
1.1.0,formula,O007-FREMLIN-V2-S241-FORMULA-0191,O007-FREMLIN-V2-S241,O007-RIGHTS-FREMLIN-DSL,O007-FREMLIN-V2-S241-SEG-241EA,191,241Ea,241Ea,212,216,7431,7441,7986,7996,f\leae g,f\leae g,a1030033af83ba1a3e27538ddf187b5196da8f826858a9977ef5a8fc0aeb9e76,a1030033af83ba1a3e27538ddf187b5196da8f826858a9977ef5a8fc0aeb9e76,4abe613f53c7ee4a5754eb40660416e442d417cb266597e19170cd391d1d1884,$,,4abe613f53c7ee4a5754eb40660416e442d417cb266597e19170cd391d1d1884,4abe613f53c7ee4a5754eb40660416e442d417cb266597e19170cd391d1d1884,"{""basis"":""ordered nested-math atom; exact symbolic replay"",""kind"":""source-target-formula-map""}"
1.1.0,formula,O007-FREMLIN-V2-S241-FORMULA-0192,O007-FREMLIN-V2-S241,O007-RIGHTS-FREMLIN-DSL,O007-FREMLIN-V2-S241-SEG-241EB,192,241Eb,241Eb,214,218,7472,7477,8028,8033,\le,\le,7a03384e6e8b85197651452d5bfaff72559b1af11aedb271b10f67c1c4e9154e,7a03384e6e8b85197651452d5bfaff72559b1af11aedb271b10f67c1c4e9154e,7a03384e6e8b85197651452d5bfaff72559b1af11aedb271b10f67c1c4e9154e,$,,7a03384e6e8b85197651452d5bfaff72559b1af11aedb271b10f67c1c4e9154e,7a03384e6e8b85197651452d5bfaff72559b1af11aedb271b10f67c1c4e9154e,"{""basis"":""ordered nested-math atom; exact symbolic replay"",""kind"":""source-target-formula-map""}"
1.1.0,formula,O007-FREMLIN-V2-S241-FORMULA-0193,O007-FREMLIN-V2-S241,O007-RIGHTS-FREMLIN-DSL,O007-FREMLIN-V2-S241-SEG-241EB,193,241Eb,241Eb,214,218,7500,7505,8064,8069,L^0,L^0,efb929291fb3ed4159783d57eb43e4f4183bf2aa2552acd5d70f6ebf7aa04b27,efb929291fb3ed4159783d57eb43e4f4183bf2aa2552acd5d70f6ebf7aa04b27,efb929291fb3ed4159783d57eb43e4f4183bf2aa2552acd5d70f6ebf7aa04b27,$,,efb929291fb3ed4159783d57eb43e4f4183bf2aa2552acd5d70f6ebf7aa04b27,efb929291fb3ed4159783d57eb43e4f4183bf2aa2552acd5d70f6ebf7aa04b27,"{""basis"":""ordered nested-math atom; exact symbolic replay"",""kind"":""source-target-formula-map""}"
1.1.0,formula,O007-FREMLIN-V2-S241-FORMULA-0194,O007-FREMLIN-V2-S241,O007-RIGHTS-FREMLIN-DSL,O007-FREMLIN-V2-S241-SEG-241EB,194,241Eb,241Eb,215,219,7530,7533,8096,8099,f,f,252f10c83610ebca1a059c0bae8255eba2f95be4d1d7bcfa89d7248a82d9f111,252f10c83610ebca1a059c0bae8255eba2f95be4d1d7bcfa89d7248a82d9f111,252f10c83610ebca1a059c0bae8255eba2f95be4d1d7bcfa89d7248a82d9f111,$,,252f10c83610ebca1a059c0bae8255eba2f95be4d1d7bcfa89d7248a82d9f111,252f10c83610ebca1a059c0bae8255eba2f95be4d1d7bcfa89d7248a82d9f111,"{""basis"":""ordered nested-math atom; exact symbolic replay"",""kind"":""source-target-formula-map""}"
1.1.0,formula,O007-FREMLIN-V2-S241-FORMULA-0195,O007-FREMLIN-V2-S241,O007-RIGHTS-FREMLIN-DSL,O007-FREMLIN-V2-S241-SEG-241EB,195,241Eb,241Eb,215,219,7535,7538,8101,8104,g,g,cd0aa9856147b6c5b4ff2b7dfee5da20aa38253099ef1b4a64aced233c9afe29,cd0aa9856147b6c5b4ff2b7dfee5da20aa38253099ef1b4a64aced233c9afe29,cd0aa9856147b6c5b4ff2b7dfee5da20aa38253099ef1b4a64aced233c9afe29,$,,cd0aa9856147b6c5b4ff2b7dfee5da20aa38253099ef1b4a64aced233c9afe29,cd0aa9856147b6c5b4ff2b7dfee5da20aa38253099ef1b4a64aced233c9afe29,"{""basis"":""ordered nested-math atom; exact symbolic replay"",""kind"":""source-target-formula-map""}"
1.1.0,formula,O007-FREMLIN-V2-S241-FORMULA-0196,O007-FREMLIN-V2-S241,O007-RIGHTS-FREMLIN-DSL,O007-FREMLIN-V2-S241-SEG-241EB,196,241Eb,241Eb,215,219,7540,7555,8106,8121,h\in\eusm L^0,h\in\eusm L^0,8a7ed8abc75c5cf0efd3da8f8b2da15a6857f4c9b9342b1090f2b2240ce266f3,8a7ed8abc75c5cf0efd3da8f8b2da15a6857f4c9b9342b1090f2b2240ce266f3,3fa246f3d994d700070440281eefc7318eb962bb9a00b5ecdbfd1f9ea70b9632,$,,3fa246f3d994d700070440281eefc7318eb962bb9a00b5ecdbfd1f9ea70b9632,3fa246f3d994d700070440281eefc7318eb962bb9a00b5ecdbfd1f9ea70b9632,"{""basis"":""ordered nested-math atom; exact symbolic replay"",""kind"":""source-target-formula-map""}"
1.1.0,formula,O007-FREMLIN-V2-S241-FORMULA-0197,O007-FREMLIN-V2-S241,O007-RIGHTS-FREMLIN-DSL,O007-FREMLIN-V2-S241-SEG-241EB,197,241Eb,241Eb,215,219,7560,7570,8123,8133,f\leae g,f\leae g,a1030033af83ba1a3e27538ddf187b5196da8f826858a9977ef5a8fc0aeb9e76,a1030033af83ba1a3e27538ddf187b5196da8f826858a9977ef5a8fc0aeb9e76,4abe613f53c7ee4a5754eb40660416e442d417cb266597e19170cd391d1d1884,$,,4abe613f53c7ee4a5754eb40660416e442d417cb266597e19170cd391d1d1884,4abe613f53c7ee4a5754eb40660416e442d417cb266597e19170cd391d1d1884,"{""basis"":""ordered nested-math atom; exact symbolic replay"",""kind"":""source-target-formula-map""}"
1.1.0,formula,O007-FREMLIN-V2-S241-FORMULA-0198,O007-FREMLIN-V2-S241,O007-RIGHTS-FREMLIN-DSL,O007-FREMLIN-V2-S241-SEG-241EB,198,241Eb,241Eb,216,220,7575,7585,8139,8149,g\leae h,g\leae h,fcea9dcd517c0713b49f4a0791561c271d8439b034173a31683b5b672a19e9ab,fcea9dcd517c0713b49f4a0791561c271d8439b034173a31683b5b672a19e9ab,d2896b425413b4ed066a71cbebaf33796c2da86c2fcf5a89ad8e056b0e50e595,$,,d2896b425413b4ed066a71cbebaf33796c2da86c2fcf5a89ad8e056b0e50e595,d2896b425413b4ed066a71cbebaf33796c2da86c2fcf5a89ad8e056b0e50e595,"{""basis"":""ordered nested-math atom; exact symbolic replay"",""kind"":""source-target-formula-map""}"
1.1.0,formula,O007-FREMLIN-V2-S241-FORMULA-0199,O007-FREMLIN-V2-S241,O007-RIGHTS-FREMLIN-DSL,O007-FREMLIN-V2-S241-SEG-241EB,199,241Eb,241Eb,216,220,7592,7602,8156,8166,f\leae h,f\leae h,7b5477d7d033e081093a9c414249db94f734001c233b625568abb1a7a45c6eca,7b5477d7d033e081093a9c414249db94f734001c233b625568abb1a7a45c6eca,b0da7e7812dd9a6ed29fc07be8c8ef03e2799ce638f4efc06d353e60fc249afc,$,,b0da7e7812dd9a6ed29fc07be8c8ef03e2799ce638f4efc06d353e60fc249afc,b0da7e7812dd9a6ed29fc07be8c8ef03e2799ce638f4efc06d353e60fc249afc,"{""basis"":""ordered nested-math atom; exact symbolic replay"",""kind"":""source-target-formula-map""}"
1.1.0,formula,O007-FREMLIN-V2-S241-FORMULA-0200,O007-FREMLIN-V2-S241,O007-RIGHTS-FREMLIN-DSL,O007-FREMLIN-V2-S241-SEG-241EB,200,241Eb,241Eb,216,220,7618,7626,8185,8193,u\le w,u\le w,df6d7470883de7876895de425abef53950d7a4e715525ae5f7704f9dae04bdea,df6d7470883de7876895de425abef53950d7a4e715525ae5f7704f9dae04bdea,60583bd763a6f8084ea9a5831e580eccade3bd4e7f910f1dbf8df85122fe2b1c,$,,60583bd763a6f8084ea9a5831e580eccade3bd4e7f910f1dbf8df85122fe2b1c,60583bd763a6f8084ea9a5831e580eccade3bd4e7f910f1dbf8df85122fe2b1c,"{""basis"":""ordered nested-math atom; exact symbolic replay"",""kind"":""source-target-formula-map""}"
1.1.0,formula,O007-FREMLIN-V2-S241-FORMULA-0201,O007-FREMLIN-V2-S241,O007-RIGHTS-FREMLIN-DSL,O007-FREMLIN-V2-S241-SEG-241EB,201,241Eb,241Eb,216,220,7636,7639,8204,8207,u,u,0bfe935e70c321c7ca3afc75ce0d0ca2f98b5422e008bb31c00c6d7f1f1c0ad6,0bfe935e70c321c7ca3afc75ce0d0ca2f98b5422e008bb31c00c6d7f1f1c0ad6,0bfe935e70c321c7ca3afc75ce0d0ca2f98b5422e008bb31c00c6d7f1f1c0ad6,$,,0bfe935e70c321c7ca3afc75ce0d0ca2f98b5422e008bb31c00c6d7f1f1c0ad6,0bfe935e70c321c7ca3afc75ce0d0ca2f98b5422e008bb31c00c6d7f1f1c0ad6,"{""basis"":""ordered nested-math atom; exact symbolic replay"",""kind"":""source-target-formula-map""}"
1.1.0,formula,O007-FREMLIN-V2-S241-FORMULA-0202,O007-FREMLIN-V2-S241,O007-RIGHTS-FREMLIN-DSL,O007-FREMLIN-V2-S241-SEG-241EB,202,241Eb,241Eb,216,221,7641,7644,8209,8212,v,v,4c94485e0c21ae6c41ce1dfe7b6bfaceea5ab68e40a2476f50208e526f506080,4c94485e0c21ae6c41ce1dfe7b6bfaceea5ab68e40a2476f50208e526f506080,4c94485e0c21ae6c41ce1dfe7b6bfaceea5ab68e40a2476f50208e526f506080,$,,4c94485e0c21ae6c41ce1dfe7b6bfaceea5ab68e40a2476f50208e526f506080,4c94485e0c21ae6c41ce1dfe7b6bfaceea5ab68e40a2476f50208e526f506080,"{""basis"":""ordered nested-math atom; exact symbolic replay"",""kind"":""source-target-formula-map""}"
1.1.0,formula,O007-FREMLIN-V2-S241-FORMULA-0203,O007-FREMLIN-V2-S241,O007-RIGHTS-FREMLIN-DSL,O007-FREMLIN-V2-S241-SEG-241EB,203,241Eb,241Eb,217,221,7646,7656,8214,8224,w\in L^0,w\in L^0,383a29ec28114b0e0bb107cc538910d07380345e6ef82b4d71e6008fa1f3264c,383a29ec28114b0e0bb107cc538910d07380345e6ef82b4d71e6008fa1f3264c,62270f4d9c18c315eeaf51cffdbd8a2c8e412c6849dee42c5399a4d7b3e4cafe,$,,62270f4d9c18c315eeaf51cffdbd8a2c8e412c6849dee42c5399a4d7b3e4cafe,62270f4d9c18c315eeaf51cffdbd8a2c8e412c6849dee42c5399a4d7b3e4cafe,"{""basis"":""ordered nested-math atom; exact symbolic replay"",""kind"":""source-target-formula-map""}"
1.1.0,formula,O007-FREMLIN-V2-S241-FORMULA-0204,O007-FREMLIN-V2-S241,O007-RIGHTS-FREMLIN-DSL,O007-FREMLIN-V2-S241-SEG-241EB,204,241Eb,241Eb,217,221,7658,7666,8226,8234,u\le v,u\le v,f43dcab6dbdebe6089dcc4212a7b81ab82198a096fbb9e6ec373ba5c893436f1,f43dcab6dbdebe6089dcc4212a7b81ab82198a096fbb9e6ec373ba5c893436f1,46a15f04f4e0b1a5b114a3f3ebec344abbab19f356eb56b2e15b8e5a4d264cee,$,,46a15f04f4e0b1a5b114a3f3ebec344abbab19f356eb56b2e15b8e5a4d264cee,46a15f04f4e0b1a5b114a3f3ebec344abbab19f356eb56b2e15b8e5a4d264cee,"{""basis"":""ordered nested-math atom; exact symbolic replay"",""kind"":""source-target-formula-map""}"
1.1.0,formula,O007-FREMLIN-V2-S241-FORMULA-0205,O007-FREMLIN-V2-S241,O007-RIGHTS-FREMLIN-DSL,O007-FREMLIN-V2-S241-SEG-241EB,205,241Eb,241Eb,217,221,7671,7679,8240,8248,v\le w,v\le w,c4278f118eccc2b86564182cab3ef4efff8334fa3c75f47bd78861d58779dd2a,c4278f118eccc2b86564182cab3ef4efff8334fa3c75f47bd78861d58779dd2a,98a93c54907f3703a747dd52aa0761187c4c903ea7145f8ef61f502cd40930a7,$,,98a93c54907f3703a747dd52aa0761187c4c903ea7145f8ef61f502cd40930a7,98a93c54907f3703a747dd52aa0761187c4c903ea7145f8ef61f502cd40930a7,"{""basis"":""ordered nested-math atom; exact symbolic replay"",""kind"":""source-target-formula-map""}"
1.1.0,formula,O007-FREMLIN-V2-S241-FORMULA-0206,O007-FREMLIN-V2-S241,O007-RIGHTS-FREMLIN-DSL,O007-FREMLIN-V2-S241-SEG-241EB,206,241Eb,241Eb,217,221,7691,7707,8260,8275,f\in \eusm L^0,f\in\eusm L^0,4598fbbe6241227cf931ca1f7f3a0c6a37dad33bb21d46cd95699e0fe8cfd40d,6543e42c5f138e90eba1bced054e8c4826a26b50cd7f0bde6a49b82d0087fe7b,5a8f974bce4387525c09d2cf266aaeaca66ee82c353a97c32ba20dab152ac7f8,$,,5a8f974bce4387525c09d2cf266aaeaca66ee82c353a97c32ba20dab152ac7f8,5a8f974bce4387525c09d2cf266aaeaca66ee82c353a97c32ba20dab152ac7f8,"{""basis"":""ordered nested-math atom; exact symbolic replay"",""kind"":""source-target-formula-map""}"
1.1.0,formula,O007-FREMLIN-V2-S241-FORMULA-0207,O007-FREMLIN-V2-S241,O007-RIGHTS-FREMLIN-DSL,O007-FREMLIN-V2-S241-SEG-241EB,207,241Eb,241Eb,218,222,7713,7723,8282,8292,f\leae f,f\leae f,b318ec337f2a6e5706bf9909c25d6031efde8a92d1d6b04fd5fc4233a2a80412,b318ec337f2a6e5706bf9909c25d6031efde8a92d1d6b04fd5fc4233a2a80412,0d1f0fdf6d24bd8bbdba132cf0f6fcbf888c00bf6c504f9c87fa50d636efbf66,$,,0d1f0fdf6d24bd8bbdba132cf0f6fcbf888c00bf6c504f9c87fa50d636efbf66,0d1f0fdf6d24bd8bbdba132cf0f6fcbf888c00bf6c504f9c87fa50d636efbf66,"{""basis"":""ordered nested-math atom; exact symbolic replay"",""kind"":""source-target-formula-map""}"
1.1.0,formula,O007-FREMLIN-V2-S241-FORMULA-0208,O007-FREMLIN-V2-S241,O007-RIGHTS-FREMLIN-DSL,O007-FREMLIN-V2-S241-SEG-241EB,208,241Eb,241Eb,218,222,7729,7737,8299,8307,u\le u,u\le u,5b2c3fa1a0b0667d39fd88b0e0359d0b2fa983e53712e364714113d2a2505701,5b2c3fa1a0b0667d39fd88b0e0359d0b2fa983e53712e364714113d2a2505701,2df5709de52d988aee06a34a65d41261727adccc756943559f9fc94e930d6f1d,$,,2df5709de52d988aee06a34a65d41261727adccc756943559f9fc94e930d6f1d,2df5709de52d988aee06a34a65d41261727adccc756943559f9fc94e930d6f1d,"{""basis"":""ordered nested-math atom; exact symbolic replay"",""kind"":""source-target-formula-map""}"
1.1.0,formula,O007-FREMLIN-V2-S241-FORMULA-0209,O007-FREMLIN-V2-S241,O007-RIGHTS-FREMLIN-DSL,O007-FREMLIN-V2-S241-SEG-241EB,209,241Eb,241Eb,218,222,7748,7758,8321,8331,u\in L^0,u\in L^0,ba1840d798a1f35ea927e7454a8c1d2c1c2131ce893fc1b608cfbfa984210846,ba1840d798a1f35ea927e7454a8c1d2c1c2131ce893fc1b608cfbfa984210846,f85392ebe6b3fab109d0ca79dfa610bac6e936703ca234a34e77921bd68ca1cb,$,,f85392ebe6b3fab109d0ca79dfa610bac6e936703ca234a34e77921bd68ca1cb,f85392ebe6b3fab109d0ca79dfa610bac6e936703ca234a34e77921bd68ca1cb,"{""basis"":""ordered nested-math atom; exact symbolic replay"",""kind"":""source-target-formula-map""}"
1.1.0,formula,O007-FREMLIN-V2-S241-FORMULA-0210,O007-FREMLIN-V2-S241,O007-RIGHTS-FREMLIN-DSL,O007-FREMLIN-V2-S241-SEG-241EB,210,241Eb,241Eb,218,223,7771,7774,8344,8347,f,f,252f10c83610ebca1a059c0bae8255eba2f95be4d1d7bcfa89d7248a82d9f111,252f10c83610ebca1a059c0bae8255eba2f95be4d1d7bcfa89d7248a82d9f111,252f10c83610ebca1a059c0bae8255eba2f95be4d1d7bcfa89d7248a82d9f111,$,,252f10c83610ebca1a059c0bae8255eba2f95be4d1d7bcfa89d7248a82d9f111,252f10c83610ebca1a059c0bae8255eba2f95be4d1d7bcfa89d7248a82d9f111,"{""basis"":""ordered nested-math atom; exact symbolic replay"",""kind"":""source-target-formula-map""}"
1.1.0,formula,O007-FREMLIN-V2-S241-FORMULA-0211,O007-FREMLIN-V2-S241,O007-RIGHTS-FREMLIN-DSL,O007-FREMLIN-V2-S241-SEG-241EB,211,241Eb,241Eb,219,223,7776,7791,8349,8364,g\in\eusm L^0,g\in\eusm L^0,ca4d2434fa769eeec35d32850aaacb6dd01821ae84167bdf03fa203de40bf8f1,ca4d2434fa769eeec35d32850aaacb6dd01821ae84167bdf03fa203de40bf8f1,d831139421b5d479221e5b0f06e80687e70b8ff9c8b25f61cf4ad5a952254fa0,$,,d831139421b5d479221e5b0f06e80687e70b8ff9c8b25f61cf4ad5a952254fa0,d831139421b5d479221e5b0f06e80687e70b8ff9c8b25f61cf4ad5a952254fa0,"{""basis"":""ordered nested-math atom; exact symbolic replay"",""kind"":""source-target-formula-map""}"
1.1.0,formula,O007-FREMLIN-V2-S241-FORMULA-0212,O007-FREMLIN-V2-S241,O007-RIGHTS-FREMLIN-DSL,O007-FREMLIN-V2-S241-SEG-241EB,212,241Eb,241Eb,219,223,7796,7806,8366,8376,f\leae g,f\leae g,a1030033af83ba1a3e27538ddf187b5196da8f826858a9977ef5a8fc0aeb9e76,a1030033af83ba1a3e27538ddf187b5196da8f826858a9977ef5a8fc0aeb9e76,4abe613f53c7ee4a5754eb40660416e442d417cb266597e19170cd391d1d1884,$,,4abe613f53c7ee4a5754eb40660416e442d417cb266597e19170cd391d1d1884,4abe613f53c7ee4a5754eb40660416e442d417cb266597e19170cd391d1d1884,"{""basis"":""ordered nested-math atom; exact symbolic replay"",""kind"":""source-target-formula-map""}"
1.1.0,formula,O007-FREMLIN-V2-S241-FORMULA-0213,O007-FREMLIN-V2-S241,O007-RIGHTS-FREMLIN-DSL,O007-FREMLIN-V2-S241-SEG-241EB,213,241Eb,241Eb,219,223,7811,7821,8382,8392,g\leae f,g\leae f,b4b6ebf02043e75939e674c1b3ad552dfa00a3dd9de7cda2f0d4dcf42c2bb743,b4b6ebf02043e75939e674c1b3ad552dfa00a3dd9de7cda2f0d4dcf42c2bb743,2018c2743dede17bed30fed4eeadbf58481766471d2e0bab556364f9f2eac87a,$,,2018c2743dede17bed30fed4eeadbf58481766471d2e0bab556364f9f2eac87a,2018c2743dede17bed30fed4eeadbf58481766471d2e0bab556364f9f2eac87a,"{""basis"":""ordered nested-math atom; exact symbolic replay"",""kind"":""source-target-formula-map""}"
1.1.0,formula,O007-FREMLIN-V2-S241-FORMULA-0214,O007-FREMLIN-V2-S241,O007-RIGHTS-FREMLIN-DSL,O007-FREMLIN-V2-S241-SEG-241EB,214,241Eb,241Eb,219,223,7828,7837,8399,8408,f\eae g,f\eae g,ae240d11c6286a4c8ba6fdb0ab6d57571c1af19711620fc7204e23974c77e68a,ae240d11c6286a4c8ba6fdb0ab6d57571c1af19711620fc7204e23974c77e68a,d1ab5c14fd4da4667f623a650c14e1f6c15f4ef3df1b2208dc8214a27eabb6d3,$,,d1ab5c14fd4da4667f623a650c14e1f6c15f4ef3df1b2208dc8214a27eabb6d3,d1ab5c14fd4da4667f623a650c14e1f6c15f4ef3df1b2208dc8214a27eabb6d3,"{""basis"":""ordered nested-math atom; exact symbolic replay"",""kind"":""source-target-formula-map""}"
1.1.0,formula,O007-FREMLIN-V2-S241-FORMULA-0215,O007-FREMLIN-V2-S241,O007-RIGHTS-FREMLIN-DSL,O007-FREMLIN-V2-S241-SEG-241EB,215,241Eb,241Eb,220,224,7845,7853,8424,8432,u\le v,u\le v,f43dcab6dbdebe6089dcc4212a7b81ab82198a096fbb9e6ec373ba5c893436f1,f43dcab6dbdebe6089dcc4212a7b81ab82198a096fbb9e6ec373ba5c893436f1,46a15f04f4e0b1a5b114a3f3ebec344abbab19f356eb56b2e15b8e5a4d264cee,$,,46a15f04f4e0b1a5b114a3f3ebec344abbab19f356eb56b2e15b8e5a4d264cee,46a15f04f4e0b1a5b114a3f3ebec344abbab19f356eb56b2e15b8e5a4d264cee,"{""basis"":""ordered nested-math atom; exact symbolic replay"",""kind"":""source-target-formula-map""}"
1.1.0,formula,O007-FREMLIN-V2-S241-FORMULA-0216,O007-FREMLIN-V2-S241,O007-RIGHTS-FREMLIN-DSL,O007-FREMLIN-V2-S241-SEG-241EB,216,241Eb,241Eb,220,224,7858,7866,8437,8445,v\le u,v\le u,51ffb93e14745d17e15ba49ee5f7b1cd5496c41b6266c885da048e0bf09783a6,51ffb93e14745d17e15ba49ee5f7b1cd5496c41b6266c885da048e0bf09783a6,806c417fab0e90ba78d8e919f62f6a369fa0a544a0dda31a0d0a73fe33afaaea,$,,806c417fab0e90ba78d8e919f62f6a369fa0a544a0dda31a0d0a73fe33afaaea,806c417fab0e90ba78d8e919f62f6a369fa0a544a0dda31a0d0a73fe33afaaea,"{""basis"":""ordered nested-math atom; exact symbolic replay"",""kind"":""source-target-formula-map""}"
1.1.0,formula,O007-FREMLIN-V2-S241-FORMULA-0217,O007-FREMLIN-V2-S241,O007-RIGHTS-FREMLIN-DSL,O007-FREMLIN-V2-S241-SEG-241EB,217,241Eb,241Eb,220,224,7872,7877,8452,8457,u=v,u=v,4830507bcc3ae992e8c80c6efb28233b1951f3254d58dad16bff7aafea2e613e,4830507bcc3ae992e8c80c6efb28233b1951f3254d58dad16bff7aafea2e613e,4830507bcc3ae992e8c80c6efb28233b1951f3254d58dad16bff7aafea2e613e,$,,4830507bcc3ae992e8c80c6efb28233b1951f3254d58dad16bff7aafea2e613e,4830507bcc3ae992e8c80c6efb28233b1951f3254d58dad16bff7aafea2e613e,"{""basis"":""ordered nested-math atom; exact symbolic replay"",""kind"":""source-target-formula-map""}"
1.1.0,formula,O007-FREMLIN-V2-S241-FORMULA-0218,O007-FREMLIN-V2-S241,O007-RIGHTS-FREMLIN-DSL,O007-FREMLIN-V2-S241-SEG-241EC,218,241Ec,241Ec,222,226,7919,7924,8498,8503,L^0,L^0,efb929291fb3ed4159783d57eb43e4f4183bf2aa2552acd5d70f6ebf7aa04b27,efb929291fb3ed4159783d57eb43e4f4183bf2aa2552acd5d70f6ebf7aa04b27,efb929291fb3ed4159783d57eb43e4f4183bf2aa2552acd5d70f6ebf7aa04b27,$,,efb929291fb3ed4159783d57eb43e4f4183bf2aa2552acd5d70f6ebf7aa04b27,efb929291fb3ed4159783d57eb43e4f4183bf2aa2552acd5d70f6ebf7aa04b27,"{""basis"":""ordered nested-math atom; exact symbolic replay"",""kind"":""source-target-formula-map""}"
1.1.0,formula,O007-FREMLIN-V2-S241-FORMULA-0219,O007-FREMLIN-V2-S241,O007-RIGHTS-FREMLIN-DSL,O007-FREMLIN-V2-S241-SEG-241EC,219,241Ec,241Ec,222,226,7931,7936,8512,8517,\le,\le,7a03384e6e8b85197651452d5bfaff72559b1af11aedb271b10f67c1c4e9154e,7a03384e6e8b85197651452d5bfaff72559b1af11aedb271b10f67c1c4e9154e,7a03384e6e8b85197651452d5bfaff72559b1af11aedb271b10f67c1c4e9154e,$,,7a03384e6e8b85197651452d5bfaff72559b1af11aedb271b10f67c1c4e9154e,7a03384e6e8b85197651452d5bfaff72559b1af11aedb271b10f67c1c4e9154e,"{""basis"":""ordered nested-math atom; exact symbolic replay"",""kind"":""source-target-formula-map""}"
1.1.0,formula,O007-FREMLIN-V2-S241-FORMULA-0220,O007-FREMLIN-V2-S241,O007-RIGHTS-FREMLIN-DSL,O007-FREMLIN-V2-S241-SEG-241EC,220,241Ec,241Ec,224,228,8033,8038,8613,8618,\le,\le,7a03384e6e8b85197651452d5bfaff72559b1af11aedb271b10f67c1c4e9154e,7a03384e6e8b85197651452d5bfaff72559b1af11aedb271b10f67c1c4e9154e,7a03384e6e8b85197651452d5bfaff72559b1af11aedb271b10f67c1c4e9154e,$,,7a03384e6e8b85197651452d5bfaff72559b1af11aedb271b10f67c1c4e9154e,7a03384e6e8b85197651452d5bfaff72559b1af11aedb271b10f67c1c4e9154e,"{""basis"":""ordered nested-math atom; exact symbolic replay"",""kind"":""source-target-formula-map""}"
1.1.0,formula,O007-FREMLIN-V2-S241-FORMULA-0221,O007-FREMLIN-V2-S241,O007-RIGHTS-FREMLIN-DSL,O007-FREMLIN-V2-S241-SEG-241EC,221,241Ec,241Ec,227,230,8060,8068,8652,8660,u\le v,u\le v,f43dcab6dbdebe6089dcc4212a7b81ab82198a096fbb9e6ec373ba5c893436f1,f43dcab6dbdebe6089dcc4212a7b81ab82198a096fbb9e6ec373ba5c893436f1,46a15f04f4e0b1a5b114a3f3ebec344abbab19f356eb56b2e15b8e5a4d264cee,$,,46a15f04f4e0b1a5b114a3f3ebec344abbab19f356eb56b2e15b8e5a4d264cee,46a15f04f4e0b1a5b114a3f3ebec344abbab19f356eb56b2e15b8e5a4d264cee,"{""basis"":""ordered nested-math atom; exact symbolic replay"",""kind"":""source-target-formula-map""}"
1.1.0,formula,O007-FREMLIN-V2-S241-FORMULA-0222,O007-FREMLIN-V2-S241,O007-RIGHTS-FREMLIN-DSL,O007-FREMLIN-V2-S241-SEG-241EC,222,241Ec,241Ec,227,230,8074,8086,8667,8679,u+w\le v+w,u+w\le v+w,4e6294ffb41d411fc97230e1b3cd03f93de20d15dfa9730b11089bd44c419ae3,4e6294ffb41d411fc97230e1b3cd03f93de20d15dfa9730b11089bd44c419ae3,0efc6f7f474b83f363bb2df9b6135ff2dbe3c18dea07793db12019df84fddc10,$,,0efc6f7f474b83f363bb2df9b6135ff2dbe3c18dea07793db12019df84fddc10,0efc6f7f474b83f363bb2df9b6135ff2dbe3c18dea07793db12019df84fddc10,"{""basis"":""ordered nested-math atom; exact symbolic replay"",""kind"":""source-target-formula-map""}"
1.1.0,formula,O007-FREMLIN-V2-S241-FORMULA-0223,O007-FREMLIN-V2-S241,O007-RIGHTS-FREMLIN-DSL,O007-FREMLIN-V2-S241-SEG-241EC,223,241Ec,241Ec,227,230,8097,8100,8693,8696,w,w,50e721e49c013f00c62cf59f2163542a9d8df02464efeb615d31051b0fddc326,50e721e49c013f00c62cf59f2163542a9d8df02464efeb615d31051b0fddc326,50e721e49c013f00c62cf59f2163542a9d8df02464efeb615d31051b0fddc326,$,,50e721e49c013f00c62cf59f2163542a9d8df02464efeb615d31051b0fddc326,50e721e49c013f00c62cf59f2163542a9d8df02464efeb615d31051b0fddc326,"{""basis"":""ordered nested-math atom; exact symbolic replay"",""kind"":""source-target-formula-map""}"
1.1.0,formula,O007-FREMLIN-V2-S241-FORMULA-0224,O007-FREMLIN-V2-S241,O007-RIGHTS-FREMLIN-DSL,O007-FREMLIN-V2-S241-SEG-241EC,224,241Ec,241Ec,229,232,8113,8121,8711,8719,0\le u,0\le u,4bfb617e1362b2152563b88d1e8284e335839f09c4a678c6beea313036752c51,4bfb617e1362b2152563b88d1e8284e335839f09c4a678c6beea313036752c51,e43d322c05621d51c3c09fbd6c6d055cb7ad8579b17510d726694a6badbbe7d2,$,,e43d322c05621d51c3c09fbd6c6d055cb7ad8579b17510d726694a6badbbe7d2,e43d322c05621d51c3c09fbd6c6d055cb7ad8579b17510d726694a6badbbe7d2,"{""basis"":""ordered nested-math atom; exact symbolic replay"",""kind"":""source-target-formula-map""}"
1.1.0,formula,O007-FREMLIN-V2-S241-FORMULA-0225,O007-FREMLIN-V2-S241,O007-RIGHTS-FREMLIN-DSL,O007-FREMLIN-V2-S241-SEG-241EC,225,241Ec,241Ec,229,232,8127,8136,8726,8735,0\le cu,0\le cu,e4b5eaa4d022188459ab53889e0a00c07b3c25a272c9a7cd49de1f94ebc0c4da,e4b5eaa4d022188459ab53889e0a00c07b3c25a272c9a7cd49de1f94ebc0c4da,19e8ce8390adb921fb0dba7086dbe7a31bec17d5e1688f5e603ecd53f9a059c7,$,,19e8ce8390adb921fb0dba7086dbe7a31bec17d5e1688f5e603ecd53f9a059c7,19e8ce8390adb921fb0dba7086dbe7a31bec17d5e1688f5e603ecd53f9a059c7,"{""basis"":""ordered nested-math atom; exact symbolic replay"",""kind"":""source-target-formula-map""}"
1.1.0,formula,O007-FREMLIN-V2-S241-FORMULA-0226,O007-FREMLIN-V2-S241,O007-RIGHTS-FREMLIN-DSL,O007-FREMLIN-V2-S241-SEG-241EC,226,241Ec,241Ec,229,232,8147,8155,8749,8757,c\ge 0,c\ge 0,4528173f8e41970f7790f95dc820d19c11a386c385d888e6daa55325475e6ed0,4528173f8e41970f7790f95dc820d19c11a386c385d888e6daa55325475e6ed0,0cb5c758eaa4b58e4abab6bc350c0f7a0f07216d0c9906b84975219a39534341,$,,0cb5c758eaa4b58e4abab6bc350c0f7a0f07216d0c9906b84975219a39534341,0cb5c758eaa4b58e4abab6bc350c0f7a0f07216d0c9906b84975219a39534341,"{""basis"":""ordered nested-math atom; exact symbolic replay"",""kind"":""source-target-formula-map""}"
1.1.0,formula,O007-FREMLIN-V2-S241-FORMULA-0227,O007-FREMLIN-V2-S241,O007-RIGHTS-FREMLIN-DSL,O007-FREMLIN-V2-S241-SEG-241EC,227,241Ec,241Ec,231,234,8190,8193,8794,8797,f,f,252f10c83610ebca1a059c0bae8255eba2f95be4d1d7bcfa89d7248a82d9f111,252f10c83610ebca1a059c0bae8255eba2f95be4d1d7bcfa89d7248a82d9f111,252f10c83610ebca1a059c0bae8255eba2f95be4d1d7bcfa89d7248a82d9f111,$,,252f10c83610ebca1a059c0bae8255eba2f95be4d1d7bcfa89d7248a82d9f111,252f10c83610ebca1a059c0bae8255eba2f95be4d1d7bcfa89d7248a82d9f111,"{""basis"":""ordered nested-math atom; exact symbolic replay"",""kind"":""source-target-formula-map""}"
1.1.0,formula,O007-FREMLIN-V2-S241-FORMULA-0228,O007-FREMLIN-V2-S241,O007-RIGHTS-FREMLIN-DSL,O007-FREMLIN-V2-S241-SEG-241EC,228,241Ec,241Ec,231,234,8195,8198,8799,8802,g,g,cd0aa9856147b6c5b4ff2b7dfee5da20aa38253099ef1b4a64aced233c9afe29,cd0aa9856147b6c5b4ff2b7dfee5da20aa38253099ef1b4a64aced233c9afe29,cd0aa9856147b6c5b4ff2b7dfee5da20aa38253099ef1b4a64aced233c9afe29,$,,cd0aa9856147b6c5b4ff2b7dfee5da20aa38253099ef1b4a64aced233c9afe29,cd0aa9856147b6c5b4ff2b7dfee5da20aa38253099ef1b4a64aced233c9afe29,"{""basis"":""ordered nested-math atom; exact symbolic replay"",""kind"":""source-target-formula-map""}"
1.1.0,formula,O007-FREMLIN-V2-S241-FORMULA-0229,O007-FREMLIN-V2-S241,O007-RIGHTS-FREMLIN-DSL,O007-FREMLIN-V2-S241-SEG-241EC,229,241Ec,241Ec,231,234,8200,8215,8804,8819,h\in\eusm L^0,h\in\eusm L^0,8a7ed8abc75c5cf0efd3da8f8b2da15a6857f4c9b9342b1090f2b2240ce266f3,8a7ed8abc75c5cf0efd3da8f8b2da15a6857f4c9b9342b1090f2b2240ce266f3,3fa246f3d994d700070440281eefc7318eb962bb9a00b5ecdbfd1f9ea70b9632,$,,3fa246f3d994d700070440281eefc7318eb962bb9a00b5ecdbfd1f9ea70b9632,3fa246f3d994d700070440281eefc7318eb962bb9a00b5ecdbfd1f9ea70b9632,"{""basis"":""ordered nested-math atom; exact symbolic replay"",""kind"":""source-target-formula-map""}"
1.1.0,formula,O007-FREMLIN-V2-S241-FORMULA-0230,O007-FREMLIN-V2-S241,O007-RIGHTS-FREMLIN-DSL,O007-FREMLIN-V2-S241-SEG-241EC,230,241Ec,241Ec,232,235,8220,8230,8824,8834,f\leae g,f\leae g,a1030033af83ba1a3e27538ddf187b5196da8f826858a9977ef5a8fc0aeb9e76,a1030033af83ba1a3e27538ddf187b5196da8f826858a9977ef5a8fc0aeb9e76,4abe613f53c7ee4a5754eb40660416e442d417cb266597e19170cd391d1d1884,$,,4abe613f53c7ee4a5754eb40660416e442d417cb266597e19170cd391d1d1884,4abe613f53c7ee4a5754eb40660416e442d417cb266597e19170cd391d1d1884,"{""basis"":""ordered nested-math atom; exact symbolic replay"",""kind"":""source-target-formula-map""}"
1.1.0,formula,O007-FREMLIN-V2-S241-FORMULA-0231,O007-FREMLIN-V2-S241,O007-RIGHTS-FREMLIN-DSL,O007-FREMLIN-V2-S241-SEG-241EC,231,241Ec,241Ec,232,235,8237,8251,8841,8855,f+h\leae g+h,f+h\leae g+h,6ba48f383da52713a4888cedd34635581c89a940cca256fb753b665a5e95ab89,6ba48f383da52713a4888cedd34635581c89a940cca256fb753b665a5e95ab89,0bab5b6a98074d4777675ef20d6215e6dff0c1c648b19cee065b1713de34d7a3,$,,0bab5b6a98074d4777675ef20d6215e6dff0c1c648b19cee065b1713de34d7a3,0bab5b6a98074d4777675ef20d6215e6dff0c1c648b19cee065b1713de34d7a3,"{""basis"":""ordered nested-math atom; exact symbolic replay"",""kind"":""source-target-formula-map""}"
1.1.0,formula,O007-FREMLIN-V2-S241-FORMULA-0232,O007-FREMLIN-V2-S241,O007-RIGHTS-FREMLIN-DSL,O007-FREMLIN-V2-S241-SEG-241EC,232,241Ec,241Ec,232,235,8262,8277,8867,8882,f\in\eusm L^0,f\in\eusm L^0,6543e42c5f138e90eba1bced054e8c4826a26b50cd7f0bde6a49b82d0087fe7b,6543e42c5f138e90eba1bced054e8c4826a26b50cd7f0bde6a49b82d0087fe7b,5a8f974bce4387525c09d2cf266aaeaca66ee82c353a97c32ba20dab152ac7f8,$,,5a8f974bce4387525c09d2cf266aaeaca66ee82c353a97c32ba20dab152ac7f8,5a8f974bce4387525c09d2cf266aaeaca66ee82c353a97c32ba20dab152ac7f8,"{""basis"":""ordered nested-math atom; exact symbolic replay"",""kind"":""source-target-formula-map""}"
1.1.0,formula,O007-FREMLIN-V2-S241-FORMULA-0233,O007-FREMLIN-V2-S241,O007-RIGHTS-FREMLIN-DSL,O007-FREMLIN-V2-S241-SEG-241EC,233,241Ec,241Ec,233,236,8282,8290,8887,8895,f\ge 0,f\ge 0,417a4348ee695ad1ca5ff0ee67e0251ba844002f0f7aa5476c51e9c02504cee0,417a4348ee695ad1ca5ff0ee67e0251ba844002f0f7aa5476c51e9c02504cee0,b39f54536bb6d826816626c95499567d1e5b579972b91a3acd73105d3908839f,$,,b39f54536bb6d826816626c95499567d1e5b579972b91a3acd73105d3908839f,b39f54536bb6d826816626c95499567d1e5b579972b91a3acd73105d3908839f,"{""basis"":""ordered nested-math atom; exact symbolic replay"",""kind"":""source-target-formula-map""}"
1.1.0,formula,O007-FREMLIN-V2-S241-FORMULA-0234,O007-FREMLIN-V2-S241,O007-RIGHTS-FREMLIN-DSL,O007-FREMLIN-V2-S241-SEG-241EC,234,241Ec,241Ec,234,236,8302,8311,8922,8931,cf\ge 0,cf\ge 0,8b97211504c76a46cde567563b538a1b5e60a39b8c4280ce9d7ff0453ede1891,8b97211504c76a46cde567563b538a1b5e60a39b8c4280ce9d7ff0453ede1891,b74ee67f194b97162fbe4c570afabf8f9f3428f4129b424b0b3ef1f8be758283,$,,b74ee67f194b97162fbe4c570afabf8f9f3428f4129b424b0b3ef1f8be758283,b74ee67f194b97162fbe4c570afabf8f9f3428f4129b424b0b3ef1f8be758283,"{""basis"":""ordered nested-math atom; exact symbolic replay"",""kind"":""source-target-formula-map""}"
1.1.0,formula,O007-FREMLIN-V2-S241-FORMULA-0235,O007-FREMLIN-V2-S241,O007-RIGHTS-FREMLIN-DSL,O007-FREMLIN-V2-S241-SEG-241EC,235,241Ec,241Ec,234,237,8328,8336,8965,8973,c\ge 0,c\ge 0,4528173f8e41970f7790f95dc820d19c11a386c385d888e6daa55325475e6ed0,4528173f8e41970f7790f95dc820d19c11a386c385d888e6daa55325475e6ed0,0cb5c758eaa4b58e4abab6bc350c0f7a0f07216d0c9906b84975219a39534341,$,,0cb5c758eaa4b58e4abab6bc350c0f7a0f07216d0c9906b84975219a39534341,0cb5c758eaa4b58e4abab6bc350c0f7a0f07216d0c9906b84975219a39534341,"{""basis"":""ordered nested-math atom; exact symbolic replay"",""kind"":""source-target-formula-map""}"
1.1.0,formula,O007-FREMLIN-V2-S241-FORMULA-0236,O007-FREMLIN-V2-S241,O007-RIGHTS-FREMLIN-DSL,O007-FREMLIN-V2-S241-SEG-241ED,236,241Ed,241Ed,236,239,8377,8382,9024,9029,L^0,L^0,efb929291fb3ed4159783d57eb43e4f4183bf2aa2552acd5d70f6ebf7aa04b27,efb929291fb3ed4159783d57eb43e4f4183bf2aa2552acd5d70f6ebf7aa04b27,efb929291fb3ed4159783d57eb43e4f4183bf2aa2552acd5d70f6ebf7aa04b27,$,,efb929291fb3ed4159783d57eb43e4f4183bf2aa2552acd5d70f6ebf7aa04b27,efb929291fb3ed4159783d57eb43e4f4183bf2aa2552acd5d70f6ebf7aa04b27,"{""basis"":""ordered nested-math atom; exact symbolic replay"",""kind"":""source-target-formula-map""}"
1.1.0,formula,O007-FREMLIN-V2-S241-FORMULA-0237,O007-FREMLIN-V2-S241,O007-RIGHTS-FREMLIN-DSL,O007-FREMLIN-V2-S241-SEG-241ED,237,241Ed,241Ed,238,241,8483,8504,9137,9158,"u\vee v=\sup\{u,v\}","u\vee v=\sup\{u,v\}",d2a6542322797ac142e9b70e33ae10a0d29abceee35540bcf715f77a0ee9b950,d2a6542322797ac142e9b70e33ae10a0d29abceee35540bcf715f77a0ee9b950,00a13c52899840da2bc460cb9661847be0695e3a1fd23b9375efd375d2840945,$,,00a13c52899840da2bc460cb9661847be0695e3a1fd23b9375efd375d2840945,00a13c52899840da2bc460cb9661847be0695e3a1fd23b9375efd375d2840945,"{""basis"":""ordered nested-math atom; exact symbolic replay"",""kind"":""source-target-formula-map""}"
1.1.0,formula,O007-FREMLIN-V2-S241-FORMULA-0238,O007-FREMLIN-V2-S241,O007-RIGHTS-FREMLIN-DSL,O007-FREMLIN-V2-S241-SEG-241ED,238,241Ed,241Ed,238,242,8509,8532,9163,9186,"u\wedge v=\inf\{u,v\}","u\wedge v=\inf\{u,v\}",d874548b9578f8c4caaf463519ec607c0aa6615fff669502948bec5dcf428ea6,d874548b9578f8c4caaf463519ec607c0aa6615fff669502948bec5dcf428ea6,2046d406209dddc3c62a1744a1b30c9beca7e722e3bd95cc78f75a02b81c6646,$,,2046d406209dddc3c62a1744a1b30c9beca7e722e3bd95cc78f75a02b81c6646,2046d406209dddc3c62a1744a1b30c9beca7e722e3bd95cc78f75a02b81c6646,"{""basis"":""ordered nested-math atom; exact symbolic replay"",""kind"":""source-target-formula-map""}"
1.1.0,formula,O007-FREMLIN-V2-S241-FORMULA-0239,O007-FREMLIN-V2-S241,O007-RIGHTS-FREMLIN-DSL,O007-FREMLIN-V2-S241-SEG-241ED,239,241Ed,241Ed,239,242,8553,8556,9211,9214,u,u,0bfe935e70c321c7ca3afc75ce0d0ca2f98b5422e008bb31c00c6d7f1f1c0ad6,0bfe935e70c321c7ca3afc75ce0d0ca2f98b5422e008bb31c00c6d7f1f1c0ad6,0bfe935e70c321c7ca3afc75ce0d0ca2f98b5422e008bb31c00c6d7f1f1c0ad6,$,,0bfe935e70c321c7ca3afc75ce0d0ca2f98b5422e008bb31c00c6d7f1f1c0ad6,0bfe935e70c321c7ca3afc75ce0d0ca2f98b5422e008bb31c00c6d7f1f1c0ad6,"{""basis"":""ordered nested-math atom; exact symbolic replay"",""kind"":""source-target-formula-map""}"
1.1.0,formula,O007-FREMLIN-V2-S241-FORMULA-0240,O007-FREMLIN-V2-S241,O007-RIGHTS-FREMLIN-DSL,O007-FREMLIN-V2-S241-SEG-241ED,240,241Ed,241Ed,239,242,8558,8568,9216,9226,v\in L^0,v\in L^0,f19b89c4a2c7f7474e837d24a75e09b5c489b58e1192b06c96a34a34ce0ba6fe,f19b89c4a2c7f7474e837d24a75e09b5c489b58e1192b06c96a34a34ce0ba6fe,4ba74b005e769f6fc3b30eb7fd3273974b3ec1a6e2eb7b7bb5185492a7be12fe,$,,4ba74b005e769f6fc3b30eb7fd3273974b3ec1a6e2eb7b7bb5185492a7be12fe,4ba74b005e769f6fc3b30eb7fd3273974b3ec1a6e2eb7b7bb5185492a7be12fe,"{""basis"":""ordered nested-math atom; exact symbolic replay"",""kind"":""source-target-formula-map""}"
1.1.0,formula,O007-FREMLIN-V2-S241-FORMULA-0241,O007-FREMLIN-V2-S241,O007-RIGHTS-FREMLIN-DSL,O007-FREMLIN-V2-S241-SEG-241ED,241,241Ed,241Ed,240,243,8591,8594,9250,9253,f,f,252f10c83610ebca1a059c0bae8255eba2f95be4d1d7bcfa89d7248a82d9f111,252f10c83610ebca1a059c0bae8255eba2f95be4d1d7bcfa89d7248a82d9f111,252f10c83610ebca1a059c0bae8255eba2f95be4d1d7bcfa89d7248a82d9f111,$,,252f10c83610ebca1a059c0bae8255eba2f95be4d1d7bcfa89d7248a82d9f111,252f10c83610ebca1a059c0bae8255eba2f95be4d1d7bcfa89d7248a82d9f111,"{""basis"":""ordered nested-math atom; exact symbolic replay"",""kind"":""source-target-formula-map""}"
1.1.0,formula,O007-FREMLIN-V2-S241-FORMULA-0242,O007-FREMLIN-V2-S241,O007-RIGHTS-FREMLIN-DSL,O007-FREMLIN-V2-S241-SEG-241ED,242,241Ed,241Ed,240,243,8596,8612,9255,9270,g\in \eusm L^0,g\in\eusm L^0,2a07a71f004fd0c3a052b7cc42e85fadd613b0fc0dae9299a79bcbd5e9971e1c,ca4d2434fa769eeec35d32850aaacb6dd01821ae84167bdf03fa203de40bf8f1,d831139421b5d479221e5b0f06e80687e70b8ff9c8b25f61cf4ad5a952254fa0,$,,d831139421b5d479221e5b0f06e80687e70b8ff9c8b25f61cf4ad5a952254fa0,d831139421b5d479221e5b0f06e80687e70b8ff9c8b25f61cf4ad5a952254fa0,"{""basis"":""ordered nested-math atom; exact symbolic replay"",""kind"":""source-target-formula-map""}"
1.1.0,formula,O007-FREMLIN-V2-S241-FORMULA-0243,O007-FREMLIN-V2-S241,O007-RIGHTS-FREMLIN-DSL,O007-FREMLIN-V2-S241-SEG-241ED,243,241Ed,241Ed,240,244,8623,8640,9291,9308,f^{\ssbullet}=u,f^{\ssbullet}=u,f493aa8dcd0a60e283e8f127b62b65c53b51fa157cfa65fb68b2884f12e58fac,f493aa8dcd0a60e283e8f127b62b65c53b51fa157cfa65fb68b2884f12e58fac,f493aa8dcd0a60e283e8f127b62b65c53b51fa157cfa65fb68b2884f12e58fac,$,,f493aa8dcd0a60e283e8f127b62b65c53b51fa157cfa65fb68b2884f12e58fac,f493aa8dcd0a60e283e8f127b62b65c53b51fa157cfa65fb68b2884f12e58fac,"{""basis"":""ordered nested-math atom; exact symbolic replay"",""kind"":""source-target-formula-map""}"
1.1.0,formula,O007-FREMLIN-V2-S241-FORMULA-0244,O007-FREMLIN-V2-S241,O007-RIGHTS-FREMLIN-DSL,O007-FREMLIN-V2-S241-SEG-241ED,244,241Ed,241Ed,241,244,8645,8662,9313,9330,g^{\ssbullet}=v,g^{\ssbullet}=v,9758bd0821eef40607501239b476d6b25cdef27f2f690e828f682a76c0bfd5b0,9758bd0821eef40607501239b476d6b25cdef27f2f690e828f682a76c0bfd5b0,9758bd0821eef40607501239b476d6b25cdef27f2f690e828f682a76c0bfd5b0,$,,9758bd0821eef40607501239b476d6b25cdef27f2f690e828f682a76c0bfd5b0,9758bd0821eef40607501239b476d6b25cdef27f2f690e828f682a76c0bfd5b0,"{""basis"":""ordered nested-math atom; exact symbolic replay"",""kind"":""source-target-formula-map""}"
1.1.0,formula,O007-FREMLIN-V2-S241-FORMULA-0245,O007-FREMLIN-V2-S241,O007-RIGHTS-FREMLIN-DSL,O007-FREMLIN-V2-S241-SEG-241ED,245,241Ed,241Ed,241,244,8670,8679,9337,9346,f\vee g,f\vee g,f0faa071d7e79946dc846e2f5fee86cfdc50b7c3a8aa1d660f61189f8bd4cc11,f0faa071d7e79946dc846e2f5fee86cfdc50b7c3a8aa1d660f61189f8bd4cc11,d2f29b01672f119c534515b1ab6ed9d1adc5538a9e78a75c9d5d8be8e411b030,$,,d2f29b01672f119c534515b1ab6ed9d1adc5538a9e78a75c9d5d8be8e411b030,d2f29b01672f119c534515b1ab6ed9d1adc5538a9e78a75c9d5d8be8e411b030,"{""basis"":""ordered nested-math atom; exact symbolic replay"",""kind"":""source-target-formula-map""}"
1.1.0,formula,O007-FREMLIN-V2-S241-FORMULA-0246,O007-FREMLIN-V2-S241,O007-RIGHTS-FREMLIN-DSL,O007-FREMLIN-V2-S241-SEG-241ED,246,241Ed,241Ed,241,245,8681,8704,9348,9371,f\wedge g\in\eusm L^0,f\wedge g\in\eusm L^0,96ffdc7fec5558ed6a2325f1b236052a21c3996f03e8c1942df3b93211916072,96ffdc7fec5558ed6a2325f1b236052a21c3996f03e8c1942df3b93211916072,be60bcba38de90b8a0c6648fb6d4ed5ae85176639aa4149ed2412e688817a764,$,,be60bcba38de90b8a0c6648fb6d4ed5ae85176639aa4149ed2412e688817a764,be60bcba38de90b8a0c6648fb6d4ed5ae85176639aa4149ed2412e688817a764,"{""basis"":""ordered nested-math atom; exact symbolic replay"",""kind"":""source-target-formula-map""}"
1.1.0,formula,O007-FREMLIN-V2-S241-FORMULA-0247,O007-FREMLIN-V2-S241,O007-RIGHTS-FREMLIN-DSL,O007-FREMLIN-V2-S241-SEG-241ED,247,241Ed,241Ed,243,247,8727,8757,9404,9434,"(f\vee g)(x)=\max(f(x),g(x))","(f\vee g)(x)=\max(f(x),g(x))",2d5d76a649387a3e257778770a797070130e77d7900fe66229c87a53ccd0a2d8,2d5d76a649387a3e257778770a797070130e77d7900fe66229c87a53ccd0a2d8,e9c56fe10697a7162e473f717a865c5c9709b11264eedaecc5e652565b8e9753,$,,e9c56fe10697a7162e473f717a865c5c9709b11264eedaecc5e652565b8e9753,e9c56fe10697a7162e473f717a865c5c9709b11264eedaecc5e652565b8e9753,"{""basis"":""ordered nested-math atom; exact symbolic replay"",""kind"":""source-target-formula-map""}"
1.1.0,formula,O007-FREMLIN-V2-S241-FORMULA-0248,O007-FREMLIN-V2-S241,O007-RIGHTS-FREMLIN-DSL,O007-FREMLIN-V2-S241-SEG-241ED,248,241Ed,241Ed,243,247,8765,8797,9442,9474,"(f\wedge
g)(x)=\min(f(x),g(x))","(f\wedge
g)(x)=\min(f(x),g(x))",92c69a255b08cdd8cbf8847b6a3ce29f9e27e33cad60da350bc5fcae4e82221b,92c69a255b08cdd8cbf8847b6a3ce29f9e27e33cad60da350bc5fcae4e82221b,1fa91bbe579c5160a63b9366b3cd59c517c548607bb7a4f9f09276ac2e342399,$,,1fa91bbe579c5160a63b9366b3cd59c517c548607bb7a4f9f09276ac2e342399,1fa91bbe579c5160a63b9366b3cd59c517c548607bb7a4f9f09276ac2e342399,"{""basis"":""ordered nested-math atom; exact symbolic replay"",""kind"":""source-target-formula-map""}"
1.1.0,formula,O007-FREMLIN-V2-S241-FORMULA-0249,O007-FREMLIN-V2-S241,O007-RIGHTS-FREMLIN-DSL,O007-FREMLIN-V2-S241-SEG-241ED,249,241Ed,241Ed,246,250,8814,8836,9493,9515,x\in\dom f\cap\dom g,x\in\dom f\cap\dom g,229c7a772e656e07e316379c708c4d0bae88ed4672b329294f30d4e922968028,229c7a772e656e07e316379c708c4d0bae88ed4672b329294f30d4e922968028,3439bf8ee3454865f55f8bab70405ea58697a9958e1c04308a5b42ad46db7e25,$,,3439bf8ee3454865f55f8bab70405ea58697a9958e1c04308a5b42ad46db7e25,3439bf8ee3454865f55f8bab70405ea58697a9958e1c04308a5b42ad46db7e25,"{""basis"":""ordered nested-math atom; exact symbolic replay"",""kind"":""source-target-formula-map""}"
1.1.0,formula,O007-FREMLIN-V2-S241-FORMULA-0250,O007-FREMLIN-V2-S241,O007-RIGHTS-FREMLIN-DSL,O007-FREMLIN-V2-S241-SEG-241ED,250,241Ed,241Ed,247,251,8874,8889,9560,9575,h\in\eusm L^0,h\in\eusm L^0,8a7ed8abc75c5cf0efd3da8f8b2da15a6857f4c9b9342b1090f2b2240ce266f3,8a7ed8abc75c5cf0efd3da8f8b2da15a6857f4c9b9342b1090f2b2240ce266f3,3fa246f3d994d700070440281eefc7318eb962bb9a00b5ecdbfd1f9ea70b9632,$,,3fa246f3d994d700070440281eefc7318eb962bb9a00b5ecdbfd1f9ea70b9632,3fa246f3d994d700070440281eefc7318eb962bb9a00b5ecdbfd1f9ea70b9632,"{""basis"":""ordered nested-math atom; exact symbolic replay"",""kind"":""source-target-formula-map""}"
1.1.0,formula,O007-FREMLIN-V2-S241-FORMULA-0251,O007-FREMLIN-V2-S241,O007-RIGHTS-FREMLIN-DSL,O007-FREMLIN-V2-S241-SEG-241ED,251,241Ed,241Ed,249,253,8912,8941,9605,9634,f\vee g\leae h\iff f\leae h,f\vee g\leae h\iff f\leae h,c407dafbba59848d53e5440d85461dcdce44f185e499d5c8043e56a825b46a04,c407dafbba59848d53e5440d85461dcdce44f185e499d5c8043e56a825b46a04,5168868f016494aa1f496a0440bfd2e01bca19eb969b3759fd3e99f8ada4cb90,$,,5168868f016494aa1f496a0440bfd2e01bca19eb969b3759fd3e99f8ada4cb90,5168868f016494aa1f496a0440bfd2e01bca19eb969b3759fd3e99f8ada4cb90,"{""basis"":""ordered nested-math atom; exact symbolic replay"",""kind"":""source-target-formula-map""}"
1.1.0,formula,O007-FREMLIN-V2-S241-FORMULA-0252,O007-FREMLIN-V2-S241,O007-RIGHTS-FREMLIN-DSL,O007-FREMLIN-V2-S241-SEG-241ED,252,241Ed,241Ed,249,253,8946,8956,9639,9649,g\leae h,g\leae h,fcea9dcd517c0713b49f4a0791561c271d8439b034173a31683b5b672a19e9ab,fcea9dcd517c0713b49f4a0791561c271d8439b034173a31683b5b672a19e9ab,d2896b425413b4ed066a71cbebaf33796c2da86c2fcf5a89ad8e056b0e50e595,$,,d2896b425413b4ed066a71cbebaf33796c2da86c2fcf5a89ad8e056b0e50e595,d2896b425413b4ed066a71cbebaf33796c2da86c2fcf5a89ad8e056b0e50e595,"{""basis"":""ordered nested-math atom; exact symbolic replay"",""kind"":""source-target-formula-map""}"
1.1.0,formula,O007-FREMLIN-V2-S241-FORMULA-0253,O007-FREMLIN-V2-S241,O007-RIGHTS-FREMLIN-DSL,O007-FREMLIN-V2-S241-SEG-241ED,253,241Ed,241Ed,251,255,8972,9003,9665,9696,h\leae f\wedge g\iff h\leae f,h\leae f\wedge g\iff h\leae f,f234630d2b4b093404c1b11cd39af38a403660f4ca92ce36e5c02c5a5a7b66fb,f234630d2b4b093404c1b11cd39af38a403660f4ca92ce36e5c02c5a5a7b66fb,761f23a5a46411f448dc3c40221ac1b02b691eed6de22d680cc609e07e7f84a1,$,,761f23a5a46411f448dc3c40221ac1b02b691eed6de22d680cc609e07e7f84a1,761f23a5a46411f448dc3c40221ac1b02b691eed6de22d680cc609e07e7f84a1,"{""basis"":""ordered nested-math atom; exact symbolic replay"",""kind"":""source-target-formula-map""}"
1.1.0,formula,O007-FREMLIN-V2-S241-FORMULA-0254,O007-FREMLIN-V2-S241,O007-RIGHTS-FREMLIN-DSL,O007-FREMLIN-V2-S241-SEG-241ED,254,241Ed,241Ed,251,255,9008,9018,9701,9711,h\leae g,h\leae g,f8580488cad891ae7bf4b6427a45ed95b9628f5fe007dd53cdb8abbb415cf46d,f8580488cad891ae7bf4b6427a45ed95b9628f5fe007dd53cdb8abbb415cf46d,ee2a24c1a52ae21e22111399bae0e27f92e57b6ef20106b3b9822d1ff2fb95a5,$,,ee2a24c1a52ae21e22111399bae0e27f92e57b6ef20106b3b9822d1ff2fb95a5,ee2a24c1a52ae21e22111399bae0e27f92e57b6ef20106b3b9822d1ff2fb95a5,"{""basis"":""ordered nested-math atom; exact symbolic replay"",""kind"":""source-target-formula-map""}"
1.1.0,formula,O007-FREMLIN-V2-S241-FORMULA-0255,O007-FREMLIN-V2-S241,O007-RIGHTS-FREMLIN-DSL,O007-FREMLIN-V2-S241-SEG-241ED,255,241Ed,241Ed,253,257,9043,9053,9749,9759,w\in L^0,w\in L^0,383a29ec28114b0e0bb107cc538910d07380345e6ef82b4d71e6008fa1f3264c,383a29ec28114b0e0bb107cc538910d07380345e6ef82b4d71e6008fa1f3264c,62270f4d9c18c315eeaf51cffdbd8a2c8e412c6849dee42c5399a4d7b3e4cafe,$,,62270f4d9c18c315eeaf51cffdbd8a2c8e412c6849dee42c5399a4d7b3e4cafe,62270f4d9c18c315eeaf51cffdbd8a2c8e412c6849dee42c5399a4d7b3e4cafe,"{""basis"":""ordered nested-math atom; exact symbolic replay"",""kind"":""source-target-formula-map""}"
1.1.0,formula,O007-FREMLIN-V2-S241-FORMULA-0256,O007-FREMLIN-V2-S241,O007-RIGHTS-FREMLIN-DSL,O007-FREMLIN-V2-S241-SEG-241ED,256,241Ed,241Ed,255,259,9075,9114,9788,9827,(f\vee g)^{\ssbullet}\le w\iff u\le w,(f\vee g)^{\ssbullet}\le w\iff u\le w,8c78d15e18a3fc6f8af614d46a3243ed855387aefe64ae6609b26221a8f4f69f,8c78d15e18a3fc6f8af614d46a3243ed855387aefe64ae6609b26221a8f4f69f,32f655eade1934ce7a3cf1b5e84099566c9c2ae0131749cf6b33f48808ba46d0,$,,32f655eade1934ce7a3cf1b5e84099566c9c2ae0131749cf6b33f48808ba46d0,32f655eade1934ce7a3cf1b5e84099566c9c2ae0131749cf6b33f48808ba46d0,"{""basis"":""ordered nested-math atom; exact symbolic replay"",""kind"":""source-target-formula-map""}"
1.1.0,formula,O007-FREMLIN-V2-S241-FORMULA-0257,O007-FREMLIN-V2-S241,O007-RIGHTS-FREMLIN-DSL,O007-FREMLIN-V2-S241-SEG-241ED,257,241Ed,241Ed,255,259,9119,9127,9832,9840,v\le w,v\le w,c4278f118eccc2b86564182cab3ef4efff8334fa3c75f47bd78861d58779dd2a,c4278f118eccc2b86564182cab3ef4efff8334fa3c75f47bd78861d58779dd2a,98a93c54907f3703a747dd52aa0761187c4c903ea7145f8ef61f502cd40930a7,$,,98a93c54907f3703a747dd52aa0761187c4c903ea7145f8ef61f502cd40930a7,98a93c54907f3703a747dd52aa0761187c4c903ea7145f8ef61f502cd40930a7,"{""basis"":""ordered nested-math atom; exact symbolic replay"",""kind"":""source-target-formula-map""}"
1.1.0,formula,O007-FREMLIN-V2-S241-FORMULA-0258,O007-FREMLIN-V2-S241,O007-RIGHTS-FREMLIN-DSL,O007-FREMLIN-V2-S241-SEG-241ED,258,241Ed,241Ed,257,261,9143,9183,9856,9896,w\le(f\wedge g)^{\ssbullet}\iff w\le u,w\le(f\wedge g)^{\ssbullet}\iff w\le u,01c95fb742a3a7c782afab83a81e93edddf1a13eb46ef3b2a3cd2a8b0cb0d4f3,01c95fb742a3a7c782afab83a81e93edddf1a13eb46ef3b2a3cd2a8b0cb0d4f3,4bce39928090e5100505b6ce0366b345aa5f0c9f9f07b202e947cca82005f144,$,,4bce39928090e5100505b6ce0366b345aa5f0c9f9f07b202e947cca82005f144,4bce39928090e5100505b6ce0366b345aa5f0c9f9f07b202e947cca82005f144,"{""basis"":""ordered nested-math atom; exact symbolic replay"",""kind"":""source-target-formula-map""}"
1.1.0,formula,O007-FREMLIN-V2-S241-FORMULA-0259,O007-FREMLIN-V2-S241,O007-RIGHTS-FREMLIN-DSL,O007-FREMLIN-V2-S241-SEG-241ED,259,241Ed,241Ed,257,261,9188,9196,9901,9909,w\le v,w\le v,39974becc22183ab057923c5263b446eaa7f5b635862cc1fe9b819d287cb25e2,39974becc22183ab057923c5263b446eaa7f5b635862cc1fe9b819d287cb25e2,f7ba26beccb0f8133a7ab2ce96a534edb17146053ae59a52f51f4a659006f106,$,,f7ba26beccb0f8133a7ab2ce96a534edb17146053ae59a52f51f4a659006f106,f7ba26beccb0f8133a7ab2ce96a534edb17146053ae59a52f51f4a659006f106,"{""basis"":""ordered nested-math atom; exact symbolic replay"",""kind"":""source-target-formula-map""}"
1.1.0,formula,O007-FREMLIN-V2-S241-FORMULA-0260,O007-FREMLIN-V2-S241,O007-RIGHTS-FREMLIN-DSL,O007-FREMLIN-V2-S241-SEG-241ED,260,241Ed,241Ed,261,265,9236,9279,9958,10001,"(f\vee g)^{\ssbullet}=\sup\{u,v\}=u\vee v","(f\vee g)^{\ssbullet}=\sup\{u,v\}=u\vee v",22183132dd3763cbff24ec61062e2371f3b0c036988ff85c3b986dc1d3e761ef,22183132dd3763cbff24ec61062e2371f3b0c036988ff85c3b986dc1d3e761ef,a78273e173e4d3de75b33a35bdee40d9a0c848b50f2428b28321f5c0b38f7450,$,,a78273e173e4d3de75b33a35bdee40d9a0c848b50f2428b28321f5c0b38f7450,a78273e173e4d3de75b33a35bdee40d9a0c848b50f2428b28321f5c0b38f7450,"{""basis"":""ordered nested-math atom; exact symbolic replay"",""kind"":""source-target-formula-map""}"
1.1.0,formula,O007-FREMLIN-V2-S241-FORMULA-0261,O007-FREMLIN-V2-S241,O007-RIGHTS-FREMLIN-DSL,O007-FREMLIN-V2-S241-SEG-241ED,261,241Ed,241Ed,262,266,9286,9333,10008,10055,"(f\wedge g)^{\ssbullet}=\inf\{u,v\}=u\wedge v","(f\wedge g)^{\ssbullet}=\inf\{u,v\}=u\wedge v",cf4a1e2b47d7e778299b7261e5ae707a0e93883cae6ea713a62e9e3d0312975f,cf4a1e2b47d7e778299b7261e5ae707a0e93883cae6ea713a62e9e3d0312975f,6c88116dc0c0ca841c96bad8c46d44e2d53782875385b67416ff95a3bb1dd666,$,,6c88116dc0c0ca841c96bad8c46d44e2d53782875385b67416ff95a3bb1dd666,6c88116dc0c0ca841c96bad8c46d44e2d53782875385b67416ff95a3bb1dd666,"{""basis"":""ordered nested-math atom; exact symbolic replay"",""kind"":""source-target-formula-map""}"
1.1.0,formula,O007-FREMLIN-V2-S241-FORMULA-0262,O007-FREMLIN-V2-S241,O007-RIGHTS-FREMLIN-DSL,O007-FREMLIN-V2-S241-SEG-241ED,262,241Ed,241Ed,264,268,9349,9354,10074,10079,L^0,L^0,efb929291fb3ed4159783d57eb43e4f4183bf2aa2552acd5d70f6ebf7aa04b27,efb929291fb3ed4159783d57eb43e4f4183bf2aa2552acd5d70f6ebf7aa04b27,efb929291fb3ed4159783d57eb43e4f4183bf2aa2552acd5d70f6ebf7aa04b27,$,,efb929291fb3ed4159783d57eb43e4f4183bf2aa2552acd5d70f6ebf7aa04b27,efb929291fb3ed4159783d57eb43e4f4183bf2aa2552acd5d70f6ebf7aa04b27,"{""basis"":""ordered nested-math atom; exact symbolic replay"",""kind"":""source-target-formula-map""}"
1.1.0,formula,O007-FREMLIN-V2-S241-FORMULA-0263,O007-FREMLIN-V2-S241,O007-RIGHTS-FREMLIN-DSL,O007-FREMLIN-V2-S241-SEG-241EE,263,241Ee,241Ee,266,270,9403,9413,10131,10141,u\in L^0,u\in L^0,ba1840d798a1f35ea927e7454a8c1d2c1c2131ce893fc1b608cfbfa984210846,ba1840d798a1f35ea927e7454a8c1d2c1c2131ce893fc1b608cfbfa984210846,f85392ebe6b3fab109d0ca79dfa610bac6e936703ca234a34e77921bd68ca1cb,$,,f85392ebe6b3fab109d0ca79dfa610bac6e936703ca234a34e77921bd68ca1cb,f85392ebe6b3fab109d0ca79dfa610bac6e936703ca234a34e77921bd68ca1cb,"{""basis"":""ordered nested-math atom; exact symbolic replay"",""kind"":""source-target-formula-map""}"
1.1.0,formula,O007-FREMLIN-V2-S241-FORMULA-0264,O007-FREMLIN-V2-S241,O007-RIGHTS-FREMLIN-DSL,O007-FREMLIN-V2-S241-SEG-241EE,264,241Ee,241Ee,267,271,9430,9445,10166,10181,|u|=u\vee(-u),|u|=u\vee(-u),d5f2d6af8c97413366260efc9cb03abb2ace284d7b09caf602c0114ef092ae90,d5f2d6af8c97413366260efc9cb03abb2ace284d7b09caf602c0114ef092ae90,d5f2d6af8c97413366260efc9cb03abb2ace284d7b09caf602c0114ef092ae90,$,,d5f2d6af8c97413366260efc9cb03abb2ace284d7b09caf602c0114ef092ae90,d5f2d6af8c97413366260efc9cb03abb2ace284d7b09caf602c0114ef092ae90,"{""basis"":""ordered nested-math atom; exact symbolic replay"",""kind"":""source-target-formula-map""}"
1.1.0,formula,O007-FREMLIN-V2-S241-FORMULA-0265,O007-FREMLIN-V2-S241,O007-RIGHTS-FREMLIN-DSL,O007-FREMLIN-V2-S241-SEG-241EE,265,241Ee,241Ee,267,271,9451,9466,10188,10203,f\in\eusm L^0,f\in\eusm L^0,6543e42c5f138e90eba1bced054e8c4826a26b50cd7f0bde6a49b82d0087fe7b,6543e42c5f138e90eba1bced054e8c4826a26b50cd7f0bde6a49b82d0087fe7b,5a8f974bce4387525c09d2cf266aaeaca66ee82c353a97c32ba20dab152ac7f8,$,,5a8f974bce4387525c09d2cf266aaeaca66ee82c353a97c32ba20dab152ac7f8,5a8f974bce4387525c09d2cf266aaeaca66ee82c353a97c32ba20dab152ac7f8,"{""basis"":""ordered nested-math atom; exact symbolic replay"",""kind"":""source-target-formula-map""}"
1.1.0,formula,O007-FREMLIN-V2-S241-FORMULA-0266,O007-FREMLIN-V2-S241,O007-RIGHTS-FREMLIN-DSL,O007-FREMLIN-V2-S241-SEG-241EE,266,241Ee,241Ee,268,272,9472,9505,10210,10243,|f^{\ssbullet}|=|f|^{\ssbullet},|f^{\ssbullet}|=|f|^{\ssbullet},9a0856694d843fad7e62321b8963182c678fc5bcce4d05f3f21e1238aa93e635,9a0856694d843fad7e62321b8963182c678fc5bcce4d05f3f21e1238aa93e635,9a0856694d843fad7e62321b8963182c678fc5bcce4d05f3f21e1238aa93e635,$,,9a0856694d843fad7e62321b8963182c678fc5bcce4d05f3f21e1238aa93e635,9a0856694d843fad7e62321b8963182c678fc5bcce4d05f3f21e1238aa93e635,"{""basis"":""ordered nested-math atom; exact symbolic replay"",""kind"":""source-target-formula-map""}"
1.1.0,formula,O007-FREMLIN-V2-S241-FORMULA-0267,O007-FREMLIN-V2-S241,O007-RIGHTS-FREMLIN-DSL,O007-FREMLIN-V2-S241-SEG-241EE,267,241Ee,241Ee,270,274,9518,9521,10258,10261,f,f,252f10c83610ebca1a059c0bae8255eba2f95be4d1d7bcfa89d7248a82d9f111,252f10c83610ebca1a059c0bae8255eba2f95be4d1d7bcfa89d7248a82d9f111,252f10c83610ebca1a059c0bae8255eba2f95be4d1d7bcfa89d7248a82d9f111,$,,252f10c83610ebca1a059c0bae8255eba2f95be4d1d7bcfa89d7248a82d9f111,252f10c83610ebca1a059c0bae8255eba2f95be4d1d7bcfa89d7248a82d9f111,"{""basis"":""ordered nested-math atom; exact symbolic replay"",""kind"":""source-target-formula-map""}"
1.1.0,formula,O007-FREMLIN-V2-S241-FORMULA-0268,O007-FREMLIN-V2-S241,O007-RIGHTS-FREMLIN-DSL,O007-FREMLIN-V2-S241-SEG-241EE,268,241Ee,241Ee,270,274,9523,9538,10263,10278,g\in\eusm L^0,g\in\eusm L^0,ca4d2434fa769eeec35d32850aaacb6dd01821ae84167bdf03fa203de40bf8f1,ca4d2434fa769eeec35d32850aaacb6dd01821ae84167bdf03fa203de40bf8f1,d831139421b5d479221e5b0f06e80687e70b8ff9c8b25f61cf4ad5a952254fa0,$,,d831139421b5d479221e5b0f06e80687e70b8ff9c8b25f61cf4ad5a952254fa0,d831139421b5d479221e5b0f06e80687e70b8ff9c8b25f61cf4ad5a952254fa0,"{""basis"":""ordered nested-math atom; exact symbolic replay"",""kind"":""source-target-formula-map""}"
1.1.0,formula,O007-FREMLIN-V2-S241-FORMULA-0269,O007-FREMLIN-V2-S241,O007-RIGHTS-FREMLIN-DSL,O007-FREMLIN-V2-S241-SEG-241EE,269,241Ee,241Ee,270,274,9541,9553,10281,10293,c\in\Bbb R,c\in\Bbb R,365f5ce487f10d724b33ca913e9f2aff3456a3c2ba87d35652de7cf350ca3be0,365f5ce487f10d724b33ca913e9f2aff3456a3c2ba87d35652de7cf350ca3be0,94bc9d92c15c2e8afaebffdcd5145690aa18e8d3436bad14ca833f19d17e6977,$,,94bc9d92c15c2e8afaebffdcd5145690aa18e8d3436bad14ca833f19d17e6977,94bc9d92c15c2e8afaebffdcd5145690aa18e8d3436bad14ca833f19d17e6977,"{""basis"":""ordered nested-math atom; exact symbolic replay"",""kind"":""source-target-formula-map""}"
1.1.0,formula,O007-FREMLIN-V2-S241-FORMULA-0270,O007-FREMLIN-V2-S241,O007-RIGHTS-FREMLIN-DSL,O007-FREMLIN-V2-S241-SEG-241EE,270,241Ee,241Ee,273,277,9583,9596,10324,10337,|cf|=|c||f|,|cf|=|c||f|,8b7ac91fe52a4809d6caa54d812df9f93539e04f674001d9f94aa79fd22a92af,8b7ac91fe52a4809d6caa54d812df9f93539e04f674001d9f94aa79fd22a92af,8b7ac91fe52a4809d6caa54d812df9f93539e04f674001d9f94aa79fd22a92af,$,,8b7ac91fe52a4809d6caa54d812df9f93539e04f674001d9f94aa79fd22a92af,8b7ac91fe52a4809d6caa54d812df9f93539e04f674001d9f94aa79fd22a92af,"{""basis"":""ordered nested-math atom; exact symbolic replay"",""kind"":""source-target-formula-map""}"
1.1.0,formula,O007-FREMLIN-V2-S241-FORMULA-0271,O007-FREMLIN-V2-S241,O007-RIGHTS-FREMLIN-DSL,O007-FREMLIN-V2-S241-SEG-241EE,271,241Ee,241Ee,273,277,9603,9632,10344,10373,f\vee g=\Bover12(f+g+|f-g|),f\vee g=\Bover12(f+g+|f-g|),5171b2949eb9cb9a9786ea1861ddb104e8a6eb715b2b604bce9307209f13e4f1,5171b2949eb9cb9a9786ea1861ddb104e8a6eb715b2b604bce9307209f13e4f1,b4b045cca6b2b0993d3d82ad0399de9ab578ccc8ad09d92268bb5b73cc8bc12b,$,,b4b045cca6b2b0993d3d82ad0399de9ab578ccc8ad09d92268bb5b73cc8bc12b,b4b045cca6b2b0993d3d82ad0399de9ab578ccc8ad09d92268bb5b73cc8bc12b,"{""basis"":""ordered nested-math atom; exact symbolic replay"",""kind"":""source-target-formula-map""}"
1.1.0,formula,O007-FREMLIN-V2-S241-FORMULA-0272,O007-FREMLIN-V2-S241,O007-RIGHTS-FREMLIN-DSL,O007-FREMLIN-V2-S241-SEG-241EE,272,241Ee,241Ee,276,280,9649,9680,10390,10421,f\wedge g=\Bover12(f+g-|f-g|),f\wedge g=\Bover12(f+g-|f-g|),5890370fd5b230c755862a8a327741ead5f71e390a2194ad5aeb581ab875a098,5890370fd5b230c755862a8a327741ead5f71e390a2194ad5aeb581ab875a098,9f79889182e4bf7036fa5f0480c4e86263fec20202a6dad545562795f3c61c27,$,,9f79889182e4bf7036fa5f0480c4e86263fec20202a6dad545562795f3c61c27,9f79889182e4bf7036fa5f0480c4e86263fec20202a6dad545562795f3c61c27,"{""basis"":""ordered nested-math atom; exact symbolic replay"",""kind"":""source-target-formula-map""}"
1.1.0,formula,O007-FREMLIN-V2-S241-FORMULA-0273,O007-FREMLIN-V2-S241,O007-RIGHTS-FREMLIN-DSL,O007-FREMLIN-V2-S241-SEG-241EE,273,241Ee,241Ee,276,280,9687,9706,10428,10447,|f+g|\leae|f|+|g|,|f+g|\leae|f|+|g|,de6a5daa5ca77fe848012bd19cedd3a9499eaf4677aea70b99be6549045433e0,de6a5daa5ca77fe848012bd19cedd3a9499eaf4677aea70b99be6549045433e0,de6a5daa5ca77fe848012bd19cedd3a9499eaf4677aea70b99be6549045433e0,$,,de6a5daa5ca77fe848012bd19cedd3a9499eaf4677aea70b99be6549045433e0,de6a5daa5ca77fe848012bd19cedd3a9499eaf4677aea70b99be6549045433e0,"{""basis"":""ordered nested-math atom; exact symbolic replay"",""kind"":""source-target-formula-map""}"
1.1.0,formula,O007-FREMLIN-V2-S241-FORMULA-0274,O007-FREMLIN-V2-S241,O007-RIGHTS-FREMLIN-DSL,O007-FREMLIN-V2-S241-SEG-241EE,274,241Ee,241Ee,281,285,9738,9751,10485,10498,|cu|=|c||u|,|cu|=|c||u|,2b5023873d8d434d13fedc1e67a0a3980391e24f0b5a9950507ec3d90cd1611a,2b5023873d8d434d13fedc1e67a0a3980391e24f0b5a9950507ec3d90cd1611a,2b5023873d8d434d13fedc1e67a0a3980391e24f0b5a9950507ec3d90cd1611a,$,,2b5023873d8d434d13fedc1e67a0a3980391e24f0b5a9950507ec3d90cd1611a,2b5023873d8d434d13fedc1e67a0a3980391e24f0b5a9950507ec3d90cd1611a,"{""basis"":""ordered nested-math atom; exact symbolic replay"",""kind"":""source-target-formula-map""}"
1.1.0,formula,O007-FREMLIN-V2-S241-FORMULA-0275,O007-FREMLIN-V2-S241,O007-RIGHTS-FREMLIN-DSL,O007-FREMLIN-V2-S241-SEG-241EE,275,241Ee,241Ee,281,285,9758,9787,10505,10534,u\vee v=\Bover12(u+v+|u-v|),u\vee v=\Bover12(u+v+|u-v|),4dd597bccd7de4186922e20fa4d707e4aaa9919020d5ce6d724269e68060b30c,4dd597bccd7de4186922e20fa4d707e4aaa9919020d5ce6d724269e68060b30c,9358409cb856090972cf2d652d9150259d4f26e80ffe0a5f4fbbb9ec35cf869b,$,,9358409cb856090972cf2d652d9150259d4f26e80ffe0a5f4fbbb9ec35cf869b,9358409cb856090972cf2d652d9150259d4f26e80ffe0a5f4fbbb9ec35cf869b,"{""basis"":""ordered nested-math atom; exact symbolic replay"",""kind"":""source-target-formula-map""}"
1.1.0,formula,O007-FREMLIN-V2-S241-FORMULA-0276,O007-FREMLIN-V2-S241,O007-RIGHTS-FREMLIN-DSL,O007-FREMLIN-V2-S241-SEG-241EE,276,241Ee,241Ee,283,287,9803,9834,10550,10581,u\wedge v=\Bover12(u+v-|u-v|),u\wedge v=\Bover12(u+v-|u-v|),83694d2d2a832c3d392f547cb43a41bb1524a0ac5e35f26d226c1ea97101c762,83694d2d2a832c3d392f547cb43a41bb1524a0ac5e35f26d226c1ea97101c762,c8f6b736da29c539b588315b110a483b6a709c1f18671e3f121c6ed1fc80d2cd,$,,c8f6b736da29c539b588315b110a483b6a709c1f18671e3f121c6ed1fc80d2cd,c8f6b736da29c539b588315b110a483b6a709c1f18671e3f121c6ed1fc80d2cd,"{""basis"":""ordered nested-math atom; exact symbolic replay"",""kind"":""source-target-formula-map""}"
1.1.0,formula,O007-FREMLIN-V2-S241-FORMULA-0277,O007-FREMLIN-V2-S241,O007-RIGHTS-FREMLIN-DSL,O007-FREMLIN-V2-S241-SEG-241EE,277,241Ee,241Ee,283,287,9841,9858,10588,10605,|u+v|\le|u|+|v|,|u+v|\le|u|+|v|,153d2fc061b36d00d3f4463a4fcc40c7787e2292ffaf5906edd6da3efb25a772,153d2fc061b36d00d3f4463a4fcc40c7787e2292ffaf5906edd6da3efb25a772,153d2fc061b36d00d3f4463a4fcc40c7787e2292ffaf5906edd6da3efb25a772,$,,153d2fc061b36d00d3f4463a4fcc40c7787e2292ffaf5906edd6da3efb25a772,153d2fc061b36d00d3f4463a4fcc40c7787e2292ffaf5906edd6da3efb25a772,"{""basis"":""ordered nested-math atom; exact symbolic replay"",""kind"":""source-target-formula-map""}"
1.1.0,formula,O007-FREMLIN-V2-S241-FORMULA-0278,O007-FREMLIN-V2-S241,O007-RIGHTS-FREMLIN-DSL,O007-FREMLIN-V2-S241-SEG-241EE,278,241Ee,241Ee,285,289,9879,9882,10630,10633,u,u,0bfe935e70c321c7ca3afc75ce0d0ca2f98b5422e008bb31c00c6d7f1f1c0ad6,0bfe935e70c321c7ca3afc75ce0d0ca2f98b5422e008bb31c00c6d7f1f1c0ad6,0bfe935e70c321c7ca3afc75ce0d0ca2f98b5422e008bb31c00c6d7f1f1c0ad6,$,,0bfe935e70c321c7ca3afc75ce0d0ca2f98b5422e008bb31c00c6d7f1f1c0ad6,0bfe935e70c321c7ca3afc75ce0d0ca2f98b5422e008bb31c00c6d7f1f1c0ad6,"{""basis"":""ordered nested-math atom; exact symbolic replay"",""kind"":""source-target-formula-map""}"
1.1.0,formula,O007-FREMLIN-V2-S241-FORMULA-0279,O007-FREMLIN-V2-S241,O007-RIGHTS-FREMLIN-DSL,O007-FREMLIN-V2-S241-SEG-241EE,279,241Ee,241Ee,285,289,9884,9894,10635,10645,v\in L^0,v\in L^0,f19b89c4a2c7f7474e837d24a75e09b5c489b58e1192b06c96a34a34ce0ba6fe,f19b89c4a2c7f7474e837d24a75e09b5c489b58e1192b06c96a34a34ce0ba6fe,4ba74b005e769f6fc3b30eb7fd3273974b3ec1a6e2eb7b7bb5185492a7be12fe,$,,4ba74b005e769f6fc3b30eb7fd3273974b3ec1a6e2eb7b7bb5185492a7be12fe,4ba74b005e769f6fc3b30eb7fd3273974b3ec1a6e2eb7b7bb5185492a7be12fe,"{""basis"":""ordered nested-math atom; exact symbolic replay"",""kind"":""source-target-formula-map""}"
1.1.0,formula,O007-FREMLIN-V2-S241-FORMULA-0280,O007-FREMLIN-V2-S241,O007-RIGHTS-FREMLIN-DSL,O007-FREMLIN-V2-S241-SEG-241EF,280,241Ef,241Ef,288,292,9963,9966,10718,10721,f,f,252f10c83610ebca1a059c0bae8255eba2f95be4d1d7bcfa89d7248a82d9f111,252f10c83610ebca1a059c0bae8255eba2f95be4d1d7bcfa89d7248a82d9f111,252f10c83610ebca1a059c0bae8255eba2f95be4d1d7bcfa89d7248a82d9f111,$,,252f10c83610ebca1a059c0bae8255eba2f95be4d1d7bcfa89d7248a82d9f111,252f10c83610ebca1a059c0bae8255eba2f95be4d1d7bcfa89d7248a82d9f111,"{""basis"":""ordered nested-math atom; exact symbolic replay"",""kind"":""source-target-formula-map""}"
1.1.0,formula,O007-FREMLIN-V2-S241-FORMULA-0281,O007-FREMLIN-V2-S241,O007-RIGHTS-FREMLIN-DSL,O007-FREMLIN-V2-S241-SEG-241EF,281,241Ef,241Ef,288,292,9998,10019,10753,10774,"f^+(x)=\max(f(x),0)","f^+(x)=\max(f(x),0)",20b77b758aa46b3240d1451f0adda14e99ea269788cc6d4bfee6ad0c059bd9dc,20b77b758aa46b3240d1451f0adda14e99ea269788cc6d4bfee6ad0c059bd9dc,20b77b758aa46b3240d1451f0adda14e99ea269788cc6d4bfee6ad0c059bd9dc,$,,20b77b758aa46b3240d1451f0adda14e99ea269788cc6d4bfee6ad0c059bd9dc,20b77b758aa46b3240d1451f0adda14e99ea269788cc6d4bfee6ad0c059bd9dc,"{""basis"":""ordered nested-math atom; exact symbolic replay"",""kind"":""source-target-formula-map""}"
1.1.0,formula,O007-FREMLIN-V2-S241-FORMULA-0282,O007-FREMLIN-V2-S241,O007-RIGHTS-FREMLIN-DSL,O007-FREMLIN-V2-S241-SEG-241EF,282,241Ef,241Ef,289,293,10021,10043,10776,10798,"f^-(x)=\max(-f(x),0)","f^-(x)=\max(-f(x),0)",3da7d469218753cce3d7eacdf34c6838df01a872dc1ee1e5243e3d403a35aec2,3da7d469218753cce3d7eacdf34c6838df01a872dc1ee1e5243e3d403a35aec2,3da7d469218753cce3d7eacdf34c6838df01a872dc1ee1e5243e3d403a35aec2,$,,3da7d469218753cce3d7eacdf34c6838df01a872dc1ee1e5243e3d403a35aec2,3da7d469218753cce3d7eacdf34c6838df01a872dc1ee1e5243e3d403a35aec2,"{""basis"":""ordered nested-math atom; exact symbolic replay"",""kind"":""source-target-formula-map""}"
1.1.0,formula,O007-FREMLIN-V2-S241-FORMULA-0283,O007-FREMLIN-V2-S241,O007-RIGHTS-FREMLIN-DSL,O007-FREMLIN-V2-S241-SEG-241EF,283,241Ef,241Ef,289,293,10048,10060,10805,10817,x\in\dom f,x\in\dom f,55f803cb5de86fdafd56ab49dd92f9315c75e97319344d4378f16aba77e9e189,55f803cb5de86fdafd56ab49dd92f9315c75e97319344d4378f16aba77e9e189,43b7f41a47450dc6c12c5f2c81bc831b3e72f1fbe46bb27caf059883672be1a5,$,,43b7f41a47450dc6c12c5f2c81bc831b3e72f1fbe46bb27caf059883672be1a5,43b7f41a47450dc6c12c5f2c81bc831b3e72f1fbe46bb27caf059883672be1a5,"{""basis"":""ordered nested-math atom; exact symbolic replay"",""kind"":""source-target-formula-map""}"
1.1.0,formula,O007-FREMLIN-V2-S241-FORMULA-0284,O007-FREMLIN-V2-S241,O007-RIGHTS-FREMLIN-DSL,O007-FREMLIN-V2-S241-SEG-241EF,284,241Ef,241Ef,291,295,10083,10094,10841,10852,f=f^+-f^-,f=f^+-f^-,1d5557984159e07be808284495d4f68be062593ac9d2026816bcc1e1b19f6848,1d5557984159e07be808284495d4f68be062593ac9d2026816bcc1e1b19f6848,1d5557984159e07be808284495d4f68be062593ac9d2026816bcc1e1b19f6848,$,,1d5557984159e07be808284495d4f68be062593ac9d2026816bcc1e1b19f6848,1d5557984159e07be808284495d4f68be062593ac9d2026816bcc1e1b19f6848,"{""basis"":""ordered nested-math atom; exact symbolic replay"",""kind"":""source-target-formula-map""}"
1.1.0,formula,O007-FREMLIN-V2-S241-FORMULA-0285,O007-FREMLIN-V2-S241,O007-RIGHTS-FREMLIN-DSL,O007-FREMLIN-V2-S241-SEG-241EF,285,241Ef,241Ef,291,295,10101,10126,10859,10884,|f|=f^++f^-=f^+\vee f^-,|f|=f^++f^-=f^+\vee f^-,5b9d6e685b2c5dbae038e4b78be6b4a0cdd868b57e5e344462d833a9d2f5d89d,5b9d6e685b2c5dbae038e4b78be6b4a0cdd868b57e5e344462d833a9d2f5d89d,25c5cc56bd7e7bc1b503256bc08ed3e0e56bc146c6ae245e5a2f71761638a432,$,,25c5cc56bd7e7bc1b503256bc08ed3e0e56bc146c6ae245e5a2f71761638a432,25c5cc56bd7e7bc1b503256bc08ed3e0e56bc146c6ae245e5a2f71761638a432,"{""basis"":""ordered nested-math atom; exact symbolic replay"",""kind"":""source-target-formula-map""}"
1.1.0,formula,O007-FREMLIN-V2-S241-FORMULA-0286,O007-FREMLIN-V2-S241,O007-RIGHTS-FREMLIN-DSL,O007-FREMLIN-V2-S241-SEG-241EF,286,241Ef,241Ef,294,297,10177,10185,10946,10954,\dom f,\dom f,59a16829eab55755a1b7018cb980729f70c2057859af63d9853422c400c0ae3e,59a16829eab55755a1b7018cb980729f70c2057859af63d9853422c400c0ae3e,9aac7d6803e9b01bc0be17caa490c3e3f4e710d8ac42c9ecddcb3377376d48e6,$,,9aac7d6803e9b01bc0be17caa490c3e3f4e710d8ac42c9ecddcb3377376d48e6,9aac7d6803e9b01bc0be17caa490c3e3f4e710d8ac42c9ecddcb3377376d48e6,"{""basis"":""ordered nested-math atom; exact symbolic replay"",""kind"":""source-target-formula-map""}"
1.1.0,formula,O007-FREMLIN-V2-S241-FORMULA-0287,O007-FREMLIN-V2-S241,O007-RIGHTS-FREMLIN-DSL,O007-FREMLIN-V2-S241-SEG-241EF,287,241Ef,241Ef,294,298,10192,10197,10962,10967,L^0,L^0,efb929291fb3ed4159783d57eb43e4f4183bf2aa2552acd5d70f6ebf7aa04b27,efb929291fb3ed4159783d57eb43e4f4183bf2aa2552acd5d70f6ebf7aa04b27,efb929291fb3ed4159783d57eb43e4f4183bf2aa2552acd5d70f6ebf7aa04b27,$,,efb929291fb3ed4159783d57eb43e4f4183bf2aa2552acd5d70f6ebf7aa04b27,efb929291fb3ed4159783d57eb43e4f4183bf2aa2552acd5d70f6ebf7aa04b27,"{""basis"":""ordered nested-math atom; exact symbolic replay"",""kind"":""source-target-formula-map""}"
1.1.0,formula,O007-FREMLIN-V2-S241-FORMULA-0288,O007-FREMLIN-V2-S241,O007-RIGHTS-FREMLIN-DSL,O007-FREMLIN-V2-S241-SEG-241EF,288,241Ef,241Ef,295,298,10232,10245,11009,11022,u^+=u\vee 0,u^+=u\vee 0,756409e92a552c0e9288e387a73e0da24e8bf3062f66314d31f8b7c64f59a56c,756409e92a552c0e9288e387a73e0da24e8bf3062f66314d31f8b7c64f59a56c,ea63d901f49e5525d9e2fe476506b03c2a3fa88ac9883310b162a373d0548af1,$,,ea63d901f49e5525d9e2fe476506b03c2a3fa88ac9883310b162a373d0548af1,ea63d901f49e5525d9e2fe476506b03c2a3fa88ac9883310b162a373d0548af1,"{""basis"":""ordered nested-math atom; exact symbolic replay"",""kind"":""source-target-formula-map""}"
1.1.0,formula,O007-FREMLIN-V2-S241-FORMULA-0289,O007-FREMLIN-V2-S241,O007-RIGHTS-FREMLIN-DSL,O007-FREMLIN-V2-S241-SEG-241EF,289,241Ef,241Ef,295,299,10247,10263,11024,11040,u^-=(-u)\vee 0,u^-=(-u)\vee 0,778321fa50bcbf7e5015f6fe784e39a9a5e1db119ab79c61db3d3161df3e6147,778321fa50bcbf7e5015f6fe784e39a9a5e1db119ab79c61db3d3161df3e6147,9497db25504fa3c40e6d1990a173f9023fc0c251bf37d55d9d7d8da33e42a6c6,$,,9497db25504fa3c40e6d1990a173f9023fc0c251bf37d55d9d7d8da33e42a6c6,9497db25504fa3c40e6d1990a173f9023fc0c251bf37d55d9d7d8da33e42a6c6,"{""basis"":""ordered nested-math atom; exact symbolic replay"",""kind"":""source-target-formula-map""}"
1.1.0,formula,O007-FREMLIN-V2-S241-FORMULA-0290,O007-FREMLIN-V2-S241,O007-RIGHTS-FREMLIN-DSL,O007-FREMLIN-V2-S241-SEG-241EF,290,241Ef,241Ef,297,301,10290,10301,11074,11085,u=u^+-u^-,u=u^+-u^-,96c91f1e89e36f5ebde24a7c9387dfb0a266df5a55caf95f87560088f348a191,96c91f1e89e36f5ebde24a7c9387dfb0a266df5a55caf95f87560088f348a191,96c91f1e89e36f5ebde24a7c9387dfb0a266df5a55caf95f87560088f348a191,$,,96c91f1e89e36f5ebde24a7c9387dfb0a266df5a55caf95f87560088f348a191,96c91f1e89e36f5ebde24a7c9387dfb0a266df5a55caf95f87560088f348a191,"{""basis"":""ordered nested-math atom; exact symbolic replay"",""kind"":""source-target-formula-map""}"
1.1.0,formula,O007-FREMLIN-V2-S241-FORMULA-0291,O007-FREMLIN-V2-S241,O007-RIGHTS-FREMLIN-DSL,O007-FREMLIN-V2-S241-SEG-241EF,291,241Ef,241Ef,298,302,10308,10333,11092,11117,|u|=u^++u^-=u^+\vee u^-,|u|=u^++u^-=u^+\vee u^-,d9bee3376c696578004eb13ae317045546903d60a923acebeea15455ba77165e,d9bee3376c696578004eb13ae317045546903d60a923acebeea15455ba77165e,8fb4d384cc058679d55fca8c1b90e9ef89b5209ec91d2083dde502923c4bd848,$,,8fb4d384cc058679d55fca8c1b90e9ef89b5209ec91d2083dde502923c4bd848,8fb4d384cc058679d55fca8c1b90e9ef89b5209ec91d2083dde502923c4bd848,"{""basis"":""ordered nested-math atom; exact symbolic replay"",""kind"":""source-target-formula-map""}"
1.1.0,formula,O007-FREMLIN-V2-S241-FORMULA-0292,O007-FREMLIN-V2-S241,O007-RIGHTS-FREMLIN-DSL,O007-FREMLIN-V2-S241-SEG-241EF,292,241Ef,241Ef,299,303,10340,10357,11124,11141,u^+\wedge u^-=0,u^+\wedge u^-=0,7ee3de8fa8050863d711f6ba211cdd95e21682a3001ce3a4055dca5119027b31,7ee3de8fa8050863d711f6ba211cdd95e21682a3001ce3a4055dca5119027b31,5cc58c8ee416ec62178f7e141dc1650345407b19622e342075cfb3de1d93825b,$,,5cc58c8ee416ec62178f7e141dc1650345407b19622e342075cfb3de1d93825b,5cc58c8ee416ec62178f7e141dc1650345407b19622e342075cfb3de1d93825b,"{""basis"":""ordered nested-math atom; exact symbolic replay"",""kind"":""source-target-formula-map""}"
1.1.0,formula,O007-FREMLIN-V2-S241-FORMULA-0293,O007-FREMLIN-V2-S241,O007-RIGHTS-FREMLIN-DSL,O007-FREMLIN-V2-S241-SEG-241EG,293,241Eg,241Eg,302,306,10436,10444,11244,11252,u\ge 0,u\ge 0,d10803733426f9dd2742131cc72ccefa1d1e8035f6a66da6085050e3678d0783,d10803733426f9dd2742131cc72ccefa1d1e8035f6a66da6085050e3678d0783,8a4316f560fc390b9a600e5415d9ca5598a0e249d941c0b08349b20269816764,$,,8a4316f560fc390b9a600e5415d9ca5598a0e249d941c0b08349b20269816764,8a4316f560fc390b9a600e5415d9ca5598a0e249d941c0b08349b20269816764,"{""basis"":""ordered nested-math atom; exact symbolic replay"",""kind"":""source-target-formula-map""}"
1.1.0,formula,O007-FREMLIN-V2-S241-FORMULA-0294,O007-FREMLIN-V2-S241,O007-RIGHTS-FREMLIN-DSL,O007-FREMLIN-V2-S241-SEG-241EG,294,241Eg,241Eg,302,306,10448,10453,11259,11264,L^0,L^0,efb929291fb3ed4159783d57eb43e4f4183bf2aa2552acd5d70f6ebf7aa04b27,efb929291fb3ed4159783d57eb43e4f4183bf2aa2552acd5d70f6ebf7aa04b27,efb929291fb3ed4159783d57eb43e4f4183bf2aa2552acd5d70f6ebf7aa04b27,$,,efb929291fb3ed4159783d57eb43e4f4183bf2aa2552acd5d70f6ebf7aa04b27,efb929291fb3ed4159783d57eb43e4f4183bf2aa2552acd5d70f6ebf7aa04b27,"{""basis"":""ordered nested-math atom; exact symbolic replay"",""kind"":""source-target-formula-map""}"
1.1.0,formula,O007-FREMLIN-V2-S241-FORMULA-0295,O007-FREMLIN-V2-S241,O007-RIGHTS-FREMLIN-DSL,O007-FREMLIN-V2-S241-SEG-241EG,295,241Eg,241Eg,302,307,10472,10480,11280,11288,f\ge 0,f\ge 0,417a4348ee695ad1ca5ff0ee67e0251ba844002f0f7aa5476c51e9c02504cee0,417a4348ee695ad1ca5ff0ee67e0251ba844002f0f7aa5476c51e9c02504cee0,b39f54536bb6d826816626c95499567d1e5b579972b91a3acd73105d3908839f,$,,b39f54536bb6d826816626c95499567d1e5b579972b91a3acd73105d3908839f,b39f54536bb6d826816626c95499567d1e5b579972b91a3acd73105d3908839f,"{""basis"":""ordered nested-math atom; exact symbolic replay"",""kind"":""source-target-formula-map""}"
1.1.0,formula,O007-FREMLIN-V2-S241-FORMULA-0296,O007-FREMLIN-V2-S241,O007-RIGHTS-FREMLIN-DSL,O007-FREMLIN-V2-S241-SEG-241EG,296,241Eg,241Eg,302,307,10484,10495,11295,11306,\eusm L^0,\eusm L^0,12c2089e125d309e832793d4a992d6333c40397baf0330403e1207da04318ded,12c2089e125d309e832793d4a992d6333c40397baf0330403e1207da04318ded,d5b98412d5c38001fef173fa13a858cd2e376a97888da5ce2fa997ff513bad4c,$,,d5b98412d5c38001fef173fa13a858cd2e376a97888da5ce2fa997ff513bad4c,d5b98412d5c38001fef173fa13a858cd2e376a97888da5ce2fa997ff513bad4c,"{""basis"":""ordered nested-math atom; exact symbolic replay"",""kind"":""source-target-formula-map""}"
1.1.0,formula,O007-FREMLIN-V2-S241-FORMULA-0297,O007-FREMLIN-V2-S241,O007-RIGHTS-FREMLIN-DSL,O007-FREMLIN-V2-S241-SEG-241EG,297,241Eg,241Eg,303,307,10506,10523,11327,11344,f^{\ssbullet}=u,f^{\ssbullet}=u,f493aa8dcd0a60e283e8f127b62b65c53b51fa157cfa65fb68b2884f12e58fac,f493aa8dcd0a60e283e8f127b62b65c53b51fa157cfa65fb68b2884f12e58fac,f493aa8dcd0a60e283e8f127b62b65c53b51fa157cfa65fb68b2884f12e58fac,$,,f493aa8dcd0a60e283e8f127b62b65c53b51fa157cfa65fb68b2884f12e58fac,f493aa8dcd0a60e283e8f127b62b65c53b51fa157cfa65fb68b2884f12e58fac,"{""basis"":""ordered nested-math atom; exact symbolic replay"",""kind"":""source-target-formula-map""}"
1.1.0,formula,O007-FREMLIN-V2-S241-FORMULA-0298,O007-FREMLIN-V2-S241,O007-RIGHTS-FREMLIN-DSL,O007-FREMLIN-V2-S241-SEG-241EG,298,241Eg,241Eg,303,308,10552,10567,11377,11392,g\in\eusm L^0,g\in\eusm L^0,ca4d2434fa769eeec35d32850aaacb6dd01821ae84167bdf03fa203de40bf8f1,ca4d2434fa769eeec35d32850aaacb6dd01821ae84167bdf03fa203de40bf8f1,d831139421b5d479221e5b0f06e80687e70b8ff9c8b25f61cf4ad5a952254fa0,$,,d831139421b5d479221e5b0f06e80687e70b8ff9c8b25f61cf4ad5a952254fa0,d831139421b5d479221e5b0f06e80687e70b8ff9c8b25f61cf4ad5a952254fa0,"{""basis"":""ordered nested-math atom; exact symbolic replay"",""kind"":""source-target-formula-map""}"
1.1.0,formula,O007-FREMLIN-V2-S241-FORMULA-0299,O007-FREMLIN-V2-S241,O007-RIGHTS-FREMLIN-DSL,O007-FREMLIN-V2-S241-SEG-241EG,299,241Eg,241Eg,304,309,10578,10595,11413,11430,u=g^{\ssbullet},u=g^{\ssbullet},06e23f466083494a0d17cc6e3eba0629d78b5ffed00bdcdf04fcda3878f4351a,06e23f466083494a0d17cc6e3eba0629d78b5ffed00bdcdf04fcda3878f4351a,06e23f466083494a0d17cc6e3eba0629d78b5ffed00bdcdf04fcda3878f4351a,$,,06e23f466083494a0d17cc6e3eba0629d78b5ffed00bdcdf04fcda3878f4351a,06e23f466083494a0d17cc6e3eba0629d78b5ffed00bdcdf04fcda3878f4351a,"{""basis"":""ordered nested-math atom; exact symbolic replay"",""kind"":""source-target-formula-map""}"
1.1.0,formula,O007-FREMLIN-V2-S241-FORMULA-0300,O007-FREMLIN-V2-S241,O007-RIGHTS-FREMLIN-DSL,O007-FREMLIN-V2-S241-SEG-241EG,300,241Eg,241Eg,304,309,10605,10621,11445,11461,f=g\vee\tbf{0},f=g\vee\tbf{0},ea174e9a856f8b633c5589558fb4512d304564ef8a6c6f07436a77133f5d713d,ea174e9a856f8b633c5589558fb4512d304564ef8a6c6f07436a77133f5d713d,ea174e9a856f8b633c5589558fb4512d304564ef8a6c6f07436a77133f5d713d,$,,ea174e9a856f8b633c5589558fb4512d304564ef8a6c6f07436a77133f5d713d,ea174e9a856f8b633c5589558fb4512d304564ef8a6c6f07436a77133f5d713d,"{""basis"":""ordered nested-math atom; exact symbolic replay"",""kind"":""source-target-formula-map""}"
1.1.0,formula,O007-FREMLIN-V2-S241-FORMULA-0301,O007-FREMLIN-V2-S241,O007-RIGHTS-FREMLIN-DSL,O007-FREMLIN-V2-S241-SEG-241F,301,241F,241F,320,323,11225,11228,12102,12105,U,U,a25513c7e0f6eaa80a3337ee18081b9e2ed09e00af8531c8f7bb2542764027e7,a25513c7e0f6eaa80a3337ee18081b9e2ed09e00af8531c8f7bb2542764027e7,a25513c7e0f6eaa80a3337ee18081b9e2ed09e00af8531c8f7bb2542764027e7,$,,a25513c7e0f6eaa80a3337ee18081b9e2ed09e00af8531c8f7bb2542764027e7,a25513c7e0f6eaa80a3337ee18081b9e2ed09e00af8531c8f7bb2542764027e7,"{""basis"":""ordered nested-math atom; exact symbolic replay"",""kind"":""source-target-formula-map""}"
1.1.0,formula,O007-FREMLIN-V2-S241-FORMULA-0302,O007-FREMLIN-V2-S241,O007-RIGHTS-FREMLIN-DSL,O007-FREMLIN-V2-S241-SEG-241F,302,241F,241F,321,324,11262,11270,12146,12154,u\in U,u\in U,f5003b08066c86ea81216c666fc17a71413b0926de9d78ecfa80fe78eb1fb52e,f5003b08066c86ea81216c666fc17a71413b0926de9d78ecfa80fe78eb1fb52e,3204c5a05d7faa27d93954b1f45c112c0dbc4c619eb3bf1f3fab151bc0d72689,$,,3204c5a05d7faa27d93954b1f45c112c0dbc4c619eb3bf1f3fab151bc0d72689,3204c5a05d7faa27d93954b1f45c112c0dbc4c619eb3bf1f3fab151bc0d72689,"{""basis"":""ordered nested-math atom; exact symbolic replay"",""kind"":""source-target-formula-map""}"
1.1.0,formula,O007-FREMLIN-V2-S241-FORMULA-0303,O007-FREMLIN-V2-S241,O007-RIGHTS-FREMLIN-DSL,O007-FREMLIN-V2-S241-SEG-241F,303,241F,241F,321,324,11272,11277,12156,12161,u>0,u>0,db7dd4e33fa27156741033e6e749007dea01c1cb39facdadbaf31ece9d9b1936,db7dd4e33fa27156741033e6e749007dea01c1cb39facdadbaf31ece9d9b1936,db7dd4e33fa27156741033e6e749007dea01c1cb39facdadbaf31ece9d9b1936,$,,db7dd4e33fa27156741033e6e749007dea01c1cb39facdadbaf31ece9d9b1936,db7dd4e33fa27156741033e6e749007dea01c1cb39facdadbaf31ece9d9b1936,"{""basis"":""ordered nested-math atom; exact symbolic replay"",""kind"":""source-target-formula-map""}"
1.1.0,formula,O007-FREMLIN-V2-S241-FORMULA-0304,O007-FREMLIN-V2-S241,O007-RIGHTS-FREMLIN-DSL,O007-FREMLIN-V2-S241-SEG-241F,304,241F,241F,321,324,11295,11303,12179,12187,u\ge 0,u\ge 0,d10803733426f9dd2742131cc72ccefa1d1e8035f6a66da6085050e3678d0783,d10803733426f9dd2742131cc72ccefa1d1e8035f6a66da6085050e3678d0783,8a4316f560fc390b9a600e5415d9ca5598a0e249d941c0b08349b20269816764,$,,8a4316f560fc390b9a600e5415d9ca5598a0e249d941c0b08349b20269816764,8a4316f560fc390b9a600e5415d9ca5598a0e249d941c0b08349b20269816764,"{""basis"":""ordered nested-math atom; exact symbolic replay"",""kind"":""source-target-formula-map""}"
1.1.0,formula,O007-FREMLIN-V2-S241-FORMULA-0305,O007-FREMLIN-V2-S241,O007-RIGHTS-FREMLIN-DSL,O007-FREMLIN-V2-S241-SEG-241F,305,241F,241F,321,324,11308,11316,12192,12200,u\ne 0,u\ne 0,cff9db556195b7397135365666de2c371f077cf8031bc5d0999634e65d4c8578,cff9db556195b7397135365666de2c371f077cf8031bc5d0999634e65d4c8578,f735508bbe1d1a6e5e1a41533368806ed7bd272e5f9dce32caf532ec5b0794fd,$,,f735508bbe1d1a6e5e1a41533368806ed7bd272e5f9dce32caf532ec5b0794fd,f735508bbe1d1a6e5e1a41533368806ed7bd272e5f9dce32caf532ec5b0794fd,"{""basis"":""ordered nested-math atom; exact symbolic replay"",""kind"":""source-target-formula-map""}"
1.1.0,formula,O007-FREMLIN-V2-S241-FORMULA-0306,O007-FREMLIN-V2-S241,O007-RIGHTS-FREMLIN-DSL,O007-FREMLIN-V2-S241-SEG-241F,306,241F,241F,322,325,11324,11332,12208,12216,v\in U,v\in U,bc42dd0b5c588ae1bcc641498df265c94df1ffd226d9f14ab8a561ef2b3d09e7,bc42dd0b5c588ae1bcc641498df265c94df1ffd226d9f14ab8a561ef2b3d09e7,24253b58df79978a93a92228a99086791c556a5689455b6c57ea22ee0c524664,$,,24253b58df79978a93a92228a99086791c556a5689455b6c57ea22ee0c524664,24253b58df79978a93a92228a99086791c556a5689455b6c57ea22ee0c524664,"{""basis"":""ordered nested-math atom; exact symbolic replay"",""kind"":""source-target-formula-map""}"
1.1.0,formula,O007-FREMLIN-V2-S241-FORMULA-0307,O007-FREMLIN-V2-S241,O007-RIGHTS-FREMLIN-DSL,O007-FREMLIN-V2-S241-SEG-241F,307,241F,241F,322,325,11346,11358,12227,12239,n\in\Bbb N,n\in\Bbb N,d213946df59f2b85be55436de61a489b7c24c216dfb26056fc2946b32c730709,d213946df59f2b85be55436de61a489b7c24c216dfb26056fc2946b32c730709,02bb197ae0de627eb1861382dcf81826f92f1895770d739be7f05b2435488186,$,,02bb197ae0de627eb1861382dcf81826f92f1895770d739be7f05b2435488186,02bb197ae0de627eb1861382dcf81826f92f1895770d739be7f05b2435488186,"{""basis"":""ordered nested-math atom; exact symbolic replay"",""kind"":""source-target-formula-map""}"
1.1.0,formula,O007-FREMLIN-V2-S241-FORMULA-0308,O007-FREMLIN-V2-S241,O007-RIGHTS-FREMLIN-DSL,O007-FREMLIN-V2-S241-SEG-241F,308,241F,241F,322,325,11369,11382,12260,12273,nu\not\le v,nu\not\le v,a0376d6df558d4c6893617b51ff896788f50e3f48950cd159589bd47836c2ab7,a0376d6df558d4c6893617b51ff896788f50e3f48950cd159589bd47836c2ab7,95016ea8ed85e222d1ccf7a9e22068a0cea993b929241bf952b729e993b70c0a,$,,95016ea8ed85e222d1ccf7a9e22068a0cea993b929241bf952b729e993b70c0a,95016ea8ed85e222d1ccf7a9e22068a0cea993b929241bf952b729e993b70c0a,"{""basis"":""ordered nested-math atom; exact symbolic replay"",""kind"":""source-target-formula-map""}"
1.1.0,formula,O007-FREMLIN-V2-S241-FORMULA-0309,O007-FREMLIN-V2-S241,O007-RIGHTS-FREMLIN-DSL,O007-FREMLIN-V2-S241-SEG-241FB,309,241Fb,241Fb,324,327,11415,11418,12310,12313,U,U,a25513c7e0f6eaa80a3337ee18081b9e2ed09e00af8531c8f7bb2542764027e7,a25513c7e0f6eaa80a3337ee18081b9e2ed09e00af8531c8f7bb2542764027e7,a25513c7e0f6eaa80a3337ee18081b9e2ed09e00af8531c8f7bb2542764027e7,$,,a25513c7e0f6eaa80a3337ee18081b9e2ed09e00af8531c8f7bb2542764027e7,a25513c7e0f6eaa80a3337ee18081b9e2ed09e00af8531c8f7bb2542764027e7,"{""basis"":""ordered nested-math atom; exact symbolic replay"",""kind"":""source-target-formula-map""}"
1.1.0,formula,O007-FREMLIN-V2-S241-FORMULA-0310,O007-FREMLIN-V2-S241,O007-RIGHTS-FREMLIN-DSL,O007-FREMLIN-V2-S241-SEG-241FB,310,241Fb,241Fb,325,327,11436,11444,12335,12343,\sigma,\sigma,9c3245dfb4ac54c1623a60e7b8d1fc07cb02eae1229435230c7dab5e71083a26,9c3245dfb4ac54c1623a60e7b8d1fc07cb02eae1229435230c7dab5e71083a26,9c3245dfb4ac54c1623a60e7b8d1fc07cb02eae1229435230c7dab5e71083a26,$,,9c3245dfb4ac54c1623a60e7b8d1fc07cb02eae1229435230c7dab5e71083a26,9c3245dfb4ac54c1623a60e7b8d1fc07cb02eae1229435230c7dab5e71083a26,"{""basis"":""ordered nested-math atom; exact symbolic replay"",""kind"":""source-target-formula-map""}"
1.1.0,formula,O007-FREMLIN-V2-S241-FORMULA-0311,O007-FREMLIN-V2-S241,O007-RIGHTS-FREMLIN-DSL,O007-FREMLIN-V2-S241-SEG-241FB,311,241Fb,241Fb,325,328,11471,11479,12380,12388,\sigma,\sigma,9c3245dfb4ac54c1623a60e7b8d1fc07cb02eae1229435230c7dab5e71083a26,9c3245dfb4ac54c1623a60e7b8d1fc07cb02eae1229435230c7dab5e71083a26,9c3245dfb4ac54c1623a60e7b8d1fc07cb02eae1229435230c7dab5e71083a26,$,,9c3245dfb4ac54c1623a60e7b8d1fc07cb02eae1229435230c7dab5e71083a26,9c3245dfb4ac54c1623a60e7b8d1fc07cb02eae1229435230c7dab5e71083a26,"{""basis"":""ordered nested-math atom; exact symbolic replay"",""kind"":""source-target-formula-map""}"
1.1.0,formula,O007-FREMLIN-V2-S241-FORMULA-0312,O007-FREMLIN-V2-S241,O007-RIGHTS-FREMLIN-DSL,O007-FREMLIN-V2-S241-SEG-241FB,312,241Fb,241Fb,326,329,11505,11513,12424,12432,\sigma,\sigma,9c3245dfb4ac54c1623a60e7b8d1fc07cb02eae1229435230c7dab5e71083a26,9c3245dfb4ac54c1623a60e7b8d1fc07cb02eae1229435230c7dab5e71083a26,9c3245dfb4ac54c1623a60e7b8d1fc07cb02eae1229435230c7dab5e71083a26,$,,9c3245dfb4ac54c1623a60e7b8d1fc07cb02eae1229435230c7dab5e71083a26,9c3245dfb4ac54c1623a60e7b8d1fc07cb02eae1229435230c7dab5e71083a26,"{""basis"":""ordered nested-math atom; exact symbolic replay"",""kind"":""source-target-formula-map""}"
1.1.0,formula,O007-FREMLIN-V2-S241-FORMULA-0313,O007-FREMLIN-V2-S241,O007-RIGHTS-FREMLIN-DSL,O007-FREMLIN-V2-S241-SEG-241FB,313,241Fb,241Fb,326,330,11559,11573,12478,12492,A\subseteq U,A\subseteq U,6a75ee61a94b37f2ec3c9ca62c8cdd3cf97a46c61e92e0c9e843ddcc67877676,6a75ee61a94b37f2ec3c9ca62c8cdd3cf97a46c61e92e0c9e843ddcc67877676,1586293c7087ed439fc59a540192b52e60b31b4eb774fd0dd9b536cfe3277228,$,,1586293c7087ed439fc59a540192b52e60b31b4eb774fd0dd9b536cfe3277228,1586293c7087ed439fc59a540192b52e60b31b4eb774fd0dd9b536cfe3277228,"{""basis"":""ordered nested-math atom; exact symbolic replay"",""kind"":""source-target-formula-map""}"
1.1.0,formula,O007-FREMLIN-V2-S241-FORMULA-0314,O007-FREMLIN-V2-S241,O007-RIGHTS-FREMLIN-DSL,O007-FREMLIN-V2-S241-SEG-241FB,314,241Fb,241Fb,327,331,11624,11627,12551,12554,U,U,a25513c7e0f6eaa80a3337ee18081b9e2ed09e00af8531c8f7bb2542764027e7,a25513c7e0f6eaa80a3337ee18081b9e2ed09e00af8531c8f7bb2542764027e7,a25513c7e0f6eaa80a3337ee18081b9e2ed09e00af8531c8f7bb2542764027e7,$,,a25513c7e0f6eaa80a3337ee18081b9e2ed09e00af8531c8f7bb2542764027e7,a25513c7e0f6eaa80a3337ee18081b9e2ed09e00af8531c8f7bb2542764027e7,"{""basis"":""ordered nested-math atom; exact symbolic replay"",""kind"":""source-target-formula-map""}"
1.1.0,formula,O007-FREMLIN-V2-S241-FORMULA-0315,O007-FREMLIN-V2-S241,O007-RIGHTS-FREMLIN-DSL,O007-FREMLIN-V2-S241-SEG-241FC,315,241Fc,241Fc,329,333,11660,11663,12591,12594,U,U,a25513c7e0f6eaa80a3337ee18081b9e2ed09e00af8531c8f7bb2542764027e7,a25513c7e0f6eaa80a3337ee18081b9e2ed09e00af8531c8f7bb2542764027e7,a25513c7e0f6eaa80a3337ee18081b9e2ed09e00af8531c8f7bb2542764027e7,$,,a25513c7e0f6eaa80a3337ee18081b9e2ed09e00af8531c8f7bb2542764027e7,a25513c7e0f6eaa80a3337ee18081b9e2ed09e00af8531c8f7bb2542764027e7,"{""basis"":""ordered nested-math atom; exact symbolic replay"",""kind"":""source-target-formula-map""}"
1.1.0,formula,O007-FREMLIN-V2-S241-FORMULA-0316,O007-FREMLIN-V2-S241,O007-RIGHTS-FREMLIN-DSL,O007-FREMLIN-V2-S241-SEG-241FC,316,241Fc,241Fc,331,335,11759,11773,12714,12728,A\subseteq U,A\subseteq U,6a75ee61a94b37f2ec3c9ca62c8cdd3cf97a46c61e92e0c9e843ddcc67877676,6a75ee61a94b37f2ec3c9ca62c8cdd3cf97a46c61e92e0c9e843ddcc67877676,1586293c7087ed439fc59a540192b52e60b31b4eb774fd0dd9b536cfe3277228,$,,1586293c7087ed439fc59a540192b52e60b31b4eb774fd0dd9b536cfe3277228,1586293c7087ed439fc59a540192b52e60b31b4eb774fd0dd9b536cfe3277228,"{""basis"":""ordered nested-math atom; exact symbolic replay"",""kind"":""source-target-formula-map""}"
1.1.0,formula,O007-FREMLIN-V2-S241-FORMULA-0317,O007-FREMLIN-V2-S241,O007-RIGHTS-FREMLIN-DSL,O007-FREMLIN-V2-S241-SEG-241FC,317,241Fc,241Fc,331,335,11800,11803,12757,12760,U,U,a25513c7e0f6eaa80a3337ee18081b9e2ed09e00af8531c8f7bb2542764027e7,a25513c7e0f6eaa80a3337ee18081b9e2ed09e00af8531c8f7bb2542764027e7,a25513c7e0f6eaa80a3337ee18081b9e2ed09e00af8531c8f7bb2542764027e7,$,,a25513c7e0f6eaa80a3337ee18081b9e2ed09e00af8531c8f7bb2542764027e7,a25513c7e0f6eaa80a3337ee18081b9e2ed09e00af8531c8f7bb2542764027e7,"{""basis"":""ordered nested-math atom; exact symbolic replay"",""kind"":""source-target-formula-map""}"
1.1.0,formula,O007-FREMLIN-V2-S241-FORMULA-0318,O007-FREMLIN-V2-S241,O007-RIGHTS-FREMLIN-DSL,O007-FREMLIN-V2-S241-SEG-241FC,318,241Fc,241Fc,332,336,11831,11834,12797,12800,U,U,a25513c7e0f6eaa80a3337ee18081b9e2ed09e00af8531c8f7bb2542764027e7,a25513c7e0f6eaa80a3337ee18081b9e2ed09e00af8531c8f7bb2542764027e7,a25513c7e0f6eaa80a3337ee18081b9e2ed09e00af8531c8f7bb2542764027e7,$,,a25513c7e0f6eaa80a3337ee18081b9e2ed09e00af8531c8f7bb2542764027e7,a25513c7e0f6eaa80a3337ee18081b9e2ed09e00af8531c8f7bb2542764027e7,"{""basis"":""ordered nested-math atom; exact symbolic replay"",""kind"":""source-target-formula-map""}"
1.1.0,formula,O007-FREMLIN-V2-S241-FORMULA-0319,O007-FREMLIN-V2-S241,O007-RIGHTS-FREMLIN-DSL,O007-FREMLIN-V2-S241-SEG-241G,319,241G,241G,335,338,11910,11915,12866,12871,L^0,L^0,efb929291fb3ed4159783d57eb43e4f4183bf2aa2552acd5d70f6ebf7aa04b27,efb929291fb3ed4159783d57eb43e4f4183bf2aa2552acd5d70f6ebf7aa04b27,efb929291fb3ed4159783d57eb43e4f4183bf2aa2552acd5d70f6ebf7aa04b27,$,,efb929291fb3ed4159783d57eb43e4f4183bf2aa2552acd5d70f6ebf7aa04b27,efb929291fb3ed4159783d57eb43e4f4183bf2aa2552acd5d70f6ebf7aa04b27,"{""basis"":""ordered nested-math atom; exact symbolic replay"",""kind"":""source-target-formula-map""}"
1.1.0,formula,O007-FREMLIN-V2-S241-FORMULA-0320,O007-FREMLIN-V2-S241,O007-RIGHTS-FREMLIN-DSL,O007-FREMLIN-V2-S241-SEG-241G,320,241G,241G,339,343,11956,11972,12925,12941,"(X,\Sigma,\mu)","(X,\Sigma,\mu)",05e9b769403b4c7926a944d5aaa03f00bb216412bc3f850e41b3c28de657aa67,05e9b769403b4c7926a944d5aaa03f00bb216412bc3f850e41b3c28de657aa67,05e9b769403b4c7926a944d5aaa03f00bb216412bc3f850e41b3c28de657aa67,$,,05e9b769403b4c7926a944d5aaa03f00bb216412bc3f850e41b3c28de657aa67,05e9b769403b4c7926a944d5aaa03f00bb216412bc3f850e41b3c28de657aa67,"{""basis"":""ordered nested-math atom; exact symbolic replay"",""kind"":""source-target-formula-map""}"
1.1.0,formula,O007-FREMLIN-V2-S241-FORMULA-0321,O007-FREMLIN-V2-S241,O007-RIGHTS-FREMLIN-DSL,O007-FREMLIN-V2-S241-SEG-241G,321,241G,241G,340,344,11999,12013,12969,12983,L^0=L^0(\mu),L^0=L^0(\mu),21f408dfd160dc88319611c4285d5c35208d4be9b0afe54df8092974142f5192,21f408dfd160dc88319611c4285d5c35208d4be9b0afe54df8092974142f5192,21f408dfd160dc88319611c4285d5c35208d4be9b0afe54df8092974142f5192,$,,21f408dfd160dc88319611c4285d5c35208d4be9b0afe54df8092974142f5192,21f408dfd160dc88319611c4285d5c35208d4be9b0afe54df8092974142f5192,"{""basis"":""ordered nested-math atom; exact symbolic replay"",""kind"":""source-target-formula-map""}"
1.1.0,formula,O007-FREMLIN-V2-S241-FORMULA-0322,O007-FREMLIN-V2-S241,O007-RIGHTS-FREMLIN-DSL,O007-FREMLIN-V2-S241-SEG-241G,322,241G,241G,342,346,12020,12025,12990,12995,L^0,L^0,efb929291fb3ed4159783d57eb43e4f4183bf2aa2552acd5d70f6ebf7aa04b27,efb929291fb3ed4159783d57eb43e4f4183bf2aa2552acd5d70f6ebf7aa04b27,efb929291fb3ed4159783d57eb43e4f4183bf2aa2552acd5d70f6ebf7aa04b27,$,,efb929291fb3ed4159783d57eb43e4f4183bf2aa2552acd5d70f6ebf7aa04b27,efb929291fb3ed4159783d57eb43e4f4183bf2aa2552acd5d70f6ebf7aa04b27,"{""basis"":""ordered nested-math atom; exact symbolic replay"",""kind"":""source-target-formula-map""}"
1.1.0,formula,O007-FREMLIN-V2-S241-FORMULA-0323,O007-FREMLIN-V2-S241,O007-RIGHTS-FREMLIN-DSL,O007-FREMLIN-V2-S241-SEG-241G,323,241G,241G,342,346,12054,12062,13028,13036,\sigma,\sigma,9c3245dfb4ac54c1623a60e7b8d1fc07cb02eae1229435230c7dab5e71083a26,9c3245dfb4ac54c1623a60e7b8d1fc07cb02eae1229435230c7dab5e71083a26,9c3245dfb4ac54c1623a60e7b8d1fc07cb02eae1229435230c7dab5e71083a26,$,,9c3245dfb4ac54c1623a60e7b8d1fc07cb02eae1229435230c7dab5e71083a26,9c3245dfb4ac54c1623a60e7b8d1fc07cb02eae1229435230c7dab5e71083a26,"{""basis"":""ordered nested-math atom; exact symbolic replay"",""kind"":""source-target-formula-map""}"
1.1.0,formula,O007-FREMLIN-V2-S241-FORMULA-0324,O007-FREMLIN-V2-S241,O007-RIGHTS-FREMLIN-DSL,O007-FREMLIN-V2-S241-SEG-241G,324,241G,241G,344,348,12081,12097,13057,13073,"(X,\Sigma,\mu)","(X,\Sigma,\mu)",05e9b769403b4c7926a944d5aaa03f00bb216412bc3f850e41b3c28de657aa67,05e9b769403b4c7926a944d5aaa03f00bb216412bc3f850e41b3c28de657aa67,05e9b769403b4c7926a944d5aaa03f00bb216412bc3f850e41b3c28de657aa67,$,,05e9b769403b4c7926a944d5aaa03f00bb216412bc3f850e41b3c28de657aa67,05e9b769403b4c7926a944d5aaa03f00bb216412bc3f850e41b3c28de657aa67,"{""basis"":""ordered nested-math atom; exact symbolic replay"",""kind"":""source-target-formula-map""}"
1.1.0,formula,O007-FREMLIN-V2-S241-FORMULA-0325,O007-FREMLIN-V2-S241,O007-RIGHTS-FREMLIN-DSL,O007-FREMLIN-V2-S241-SEG-241G,325,241G,241G,345,348,12119,12124,13091,13096,L^0,L^0,efb929291fb3ed4159783d57eb43e4f4183bf2aa2552acd5d70f6ebf7aa04b27,efb929291fb3ed4159783d57eb43e4f4183bf2aa2552acd5d70f6ebf7aa04b27,efb929291fb3ed4159783d57eb43e4f4183bf2aa2552acd5d70f6ebf7aa04b27,$,,efb929291fb3ed4159783d57eb43e4f4183bf2aa2552acd5d70f6ebf7aa04b27,efb929291fb3ed4159783d57eb43e4f4183bf2aa2552acd5d70f6ebf7aa04b27,"{""basis"":""ordered nested-math atom; exact symbolic replay"",""kind"":""source-target-formula-map""}"
1.1.0,formula,O007-FREMLIN-V2-S241-FORMULA-0326,O007-FREMLIN-V2-S241,O007-RIGHTS-FREMLIN-DSL,O007-FREMLIN-V2-S241-SEG-241G,326,241G,241G,345,349,12150,12166,13134,13150,"(X,\Sigma,\mu)","(X,\Sigma,\mu)",05e9b769403b4c7926a944d5aaa03f00bb216412bc3f850e41b3c28de657aa67,05e9b769403b4c7926a944d5aaa03f00bb216412bc3f850e41b3c28de657aa67,05e9b769403b4c7926a944d5aaa03f00bb216412bc3f850e41b3c28de657aa67,$,,05e9b769403b4c7926a944d5aaa03f00bb216412bc3f850e41b3c28de657aa67,05e9b769403b4c7926a944d5aaa03f00bb216412bc3f850e41b3c28de657aa67,"{""basis"":""ordered nested-math atom; exact symbolic replay"",""kind"":""source-target-formula-map""}"
1.1.0,formula,O007-FREMLIN-V2-S241-FORMULA-0327,O007-FREMLIN-V2-S241,O007-RIGHTS-FREMLIN-DSL,O007-FREMLIN-V2-S241-SEG-241G,327,241G,241G,348,351,12196,12222,13187,13213,\eusm L^0=\eusm L^0(\mu),\eusm L^0=\eusm L^0(\mu),fef0d22d29e4b9efcf2660d79ddfd4cd9b6c594c1309e67c09ed78212cbfa5f4,fef0d22d29e4b9efcf2660d79ddfd4cd9b6c594c1309e67c09ed78212cbfa5f4,0ff42199569cb214970055116cb16ff904a97ca7072767c8191421744c2bc759,$,,0ff42199569cb214970055116cb16ff904a97ca7072767c8191421744c2bc759,0ff42199569cb214970055116cb16ff904a97ca7072767c8191421744c2bc759,"{""basis"":""ordered nested-math atom; exact symbolic replay"",""kind"":""source-target-formula-map""}"
1.1.0,formula,O007-FREMLIN-V2-S241-FORMULA-0328,O007-FREMLIN-V2-S241,O007-RIGHTS-FREMLIN-DSL,O007-FREMLIN-V2-S241-SEG-241G,328,241G,241G,352,355,12251,12254,13244,13247,u,u,0bfe935e70c321c7ca3afc75ce0d0ca2f98b5422e008bb31c00c6d7f1f1c0ad6,0bfe935e70c321c7ca3afc75ce0d0ca2f98b5422e008bb31c00c6d7f1f1c0ad6,0bfe935e70c321c7ca3afc75ce0d0ca2f98b5422e008bb31c00c6d7f1f1c0ad6,$,,0bfe935e70c321c7ca3afc75ce0d0ca2f98b5422e008bb31c00c6d7f1f1c0ad6,0bfe935e70c321c7ca3afc75ce0d0ca2f98b5422e008bb31c00c6d7f1f1c0ad6,"{""basis"":""ordered nested-math atom; exact symbolic replay"",""kind"":""source-target-formula-map""}"
1.1.0,formula,O007-FREMLIN-V2-S241-FORMULA-0329,O007-FREMLIN-V2-S241,O007-RIGHTS-FREMLIN-DSL,O007-FREMLIN-V2-S241-SEG-241G,329,241G,241G,352,355,12256,12266,13249,13259,v\in L^0,v\in L^0,f19b89c4a2c7f7474e837d24a75e09b5c489b58e1192b06c96a34a34ce0ba6fe,f19b89c4a2c7f7474e837d24a75e09b5c489b58e1192b06c96a34a34ce0ba6fe,4ba74b005e769f6fc3b30eb7fd3273974b3ec1a6e2eb7b7bb5185492a7be12fe,$,,4ba74b005e769f6fc3b30eb7fd3273974b3ec1a6e2eb7b7bb5185492a7be12fe,4ba74b005e769f6fc3b30eb7fd3273974b3ec1a6e2eb7b7bb5185492a7be12fe,"{""basis"":""ordered nested-math atom; exact symbolic replay"",""kind"":""source-target-formula-map""}"
1.1.0,formula,O007-FREMLIN-V2-S241-FORMULA-0330,O007-FREMLIN-V2-S241,O007-RIGHTS-FREMLIN-DSL,O007-FREMLIN-V2-S241-SEG-241G,330,241G,241G,352,355,12271,12276,13264,13269,u>0,u>0,db7dd4e33fa27156741033e6e749007dea01c1cb39facdadbaf31ece9d9b1936,db7dd4e33fa27156741033e6e749007dea01c1cb39facdadbaf31ece9d9b1936,db7dd4e33fa27156741033e6e749007dea01c1cb39facdadbaf31ece9d9b1936,$,,db7dd4e33fa27156741033e6e749007dea01c1cb39facdadbaf31ece9d9b1936,db7dd4e33fa27156741033e6e749007dea01c1cb39facdadbaf31ece9d9b1936,"{""basis"":""ordered nested-math atom; exact symbolic replay"",""kind"":""source-target-formula-map""}"
1.1.0,formula,O007-FREMLIN-V2-S241-FORMULA-0331,O007-FREMLIN-V2-S241,O007-RIGHTS-FREMLIN-DSL,O007-FREMLIN-V2-S241-SEG-241G,331,241G,241G,352,355,12286,12289,13280,13283,u,u,0bfe935e70c321c7ca3afc75ce0d0ca2f98b5422e008bb31c00c6d7f1f1c0ad6,0bfe935e70c321c7ca3afc75ce0d0ca2f98b5422e008bb31c00c6d7f1f1c0ad6,0bfe935e70c321c7ca3afc75ce0d0ca2f98b5422e008bb31c00c6d7f1f1c0ad6,$,,0bfe935e70c321c7ca3afc75ce0d0ca2f98b5422e008bb31c00c6d7f1f1c0ad6,0bfe935e70c321c7ca3afc75ce0d0ca2f98b5422e008bb31c00c6d7f1f1c0ad6,"{""basis"":""ordered nested-math atom; exact symbolic replay"",""kind"":""source-target-formula-map""}"
1.1.0,formula,O007-FREMLIN-V2-S241-FORMULA-0332,O007-FREMLIN-V2-S241,O007-RIGHTS-FREMLIN-DSL,O007-FREMLIN-V2-S241-SEG-241G,332,241G,241G,353,356,12293,12308,13292,13307,f^{\ssbullet},f^{\ssbullet},c88b6704184d07d6ea167268aeb1cf90af08429c76b2a89c8a8a947a903bf504,c88b6704184d07d6ea167268aeb1cf90af08429c76b2a89c8a8a947a903bf504,c88b6704184d07d6ea167268aeb1cf90af08429c76b2a89c8a8a947a903bf504,$,,c88b6704184d07d6ea167268aeb1cf90af08429c76b2a89c8a8a947a903bf504,c88b6704184d07d6ea167268aeb1cf90af08429c76b2a89c8a8a947a903bf504,"{""basis"":""ordered nested-math atom; exact symbolic replay"",""kind"":""source-target-formula-map""}"
1.1.0,formula,O007-FREMLIN-V2-S241-FORMULA-0333,O007-FREMLIN-V2-S241,O007-RIGHTS-FREMLIN-DSL,O007-FREMLIN-V2-S241-SEG-241G,333,241G,241G,353,356,12313,12316,13312,13315,v,v,4c94485e0c21ae6c41ce1dfe7b6bfaceea5ab68e40a2476f50208e526f506080,4c94485e0c21ae6c41ce1dfe7b6bfaceea5ab68e40a2476f50208e526f506080,4c94485e0c21ae6c41ce1dfe7b6bfaceea5ab68e40a2476f50208e526f506080,$,,4c94485e0c21ae6c41ce1dfe7b6bfaceea5ab68e40a2476f50208e526f506080,4c94485e0c21ae6c41ce1dfe7b6bfaceea5ab68e40a2476f50208e526f506080,"{""basis"":""ordered nested-math atom; exact symbolic replay"",""kind"":""source-target-formula-map""}"
1.1.0,formula,O007-FREMLIN-V2-S241-FORMULA-0334,O007-FREMLIN-V2-S241,O007-RIGHTS-FREMLIN-DSL,O007-FREMLIN-V2-S241-SEG-241G,334,241G,241G,353,356,12320,12335,13324,13339,g^{\ssbullet},g^{\ssbullet},6d2f0d6dad6307055f463152d9d0df18b087365d9121938536ca35285adbcf48,6d2f0d6dad6307055f463152d9d0df18b087365d9121938536ca35285adbcf48,6d2f0d6dad6307055f463152d9d0df18b087365d9121938536ca35285adbcf48,$,,6d2f0d6dad6307055f463152d9d0df18b087365d9121938536ca35285adbcf48,6d2f0d6dad6307055f463152d9d0df18b087365d9121938536ca35285adbcf48,"{""basis"":""ordered nested-math atom; exact symbolic replay"",""kind"":""source-target-formula-map""}"
1.1.0,formula,O007-FREMLIN-V2-S241-FORMULA-0335,O007-FREMLIN-V2-S241,O007-RIGHTS-FREMLIN-DSL,O007-FREMLIN-V2-S241-SEG-241G,335,241G,241G,353,356,12342,12345,13347,13350,f,f,252f10c83610ebca1a059c0bae8255eba2f95be4d1d7bcfa89d7248a82d9f111,252f10c83610ebca1a059c0bae8255eba2f95be4d1d7bcfa89d7248a82d9f111,252f10c83610ebca1a059c0bae8255eba2f95be4d1d7bcfa89d7248a82d9f111,$,,252f10c83610ebca1a059c0bae8255eba2f95be4d1d7bcfa89d7248a82d9f111,252f10c83610ebca1a059c0bae8255eba2f95be4d1d7bcfa89d7248a82d9f111,"{""basis"":""ordered nested-math atom; exact symbolic replay"",""kind"":""source-target-formula-map""}"
1.1.0,formula,O007-FREMLIN-V2-S241-FORMULA-0336,O007-FREMLIN-V2-S241,O007-RIGHTS-FREMLIN-DSL,O007-FREMLIN-V2-S241-SEG-241G,336,241G,241G,353,357,12347,12362,13352,13367,g\in\eusm L^0,g\in\eusm L^0,ca4d2434fa769eeec35d32850aaacb6dd01821ae84167bdf03fa203de40bf8f1,ca4d2434fa769eeec35d32850aaacb6dd01821ae84167bdf03fa203de40bf8f1,d831139421b5d479221e5b0f06e80687e70b8ff9c8b25f61cf4ad5a952254fa0,$,,d831139421b5d479221e5b0f06e80687e70b8ff9c8b25f61cf4ad5a952254fa0,d831139421b5d479221e5b0f06e80687e70b8ff9c8b25f61cf4ad5a952254fa0,"{""basis"":""ordered nested-math atom; exact symbolic replay"",""kind"":""source-target-formula-map""}"
1.1.0,formula,O007-FREMLIN-V2-S241-FORMULA-0337,O007-FREMLIN-V2-S241,O007-RIGHTS-FREMLIN-DSL,O007-FREMLIN-V2-S241-SEG-241G,337,241G,241G,354,357,12369,12398,13374,13403,"E=\{x:x\in\dom f,\,f(x)>0\}","E=\{x:x\in\dom f,\,f(x)>0\}",5ec8ff160f65758b224428cc26cf594683958ca2084e7d5e1e06ae3818cd3d27,5ec8ff160f65758b224428cc26cf594683958ca2084e7d5e1e06ae3818cd3d27,6a70f3abba1bfc4e91c1f8b65aa4cdc3864c103b50a9e7397ad3f00dc30229d2,$,,6a70f3abba1bfc4e91c1f8b65aa4cdc3864c103b50a9e7397ad3f00dc30229d2,6a70f3abba1bfc4e91c1f8b65aa4cdc3864c103b50a9e7397ad3f00dc30229d2,"{""basis"":""ordered nested-math atom; exact symbolic replay"",""kind"":""source-target-formula-map""}"
1.1.0,formula,O007-FREMLIN-V2-S241-FORMULA-0338,O007-FREMLIN-V2-S241,O007-RIGHTS-FREMLIN-DSL,O007-FREMLIN-V2-S241-SEG-241G,338,241G,241G,355,358,12435,12447,13437,13449,n\in\Bbb N,n\in\Bbb N,d213946df59f2b85be55436de61a489b7c24c216dfb26056fc2946b32c730709,d213946df59f2b85be55436de61a489b7c24c216dfb26056fc2946b32c730709,02bb197ae0de627eb1861382dcf81826f92f1895770d739be7f05b2435488186,$,,02bb197ae0de627eb1861382dcf81826f92f1895770d739be7f05b2435488186,02bb197ae0de627eb1861382dcf81826f92f1895770d739be7f05b2435488186,"{""basis"":""ordered nested-math atom; exact symbolic replay"",""kind"":""source-target-formula-map""}"
1.1.0,formula,O007-FREMLIN-V2-S241-FORMULA-0339,O007-FREMLIN-V2-S241,O007-RIGHTS-FREMLIN-DSL,O007-FREMLIN-V2-S241-SEG-241G,339,241G,241G,357,360,12471,12516,13483,13528,"E_n=\{x:x\in\dom f\cap\dom g,\,nf(x)>g(x)\}","E_n=\{x:x\in\dom f\cap\dom g,\,nf(x)>g(x)\}",cbf2b4005fa4e7899f624e918713c5ac84e0f4e12bc61159a13d34bef7e69ffd,cbf2b4005fa4e7899f624e918713c5ac84e0f4e12bc61159a13d34bef7e69ffd,e63996200b35e0ec6128e131b776e1e7b3ba1fee7fdb1be3a1e2a595b7b4d8cf,$,,e63996200b35e0ec6128e131b776e1e7b3ba1fee7fdb1be3a1e2a595b7b4d8cf,e63996200b35e0ec6128e131b776e1e7b3ba1fee7fdb1be3a1e2a595b7b4d8cf,"{""basis"":""ordered nested-math atom; exact symbolic replay"",""kind"":""source-target-formula-map""}"
1.1.0,formula,O007-FREMLIN-V2-S241-FORMULA-0340,O007-FREMLIN-V2-S241,O007-RIGHTS-FREMLIN-DSL,O007-FREMLIN-V2-S241-SEG-241G,340,241G,241G,359,363,12555,12600,13565,13610,"E\cap\dom
g\subseteq\bigcup_{n\in\Bbb N}E_n",E\cap\dom g\subseteq\bigcup_{n\in\Bbb N}E_n,8d3ef1d807e8896e434594b9648c322316ef137db46e55ed836b1e8a4779c08b,1f709a70c931e16068018ceb5c42efbbb86efc306e270d6e779bc43ea6622ef9,24a67cd8e76b6b467cc37cfe9df3bf0e6e39b866990b3645bb7cd8eb587c5876,$,,24a67cd8e76b6b467cc37cfe9df3bf0e6e39b866990b3645bb7cd8eb587c5876,24a67cd8e76b6b467cc37cfe9df3bf0e6e39b866990b3645bb7cd8eb587c5876,"{""basis"":""ordered nested-math atom; exact symbolic replay"",""kind"":""source-target-formula-map""}"
1.1.0,formula,O007-FREMLIN-V2-S241-FORMULA-0341,O007-FREMLIN-V2-S241,O007-RIGHTS-FREMLIN-DSL,O007-FREMLIN-V2-S241-SEG-241G,341,241G,241G,360,364,12612,12625,13628,13641,nu\not\le v,nu\not\le v,a0376d6df558d4c6893617b51ff896788f50e3f48950cd159589bd47836c2ab7,a0376d6df558d4c6893617b51ff896788f50e3f48950cd159589bd47836c2ab7,95016ea8ed85e222d1ccf7a9e22068a0cea993b929241bf952b729e993b70c0a,$,,95016ea8ed85e222d1ccf7a9e22068a0cea993b929241bf952b729e993b70c0a,95016ea8ed85e222d1ccf7a9e22068a0cea993b929241bf952b729e993b70c0a,"{""basis"":""ordered nested-math atom; exact symbolic replay"",""kind"":""source-target-formula-map""}"
1.1.0,formula,O007-FREMLIN-V2-S241-FORMULA-0342,O007-FREMLIN-V2-S241,O007-RIGHTS-FREMLIN-DSL,O007-FREMLIN-V2-S241-SEG-241G,342,241G,241G,361,364,12630,12633,13650,13653,u,u,0bfe935e70c321c7ca3afc75ce0d0ca2f98b5422e008bb31c00c6d7f1f1c0ad6,0bfe935e70c321c7ca3afc75ce0d0ca2f98b5422e008bb31c00c6d7f1f1c0ad6,0bfe935e70c321c7ca3afc75ce0d0ca2f98b5422e008bb31c00c6d7f1f1c0ad6,$,,0bfe935e70c321c7ca3afc75ce0d0ca2f98b5422e008bb31c00c6d7f1f1c0ad6,0bfe935e70c321c7ca3afc75ce0d0ca2f98b5422e008bb31c00c6d7f1f1c0ad6,"{""basis"":""ordered nested-math atom; exact symbolic replay"",""kind"":""source-target-formula-map""}"
1.1.0,formula,O007-FREMLIN-V2-S241-FORMULA-0343,O007-FREMLIN-V2-S241,O007-RIGHTS-FREMLIN-DSL,O007-FREMLIN-V2-S241-SEG-241G,343,241G,241G,361,364,12638,12641,13658,13661,v,v,4c94485e0c21ae6c41ce1dfe7b6bfaceea5ab68e40a2476f50208e526f506080,4c94485e0c21ae6c41ce1dfe7b6bfaceea5ab68e40a2476f50208e526f506080,4c94485e0c21ae6c41ce1dfe7b6bfaceea5ab68e40a2476f50208e526f506080,$,,4c94485e0c21ae6c41ce1dfe7b6bfaceea5ab68e40a2476f50208e526f506080,4c94485e0c21ae6c41ce1dfe7b6bfaceea5ab68e40a2476f50208e526f506080,"{""basis"":""ordered nested-math atom; exact symbolic replay"",""kind"":""source-target-formula-map""}"
1.1.0,formula,O007-FREMLIN-V2-S241-FORMULA-0344,O007-FREMLIN-V2-S241,O007-RIGHTS-FREMLIN-DSL,O007-FREMLIN-V2-S241-SEG-241G,344,241G,241G,361,364,12657,12662,13672,13677,L^0,L^0,efb929291fb3ed4159783d57eb43e4f4183bf2aa2552acd5d70f6ebf7aa04b27,efb929291fb3ed4159783d57eb43e4f4183bf2aa2552acd5d70f6ebf7aa04b27,efb929291fb3ed4159783d57eb43e4f4183bf2aa2552acd5d70f6ebf7aa04b27,$,,efb929291fb3ed4159783d57eb43e4f4183bf2aa2552acd5d70f6ebf7aa04b27,efb929291fb3ed4159783d57eb43e4f4183bf2aa2552acd5d70f6ebf7aa04b27,"{""basis"":""ordered nested-math atom; exact symbolic replay"",""kind"":""source-target-formula-map""}"
1.1.0,formula,O007-FREMLIN-V2-S241-FORMULA-0345,O007-FREMLIN-V2-S241,O007-RIGHTS-FREMLIN-DSL,O007-FREMLIN-V2-S241-SEG-241G,345,241G,241G,365,368,12714,12730,13744,13760,A\subseteq L^0,A\subseteq L^0,684b5736a6dec6dfe973a8ccda7f9a4f42a56a19c05904c29b2613c0fc1d8b73,684b5736a6dec6dfe973a8ccda7f9a4f42a56a19c05904c29b2613c0fc1d8b73,abe73d50edea93bf63fb5024a669f01c8c1bbc2f34830fce9ee8c1c04a0f532a,$,,abe73d50edea93bf63fb5024a669f01c8c1bbc2f34830fce9ee8c1c04a0f532a,abe73d50edea93bf63fb5024a669f01c8c1bbc2f34830fce9ee8c1c04a0f532a,"{""basis"":""ordered nested-math atom; exact symbolic replay"",""kind"":""source-target-formula-map""}"
1.1.0,formula,O007-FREMLIN-V2-S241-FORMULA-0346,O007-FREMLIN-V2-S241,O007-RIGHTS-FREMLIN-DSL,O007-FREMLIN-V2-S241-SEG-241G,346,241G,241G,366,369,12780,12783,13815,13818,w,w,50e721e49c013f00c62cf59f2163542a9d8df02464efeb615d31051b0fddc326,50e721e49c013f00c62cf59f2163542a9d8df02464efeb615d31051b0fddc326,50e721e49c013f00c62cf59f2163542a9d8df02464efeb615d31051b0fddc326,$,,50e721e49c013f00c62cf59f2163542a9d8df02464efeb615d31051b0fddc326,50e721e49c013f00c62cf59f2163542a9d8df02464efeb615d31051b0fddc326,"{""basis"":""ordered nested-math atom; exact symbolic replay"",""kind"":""source-target-formula-map""}"
1.1.0,formula,O007-FREMLIN-V2-S241-FORMULA-0347,O007-FREMLIN-V2-S241,O007-RIGHTS-FREMLIN-DSL,O007-FREMLIN-V2-S241-SEG-241G,347,241G,241G,366,369,12787,12792,13825,13830,L^0,L^0,efb929291fb3ed4159783d57eb43e4f4183bf2aa2552acd5d70f6ebf7aa04b27,efb929291fb3ed4159783d57eb43e4f4183bf2aa2552acd5d70f6ebf7aa04b27,efb929291fb3ed4159783d57eb43e4f4183bf2aa2552acd5d70f6ebf7aa04b27,$,,efb929291fb3ed4159783d57eb43e4f4183bf2aa2552acd5d70f6ebf7aa04b27,efb929291fb3ed4159783d57eb43e4f4183bf2aa2552acd5d70f6ebf7aa04b27,"{""basis"":""ordered nested-math atom; exact symbolic replay"",""kind"":""source-target-formula-map""}"
1.1.0,formula,O007-FREMLIN-V2-S241-FORMULA-0348,O007-FREMLIN-V2-S241,O007-RIGHTS-FREMLIN-DSL,O007-FREMLIN-V2-S241-SEG-241G,348,241G,241G,366,369,12804,12807,13841,13844,A,A,559aead08264d5795d3909718cdd05abd49572e84fe55590eef31a88a08fdffd,559aead08264d5795d3909718cdd05abd49572e84fe55590eef31a88a08fdffd,559aead08264d5795d3909718cdd05abd49572e84fe55590eef31a88a08fdffd,$,,559aead08264d5795d3909718cdd05abd49572e84fe55590eef31a88a08fdffd,559aead08264d5795d3909718cdd05abd49572e84fe55590eef31a88a08fdffd,"{""basis"":""ordered nested-math atom; exact symbolic replay"",""kind"":""source-target-formula-map""}"
1.1.0,formula,O007-FREMLIN-V2-S241-FORMULA-0349,O007-FREMLIN-V2-S241,O007-RIGHTS-FREMLIN-DSL,O007-FREMLIN-V2-S241-SEG-241G,349,241G,241G,367,370,12811,12843,13853,13885,\{f_n^{\ssbullet}:n\in\Bbb N\},\{f_n^{\ssbullet}:n\in\Bbb N\},362ecb524197090f2b7f5d988c924dc49667819d9168b68f21f8aa73a56c240f,362ecb524197090f2b7f5d988c924dc49667819d9168b68f21f8aa73a56c240f,27014ce7a8e0f89b3dd5bff76fe057b4f9a6d780de2e1d8c17b318d5de062e5a,$,,27014ce7a8e0f89b3dd5bff76fe057b4f9a6d780de2e1d8c17b318d5de062e5a,27014ce7a8e0f89b3dd5bff76fe057b4f9a6d780de2e1d8c17b318d5de062e5a,"{""basis"":""ordered nested-math atom; exact symbolic replay"",""kind"":""source-target-formula-map""}"
1.1.0,formula,O007-FREMLIN-V2-S241-FORMULA-0350,O007-FREMLIN-V2-S241,O007-RIGHTS-FREMLIN-DSL,O007-FREMLIN-V2-S241-SEG-241G,350,241G,241G,367,370,12850,12867,13893,13910,\sequencen{f_n},\sequencen{f_n},fa5119baa98914bf1c06e7b3e23f2fc7892492f922674476fb599e26e28ac0b6,fa5119baa98914bf1c06e7b3e23f2fc7892492f922674476fb599e26e28ac0b6,fa5119baa98914bf1c06e7b3e23f2fc7892492f922674476fb599e26e28ac0b6,$,,fa5119baa98914bf1c06e7b3e23f2fc7892492f922674476fb599e26e28ac0b6,fa5119baa98914bf1c06e7b3e23f2fc7892492f922674476fb599e26e28ac0b6,"{""basis"":""ordered nested-math atom; exact symbolic replay"",""kind"":""source-target-formula-map""}"
1.1.0,formula,O007-FREMLIN-V2-S241-FORMULA-0351,O007-FREMLIN-V2-S241,O007-RIGHTS-FREMLIN-DSL,O007-FREMLIN-V2-S241-SEG-241G,351,241G,241G,368,371,12885,12896,13931,13942,\eusm L^0,\eusm L^0,12c2089e125d309e832793d4a992d6333c40397baf0330403e1207da04318ded,12c2089e125d309e832793d4a992d6333c40397baf0330403e1207da04318ded,d5b98412d5c38001fef173fa13a858cd2e376a97888da5ce2fa997ff513bad4c,$,,d5b98412d5c38001fef173fa13a858cd2e376a97888da5ce2fa997ff513bad4c,d5b98412d5c38001fef173fa13a858cd2e376a97888da5ce2fa997ff513bad4c,"{""basis"":""ordered nested-math atom; exact symbolic replay"",""kind"":""source-target-formula-map""}"
1.1.0,formula,O007-FREMLIN-V2-S241-FORMULA-0352,O007-FREMLIN-V2-S241,O007-RIGHTS-FREMLIN-DSL,O007-FREMLIN-V2-S241-SEG-241G,352,241G,241G,368,371,12902,12905,13948,13951,w,w,50e721e49c013f00c62cf59f2163542a9d8df02464efeb615d31051b0fddc326,50e721e49c013f00c62cf59f2163542a9d8df02464efeb615d31051b0fddc326,50e721e49c013f00c62cf59f2163542a9d8df02464efeb615d31051b0fddc326,$,,50e721e49c013f00c62cf59f2163542a9d8df02464efeb615d31051b0fddc326,50e721e49c013f00c62cf59f2163542a9d8df02464efeb615d31051b0fddc326,"{""basis"":""ordered nested-math atom; exact symbolic replay"",""kind"":""source-target-formula-map""}"
1.1.0,formula,O007-FREMLIN-V2-S241-FORMULA-0353,O007-FREMLIN-V2-S241,O007-RIGHTS-FREMLIN-DSL,O007-FREMLIN-V2-S241-SEG-241G,353,241G,241G,368,371,12909,12924,13960,13975,h^{\ssbullet},h^{\ssbullet},77eb14ad717e7338b007a272bbe902cbe526733027670c9efa3a52479c18c42d,77eb14ad717e7338b007a272bbe902cbe526733027670c9efa3a52479c18c42d,77eb14ad717e7338b007a272bbe902cbe526733027670c9efa3a52479c18c42d,$,,77eb14ad717e7338b007a272bbe902cbe526733027670c9efa3a52479c18c42d,77eb14ad717e7338b007a272bbe902cbe526733027670c9efa3a52479c18c42d,"{""basis"":""ordered nested-math atom; exact symbolic replay"",""kind"":""source-target-formula-map""}"
1.1.0,formula,O007-FREMLIN-V2-S241-FORMULA-0354,O007-FREMLIN-V2-S241,O007-RIGHTS-FREMLIN-DSL,O007-FREMLIN-V2-S241-SEG-241G,354,241G,241G,368,372,12931,12946,13983,13998,h\in\eusm L^0,h\in\eusm L^0,8a7ed8abc75c5cf0efd3da8f8b2da15a6857f4c9b9342b1090f2b2240ce266f3,8a7ed8abc75c5cf0efd3da8f8b2da15a6857f4c9b9342b1090f2b2240ce266f3,3fa246f3d994d700070440281eefc7318eb962bb9a00b5ecdbfd1f9ea70b9632,$,,3fa246f3d994d700070440281eefc7318eb962bb9a00b5ecdbfd1f9ea70b9632,3fa246f3d994d700070440281eefc7318eb962bb9a00b5ecdbfd1f9ea70b9632,"{""basis"":""ordered nested-math atom; exact symbolic replay"",""kind"":""source-target-formula-map""}"
1.1.0,formula,O007-FREMLIN-V2-S241-FORMULA-0355,O007-FREMLIN-V2-S241,O007-RIGHTS-FREMLIN-DSL,O007-FREMLIN-V2-S241-SEG-241G,355,241G,241G,369,372,12954,12978,14009,14033,f=\sup_{n\in\Bbb N}f_n,f=\sup_{n\in\Bbb N}f_n,67d05b6596cf36ded77175013a11f805eda5f4bf0ea247198e7a3a96e5bfcd5e,67d05b6596cf36ded77175013a11f805eda5f4bf0ea247198e7a3a96e5bfcd5e,2d43cb080851c4b8a9a1ef5c6ccf04cbba9cefe9c45c9851e9bd6511f246fdbb,$,,2d43cb080851c4b8a9a1ef5c6ccf04cbba9cefe9c45c9851e9bd6511f246fdbb,2d43cb080851c4b8a9a1ef5c6ccf04cbba9cefe9c45c9851e9bd6511f246fdbb,"{""basis"":""ordered nested-math atom; exact symbolic replay"",""kind"":""source-target-formula-map""}"
1.1.0,formula,O007-FREMLIN-V2-S241-FORMULA-0356,O007-FREMLIN-V2-S241,O007-RIGHTS-FREMLIN-DSL,O007-FREMLIN-V2-S241-SEG-241G,356,241G,241G,369,372,12995,13001,14040,14046,f(x),f(x),259072e6c653cc56ea0e6a6031c2bbb5dede2c4066d63855fd7690ee8bd61bbc,259072e6c653cc56ea0e6a6031c2bbb5dede2c4066d63855fd7690ee8bd61bbc,259072e6c653cc56ea0e6a6031c2bbb5dede2c4066d63855fd7690ee8bd61bbc,$,,259072e6c653cc56ea0e6a6031c2bbb5dede2c4066d63855fd7690ee8bd61bbc,259072e6c653cc56ea0e6a6031c2bbb5dede2c4066d63855fd7690ee8bd61bbc,"{""basis"":""ordered nested-math atom; exact symbolic replay"",""kind"":""source-target-formula-map""}"
1.1.0,formula,O007-FREMLIN-V2-S241-FORMULA-0357,O007-FREMLIN-V2-S241,O007-RIGHTS-FREMLIN-DSL,O007-FREMLIN-V2-S241-SEG-241G,357,241G,241G,369,373,13013,13021,14065,14073,\Bbb R,\Bbb R,f9d62b077eddf72778fc05527c5aa4d2352f16a46a94808294fdc2cb7e406580,f9d62b077eddf72778fc05527c5aa4d2352f16a46a94808294fdc2cb7e406580,22316cdc991b42844c0fcdb72f227b6d4c0e8457a736e325af2845b7b3df7f6c,$,,22316cdc991b42844c0fcdb72f227b6d4c0e8457a736e325af2845b7b3df7f6c,22316cdc991b42844c0fcdb72f227b6d4c0e8457a736e325af2845b7b3df7f6c,"{""basis"":""ordered nested-math atom; exact symbolic replay"",""kind"":""source-target-formula-map""}"
1.1.0,formula,O007-FREMLIN-V2-S241-FORMULA-0358,O007-FREMLIN-V2-S241,O007-RIGHTS-FREMLIN-DSL,O007-FREMLIN-V2-S241-SEG-241G,358,241G,241G,370,374,13035,13079,14090,14134,x\in\dom h\cap\bigcap_{n\in\Bbb N}\dom f_n,x\in\dom h\cap\bigcap_{n\in\Bbb N}\dom f_n,13116876b1308c35d37e9efb503547a8a2e3f81eb291519610ce8fc3885f2407,13116876b1308c35d37e9efb503547a8a2e3f81eb291519610ce8fc3885f2407,dde491ac767356d8a7cf7415093f3e16888e23d50aba3301c8beda3476e33c6c,$,,dde491ac767356d8a7cf7415093f3e16888e23d50aba3301c8beda3476e33c6c,dde491ac767356d8a7cf7415093f3e16888e23d50aba3301c8beda3476e33c6c,"{""basis"":""ordered nested-math atom; exact symbolic replay"",""kind"":""source-target-formula-map""}"
1.1.0,formula,O007-FREMLIN-V2-S241-FORMULA-0359,O007-FREMLIN-V2-S241,O007-RIGHTS-FREMLIN-DSL,O007-FREMLIN-V2-S241-SEG-241G,359,241G,241G,371,375,13090,13106,14155,14171,f_n(x)\le h(x),f_n(x)\le h(x),093a6219362683bbee352defee22500ae2b7d8fe46ad23a115d7a4273300f5c9,093a6219362683bbee352defee22500ae2b7d8fe46ad23a115d7a4273300f5c9,0e2f816933119707b73b3b43aae89e2fe2a98447bc5961228c42f7907a7d419f,$,,0e2f816933119707b73b3b43aae89e2fe2a98447bc5961228c42f7907a7d419f,0e2f816933119707b73b3b43aae89e2fe2a98447bc5961228c42f7907a7d419f,"{""basis"":""ordered nested-math atom; exact symbolic replay"",""kind"":""source-target-formula-map""}"
1.1.0,formula,O007-FREMLIN-V2-S241-FORMULA-0360,O007-FREMLIN-V2-S241,O007-RIGHTS-FREMLIN-DSL,O007-FREMLIN-V2-S241-SEG-241G,360,241G,241G,371,375,13117,13129,14185,14197,n\in\Bbb N,n\in\Bbb N,d213946df59f2b85be55436de61a489b7c24c216dfb26056fc2946b32c730709,d213946df59f2b85be55436de61a489b7c24c216dfb26056fc2946b32c730709,02bb197ae0de627eb1861382dcf81826f92f1895770d739be7f05b2435488186,$,,02bb197ae0de627eb1861382dcf81826f92f1895770d739be7f05b2435488186,02bb197ae0de627eb1861382dcf81826f92f1895770d739be7f05b2435488186,"{""basis"":""ordered nested-math atom; exact symbolic replay"",""kind"":""source-target-formula-map""}"
1.1.0,formula,O007-FREMLIN-V2-S241-FORMULA-0361,O007-FREMLIN-V2-S241,O007-RIGHTS-FREMLIN-DSL,O007-FREMLIN-V2-S241-SEG-241G,361,241G,241G,371,376,13157,13165,14225,14233,"x\in
X",x\in X,68587a7077a4beb58bbd03a8d8f02d3456ec07f665ac46d4bab8691d74ff4aee,d9448dfd3954dd39c12d483afd23d561b1b7d735af5f430b5dc457e6fa9ef99b,858979f0c33c5f45e30780b82e2fa00184311296fbb7ef6bf3f4a6007c9b9cb1,$,,858979f0c33c5f45e30780b82e2fa00184311296fbb7ef6bf3f4a6007c9b9cb1,858979f0c33c5f45e30780b82e2fa00184311296fbb7ef6bf3f4a6007c9b9cb1,"{""basis"":""ordered nested-math atom; exact symbolic replay"",""kind"":""source-target-formula-map""}"
1.1.0,formula,O007-FREMLIN-V2-S241-FORMULA-0362,O007-FREMLIN-V2-S241,O007-RIGHTS-FREMLIN-DSL,O007-FREMLIN-V2-S241-SEG-241G,362,241G,241G,372,376,13171,13186,14240,14255,f\in\eusm L^0,f\in\eusm L^0,6543e42c5f138e90eba1bced054e8c4826a26b50cd7f0bde6a49b82d0087fe7b,6543e42c5f138e90eba1bced054e8c4826a26b50cd7f0bde6a49b82d0087fe7b,5a8f974bce4387525c09d2cf266aaeaca66ee82c353a97c32ba20dab152ac7f8,$,,5a8f974bce4387525c09d2cf266aaeaca66ee82c353a97c32ba20dab152ac7f8,5a8f974bce4387525c09d2cf266aaeaca66ee82c353a97c32ba20dab152ac7f8,"{""basis"":""ordered nested-math atom; exact symbolic replay"",""kind"":""source-target-formula-map""}"
1.1.0,formula,O007-FREMLIN-V2-S241-FORMULA-0363,O007-FREMLIN-V2-S241,O007-RIGHTS-FREMLIN-DSL,O007-FREMLIN-V2-S241-SEG-241G,363,241G,241G,372,377,13202,13226,14274,14298,u=f^{\ssbullet}\in L^0,u=f^{\ssbullet}\in L^0,99c944ce8e71827d16dd55e9448f26f194d08a0d4cd57c89a48b662499db8100,99c944ce8e71827d16dd55e9448f26f194d08a0d4cd57c89a48b662499db8100,88f8225df9fcbf45430453e39162403fdaa07682e0f05908f29c8d234d93d9a3,$,,88f8225df9fcbf45430453e39162403fdaa07682e0f05908f29c8d234d93d9a3,88f8225df9fcbf45430453e39162403fdaa07682e0f05908f29c8d234d93d9a3,"{""basis"":""ordered nested-math atom; exact symbolic replay"",""kind"":""source-target-formula-map""}"
1.1.0,formula,O007-FREMLIN-V2-S241-FORMULA-0364,O007-FREMLIN-V2-S241,O007-RIGHTS-FREMLIN-DSL,O007-FREMLIN-V2-S241-SEG-241G,364,241G,241G,373,377,13233,13243,14305,14315,v\in L^0,v\in L^0,f19b89c4a2c7f7474e837d24a75e09b5c489b58e1192b06c96a34a34ce0ba6fe,f19b89c4a2c7f7474e837d24a75e09b5c489b58e1192b06c96a34a34ce0ba6fe,4ba74b005e769f6fc3b30eb7fd3273974b3ec1a6e2eb7b7bb5185492a7be12fe,$,,4ba74b005e769f6fc3b30eb7fd3273974b3ec1a6e2eb7b7bb5185492a7be12fe,4ba74b005e769f6fc3b30eb7fd3273974b3ec1a6e2eb7b7bb5185492a7be12fe,"{""basis"":""ordered nested-math atom; exact symbolic replay"",""kind"":""source-target-formula-map""}"
1.1.0,formula,O007-FREMLIN-V2-S241-FORMULA-0365,O007-FREMLIN-V2-S241,O007-RIGHTS-FREMLIN-DSL,O007-FREMLIN-V2-S241-SEG-241G,365,241G,241G,373,378,13249,13266,14328,14345,v=g^{\ssbullet},v=g^{\ssbullet},b5cf465cdb281a64c19ccd1a5261d97afb0f20f6bab2c3ed552eaeea40947ab9,b5cf465cdb281a64c19ccd1a5261d97afb0f20f6bab2c3ed552eaeea40947ab9,b5cf465cdb281a64c19ccd1a5261d97afb0f20f6bab2c3ed552eaeea40947ab9,$,,b5cf465cdb281a64c19ccd1a5261d97afb0f20f6bab2c3ed552eaeea40947ab9,b5cf465cdb281a64c19ccd1a5261d97afb0f20f6bab2c3ed552eaeea40947ab9,"{""basis"":""ordered nested-math atom; exact symbolic replay"",""kind"":""source-target-formula-map""}"
1.1.0,formula,O007-FREMLIN-V2-S241-FORMULA-0366,O007-FREMLIN-V2-S241,O007-RIGHTS-FREMLIN-DSL,O007-FREMLIN-V2-S241-SEG-241G,366,241G,241G,373,378,13273,13288,14353,14368,g\in\eusm L^0,g\in\eusm L^0,ca4d2434fa769eeec35d32850aaacb6dd01821ae84167bdf03fa203de40bf8f1,ca4d2434fa769eeec35d32850aaacb6dd01821ae84167bdf03fa203de40bf8f1,d831139421b5d479221e5b0f06e80687e70b8ff9c8b25f61cf4ad5a952254fa0,$,,d831139421b5d479221e5b0f06e80687e70b8ff9c8b25f61cf4ad5a952254fa0,d831139421b5d479221e5b0f06e80687e70b8ff9c8b25f61cf4ad5a952254fa0,"{""basis"":""ordered nested-math atom; exact symbolic replay"",""kind"":""source-target-formula-map""}"
1.1.0,formula,O007-FREMLIN-V2-S241-FORMULA-0367,O007-FREMLIN-V2-S241,O007-RIGHTS-FREMLIN-DSL,O007-FREMLIN-V2-S241-SEG-241G,367,241G,241G,375,380,13296,13523,14376,14615,"\eqalign{u_n\le v&\text{ for every }n\in\Bbb N\cr
&\iff\text{ for every }n\in\Bbb N,\,f_n\leae g\cr
&\iff\text{ for almost every }x\in X,\,f_n(x)\le g(x)
      \text{ for every }n\in\Bbb N\cr
&\iff f\leae g
\iff u\le v.\cr}","\eqalign{u_n\le v&\text{ untuk setiap }n\in\Bbb N\cr
&\iff\text{ untuk setiap }n\in\Bbb N,\,f_n\leae g\cr
&\iff\text{ untuk hampir setiap }x\in X,\,f_n(x)\le g(x)
      \text{ untuk setiap }n\in\Bbb N\cr
&\iff f\leae g
\iff u\le v.\cr}",826e0c78b2b4dfaaf1105a5474e5f467e886fc9096de1124b95387e63b8b21f6,d6bfd4de8019ae98f2d88f4bbdf26892473c9642f5dc6f913e49f173e3077f05,6ee1ae636a435026d2083acb9bf43e236e372341849e425ed1fdf182c31a9b9f,$$,,6ee1ae636a435026d2083acb9bf43e236e372341849e425ed1fdf182c31a9b9f,6ee1ae636a435026d2083acb9bf43e236e372341849e425ed1fdf182c31a9b9f,"{""basis"":""ordered nested-math atom; exact symbolic replay"",""kind"":""source-target-formula-map""}"
1.1.0,formula,O007-FREMLIN-V2-S241-FORMULA-0368,O007-FREMLIN-V2-S241,O007-RIGHTS-FREMLIN-DSL,O007-FREMLIN-V2-S241-SEG-241G,368,241G,241G,382,387,13540,13564,14633,14657,u=\sup_{n\in\Bbb N}u_n,u=\sup_{n\in\Bbb N}u_n,ad502b2a46b5c7f5a0bc1cfcb4b45d5cdafd4291928e252927a25ffe991630c5,ad502b2a46b5c7f5a0bc1cfcb4b45d5cdafd4291928e252927a25ffe991630c5,17c9265b1fe62e72f7d476bae6c04e634983e25053d2a1ae68e175551cc4cbd4,$,,17c9265b1fe62e72f7d476bae6c04e634983e25053d2a1ae68e175551cc4cbd4,17c9265b1fe62e72f7d476bae6c04e634983e25053d2a1ae68e175551cc4cbd4,"{""basis"":""ordered nested-math atom; exact symbolic replay"",""kind"":""source-target-formula-map""}"
1.1.0,formula,O007-FREMLIN-V2-S241-FORMULA-0369,O007-FREMLIN-V2-S241,O007-RIGHTS-FREMLIN-DSL,O007-FREMLIN-V2-S241-SEG-241G,369,241G,241G,382,387,13568,13573,14664,14669,L^0,L^0,efb929291fb3ed4159783d57eb43e4f4183bf2aa2552acd5d70f6ebf7aa04b27,efb929291fb3ed4159783d57eb43e4f4183bf2aa2552acd5d70f6ebf7aa04b27,efb929291fb3ed4159783d57eb43e4f4183bf2aa2552acd5d70f6ebf7aa04b27,$,,efb929291fb3ed4159783d57eb43e4f4183bf2aa2552acd5d70f6ebf7aa04b27,efb929291fb3ed4159783d57eb43e4f4183bf2aa2552acd5d70f6ebf7aa04b27,"{""basis"":""ordered nested-math atom; exact symbolic replay"",""kind"":""source-target-formula-map""}"
1.1.0,formula,O007-FREMLIN-V2-S241-FORMULA-0370,O007-FREMLIN-V2-S241,O007-RIGHTS-FREMLIN-DSL,O007-FREMLIN-V2-S241-SEG-241G,370,241G,241G,382,387,13580,13583,14678,14681,A,A,559aead08264d5795d3909718cdd05abd49572e84fe55590eef31a88a08fdffd,559aead08264d5795d3909718cdd05abd49572e84fe55590eef31a88a08fdffd,559aead08264d5795d3909718cdd05abd49572e84fe55590eef31a88a08fdffd,$,,559aead08264d5795d3909718cdd05abd49572e84fe55590eef31a88a08fdffd,559aead08264d5795d3909718cdd05abd49572e84fe55590eef31a88a08fdffd,"{""basis"":""ordered nested-math atom; exact symbolic replay"",""kind"":""source-target-formula-map""}"
1.1.0,formula,O007-FREMLIN-V2-S241-FORMULA-0371,O007-FREMLIN-V2-S241,O007-RIGHTS-FREMLIN-DSL,O007-FREMLIN-V2-S241-SEG-241G,371,241G,241G,383,388,13598,13603,14692,14697,L^0,L^0,efb929291fb3ed4159783d57eb43e4f4183bf2aa2552acd5d70f6ebf7aa04b27,efb929291fb3ed4159783d57eb43e4f4183bf2aa2552acd5d70f6ebf7aa04b27,efb929291fb3ed4159783d57eb43e4f4183bf2aa2552acd5d70f6ebf7aa04b27,$,,efb929291fb3ed4159783d57eb43e4f4183bf2aa2552acd5d70f6ebf7aa04b27,efb929291fb3ed4159783d57eb43e4f4183bf2aa2552acd5d70f6ebf7aa04b27,"{""basis"":""ordered nested-math atom; exact symbolic replay"",""kind"":""source-target-formula-map""}"
1.1.0,formula,O007-FREMLIN-V2-S241-FORMULA-0372,O007-FREMLIN-V2-S241,O007-RIGHTS-FREMLIN-DSL,O007-FREMLIN-V2-S241-SEG-241G,372,241G,241G,383,388,13616,13624,14706,14714,\sigma,\sigma,9c3245dfb4ac54c1623a60e7b8d1fc07cb02eae1229435230c7dab5e71083a26,9c3245dfb4ac54c1623a60e7b8d1fc07cb02eae1229435230c7dab5e71083a26,9c3245dfb4ac54c1623a60e7b8d1fc07cb02eae1229435230c7dab5e71083a26,$,,9c3245dfb4ac54c1623a60e7b8d1fc07cb02eae1229435230c7dab5e71083a26,9c3245dfb4ac54c1623a60e7b8d1fc07cb02eae1229435230c7dab5e71083a26,"{""basis"":""ordered nested-math atom; exact symbolic replay"",""kind"":""source-target-formula-map""}"
1.1.0,formula,O007-FREMLIN-V2-S241-FORMULA-0373,O007-FREMLIN-V2-S241,O007-RIGHTS-FREMLIN-DSL,O007-FREMLIN-V2-S241-SEG-241G,373,241G,241G,387,392,13672,13688,14758,14774,"(X,\Sigma,\mu)","(X,\Sigma,\mu)",05e9b769403b4c7926a944d5aaa03f00bb216412bc3f850e41b3c28de657aa67,05e9b769403b4c7926a944d5aaa03f00bb216412bc3f850e41b3c28de657aa67,05e9b769403b4c7926a944d5aaa03f00bb216412bc3f850e41b3c28de657aa67,$,,05e9b769403b4c7926a944d5aaa03f00bb216412bc3f850e41b3c28de657aa67,05e9b769403b4c7926a944d5aaa03f00bb216412bc3f850e41b3c28de657aa67,"{""basis"":""ordered nested-math atom; exact symbolic replay"",""kind"":""source-target-formula-map""}"
1.1.0,formula,O007-FREMLIN-V2-S241-FORMULA-0374,O007-FREMLIN-V2-S241,O007-RIGHTS-FREMLIN-DSL,O007-FREMLIN-V2-S241-SEG-241G,374,241G,241G,388,393,13711,13727,14802,14818,A\subseteq L^0,A\subseteq L^0,684b5736a6dec6dfe973a8ccda7f9a4f42a56a19c05904c29b2613c0fc1d8b73,684b5736a6dec6dfe973a8ccda7f9a4f42a56a19c05904c29b2613c0fc1d8b73,abe73d50edea93bf63fb5024a669f01c8c1bbc2f34830fce9ee8c1c04a0f532a,$,,abe73d50edea93bf63fb5024a669f01c8c1bbc2f34830fce9ee8c1c04a0f532a,abe73d50edea93bf63fb5024a669f01c8c1bbc2f34830fce9ee8c1c04a0f532a,"{""basis"":""ordered nested-math atom; exact symbolic replay"",""kind"":""source-target-formula-map""}"
1.1.0,formula,O007-FREMLIN-V2-S241-FORMULA-0375,O007-FREMLIN-V2-S241,O007-RIGHTS-FREMLIN-DSL,O007-FREMLIN-V2-S241-SEG-241G,375,241G,241G,388,394,13769,13781,14866,14878,w_0\in L^0,w_0\in L^0,8ec3b460142403143bba778b3b4e899f322e8618375ffbef9bf147cfa6a2d145,8ec3b460142403143bba778b3b4e899f322e8618375ffbef9bf147cfa6a2d145,62bf3ed82e8c27336ab0a9af0215828950a1df58c0601bf2824816b3013d1e1d,$,,62bf3ed82e8c27336ab0a9af0215828950a1df58c0601bf2824816b3013d1e1d,62bf3ed82e8c27336ab0a9af0215828950a1df58c0601bf2824816b3013d1e1d,"{""basis"":""ordered nested-math atom; exact symbolic replay"",""kind"":""source-target-formula-map""}"
1.1.0,formula,O007-FREMLIN-V2-S241-FORMULA-0376,O007-FREMLIN-V2-S241,O007-RIGHTS-FREMLIN-DSL,O007-FREMLIN-V2-S241-SEG-241G,376,241G,241G,391,396,13800,13814,14902,14916,\Cal A=\{f:f,\Cal A=\{f:f,1c6d9cb05f423bba0c59dfaf9a098cabe35b60a7286f3a035824ac9d2d8c2dfe,1c6d9cb05f423bba0c59dfaf9a098cabe35b60a7286f3a035824ac9d2d8c2dfe,7112dbee31e7024da18e76884f471ceb02639b863a839e352ab6b333b0b9b284,$,,7112dbee31e7024da18e76884f471ceb02639b863a839e352ab6b333b0b9b284,7112dbee31e7024da18e76884f471ceb02639b863a839e352ab6b333b0b9b284,"{""basis"":""ordered nested-math atom; exact symbolic replay"",""kind"":""source-target-formula-map""}"
1.1.0,formula,O007-FREMLIN-V2-S241-FORMULA-0377,O007-FREMLIN-V2-S241,O007-RIGHTS-FREMLIN-DSL,O007-FREMLIN-V2-S241-SEG-241G,377,241G,241G,391,396,13845,13848,14937,14940,X,X,4b68ab3847feda7d6c62c1fbcbeebfa35eab7351ed5e78f4ddadea5df64b8015,4b68ab3847feda7d6c62c1fbcbeebfa35eab7351ed5e78f4ddadea5df64b8015,4b68ab3847feda7d6c62c1fbcbeebfa35eab7351ed5e78f4ddadea5df64b8015,$,,4b68ab3847feda7d6c62c1fbcbeebfa35eab7351ed5e78f4ddadea5df64b8015,4b68ab3847feda7d6c62c1fbcbeebfa35eab7351ed5e78f4ddadea5df64b8015,"{""basis"":""ordered nested-math atom; exact symbolic replay"",""kind"":""source-target-formula-map""}"
1.1.0,formula,O007-FREMLIN-V2-S241-FORMULA-0378,O007-FREMLIN-V2-S241,O007-RIGHTS-FREMLIN-DSL,O007-FREMLIN-V2-S241-SEG-241G,378,241G,241G,392,397,13852,13883,14944,14975,"\Bbb R,\,f^{\ssbullet}\in A\}","\Bbb R,\,f^{\ssbullet}\in A\}",d51abd54ae776f03eaa856651bd186840536d99b1cc4765ae16b8a846ada0eca,d51abd54ae776f03eaa856651bd186840536d99b1cc4765ae16b8a846ada0eca,2778158a1782e33af64c0c3cd8e4a76e01ea902cb3b9fa66a88d9d4ee08025b8,$,,2778158a1782e33af64c0c3cd8e4a76e01ea902cb3b9fa66a88d9d4ee08025b8,2778158a1782e33af64c0c3cd8e4a76e01ea902cb3b9fa66a88d9d4ee08025b8,"{""basis"":""ordered nested-math atom; exact symbolic replay"",""kind"":""source-target-formula-map""}"
1.1.0,formula,O007-FREMLIN-V2-S241-FORMULA-0379,O007-FREMLIN-V2-S241,O007-RIGHTS-FREMLIN-DSL,O007-FREMLIN-V2-S241-SEG-241G,379,241G,241G,394,399,13918,13921,15009,15012,A,A,559aead08264d5795d3909718cdd05abd49572e84fe55590eef31a88a08fdffd,559aead08264d5795d3909718cdd05abd49572e84fe55590eef31a88a08fdffd,559aead08264d5795d3909718cdd05abd49572e84fe55590eef31a88a08fdffd,$,,559aead08264d5795d3909718cdd05abd49572e84fe55590eef31a88a08fdffd,559aead08264d5795d3909718cdd05abd49572e84fe55590eef31a88a08fdffd,"{""basis"":""ordered nested-math atom; exact symbolic replay"",""kind"":""source-target-formula-map""}"
1.1.0,formula,O007-FREMLIN-V2-S241-FORMULA-0380,O007-FREMLIN-V2-S241,O007-RIGHTS-FREMLIN-DSL,O007-FREMLIN-V2-S241-SEG-241G,380,241G,241G,394,399,13937,13952,15023,15038,f^{\ssbullet},f^{\ssbullet},c88b6704184d07d6ea167268aeb1cf90af08429c76b2a89c8a8a947a903bf504,c88b6704184d07d6ea167268aeb1cf90af08429c76b2a89c8a8a947a903bf504,c88b6704184d07d6ea167268aeb1cf90af08429c76b2a89c8a8a947a903bf504,$,,c88b6704184d07d6ea167268aeb1cf90af08429c76b2a89c8a8a947a903bf504,c88b6704184d07d6ea167268aeb1cf90af08429c76b2a89c8a8a947a903bf504,"{""basis"":""ordered nested-math atom; exact symbolic replay"",""kind"":""source-target-formula-map""}"
1.1.0,formula,O007-FREMLIN-V2-S241-FORMULA-0381,O007-FREMLIN-V2-S241,O007-RIGHTS-FREMLIN-DSL,O007-FREMLIN-V2-S241-SEG-241G,381,241G,241G,395,400,13962,13974,15051,15063,f\in\Cal A,f\in\Cal A,806f3fbf30d6553f07f03d0c6c03edb33230617406a0dff21e7da0fc07e04751,806f3fbf30d6553f07f03d0c6c03edb33230617406a0dff21e7da0fc07e04751,48c8c26173ebb9c9ecfd276efcc7d72e1735f2f3056e7bb629f407a622058508,$,,48c8c26173ebb9c9ecfd276efcc7d72e1735f2f3056e7bb629f407a622058508,48c8c26173ebb9c9ecfd276efcc7d72e1735f2f3056e7bb629f407a622058508,"{""basis"":""ordered nested-math atom; exact symbolic replay"",""kind"":""source-target-formula-map""}"
1.1.0,formula,O007-FREMLIN-V2-S241-FORMULA-0382,O007-FREMLIN-V2-S241,O007-RIGHTS-FREMLIN-DSL,O007-FREMLIN-V2-S241-SEG-241G,382,241G,241G,395,400,13997,14009,15086,15098,q\in\Bbb Q,q\in\Bbb Q,b2d53b72f8212323ba1eb1c5dfae817e6163755336844a75601a5e57ebd1fe45,b2d53b72f8212323ba1eb1c5dfae817e6163755336844a75601a5e57ebd1fe45,b6c2391330e2749fd48307c5e2335fcc5e25855d87905d447a3df38bcd2eea49,$,,b6c2391330e2749fd48307c5e2335fcc5e25855d87905d447a3df38bcd2eea49,b6c2391330e2749fd48307c5e2335fcc5e25855d87905d447a3df38bcd2eea49,"{""basis"":""ordered nested-math atom; exact symbolic replay"",""kind"":""source-target-formula-map""}"
1.1.0,formula,O007-FREMLIN-V2-S241-FORMULA-0383,O007-FREMLIN-V2-S241,O007-RIGHTS-FREMLIN-DSL,O007-FREMLIN-V2-S241-SEG-241G,383,241G,241G,395,400,14015,14025,15109,15119,\Cal E_q,\Cal E_q,6434a7f6db9ce4abdf04302be2849520a3fc8dbd4ee389e26c0e18cc55736544,6434a7f6db9ce4abdf04302be2849520a3fc8dbd4ee389e26c0e18cc55736544,2bbe38efecd8e2c781681f8df6f9ca8c50b81c90c7b9370b35eff281e37bb177,$,,2bbe38efecd8e2c781681f8df6f9ca8c50b81c90c7b9370b35eff281e37bb177,2bbe38efecd8e2c781681f8df6f9ca8c50b81c90c7b9370b35eff281e37bb177,"{""basis"":""ordered nested-math atom; exact symbolic replay"",""kind"":""source-target-formula-map""}"
1.1.0,formula,O007-FREMLIN-V2-S241-FORMULA-0384,O007-FREMLIN-V2-S241,O007-RIGHTS-FREMLIN-DSL,O007-FREMLIN-V2-S241-SEG-241G,384,241G,241G,396,401,14054,14057,15141,15144,X,X,4b68ab3847feda7d6c62c1fbcbeebfa35eab7351ed5e78f4ddadea5df64b8015,4b68ab3847feda7d6c62c1fbcbeebfa35eab7351ed5e78f4ddadea5df64b8015,4b68ab3847feda7d6c62c1fbcbeebfa35eab7351ed5e78f4ddadea5df64b8015,$,,4b68ab3847feda7d6c62c1fbcbeebfa35eab7351ed5e78f4ddadea5df64b8015,4b68ab3847feda7d6c62c1fbcbeebfa35eab7351ed5e78f4ddadea5df64b8015,"{""basis"":""ordered nested-math atom; exact symbolic replay"",""kind"":""source-target-formula-map""}"
1.1.0,formula,O007-FREMLIN-V2-S241-FORMULA-0385,O007-FREMLIN-V2-S241,O007-RIGHTS-FREMLIN-DSL,O007-FREMLIN-V2-S241-SEG-241G,385,241G,241G,397,402,14082,14099,15180,15197,\{x:f(x)\ge q\},\{x:f(x)\ge q\},8a779c8f8fdb5e01863323813455f8667dd506e104f404e244b84d9047da72b5,8a779c8f8fdb5e01863323813455f8667dd506e104f404e244b84d9047da72b5,0cf73a4c38dd85266a5d575251ee4dab66deb327ffd17fc39ce5fb2b26c65b77,$,,0cf73a4c38dd85266a5d575251ee4dab66deb327ffd17fc39ce5fb2b26c65b77,0cf73a4c38dd85266a5d575251ee4dab66deb327ffd17fc39ce5fb2b26c65b77,"{""basis"":""ordered nested-math atom; exact symbolic replay"",""kind"":""source-target-formula-map""}"
1.1.0,formula,O007-FREMLIN-V2-S241-FORMULA-0386,O007-FREMLIN-V2-S241,O007-RIGHTS-FREMLIN-DSL,O007-FREMLIN-V2-S241-SEG-241G,386,241G,241G,397,402,14109,14121,15210,15222,f\in\Cal A,f\in\Cal A,806f3fbf30d6553f07f03d0c6c03edb33230617406a0dff21e7da0fc07e04751,806f3fbf30d6553f07f03d0c6c03edb33230617406a0dff21e7da0fc07e04751,48c8c26173ebb9c9ecfd276efcc7d72e1735f2f3056e7bb629f407a622058508,$,,48c8c26173ebb9c9ecfd276efcc7d72e1735f2f3056e7bb629f407a622058508,48c8c26173ebb9c9ecfd276efcc7d72e1735f2f3056e7bb629f407a622058508,"{""basis"":""ordered nested-math atom; exact symbolic replay"",""kind"":""source-target-formula-map""}"
1.1.0,formula,O007-FREMLIN-V2-S241-FORMULA-0387,O007-FREMLIN-V2-S241,O007-RIGHTS-FREMLIN-DSL,O007-FREMLIN-V2-S241-SEG-241G,387,241G,241G,397,403,14129,14154,15229,15254,"\Cal
E_q\subseteq\Sigma",\Cal E_q\subseteq\Sigma,ba3945f397bfc2db8312e5c08df2e66edf31ec415ed9f2b9712e88253c0c0676,94a24b8a7918a7d647db762c332ac7ba8fb9d38bb763f46af67492062e17ef07,9109a16a583a4357f36c4826ac4cd0546c10ae0fa7628d4bb205c6c00bee966c,$,,9109a16a583a4357f36c4826ac4cd0546c10ae0fa7628d4bb205c6c00bee966c,9109a16a583a4357f36c4826ac4cd0546c10ae0fa7628d4bb205c6c00bee966c,"{""basis"":""ordered nested-math atom; exact symbolic replay"",""kind"":""source-target-formula-map""}"
1.1.0,formula,O007-FREMLIN-V2-S241-FORMULA-0388,O007-FREMLIN-V2-S241,O007-RIGHTS-FREMLIN-DSL,O007-FREMLIN-V2-S241-SEG-241G,388,241G,241G,398,403,14166,14182,15263,15279,"(X,\Sigma,\mu)","(X,\Sigma,\mu)",05e9b769403b4c7926a944d5aaa03f00bb216412bc3f850e41b3c28de657aa67,05e9b769403b4c7926a944d5aaa03f00bb216412bc3f850e41b3c28de657aa67,05e9b769403b4c7926a944d5aaa03f00bb216412bc3f850e41b3c28de657aa67,$,,05e9b769403b4c7926a944d5aaa03f00bb216412bc3f850e41b3c28de657aa67,05e9b769403b4c7926a944d5aaa03f00bb216412bc3f850e41b3c28de657aa67,"{""basis"":""ordered nested-math atom; exact symbolic replay"",""kind"":""source-target-formula-map""}"
1.1.0,formula,O007-FREMLIN-V2-S241-FORMULA-0389,O007-FREMLIN-V2-S241,O007-RIGHTS-FREMLIN-DSL,O007-FREMLIN-V2-S241-SEG-241G,389,241G,241G,399,404,14214,14228,15316,15330,F_q\in\Sigma,F_q\in\Sigma,4066599aa9a9ca2284926cbf9aceb56e910e68d601ebe86567e0f79f03342d33,4066599aa9a9ca2284926cbf9aceb56e910e68d601ebe86567e0f79f03342d33,4066599aa9a9ca2284926cbf9aceb56e910e68d601ebe86567e0f79f03342d33,$,,4066599aa9a9ca2284926cbf9aceb56e910e68d601ebe86567e0f79f03342d33,4066599aa9a9ca2284926cbf9aceb56e910e68d601ebe86567e0f79f03342d33,"{""basis"":""ordered nested-math atom; exact symbolic replay"",""kind"":""source-target-formula-map""}"
1.1.0,formula,O007-FREMLIN-V2-S241-FORMULA-0390,O007-FREMLIN-V2-S241,O007-RIGHTS-FREMLIN-DSL,O007-FREMLIN-V2-S241-SEG-241G,390,241G,241G,399,405,14264,14274,15369,15379,\Cal E_q,\Cal E_q,6434a7f6db9ce4abdf04302be2849520a3fc8dbd4ee389e26c0e18cc55736544,6434a7f6db9ce4abdf04302be2849520a3fc8dbd4ee389e26c0e18cc55736544,2bbe38efecd8e2c781681f8df6f9ca8c50b81c90c7b9370b35eff281e37bb177,$,,2bbe38efecd8e2c781681f8df6f9ca8c50b81c90c7b9370b35eff281e37bb177,2bbe38efecd8e2c781681f8df6f9ca8c50b81c90c7b9370b35eff281e37bb177,"{""basis"":""ordered nested-math atom; exact symbolic replay"",""kind"":""source-target-formula-map""}"
1.1.0,formula,O007-FREMLIN-V2-S241-FORMULA-0391,O007-FREMLIN-V2-S241,O007-RIGHTS-FREMLIN-DSL,O007-FREMLIN-V2-S241-SEG-241G,391,241G,241G,400,405,14280,14288,15387,15395,x\in X,x\in X,d9448dfd3954dd39c12d483afd23d561b1b7d735af5f430b5dc457e6fa9ef99b,d9448dfd3954dd39c12d483afd23d561b1b7d735af5f430b5dc457e6fa9ef99b,858979f0c33c5f45e30780b82e2fa00184311296fbb7ef6bf3f4a6007c9b9cb1,$,,858979f0c33c5f45e30780b82e2fa00184311296fbb7ef6bf3f4a6007c9b9cb1,858979f0c33c5f45e30780b82e2fa00184311296fbb7ef6bf3f4a6007c9b9cb1,"{""basis"":""ordered nested-math atom; exact symbolic replay"",""kind"":""source-target-formula-map""}"
1.1.0,formula,O007-FREMLIN-V2-S241-FORMULA-0392,O007-FREMLIN-V2-S241,O007-RIGHTS-FREMLIN-DSL,O007-FREMLIN-V2-S241-SEG-241G,392,241G,241G,402,407,14307,14347,15419,15459,"g^*(x)=\sup\{q:q\in\Bbb Q,\,x\in F_q\}","g^*(x)=\sup\{q:q\in\Bbb Q,\,x\in F_q\}",43fb96b80951c5e9e6e2c76de010a561ad731665cb932bacad4079c760fb8237,43fb96b80951c5e9e6e2c76de010a561ad731665cb932bacad4079c760fb8237,a22eb8f0675fe28fc827904c1eb97cda37a3aca124e029f2728d468beef0eebc,$,,a22eb8f0675fe28fc827904c1eb97cda37a3aca124e029f2728d468beef0eebc,a22eb8f0675fe28fc827904c1eb97cda37a3aca124e029f2728d468beef0eebc,"{""basis"":""ordered nested-math atom; exact symbolic replay"",""kind"":""source-target-formula-map""}"
1.1.0,formula,O007-FREMLIN-V2-S241-FORMULA-0393,O007-FREMLIN-V2-S241,O007-RIGHTS-FREMLIN-DSL,O007-FREMLIN-V2-S241-SEG-241G,393,241G,241G,404,409,14370,14378,15492,15500,\infty,\infty,db8e84427c2e1e02f2b2c74d337ab8d69d80cbb28224cd7f85e0174f1f5ed5c7,db8e84427c2e1e02f2b2c74d337ab8d69d80cbb28224cd7f85e0174f1f5ed5c7,db8e84427c2e1e02f2b2c74d337ab8d69d80cbb28224cd7f85e0174f1f5ed5c7,$,,db8e84427c2e1e02f2b2c74d337ab8d69d80cbb28224cd7f85e0174f1f5ed5c7,db8e84427c2e1e02f2b2c74d337ab8d69d80cbb28224cd7f85e0174f1f5ed5c7,"{""basis"":""ordered nested-math atom; exact symbolic replay"",""kind"":""source-target-formula-map""}"
1.1.0,formula,O007-FREMLIN-V2-S241-FORMULA-0394,O007-FREMLIN-V2-S241,O007-RIGHTS-FREMLIN-DSL,O007-FREMLIN-V2-S241-SEG-241G,394,241G,241G,405,410,14436,14445,15566,15575,-\infty,-\infty,8e982633ad234d60b2eff24e266dfc9161823a10381c1afd8505567a68a55b33,8e982633ad234d60b2eff24e266dfc9161823a10381c1afd8505567a68a55b33,8e982633ad234d60b2eff24e266dfc9161823a10381c1afd8505567a68a55b33,$,,8e982633ad234d60b2eff24e266dfc9161823a10381c1afd8505567a68a55b33,8e982633ad234d60b2eff24e266dfc9161823a10381c1afd8505567a68a55b33,"{""basis"":""ordered nested-math atom; exact symbolic replay"",""kind"":""source-target-formula-map""}"
1.1.0,formula,O007-FREMLIN-V2-S241-FORMULA-0395,O007-FREMLIN-V2-S241,O007-RIGHTS-FREMLIN-DSL,O007-FREMLIN-V2-S241-SEG-241G,395,241G,241G,405,410,14449,14464,15584,15599,\sup\emptyset,\sup\emptyset,d31fd6f6f87a674ce9cafe87a1e64204ea3d775df0ee832272e61e17851d5914,d31fd6f6f87a674ce9cafe87a1e64204ea3d775df0ee832272e61e17851d5914,d31fd6f6f87a674ce9cafe87a1e64204ea3d775df0ee832272e61e17851d5914,$,,d31fd6f6f87a674ce9cafe87a1e64204ea3d775df0ee832272e61e17851d5914,d31fd6f6f87a674ce9cafe87a1e64204ea3d775df0ee832272e61e17851d5914,"{""basis"":""ordered nested-math atom; exact symbolic replay"",""kind"":""source-target-formula-map""}"
1.1.0,formula,O007-FREMLIN-V2-S241-FORMULA-0396,O007-FREMLIN-V2-S241,O007-RIGHTS-FREMLIN-DSL,O007-FREMLIN-V2-S241-SEG-241G,396,241G,241G,407,413,14486,14539,15619,15672,"\{x:g^*(x)>a\}=\bigcup_{q\in\Bbb Q,q>a}F_q\in\Sigma","\{x:g^*(x)>a\}=\bigcup_{q\in\Bbb Q,q>a}F_q\in\Sigma",28bc0147dc5c2654ca693df7917c4801ce5702a4b100c1f53db6cffead5ba8fb,28bc0147dc5c2654ca693df7917c4801ce5702a4b100c1f53db6cffead5ba8fb,a4b20ace5a30fe4c778ff2e65840ba1479eeb2e4b3e89ddcc4886650b466e72d,$,,a4b20ace5a30fe4c778ff2e65840ba1479eeb2e4b3e89ddcc4886650b466e72d,a4b20ace5a30fe4c778ff2e65840ba1479eeb2e4b3e89ddcc4886650b466e72d,"{""basis"":""ordered nested-math atom; exact symbolic replay"",""kind"":""source-target-formula-map""}"
1.1.0,formula,O007-FREMLIN-V2-S241-FORMULA-0397,O007-FREMLIN-V2-S241,O007-RIGHTS-FREMLIN-DSL,O007-FREMLIN-V2-S241-SEG-241G,397,241G,241G,409,415,14562,14574,15698,15710,a\in\Bbb R,a\in\Bbb R,320bc61e7c9c240bbe3785a1abef668d5dc5d0f36fa1061c386ff0b380288e4a,320bc61e7c9c240bbe3785a1abef668d5dc5d0f36fa1061c386ff0b380288e4a,25e579aff10f303f0b3a0972c2a2e1d81163cd9641dfef0b0d7d1242d0c298e1,$,,25e579aff10f303f0b3a0972c2a2e1d81163cd9641dfef0b0d7d1242d0c298e1,25e579aff10f303f0b3a0972c2a2e1d81163cd9641dfef0b0d7d1242d0c298e1,"{""basis"":""ordered nested-math atom; exact symbolic replay"",""kind"":""source-target-formula-map""}"
1.1.0,formula,O007-FREMLIN-V2-S241-FORMULA-0398,O007-FREMLIN-V2-S241,O007-RIGHTS-FREMLIN-DSL,O007-FREMLIN-V2-S241-SEG-241G,398,241G,241G,411,417,14580,14592,15718,15730,f\in\Cal A,f\in\Cal A,806f3fbf30d6553f07f03d0c6c03edb33230617406a0dff21e7da0fc07e04751,806f3fbf30d6553f07f03d0c6c03edb33230617406a0dff21e7da0fc07e04751,48c8c26173ebb9c9ecfd276efcc7d72e1735f2f3056e7bb629f407a622058508,$,,48c8c26173ebb9c9ecfd276efcc7d72e1735f2f3056e7bb629f407a622058508,48c8c26173ebb9c9ecfd276efcc7d72e1735f2f3056e7bb629f407a622058508,"{""basis"":""ordered nested-math atom; exact symbolic replay"",""kind"":""source-target-formula-map""}"
1.1.0,formula,O007-FREMLIN-V2-S241-FORMULA-0399,O007-FREMLIN-V2-S241,O007-RIGHTS-FREMLIN-DSL,O007-FREMLIN-V2-S241-SEG-241G,399,241G,241G,411,417,14599,14611,15737,15749,f\leae g^*,f\leae g^*,9b3aa8918b7af2756b4d8e47fa71fa58d4ec1f41f87b35e63b78e80392b1c3cd,9b3aa8918b7af2756b4d8e47fa71fa58d4ec1f41f87b35e63b78e80392b1c3cd,590ca0b525b23ac823e9ee354b43c67f071d63d8ee2dcc34719f0a59c5fca182,$,,590ca0b525b23ac823e9ee354b43c67f071d63d8ee2dcc34719f0a59c5fca182,590ca0b525b23ac823e9ee354b43c67f071d63d8ee2dcc34719f0a59c5fca182,"{""basis"":""ordered nested-math atom; exact symbolic replay"",""kind"":""source-target-formula-map""}"
1.1.0,formula,O007-FREMLIN-V2-S241-FORMULA-0400,O007-FREMLIN-V2-S241,O007-RIGHTS-FREMLIN-DSL,O007-FREMLIN-V2-S241-SEG-241G,400,241G,241G,411,418,14630,14642,15770,15782,q\in\Bbb Q,q\in\Bbb Q,b2d53b72f8212323ba1eb1c5dfae817e6163755336844a75601a5e57ebd1fe45,b2d53b72f8212323ba1eb1c5dfae817e6163755336844a75601a5e57ebd1fe45,b6c2391330e2749fd48307c5e2335fcc5e25855d87905d447a3df38bcd2eea49,$,,b6c2391330e2749fd48307c5e2335fcc5e25855d87905d447a3df38bcd2eea49,b6c2391330e2749fd48307c5e2335fcc5e25855d87905d447a3df38bcd2eea49,"{""basis"":""ordered nested-math atom; exact symbolic replay"",""kind"":""source-target-formula-map""}"
1.1.0,formula,O007-FREMLIN-V2-S241-FORMULA-0401,O007-FREMLIN-V2-S241,O007-RIGHTS-FREMLIN-DSL,O007-FREMLIN-V2-S241-SEG-241G,401,241G,241G,413,420,14661,14693,15806,15838,E_q=\{x:f(x)\ge q\}\in\Cal E_q,E_q=\{x:f(x)\ge q\}\in\Cal E_q,e5f792623171ffc1af21cadc172cfe153df1bdd282b4817596b706e8e107b3a3,e5f792623171ffc1af21cadc172cfe153df1bdd282b4817596b706e8e107b3a3,b43a195237aded61d181b922ed5a9b94982337e0a6dca7879e5c6b3e979d239f,$,,b43a195237aded61d181b922ed5a9b94982337e0a6dca7879e5c6b3e979d239f,b43a195237aded61d181b922ed5a9b94982337e0a6dca7879e5c6b3e979d239f,"{""basis"":""ordered nested-math atom; exact symbolic replay"",""kind"":""source-target-formula-map""}"
1.1.0,formula,O007-FREMLIN-V2-S241-FORMULA-0402,O007-FREMLIN-V2-S241,O007-RIGHTS-FREMLIN-DSL,O007-FREMLIN-V2-S241-SEG-241G,402,241G,241G,415,422,14712,14730,15857,15875,E_q\setminus F_q,E_q\setminus F_q,cda3df0b46644ea4f27779f26e2bbb8b6ead13dd74e07e36f12a7abb149840bc,cda3df0b46644ea4f27779f26e2bbb8b6ead13dd74e07e36f12a7abb149840bc,b3799b2322018b37917a68e580d9466cf9b801c6e9cc1b92238c66b64c8a920b,$,,b3799b2322018b37917a68e580d9466cf9b801c6e9cc1b92238c66b64c8a920b,b3799b2322018b37917a68e580d9466cf9b801c6e9cc1b92238c66b64c8a920b,"{""basis"":""ordered nested-math atom; exact symbolic replay"",""kind"":""source-target-formula-map""}"
1.1.0,formula,O007-FREMLIN-V2-S241-FORMULA-0403,O007-FREMLIN-V2-S241,O007-RIGHTS-FREMLIN-DSL,O007-FREMLIN-V2-S241-SEG-241G,403,241G,241G,416,423,14752,14794,15897,15939,H=\bigcup_{q\in\Bbb Q}(E_q\setminus F_q),H=\bigcup_{q\in\Bbb Q}(E_q\setminus F_q),ab5237bf49887692f66a9a272b9e592e35291937046061b4f0810c273880907f,ab5237bf49887692f66a9a272b9e592e35291937046061b4f0810c273880907f,96385bc0ab0db90672ee8d8c372566c4ba9f7ec87d7c7aa2781f0b2588789308,$,,96385bc0ab0db90672ee8d8c372566c4ba9f7ec87d7c7aa2781f0b2588789308,96385bc0ab0db90672ee8d8c372566c4ba9f7ec87d7c7aa2781f0b2588789308,"{""basis"":""ordered nested-math atom; exact symbolic replay"",""kind"":""source-target-formula-map""}"
1.1.0,formula,O007-FREMLIN-V2-S241-FORMULA-0404,O007-FREMLIN-V2-S241,O007-RIGHTS-FREMLIN-DSL,O007-FREMLIN-V2-S241-SEG-241G,404,241G,241G,416,423,14801,14820,15946,15965,x\in X\setminus H,x\in X\setminus H,b7d37821037020c196313b53fa18cef78b57b11ca1bbf64844cf6eb37d030f88,b7d37821037020c196313b53fa18cef78b57b11ca1bbf64844cf6eb37d030f88,06eed7f3d0f597e56c9ab4f3eba2dff6513582efc0a0fcdaf5c1a709c40eafbf,$,,06eed7f3d0f597e56c9ab4f3eba2dff6513582efc0a0fcdaf5c1a709c40eafbf,06eed7f3d0f597e56c9ab4f3eba2dff6513582efc0a0fcdaf5c1a709c40eafbf,"{""basis"":""ordered nested-math atom; exact symbolic replay"",""kind"":""source-target-formula-map""}"
1.1.0,formula,O007-FREMLIN-V2-S241-FORMULA-0405,O007-FREMLIN-V2-S241,O007-RIGHTS-FREMLIN-DSL,O007-FREMLIN-V2-S241-SEG-241G,405,241G,241G,419,426,14840,14878,15985,16023,f(x)\ge q\Longrightarrow g^*(x)\ge q,f(x)\ge q\Longrightarrow g^*(x)\ge q,caf359bdc7028e6605b5e7792fbfce5e10dc9f80b94250050c0dc32c8f6ea9a8,caf359bdc7028e6605b5e7792fbfce5e10dc9f80b94250050c0dc32c8f6ea9a8,05d0dac97d2a5c8b595f66df647d5112422b28b0768d64bf0b6cce3fe04347b3,$,,05d0dac97d2a5c8b595f66df647d5112422b28b0768d64bf0b6cce3fe04347b3,05d0dac97d2a5c8b595f66df647d5112422b28b0768d64bf0b6cce3fe04347b3,"{""basis"":""ordered nested-math atom; exact symbolic replay"",""kind"":""source-target-formula-map""}"
1.1.0,formula,O007-FREMLIN-V2-S241-FORMULA-0406,O007-FREMLIN-V2-S241,O007-RIGHTS-FREMLIN-DSL,O007-FREMLIN-V2-S241-SEG-241G,406,241G,241G,421,428,14895,14911,16046,16062,f(x)\le g^*(x),f(x)\le g^*(x),fe3502660a7820259c8530793efd1be4d8ee900e4629c0b215ed7ff936bbd51c,fe3502660a7820259c8530793efd1be4d8ee900e4629c0b215ed7ff936bbd51c,a1cc5892911ebd27792cb01f8cd1e275b6b4d9fef7c0129837230dcc2d0865ed,$,,a1cc5892911ebd27792cb01f8cd1e275b6b4d9fef7c0129837230dcc2d0865ed,a1cc5892911ebd27792cb01f8cd1e275b6b4d9fef7c0129837230dcc2d0865ed,"{""basis"":""ordered nested-math atom; exact symbolic replay"",""kind"":""source-target-formula-map""}"
1.1.0,formula,O007-FREMLIN-V2-S241-FORMULA-0407,O007-FREMLIN-V2-S241,O007-RIGHTS-FREMLIN-DSL,O007-FREMLIN-V2-S241-SEG-241G,407,241G,241G,421,428,14919,14931,16069,16081,f\leae g^*,f\leae g^*,9b3aa8918b7af2756b4d8e47fa71fa58d4ec1f41f87b35e63b78e80392b1c3cd,9b3aa8918b7af2756b4d8e47fa71fa58d4ec1f41f87b35e63b78e80392b1c3cd,590ca0b525b23ac823e9ee354b43c67f071d63d8ee2dcc34719f0a59c5fca182,$,,590ca0b525b23ac823e9ee354b43c67f071d63d8ee2dcc34719f0a59c5fca182,590ca0b525b23ac823e9ee354b43c67f071d63d8ee2dcc34719f0a59c5fca182,"{""basis"":""ordered nested-math atom; exact symbolic replay"",""kind"":""source-target-formula-map""}"
1.1.0,formula,O007-FREMLIN-V2-S241-FORMULA-0408,O007-FREMLIN-V2-S241,O007-RIGHTS-FREMLIN-DSL,O007-FREMLIN-V2-S241-SEG-241G,408,241G,241G,423,430,14943,14957,16095,16109,h:X\to\Bbb R,h:X\to\Bbb R,7b1afe673693bed4c8a4cf4635cf37dcaa34af0dcb12a008665e7c9374fbcad4,7b1afe673693bed4c8a4cf4635cf37dcaa34af0dcb12a008665e7c9374fbcad4,2a6c55b2f810d7705666e7c2b1d4e92dec3d72995179b87590395c580fb3152e,$,,2a6c55b2f810d7705666e7c2b1d4e92dec3d72995179b87590395c580fb3152e,2a6c55b2f810d7705666e7c2b1d4e92dec3d72995179b87590395c580fb3152e,"{""basis"":""ordered nested-math atom; exact symbolic replay"",""kind"":""source-target-formula-map""}"
1.1.0,formula,O007-FREMLIN-V2-S241-FORMULA-0409,O007-FREMLIN-V2-S241,O007-RIGHTS-FREMLIN-DSL,O007-FREMLIN-V2-S241-SEG-241G,409,241G,241G,423,430,14976,14996,16122,16142,u\le h^{\ssbullet},u\le h^{\ssbullet},0d93b9d35fae851774b4b3e97e83e1be1338a89499e1aaaa01a3094569d38f12,0d93b9d35fae851774b4b3e97e83e1be1338a89499e1aaaa01a3094569d38f12,1a40f7c1adaa0397b5bb5048fa404d6564d4f6636a40258635583a18606bcfee,$,,1a40f7c1adaa0397b5bb5048fa404d6564d4f6636a40258635583a18606bcfee,1a40f7c1adaa0397b5bb5048fa404d6564d4f6636a40258635583a18606bcfee,"{""basis"":""ordered nested-math atom; exact symbolic replay"",""kind"":""source-target-formula-map""}"
1.1.0,formula,O007-FREMLIN-V2-S241-FORMULA-0410,O007-FREMLIN-V2-S241,O007-RIGHTS-FREMLIN-DSL,O007-FREMLIN-V2-S241-SEG-241G,410,241G,241G,423,431,15007,15015,16156,16164,"u\in
A",u\in A,b68267eead255b491811c2f25308dfc1efd512e1a2d8b5f6bc9f9d0091314732,37d4895e513653e42b5d1841b3b74c9cbad25b922459a7d56ca64b7b0c5f8b4b,80f74a3329c0bc80d68c7e242a091c44dd86e3d94e9e8118a238056125f41aec,$,,80f74a3329c0bc80d68c7e242a091c44dd86e3d94e9e8118a238056125f41aec,80f74a3329c0bc80d68c7e242a091c44dd86e3d94e9e8118a238056125f41aec,"{""basis"":""ordered nested-math atom; exact symbolic replay"",""kind"":""source-target-formula-map""}"
1.1.0,formula,O007-FREMLIN-V2-S241-FORMULA-0411,O007-FREMLIN-V2-S241,O007-RIGHTS-FREMLIN-DSL,O007-FREMLIN-V2-S241-SEG-241G,411,241G,241G,424,431,15022,15034,16171,16183,g^*\leae h,g^*\leae h,accb870719b71359f02606b50e4fdb34d90ee20d6b8d675be55a828ffce4a64a,accb870719b71359f02606b50e4fdb34d90ee20d6b8d675be55a828ffce4a64a,9c144a86deeb23bcb7fa0d49f9ffc06547eb3ed2b44969928e976abd67c209b2,$,,9c144a86deeb23bcb7fa0d49f9ffc06547eb3ed2b44969928e976abd67c209b2,9c144a86deeb23bcb7fa0d49f9ffc06547eb3ed2b44969928e976abd67c209b2,"{""basis"":""ordered nested-math atom; exact symbolic replay"",""kind"":""source-target-formula-map""}"
1.1.0,formula,O007-FREMLIN-V2-S241-FORMULA-0412,O007-FREMLIN-V2-S241,O007-RIGHTS-FREMLIN-DSL,O007-FREMLIN-V2-S241-SEG-241G,412,241G,241G,424,432,15048,15069,16200,16221,G_q=\{x:h(x)\ge q\},G_q=\{x:h(x)\ge q\},c15292e5f9a4ed3e58f1354190d339ee9efb85aeff95845a1a244104c35cb8f2,c15292e5f9a4ed3e58f1354190d339ee9efb85aeff95845a1a244104c35cb8f2,654b8fff4a404ce7077cd507910300018e9293ce6a1ea5e01adc458d53bd7d62,$,,654b8fff4a404ce7077cd507910300018e9293ce6a1ea5e01adc458d53bd7d62,654b8fff4a404ce7077cd507910300018e9293ce6a1ea5e01adc458d53bd7d62,"{""basis"":""ordered nested-math atom; exact symbolic replay"",""kind"":""source-target-formula-map""}"
1.1.0,formula,O007-FREMLIN-V2-S241-FORMULA-0413,O007-FREMLIN-V2-S241,O007-RIGHTS-FREMLIN-DSL,O007-FREMLIN-V2-S241-SEG-241G,413,241G,241G,425,432,15079,15091,16235,16247,q\in\Bbb Q,q\in\Bbb Q,b2d53b72f8212323ba1eb1c5dfae817e6163755336844a75601a5e57ebd1fe45,b2d53b72f8212323ba1eb1c5dfae817e6163755336844a75601a5e57ebd1fe45,b6c2391330e2749fd48307c5e2335fcc5e25855d87905d447a3df38bcd2eea49,$,,b6c2391330e2749fd48307c5e2335fcc5e25855d87905d447a3df38bcd2eea49,b6c2391330e2749fd48307c5e2335fcc5e25855d87905d447a3df38bcd2eea49,"{""basis"":""ordered nested-math atom; exact symbolic replay"",""kind"":""source-target-formula-map""}"
1.1.0,formula,O007-FREMLIN-V2-S241-FORMULA-0414,O007-FREMLIN-V2-S241,O007-RIGHTS-FREMLIN-DSL,O007-FREMLIN-V2-S241-SEG-241G,414,241G,241G,425,433,15098,15112,16254,16268,E\in\Cal E_q,E\in\Cal E_q,094f64b74e508b85de8a1fef8411ee25f6f1264ab334e5ac87b340bf07f44c03,094f64b74e508b85de8a1fef8411ee25f6f1264ab334e5ac87b340bf07f44c03,bcac1fd7cc9f204d7ec191af26601aa3801137cabb0df1c33a3aa4aab23ba113,$,,bcac1fd7cc9f204d7ec191af26601aa3801137cabb0df1c33a3aa4aab23ba113,bcac1fd7cc9f204d7ec191af26601aa3801137cabb0df1c33a3aa4aab23ba113,"{""basis"":""ordered nested-math atom; exact symbolic replay"",""kind"":""source-target-formula-map""}"
1.1.0,formula,O007-FREMLIN-V2-S241-FORMULA-0415,O007-FREMLIN-V2-S241,O007-RIGHTS-FREMLIN-DSL,O007-FREMLIN-V2-S241-SEG-241G,415,241G,241G,425,433,15126,15138,16279,16291,f\in\Cal A,f\in\Cal A,806f3fbf30d6553f07f03d0c6c03edb33230617406a0dff21e7da0fc07e04751,806f3fbf30d6553f07f03d0c6c03edb33230617406a0dff21e7da0fc07e04751,48c8c26173ebb9c9ecfd276efcc7d72e1735f2f3056e7bb629f407a622058508,$,,48c8c26173ebb9c9ecfd276efcc7d72e1735f2f3056e7bb629f407a622058508,48c8c26173ebb9c9ecfd276efcc7d72e1735f2f3056e7bb629f407a622058508,"{""basis"":""ordered nested-math atom; exact symbolic replay"",""kind"":""source-target-formula-map""}"
1.1.0,formula,O007-FREMLIN-V2-S241-FORMULA-0416,O007-FREMLIN-V2-S241,O007-RIGHTS-FREMLIN-DSL,O007-FREMLIN-V2-S241-SEG-241G,416,241G,241G,426,434,15149,15168,16312,16331,E=\{x:f(x)\ge q\},E=\{x:f(x)\ge q\},94d9eee45c4734ae799ad7b879a88ec32c76c493050f1e0d2f913a7571d86bfd,94d9eee45c4734ae799ad7b879a88ec32c76c493050f1e0d2f913a7571d86bfd,b7c0c207ed20ee383ea9ee0cfa53f52d093bc22af9f467730ca6e7cf696dcaee,$,,b7c0c207ed20ee383ea9ee0cfa53f52d093bc22af9f467730ca6e7cf696dcaee,b7c0c207ed20ee383ea9ee0cfa53f52d093bc22af9f467730ca6e7cf696dcaee,"{""basis"":""ordered nested-math atom; exact symbolic replay"",""kind"":""source-target-formula-map""}"
1.1.0,formula,O007-FREMLIN-V2-S241-FORMULA-0417,O007-FREMLIN-V2-S241,O007-RIGHTS-FREMLIN-DSL,O007-FREMLIN-V2-S241-SEG-241G,417,241G,241G,426,434,15175,15185,16338,16348,f\leae h,f\leae h,7b5477d7d033e081093a9c414249db94f734001c233b625568abb1a7a45c6eca,7b5477d7d033e081093a9c414249db94f734001c233b625568abb1a7a45c6eca,b0da7e7812dd9a6ed29fc07be8c8ef03e2799ce638f4efc06d353e60fc249afc,$,,b0da7e7812dd9a6ed29fc07be8c8ef03e2799ce638f4efc06d353e60fc249afc,b0da7e7812dd9a6ed29fc07be8c8ef03e2799ce638f4efc06d353e60fc249afc,"{""basis"":""ordered nested-math atom; exact symbolic replay"",""kind"":""source-target-formula-map""}"
1.1.0,formula,O007-FREMLIN-V2-S241-FORMULA-0418,O007-FREMLIN-V2-S241,O007-RIGHTS-FREMLIN-DSL,O007-FREMLIN-V2-S241-SEG-241G,418,241G,241G,427,435,15190,15230,16359,16399,E\setminus G_q\subseteq\{x:f(x)>h(x)\},E\setminus G_q\subseteq\{x:f(x)>h(x)\},ac771e04d48a143e3807416358ee78d3af867f5d4506de7803168013905fe524,ac771e04d48a143e3807416358ee78d3af867f5d4506de7803168013905fe524,e89cc303589829b3320c5589506e3ebfeb5ed1c1331e6e152e3dc27836d39a25,$,,e89cc303589829b3320c5589506e3ebfeb5ed1c1331e6e152e3dc27836d39a25,e89cc303589829b3320c5589506e3ebfeb5ed1c1331e6e152e3dc27836d39a25,"{""basis"":""ordered nested-math atom; exact symbolic replay"",""kind"":""source-target-formula-map""}"
1.1.0,formula,O007-FREMLIN-V2-S241-FORMULA-0419,O007-FREMLIN-V2-S241,O007-RIGHTS-FREMLIN-DSL,O007-FREMLIN-V2-S241-SEG-241G,419,241G,241G,427,435,15256,15261,16419,16424,F_q,F_q,666cac5565f1557936f704b60e4b8e175f017c486972014e58be4a44a4ff0c38,666cac5565f1557936f704b60e4b8e175f017c486972014e58be4a44a4ff0c38,666cac5565f1557936f704b60e4b8e175f017c486972014e58be4a44a4ff0c38,$,,666cac5565f1557936f704b60e4b8e175f017c486972014e58be4a44a4ff0c38,666cac5565f1557936f704b60e4b8e175f017c486972014e58be4a44a4ff0c38,"{""basis"":""ordered nested-math atom; exact symbolic replay"",""kind"":""source-target-formula-map""}"
1.1.0,formula,O007-FREMLIN-V2-S241-FORMULA-0420,O007-FREMLIN-V2-S241,O007-RIGHTS-FREMLIN-DSL,O007-FREMLIN-V2-S241-SEG-241G,420,241G,241G,429,436,15291,15301,16458,16468,\Cal E_q,\Cal E_q,6434a7f6db9ce4abdf04302be2849520a3fc8dbd4ee389e26c0e18cc55736544,6434a7f6db9ce4abdf04302be2849520a3fc8dbd4ee389e26c0e18cc55736544,2bbe38efecd8e2c781681f8df6f9ca8c50b81c90c7b9370b35eff281e37bb177,$,,2bbe38efecd8e2c781681f8df6f9ca8c50b81c90c7b9370b35eff281e37bb177,2bbe38efecd8e2c781681f8df6f9ca8c50b81c90c7b9370b35eff281e37bb177,"{""basis"":""ordered nested-math atom; exact symbolic replay"",""kind"":""source-target-formula-map""}"
1.1.0,formula,O007-FREMLIN-V2-S241-FORMULA-0421,O007-FREMLIN-V2-S241,O007-RIGHTS-FREMLIN-DSL,O007-FREMLIN-V2-S241-SEG-241G,421,241G,241G,429,436,15303,15321,16470,16488,F_q\setminus G_q,F_q\setminus G_q,245922d1462613c6326363bdc7f4a84cbf1ace784f39c59d4a3da5c8f5f9367a,245922d1462613c6326363bdc7f4a84cbf1ace784f39c59d4a3da5c8f5f9367a,98952ce8acecdf1dd752df275d21fa62d194c5ef0823b462bd2c858808ff597f,$,,98952ce8acecdf1dd752df275d21fa62d194c5ef0823b462bd2c858808ff597f,98952ce8acecdf1dd752df275d21fa62d194c5ef0823b462bd2c858808ff597f,"{""basis"":""ordered nested-math atom; exact symbolic replay"",""kind"":""source-target-formula-map""}"
1.1.0,formula,O007-FREMLIN-V2-S241-FORMULA-0422,O007-FREMLIN-V2-S241,O007-RIGHTS-FREMLIN-DSL,O007-FREMLIN-V2-S241-SEG-241G,422,241G,241G,430,437,15364,15376,16530,16542,q\in\Bbb Q,q\in\Bbb Q,b2d53b72f8212323ba1eb1c5dfae817e6163755336844a75601a5e57ebd1fe45,b2d53b72f8212323ba1eb1c5dfae817e6163755336844a75601a5e57ebd1fe45,b6c2391330e2749fd48307c5e2335fcc5e25855d87905d447a3df38bcd2eea49,$,,b6c2391330e2749fd48307c5e2335fcc5e25855d87905d447a3df38bcd2eea49,b6c2391330e2749fd48307c5e2335fcc5e25855d87905d447a3df38bcd2eea49,"{""basis"":""ordered nested-math atom; exact symbolic replay"",""kind"":""source-target-formula-map""}"
1.1.0,formula,O007-FREMLIN-V2-S241-FORMULA-0423,O007-FREMLIN-V2-S241,O007-RIGHTS-FREMLIN-DSL,O007-FREMLIN-V2-S241-SEG-241G,423,241G,241G,432,439,15406,15471,16568,16633,"\{x:h(x)<g^*(x)\}
\subseteq\bigcup_{q\in\Bbb Q}F_q\setminus G_q","\{x:h(x)<g^*(x)\}
\subseteq\bigcup_{q\in\Bbb Q}F_q\setminus G_q",9787f61e300839338c226ed177d02501320362e8d90eed414191c8e25f5fe498,9787f61e300839338c226ed177d02501320362e8d90eed414191c8e25f5fe498,14ad353c8e2226bec9bcf794c5e0ca187e5c6abf6aa5820d51df9f5d104e13ba,$,,14ad353c8e2226bec9bcf794c5e0ca187e5c6abf6aa5820d51df9f5d104e13ba,14ad353c8e2226bec9bcf794c5e0ca187e5c6abf6aa5820d51df9f5d104e13ba,"{""basis"":""ordered nested-math atom; exact symbolic replay"",""kind"":""source-target-formula-map""}"
1.1.0,formula,O007-FREMLIN-V2-S241-FORMULA-0424,O007-FREMLIN-V2-S241,O007-RIGHTS-FREMLIN-DSL,O007-FREMLIN-V2-S241-SEG-241G,424,241G,241G,435,442,15503,15515,16662,16674,g^*\leae h,g^*\leae h,accb870719b71359f02606b50e4fdb34d90ee20d6b8d675be55a828ffce4a64a,accb870719b71359f02606b50e4fdb34d90ee20d6b8d675be55a828ffce4a64a,9c144a86deeb23bcb7fa0d49f9ffc06547eb3ed2b44969928e976abd67c209b2,$,,9c144a86deeb23bcb7fa0d49f9ffc06547eb3ed2b44969928e976abd67c209b2,9c144a86deeb23bcb7fa0d49f9ffc06547eb3ed2b44969928e976abd67c209b2,"{""basis"":""ordered nested-math atom; exact symbolic replay"",""kind"":""source-target-formula-map""}"
1.1.0,formula,O007-FREMLIN-V2-S241-FORMULA-0425,O007-FREMLIN-V2-S241,O007-RIGHTS-FREMLIN-DSL,O007-FREMLIN-V2-S241-SEG-241G,425,241G,241G,437,444,15561,15576,16718,16733,A\ne\emptyset,A\ne\emptyset,dc249762abd6bb97ddf26ff0f98c4d58ecdc77f6102659f6c57329841fe5b914,dc249762abd6bb97ddf26ff0f98c4d58ecdc77f6102659f6c57329841fe5b914,dc249762abd6bb97ddf26ff0f98c4d58ecdc77f6102659f6c57329841fe5b914,$,,dc249762abd6bb97ddf26ff0f98c4d58ecdc77f6102659f6c57329841fe5b914,dc249762abd6bb97ddf26ff0f98c4d58ecdc77f6102659f6c57329841fe5b914,"{""basis"":""ordered nested-math atom; exact symbolic replay"",""kind"":""source-target-formula-map""}"
1.1.0,formula,O007-FREMLIN-V2-S241-FORMULA-0426,O007-FREMLIN-V2-S241,O007-RIGHTS-FREMLIN-DSL,O007-FREMLIN-V2-S241-SEG-241G,426,241G,241G,437,444,15586,15589,16744,16747,A,A,559aead08264d5795d3909718cdd05abd49572e84fe55590eef31a88a08fdffd,559aead08264d5795d3909718cdd05abd49572e84fe55590eef31a88a08fdffd,559aead08264d5795d3909718cdd05abd49572e84fe55590eef31a88a08fdffd,$,,559aead08264d5795d3909718cdd05abd49572e84fe55590eef31a88a08fdffd,559aead08264d5795d3909718cdd05abd49572e84fe55590eef31a88a08fdffd,"{""basis"":""ordered nested-math atom; exact symbolic replay"",""kind"":""source-target-formula-map""}"
1.1.0,formula,O007-FREMLIN-V2-S241-FORMULA-0427,O007-FREMLIN-V2-S241,O007-RIGHTS-FREMLIN-DSL,O007-FREMLIN-V2-S241-SEG-241G,427,241G,241G,438,445,15609,15621,16769,16781,w_0\in L^0,w_0\in L^0,8ec3b460142403143bba778b3b4e899f322e8618375ffbef9bf147cfa6a2d145,8ec3b460142403143bba778b3b4e899f322e8618375ffbef9bf147cfa6a2d145,62bf3ed82e8c27336ab0a9af0215828950a1df58c0601bf2824816b3013d1e1d,$,,62bf3ed82e8c27336ab0a9af0215828950a1df58c0601bf2824816b3013d1e1d,62bf3ed82e8c27336ab0a9af0215828950a1df58c0601bf2824816b3013d1e1d,"{""basis"":""ordered nested-math atom; exact symbolic replay"",""kind"":""source-target-formula-map""}"
1.1.0,formula,O007-FREMLIN-V2-S241-FORMULA-0428,O007-FREMLIN-V2-S241,O007-RIGHTS-FREMLIN-DSL,O007-FREMLIN-V2-S241-SEG-241G,428,241G,241G,438,445,15634,15648,16798,16812,f_0\in\Cal A,f_0\in\Cal A,3e1440395806ffa4cd8a39c29a1cb544f3d0783d0b1cf35eb1abcab9ac08f993,3e1440395806ffa4cd8a39c29a1cb544f3d0783d0b1cf35eb1abcab9ac08f993,28e8a16dddf0e0430da5c2f3aaa820d16a08fb512ed832ee4a836d2fc4b601de,$,,28e8a16dddf0e0430da5c2f3aaa820d16a08fb512ed832ee4a836d2fc4b601de,28e8a16dddf0e0430da5c2f3aaa820d16a08fb512ed832ee4a836d2fc4b601de,"{""basis"":""ordered nested-math atom; exact symbolic replay"",""kind"":""source-target-formula-map""}"
1.1.0,formula,O007-FREMLIN-V2-S241-FORMULA-0429,O007-FREMLIN-V2-S241,O007-RIGHTS-FREMLIN-DSL,O007-FREMLIN-V2-S241-SEG-241G,429,241G,241G,439,446,15666,15682,16832,16848,h_0:X\to\Bbb R,h_0:X\to\Bbb R,219a21030f13c5b02cb011b3801ff27c90962c5d0391ba4b16b24b8f6121add5,219a21030f13c5b02cb011b3801ff27c90962c5d0391ba4b16b24b8f6121add5,8847337948dfb1066997a50b993d726514eecb8f58b5ab6ec1b93f2943d45e2e,$,,8847337948dfb1066997a50b993d726514eecb8f58b5ab6ec1b93f2943d45e2e,8847337948dfb1066997a50b993d726514eecb8f58b5ab6ec1b93f2943d45e2e,"{""basis"":""ordered nested-math atom; exact symbolic replay"",""kind"":""source-target-formula-map""}"
1.1.0,formula,O007-FREMLIN-V2-S241-FORMULA-0430,O007-FREMLIN-V2-S241,O007-RIGHTS-FREMLIN-DSL,O007-FREMLIN-V2-S241-SEG-241G,430,241G,241G,439,447,15693,15714,16869,16890,h_0^{\ssbullet}=w_0,h_0^{\ssbullet}=w_0,a9a02cc63147727d2a3058b52b1e937a4edf3e9b69212e0cd861675e64c9ce6a,a9a02cc63147727d2a3058b52b1e937a4edf3e9b69212e0cd861675e64c9ce6a,a9a02cc63147727d2a3058b52b1e937a4edf3e9b69212e0cd861675e64c9ce6a,$,,a9a02cc63147727d2a3058b52b1e937a4edf3e9b69212e0cd861675e64c9ce6a,a9a02cc63147727d2a3058b52b1e937a4edf3e9b69212e0cd861675e64c9ce6a,"{""basis"":""ordered nested-math atom; exact symbolic replay"",""kind"":""source-target-formula-map""}"
1.1.0,formula,O007-FREMLIN-V2-S241-FORMULA-0431,O007-FREMLIN-V2-S241,O007-RIGHTS-FREMLIN-DSL,O007-FREMLIN-V2-S241-SEG-241G,431,241G,241G,439,447,15722,15734,16897,16909,f\leae h_0,f\leae h_0,1f771da62b9f7a85cc733d6cbb56b6d5163d362bd9938e8eea8c27fbf09d03bb,1f771da62b9f7a85cc733d6cbb56b6d5163d362bd9938e8eea8c27fbf09d03bb,507ee93e866a946c2833a045b676270718aee6edcb3fa2faaafc07072ac80dda,$,,507ee93e866a946c2833a045b676270718aee6edcb3fa2faaafc07072ac80dda,507ee93e866a946c2833a045b676270718aee6edcb3fa2faaafc07072ac80dda,"{""basis"":""ordered nested-math atom; exact symbolic replay"",""kind"":""source-target-formula-map""}"
1.1.0,formula,O007-FREMLIN-V2-S241-FORMULA-0432,O007-FREMLIN-V2-S241,O007-RIGHTS-FREMLIN-DSL,O007-FREMLIN-V2-S241-SEG-241G,432,241G,241G,440,447,15745,15758,16923,16935,f\in \Cal A,f\in\Cal A,488bcd2b5126405275da9b9e92e34d36a1f61877491b0ebcbb3ce9a588c6f4f9,806f3fbf30d6553f07f03d0c6c03edb33230617406a0dff21e7da0fc07e04751,48c8c26173ebb9c9ecfd276efcc7d72e1735f2f3056e7bb629f407a622058508,$,,48c8c26173ebb9c9ecfd276efcc7d72e1735f2f3056e7bb629f407a622058508,48c8c26173ebb9c9ecfd276efcc7d72e1735f2f3056e7bb629f407a622058508,"{""basis"":""ordered nested-math atom; exact symbolic replay"",""kind"":""source-target-formula-map""}"
1.1.0,formula,O007-FREMLIN-V2-S241-FORMULA-0433,O007-FREMLIN-V2-S241,O007-RIGHTS-FREMLIN-DSL,O007-FREMLIN-V2-S241-SEG-241G,433,241G,241G,440,448,15763,15786,16946,16969,f_0\leae g^*\leae h_0,f_0\leae g^*\leae h_0,16c42c7cf01f5205eb1f683a40cb789e2151841404a3d1f1d8d24c55a21f9920,16c42c7cf01f5205eb1f683a40cb789e2151841404a3d1f1d8d24c55a21f9920,21cab42419be1c456ef08dd82ef807a29efe68cc0bd8ec8a4bd1488d2ad801bd,$,,21cab42419be1c456ef08dd82ef807a29efe68cc0bd8ec8a4bd1488d2ad801bd,21cab42419be1c456ef08dd82ef807a29efe68cc0bd8ec8a4bd1488d2ad801bd,"{""basis"":""ordered nested-math atom; exact symbolic replay"",""kind"":""source-target-formula-map""}"
1.1.0,formula,O007-FREMLIN-V2-S241-FORMULA-0434,O007-FREMLIN-V2-S241,O007-RIGHTS-FREMLIN-DSL,O007-FREMLIN-V2-S241-SEG-241G,434,241G,241G,440,448,15792,15797,16975,16980,g^*,g^*,29f81858f6292043493323f373f339514c70f564076768cdfc60bc1c4293141a,29f81858f6292043493323f373f339514c70f564076768cdfc60bc1c4293141a,29f81858f6292043493323f373f339514c70f564076768cdfc60bc1c4293141a,$,,29f81858f6292043493323f373f339514c70f564076768cdfc60bc1c4293141a,29f81858f6292043493323f373f339514c70f564076768cdfc60bc1c4293141a,"{""basis"":""ordered nested-math atom; exact symbolic replay"",""kind"":""source-target-formula-map""}"
1.1.0,formula,O007-FREMLIN-V2-S241-FORMULA-0435,O007-FREMLIN-V2-S241,O007-RIGHTS-FREMLIN-DSL,O007-FREMLIN-V2-S241-SEG-241G,435,241G,241G,441,449,15828,15841,17036,17049,g(x)=g^*(x),g(x)=g^*(x),737699645dee8ac8ac6ce94361f5e457c5e3b952530c1dd9c4004c3b77a65045,737699645dee8ac8ac6ce94361f5e457c5e3b952530c1dd9c4004c3b77a65045,737699645dee8ac8ac6ce94361f5e457c5e3b952530c1dd9c4004c3b77a65045,$,,737699645dee8ac8ac6ce94361f5e457c5e3b952530c1dd9c4004c3b77a65045,737699645dee8ac8ac6ce94361f5e457c5e3b952530c1dd9c4004c3b77a65045,"{""basis"":""ordered nested-math atom; exact symbolic replay"",""kind"":""source-target-formula-map""}"
1.1.0,formula,O007-FREMLIN-V2-S241-FORMULA-0436,O007-FREMLIN-V2-S241,O007-RIGHTS-FREMLIN-DSL,O007-FREMLIN-V2-S241-SEG-241G,436,241G,241G,441,449,15847,15864,17057,17074,g^*(x)\in\Bbb R,g^*(x)\in\Bbb R,f488b73add06580372e122c6d67f326127e0d4644d14fec42e25c95033fe3228,f488b73add06580372e122c6d67f326127e0d4644d14fec42e25c95033fe3228,c8fcb84ef0688997c37fd9579975749b5a2c5b7f205ddf452525b2748c9a463c,$,,c8fcb84ef0688997c37fd9579975749b5a2c5b7f205ddf452525b2748c9a463c,c8fcb84ef0688997c37fd9579975749b5a2c5b7f205ddf452525b2748c9a463c,"{""basis"":""ordered nested-math atom; exact symbolic replay"",""kind"":""source-target-formula-map""}"
1.1.0,formula,O007-FREMLIN-V2-S241-FORMULA-0437,O007-FREMLIN-V2-S241,O007-RIGHTS-FREMLIN-DSL,O007-FREMLIN-V2-S241-SEG-241G,437,241G,241G,442,450,15874,15889,17092,17107,g\in\eusm L^0,g\in\eusm L^0,ca4d2434fa769eeec35d32850aaacb6dd01821ae84167bdf03fa203de40bf8f1,ca4d2434fa769eeec35d32850aaacb6dd01821ae84167bdf03fa203de40bf8f1,d831139421b5d479221e5b0f06e80687e70b8ff9c8b25f61cf4ad5a952254fa0,$,,d831139421b5d479221e5b0f06e80687e70b8ff9c8b25f61cf4ad5a952254fa0,d831139421b5d479221e5b0f06e80687e70b8ff9c8b25f61cf4ad5a952254fa0,"{""basis"":""ordered nested-math atom; exact symbolic replay"",""kind"":""source-target-formula-map""}"
1.1.0,formula,O007-FREMLIN-V2-S241-FORMULA-0438,O007-FREMLIN-V2-S241,O007-RIGHTS-FREMLIN-DSL,O007-FREMLIN-V2-S241-SEG-241G,438,241G,241G,442,450,15894,15905,17112,17123,g\eae g^*,g\eae g^*,77a82de2b930ce04e905672b187be99acf73239709f77241dcbae0acf8822102,77a82de2b930ce04e905672b187be99acf73239709f77241dcbae0acf8822102,ed0f24e5c2601a112fbf06cd4ed92b23f243916e7c3d0780365dfcaf7fc70225,$,,ed0f24e5c2601a112fbf06cd4ed92b23f243916e7c3d0780365dfcaf7fc70225,ed0f24e5c2601a112fbf06cd4ed92b23f243916e7c3d0780365dfcaf7fc70225,"{""basis"":""ordered nested-math atom; exact symbolic replay"",""kind"":""source-target-formula-map""}"
1.1.0,formula,O007-FREMLIN-V2-S241-FORMULA-0439,O007-FREMLIN-V2-S241,O007-RIGHTS-FREMLIN-DSL,O007-FREMLIN-V2-S241-SEG-241G,439,241G,241G,444,452,15928,15945,17147,17164,f\leae g\leae h,f\leae g\leae h,88cf27d40c35175682b7eee36fa671a7e0b47780c8bad142ff16984d26fb0ff6,88cf27d40c35175682b7eee36fa671a7e0b47780c8bad142ff16984d26fb0ff6,e0108244263fe94a508f9201880333fefbd798e872b81cf30f2f7a8230cc6745,$,,e0108244263fe94a508f9201880333fefbd798e872b81cf30f2f7a8230cc6745,e0108244263fe94a508f9201880333fefbd798e872b81cf30f2f7a8230cc6745,"{""basis"":""ordered nested-math atom; exact symbolic replay"",""kind"":""source-target-formula-map""}"
1.1.0,formula,O007-FREMLIN-V2-S241-FORMULA-0440,O007-FREMLIN-V2-S241,O007-RIGHTS-FREMLIN-DSL,O007-FREMLIN-V2-S241-SEG-241G,440,241G,241G,446,454,15967,15970,17187,17190,f,f,252f10c83610ebca1a059c0bae8255eba2f95be4d1d7bcfa89d7248a82d9f111,252f10c83610ebca1a059c0bae8255eba2f95be4d1d7bcfa89d7248a82d9f111,252f10c83610ebca1a059c0bae8255eba2f95be4d1d7bcfa89d7248a82d9f111,$,,252f10c83610ebca1a059c0bae8255eba2f95be4d1d7bcfa89d7248a82d9f111,252f10c83610ebca1a059c0bae8255eba2f95be4d1d7bcfa89d7248a82d9f111,"{""basis"":""ordered nested-math atom; exact symbolic replay"",""kind"":""source-target-formula-map""}"
1.1.0,formula,O007-FREMLIN-V2-S241-FORMULA-0441,O007-FREMLIN-V2-S241,O007-RIGHTS-FREMLIN-DSL,O007-FREMLIN-V2-S241-SEG-241G,441,241G,241G,446,454,15972,15975,17192,17195,h,h,aaa9402664f1a41f40ebbc52c9993eb66aeb366602958fdfaa283b71e64db123,aaa9402664f1a41f40ebbc52c9993eb66aeb366602958fdfaa283b71e64db123,aaa9402664f1a41f40ebbc52c9993eb66aeb366602958fdfaa283b71e64db123,$,,aaa9402664f1a41f40ebbc52c9993eb66aeb366602958fdfaa283b71e64db123,aaa9402664f1a41f40ebbc52c9993eb66aeb366602958fdfaa283b71e64db123,"{""basis"":""ordered nested-math atom; exact symbolic replay"",""kind"":""source-target-formula-map""}"
1.1.0,formula,O007-FREMLIN-V2-S241-FORMULA-0442,O007-FREMLIN-V2-S241,O007-RIGHTS-FREMLIN-DSL,O007-FREMLIN-V2-S241-SEG-241G,442,241G,241G,446,454,16006,16009,17226,17229,X,X,4b68ab3847feda7d6c62c1fbcbeebfa35eab7351ed5e78f4ddadea5df64b8015,4b68ab3847feda7d6c62c1fbcbeebfa35eab7351ed5e78f4ddadea5df64b8015,4b68ab3847feda7d6c62c1fbcbeebfa35eab7351ed5e78f4ddadea5df64b8015,$,,4b68ab3847feda7d6c62c1fbcbeebfa35eab7351ed5e78f4ddadea5df64b8015,4b68ab3847feda7d6c62c1fbcbeebfa35eab7351ed5e78f4ddadea5df64b8015,"{""basis"":""ordered nested-math atom; exact symbolic replay"",""kind"":""source-target-formula-map""}"
1.1.0,formula,O007-FREMLIN-V2-S241-FORMULA-0443,O007-FREMLIN-V2-S241,O007-RIGHTS-FREMLIN-DSL,O007-FREMLIN-V2-S241-SEG-241G,443,241G,241G,446,455,16013,16021,17233,17241,"\Bbb
R",\Bbb R,c6bd940a6ce747c4dc63e47c71fcab89a0984f0861a38767fdb6e7b85a832a2b,f9d62b077eddf72778fc05527c5aa4d2352f16a46a94808294fdc2cb7e406580,22316cdc991b42844c0fcdb72f227b6d4c0e8457a736e325af2845b7b3df7f6c,$,,22316cdc991b42844c0fcdb72f227b6d4c0e8457a736e325af2845b7b3df7f6c,22316cdc991b42844c0fcdb72f227b6d4c0e8457a736e325af2845b7b3df7f6c,"{""basis"":""ordered nested-math atom; exact symbolic replay"",""kind"":""source-target-formula-map""}"
1.1.0,formula,O007-FREMLIN-V2-S241-FORMULA-0444,O007-FREMLIN-V2-S241,O007-RIGHTS-FREMLIN-DSL,O007-FREMLIN-V2-S241-SEG-241G,444,241G,241G,447,455,16023,16043,17243,17263,f^{\ssbullet}\in A,f^{\ssbullet}\in A,4844365ffb9eee98b0ba850aaa7788581c23daf5642b4ffdb1741e7a8944d2f1,4844365ffb9eee98b0ba850aaa7788581c23daf5642b4ffdb1741e7a8944d2f1,3c0f8eecf924072a387b0c34502c9c5f87f73660a3cb5de79cc96c66ac71a217,$,,3c0f8eecf924072a387b0c34502c9c5f87f73660a3cb5de79cc96c66ac71a217,3c0f8eecf924072a387b0c34502c9c5f87f73660a3cb5de79cc96c66ac71a217,"{""basis"":""ordered nested-math atom; exact symbolic replay"",""kind"":""source-target-formula-map""}"
1.1.0,formula,O007-FREMLIN-V2-S241-FORMULA-0445,O007-FREMLIN-V2-S241,O007-RIGHTS-FREMLIN-DSL,O007-FREMLIN-V2-S241-SEG-241G,445,241G,241G,447,455,16048,16063,17269,17284,h^{\ssbullet},h^{\ssbullet},77eb14ad717e7338b007a272bbe902cbe526733027670c9efa3a52479c18c42d,77eb14ad717e7338b007a272bbe902cbe526733027670c9efa3a52479c18c42d,77eb14ad717e7338b007a272bbe902cbe526733027670c9efa3a52479c18c42d,$,,77eb14ad717e7338b007a272bbe902cbe526733027670c9efa3a52479c18c42d,77eb14ad717e7338b007a272bbe902cbe526733027670c9efa3a52479c18c42d,"{""basis"":""ordered nested-math atom; exact symbolic replay"",""kind"":""source-target-formula-map""}"
1.1.0,formula,O007-FREMLIN-V2-S241-FORMULA-0446,O007-FREMLIN-V2-S241,O007-RIGHTS-FREMLIN-DSL,O007-FREMLIN-V2-S241-SEG-241G,446,241G,241G,447,456,16086,16089,17311,17314,A,A,559aead08264d5795d3909718cdd05abd49572e84fe55590eef31a88a08fdffd,559aead08264d5795d3909718cdd05abd49572e84fe55590eef31a88a08fdffd,559aead08264d5795d3909718cdd05abd49572e84fe55590eef31a88a08fdffd,$,,559aead08264d5795d3909718cdd05abd49572e84fe55590eef31a88a08fdffd,559aead08264d5795d3909718cdd05abd49572e84fe55590eef31a88a08fdffd,"{""basis"":""ordered nested-math atom; exact symbolic replay"",""kind"":""source-target-formula-map""}"
1.1.0,formula,O007-FREMLIN-V2-S241-FORMULA-0447,O007-FREMLIN-V2-S241,O007-RIGHTS-FREMLIN-DSL,O007-FREMLIN-V2-S241-SEG-241G,447,241G,241G,450,458,16113,16138,17336,17361,u\le g^{\ssbullet}\le w,u\le g^{\ssbullet}\le w,6e39c91f645568d44a1d84027e21ad3961593e3ad12c747d80334bad6d8f1fa3,6e39c91f645568d44a1d84027e21ad3961593e3ad12c747d80334bad6d8f1fa3,edd98bbdf69a72cfc6475c7bf00427906cf05934b362399f8e309e1c4af06145,$,,edd98bbdf69a72cfc6475c7bf00427906cf05934b362399f8e309e1c4af06145,edd98bbdf69a72cfc6475c7bf00427906cf05934b362399f8e309e1c4af06145,"{""basis"":""ordered nested-math atom; exact symbolic replay"",""kind"":""source-target-formula-map""}"
1.1.0,formula,O007-FREMLIN-V2-S241-FORMULA-0448,O007-FREMLIN-V2-S241,O007-RIGHTS-FREMLIN-DSL,O007-FREMLIN-V2-S241-SEG-241G,448,241G,241G,452,460,16160,16168,17384,17392,u\in A,u\in A,37d4895e513653e42b5d1841b3b74c9cbad25b922459a7d56ca64b7b0c5f8b4b,37d4895e513653e42b5d1841b3b74c9cbad25b922459a7d56ca64b7b0c5f8b4b,80f74a3329c0bc80d68c7e242a091c44dd86e3d94e9e8118a238056125f41aec,$,,80f74a3329c0bc80d68c7e242a091c44dd86e3d94e9e8118a238056125f41aec,80f74a3329c0bc80d68c7e242a091c44dd86e3d94e9e8118a238056125f41aec,"{""basis"":""ordered nested-math atom; exact symbolic replay"",""kind"":""source-target-formula-map""}"
1.1.0,formula,O007-FREMLIN-V2-S241-FORMULA-0449,O007-FREMLIN-V2-S241,O007-RIGHTS-FREMLIN-DSL,O007-FREMLIN-V2-S241-SEG-241G,449,241G,241G,452,460,16173,16176,17397,17400,w,w,50e721e49c013f00c62cf59f2163542a9d8df02464efeb615d31051b0fddc326,50e721e49c013f00c62cf59f2163542a9d8df02464efeb615d31051b0fddc326,50e721e49c013f00c62cf59f2163542a9d8df02464efeb615d31051b0fddc326,$,,50e721e49c013f00c62cf59f2163542a9d8df02464efeb615d31051b0fddc326,50e721e49c013f00c62cf59f2163542a9d8df02464efeb615d31051b0fddc326,"{""basis"":""ordered nested-math atom; exact symbolic replay"",""kind"":""source-target-formula-map""}"
1.1.0,formula,O007-FREMLIN-V2-S241-FORMULA-0450,O007-FREMLIN-V2-S241,O007-RIGHTS-FREMLIN-DSL,O007-FREMLIN-V2-S241-SEG-241G,450,241G,241G,452,460,16199,16202,17427,17430,A,A,559aead08264d5795d3909718cdd05abd49572e84fe55590eef31a88a08fdffd,559aead08264d5795d3909718cdd05abd49572e84fe55590eef31a88a08fdffd,559aead08264d5795d3909718cdd05abd49572e84fe55590eef31a88a08fdffd,$,,559aead08264d5795d3909718cdd05abd49572e84fe55590eef31a88a08fdffd,559aead08264d5795d3909718cdd05abd49572e84fe55590eef31a88a08fdffd,"{""basis"":""ordered nested-math atom; exact symbolic replay"",""kind"":""source-target-formula-map""}"
1.1.0,formula,O007-FREMLIN-V2-S241-FORMULA-0451,O007-FREMLIN-V2-S241,O007-RIGHTS-FREMLIN-DSL,O007-FREMLIN-V2-S241-SEG-241G,451,241G,241G,453,461,16226,16241,17451,17466,g^{\ssbullet},g^{\ssbullet},6d2f0d6dad6307055f463152d9d0df18b087365d9121938536ca35285adbcf48,6d2f0d6dad6307055f463152d9d0df18b087365d9121938536ca35285adbcf48,6d2f0d6dad6307055f463152d9d0df18b087365d9121938536ca35285adbcf48,$,,6d2f0d6dad6307055f463152d9d0df18b087365d9121938536ca35285adbcf48,6d2f0d6dad6307055f463152d9d0df18b087365d9121938536ca35285adbcf48,"{""basis"":""ordered nested-math atom; exact symbolic replay"",""kind"":""source-target-formula-map""}"
1.1.0,formula,O007-FREMLIN-V2-S241-FORMULA-0452,O007-FREMLIN-V2-S241,O007-RIGHTS-FREMLIN-DSL,O007-FREMLIN-V2-S241-SEG-241G,452,241G,241G,453,462,16269,16272,17502,17505,A,A,559aead08264d5795d3909718cdd05abd49572e84fe55590eef31a88a08fdffd,559aead08264d5795d3909718cdd05abd49572e84fe55590eef31a88a08fdffd,559aead08264d5795d3909718cdd05abd49572e84fe55590eef31a88a08fdffd,$,,559aead08264d5795d3909718cdd05abd49572e84fe55590eef31a88a08fdffd,559aead08264d5795d3909718cdd05abd49572e84fe55590eef31a88a08fdffd,"{""basis"":""ordered nested-math atom; exact symbolic replay"",""kind"":""source-target-formula-map""}"
1.1.0,formula,O007-FREMLIN-V2-S241-FORMULA-0453,O007-FREMLIN-V2-S241,O007-RIGHTS-FREMLIN-DSL,O007-FREMLIN-V2-S241-SEG-241G,453,241G,241G,453,462,16276,16281,17512,17517,L^0,L^0,efb929291fb3ed4159783d57eb43e4f4183bf2aa2552acd5d70f6ebf7aa04b27,efb929291fb3ed4159783d57eb43e4f4183bf2aa2552acd5d70f6ebf7aa04b27,efb929291fb3ed4159783d57eb43e4f4183bf2aa2552acd5d70f6ebf7aa04b27,$,,efb929291fb3ed4159783d57eb43e4f4183bf2aa2552acd5d70f6ebf7aa04b27,efb929291fb3ed4159783d57eb43e4f4183bf2aa2552acd5d70f6ebf7aa04b27,"{""basis"":""ordered nested-math atom; exact symbolic replay"",""kind"":""source-target-formula-map""}"
1.1.0,formula,O007-FREMLIN-V2-S241-FORMULA-0454,O007-FREMLIN-V2-S241,O007-RIGHTS-FREMLIN-DSL,O007-FREMLIN-V2-S241-SEG-241G,454,241G,241G,454,462,16286,16289,17526,17529,A,A,559aead08264d5795d3909718cdd05abd49572e84fe55590eef31a88a08fdffd,559aead08264d5795d3909718cdd05abd49572e84fe55590eef31a88a08fdffd,559aead08264d5795d3909718cdd05abd49572e84fe55590eef31a88a08fdffd,$,,559aead08264d5795d3909718cdd05abd49572e84fe55590eef31a88a08fdffd,559aead08264d5795d3909718cdd05abd49572e84fe55590eef31a88a08fdffd,"{""basis"":""ordered nested-math atom; exact symbolic replay"",""kind"":""source-target-formula-map""}"
1.1.0,formula,O007-FREMLIN-V2-S241-FORMULA-0455,O007-FREMLIN-V2-S241,O007-RIGHTS-FREMLIN-DSL,O007-FREMLIN-V2-S241-SEG-241G,455,241G,241G,454,462,16304,16309,17540,17545,L^0,L^0,efb929291fb3ed4159783d57eb43e4f4183bf2aa2552acd5d70f6ebf7aa04b27,efb929291fb3ed4159783d57eb43e4f4183bf2aa2552acd5d70f6ebf7aa04b27,efb929291fb3ed4159783d57eb43e4f4183bf2aa2552acd5d70f6ebf7aa04b27,$,,efb929291fb3ed4159783d57eb43e4f4183bf2aa2552acd5d70f6ebf7aa04b27,efb929291fb3ed4159783d57eb43e4f4183bf2aa2552acd5d70f6ebf7aa04b27,"{""basis"":""ordered nested-math atom; exact symbolic replay"",""kind"":""source-target-formula-map""}"
1.1.0,formula,O007-FREMLIN-V2-S241-FORMULA-0456,O007-FREMLIN-V2-S241,O007-RIGHTS-FREMLIN-DSL,O007-FREMLIN-V2-S241-SEG-241G,456,241G,241G,458,466,16367,16372,17595,17600,L^0,L^0,efb929291fb3ed4159783d57eb43e4f4183bf2aa2552acd5d70f6ebf7aa04b27,efb929291fb3ed4159783d57eb43e4f4183bf2aa2552acd5d70f6ebf7aa04b27,efb929291fb3ed4159783d57eb43e4f4183bf2aa2552acd5d70f6ebf7aa04b27,$,,efb929291fb3ed4159783d57eb43e4f4183bf2aa2552acd5d70f6ebf7aa04b27,efb929291fb3ed4159783d57eb43e4f4183bf2aa2552acd5d70f6ebf7aa04b27,"{""basis"":""ordered nested-math atom; exact symbolic replay"",""kind"":""source-target-formula-map""}"
1.1.0,formula,O007-FREMLIN-V2-S241-FORMULA-0457,O007-FREMLIN-V2-S241,O007-RIGHTS-FREMLIN-DSL,O007-FREMLIN-V2-S241-SEG-241G,457,241G,241G,459,467,16418,16434,17643,17659,"(X,\Sigma,\mu)","(X,\Sigma,\mu)",05e9b769403b4c7926a944d5aaa03f00bb216412bc3f850e41b3c28de657aa67,05e9b769403b4c7926a944d5aaa03f00bb216412bc3f850e41b3c28de657aa67,05e9b769403b4c7926a944d5aaa03f00bb216412bc3f850e41b3c28de657aa67,$,,05e9b769403b4c7926a944d5aaa03f00bb216412bc3f850e41b3c28de657aa67,05e9b769403b4c7926a944d5aaa03f00bb216412bc3f850e41b3c28de657aa67,"{""basis"":""ordered nested-math atom; exact symbolic replay"",""kind"":""source-target-formula-map""}"
1.1.0,formula,O007-FREMLIN-V2-S241-FORMULA-0458,O007-FREMLIN-V2-S241,O007-RIGHTS-FREMLIN-DSL,O007-FREMLIN-V2-S241-SEG-241G,458,241G,241G,460,467,16457,16465,17681,17689,\Cal E,\Cal E,e3bb5bafef36c8f6bbacd18747cce8079c94b2d7f6a2a569ecebb5e8fd2a4853,e3bb5bafef36c8f6bbacd18747cce8079c94b2d7f6a2a569ecebb5e8fd2a4853,f987af98272639c2af8429a5fe863f4672b61f5e0981fe155eff5af2147c16a6,$,,f987af98272639c2af8429a5fe863f4672b61f5e0981fe155eff5af2147c16a6,f987af98272639c2af8429a5fe863f4672b61f5e0981fe155eff5af2147c16a6,"{""basis"":""ordered nested-math atom; exact symbolic replay"",""kind"":""source-target-formula-map""}"
1.1.0,formula,O007-FREMLIN-V2-S241-FORMULA-0459,O007-FREMLIN-V2-S241,O007-RIGHTS-FREMLIN-DSL,O007-FREMLIN-V2-S241-SEG-241G,459,241G,241G,460,468,16483,16491,17716,17724,\Sigma,\Sigma,d65d75b1e6562713a3936bb38fdfe6832fb5b96c946de58f7ce0992057665aa8,d65d75b1e6562713a3936bb38fdfe6832fb5b96c946de58f7ce0992057665aa8,d65d75b1e6562713a3936bb38fdfe6832fb5b96c946de58f7ce0992057665aa8,$,,d65d75b1e6562713a3936bb38fdfe6832fb5b96c946de58f7ce0992057665aa8,d65d75b1e6562713a3936bb38fdfe6832fb5b96c946de58f7ce0992057665aa8,"{""basis"":""ordered nested-math atom; exact symbolic replay"",""kind"":""source-target-formula-map""}"
1.1.0,formula,O007-FREMLIN-V2-S241-FORMULA-0460,O007-FREMLIN-V2-S241,O007-RIGHTS-FREMLIN-DSL,O007-FREMLIN-V2-S241-SEG-241G,460,241G,241G,462,470,16512,16573,17748,17809,"A=\{0\}\cup\{(\chi E)^{\ssbullet}:E\in\Cal E\}\subseteq
L^0","A=\{0\}\cup\{(\chi E)^{\ssbullet}:E\in\Cal E\}\subseteq
L^0",2e833664a6dafbf1e86527a4215f2bee0a37bcb89b21bc82529aff9383ae5316,2e833664a6dafbf1e86527a4215f2bee0a37bcb89b21bc82529aff9383ae5316,a7c894441c66605fd0a4946266676235dcfa8a575dab2060cf851e73e23a8fa3,$,,a7c894441c66605fd0a4946266676235dcfa8a575dab2060cf851e73e23a8fa3,a7c894441c66605fd0a4946266676235dcfa8a575dab2060cf851e73e23a8fa3,"{""basis"":""ordered nested-math atom; exact symbolic replay"",""kind"":""source-target-formula-map""}"
1.1.0,formula,O007-FREMLIN-V2-S241-FORMULA-0461,O007-FREMLIN-V2-S241,O007-RIGHTS-FREMLIN-DSL,O007-FREMLIN-V2-S241-SEG-241G,461,241G,241G,465,473,16592,16595,17828,17831,A,A,559aead08264d5795d3909718cdd05abd49572e84fe55590eef31a88a08fdffd,559aead08264d5795d3909718cdd05abd49572e84fe55590eef31a88a08fdffd,559aead08264d5795d3909718cdd05abd49572e84fe55590eef31a88a08fdffd,$,,559aead08264d5795d3909718cdd05abd49572e84fe55590eef31a88a08fdffd,559aead08264d5795d3909718cdd05abd49572e84fe55590eef31a88a08fdffd,"{""basis"":""ordered nested-math atom; exact symbolic replay"",""kind"":""source-target-formula-map""}"
1.1.0,formula,O007-FREMLIN-V2-S241-FORMULA-0462,O007-FREMLIN-V2-S241,O007-RIGHTS-FREMLIN-DSL,O007-FREMLIN-V2-S241-SEG-241G,462,241G,241G,465,473,16616,16638,17854,17876,(\chi X)^{\ssbullet},(\chi X)^{\ssbullet},0a311deb8b675972da50e4da606ce835790502d77684fc681164ea0937851472,0a311deb8b675972da50e4da606ce835790502d77684fc681164ea0937851472,6681ca49364734a2f2598e4d7df7e73a4ec719a6b7663a193e4add1897faa822,$,,6681ca49364734a2f2598e4d7df7e73a4ec719a6b7663a193e4add1897faa822,6681ca49364734a2f2598e4d7df7e73a4ec719a6b7663a193e4add1897faa822,"{""basis"":""ordered nested-math atom; exact symbolic replay"",""kind"":""source-target-formula-map""}"
1.1.0,formula,O007-FREMLIN-V2-S241-FORMULA-0463,O007-FREMLIN-V2-S241,O007-RIGHTS-FREMLIN-DSL,O007-FREMLIN-V2-S241-SEG-241G,463,241G,241G,466,474,16666,16676,17917,17927,w\in L^0,w\in L^0,383a29ec28114b0e0bb107cc538910d07380345e6ef82b4d71e6008fa1f3264c,383a29ec28114b0e0bb107cc538910d07380345e6ef82b4d71e6008fa1f3264c,62270f4d9c18c315eeaf51cffdbd8a2c8e412c6849dee42c5399a4d7b3e4cafe,$,,62270f4d9c18c315eeaf51cffdbd8a2c8e412c6849dee42c5399a4d7b3e4cafe,62270f4d9c18c315eeaf51cffdbd8a2c8e412c6849dee42c5399a4d7b3e4cafe,"{""basis"":""ordered nested-math atom; exact symbolic replay"",""kind"":""source-target-formula-map""}"
1.1.0,formula,O007-FREMLIN-V2-S241-FORMULA-0464,O007-FREMLIN-V2-S241,O007-RIGHTS-FREMLIN-DSL,O007-FREMLIN-V2-S241-SEG-241G,464,241G,241G,466,474,16688,16691,17938,17941,w,w,50e721e49c013f00c62cf59f2163542a9d8df02464efeb615d31051b0fddc326,50e721e49c013f00c62cf59f2163542a9d8df02464efeb615d31051b0fddc326,50e721e49c013f00c62cf59f2163542a9d8df02464efeb615d31051b0fddc326,$,,50e721e49c013f00c62cf59f2163542a9d8df02464efeb615d31051b0fddc326,50e721e49c013f00c62cf59f2163542a9d8df02464efeb615d31051b0fddc326,"{""basis"":""ordered nested-math atom; exact symbolic replay"",""kind"":""source-target-formula-map""}"
1.1.0,formula,O007-FREMLIN-V2-S241-FORMULA-0465,O007-FREMLIN-V2-S241,O007-RIGHTS-FREMLIN-DSL,O007-FREMLIN-V2-S241-SEG-241G,465,241G,241G,466,475,16695,16710,17950,17965,h^{\ssbullet},h^{\ssbullet},77eb14ad717e7338b007a272bbe902cbe526733027670c9efa3a52479c18c42d,77eb14ad717e7338b007a272bbe902cbe526733027670c9efa3a52479c18c42d,77eb14ad717e7338b007a272bbe902cbe526733027670c9efa3a52479c18c42d,$,,77eb14ad717e7338b007a272bbe902cbe526733027670c9efa3a52479c18c42d,77eb14ad717e7338b007a272bbe902cbe526733027670c9efa3a52479c18c42d,"{""basis"":""ordered nested-math atom; exact symbolic replay"",""kind"":""source-target-formula-map""}"
1.1.0,formula,O007-FREMLIN-V2-S241-FORMULA-0466,O007-FREMLIN-V2-S241,O007-RIGHTS-FREMLIN-DSL,O007-FREMLIN-V2-S241-SEG-241G,466,241G,241G,467,475,16717,16731,17973,17987,h:X\to\Bbb R,h:X\to\Bbb R,7b1afe673693bed4c8a4cf4635cf37dcaa34af0dcb12a008665e7c9374fbcad4,7b1afe673693bed4c8a4cf4635cf37dcaa34af0dcb12a008665e7c9374fbcad4,2a6c55b2f810d7705666e7c2b1d4e92dec3d72995179b87590395c580fb3152e,$,,2a6c55b2f810d7705666e7c2b1d4e92dec3d72995179b87590395c580fb3152e,2a6c55b2f810d7705666e7c2b1d4e92dec3d72995179b87590395c580fb3152e,"{""basis"":""ordered nested-math atom; exact symbolic replay"",""kind"":""source-target-formula-map""}"
1.1.0,formula,O007-FREMLIN-V2-S241-FORMULA-0467,O007-FREMLIN-V2-S241,O007-RIGHTS-FREMLIN-DSL,O007-FREMLIN-V2-S241-SEG-241G,467,241G,241G,467,476,16755,16771,18010,18026,F=\{x:h(x)>0\},F=\{x:h(x)>0\},ef4a0f01e49a6a42d5f83015f58172c88d8bcc1ec484c8afe441c932b21c1546,ef4a0f01e49a6a42d5f83015f58172c88d8bcc1ec484c8afe441c932b21c1546,ef4a0f01e49a6a42d5f83015f58172c88d8bcc1ec484c8afe441c932b21c1546,$,,ef4a0f01e49a6a42d5f83015f58172c88d8bcc1ec484c8afe441c932b21c1546,ef4a0f01e49a6a42d5f83015f58172c88d8bcc1ec484c8afe441c932b21c1546,"{""basis"":""ordered nested-math atom; exact symbolic replay"",""kind"":""source-target-formula-map""}"
1.1.0,formula,O007-FREMLIN-V2-S241-FORMULA-0468,O007-FREMLIN-V2-S241,O007-RIGHTS-FREMLIN-DSL,O007-FREMLIN-V2-S241-SEG-241G,468,241G,241G,467,476,16780,16783,18033,18036,F,F,f67ab10ad4e4c53121b6a5fe4da9c10ddee905b978d3788d2723d7bfacbe28a9,f67ab10ad4e4c53121b6a5fe4da9c10ddee905b978d3788d2723d7bfacbe28a9,f67ab10ad4e4c53121b6a5fe4da9c10ddee905b978d3788d2723d7bfacbe28a9,$,,f67ab10ad4e4c53121b6a5fe4da9c10ddee905b978d3788d2723d7bfacbe28a9,f67ab10ad4e4c53121b6a5fe4da9c10ddee905b978d3788d2723d7bfacbe28a9,"{""basis"":""ordered nested-math atom; exact symbolic replay"",""kind"":""source-target-formula-map""}"
1.1.0,formula,O007-FREMLIN-V2-S241-FORMULA-0469,O007-FREMLIN-V2-S241,O007-RIGHTS-FREMLIN-DSL,O007-FREMLIN-V2-S241-SEG-241G,469,241G,241G,468,476,16813,16821,18070,18078,\Cal E,\Cal E,e3bb5bafef36c8f6bbacd18747cce8079c94b2d7f6a2a569ecebb5e8fd2a4853,e3bb5bafef36c8f6bbacd18747cce8079c94b2d7f6a2a569ecebb5e8fd2a4853,f987af98272639c2af8429a5fe863f4672b61f5e0981fe155eff5af2147c16a6,$,,f987af98272639c2af8429a5fe863f4672b61f5e0981fe155eff5af2147c16a6,f987af98272639c2af8429a5fe863f4672b61f5e0981fe155eff5af2147c16a6,"{""basis"":""ordered nested-math atom; exact symbolic replay"",""kind"":""source-target-formula-map""}"
1.1.0,formula,O007-FREMLIN-V2-S241-FORMULA-0470,O007-FREMLIN-V2-S241,O007-RIGHTS-FREMLIN-DSL,O007-FREMLIN-V2-S241-SEG-241G,470,241G,241G,468,477,16825,16833,18085,18093,\Sigma,\Sigma,d65d75b1e6562713a3936bb38fdfe6832fb5b96c946de58f7ce0992057665aa8,d65d75b1e6562713a3936bb38fdfe6832fb5b96c946de58f7ce0992057665aa8,d65d75b1e6562713a3936bb38fdfe6832fb5b96c946de58f7ce0992057665aa8,$,,d65d75b1e6562713a3936bb38fdfe6832fb5b96c946de58f7ce0992057665aa8,d65d75b1e6562713a3936bb38fdfe6832fb5b96c946de58f7ce0992057665aa8,"{""basis"":""ordered nested-math atom; exact symbolic replay"",""kind"":""source-target-formula-map""}"
1.1.0,formula,O007-FREMLIN-V2-S241-FORMULA-0471,O007-FREMLIN-V2-S241,O007-RIGHTS-FREMLIN-DSL,O007-FREMLIN-V2-S241-SEG-241G,471,241G,241G,469,477,16849,16859,18107,18117,{\alpha},{\alpha},17f4f1f5734ca94961fe8c9c0ecd2fa2f7afc2d5b5a587f33ed63567e46ff470,17f4f1f5734ca94961fe8c9c0ecd2fa2f7afc2d5b5a587f33ed63567e46ff470,17f4f1f5734ca94961fe8c9c0ecd2fa2f7afc2d5b5a587f33ed63567e46ff470,$,,17f4f1f5734ca94961fe8c9c0ecd2fa2f7afc2d5b5a587f33ed63567e46ff470,17f4f1f5734ca94961fe8c9c0ecd2fa2f7afc2d5b5a587f33ed63567e46ff470,"{""basis"":""ordered nested-math atom; exact symbolic replay"",""kind"":""source-target-formula-map""}"
1.1.0,formula,O007-FREMLIN-V2-S241-FORMULA-0472,O007-FREMLIN-V2-S241,O007-RIGHTS-FREMLIN-DSL,O007-FREMLIN-V2-S241-SEG-241G,472,241G,241G,469,477,16865,16877,18125,18137,E\in\Cal E,E\in\Cal E,c5df86515d81c5636f49204daf93ed1361d5cf4bc8d6f41b79733a0b19a4796b,c5df86515d81c5636f49204daf93ed1361d5cf4bc8d6f41b79733a0b19a4796b,c5b63d9ee7d3f1aff1acdd7d75d60749ee6b1cf7b19651ed6fa02595420e7e5f,$,,c5b63d9ee7d3f1aff1acdd7d75d60749ee6b1cf7b19651ed6fa02595420e7e5f,c5b63d9ee7d3f1aff1acdd7d75d60749ee6b1cf7b19651ed6fa02595420e7e5f,"{""basis"":""ordered nested-math atom; exact symbolic replay"",""kind"":""source-target-formula-map""}"
1.1.0,formula,O007-FREMLIN-V2-S241-FORMULA-0473,O007-FREMLIN-V2-S241,O007-RIGHTS-FREMLIN-DSL,O007-FREMLIN-V2-S241-SEG-241G,473,241G,241G,469,478,16884,16911,18144,18171,(\chi E)^{\ssbullet}\le w,(\chi E)^{\ssbullet}\le w,752f988a2c726d3f94c4840ce747b59b4aedae3f5f8a0d5f24bc7e477dd6fc6f,752f988a2c726d3f94c4840ce747b59b4aedae3f5f8a0d5f24bc7e477dd6fc6f,26798ee226accd123d5645450d3eadb9fa38e8a0007c1f85b3f7af48066343dd,$,,26798ee226accd123d5645450d3eadb9fa38e8a0007c1f85b3f7af48066343dd,26798ee226accd123d5645450d3eadb9fa38e8a0007c1f85b3f7af48066343dd,"{""basis"":""ordered nested-math atom; exact symbolic replay"",""kind"":""source-target-formula-map""}"
1.1.0,formula,O007-FREMLIN-V2-S241-FORMULA-0474,O007-FREMLIN-V2-S241,O007-RIGHTS-FREMLIN-DSL,O007-FREMLIN-V2-S241-SEG-241G,474,241G,241G,470,478,16915,16930,18182,18197,\chi E\leae h,\chi E\leae h,1dcdbc3c8000a76660fb76d9f83e0a2d5a23494778042222581e1b7315c72e57,1dcdbc3c8000a76660fb76d9f83e0a2d5a23494778042222581e1b7315c72e57,011d75e2125c3e05db5ac359ff8dc66988dd89af24fc929cec9908d941f5da92,$,,011d75e2125c3e05db5ac359ff8dc66988dd89af24fc929cec9908d941f5da92,011d75e2125c3e05db5ac359ff8dc66988dd89af24fc929cec9908d941f5da92,"{""basis"":""ordered nested-math atom; exact symbolic replay"",""kind"":""source-target-formula-map""}"
1.1.0,formula,O007-FREMLIN-V2-S241-FORMULA-0475,O007-FREMLIN-V2-S241,O007-RIGHTS-FREMLIN-DSL,O007-FREMLIN-V2-S241-SEG-241G,475,241G,241G,470,479,16941,16952,18205,18216,h(x)\ge 1,h(x)\ge 1,7fe0291ff95aa75b502464cd83fe2c4f9dca8d0ea227659b0f5a54fad8c95a54,7fe0291ff95aa75b502464cd83fe2c4f9dca8d0ea227659b0f5a54fad8c95a54,d5a0a7b396ce28e44d9ed3b29bf721ee4b3eb0c0e2beac2cbad03f3dcc1f358f,$,,d5a0a7b396ce28e44d9ed3b29bf721ee4b3eb0c0e2beac2cbad03f3dcc1f358f,d5a0a7b396ce28e44d9ed3b29bf721ee4b3eb0c0e2beac2cbad03f3dcc1f358f,"{""basis"":""ordered nested-math atom; exact symbolic replay"",""kind"":""source-target-formula-map""}"
1.1.0,formula,O007-FREMLIN-V2-S241-FORMULA-0476,O007-FREMLIN-V2-S241,O007-RIGHTS-FREMLIN-DSL,O007-FREMLIN-V2-S241-SEG-241G,476,241G,241G,470,479,16970,16978,18237,18245,x\in E,x\in E,8528a049598a80a4979e4f2a54a631f83384a6ab715bdae892df0383f975473b,8528a049598a80a4979e4f2a54a631f83384a6ab715bdae892df0383f975473b,66c48209e8f15f1da161cb4862c500cb2665105ccc2293d664376c39c68d3e72,$,,66c48209e8f15f1da161cb4862c500cb2665105ccc2293d664376c39c68d3e72,66c48209e8f15f1da161cb4862c500cb2665105ccc2293d664376c39c68d3e72,"{""basis"":""ordered nested-math atom; exact symbolic replay"",""kind"":""source-target-formula-map""}"
1.1.0,formula,O007-FREMLIN-V2-S241-FORMULA-0477,O007-FREMLIN-V2-S241,O007-RIGHTS-FREMLIN-DSL,O007-FREMLIN-V2-S241-SEG-241G,477,241G,241G,471,480,16984,17028,18251,18295,"E\setminus F\subseteq\{x:x\in E,\,h(x)<1\}","E\setminus F\subseteq\{x:x\in E,\,h(x)<1\}",b9863e9b4108e61432c66c4be09bf4be23565fa8234d8624bf494052932180b4,b9863e9b4108e61432c66c4be09bf4be23565fa8234d8624bf494052932180b4,0a8c6f9b18c5d4ba95c6df9b3426bc8e692196e85c25eba56f5388edac26fe99,$,,0a8c6f9b18c5d4ba95c6df9b3426bc8e692196e85c25eba56f5388edac26fe99,0a8c6f9b18c5d4ba95c6df9b3426bc8e692196e85c25eba56f5388edac26fe99,"{""basis"":""ordered nested-math atom; exact symbolic replay"",""kind"":""source-target-formula-map""}"
1.1.0,formula,O007-FREMLIN-V2-S241-FORMULA-0478,O007-FREMLIN-V2-S241,O007-RIGHTS-FREMLIN-DSL,O007-FREMLIN-V2-S241-SEG-241G,478,241G,241G,472,481,17050,17059,18314,18323,{\beta},{\beta},5e46fb0f1dc5e8ac72b830546dec6584198722a1f2e4f20a5ea4ecdde2c782a4,5e46fb0f1dc5e8ac72b830546dec6584198722a1f2e4f20a5ea4ecdde2c782a4,5e46fb0f1dc5e8ac72b830546dec6584198722a1f2e4f20a5ea4ecdde2c782a4,$,,5e46fb0f1dc5e8ac72b830546dec6584198722a1f2e4f20a5ea4ecdde2c782a4,5e46fb0f1dc5e8ac72b830546dec6584198722a1f2e4f20a5ea4ecdde2c782a4,"{""basis"":""ordered nested-math atom; exact symbolic replay"",""kind"":""source-target-formula-map""}"
1.1.0,formula,O007-FREMLIN-V2-S241-FORMULA-0479,O007-FREMLIN-V2-S241,O007-RIGHTS-FREMLIN-DSL,O007-FREMLIN-V2-S241-SEG-241G,479,241G,241G,472,481,17065,17077,18331,18343,G\in\Sigma,G\in\Sigma,8d266ee4ae3c791328d655ca2733fa5af4a5f0eaf2522856157447325dc6dafa,8d266ee4ae3c791328d655ca2733fa5af4a5f0eaf2522856157447325dc6dafa,8d266ee4ae3c791328d655ca2733fa5af4a5f0eaf2522856157447325dc6dafa,$,,8d266ee4ae3c791328d655ca2733fa5af4a5f0eaf2522856157447325dc6dafa,8d266ee4ae3c791328d655ca2733fa5af4a5f0eaf2522856157447325dc6dafa,"{""basis"":""ordered nested-math atom; exact symbolic replay"",""kind"":""source-target-formula-map""}"
1.1.0,formula,O007-FREMLIN-V2-S241-FORMULA-0480,O007-FREMLIN-V2-S241,O007-RIGHTS-FREMLIN-DSL,O007-FREMLIN-V2-S241-SEG-241G,480,241G,241G,472,481,17082,17096,18348,18362,E\setminus G,E\setminus G,eb1391f756146fedcf131f2318f445a79840aed4d0dac177cbc9d5063f946cb1,eb1391f756146fedcf131f2318f445a79840aed4d0dac177cbc9d5063f946cb1,b12382caa7a50bdfd75b9ededf43a6aa8a549520855e54315f11821d2d4a07ac,$,,b12382caa7a50bdfd75b9ededf43a6aa8a549520855e54315f11821d2d4a07ac,b12382caa7a50bdfd75b9ededf43a6aa8a549520855e54315f11821d2d4a07ac,"{""basis"":""ordered nested-math atom; exact symbolic replay"",""kind"":""source-target-formula-map""}"
1.1.0,formula,O007-FREMLIN-V2-S241-FORMULA-0481,O007-FREMLIN-V2-S241,O007-RIGHTS-FREMLIN-DSL,O007-FREMLIN-V2-S241-SEG-241G,481,241G,241G,473,482,17121,17133,18387,18399,E\in\Cal E,E\in\Cal E,c5df86515d81c5636f49204daf93ed1361d5cf4bc8d6f41b79733a0b19a4796b,c5df86515d81c5636f49204daf93ed1361d5cf4bc8d6f41b79733a0b19a4796b,c5b63d9ee7d3f1aff1acdd7d75d60749ee6b1cf7b19651ed6fa02595420e7e5f,$,,c5b63d9ee7d3f1aff1acdd7d75d60749ee6b1cf7b19651ed6fa02595420e7e5f,c5b63d9ee7d3f1aff1acdd7d75d60749ee6b1cf7b19651ed6fa02595420e7e5f,"{""basis"":""ordered nested-math atom; exact symbolic replay"",""kind"":""source-target-formula-map""}"
1.1.0,formula,O007-FREMLIN-V2-S241-FORMULA-0482,O007-FREMLIN-V2-S241,O007-RIGHTS-FREMLIN-DSL,O007-FREMLIN-V2-S241-SEG-241G,482,241G,241G,473,482,17140,17159,18406,18425,\chi E\leae\chi G,\chi E\leae\chi G,1aa6bee4a32c21ce98a8bcf133c108ddd2cccb953cab555673e5b7d8713abf45,1aa6bee4a32c21ce98a8bcf133c108ddd2cccb953cab555673e5b7d8713abf45,66b7d17c0aabffdaf249edb552e09edad22baf6e15200e4d16d441a35adc4f2b,$,,66b7d17c0aabffdaf249edb552e09edad22baf6e15200e4d16d441a35adc4f2b,66b7d17c0aabffdaf249edb552e09edad22baf6e15200e4d16d441a35adc4f2b,"{""basis"":""ordered nested-math atom; exact symbolic replay"",""kind"":""source-target-formula-map""}"
1.1.0,formula,O007-FREMLIN-V2-S241-FORMULA-0483,O007-FREMLIN-V2-S241,O007-RIGHTS-FREMLIN-DSL,O007-FREMLIN-V2-S241-SEG-241G,483,241G,241G,474,483,17170,17182,18439,18451,E\in\Cal E,E\in\Cal E,c5df86515d81c5636f49204daf93ed1361d5cf4bc8d6f41b79733a0b19a4796b,c5df86515d81c5636f49204daf93ed1361d5cf4bc8d6f41b79733a0b19a4796b,c5b63d9ee7d3f1aff1acdd7d75d60749ee6b1cf7b19651ed6fa02595420e7e5f,$,,c5b63d9ee7d3f1aff1acdd7d75d60749ee6b1cf7b19651ed6fa02595420e7e5f,c5b63d9ee7d3f1aff1acdd7d75d60749ee6b1cf7b19651ed6fa02595420e7e5f,"{""basis"":""ordered nested-math atom; exact symbolic replay"",""kind"":""source-target-formula-map""}"
1.1.0,formula,O007-FREMLIN-V2-S241-FORMULA-0484,O007-FREMLIN-V2-S241,O007-RIGHTS-FREMLIN-DSL,O007-FREMLIN-V2-S241-SEG-241G,484,241G,241G,474,483,17193,17238,18459,18504,(\chi E)^{\ssbullet}\le(\chi G)^{\ssbullet},(\chi E)^{\ssbullet}\le(\chi G)^{\ssbullet},a6244d5acd4ed568d75274ced9b8dfb1a71fd993e8c37cf11bfc7033b9c0f6de,a6244d5acd4ed568d75274ced9b8dfb1a71fd993e8c37cf11bfc7033b9c0f6de,dd90a146954ddcb12cc0bd6c000423dfac0be88dc01647652d06fef4acfabae9,$,,dd90a146954ddcb12cc0bd6c000423dfac0be88dc01647652d06fef4acfabae9,dd90a146954ddcb12cc0bd6c000423dfac0be88dc01647652d06fef4acfabae9,"{""basis"":""ordered nested-math atom; exact symbolic replay"",""kind"":""source-target-formula-map""}"
1.1.0,formula,O007-FREMLIN-V2-S241-FORMULA-0485,O007-FREMLIN-V2-S241,O007-RIGHTS-FREMLIN-DSL,O007-FREMLIN-V2-S241-SEG-241G,485,241G,241G,476,484,17249,17261,18518,18530,E\in\Cal E,E\in\Cal E,c5df86515d81c5636f49204daf93ed1361d5cf4bc8d6f41b79733a0b19a4796b,c5df86515d81c5636f49204daf93ed1361d5cf4bc8d6f41b79733a0b19a4796b,c5b63d9ee7d3f1aff1acdd7d75d60749ee6b1cf7b19651ed6fa02595420e7e5f,$,,c5b63d9ee7d3f1aff1acdd7d75d60749ee6b1cf7b19651ed6fa02595420e7e5f,c5b63d9ee7d3f1aff1acdd7d75d60749ee6b1cf7b19651ed6fa02595420e7e5f,"{""basis"":""ordered nested-math atom; exact symbolic replay"",""kind"":""source-target-formula-map""}"
1.1.0,formula,O007-FREMLIN-V2-S241-FORMULA-0486,O007-FREMLIN-V2-S241,O007-RIGHTS-FREMLIN-DSL,O007-FREMLIN-V2-S241-SEG-241G,486,241G,241G,476,484,17267,17293,18537,18563,w\le(\chi G)^{\ssbullet},w\le(\chi G)^{\ssbullet},cc9b4cf98a26724720d27a9a7b2bb22377c793cc5e5bd3fc600c9c4db28ef204,cc9b4cf98a26724720d27a9a7b2bb22377c793cc5e5bd3fc600c9c4db28ef204,3c729d6f51b07b90f14a9a37536febf4d0f4050f93b69409a96bcf20e9ba8264,$,,3c729d6f51b07b90f14a9a37536febf4d0f4050f93b69409a96bcf20e9ba8264,3c729d6f51b07b90f14a9a37536febf4d0f4050f93b69409a96bcf20e9ba8264,"{""basis"":""ordered nested-math atom; exact symbolic replay"",""kind"":""source-target-formula-map""}"
1.1.0,formula,O007-FREMLIN-V2-S241-FORMULA-0487,O007-FREMLIN-V2-S241,O007-RIGHTS-FREMLIN-DSL,O007-FREMLIN-V2-S241-SEG-241G,487,241G,241G,476,485,17304,17318,18571,18585,h\leae\chi G,h\leae\chi G,352994675e0377692868be73fbf233bcdb909cf38480b982fea9815bac4a3d75,352994675e0377692868be73fbf233bcdb909cf38480b982fea9815bac4a3d75,2d28f81ad33bcceacab849ac7a28b1f833494c8c96e8bab4b418b05a0a0828c7,$,,2d28f81ad33bcceacab849ac7a28b1f833494c8c96e8bab4b418b05a0a0828c7,2d28f81ad33bcceacab849ac7a28b1f833494c8c96e8bab4b418b05a0a0828c7,"{""basis"":""ordered nested-math atom; exact symbolic replay"",""kind"":""source-target-formula-map""}"
1.1.0,formula,O007-FREMLIN-V2-S241-FORMULA-0488,O007-FREMLIN-V2-S241,O007-RIGHTS-FREMLIN-DSL,O007-FREMLIN-V2-S241-SEG-241G,488,241G,241G,477,486,17332,17377,18604,18649,F\setminus G\subseteq\{x:h(x)>(\chi G)(x)\},F\setminus G\subseteq\{x:h(x)>(\chi G)(x)\},2b58497cd78447bf3b2b7f23ca35a4283044d0169657b9b266c0a3ef476602e6,2b58497cd78447bf3b2b7f23ca35a4283044d0169657b9b266c0a3ef476602e6,4e32fdd71300c67d4f5b2b49a45ab7141c33ea38266ba1de14933430c1d3f550,$,,4e32fdd71300c67d4f5b2b49a45ab7141c33ea38266ba1de14933430c1d3f550,4e32fdd71300c67d4f5b2b49a45ab7141c33ea38266ba1de14933430c1d3f550,"{""basis"":""ordered nested-math atom; exact symbolic replay"",""kind"":""source-target-formula-map""}"
1.1.0,formula,O007-FREMLIN-V2-S241-FORMULA-0489,O007-FREMLIN-V2-S241,O007-RIGHTS-FREMLIN-DSL,O007-FREMLIN-V2-S241-SEG-241G,489,241G,241G,480,488,17403,17411,18676,18684,\Cal E,\Cal E,e3bb5bafef36c8f6bbacd18747cce8079c94b2d7f6a2a569ecebb5e8fd2a4853,e3bb5bafef36c8f6bbacd18747cce8079c94b2d7f6a2a569ecebb5e8fd2a4853,f987af98272639c2af8429a5fe863f4672b61f5e0981fe155eff5af2147c16a6,$,,f987af98272639c2af8429a5fe863f4672b61f5e0981fe155eff5af2147c16a6,f987af98272639c2af8429a5fe863f4672b61f5e0981fe155eff5af2147c16a6,"{""basis"":""ordered nested-math atom; exact symbolic replay"",""kind"":""source-target-formula-map""}"
1.1.0,formula,O007-FREMLIN-V2-S241-FORMULA-0490,O007-FREMLIN-V2-S241,O007-RIGHTS-FREMLIN-DSL,O007-FREMLIN-V2-S241-SEG-241G,490,241G,241G,480,488,17426,17442,18695,18711,"(X,\Sigma,\mu)","(X,\Sigma,\mu)",05e9b769403b4c7926a944d5aaa03f00bb216412bc3f850e41b3c28de657aa67,05e9b769403b4c7926a944d5aaa03f00bb216412bc3f850e41b3c28de657aa67,05e9b769403b4c7926a944d5aaa03f00bb216412bc3f850e41b3c28de657aa67,$,,05e9b769403b4c7926a944d5aaa03f00bb216412bc3f850e41b3c28de657aa67,05e9b769403b4c7926a944d5aaa03f00bb216412bc3f850e41b3c28de657aa67,"{""basis"":""ordered nested-math atom; exact symbolic replay"",""kind"":""source-target-formula-map""}"
1.1.0,formula,O007-FREMLIN-V2-S241-FORMULA-0491,O007-FREMLIN-V2-S241,O007-RIGHTS-FREMLIN-DSL,O007-FREMLIN-V2-S241-SEG-241H,491,241H,241H,483,491,17529,17534,18787,18792,L^0,L^0,efb929291fb3ed4159783d57eb43e4f4183bf2aa2552acd5d70f6ebf7aa04b27,efb929291fb3ed4159783d57eb43e4f4183bf2aa2552acd5d70f6ebf7aa04b27,efb929291fb3ed4159783d57eb43e4f4183bf2aa2552acd5d70f6ebf7aa04b27,$,,efb929291fb3ed4159783d57eb43e4f4183bf2aa2552acd5d70f6ebf7aa04b27,efb929291fb3ed4159783d57eb43e4f4183bf2aa2552acd5d70f6ebf7aa04b27,"{""basis"":""ordered nested-math atom; exact symbolic replay"",""kind"":""source-target-formula-map""}"
1.1.0,formula,O007-FREMLIN-V2-S241-FORMULA-0492,O007-FREMLIN-V2-S241,O007-RIGHTS-FREMLIN-DSL,O007-FREMLIN-V2-S241-SEG-241H,492,241H,241H,484,491,17541,17557,18803,18819,"(X,\Sigma,\mu)","(X,\Sigma,\mu)",05e9b769403b4c7926a944d5aaa03f00bb216412bc3f850e41b3c28de657aa67,05e9b769403b4c7926a944d5aaa03f00bb216412bc3f850e41b3c28de657aa67,05e9b769403b4c7926a944d5aaa03f00bb216412bc3f850e41b3c28de657aa67,$,,05e9b769403b4c7926a944d5aaa03f00bb216412bc3f850e41b3c28de657aa67,05e9b769403b4c7926a944d5aaa03f00bb216412bc3f850e41b3c28de657aa67,"{""basis"":""ordered nested-math atom; exact symbolic replay"",""kind"":""source-target-formula-map""}"
1.1.0,formula,O007-FREMLIN-V2-S241-FORMULA-0493,O007-FREMLIN-V2-S241,O007-RIGHTS-FREMLIN-DSL,O007-FREMLIN-V2-S241-SEG-241H,493,241H,241H,484,492,17587,17601,18856,18870,L^0=L^0(\mu),L^0=L^0(\mu),21f408dfd160dc88319611c4285d5c35208d4be9b0afe54df8092974142f5192,21f408dfd160dc88319611c4285d5c35208d4be9b0afe54df8092974142f5192,21f408dfd160dc88319611c4285d5c35208d4be9b0afe54df8092974142f5192,$,,21f408dfd160dc88319611c4285d5c35208d4be9b0afe54df8092974142f5192,21f408dfd160dc88319611c4285d5c35208d4be9b0afe54df8092974142f5192,"{""basis"":""ordered nested-math atom; exact symbolic replay"",""kind"":""source-target-formula-map""}"
1.1.0,formula,O007-FREMLIN-V2-S241-FORMULA-0494,O007-FREMLIN-V2-S241,O007-RIGHTS-FREMLIN-DSL,O007-FREMLIN-V2-S241-SEG-241H,494,241H,241H,485,493,17603,17629,18872,18898,\eusm L^0=\eusm L^0(\mu),\eusm L^0=\eusm L^0(\mu),fef0d22d29e4b9efcf2660d79ddfd4cd9b6c594c1309e67c09ed78212cbfa5f4,fef0d22d29e4b9efcf2660d79ddfd4cd9b6c594c1309e67c09ed78212cbfa5f4,0ff42199569cb214970055116cb16ff904a97ca7072767c8191421744c2bc759,$,,0ff42199569cb214970055116cb16ff904a97ca7072767c8191421744c2bc759,0ff42199569cb214970055116cb16ff904a97ca7072767c8191421744c2bc759,"{""basis"":""ordered nested-math atom; exact symbolic replay"",""kind"":""source-target-formula-map""}"
1.1.0,formula,O007-FREMLIN-V2-S241-FORMULA-0495,O007-FREMLIN-V2-S241,O007-RIGHTS-FREMLIN-DSL,O007-FREMLIN-V2-S241-SEG-241HA,495,241Ha,241Ha,487,495,17651,17656,18922,18927,f_1,f_1,0e4763978622e1872f63b216146734bdd28d2ddbd4ffcd82bb62e4602b3dd1a1,0e4763978622e1872f63b216146734bdd28d2ddbd4ffcd82bb62e4602b3dd1a1,0e4763978622e1872f63b216146734bdd28d2ddbd4ffcd82bb62e4602b3dd1a1,$,,0e4763978622e1872f63b216146734bdd28d2ddbd4ffcd82bb62e4602b3dd1a1,0e4763978622e1872f63b216146734bdd28d2ddbd4ffcd82bb62e4602b3dd1a1,"{""basis"":""ordered nested-math atom; exact symbolic replay"",""kind"":""source-target-formula-map""}"
1.1.0,formula,O007-FREMLIN-V2-S241-FORMULA-0496,O007-FREMLIN-V2-S241,O007-RIGHTS-FREMLIN-DSL,O007-FREMLIN-V2-S241-SEG-241HA,496,241Ha,241Ha,487,495,17658,17663,18929,18934,f_2,f_2,98550483d35bb33deea0ab91484e5025cfa0420e157798ed8586a942f7ee57d0,98550483d35bb33deea0ab91484e5025cfa0420e157798ed8586a942f7ee57d0,98550483d35bb33deea0ab91484e5025cfa0420e157798ed8586a942f7ee57d0,$,,98550483d35bb33deea0ab91484e5025cfa0420e157798ed8586a942f7ee57d0,98550483d35bb33deea0ab91484e5025cfa0420e157798ed8586a942f7ee57d0,"{""basis"":""ordered nested-math atom; exact symbolic replay"",""kind"":""source-target-formula-map""}"
1.1.0,formula,O007-FREMLIN-V2-S241-FORMULA-0497,O007-FREMLIN-V2-S241,O007-RIGHTS-FREMLIN-DSL,O007-FREMLIN-V2-S241-SEG-241HA,497,241Ha,241Ha,487,495,17665,17670,18936,18941,g_1,g_1,bf173953a9e841d74581faeb7ca36ed5973583ba0ecfecd7ec042f9c92aaf9f7,bf173953a9e841d74581faeb7ca36ed5973583ba0ecfecd7ec042f9c92aaf9f7,bf173953a9e841d74581faeb7ca36ed5973583ba0ecfecd7ec042f9c92aaf9f7,$,,bf173953a9e841d74581faeb7ca36ed5973583ba0ecfecd7ec042f9c92aaf9f7,bf173953a9e841d74581faeb7ca36ed5973583ba0ecfecd7ec042f9c92aaf9f7,"{""basis"":""ordered nested-math atom; exact symbolic replay"",""kind"":""source-target-formula-map""}"
1.1.0,formula,O007-FREMLIN-V2-S241-FORMULA-0498,O007-FREMLIN-V2-S241,O007-RIGHTS-FREMLIN-DSL,O007-FREMLIN-V2-S241-SEG-241HA,498,241Ha,241Ha,487,495,17672,17689,18943,18960,g_2\in\eusm L^0,g_2\in\eusm L^0,93472e5640d8d1bed3d7b7bf6535e1a92cffb9e0f27b2aae850ea38780b7f27a,93472e5640d8d1bed3d7b7bf6535e1a92cffb9e0f27b2aae850ea38780b7f27a,875da6892a629adf89b58b6dfc4a5fd97ad92b4b5647eb29f56095f7aeba9dac,$,,875da6892a629adf89b58b6dfc4a5fd97ad92b4b5647eb29f56095f7aeba9dac,875da6892a629adf89b58b6dfc4a5fd97ad92b4b5647eb29f56095f7aeba9dac,"{""basis"":""ordered nested-math atom; exact symbolic replay"",""kind"":""source-target-formula-map""}"
1.1.0,formula,O007-FREMLIN-V2-S241-FORMULA-0499,O007-FREMLIN-V2-S241,O007-RIGHTS-FREMLIN-DSL,O007-FREMLIN-V2-S241-SEG-241HA,499,241Ha,241Ha,488,496,17691,17704,18962,18975,f_1\eae f_2,f_1\eae f_2,51d6d66709948c742568e14b56107e80fb096cfd3fa6f701d7aba384133c302f,51d6d66709948c742568e14b56107e80fb096cfd3fa6f701d7aba384133c302f,8ffe97feb1b0a9ab24ce5cf1eb84f2d41854370b5da1577f834389fc1644bf27,$,,8ffe97feb1b0a9ab24ce5cf1eb84f2d41854370b5da1577f834389fc1644bf27,8ffe97feb1b0a9ab24ce5cf1eb84f2d41854370b5da1577f834389fc1644bf27,"{""basis"":""ordered nested-math atom; exact symbolic replay"",""kind"":""source-target-formula-map""}"
1.1.0,formula,O007-FREMLIN-V2-S241-FORMULA-0500,O007-FREMLIN-V2-S241,O007-RIGHTS-FREMLIN-DSL,O007-FREMLIN-V2-S241-SEG-241HA,500,241Ha,241Ha,489,496,17709,17722,18981,18994,g_1\eae g_2,g_1\eae g_2,a0b44079a234e2edf166ddaa06138438efdee2ef973154e8b784c426100ce3a0,a0b44079a234e2edf166ddaa06138438efdee2ef973154e8b784c426100ce3a0,5567361d783a274c5482370d268c5cfd1cb45245bba44414c7473deb54f4b5d7,$,,5567361d783a274c5482370d268c5cfd1cb45245bba44414c7473deb54f4b5d7,5567361d783a274c5482370d268c5cfd1cb45245bba44414c7473deb54f4b5d7,"{""basis"":""ordered nested-math atom; exact symbolic replay"",""kind"":""source-target-formula-map""}"
1.1.0,formula,O007-FREMLIN-V2-S241-FORMULA-0501,O007-FREMLIN-V2-S241,O007-RIGHTS-FREMLIN-DSL,O007-FREMLIN-V2-S241-SEG-241HA,501,241Ha,241Ha,489,497,17728,17761,19001,19034,f_1\times g_1\eae f_2\times g_2,f_1\times g_1\eae f_2\times g_2,92560f9aca0e2eb76dc7d4647172cfe234a875021cc876cf8d12f91997579963,92560f9aca0e2eb76dc7d4647172cfe234a875021cc876cf8d12f91997579963,05af1942921505ae2a7ac01116f6591897d124cd461873877fd1408154dee1c5,$,,05af1942921505ae2a7ac01116f6591897d124cd461873877fd1408154dee1c5,05af1942921505ae2a7ac01116f6591897d124cd461873877fd1408154dee1c5,"{""basis"":""ordered nested-math atom; exact symbolic replay"",""kind"":""source-target-formula-map""}"
1.1.0,formula,O007-FREMLIN-V2-S241-FORMULA-0502,O007-FREMLIN-V2-S241,O007-RIGHTS-FREMLIN-DSL,O007-FREMLIN-V2-S241-SEG-241HA,502,241Ha,241Ha,490,498,17809,17814,19094,19099,L^0,L^0,efb929291fb3ed4159783d57eb43e4f4183bf2aa2552acd5d70f6ebf7aa04b27,efb929291fb3ed4159783d57eb43e4f4183bf2aa2552acd5d70f6ebf7aa04b27,efb929291fb3ed4159783d57eb43e4f4183bf2aa2552acd5d70f6ebf7aa04b27,$,,efb929291fb3ed4159783d57eb43e4f4183bf2aa2552acd5d70f6ebf7aa04b27,efb929291fb3ed4159783d57eb43e4f4183bf2aa2552acd5d70f6ebf7aa04b27,"{""basis"":""ordered nested-math atom; exact symbolic replay"",""kind"":""source-target-formula-map""}"
1.1.0,formula,O007-FREMLIN-V2-S241-FORMULA-0503,O007-FREMLIN-V2-S241,O007-RIGHTS-FREMLIN-DSL,O007-FREMLIN-V2-S241-SEG-241HA,503,241Ha,241Ha,491,499,17826,17885,19118,19177,f^{\ssbullet}\times g^{\ssbullet}=(f\times g)^{\ssbullet},f^{\ssbullet}\times g^{\ssbullet}=(f\times g)^{\ssbullet},27abb74a812d1adf66befe9c551e1c9963b6fa53243950d59dffa80ca15fa5d7,27abb74a812d1adf66befe9c551e1c9963b6fa53243950d59dffa80ca15fa5d7,0bdc66ebfeb693fea31a0b2b8851398bd3a9d3eafdda62dd9ae820ef7ebd5b36,$,,0bdc66ebfeb693fea31a0b2b8851398bd3a9d3eafdda62dd9ae820ef7ebd5b36,0bdc66ebfeb693fea31a0b2b8851398bd3a9d3eafdda62dd9ae820ef7ebd5b36,"{""basis"":""ordered nested-math atom; exact symbolic replay"",""kind"":""source-target-formula-map""}"
1.1.0,formula,O007-FREMLIN-V2-S241-FORMULA-0504,O007-FREMLIN-V2-S241,O007-RIGHTS-FREMLIN-DSL,O007-FREMLIN-V2-S241-SEG-241HA,504,241Ha,241Ha,491,500,17894,17897,19190,19193,f,f,252f10c83610ebca1a059c0bae8255eba2f95be4d1d7bcfa89d7248a82d9f111,252f10c83610ebca1a059c0bae8255eba2f95be4d1d7bcfa89d7248a82d9f111,252f10c83610ebca1a059c0bae8255eba2f95be4d1d7bcfa89d7248a82d9f111,$,,252f10c83610ebca1a059c0bae8255eba2f95be4d1d7bcfa89d7248a82d9f111,252f10c83610ebca1a059c0bae8255eba2f95be4d1d7bcfa89d7248a82d9f111,"{""basis"":""ordered nested-math atom; exact symbolic replay"",""kind"":""source-target-formula-map""}"
1.1.0,formula,O007-FREMLIN-V2-S241-FORMULA-0505,O007-FREMLIN-V2-S241,O007-RIGHTS-FREMLIN-DSL,O007-FREMLIN-V2-S241-SEG-241HA,505,241Ha,241Ha,492,500,17899,17914,19195,19210,g\in\eusm L^0,g\in\eusm L^0,ca4d2434fa769eeec35d32850aaacb6dd01821ae84167bdf03fa203de40bf8f1,ca4d2434fa769eeec35d32850aaacb6dd01821ae84167bdf03fa203de40bf8f1,d831139421b5d479221e5b0f06e80687e70b8ff9c8b25f61cf4ad5a952254fa0,$,,d831139421b5d479221e5b0f06e80687e70b8ff9c8b25f61cf4ad5a952254fa0,d831139421b5d479221e5b0f06e80687e70b8ff9c8b25f61cf4ad5a952254fa0,"{""basis"":""ordered nested-math atom; exact symbolic replay"",""kind"":""source-target-formula-map""}"
1.1.0,formula,O007-FREMLIN-V2-S241-FORMULA-0506,O007-FREMLIN-V2-S241,O007-RIGHTS-FREMLIN-DSL,O007-FREMLIN-V2-S241-SEG-241HB,506,241Hb,241Hb,495,503,17984,17987,19284,19287,u,u,0bfe935e70c321c7ca3afc75ce0d0ca2f98b5422e008bb31c00c6d7f1f1c0ad6,0bfe935e70c321c7ca3afc75ce0d0ca2f98b5422e008bb31c00c6d7f1f1c0ad6,0bfe935e70c321c7ca3afc75ce0d0ca2f98b5422e008bb31c00c6d7f1f1c0ad6,$,,0bfe935e70c321c7ca3afc75ce0d0ca2f98b5422e008bb31c00c6d7f1f1c0ad6,0bfe935e70c321c7ca3afc75ce0d0ca2f98b5422e008bb31c00c6d7f1f1c0ad6,"{""basis"":""ordered nested-math atom; exact symbolic replay"",""kind"":""source-target-formula-map""}"
1.1.0,formula,O007-FREMLIN-V2-S241-FORMULA-0507,O007-FREMLIN-V2-S241,O007-RIGHTS-FREMLIN-DSL,O007-FREMLIN-V2-S241-SEG-241HB,507,241Hb,241Hb,495,503,17989,17992,19289,19292,v,v,4c94485e0c21ae6c41ce1dfe7b6bfaceea5ab68e40a2476f50208e526f506080,4c94485e0c21ae6c41ce1dfe7b6bfaceea5ab68e40a2476f50208e526f506080,4c94485e0c21ae6c41ce1dfe7b6bfaceea5ab68e40a2476f50208e526f506080,$,,4c94485e0c21ae6c41ce1dfe7b6bfaceea5ab68e40a2476f50208e526f506080,4c94485e0c21ae6c41ce1dfe7b6bfaceea5ab68e40a2476f50208e526f506080,"{""basis"":""ordered nested-math atom; exact symbolic replay"",""kind"":""source-target-formula-map""}"
1.1.0,formula,O007-FREMLIN-V2-S241-FORMULA-0508,O007-FREMLIN-V2-S241,O007-RIGHTS-FREMLIN-DSL,O007-FREMLIN-V2-S241-SEG-241HB,508,241Hb,241Hb,495,503,17994,18004,19294,19304,w\in L^0,w\in L^0,383a29ec28114b0e0bb107cc538910d07380345e6ef82b4d71e6008fa1f3264c,383a29ec28114b0e0bb107cc538910d07380345e6ef82b4d71e6008fa1f3264c,62270f4d9c18c315eeaf51cffdbd8a2c8e412c6849dee42c5399a4d7b3e4cafe,$,,62270f4d9c18c315eeaf51cffdbd8a2c8e412c6849dee42c5399a4d7b3e4cafe,62270f4d9c18c315eeaf51cffdbd8a2c8e412c6849dee42c5399a4d7b3e4cafe,"{""basis"":""ordered nested-math atom; exact symbolic replay"",""kind"":""source-target-formula-map""}"
1.1.0,formula,O007-FREMLIN-V2-S241-FORMULA-0509,O007-FREMLIN-V2-S241,O007-RIGHTS-FREMLIN-DSL,O007-FREMLIN-V2-S241-SEG-241HB,509,241Hb,241Hb,495,503,18009,18021,19309,19321,c\in\Bbb R,c\in\Bbb R,365f5ce487f10d724b33ca913e9f2aff3456a3c2ba87d35652de7cf350ca3be0,365f5ce487f10d724b33ca913e9f2aff3456a3c2ba87d35652de7cf350ca3be0,94bc9d92c15c2e8afaebffdcd5145690aa18e8d3436bad14ca833f19d17e6977,$,,94bc9d92c15c2e8afaebffdcd5145690aa18e8d3436bad14ca833f19d17e6977,94bc9d92c15c2e8afaebffdcd5145690aa18e8d3436bad14ca833f19d17e6977,"{""basis"":""ordered nested-math atom; exact symbolic replay"",""kind"":""source-target-formula-map""}"
1.1.0,formula,O007-FREMLIN-V2-S241-FORMULA-0510,O007-FREMLIN-V2-S241,O007-RIGHTS-FREMLIN-DSL,O007-FREMLIN-V2-S241-SEG-241HB,510,241Hb,241Hb,497,505,18031,18071,19331,19371,u\times(v\times w)=(u\times v)\times w,u\times(v\times w)=(u\times v)\times w,71e06fd607a76c881643c4de1a7e9c09da7390258fb75e5794369de57eb65b58,71e06fd607a76c881643c4de1a7e9c09da7390258fb75e5794369de57eb65b58,e26a871c45a1599ac4e98b709887668d1bd6d5ef59993b0d9451921838152f77,$,,e26a871c45a1599ac4e98b709887668d1bd6d5ef59993b0d9451921838152f77,e26a871c45a1599ac4e98b709887668d1bd6d5ef59993b0d9451921838152f77,"{""basis"":""ordered nested-math atom; exact symbolic replay"",""kind"":""source-target-formula-map""}"
1.1.0,formula,O007-FREMLIN-V2-S241-FORMULA-0511,O007-FREMLIN-V2-S241,O007-RIGHTS-FREMLIN-DSL,O007-FREMLIN-V2-S241-SEG-241HB,511,241Hb,241Hb,499,507,18081,18104,19381,19404,u\times e=e\times u=u,u\times e=e\times u=u,4394ee5706323a9fa5a11c2a5bd9e4c898c46bb14d5550cbac4d8def6dfae5c9,4394ee5706323a9fa5a11c2a5bd9e4c898c46bb14d5550cbac4d8def6dfae5c9,713bd616bd728605cb65a47655abf7dfac6d2c82bc495a3fd8c408c239491c15,$,,713bd616bd728605cb65a47655abf7dfac6d2c82bc495a3fd8c408c239491c15,713bd616bd728605cb65a47655abf7dfac6d2c82bc495a3fd8c408c239491c15,"{""basis"":""ordered nested-math atom; exact symbolic replay"",""kind"":""source-target-formula-map""}"
1.1.0,formula,O007-FREMLIN-V2-S241-FORMULA-0512,O007-FREMLIN-V2-S241,O007-RIGHTS-FREMLIN-DSL,O007-FREMLIN-V2-S241-SEG-241HB,512,241Hb,241Hb,501,509,18123,18145,19424,19446,e=\chi X^{\ssbullet},e=\chi X^{\ssbullet},359445b88b7007f59e090a506b066fa7da6e6de39a7b68a4ae0755a611bf96a0,359445b88b7007f59e090a506b066fa7da6e6de39a7b68a4ae0755a611bf96a0,6ea5b520a448972b6a63cd0c1ed16c273d0febcedd99053d9de5b1728498cfa9,$,,6ea5b520a448972b6a63cd0c1ed16c273d0febcedd99053d9de5b1728498cfa9,6ea5b520a448972b6a63cd0c1ed16c273d0febcedd99053d9de5b1728498cfa9,"{""basis"":""ordered nested-math atom; exact symbolic replay"",""kind"":""source-target-formula-map""}"
1.1.0,formula,O007-FREMLIN-V2-S241-FORMULA-0513,O007-FREMLIN-V2-S241,O007-RIGHTS-FREMLIN-DSL,O007-FREMLIN-V2-S241-SEG-241HB,513,241Hb,241Hb,502,510,18207,18210,19494,19497,1,1,6b86b273ff34fce19d6b804eff5a3f5747ada4eaa22f1d49c01e52ddb7875b4b,6b86b273ff34fce19d6b804eff5a3f5747ada4eaa22f1d49c01e52ddb7875b4b,6b86b273ff34fce19d6b804eff5a3f5747ada4eaa22f1d49c01e52ddb7875b4b,$,,6b86b273ff34fce19d6b804eff5a3f5747ada4eaa22f1d49c01e52ddb7875b4b,6b86b273ff34fce19d6b804eff5a3f5747ada4eaa22f1d49c01e52ddb7875b4b,"{""basis"":""ordered nested-math atom; exact symbolic replay"",""kind"":""source-target-formula-map""}"
1.1.0,formula,O007-FREMLIN-V2-S241-FORMULA-0514,O007-FREMLIN-V2-S241,O007-RIGHTS-FREMLIN-DSL,O007-FREMLIN-V2-S241-SEG-241HB,514,241Hb,241Hb,504,512,18220,18256,19507,19543,c(u\times v)=cu\times v=u\times cv,c(u\times v)=cu\times v=u\times cv,f1b8daed840c103f303546de45910171425490d260eafc76d17fa56a1445d55f,f1b8daed840c103f303546de45910171425490d260eafc76d17fa56a1445d55f,afd0ff1e8f34012016a527aa0319ea7097d52bd2c4a91e587a5bcae6aee6780c,$,,afd0ff1e8f34012016a527aa0319ea7097d52bd2c4a91e587a5bcae6aee6780c,afd0ff1e8f34012016a527aa0319ea7097d52bd2c4a91e587a5bcae6aee6780c,"{""basis"":""ordered nested-math atom; exact symbolic replay"",""kind"":""source-target-formula-map""}"
1.1.0,formula,O007-FREMLIN-V2-S241-FORMULA-0515,O007-FREMLIN-V2-S241,O007-RIGHTS-FREMLIN-DSL,O007-FREMLIN-V2-S241-SEG-241HB,515,241Hb,241Hb,506,514,18266,18304,19553,19591,u\times(v+w)=(u\times v)+(u\times w),u\times(v+w)=(u\times v)+(u\times w),c80553f16a2287294868ad4cef87785f85c882f2c84b74e71eb3bb16a9d0eca6,c80553f16a2287294868ad4cef87785f85c882f2c84b74e71eb3bb16a9d0eca6,53e16ea3535713e24762d8b61d7f0b551e7c0913fdb692ef36d5d89589c3df59,$,,53e16ea3535713e24762d8b61d7f0b551e7c0913fdb692ef36d5d89589c3df59,53e16ea3535713e24762d8b61d7f0b551e7c0913fdb692ef36d5d89589c3df59,"{""basis"":""ordered nested-math atom; exact symbolic replay"",""kind"":""source-target-formula-map""}"
1.1.0,formula,O007-FREMLIN-V2-S241-FORMULA-0516,O007-FREMLIN-V2-S241,O007-RIGHTS-FREMLIN-DSL,O007-FREMLIN-V2-S241-SEG-241HB,516,241Hb,241Hb,508,516,18314,18353,19601,19640,(u+v)\times w=(u\times w)+(v\times w),(u+v)\times w=(u\times w)+(v\times w),9c4103c3d39bd20bcca44ae9c49a35f7c752675efb63185f00c0c9a9a2e7d994,9c4103c3d39bd20bcca44ae9c49a35f7c752675efb63185f00c0c9a9a2e7d994,d744b936147e37ea27319486dd458246fc72ae0fcc51697a4bbe3a208791b959,$,,d744b936147e37ea27319486dd458246fc72ae0fcc51697a4bbe3a208791b959,d744b936147e37ea27319486dd458246fc72ae0fcc51697a4bbe3a208791b959,"{""basis"":""ordered nested-math atom; exact symbolic replay"",""kind"":""source-target-formula-map""}"
1.1.0,formula,O007-FREMLIN-V2-S241-FORMULA-0517,O007-FREMLIN-V2-S241,O007-RIGHTS-FREMLIN-DSL,O007-FREMLIN-V2-S241-SEG-241HB,517,241Hb,241Hb,510,518,18363,18384,19650,19671,u\times v=v\times u,u\times v=v\times u,79d279cd5d3f509cd1794ec4bbf21cb90b489fc4afe23be4ecc2a92dfc6b9e8f,79d279cd5d3f509cd1794ec4bbf21cb90b489fc4afe23be4ecc2a92dfc6b9e8f,87d6ef165294540110b478021b742fe96f559d0435ea2abee72088f7eda05a3b,$,,87d6ef165294540110b478021b742fe96f559d0435ea2abee72088f7eda05a3b,87d6ef165294540110b478021b742fe96f559d0435ea2abee72088f7eda05a3b,"{""basis"":""ordered nested-math atom; exact symbolic replay"",""kind"":""source-target-formula-map""}"
1.1.0,formula,O007-FREMLIN-V2-S241-FORMULA-0518,O007-FREMLIN-V2-S241,O007-RIGHTS-FREMLIN-DSL,O007-FREMLIN-V2-S241-SEG-241HB,518,241Hb,241Hb,512,520,18394,18421,19681,19708,|u\times v|=|u|\times |v|,|u\times v|=|u|\times |v|,06c274aede845153c26a9066c3e0e14840d0181f8cdc1d178812b3329860975b,06c274aede845153c26a9066c3e0e14840d0181f8cdc1d178812b3329860975b,284f6254e1f8e261a92cb4e1b406c0e96bcd2a57d29951e896d95b88bf285318,$,,284f6254e1f8e261a92cb4e1b406c0e96bcd2a57d29951e896d95b88bf285318,284f6254e1f8e261a92cb4e1b406c0e96bcd2a57d29951e896d95b88bf285318,"{""basis"":""ordered nested-math atom; exact symbolic replay"",""kind"":""source-target-formula-map""}"
1.1.0,formula,O007-FREMLIN-V2-S241-FORMULA-0519,O007-FREMLIN-V2-S241,O007-RIGHTS-FREMLIN-DSL,O007-FREMLIN-V2-S241-SEG-241HB,519,241Hb,241Hb,514,522,18431,18444,19718,19731,u\times v=0,u\times v=0,fa00cd5d7ae5aa07fd1c10c5cac9bc336cb39a3907207966734607583d923b6c,fa00cd5d7ae5aa07fd1c10c5cac9bc336cb39a3907207966734607583d923b6c,c052c03bc3568e090af8b1372f7f38ca9aef6ebcfa595a90b4c4e132cf34781e,$,,c052c03bc3568e090af8b1372f7f38ca9aef6ebcfa595a90b4c4e132cf34781e,c052c03bc3568e090af8b1372f7f38ca9aef6ebcfa595a90b4c4e132cf34781e,"{""basis"":""ordered nested-math atom; exact symbolic replay"",""kind"":""source-target-formula-map""}"
1.1.0,formula,O007-FREMLIN-V2-S241-FORMULA-0520,O007-FREMLIN-V2-S241,O007-RIGHTS-FREMLIN-DSL,O007-FREMLIN-V2-S241-SEG-241HB,520,241Hb,241Hb,514,522,18450,18466,19752,19768,|u|\wedge|v|=0,|u|\wedge|v|=0,521c4195f623559ad6ab6f51e8f6298f33fd4a08c46e49d3721b80166f5a8204,521c4195f623559ad6ab6f51e8f6298f33fd4a08c46e49d3721b80166f5a8204,521c4195f623559ad6ab6f51e8f6298f33fd4a08c46e49d3721b80166f5a8204,$,,521c4195f623559ad6ab6f51e8f6298f33fd4a08c46e49d3721b80166f5a8204,521c4195f623559ad6ab6f51e8f6298f33fd4a08c46e49d3721b80166f5a8204,"{""basis"":""ordered nested-math atom; exact symbolic replay"",""kind"":""source-target-formula-map""}"
1.1.0,formula,O007-FREMLIN-V2-S241-FORMULA-0521,O007-FREMLIN-V2-S241,O007-RIGHTS-FREMLIN-DSL,O007-FREMLIN-V2-S241-SEG-241HB,521,241Hb,241Hb,516,524,18476,18487,19778,19789,|u|\le|v|,|u|\le|v|,ace5841241ccd61d6fded631d4abdf8679a6977085af950106ddc953a382114e,ace5841241ccd61d6fded631d4abdf8679a6977085af950106ddc953a382114e,ace5841241ccd61d6fded631d4abdf8679a6977085af950106ddc953a382114e,$,,ace5841241ccd61d6fded631d4abdf8679a6977085af950106ddc953a382114e,ace5841241ccd61d6fded631d4abdf8679a6977085af950106ddc953a382114e,"{""basis"":""ordered nested-math atom; exact symbolic replay"",""kind"":""source-target-formula-map""}"
1.1.0,formula,O007-FREMLIN-V2-S241-FORMULA-0522,O007-FREMLIN-V2-S241,O007-RIGHTS-FREMLIN-DSL,O007-FREMLIN-V2-S241-SEG-241HB,522,241Hb,241Hb,516,524,18503,18506,19819,19822,w,w,50e721e49c013f00c62cf59f2163542a9d8df02464efeb615d31051b0fddc326,50e721e49c013f00c62cf59f2163542a9d8df02464efeb615d31051b0fddc326,50e721e49c013f00c62cf59f2163542a9d8df02464efeb615d31051b0fddc326,$,,50e721e49c013f00c62cf59f2163542a9d8df02464efeb615d31051b0fddc326,50e721e49c013f00c62cf59f2163542a9d8df02464efeb615d31051b0fddc326,"{""basis"":""ordered nested-math atom; exact symbolic replay"",""kind"":""source-target-formula-map""}"
1.1.0,formula,O007-FREMLIN-V2-S241-FORMULA-0523,O007-FREMLIN-V2-S241,O007-RIGHTS-FREMLIN-DSL,O007-FREMLIN-V2-S241-SEG-241HB,523,241Hb,241Hb,517,525,18517,18527,19843,19853,|w|\le e,|w|\le e,004ac591f06a30acc0ef76135a958c7aa9443d5984e3af06849520a4eadd7a86,004ac591f06a30acc0ef76135a958c7aa9443d5984e3af06849520a4eadd7a86,2e2481a59aac6a1a975c7b41c94c449367144b20637b257851b10667a837d407,$,,2e2481a59aac6a1a975c7b41c94c449367144b20637b257851b10667a837d407,2e2481a59aac6a1a975c7b41c94c449367144b20637b257851b10667a837d407,"{""basis"":""ordered nested-math atom; exact symbolic replay"",""kind"":""source-target-formula-map""}"
1.1.0,formula,O007-FREMLIN-V2-S241-FORMULA-0524,O007-FREMLIN-V2-S241,O007-RIGHTS-FREMLIN-DSL,O007-FREMLIN-V2-S241-SEG-241HB,524,241Hb,241Hb,517,525,18532,18545,19858,19871,u=v\times w,u=v\times w,25d32d12f47e1756ef71a940683792ce6513dd418d11341004071a0aa3621145,25d32d12f47e1756ef71a940683792ce6513dd418d11341004071a0aa3621145,2175547b6fa39d0b2204a7bbf823beded786016fa218d135e75643a5e36949c1,$,,2175547b6fa39d0b2204a7bbf823beded786016fa218d135e75643a5e36949c1,2175547b6fa39d0b2204a7bbf823beded786016fa218d135e75643a5e36949c1,"{""basis"":""ordered nested-math atom; exact symbolic replay"",""kind"":""source-target-formula-map""}"
1.1.0,formula,O007-FREMLIN-V2-S241-FORMULA-0525,O007-FREMLIN-V2-S241,O007-RIGHTS-FREMLIN-DSL,O007-FREMLIN-V2-S241-SEG-241I,525,241I,241I,519,527,18595,18600,19911,19916,L^0,L^0,efb929291fb3ed4159783d57eb43e4f4183bf2aa2552acd5d70f6ebf7aa04b27,efb929291fb3ed4159783d57eb43e4f4183bf2aa2552acd5d70f6ebf7aa04b27,efb929291fb3ed4159783d57eb43e4f4183bf2aa2552acd5d70f6ebf7aa04b27,$,,efb929291fb3ed4159783d57eb43e4f4183bf2aa2552acd5d70f6ebf7aa04b27,efb929291fb3ed4159783d57eb43e4f4183bf2aa2552acd5d70f6ebf7aa04b27,"{""basis"":""ordered nested-math atom; exact symbolic replay"",""kind"":""source-target-formula-map""}"
1.1.0,formula,O007-FREMLIN-V2-S241-FORMULA-0526,O007-FREMLIN-V2-S241,O007-RIGHTS-FREMLIN-DSL,O007-FREMLIN-V2-S241-SEG-241I,526,241I,241I,520,528,18606,18622,19927,19943,"(X,\Sigma,\mu)","(X,\Sigma,\mu)",05e9b769403b4c7926a944d5aaa03f00bb216412bc3f850e41b3c28de657aa67,05e9b769403b4c7926a944d5aaa03f00bb216412bc3f850e41b3c28de657aa67,05e9b769403b4c7926a944d5aaa03f00bb216412bc3f850e41b3c28de657aa67,$,,05e9b769403b4c7926a944d5aaa03f00bb216412bc3f850e41b3c28de657aa67,05e9b769403b4c7926a944d5aaa03f00bb216412bc3f850e41b3c28de657aa67,"{""basis"":""ordered nested-math atom; exact symbolic replay"",""kind"":""source-target-formula-map""}"
1.1.0,formula,O007-FREMLIN-V2-S241-FORMULA-0527,O007-FREMLIN-V2-S241,O007-RIGHTS-FREMLIN-DSL,O007-FREMLIN-V2-S241-SEG-241I,527,241I,241I,520,528,18646,18665,19965,19984,h:\Bbb R\to\Bbb R,h:\Bbb R\to\Bbb R,47d2795e979e3b836d243787f9e04b2dca5905924e1cc2e32c7c03610267ce28,47d2795e979e3b836d243787f9e04b2dca5905924e1cc2e32c7c03610267ce28,7ee34b9ce7d9c043c2f61b44ef4d85144874b8c8cfd1ad7758ed2c33ed757481,$,,7ee34b9ce7d9c043c2f61b44ef4d85144874b8c8cfd1ad7758ed2c33ed757481,7ee34b9ce7d9c043c2f61b44ef4d85144874b8c8cfd1ad7758ed2c33ed757481,"{""basis"":""ordered nested-math atom; exact symbolic replay"",""kind"":""source-target-formula-map""}"
1.1.0,formula,O007-FREMLIN-V2-S241-FORMULA-0528,O007-FREMLIN-V2-S241,O007-RIGHTS-FREMLIN-DSL,O007-FREMLIN-V2-S241-SEG-241I,528,241I,241I,521,529,18709,18740,20025,20056,hf\in\eusm L^0=\eusm L^0(\mu),hf\in\eusm L^0=\eusm L^0(\mu),082ac6fca510ac0df740647128807fece3384819f9a8cd416408c76f41d9563a,082ac6fca510ac0df740647128807fece3384819f9a8cd416408c76f41d9563a,63df4b7d11bfa0d302f124b281c56eb259115d652d56d4f0590b3c98e7cc67bc,$,,63df4b7d11bfa0d302f124b281c56eb259115d652d56d4f0590b3c98e7cc67bc,63df4b7d11bfa0d302f124b281c56eb259115d652d56d4f0590b3c98e7cc67bc,"{""basis"":""ordered nested-math atom; exact symbolic replay"",""kind"":""source-target-formula-map""}"
1.1.0,formula,O007-FREMLIN-V2-S241-FORMULA-0529,O007-FREMLIN-V2-S241,O007-RIGHTS-FREMLIN-DSL,O007-FREMLIN-V2-S241-SEG-241I,529,241I,241I,522,530,18751,18766,20070,20085,f\in\eusm L^0,f\in\eusm L^0,6543e42c5f138e90eba1bced054e8c4826a26b50cd7f0bde6a49b82d0087fe7b,6543e42c5f138e90eba1bced054e8c4826a26b50cd7f0bde6a49b82d0087fe7b,5a8f974bce4387525c09d2cf266aaeaca66ee82c353a97c32ba20dab152ac7f8,$,,5a8f974bce4387525c09d2cf266aaeaca66ee82c353a97c32ba20dab152ac7f8,5a8f974bce4387525c09d2cf266aaeaca66ee82c353a97c32ba20dab152ac7f8,"{""basis"":""ordered nested-math atom; exact symbolic replay"",""kind"":""source-target-formula-map""}"
1.1.0,formula,O007-FREMLIN-V2-S241-FORMULA-0530,O007-FREMLIN-V2-S241,O007-RIGHTS-FREMLIN-DSL,O007-FREMLIN-V2-S241-SEG-241I,530,241I,241I,522,530,18790,18801,20109,20120,hf\eae hg,hf\eae hg,32e1cd1e2ad4f5720aec94a508bcb78747faf13c524b3bc3fdb6efd0c5fe2e31,32e1cd1e2ad4f5720aec94a508bcb78747faf13c524b3bc3fdb6efd0c5fe2e31,b8943e233aefa4d8015062ae089f89d1e18cdd942b4cb1b1153a155f0add5305,$,,b8943e233aefa4d8015062ae089f89d1e18cdd942b4cb1b1153a155f0add5305,b8943e233aefa4d8015062ae089f89d1e18cdd942b4cb1b1153a155f0add5305,"{""basis"":""ordered nested-math atom; exact symbolic replay"",""kind"":""source-target-formula-map""}"
1.1.0,formula,O007-FREMLIN-V2-S241-FORMULA-0531,O007-FREMLIN-V2-S241,O007-RIGHTS-FREMLIN-DSL,O007-FREMLIN-V2-S241-SEG-241I,531,241I,241I,523,531,18811,18820,20131,20140,f\eae g,f\eae g,ae240d11c6286a4c8ba6fdb0ab6d57571c1af19711620fc7204e23974c77e68a,ae240d11c6286a4c8ba6fdb0ab6d57571c1af19711620fc7204e23974c77e68a,d1ab5c14fd4da4667f623a650c14e1f6c15f4ef3df1b2208dc8214a27eabb6d3,$,,d1ab5c14fd4da4667f623a650c14e1f6c15f4ef3df1b2208dc8214a27eabb6d3,d1ab5c14fd4da4667f623a650c14e1f6c15f4ef3df1b2208dc8214a27eabb6d3,"{""basis"":""ordered nested-math atom; exact symbolic replay"",""kind"":""source-target-formula-map""}"
1.1.0,formula,O007-FREMLIN-V2-S241-FORMULA-0532,O007-FREMLIN-V2-S241,O007-RIGHTS-FREMLIN-DSL,O007-FREMLIN-V2-S241-SEG-241I,532,241I,241I,523,531,18847,18866,20170,20189,\bar h:L^0\to L^0,\bar h:L^0\to L^0,43ae452b1132d000a194dcbd5b7a6b61bcaf8e9574ae7f53bce503cbf9058bac,43ae452b1132d000a194dcbd5b7a6b61bcaf8e9574ae7f53bce503cbf9058bac,1afad5dc3d5c16d39fd54e6d4e9834cde5939a3e1cb12bac81937e039d19a92b,$,,1afad5dc3d5c16d39fd54e6d4e9834cde5939a3e1cb12bac81937e039d19a92b,1afad5dc3d5c16d39fd54e6d4e9834cde5939a3e1cb12bac81937e039d19a92b,"{""basis"":""ordered nested-math atom; exact symbolic replay"",""kind"":""source-target-formula-map""}"
1.1.0,formula,O007-FREMLIN-V2-S241-FORMULA-0533,O007-FREMLIN-V2-S241,O007-RIGHTS-FREMLIN-DSL,O007-FREMLIN-V2-S241-SEG-241I,533,241I,241I,525,533,18886,18926,20227,20267,\bar h(f^{\ssbullet})=(hf)^{\ssbullet},\bar h(f^{\ssbullet})=(hf)^{\ssbullet},e4159eed32f3fab16fce4339ff08d003e890d732d46cbef347475f38629fa5ee,e4159eed32f3fab16fce4339ff08d003e890d732d46cbef347475f38629fa5ee,26642ab2c665748c37417a4e505eccbda618290e6ef90bd2e4600777a5d03a09,$,,26642ab2c665748c37417a4e505eccbda618290e6ef90bd2e4600777a5d03a09,26642ab2c665748c37417a4e505eccbda618290e6ef90bd2e4600777a5d03a09,"{""basis"":""ordered nested-math atom; exact symbolic replay"",""kind"":""source-target-formula-map""}"
1.1.0,formula,O007-FREMLIN-V2-S241-FORMULA-0534,O007-FREMLIN-V2-S241,O007-RIGHTS-FREMLIN-DSL,O007-FREMLIN-V2-S241-SEG-241I,534,241I,241I,525,534,18937,18952,20281,20296,f\in\eusm L^0,f\in\eusm L^0,6543e42c5f138e90eba1bced054e8c4826a26b50cd7f0bde6a49b82d0087fe7b,6543e42c5f138e90eba1bced054e8c4826a26b50cd7f0bde6a49b82d0087fe7b,5a8f974bce4387525c09d2cf266aaeaca66ee82c353a97c32ba20dab152ac7f8,$,,5a8f974bce4387525c09d2cf266aaeaca66ee82c353a97c32ba20dab152ac7f8,5a8f974bce4387525c09d2cf266aaeaca66ee82c353a97c32ba20dab152ac7f8,"{""basis"":""ordered nested-math atom; exact symbolic replay"",""kind"":""source-target-formula-map""}"
1.1.0,formula,O007-FREMLIN-V2-S241-FORMULA-0535,O007-FREMLIN-V2-S241,O007-RIGHTS-FREMLIN-DSL,O007-FREMLIN-V2-S241-SEG-241I,535,241I,241I,526,534,18978,18988,20326,20336,u\in L^0,u\in L^0,ba1840d798a1f35ea927e7454a8c1d2c1c2131ce893fc1b608cfbfa984210846,ba1840d798a1f35ea927e7454a8c1d2c1c2131ce893fc1b608cfbfa984210846,f85392ebe6b3fab109d0ca79dfa610bac6e936703ca234a34e77921bd68ca1cb,$,,f85392ebe6b3fab109d0ca79dfa610bac6e936703ca234a34e77921bd68ca1cb,f85392ebe6b3fab109d0ca79dfa610bac6e936703ca234a34e77921bd68ca1cb,"{""basis"":""ordered nested-math atom; exact symbolic replay"",""kind"":""source-target-formula-map""}"
1.1.0,formula,O007-FREMLIN-V2-S241-FORMULA-0536,O007-FREMLIN-V2-S241,O007-RIGHTS-FREMLIN-DSL,O007-FREMLIN-V2-S241-SEG-241I,536,241I,241I,526,534,18993,19001,20341,20349,p\ge 1,p\ge 1,dca38a6ae9404b15517faa39b60e8d59308d8d3e24de711a6886be13b2ba7c66,dca38a6ae9404b15517faa39b60e8d59308d8d3e24de711a6886be13b2ba7c66,be5f72383f78425ad1c1353829549c31ef2eddb33d158832da7a5c0006f40c2b,$,,be5f72383f78425ad1c1353829549c31ef2eddb33d158832da7a5c0006f40c2b,be5f72383f78425ad1c1353829549c31ef2eddb33d158832da7a5c0006f40c2b,"{""basis"":""ordered nested-math atom; exact symbolic replay"",""kind"":""source-target-formula-map""}"
1.1.0,formula,O007-FREMLIN-V2-S241-FORMULA-0537,O007-FREMLIN-V2-S241,O007-RIGHTS-FREMLIN-DSL,O007-FREMLIN-V2-S241-SEG-241I,537,241I,241I,527,535,19019,19036,20371,20388,|u|^p=\bar h(u),|u|^p=\bar h(u),ceadd9abd9bfb3d742ac2b648cf03c919c04e9a326cd9408dbfd12f2a0830c6d,ceadd9abd9bfb3d742ac2b648cf03c919c04e9a326cd9408dbfd12f2a0830c6d,7e28828a895c8d3499205aae3df12e2ff8488e891501fd43bf59a412bb88c123,$,,7e28828a895c8d3499205aae3df12e2ff8488e891501fd43bf59a412bb88c123,7e28828a895c8d3499205aae3df12e2ff8488e891501fd43bf59a412bb88c123,"{""basis"":""ordered nested-math atom; exact symbolic replay"",""kind"":""source-target-formula-map""}"
1.1.0,formula,O007-FREMLIN-V2-S241-FORMULA-0538,O007-FREMLIN-V2-S241,O007-RIGHTS-FREMLIN-DSL,O007-FREMLIN-V2-S241-SEG-241I,538,241I,241I,527,535,19043,19055,20396,20408,h(x)=|x|^p,h(x)=|x|^p,223b20f6e1771e126544146766fbeef5b5c31d02a101a3cd994f26d4f5a2d505,223b20f6e1771e126544146766fbeef5b5c31d02a101a3cd994f26d4f5a2d505,223b20f6e1771e126544146766fbeef5b5c31d02a101a3cd994f26d4f5a2d505,$,,223b20f6e1771e126544146766fbeef5b5c31d02a101a3cd994f26d4f5a2d505,223b20f6e1771e126544146766fbeef5b5c31d02a101a3cd994f26d4f5a2d505,"{""basis"":""ordered nested-math atom; exact symbolic replay"",""kind"":""source-target-formula-map""}"
1.1.0,formula,O007-FREMLIN-V2-S241-FORMULA-0539,O007-FREMLIN-V2-S241,O007-RIGHTS-FREMLIN-DSL,O007-FREMLIN-V2-S241-SEG-241I,539,241I,241I,527,536,19060,19072,20415,20427,x\in\Bbb R,x\in\Bbb R,b4ebbefd8e38c9dee46e23bc6fd877cb7e9578cff25f8048c2f507ae3c07abf3,b4ebbefd8e38c9dee46e23bc6fd877cb7e9578cff25f8048c2f507ae3c07abf3,5a1230af5aee0c0971d2e3afcb6c49b9f036d6f7949700615a6a9df5d1522156,$,,5a1230af5aee0c0971d2e3afcb6c49b9f036d6f7949700615a6a9df5d1522156,5a1230af5aee0c0971d2e3afcb6c49b9f036d6f7949700615a6a9df5d1522156,"{""basis"":""ordered nested-math atom; exact symbolic replay"",""kind"":""source-target-formula-map""}"
1.1.0,formula,O007-FREMLIN-V2-S241-FORMULA-0540,O007-FREMLIN-V2-S241,O007-RIGHTS-FREMLIN-DSL,O007-FREMLIN-V2-S241-SEG-241J,540,241J,241J,531,540,19100,19105,20447,20452,L^0,L^0,efb929291fb3ed4159783d57eb43e4f4183bf2aa2552acd5d70f6ebf7aa04b27,efb929291fb3ed4159783d57eb43e4f4183bf2aa2552acd5d70f6ebf7aa04b27,efb929291fb3ed4159783d57eb43e4f4183bf2aa2552acd5d70f6ebf7aa04b27,$,,efb929291fb3ed4159783d57eb43e4f4183bf2aa2552acd5d70f6ebf7aa04b27,efb929291fb3ed4159783d57eb43e4f4183bf2aa2552acd5d70f6ebf7aa04b27,"{""basis"":""ordered nested-math atom; exact symbolic replay"",""kind"":""source-target-formula-map""}"
1.1.0,formula,O007-FREMLIN-V2-S241-FORMULA-0541,O007-FREMLIN-V2-S241,O007-RIGHTS-FREMLIN-DSL,O007-FREMLIN-V2-S241-SEG-241J,541,241J,241J,534,543,19274,19290,20649,20665,"(X,\Sigma,\mu)","(X,\Sigma,\mu)",05e9b769403b4c7926a944d5aaa03f00bb216412bc3f850e41b3c28de657aa67,05e9b769403b4c7926a944d5aaa03f00bb216412bc3f850e41b3c28de657aa67,05e9b769403b4c7926a944d5aaa03f00bb216412bc3f850e41b3c28de657aa67,$,,05e9b769403b4c7926a944d5aaa03f00bb216412bc3f850e41b3c28de657aa67,05e9b769403b4c7926a944d5aaa03f00bb216412bc3f850e41b3c28de657aa67,"{""basis"":""ordered nested-math atom; exact symbolic replay"",""kind"":""source-target-formula-map""}"
1.1.0,formula,O007-FREMLIN-V2-S241-FORMULA-0542,O007-FREMLIN-V2-S241,O007-RIGHTS-FREMLIN-DSL,O007-FREMLIN-V2-S241-SEG-241JA,542,241Ja,241Ja,537,546,19341,19385,20723,20767,\eusm L^0_{\Bbb C}=\eusm L^0_{\Bbb C}(\mu),\eusm L^0_{\Bbb C}=\eusm L^0_{\Bbb C}(\mu),309712c28fbd0990b0f53e0b3f5fb5c6c9d6db3c63b1891e9a5d9b6e3510f502,309712c28fbd0990b0f53e0b3f5fb5c6c9d6db3c63b1891e9a5d9b6e3510f502,1b4f612a5705a9c7185b0230448b3005eb2a979c77ba2040ddf32be2472d2bcc,$,,1b4f612a5705a9c7185b0230448b3005eb2a979c77ba2040ddf32be2472d2bcc,1b4f612a5705a9c7185b0230448b3005eb2a979c77ba2040ddf32be2472d2bcc,"{""basis"":""ordered nested-math atom; exact symbolic replay"",""kind"":""source-target-formula-map""}"
1.1.0,formula,O007-FREMLIN-V2-S241-FORMULA-0543,O007-FREMLIN-V2-S241,O007-RIGHTS-FREMLIN-DSL,O007-FREMLIN-V2-S241-SEG-241JA,543,241Ja,241Ja,538,547,19428,19431,20812,20815,f,f,252f10c83610ebca1a059c0bae8255eba2f95be4d1d7bcfa89d7248a82d9f111,252f10c83610ebca1a059c0bae8255eba2f95be4d1d7bcfa89d7248a82d9f111,252f10c83610ebca1a059c0bae8255eba2f95be4d1d7bcfa89d7248a82d9f111,$,,252f10c83610ebca1a059c0bae8255eba2f95be4d1d7bcfa89d7248a82d9f111,252f10c83610ebca1a059c0bae8255eba2f95be4d1d7bcfa89d7248a82d9f111,"{""basis"":""ordered nested-math atom; exact symbolic replay"",""kind"":""source-target-formula-map""}"
1.1.0,formula,O007-FREMLIN-V2-S241-FORMULA-0544,O007-FREMLIN-V2-S241,O007-RIGHTS-FREMLIN-DSL,O007-FREMLIN-V2-S241-SEG-241JA,544,241Ja,241Ja,538,547,19442,19450,20836,20844,\dom f,\dom f,59a16829eab55755a1b7018cb980729f70c2057859af63d9853422c400c0ae3e,59a16829eab55755a1b7018cb980729f70c2057859af63d9853422c400c0ae3e,9aac7d6803e9b01bc0be17caa490c3e3f4e710d8ac42c9ecddcb3377376d48e6,$,,9aac7d6803e9b01bc0be17caa490c3e3f4e710d8ac42c9ecddcb3377376d48e6,9aac7d6803e9b01bc0be17caa490c3e3f4e710d8ac42c9ecddcb3377376d48e6,"{""basis"":""ordered nested-math atom; exact symbolic replay"",""kind"":""source-target-formula-map""}"
1.1.0,formula,O007-FREMLIN-V2-S241-FORMULA-0545,O007-FREMLIN-V2-S241,O007-RIGHTS-FREMLIN-DSL,O007-FREMLIN-V2-S241-SEG-241JA,545,241Ja,241Ja,538,548,19479,19482,20885,20888,X,X,4b68ab3847feda7d6c62c1fbcbeebfa35eab7351ed5e78f4ddadea5df64b8015,4b68ab3847feda7d6c62c1fbcbeebfa35eab7351ed5e78f4ddadea5df64b8015,4b68ab3847feda7d6c62c1fbcbeebfa35eab7351ed5e78f4ddadea5df64b8015,$,,4b68ab3847feda7d6c62c1fbcbeebfa35eab7351ed5e78f4ddadea5df64b8015,4b68ab3847feda7d6c62c1fbcbeebfa35eab7351ed5e78f4ddadea5df64b8015,"{""basis"":""ordered nested-math atom; exact symbolic replay"",""kind"":""source-target-formula-map""}"
1.1.0,formula,O007-FREMLIN-V2-S241-FORMULA-0546,O007-FREMLIN-V2-S241,O007-RIGHTS-FREMLIN-DSL,O007-FREMLIN-V2-S241-SEG-241JA,546,241Ja,241Ja,539,549,19518,19532,20927,20941,E\subseteq X,E\subseteq X,aa3c0a928044f4b0c9c5f3b45a1e57acc6e7a85724c0088a403ea490a051c6bb,aa3c0a928044f4b0c9c5f3b45a1e57acc6e7a85724c0088a403ea490a051c6bb,88bbaf139b9053c191f976ae3fe43f2bde97e8642c44c619ed163e416fa3600f,$,,88bbaf139b9053c191f976ae3fe43f2bde97e8642c44c619ed163e416fa3600f,88bbaf139b9053c191f976ae3fe43f2bde97e8642c44c619ed163e416fa3600f,"{""basis"":""ordered nested-math atom; exact symbolic replay"",""kind"":""source-target-formula-map""}"
1.1.0,formula,O007-FREMLIN-V2-S241-FORMULA-0547,O007-FREMLIN-V2-S241,O007-RIGHTS-FREMLIN-DSL,O007-FREMLIN-V2-S241-SEG-241JA,547,241Ja,241Ja,539,549,19543,19554,20962,20973,f\restr E,f\restr E,dabd67a82db3e595ca31515d38f346eea627452920ace0037aa461ac094fb682,dabd67a82db3e595ca31515d38f346eea627452920ace0037aa461ac094fb682,5c3c37148b508ebe496c3c64100e594b99ddf72e61798eda661f9f6c1e12a05c,$,,5c3c37148b508ebe496c3c64100e594b99ddf72e61798eda661f9f6c1e12a05c,5c3c37148b508ebe496c3c64100e594b99ddf72e61798eda661f9f6c1e12a05c,"{""basis"":""ordered nested-math atom; exact symbolic replay"",""kind"":""source-target-formula-map""}"
1.1.0,formula,O007-FREMLIN-V2-S241-FORMULA-0548,O007-FREMLIN-V2-S241,O007-RIGHTS-FREMLIN-DSL,O007-FREMLIN-V2-S241-SEG-241JA,548,241Ja,241Ja,540,550,19622,19625,21042,21045,f,f,252f10c83610ebca1a059c0bae8255eba2f95be4d1d7bcfa89d7248a82d9f111,252f10c83610ebca1a059c0bae8255eba2f95be4d1d7bcfa89d7248a82d9f111,252f10c83610ebca1a059c0bae8255eba2f95be4d1d7bcfa89d7248a82d9f111,$,,252f10c83610ebca1a059c0bae8255eba2f95be4d1d7bcfa89d7248a82d9f111,252f10c83610ebca1a059c0bae8255eba2f95be4d1d7bcfa89d7248a82d9f111,"{""basis"":""ordered nested-math atom; exact symbolic replay"",""kind"":""source-target-formula-map""}"
1.1.0,formula,O007-FREMLIN-V2-S241-FORMULA-0549,O007-FREMLIN-V2-S241,O007-RIGHTS-FREMLIN-DSL,O007-FREMLIN-V2-S241-SEG-241JA,549,241Ja,241Ja,540,551,19641,19657,21070,21086,\eusm L^0(\mu),\eusm L^0(\mu),f001b894df129bf4078946cfaf903c491047b2d121e4611c77d652def6bceb73,f001b894df129bf4078946cfaf903c491047b2d121e4611c77d652def6bceb73,41b6caf438139e8017fbc65c7a88944a4b11695d604501e01b50c1411c553db5,$,,41b6caf438139e8017fbc65c7a88944a4b11695d604501e01b50c1411c553db5,41b6caf438139e8017fbc65c7a88944a4b11695d604501e01b50c1411c553db5,"{""basis"":""ordered nested-math atom; exact symbolic replay"",""kind"":""source-target-formula-map""}"
1.1.0,formula,O007-FREMLIN-V2-S241-FORMULA-0550,O007-FREMLIN-V2-S241,O007-RIGHTS-FREMLIN-DSL,O007-FREMLIN-V2-S241-SEG-241JA,550,241Ja,241Ja,541,552,19673,19705,21109,21141,L^0_{\Bbb C}=L^0_{\Bbb C}(\mu),L^0_{\Bbb C}=L^0_{\Bbb C}(\mu),016449d35f0e1bf92134b57348d7e1cf1c33189e3e73f666381c622a120e9b12,016449d35f0e1bf92134b57348d7e1cf1c33189e3e73f666381c622a120e9b12,b285a0e07513f183d84d3335052a553f1c350ab07a82d45dc44cd7eb36f67c7c,$,,b285a0e07513f183d84d3335052a553f1c350ab07a82d45dc44cd7eb36f67c7c,b285a0e07513f183d84d3335052a553f1c350ab07a82d45dc44cd7eb36f67c7c,"{""basis"":""ordered nested-math atom; exact symbolic replay"",""kind"":""source-target-formula-map""}"
1.1.0,formula,O007-FREMLIN-V2-S241-FORMULA-0551,O007-FREMLIN-V2-S241,O007-RIGHTS-FREMLIN-DSL,O007-FREMLIN-V2-S241-SEG-241JA,551,241Ja,241Ja,542,553,19750,19770,21188,21208,\eusm L^0_{\Bbb C},\eusm L^0_{\Bbb C},138b4612631165d9c7abfc1bbe65e3aacb8cc092d41cf5a3674182fa6726126c,138b4612631165d9c7abfc1bbe65e3aacb8cc092d41cf5a3674182fa6726126c,bc155261448a79af28511fcf91e83ebcd5fbce2f4ab7851aee933050532c2fef,$,,bc155261448a79af28511fcf91e83ebcd5fbce2f4ab7851aee933050532c2fef,bc155261448a79af28511fcf91e83ebcd5fbce2f4ab7851aee933050532c2fef,"{""basis"":""ordered nested-math atom; exact symbolic replay"",""kind"":""source-target-formula-map""}"
1.1.0,formula,O007-FREMLIN-V2-S241-FORMULA-0552,O007-FREMLIN-V2-S241,O007-RIGHTS-FREMLIN-DSL,O007-FREMLIN-V2-S241-SEG-241JA,552,241Ja,241Ja,543,554,19802,19808,21237,21243,\eae,\eae,d1c149a1081d9cdd08422b67588c66fa99ab34eb168c97e5ad89f7d482532bea,d1c149a1081d9cdd08422b67588c66fa99ab34eb168c97e5ad89f7d482532bea,d1c149a1081d9cdd08422b67588c66fa99ab34eb168c97e5ad89f7d482532bea,$,,d1c149a1081d9cdd08422b67588c66fa99ab34eb168c97e5ad89f7d482532bea,d1c149a1081d9cdd08422b67588c66fa99ab34eb168c97e5ad89f7d482532bea,"{""basis"":""ordered nested-math atom; exact symbolic replay"",""kind"":""source-target-formula-map""}"
1.1.0,formula,O007-FREMLIN-V2-S241-FORMULA-0553,O007-FREMLIN-V2-S241,O007-RIGHTS-FREMLIN-DSL,O007-FREMLIN-V2-S241-SEG-241JB,553,241Jb,241Jb,546,558,19936,19950,21394,21408,"L^0_{\Bbb
C}",L^0_{\Bbb C},a06b6f45210e3551b658c79853b9c9f65b2232590cda7ce7e1d06d2dddea1a7a,2927c797185e4ec81744df0fced63d4c7790e8b9933695d530c53a45f7b3475a,226fc6d5ea9a0d1bb7ea4685bf3b8d5da6f10e18c9cf6cfa2e98aeb2b0691e7a,$,,226fc6d5ea9a0d1bb7ea4685bf3b8d5da6f10e18c9cf6cfa2e98aeb2b0691e7a,226fc6d5ea9a0d1bb7ea4685bf3b8d5da6f10e18c9cf6cfa2e98aeb2b0691e7a,"{""basis"":""ordered nested-math atom; exact symbolic replay"",""kind"":""source-target-formula-map""}"
1.1.0,formula,O007-FREMLIN-V2-S241-FORMULA-0554,O007-FREMLIN-V2-S241,O007-RIGHTS-FREMLIN-DSL,O007-FREMLIN-V2-S241-SEG-241JB,554,241Jb,241Jb,547,558,19971,19979,21427,21435,\Bbb C,\Bbb C,e5249a4116297085704e0e00545e57a42be8aef15e8e00dc770a9e42deeb7bde,e5249a4116297085704e0e00545e57a42be8aef15e8e00dc770a9e42deeb7bde,0c2cb475a1da889b7629e2ed039154c62086b4c07ca137eef4bad331c54d72bf,$,,0c2cb475a1da889b7629e2ed039154c62086b4c07ca137eef4bad331c54d72bf,0c2cb475a1da889b7629e2ed039154c62086b4c07ca137eef4bad331c54d72bf,"{""basis"":""ordered nested-math atom; exact symbolic replay"",""kind"":""source-target-formula-map""}"
1.1.0,formula,O007-FREMLIN-V2-S241-FORMULA-0555,O007-FREMLIN-V2-S241,O007-RIGHTS-FREMLIN-DSL,O007-FREMLIN-V2-S241-SEG-241JB,555,241Jb,241Jb,550,562,20103,20143,21580,21620,\{f^{\ssbullet}:f\in\eusm L^0_{\Bbb C},\{f^{\ssbullet}:f\in\eusm L^0_{\Bbb C},5c677d99501d347426a6a942dc9c9d6cbe2d0f6bd16f153bbab9a7b0d9e90b66,5c677d99501d347426a6a942dc9c9d6cbe2d0f6bd16f153bbab9a7b0d9e90b66,b13e3b3a643e37622aa857def0867ab6bde10b2da13a937c8376295a8b47ccc0,$,,b13e3b3a643e37622aa857def0867ab6bde10b2da13a937c8376295a8b47ccc0,b13e3b3a643e37622aa857def0867ab6bde10b2da13a937c8376295a8b47ccc0,"{""basis"":""ordered nested-math atom; exact symbolic replay"",""kind"":""source-target-formula-map""}"
1.1.0,formula,O007-FREMLIN-V2-S241-FORMULA-0556,O007-FREMLIN-V2-S241,O007-RIGHTS-FREMLIN-DSL,O007-FREMLIN-V2-S241-SEG-241JB,556,241Jb,241Jb,550,563,20156,20160,21654,21658,\},\},c7354723e6131b5ec74c8f01425bec37d342f01160f79fdc915ad7c57dcce262,c7354723e6131b5ec74c8f01425bec37d342f01160f79fdc915ad7c57dcce262,c7354723e6131b5ec74c8f01425bec37d342f01160f79fdc915ad7c57dcce262,$,,c7354723e6131b5ec74c8f01425bec37d342f01160f79fdc915ad7c57dcce262,c7354723e6131b5ec74c8f01425bec37d342f01160f79fdc915ad7c57dcce262,"{""basis"":""ordered nested-math atom; exact symbolic replay"",""kind"":""source-target-formula-map""}"
1.1.0,formula,O007-FREMLIN-V2-S241-FORMULA-0557,O007-FREMLIN-V2-S241,O007-RIGHTS-FREMLIN-DSL,O007-FREMLIN-V2-S241-SEG-241JB,557,241Jb,241Jb,553,566,20232,20237,21737,21742,L^0,L^0,efb929291fb3ed4159783d57eb43e4f4183bf2aa2552acd5d70f6ebf7aa04b27,efb929291fb3ed4159783d57eb43e4f4183bf2aa2552acd5d70f6ebf7aa04b27,efb929291fb3ed4159783d57eb43e4f4183bf2aa2552acd5d70f6ebf7aa04b27,$,,efb929291fb3ed4159783d57eb43e4f4183bf2aa2552acd5d70f6ebf7aa04b27,efb929291fb3ed4159783d57eb43e4f4183bf2aa2552acd5d70f6ebf7aa04b27,"{""basis"":""ordered nested-math atom; exact symbolic replay"",""kind"":""source-target-formula-map""}"
1.1.0,formula,O007-FREMLIN-V2-S241-FORMULA-0558,O007-FREMLIN-V2-S241,O007-RIGHTS-FREMLIN-DSL,O007-FREMLIN-V2-S241-SEG-241JB,558,241Jb,241Jb,554,567,20262,20280,21777,21795,u\mapsto\Real(u),u\mapsto\Real(u),12478f8ff34ab95c641f187089cb650d990497a4c7c6236255c17599931983d0,12478f8ff34ab95c641f187089cb650d990497a4c7c6236255c17599931983d0,12478f8ff34ab95c641f187089cb650d990497a4c7c6236255c17599931983d0,$,,12478f8ff34ab95c641f187089cb650d990497a4c7c6236255c17599931983d0,12478f8ff34ab95c641f187089cb650d990497a4c7c6236255c17599931983d0,"{""basis"":""ordered nested-math atom; exact symbolic replay"",""kind"":""source-target-formula-map""}"
1.1.0,formula,O007-FREMLIN-V2-S241-FORMULA-0559,O007-FREMLIN-V2-S241,O007-RIGHTS-FREMLIN-DSL,O007-FREMLIN-V2-S241-SEG-241JB,559,241Jb,241Jb,554,567,20282,20320,21797,21835,"u\mapsto\Imag(u):L^0_{\Bbb C}\to
L^0",u\mapsto\Imag(u):L^0_{\Bbb C}\to L^0,35fde85c1b17ef852c19d976f229384252389ca2680bd0be5c250bd03e2280e6,35e85cd767a9785cdebc6b5a86e166ae36e33439b97015005e9be6698a434345,2b533000686b2d27d61481f5d8ea27a3ce271b7e41c2ea5689022365af98d858,$,,2b533000686b2d27d61481f5d8ea27a3ce271b7e41c2ea5689022365af98d858,2b533000686b2d27d61481f5d8ea27a3ce271b7e41c2ea5689022365af98d858,"{""basis"":""ordered nested-math atom; exact symbolic replay"",""kind"":""source-target-formula-map""}"
1.1.0,formula,O007-FREMLIN-V2-S241-FORMULA-0560,O007-FREMLIN-V2-S241,O007-RIGHTS-FREMLIN-DSL,O007-FREMLIN-V2-S241-SEG-241JB,560,241Jb,241Jb,555,568,20331,20353,21856,21878,u=\Real(u)+i\Imag(u),u=\Real(u)+i\Imag(u),c1301e128fea33db28cf95c6c83fc06e1474e92a7b1d99e863df5009188d62a2,c1301e128fea33db28cf95c6c83fc06e1474e92a7b1d99e863df5009188d62a2,c1301e128fea33db28cf95c6c83fc06e1474e92a7b1d99e863df5009188d62a2,$,,c1301e128fea33db28cf95c6c83fc06e1474e92a7b1d99e863df5009188d62a2,c1301e128fea33db28cf95c6c83fc06e1474e92a7b1d99e863df5009188d62a2,"{""basis"":""ordered nested-math atom; exact symbolic replay"",""kind"":""source-target-formula-map""}"
1.1.0,formula,O007-FREMLIN-V2-S241-FORMULA-0561,O007-FREMLIN-V2-S241,O007-RIGHTS-FREMLIN-DSL,O007-FREMLIN-V2-S241-SEG-241JB,561,241Jb,241Jb,555,568,20364,20367,21892,21895,u,u,0bfe935e70c321c7ca3afc75ce0d0ca2f98b5422e008bb31c00c6d7f1f1c0ad6,0bfe935e70c321c7ca3afc75ce0d0ca2f98b5422e008bb31c00c6d7f1f1c0ad6,0bfe935e70c321c7ca3afc75ce0d0ca2f98b5422e008bb31c00c6d7f1f1c0ad6,$,,0bfe935e70c321c7ca3afc75ce0d0ca2f98b5422e008bb31c00c6d7f1f1c0ad6,0bfe935e70c321c7ca3afc75ce0d0ca2f98b5422e008bb31c00c6d7f1f1c0ad6,"{""basis"":""ordered nested-math atom; exact symbolic replay"",""kind"":""source-target-formula-map""}"
1.1.0,formula,O007-FREMLIN-V2-S241-FORMULA-0562,O007-FREMLIN-V2-S241,O007-RIGHTS-FREMLIN-DSL,O007-FREMLIN-V2-S241-SEG-241JB,562,241Jb,241Jb,558,571,20433,20473,21977,22017,|f^{\ssbullet}|=|f|^{\ssbullet}\in L^0,|f^{\ssbullet}|=|f|^{\ssbullet}\in L^0,49a92c3eb11e7c32380b2ea9822d79223e2ec0ab5fc03df129cd478d813a6095,49a92c3eb11e7c32380b2ea9822d79223e2ec0ab5fc03df129cd478d813a6095,27495641144a17b7b2c91d2109de30a67338d016da086d284395ffc8ed0cf049,$,,27495641144a17b7b2c91d2109de30a67338d016da086d284395ffc8ed0cf049,27495641144a17b7b2c91d2109de30a67338d016da086d284395ffc8ed0cf049,"{""basis"":""ordered nested-math atom; exact symbolic replay"",""kind"":""source-target-formula-map""}"
1.1.0,formula,O007-FREMLIN-V2-S241-FORMULA-0563,O007-FREMLIN-V2-S241,O007-RIGHTS-FREMLIN-DSL,O007-FREMLIN-V2-S241-SEG-241JB,563,241Jb,241Jb,559,572,20484,20508,22031,22055,f\in\eusm L^0_{\Bbb C},f\in\eusm L^0_{\Bbb C},168456e83f447d57069c409012cc5916749de2e131fa8e3084adafe3af37c353,168456e83f447d57069c409012cc5916749de2e131fa8e3084adafe3af37c353,ea0f189df03d79e641682d084fb99bf2179d5ee1dde87e8c004125cd21ad191b,$,,ea0f189df03d79e641682d084fb99bf2179d5ee1dde87e8c004125cd21ad191b,ea0f189df03d79e641682d084fb99bf2179d5ee1dde87e8c004125cd21ad191b,"{""basis"":""ordered nested-math atom; exact symbolic replay"",""kind"":""source-target-formula-map""}"
1.1.0,formula,O007-FREMLIN-V2-S241-FORMULA-0564,O007-FREMLIN-V2-S241,O007-RIGHTS-FREMLIN-DSL,O007-FREMLIN-V2-S241-SEG-241JB,564,241Jb,241Jb,561,574,20553,20566,22096,22109,|cu|=|c||u|,|cu|=|c||u|,2b5023873d8d434d13fedc1e67a0a3980391e24f0b5a9950507ec3d90cd1611a,2b5023873d8d434d13fedc1e67a0a3980391e24f0b5a9950507ec3d90cd1611a,2b5023873d8d434d13fedc1e67a0a3980391e24f0b5a9950507ec3d90cd1611a,$,,2b5023873d8d434d13fedc1e67a0a3980391e24f0b5a9950507ec3d90cd1611a,2b5023873d8d434d13fedc1e67a0a3980391e24f0b5a9950507ec3d90cd1611a,"{""basis"":""ordered nested-math atom; exact symbolic replay"",""kind"":""source-target-formula-map""}"
1.1.0,formula,O007-FREMLIN-V2-S241-FORMULA-0565,O007-FREMLIN-V2-S241,O007-RIGHTS-FREMLIN-DSL,O007-FREMLIN-V2-S241-SEG-241JB,565,241Jb,241Jb,562,575,20568,20585,22111,22128,|u+v|\le|u|+|v|,|u+v|\le|u|+|v|,153d2fc061b36d00d3f4463a4fcc40c7787e2292ffaf5906edd6da3efb25a772,153d2fc061b36d00d3f4463a4fcc40c7787e2292ffaf5906edd6da3efb25a772,153d2fc061b36d00d3f4463a4fcc40c7787e2292ffaf5906edd6da3efb25a772,$,,153d2fc061b36d00d3f4463a4fcc40c7787e2292ffaf5906edd6da3efb25a772,153d2fc061b36d00d3f4463a4fcc40c7787e2292ffaf5906edd6da3efb25a772,"{""basis"":""ordered nested-math atom; exact symbolic replay"",""kind"":""source-target-formula-map""}"
1.1.0,formula,O007-FREMLIN-V2-S241-FORMULA-0566,O007-FREMLIN-V2-S241,O007-RIGHTS-FREMLIN-DSL,O007-FREMLIN-V2-S241-SEG-241JB,566,241Jb,241Jb,562,575,20590,20593,22135,22138,u,u,0bfe935e70c321c7ca3afc75ce0d0ca2f98b5422e008bb31c00c6d7f1f1c0ad6,0bfe935e70c321c7ca3afc75ce0d0ca2f98b5422e008bb31c00c6d7f1f1c0ad6,0bfe935e70c321c7ca3afc75ce0d0ca2f98b5422e008bb31c00c6d7f1f1c0ad6,$,,0bfe935e70c321c7ca3afc75ce0d0ca2f98b5422e008bb31c00c6d7f1f1c0ad6,0bfe935e70c321c7ca3afc75ce0d0ca2f98b5422e008bb31c00c6d7f1f1c0ad6,"{""basis"":""ordered nested-math atom; exact symbolic replay"",""kind"":""source-target-formula-map""}"
1.1.0,formula,O007-FREMLIN-V2-S241-FORMULA-0567,O007-FREMLIN-V2-S241,O007-RIGHTS-FREMLIN-DSL,O007-FREMLIN-V2-S241-SEG-241JB,567,241Jb,241Jb,562,575,20595,20614,22140,22159,v\in L^0_{\Bbb C},v\in L^0_{\Bbb C},41ddae8e027c888bb51886dd4187a02f629d58e5d49f0958e2a454934be2f23f,41ddae8e027c888bb51886dd4187a02f629d58e5d49f0958e2a454934be2f23f,fd1f4c15332cff00addab7bf4a662a0da663cb3de4849c8eee0ca997980e6fd9,$,,fd1f4c15332cff00addab7bf4a662a0da663cb3de4849c8eee0ca997980e6fd9,fd1f4c15332cff00addab7bf4a662a0da663cb3de4849c8eee0ca997980e6fd9,"{""basis"":""ordered nested-math atom; exact symbolic replay"",""kind"":""source-target-formula-map""}"
1.1.0,formula,O007-FREMLIN-V2-S241-FORMULA-0568,O007-FREMLIN-V2-S241,O007-RIGHTS-FREMLIN-DSL,O007-FREMLIN-V2-S241-SEG-241JB,568,241Jb,241Jb,563,576,20619,20631,22164,22176,c\in\Bbb C,c\in\Bbb C,8cbbe08372e94b47736763dc40dc409ae9239bed3ec96a4dfbc8dcb0ced0ad99,8cbbe08372e94b47736763dc40dc409ae9239bed3ec96a4dfbc8dcb0ced0ad99,d0d132dba4df0842806e951424362dbdf4ff2a1967238f7685c6c0ecfd7ffab6,$,,d0d132dba4df0842806e951424362dbdf4ff2a1967238f7685c6c0ecfd7ffab6,d0d132dba4df0842806e951424362dbdf4ff2a1967238f7685c6c0ecfd7ffab6,"{""basis"":""ordered nested-math atom; exact symbolic replay"",""kind"":""source-target-formula-map""}"
1.1.0,formula,O007-FREMLIN-V2-S241-FORMULA-0569,O007-FREMLIN-V2-S241,O007-RIGHTS-FREMLIN-DSL,O007-FREMLIN-V2-S241-SEG-241JB,569,241Jb,241Jb,564,577,20709,20723,22262,22276,L^0_{\Bbb C},L^0_{\Bbb C},2927c797185e4ec81744df0fced63d4c7790e8b9933695d530c53a45f7b3475a,2927c797185e4ec81744df0fced63d4c7790e8b9933695d530c53a45f7b3475a,226fc6d5ea9a0d1bb7ea4685bf3b8d5da6f10e18c9cf6cfa2e98aeb2b0691e7a,$,,226fc6d5ea9a0d1bb7ea4685bf3b8d5da6f10e18c9cf6cfa2e98aeb2b0691e7a,226fc6d5ea9a0d1bb7ea4685bf3b8d5da6f10e18c9cf6cfa2e98aeb2b0691e7a,"{""basis"":""ordered nested-math atom; exact symbolic replay"",""kind"":""source-target-formula-map""}"
1.1.0,formula,O007-FREMLIN-V2-S241-FORMULA-0570,O007-FREMLIN-V2-S241,O007-RIGHTS-FREMLIN-DSL,O007-FREMLIN-V2-S241-SEG-241JC,570,241Jc,241Jc,567,581,20840,20859,22392,22411,"u\in
L^0_{\Bbb C}",u\in L^0_{\Bbb C},b12a6bf91f86f0dc0f2356de1921d2cfc31136fd1c4712fa3b1a33435ec76593,d53336e42584f1f3beb36038f3efc50625dfb5a4762cc933ea9aecefc29deb44,6499558a905b1b70d2d6421b94ed4b52bcb82ea3383e7d04d452d7a37dad24c3,$,,6499558a905b1b70d2d6421b94ed4b52bcb82ea3383e7d04d452d7a37dad24c3,6499558a905b1b70d2d6421b94ed4b52bcb82ea3383e7d04d452d7a37dad24c3,"{""basis"":""ordered nested-math atom; exact symbolic replay"",""kind"":""source-target-formula-map""}"
1.1.0,formula,O007-FREMLIN-V2-S241-FORMULA-0571,O007-FREMLIN-V2-S241,O007-RIGHTS-FREMLIN-DSL,O007-FREMLIN-V2-S241-SEG-241JC,571,241Jc,241Jc,568,581,20861,20866,22413,22418,|u|,|u|,376762ac9c67070c18178db34c86a162a486986f910155d9d248d77e8565f07b,376762ac9c67070c18178db34c86a162a486986f910155d9d248d77e8565f07b,376762ac9c67070c18178db34c86a162a486986f910155d9d248d77e8565f07b,$,,376762ac9c67070c18178db34c86a162a486986f910155d9d248d77e8565f07b,376762ac9c67070c18178db34c86a162a486986f910155d9d248d77e8565f07b,"{""basis"":""ordered nested-math atom; exact symbolic replay"",""kind"":""source-target-formula-map""}"
1.1.0,formula,O007-FREMLIN-V2-S241-FORMULA-0572,O007-FREMLIN-V2-S241,O007-RIGHTS-FREMLIN-DSL,O007-FREMLIN-V2-S241-SEG-241JC,572,241Jc,241Jc,568,581,20886,20891,22444,22449,L^0,L^0,efb929291fb3ed4159783d57eb43e4f4183bf2aa2552acd5d70f6ebf7aa04b27,efb929291fb3ed4159783d57eb43e4f4183bf2aa2552acd5d70f6ebf7aa04b27,efb929291fb3ed4159783d57eb43e4f4183bf2aa2552acd5d70f6ebf7aa04b27,$,,efb929291fb3ed4159783d57eb43e4f4183bf2aa2552acd5d70f6ebf7aa04b27,efb929291fb3ed4159783d57eb43e4f4183bf2aa2552acd5d70f6ebf7aa04b27,"{""basis"":""ordered nested-math atom; exact symbolic replay"",""kind"":""source-target-formula-map""}"
1.1.0,formula,O007-FREMLIN-V2-S241-FORMULA-0573,O007-FREMLIN-V2-S241,O007-RIGHTS-FREMLIN-DSL,O007-FREMLIN-V2-S241-SEG-241JC,573,241Jc,241Jc,568,582,20895,20942,22455,22502,"\{\Real(\zeta
u):\zeta\in\Bbb C,\,|\zeta|=1\}","\{\Real(\zeta u):\zeta\in\Bbb C,\,|\zeta|=1\}",952f22053b035c867399ede6f5ba5ecdf4911ea0d11dc8f66923e7e9e8a205ed,a55d3a13bbbb123fe2f107f441ba2f46caf025efaa8609e6d34e77d62258a9cd,7e90e864c3f9b29475da0ede8f04dad06dafc6ef40d0a39237aa1b8f0e0e4fba,$,,7e90e864c3f9b29475da0ede8f04dad06dafc6ef40d0a39237aa1b8f0e0e4fba,7e90e864c3f9b29475da0ede8f04dad06dafc6ef40d0a39237aa1b8f0e0e4fba,"{""basis"":""ordered nested-math atom; exact symbolic replay"",""kind"":""source-target-formula-map""}"
1.1.0,formula,O007-FREMLIN-V2-S241-FORMULA-0574,O007-FREMLIN-V2-S241,O007-RIGHTS-FREMLIN-DSL,O007-FREMLIN-V2-S241-SEG-241JC,574,241Jc,241Jc,569,583,20968,20979,22529,22540,|\zeta|=1,|\zeta|=1,377e757ff6ffab129972f12780adf802cb1c086554332d0f498ad01bf47847d2,377e757ff6ffab129972f12780adf802cb1c086554332d0f498ad01bf47847d2,377e757ff6ffab129972f12780adf802cb1c086554332d0f498ad01bf47847d2,$,,377e757ff6ffab129972f12780adf802cb1c086554332d0f498ad01bf47847d2,377e757ff6ffab129972f12780adf802cb1c086554332d0f498ad01bf47847d2,"{""basis"":""ordered nested-math atom; exact symbolic replay"",""kind"":""source-target-formula-map""}"
1.1.0,formula,O007-FREMLIN-V2-S241-FORMULA-0575,O007-FREMLIN-V2-S241,O007-RIGHTS-FREMLIN-DSL,O007-FREMLIN-V2-S241-SEG-241JC,575,241Jc,241Jc,570,583,20986,21018,22547,22579,\Real(\zeta u)\le|\zeta u|=|u|,\Real(\zeta u)\le|\zeta u|=|u|,c31b4ef36d8635fdd7b4de79a665a193dd645bedd463a2258aab93be28b08118,c31b4ef36d8635fdd7b4de79a665a193dd645bedd463a2258aab93be28b08118,81a10012dfcec578a404a90b9a67047730020249d521e5656fcf62913c1865f6,$,,81a10012dfcec578a404a90b9a67047730020249d521e5656fcf62913c1865f6,81a10012dfcec578a404a90b9a67047730020249d521e5656fcf62913c1865f6,"{""basis"":""ordered nested-math atom; exact symbolic replay"",""kind"":""source-target-formula-map""}"
1.1.0,formula,O007-FREMLIN-V2-S241-FORMULA-0576,O007-FREMLIN-V2-S241,O007-RIGHTS-FREMLIN-DSL,O007-FREMLIN-V2-S241-SEG-241JC,576,241Jc,241Jc,570,584,21025,21030,22587,22592,|u|,|u|,376762ac9c67070c18178db34c86a162a486986f910155d9d248d77e8565f07b,376762ac9c67070c18178db34c86a162a486986f910155d9d248d77e8565f07b,376762ac9c67070c18178db34c86a162a486986f910155d9d248d77e8565f07b,$,,376762ac9c67070c18178db34c86a162a486986f910155d9d248d77e8565f07b,376762ac9c67070c18178db34c86a162a486986f910155d9d248d77e8565f07b,"{""basis"":""ordered nested-math atom; exact symbolic replay"",""kind"":""source-target-formula-map""}"
1.1.0,formula,O007-FREMLIN-V2-S241-FORMULA-0577,O007-FREMLIN-V2-S241,O007-RIGHTS-FREMLIN-DSL,O007-FREMLIN-V2-S241-SEG-241JC,577,241Jc,241Jc,571,585,21052,21082,22619,22649,\{\Real(\zeta u):|\zeta|=1\},\{\Real(\zeta u):|\zeta|=1\},f080479ad44dcae7657ef77bde56b7b65d959e3c1129413a360b6cf609ef10c2,f080479ad44dcae7657ef77bde56b7b65d959e3c1129413a360b6cf609ef10c2,b16deb91b53207b96ddd591f0a223658575d65ed9a4dbe577bebf1b898ec2efd,$,,b16deb91b53207b96ddd591f0a223658575d65ed9a4dbe577bebf1b898ec2efd,b16deb91b53207b96ddd591f0a223658575d65ed9a4dbe577bebf1b898ec2efd,"{""basis"":""ordered nested-math atom; exact symbolic replay"",""kind"":""source-target-formula-map""}"
1.1.0,formula,O007-FREMLIN-V2-S241-FORMULA-0578,O007-FREMLIN-V2-S241,O007-RIGHTS-FREMLIN-DSL,O007-FREMLIN-V2-S241-SEG-241JC,578,241Jc,241Jc,571,585,21094,21104,22661,22671,v\in L^0,v\in L^0,f19b89c4a2c7f7474e837d24a75e09b5c489b58e1192b06c96a34a34ce0ba6fe,f19b89c4a2c7f7474e837d24a75e09b5c489b58e1192b06c96a34a34ce0ba6fe,4ba74b005e769f6fc3b30eb7fd3273974b3ec1a6e2eb7b7bb5185492a7be12fe,$,,4ba74b005e769f6fc3b30eb7fd3273974b3ec1a6e2eb7b7bb5185492a7be12fe,4ba74b005e769f6fc3b30eb7fd3273974b3ec1a6e2eb7b7bb5185492a7be12fe,"{""basis"":""ordered nested-math atom; exact symbolic replay"",""kind"":""source-target-formula-map""}"
1.1.0,formula,O007-FREMLIN-V2-S241-FORMULA-0579,O007-FREMLIN-V2-S241,O007-RIGHTS-FREMLIN-DSL,O007-FREMLIN-V2-S241-SEG-241JC,579,241Jc,241Jc,571,586,21109,21130,22676,22697,"\Real(\zeta
u)\le v",\Real(\zeta u)\le v,bf38b9593c5fe568c352cedfc5f9842ff941bf03393e9822877d3be040c2e392,e9028cd8428f0edea83fecb31efb50552f0ff474732de6c6ce8f9c176024c87e,563df4ca568567dabad978e6c17523a3b529f579b1873211932da65a62b9b4be,$,,563df4ca568567dabad978e6c17523a3b529f579b1873211932da65a62b9b4be,563df4ca568567dabad978e6c17523a3b529f579b1873211932da65a62b9b4be,"{""basis"":""ordered nested-math atom; exact symbolic replay"",""kind"":""source-target-formula-map""}"
1.1.0,formula,O007-FREMLIN-V2-S241-FORMULA-0580,O007-FREMLIN-V2-S241,O007-RIGHTS-FREMLIN-DSL,O007-FREMLIN-V2-S241-SEG-241JC,580,241Jc,241Jc,572,586,21140,21151,22708,22719,|\zeta|=1,|\zeta|=1,377e757ff6ffab129972f12780adf802cb1c086554332d0f498ad01bf47847d2,377e757ff6ffab129972f12780adf802cb1c086554332d0f498ad01bf47847d2,377e757ff6ffab129972f12780adf802cb1c086554332d0f498ad01bf47847d2,$,,377e757ff6ffab129972f12780adf802cb1c086554332d0f498ad01bf47847d2,377e757ff6ffab129972f12780adf802cb1c086554332d0f498ad01bf47847d2,"{""basis"":""ordered nested-math atom; exact symbolic replay"",""kind"":""source-target-formula-map""}"
1.1.0,formula,O007-FREMLIN-V2-S241-FORMULA-0581,O007-FREMLIN-V2-S241,O007-RIGHTS-FREMLIN-DSL,O007-FREMLIN-V2-S241-SEG-241JC,581,241Jc,241Jc,572,586,21166,21169,22730,22733,u,u,0bfe935e70c321c7ca3afc75ce0d0ca2f98b5422e008bb31c00c6d7f1f1c0ad6,0bfe935e70c321c7ca3afc75ce0d0ca2f98b5422e008bb31c00c6d7f1f1c0ad6,0bfe935e70c321c7ca3afc75ce0d0ca2f98b5422e008bb31c00c6d7f1f1c0ad6,$,,0bfe935e70c321c7ca3afc75ce0d0ca2f98b5422e008bb31c00c6d7f1f1c0ad6,0bfe935e70c321c7ca3afc75ce0d0ca2f98b5422e008bb31c00c6d7f1f1c0ad6,"{""basis"":""ordered nested-math atom; exact symbolic replay"",""kind"":""source-target-formula-map""}"
1.1.0,formula,O007-FREMLIN-V2-S241-FORMULA-0582,O007-FREMLIN-V2-S241,O007-RIGHTS-FREMLIN-DSL,O007-FREMLIN-V2-S241-SEG-241JC,582,241Jc,241Jc,572,586,21171,21174,22735,22738,v,v,4c94485e0c21ae6c41ce1dfe7b6bfaceea5ab68e40a2476f50208e526f506080,4c94485e0c21ae6c41ce1dfe7b6bfaceea5ab68e40a2476f50208e526f506080,4c94485e0c21ae6c41ce1dfe7b6bfaceea5ab68e40a2476f50208e526f506080,$,,4c94485e0c21ae6c41ce1dfe7b6bfaceea5ab68e40a2476f50208e526f506080,4c94485e0c21ae6c41ce1dfe7b6bfaceea5ab68e40a2476f50208e526f506080,"{""basis"":""ordered nested-math atom; exact symbolic replay"",""kind"":""source-target-formula-map""}"
1.1.0,formula,O007-FREMLIN-V2-S241-FORMULA-0583,O007-FREMLIN-V2-S241,O007-RIGHTS-FREMLIN-DSL,O007-FREMLIN-V2-S241-SEG-241JC,583,241Jc,241Jc,572,587,21178,21193,22747,22762,f^{\ssbullet},f^{\ssbullet},c88b6704184d07d6ea167268aeb1cf90af08429c76b2a89c8a8a947a903bf504,c88b6704184d07d6ea167268aeb1cf90af08429c76b2a89c8a8a947a903bf504,c88b6704184d07d6ea167268aeb1cf90af08429c76b2a89c8a8a947a903bf504,$,,c88b6704184d07d6ea167268aeb1cf90af08429c76b2a89c8a8a947a903bf504,c88b6704184d07d6ea167268aeb1cf90af08429c76b2a89c8a8a947a903bf504,"{""basis"":""ordered nested-math atom; exact symbolic replay"",""kind"":""source-target-formula-map""}"
1.1.0,formula,O007-FREMLIN-V2-S241-FORMULA-0584,O007-FREMLIN-V2-S241,O007-RIGHTS-FREMLIN-DSL,O007-FREMLIN-V2-S241-SEG-241JC,584,241Jc,241Jc,573,587,21195,21210,22764,22779,g^{\ssbullet},g^{\ssbullet},6d2f0d6dad6307055f463152d9d0df18b087365d9121938536ca35285adbcf48,6d2f0d6dad6307055f463152d9d0df18b087365d9121938536ca35285adbcf48,6d2f0d6dad6307055f463152d9d0df18b087365d9121938536ca35285adbcf48,$,,6d2f0d6dad6307055f463152d9d0df18b087365d9121938536ca35285adbcf48,6d2f0d6dad6307055f463152d9d0df18b087365d9121938536ca35285adbcf48,"{""basis"":""ordered nested-math atom; exact symbolic replay"",""kind"":""source-target-formula-map""}"
1.1.0,formula,O007-FREMLIN-V2-S241-FORMULA-0585,O007-FREMLIN-V2-S241,O007-RIGHTS-FREMLIN-DSL,O007-FREMLIN-V2-S241-SEG-241JC,585,241Jc,241Jc,573,587,21217,21231,22787,22801,f:X\to\Bbb C,f:X\to\Bbb C,d788a21faa55c7801d239be9cf2631b444a4a405bce18834b0550cc45ee58c02,d788a21faa55c7801d239be9cf2631b444a4a405bce18834b0550cc45ee58c02,dac480ad6381d25261abef6a31d98d067153f98357130adf5b05d9a1bbb48a37,$,,dac480ad6381d25261abef6a31d98d067153f98357130adf5b05d9a1bbb48a37,dac480ad6381d25261abef6a31d98d067153f98357130adf5b05d9a1bbb48a37,"{""basis"":""ordered nested-math atom; exact symbolic replay"",""kind"":""source-target-formula-map""}"
1.1.0,formula,O007-FREMLIN-V2-S241-FORMULA-0586,O007-FREMLIN-V2-S241,O007-RIGHTS-FREMLIN-DSL,O007-FREMLIN-V2-S241-SEG-241JC,586,241Jc,241Jc,573,588,21236,21250,22806,22820,g:X\to\Bbb R,g:X\to\Bbb R,ae67e09930dfed9786f0602088c85bffce1c1e0aaef972caff1a6a2339955493,ae67e09930dfed9786f0602088c85bffce1c1e0aaef972caff1a6a2339955493,4d26ac84228ca066440b7f110976cbabed7896bf76f2b4b46e99f81082491f9f,$,,4d26ac84228ca066440b7f110976cbabed7896bf76f2b4b46e99f81082491f9f,4d26ac84228ca066440b7f110976cbabed7896bf76f2b4b46e99f81082491f9f,"{""basis"":""ordered nested-math atom; exact symbolic replay"",""kind"":""source-target-formula-map""}"
1.1.0,formula,O007-FREMLIN-V2-S241-FORMULA-0587,O007-FREMLIN-V2-S241,O007-RIGHTS-FREMLIN-DSL,O007-FREMLIN-V2-S241-SEG-241JC,587,241Jc,241Jc,574,588,21275,21287,22845,22857,q\in\Bbb Q,q\in\Bbb Q,b2d53b72f8212323ba1eb1c5dfae817e6163755336844a75601a5e57ebd1fe45,b2d53b72f8212323ba1eb1c5dfae817e6163755336844a75601a5e57ebd1fe45,b6c2391330e2749fd48307c5e2335fcc5e25855d87905d447a3df38bcd2eea49,$,,b6c2391330e2749fd48307c5e2335fcc5e25855d87905d447a3df38bcd2eea49,b6c2391330e2749fd48307c5e2335fcc5e25855d87905d447a3df38bcd2eea49,"{""basis"":""ordered nested-math atom; exact symbolic replay"",""kind"":""source-target-formula-map""}"
1.1.0,formula,O007-FREMLIN-V2-S241-FORMULA-0588,O007-FREMLIN-V2-S241,O007-RIGHTS-FREMLIN-DSL,O007-FREMLIN-V2-S241-SEG-241JC,588,241Jc,241Jc,574,588,21289,21297,22859,22867,x\in X,x\in X,d9448dfd3954dd39c12d483afd23d561b1b7d735af5f430b5dc457e6fa9ef99b,d9448dfd3954dd39c12d483afd23d561b1b7d735af5f430b5dc457e6fa9ef99b,858979f0c33c5f45e30780b82e2fa00184311296fbb7ef6bf3f4a6007c9b9cb1,$,,858979f0c33c5f45e30780b82e2fa00184311296fbb7ef6bf3f4a6007c9b9cb1,858979f0c33c5f45e30780b82e2fa00184311296fbb7ef6bf3f4a6007c9b9cb1,"{""basis"":""ordered nested-math atom; exact symbolic replay"",""kind"":""source-target-formula-map""}"
1.1.0,formula,O007-FREMLIN-V2-S241-FORMULA-0589,O007-FREMLIN-V2-S241,O007-RIGHTS-FREMLIN-DSL,O007-FREMLIN-V2-S241-SEG-241JC,589,241Jc,241Jc,574,589,21302,21329,22878,22904,f_q(x)=\Real(e^{iqx}f(x)),f_q(x)=\Real(e^{iq}f(x)),c83eec622e0abd47a314809b99ff3385f91bc938b2d620f6d1955a420d5a6ef3,bea6e0e2b16eb3379b993f95cc64fdf0ff4b1c114b2736ba5c836439d82ca16d,bea6e0e2b16eb3379b993f95cc64fdf0ff4b1c114b2736ba5c836439d82ca16d,$,"[""O007-CORR-0119""]",c83eec622e0abd47a314809b99ff3385f91bc938b2d620f6d1955a420d5a6ef3,bea6e0e2b16eb3379b993f95cc64fdf0ff4b1c114b2736ba5c836439d82ca16d,"{""basis"":""ordered nested-math atom; ledgered source correction"",""kind"":""source-target-formula-map""}"
1.1.0,formula,O007-FREMLIN-V2-S241-FORMULA-0590,O007-FREMLIN-V2-S241,O007-RIGHTS-FREMLIN-DSL,O007-FREMLIN-V2-S241-SEG-241JC,590,241Jc,241Jc,575,589,21338,21350,22911,22923,f_q\leae g,f_q\leae g,1da2250705c052524346b11f5c324391c32f35356ec7590d05007eafba306d18,1da2250705c052524346b11f5c324391c32f35356ec7590d05007eafba306d18,b8abe9979dee1c080119b5b859f78e1314b56dec02cd75e121aef4d01ad85b61,$,,b8abe9979dee1c080119b5b859f78e1314b56dec02cd75e121aef4d01ad85b61,b8abe9979dee1c080119b5b859f78e1314b56dec02cd75e121aef4d01ad85b61,"{""basis"":""ordered nested-math atom; exact symbolic replay"",""kind"":""source-target-formula-map""}"
1.1.0,formula,O007-FREMLIN-V2-S241-FORMULA-0591,O007-FREMLIN-V2-S241,O007-RIGHTS-FREMLIN-DSL,O007-FREMLIN-V2-S241-SEG-241JC,591,241Jc,241Jc,575,590,21366,21388,22942,22964,H=\{x:f_q(x)\le g(x),H=\{x:f_q(x)\le g(x),f4893d179a4a4c25bd535dbe5d5d393a1e00f2b960de6c7623cd420bc8b31674,f4893d179a4a4c25bd535dbe5d5d393a1e00f2b960de6c7623cd420bc8b31674,7621a28b3e4c4687b3f8106d039308a718acace8d4410b64df1b9888322ba652,$,,7621a28b3e4c4687b3f8106d039308a718acace8d4410b64df1b9888322ba652,7621a28b3e4c4687b3f8106d039308a718acace8d4410b64df1b9888322ba652,"{""basis"":""ordered nested-math atom; exact symbolic replay"",""kind"":""source-target-formula-map""}"
1.1.0,formula,O007-FREMLIN-V2-S241-FORMULA-0592,O007-FREMLIN-V2-S241,O007-RIGHTS-FREMLIN-DSL,O007-FREMLIN-V2-S241-SEG-241JC,592,241Jc,241Jc,576,590,21399,21413,22978,22992,q\in\Bbb Q\},q\in\Bbb Q\},72cf7328e539f4aeafd4b1eca6923ee1919ece264dcc318470b5066e94086443,72cf7328e539f4aeafd4b1eca6923ee1919ece264dcc318470b5066e94086443,d8fccddd729870dfe384fec09b3a6d52dcc23b6a0ca6055ac4b6335f86ddc28e,$,,d8fccddd729870dfe384fec09b3a6d52dcc23b6a0ca6055ac4b6335f86ddc28e,d8fccddd729870dfe384fec09b3a6d52dcc23b6a0ca6055ac4b6335f86ddc28e,"{""basis"":""ordered nested-math atom; exact symbolic replay"",""kind"":""source-target-formula-map""}"
1.1.0,formula,O007-FREMLIN-V2-S241-FORMULA-0593,O007-FREMLIN-V2-S241,O007-RIGHTS-FREMLIN-DSL,O007-FREMLIN-V2-S241-SEG-241JC,593,241Jc,241Jc,577,591,21447,21471,23025,23049,H=\{x:|f(x)|\le g(x)\},H=\{x:|f(x)|\le g(x)\},490a37093132e620ca5de1aa331521837552ae2a64d044fe7f42e2d737db981d,490a37093132e620ca5de1aa331521837552ae2a64d044fe7f42e2d737db981d,3430473ee5eb4979d4dcfaa445cdad3d9f8cb04d7762b1607cfd62bd526d1a56,$,,3430473ee5eb4979d4dcfaa445cdad3d9f8cb04d7762b1607cfd62bd526d1a56,3430473ee5eb4979d4dcfaa445cdad3d9f8cb04d7762b1607cfd62bd526d1a56,"{""basis"":""ordered nested-math atom; exact symbolic replay"",""kind"":""source-target-formula-map""}"
1.1.0,formula,O007-FREMLIN-V2-S241-FORMULA-0594,O007-FREMLIN-V2-S241,O007-RIGHTS-FREMLIN-DSL,O007-FREMLIN-V2-S241-SEG-241JC,594,241Jc,241Jc,578,591,21476,21488,23060,23072,|f|\leae g,|f|\leae g,c7649ca8b616b058e69491fff4ea8be9d6070156e73138f3159465c60729a3a1,c7649ca8b616b058e69491fff4ea8be9d6070156e73138f3159465c60729a3a1,95fd0d1b3cef5b4250f89cc1ea376b5f47bcfea95698d57fc19ad604b9fd27e2,$,,95fd0d1b3cef5b4250f89cc1ea376b5f47bcfea95698d57fc19ad604b9fd27e2,95fd0d1b3cef5b4250f89cc1ea376b5f47bcfea95698d57fc19ad604b9fd27e2,"{""basis"":""ordered nested-math atom; exact symbolic replay"",""kind"":""source-target-formula-map""}"
1.1.0,formula,O007-FREMLIN-V2-S241-FORMULA-0595,O007-FREMLIN-V2-S241,O007-RIGHTS-FREMLIN-DSL,O007-FREMLIN-V2-S241-SEG-241JC,595,241Jc,241Jc,578,592,21493,21503,23077,23087,|u|\le v,|u|\le v,71e2960a637aad5418d3c13a60bdb23b6cdf5f3a56efc2695314addf4dac9ff3,71e2960a637aad5418d3c13a60bdb23b6cdf5f3a56efc2695314addf4dac9ff3,947ef1632b3fd4d827b22c0884c75b2697706288802064718a79d7aa0065ffb5,$,,947ef1632b3fd4d827b22c0884c75b2697706288802064718a79d7aa0065ffb5,947ef1632b3fd4d827b22c0884c75b2697706288802064718a79d7aa0065ffb5,"{""basis"":""ordered nested-math atom; exact symbolic replay"",""kind"":""source-target-formula-map""}"
1.1.0,formula,O007-FREMLIN-V2-S241-FORMULA-0596,O007-FREMLIN-V2-S241,O007-RIGHTS-FREMLIN-DSL,O007-FREMLIN-V2-S241-SEG-241JC,596,241Jc,241Jc,578,592,21510,21513,23096,23099,v,v,4c94485e0c21ae6c41ce1dfe7b6bfaceea5ab68e40a2476f50208e526f506080,4c94485e0c21ae6c41ce1dfe7b6bfaceea5ab68e40a2476f50208e526f506080,4c94485e0c21ae6c41ce1dfe7b6bfaceea5ab68e40a2476f50208e526f506080,$,,4c94485e0c21ae6c41ce1dfe7b6bfaceea5ab68e40a2476f50208e526f506080,4c94485e0c21ae6c41ce1dfe7b6bfaceea5ab68e40a2476f50208e526f506080,"{""basis"":""ordered nested-math atom; exact symbolic replay"",""kind"":""source-target-formula-map""}"
1.1.0,formula,O007-FREMLIN-V2-S241-FORMULA-0597,O007-FREMLIN-V2-S241,O007-RIGHTS-FREMLIN-DSL,O007-FREMLIN-V2-S241-SEG-241JC,597,241Jc,241Jc,578,592,21528,21533,23110,23115,|u|,|u|,376762ac9c67070c18178db34c86a162a486986f910155d9d248d77e8565f07b,376762ac9c67070c18178db34c86a162a486986f910155d9d248d77e8565f07b,376762ac9c67070c18178db34c86a162a486986f910155d9d248d77e8565f07b,$,,376762ac9c67070c18178db34c86a162a486986f910155d9d248d77e8565f07b,376762ac9c67070c18178db34c86a162a486986f910155d9d248d77e8565f07b,"{""basis"":""ordered nested-math atom; exact symbolic replay"",""kind"":""source-target-formula-map""}"
1.1.0,formula,O007-FREMLIN-V2-S241-FORMULA-0598,O007-FREMLIN-V2-S241,O007-RIGHTS-FREMLIN-DSL,O007-FREMLIN-V2-S241-SEG-241JC,598,241Jc,241Jc,579,593,21562,21592,23151,23181,\{\Real(\zeta u):|\zeta|=1\},\{\Real(\zeta u):|\zeta|=1\},f080479ad44dcae7657ef77bde56b7b65d959e3c1129413a360b6cf609ef10c2,f080479ad44dcae7657ef77bde56b7b65d959e3c1129413a360b6cf609ef10c2,b16deb91b53207b96ddd591f0a223658575d65ed9a4dbe577bebf1b898ec2efd,$,,b16deb91b53207b96ddd591f0a223658575d65ed9a4dbe577bebf1b898ec2efd,b16deb91b53207b96ddd591f0a223658575d65ed9a4dbe577bebf1b898ec2efd,"{""basis"":""ordered nested-math atom; exact symbolic replay"",""kind"":""source-target-formula-map""}"
1.1.0,formula,O007-FREMLIN-V2-S241-FORMULA-0599,O007-FREMLIN-V2-S241,O007-RIGHTS-FREMLIN-DSL,O007-FREMLIN-V2-S241-SEG-241X,599,241X,241X,582,596,21644,21653,23231,23240,\pmb{>},\pmb{>},b67713980e18668220318c063c5527913bfdd7093a1cf6a15fa9d84ec30d97c1,b67713980e18668220318c063c5527913bfdd7093a1cf6a15fa9d84ec30d97c1,b67713980e18668220318c063c5527913bfdd7093a1cf6a15fa9d84ec30d97c1,$,,b67713980e18668220318c063c5527913bfdd7093a1cf6a15fa9d84ec30d97c1,b67713980e18668220318c063c5527913bfdd7093a1cf6a15fa9d84ec30d97c1,"{""basis"":""ordered nested-math atom; exact symbolic replay"",""kind"":""source-target-formula-map""}"
1.1.0,formula,O007-FREMLIN-V2-S241-FORMULA-0600,O007-FREMLIN-V2-S241,O007-RIGHTS-FREMLIN-DSL,O007-FREMLIN-V2-S241-SEG-241X,600,241X,241X,584,598,21679,21682,23271,23274,X,X,4b68ab3847feda7d6c62c1fbcbeebfa35eab7351ed5e78f4ddadea5df64b8015,4b68ab3847feda7d6c62c1fbcbeebfa35eab7351ed5e78f4ddadea5df64b8015,4b68ab3847feda7d6c62c1fbcbeebfa35eab7351ed5e78f4ddadea5df64b8015,$,,4b68ab3847feda7d6c62c1fbcbeebfa35eab7351ed5e78f4ddadea5df64b8015,4b68ab3847feda7d6c62c1fbcbeebfa35eab7351ed5e78f4ddadea5df64b8015,"{""basis"":""ordered nested-math atom; exact symbolic replay"",""kind"":""source-target-formula-map""}"
1.1.0,formula,O007-FREMLIN-V2-S241-FORMULA-0601,O007-FREMLIN-V2-S241,O007-RIGHTS-FREMLIN-DSL,O007-FREMLIN-V2-S241-SEG-241X,601,241X,241X,584,598,21701,21706,23304,23309,\mu,\mu,492247e1bab15272d1e53b8015c042bf6fa0cb8f23ec52cad93d6ba80dafb804,492247e1bab15272d1e53b8015c042bf6fa0cb8f23ec52cad93d6ba80dafb804,492247e1bab15272d1e53b8015c042bf6fa0cb8f23ec52cad93d6ba80dafb804,$,,492247e1bab15272d1e53b8015c042bf6fa0cb8f23ec52cad93d6ba80dafb804,492247e1bab15272d1e53b8015c042bf6fa0cb8f23ec52cad93d6ba80dafb804,"{""basis"":""ordered nested-math atom; exact symbolic replay"",""kind"":""source-target-formula-map""}"
1.1.0,formula,O007-FREMLIN-V2-S241-FORMULA-0602,O007-FREMLIN-V2-S241,O007-RIGHTS-FREMLIN-DSL,O007-FREMLIN-V2-S241-SEG-241X,602,241X,241X,585,598,21730,21733,23328,23331,X,X,4b68ab3847feda7d6c62c1fbcbeebfa35eab7351ed5e78f4ddadea5df64b8015,4b68ab3847feda7d6c62c1fbcbeebfa35eab7351ed5e78f4ddadea5df64b8015,4b68ab3847feda7d6c62c1fbcbeebfa35eab7351ed5e78f4ddadea5df64b8015,$,,4b68ab3847feda7d6c62c1fbcbeebfa35eab7351ed5e78f4ddadea5df64b8015,4b68ab3847feda7d6c62c1fbcbeebfa35eab7351ed5e78f4ddadea5df64b8015,"{""basis"":""ordered nested-math atom; exact symbolic replay"",""kind"":""source-target-formula-map""}"
1.1.0,formula,O007-FREMLIN-V2-S241-FORMULA-0603,O007-FREMLIN-V2-S241,O007-RIGHTS-FREMLIN-DSL,O007-FREMLIN-V2-S241-SEG-241X,603,241X,241X,585,599,21755,21765,23357,23367,L^0(\mu),L^0(\mu),7ccd5346db90a9896e104499ac3db2d66bf84facfcf695688be6ba7992022f65,7ccd5346db90a9896e104499ac3db2d66bf84facfcf695688be6ba7992022f65,7ccd5346db90a9896e104499ac3db2d66bf84facfcf695688be6ba7992022f65,$,,7ccd5346db90a9896e104499ac3db2d66bf84facfcf695688be6ba7992022f65,7ccd5346db90a9896e104499ac3db2d66bf84facfcf695688be6ba7992022f65,"{""basis"":""ordered nested-math atom; exact symbolic replay"",""kind"":""source-target-formula-map""}"
1.1.0,formula,O007-FREMLIN-V2-S241-FORMULA-0604,O007-FREMLIN-V2-S241,O007-RIGHTS-FREMLIN-DSL,O007-FREMLIN-V2-S241-SEG-241X,604,241X,241X,586,600,21789,21814,23396,23421,\eusm L^0(\mu)=\Bbb R^X,\eusm L^0(\mu)=\Bbb R^X,4ba64011a3440bc09c0a82cf6fc108d636450e13f0b4f1ca02255efa2e3aabd0,4ba64011a3440bc09c0a82cf6fc108d636450e13f0b4f1ca02255efa2e3aabd0,1f136b1614b84b3b4972887a0651c850458dd5153a2439f1a0936770d55293b6,$,,1f136b1614b84b3b4972887a0651c850458dd5153a2439f1a0936770d55293b6,1f136b1614b84b3b4972887a0651c850458dd5153a2439f1a0936770d55293b6,"{""basis"":""ordered nested-math atom; exact symbolic replay"",""kind"":""source-target-formula-map""}"
1.1.0,formula,O007-FREMLIN-V2-S241-FORMULA-0605,O007-FREMLIN-V2-S241,O007-RIGHTS-FREMLIN-DSL,O007-FREMLIN-V2-S241-SEG-241XB,605,241Xb,241Xb,589,603,21843,21859,23455,23471,"(X,\Sigma,\mu)","(X,\Sigma,\mu)",05e9b769403b4c7926a944d5aaa03f00bb216412bc3f850e41b3c28de657aa67,05e9b769403b4c7926a944d5aaa03f00bb216412bc3f850e41b3c28de657aa67,05e9b769403b4c7926a944d5aaa03f00bb216412bc3f850e41b3c28de657aa67,$,,05e9b769403b4c7926a944d5aaa03f00bb216412bc3f850e41b3c28de657aa67,05e9b769403b4c7926a944d5aaa03f00bb216412bc3f850e41b3c28de657aa67,"{""basis"":""ordered nested-math atom; exact symbolic replay"",""kind"":""source-target-formula-map""}"
1.1.0,formula,O007-FREMLIN-V2-S241-FORMULA-0606,O007-FREMLIN-V2-S241,O007-RIGHTS-FREMLIN-DSL,O007-FREMLIN-V2-S241-SEG-241XB,606,241Xb,241Xb,590,604,21883,21892,23493,23502,\hat\mu,\hat\mu,d1e9a95489321a5ca10c083f17736e906448aa68b9d28168dbfd63f5703e8d4a,d1e9a95489321a5ca10c083f17736e906448aa68b9d28168dbfd63f5703e8d4a,d1e9a95489321a5ca10c083f17736e906448aa68b9d28168dbfd63f5703e8d4a,$,,d1e9a95489321a5ca10c083f17736e906448aa68b9d28168dbfd63f5703e8d4a,d1e9a95489321a5ca10c083f17736e906448aa68b9d28168dbfd63f5703e8d4a,"{""basis"":""ordered nested-math atom; exact symbolic replay"",""kind"":""source-target-formula-map""}"
1.1.0,formula,O007-FREMLIN-V2-S241-FORMULA-0607,O007-FREMLIN-V2-S241,O007-RIGHTS-FREMLIN-DSL,O007-FREMLIN-V2-S241-SEG-241XB,607,241Xb,241Xb,590,604,21911,21916,23520,23525,\mu,\mu,492247e1bab15272d1e53b8015c042bf6fa0cb8f23ec52cad93d6ba80dafb804,492247e1bab15272d1e53b8015c042bf6fa0cb8f23ec52cad93d6ba80dafb804,492247e1bab15272d1e53b8015c042bf6fa0cb8f23ec52cad93d6ba80dafb804,$,,492247e1bab15272d1e53b8015c042bf6fa0cb8f23ec52cad93d6ba80dafb804,492247e1bab15272d1e53b8015c042bf6fa0cb8f23ec52cad93d6ba80dafb804,"{""basis"":""ordered nested-math atom; exact symbolic replay"",""kind"":""source-target-formula-map""}"
1.1.0,formula,O007-FREMLIN-V2-S241-FORMULA-0608,O007-FREMLIN-V2-S241,O007-RIGHTS-FREMLIN-DSL,O007-FREMLIN-V2-S241-SEG-241XB,608,241Xb,241Xb,591,605,21930,21965,23543,23578,\eusm L^0(\mu)=\eusm L^0(\hat\mu),\eusm L^0(\mu)=\eusm L^0(\hat\mu),5a82b7357e6a89ddee16873cce35e349ff0c33c44dfad145a50a25c406524f8d,5a82b7357e6a89ddee16873cce35e349ff0c33c44dfad145a50a25c406524f8d,3bf8cbb7ebf8c79c4adc5b8c7fa05fd875348a4a8616c3ffa21dc624d485c940,$,,3bf8cbb7ebf8c79c4adc5b8c7fa05fd875348a4a8616c3ffa21dc624d485c940,3bf8cbb7ebf8c79c4adc5b8c7fa05fd875348a4a8616c3ffa21dc624d485c940,"{""basis"":""ordered nested-math atom; exact symbolic replay"",""kind"":""source-target-formula-map""}"
1.1.0,formula,O007-FREMLIN-V2-S241-FORMULA-0609,O007-FREMLIN-V2-S241,O007-RIGHTS-FREMLIN-DSL,O007-FREMLIN-V2-S241-SEG-241XB,609,241Xb,241Xb,591,606,21970,21993,23583,23606,L^0(\mu)=L^0(\hat\mu),L^0(\mu)=L^0(\hat\mu),8e7a29b540663461deb05f93449ba3dfabf88779a2cc4fa075ebd9646dc9d3f3,8e7a29b540663461deb05f93449ba3dfabf88779a2cc4fa075ebd9646dc9d3f3,8e7a29b540663461deb05f93449ba3dfabf88779a2cc4fa075ebd9646dc9d3f3,$,,8e7a29b540663461deb05f93449ba3dfabf88779a2cc4fa075ebd9646dc9d3f3,8e7a29b540663461deb05f93449ba3dfabf88779a2cc4fa075ebd9646dc9d3f3,"{""basis"":""ordered nested-math atom; exact symbolic replay"",""kind"":""source-target-formula-map""}"
1.1.0,formula,O007-FREMLIN-V2-S241-FORMULA-0610,O007-FREMLIN-V2-S241,O007-RIGHTS-FREMLIN-DSL,O007-FREMLIN-V2-S241-SEG-241XC,610,241Xc,241Xc,594,609,22022,22038,23640,23656,"(X,\Sigma,\mu)","(X,\Sigma,\mu)",05e9b769403b4c7926a944d5aaa03f00bb216412bc3f850e41b3c28de657aa67,05e9b769403b4c7926a944d5aaa03f00bb216412bc3f850e41b3c28de657aa67,05e9b769403b4c7926a944d5aaa03f00bb216412bc3f850e41b3c28de657aa67,$,,05e9b769403b4c7926a944d5aaa03f00bb216412bc3f850e41b3c28de657aa67,05e9b769403b4c7926a944d5aaa03f00bb216412bc3f850e41b3c28de657aa67,"{""basis"":""ordered nested-math atom; exact symbolic replay"",""kind"":""source-target-formula-map""}"
1.1.0,formula,O007-FREMLIN-V2-S241-FORMULA-0611,O007-FREMLIN-V2-S241,O007-RIGHTS-FREMLIN-DSL,O007-FREMLIN-V2-S241-SEG-241XC,611,241Xc,241Xc,595,610,22085,22100,23708,23723,u\in L^0(\mu),u\in L^0(\mu),f7714587c3a64a1630fc54e525bc47e5b2a7ecab5e0c0b262cef4f79dac1e4a7,f7714587c3a64a1630fc54e525bc47e5b2a7ecab5e0c0b262cef4f79dac1e4a7,d26a270015c1e959b485781df810d41a4e2bd705bbad4b6467d3d4d97c1191c9,$,,d26a270015c1e959b485781df810d41a4e2bd705bbad4b6467d3d4d97c1191c9,d26a270015c1e959b485781df810d41a4e2bd705bbad4b6467d3d4d97c1191c9,"{""basis"":""ordered nested-math atom; exact symbolic replay"",""kind"":""source-target-formula-map""}"
1.1.0,formula,O007-FREMLIN-V2-S241-FORMULA-0612,O007-FREMLIN-V2-S241,O007-RIGHTS-FREMLIN-DSL,O007-FREMLIN-V2-S241-SEG-241XC,612,241Xc,241Xc,596,611,22132,22168,23768,23804,"\theta_u:\Cal P\Bbb R\to[0,\infty]","\theta_u:\Cal P\Bbb R\to[0,\infty]",3b840cdb1c3c77107a9650610c0b81ed50e612e3e4ff389ddf466c51c0fef9b9,3b840cdb1c3c77107a9650610c0b81ed50e612e3e4ff389ddf466c51c0fef9b9,6a33f979c916c99108391a2f9c7e6508b28f0a444b7ec37603f5f267db62523f,$,,6a33f979c916c99108391a2f9c7e6508b28f0a444b7ec37603f5f267db62523f,6a33f979c916c99108391a2f9c7e6508b28f0a444b7ec37603f5f267db62523f,"{""basis"":""ordered nested-math atom; exact symbolic replay"",""kind"":""source-target-formula-map""}"
1.1.0,formula,O007-FREMLIN-V2-S241-FORMULA-0613,O007-FREMLIN-V2-S241,O007-RIGHTS-FREMLIN-DSL,O007-FREMLIN-V2-S241-SEG-241XC,613,241Xc,241Xc,597,612,22180,22208,23823,23851,\theta_u(A)=\mu^*f^{-1}[A],\theta_u(A)=\mu^*f^{-1}[A],62199bdef8d917d8a6a1e5bc7e9fa96365b2b9806ad31749863e56fef104cf12,62199bdef8d917d8a6a1e5bc7e9fa96365b2b9806ad31749863e56fef104cf12,62199bdef8d917d8a6a1e5bc7e9fa96365b2b9806ad31749863e56fef104cf12,$,,62199bdef8d917d8a6a1e5bc7e9fa96365b2b9806ad31749863e56fef104cf12,62199bdef8d917d8a6a1e5bc7e9fa96365b2b9806ad31749863e56fef104cf12,"{""basis"":""ordered nested-math atom; exact symbolic replay"",""kind"":""source-target-formula-map""}"
1.1.0,formula,O007-FREMLIN-V2-S241-FORMULA-0614,O007-FREMLIN-V2-S241,O007-RIGHTS-FREMLIN-DSL,O007-FREMLIN-V2-S241-SEG-241XC,614,241Xc,241Xc,597,612,22218,22236,23862,23880,A\subseteq\Bbb R,A\subseteq\Bbb R,cc5cb6f74b39f1a7f59e9d7211eb60657e0f8ca54ef310f88be050655debe43a,cc5cb6f74b39f1a7f59e9d7211eb60657e0f8ca54ef310f88be050655debe43a,66f383559daade350ebf84ff1ecc78b9efcbc7c47b510eb1f8650c0fdeb72a75,$,,66f383559daade350ebf84ff1ecc78b9efcbc7c47b510eb1f8650c0fdeb72a75,66f383559daade350ebf84ff1ecc78b9efcbc7c47b510eb1f8650c0fdeb72a75,"{""basis"":""ordered nested-math atom; exact symbolic replay"",""kind"":""source-target-formula-map""}"
1.1.0,formula,O007-FREMLIN-V2-S241-FORMULA-0615,O007-FREMLIN-V2-S241,O007-RIGHTS-FREMLIN-DSL,O007-FREMLIN-V2-S241-SEG-241XC,615,241Xc,241Xc,598,613,22241,22261,23885,23905,f\in\eusm L^0(\mu),f\in\eusm L^0(\mu),9add42321ebe080a5736a7b660c48edd1a2dbcb55c6de8c0ce9a7a4bc0ce812d,9add42321ebe080a5736a7b660c48edd1a2dbcb55c6de8c0ce9a7a4bc0ce812d,1b7c689a4899ed466b1e61e68490319a979398b848b207ec6106999edcd4b137,$,,1b7c689a4899ed466b1e61e68490319a979398b848b207ec6106999edcd4b137,1b7c689a4899ed466b1e61e68490319a979398b848b207ec6106999edcd4b137,"{""basis"":""ordered nested-math atom; exact symbolic replay"",""kind"":""source-target-formula-map""}"
1.1.0,formula,O007-FREMLIN-V2-S241-FORMULA-0616,O007-FREMLIN-V2-S241,O007-RIGHTS-FREMLIN-DSL,O007-FREMLIN-V2-S241-SEG-241XC,616,241Xc,241Xc,598,613,22275,22292,23926,23943,f^{\ssbullet}=u,f^{\ssbullet}=u,f493aa8dcd0a60e283e8f127b62b65c53b51fa157cfa65fb68b2884f12e58fac,f493aa8dcd0a60e283e8f127b62b65c53b51fa157cfa65fb68b2884f12e58fac,f493aa8dcd0a60e283e8f127b62b65c53b51fa157cfa65fb68b2884f12e58fac,$,,f493aa8dcd0a60e283e8f127b62b65c53b51fa157cfa65fb68b2884f12e58fac,f493aa8dcd0a60e283e8f127b62b65c53b51fa157cfa65fb68b2884f12e58fac,"{""basis"":""ordered nested-math atom; exact symbolic replay"",""kind"":""source-target-formula-map""}"
1.1.0,formula,O007-FREMLIN-V2-S241-FORMULA-0617,O007-FREMLIN-V2-S241,O007-RIGHTS-FREMLIN-DSL,O007-FREMLIN-V2-S241-SEG-241XC,617,241Xc,241Xc,600,614,22337,22347,23997,24007,\theta_u,\theta_u,40bd14d2622c489ce9cb5498749975d6034f4c24ec516237870b50ecfd30800b,40bd14d2622c489ce9cb5498749975d6034f4c24ec516237870b50ecfd30800b,40bd14d2622c489ce9cb5498749975d6034f4c24ec516237870b50ecfd30800b,$,,40bd14d2622c489ce9cb5498749975d6034f4c24ec516237870b50ecfd30800b,40bd14d2622c489ce9cb5498749975d6034f4c24ec516237870b50ecfd30800b,"{""basis"":""ordered nested-math atom; exact symbolic replay"",""kind"":""source-target-formula-map""}"
1.1.0,formula,O007-FREMLIN-V2-S241-FORMULA-0618,O007-FREMLIN-V2-S241,O007-RIGHTS-FREMLIN-DSL,O007-FREMLIN-V2-S241-SEG-241XC,618,241Xc,241Xc,601,615,22405,22413,24076,24084,\Bbb R,\Bbb R,f9d62b077eddf72778fc05527c5aa4d2352f16a46a94808294fdc2cb7e406580,f9d62b077eddf72778fc05527c5aa4d2352f16a46a94808294fdc2cb7e406580,22316cdc991b42844c0fcdb72f227b6d4c0e8457a736e325af2845b7b3df7f6c,$,,22316cdc991b42844c0fcdb72f227b6d4c0e8457a736e325af2845b7b3df7f6c,22316cdc991b42844c0fcdb72f227b6d4c0e8457a736e325af2845b7b3df7f6c,"{""basis"":""ordered nested-math atom; exact symbolic replay"",""kind"":""source-target-formula-map""}"
1.1.0,formula,O007-FREMLIN-V2-S241-FORMULA-0619,O007-FREMLIN-V2-S241,O007-RIGHTS-FREMLIN-DSL,O007-FREMLIN-V2-S241-SEG-241XD,619,241Xd,241Xd,604,619,22442,22487,24118,24163,"\langle(X_i,\Sigma_i,\mu_i)\rangle_{i\in I}","\langle(X_i,\Sigma_i,\mu_i)\rangle_{i\in I}",1b2fe0c76399a4733b47576f3186156e8e68ea0fd581e6cb37c1700d6d3e5ab5,1b2fe0c76399a4733b47576f3186156e8e68ea0fd581e6cb37c1700d6d3e5ab5,43d0848bcd7fcc791dd8fd07b9887359ad0f02bd29856ab51ad9633670a31483,$,,43d0848bcd7fcc791dd8fd07b9887359ad0f02bd29856ab51ad9633670a31483,43d0848bcd7fcc791dd8fd07b9887359ad0f02bd29856ab51ad9633670a31483,"{""basis"":""ordered nested-math atom; exact symbolic replay"",""kind"":""source-target-formula-map""}"
1.1.0,formula,O007-FREMLIN-V2-S241-FORMULA-0620,O007-FREMLIN-V2-S241,O007-RIGHTS-FREMLIN-DSL,O007-FREMLIN-V2-S241-SEG-241XD,620,241Xd,241Xd,605,620,22535,22551,24214,24230,"(X,\Sigma,\mu)","(X,\Sigma,\mu)",05e9b769403b4c7926a944d5aaa03f00bb216412bc3f850e41b3c28de657aa67,05e9b769403b4c7926a944d5aaa03f00bb216412bc3f850e41b3c28de657aa67,05e9b769403b4c7926a944d5aaa03f00bb216412bc3f850e41b3c28de657aa67,$,,05e9b769403b4c7926a944d5aaa03f00bb216412bc3f850e41b3c28de657aa67,05e9b769403b4c7926a944d5aaa03f00bb216412bc3f850e41b3c28de657aa67,"{""basis"":""ordered nested-math atom; exact symbolic replay"",""kind"":""source-target-formula-map""}"
1.1.0,formula,O007-FREMLIN-V2-S241-FORMULA-0621,O007-FREMLIN-V2-S241,O007-RIGHTS-FREMLIN-DSL,O007-FREMLIN-V2-S241-SEG-241XD,621,241Xd,241Xd,606,621,22572,22589,24261,24278,\phi_i:X_i\to X,\phi_i:X_i\to X,c1d3ae5a54700c1dd5d5cd80c6c42d613acf2fc1252e2ace711929fe746d556e,c1d3ae5a54700c1dd5d5cd80c6c42d613acf2fc1252e2ace711929fe746d556e,12c2277108f872a875273b05ce4600a4ef5788234956cee9922b12bada39f11c,$,,12c2277108f872a875273b05ce4600a4ef5788234956cee9922b12bada39f11c,12c2277108f872a875273b05ce4600a4ef5788234956cee9922b12bada39f11c,"{""basis"":""ordered nested-math atom; exact symbolic replay"",""kind"":""source-target-formula-map""}"
1.1.0,formula,O007-FREMLIN-V2-S241-FORMULA-0622,O007-FREMLIN-V2-S241,O007-RIGHTS-FREMLIN-DSL,O007-FREMLIN-V2-S241-SEG-241XD,622,241Xd,241Xd,607,622,22643,22660,24322,24339,"\phi_i(x)=(x,i)","\phi_i(x)=(x,i)",3f2fbc6fe31a747acc134fa209358381cee05599188edd0eee8c8a8ac5cc5f04,3f2fbc6fe31a747acc134fa209358381cee05599188edd0eee8c8a8ac5cc5f04,3f2fbc6fe31a747acc134fa209358381cee05599188edd0eee8c8a8ac5cc5f04,$,,3f2fbc6fe31a747acc134fa209358381cee05599188edd0eee8c8a8ac5cc5f04,3f2fbc6fe31a747acc134fa209358381cee05599188edd0eee8c8a8ac5cc5f04,"{""basis"":""ordered nested-math atom; exact symbolic replay"",""kind"":""source-target-formula-map""}"
1.1.0,formula,O007-FREMLIN-V2-S241-FORMULA-0623,O007-FREMLIN-V2-S241,O007-RIGHTS-FREMLIN-DSL,O007-FREMLIN-V2-S241-SEG-241XD,623,241Xd,241Xd,607,622,22665,22675,24346,24356,x\in X_i,x\in X_i,bffd0d26090602b61e5dd7f8658159a1ec192043e928fe23a8c45f50e1582b69,bffd0d26090602b61e5dd7f8658159a1ec192043e928fe23a8c45f50e1582b69,c9c75f71962bf1e6bb94d811b9412144f61e1298b48247c3e64ecb13f18f953b,$,,c9c75f71962bf1e6bb94d811b9412144f61e1298b48247c3e64ecb13f18f953b,c9c75f71962bf1e6bb94d811b9412144f61e1298b48247c3e64ecb13f18f953b,"{""basis"":""ordered nested-math atom; exact symbolic replay"",""kind"":""source-target-formula-map""}"
1.1.0,formula,O007-FREMLIN-V2-S241-FORMULA-0624,O007-FREMLIN-V2-S241,O007-RIGHTS-FREMLIN-DSL,O007-FREMLIN-V2-S241-SEG-241XD,624,241Xd,241Xd,608,623,22688,22729,24375,24416,f\mapsto\langle f\phi_i\rangle_{i\in I},f\mapsto\langle f\phi_i\rangle_{i\in I},00e4061b496715c58188cd425eda205ceee7074129db57d33e3729ac8bb3a693,00e4061b496715c58188cd425eda205ceee7074129db57d33e3729ac8bb3a693,980cfd34e352e56569e46d678075bfe368ee9b5c7f56d6553f0420720db320e8,$,,980cfd34e352e56569e46d678075bfe368ee9b5c7f56d6553f0420720db320e8,980cfd34e352e56569e46d678075bfe368ee9b5c7f56d6553f0420720db320e8,"{""basis"":""ordered nested-math atom; exact symbolic replay"",""kind"":""source-target-formula-map""}"
1.1.0,formula,O007-FREMLIN-V2-S241-FORMULA-0625,O007-FREMLIN-V2-S241,O007-RIGHTS-FREMLIN-DSL,O007-FREMLIN-V2-S241-SEG-241XD,625,241Xd,241Xd,609,624,22753,22769,24442,24458,\eusm L^0(\mu),\eusm L^0(\mu),f001b894df129bf4078946cfaf903c491047b2d121e4611c77d652def6bceb73,f001b894df129bf4078946cfaf903c491047b2d121e4611c77d652def6bceb73,41b6caf438139e8017fbc65c7a88944a4b11695d604501e01b50c1411c553db5,$,,41b6caf438139e8017fbc65c7a88944a4b11695d604501e01b50c1411c553db5,41b6caf438139e8017fbc65c7a88944a4b11695d604501e01b50c1411c553db5,"{""basis"":""ordered nested-math atom; exact symbolic replay"",""kind"":""source-target-formula-map""}"
1.1.0,formula,O007-FREMLIN-V2-S241-FORMULA-0626,O007-FREMLIN-V2-S241,O007-RIGHTS-FREMLIN-DSL,O007-FREMLIN-V2-S241-SEG-241XD,626,241Xd,241Xd,609,624,22774,22806,24463,24495,\prod_{i\in I}\eusm L^0(\mu_i),\prod_{i\in I}\eusm L^0(\mu_i),ab75fb68dc32c7a1f5e89a3f87d8a2da1873e50a60e149ee57663e33f71b80e8,ab75fb68dc32c7a1f5e89a3f87d8a2da1873e50a60e149ee57663e33f71b80e8,003b5803747b831d3d7e4c4e7866ee9e102a030aa69c728a5c4f62ce6efd8dbb,$,,003b5803747b831d3d7e4c4e7866ee9e102a030aa69c728a5c4f62ce6efd8dbb,003b5803747b831d3d7e4c4e7866ee9e102a030aa69c728a5c4f62ce6efd8dbb,"{""basis"":""ordered nested-math atom; exact symbolic replay"",""kind"":""source-target-formula-map""}"
1.1.0,formula,O007-FREMLIN-V2-S241-FORMULA-0627,O007-FREMLIN-V2-S241,O007-RIGHTS-FREMLIN-DSL,O007-FREMLIN-V2-S241-SEG-241XD,627,241Xd,241Xd,610,625,22865,22875,24562,24572,L^0(\mu),L^0(\mu),7ccd5346db90a9896e104499ac3db2d66bf84facfcf695688be6ba7992022f65,7ccd5346db90a9896e104499ac3db2d66bf84facfcf695688be6ba7992022f65,7ccd5346db90a9896e104499ac3db2d66bf84facfcf695688be6ba7992022f65,$,,7ccd5346db90a9896e104499ac3db2d66bf84facfcf695688be6ba7992022f65,7ccd5346db90a9896e104499ac3db2d66bf84facfcf695688be6ba7992022f65,"{""basis"":""ordered nested-math atom; exact symbolic replay"",""kind"":""source-target-formula-map""}"
1.1.0,formula,O007-FREMLIN-V2-S241-FORMULA-0628,O007-FREMLIN-V2-S241,O007-RIGHTS-FREMLIN-DSL,O007-FREMLIN-V2-S241-SEG-241XD,628,241Xd,241Xd,611,626,22880,22906,24577,24603,\prod_{i\in I}L^0(\mu_i),\prod_{i\in I}L^0(\mu_i),06fc1b2fc9f00c638ab94d9803f34d4a820177338821651694698de550838e9b,06fc1b2fc9f00c638ab94d9803f34d4a820177338821651694698de550838e9b,1f17a6bbf155f0527f0604feac98ce8644dde1799a0fcf9cb48b7061df22d47b,$,,1f17a6bbf155f0527f0604feac98ce8644dde1799a0fcf9cb48b7061df22d47b,1f17a6bbf155f0527f0604feac98ce8644dde1799a0fcf9cb48b7061df22d47b,"{""basis"":""ordered nested-math atom; exact symbolic replay"",""kind"":""source-target-formula-map""}"
1.1.0,formula,O007-FREMLIN-V2-S241-FORMULA-0629,O007-FREMLIN-V2-S241,O007-RIGHTS-FREMLIN-DSL,O007-FREMLIN-V2-S241-SEG-241XE,629,241Xe,241Xe,614,629,22935,22938,24637,24640,U,U,a25513c7e0f6eaa80a3337ee18081b9e2ed09e00af8531c8f7bb2542764027e7,a25513c7e0f6eaa80a3337ee18081b9e2ed09e00af8531c8f7bb2542764027e7,a25513c7e0f6eaa80a3337ee18081b9e2ed09e00af8531c8f7bb2542764027e7,$,,a25513c7e0f6eaa80a3337ee18081b9e2ed09e00af8531c8f7bb2542764027e7,a25513c7e0f6eaa80a3337ee18081b9e2ed09e00af8531c8f7bb2542764027e7,"{""basis"":""ordered nested-math atom; exact symbolic replay"",""kind"":""source-target-formula-map""}"
1.1.0,formula,O007-FREMLIN-V2-S241-FORMULA-0630,O007-FREMLIN-V2-S241,O007-RIGHTS-FREMLIN-DSL,O007-FREMLIN-V2-S241-SEG-241XE,630,241Xe,241Xe,614,629,22953,22961,24667,24675,\sigma,\sigma,9c3245dfb4ac54c1623a60e7b8d1fc07cb02eae1229435230c7dab5e71083a26,9c3245dfb4ac54c1623a60e7b8d1fc07cb02eae1229435230c7dab5e71083a26,9c3245dfb4ac54c1623a60e7b8d1fc07cb02eae1229435230c7dab5e71083a26,$,,9c3245dfb4ac54c1623a60e7b8d1fc07cb02eae1229435230c7dab5e71083a26,9c3245dfb4ac54c1623a60e7b8d1fc07cb02eae1229435230c7dab5e71083a26,"{""basis"":""ordered nested-math atom; exact symbolic replay"",""kind"":""source-target-formula-map""}"
1.1.0,formula,O007-FREMLIN-V2-S241-FORMULA-0631,O007-FREMLIN-V2-S241,O007-RIGHTS-FREMLIN-DSL,O007-FREMLIN-V2-S241-SEG-241XE,631,241Xe,241Xe,615,630,22987,23001,24689,24703,A\subseteq U,A\subseteq U,6a75ee61a94b37f2ec3c9ca62c8cdd3cf97a46c61e92e0c9e843ddcc67877676,6a75ee61a94b37f2ec3c9ca62c8cdd3cf97a46c61e92e0c9e843ddcc67877676,1586293c7087ed439fc59a540192b52e60b31b4eb774fd0dd9b536cfe3277228,$,,1586293c7087ed439fc59a540192b52e60b31b4eb774fd0dd9b536cfe3277228,1586293c7087ed439fc59a540192b52e60b31b4eb774fd0dd9b536cfe3277228,"{""basis"":""ordered nested-math atom; exact symbolic replay"",""kind"":""source-target-formula-map""}"
1.1.0,formula,O007-FREMLIN-V2-S241-FORMULA-0632,O007-FREMLIN-V2-S241,O007-RIGHTS-FREMLIN-DSL,O007-FREMLIN-V2-S241-SEG-241XE,632,241Xe,241Xe,616,631,23054,23057,24769,24772,U,U,a25513c7e0f6eaa80a3337ee18081b9e2ed09e00af8531c8f7bb2542764027e7,a25513c7e0f6eaa80a3337ee18081b9e2ed09e00af8531c8f7bb2542764027e7,a25513c7e0f6eaa80a3337ee18081b9e2ed09e00af8531c8f7bb2542764027e7,$,,a25513c7e0f6eaa80a3337ee18081b9e2ed09e00af8531c8f7bb2542764027e7,a25513c7e0f6eaa80a3337ee18081b9e2ed09e00af8531c8f7bb2542764027e7,"{""basis"":""ordered nested-math atom; exact symbolic replay"",""kind"":""source-target-formula-map""}"
1.1.0,formula,O007-FREMLIN-V2-S241-FORMULA-0633,O007-FREMLIN-V2-S241,O007-RIGHTS-FREMLIN-DSL,O007-FREMLIN-V2-S241-SEG-241XE,633,241Xe,241Xe,616,631,23071,23079,24790,24798,\inf A,\inf A,c516ae02aad20dd1c4e253e0b5cbc8453e8e8300294cf151e529e22b51ad82f1,c516ae02aad20dd1c4e253e0b5cbc8453e8e8300294cf151e529e22b51ad82f1,f244a330c21d6849776c5af177258ce6beceaeca42fa3ec7e3d02a6feeaa0c12,$,,f244a330c21d6849776c5af177258ce6beceaeca42fa3ec7e3d02a6feeaa0c12,f244a330c21d6849776c5af177258ce6beceaeca42fa3ec7e3d02a6feeaa0c12,"{""basis"":""ordered nested-math atom; exact symbolic replay"",""kind"":""source-target-formula-map""}"
1.1.0,formula,O007-FREMLIN-V2-S241-FORMULA-0634,O007-FREMLIN-V2-S241,O007-RIGHTS-FREMLIN-DSL,O007-FREMLIN-V2-S241-SEG-241XE,634,241Xe,241Xe,616,632,23094,23097,24817,24820,U,U,a25513c7e0f6eaa80a3337ee18081b9e2ed09e00af8531c8f7bb2542764027e7,a25513c7e0f6eaa80a3337ee18081b9e2ed09e00af8531c8f7bb2542764027e7,a25513c7e0f6eaa80a3337ee18081b9e2ed09e00af8531c8f7bb2542764027e7,$,,a25513c7e0f6eaa80a3337ee18081b9e2ed09e00af8531c8f7bb2542764027e7,a25513c7e0f6eaa80a3337ee18081b9e2ed09e00af8531c8f7bb2542764027e7,"{""basis"":""ordered nested-math atom; exact symbolic replay"",""kind"":""source-target-formula-map""}"
1.1.0,formula,O007-FREMLIN-V2-S241-FORMULA-0635,O007-FREMLIN-V2-S241,O007-RIGHTS-FREMLIN-DSL,O007-FREMLIN-V2-S241-SEG-241XF,635,241Xf,241Xf,619,635,23126,23129,24854,24857,U,U,a25513c7e0f6eaa80a3337ee18081b9e2ed09e00af8531c8f7bb2542764027e7,a25513c7e0f6eaa80a3337ee18081b9e2ed09e00af8531c8f7bb2542764027e7,a25513c7e0f6eaa80a3337ee18081b9e2ed09e00af8531c8f7bb2542764027e7,$,,a25513c7e0f6eaa80a3337ee18081b9e2ed09e00af8531c8f7bb2542764027e7,a25513c7e0f6eaa80a3337ee18081b9e2ed09e00af8531c8f7bb2542764027e7,"{""basis"":""ordered nested-math atom; exact symbolic replay"",""kind"":""source-target-formula-map""}"
1.1.0,formula,O007-FREMLIN-V2-S241-FORMULA-0636,O007-FREMLIN-V2-S241,O007-RIGHTS-FREMLIN-DSL,O007-FREMLIN-V2-S241-SEG-241XF,636,241Xf,241Xf,620,636,23169,23183,24897,24911,A\subseteq U,A\subseteq U,6a75ee61a94b37f2ec3c9ca62c8cdd3cf97a46c61e92e0c9e843ddcc67877676,6a75ee61a94b37f2ec3c9ca62c8cdd3cf97a46c61e92e0c9e843ddcc67877676,1586293c7087ed439fc59a540192b52e60b31b4eb774fd0dd9b536cfe3277228,$,,1586293c7087ed439fc59a540192b52e60b31b4eb774fd0dd9b536cfe3277228,1586293c7087ed439fc59a540192b52e60b31b4eb774fd0dd9b536cfe3277228,"{""basis"":""ordered nested-math atom; exact symbolic replay"",""kind"":""source-target-formula-map""}"
1.1.0,formula,O007-FREMLIN-V2-S241-FORMULA-0637,O007-FREMLIN-V2-S241,O007-RIGHTS-FREMLIN-DSL,O007-FREMLIN-V2-S241-SEG-241XF,637,241Xf,241Xf,620,637,23226,23229,24967,24970,U,U,a25513c7e0f6eaa80a3337ee18081b9e2ed09e00af8531c8f7bb2542764027e7,a25513c7e0f6eaa80a3337ee18081b9e2ed09e00af8531c8f7bb2542764027e7,a25513c7e0f6eaa80a3337ee18081b9e2ed09e00af8531c8f7bb2542764027e7,$,,a25513c7e0f6eaa80a3337ee18081b9e2ed09e00af8531c8f7bb2542764027e7,a25513c7e0f6eaa80a3337ee18081b9e2ed09e00af8531c8f7bb2542764027e7,"{""basis"":""ordered nested-math atom; exact symbolic replay"",""kind"":""source-target-formula-map""}"
1.1.0,formula,O007-FREMLIN-V2-S241-FORMULA-0638,O007-FREMLIN-V2-S241,O007-RIGHTS-FREMLIN-DSL,O007-FREMLIN-V2-S241-SEG-241XF,638,241Xf,241Xf,621,637,23243,23251,24988,24996,\inf A,\inf A,c516ae02aad20dd1c4e253e0b5cbc8453e8e8300294cf151e529e22b51ad82f1,c516ae02aad20dd1c4e253e0b5cbc8453e8e8300294cf151e529e22b51ad82f1,f244a330c21d6849776c5af177258ce6beceaeca42fa3ec7e3d02a6feeaa0c12,$,,f244a330c21d6849776c5af177258ce6beceaeca42fa3ec7e3d02a6feeaa0c12,f244a330c21d6849776c5af177258ce6beceaeca42fa3ec7e3d02a6feeaa0c12,"{""basis"":""ordered nested-math atom; exact symbolic replay"",""kind"":""source-target-formula-map""}"
1.1.0,formula,O007-FREMLIN-V2-S241-FORMULA-0639,O007-FREMLIN-V2-S241,O007-RIGHTS-FREMLIN-DSL,O007-FREMLIN-V2-S241-SEG-241XF,639,241Xf,241Xf,621,637,23266,23269,25015,25018,U,U,a25513c7e0f6eaa80a3337ee18081b9e2ed09e00af8531c8f7bb2542764027e7,a25513c7e0f6eaa80a3337ee18081b9e2ed09e00af8531c8f7bb2542764027e7,a25513c7e0f6eaa80a3337ee18081b9e2ed09e00af8531c8f7bb2542764027e7,$,,a25513c7e0f6eaa80a3337ee18081b9e2ed09e00af8531c8f7bb2542764027e7,a25513c7e0f6eaa80a3337ee18081b9e2ed09e00af8531c8f7bb2542764027e7,"{""basis"":""ordered nested-math atom; exact symbolic replay"",""kind"":""source-target-formula-map""}"
1.1.0,formula,O007-FREMLIN-V2-S241-FORMULA-0640,O007-FREMLIN-V2-S241,O007-RIGHTS-FREMLIN-DSL,O007-FREMLIN-V2-S241-SEG-241XG,640,241Xg,241Xg,624,640,23298,23314,25052,25068,"(X,\Sigma,\mu)","(X,\Sigma,\mu)",05e9b769403b4c7926a944d5aaa03f00bb216412bc3f850e41b3c28de657aa67,05e9b769403b4c7926a944d5aaa03f00bb216412bc3f850e41b3c28de657aa67,05e9b769403b4c7926a944d5aaa03f00bb216412bc3f850e41b3c28de657aa67,$,,05e9b769403b4c7926a944d5aaa03f00bb216412bc3f850e41b3c28de657aa67,05e9b769403b4c7926a944d5aaa03f00bb216412bc3f850e41b3c28de657aa67,"{""basis"":""ordered nested-math atom; exact symbolic replay"",""kind"":""source-target-formula-map""}"
1.1.0,formula,O007-FREMLIN-V2-S241-FORMULA-0641,O007-FREMLIN-V2-S241,O007-RIGHTS-FREMLIN-DSL,O007-FREMLIN-V2-S241-SEG-241XG,641,241Xg,241Xg,624,640,23319,23333,25073,25087,"(Y,\Tau,\nu)","(Y,\Tau,\nu)",72f1568945b9d44585331097f08f4d96f55f95b4711d2316a28c61729527ca59,72f1568945b9d44585331097f08f4d96f55f95b4711d2316a28c61729527ca59,72f1568945b9d44585331097f08f4d96f55f95b4711d2316a28c61729527ca59,$,,72f1568945b9d44585331097f08f4d96f55f95b4711d2316a28c61729527ca59,72f1568945b9d44585331097f08f4d96f55f95b4711d2316a28c61729527ca59,"{""basis"":""ordered nested-math atom; exact symbolic replay"",""kind"":""source-target-formula-map""}"
1.1.0,formula,O007-FREMLIN-V2-S241-FORMULA-0642,O007-FREMLIN-V2-S241,O007-RIGHTS-FREMLIN-DSL,O007-FREMLIN-V2-S241-SEG-241XG,642,241Xg,241Xg,625,641,23357,23370,25110,25123,\phi:X\to Y,\phi:X\to Y,13bd91bfe4efd20d71a6b34c7581ddd8571b38f73d5e0bdd9de604c7badbba99,13bd91bfe4efd20d71a6b34c7581ddd8571b38f73d5e0bdd9de604c7badbba99,ff574878676958526aeff476d34e96ebf519db9f8a28e89cc9e76db0b39b4ebc,$,,ff574878676958526aeff476d34e96ebf519db9f8a28e89cc9e76db0b39b4ebc,ff574878676958526aeff476d34e96ebf519db9f8a28e89cc9e76db0b39b4ebc,"{""basis"":""ordered nested-math atom; exact symbolic replay"",""kind"":""source-target-formula-map""}"
1.1.0,formula,O007-FREMLIN-V2-S241-FORMULA-0643,O007-FREMLIN-V2-S241,O007-RIGHTS-FREMLIN-DSL,O007-FREMLIN-V2-S241-SEG-241XG,643,241Xg,241Xg,626,642,23420,23444,25184,25208,T:L^0(\nu)\to L^0(\mu),T:L^0(\nu)\to L^0(\mu),b46405eeda3e9be80c105ba9bcb0bacadb38f6f811549d543937484498ce3aaa,b46405eeda3e9be80c105ba9bcb0bacadb38f6f811549d543937484498ce3aaa,4cb4b5a8754f90c3d77e9fc331e975a287e3f11373c0ce865d9702b560ff9860,$,,4cb4b5a8754f90c3d77e9fc331e975a287e3f11373c0ce865d9702b560ff9860,4cb4b5a8754f90c3d77e9fc331e975a287e3f11373c0ce865d9702b560ff9860,"{""basis"":""ordered nested-math atom; exact symbolic replay"",""kind"":""source-target-formula-map""}"
1.1.0,formula,O007-FREMLIN-V2-S241-FORMULA-0644,O007-FREMLIN-V2-S241,O007-RIGHTS-FREMLIN-DSL,O007-FREMLIN-V2-S241-SEG-241XG,644,241Xg,241Xg,627,643,23464,23500,25246,25282,Tg^{\ssbullet}=(g\phi)^{\ssbullet},Tg^{\ssbullet}=(g\phi)^{\ssbullet},0be4bec6dbe09938046a2e980c507f0132f60b57e679aac95671bc9bd78255bc,0be4bec6dbe09938046a2e980c507f0132f60b57e679aac95671bc9bd78255bc,0be4bec6dbe09938046a2e980c507f0132f60b57e679aac95671bc9bd78255bc,$,,0be4bec6dbe09938046a2e980c507f0132f60b57e679aac95671bc9bd78255bc,0be4bec6dbe09938046a2e980c507f0132f60b57e679aac95671bc9bd78255bc,"{""basis"":""ordered nested-math atom; exact symbolic replay"",""kind"":""source-target-formula-map""}"
1.1.0,formula,O007-FREMLIN-V2-S241-FORMULA-0645,O007-FREMLIN-V2-S241,O007-RIGHTS-FREMLIN-DSL,O007-FREMLIN-V2-S241-SEG-241XG,645,241Xg,241Xg,627,644,23511,23531,25296,25316,g\in\eusm L^0(\nu),g\in\eusm L^0(\nu),02a19c47a13e652da5143a96a1bc6601c8ef0835229bf9404e06b162b555fb40,02a19c47a13e652da5143a96a1bc6601c8ef0835229bf9404e06b162b555fb40,fa1b1fdd1cfd3d11eae35a7463b7d1162a664581e60326a2f7f4f70d51d3baed,$,,fa1b1fdd1cfd3d11eae35a7463b7d1162a664581e60326a2f7f4f70d51d3baed,fa1b1fdd1cfd3d11eae35a7463b7d1162a664581e60326a2f7f4f70d51d3baed,"{""basis"":""ordered nested-math atom; exact symbolic replay"",""kind"":""source-target-formula-map""}"
1.1.0,formula,O007-FREMLIN-V2-S241-FORMULA-0646,O007-FREMLIN-V2-S241,O007-RIGHTS-FREMLIN-DSL,O007-FREMLIN-V2-S241-SEG-241XG,646,241Xg,241Xg,629,644,23548,23551,25339,25342,T,T,e632b7095b0bf32c260fa4c539e9fd7b852d0de454e9be26f24d0d6f91d069d3,e632b7095b0bf32c260fa4c539e9fd7b852d0de454e9be26f24d0d6f91d069d3,e632b7095b0bf32c260fa4c539e9fd7b852d0de454e9be26f24d0d6f91d069d3,$,,e632b7095b0bf32c260fa4c539e9fd7b852d0de454e9be26f24d0d6f91d069d3,e632b7095b0bf32c260fa4c539e9fd7b852d0de454e9be26f24d0d6f91d069d3,"{""basis"":""ordered nested-math atom; exact symbolic replay"",""kind"":""source-target-formula-map""}"
1.1.0,formula,O007-FREMLIN-V2-S241-FORMULA-0647,O007-FREMLIN-V2-S241,O007-RIGHTS-FREMLIN-DSL,O007-FREMLIN-V2-S241-SEG-241XG,647,241Xg,241Xg,629,645,23568,23594,25357,25383,T(v\times w)=Tv\times Tw,T(v\times w)=Tv\times Tw,bffe64d9900457810c6557cfe7b9aaf7837a21190ed492d3cb01af402eb030f6,bffe64d9900457810c6557cfe7b9aaf7837a21190ed492d3cb01af402eb030f6,7df78abd682ce176c9d3bb42a24735a1739e475d6ed23d0f3cc5839df9ebebaa,$,,7df78abd682ce176c9d3bb42a24735a1739e475d6ed23d0f3cc5839df9ebebaa,7df78abd682ce176c9d3bb42a24735a1739e475d6ed23d0f3cc5839df9ebebaa,"{""basis"":""ordered nested-math atom; exact symbolic replay"",""kind"":""source-target-formula-map""}"
1.1.0,formula,O007-FREMLIN-V2-S241-FORMULA-0648,O007-FREMLIN-V2-S241,O007-RIGHTS-FREMLIN-DSL,O007-FREMLIN-V2-S241-SEG-241XG,648,241Xg,241Xg,629,645,23603,23606,25396,25399,v,v,4c94485e0c21ae6c41ce1dfe7b6bfaceea5ab68e40a2476f50208e526f506080,4c94485e0c21ae6c41ce1dfe7b6bfaceea5ab68e40a2476f50208e526f506080,4c94485e0c21ae6c41ce1dfe7b6bfaceea5ab68e40a2476f50208e526f506080,$,,4c94485e0c21ae6c41ce1dfe7b6bfaceea5ab68e40a2476f50208e526f506080,4c94485e0c21ae6c41ce1dfe7b6bfaceea5ab68e40a2476f50208e526f506080,"{""basis"":""ordered nested-math atom; exact symbolic replay"",""kind"":""source-target-formula-map""}"
1.1.0,formula,O007-FREMLIN-V2-S241-FORMULA-0649,O007-FREMLIN-V2-S241,O007-RIGHTS-FREMLIN-DSL,O007-FREMLIN-V2-S241-SEG-241XG,649,241Xg,241Xg,630,645,23608,23623,25401,25416,w\in L^0(\nu),w\in L^0(\nu),08c7a6c309b293445624a7be6f8aa082db55c3949510a0d07da2634ba010f705,08c7a6c309b293445624a7be6f8aa082db55c3949510a0d07da2634ba010f705,1ade4339525e23abe6a2fabc7ab285a1bc11838c57f6e7b3da54cfebb0c47fe8,$,,1ade4339525e23abe6a2fabc7ab285a1bc11838c57f6e7b3da54cfebb0c47fe8,1ade4339525e23abe6a2fabc7ab285a1bc11838c57f6e7b3da54cfebb0c47fe8,"{""basis"":""ordered nested-math atom; exact symbolic replay"",""kind"":""source-target-formula-map""}"
1.1.0,formula,O007-FREMLIN-V2-S241-FORMULA-0650,O007-FREMLIN-V2-S241,O007-RIGHTS-FREMLIN-DSL,O007-FREMLIN-V2-S241-SEG-241XG,650,241Xg,241Xg,630,646,23634,23681,25428,25475,T(\sup_{n\in\Bbb N}v_n)=\sup_{n\in\Bbb N}Tv_n,T(\sup_{n\in\Bbb N}v_n)=\sup_{n\in\Bbb N}Tv_n,526618862d8d50c014a924e611297e9e9ae6e31a6e243c6c2a02d7784d792bae,526618862d8d50c014a924e611297e9e9ae6e31a6e243c6c2a02d7784d792bae,6ccbde0b439138a5141c31654fa5725a91a4ce774de162a000eb183b0bf17de0,$,,6ccbde0b439138a5141c31654fa5725a91a4ce774de162a000eb183b0bf17de0,6ccbde0b439138a5141c31654fa5725a91a4ce774de162a000eb183b0bf17de0,"{""basis"":""ordered nested-math atom; exact symbolic replay"",""kind"":""source-target-formula-map""}"
1.1.0,formula,O007-FREMLIN-V2-S241-FORMULA-0651,O007-FREMLIN-V2-S241,O007-RIGHTS-FREMLIN-DSL,O007-FREMLIN-V2-S241-SEG-241XG,651,241Xg,241Xg,631,647,23691,23708,25486,25503,\sequencen{v_n},\sequencen{v_n},74ccc7cb8753df356e6ccf44c4ad1da92ca0ae1d9a6785b0d5edeba7ce138673,74ccc7cb8753df356e6ccf44c4ad1da92ca0ae1d9a6785b0d5edeba7ce138673,74ccc7cb8753df356e6ccf44c4ad1da92ca0ae1d9a6785b0d5edeba7ce138673,$,,74ccc7cb8753df356e6ccf44c4ad1da92ca0ae1d9a6785b0d5edeba7ce138673,74ccc7cb8753df356e6ccf44c4ad1da92ca0ae1d9a6785b0d5edeba7ce138673,"{""basis"":""ordered nested-math atom; exact symbolic replay"",""kind"":""source-target-formula-map""}"
1.1.0,formula,O007-FREMLIN-V2-S241-FORMULA-0652,O007-FREMLIN-V2-S241,O007-RIGHTS-FREMLIN-DSL,O007-FREMLIN-V2-S241-SEG-241XG,652,241Xg,241Xg,631,647,23726,23736,25524,25534,L^0(\nu),L^0(\nu),aaff22e15526e2aabcde62454249ca74cfc8a1bc006ad35f990e91381eff2226,aaff22e15526e2aabcde62454249ca74cfc8a1bc006ad35f990e91381eff2226,aaff22e15526e2aabcde62454249ca74cfc8a1bc006ad35f990e91381eff2226,$,,aaff22e15526e2aabcde62454249ca74cfc8a1bc006ad35f990e91381eff2226,aaff22e15526e2aabcde62454249ca74cfc8a1bc006ad35f990e91381eff2226,"{""basis"":""ordered nested-math atom; exact symbolic replay"",""kind"":""source-target-formula-map""}"
1.1.0,formula,O007-FREMLIN-V2-S241-FORMULA-0653,O007-FREMLIN-V2-S241,O007-RIGHTS-FREMLIN-DSL,O007-FREMLIN-V2-S241-SEG-241XG,653,241Xg,241Xg,632,648,23760,23770,25559,25569,L^0(\nu),L^0(\nu),aaff22e15526e2aabcde62454249ca74cfc8a1bc006ad35f990e91381eff2226,aaff22e15526e2aabcde62454249ca74cfc8a1bc006ad35f990e91381eff2226,aaff22e15526e2aabcde62454249ca74cfc8a1bc006ad35f990e91381eff2226,$,,aaff22e15526e2aabcde62454249ca74cfc8a1bc006ad35f990e91381eff2226,aaff22e15526e2aabcde62454249ca74cfc8a1bc006ad35f990e91381eff2226,"{""basis"":""ordered nested-math atom; exact symbolic replay"",""kind"":""source-target-formula-map""}"
1.1.0,formula,O007-FREMLIN-V2-S241-FORMULA-0654,O007-FREMLIN-V2-S241,O007-RIGHTS-FREMLIN-DSL,O007-FREMLIN-V2-S241-SEG-241XH,654,241Xh,241Xh,635,651,23799,23815,25603,25619,"(X,\Sigma,\mu)","(X,\Sigma,\mu)",05e9b769403b4c7926a944d5aaa03f00bb216412bc3f850e41b3c28de657aa67,05e9b769403b4c7926a944d5aaa03f00bb216412bc3f850e41b3c28de657aa67,05e9b769403b4c7926a944d5aaa03f00bb216412bc3f850e41b3c28de657aa67,$,,05e9b769403b4c7926a944d5aaa03f00bb216412bc3f850e41b3c28de657aa67,05e9b769403b4c7926a944d5aaa03f00bb216412bc3f850e41b3c28de657aa67,"{""basis"":""ordered nested-math atom; exact symbolic replay"",""kind"":""source-target-formula-map""}"
1.1.0,formula,O007-FREMLIN-V2-S241-FORMULA-0655,O007-FREMLIN-V2-S241,O007-RIGHTS-FREMLIN-DSL,O007-FREMLIN-V2-S241-SEG-241XH,655,241Xh,241Xh,636,652,23849,23857,25647,25655,r\ge 1,r\ge 1,10bc42d96f51887ea400533a0f6b343406ae6bb4aac04938120632d6289e30dc,10bc42d96f51887ea400533a0f6b343406ae6bb4aac04938120632d6289e30dc,48d931adc78b0f862d3435fd812b0154451317701e4ee6ece3563bbd6d25a196,$,,48d931adc78b0f862d3435fd812b0154451317701e4ee6ece3563bbd6d25a196,48d931adc78b0f862d3435fd812b0154451317701e4ee6ece3563bbd6d25a196,"{""basis"":""ordered nested-math atom; exact symbolic replay"",""kind"":""source-target-formula-map""}"
1.1.0,formula,O007-FREMLIN-V2-S241-FORMULA-0656,O007-FREMLIN-V2-S241,O007-RIGHTS-FREMLIN-DSL,O007-FREMLIN-V2-S241-SEG-241XH,656,241Xh,241Xh,636,652,23867,23887,25660,25680,h:\BbbR^r\to\Bbb R,h:\BbbR^r\to\Bbb R,cd82693eda2a76baffb914cd739ac7da967827dac1ac0e68ad1ce3baaf2953a5,cd82693eda2a76baffb914cd739ac7da967827dac1ac0e68ad1ce3baaf2953a5,098958447d1859a31ca810ca7a7b919eb2012cd62bb975a4f22010f455245fda,$,,098958447d1859a31ca810ca7a7b919eb2012cd62bb975a4f22010f455245fda,098958447d1859a31ca810ca7a7b919eb2012cd62bb975a4f22010f455245fda,"{""basis"":""ordered nested-math atom; exact symbolic replay"",""kind"":""source-target-formula-map""}"
1.1.0,formula,O007-FREMLIN-V2-S241-FORMULA-0657,O007-FREMLIN-V2-S241,O007-RIGHTS-FREMLIN-DSL,O007-FREMLIN-V2-S241-SEG-241XH,657,241Xh,241Xh,638,653,23952,23983,25741,25772,\bar h:L^0(\mu)^r\to L^0(\mu),\bar h:L^0(\mu)^r\to L^0(\mu),4d664e09294dab9ecb608432788c22d082b28434e7ec2d09219bf82da3d258bb,4d664e09294dab9ecb608432788c22d082b28434e7ec2d09219bf82da3d258bb,2a8a27c9e9edcf2bdfbe08c1d8a06e81c3371b267ed7744771a9b4c8845b277a,$,,2a8a27c9e9edcf2bdfbe08c1d8a06e81c3371b267ed7744771a9b4c8845b277a,2a8a27c9e9edcf2bdfbe08c1d8a06e81c3371b267ed7744771a9b4c8845b277a,"{""basis"":""ordered nested-math atom; exact symbolic replay"",""kind"":""source-target-formula-map""}"
1.1.0,formula,O007-FREMLIN-V2-S241-FORMULA-0658,O007-FREMLIN-V2-S241,O007-RIGHTS-FREMLIN-DSL,O007-FREMLIN-V2-S241-SEG-241XH,658,241Xh,241Xh,640,656,24016,24097,25823,25904,"\bar h(f_1^{\ssbullet},\ldots,f_r^{\ssbullet})
=(h(f_1,\ldots,f_r))^{\ssbullet}","\bar h(f_1^{\ssbullet},\ldots,f_r^{\ssbullet})
=(h(f_1,\ldots,f_r))^{\ssbullet}",08d4e40d9dbc38d9680aa27ebc70ce1abb9055738675b536e2813ee318a5b25b,08d4e40d9dbc38d9680aa27ebc70ce1abb9055738675b536e2813ee318a5b25b,b3a05d8c21593fb4a65dfc05b9bf58e18fc65a59bf8553502e134c3638c768e8,$,,b3a05d8c21593fb4a65dfc05b9bf58e18fc65a59bf8553502e134c3638c768e8,b3a05d8c21593fb4a65dfc05b9bf58e18fc65a59bf8553502e134c3638c768e8,"{""basis"":""ordered nested-math atom; exact symbolic replay"",""kind"":""source-target-formula-map""}"
1.1.0,formula,O007-FREMLIN-V2-S241-FORMULA-0659,O007-FREMLIN-V2-S241,O007-RIGHTS-FREMLIN-DSL,O007-FREMLIN-V2-S241-SEG-241XH,659,241Xh,241Xh,643,659,24114,24149,25923,25958,"f_1,\ldots,f_r\in{\eusm L}^0(\mu)","f_1,\ldots,f_r\in{\eusm L}^0(\mu)",8fb52dac31b0ac20ad8fcfb8267dbaea0eaf37f7535f073d8d6a78e21dbbfec6,8fb52dac31b0ac20ad8fcfb8267dbaea0eaf37f7535f073d8d6a78e21dbbfec6,2a24a33d9f7072b2d86d32ff704b7ef70760b02031660f727fb868cc74def2ac,$,,2a24a33d9f7072b2d86d32ff704b7ef70760b02031660f727fb868cc74def2ac,2a24a33d9f7072b2d86d32ff704b7ef70760b02031660f727fb868cc74def2ac,"{""basis"":""ordered nested-math atom; exact symbolic replay"",""kind"":""source-target-formula-map""}"
1.1.0,formula,O007-FREMLIN-V2-S241-FORMULA-0660,O007-FREMLIN-V2-S241,O007-RIGHTS-FREMLIN-DSL,O007-FREMLIN-V2-S241-SEG-241XI,660,241Xi,241Xi,646,662,24178,24194,25992,26008,"(X,\Sigma,\mu)","(X,\Sigma,\mu)",05e9b769403b4c7926a944d5aaa03f00bb216412bc3f850e41b3c28de657aa67,05e9b769403b4c7926a944d5aaa03f00bb216412bc3f850e41b3c28de657aa67,05e9b769403b4c7926a944d5aaa03f00bb216412bc3f850e41b3c28de657aa67,$,,05e9b769403b4c7926a944d5aaa03f00bb216412bc3f850e41b3c28de657aa67,05e9b769403b4c7926a944d5aaa03f00bb216412bc3f850e41b3c28de657aa67,"{""basis"":""ordered nested-math atom; exact symbolic replay"",""kind"":""source-target-formula-map""}"
1.1.0,formula,O007-FREMLIN-V2-S241-FORMULA-0661,O007-FREMLIN-V2-S241,O007-RIGHTS-FREMLIN-DSL,O007-FREMLIN-V2-S241-SEG-241XI,661,241Xi,241Xi,646,662,24218,24221,26030,26033,g,g,cd0aa9856147b6c5b4ff2b7dfee5da20aa38253099ef1b4a64aced233c9afe29,cd0aa9856147b6c5b4ff2b7dfee5da20aa38253099ef1b4a64aced233c9afe29,cd0aa9856147b6c5b4ff2b7dfee5da20aa38253099ef1b4a64aced233c9afe29,$,,cd0aa9856147b6c5b4ff2b7dfee5da20aa38253099ef1b4a64aced233c9afe29,cd0aa9856147b6c5b4ff2b7dfee5da20aa38253099ef1b4a64aced233c9afe29,"{""basis"":""ordered nested-math atom; exact symbolic replay"",""kind"":""source-target-formula-map""}"
1.1.0,formula,O007-FREMLIN-V2-S241-FORMULA-0662,O007-FREMLIN-V2-S241,O007-RIGHTS-FREMLIN-DSL,O007-FREMLIN-V2-S241-SEG-241XI,662,241Xi,241Xi,646,663,24223,24226,26035,26038,h,h,aaa9402664f1a41f40ebbc52c9993eb66aeb366602958fdfaa283b71e64db123,aaa9402664f1a41f40ebbc52c9993eb66aeb366602958fdfaa283b71e64db123,aaa9402664f1a41f40ebbc52c9993eb66aeb366602958fdfaa283b71e64db123,$,,aaa9402664f1a41f40ebbc52c9993eb66aeb366602958fdfaa283b71e64db123,aaa9402664f1a41f40ebbc52c9993eb66aeb366602958fdfaa283b71e64db123,"{""basis"":""ordered nested-math atom; exact symbolic replay"",""kind"":""source-target-formula-map""}"
1.1.0,formula,O007-FREMLIN-V2-S241-FORMULA-0663,O007-FREMLIN-V2-S241,O007-RIGHTS-FREMLIN-DSL,O007-FREMLIN-V2-S241-SEG-241XI,663,241Xi,241Xi,647,663,24228,24245,26040,26057,\sequencen{g_n},\sequencen{g_n},2e8e4f6e3b554ad4c38549aca8669b93f2ad384019df896017fca60439fe8d03,2e8e4f6e3b554ad4c38549aca8669b93f2ad384019df896017fca60439fe8d03,2e8e4f6e3b554ad4c38549aca8669b93f2ad384019df896017fca60439fe8d03,$,,2e8e4f6e3b554ad4c38549aca8669b93f2ad384019df896017fca60439fe8d03,2e8e4f6e3b554ad4c38549aca8669b93f2ad384019df896017fca60439fe8d03,"{""basis"":""ordered nested-math atom; exact symbolic replay"",""kind"":""source-target-formula-map""}"
1.1.0,formula,O007-FREMLIN-V2-S241-FORMULA-0664,O007-FREMLIN-V2-S241,O007-RIGHTS-FREMLIN-DSL,O007-FREMLIN-V2-S241-SEG-241XI,664,241Xi,241Xi,647,663,24278,24286,26091,26099,\Bbb R,\Bbb R,f9d62b077eddf72778fc05527c5aa4d2352f16a46a94808294fdc2cb7e406580,f9d62b077eddf72778fc05527c5aa4d2352f16a46a94808294fdc2cb7e406580,22316cdc991b42844c0fcdb72f227b6d4c0e8457a736e325af2845b7b3df7f6c,$,,22316cdc991b42844c0fcdb72f227b6d4c0e8457a736e325af2845b7b3df7f6c,22316cdc991b42844c0fcdb72f227b6d4c0e8457a736e325af2845b7b3df7f6c,"{""basis"":""ordered nested-math atom; exact symbolic replay"",""kind"":""source-target-formula-map""}"
1.1.0,formula,O007-FREMLIN-V2-S241-FORMULA-0665,O007-FREMLIN-V2-S241,O007-RIGHTS-FREMLIN-DSL,O007-FREMLIN-V2-S241-SEG-241XI,665,241Xi,241Xi,648,664,24304,24312,26129,26137,\bar g,\bar g,60e74a0938329fe21a5889d16697bc3403ad1682e2bbb8e5ab15ba3d001862ec,60e74a0938329fe21a5889d16697bc3403ad1682e2bbb8e5ab15ba3d001862ec,009e959a9b6649f77a000d2c6790485b0d9494c5b4fb2aac3502fc612c3f8028,$,,009e959a9b6649f77a000d2c6790485b0d9494c5b4fb2aac3502fc612c3f8028,009e959a9b6649f77a000d2c6790485b0d9494c5b4fb2aac3502fc612c3f8028,"{""basis"":""ordered nested-math atom; exact symbolic replay"",""kind"":""source-target-formula-map""}"
1.1.0,formula,O007-FREMLIN-V2-S241-FORMULA-0666,O007-FREMLIN-V2-S241,O007-RIGHTS-FREMLIN-DSL,O007-FREMLIN-V2-S241-SEG-241XI,666,241Xi,241Xi,648,664,24314,24322,26139,26147,\bar h,\bar h,43c8e73158bed877b5559a3b4a4c92ee38ef4a6516e32070f0864e81bafe3c0a,43c8e73158bed877b5559a3b4a4c92ee38ef4a6516e32070f0864e81bafe3c0a,2dff6c2e5e341cc8091d2a0bea5efed7dccef6827a911ce8ce66e2757f89b898,$,,2dff6c2e5e341cc8091d2a0bea5efed7dccef6827a911ce8ce66e2757f89b898,2dff6c2e5e341cc8091d2a0bea5efed7dccef6827a911ce8ce66e2757f89b898,"{""basis"":""ordered nested-math atom; exact symbolic replay"",""kind"":""source-target-formula-map""}"
1.1.0,formula,O007-FREMLIN-V2-S241-FORMULA-0667,O007-FREMLIN-V2-S241,O007-RIGHTS-FREMLIN-DSL,O007-FREMLIN-V2-S241-SEG-241XI,667,241Xi,241Xi,648,664,24324,24334,26149,26159,\bar g_n,\bar g_n,8b0737af3b1d2dedf636188ffff9e7b30cdc3fb2dc6979d2cb9fc1f2cdd8d38b,8b0737af3b1d2dedf636188ffff9e7b30cdc3fb2dc6979d2cb9fc1f2cdd8d38b,d69ecd32921bb0148795076ee59ead04f8ecb186c080b6db217ec35f23f32fcf,$,,d69ecd32921bb0148795076ee59ead04f8ecb186c080b6db217ec35f23f32fcf,d69ecd32921bb0148795076ee59ead04f8ecb186c080b6db217ec35f23f32fcf,"{""basis"":""ordered nested-math atom; exact symbolic replay"",""kind"":""source-target-formula-map""}"
1.1.0,formula,O007-FREMLIN-V2-S241-FORMULA-0668,O007-FREMLIN-V2-S241,O007-RIGHTS-FREMLIN-DSL,O007-FREMLIN-V2-S241-SEG-241XI,668,241Xi,241Xi,649,665,24372,24386,26202,26216,L^0=L^0(\mu),L^0=L^0(\mu),21f408dfd160dc88319611c4285d5c35208d4be9b0afe54df8092974142f5192,21f408dfd160dc88319611c4285d5c35208d4be9b0afe54df8092974142f5192,21f408dfd160dc88319611c4285d5c35208d4be9b0afe54df8092974142f5192,$,,21f408dfd160dc88319611c4285d5c35208d4be9b0afe54df8092974142f5192,21f408dfd160dc88319611c4285d5c35208d4be9b0afe54df8092974142f5192,"{""basis"":""ordered nested-math atom; exact symbolic replay"",""kind"":""source-target-formula-map""}"
1.1.0,formula,O007-FREMLIN-V2-S241-FORMULA-0669,O007-FREMLIN-V2-S241,O007-RIGHTS-FREMLIN-DSL,O007-FREMLIN-V2-S241-SEG-241XI,669,241Xi,241Xi,651,668,24434,24473,26277,26316,\bar g(u)+\bar h(u)=\overline{g+h}(u),\bar g(u)+\bar h(u)=\overline{g+h}(u),02b978bee5974ab429dd45c40d7d57fd2639093eb02e69589752e39f64007e03,02b978bee5974ab429dd45c40d7d57fd2639093eb02e69589752e39f64007e03,ef50486dc02cbc6eae4f1862a51b3807d59bf83754860624aa98a217ebbac92c,$,,ef50486dc02cbc6eae4f1862a51b3807d59bf83754860624aa98a217ebbac92c,ef50486dc02cbc6eae4f1862a51b3807d59bf83754860624aa98a217ebbac92c,"{""basis"":""ordered nested-math atom; exact symbolic replay"",""kind"":""source-target-formula-map""}"
1.1.0,formula,O007-FREMLIN-V2-S241-FORMULA-0670,O007-FREMLIN-V2-S241,O007-RIGHTS-FREMLIN-DSL,O007-FREMLIN-V2-S241-SEG-241XI,670,241Xi,241Xi,652,669,24480,24530,26323,26373,\bar g(u)\times\bar h(u)=\overline{g\times h}(u),\bar g(u)\times\bar h(u)=\overline{g\times h}(u),be2844eda43cf2dd248dca99384b250e14986df2274414d7ee2efc55e2a07076,be2844eda43cf2dd248dca99384b250e14986df2274414d7ee2efc55e2a07076,a6a0d7a22ac94750faa8cc56721e4a012d0d050ee484b5775bff800291f95fc3,$,,a6a0d7a22ac94750faa8cc56721e4a012d0d050ee484b5775bff800291f95fc3,a6a0d7a22ac94750faa8cc56721e4a012d0d050ee484b5775bff800291f95fc3,"{""basis"":""ordered nested-math atom; exact symbolic replay"",""kind"":""source-target-formula-map""}"
1.1.0,formula,O007-FREMLIN-V2-S241-FORMULA-0671,O007-FREMLIN-V2-S241,O007-RIGHTS-FREMLIN-DSL,O007-FREMLIN-V2-S241-SEG-241XI,671,241Xi,241Xi,653,670,24537,24573,26380,26416,\bar g(\bar h(u))=\overline{gh}(u),\bar g(\bar h(u))=\overline{gh}(u),485ba98442bba09e58d22c557574b4c03d5a33be04c1d670c00748c57b66c2c5,485ba98442bba09e58d22c557574b4c03d5a33be04c1d670c00748c57b66c2c5,1012942155cc78867f8184f689617dd375c61bca632f9805b6ce4849c81cc6a2,$,,1012942155cc78867f8184f689617dd375c61bca632f9805b6ce4849c81cc6a2,1012942155cc78867f8184f689617dd375c61bca632f9805b6ce4849c81cc6a2,"{""basis"":""ordered nested-math atom; exact symbolic replay"",""kind"":""source-target-formula-map""}"
1.1.0,formula,O007-FREMLIN-V2-S241-FORMULA-0672,O007-FREMLIN-V2-S241,O007-RIGHTS-FREMLIN-DSL,O007-FREMLIN-V2-S241-SEG-241XI,672,241Xi,241Xi,655,672,24596,24606,26442,26452,u\in L^0,u\in L^0,ba1840d798a1f35ea927e7454a8c1d2c1c2131ce893fc1b608cfbfa984210846,ba1840d798a1f35ea927e7454a8c1d2c1c2131ce893fc1b608cfbfa984210846,f85392ebe6b3fab109d0ca79dfa610bac6e936703ca234a34e77921bd68ca1cb,$,,f85392ebe6b3fab109d0ca79dfa610bac6e936703ca234a34e77921bd68ca1cb,f85392ebe6b3fab109d0ca79dfa610bac6e936703ca234a34e77921bd68ca1cb,"{""basis"":""ordered nested-math atom; exact symbolic replay"",""kind"":""source-target-formula-map""}"
1.1.0,formula,O007-FREMLIN-V2-S241-FORMULA-0673,O007-FREMLIN-V2-S241,O007-RIGHTS-FREMLIN-DSL,O007-FREMLIN-V2-S241-SEG-241XI,673,241Xi,241Xi,655,673,24628,24642,26480,26494,g(t)\le h(t),g(t)\le h(t),8a954c3e0565129b6e390dcad1b1b1eee69ceb2ee43cdb0a2fa786b2dddf43d1,8a954c3e0565129b6e390dcad1b1b1eee69ceb2ee43cdb0a2fa786b2dddf43d1,ea39fd99193537ee5278c9739d6af38c42f8638d8c50412cbbc1d0f04800c884,$,,ea39fd99193537ee5278c9739d6af38c42f8638d8c50412cbbc1d0f04800c884,ea39fd99193537ee5278c9739d6af38c42f8638d8c50412cbbc1d0f04800c884,"{""basis"":""ordered nested-math atom; exact symbolic replay"",""kind"":""source-target-formula-map""}"
1.1.0,formula,O007-FREMLIN-V2-S241-FORMULA-0674,O007-FREMLIN-V2-S241,O007-RIGHTS-FREMLIN-DSL,O007-FREMLIN-V2-S241-SEG-241XI,674,241Xi,241Xi,656,673,24653,24665,26508,26520,t\in\Bbb R,t\in\Bbb R,ab23ac246e3c8b11a3d5e5c2835144f6700cca85e4cbac01da82da6bd6b979c4,ab23ac246e3c8b11a3d5e5c2835144f6700cca85e4cbac01da82da6bd6b979c4,4d96d6348520e31cdaafe6336c09e8c835c1835c543ef16efaaff1871757b1bc,$,,4d96d6348520e31cdaafe6336c09e8c835c1835c543ef16efaaff1871757b1bc,4d96d6348520e31cdaafe6336c09e8c835c1835c543ef16efaaff1871757b1bc,"{""basis"":""ordered nested-math atom; exact symbolic replay"",""kind"":""source-target-formula-map""}"
1.1.0,formula,O007-FREMLIN-V2-S241-FORMULA-0675,O007-FREMLIN-V2-S241,O007-RIGHTS-FREMLIN-DSL,O007-FREMLIN-V2-S241-SEG-241XI,675,241Xi,241Xi,656,674,24672,24695,26527,26550,\bar g(u)\le\bar h(u),\bar g(u)\le\bar h(u),0a53d70749a9ca220c1745a0f23eacac491cf93c5958f8d4872343a0e83684ef,0a53d70749a9ca220c1745a0f23eacac491cf93c5958f8d4872343a0e83684ef,021fc35140aa5b266d3ce37ab86278f67d88a01ec8e43cb9d95dc7f76fdf0c7d,$,,021fc35140aa5b266d3ce37ab86278f67d88a01ec8e43cb9d95dc7f76fdf0c7d,021fc35140aa5b266d3ce37ab86278f67d88a01ec8e43cb9d95dc7f76fdf0c7d,"{""basis"":""ordered nested-math atom; exact symbolic replay"",""kind"":""source-target-formula-map""}"
1.1.0,formula,O007-FREMLIN-V2-S241-FORMULA-0676,O007-FREMLIN-V2-S241,O007-RIGHTS-FREMLIN-DSL,O007-FREMLIN-V2-S241-SEG-241XI,676,241Xi,241Xi,656,674,24706,24716,26564,26574,u\in L^0,u\in L^0,ba1840d798a1f35ea927e7454a8c1d2c1c2131ce893fc1b608cfbfa984210846,ba1840d798a1f35ea927e7454a8c1d2c1c2131ce893fc1b608cfbfa984210846,f85392ebe6b3fab109d0ca79dfa610bac6e936703ca234a34e77921bd68ca1cb,$,,f85392ebe6b3fab109d0ca79dfa610bac6e936703ca234a34e77921bd68ca1cb,f85392ebe6b3fab109d0ca79dfa610bac6e936703ca234a34e77921bd68ca1cb,"{""basis"":""ordered nested-math atom; exact symbolic replay"",""kind"":""source-target-formula-map""}"
1.1.0,formula,O007-FREMLIN-V2-S241-FORMULA-0677,O007-FREMLIN-V2-S241,O007-RIGHTS-FREMLIN-DSL,O007-FREMLIN-V2-S241-SEG-241XI,677,241Xi,241Xi,657,675,24737,24740,26603,26606,g,g,cd0aa9856147b6c5b4ff2b7dfee5da20aa38253099ef1b4a64aced233c9afe29,cd0aa9856147b6c5b4ff2b7dfee5da20aa38253099ef1b4a64aced233c9afe29,cd0aa9856147b6c5b4ff2b7dfee5da20aa38253099ef1b4a64aced233c9afe29,$,,cd0aa9856147b6c5b4ff2b7dfee5da20aa38253099ef1b4a64aced233c9afe29,cd0aa9856147b6c5b4ff2b7dfee5da20aa38253099ef1b4a64aced233c9afe29,"{""basis"":""ordered nested-math atom; exact symbolic replay"",""kind"":""source-target-formula-map""}"
1.1.0,formula,O007-FREMLIN-V2-S241-FORMULA-0678,O007-FREMLIN-V2-S241,O007-RIGHTS-FREMLIN-DSL,O007-FREMLIN-V2-S241-SEG-241XI,678,241Xi,241Xi,657,675,24765,24788,26625,26648,\bar g(u)\le\bar g(v),\bar g(u)\le\bar g(v),f0c7f2f6828237b183ca77f15ace65ddbf640a2bf76c40f96fa00fab04e6f4e0,f0c7f2f6828237b183ca77f15ace65ddbf640a2bf76c40f96fa00fab04e6f4e0,397665d6e6532d116061f5a511f51df0be5a94b0efdb785407e07c2ca5fd1354,$,,397665d6e6532d116061f5a511f51df0be5a94b0efdb785407e07c2ca5fd1354,397665d6e6532d116061f5a511f51df0be5a94b0efdb785407e07c2ca5fd1354,"{""basis"":""ordered nested-math atom; exact symbolic replay"",""kind"":""source-target-formula-map""}"
1.1.0,formula,O007-FREMLIN-V2-S241-FORMULA-0679,O007-FREMLIN-V2-S241,O007-RIGHTS-FREMLIN-DSL,O007-FREMLIN-V2-S241-SEG-241XI,679,241Xi,241Xi,658,675,24798,24806,26659,26667,u\le v,u\le v,f43dcab6dbdebe6089dcc4212a7b81ab82198a096fbb9e6ec373ba5c893436f1,f43dcab6dbdebe6089dcc4212a7b81ab82198a096fbb9e6ec373ba5c893436f1,46a15f04f4e0b1a5b114a3f3ebec344abbab19f356eb56b2e15b8e5a4d264cee,$,,46a15f04f4e0b1a5b114a3f3ebec344abbab19f356eb56b2e15b8e5a4d264cee,46a15f04f4e0b1a5b114a3f3ebec344abbab19f356eb56b2e15b8e5a4d264cee,"{""basis"":""ordered nested-math atom; exact symbolic replay"",""kind"":""source-target-formula-map""}"
1.1.0,formula,O007-FREMLIN-V2-S241-FORMULA-0680,O007-FREMLIN-V2-S241,O007-RIGHTS-FREMLIN-DSL,O007-FREMLIN-V2-S241-SEG-241XI,680,241Xi,241Xi,658,676,24810,24815,26674,26679,L^0,L^0,efb929291fb3ed4159783d57eb43e4f4183bf2aa2552acd5d70f6ebf7aa04b27,efb929291fb3ed4159783d57eb43e4f4183bf2aa2552acd5d70f6ebf7aa04b27,efb929291fb3ed4159783d57eb43e4f4183bf2aa2552acd5d70f6ebf7aa04b27,$,,efb929291fb3ed4159783d57eb43e4f4183bf2aa2552acd5d70f6ebf7aa04b27,efb929291fb3ed4159783d57eb43e4f4183bf2aa2552acd5d70f6ebf7aa04b27,"{""basis"":""ordered nested-math atom; exact symbolic replay"",""kind"":""source-target-formula-map""}"
1.1.0,formula,O007-FREMLIN-V2-S241-FORMULA-0681,O007-FREMLIN-V2-S241,O007-RIGHTS-FREMLIN-DSL,O007-FREMLIN-V2-S241-SEG-241XI,681,241Xi,241Xi,658,677,24837,24867,26707,26737,"h(t)=\sup_{n\in\Bbb
N}g_n(t)",h(t)=\sup_{n\in\Bbb N}g_n(t),87bb19ed27450b9c9761663db2bb541c7761ba6490a95b4ca1565ef2ef7b9662,6c86754352e9f2246d2fb76e6c5fcd3cc4707e22c5c474db21b4bbffed2027f9,f30f5691313d99a96e96706c80122ab32cb1586be6aea9cc6f5861d8821a727e,$,,f30f5691313d99a96e96706c80122ab32cb1586be6aea9cc6f5861d8821a727e,f30f5691313d99a96e96706c80122ab32cb1586be6aea9cc6f5861d8821a727e,"{""basis"":""ordered nested-math atom; exact symbolic replay"",""kind"":""source-target-formula-map""}"
1.1.0,formula,O007-FREMLIN-V2-S241-FORMULA-0682,O007-FREMLIN-V2-S241,O007-RIGHTS-FREMLIN-DSL,O007-FREMLIN-V2-S241-SEG-241XI,682,241Xi,241Xi,659,677,24878,24890,26751,26763,t\in\Bbb R,t\in\Bbb R,ab23ac246e3c8b11a3d5e5c2835144f6700cca85e4cbac01da82da6bd6b979c4,ab23ac246e3c8b11a3d5e5c2835144f6700cca85e4cbac01da82da6bd6b979c4,4d96d6348520e31cdaafe6336c09e8c835c1835c543ef16efaaff1871757b1bc,$,,4d96d6348520e31cdaafe6336c09e8c835c1835c543ef16efaaff1871757b1bc,4d96d6348520e31cdaafe6336c09e8c835c1835c543ef16efaaff1871757b1bc,"{""basis"":""ordered nested-math atom; exact symbolic replay"",""kind"":""source-target-formula-map""}"
1.1.0,formula,O007-FREMLIN-V2-S241-FORMULA-0683,O007-FREMLIN-V2-S241,O007-RIGHTS-FREMLIN-DSL,O007-FREMLIN-V2-S241-SEG-241XI,683,241Xi,241Xi,659,678,24897,24937,26770,26810,"\bar h(u)=\sup_{n\in\Bbb N}\bar
g_n(u)",\bar h(u)=\sup_{n\in\Bbb N}\bar g_n(u),f1a6c4128cb05b8bd311b7674b237027ab746505ae42a629c5e1c6eeaf139aaa,0d48c49411e45450ad81b27e03e6499adb33fc5b4f7b545e45c5bd0c1a84e334,8cfb5a2bafed7fd1cbda228edb6c434fa6c5b44f0dbcc5b5d2550ce6b589a2c5,$,,8cfb5a2bafed7fd1cbda228edb6c434fa6c5b44f0dbcc5b5d2550ce6b589a2c5,8cfb5a2bafed7fd1cbda228edb6c434fa6c5b44f0dbcc5b5d2550ce6b589a2c5,"{""basis"":""ordered nested-math atom; exact symbolic replay"",""kind"":""source-target-formula-map""}"
1.1.0,formula,O007-FREMLIN-V2-S241-FORMULA-0684,O007-FREMLIN-V2-S241,O007-RIGHTS-FREMLIN-DSL,O007-FREMLIN-V2-S241-SEG-241XI,684,241Xi,241Xi,660,678,24941,24946,26817,26822,L^0,L^0,efb929291fb3ed4159783d57eb43e4f4183bf2aa2552acd5d70f6ebf7aa04b27,efb929291fb3ed4159783d57eb43e4f4183bf2aa2552acd5d70f6ebf7aa04b27,efb929291fb3ed4159783d57eb43e4f4183bf2aa2552acd5d70f6ebf7aa04b27,$,,efb929291fb3ed4159783d57eb43e4f4183bf2aa2552acd5d70f6ebf7aa04b27,efb929291fb3ed4159783d57eb43e4f4183bf2aa2552acd5d70f6ebf7aa04b27,"{""basis"":""ordered nested-math atom; exact symbolic replay"",""kind"":""source-target-formula-map""}"
1.1.0,formula,O007-FREMLIN-V2-S241-FORMULA-0685,O007-FREMLIN-V2-S241,O007-RIGHTS-FREMLIN-DSL,O007-FREMLIN-V2-S241-SEG-241XI,685,241Xi,241Xi,660,679,24957,24967,26836,26846,u\in L^0,u\in L^0,ba1840d798a1f35ea927e7454a8c1d2c1c2131ce893fc1b608cfbfa984210846,ba1840d798a1f35ea927e7454a8c1d2c1c2131ce893fc1b608cfbfa984210846,f85392ebe6b3fab109d0ca79dfa610bac6e936703ca234a34e77921bd68ca1cb,$,,f85392ebe6b3fab109d0ca79dfa610bac6e936703ca234a34e77921bd68ca1cb,f85392ebe6b3fab109d0ca79dfa610bac6e936703ca234a34e77921bd68ca1cb,"{""basis"":""ordered nested-math atom; exact symbolic replay"",""kind"":""source-target-formula-map""}"
1.1.0,formula,O007-FREMLIN-V2-S241-FORMULA-0686,O007-FREMLIN-V2-S241,O007-RIGHTS-FREMLIN-DSL,O007-FREMLIN-V2-S241-SEG-241Y,686,241Y,241Y,665,684,25034,25037,26917,26920,U,U,a25513c7e0f6eaa80a3337ee18081b9e2ed09e00af8531c8f7bb2542764027e7,a25513c7e0f6eaa80a3337ee18081b9e2ed09e00af8531c8f7bb2542764027e7,a25513c7e0f6eaa80a3337ee18081b9e2ed09e00af8531c8f7bb2542764027e7,$,,a25513c7e0f6eaa80a3337ee18081b9e2ed09e00af8531c8f7bb2542764027e7,a25513c7e0f6eaa80a3337ee18081b9e2ed09e00af8531c8f7bb2542764027e7,"{""basis"":""ordered nested-math atom; exact symbolic replay"",""kind"":""source-target-formula-map""}"
1.1.0,formula,O007-FREMLIN-V2-S241-FORMULA-0687,O007-FREMLIN-V2-S241,O007-RIGHTS-FREMLIN-DSL,O007-FREMLIN-V2-S241-SEG-241Y,687,241Y,241Y,665,684,25064,25072,26949,26957,u\in U,u\in U,f5003b08066c86ea81216c666fc17a71413b0926de9d78ecfa80fe78eb1fb52e,f5003b08066c86ea81216c666fc17a71413b0926de9d78ecfa80fe78eb1fb52e,3204c5a05d7faa27d93954b1f45c112c0dbc4c619eb3bf1f3fab151bc0d72689,$,,3204c5a05d7faa27d93954b1f45c112c0dbc4c619eb3bf1f3fab151bc0d72689,3204c5a05d7faa27d93954b1f45c112c0dbc4c619eb3bf1f3fab151bc0d72689,"{""basis"":""ordered nested-math atom; exact symbolic replay"",""kind"":""source-target-formula-map""}"
1.1.0,formula,O007-FREMLIN-V2-S241-FORMULA-0688,O007-FREMLIN-V2-S241,O007-RIGHTS-FREMLIN-DSL,O007-FREMLIN-V2-S241-SEG-241Y,688,241Y,241Y,666,685,25079,25094,26968,26983,|u|=u\vee(-u),|u|=u\vee(-u),d5f2d6af8c97413366260efc9cb03abb2ace284d7b09caf602c0114ef092ae90,d5f2d6af8c97413366260efc9cb03abb2ace284d7b09caf602c0114ef092ae90,d5f2d6af8c97413366260efc9cb03abb2ace284d7b09caf602c0114ef092ae90,$,,d5f2d6af8c97413366260efc9cb03abb2ace284d7b09caf602c0114ef092ae90,d5f2d6af8c97413366260efc9cb03abb2ace284d7b09caf602c0114ef092ae90,"{""basis"":""ordered nested-math atom; exact symbolic replay"",""kind"":""source-target-formula-map""}"
1.1.0,formula,O007-FREMLIN-V2-S241-FORMULA-0689,O007-FREMLIN-V2-S241,O007-RIGHTS-FREMLIN-DSL,O007-FREMLIN-V2-S241-SEG-241Y,689,241Y,241Y,666,685,25096,25109,26985,26998,u^+=u\vee 0,u^+=u\vee 0,756409e92a552c0e9288e387a73e0da24e8bf3062f66314d31f8b7c64f59a56c,756409e92a552c0e9288e387a73e0da24e8bf3062f66314d31f8b7c64f59a56c,ea63d901f49e5525d9e2fe476506b03c2a3fa88ac9883310b162a373d0548af1,$,,ea63d901f49e5525d9e2fe476506b03c2a3fa88ac9883310b162a373d0548af1,ea63d901f49e5525d9e2fe476506b03c2a3fa88ac9883310b162a373d0548af1,"{""basis"":""ordered nested-math atom; exact symbolic replay"",""kind"":""source-target-formula-map""}"
1.1.0,formula,O007-FREMLIN-V2-S241-FORMULA-0690,O007-FREMLIN-V2-S241,O007-RIGHTS-FREMLIN-DSL,O007-FREMLIN-V2-S241-SEG-241Y,690,241Y,241Y,666,685,25111,25127,27000,27016,u^-=(-u)\vee 0,u^-=(-u)\vee 0,778321fa50bcbf7e5015f6fe784e39a9a5e1db119ab79c61db3d3161df3e6147,778321fa50bcbf7e5015f6fe784e39a9a5e1db119ab79c61db3d3161df3e6147,9497db25504fa3c40e6d1990a173f9023fc0c251bf37d55d9d7d8da33e42a6c6,$,,9497db25504fa3c40e6d1990a173f9023fc0c251bf37d55d9d7d8da33e42a6c6,9497db25504fa3c40e6d1990a173f9023fc0c251bf37d55d9d7d8da33e42a6c6,"{""basis"":""ordered nested-math atom; exact symbolic replay"",""kind"":""source-target-formula-map""}"
1.1.0,formula,O007-FREMLIN-V2-S241-FORMULA-0691,O007-FREMLIN-V2-S241,O007-RIGHTS-FREMLIN-DSL,O007-FREMLIN-V2-S241-SEG-241Y,691,241Y,241Y,667,686,25150,25153,27050,27053,u,u,0bfe935e70c321c7ca3afc75ce0d0ca2f98b5422e008bb31c00c6d7f1f1c0ad6,0bfe935e70c321c7ca3afc75ce0d0ca2f98b5422e008bb31c00c6d7f1f1c0ad6,0bfe935e70c321c7ca3afc75ce0d0ca2f98b5422e008bb31c00c6d7f1f1c0ad6,$,,0bfe935e70c321c7ca3afc75ce0d0ca2f98b5422e008bb31c00c6d7f1f1c0ad6,0bfe935e70c321c7ca3afc75ce0d0ca2f98b5422e008bb31c00c6d7f1f1c0ad6,"{""basis"":""ordered nested-math atom; exact symbolic replay"",""kind"":""source-target-formula-map""}"
1.1.0,formula,O007-FREMLIN-V2-S241-FORMULA-0692,O007-FREMLIN-V2-S241,O007-RIGHTS-FREMLIN-DSL,O007-FREMLIN-V2-S241-SEG-241Y,692,241Y,241Y,667,686,25155,25163,27055,27063,v\in U,v\in U,bc42dd0b5c588ae1bcc641498df265c94df1ffd226d9f14ab8a561ef2b3d09e7,bc42dd0b5c588ae1bcc641498df265c94df1ffd226d9f14ab8a561ef2b3d09e7,24253b58df79978a93a92228a99086791c556a5689455b6c57ea22ee0c524664,$,,24253b58df79978a93a92228a99086791c556a5689455b6c57ea22ee0c524664,24253b58df79978a93a92228a99086791c556a5689455b6c57ea22ee0c524664,"{""basis"":""ordered nested-math atom; exact symbolic replay"",""kind"":""source-target-formula-map""}"
1.1.0,formula,O007-FREMLIN-V2-S241-FORMULA-0693,O007-FREMLIN-V2-S241,O007-RIGHTS-FREMLIN-DSL,O007-FREMLIN-V2-S241-SEG-241Y,693,241Y,241Y,669,688,25178,25189,27078,27089,u=u^+-u^-,u=u^+-u^-,96c91f1e89e36f5ebde24a7c9387dfb0a266df5a55caf95f87560088f348a191,96c91f1e89e36f5ebde24a7c9387dfb0a266df5a55caf95f87560088f348a191,96c91f1e89e36f5ebde24a7c9387dfb0a266df5a55caf95f87560088f348a191,$,,96c91f1e89e36f5ebde24a7c9387dfb0a266df5a55caf95f87560088f348a191,96c91f1e89e36f5ebde24a7c9387dfb0a266df5a55caf95f87560088f348a191,"{""basis"":""ordered nested-math atom; exact symbolic replay"",""kind"":""source-target-formula-map""}"
1.1.0,formula,O007-FREMLIN-V2-S241-FORMULA-0694,O007-FREMLIN-V2-S241,O007-RIGHTS-FREMLIN-DSL,O007-FREMLIN-V2-S241-SEG-241Y,694,241Y,241Y,669,688,25195,25220,27095,27120,|u|=u^++u^-=u^+\vee u^-,|u|=u^++u^-=u^+\vee u^-,d9bee3376c696578004eb13ae317045546903d60a923acebeea15455ba77165e,d9bee3376c696578004eb13ae317045546903d60a923acebeea15455ba77165e,8fb4d384cc058679d55fca8c1b90e9ef89b5209ec91d2083dde502923c4bd848,$,,8fb4d384cc058679d55fca8c1b90e9ef89b5209ec91d2083dde502923c4bd848,8fb4d384cc058679d55fca8c1b90e9ef89b5209ec91d2083dde502923c4bd848,"{""basis"":""ordered nested-math atom; exact symbolic replay"",""kind"":""source-target-formula-map""}"
1.1.0,formula,O007-FREMLIN-V2-S241-FORMULA-0695,O007-FREMLIN-V2-S241,O007-RIGHTS-FREMLIN-DSL,O007-FREMLIN-V2-S241-SEG-241Y,695,241Y,241Y,670,689,25227,25244,27127,27144,u^+\wedge u^-=0,u^+\wedge u^-=0,7ee3de8fa8050863d711f6ba211cdd95e21682a3001ce3a4055dca5119027b31,7ee3de8fa8050863d711f6ba211cdd95e21682a3001ce3a4055dca5119027b31,5cc58c8ee416ec62178f7e141dc1650345407b19622e342075cfb3de1d93825b,$,,5cc58c8ee416ec62178f7e141dc1650345407b19622e342075cfb3de1d93825b,5cc58c8ee416ec62178f7e141dc1650345407b19622e342075cfb3de1d93825b,"{""basis"":""ordered nested-math atom; exact symbolic replay"",""kind"":""source-target-formula-map""}"
1.1.0,formula,O007-FREMLIN-V2-S241-FORMULA-0696,O007-FREMLIN-V2-S241,O007-RIGHTS-FREMLIN-DSL,O007-FREMLIN-V2-S241-SEG-241Y,696,241Y,241Y,672,691,25260,25299,27160,27199,u\vee v=\Bover12(u+v+|u-v|)=u+(v-u)^+,u\vee v=\Bover12(u+v+|u-v|)=u+(v-u)^+,2bb2cba3400b627d9a9329e48de4db11ed81cd59df76a86fba5559d1fe4dab15,2bb2cba3400b627d9a9329e48de4db11ed81cd59df76a86fba5559d1fe4dab15,4aa1cdab8fc98e3f8767074fec017f5d4d9871b9e9f2525dc6ced6f2fd4452f5,$,,4aa1cdab8fc98e3f8767074fec017f5d4d9871b9e9f2525dc6ced6f2fd4452f5,4aa1cdab8fc98e3f8767074fec017f5d4d9871b9e9f2525dc6ced6f2fd4452f5,"{""basis"":""ordered nested-math atom; exact symbolic replay"",""kind"":""source-target-formula-map""}"
1.1.0,formula,O007-FREMLIN-V2-S241-FORMULA-0697,O007-FREMLIN-V2-S241,O007-RIGHTS-FREMLIN-DSL,O007-FREMLIN-V2-S241-SEG-241Y,697,241Y,241Y,674,693,25315,25356,27215,27256,u\wedge v=\Bover12(u+v-|u-v|)=u-(u-v)^+,u\wedge v=\Bover12(u+v-|u-v|)=u-(u-v)^+,20045247cd1f220af11bd920446912d2ebee8635c67491ba29c937164ae1c97d,20045247cd1f220af11bd920446912d2ebee8635c67491ba29c937164ae1c97d,c6878a44486e456c7cda81e847875cdefb518cd9a1ae5cae19841c2c6fca9b3f,$,,c6878a44486e456c7cda81e847875cdefb518cd9a1ae5cae19841c2c6fca9b3f,c6878a44486e456c7cda81e847875cdefb518cd9a1ae5cae19841c2c6fca9b3f,"{""basis"":""ordered nested-math atom; exact symbolic replay"",""kind"":""source-target-formula-map""}"
1.1.0,formula,O007-FREMLIN-V2-S241-FORMULA-0698,O007-FREMLIN-V2-S241,O007-RIGHTS-FREMLIN-DSL,O007-FREMLIN-V2-S241-SEG-241Y,698,241Y,241Y,676,695,25372,25389,27272,27289,|u+v|\le|u|+|v|,|u+v|\le|u|+|v|,153d2fc061b36d00d3f4463a4fcc40c7787e2292ffaf5906edd6da3efb25a772,153d2fc061b36d00d3f4463a4fcc40c7787e2292ffaf5906edd6da3efb25a772,153d2fc061b36d00d3f4463a4fcc40c7787e2292ffaf5906edd6da3efb25a772,$,,153d2fc061b36d00d3f4463a4fcc40c7787e2292ffaf5906edd6da3efb25a772,153d2fc061b36d00d3f4463a4fcc40c7787e2292ffaf5906edd6da3efb25a772,"{""basis"":""ordered nested-math atom; exact symbolic replay"",""kind"":""source-target-formula-map""}"
1.1.0,formula,O007-FREMLIN-V2-S241-FORMULA-0699,O007-FREMLIN-V2-S241,O007-RIGHTS-FREMLIN-DSL,O007-FREMLIN-V2-S241-SEG-241YB,699,241Yb,241Yb,679,698,25419,25422,27324,27327,U,U,a25513c7e0f6eaa80a3337ee18081b9e2ed09e00af8531c8f7bb2542764027e7,a25513c7e0f6eaa80a3337ee18081b9e2ed09e00af8531c8f7bb2542764027e7,a25513c7e0f6eaa80a3337ee18081b9e2ed09e00af8531c8f7bb2542764027e7,$,,a25513c7e0f6eaa80a3337ee18081b9e2ed09e00af8531c8f7bb2542764027e7,a25513c7e0f6eaa80a3337ee18081b9e2ed09e00af8531c8f7bb2542764027e7,"{""basis"":""ordered nested-math atom; exact symbolic replay"",""kind"":""source-target-formula-map""}"
1.1.0,formula,O007-FREMLIN-V2-S241-FORMULA-0700,O007-FREMLIN-V2-S241,O007-RIGHTS-FREMLIN-DSL,O007-FREMLIN-V2-S241-SEG-241YB,700,241Yb,241Yb,680,699,25463,25466,27367,27370,N,N,8ce86a6ae65d3692e7305e2c58ac62eebd97d3d943e093f577da25c36988246b,8ce86a6ae65d3692e7305e2c58ac62eebd97d3d943e093f577da25c36988246b,8ce86a6ae65d3692e7305e2c58ac62eebd97d3d943e093f577da25c36988246b,$,,8ce86a6ae65d3692e7305e2c58ac62eebd97d3d943e093f577da25c36988246b,8ce86a6ae65d3692e7305e2c58ac62eebd97d3d943e093f577da25c36988246b,"{""basis"":""ordered nested-math atom; exact symbolic replay"",""kind"":""source-target-formula-map""}"
1.1.0,formula,O007-FREMLIN-V2-S241-FORMULA-0701,O007-FREMLIN-V2-S241,O007-RIGHTS-FREMLIN-DSL,O007-FREMLIN-V2-S241-SEG-241YB,701,241Yb,241Yb,680,699,25488,25491,27398,27401,U,U,a25513c7e0f6eaa80a3337ee18081b9e2ed09e00af8531c8f7bb2542764027e7,a25513c7e0f6eaa80a3337ee18081b9e2ed09e00af8531c8f7bb2542764027e7,a25513c7e0f6eaa80a3337ee18081b9e2ed09e00af8531c8f7bb2542764027e7,$,,a25513c7e0f6eaa80a3337ee18081b9e2ed09e00af8531c8f7bb2542764027e7,a25513c7e0f6eaa80a3337ee18081b9e2ed09e00af8531c8f7bb2542764027e7,"{""basis"":""ordered nested-math atom; exact symbolic replay"",""kind"":""source-target-formula-map""}"
1.1.0,formula,O007-FREMLIN-V2-S241-FORMULA-0702,O007-FREMLIN-V2-S241,O007-RIGHTS-FREMLIN-DSL,O007-FREMLIN-V2-S241-SEG-241YB,702,241Yb,241Yb,680,699,25511,25514,27432,27435,u,u,0bfe935e70c321c7ca3afc75ce0d0ca2f98b5422e008bb31c00c6d7f1f1c0ad6,0bfe935e70c321c7ca3afc75ce0d0ca2f98b5422e008bb31c00c6d7f1f1c0ad6,0bfe935e70c321c7ca3afc75ce0d0ca2f98b5422e008bb31c00c6d7f1f1c0ad6,$,,0bfe935e70c321c7ca3afc75ce0d0ca2f98b5422e008bb31c00c6d7f1f1c0ad6,0bfe935e70c321c7ca3afc75ce0d0ca2f98b5422e008bb31c00c6d7f1f1c0ad6,"{""basis"":""ordered nested-math atom; exact symbolic replay"",""kind"":""source-target-formula-map""}"
1.1.0,formula,O007-FREMLIN-V2-S241-FORMULA-0703,O007-FREMLIN-V2-S241,O007-RIGHTS-FREMLIN-DSL,O007-FREMLIN-V2-S241-SEG-241YB,703,241Yb,241Yb,680,700,25516,25525,27437,27446,u'\in N,u'\in N,bf21c4241d232d4f069e1886c8915ed928cf3526088679f0d72ce27de750990c,bf21c4241d232d4f069e1886c8915ed928cf3526088679f0d72ce27de750990c,68fbad7b3f17d895716b13108dfac6c6a44a79eb06a1e8ed9c2b3b4df2e6f6bf,$,,68fbad7b3f17d895716b13108dfac6c6a44a79eb06a1e8ed9c2b3b4df2e6f6bf,68fbad7b3f17d895716b13108dfac6c6a44a79eb06a1e8ed9c2b3b4df2e6f6bf,"{""basis"":""ordered nested-math atom; exact symbolic replay"",""kind"":""source-target-formula-map""}"
1.1.0,formula,O007-FREMLIN-V2-S241-FORMULA-0704,O007-FREMLIN-V2-S241,O007-RIGHTS-FREMLIN-DSL,O007-FREMLIN-V2-S241-SEG-241YB,704,241Yb,241Yb,681,700,25530,25544,27451,27465,u'\le v\le u,u'\le v\le u,4a01cfff6e489b52eb493b3c5499d0774f0ae96d4831c7522806f51467b057e1,4a01cfff6e489b52eb493b3c5499d0774f0ae96d4831c7522806f51467b057e1,4719ed23c238fc1cd5fd013f80a62adf0a3b815619dd1c7a2c39d6d33c0b2944,$,,4719ed23c238fc1cd5fd013f80a62adf0a3b815619dd1c7a2c39d6d33c0b2944,4719ed23c238fc1cd5fd013f80a62adf0a3b815619dd1c7a2c39d6d33c0b2944,"{""basis"":""ordered nested-math atom; exact symbolic replay"",""kind"":""source-target-formula-map""}"
1.1.0,formula,O007-FREMLIN-V2-S241-FORMULA-0705,O007-FREMLIN-V2-S241,O007-RIGHTS-FREMLIN-DSL,O007-FREMLIN-V2-S241-SEG-241YB,705,241Yb,241Yb,681,700,25550,25558,27472,27480,v\in N,v\in N,532d7f3d2141d7c552d9cf6533423c30db44f880a67d50bef917e527313e71ae,532d7f3d2141d7c552d9cf6533423c30db44f880a67d50bef917e527313e71ae,8199f7e3b1fd8d745f2bd52a5a72256c5501f30e86204adb9a75fab9a5780731,$,,8199f7e3b1fd8d745f2bd52a5a72256c5501f30e86204adb9a75fab9a5780731,8199f7e3b1fd8d745f2bd52a5a72256c5501f30e86204adb9a75fab9a5780731,"{""basis"":""ordered nested-math atom; exact symbolic replay"",""kind"":""source-target-formula-map""}"
1.1.0,formula,O007-FREMLIN-V2-S241-FORMULA-0706,O007-FREMLIN-V2-S241,O007-RIGHTS-FREMLIN-DSL,O007-FREMLIN-V2-S241-SEG-241YB,706,241Yb,241Yb,682,701,25602,25607,27526,27531,U/N,U/N,8d07c18b8fa165c409f3b96a01a91a1db6eff3e076eea821274832d4e3d2d450,8d07c18b8fa165c409f3b96a01a91a1db6eff3e076eea821274832d4e3d2d450,8d07c18b8fa165c409f3b96a01a91a1db6eff3e076eea821274832d4e3d2d450,$,,8d07c18b8fa165c409f3b96a01a91a1db6eff3e076eea821274832d4e3d2d450,8d07c18b8fa165c409f3b96a01a91a1db6eff3e076eea821274832d4e3d2d450,"{""basis"":""ordered nested-math atom; exact symbolic replay"",""kind"":""source-target-formula-map""}"
1.1.0,formula,O007-FREMLIN-V2-S241-FORMULA-0707,O007-FREMLIN-V2-S241,O007-RIGHTS-FREMLIN-DSL,O007-FREMLIN-V2-S241-SEG-241YB,707,241Yb,241Yb,684,702,25659,25691,27598,27630,u^{\ssbullet}\le v^{\ssbullet},u^{\ssbullet}\le v^{\ssbullet},f91406253a4507d61797a225105c5531b6298d0c4151361d72d0bc105121014f,f91406253a4507d61797a225105c5531b6298d0c4151361d72d0bc105121014f,9974be8e1fb90c558cb0f593e3ac298bc3c6164d891b391137d78887e0d9bc50,$,,9974be8e1fb90c558cb0f593e3ac298bc3c6164d891b391137d78887e0d9bc50,9974be8e1fb90c558cb0f593e3ac298bc3c6164d891b391137d78887e0d9bc50,"{""basis"":""ordered nested-math atom; exact symbolic replay"",""kind"":""source-target-formula-map""}"
1.1.0,formula,O007-FREMLIN-V2-S241-FORMULA-0708,O007-FREMLIN-V2-S241,O007-RIGHTS-FREMLIN-DSL,O007-FREMLIN-V2-S241-SEG-241YB,708,241Yb,241Yb,684,702,25695,25700,27637,27642,U/N,U/N,8d07c18b8fa165c409f3b96a01a91a1db6eff3e076eea821274832d4e3d2d450,8d07c18b8fa165c409f3b96a01a91a1db6eff3e076eea821274832d4e3d2d450,8d07c18b8fa165c409f3b96a01a91a1db6eff3e076eea821274832d4e3d2d450,$,,8d07c18b8fa165c409f3b96a01a91a1db6eff3e076eea821274832d4e3d2d450,8d07c18b8fa165c409f3b96a01a91a1db6eff3e076eea821274832d4e3d2d450,"{""basis"":""ordered nested-math atom; exact symbolic replay"",""kind"":""source-target-formula-map""}"
1.1.0,formula,O007-FREMLIN-V2-S241-FORMULA-0709,O007-FREMLIN-V2-S241,O007-RIGHTS-FREMLIN-DSL,O007-FREMLIN-V2-S241-SEG-241YB,709,241Yb,241Yb,684,703,25716,25724,27672,27680,w\in N,w\in N,5eb04b0a86db4fd7e58a3827826090b2675f99ee9e71951d2d45435b468bf450,5eb04b0a86db4fd7e58a3827826090b2675f99ee9e71951d2d45435b468bf450,bd21d7eee9a59c41c80728f95e9f9e86e318edf7bf7cb3d4b947a6b4b980ec7a,$,,bd21d7eee9a59c41c80728f95e9f9e86e318edf7bf7cb3d4b947a6b4b980ec7a,bd21d7eee9a59c41c80728f95e9f9e86e318edf7bf7cb3d4b947a6b4b980ec7a,"{""basis"":""ordered nested-math atom; exact symbolic replay"",""kind"":""source-target-formula-map""}"
1.1.0,formula,O007-FREMLIN-V2-S241-FORMULA-0710,O007-FREMLIN-V2-S241,O007-RIGHTS-FREMLIN-DSL,O007-FREMLIN-V2-S241-SEG-241YB,710,241Yb,241Yb,685,703,25735,25745,27701,27711,u\le v+w,u\le v+w,43ede38dfc14fa80e249e14d9b5eb3fecc87ec747151d0bd28c6b60097e06504,43ede38dfc14fa80e249e14d9b5eb3fecc87ec747151d0bd28c6b60097e06504,ab840d99697ae4e6aac63bdb5e36d31ac698fc75cf0fbae9a1faa246e4ce86d9,$,,ab840d99697ae4e6aac63bdb5e36d31ac698fc75cf0fbae9a1faa246e4ce86d9,ab840d99697ae4e6aac63bdb5e36d31ac698fc75cf0fbae9a1faa246e4ce86d9,"{""basis"":""ordered nested-math atom; exact symbolic replay"",""kind"":""source-target-formula-map""}"
1.1.0,formula,O007-FREMLIN-V2-S241-FORMULA-0711,O007-FREMLIN-V2-S241,O007-RIGHTS-FREMLIN-DSL,O007-FREMLIN-V2-S241-SEG-241YB,711,241Yb,241Yb,686,703,25749,25752,27718,27721,U,U,a25513c7e0f6eaa80a3337ee18081b9e2ed09e00af8531c8f7bb2542764027e7,a25513c7e0f6eaa80a3337ee18081b9e2ed09e00af8531c8f7bb2542764027e7,a25513c7e0f6eaa80a3337ee18081b9e2ed09e00af8531c8f7bb2542764027e7,$,,a25513c7e0f6eaa80a3337ee18081b9e2ed09e00af8531c8f7bb2542764027e7,a25513c7e0f6eaa80a3337ee18081b9e2ed09e00af8531c8f7bb2542764027e7,"{""basis"":""ordered nested-math atom; exact symbolic replay"",""kind"":""source-target-formula-map""}"
1.1.0,formula,O007-FREMLIN-V2-S241-FORMULA-0712,O007-FREMLIN-V2-S241,O007-RIGHTS-FREMLIN-DSL,O007-FREMLIN-V2-S241-SEG-241YB,712,241Yb,241Yb,686,704,25784,25789,27758,27763,U/N,U/N,8d07c18b8fa165c409f3b96a01a91a1db6eff3e076eea821274832d4e3d2d450,8d07c18b8fa165c409f3b96a01a91a1db6eff3e076eea821274832d4e3d2d450,8d07c18b8fa165c409f3b96a01a91a1db6eff3e076eea821274832d4e3d2d450,$,,8d07c18b8fa165c409f3b96a01a91a1db6eff3e076eea821274832d4e3d2d450,8d07c18b8fa165c409f3b96a01a91a1db6eff3e076eea821274832d4e3d2d450,"{""basis"":""ordered nested-math atom; exact symbolic replay"",""kind"":""source-target-formula-map""}"
1.1.0,formula,O007-FREMLIN-V2-S241-FORMULA-0713,O007-FREMLIN-V2-S241,O007-RIGHTS-FREMLIN-DSL,O007-FREMLIN-V2-S241-SEG-241YB,713,241Yb,241Yb,686,704,25810,25813,27791,27794,U,U,a25513c7e0f6eaa80a3337ee18081b9e2ed09e00af8531c8f7bb2542764027e7,a25513c7e0f6eaa80a3337ee18081b9e2ed09e00af8531c8f7bb2542764027e7,a25513c7e0f6eaa80a3337ee18081b9e2ed09e00af8531c8f7bb2542764027e7,$,,a25513c7e0f6eaa80a3337ee18081b9e2ed09e00af8531c8f7bb2542764027e7,a25513c7e0f6eaa80a3337ee18081b9e2ed09e00af8531c8f7bb2542764027e7,"{""basis"":""ordered nested-math atom; exact symbolic replay"",""kind"":""source-target-formula-map""}"
1.1.0,formula,O007-FREMLIN-V2-S241-FORMULA-0714,O007-FREMLIN-V2-S241,O007-RIGHTS-FREMLIN-DSL,O007-FREMLIN-V2-S241-SEG-241YB,714,241Yb,241Yb,687,705,25835,25845,27821,27831,|u|\in N,|u|\in N,6440d2271895f230da7605aae39828fadf855c21b4591d36b7a01b6cd59717f6,6440d2271895f230da7605aae39828fadf855c21b4591d36b7a01b6cd59717f6,cfec1374191b21072bb948222dd36f5f79e70b77b16dd7cd5f30553fc0b0b286,$,,cfec1374191b21072bb948222dd36f5f79e70b77b16dd7cd5f30553fc0b0b286,cfec1374191b21072bb948222dd36f5f79e70b77b16dd7cd5f30553fc0b0b286,"{""basis"":""ordered nested-math atom; exact symbolic replay"",""kind"":""source-target-formula-map""}"
1.1.0,formula,O007-FREMLIN-V2-S241-FORMULA-0715,O007-FREMLIN-V2-S241,O007-RIGHTS-FREMLIN-DSL,O007-FREMLIN-V2-S241-SEG-241YB,715,241Yb,241Yb,687,705,25856,25864,27845,27853,u\in N,u\in N,f5b166ef54df639772fb23303c2a7b5ee84ff8350cb06049ec4336dadaa1c400,f5b166ef54df639772fb23303c2a7b5ee84ff8350cb06049ec4336dadaa1c400,f217f60806b8584fc9955e586bbe216df0fc18843c10e01910b97392463d991d,$,,f217f60806b8584fc9955e586bbe216df0fc18843c10e01910b97392463d991d,f217f60806b8584fc9955e586bbe216df0fc18843c10e01910b97392463d991d,"{""basis"":""ordered nested-math atom; exact symbolic replay"",""kind"":""source-target-formula-map""}"
1.1.0,formula,O007-FREMLIN-V2-S241-FORMULA-0716,O007-FREMLIN-V2-S241,O007-RIGHTS-FREMLIN-DSL,O007-FREMLIN-V2-S241-SEG-241YC,716,241Yc,241Yc,690,708,25893,25909,27887,27903,"(X,\Sigma,\mu)","(X,\Sigma,\mu)",05e9b769403b4c7926a944d5aaa03f00bb216412bc3f850e41b3c28de657aa67,05e9b769403b4c7926a944d5aaa03f00bb216412bc3f850e41b3c28de657aa67,05e9b769403b4c7926a944d5aaa03f00bb216412bc3f850e41b3c28de657aa67,$,,05e9b769403b4c7926a944d5aaa03f00bb216412bc3f850e41b3c28de657aa67,05e9b769403b4c7926a944d5aaa03f00bb216412bc3f850e41b3c28de657aa67,"{""basis"":""ordered nested-math atom; exact symbolic replay"",""kind"":""source-target-formula-map""}"
1.1.0,formula,O007-FREMLIN-V2-S241-FORMULA-0717,O007-FREMLIN-V2-S241,O007-RIGHTS-FREMLIN-DSL,O007-FREMLIN-V2-S241-SEG-241YC,717,241Yc,241Yc,691,709,25938,25958,27931,27951,\eusm L^0_{\Sigma},\eusm L^0_{\Sigma},3a99a8d6efd989913e3faf6380d1449b42c79fed8a14242dd63186d04040c3d2,3a99a8d6efd989913e3faf6380d1449b42c79fed8a14242dd63186d04040c3d2,f8743b782cdb11bd908e6f7cfbbc478ef6aa3f505aa4afb6fd493a8c1061fb1f,$,,f8743b782cdb11bd908e6f7cfbbc478ef6aa3f505aa4afb6fd493a8c1061fb1f,f8743b782cdb11bd908e6f7cfbbc478ef6aa3f505aa4afb6fd493a8c1061fb1f,"{""basis"":""ordered nested-math atom; exact symbolic replay"",""kind"":""source-target-formula-map""}"
1.1.0,formula,O007-FREMLIN-V2-S241-FORMULA-0718,O007-FREMLIN-V2-S241,O007-RIGHTS-FREMLIN-DSL,O007-FREMLIN-V2-S241-SEG-241YC,718,241Yc,241Yc,692,709,26006,26009,27990,27993,X,X,4b68ab3847feda7d6c62c1fbcbeebfa35eab7351ed5e78f4ddadea5df64b8015,4b68ab3847feda7d6c62c1fbcbeebfa35eab7351ed5e78f4ddadea5df64b8015,4b68ab3847feda7d6c62c1fbcbeebfa35eab7351ed5e78f4ddadea5df64b8015,$,,4b68ab3847feda7d6c62c1fbcbeebfa35eab7351ed5e78f4ddadea5df64b8015,4b68ab3847feda7d6c62c1fbcbeebfa35eab7351ed5e78f4ddadea5df64b8015,"{""basis"":""ordered nested-math atom; exact symbolic replay"",""kind"":""source-target-formula-map""}"
1.1.0,formula,O007-FREMLIN-V2-S241-FORMULA-0719,O007-FREMLIN-V2-S241,O007-RIGHTS-FREMLIN-DSL,O007-FREMLIN-V2-S241-SEG-241YC,719,241Yc,241Yc,692,710,26013,26021,27997,28005,\Bbb R,\Bbb R,f9d62b077eddf72778fc05527c5aa4d2352f16a46a94808294fdc2cb7e406580,f9d62b077eddf72778fc05527c5aa4d2352f16a46a94808294fdc2cb7e406580,22316cdc991b42844c0fcdb72f227b6d4c0e8457a736e325af2845b7b3df7f6c,$,,22316cdc991b42844c0fcdb72f227b6d4c0e8457a736e325af2845b7b3df7f6c,22316cdc991b42844c0fcdb72f227b6d4c0e8457a736e325af2845b7b3df7f6c,"{""basis"":""ordered nested-math atom; exact symbolic replay"",""kind"":""source-target-formula-map""}"
1.1.0,formula,O007-FREMLIN-V2-S241-FORMULA-0720,O007-FREMLIN-V2-S241,O007-RIGHTS-FREMLIN-DSL,O007-FREMLIN-V2-S241-SEG-241YC,720,241Yc,241Yc,692,710,26027,26036,28011,28020,\eusm N,\eusm N,dde41949f3823ace3b57fe92b13accb8d85b736b7e0e5604638d5cbdc99446d3,dde41949f3823ace3b57fe92b13accb8d85b736b7e0e5604638d5cbdc99446d3,f5d6358241763549f2f1d25142243c94f016738e6d8efb710446b6f0b17e9873,$,,f5d6358241763549f2f1d25142243c94f016738e6d8efb710446b6f0b17e9873,f5d6358241763549f2f1d25142243c94f016738e6d8efb710446b6f0b17e9873,"{""basis"":""ordered nested-math atom; exact symbolic replay"",""kind"":""source-target-formula-map""}"
1.1.0,formula,O007-FREMLIN-V2-S241-FORMULA-0721,O007-FREMLIN-V2-S241,O007-RIGHTS-FREMLIN-DSL,O007-FREMLIN-V2-S241-SEG-241YC,721,241Yc,241Yc,693,710,26057,26077,28041,28061,\eusm L^0_{\Sigma},\eusm L^0_{\Sigma},3a99a8d6efd989913e3faf6380d1449b42c79fed8a14242dd63186d04040c3d2,3a99a8d6efd989913e3faf6380d1449b42c79fed8a14242dd63186d04040c3d2,f8743b782cdb11bd908e6f7cfbbc478ef6aa3f505aa4afb6fd493a8c1061fb1f,$,,f8743b782cdb11bd908e6f7cfbbc478ef6aa3f505aa4afb6fd493a8c1061fb1f,f8743b782cdb11bd908e6f7cfbbc478ef6aa3f505aa4afb6fd493a8c1061fb1f,"{""basis"":""ordered nested-math atom; exact symbolic replay"",""kind"":""source-target-formula-map""}"
1.1.0,formula,O007-FREMLIN-V2-S241-FORMULA-0722,O007-FREMLIN-V2-S241,O007-RIGHTS-FREMLIN-DSL,O007-FREMLIN-V2-S241-SEG-241YC,722,241Yc,241Yc,694,712,26163,26183,28161,28181,\eusm L^0_{\Sigma},\eusm L^0_{\Sigma},3a99a8d6efd989913e3faf6380d1449b42c79fed8a14242dd63186d04040c3d2,3a99a8d6efd989913e3faf6380d1449b42c79fed8a14242dd63186d04040c3d2,f8743b782cdb11bd908e6f7cfbbc478ef6aa3f505aa4afb6fd493a8c1061fb1f,$,,f8743b782cdb11bd908e6f7cfbbc478ef6aa3f505aa4afb6fd493a8c1061fb1f,f8743b782cdb11bd908e6f7cfbbc478ef6aa3f505aa4afb6fd493a8c1061fb1f,"{""basis"":""ordered nested-math atom; exact symbolic replay"",""kind"":""source-target-formula-map""}"
1.1.0,formula,O007-FREMLIN-V2-S241-FORMULA-0723,O007-FREMLIN-V2-S241,O007-RIGHTS-FREMLIN-DSL,O007-FREMLIN-V2-S241-SEG-241YC,723,241Yc,241Yc,695,713,26198,26206,28212,28220,\sigma,\sigma,9c3245dfb4ac54c1623a60e7b8d1fc07cb02eae1229435230c7dab5e71083a26,9c3245dfb4ac54c1623a60e7b8d1fc07cb02eae1229435230c7dab5e71083a26,9c3245dfb4ac54c1623a60e7b8d1fc07cb02eae1229435230c7dab5e71083a26,$,,9c3245dfb4ac54c1623a60e7b8d1fc07cb02eae1229435230c7dab5e71083a26,9c3245dfb4ac54c1623a60e7b8d1fc07cb02eae1229435230c7dab5e71083a26,"{""basis"":""ordered nested-math atom; exact symbolic replay"",""kind"":""source-target-formula-map""}"
1.1.0,formula,O007-FREMLIN-V2-S241-FORMULA-0724,O007-FREMLIN-V2-S241,O007-RIGHTS-FREMLIN-DSL,O007-FREMLIN-V2-S241-SEG-241YC,724,241Yc,241Yc,695,713,26246,26256,28252,28262,L^0(\mu),L^0(\mu),7ccd5346db90a9896e104499ac3db2d66bf84facfcf695688be6ba7992022f65,7ccd5346db90a9896e104499ac3db2d66bf84facfcf695688be6ba7992022f65,7ccd5346db90a9896e104499ac3db2d66bf84facfcf695688be6ba7992022f65,$,,7ccd5346db90a9896e104499ac3db2d66bf84facfcf695688be6ba7992022f65,7ccd5346db90a9896e104499ac3db2d66bf84facfcf695688be6ba7992022f65,"{""basis"":""ordered nested-math atom; exact symbolic replay"",""kind"":""source-target-formula-map""}"
1.1.0,formula,O007-FREMLIN-V2-S241-FORMULA-0725,O007-FREMLIN-V2-S241,O007-RIGHTS-FREMLIN-DSL,O007-FREMLIN-V2-S241-SEG-241YC,725,241Yc,241Yc,697,715,26319,26347,28333,28361,\eusm L^0_{\Sigma}/\eusm N,\eusm L^0_{\Sigma}/\eusm N,5b7ff6f56cc5513e444db16bb9f057beb7f449b46693b7d2f12d75549928c09a,5b7ff6f56cc5513e444db16bb9f057beb7f449b46693b7d2f12d75549928c09a,e2410c59869c6891835b3267ab08864f6637d540fb4bf7177a371df9376214eb,$,,e2410c59869c6891835b3267ab08864f6637d540fb4bf7177a371df9376214eb,e2410c59869c6891835b3267ab08864f6637d540fb4bf7177a371df9376214eb,"{""basis"":""ordered nested-math atom; exact symbolic replay"",""kind"":""source-target-formula-map""}"
1.1.0,formula,O007-FREMLIN-V2-S241-FORMULA-0726,O007-FREMLIN-V2-S241,O007-RIGHTS-FREMLIN-DSL,O007-FREMLIN-V2-S241-SEG-241YD,726,241Yd,241Yd,701,719,26427,26435,28481,28489,\sigma,\sigma,9c3245dfb4ac54c1623a60e7b8d1fc07cb02eae1229435230c7dab5e71083a26,9c3245dfb4ac54c1623a60e7b8d1fc07cb02eae1229435230c7dab5e71083a26,9c3245dfb4ac54c1623a60e7b8d1fc07cb02eae1229435230c7dab5e71083a26,$,,9c3245dfb4ac54c1623a60e7b8d1fc07cb02eae1229435230c7dab5e71083a26,9c3245dfb4ac54c1623a60e7b8d1fc07cb02eae1229435230c7dab5e71083a26,"{""basis"":""ordered nested-math atom; exact symbolic replay"",""kind"":""source-target-formula-map""}"
1.1.0,formula,O007-FREMLIN-V2-S241-FORMULA-0727,O007-FREMLIN-V2-S241,O007-RIGHTS-FREMLIN-DSL,O007-FREMLIN-V2-S241-SEG-241YE,727,241Ye,241Ye,704,723,26510,26513,28561,28564,U,U,a25513c7e0f6eaa80a3337ee18081b9e2ed09e00af8531c8f7bb2542764027e7,a25513c7e0f6eaa80a3337ee18081b9e2ed09e00af8531c8f7bb2542764027e7,a25513c7e0f6eaa80a3337ee18081b9e2ed09e00af8531c8f7bb2542764027e7,$,,a25513c7e0f6eaa80a3337ee18081b9e2ed09e00af8531c8f7bb2542764027e7,a25513c7e0f6eaa80a3337ee18081b9e2ed09e00af8531c8f7bb2542764027e7,"{""basis"":""ordered nested-math atom; exact symbolic replay"",""kind"":""source-target-formula-map""}"
1.1.0,formula,O007-FREMLIN-V2-S241-FORMULA-0728,O007-FREMLIN-V2-S241,O007-RIGHTS-FREMLIN-DSL,O007-FREMLIN-V2-S241-SEG-241YE,728,241Ye,241Ye,705,724,26576,26590,28633,28647,A\subseteq U,A\subseteq U,6a75ee61a94b37f2ec3c9ca62c8cdd3cf97a46c61e92e0c9e843ddcc67877676,6a75ee61a94b37f2ec3c9ca62c8cdd3cf97a46c61e92e0c9e843ddcc67877676,1586293c7087ed439fc59a540192b52e60b31b4eb774fd0dd9b536cfe3277228,$,,1586293c7087ed439fc59a540192b52e60b31b4eb774fd0dd9b536cfe3277228,1586293c7087ed439fc59a540192b52e60b31b4eb774fd0dd9b536cfe3277228,"{""basis"":""ordered nested-math atom; exact symbolic replay"",""kind"":""source-target-formula-map""}"
1.1.0,formula,O007-FREMLIN-V2-S241-FORMULA-0729,O007-FREMLIN-V2-S241,O007-RIGHTS-FREMLIN-DSL,O007-FREMLIN-V2-S241-SEG-241YE,729,241Ye,241Ye,706,725,26619,26622,28689,28692,U,U,a25513c7e0f6eaa80a3337ee18081b9e2ed09e00af8531c8f7bb2542764027e7,a25513c7e0f6eaa80a3337ee18081b9e2ed09e00af8531c8f7bb2542764027e7,a25513c7e0f6eaa80a3337ee18081b9e2ed09e00af8531c8f7bb2542764027e7,$,,a25513c7e0f6eaa80a3337ee18081b9e2ed09e00af8531c8f7bb2542764027e7,a25513c7e0f6eaa80a3337ee18081b9e2ed09e00af8531c8f7bb2542764027e7,"{""basis"":""ordered nested-math atom; exact symbolic replay"",""kind"":""source-target-formula-map""}"
1.1.0,formula,O007-FREMLIN-V2-S241-FORMULA-0730,O007-FREMLIN-V2-S241,O007-RIGHTS-FREMLIN-DSL,O007-FREMLIN-V2-S241-SEG-241YE,730,241Ye,241Ye,706,725,26645,26659,28703,28717,B\subseteq A,B\subseteq A,6075a21bddc3bcc943c6ac156c2920cd19aa9c9c789e9e00e31d73437e435666,6075a21bddc3bcc943c6ac156c2920cd19aa9c9c789e9e00e31d73437e435666,6885a724018a3fee41b170646831e18a1edbf8907db9c0cff5c69cd9b3ba37de,$,,6885a724018a3fee41b170646831e18a1edbf8907db9c0cff5c69cd9b3ba37de,6885a724018a3fee41b170646831e18a1edbf8907db9c0cff5c69cd9b3ba37de,"{""basis"":""ordered nested-math atom; exact symbolic replay"",""kind"":""source-target-formula-map""}"
1.1.0,formula,O007-FREMLIN-V2-S241-FORMULA-0731,O007-FREMLIN-V2-S241,O007-RIGHTS-FREMLIN-DSL,O007-FREMLIN-V2-S241-SEG-241YE,731,241Ye,241Ye,707,726,26670,26685,28748,28763,\sup B=\sup A,\sup B=\sup A,00b5ad9a0aa08845e99032bc56c0fb6c8f2e6dcced6d5b3a5c13bd4773d69930,00b5ad9a0aa08845e99032bc56c0fb6c8f2e6dcced6d5b3a5c13bd4773d69930,8a834a8643bf6651e6f59f2386369d25e0e23199888a1899d7bfc0aedf8d8974,$,,8a834a8643bf6651e6f59f2386369d25e0e23199888a1899d7bfc0aedf8d8974,8a834a8643bf6651e6f59f2386369d25e0e23199888a1899d7bfc0aedf8d8974,"{""basis"":""ordered nested-math atom; exact symbolic replay"",""kind"":""source-target-formula-map""}"
1.1.0,formula,O007-FREMLIN-V2-S241-FORMULA-0732,O007-FREMLIN-V2-S241,O007-RIGHTS-FREMLIN-DSL,O007-FREMLIN-V2-S241-SEG-241YE,732,241Ye,241Ye,707,727,26702,26718,28786,28802,"(X,\Sigma,\mu)","(X,\Sigma,\mu)",05e9b769403b4c7926a944d5aaa03f00bb216412bc3f850e41b3c28de657aa67,05e9b769403b4c7926a944d5aaa03f00bb216412bc3f850e41b3c28de657aa67,05e9b769403b4c7926a944d5aaa03f00bb216412bc3f850e41b3c28de657aa67,$,,05e9b769403b4c7926a944d5aaa03f00bb216412bc3f850e41b3c28de657aa67,05e9b769403b4c7926a944d5aaa03f00bb216412bc3f850e41b3c28de657aa67,"{""basis"":""ordered nested-math atom; exact symbolic replay"",""kind"":""source-target-formula-map""}"
1.1.0,formula,O007-FREMLIN-V2-S241-FORMULA-0733,O007-FREMLIN-V2-S241,O007-RIGHTS-FREMLIN-DSL,O007-FREMLIN-V2-S241-SEG-241YE,733,241Ye,241Ye,709,728,26762,26770,28847,28855,\sigma,\sigma,9c3245dfb4ac54c1623a60e7b8d1fc07cb02eae1229435230c7dab5e71083a26,9c3245dfb4ac54c1623a60e7b8d1fc07cb02eae1229435230c7dab5e71083a26,9c3245dfb4ac54c1623a60e7b8d1fc07cb02eae1229435230c7dab5e71083a26,$,,9c3245dfb4ac54c1623a60e7b8d1fc07cb02eae1229435230c7dab5e71083a26,9c3245dfb4ac54c1623a60e7b8d1fc07cb02eae1229435230c7dab5e71083a26,"{""basis"":""ordered nested-math atom; exact symbolic replay"",""kind"":""source-target-formula-map""}"
1.1.0,formula,O007-FREMLIN-V2-S241-FORMULA-0734,O007-FREMLIN-V2-S241,O007-RIGHTS-FREMLIN-DSL,O007-FREMLIN-V2-S241-SEG-241YE,734,241Ye,241Ye,709,728,26782,26792,28883,28893,L^0(\mu),L^0(\mu),7ccd5346db90a9896e104499ac3db2d66bf84facfcf695688be6ba7992022f65,7ccd5346db90a9896e104499ac3db2d66bf84facfcf695688be6ba7992022f65,7ccd5346db90a9896e104499ac3db2d66bf84facfcf695688be6ba7992022f65,$,,7ccd5346db90a9896e104499ac3db2d66bf84facfcf695688be6ba7992022f65,7ccd5346db90a9896e104499ac3db2d66bf84facfcf695688be6ba7992022f65,"{""basis"":""ordered nested-math atom; exact symbolic replay"",""kind"":""source-target-formula-map""}"
1.1.0,formula,O007-FREMLIN-V2-S241-FORMULA-0735,O007-FREMLIN-V2-S241,O007-RIGHTS-FREMLIN-DSL,O007-FREMLIN-V2-S241-SEG-241YF,735,241Yf,241Yf,713,732,26852,26868,28961,28977,"(X,\Sigma,\mu)","(X,\Sigma,\mu)",05e9b769403b4c7926a944d5aaa03f00bb216412bc3f850e41b3c28de657aa67,05e9b769403b4c7926a944d5aaa03f00bb216412bc3f850e41b3c28de657aa67,05e9b769403b4c7926a944d5aaa03f00bb216412bc3f850e41b3c28de657aa67,$,,05e9b769403b4c7926a944d5aaa03f00bb216412bc3f850e41b3c28de657aa67,05e9b769403b4c7926a944d5aaa03f00bb216412bc3f850e41b3c28de657aa67,"{""basis"":""ordered nested-math atom; exact symbolic replay"",""kind"":""source-target-formula-map""}"
1.1.0,formula,O007-FREMLIN-V2-S241-FORMULA-0736,O007-FREMLIN-V2-S241,O007-RIGHTS-FREMLIN-DSL,O007-FREMLIN-V2-S241-SEG-241YF,736,241Yf,241Yf,713,732,26892,26903,28999,29010,\tilde\mu,\tilde\mu,c1634da38aa6f766924d19718c95ac9f2eea34e11fe3b07cb20c19df70f087ff,c1634da38aa6f766924d19718c95ac9f2eea34e11fe3b07cb20c19df70f087ff,c1634da38aa6f766924d19718c95ac9f2eea34e11fe3b07cb20c19df70f087ff,$,,c1634da38aa6f766924d19718c95ac9f2eea34e11fe3b07cb20c19df70f087ff,c1634da38aa6f766924d19718c95ac9f2eea34e11fe3b07cb20c19df70f087ff,"{""basis"":""ordered nested-math atom; exact symbolic replay"",""kind"":""source-target-formula-map""}"
1.1.0,formula,O007-FREMLIN-V2-S241-FORMULA-0737,O007-FREMLIN-V2-S241,O007-RIGHTS-FREMLIN-DSL,O007-FREMLIN-V2-S241-SEG-241YF,737,241Yf,241Yf,714,733,26927,26932,29030,29035,\mu,\mu,492247e1bab15272d1e53b8015c042bf6fa0cb8f23ec52cad93d6ba80dafb804,492247e1bab15272d1e53b8015c042bf6fa0cb8f23ec52cad93d6ba80dafb804,492247e1bab15272d1e53b8015c042bf6fa0cb8f23ec52cad93d6ba80dafb804,$,,492247e1bab15272d1e53b8015c042bf6fa0cb8f23ec52cad93d6ba80dafb804,492247e1bab15272d1e53b8015c042bf6fa0cb8f23ec52cad93d6ba80dafb804,"{""basis"":""ordered nested-math atom; exact symbolic replay"",""kind"":""source-target-formula-map""}"
1.1.0,formula,O007-FREMLIN-V2-S241-FORMULA-0738,O007-FREMLIN-V2-S241,O007-RIGHTS-FREMLIN-DSL,O007-FREMLIN-V2-S241-SEG-241YF,738,241Yf,241Yf,715,734,26957,27002,29064,29109,\eusm L^0(\mu)\subseteq\eusm L^0(\tilde\mu),\eusm L^0(\mu)\subseteq\eusm L^0(\tilde\mu),4ea5f302bf810e1f8d946c68d3bf0799496174174368a88f1496786647e98084,4ea5f302bf810e1f8d946c68d3bf0799496174174368a88f1496786647e98084,30d9f28f09a2ef9227c645cd29b3e9b672eb4c0898f165e3400cc7f30f1a6ec4,$,,30d9f28f09a2ef9227c645cd29b3e9b672eb4c0898f165e3400cc7f30f1a6ec4,30d9f28f09a2ef9227c645cd29b3e9b672eb4c0898f165e3400cc7f30f1a6ec4,"{""basis"":""ordered nested-math atom; exact symbolic replay"",""kind"":""source-target-formula-map""}"
1.1.0,formula,O007-FREMLIN-V2-S241-FORMULA-0739,O007-FREMLIN-V2-S241,O007-RIGHTS-FREMLIN-DSL,O007-FREMLIN-V2-S241-SEG-241YF,739,241Yf,241Yf,717,736,27062,27092,29175,29205,T:L^0(\mu)\to L^0(\tilde\mu),T:L^0(\mu)\to L^0(\tilde\mu),4b4ba548edd322bdd3ab2cd99153affcfbf7779712b6a981c4775d9f6c402137,4b4ba548edd322bdd3ab2cd99153affcfbf7779712b6a981c4775d9f6c402137,3a861827009a42f682cc8f096829bfbea6ad8d8716f4fa8348b2433a2f94764f,$,,3a861827009a42f682cc8f096829bfbea6ad8d8716f4fa8348b2433a2f94764f,3a861827009a42f682cc8f096829bfbea6ad8d8716f4fa8348b2433a2f94764f,"{""basis"":""ordered nested-math atom; exact symbolic replay"",""kind"":""source-target-formula-map""}"
1.1.0,formula,O007-FREMLIN-V2-S241-FORMULA-0740,O007-FREMLIN-V2-S241,O007-RIGHTS-FREMLIN-DSL,O007-FREMLIN-V2-S241-SEG-241YF,740,241Yf,241Yf,717,737,27103,27129,29226,29252,T(u\times v)=Tu\times Tv,T(u\times v)=Tu\times Tv,921b3c6606216e9b04ce04be484a0ebf4e85fd000cf9514cd273b863a2f68845,921b3c6606216e9b04ce04be484a0ebf4e85fd000cf9514cd273b863a2f68845,acfada2bccfa82ad51f7b0a595422d3cb4610b876689f0012fbccb662f54ab6b,$,,acfada2bccfa82ad51f7b0a595422d3cb4610b876689f0012fbccb662f54ab6b,acfada2bccfa82ad51f7b0a595422d3cb4610b876689f0012fbccb662f54ab6b,"{""basis"":""ordered nested-math atom; exact symbolic replay"",""kind"":""source-target-formula-map""}"
1.1.0,formula,O007-FREMLIN-V2-S241-FORMULA-0741,O007-FREMLIN-V2-S241,O007-RIGHTS-FREMLIN-DSL,O007-FREMLIN-V2-S241-SEG-241YF,741,241Yf,241Yf,718,737,27138,27141,29265,29268,u,u,0bfe935e70c321c7ca3afc75ce0d0ca2f98b5422e008bb31c00c6d7f1f1c0ad6,0bfe935e70c321c7ca3afc75ce0d0ca2f98b5422e008bb31c00c6d7f1f1c0ad6,0bfe935e70c321c7ca3afc75ce0d0ca2f98b5422e008bb31c00c6d7f1f1c0ad6,$,,0bfe935e70c321c7ca3afc75ce0d0ca2f98b5422e008bb31c00c6d7f1f1c0ad6,0bfe935e70c321c7ca3afc75ce0d0ca2f98b5422e008bb31c00c6d7f1f1c0ad6,"{""basis"":""ordered nested-math atom; exact symbolic replay"",""kind"":""source-target-formula-map""}"
1.1.0,formula,O007-FREMLIN-V2-S241-FORMULA-0742,O007-FREMLIN-V2-S241,O007-RIGHTS-FREMLIN-DSL,O007-FREMLIN-V2-S241-SEG-241YF,742,241Yf,241Yf,718,737,27143,27158,29270,29285,v\in L^0(\mu),v\in L^0(\mu),1d1c271d0d949ebfcb0c5f1fdc8d0032ac046885214ad24f281403d17d68d977,1d1c271d0d949ebfcb0c5f1fdc8d0032ac046885214ad24f281403d17d68d977,131616981f745e74826c521f6cffeb93ce18734e2381fd56079968b3a904279b,$,,131616981f745e74826c521f6cffeb93ce18734e2381fd56079968b3a904279b,131616981f745e74826c521f6cffeb93ce18734e2381fd56079968b3a904279b,"{""basis"":""ordered nested-math atom; exact symbolic replay"",""kind"":""source-target-formula-map""}"
1.1.0,formula,O007-FREMLIN-V2-S241-FORMULA-0743,O007-FREMLIN-V2-S241,O007-RIGHTS-FREMLIN-DSL,O007-FREMLIN-V2-S241-SEG-241YF,743,241Yf,241Yf,718,738,27187,27192,29319,29324,v>0,v>0,7a7e83972aa898b5f5b79bad846812a90e340088320b1dcfed1174d257fb5477,7a7e83972aa898b5f5b79bad846812a90e340088320b1dcfed1174d257fb5477,7a7e83972aa898b5f5b79bad846812a90e340088320b1dcfed1174d257fb5477,$,,7a7e83972aa898b5f5b79bad846812a90e340088320b1dcfed1174d257fb5477,7a7e83972aa898b5f5b79bad846812a90e340088320b1dcfed1174d257fb5477,"{""basis"":""ordered nested-math atom; exact symbolic replay"",""kind"":""source-target-formula-map""}"
1.1.0,formula,O007-FREMLIN-V2-S241-FORMULA-0744,O007-FREMLIN-V2-S241,O007-RIGHTS-FREMLIN-DSL,O007-FREMLIN-V2-S241-SEG-241YF,744,241Yf,241Yf,719,738,27196,27212,29331,29347,L^0(\tilde\mu),L^0(\tilde\mu),4e4d5bf6cd5a8808d3e2c93ac38d4d53407c1ac5a707ed0433551793b0860b2c,4e4d5bf6cd5a8808d3e2c93ac38d4d53407c1ac5a707ed0433551793b0860b2c,4e4d5bf6cd5a8808d3e2c93ac38d4d53407c1ac5a707ed0433551793b0860b2c,$,,4e4d5bf6cd5a8808d3e2c93ac38d4d53407c1ac5a707ed0433551793b0860b2c,4e4d5bf6cd5a8808d3e2c93ac38d4d53407c1ac5a707ed0433551793b0860b2c,"{""basis"":""ordered nested-math atom; exact symbolic replay"",""kind"":""source-target-formula-map""}"
1.1.0,formula,O007-FREMLIN-V2-S241-FORMULA-0745,O007-FREMLIN-V2-S241,O007-RIGHTS-FREMLIN-DSL,O007-FREMLIN-V2-S241-SEG-241YF,745,241Yf,241Yf,719,739,27224,27232,29358,29366,u\ge 0,u\ge 0,d10803733426f9dd2742131cc72ccefa1d1e8035f6a66da6085050e3678d0783,d10803733426f9dd2742131cc72ccefa1d1e8035f6a66da6085050e3678d0783,8a4316f560fc390b9a600e5415d9ca5598a0e249d941c0b08349b20269816764,$,,8a4316f560fc390b9a600e5415d9ca5598a0e249d941c0b08349b20269816764,8a4316f560fc390b9a600e5415d9ca5598a0e249d941c0b08349b20269816764,"{""basis"":""ordered nested-math atom; exact symbolic replay"",""kind"":""source-target-formula-map""}"
1.1.0,formula,O007-FREMLIN-V2-S241-FORMULA-0746,O007-FREMLIN-V2-S241,O007-RIGHTS-FREMLIN-DSL,O007-FREMLIN-V2-S241-SEG-241YF,746,241Yf,241Yf,719,739,27236,27246,29373,29383,L^0(\mu),L^0(\mu),7ccd5346db90a9896e104499ac3db2d66bf84facfcf695688be6ba7992022f65,7ccd5346db90a9896e104499ac3db2d66bf84facfcf695688be6ba7992022f65,7ccd5346db90a9896e104499ac3db2d66bf84facfcf695688be6ba7992022f65,$,,7ccd5346db90a9896e104499ac3db2d66bf84facfcf695688be6ba7992022f65,7ccd5346db90a9896e104499ac3db2d66bf84facfcf695688be6ba7992022f65,"{""basis"":""ordered nested-math atom; exact symbolic replay"",""kind"":""source-target-formula-map""}"
1.1.0,formula,O007-FREMLIN-V2-S241-FORMULA-0747,O007-FREMLIN-V2-S241,O007-RIGHTS-FREMLIN-DSL,O007-FREMLIN-V2-S241-SEG-241YF,747,241Yf,241Yf,720,739,27257,27268,29404,29415,0<Tu\le v,0<Tu\le v,e73f992e8918686ab55132234c0648eb7de00f4c8d3694a3d1cb8f33edc8c304,e73f992e8918686ab55132234c0648eb7de00f4c8d3694a3d1cb8f33edc8c304,c83b32ffc7ab3a03b4e76bf2a556ce10b338997f412a3767d3348b0c88eb9810,$,,c83b32ffc7ab3a03b4e76bf2a556ce10b338997f412a3767d3348b0c88eb9810,c83b32ffc7ab3a03b4e76bf2a556ce10b338997f412a3767d3348b0c88eb9810,"{""basis"":""ordered nested-math atom; exact symbolic replay"",""kind"":""source-target-formula-map""}"
1.1.0,formula,O007-FREMLIN-V2-S241-FORMULA-0748,O007-FREMLIN-V2-S241,O007-RIGHTS-FREMLIN-DSL,O007-FREMLIN-V2-S241-SEG-241YF,748,241Yf,241Yf,721,740,27287,27308,29438,29459,T(\sup A)=\sup T[A],T(\sup A)=\sup T[A],d463756c5c087160b4bb40a00e9ba13975d25dedf7118390fb304bd37e589d2a,d463756c5c087160b4bb40a00e9ba13975d25dedf7118390fb304bd37e589d2a,21f37e2737c8f7b3e881ecadcbd2fe32dff0a7c133a3dadbb354e29f7aa8112e,$,,21f37e2737c8f7b3e881ecadcbd2fe32dff0a7c133a3dadbb354e29f7aa8112e,21f37e2737c8f7b3e881ecadcbd2fe32dff0a7c133a3dadbb354e29f7aa8112e,"{""basis"":""ordered nested-math atom; exact symbolic replay"",""kind"":""source-target-formula-map""}"
1.1.0,formula,O007-FREMLIN-V2-S241-FORMULA-0749,O007-FREMLIN-V2-S241,O007-RIGHTS-FREMLIN-DSL,O007-FREMLIN-V2-S241-SEG-241YF,749,241Yf,241Yf,721,741,27318,27339,29470,29491,A\subseteq L^0(\mu),A\subseteq L^0(\mu),d9c8205909aeb4c87becd02c81e38a891592e7264da743797bf93ecaac2fb265,d9c8205909aeb4c87becd02c81e38a891592e7264da743797bf93ecaac2fb265,2a814ff5cc26d51490ffea7541e42e2cdcd01a5e255347f782188ccde5c9e5f6,$,,2a814ff5cc26d51490ffea7541e42e2cdcd01a5e255347f782188ccde5c9e5f6,2a814ff5cc26d51490ffea7541e42e2cdcd01a5e255347f782188ccde5c9e5f6,"{""basis"":""ordered nested-math atom; exact symbolic replay"",""kind"":""source-target-formula-map""}"
1.1.0,formula,O007-FREMLIN-V2-S241-FORMULA-0750,O007-FREMLIN-V2-S241,O007-RIGHTS-FREMLIN-DSL,O007-FREMLIN-V2-S241-SEG-241YF,750,241Yf,241Yf,722,742,27387,27397,29551,29561,L^0(\mu),L^0(\mu),7ccd5346db90a9896e104499ac3db2d66bf84facfcf695688be6ba7992022f65,7ccd5346db90a9896e104499ac3db2d66bf84facfcf695688be6ba7992022f65,7ccd5346db90a9896e104499ac3db2d66bf84facfcf695688be6ba7992022f65,$,,7ccd5346db90a9896e104499ac3db2d66bf84facfcf695688be6ba7992022f65,7ccd5346db90a9896e104499ac3db2d66bf84facfcf695688be6ba7992022f65,"{""basis"":""ordered nested-math atom; exact symbolic replay"",""kind"":""source-target-formula-map""}"
1.1.0,formula,O007-FREMLIN-V2-S241-FORMULA-0751,O007-FREMLIN-V2-S241,O007-RIGHTS-FREMLIN-DSL,O007-FREMLIN-V2-S241-SEG-241YF,751,241Yf,241Yf,722,742,27415,27418,29583,29586,T,T,e632b7095b0bf32c260fa4c539e9fd7b852d0de454e9be26f24d0d6f91d069d3,e632b7095b0bf32c260fa4c539e9fd7b852d0de454e9be26f24d0d6f91d069d3,e632b7095b0bf32c260fa4c539e9fd7b852d0de454e9be26f24d0d6f91d069d3,$,,e632b7095b0bf32c260fa4c539e9fd7b852d0de454e9be26f24d0d6f91d069d3,e632b7095b0bf32c260fa4c539e9fd7b852d0de454e9be26f24d0d6f91d069d3,"{""basis"":""ordered nested-math atom; exact symbolic replay"",""kind"":""source-target-formula-map""}"
1.1.0,formula,O007-FREMLIN-V2-S241-FORMULA-0752,O007-FREMLIN-V2-S241,O007-RIGHTS-FREMLIN-DSL,O007-FREMLIN-V2-S241-SEG-241YF,752,241Yf,241Yf,723,742,27436,27441,29616,29621,\mu,\mu,492247e1bab15272d1e53b8015c042bf6fa0cb8f23ec52cad93d6ba80dafb804,492247e1bab15272d1e53b8015c042bf6fa0cb8f23ec52cad93d6ba80dafb804,492247e1bab15272d1e53b8015c042bf6fa0cb8f23ec52cad93d6ba80dafb804,$,,492247e1bab15272d1e53b8015c042bf6fa0cb8f23ec52cad93d6ba80dafb804,492247e1bab15272d1e53b8015c042bf6fa0cb8f23ec52cad93d6ba80dafb804,"{""basis"":""ordered nested-math atom; exact symbolic replay"",""kind"":""source-target-formula-map""}"
1.1.0,formula,O007-FREMLIN-V2-S241-FORMULA-0753,O007-FREMLIN-V2-S241,O007-RIGHTS-FREMLIN-DSL,O007-FREMLIN-V2-S241-SEG-241YF,753,241Yf,241Yf,723,743,27478,27483,29660,29665,\mu,\mu,492247e1bab15272d1e53b8015c042bf6fa0cb8f23ec52cad93d6ba80dafb804,492247e1bab15272d1e53b8015c042bf6fa0cb8f23ec52cad93d6ba80dafb804,492247e1bab15272d1e53b8015c042bf6fa0cb8f23ec52cad93d6ba80dafb804,$,,492247e1bab15272d1e53b8015c042bf6fa0cb8f23ec52cad93d6ba80dafb804,492247e1bab15272d1e53b8015c042bf6fa0cb8f23ec52cad93d6ba80dafb804,"{""basis"":""ordered nested-math atom; exact symbolic replay"",""kind"":""source-target-formula-map""}"
1.1.0,formula,O007-FREMLIN-V2-S241-FORMULA-0754,O007-FREMLIN-V2-S241,O007-RIGHTS-FREMLIN-DSL,O007-FREMLIN-V2-S241-SEG-241YF,754,241Yf,241Yf,724,743,27505,27508,29689,29692,T,T,e632b7095b0bf32c260fa4c539e9fd7b852d0de454e9be26f24d0d6f91d069d3,e632b7095b0bf32c260fa4c539e9fd7b852d0de454e9be26f24d0d6f91d069d3,e632b7095b0bf32c260fa4c539e9fd7b852d0de454e9be26f24d0d6f91d069d3,$,,e632b7095b0bf32c260fa4c539e9fd7b852d0de454e9be26f24d0d6f91d069d3,e632b7095b0bf32c260fa4c539e9fd7b852d0de454e9be26f24d0d6f91d069d3,"{""basis"":""ordered nested-math atom; exact symbolic replay"",""kind"":""source-target-formula-map""}"
1.1.0,formula,O007-FREMLIN-V2-S241-FORMULA-0755,O007-FREMLIN-V2-S241,O007-RIGHTS-FREMLIN-DSL,O007-FREMLIN-V2-S241-SEG-241YF,755,241Yf,241Yf,724,744,27566,27576,29753,29763,L^0(\mu),L^0(\mu),7ccd5346db90a9896e104499ac3db2d66bf84facfcf695688be6ba7992022f65,7ccd5346db90a9896e104499ac3db2d66bf84facfcf695688be6ba7992022f65,7ccd5346db90a9896e104499ac3db2d66bf84facfcf695688be6ba7992022f65,$,,7ccd5346db90a9896e104499ac3db2d66bf84facfcf695688be6ba7992022f65,7ccd5346db90a9896e104499ac3db2d66bf84facfcf695688be6ba7992022f65,"{""basis"":""ordered nested-math atom; exact symbolic replay"",""kind"":""source-target-formula-map""}"
1.1.0,formula,O007-FREMLIN-V2-S241-FORMULA-0756,O007-FREMLIN-V2-S241,O007-RIGHTS-FREMLIN-DSL,O007-FREMLIN-V2-S241-SEG-241YF,756,241Yf,241Yf,725,745,27581,27597,29768,29784,L^0(\tilde\mu),L^0(\tilde\mu),4e4d5bf6cd5a8808d3e2c93ac38d4d53407c1ac5a707ed0433551793b0860b2c,4e4d5bf6cd5a8808d3e2c93ac38d4d53407c1ac5a707ed0433551793b0860b2c,4e4d5bf6cd5a8808d3e2c93ac38d4d53407c1ac5a707ed0433551793b0860b2c,$,,4e4d5bf6cd5a8808d3e2c93ac38d4d53407c1ac5a707ed0433551793b0860b2c,4e4d5bf6cd5a8808d3e2c93ac38d4d53407c1ac5a707ed0433551793b0860b2c,"{""basis"":""ordered nested-math atom; exact symbolic replay"",""kind"":""source-target-formula-map""}"
1.1.0,formula,O007-FREMLIN-V2-S241-FORMULA-0757,O007-FREMLIN-V2-S241,O007-RIGHTS-FREMLIN-DSL,O007-FREMLIN-V2-S241-SEG-241YG,757,241Yg,241Yg,728,748,27642,27658,29832,29848,"(X,\Sigma,\mu)","(X,\Sigma,\mu)",05e9b769403b4c7926a944d5aaa03f00bb216412bc3f850e41b3c28de657aa67,05e9b769403b4c7926a944d5aaa03f00bb216412bc3f850e41b3c28de657aa67,05e9b769403b4c7926a944d5aaa03f00bb216412bc3f850e41b3c28de657aa67,$,,05e9b769403b4c7926a944d5aaa03f00bb216412bc3f850e41b3c28de657aa67,05e9b769403b4c7926a944d5aaa03f00bb216412bc3f850e41b3c28de657aa67,"{""basis"":""ordered nested-math atom; exact symbolic replay"",""kind"":""source-target-formula-map""}"
1.1.0,formula,O007-FREMLIN-V2-S241-FORMULA-0758,O007-FREMLIN-V2-S241,O007-RIGHTS-FREMLIN-DSL,O007-FREMLIN-V2-S241-SEG-241YG,758,241Yg,241Yg,728,748,27682,27685,29870,29873,Y,Y,18f5384d58bcb1bba0bcd9e6a6781d1a6ac2cc280c330ecbab6cb7931b721552,18f5384d58bcb1bba0bcd9e6a6781d1a6ac2cc280c330ecbab6cb7931b721552,18f5384d58bcb1bba0bcd9e6a6781d1a6ac2cc280c330ecbab6cb7931b721552,$,,18f5384d58bcb1bba0bcd9e6a6781d1a6ac2cc280c330ecbab6cb7931b721552,18f5384d58bcb1bba0bcd9e6a6781d1a6ac2cc280c330ecbab6cb7931b721552,"{""basis"":""ordered nested-math atom; exact symbolic replay"",""kind"":""source-target-formula-map""}"
1.1.0,formula,O007-FREMLIN-V2-S241-FORMULA-0759,O007-FREMLIN-V2-S241,O007-RIGHTS-FREMLIN-DSL,O007-FREMLIN-V2-S241-SEG-241YG,759,241Yg,241Yg,729,749,27700,27703,29900,29903,X,X,4b68ab3847feda7d6c62c1fbcbeebfa35eab7351ed5e78f4ddadea5df64b8015,4b68ab3847feda7d6c62c1fbcbeebfa35eab7351ed5e78f4ddadea5df64b8015,4b68ab3847feda7d6c62c1fbcbeebfa35eab7351ed5e78f4ddadea5df64b8015,$,,4b68ab3847feda7d6c62c1fbcbeebfa35eab7351ed5e78f4ddadea5df64b8015,4b68ab3847feda7d6c62c1fbcbeebfa35eab7351ed5e78f4ddadea5df64b8015,"{""basis"":""ordered nested-math atom; exact symbolic replay"",""kind"":""source-target-formula-map""}"
1.1.0,formula,O007-FREMLIN-V2-S241-FORMULA-0760,O007-FREMLIN-V2-S241,O007-RIGHTS-FREMLIN-DSL,O007-FREMLIN-V2-S241-SEG-241YG,760,241Yg,241Yg,729,749,27710,27717,29914,29921,\mu_Y,\mu_Y,08dd496d916cd16a2907a5eab936620d0b1768d9aee839a1f7ffb01ac5339bfd,08dd496d916cd16a2907a5eab936620d0b1768d9aee839a1f7ffb01ac5339bfd,08dd496d916cd16a2907a5eab936620d0b1768d9aee839a1f7ffb01ac5339bfd,$,,08dd496d916cd16a2907a5eab936620d0b1768d9aee839a1f7ffb01ac5339bfd,08dd496d916cd16a2907a5eab936620d0b1768d9aee839a1f7ffb01ac5339bfd,"{""basis"":""ordered nested-math atom; exact symbolic replay"",""kind"":""source-target-formula-map""}"
1.1.0,formula,O007-FREMLIN-V2-S241-FORMULA-0761,O007-FREMLIN-V2-S241,O007-RIGHTS-FREMLIN-DSL,O007-FREMLIN-V2-S241-SEG-241YG,761,241Yg,241Yg,729,749,27745,27748,29943,29946,Y,Y,18f5384d58bcb1bba0bcd9e6a6781d1a6ac2cc280c330ecbab6cb7931b721552,18f5384d58bcb1bba0bcd9e6a6781d1a6ac2cc280c330ecbab6cb7931b721552,18f5384d58bcb1bba0bcd9e6a6781d1a6ac2cc280c330ecbab6cb7931b721552,$,,18f5384d58bcb1bba0bcd9e6a6781d1a6ac2cc280c330ecbab6cb7931b721552,18f5384d58bcb1bba0bcd9e6a6781d1a6ac2cc280c330ecbab6cb7931b721552,"{""basis"":""ordered nested-math atom; exact symbolic replay"",""kind"":""source-target-formula-map""}"
1.1.0,formula,O007-FREMLIN-V2-S241-FORMULA-0762,O007-FREMLIN-V2-S241,O007-RIGHTS-FREMLIN-DSL,O007-FREMLIN-V2-S241-SEG-241YG,762,241Yg,241Yg,730,751,27766,27818,29968,30020,\eusm L^0(\mu_Y)=\{f\restrp Y:f\in\eusm L^0(\mu)\},\eusm L^0(\mu_Y)=\{f\restrp Y:f\in\eusm L^0(\mu)\},1ef578af8185594790262a3946b756e45bf31126fc51edfd5aa162db048d6832,1ef578af8185594790262a3946b756e45bf31126fc51edfd5aa162db048d6832,df12179f8bfcbc36f46d39bb5bdd6eab7c85c9d2c58eee092c17a54ae9c37392,$,,df12179f8bfcbc36f46d39bb5bdd6eab7c85c9d2c58eee092c17a54ae9c37392,df12179f8bfcbc36f46d39bb5bdd6eab7c85c9d2c58eee092c17a54ae9c37392,"{""basis"":""ordered nested-math atom; exact symbolic replay"",""kind"":""source-target-formula-map""}"
1.1.0,formula,O007-FREMLIN-V2-S241-FORMULA-0763,O007-FREMLIN-V2-S241,O007-RIGHTS-FREMLIN-DSL,O007-FREMLIN-V2-S241-SEG-241YG,763,241Yg,241Yg,731,752,27869,27895,30069,30095,T:L^0(\mu)\to L^0(\mu_Y),T:L^0(\mu)\to L^0(\mu_Y),d9493cc0255f81d6e88448089555fd0841eb8c709d3818dad39fea4b3eec1fb7,d9493cc0255f81d6e88448089555fd0841eb8c709d3818dad39fea4b3eec1fb7,13f797f9e417ec4531cfea4a0fec2610acd14c578a5a235d1895c9ca149e95fb,$,,13f797f9e417ec4531cfea4a0fec2610acd14c578a5a235d1895c9ca149e95fb,13f797f9e417ec4531cfea4a0fec2610acd14c578a5a235d1895c9ca149e95fb,"{""basis"":""ordered nested-math atom; exact symbolic replay"",""kind"":""source-target-formula-map""}"
1.1.0,formula,O007-FREMLIN-V2-S241-FORMULA-0764,O007-FREMLIN-V2-S241,O007-RIGHTS-FREMLIN-DSL,O007-FREMLIN-V2-S241-SEG-241YG,764,241Yg,241Yg,732,754,27915,27958,30133,30176,T(f^{\ssbullet})=(f\restrp Y)^{\ssbullet},T(f^{\ssbullet})=(f\restrp Y)^{\ssbullet},6260fd0b17b8efbadcf385569b5d1da481fa7803ca57b0beb5cc8f5495516c3c,6260fd0b17b8efbadcf385569b5d1da481fa7803ca57b0beb5cc8f5495516c3c,0668e14ea3ea154493014ae655e16f60a1eb6f534e0a0f61f6340f9f944269a5,$,,0668e14ea3ea154493014ae655e16f60a1eb6f534e0a0f61f6340f9f944269a5,0668e14ea3ea154493014ae655e16f60a1eb6f534e0a0f61f6340f9f944269a5,"{""basis"":""ordered nested-math atom; exact symbolic replay"",""kind"":""source-target-formula-map""}"
1.1.0,formula,O007-FREMLIN-V2-S241-FORMULA-0765,O007-FREMLIN-V2-S241,O007-RIGHTS-FREMLIN-DSL,O007-FREMLIN-V2-S241-SEG-241YG,765,241Yg,241Yg,732,755,27969,27989,30190,30210,f\in\eusm L^0(\mu),f\in\eusm L^0(\mu),9add42321ebe080a5736a7b660c48edd1a2dbcb55c6de8c0ce9a7a4bc0ce812d,9add42321ebe080a5736a7b660c48edd1a2dbcb55c6de8c0ce9a7a4bc0ce812d,1b7c689a4899ed466b1e61e68490319a979398b848b207ec6106999edcd4b137,$,,1b7c689a4899ed466b1e61e68490319a979398b848b207ec6106999edcd4b137,1b7c689a4899ed466b1e61e68490319a979398b848b207ec6106999edcd4b137,"{""basis"":""ordered nested-math atom; exact symbolic replay"",""kind"":""source-target-formula-map""}"
1.1.0,formula,O007-FREMLIN-V2-S241-FORMULA-0766,O007-FREMLIN-V2-S241,O007-RIGHTS-FREMLIN-DSL,O007-FREMLIN-V2-S241-SEG-241YG,766,241Yg,241Yg,733,756,28091,28104,30313,30326,T(|u|)=|Tu|,T(|u|)=|Tu|,d7e6d46fbe9920a49027da27f70a1018c8c20a074249076dd4eb13c0e08517f9,d7e6d46fbe9920a49027da27f70a1018c8c20a074249076dd4eb13c0e08517f9,d7e6d46fbe9920a49027da27f70a1018c8c20a074249076dd4eb13c0e08517f9,$,,d7e6d46fbe9920a49027da27f70a1018c8c20a074249076dd4eb13c0e08517f9,d7e6d46fbe9920a49027da27f70a1018c8c20a074249076dd4eb13c0e08517f9,"{""basis"":""ordered nested-math atom; exact symbolic replay"",""kind"":""source-target-formula-map""}"
1.1.0,formula,O007-FREMLIN-V2-S241-FORMULA-0767,O007-FREMLIN-V2-S241,O007-RIGHTS-FREMLIN-DSL,O007-FREMLIN-V2-S241-SEG-241YG,767,241Yg,241Yg,733,757,28115,28130,30340,30355,u\in L^0(\mu),u\in L^0(\mu),f7714587c3a64a1630fc54e525bc47e5b2a7ecab5e0c0b262cef4f79dac1e4a7,f7714587c3a64a1630fc54e525bc47e5b2a7ecab5e0c0b262cef4f79dac1e4a7,d26a270015c1e959b485781df810d41a4e2bd705bbad4b6467d3d4d97c1191c9,$,,d26a270015c1e959b485781df810d41a4e2bd705bbad4b6467d3d4d97c1191c9,d26a270015c1e959b485781df810d41a4e2bd705bbad4b6467d3d4d97c1191c9,"{""basis"":""ordered nested-math atom; exact symbolic replay"",""kind"":""source-target-formula-map""}"
1.1.0,formula,O007-FREMLIN-V2-S241-FORMULA-0768,O007-FREMLIN-V2-S241,O007-RIGHTS-FREMLIN-DSL,O007-FREMLIN-V2-S241-SEG-241YG,768,241Yg,241Yg,733,757,28150,28153,30379,30382,T,T,e632b7095b0bf32c260fa4c539e9fd7b852d0de454e9be26f24d0d6f91d069d3,e632b7095b0bf32c260fa4c539e9fd7b852d0de454e9be26f24d0d6f91d069d3,e632b7095b0bf32c260fa4c539e9fd7b852d0de454e9be26f24d0d6f91d069d3,$,,e632b7095b0bf32c260fa4c539e9fd7b852d0de454e9be26f24d0d6f91d069d3,e632b7095b0bf32c260fa4c539e9fd7b852d0de454e9be26f24d0d6f91d069d3,"{""basis"":""ordered nested-math atom; exact symbolic replay"",""kind"":""source-target-formula-map""}"
1.1.0,formula,O007-FREMLIN-V2-S241-FORMULA-0769,O007-FREMLIN-V2-S241,O007-RIGHTS-FREMLIN-DSL,O007-FREMLIN-V2-S241-SEG-241YG,769,241Yg,241Yg,733,757,28171,28174,30412,30415,Y,Y,18f5384d58bcb1bba0bcd9e6a6781d1a6ac2cc280c330ecbab6cb7931b721552,18f5384d58bcb1bba0bcd9e6a6781d1a6ac2cc280c330ecbab6cb7931b721552,18f5384d58bcb1bba0bcd9e6a6781d1a6ac2cc280c330ecbab6cb7931b721552,$,,18f5384d58bcb1bba0bcd9e6a6781d1a6ac2cc280c330ecbab6cb7931b721552,18f5384d58bcb1bba0bcd9e6a6781d1a6ac2cc280c330ecbab6cb7931b721552,"{""basis"":""ordered nested-math atom; exact symbolic replay"",""kind"":""source-target-formula-map""}"
1.1.0,formula,O007-FREMLIN-V2-S241-FORMULA-0770,O007-FREMLIN-V2-S241,O007-RIGHTS-FREMLIN-DSL,O007-FREMLIN-V2-S241-SEG-241YH,770,241Yh,241Yh,736,761,28246,28258,30497,30509,Y\in\Sigma,Y\in\Sigma,b738df28935050a9201ff11ba07ef9d7ea577d3b17421f1c954ebb380bf2b59b,b738df28935050a9201ff11ba07ef9d7ea577d3b17421f1c954ebb380bf2b59b,b738df28935050a9201ff11ba07ef9d7ea577d3b17421f1c954ebb380bf2b59b,$,,b738df28935050a9201ff11ba07ef9d7ea577d3b17421f1c954ebb380bf2b59b,b738df28935050a9201ff11ba07ef9d7ea577d3b17421f1c954ebb380bf2b59b,"{""basis"":""ordered nested-math atom; exact symbolic replay"",""kind"":""source-target-formula-map""}"
1.1.0,formula,O007-FREMLIN-V2-S241-FORMULA-0771,O007-FREMLIN-V2-S241,O007-RIGHTS-FREMLIN-DSL,O007-FREMLIN-V2-S241-SEG-241YH,771,241Yh,241Yh,737,762,28272,28284,30530,30542,L^0(\mu_Y),L^0(\mu_Y),9f563732458801ff04215f4f21f5976fb7f8d20ebcb4b2411cf9234df1500669,9f563732458801ff04215f4f21f5976fb7f8d20ebcb4b2411cf9234df1500669,9f563732458801ff04215f4f21f5976fb7f8d20ebcb4b2411cf9234df1500669,$,,9f563732458801ff04215f4f21f5976fb7f8d20ebcb4b2411cf9234df1500669,9f563732458801ff04215f4f21f5976fb7f8d20ebcb4b2411cf9234df1500669,"{""basis"":""ordered nested-math atom; exact symbolic replay"",""kind"":""source-target-formula-map""}"
1.1.0,formula,O007-FREMLIN-V2-S241-FORMULA-0772,O007-FREMLIN-V2-S241,O007-RIGHTS-FREMLIN-DSL,O007-FREMLIN-V2-S241-SEG-241YH,772,241Yh,241Yh,739,764,28347,28394,30611,30658,\{u:u\times\chi(X\setminus Y)^{\ssbullet}=0\},\{u:u\times\chi(X\setminus Y)^{\ssbullet}=0\},6bd01f65f2a6390800530298ddbd031d2aca503fb24f9f4df554389427b90456,6bd01f65f2a6390800530298ddbd031d2aca503fb24f9f4df554389427b90456,1fea458a1f433cf664d79fe69e66b3c1686f2cdf8ed39931b99357319440ffa1,$,,1fea458a1f433cf664d79fe69e66b3c1686f2cdf8ed39931b99357319440ffa1,1fea458a1f433cf664d79fe69e66b3c1686f2cdf8ed39931b99357319440ffa1,"{""basis"":""ordered nested-math atom; exact symbolic replay"",""kind"":""source-target-formula-map""}"
1.1.0,formula,O007-FREMLIN-V2-S241-FORMULA-0773,O007-FREMLIN-V2-S241,O007-RIGHTS-FREMLIN-DSL,O007-FREMLIN-V2-S241-SEG-241YH,773,241Yh,241Yh,739,764,28398,28408,30664,30674,L^0(\mu),L^0(\mu),7ccd5346db90a9896e104499ac3db2d66bf84facfcf695688be6ba7992022f65,7ccd5346db90a9896e104499ac3db2d66bf84facfcf695688be6ba7992022f65,7ccd5346db90a9896e104499ac3db2d66bf84facfcf695688be6ba7992022f65,$,,7ccd5346db90a9896e104499ac3db2d66bf84facfcf695688be6ba7992022f65,7ccd5346db90a9896e104499ac3db2d66bf84facfcf695688be6ba7992022f65,"{""basis"":""ordered nested-math atom; exact symbolic replay"",""kind"":""source-target-formula-map""}"
1.1.0,formula,O007-FREMLIN-V2-S241-FORMULA-0774,O007-FREMLIN-V2-S241,O007-RIGHTS-FREMLIN-DSL,O007-FREMLIN-V2-S241-SEG-241YI,774,241Yi,241Yi,742,767,28443,28459,30714,30730,"(X,\Sigma,\mu)","(X,\Sigma,\mu)",05e9b769403b4c7926a944d5aaa03f00bb216412bc3f850e41b3c28de657aa67,05e9b769403b4c7926a944d5aaa03f00bb216412bc3f850e41b3c28de657aa67,05e9b769403b4c7926a944d5aaa03f00bb216412bc3f850e41b3c28de657aa67,$,,05e9b769403b4c7926a944d5aaa03f00bb216412bc3f850e41b3c28de657aa67,05e9b769403b4c7926a944d5aaa03f00bb216412bc3f850e41b3c28de657aa67,"{""basis"":""ordered nested-math atom; exact symbolic replay"",""kind"":""source-target-formula-map""}"
1.1.0,formula,O007-FREMLIN-V2-S241-FORMULA-0775,O007-FREMLIN-V2-S241,O007-RIGHTS-FREMLIN-DSL,O007-FREMLIN-V2-S241-SEG-241YI,775,241Yi,241Yi,743,768,28484,28503,30753,30772,h:\Bbb R\to\Bbb R,h:\Bbb R\to\Bbb R,47d2795e979e3b836d243787f9e04b2dca5905924e1cc2e32c7c03610267ce28,47d2795e979e3b836d243787f9e04b2dca5905924e1cc2e32c7c03610267ce28,7ee34b9ce7d9c043c2f61b44ef4d85144874b8c8cfd1ad7758ed2c33ed757481,$,,7ee34b9ce7d9c043c2f61b44ef4d85144874b8c8cfd1ad7758ed2c33ed757481,7ee34b9ce7d9c043c2f61b44ef4d85144874b8c8cfd1ad7758ed2c33ed757481,"{""basis"":""ordered nested-math atom; exact symbolic replay"",""kind"":""source-target-formula-map""}"
1.1.0,formula,O007-FREMLIN-V2-S241-FORMULA-0776,O007-FREMLIN-V2-S241,O007-RIGHTS-FREMLIN-DSL,O007-FREMLIN-V2-S241-SEG-241YI,776,241Yi,241Yi,744,769,28578,28603,30843,30868,A\subseteq L^0=L^0(\mu),A\subseteq L^0=L^0(\mu),63c697feb554a663a2741cde55c95a478fa38db1b3819f63c2935666919eb9c9,63c697feb554a663a2741cde55c95a478fa38db1b3819f63c2935666919eb9c9,224b1410ef9386c2f9b8ef0909fd7e75abd0df16d30ba93f3f5acaefda8cad52,$,,224b1410ef9386c2f9b8ef0909fd7e75abd0df16d30ba93f3f5acaefda8cad52,224b1410ef9386c2f9b8ef0909fd7e75abd0df16d30ba93f3f5acaefda8cad52,"{""basis"":""ordered nested-math atom; exact symbolic replay"",""kind"":""source-target-formula-map""}"
1.1.0,formula,O007-FREMLIN-V2-S241-FORMULA-0777,O007-FREMLIN-V2-S241,O007-RIGHTS-FREMLIN-DSL,O007-FREMLIN-V2-S241-SEG-241YI,777,241Yi,241Yi,745,770,28639,28649,30911,30921,v\in L^0,v\in L^0,f19b89c4a2c7f7474e837d24a75e09b5c489b58e1192b06c96a34a34ce0ba6fe,f19b89c4a2c7f7474e837d24a75e09b5c489b58e1192b06c96a34a34ce0ba6fe,4ba74b005e769f6fc3b30eb7fd3273974b3ec1a6e2eb7b7bb5185492a7be12fe,$,,4ba74b005e769f6fc3b30eb7fd3273974b3ec1a6e2eb7b7bb5185492a7be12fe,4ba74b005e769f6fc3b30eb7fd3273974b3ec1a6e2eb7b7bb5185492a7be12fe,"{""basis"":""ordered nested-math atom; exact symbolic replay"",""kind"":""source-target-formula-map""}"
1.1.0,formula,O007-FREMLIN-V2-S241-FORMULA-0778,O007-FREMLIN-V2-S241,O007-RIGHTS-FREMLIN-DSL,O007-FREMLIN-V2-S241-SEG-241YI,778,241Yi,241Yi,745,770,28656,28690,30928,30962,\bar h(v)=\sup_{u\in A}\bar h(u),\bar h(v)=\sup_{u\in A}\bar h(u),27d634e46d184e2272abb9fc90a031484525cb5090a1e2b549c03a14fe26dbcc,27d634e46d184e2272abb9fc90a031484525cb5090a1e2b549c03a14fe26dbcc,6caba3e3cf1ccb7953822317e81d8b5b202fc0d0ea3be02847510229e095117a,$,,6caba3e3cf1ccb7953822317e81d8b5b202fc0d0ea3be02847510229e095117a,6caba3e3cf1ccb7953822317e81d8b5b202fc0d0ea3be02847510229e095117a,"{""basis"":""ordered nested-math atom; exact symbolic replay"",""kind"":""source-target-formula-map""}"
1.1.0,formula,O007-FREMLIN-V2-S241-FORMULA-0779,O007-FREMLIN-V2-S241,O007-RIGHTS-FREMLIN-DSL,O007-FREMLIN-V2-S241-SEG-241YI,779,241Yi,241Yi,746,771,28698,28717,30971,30990,\bar h:L^0\to L^0,\bar h:L^0\to L^0,43ae452b1132d000a194dcbd5b7a6b61bcaf8e9574ae7f53bce503cbf9058bac,43ae452b1132d000a194dcbd5b7a6b61bcaf8e9574ae7f53bce503cbf9058bac,1afad5dc3d5c16d39fd54e6d4e9834cde5939a3e1cb12bac81937e039d19a92b,$,,1afad5dc3d5c16d39fd54e6d4e9834cde5939a3e1cb12bac81937e039d19a92b,1afad5dc3d5c16d39fd54e6d4e9834cde5939a3e1cb12bac81937e039d19a92b,"{""basis"":""ordered nested-math atom; exact symbolic replay"",""kind"":""source-target-formula-map""}"
1.1.0,formula,O007-FREMLIN-V2-S241-FORMULA-0780,O007-FREMLIN-V2-S241,O007-RIGHTS-FREMLIN-DSL,O007-FREMLIN-V2-S241-SEG-241,780,241,241,752,777,28877,28882,31159,31164,L^0,L^0,efb929291fb3ed4159783d57eb43e4f4183bf2aa2552acd5d70f6ebf7aa04b27,efb929291fb3ed4159783d57eb43e4f4183bf2aa2552acd5d70f6ebf7aa04b27,efb929291fb3ed4159783d57eb43e4f4183bf2aa2552acd5d70f6ebf7aa04b27,$,,efb929291fb3ed4159783d57eb43e4f4183bf2aa2552acd5d70f6ebf7aa04b27,efb929291fb3ed4159783d57eb43e4f4183bf2aa2552acd5d70f6ebf7aa04b27,"{""basis"":""ordered nested-math atom; exact symbolic replay"",""kind"":""source-target-formula-map""}"
1.1.0,formula,O007-FREMLIN-V2-S241-FORMULA-0781,O007-FREMLIN-V2-S241,O007-RIGHTS-FREMLIN-DSL,O007-FREMLIN-V2-S241-SEG-241,781,241,241,756,781,29135,29138,31470,31473,f,f,252f10c83610ebca1a059c0bae8255eba2f95be4d1d7bcfa89d7248a82d9f111,252f10c83610ebca1a059c0bae8255eba2f95be4d1d7bcfa89d7248a82d9f111,252f10c83610ebca1a059c0bae8255eba2f95be4d1d7bcfa89d7248a82d9f111,$,,252f10c83610ebca1a059c0bae8255eba2f95be4d1d7bcfa89d7248a82d9f111,252f10c83610ebca1a059c0bae8255eba2f95be4d1d7bcfa89d7248a82d9f111,"{""basis"":""ordered nested-math atom; exact symbolic replay"",""kind"":""source-target-formula-map""}"
1.1.0,formula,O007-FREMLIN-V2-S241-FORMULA-0782,O007-FREMLIN-V2-S241,O007-RIGHTS-FREMLIN-DSL,O007-FREMLIN-V2-S241-SEG-241,782,241,241,758,783,29163,29183,31499,31519,\eusm L^0_{\Sigma},\eusm L^0_{\Sigma},3a99a8d6efd989913e3faf6380d1449b42c79fed8a14242dd63186d04040c3d2,3a99a8d6efd989913e3faf6380d1449b42c79fed8a14242dd63186d04040c3d2,f8743b782cdb11bd908e6f7cfbbc478ef6aa3f505aa4afb6fd493a8c1061fb1f,$,,f8743b782cdb11bd908e6f7cfbbc478ef6aa3f505aa4afb6fd493a8c1061fb1f,f8743b782cdb11bd908e6f7cfbbc478ef6aa3f505aa4afb6fd493a8c1061fb1f,"{""basis"":""ordered nested-math atom; exact symbolic replay"",""kind"":""source-target-formula-map""}"
1.1.0,formula,O007-FREMLIN-V2-S241-FORMULA-0783,O007-FREMLIN-V2-S241,O007-RIGHTS-FREMLIN-DSL,O007-FREMLIN-V2-S241-SEG-241,783,241,241,759,784,29227,29230,31559,31562,X,X,4b68ab3847feda7d6c62c1fbcbeebfa35eab7351ed5e78f4ddadea5df64b8015,4b68ab3847feda7d6c62c1fbcbeebfa35eab7351ed5e78f4ddadea5df64b8015,4b68ab3847feda7d6c62c1fbcbeebfa35eab7351ed5e78f4ddadea5df64b8015,$,,4b68ab3847feda7d6c62c1fbcbeebfa35eab7351ed5e78f4ddadea5df64b8015,4b68ab3847feda7d6c62c1fbcbeebfa35eab7351ed5e78f4ddadea5df64b8015,"{""basis"":""ordered nested-math atom; exact symbolic replay"",""kind"":""source-target-formula-map""}"
1.1.0,formula,O007-FREMLIN-V2-S241-FORMULA-0784,O007-FREMLIN-V2-S241,O007-RIGHTS-FREMLIN-DSL,O007-FREMLIN-V2-S241-SEG-241,784,241,241,759,784,29234,29242,31566,31574,\Bbb R,\Bbb R,f9d62b077eddf72778fc05527c5aa4d2352f16a46a94808294fdc2cb7e406580,f9d62b077eddf72778fc05527c5aa4d2352f16a46a94808294fdc2cb7e406580,22316cdc991b42844c0fcdb72f227b6d4c0e8457a736e325af2845b7b3df7f6c,$,,22316cdc991b42844c0fcdb72f227b6d4c0e8457a736e325af2845b7b3df7f6c,22316cdc991b42844c0fcdb72f227b6d4c0e8457a736e325af2845b7b3df7f6c,"{""basis"":""ordered nested-math atom; exact symbolic replay"",""kind"":""source-target-formula-map""}"
1.1.0,formula,O007-FREMLIN-V2-S241-FORMULA-0785,O007-FREMLIN-V2-S241,O007-RIGHTS-FREMLIN-DSL,O007-FREMLIN-V2-S241-SEG-241,785,241,241,759,784,29249,29269,31581,31601,\eusm L^0_{\Sigma},\eusm L^0_{\Sigma},3a99a8d6efd989913e3faf6380d1449b42c79fed8a14242dd63186d04040c3d2,3a99a8d6efd989913e3faf6380d1449b42c79fed8a14242dd63186d04040c3d2,f8743b782cdb11bd908e6f7cfbbc478ef6aa3f505aa4afb6fd493a8c1061fb1f,$,,f8743b782cdb11bd908e6f7cfbbc478ef6aa3f505aa4afb6fd493a8c1061fb1f,f8743b782cdb11bd908e6f7cfbbc478ef6aa3f505aa4afb6fd493a8c1061fb1f,"{""basis"":""ordered nested-math atom; exact symbolic replay"",""kind"":""source-target-formula-map""}"
1.1.0,formula,O007-FREMLIN-V2-S241-FORMULA-0786,O007-FREMLIN-V2-S241,O007-RIGHTS-FREMLIN-DSL,O007-FREMLIN-V2-S241-SEG-241,786,241,241,761,785,29289,29297,31637,31645,\sigma,\sigma,9c3245dfb4ac54c1623a60e7b8d1fc07cb02eae1229435230c7dab5e71083a26,9c3245dfb4ac54c1623a60e7b8d1fc07cb02eae1229435230c7dab5e71083a26,9c3245dfb4ac54c1623a60e7b8d1fc07cb02eae1229435230c7dab5e71083a26,$,,9c3245dfb4ac54c1623a60e7b8d1fc07cb02eae1229435230c7dab5e71083a26,9c3245dfb4ac54c1623a60e7b8d1fc07cb02eae1229435230c7dab5e71083a26,"{""basis"":""ordered nested-math atom; exact symbolic replay"",""kind"":""source-target-formula-map""}"
1.1.0,formula,O007-FREMLIN-V2-S241-FORMULA-0787,O007-FREMLIN-V2-S241,O007-RIGHTS-FREMLIN-DSL,O007-FREMLIN-V2-S241-SEG-241,787,241,241,761,785,29324,29329,31660,31665,L^0,L^0,efb929291fb3ed4159783d57eb43e4f4183bf2aa2552acd5d70f6ebf7aa04b27,efb929291fb3ed4159783d57eb43e4f4183bf2aa2552acd5d70f6ebf7aa04b27,efb929291fb3ed4159783d57eb43e4f4183bf2aa2552acd5d70f6ebf7aa04b27,$,,efb929291fb3ed4159783d57eb43e4f4183bf2aa2552acd5d70f6ebf7aa04b27,efb929291fb3ed4159783d57eb43e4f4183bf2aa2552acd5d70f6ebf7aa04b27,"{""basis"":""ordered nested-math atom; exact symbolic replay"",""kind"":""source-target-formula-map""}"
1.1.0,formula,O007-FREMLIN-V2-S241-FORMULA-0788,O007-FREMLIN-V2-S241,O007-RIGHTS-FREMLIN-DSL,O007-FREMLIN-V2-S241-SEG-241,788,241,241,762,786,29366,29394,31705,31733,\eusm L^0_{\Sigma}/\eusm N,\eusm L^0_{\Sigma}/\eusm N,5b7ff6f56cc5513e444db16bb9f057beb7f449b46693b7d2f12d75549928c09a,5b7ff6f56cc5513e444db16bb9f057beb7f449b46693b7d2f12d75549928c09a,e2410c59869c6891835b3267ab08864f6637d540fb4bf7177a371df9376214eb,$,,e2410c59869c6891835b3267ab08864f6637d540fb4bf7177a371df9376214eb,e2410c59869c6891835b3267ab08864f6637d540fb4bf7177a371df9376214eb,"{""basis"":""ordered nested-math atom; exact symbolic replay"",""kind"":""source-target-formula-map""}"
1.1.0,formula,O007-FREMLIN-V2-S241-FORMULA-0789,O007-FREMLIN-V2-S241,O007-RIGHTS-FREMLIN-DSL,O007-FREMLIN-V2-S241-SEG-241,789,241,241,762,786,29404,29413,31742,31751,\eusm N,\eusm N,dde41949f3823ace3b57fe92b13accb8d85b736b7e0e5604638d5cbdc99446d3,dde41949f3823ace3b57fe92b13accb8d85b736b7e0e5604638d5cbdc99446d3,f5d6358241763549f2f1d25142243c94f016738e6d8efb710446b6f0b17e9873,$,,f5d6358241763549f2f1d25142243c94f016738e6d8efb710446b6f0b17e9873,f5d6358241763549f2f1d25142243c94f016738e6d8efb710446b6f0b17e9873,"{""basis"":""ordered nested-math atom; exact symbolic replay"",""kind"":""source-target-formula-map""}"
1.1.0,formula,O007-FREMLIN-V2-S241-FORMULA-0790,O007-FREMLIN-V2-S241,O007-RIGHTS-FREMLIN-DSL,O007-FREMLIN-V2-S241-SEG-241,790,241,241,763,787,29442,29462,31792,31812,\eusm L^0_{\Sigma},\eusm L^0_{\Sigma},3a99a8d6efd989913e3faf6380d1449b42c79fed8a14242dd63186d04040c3d2,3a99a8d6efd989913e3faf6380d1449b42c79fed8a14242dd63186d04040c3d2,f8743b782cdb11bd908e6f7cfbbc478ef6aa3f505aa4afb6fd493a8c1061fb1f,$,,f8743b782cdb11bd908e6f7cfbbc478ef6aa3f505aa4afb6fd493a8c1061fb1f,f8743b782cdb11bd908e6f7cfbbc478ef6aa3f505aa4afb6fd493a8c1061fb1f,"{""basis"":""ordered nested-math atom; exact symbolic replay"",""kind"":""source-target-formula-map""}"
1.1.0,formula,O007-FREMLIN-V2-S241-FORMULA-0791,O007-FREMLIN-V2-S241,O007-RIGHTS-FREMLIN-DSL,O007-FREMLIN-V2-S241-SEG-241,791,241,241,766,789,29614,29625,31980,31991,\eusm L^0,\eusm L^0,12c2089e125d309e832793d4a992d6333c40397baf0330403e1207da04318ded,12c2089e125d309e832793d4a992d6333c40397baf0330403e1207da04318ded,d5b98412d5c38001fef173fa13a858cd2e376a97888da5ce2fa997ff513bad4c,$,,d5b98412d5c38001fef173fa13a858cd2e376a97888da5ce2fa997ff513bad4c,d5b98412d5c38001fef173fa13a858cd2e376a97888da5ce2fa997ff513bad4c,"{""basis"":""ordered nested-math atom; exact symbolic replay"",""kind"":""source-target-formula-map""}"
1.1.0,formula,O007-FREMLIN-V2-S241-FORMULA-0792,O007-FREMLIN-V2-S241,O007-RIGHTS-FREMLIN-DSL,O007-FREMLIN-V2-S241-SEG-241,792,241,241,767,791,29724,29729,32093,32098,L^0,L^0,efb929291fb3ed4159783d57eb43e4f4183bf2aa2552acd5d70f6ebf7aa04b27,efb929291fb3ed4159783d57eb43e4f4183bf2aa2552acd5d70f6ebf7aa04b27,efb929291fb3ed4159783d57eb43e4f4183bf2aa2552acd5d70f6ebf7aa04b27,$,,efb929291fb3ed4159783d57eb43e4f4183bf2aa2552acd5d70f6ebf7aa04b27,efb929291fb3ed4159783d57eb43e4f4183bf2aa2552acd5d70f6ebf7aa04b27,"{""basis"":""ordered nested-math atom; exact symbolic replay"",""kind"":""source-target-formula-map""}"
1.1.0,formula,O007-FREMLIN-V2-S241-FORMULA-0793,O007-FREMLIN-V2-S241,O007-RIGHTS-FREMLIN-DSL,O007-FREMLIN-V2-S241-SEG-241,793,241,241,768,792,29767,29778,32162,32173,\eusm L^0,\eusm L^0,12c2089e125d309e832793d4a992d6333c40397baf0330403e1207da04318ded,12c2089e125d309e832793d4a992d6333c40397baf0330403e1207da04318ded,d5b98412d5c38001fef173fa13a858cd2e376a97888da5ce2fa997ff513bad4c,$,,d5b98412d5c38001fef173fa13a858cd2e376a97888da5ce2fa997ff513bad4c,d5b98412d5c38001fef173fa13a858cd2e376a97888da5ce2fa997ff513bad4c,"{""basis"":""ordered nested-math atom; exact symbolic replay"",""kind"":""source-target-formula-map""}"
1.1.0,formula,O007-FREMLIN-V2-S241-FORMULA-0794,O007-FREMLIN-V2-S241,O007-RIGHTS-FREMLIN-DSL,O007-FREMLIN-V2-S241-SEG-241,794,241,241,768,792,29794,29814,32187,32207,\eusm L^0_{\Sigma},\eusm L^0_{\Sigma},3a99a8d6efd989913e3faf6380d1449b42c79fed8a14242dd63186d04040c3d2,3a99a8d6efd989913e3faf6380d1449b42c79fed8a14242dd63186d04040c3d2,f8743b782cdb11bd908e6f7cfbbc478ef6aa3f505aa4afb6fd493a8c1061fb1f,$,,f8743b782cdb11bd908e6f7cfbbc478ef6aa3f505aa4afb6fd493a8c1061fb1f,f8743b782cdb11bd908e6f7cfbbc478ef6aa3f505aa4afb6fd493a8c1061fb1f,"{""basis"":""ordered nested-math atom; exact symbolic replay"",""kind"":""source-target-formula-map""}"
1.1.0,formula,O007-FREMLIN-V2-S241-FORMULA-0795,O007-FREMLIN-V2-S241,O007-RIGHTS-FREMLIN-DSL,O007-FREMLIN-V2-S241-SEG-241,795,241,241,769,793,29874,29879,32264,32269,L^0,L^0,efb929291fb3ed4159783d57eb43e4f4183bf2aa2552acd5d70f6ebf7aa04b27,efb929291fb3ed4159783d57eb43e4f4183bf2aa2552acd5d70f6ebf7aa04b27,efb929291fb3ed4159783d57eb43e4f4183bf2aa2552acd5d70f6ebf7aa04b27,$,,efb929291fb3ed4159783d57eb43e4f4183bf2aa2552acd5d70f6ebf7aa04b27,efb929291fb3ed4159783d57eb43e4f4183bf2aa2552acd5d70f6ebf7aa04b27,"{""basis"":""ordered nested-math atom; exact symbolic replay"",""kind"":""source-target-formula-map""}"
1.1.0,formula,O007-FREMLIN-V2-S241-FORMULA-0796,O007-FREMLIN-V2-S241,O007-RIGHTS-FREMLIN-DSL,O007-FREMLIN-V2-S241-SEG-241,796,241,241,771,794,29904,29915,32291,32302,\eusm L^0,\eusm L^0,12c2089e125d309e832793d4a992d6333c40397baf0330403e1207da04318ded,12c2089e125d309e832793d4a992d6333c40397baf0330403e1207da04318ded,d5b98412d5c38001fef173fa13a858cd2e376a97888da5ce2fa997ff513bad4c,$,,d5b98412d5c38001fef173fa13a858cd2e376a97888da5ce2fa997ff513bad4c,d5b98412d5c38001fef173fa13a858cd2e376a97888da5ce2fa997ff513bad4c,"{""basis"":""ordered nested-math atom; exact symbolic replay"",""kind"":""source-target-formula-map""}"
1.1.0,formula,O007-FREMLIN-V2-S241-FORMULA-0797,O007-FREMLIN-V2-S241,O007-RIGHTS-FREMLIN-DSL,O007-FREMLIN-V2-S241-SEG-241,797,241,241,773,796,30071,30091,32456,32476,\eusm L^0_{\Sigma},\eusm L^0_{\Sigma},3a99a8d6efd989913e3faf6380d1449b42c79fed8a14242dd63186d04040c3d2,3a99a8d6efd989913e3faf6380d1449b42c79fed8a14242dd63186d04040c3d2,f8743b782cdb11bd908e6f7cfbbc478ef6aa3f505aa4afb6fd493a8c1061fb1f,$,,f8743b782cdb11bd908e6f7cfbbc478ef6aa3f505aa4afb6fd493a8c1061fb1f,f8743b782cdb11bd908e6f7cfbbc478ef6aa3f505aa4afb6fd493a8c1061fb1f,"{""basis"":""ordered nested-math atom; exact symbolic replay"",""kind"":""source-target-formula-map""}"
1.1.0,formula,O007-FREMLIN-V2-S241-FORMULA-0798,O007-FREMLIN-V2-S241,O007-RIGHTS-FREMLIN-DSL,O007-FREMLIN-V2-S241-SEG-241,798,241,241,777,799,30302,30322,32706,32726,\eusm L^0_{\infty},\eusm L^0_{\infty},6da40623ddc3da30463c5bbdbcd00935557a1b07e1b4efe75927918f864f45e6,6da40623ddc3da30463c5bbdbcd00935557a1b07e1b4efe75927918f864f45e6,08b7922b194bc68d06953fdd69b193402db27f067fa2ff89be56dc0e64c4d299,$,,08b7922b194bc68d06953fdd69b193402db27f067fa2ff89be56dc0e64c4d299,08b7922b194bc68d06953fdd69b193402db27f067fa2ff89be56dc0e64c4d299,"{""basis"":""ordered nested-math atom; exact symbolic replay"",""kind"":""source-target-formula-map""}"
1.1.0,formula,O007-FREMLIN-V2-S241-FORMULA-0799,O007-FREMLIN-V2-S241,O007-RIGHTS-FREMLIN-DSL,O007-FREMLIN-V2-S241-SEG-241,799,241,241,777,800,30326,30331,32773,32778,\mu,\mu,492247e1bab15272d1e53b8015c042bf6fa0cb8f23ec52cad93d6ba80dafb804,492247e1bab15272d1e53b8015c042bf6fa0cb8f23ec52cad93d6ba80dafb804,492247e1bab15272d1e53b8015c042bf6fa0cb8f23ec52cad93d6ba80dafb804,$,,492247e1bab15272d1e53b8015c042bf6fa0cb8f23ec52cad93d6ba80dafb804,492247e1bab15272d1e53b8015c042bf6fa0cb8f23ec52cad93d6ba80dafb804,"{""basis"":""ordered nested-math atom; exact symbolic replay"",""kind"":""source-target-formula-map""}"
1.1.0,formula,O007-FREMLIN-V2-S241-FORMULA-0800,O007-FREMLIN-V2-S241,O007-RIGHTS-FREMLIN-DSL,O007-FREMLIN-V2-S241-SEG-241,800,241,241,778,800,30353,30371,32789,32807,"[-\infty,\infty]","[-\infty,\infty]",b9a80fe63c5d371855c3764a54c8212f8d13b84d0bdbed9c55e5192fdb73b145,b9a80fe63c5d371855c3764a54c8212f8d13b84d0bdbed9c55e5192fdb73b145,b9a80fe63c5d371855c3764a54c8212f8d13b84d0bdbed9c55e5192fdb73b145,$,,b9a80fe63c5d371855c3764a54c8212f8d13b84d0bdbed9c55e5192fdb73b145,b9a80fe63c5d371855c3764a54c8212f8d13b84d0bdbed9c55e5192fdb73b145,"{""basis"":""ordered nested-math atom; exact symbolic replay"",""kind"":""source-target-formula-map""}"
1.1.0,formula,O007-FREMLIN-V2-S241-FORMULA-0801,O007-FREMLIN-V2-S241,O007-RIGHTS-FREMLIN-DSL,O007-FREMLIN-V2-S241-SEG-241,801,241,241,781,803,30534,30554,32980,33000,\eusm L^0_{\infty},\eusm L^0_{\infty},6da40623ddc3da30463c5bbdbcd00935557a1b07e1b4efe75927918f864f45e6,6da40623ddc3da30463c5bbdbcd00935557a1b07e1b4efe75927918f864f45e6,08b7922b194bc68d06953fdd69b193402db27f067fa2ff89be56dc0e64c4d299,$,,08b7922b194bc68d06953fdd69b193402db27f067fa2ff89be56dc0e64c4d299,08b7922b194bc68d06953fdd69b193402db27f067fa2ff89be56dc0e64c4d299,"{""basis"":""ordered nested-math atom; exact symbolic replay"",""kind"":""source-target-formula-map""}"
1.1.0,formula,O007-FREMLIN-V2-S241-FORMULA-0802,O007-FREMLIN-V2-S241,O007-RIGHTS-FREMLIN-DSL,O007-FREMLIN-V2-S241-SEG-241,802,241,241,785,807,30776,30790,33250,33264,^{\ssbullet},^{\ssbullet},2cb48e5c212bcb62835f5c2ea83092aafc9f95f157e012d6e4e2eb851a505910,2cb48e5c212bcb62835f5c2ea83092aafc9f95f157e012d6e4e2eb851a505910,2cb48e5c212bcb62835f5c2ea83092aafc9f95f157e012d6e4e2eb851a505910,$,,2cb48e5c212bcb62835f5c2ea83092aafc9f95f157e012d6e4e2eb851a505910,2cb48e5c212bcb62835f5c2ea83092aafc9f95f157e012d6e4e2eb851a505910,"{""basis"":""ordered nested-math atom; exact symbolic replay"",""kind"":""source-target-formula-map""}"
1.1.0,formula,O007-FREMLIN-V2-S241-FORMULA-0803,O007-FREMLIN-V2-S241,O007-RIGHTS-FREMLIN-DSL,O007-FREMLIN-V2-S241-SEG-241,803,241,241,789,811,31057,31068,33551,33562,\eusm L^0,\eusm L^0,12c2089e125d309e832793d4a992d6333c40397baf0330403e1207da04318ded,12c2089e125d309e832793d4a992d6333c40397baf0330403e1207da04318ded,d5b98412d5c38001fef173fa13a858cd2e376a97888da5ce2fa997ff513bad4c,$,,d5b98412d5c38001fef173fa13a858cd2e376a97888da5ce2fa997ff513bad4c,d5b98412d5c38001fef173fa13a858cd2e376a97888da5ce2fa997ff513bad4c,"{""basis"":""ordered nested-math atom; exact symbolic replay"",""kind"":""source-target-formula-map""}"
1.1.0,formula,O007-FREMLIN-V2-S241-FORMULA-0804,O007-FREMLIN-V2-S241,O007-RIGHTS-FREMLIN-DSL,O007-FREMLIN-V2-S241-SEG-241,804,241,241,790,812,31072,31092,33568,33588,\eusm L^0_{\Sigma},\eusm L^0_{\Sigma},3a99a8d6efd989913e3faf6380d1449b42c79fed8a14242dd63186d04040c3d2,3a99a8d6efd989913e3faf6380d1449b42c79fed8a14242dd63186d04040c3d2,f8743b782cdb11bd908e6f7cfbbc478ef6aa3f505aa4afb6fd493a8c1061fb1f,$,,f8743b782cdb11bd908e6f7cfbbc478ef6aa3f505aa4afb6fd493a8c1061fb1f,f8743b782cdb11bd908e6f7cfbbc478ef6aa3f505aa4afb6fd493a8c1061fb1f,"{""basis"":""ordered nested-math atom; exact symbolic replay"",""kind"":""source-target-formula-map""}"
1.1.0,formula,O007-FREMLIN-V2-S241-FORMULA-0805,O007-FREMLIN-V2-S241,O007-RIGHTS-FREMLIN-DSL,O007-FREMLIN-V2-S241-SEG-241,805,241,241,790,812,31126,31131,33626,33631,L^0,L^0,efb929291fb3ed4159783d57eb43e4f4183bf2aa2552acd5d70f6ebf7aa04b27,efb929291fb3ed4159783d57eb43e4f4183bf2aa2552acd5d70f6ebf7aa04b27,efb929291fb3ed4159783d57eb43e4f4183bf2aa2552acd5d70f6ebf7aa04b27,$,,efb929291fb3ed4159783d57eb43e4f4183bf2aa2552acd5d70f6ebf7aa04b27,efb929291fb3ed4159783d57eb43e4f4183bf2aa2552acd5d70f6ebf7aa04b27,"{""basis"":""ordered nested-math atom; exact symbolic replay"",""kind"":""source-target-formula-map""}"
1.1.0,formula,O007-FREMLIN-V2-S241-FORMULA-0806,O007-FREMLIN-V2-S241,O007-RIGHTS-FREMLIN-DSL,O007-FREMLIN-V2-S241-SEG-241,806,241,241,793,814,31275,31280,33766,33771,L^0,L^0,efb929291fb3ed4159783d57eb43e4f4183bf2aa2552acd5d70f6ebf7aa04b27,efb929291fb3ed4159783d57eb43e4f4183bf2aa2552acd5d70f6ebf7aa04b27,efb929291fb3ed4159783d57eb43e4f4183bf2aa2552acd5d70f6ebf7aa04b27,$,,efb929291fb3ed4159783d57eb43e4f4183bf2aa2552acd5d70f6ebf7aa04b27,efb929291fb3ed4159783d57eb43e4f4183bf2aa2552acd5d70f6ebf7aa04b27,"{""basis"":""ordered nested-math atom; exact symbolic replay"",""kind"":""source-target-formula-map""}"
1.1.0,formula,O007-FREMLIN-V2-S241-FORMULA-0807,O007-FREMLIN-V2-S241,O007-RIGHTS-FREMLIN-DSL,O007-FREMLIN-V2-S241-SEG-241,807,241,241,802,823,31911,31914,34451,34454,3,3,4e07408562bedb8b60ce05c1decfe3ad16b72230967de01f640b7e4729b49fce,4e07408562bedb8b60ce05c1decfe3ad16b72230967de01f640b7e4729b49fce,4e07408562bedb8b60ce05c1decfe3ad16b72230967de01f640b7e4729b49fce,$,,4e07408562bedb8b60ce05c1decfe3ad16b72230967de01f640b7e4729b49fce,4e07408562bedb8b60ce05c1decfe3ad16b72230967de01f640b7e4729b49fce,"{""basis"":""ordered nested-math atom; exact symbolic replay"",""kind"":""source-target-formula-map""}"
1.1.0,formula,O007-FREMLIN-V2-S241-FORMULA-0808,O007-FREMLIN-V2-S241,O007-RIGHTS-FREMLIN-DSL,O007-FREMLIN-V2-S241-SEG-241,808,241,241,802,824,31936,31944,34484,34492,\Bbb N,\Bbb N,83cf45f141bcc461fe374a41478f34683805f99cdd68774c39adbb540a1867e8,83cf45f141bcc461fe374a41478f34683805f99cdd68774c39adbb540a1867e8,7a5c8f64045b98184eb0aeb0e75d1f7fc2976b2635d0b631b4b1da04dff5a457,$,,7a5c8f64045b98184eb0aeb0e75d1f7fc2976b2635d0b631b4b1da04dff5a457,7a5c8f64045b98184eb0aeb0e75d1f7fc2976b2635d0b631b4b1da04dff5a457,"{""basis"":""ordered nested-math atom; exact symbolic replay"",""kind"":""source-target-formula-map""}"
1.1.0,formula,O007-FREMLIN-V2-S241-FORMULA-0809,O007-FREMLIN-V2-S241,O007-RIGHTS-FREMLIN-DSL,O007-FREMLIN-V2-S241-SEG-241,809,241,241,803,824,32005,32008,34556,34559,3,3,4e07408562bedb8b60ce05c1decfe3ad16b72230967de01f640b7e4729b49fce,4e07408562bedb8b60ce05c1decfe3ad16b72230967de01f640b7e4729b49fce,4e07408562bedb8b60ce05c1decfe3ad16b72230967de01f640b7e4729b49fce,$,,4e07408562bedb8b60ce05c1decfe3ad16b72230967de01f640b7e4729b49fce,4e07408562bedb8b60ce05c1decfe3ad16b72230967de01f640b7e4729b49fce,"{""basis"":""ordered nested-math atom; exact symbolic replay"",""kind"":""source-target-formula-map""}"
1.1.0,formula,O007-FREMLIN-V2-S241-FORMULA-0810,O007-FREMLIN-V2-S241,O007-RIGHTS-FREMLIN-DSL,O007-FREMLIN-V2-S241-SEG-241,810,241,241,804,825,32030,32038,34589,34597,\Bbb C,\Bbb C,e5249a4116297085704e0e00545e57a42be8aef15e8e00dc770a9e42deeb7bde,e5249a4116297085704e0e00545e57a42be8aef15e8e00dc770a9e42deeb7bde,0c2cb475a1da889b7629e2ed039154c62086b4c07ca137eef4bad331c54d72bf,$,,0c2cb475a1da889b7629e2ed039154c62086b4c07ca137eef4bad331c54d72bf,0c2cb475a1da889b7629e2ed039154c62086b4c07ca137eef4bad331c54d72bf,"{""basis"":""ordered nested-math atom; exact symbolic replay"",""kind"":""source-target-formula-map""}"
1.1.0,formula,O007-FREMLIN-V2-S241-FORMULA-0811,O007-FREMLIN-V2-S241,O007-RIGHTS-FREMLIN-DSL,O007-FREMLIN-V2-S241-SEG-241,811,241,241,804,826,32074,32077,34637,34640,3,3,4e07408562bedb8b60ce05c1decfe3ad16b72230967de01f640b7e4729b49fce,4e07408562bedb8b60ce05c1decfe3ad16b72230967de01f640b7e4729b49fce,4e07408562bedb8b60ce05c1decfe3ad16b72230967de01f640b7e4729b49fce,$,,4e07408562bedb8b60ce05c1decfe3ad16b72230967de01f640b7e4729b49fce,4e07408562bedb8b60ce05c1decfe3ad16b72230967de01f640b7e4729b49fce,"{""basis"":""ordered nested-math atom; exact symbolic replay"",""kind"":""source-target-formula-map""}"
1.1.0,formula,O007-FREMLIN-V2-S241-FORMULA-0812,O007-FREMLIN-V2-S241,O007-RIGHTS-FREMLIN-DSL,O007-FREMLIN-V2-S241-SEG-241,812,241,241,808,829,32310,32313,34909,34912,f,f,252f10c83610ebca1a059c0bae8255eba2f95be4d1d7bcfa89d7248a82d9f111,252f10c83610ebca1a059c0bae8255eba2f95be4d1d7bcfa89d7248a82d9f111,252f10c83610ebca1a059c0bae8255eba2f95be4d1d7bcfa89d7248a82d9f111,$,,252f10c83610ebca1a059c0bae8255eba2f95be4d1d7bcfa89d7248a82d9f111,252f10c83610ebca1a059c0bae8255eba2f95be4d1d7bcfa89d7248a82d9f111,"{""basis"":""ordered nested-math atom; exact symbolic replay"",""kind"":""source-target-formula-map""}"
1.1.0,formula,O007-FREMLIN-V2-S241-FORMULA-0813,O007-FREMLIN-V2-S241,O007-RIGHTS-FREMLIN-DSL,O007-FREMLIN-V2-S241-SEG-241,813,241,241,808,829,32318,32333,34917,34932,f^{\ssbullet},f^{\ssbullet},c88b6704184d07d6ea167268aeb1cf90af08429c76b2a89c8a8a947a903bf504,c88b6704184d07d6ea167268aeb1cf90af08429c76b2a89c8a8a947a903bf504,c88b6704184d07d6ea167268aeb1cf90af08429c76b2a89c8a8a947a903bf504,$,,c88b6704184d07d6ea167268aeb1cf90af08429c76b2a89c8a8a947a903bf504,c88b6704184d07d6ea167268aeb1cf90af08429c76b2a89c8a8a947a903bf504,"{""basis"":""ordered nested-math atom; exact symbolic replay"",""kind"":""source-target-formula-map""}"
1.1.0,formula,O007-FREMLIN-V2-S241-FORMULA-0814,O007-FREMLIN-V2-S241,O007-RIGHTS-FREMLIN-DSL,O007-FREMLIN-V2-S241-SEG-241,814,241,241,812,833,32602,32605,35220,35223,f,f,252f10c83610ebca1a059c0bae8255eba2f95be4d1d7bcfa89d7248a82d9f111,252f10c83610ebca1a059c0bae8255eba2f95be4d1d7bcfa89d7248a82d9f111,252f10c83610ebca1a059c0bae8255eba2f95be4d1d7bcfa89d7248a82d9f111,$,,252f10c83610ebca1a059c0bae8255eba2f95be4d1d7bcfa89d7248a82d9f111,252f10c83610ebca1a059c0bae8255eba2f95be4d1d7bcfa89d7248a82d9f111,"{""basis"":""ordered nested-math atom; exact symbolic replay"",""kind"":""source-target-formula-map""}"
1.1.0,formula,O007-FREMLIN-V2-S241-FORMULA-0815,O007-FREMLIN-V2-S241,O007-RIGHTS-FREMLIN-DSL,O007-FREMLIN-V2-S241-SEG-241,815,241,241,812,834,32610,32625,35228,35243,f^{\ssbullet},f^{\ssbullet},c88b6704184d07d6ea167268aeb1cf90af08429c76b2a89c8a8a947a903bf504,c88b6704184d07d6ea167268aeb1cf90af08429c76b2a89c8a8a947a903bf504,c88b6704184d07d6ea167268aeb1cf90af08429c76b2a89c8a8a947a903bf504,$,,c88b6704184d07d6ea167268aeb1cf90af08429c76b2a89c8a8a947a903bf504,c88b6704184d07d6ea167268aeb1cf90af08429c76b2a89c8a8a947a903bf504,"{""basis"":""ordered nested-math atom; exact symbolic replay"",""kind"":""source-target-formula-map""}"
1.1.0,formula,O007-FREMLIN-V2-S241-FORMULA-0816,O007-FREMLIN-V2-S241,O007-RIGHTS-FREMLIN-DSL,O007-FREMLIN-V2-S241-SEG-241,816,241,241,819,840,33036,33044,35690,35698,\sigma,\sigma,9c3245dfb4ac54c1623a60e7b8d1fc07cb02eae1229435230c7dab5e71083a26,9c3245dfb4ac54c1623a60e7b8d1fc07cb02eae1229435230c7dab5e71083a26,9c3245dfb4ac54c1623a60e7b8d1fc07cb02eae1229435230c7dab5e71083a26,$,,9c3245dfb4ac54c1623a60e7b8d1fc07cb02eae1229435230c7dab5e71083a26,9c3245dfb4ac54c1623a60e7b8d1fc07cb02eae1229435230c7dab5e71083a26,"{""basis"":""ordered nested-math atom; exact symbolic replay"",""kind"":""source-target-formula-map""}"
1.1.0,formula,O007-FREMLIN-V2-S241-FORMULA-0817,O007-FREMLIN-V2-S241,O007-RIGHTS-FREMLIN-DSL,O007-FREMLIN-V2-S241-SEG-241,817,241,241,819,840,33066,33086,35708,35728,\eusm L^0_{\Sigma},\eusm L^0_{\Sigma},3a99a8d6efd989913e3faf6380d1449b42c79fed8a14242dd63186d04040c3d2,3a99a8d6efd989913e3faf6380d1449b42c79fed8a14242dd63186d04040c3d2,f8743b782cdb11bd908e6f7cfbbc478ef6aa3f505aa4afb6fd493a8c1061fb1f,$,,f8743b782cdb11bd908e6f7cfbbc478ef6aa3f505aa4afb6fd493a8c1061fb1f,f8743b782cdb11bd908e6f7cfbbc478ef6aa3f505aa4afb6fd493a8c1061fb1f,"{""basis"":""ordered nested-math atom; exact symbolic replay"",""kind"":""source-target-formula-map""}"
1.1.0,formula,O007-FREMLIN-V2-S241-FORMULA-0818,O007-FREMLIN-V2-S241,O007-RIGHTS-FREMLIN-DSL,O007-FREMLIN-V2-S241-SEG-241,818,241,241,820,841,33110,33118,35780,35788,\sigma,\sigma,9c3245dfb4ac54c1623a60e7b8d1fc07cb02eae1229435230c7dab5e71083a26,9c3245dfb4ac54c1623a60e7b8d1fc07cb02eae1229435230c7dab5e71083a26,9c3245dfb4ac54c1623a60e7b8d1fc07cb02eae1229435230c7dab5e71083a26,$,,9c3245dfb4ac54c1623a60e7b8d1fc07cb02eae1229435230c7dab5e71083a26,9c3245dfb4ac54c1623a60e7b8d1fc07cb02eae1229435230c7dab5e71083a26,"{""basis"":""ordered nested-math atom; exact symbolic replay"",""kind"":""source-target-formula-map""}"
1.1.0,formula,O007-FREMLIN-V2-S241-FORMULA-0819,O007-FREMLIN-V2-S241,O007-RIGHTS-FREMLIN-DSL,O007-FREMLIN-V2-S241-SEG-241,819,241,241,820,841,33140,33145,35798,35803,L^0,L^0,efb929291fb3ed4159783d57eb43e4f4183bf2aa2552acd5d70f6ebf7aa04b27,efb929291fb3ed4159783d57eb43e4f4183bf2aa2552acd5d70f6ebf7aa04b27,efb929291fb3ed4159783d57eb43e4f4183bf2aa2552acd5d70f6ebf7aa04b27,$,,efb929291fb3ed4159783d57eb43e4f4183bf2aa2552acd5d70f6ebf7aa04b27,efb929291fb3ed4159783d57eb43e4f4183bf2aa2552acd5d70f6ebf7aa04b27,"{""basis"":""ordered nested-math atom; exact symbolic replay"",""kind"":""source-target-formula-map""}"
1.1.0,formula,O007-FREMLIN-V2-S241-FORMULA-0820,O007-FREMLIN-V2-S241,O007-RIGHTS-FREMLIN-DSL,O007-FREMLIN-V2-S241-SEG-241,820,241,241,829,849,33644,33664,36365,36385,\eusm L^0_{\Sigma},\eusm L^0_{\Sigma},3a99a8d6efd989913e3faf6380d1449b42c79fed8a14242dd63186d04040c3d2,3a99a8d6efd989913e3faf6380d1449b42c79fed8a14242dd63186d04040c3d2,f8743b782cdb11bd908e6f7cfbbc478ef6aa3f505aa4afb6fd493a8c1061fb1f,$,,f8743b782cdb11bd908e6f7cfbbc478ef6aa3f505aa4afb6fd493a8c1061fb1f,f8743b782cdb11bd908e6f7cfbbc478ef6aa3f505aa4afb6fd493a8c1061fb1f,"{""basis"":""ordered nested-math atom; exact symbolic replay"",""kind"":""source-target-formula-map""}"
1.1.0,formula,O007-FREMLIN-V2-S241-FORMULA-0821,O007-FREMLIN-V2-S241,O007-RIGHTS-FREMLIN-DSL,O007-FREMLIN-V2-S241-SEG-241,821,241,241,829,849,33669,33674,36390,36395,L^0,L^0,efb929291fb3ed4159783d57eb43e4f4183bf2aa2552acd5d70f6ebf7aa04b27,efb929291fb3ed4159783d57eb43e4f4183bf2aa2552acd5d70f6ebf7aa04b27,efb929291fb3ed4159783d57eb43e4f4183bf2aa2552acd5d70f6ebf7aa04b27,$,,efb929291fb3ed4159783d57eb43e4f4183bf2aa2552acd5d70f6ebf7aa04b27,efb929291fb3ed4159783d57eb43e4f4183bf2aa2552acd5d70f6ebf7aa04b27,"{""basis"":""ordered nested-math atom; exact symbolic replay"",""kind"":""source-target-formula-map""}"
1.1.0,formula,O007-FREMLIN-V2-S241-FORMULA-0822,O007-FREMLIN-V2-S241,O007-RIGHTS-FREMLIN-DSL,O007-FREMLIN-V2-S241-SEG-241,822,241,241,836,855,33967,33970,36735,36738,f,f,252f10c83610ebca1a059c0bae8255eba2f95be4d1d7bcfa89d7248a82d9f111,252f10c83610ebca1a059c0bae8255eba2f95be4d1d7bcfa89d7248a82d9f111,252f10c83610ebca1a059c0bae8255eba2f95be4d1d7bcfa89d7248a82d9f111,$,,252f10c83610ebca1a059c0bae8255eba2f95be4d1d7bcfa89d7248a82d9f111,252f10c83610ebca1a059c0bae8255eba2f95be4d1d7bcfa89d7248a82d9f111,"{""basis"":""ordered nested-math atom; exact symbolic replay"",""kind"":""source-target-formula-map""}"
1.1.0,formula,O007-FREMLIN-V2-S241-FORMULA-0823,O007-FREMLIN-V2-S241,O007-RIGHTS-FREMLIN-DSL,O007-FREMLIN-V2-S241-SEG-241,823,241,241,836,856,33975,33990,36743,36758,f^{\ssbullet},f^{\ssbullet},c88b6704184d07d6ea167268aeb1cf90af08429c76b2a89c8a8a947a903bf504,c88b6704184d07d6ea167268aeb1cf90af08429c76b2a89c8a8a947a903bf504,c88b6704184d07d6ea167268aeb1cf90af08429c76b2a89c8a8a947a903bf504,$,,c88b6704184d07d6ea167268aeb1cf90af08429c76b2a89c8a8a947a903bf504,c88b6704184d07d6ea167268aeb1cf90af08429c76b2a89c8a8a947a903bf504,"{""basis"":""ordered nested-math atom; exact symbolic replay"",""kind"":""source-target-formula-map""}"
1.1.0,formula,O007-FREMLIN-V2-S241-FORMULA-0824,O007-FREMLIN-V2-S241,O007-RIGHTS-FREMLIN-DSL,O007-FREMLIN-V2-S241-SEG-241,824,241,241,839,858,34159,34164,36947,36952,L^0,L^0,efb929291fb3ed4159783d57eb43e4f4183bf2aa2552acd5d70f6ebf7aa04b27,efb929291fb3ed4159783d57eb43e4f4183bf2aa2552acd5d70f6ebf7aa04b27,efb929291fb3ed4159783d57eb43e4f4183bf2aa2552acd5d70f6ebf7aa04b27,$,,efb929291fb3ed4159783d57eb43e4f4183bf2aa2552acd5d70f6ebf7aa04b27,efb929291fb3ed4159783d57eb43e4f4183bf2aa2552acd5d70f6ebf7aa04b27,"{""basis"":""ordered nested-math atom; exact symbolic replay"",""kind"":""source-target-formula-map""}"
1.1.0,formula,O007-FREMLIN-V2-S241-FORMULA-0825,O007-FREMLIN-V2-S241,O007-RIGHTS-FREMLIN-DSL,O007-FREMLIN-V2-S241-SEG-241,825,241,241,839,859,34169,34180,36957,36968,\eusm L^0,\eusm L^0,12c2089e125d309e832793d4a992d6333c40397baf0330403e1207da04318ded,12c2089e125d309e832793d4a992d6333c40397baf0330403e1207da04318ded,d5b98412d5c38001fef173fa13a858cd2e376a97888da5ce2fa997ff513bad4c,$,,d5b98412d5c38001fef173fa13a858cd2e376a97888da5ce2fa997ff513bad4c,d5b98412d5c38001fef173fa13a858cd2e376a97888da5ce2fa997ff513bad4c,"{""basis"":""ordered nested-math atom; exact symbolic replay"",""kind"":""source-target-formula-map""}"
