schema_version,record_type,id,unit_id,rights_id,segment_id,order,source_anchor,target_anchor,source_line_start,target_line_start,source_char_start,source_char_end,target_char_start,target_char_end,source_raw_tex,target_raw_tex,source_raw_tex_sha256,target_raw_tex_sha256,normalized_symbolic_sha256,math_delimiter,correction_ids,source_normalized_sha256,target_normalized_sha256,provenance
1.1.0,formula,O007-FREMLIN-V2-S233-FORMULA-0001,O007-FREMLIN-V2-S233,O007-RIGHTS-FREMLIN-DSL,O007-FREMLIN-V2-S233-SEG-233A,1,233A,233A,18,18,627,635,651,659,\sigma,\sigma,9c3245dfb4ac54c1623a60e7b8d1fc07cb02eae1229435230c7dab5e71083a26,9c3245dfb4ac54c1623a60e7b8d1fc07cb02eae1229435230c7dab5e71083a26,9c3245dfb4ac54c1623a60e7b8d1fc07cb02eae1229435230c7dab5e71083a26,$,,9c3245dfb4ac54c1623a60e7b8d1fc07cb02eae1229435230c7dab5e71083a26,9c3245dfb4ac54c1623a60e7b8d1fc07cb02eae1229435230c7dab5e71083a26,"{""basis"":""ordered nested-math atom; exact symbolic replay"",""kind"":""source-target-formula-map""}"
1.1.0,formula,O007-FREMLIN-V2-S233-FORMULA-0002,O007-FREMLIN-V2-S233,O007-RIGHTS-FREMLIN-DSL,O007-FREMLIN-V2-S233-SEG-233A,2,233A,233A,18,18,653,656,670,673,X,X,4b68ab3847feda7d6c62c1fbcbeebfa35eab7351ed5e78f4ddadea5df64b8015,4b68ab3847feda7d6c62c1fbcbeebfa35eab7351ed5e78f4ddadea5df64b8015,4b68ab3847feda7d6c62c1fbcbeebfa35eab7351ed5e78f4ddadea5df64b8015,$,,4b68ab3847feda7d6c62c1fbcbeebfa35eab7351ed5e78f4ddadea5df64b8015,4b68ab3847feda7d6c62c1fbcbeebfa35eab7351ed5e78f4ddadea5df64b8015,"{""basis"":""ordered nested-math atom; exact symbolic replay"",""kind"":""source-target-formula-map""}"
1.1.0,formula,O007-FREMLIN-V2-S233-FORMULA-0003,O007-FREMLIN-V2-S233,O007-RIGHTS-FREMLIN-DSL,O007-FREMLIN-V2-S233-SEG-233A,3,233A,233A,18,18,670,678,693,701,\Sigma,\Sigma,d65d75b1e6562713a3936bb38fdfe6832fb5b96c946de58f7ce0992057665aa8,d65d75b1e6562713a3936bb38fdfe6832fb5b96c946de58f7ce0992057665aa8,d65d75b1e6562713a3936bb38fdfe6832fb5b96c946de58f7ce0992057665aa8,$,,d65d75b1e6562713a3936bb38fdfe6832fb5b96c946de58f7ce0992057665aa8,d65d75b1e6562713a3936bb38fdfe6832fb5b96c946de58f7ce0992057665aa8,"{""basis"":""ordered nested-math atom; exact symbolic replay"",""kind"":""source-target-formula-map""}"
1.1.0,formula,O007-FREMLIN-V2-S233-FORMULA-0004,O007-FREMLIN-V2-S233,O007-RIGHTS-FREMLIN-DSL,O007-FREMLIN-V2-S233-SEG-233A,4,233A,233A,19,19,682,690,716,724,\sigma,\sigma,9c3245dfb4ac54c1623a60e7b8d1fc07cb02eae1229435230c7dab5e71083a26,9c3245dfb4ac54c1623a60e7b8d1fc07cb02eae1229435230c7dab5e71083a26,9c3245dfb4ac54c1623a60e7b8d1fc07cb02eae1229435230c7dab5e71083a26,$,,9c3245dfb4ac54c1623a60e7b8d1fc07cb02eae1229435230c7dab5e71083a26,9c3245dfb4ac54c1623a60e7b8d1fc07cb02eae1229435230c7dab5e71083a26,"{""basis"":""ordered nested-math atom; exact symbolic replay"",""kind"":""source-target-formula-map""}"
1.1.0,formula,O007-FREMLIN-V2-S233-FORMULA-0005,O007-FREMLIN-V2-S233,O007-RIGHTS-FREMLIN-DSL,O007-FREMLIN-V2-S233-SEG-233A,5,233A,233A,19,19,713,716,754,757,X,X,4b68ab3847feda7d6c62c1fbcbeebfa35eab7351ed5e78f4ddadea5df64b8015,4b68ab3847feda7d6c62c1fbcbeebfa35eab7351ed5e78f4ddadea5df64b8015,4b68ab3847feda7d6c62c1fbcbeebfa35eab7351ed5e78f4ddadea5df64b8015,$,,4b68ab3847feda7d6c62c1fbcbeebfa35eab7351ed5e78f4ddadea5df64b8015,4b68ab3847feda7d6c62c1fbcbeebfa35eab7351ed5e78f4ddadea5df64b8015,"{""basis"":""ordered nested-math atom; exact symbolic replay"",""kind"":""source-target-formula-map""}"
1.1.0,formula,O007-FREMLIN-V2-S233-FORMULA-0006,O007-FREMLIN-V2-S233,O007-RIGHTS-FREMLIN-DSL,O007-FREMLIN-V2-S233-SEG-233A,6,233A,233A,19,20,727,735,781,789,\sigma,\sigma,9c3245dfb4ac54c1623a60e7b8d1fc07cb02eae1229435230c7dab5e71083a26,9c3245dfb4ac54c1623a60e7b8d1fc07cb02eae1229435230c7dab5e71083a26,9c3245dfb4ac54c1623a60e7b8d1fc07cb02eae1229435230c7dab5e71083a26,$,,9c3245dfb4ac54c1623a60e7b8d1fc07cb02eae1229435230c7dab5e71083a26,9c3245dfb4ac54c1623a60e7b8d1fc07cb02eae1229435230c7dab5e71083a26,"{""basis"":""ordered nested-math atom; exact symbolic replay"",""kind"":""source-target-formula-map""}"
1.1.0,formula,O007-FREMLIN-V2-S233-FORMULA-0007,O007-FREMLIN-V2-S233,O007-RIGHTS-FREMLIN-DSL,O007-FREMLIN-V2-S233-SEG-233A,7,233A,233A,20,20,752,760,796,804,\Sigma,\Sigma,d65d75b1e6562713a3936bb38fdfe6832fb5b96c946de58f7ce0992057665aa8,d65d75b1e6562713a3936bb38fdfe6832fb5b96c946de58f7ce0992057665aa8,d65d75b1e6562713a3936bb38fdfe6832fb5b96c946de58f7ce0992057665aa8,$,,d65d75b1e6562713a3936bb38fdfe6832fb5b96c946de58f7ce0992057665aa8,d65d75b1e6562713a3936bb38fdfe6832fb5b96c946de58f7ce0992057665aa8,"{""basis"":""ordered nested-math atom; exact symbolic replay"",""kind"":""source-target-formula-map""}"
1.1.0,formula,O007-FREMLIN-V2-S233-FORMULA-0008,O007-FREMLIN-V2-S233,O007-RIGHTS-FREMLIN-DSL,O007-FREMLIN-V2-S233-SEG-233A,8,233A,233A,20,20,766,774,820,828,\sigma,\sigma,9c3245dfb4ac54c1623a60e7b8d1fc07cb02eae1229435230c7dab5e71083a26,9c3245dfb4ac54c1623a60e7b8d1fc07cb02eae1229435230c7dab5e71083a26,9c3245dfb4ac54c1623a60e7b8d1fc07cb02eae1229435230c7dab5e71083a26,$,,9c3245dfb4ac54c1623a60e7b8d1fc07cb02eae1229435230c7dab5e71083a26,9c3245dfb4ac54c1623a60e7b8d1fc07cb02eae1229435230c7dab5e71083a26,"{""basis"":""ordered nested-math atom; exact symbolic replay"",""kind"":""source-target-formula-map""}"
1.1.0,formula,O007-FREMLIN-V2-S233-FORMULA-0009,O007-FREMLIN-V2-S233,O007-RIGHTS-FREMLIN-DSL,O007-FREMLIN-V2-S233-SEG-233A,9,233A,233A,20,20,783,789,829,835,\Tau,\Tau,a34699b8745d985590df162103fdf28f3ec3426d7f12ca80a1b9c6f87686099a,a34699b8745d985590df162103fdf28f3ec3426d7f12ca80a1b9c6f87686099a,a34699b8745d985590df162103fdf28f3ec3426d7f12ca80a1b9c6f87686099a,$,,a34699b8745d985590df162103fdf28f3ec3426d7f12ca80a1b9c6f87686099a,a34699b8745d985590df162103fdf28f3ec3426d7f12ca80a1b9c6f87686099a,"{""basis"":""ordered nested-math atom; exact symbolic replay"",""kind"":""source-target-formula-map""}"
1.1.0,formula,O007-FREMLIN-V2-S233-FORMULA-0010,O007-FREMLIN-V2-S233,O007-RIGHTS-FREMLIN-DSL,O007-FREMLIN-V2-S233-SEG-233A,10,233A,233A,20,21,804,807,865,868,X,X,4b68ab3847feda7d6c62c1fbcbeebfa35eab7351ed5e78f4ddadea5df64b8015,4b68ab3847feda7d6c62c1fbcbeebfa35eab7351ed5e78f4ddadea5df64b8015,4b68ab3847feda7d6c62c1fbcbeebfa35eab7351ed5e78f4ddadea5df64b8015,$,,4b68ab3847feda7d6c62c1fbcbeebfa35eab7351ed5e78f4ddadea5df64b8015,4b68ab3847feda7d6c62c1fbcbeebfa35eab7351ed5e78f4ddadea5df64b8015,"{""basis"":""ordered nested-math atom; exact symbolic replay"",""kind"":""source-target-formula-map""}"
1.1.0,formula,O007-FREMLIN-V2-S233-FORMULA-0011,O007-FREMLIN-V2-S233,O007-RIGHTS-FREMLIN-DSL,O007-FREMLIN-V2-S233-SEG-233A,11,233A,233A,21,22,819,840,889,910,\Tau\subseteq\Sigma,\Tau\subseteq\Sigma,a4c80d0da828ca350730771dd03af8755352367db9434cb8a2bee6dadac32b70,a4c80d0da828ca350730771dd03af8755352367db9434cb8a2bee6dadac32b70,a4c80d0da828ca350730771dd03af8755352367db9434cb8a2bee6dadac32b70,$,,a4c80d0da828ca350730771dd03af8755352367db9434cb8a2bee6dadac32b70,a4c80d0da828ca350730771dd03af8755352367db9434cb8a2bee6dadac32b70,"{""basis"":""ordered nested-math atom; exact symbolic replay"",""kind"":""source-target-formula-map""}"
1.1.0,formula,O007-FREMLIN-V2-S233-FORMULA-0012,O007-FREMLIN-V2-S233,O007-RIGHTS-FREMLIN-DSL,O007-FREMLIN-V2-S233-SEG-233A,12,233A,233A,21,22,847,863,917,933,"(X,\Sigma,\mu)","(X,\Sigma,\mu)",05e9b769403b4c7926a944d5aaa03f00bb216412bc3f850e41b3c28de657aa67,05e9b769403b4c7926a944d5aaa03f00bb216412bc3f850e41b3c28de657aa67,05e9b769403b4c7926a944d5aaa03f00bb216412bc3f850e41b3c28de657aa67,$,,05e9b769403b4c7926a944d5aaa03f00bb216412bc3f850e41b3c28de657aa67,05e9b769403b4c7926a944d5aaa03f00bb216412bc3f850e41b3c28de657aa67,"{""basis"":""ordered nested-math atom; exact symbolic replay"",""kind"":""source-target-formula-map""}"
1.1.0,formula,O007-FREMLIN-V2-S233-FORMULA-0013,O007-FREMLIN-V2-S233,O007-RIGHTS-FREMLIN-DSL,O007-FREMLIN-V2-S233-SEG-233A,13,233A,233A,22,23,888,894,955,961,\Tau,\Tau,a34699b8745d985590df162103fdf28f3ec3426d7f12ca80a1b9c6f87686099a,a34699b8745d985590df162103fdf28f3ec3426d7f12ca80a1b9c6f87686099a,a34699b8745d985590df162103fdf28f3ec3426d7f12ca80a1b9c6f87686099a,$,,a34699b8745d985590df162103fdf28f3ec3426d7f12ca80a1b9c6f87686099a,a34699b8745d985590df162103fdf28f3ec3426d7f12ca80a1b9c6f87686099a,"{""basis"":""ordered nested-math atom; exact symbolic replay"",""kind"":""source-target-formula-map""}"
1.1.0,formula,O007-FREMLIN-V2-S233-FORMULA-0014,O007-FREMLIN-V2-S233,O007-RIGHTS-FREMLIN-DSL,O007-FREMLIN-V2-S233-SEG-233A,14,233A,233A,22,23,900,908,979,987,\sigma,\sigma,9c3245dfb4ac54c1623a60e7b8d1fc07cb02eae1229435230c7dab5e71083a26,9c3245dfb4ac54c1623a60e7b8d1fc07cb02eae1229435230c7dab5e71083a26,9c3245dfb4ac54c1623a60e7b8d1fc07cb02eae1229435230c7dab5e71083a26,$,,9c3245dfb4ac54c1623a60e7b8d1fc07cb02eae1229435230c7dab5e71083a26,9c3245dfb4ac54c1623a60e7b8d1fc07cb02eae1229435230c7dab5e71083a26,"{""basis"":""ordered nested-math atom; exact symbolic replay"",""kind"":""source-target-formula-map""}"
1.1.0,formula,O007-FREMLIN-V2-S233-FORMULA-0015,O007-FREMLIN-V2-S233,O007-RIGHTS-FREMLIN-DSL,O007-FREMLIN-V2-S233-SEG-233A,15,233A,233A,22,23,923,931,993,1001,\Sigma,\Sigma,d65d75b1e6562713a3936bb38fdfe6832fb5b96c946de58f7ce0992057665aa8,d65d75b1e6562713a3936bb38fdfe6832fb5b96c946de58f7ce0992057665aa8,d65d75b1e6562713a3936bb38fdfe6832fb5b96c946de58f7ce0992057665aa8,$,,d65d75b1e6562713a3936bb38fdfe6832fb5b96c946de58f7ce0992057665aa8,d65d75b1e6562713a3936bb38fdfe6832fb5b96c946de58f7ce0992057665aa8,"{""basis"":""ordered nested-math atom; exact symbolic replay"",""kind"":""source-target-formula-map""}"
1.1.0,formula,O007-FREMLIN-V2-S233-FORMULA-0016,O007-FREMLIN-V2-S233,O007-RIGHTS-FREMLIN-DSL,O007-FREMLIN-V2-S233-SEG-233A,16,233A,233A,23,24,939,964,1008,1033,"(X,\Tau,\mu\restrp\Tau)","(X,\Tau,\mu\restrp\Tau)",4b424c5e1ac1fe9ec34fe0cc34c393ce4044f68f6b82498bab8f8ed10f77564e,4b424c5e1ac1fe9ec34fe0cc34c393ce4044f68f6b82498bab8f8ed10f77564e,4b424c5e1ac1fe9ec34fe0cc34c393ce4044f68f6b82498bab8f8ed10f77564e,$,,4b424c5e1ac1fe9ec34fe0cc34c393ce4044f68f6b82498bab8f8ed10f77564e,4b424c5e1ac1fe9ec34fe0cc34c393ce4044f68f6b82498bab8f8ed10f77564e,"{""basis"":""ordered nested-math atom; exact symbolic replay"",""kind"":""source-target-formula-map""}"
1.1.0,formula,O007-FREMLIN-V2-S233-FORMULA-0017,O007-FREMLIN-V2-S233,O007-RIGHTS-FREMLIN-DSL,O007-FREMLIN-V2-S233-SEG-233B,17,233B,233B,29,30,1283,1299,1357,1373,"(X,\Sigma,\mu)","(X,\Sigma,\mu)",05e9b769403b4c7926a944d5aaa03f00bb216412bc3f850e41b3c28de657aa67,05e9b769403b4c7926a944d5aaa03f00bb216412bc3f850e41b3c28de657aa67,05e9b769403b4c7926a944d5aaa03f00bb216412bc3f850e41b3c28de657aa67,$,,05e9b769403b4c7926a944d5aaa03f00bb216412bc3f850e41b3c28de657aa67,05e9b769403b4c7926a944d5aaa03f00bb216412bc3f850e41b3c28de657aa67,"{""basis"":""ordered nested-math atom; exact symbolic replay"",""kind"":""source-target-formula-map""}"
1.1.0,formula,O007-FREMLIN-V2-S233-FORMULA-0018,O007-FREMLIN-V2-S233,O007-RIGHTS-FREMLIN-DSL,O007-FREMLIN-V2-S233-SEG-233B,18,233B,233B,29,30,1323,1329,1395,1401,\Tau,\Tau,a34699b8745d985590df162103fdf28f3ec3426d7f12ca80a1b9c6f87686099a,a34699b8745d985590df162103fdf28f3ec3426d7f12ca80a1b9c6f87686099a,a34699b8745d985590df162103fdf28f3ec3426d7f12ca80a1b9c6f87686099a,$,,a34699b8745d985590df162103fdf28f3ec3426d7f12ca80a1b9c6f87686099a,a34699b8745d985590df162103fdf28f3ec3426d7f12ca80a1b9c6f87686099a,"{""basis"":""ordered nested-math atom; exact symbolic replay"",""kind"":""source-target-formula-map""}"
1.1.0,formula,O007-FREMLIN-V2-S233-FORMULA-0019,O007-FREMLIN-V2-S233,O007-RIGHTS-FREMLIN-DSL,O007-FREMLIN-V2-S233-SEG-233B,19,233B,233B,30,31,1333,1341,1419,1427,\sigma,\sigma,9c3245dfb4ac54c1623a60e7b8d1fc07cb02eae1229435230c7dab5e71083a26,9c3245dfb4ac54c1623a60e7b8d1fc07cb02eae1229435230c7dab5e71083a26,9c3245dfb4ac54c1623a60e7b8d1fc07cb02eae1229435230c7dab5e71083a26,$,,9c3245dfb4ac54c1623a60e7b8d1fc07cb02eae1229435230c7dab5e71083a26,9c3245dfb4ac54c1623a60e7b8d1fc07cb02eae1229435230c7dab5e71083a26,"{""basis"":""ordered nested-math atom; exact symbolic replay"",""kind"":""source-target-formula-map""}"
1.1.0,formula,O007-FREMLIN-V2-S233-FORMULA-0020,O007-FREMLIN-V2-S233,O007-RIGHTS-FREMLIN-DSL,O007-FREMLIN-V2-S233-SEG-233B,20,233B,233B,30,31,1356,1364,1433,1441,\Sigma,\Sigma,d65d75b1e6562713a3936bb38fdfe6832fb5b96c946de58f7ce0992057665aa8,d65d75b1e6562713a3936bb38fdfe6832fb5b96c946de58f7ce0992057665aa8,d65d75b1e6562713a3936bb38fdfe6832fb5b96c946de58f7ce0992057665aa8,$,,d65d75b1e6562713a3936bb38fdfe6832fb5b96c946de58f7ce0992057665aa8,d65d75b1e6562713a3936bb38fdfe6832fb5b96c946de58f7ce0992057665aa8,"{""basis"":""ordered nested-math atom; exact symbolic replay"",""kind"":""source-target-formula-map""}"
1.1.0,formula,O007-FREMLIN-V2-S233-FORMULA-0021,O007-FREMLIN-V2-S233,O007-RIGHTS-FREMLIN-DSL,O007-FREMLIN-V2-S233-SEG-233B,21,233B,233B,30,31,1391,1394,1470,1473,f,f,252f10c83610ebca1a059c0bae8255eba2f95be4d1d7bcfa89d7248a82d9f111,252f10c83610ebca1a059c0bae8255eba2f95be4d1d7bcfa89d7248a82d9f111,252f10c83610ebca1a059c0bae8255eba2f95be4d1d7bcfa89d7248a82d9f111,$,,252f10c83610ebca1a059c0bae8255eba2f95be4d1d7bcfa89d7248a82d9f111,252f10c83610ebca1a059c0bae8255eba2f95be4d1d7bcfa89d7248a82d9f111,"{""basis"":""ordered nested-math atom; exact symbolic replay"",""kind"":""source-target-formula-map""}"
1.1.0,formula,O007-FREMLIN-V2-S233-FORMULA-0022,O007-FREMLIN-V2-S233,O007-RIGHTS-FREMLIN-DSL,O007-FREMLIN-V2-S233-SEG-233B,22,233B,233B,31,32,1419,1422,1521,1524,X,X,4b68ab3847feda7d6c62c1fbcbeebfa35eab7351ed5e78f4ddadea5df64b8015,4b68ab3847feda7d6c62c1fbcbeebfa35eab7351ed5e78f4ddadea5df64b8015,4b68ab3847feda7d6c62c1fbcbeebfa35eab7351ed5e78f4ddadea5df64b8015,$,,4b68ab3847feda7d6c62c1fbcbeebfa35eab7351ed5e78f4ddadea5df64b8015,4b68ab3847feda7d6c62c1fbcbeebfa35eab7351ed5e78f4ddadea5df64b8015,"{""basis"":""ordered nested-math atom; exact symbolic replay"",""kind"":""source-target-formula-map""}"
1.1.0,formula,O007-FREMLIN-V2-S233-FORMULA-0023,O007-FREMLIN-V2-S233,O007-RIGHTS-FREMLIN-DSL,O007-FREMLIN-V2-S233-SEG-233B,23,233B,233B,32,33,1427,1443,1534,1550,\mu\restrp\Tau,\mu\restrp\Tau,0ef3002e608187cafba25389501fbb651adb17c2300ae86b2a55367b1159009e,0ef3002e608187cafba25389501fbb651adb17c2300ae86b2a55367b1159009e,0ef3002e608187cafba25389501fbb651adb17c2300ae86b2a55367b1159009e,$,,0ef3002e608187cafba25389501fbb651adb17c2300ae86b2a55367b1159009e,0ef3002e608187cafba25389501fbb651adb17c2300ae86b2a55367b1159009e,"{""basis"":""ordered nested-math atom; exact symbolic replay"",""kind"":""source-target-formula-map""}"
1.1.0,formula,O007-FREMLIN-V2-S233-FORMULA-0024,O007-FREMLIN-V2-S233,O007-RIGHTS-FREMLIN-DSL,O007-FREMLIN-V2-S233-SEG-233B,24,233B,233B,32,34,1469,1474,1606,1611,\mu,\mu,492247e1bab15272d1e53b8015c042bf6fa0cb8f23ec52cad93d6ba80dafb804,492247e1bab15272d1e53b8015c042bf6fa0cb8f23ec52cad93d6ba80dafb804,492247e1bab15272d1e53b8015c042bf6fa0cb8f23ec52cad93d6ba80dafb804,$,,492247e1bab15272d1e53b8015c042bf6fa0cb8f23ec52cad93d6ba80dafb804,492247e1bab15272d1e53b8015c042bf6fa0cb8f23ec52cad93d6ba80dafb804,"{""basis"":""ordered nested-math atom; exact symbolic replay"",""kind"":""source-target-formula-map""}"
1.1.0,formula,O007-FREMLIN-V2-S233-FORMULA-0025,O007-FREMLIN-V2-S233,O007-RIGHTS-FREMLIN-DSL,O007-FREMLIN-V2-S233-SEG-233B,25,233B,233B,33,34,1492,1500,1632,1640,\dom f,\dom f,59a16829eab55755a1b7018cb980729f70c2057859af63d9853422c400c0ae3e,59a16829eab55755a1b7018cb980729f70c2057859af63d9853422c400c0ae3e,9aac7d6803e9b01bc0be17caa490c3e3f4e710d8ac42c9ecddcb3377376d48e6,$,,9aac7d6803e9b01bc0be17caa490c3e3f4e710d8ac42c9ecddcb3377376d48e6,9aac7d6803e9b01bc0be17caa490c3e3f4e710d8ac42c9ecddcb3377376d48e6,"{""basis"":""ordered nested-math atom; exact symbolic replay"",""kind"":""source-target-formula-map""}"
1.1.0,formula,O007-FREMLIN-V2-S233-FORMULA-0026,O007-FREMLIN-V2-S233,O007-RIGHTS-FREMLIN-DSL,O007-FREMLIN-V2-S233-SEG-233B,26,233B,233B,33,35,1504,1520,1663,1679,\mu\restrp\Tau,\mu\restrp\Tau,0ef3002e608187cafba25389501fbb651adb17c2300ae86b2a55367b1159009e,0ef3002e608187cafba25389501fbb651adb17c2300ae86b2a55367b1159009e,0ef3002e608187cafba25389501fbb651adb17c2300ae86b2a55367b1159009e,$,,0ef3002e608187cafba25389501fbb651adb17c2300ae86b2a55367b1159009e,0ef3002e608187cafba25389501fbb651adb17c2300ae86b2a55367b1159009e,"{""basis"":""ordered nested-math atom; exact symbolic replay"",""kind"":""source-target-formula-map""}"
1.1.0,formula,O007-FREMLIN-V2-S233-FORMULA-0027,O007-FREMLIN-V2-S233,O007-RIGHTS-FREMLIN-DSL,O007-FREMLIN-V2-S233-SEG-233B,27,233B,233B,33,35,1540,1543,1686,1689,f,f,252f10c83610ebca1a059c0bae8255eba2f95be4d1d7bcfa89d7248a82d9f111,252f10c83610ebca1a059c0bae8255eba2f95be4d1d7bcfa89d7248a82d9f111,252f10c83610ebca1a059c0bae8255eba2f95be4d1d7bcfa89d7248a82d9f111,$,,252f10c83610ebca1a059c0bae8255eba2f95be4d1d7bcfa89d7248a82d9f111,252f10c83610ebca1a059c0bae8255eba2f95be4d1d7bcfa89d7248a82d9f111,"{""basis"":""ordered nested-math atom; exact symbolic replay"",""kind"":""source-target-formula-map""}"
1.1.0,formula,O007-FREMLIN-V2-S233-FORMULA-0028,O007-FREMLIN-V2-S233,O007-RIGHTS-FREMLIN-DSL,O007-FREMLIN-V2-S233-SEG-233B,28,233B,233B,34,36,1548,1564,1722,1738,\mu\restrp\Tau,\mu\restrp\Tau,0ef3002e608187cafba25389501fbb651adb17c2300ae86b2a55367b1159009e,0ef3002e608187cafba25389501fbb651adb17c2300ae86b2a55367b1159009e,0ef3002e608187cafba25389501fbb651adb17c2300ae86b2a55367b1159009e,$,,0ef3002e608187cafba25389501fbb651adb17c2300ae86b2a55367b1159009e,0ef3002e608187cafba25389501fbb651adb17c2300ae86b2a55367b1159009e,"{""basis"":""ordered nested-math atom; exact symbolic replay"",""kind"":""source-target-formula-map""}"
1.1.0,formula,O007-FREMLIN-V2-S233-FORMULA-0029,O007-FREMLIN-V2-S233,O007-RIGHTS-FREMLIN-DSL,O007-FREMLIN-V2-S233-SEG-233B,29,233B,233B,35,37,1606,1642,1758,1794,\int fd(\mu\restrp\Tau)=\int fd\mu,\int fd(\mu\restrp\Tau)=\int fd\mu,7b0335bdbdb4a5f94f8a0d35920830d1209978cfbb23bf5c9796f435f8d1ca01,7b0335bdbdb4a5f94f8a0d35920830d1209978cfbb23bf5c9796f435f8d1ca01,9208082e1d2515e90cbe61f450a0830fdfa3bd1f5df88e1a0ff7ad1f1c4639fe,$,,9208082e1d2515e90cbe61f450a0830fdfa3bd1f5df88e1a0ff7ad1f1c4639fe,9208082e1d2515e90cbe61f450a0830fdfa3bd1f5df88e1a0ff7ad1f1c4639fe,"{""basis"":""ordered nested-math atom; exact symbolic replay"",""kind"":""source-target-formula-map""}"
1.1.0,formula,O007-FREMLIN-V2-S233-FORMULA-0030,O007-FREMLIN-V2-S233,O007-RIGHTS-FREMLIN-DSL,O007-FREMLIN-V2-S233-SEG-233B,30,233B,233B,37,39,1684,1687,1849,1852,f,f,252f10c83610ebca1a059c0bae8255eba2f95be4d1d7bcfa89d7248a82d9f111,252f10c83610ebca1a059c0bae8255eba2f95be4d1d7bcfa89d7248a82d9f111,252f10c83610ebca1a059c0bae8255eba2f95be4d1d7bcfa89d7248a82d9f111,$,,252f10c83610ebca1a059c0bae8255eba2f95be4d1d7bcfa89d7248a82d9f111,252f10c83610ebca1a059c0bae8255eba2f95be4d1d7bcfa89d7248a82d9f111,"{""basis"":""ordered nested-math atom; exact symbolic replay"",""kind"":""source-target-formula-map""}"
1.1.0,formula,O007-FREMLIN-V2-S233-FORMULA-0031,O007-FREMLIN-V2-S233,O007-RIGHTS-FREMLIN-DSL,O007-FREMLIN-V2-S233-SEG-233B,31,233B,233B,37,40,1693,1709,1885,1901,\mu\restrp\Tau,\mu\restrp\Tau,0ef3002e608187cafba25389501fbb651adb17c2300ae86b2a55367b1159009e,0ef3002e608187cafba25389501fbb651adb17c2300ae86b2a55367b1159009e,0ef3002e608187cafba25389501fbb651adb17c2300ae86b2a55367b1159009e,$,,0ef3002e608187cafba25389501fbb651adb17c2300ae86b2a55367b1159009e,0ef3002e608187cafba25389501fbb651adb17c2300ae86b2a55367b1159009e,"{""basis"":""ordered nested-math atom; exact symbolic replay"",""kind"":""source-target-formula-map""}"
1.1.0,formula,O007-FREMLIN-V2-S233-FORMULA-0032,O007-FREMLIN-V2-S233,O007-RIGHTS-FREMLIN-DSL,O007-FREMLIN-V2-S233-SEG-233B,32,233B,233B,38,41,1755,1780,1934,1959,\sum_{i=0}^na_i\chi E_i,\sum_{i=0}^na_i\chi E_i,61fd6e77a2c98ac03d2a891a5837c2a68a471dd4395b3fd0bffe29e92cd4bd15,61fd6e77a2c98ac03d2a891a5837c2a68a471dd4395b3fd0bffe29e92cd4bd15,de095ecd8178f3defae7a9cedcae494db400897cc61a7ed900bb705e502f1303,$,,de095ecd8178f3defae7a9cedcae494db400897cc61a7ed900bb705e502f1303,de095ecd8178f3defae7a9cedcae494db400897cc61a7ed900bb705e502f1303,"{""basis"":""ordered nested-math atom; exact symbolic replay"",""kind"":""source-target-formula-map""}"
1.1.0,formula,O007-FREMLIN-V2-S233-FORMULA-0033,O007-FREMLIN-V2-S233,O007-RIGHTS-FREMLIN-DSL,O007-FREMLIN-V2-S233-SEG-233B,33,233B,233B,39,41,1788,1802,1967,1981,a_i\in\Bbb R,a_i\in\Bbb R,e2510b62f4c32287f4eb106fb916c70927c131c635921d0f801a0a5029c95e43,e2510b62f4c32287f4eb106fb916c70927c131c635921d0f801a0a5029c95e43,aaedeb0bc46a7ec2d572c43d19aabcca4ed34a16f9700061e90c41aed026319c,$,,aaedeb0bc46a7ec2d572c43d19aabcca4ed34a16f9700061e90c41aed026319c,aaedeb0bc46a7ec2d572c43d19aabcca4ed34a16f9700061e90c41aed026319c,"{""basis"":""ordered nested-math atom; exact symbolic replay"",""kind"":""source-target-formula-map""}"
1.1.0,formula,O007-FREMLIN-V2-S233-FORMULA-0034,O007-FREMLIN-V2-S233,O007-RIGHTS-FREMLIN-DSL,O007-FREMLIN-V2-S233-SEG-233B,34,233B,233B,39,41,1804,1816,1983,1995,E_i\in\Tau,E_i\in\Tau,3af9ad4034e4187a9884317a2c39265a3efa7a5fbc56b69e4170b8674a0162bf,3af9ad4034e4187a9884317a2c39265a3efa7a5fbc56b69e4170b8674a0162bf,3af9ad4034e4187a9884317a2c39265a3efa7a5fbc56b69e4170b8674a0162bf,$,,3af9ad4034e4187a9884317a2c39265a3efa7a5fbc56b69e4170b8674a0162bf,3af9ad4034e4187a9884317a2c39265a3efa7a5fbc56b69e4170b8674a0162bf,"{""basis"":""ordered nested-math atom; exact symbolic replay"",""kind"":""source-target-formula-map""}"
1.1.0,formula,O007-FREMLIN-V2-S233-FORMULA-0035,O007-FREMLIN-V2-S233,O007-RIGHTS-FREMLIN-DSL,O007-FREMLIN-V2-S233-SEG-233B,35,233B,233B,39,42,1821,1849,2001,2029,(\mu\restrp\Tau)E_i<\infty,(\mu\restrp\Tau)E_i<\infty,98eb0f2dfede82611227925a566c8a369c7e155de7bf27c1660e6676405755da,98eb0f2dfede82611227925a566c8a369c7e155de7bf27c1660e6676405755da,98eb0f2dfede82611227925a566c8a369c7e155de7bf27c1660e6676405755da,$,,98eb0f2dfede82611227925a566c8a369c7e155de7bf27c1660e6676405755da,98eb0f2dfede82611227925a566c8a369c7e155de7bf27c1660e6676405755da,"{""basis"":""ordered nested-math atom; exact symbolic replay"",""kind"":""source-target-formula-map""}"
1.1.0,formula,O007-FREMLIN-V2-S233-FORMULA-0036,O007-FREMLIN-V2-S233,O007-RIGHTS-FREMLIN-DSL,O007-FREMLIN-V2-S233-SEG-233B,36,233B,233B,40,42,1860,1863,2043,2046,i,i,de7d1b721a1e0632b7cf04edf5032c8ecffa9f9a08492152b926f1a5a7e765d7,de7d1b721a1e0632b7cf04edf5032c8ecffa9f9a08492152b926f1a5a7e765d7,de7d1b721a1e0632b7cf04edf5032c8ecffa9f9a08492152b926f1a5a7e765d7,$,,de7d1b721a1e0632b7cf04edf5032c8ecffa9f9a08492152b926f1a5a7e765d7,de7d1b721a1e0632b7cf04edf5032c8ecffa9f9a08492152b926f1a5a7e765d7,"{""basis"":""ordered nested-math atom; exact symbolic replay"",""kind"":""source-target-formula-map""}"
1.1.0,formula,O007-FREMLIN-V2-S233-FORMULA-0037,O007-FREMLIN-V2-S233,O007-RIGHTS-FREMLIN-DSL,O007-FREMLIN-V2-S233-SEG-233B,37,233B,233B,40,42,1870,1873,2053,2056,f,f,252f10c83610ebca1a059c0bae8255eba2f95be4d1d7bcfa89d7248a82d9f111,252f10c83610ebca1a059c0bae8255eba2f95be4d1d7bcfa89d7248a82d9f111,252f10c83610ebca1a059c0bae8255eba2f95be4d1d7bcfa89d7248a82d9f111,$,,252f10c83610ebca1a059c0bae8255eba2f95be4d1d7bcfa89d7248a82d9f111,252f10c83610ebca1a059c0bae8255eba2f95be4d1d7bcfa89d7248a82d9f111,"{""basis"":""ordered nested-math atom; exact symbolic replay"",""kind"":""source-target-formula-map""}"
1.1.0,formula,O007-FREMLIN-V2-S233-FORMULA-0038,O007-FREMLIN-V2-S233,O007-RIGHTS-FREMLIN-DSL,O007-FREMLIN-V2-S233-SEG-233B,38,233B,233B,40,43,1877,1882,2093,2098,\mu,\mu,492247e1bab15272d1e53b8015c042bf6fa0cb8f23ec52cad93d6ba80dafb804,492247e1bab15272d1e53b8015c042bf6fa0cb8f23ec52cad93d6ba80dafb804,492247e1bab15272d1e53b8015c042bf6fa0cb8f23ec52cad93d6ba80dafb804,$,,492247e1bab15272d1e53b8015c042bf6fa0cb8f23ec52cad93d6ba80dafb804,492247e1bab15272d1e53b8015c042bf6fa0cb8f23ec52cad93d6ba80dafb804,"{""basis"":""ordered nested-math atom; exact symbolic replay"",""kind"":""source-target-formula-map""}"
1.1.0,formula,O007-FREMLIN-V2-S233-FORMULA-0039,O007-FREMLIN-V2-S233,O007-RIGHTS-FREMLIN-DSL,O007-FREMLIN-V2-S233-SEG-233B,39,233B,233B,42,45,1909,1972,2116,2178,"\int f d\mu=\sum_{i=0}^na_i\mu E_i
=\int f d(\mu\restrp\Tau)","\int f d\mu=\sum_{i=0}^na_i\mu E_i
=\int f d(\mu\restrp\Tau)",bb90e42decac08fb65ff0ef26f5798e5e754efd47fa8aacccfd7dc2a464bfeee,11b958bae2c8f2cf48a3d286e26b7b2af4ce21951553981a9fc81fca328fcc80,308d7d00af03c0441d11e5947174413c75b986cb7c455259f843957c21202b74,$,,308d7d00af03c0441d11e5947174413c75b986cb7c455259f843957c21202b74,308d7d00af03c0441d11e5947174413c75b986cb7c455259f843957c21202b74,"{""basis"":""ordered nested-math atom; exact symbolic replay"",""kind"":""source-target-formula-map""}"
1.1.0,formula,O007-FREMLIN-V2-S233-FORMULA-0040,O007-FREMLIN-V2-S233,O007-RIGHTS-FREMLIN-DSL,O007-FREMLIN-V2-S233-SEG-233B,40,233B,233B,47,50,2004,2013,2211,2220,U_{\mu},U_{\mu},8cce9538714069b146ca4d5c37e416fde41fb4667fd63427bf040600fb4777b8,8cce9538714069b146ca4d5c37e416fde41fb4667fd63427bf040600fb4777b8,8cce9538714069b146ca4d5c37e416fde41fb4667fd63427bf040600fb4777b8,$,,8cce9538714069b146ca4d5c37e416fde41fb4667fd63427bf040600fb4777b8,8cce9538714069b146ca4d5c37e416fde41fb4667fd63427bf040600fb4777b8,"{""basis"":""ordered nested-math atom; exact symbolic replay"",""kind"":""source-target-formula-map""}"
1.1.0,formula,O007-FREMLIN-V2-S233-FORMULA-0041,O007-FREMLIN-V2-S233,O007-RIGHTS-FREMLIN-DSL,O007-FREMLIN-V2-S233-SEG-233B,41,233B,233B,48,51,2042,2047,2253,2258,\mu,\mu,492247e1bab15272d1e53b8015c042bf6fa0cb8f23ec52cad93d6ba80dafb804,492247e1bab15272d1e53b8015c042bf6fa0cb8f23ec52cad93d6ba80dafb804,492247e1bab15272d1e53b8015c042bf6fa0cb8f23ec52cad93d6ba80dafb804,$,,492247e1bab15272d1e53b8015c042bf6fa0cb8f23ec52cad93d6ba80dafb804,492247e1bab15272d1e53b8015c042bf6fa0cb8f23ec52cad93d6ba80dafb804,"{""basis"":""ordered nested-math atom; exact symbolic replay"",""kind"":""source-target-formula-map""}"
1.1.0,formula,O007-FREMLIN-V2-S233-FORMULA-0042,O007-FREMLIN-V2-S233,O007-RIGHTS-FREMLIN-DSL,O007-FREMLIN-V2-S233-SEG-233B,42,233B,233B,48,51,2073,2093,2278,2298,U_{\mu\restrp\Tau},U_{\mu\restrp\Tau},ba4fe3c044c8ef150f6b088e9635612159a4fd824538719eb405e6be89b9a91c,ba4fe3c044c8ef150f6b088e9635612159a4fd824538719eb405e6be89b9a91c,ba4fe3c044c8ef150f6b088e9635612159a4fd824538719eb405e6be89b9a91c,$,,ba4fe3c044c8ef150f6b088e9635612159a4fd824538719eb405e6be89b9a91c,ba4fe3c044c8ef150f6b088e9635612159a4fd824538719eb405e6be89b9a91c,"{""basis"":""ordered nested-math atom; exact symbolic replay"",""kind"":""source-target-formula-map""}"
1.1.0,formula,O007-FREMLIN-V2-S233-FORMULA-0043,O007-FREMLIN-V2-S233,O007-RIGHTS-FREMLIN-DSL,O007-FREMLIN-V2-S233-SEG-233B,43,233B,233B,49,52,2119,2135,2331,2347,\mu\restrp\Tau,\mu\restrp\Tau,0ef3002e608187cafba25389501fbb651adb17c2300ae86b2a55367b1159009e,0ef3002e608187cafba25389501fbb651adb17c2300ae86b2a55367b1159009e,0ef3002e608187cafba25389501fbb651adb17c2300ae86b2a55367b1159009e,$,,0ef3002e608187cafba25389501fbb651adb17c2300ae86b2a55367b1159009e,0ef3002e608187cafba25389501fbb651adb17c2300ae86b2a55367b1159009e,"{""basis"":""ordered nested-math atom; exact symbolic replay"",""kind"":""source-target-formula-map""}"
1.1.0,formula,O007-FREMLIN-V2-S233-FORMULA-0044,O007-FREMLIN-V2-S233,O007-RIGHTS-FREMLIN-DSL,O007-FREMLIN-V2-S233-SEG-233B,44,233B,233B,51,54,2169,2194,2374,2399,f\in U_{\mu\restrp\Tau},f\in U_{\mu\restrp\Tau},26bc20582ca92b346f4ab80e94bdced3607ed28c76e11e7016bcc6bf08a75469,26bc20582ca92b346f4ab80e94bdced3607ed28c76e11e7016bcc6bf08a75469,225f5cf6d24733c95f2d971220235c47cd12fcab8e6df93efc1508de98bca931,$,,225f5cf6d24733c95f2d971220235c47cd12fcab8e6df93efc1508de98bca931,225f5cf6d24733c95f2d971220235c47cd12fcab8e6df93efc1508de98bca931,"{""basis"":""ordered nested-math atom; exact symbolic replay"",""kind"":""source-target-formula-map""}"
1.1.0,formula,O007-FREMLIN-V2-S233-FORMULA-0045,O007-FREMLIN-V2-S233,O007-RIGHTS-FREMLIN-DSL,O007-FREMLIN-V2-S233-SEG-233B,45,233B,233B,52,55,2239,2256,2435,2452,\sequencen{f_n},\sequencen{f_n},fa5119baa98914bf1c06e7b3e23f2fc7892492f922674476fb599e26e28ac0b6,fa5119baa98914bf1c06e7b3e23f2fc7892492f922674476fb599e26e28ac0b6,fa5119baa98914bf1c06e7b3e23f2fc7892492f922674476fb599e26e28ac0b6,$,,fa5119baa98914bf1c06e7b3e23f2fc7892492f922674476fb599e26e28ac0b6,fa5119baa98914bf1c06e7b3e23f2fc7892492f922674476fb599e26e28ac0b6,"{""basis"":""ordered nested-math atom; exact symbolic replay"",""kind"":""source-target-formula-map""}"
1.1.0,formula,O007-FREMLIN-V2-S233-FORMULA-0046,O007-FREMLIN-V2-S233,O007-RIGHTS-FREMLIN-DSL,O007-FREMLIN-V2-S233-SEG-233B,46,233B,233B,53,56,2261,2277,2491,2507,\mu\restrp\Tau,\mu\restrp\Tau,0ef3002e608187cafba25389501fbb651adb17c2300ae86b2a55367b1159009e,0ef3002e608187cafba25389501fbb651adb17c2300ae86b2a55367b1159009e,0ef3002e608187cafba25389501fbb651adb17c2300ae86b2a55367b1159009e,$,,0ef3002e608187cafba25389501fbb651adb17c2300ae86b2a55367b1159009e,0ef3002e608187cafba25389501fbb651adb17c2300ae86b2a55367b1159009e,"{""basis"":""ordered nested-math atom; exact symbolic replay"",""kind"":""source-target-formula-map""}"
1.1.0,formula,O007-FREMLIN-V2-S233-FORMULA-0047,O007-FREMLIN-V2-S233,O007-RIGHTS-FREMLIN-DSL,O007-FREMLIN-V2-S233-SEG-233B,47,233B,233B,54,57,2306,2349,2528,2571,"f(x)=\lim_{n\to\infty}f_n\,\mu\restrp\Tau","f(x)=\lim_{n\to\infty}f_n\,\mu\restrp\Tau",f06dbba5a6e29bcb3eaa7c910f8ac15dab764c68b0416a12398d6c3f85559080,f06dbba5a6e29bcb3eaa7c910f8ac15dab764c68b0416a12398d6c3f85559080,f06dbba5a6e29bcb3eaa7c910f8ac15dab764c68b0416a12398d6c3f85559080,$,,f06dbba5a6e29bcb3eaa7c910f8ac15dab764c68b0416a12398d6c3f85559080,f06dbba5a6e29bcb3eaa7c910f8ac15dab764c68b0416a12398d6c3f85559080,"{""basis"":""ordered nested-math atom; exact symbolic replay"",""kind"":""source-target-formula-map""}"
1.1.0,formula,O007-FREMLIN-V2-S233-FORMULA-0048,O007-FREMLIN-V2-S233,O007-RIGHTS-FREMLIN-DSL,O007-FREMLIN-V2-S233-SEG-233B,48,233B,233B,56,59,2375,2445,2610,2679,"\int fd(\mu\restrp\Tau)
=\lim_{n\to\infty}\int f_nd(\mu\restrp\Tau)","\int fd(\mu\restrp\Tau)
=\lim_{n\to\infty}\int f_nd(\mu\restrp\Tau)",7de0e318b60b199f231ad22c90e94d0d1de2ce6d10ba5c2b8f1e410334847ad3,345c3948600f46f9651b900f4e56663b66b1ad2ea4fe9821b576f24cc22af889,58b9085ffeba09b316f4aa2c2785f993b104c2d7895ace70bfa1334f7180f5ba,$,,58b9085ffeba09b316f4aa2c2785f993b104c2d7895ace70bfa1334f7180f5ba,58b9085ffeba09b316f4aa2c2785f993b104c2d7895ace70bfa1334f7180f5ba,"{""basis"":""ordered nested-math atom; exact symbolic replay"",""kind"":""source-target-formula-map""}"
1.1.0,formula,O007-FREMLIN-V2-S233-FORMULA-0049,O007-FREMLIN-V2-S233,O007-RIGHTS-FREMLIN-DSL,O007-FREMLIN-V2-S233-SEG-233B,49,233B,233B,60,62,2477,2482,2711,2716,f_n,f_n,e3f4ba757b6d2cf8ebe140b052a2427042dd38434f8215d0cbedd04019595223,e3f4ba757b6d2cf8ebe140b052a2427042dd38434f8215d0cbedd04019595223,e3f4ba757b6d2cf8ebe140b052a2427042dd38434f8215d0cbedd04019595223,$,,e3f4ba757b6d2cf8ebe140b052a2427042dd38434f8215d0cbedd04019595223,e3f4ba757b6d2cf8ebe140b052a2427042dd38434f8215d0cbedd04019595223,"{""basis"":""ordered nested-math atom; exact symbolic replay"",""kind"":""source-target-formula-map""}"
1.1.0,formula,O007-FREMLIN-V2-S233-FORMULA-0050,O007-FREMLIN-V2-S233,O007-RIGHTS-FREMLIN-DSL,O007-FREMLIN-V2-S233-SEG-233B,50,233B,233B,60,62,2491,2496,2741,2746,\mu,\mu,492247e1bab15272d1e53b8015c042bf6fa0cb8f23ec52cad93d6ba80dafb804,492247e1bab15272d1e53b8015c042bf6fa0cb8f23ec52cad93d6ba80dafb804,492247e1bab15272d1e53b8015c042bf6fa0cb8f23ec52cad93d6ba80dafb804,$,,492247e1bab15272d1e53b8015c042bf6fa0cb8f23ec52cad93d6ba80dafb804,492247e1bab15272d1e53b8015c042bf6fa0cb8f23ec52cad93d6ba80dafb804,"{""basis"":""ordered nested-math atom; exact symbolic replay"",""kind"":""source-target-formula-map""}"
1.1.0,formula,O007-FREMLIN-V2-S233-FORMULA-0051,O007-FREMLIN-V2-S233,O007-RIGHTS-FREMLIN-DSL,O007-FREMLIN-V2-S233-SEG-233B,51,233B,233B,61,63,2510,2550,2752,2792,\int f_nd\mu=\int f_nd(\mu\restrp\Tau),\int f_nd\mu=\int f_nd(\mu\restrp\Tau),9102b10c841cd9f582beb852aa4775d5a4bb68d1899f49b7648124f224e22a70,9102b10c841cd9f582beb852aa4775d5a4bb68d1899f49b7648124f224e22a70,0b8354ce51a49abe4c24977511f4e969fd16478b20d9139e0c43ba86a6eddd42,$,,0b8354ce51a49abe4c24977511f4e969fd16478b20d9139e0c43ba86a6eddd42,0b8354ce51a49abe4c24977511f4e969fd16478b20d9139e0c43ba86a6eddd42,"{""basis"":""ordered nested-math atom; exact symbolic replay"",""kind"":""source-target-formula-map""}"
1.1.0,formula,O007-FREMLIN-V2-S233-FORMULA-0052,O007-FREMLIN-V2-S233,O007-RIGHTS-FREMLIN-DSL,O007-FREMLIN-V2-S233-SEG-233B,52,233B,233B,61,63,2561,2564,2806,2809,n,n,1b16b1df538ba12dc3f97edbb85caa7050d46c148134290feba80f8236c83db9,1b16b1df538ba12dc3f97edbb85caa7050d46c148134290feba80f8236c83db9,1b16b1df538ba12dc3f97edbb85caa7050d46c148134290feba80f8236c83db9,$,,1b16b1df538ba12dc3f97edbb85caa7050d46c148134290feba80f8236c83db9,1b16b1df538ba12dc3f97edbb85caa7050d46c148134290feba80f8236c83db9,"{""basis"":""ordered nested-math atom; exact symbolic replay"",""kind"":""source-target-formula-map""}"
1.1.0,formula,O007-FREMLIN-V2-S233-FORMULA-0053,O007-FREMLIN-V2-S233,O007-RIGHTS-FREMLIN-DSL,O007-FREMLIN-V2-S233-SEG-233B,53,233B,233B,62,64,2572,2601,2817,2846,"f=\lim_{n\to\infty}f_n\,\mu","f=\lim_{n\to\infty}f_n\,\mu",3f891da53d390806923f659fff7ed119f9bad02aced4c8e0d660a7d6c9cd8452,3f891da53d390806923f659fff7ed119f9bad02aced4c8e0d660a7d6c9cd8452,3f891da53d390806923f659fff7ed119f9bad02aced4c8e0d660a7d6c9cd8452,$,,3f891da53d390806923f659fff7ed119f9bad02aced4c8e0d660a7d6c9cd8452,3f891da53d390806923f659fff7ed119f9bad02aced4c8e0d660a7d6c9cd8452,"{""basis"":""ordered nested-math atom; exact symbolic replay"",""kind"":""source-target-formula-map""}"
1.1.0,formula,O007-FREMLIN-V2-S233-FORMULA-0054,O007-FREMLIN-V2-S233,O007-RIGHTS-FREMLIN-DSL,O007-FREMLIN-V2-S233-SEG-233B,54,233B,233B,62,65,2612,2626,2873,2887,f\in U_{\mu},f\in U_{\mu},bdeb9199185d8492f672066ca8dc2ad144d2a3e6271d79c0eb2e5cf6285227b4,bdeb9199185d8492f672066ca8dc2ad144d2a3e6271d79c0eb2e5cf6285227b4,8da41812604c75bf460915d4b16d594a45f5a1aa7ed64b075641da29e62418ec,$,,8da41812604c75bf460915d4b16d594a45f5a1aa7ed64b075641da29e62418ec,8da41812604c75bf460915d4b16d594a45f5a1aa7ed64b075641da29e62418ec,"{""basis"":""ordered nested-math atom; exact symbolic replay"",""kind"":""source-target-formula-map""}"
1.1.0,formula,O007-FREMLIN-V2-S233-FORMULA-0055,O007-FREMLIN-V2-S233,O007-RIGHTS-FREMLIN-DSL,O007-FREMLIN-V2-S233-SEG-233B,55,233B,233B,63,65,2632,2668,2892,2928,\int fd\mu=\int fd(\mu\restrp\Tau),\int fd\mu=\int fd(\mu\restrp\Tau),472ced8668976e43a3ef0ac529da18c2dd02b98d5782a5e1ef0cab6aa2a9705b,472ced8668976e43a3ef0ac529da18c2dd02b98d5782a5e1ef0cab6aa2a9705b,21157b2a485b7795ab878d6bea6ceb433b4519b3a2f04403664ab2ba56aa07b0,$,,21157b2a485b7795ab878d6bea6ceb433b4519b3a2f04403664ab2ba56aa07b0,21157b2a485b7795ab878d6bea6ceb433b4519b3a2f04403664ab2ba56aa07b0,"{""basis"":""ordered nested-math atom; exact symbolic replay"",""kind"":""source-target-formula-map""}"
1.1.0,formula,O007-FREMLIN-V2-S233-FORMULA-0056,O007-FREMLIN-V2-S233,O007-RIGHTS-FREMLIN-DSL,O007-FREMLIN-V2-S233-SEG-233B,56,233B,233B,67,69,2712,2715,2969,2972,f,f,252f10c83610ebca1a059c0bae8255eba2f95be4d1d7bcfa89d7248a82d9f111,252f10c83610ebca1a059c0bae8255eba2f95be4d1d7bcfa89d7248a82d9f111,252f10c83610ebca1a059c0bae8255eba2f95be4d1d7bcfa89d7248a82d9f111,$,,252f10c83610ebca1a059c0bae8255eba2f95be4d1d7bcfa89d7248a82d9f111,252f10c83610ebca1a059c0bae8255eba2f95be4d1d7bcfa89d7248a82d9f111,"{""basis"":""ordered nested-math atom; exact symbolic replay"",""kind"":""source-target-formula-map""}"
1.1.0,formula,O007-FREMLIN-V2-S233-FORMULA-0057,O007-FREMLIN-V2-S233,O007-RIGHTS-FREMLIN-DSL,O007-FREMLIN-V2-S233-SEG-233B,57,233B,233B,68,70,2720,2736,2982,2998,\mu\restrp\Tau,\mu\restrp\Tau,0ef3002e608187cafba25389501fbb651adb17c2300ae86b2a55367b1159009e,0ef3002e608187cafba25389501fbb651adb17c2300ae86b2a55367b1159009e,0ef3002e608187cafba25389501fbb651adb17c2300ae86b2a55367b1159009e,$,,0ef3002e608187cafba25389501fbb651adb17c2300ae86b2a55367b1159009e,0ef3002e608187cafba25389501fbb651adb17c2300ae86b2a55367b1159009e,"{""basis"":""ordered nested-math atom; exact symbolic replay"",""kind"":""source-target-formula-map""}"
1.1.0,formula,O007-FREMLIN-V2-S233-FORMULA-0058,O007-FREMLIN-V2-S233,O007-RIGHTS-FREMLIN-DSL,O007-FREMLIN-V2-S233-SEG-233B,58,233B,233B,69,71,2796,2816,3066,3086,U_{\mu\restrp\Tau},U_{\mu\restrp\Tau},ba4fe3c044c8ef150f6b088e9635612159a4fd824538719eb405e6be89b9a91c,ba4fe3c044c8ef150f6b088e9635612159a4fd824538719eb405e6be89b9a91c,ba4fe3c044c8ef150f6b088e9635612159a4fd824538719eb405e6be89b9a91c,$,,ba4fe3c044c8ef150f6b088e9635612159a4fd824538719eb405e6be89b9a91c,ba4fe3c044c8ef150f6b088e9635612159a4fd824538719eb405e6be89b9a91c,"{""basis"":""ordered nested-math atom; exact symbolic replay"",""kind"":""source-target-formula-map""}"
1.1.0,formula,O007-FREMLIN-V2-S233-FORMULA-0059,O007-FREMLIN-V2-S233,O007-RIGHTS-FREMLIN-DSL,O007-FREMLIN-V2-S233-SEG-233B,59,233B,233B,69,71,2824,2829,3097,3102,\mu,\mu,492247e1bab15272d1e53b8015c042bf6fa0cb8f23ec52cad93d6ba80dafb804,492247e1bab15272d1e53b8015c042bf6fa0cb8f23ec52cad93d6ba80dafb804,492247e1bab15272d1e53b8015c042bf6fa0cb8f23ec52cad93d6ba80dafb804,$,,492247e1bab15272d1e53b8015c042bf6fa0cb8f23ec52cad93d6ba80dafb804,492247e1bab15272d1e53b8015c042bf6fa0cb8f23ec52cad93d6ba80dafb804,"{""basis"":""ordered nested-math atom; exact symbolic replay"",""kind"":""source-target-formula-map""}"
1.1.0,formula,O007-FREMLIN-V2-S233-FORMULA-0060,O007-FREMLIN-V2-S233,O007-RIGHTS-FREMLIN-DSL,O007-FREMLIN-V2-S233-SEG-233B,60,233B,233B,70,72,2847,2883,3123,3159,\int fd\mu=\int fd(\mu\restrp\Tau),\int fd\mu=\int fd(\mu\restrp\Tau),472ced8668976e43a3ef0ac529da18c2dd02b98d5782a5e1ef0cab6aa2a9705b,472ced8668976e43a3ef0ac529da18c2dd02b98d5782a5e1ef0cab6aa2a9705b,21157b2a485b7795ab878d6bea6ceb433b4519b3a2f04403664ab2ba56aa07b0,$,,21157b2a485b7795ab878d6bea6ceb433b4519b3a2f04403664ab2ba56aa07b0,21157b2a485b7795ab878d6bea6ceb433b4519b3a2f04403664ab2ba56aa07b0,"{""basis"":""ordered nested-math atom; exact symbolic replay"",""kind"":""source-target-formula-map""}"
1.1.0,formula,O007-FREMLIN-V2-S233-FORMULA-0061,O007-FREMLIN-V2-S233,O007-RIGHTS-FREMLIN-DSL,O007-FREMLIN-V2-S233-SEG-233B,61,233B,233B,76,78,3046,3049,3302,3305,f,f,252f10c83610ebca1a059c0bae8255eba2f95be4d1d7bcfa89d7248a82d9f111,252f10c83610ebca1a059c0bae8255eba2f95be4d1d7bcfa89d7248a82d9f111,252f10c83610ebca1a059c0bae8255eba2f95be4d1d7bcfa89d7248a82d9f111,$,,252f10c83610ebca1a059c0bae8255eba2f95be4d1d7bcfa89d7248a82d9f111,252f10c83610ebca1a059c0bae8255eba2f95be4d1d7bcfa89d7248a82d9f111,"{""basis"":""ordered nested-math atom; exact symbolic replay"",""kind"":""source-target-formula-map""}"
1.1.0,formula,O007-FREMLIN-V2-S233-FORMULA-0062,O007-FREMLIN-V2-S233,O007-RIGHTS-FREMLIN-DSL,O007-FREMLIN-V2-S233-SEG-233B,62,233B,233B,77,79,3090,3106,3338,3354,|f|\in U_{\mu},|f|\in U_{\mu},b0ba2766f2acf588390cd2af55131baa3308e55589f721c92fd2ba4bf263b177,b0ba2766f2acf588390cd2af55131baa3308e55589f721c92fd2ba4bf263b177,e10568af50e9cb1a050f0216eaebf93bfd3c64b6261bce3c2072f58a1a041d23,$,,e10568af50e9cb1a050f0216eaebf93bfd3c64b6261bce3c2072f58a1a041d23,e10568af50e9cb1a050f0216eaebf93bfd3c64b6261bce3c2072f58a1a041d23,"{""basis"":""ordered nested-math atom; exact symbolic replay"",""kind"":""source-target-formula-map""}"
1.1.0,formula,O007-FREMLIN-V2-S233-FORMULA-0063,O007-FREMLIN-V2-S233,O007-RIGHTS-FREMLIN-DSL,O007-FREMLIN-V2-S233-SEG-233B,63,233B,233B,78,80,3142,3160,3391,3409,E\subseteq\dom f,E\subseteq\dom f,a88e33ffc0fe804c6211c36184ace2c74da6c628b2507f788ae4ed3dd874f8b2,a88e33ffc0fe804c6211c36184ace2c74da6c628b2507f788ae4ed3dd874f8b2,4614bbd41e8d9d62af436c535bf5b79f7ea473fdd2f5daf3e68c4c0c76018ebd,$,,4614bbd41e8d9d62af436c535bf5b79f7ea473fdd2f5daf3e68c4c0c76018ebd,4614bbd41e8d9d62af436c535bf5b79f7ea473fdd2f5daf3e68c4c0c76018ebd,"{""basis"":""ordered nested-math atom; exact symbolic replay"",""kind"":""source-target-formula-map""}"
1.1.0,formula,O007-FREMLIN-V2-S233-FORMULA-0064,O007-FREMLIN-V2-S233,O007-RIGHTS-FREMLIN-DSL,O007-FREMLIN-V2-S233-SEG-233B,64,233B,233B,78,80,3171,3181,3430,3440,E\in\Tau,E\in\Tau,2c51c23a716fda0bf481e7a5326d3f3bfbae2b118b054427c24bebecf5853122,2c51c23a716fda0bf481e7a5326d3f3bfbae2b118b054427c24bebecf5853122,2c51c23a716fda0bf481e7a5326d3f3bfbae2b118b054427c24bebecf5853122,$,,2c51c23a716fda0bf481e7a5326d3f3bfbae2b118b054427c24bebecf5853122,2c51c23a716fda0bf481e7a5326d3f3bfbae2b118b054427c24bebecf5853122,"{""basis"":""ordered nested-math atom; exact symbolic replay"",""kind"":""source-target-formula-map""}"
1.1.0,formula,O007-FREMLIN-V2-S233-FORMULA-0065,O007-FREMLIN-V2-S233,O007-RIGHTS-FREMLIN-DSL,O007-FREMLIN-V2-S233-SEG-233B,65,233B,233B,78,80,3186,3197,3445,3456,f\restr E,f\restr E,dabd67a82db3e595ca31515d38f346eea627452920ace0037aa461ac094fb682,dabd67a82db3e595ca31515d38f346eea627452920ace0037aa461ac094fb682,5c3c37148b508ebe496c3c64100e594b99ddf72e61798eda661f9f6c1e12a05c,$,,5c3c37148b508ebe496c3c64100e594b99ddf72e61798eda661f9f6c1e12a05c,5c3c37148b508ebe496c3c64100e594b99ddf72e61798eda661f9f6c1e12a05c,"{""basis"":""ordered nested-math atom; exact symbolic replay"",""kind"":""source-target-formula-map""}"
1.1.0,formula,O007-FREMLIN-V2-S233-FORMULA-0066,O007-FREMLIN-V2-S233,O007-RIGHTS-FREMLIN-DSL,O007-FREMLIN-V2-S233-SEG-233B,66,233B,233B,79,81,3202,3208,3474,3480,\Tau,\Tau,a34699b8745d985590df162103fdf28f3ec3426d7f12ca80a1b9c6f87686099a,a34699b8745d985590df162103fdf28f3ec3426d7f12ca80a1b9c6f87686099a,a34699b8745d985590df162103fdf28f3ec3426d7f12ca80a1b9c6f87686099a,$,,a34699b8745d985590df162103fdf28f3ec3426d7f12ca80a1b9c6f87686099a,a34699b8745d985590df162103fdf28f3ec3426d7f12ca80a1b9c6f87686099a,"{""basis"":""ordered nested-math atom; exact symbolic replay"",""kind"":""source-target-formula-map""}"
1.1.0,formula,O007-FREMLIN-V2-S233-FORMULA-0067,O007-FREMLIN-V2-S233,O007-RIGHTS-FREMLIN-DSL,O007-FREMLIN-V2-S233-SEG-233B,67,233B,233B,79,81,3235,3248,3499,3512,|f|\restr E,|f|\restr E,a690c279d6763d5ed8a6d7f637c40eda48160dfe0bb5cd2680b82f1e1334ab2d,a690c279d6763d5ed8a6d7f637c40eda48160dfe0bb5cd2680b82f1e1334ab2d,b3011c4fd94b425c8c820162eeaa5d52c10fa8d03c57cde7c7c71541f656eb35,$,,b3011c4fd94b425c8c820162eeaa5d52c10fa8d03c57cde7c7c71541f656eb35,b3011c4fd94b425c8c820162eeaa5d52c10fa8d03c57cde7c7c71541f656eb35,"{""basis"":""ordered nested-math atom; exact symbolic replay"",""kind"":""source-target-formula-map""}"
1.1.0,formula,O007-FREMLIN-V2-S233-FORMULA-0068,O007-FREMLIN-V2-S233,O007-RIGHTS-FREMLIN-DSL,O007-FREMLIN-V2-S233-SEG-233B,68,233B,233B,79,82,3252,3258,3530,3536,\Tau,\Tau,a34699b8745d985590df162103fdf28f3ec3426d7f12ca80a1b9c6f87686099a,a34699b8745d985590df162103fdf28f3ec3426d7f12ca80a1b9c6f87686099a,a34699b8745d985590df162103fdf28f3ec3426d7f12ca80a1b9c6f87686099a,$,,a34699b8745d985590df162103fdf28f3ec3426d7f12ca80a1b9c6f87686099a,a34699b8745d985590df162103fdf28f3ec3426d7f12ca80a1b9c6f87686099a,"{""basis"":""ordered nested-math atom; exact symbolic replay"",""kind"":""source-target-formula-map""}"
1.1.0,formula,O007-FREMLIN-V2-S233-FORMULA-0069,O007-FREMLIN-V2-S233,O007-RIGHTS-FREMLIN-DSL,O007-FREMLIN-V2-S233-SEG-233B,69,233B,233B,80,82,3280,3292,3553,3565,\epsilon>0,\epsilon>0,4c7785f41b6ba845fbf6fe3db625563505eedd141a7e6a016df047b5d14c0cc7,4c7785f41b6ba845fbf6fe3db625563505eedd141a7e6a016df047b5d14c0cc7,4c7785f41b6ba845fbf6fe3db625563505eedd141a7e6a016df047b5d14c0cc7,$,,4c7785f41b6ba845fbf6fe3db625563505eedd141a7e6a016df047b5d14c0cc7,4c7785f41b6ba845fbf6fe3db625563505eedd141a7e6a016df047b5d14c0cc7,"{""basis"":""ordered nested-math atom; exact symbolic replay"",""kind"":""source-target-formula-map""}"
1.1.0,formula,O007-FREMLIN-V2-S233-FORMULA-0070,O007-FREMLIN-V2-S233,O007-RIGHTS-FREMLIN-DSL,O007-FREMLIN-V2-S233-SEG-233B,70,233B,233B,82,84,3314,3441,3585,3710,"(\mu\restrp\Tau)\{x:x\in E,\,|f|(x)\ge\epsilon\}
=\mu\{x:x\in E,\,|f|(x)\ge\epsilon\}
\le{1\over\epsilon}\int|f|d\mu<\infty","(\mu\restrp\Tau)\{x:x\in E,\,|f|(x)\ge\epsilon\}
=\mu\{x:x\in E,\,|f|(x)\ge\epsilon\}
\le{1\over\epsilon}\int|f|d\mu<\infty",c9958ba0da89af8b9577f2e57b02669955236ddc26a889203e3ea58207194462,8c5d0fcb19dc145c05316aa86f1bbf0dd1edcf251631861e61644dcb57382f41,27e231db7af5a9634298e07803dea767678a2aca0bafd5bddd43d1d631f04898,$,,27e231db7af5a9634298e07803dea767678a2aca0bafd5bddd43d1d631f04898,27e231db7af5a9634298e07803dea767678a2aca0bafd5bddd43d1d631f04898,"{""basis"":""ordered nested-math atom; exact symbolic replay"",""kind"":""source-target-formula-map""}"
1.1.0,formula,O007-FREMLIN-V2-S233-FORMULA-0071,O007-FREMLIN-V2-S233,O007-RIGHTS-FREMLIN-DSL,O007-FREMLIN-V2-S233-SEG-233B,71,233B,233B,88,90,3470,3877,3737,4208,"\eqalign{\sup\{\int g\,d(\mu\restrp\Tau):g&\text{ is a }
  \mu\restrp\Tau\text{-simple function},
  \,g\le |f|\,\mu\restrp\Tau\text{-a.e.}\}\cr
&=\sup\{\int g\,d\mu:g\text{ is a }
  \mu\restrp\Tau\text{-simple function},
  \,g\le |f|\,\mu\restrp\Tau\text{-a.e.}\}\cr
&\le\sup\{\int g\,d\mu:g\text{ is a }
  \mu\text{-simple function},\,g\le |f|\,\mu\text{-a.e.}\}\cr
&\le\int |f|d\mu<\infty.\cr}","\eqalign{\sup\{\int g\,d(\mu\restrp\Tau):g&\text{ adalah suatu fungsi }
  \mu\restrp\Tau\text{-sederhana},
  \,g\le |f|\,\mu\restrp\Tau\text{-hampir di mana-mana}\}\cr
&=\sup\{\int g\,d\mu:g\text{ adalah suatu fungsi }
  \mu\restrp\Tau\text{-sederhana},
  \,g\le |f|\,\mu\restrp\Tau\text{-hampir di mana-mana}\}\cr
&\le\sup\{\int g\,d\mu:g\text{ adalah suatu fungsi }
  \mu\text{-sederhana},\,g\le |f|\,\mu\text{-hampir di mana-mana}\}\cr
&\le\int |f|d\mu<\infty.\cr}",cb96474872dcd171e97a8f30b2aed7d5be11e42e4f76fef35fb4de8b36dc41ff,73a68da60f1c6dd6c8cb951d12159bda648cba9fa441ba51515add97cab332c4,4b4e3ec0e0f9d6bee24211d3475a0424acf9476ffd2e1aea13341db877237952,$$,,4b4e3ec0e0f9d6bee24211d3475a0424acf9476ffd2e1aea13341db877237952,4b4e3ec0e0f9d6bee24211d3475a0424acf9476ffd2e1aea13341db877237952,"{""basis"":""ordered nested-math atom; exact symbolic replay"",""kind"":""source-target-formula-map""}"
1.1.0,formula,O007-FREMLIN-V2-S233-FORMULA-0072,O007-FREMLIN-V2-S233,O007-RIGHTS-FREMLIN-DSL,O007-FREMLIN-V2-S233-SEG-233B,72,233B,233B,98,100,3918,3945,4244,4271,|f|\in U_{\mu\restrp\Tau},|f|\in U_{\mu\restrp\Tau},7d5973ef603d695f23894ed141251eacc7934b7a4eeb8d279581bb225ae1d4f7,7d5973ef603d695f23894ed141251eacc7934b7a4eeb8d279581bb225ae1d4f7,cbb565aa9a0a2e8c25d8f9791c704d83bab1a8d25c23f3c940b9fd886168ba63,$,,cbb565aa9a0a2e8c25d8f9791c704d83bab1a8d25c23f3c940b9fd886168ba63,cbb565aa9a0a2e8c25d8f9791c704d83bab1a8d25c23f3c940b9fd886168ba63,"{""basis"":""ordered nested-math atom; exact symbolic replay"",""kind"":""source-target-formula-map""}"
1.1.0,formula,O007-FREMLIN-V2-S233-FORMULA-0073,O007-FREMLIN-V2-S233,O007-RIGHTS-FREMLIN-DSL,O007-FREMLIN-V2-S233-SEG-233B,73,233B,233B,99,101,3961,3964,4291,4294,f,f,252f10c83610ebca1a059c0bae8255eba2f95be4d1d7bcfa89d7248a82d9f111,252f10c83610ebca1a059c0bae8255eba2f95be4d1d7bcfa89d7248a82d9f111,252f10c83610ebca1a059c0bae8255eba2f95be4d1d7bcfa89d7248a82d9f111,$,,252f10c83610ebca1a059c0bae8255eba2f95be4d1d7bcfa89d7248a82d9f111,252f10c83610ebca1a059c0bae8255eba2f95be4d1d7bcfa89d7248a82d9f111,"{""basis"":""ordered nested-math atom; exact symbolic replay"",""kind"":""source-target-formula-map""}"
1.1.0,formula,O007-FREMLIN-V2-S233-FORMULA-0074,O007-FREMLIN-V2-S233,O007-RIGHTS-FREMLIN-DSL,O007-FREMLIN-V2-S233-SEG-233B,74,233B,233B,99,101,3972,3988,4327,4343,\mu\restrp\Tau,\mu\restrp\Tau,0ef3002e608187cafba25389501fbb651adb17c2300ae86b2a55367b1159009e,0ef3002e608187cafba25389501fbb651adb17c2300ae86b2a55367b1159009e,0ef3002e608187cafba25389501fbb651adb17c2300ae86b2a55367b1159009e,$,,0ef3002e608187cafba25389501fbb651adb17c2300ae86b2a55367b1159009e,0ef3002e608187cafba25389501fbb651adb17c2300ae86b2a55367b1159009e,"{""basis"":""ordered nested-math atom; exact symbolic replay"",""kind"":""source-target-formula-map""}"
1.1.0,formula,O007-FREMLIN-V2-S233-FORMULA-0075,O007-FREMLIN-V2-S233,O007-RIGHTS-FREMLIN-DSL,O007-FREMLIN-V2-S233-SEG-233B,75,233B,233B,99,102,3999,4005,4381,4387,\Tau,\Tau,a34699b8745d985590df162103fdf28f3ec3426d7f12ca80a1b9c6f87686099a,a34699b8745d985590df162103fdf28f3ec3426d7f12ca80a1b9c6f87686099a,a34699b8745d985590df162103fdf28f3ec3426d7f12ca80a1b9c6f87686099a,$,,a34699b8745d985590df162103fdf28f3ec3426d7f12ca80a1b9c6f87686099a,a34699b8745d985590df162103fdf28f3ec3426d7f12ca80a1b9c6f87686099a,"{""basis"":""ordered nested-math atom; exact symbolic replay"",""kind"":""source-target-formula-map""}"
1.1.0,formula,O007-FREMLIN-V2-S233-FORMULA-0076,O007-FREMLIN-V2-S233,O007-RIGHTS-FREMLIN-DSL,O007-FREMLIN-V2-S233-SEG-233B,76,233B,233B,100,103,4022,4038,4405,4421,\mu\restrp\Tau,\mu\restrp\Tau,0ef3002e608187cafba25389501fbb651adb17c2300ae86b2a55367b1159009e,0ef3002e608187cafba25389501fbb651adb17c2300ae86b2a55367b1159009e,0ef3002e608187cafba25389501fbb651adb17c2300ae86b2a55367b1159009e,$,,0ef3002e608187cafba25389501fbb651adb17c2300ae86b2a55367b1159009e,0ef3002e608187cafba25389501fbb651adb17c2300ae86b2a55367b1159009e,"{""basis"":""ordered nested-math atom; exact symbolic replay"",""kind"":""source-target-formula-map""}"
1.1.0,formula,O007-FREMLIN-V2-S233-FORMULA-0077,O007-FREMLIN-V2-S233,O007-RIGHTS-FREMLIN-DSL,O007-FREMLIN-V2-S233-SEG-233C,77,233C,233C,117,120,4866,4882,5340,5356,\mu\restrp\Tau,\mu\restrp\Tau,0ef3002e608187cafba25389501fbb651adb17c2300ae86b2a55367b1159009e,0ef3002e608187cafba25389501fbb651adb17c2300ae86b2a55367b1159009e,0ef3002e608187cafba25389501fbb651adb17c2300ae86b2a55367b1159009e,$,,0ef3002e608187cafba25389501fbb651adb17c2300ae86b2a55367b1159009e,0ef3002e608187cafba25389501fbb651adb17c2300ae86b2a55367b1159009e,"{""basis"":""ordered nested-math atom; exact symbolic replay"",""kind"":""source-target-formula-map""}"
1.1.0,formula,O007-FREMLIN-V2-S233-FORMULA-0078,O007-FREMLIN-V2-S233,O007-RIGHTS-FREMLIN-DSL,O007-FREMLIN-V2-S233-SEG-233C,78,233C,233C,117,120,4908,4913,5384,5389,\mu,\mu,492247e1bab15272d1e53b8015c042bf6fa0cb8f23ec52cad93d6ba80dafb804,492247e1bab15272d1e53b8015c042bf6fa0cb8f23ec52cad93d6ba80dafb804,492247e1bab15272d1e53b8015c042bf6fa0cb8f23ec52cad93d6ba80dafb804,$,,492247e1bab15272d1e53b8015c042bf6fa0cb8f23ec52cad93d6ba80dafb804,492247e1bab15272d1e53b8015c042bf6fa0cb8f23ec52cad93d6ba80dafb804,"{""basis"":""ordered nested-math atom; exact symbolic replay"",""kind"":""source-target-formula-map""}"
1.1.0,formula,O007-FREMLIN-V2-S233-FORMULA-0079,O007-FREMLIN-V2-S233,O007-RIGHTS-FREMLIN-DSL,O007-FREMLIN-V2-S233-SEG-233C,79,233C,233C,118,121,4929,4934,5425,5430,\mu,\mu,492247e1bab15272d1e53b8015c042bf6fa0cb8f23ec52cad93d6ba80dafb804,492247e1bab15272d1e53b8015c042bf6fa0cb8f23ec52cad93d6ba80dafb804,492247e1bab15272d1e53b8015c042bf6fa0cb8f23ec52cad93d6ba80dafb804,$,,492247e1bab15272d1e53b8015c042bf6fa0cb8f23ec52cad93d6ba80dafb804,492247e1bab15272d1e53b8015c042bf6fa0cb8f23ec52cad93d6ba80dafb804,"{""basis"":""ordered nested-math atom; exact symbolic replay"",""kind"":""source-target-formula-map""}"
1.1.0,formula,O007-FREMLIN-V2-S233-FORMULA-0080,O007-FREMLIN-V2-S233,O007-RIGHTS-FREMLIN-DSL,O007-FREMLIN-V2-S233-SEG-233C,80,233C,233C,118,122,4962,4978,5463,5479,\mu\restrp\Tau,\mu\restrp\Tau,0ef3002e608187cafba25389501fbb651adb17c2300ae86b2a55367b1159009e,0ef3002e608187cafba25389501fbb651adb17c2300ae86b2a55367b1159009e,0ef3002e608187cafba25389501fbb651adb17c2300ae86b2a55367b1159009e,$,,0ef3002e608187cafba25389501fbb651adb17c2300ae86b2a55367b1159009e,0ef3002e608187cafba25389501fbb651adb17c2300ae86b2a55367b1159009e,"{""basis"":""ordered nested-math atom; exact symbolic replay"",""kind"":""source-target-formula-map""}"
1.1.0,formula,O007-FREMLIN-V2-S233-FORMULA-0081,O007-FREMLIN-V2-S233,O007-RIGHTS-FREMLIN-DSL,O007-FREMLIN-V2-S233-SEG-233CB,81,233Cb,233Cb,121,126,5114,5130,5618,5634,"(X,\Sigma,\mu)","(X,\Sigma,\mu)",05e9b769403b4c7926a944d5aaa03f00bb216412bc3f850e41b3c28de657aa67,05e9b769403b4c7926a944d5aaa03f00bb216412bc3f850e41b3c28de657aa67,05e9b769403b4c7926a944d5aaa03f00bb216412bc3f850e41b3c28de657aa67,$,,05e9b769403b4c7926a944d5aaa03f00bb216412bc3f850e41b3c28de657aa67,05e9b769403b4c7926a944d5aaa03f00bb216412bc3f850e41b3c28de657aa67,"{""basis"":""ordered nested-math atom; exact symbolic replay"",""kind"":""source-target-formula-map""}"
1.1.0,formula,O007-FREMLIN-V2-S233-FORMULA-0082,O007-FREMLIN-V2-S233,O007-RIGHTS-FREMLIN-DSL,O007-FREMLIN-V2-S233-SEG-233CB,82,233Cb,233Cb,122,126,5135,5144,5642,5651,"[0,1]^2","[0,1]^2",bff1544af170c2fd7c9fe7b42da61d71c2a52b87c99a714ea527f4204e685927,bff1544af170c2fd7c9fe7b42da61d71c2a52b87c99a714ea527f4204e685927,bff1544af170c2fd7c9fe7b42da61d71c2a52b87c99a714ea527f4204e685927,$,,bff1544af170c2fd7c9fe7b42da61d71c2a52b87c99a714ea527f4204e685927,bff1544af170c2fd7c9fe7b42da61d71c2a52b87c99a714ea527f4204e685927,"{""basis"":""ordered nested-math atom; exact symbolic replay"",""kind"":""source-target-formula-map""}"
1.1.0,formula,O007-FREMLIN-V2-S233-FORMULA-0083,O007-FREMLIN-V2-S233,O007-RIGHTS-FREMLIN-DSL,O007-FREMLIN-V2-S233-SEG-233CB,83,233Cb,233Cb,122,127,5174,5180,5685,5691,\Tau,\Tau,a34699b8745d985590df162103fdf28f3ec3426d7f12ca80a1b9c6f87686099a,a34699b8745d985590df162103fdf28f3ec3426d7f12ca80a1b9c6f87686099a,a34699b8745d985590df162103fdf28f3ec3426d7f12ca80a1b9c6f87686099a,$,,a34699b8745d985590df162103fdf28f3ec3426d7f12ca80a1b9c6f87686099a,a34699b8745d985590df162103fdf28f3ec3426d7f12ca80a1b9c6f87686099a,"{""basis"":""ordered nested-math atom; exact symbolic replay"",""kind"":""source-target-formula-map""}"
1.1.0,formula,O007-FREMLIN-V2-S233-FORMULA-0084,O007-FREMLIN-V2-S233,O007-RIGHTS-FREMLIN-DSL,O007-FREMLIN-V2-S233-SEG-233CB,84,233Cb,233Cb,123,127,5213,5221,5709,5717,\Sigma,\Sigma,d65d75b1e6562713a3936bb38fdfe6832fb5b96c946de58f7ce0992057665aa8,d65d75b1e6562713a3936bb38fdfe6832fb5b96c946de58f7ce0992057665aa8,d65d75b1e6562713a3936bb38fdfe6832fb5b96c946de58f7ce0992057665aa8,$,,d65d75b1e6562713a3936bb38fdfe6832fb5b96c946de58f7ce0992057665aa8,d65d75b1e6562713a3936bb38fdfe6832fb5b96c946de58f7ce0992057665aa8,"{""basis"":""ordered nested-math atom; exact symbolic replay"",""kind"":""source-target-formula-map""}"
1.1.0,formula,O007-FREMLIN-V2-S233-FORMULA-0085,O007-FREMLIN-V2-S233,O007-RIGHTS-FREMLIN-DSL,O007-FREMLIN-V2-S233-SEG-233CB,85,233Cb,233Cb,123,128,5237,5251,5748,5762,"F\times[0,1]","F\times[0,1]",9621301a67f85259767bdbd4d7fd31d81ecdf5a44bec9bee713026d92482dc6f,9621301a67f85259767bdbd4d7fd31d81ecdf5a44bec9bee713026d92482dc6f,9621301a67f85259767bdbd4d7fd31d81ecdf5a44bec9bee713026d92482dc6f,$,,9621301a67f85259767bdbd4d7fd31d81ecdf5a44bec9bee713026d92482dc6f,9621301a67f85259767bdbd4d7fd31d81ecdf5a44bec9bee713026d92482dc6f,"{""basis"":""ordered nested-math atom; exact symbolic replay"",""kind"":""source-target-formula-map""}"
1.1.0,formula,O007-FREMLIN-V2-S233-FORMULA-0086,O007-FREMLIN-V2-S233,O007-RIGHTS-FREMLIN-DSL,O007-FREMLIN-V2-S233-SEG-233CB,86,233Cb,233Cb,124,128,5262,5279,5775,5792,"F\subseteq[0,1]","F\subseteq[0,1]",1455d9e6381a7188615d4aae29cc7f06988d45e1c12222d2317eda588f4977ee,1455d9e6381a7188615d4aae29cc7f06988d45e1c12222d2317eda588f4977ee,1455d9e6381a7188615d4aae29cc7f06988d45e1c12222d2317eda588f4977ee,$,,1455d9e6381a7188615d4aae29cc7f06988d45e1c12222d2317eda588f4977ee,1455d9e6381a7188615d4aae29cc7f06988d45e1c12222d2317eda588f4977ee,"{""basis"":""ordered nested-math atom; exact symbolic replay"",""kind"":""source-target-formula-map""}"
1.1.0,formula,O007-FREMLIN-V2-S233-FORMULA-0087,O007-FREMLIN-V2-S233,O007-RIGHTS-FREMLIN-DSL,O007-FREMLIN-V2-S233-SEG-233CB,87,233Cb,233Cb,124,128,5305,5311,5814,5820,\Tau,\Tau,a34699b8745d985590df162103fdf28f3ec3426d7f12ca80a1b9c6f87686099a,a34699b8745d985590df162103fdf28f3ec3426d7f12ca80a1b9c6f87686099a,a34699b8745d985590df162103fdf28f3ec3426d7f12ca80a1b9c6f87686099a,$,,a34699b8745d985590df162103fdf28f3ec3426d7f12ca80a1b9c6f87686099a,a34699b8745d985590df162103fdf28f3ec3426d7f12ca80a1b9c6f87686099a,"{""basis"":""ordered nested-math atom; exact symbolic replay"",""kind"":""source-target-formula-map""}"
1.1.0,formula,O007-FREMLIN-V2-S233-FORMULA-0088,O007-FREMLIN-V2-S233,O007-RIGHTS-FREMLIN-DSL,O007-FREMLIN-V2-S233-SEG-233CB,88,233Cb,233Cb,125,129,5318,5326,5842,5850,\sigma,\sigma,9c3245dfb4ac54c1623a60e7b8d1fc07cb02eae1229435230c7dab5e71083a26,9c3245dfb4ac54c1623a60e7b8d1fc07cb02eae1229435230c7dab5e71083a26,9c3245dfb4ac54c1623a60e7b8d1fc07cb02eae1229435230c7dab5e71083a26,$,,9c3245dfb4ac54c1623a60e7b8d1fc07cb02eae1229435230c7dab5e71083a26,9c3245dfb4ac54c1623a60e7b8d1fc07cb02eae1229435230c7dab5e71083a26,"{""basis"":""ordered nested-math atom; exact symbolic replay"",""kind"":""source-target-formula-map""}"
1.1.0,formula,O007-FREMLIN-V2-S233-FORMULA-0089,O007-FREMLIN-V2-S233,O007-RIGHTS-FREMLIN-DSL,O007-FREMLIN-V2-S233-SEG-233CB,89,233Cb,233Cb,125,129,5341,5349,5856,5864,\Sigma,\Sigma,d65d75b1e6562713a3936bb38fdfe6832fb5b96c946de58f7ce0992057665aa8,d65d75b1e6562713a3936bb38fdfe6832fb5b96c946de58f7ce0992057665aa8,d65d75b1e6562713a3936bb38fdfe6832fb5b96c946de58f7ce0992057665aa8,$,,d65d75b1e6562713a3936bb38fdfe6832fb5b96c946de58f7ce0992057665aa8,d65d75b1e6562713a3936bb38fdfe6832fb5b96c946de58f7ce0992057665aa8,"{""basis"":""ordered nested-math atom; exact symbolic replay"",""kind"":""source-target-formula-map""}"
1.1.0,formula,O007-FREMLIN-V2-S233-FORMULA-0090,O007-FREMLIN-V2-S233,O007-RIGHTS-FREMLIN-DSL,O007-FREMLIN-V2-S233-SEG-233CB,90,233Cb,233Cb,125,129,5362,5365,5873,5876,f,f,252f10c83610ebca1a059c0bae8255eba2f95be4d1d7bcfa89d7248a82d9f111,252f10c83610ebca1a059c0bae8255eba2f95be4d1d7bcfa89d7248a82d9f111,252f10c83610ebca1a059c0bae8255eba2f95be4d1d7bcfa89d7248a82d9f111,$,,252f10c83610ebca1a059c0bae8255eba2f95be4d1d7bcfa89d7248a82d9f111,252f10c83610ebca1a059c0bae8255eba2f95be4d1d7bcfa89d7248a82d9f111,"{""basis"":""ordered nested-math atom; exact symbolic replay"",""kind"":""source-target-formula-map""}"
1.1.0,formula,O007-FREMLIN-V2-S233-FORMULA-0091,O007-FREMLIN-V2-S233,O007-RIGHTS-FREMLIN-DSL,O007-FREMLIN-V2-S233-SEG-233CB,91,233Cb,233Cb,125,130,5367,5380,5878,5891,"g:X\to[0,1]","g:X\to[0,1]",69731bad8421dd04a7bc106977000c1b21b4a8d16ca8953484c19eef8925a7fa,69731bad8421dd04a7bc106977000c1b21b4a8d16ca8953484c19eef8925a7fa,69731bad8421dd04a7bc106977000c1b21b4a8d16ca8953484c19eef8925a7fa,$,,69731bad8421dd04a7bc106977000c1b21b4a8d16ca8953484c19eef8925a7fa,69731bad8421dd04a7bc106977000c1b21b4a8d16ca8953484c19eef8925a7fa,"{""basis"":""ordered nested-math atom; exact symbolic replay"",""kind"":""source-target-formula-map""}"
1.1.0,formula,O007-FREMLIN-V2-S233-FORMULA-0092,O007-FREMLIN-V2-S233,O007-RIGHTS-FREMLIN-DSL,O007-FREMLIN-V2-S233-SEG-233CB,92,233Cb,233Cb,128,132,5420,5430,5931,5941,"f(t,u)=1","f(t,u)=1",e3681df7761fd708037e1dab85c3bb2da5072aa0ca1a3650503ac0fe8b2b50bd,e3681df7761fd708037e1dab85c3bb2da5072aa0ca1a3650503ac0fe8b2b50bd,e3681df7761fd708037e1dab85c3bb2da5072aa0ca1a3650503ac0fe8b2b50bd,$,,e3681df7761fd708037e1dab85c3bb2da5072aa0ca1a3650503ac0fe8b2b50bd,e3681df7761fd708037e1dab85c3bb2da5072aa0ca1a3650503ac0fe8b2b50bd,"{""basis"":""ordered nested-math atom; exact symbolic replay"",""kind"":""source-target-formula-map""}"
1.1.0,formula,O007-FREMLIN-V2-S233-FORMULA-0093,O007-FREMLIN-V2-S233,O007-RIGHTS-FREMLIN-DSL,O007-FREMLIN-V2-S233-SEG-233CB,93,233Cb,233Cb,128,132,5434,5439,5947,5952,u>0,u>0,db7dd4e33fa27156741033e6e749007dea01c1cb39facdadbaf31ece9d9b1936,db7dd4e33fa27156741033e6e749007dea01c1cb39facdadbaf31ece9d9b1936,db7dd4e33fa27156741033e6e749007dea01c1cb39facdadbaf31ece9d9b1936,$,,db7dd4e33fa27156741033e6e749007dea01c1cb39facdadbaf31ece9d9b1936,db7dd4e33fa27156741033e6e749007dea01c1cb39facdadbaf31ece9d9b1936,"{""basis"":""ordered nested-math atom; exact symbolic replay"",""kind"":""source-target-formula-map""}"
1.1.0,formula,O007-FREMLIN-V2-S233-FORMULA-0094,O007-FREMLIN-V2-S233,O007-RIGHTS-FREMLIN-DSL,O007-FREMLIN-V2-S233-SEG-233CB,94,233Cb,233Cb,128,132,5441,5444,5954,5957,0,0,5feceb66ffc86f38d952786c6d696c79c2dbc239dd4e91b46729d73a27fb57e9,5feceb66ffc86f38d952786c6d696c79c2dbc239dd4e91b46729d73a27fb57e9,5feceb66ffc86f38d952786c6d696c79c2dbc239dd4e91b46729d73a27fb57e9,$,,5feceb66ffc86f38d952786c6d696c79c2dbc239dd4e91b46729d73a27fb57e9,5feceb66ffc86f38d952786c6d696c79c2dbc239dd4e91b46729d73a27fb57e9,"{""basis"":""ordered nested-math atom; exact symbolic replay"",""kind"":""source-target-formula-map""}"
1.1.0,formula,O007-FREMLIN-V2-S233-FORMULA-0095,O007-FREMLIN-V2-S233,O007-RIGHTS-FREMLIN-DSL,O007-FREMLIN-V2-S233-SEG-233CB,95,233Cb,233Cb,130,134,5472,5482,5983,5993,"g(t,u)=1","g(t,u)=1",2f4c36fbe4accb45db1d63a7c9869d4903ca05f48598e7a587a933652088e5f6,2f4c36fbe4accb45db1d63a7c9869d4903ca05f48598e7a587a933652088e5f6,2f4c36fbe4accb45db1d63a7c9869d4903ca05f48598e7a587a933652088e5f6,$,,2f4c36fbe4accb45db1d63a7c9869d4903ca05f48598e7a587a933652088e5f6,2f4c36fbe4accb45db1d63a7c9869d4903ca05f48598e7a587a933652088e5f6,"{""basis"":""ordered nested-math atom; exact symbolic replay"",""kind"":""source-target-formula-map""}"
1.1.0,formula,O007-FREMLIN-V2-S233-FORMULA-0096,O007-FREMLIN-V2-S233,O007-RIGHTS-FREMLIN-DSL,O007-FREMLIN-V2-S233-SEG-233CB,96,233Cb,233Cb,130,134,5486,5491,5999,6004,t>0,t>0,953c0794968549f7f8580d93fc444696c0aec372099eb60533896c15fecb81a3,953c0794968549f7f8580d93fc444696c0aec372099eb60533896c15fecb81a3,953c0794968549f7f8580d93fc444696c0aec372099eb60533896c15fecb81a3,$,,953c0794968549f7f8580d93fc444696c0aec372099eb60533896c15fecb81a3,953c0794968549f7f8580d93fc444696c0aec372099eb60533896c15fecb81a3,"{""basis"":""ordered nested-math atom; exact symbolic replay"",""kind"":""source-target-formula-map""}"
1.1.0,formula,O007-FREMLIN-V2-S233-FORMULA-0097,O007-FREMLIN-V2-S233,O007-RIGHTS-FREMLIN-DSL,O007-FREMLIN-V2-S233-SEG-233CB,97,233Cb,233Cb,130,134,5493,5496,6006,6009,0,0,5feceb66ffc86f38d952786c6d696c79c2dbc239dd4e91b46729d73a27fb57e9,5feceb66ffc86f38d952786c6d696c79c2dbc239dd4e91b46729d73a27fb57e9,5feceb66ffc86f38d952786c6d696c79c2dbc239dd4e91b46729d73a27fb57e9,$,,5feceb66ffc86f38d952786c6d696c79c2dbc239dd4e91b46729d73a27fb57e9,5feceb66ffc86f38d952786c6d696c79c2dbc239dd4e91b46729d73a27fb57e9,"{""basis"":""ordered nested-math atom; exact symbolic replay"",""kind"":""source-target-formula-map""}"
1.1.0,formula,O007-FREMLIN-V2-S233-FORMULA-0098,O007-FREMLIN-V2-S233,O007-RIGHTS-FREMLIN-DSL,O007-FREMLIN-V2-S233-SEG-233CB,98,233Cb,233Cb,132,136,5532,5535,6038,6041,f,f,252f10c83610ebca1a059c0bae8255eba2f95be4d1d7bcfa89d7248a82d9f111,252f10c83610ebca1a059c0bae8255eba2f95be4d1d7bcfa89d7248a82d9f111,252f10c83610ebca1a059c0bae8255eba2f95be4d1d7bcfa89d7248a82d9f111,$,,252f10c83610ebca1a059c0bae8255eba2f95be4d1d7bcfa89d7248a82d9f111,252f10c83610ebca1a059c0bae8255eba2f95be4d1d7bcfa89d7248a82d9f111,"{""basis"":""ordered nested-math atom; exact symbolic replay"",""kind"":""source-target-formula-map""}"
1.1.0,formula,O007-FREMLIN-V2-S233-FORMULA-0099,O007-FREMLIN-V2-S233,O007-RIGHTS-FREMLIN-DSL,O007-FREMLIN-V2-S233-SEG-233CB,99,233Cb,233Cb,132,136,5540,5543,6046,6049,g,g,cd0aa9856147b6c5b4ff2b7dfee5da20aa38253099ef1b4a64aced233c9afe29,cd0aa9856147b6c5b4ff2b7dfee5da20aa38253099ef1b4a64aced233c9afe29,cd0aa9856147b6c5b4ff2b7dfee5da20aa38253099ef1b4a64aced233c9afe29,$,,cd0aa9856147b6c5b4ff2b7dfee5da20aa38253099ef1b4a64aced233c9afe29,cd0aa9856147b6c5b4ff2b7dfee5da20aa38253099ef1b4a64aced233c9afe29,"{""basis"":""ordered nested-math atom; exact symbolic replay"",""kind"":""source-target-formula-map""}"
1.1.0,formula,O007-FREMLIN-V2-S233-FORMULA-0100,O007-FREMLIN-V2-S233,O007-RIGHTS-FREMLIN-DSL,O007-FREMLIN-V2-S233-SEG-233CB,100,233Cb,233Cb,132,136,5548,5553,6059,6064,\mu,\mu,492247e1bab15272d1e53b8015c042bf6fa0cb8f23ec52cad93d6ba80dafb804,492247e1bab15272d1e53b8015c042bf6fa0cb8f23ec52cad93d6ba80dafb804,492247e1bab15272d1e53b8015c042bf6fa0cb8f23ec52cad93d6ba80dafb804,$,,492247e1bab15272d1e53b8015c042bf6fa0cb8f23ec52cad93d6ba80dafb804,492247e1bab15272d1e53b8015c042bf6fa0cb8f23ec52cad93d6ba80dafb804,"{""basis"":""ordered nested-math atom; exact symbolic replay"",""kind"":""source-target-formula-map""}"
1.1.0,formula,O007-FREMLIN-V2-S233-FORMULA-0101,O007-FREMLIN-V2-S233,O007-RIGHTS-FREMLIN-DSL,O007-FREMLIN-V2-S233-SEG-233CB,101,233Cb,233Cb,133,137,5582,5587,6095,6100,\mu,\mu,492247e1bab15272d1e53b8015c042bf6fa0cb8f23ec52cad93d6ba80dafb804,492247e1bab15272d1e53b8015c042bf6fa0cb8f23ec52cad93d6ba80dafb804,492247e1bab15272d1e53b8015c042bf6fa0cb8f23ec52cad93d6ba80dafb804,$,,492247e1bab15272d1e53b8015c042bf6fa0cb8f23ec52cad93d6ba80dafb804,492247e1bab15272d1e53b8015c042bf6fa0cb8f23ec52cad93d6ba80dafb804,"{""basis"":""ordered nested-math atom; exact symbolic replay"",""kind"":""source-target-formula-map""}"
1.1.0,formula,O007-FREMLIN-V2-S233-FORMULA-0102,O007-FREMLIN-V2-S233,O007-RIGHTS-FREMLIN-DSL,O007-FREMLIN-V2-S233-SEG-233CB,102,233Cb,233Cb,133,137,5604,5607,6135,6138,g,g,cd0aa9856147b6c5b4ff2b7dfee5da20aa38253099ef1b4a64aced233c9afe29,cd0aa9856147b6c5b4ff2b7dfee5da20aa38253099ef1b4a64aced233c9afe29,cd0aa9856147b6c5b4ff2b7dfee5da20aa38253099ef1b4a64aced233c9afe29,$,,cd0aa9856147b6c5b4ff2b7dfee5da20aa38253099ef1b4a64aced233c9afe29,cd0aa9856147b6c5b4ff2b7dfee5da20aa38253099ef1b4a64aced233c9afe29,"{""basis"":""ordered nested-math atom; exact symbolic replay"",""kind"":""source-target-formula-map""}"
1.1.0,formula,O007-FREMLIN-V2-S233-FORMULA-0103,O007-FREMLIN-V2-S233,O007-RIGHTS-FREMLIN-DSL,O007-FREMLIN-V2-S233-SEG-233CB,103,233Cb,233Cb,133,138,5611,5627,6144,6160,\mu\restrp\Tau,\mu\restrp\Tau,0ef3002e608187cafba25389501fbb651adb17c2300ae86b2a55367b1159009e,0ef3002e608187cafba25389501fbb651adb17c2300ae86b2a55367b1159009e,0ef3002e608187cafba25389501fbb651adb17c2300ae86b2a55367b1159009e,$,,0ef3002e608187cafba25389501fbb651adb17c2300ae86b2a55367b1159009e,0ef3002e608187cafba25389501fbb651adb17c2300ae86b2a55367b1159009e,"{""basis"":""ordered nested-math atom; exact symbolic replay"",""kind"":""source-target-formula-map""}"
1.1.0,formula,O007-FREMLIN-V2-S233-FORMULA-0104,O007-FREMLIN-V2-S233,O007-RIGHTS-FREMLIN-DSL,O007-FREMLIN-V2-S233-SEG-233CB,104,233Cb,233Cb,134,138,5668,5678,6190,6200,E\in\Tau,E\in\Tau,2c51c23a716fda0bf481e7a5326d3f3bfbae2b118b054427c24bebecf5853122,2c51c23a716fda0bf481e7a5326d3f3bfbae2b118b054427c24bebecf5853122,2c51c23a716fda0bf481e7a5326d3f3bfbae2b118b054427c24bebecf5853122,$,,2c51c23a716fda0bf481e7a5326d3f3bfbae2b118b054427c24bebecf5853122,2c51c23a716fda0bf481e7a5326d3f3bfbae2b118b054427c24bebecf5853122,"{""basis"":""ordered nested-math atom; exact symbolic replay"",""kind"":""source-target-formula-map""}"
1.1.0,formula,O007-FREMLIN-V2-S233-FORMULA-0105,O007-FREMLIN-V2-S233,O007-RIGHTS-FREMLIN-DSL,O007-FREMLIN-V2-S233-SEG-233CB,105,233Cb,233Cb,135,140,5717,5735,6260,6278,"\{t\}\times[0,1]","\{t\}\times[0,1]",a841d005952e3f4eab36cadb44563f8b41e9e9130ec8c2657a24e570821e5001,a841d005952e3f4eab36cadb44563f8b41e9e9130ec8c2657a24e570821e5001,a841d005952e3f4eab36cadb44563f8b41e9e9130ec8c2657a24e570821e5001,$,,a841d005952e3f4eab36cadb44563f8b41e9e9130ec8c2657a24e570821e5001,a841d005952e3f4eab36cadb44563f8b41e9e9130ec8c2657a24e570821e5001,"{""basis"":""ordered nested-math atom; exact symbolic replay"",""kind"":""source-target-formula-map""}"
1.1.0,formula,O007-FREMLIN-V2-S233-FORMULA-0106,O007-FREMLIN-V2-S233,O007-RIGHTS-FREMLIN-DSL,O007-FREMLIN-V2-S233-SEG-233CB,106,233Cb,233Cb,135,140,5745,5748,6289,6292,f,f,252f10c83610ebca1a059c0bae8255eba2f95be4d1d7bcfa89d7248a82d9f111,252f10c83610ebca1a059c0bae8255eba2f95be4d1d7bcfa89d7248a82d9f111,252f10c83610ebca1a059c0bae8255eba2f95be4d1d7bcfa89d7248a82d9f111,$,,252f10c83610ebca1a059c0bae8255eba2f95be4d1d7bcfa89d7248a82d9f111,252f10c83610ebca1a059c0bae8255eba2f95be4d1d7bcfa89d7248a82d9f111,"{""basis"":""ordered nested-math atom; exact symbolic replay"",""kind"":""source-target-formula-map""}"
1.1.0,formula,O007-FREMLIN-V2-S233-FORMULA-0107,O007-FREMLIN-V2-S233,O007-RIGHTS-FREMLIN-DSL,O007-FREMLIN-V2-S233-SEG-233CB,107,233Cb,233Cb,135,140,5767,5770,6315,6318,0,0,5feceb66ffc86f38d952786c6d696c79c2dbc239dd4e91b46729d73a27fb57e9,5feceb66ffc86f38d952786c6d696c79c2dbc239dd4e91b46729d73a27fb57e9,5feceb66ffc86f38d952786c6d696c79c2dbc239dd4e91b46729d73a27fb57e9,$,,5feceb66ffc86f38d952786c6d696c79c2dbc239dd4e91b46729d73a27fb57e9,5feceb66ffc86f38d952786c6d696c79c2dbc239dd4e91b46729d73a27fb57e9,"{""basis"":""ordered nested-math atom; exact symbolic replay"",""kind"":""source-target-formula-map""}"
1.1.0,formula,O007-FREMLIN-V2-S233-FORMULA-0108,O007-FREMLIN-V2-S233,O007-RIGHTS-FREMLIN-DSL,O007-FREMLIN-V2-S233-SEG-233CB,108,233Cb,233Cb,135,140,5775,5778,6323,6326,1,1,6b86b273ff34fce19d6b804eff5a3f5747ada4eaa22f1d49c01e52ddb7875b4b,6b86b273ff34fce19d6b804eff5a3f5747ada4eaa22f1d49c01e52ddb7875b4b,6b86b273ff34fce19d6b804eff5a3f5747ada4eaa22f1d49c01e52ddb7875b4b,$,,6b86b273ff34fce19d6b804eff5a3f5747ada4eaa22f1d49c01e52ddb7875b4b,6b86b273ff34fce19d6b804eff5a3f5747ada4eaa22f1d49c01e52ddb7875b4b,"{""basis"":""ordered nested-math atom; exact symbolic replay"",""kind"":""source-target-formula-map""}"
1.1.0,formula,O007-FREMLIN-V2-S233-FORMULA-0109,O007-FREMLIN-V2-S233,O007-RIGHTS-FREMLIN-DSL,O007-FREMLIN-V2-S233-SEG-233CB,109,233Cb,233Cb,135,141,5782,5785,6332,6335,E,E,a9f51566bd6705f7ea6ad54bb9deb449f795582d6529a0e22207b8981233ec58,a9f51566bd6705f7ea6ad54bb9deb449f795582d6529a0e22207b8981233ec58,a9f51566bd6705f7ea6ad54bb9deb449f795582d6529a0e22207b8981233ec58,$,,a9f51566bd6705f7ea6ad54bb9deb449f795582d6529a0e22207b8981233ec58,a9f51566bd6705f7ea6ad54bb9deb449f795582d6529a0e22207b8981233ec58,"{""basis"":""ordered nested-math atom; exact symbolic replay"",""kind"":""source-target-formula-map""}"
1.1.0,formula,O007-FREMLIN-V2-S233-FORMULA-0110,O007-FREMLIN-V2-S233,O007-RIGHTS-FREMLIN-DSL,O007-FREMLIN-V2-S233-SEG-233CB,110,233Cb,233Cb,138,143,5813,5823,6371,6381,"h(t,u)=1","h(t,u)=1",34055ce94ad4120c23899e2fc9bb7ee12d3a266c528ea8ea6300b1a17a4447c6,34055ce94ad4120c23899e2fc9bb7ee12d3a266c528ea8ea6300b1a17a4447c6,34055ce94ad4120c23899e2fc9bb7ee12d3a266c528ea8ea6300b1a17a4447c6,$,,34055ce94ad4120c23899e2fc9bb7ee12d3a266c528ea8ea6300b1a17a4447c6,34055ce94ad4120c23899e2fc9bb7ee12d3a266c528ea8ea6300b1a17a4447c6,"{""basis"":""ordered nested-math atom; exact symbolic replay"",""kind"":""source-target-formula-map""}"
1.1.0,formula,O007-FREMLIN-V2-S233-FORMULA-0111,O007-FREMLIN-V2-S233,O007-RIGHTS-FREMLIN-DSL,O007-FREMLIN-V2-S233-SEG-233CB,111,233Cb,233Cb,138,143,5827,5832,6387,6392,u>0,u>0,db7dd4e33fa27156741033e6e749007dea01c1cb39facdadbaf31ece9d9b1936,db7dd4e33fa27156741033e6e749007dea01c1cb39facdadbaf31ece9d9b1936,db7dd4e33fa27156741033e6e749007dea01c1cb39facdadbaf31ece9d9b1936,$,,db7dd4e33fa27156741033e6e749007dea01c1cb39facdadbaf31ece9d9b1936,db7dd4e33fa27156741033e6e749007dea01c1cb39facdadbaf31ece9d9b1936,"{""basis"":""ordered nested-math atom; exact symbolic replay"",""kind"":""source-target-formula-map""}"
1.1.0,formula,O007-FREMLIN-V2-S233-FORMULA-0112,O007-FREMLIN-V2-S233,O007-RIGHTS-FREMLIN-DSL,O007-FREMLIN-V2-S233-SEG-233CB,112,233Cb,233Cb,140,145,5907,5910,6489,6492,h,h,aaa9402664f1a41f40ebbc52c9993eb66aeb366602958fdfaa283b71e64db123,aaa9402664f1a41f40ebbc52c9993eb66aeb366602958fdfaa283b71e64db123,aaa9402664f1a41f40ebbc52c9993eb66aeb366602958fdfaa283b71e64db123,$,,aaa9402664f1a41f40ebbc52c9993eb66aeb366602958fdfaa283b71e64db123,aaa9402664f1a41f40ebbc52c9993eb66aeb366602958fdfaa283b71e64db123,"{""basis"":""ordered nested-math atom; exact symbolic replay"",""kind"":""source-target-formula-map""}"
1.1.0,formula,O007-FREMLIN-V2-S233-FORMULA-0113,O007-FREMLIN-V2-S233,O007-RIGHTS-FREMLIN-DSL,O007-FREMLIN-V2-S233-SEG-233CB,113,233Cb,233Cb,141,146,5915,5920,6493,6498,\mu,\mu,492247e1bab15272d1e53b8015c042bf6fa0cb8f23ec52cad93d6ba80dafb804,492247e1bab15272d1e53b8015c042bf6fa0cb8f23ec52cad93d6ba80dafb804,492247e1bab15272d1e53b8015c042bf6fa0cb8f23ec52cad93d6ba80dafb804,$,,492247e1bab15272d1e53b8015c042bf6fa0cb8f23ec52cad93d6ba80dafb804,492247e1bab15272d1e53b8015c042bf6fa0cb8f23ec52cad93d6ba80dafb804,"{""basis"":""ordered nested-math atom; exact symbolic replay"",""kind"":""source-target-formula-map""}"
1.1.0,formula,O007-FREMLIN-V2-S233-FORMULA-0114,O007-FREMLIN-V2-S233,O007-RIGHTS-FREMLIN-DSL,O007-FREMLIN-V2-S233-SEG-233CB,114,233Cb,233Cb,141,146,5940,5956,6527,6543,\mu\restrp\Tau,\mu\restrp\Tau,0ef3002e608187cafba25389501fbb651adb17c2300ae86b2a55367b1159009e,0ef3002e608187cafba25389501fbb651adb17c2300ae86b2a55367b1159009e,0ef3002e608187cafba25389501fbb651adb17c2300ae86b2a55367b1159009e,$,,0ef3002e608187cafba25389501fbb651adb17c2300ae86b2a55367b1159009e,0ef3002e608187cafba25389501fbb651adb17c2300ae86b2a55367b1159009e,"{""basis"":""ordered nested-math atom; exact symbolic replay"",""kind"":""source-target-formula-map""}"
1.1.0,formula,O007-FREMLIN-V2-S233-FORMULA-0115,O007-FREMLIN-V2-S233,O007-RIGHTS-FREMLIN-DSL,O007-FREMLIN-V2-S233-SEG-233CB,115,233Cb,233Cb,142,147,6008,6014,6603,6609,\Tau,\Tau,a34699b8745d985590df162103fdf28f3ec3426d7f12ca80a1b9c6f87686099a,a34699b8745d985590df162103fdf28f3ec3426d7f12ca80a1b9c6f87686099a,a34699b8745d985590df162103fdf28f3ec3426d7f12ca80a1b9c6f87686099a,$,,a34699b8745d985590df162103fdf28f3ec3426d7f12ca80a1b9c6f87686099a,a34699b8745d985590df162103fdf28f3ec3426d7f12ca80a1b9c6f87686099a,"{""basis"":""ordered nested-math atom; exact symbolic replay"",""kind"":""source-target-formula-map""}"
1.1.0,formula,O007-FREMLIN-V2-S233-FORMULA-0116,O007-FREMLIN-V2-S233,O007-RIGHTS-FREMLIN-DSL,O007-FREMLIN-V2-S233-SEG-233CB,116,233Cb,233Cb,142,147,6041,6044,6636,6639,h,h,aaa9402664f1a41f40ebbc52c9993eb66aeb366602958fdfaa283b71e64db123,aaa9402664f1a41f40ebbc52c9993eb66aeb366602958fdfaa283b71e64db123,aaa9402664f1a41f40ebbc52c9993eb66aeb366602958fdfaa283b71e64db123,$,,aaa9402664f1a41f40ebbc52c9993eb66aeb366602958fdfaa283b71e64db123,aaa9402664f1a41f40ebbc52c9993eb66aeb366602958fdfaa283b71e64db123,"{""basis"":""ordered nested-math atom; exact symbolic replay"",""kind"":""source-target-formula-map""}"
1.1.0,formula,O007-FREMLIN-V2-S233-FORMULA-0117,O007-FREMLIN-V2-S233,O007-RIGHTS-FREMLIN-DSL,O007-FREMLIN-V2-S233-SEG-233CC,117,233Cc,233Cc,144,149,6076,6079,6671,6674,f,f,252f10c83610ebca1a059c0bae8255eba2f95be4d1d7bcfa89d7248a82d9f111,252f10c83610ebca1a059c0bae8255eba2f95be4d1d7bcfa89d7248a82d9f111,252f10c83610ebca1a059c0bae8255eba2f95be4d1d7bcfa89d7248a82d9f111,$,,252f10c83610ebca1a059c0bae8255eba2f95be4d1d7bcfa89d7248a82d9f111,252f10c83610ebca1a059c0bae8255eba2f95be4d1d7bcfa89d7248a82d9f111,"{""basis"":""ordered nested-math atom; exact symbolic replay"",""kind"":""source-target-formula-map""}"
1.1.0,formula,O007-FREMLIN-V2-S233-FORMULA-0118,O007-FREMLIN-V2-S233,O007-RIGHTS-FREMLIN-DSL,O007-FREMLIN-V2-S233-SEG-233CC,118,233Cc,233Cc,144,149,6105,6108,6702,6705,X,X,4b68ab3847feda7d6c62c1fbcbeebfa35eab7351ed5e78f4ddadea5df64b8015,4b68ab3847feda7d6c62c1fbcbeebfa35eab7351ed5e78f4ddadea5df64b8015,4b68ab3847feda7d6c62c1fbcbeebfa35eab7351ed5e78f4ddadea5df64b8015,$,,4b68ab3847feda7d6c62c1fbcbeebfa35eab7351ed5e78f4ddadea5df64b8015,4b68ab3847feda7d6c62c1fbcbeebfa35eab7351ed5e78f4ddadea5df64b8015,"{""basis"":""ordered nested-math atom; exact symbolic replay"",""kind"":""source-target-formula-map""}"
1.1.0,formula,O007-FREMLIN-V2-S233-FORMULA-0119,O007-FREMLIN-V2-S233,O007-RIGHTS-FREMLIN-DSL,O007-FREMLIN-V2-S233-SEG-233CC,119,233Cc,233Cc,145,150,6115,6131,6710,6726,\mu\restrp\Tau,\mu\restrp\Tau,0ef3002e608187cafba25389501fbb651adb17c2300ae86b2a55367b1159009e,0ef3002e608187cafba25389501fbb651adb17c2300ae86b2a55367b1159009e,0ef3002e608187cafba25389501fbb651adb17c2300ae86b2a55367b1159009e,$,,0ef3002e608187cafba25389501fbb651adb17c2300ae86b2a55367b1159009e,0ef3002e608187cafba25389501fbb651adb17c2300ae86b2a55367b1159009e,"{""basis"":""ordered nested-math atom; exact symbolic replay"",""kind"":""source-target-formula-map""}"
1.1.0,formula,O007-FREMLIN-V2-S233-FORMULA-0120,O007-FREMLIN-V2-S233,O007-RIGHTS-FREMLIN-DSL,O007-FREMLIN-V2-S233-SEG-233CC,120,233Cc,233Cc,145,150,6160,6163,6752,6755,f,f,252f10c83610ebca1a059c0bae8255eba2f95be4d1d7bcfa89d7248a82d9f111,252f10c83610ebca1a059c0bae8255eba2f95be4d1d7bcfa89d7248a82d9f111,252f10c83610ebca1a059c0bae8255eba2f95be4d1d7bcfa89d7248a82d9f111,$,,252f10c83610ebca1a059c0bae8255eba2f95be4d1d7bcfa89d7248a82d9f111,252f10c83610ebca1a059c0bae8255eba2f95be4d1d7bcfa89d7248a82d9f111,"{""basis"":""ordered nested-math atom; exact symbolic replay"",""kind"":""source-target-formula-map""}"
1.1.0,formula,O007-FREMLIN-V2-S233-FORMULA-0121,O007-FREMLIN-V2-S233,O007-RIGHTS-FREMLIN-DSL,O007-FREMLIN-V2-S233-SEG-233CC,121,233Cc,233Cc,146,151,6168,6184,6756,6772,\mu\restrp\Tau,\mu\restrp\Tau,0ef3002e608187cafba25389501fbb651adb17c2300ae86b2a55367b1159009e,0ef3002e608187cafba25389501fbb651adb17c2300ae86b2a55367b1159009e,0ef3002e608187cafba25389501fbb651adb17c2300ae86b2a55367b1159009e,$,,0ef3002e608187cafba25389501fbb651adb17c2300ae86b2a55367b1159009e,0ef3002e608187cafba25389501fbb651adb17c2300ae86b2a55367b1159009e,"{""basis"":""ordered nested-math atom; exact symbolic replay"",""kind"":""source-target-formula-map""}"
1.1.0,formula,O007-FREMLIN-V2-S233-FORMULA-0122,O007-FREMLIN-V2-S233,O007-RIGHTS-FREMLIN-DSL,O007-FREMLIN-V2-S233-SEG-233CC,122,233Cc,233Cc,146,152,6206,6211,6824,6829,\mu,\mu,492247e1bab15272d1e53b8015c042bf6fa0cb8f23ec52cad93d6ba80dafb804,492247e1bab15272d1e53b8015c042bf6fa0cb8f23ec52cad93d6ba80dafb804,492247e1bab15272d1e53b8015c042bf6fa0cb8f23ec52cad93d6ba80dafb804,$,,492247e1bab15272d1e53b8015c042bf6fa0cb8f23ec52cad93d6ba80dafb804,492247e1bab15272d1e53b8015c042bf6fa0cb8f23ec52cad93d6ba80dafb804,"{""basis"":""ordered nested-math atom; exact symbolic replay"",""kind"":""source-target-formula-map""}"
1.1.0,formula,O007-FREMLIN-V2-S233-FORMULA-0123,O007-FREMLIN-V2-S233,O007-RIGHTS-FREMLIN-DSL,O007-FREMLIN-V2-S233-SEG-233CC,123,233Cc,233Cc,147,152,6228,6234,6866,6872,\Tau,\Tau,a34699b8745d985590df162103fdf28f3ec3426d7f12ca80a1b9c6f87686099a,a34699b8745d985590df162103fdf28f3ec3426d7f12ca80a1b9c6f87686099a,a34699b8745d985590df162103fdf28f3ec3426d7f12ca80a1b9c6f87686099a,$,,a34699b8745d985590df162103fdf28f3ec3426d7f12ca80a1b9c6f87686099a,a34699b8745d985590df162103fdf28f3ec3426d7f12ca80a1b9c6f87686099a,"{""basis"":""ordered nested-math atom; exact symbolic replay"",""kind"":""source-target-formula-map""}"
1.1.0,formula,O007-FREMLIN-V2-S233-FORMULA-0124,O007-FREMLIN-V2-S233,O007-RIGHTS-FREMLIN-DSL,O007-FREMLIN-V2-S233-SEG-233CC,124,233Cc,233Cc,148,154,6338,6354,6974,6990,\mu\restrp\Tau,\mu\restrp\Tau,0ef3002e608187cafba25389501fbb651adb17c2300ae86b2a55367b1159009e,0ef3002e608187cafba25389501fbb651adb17c2300ae86b2a55367b1159009e,0ef3002e608187cafba25389501fbb651adb17c2300ae86b2a55367b1159009e,$,,0ef3002e608187cafba25389501fbb651adb17c2300ae86b2a55367b1159009e,0ef3002e608187cafba25389501fbb651adb17c2300ae86b2a55367b1159009e,"{""basis"":""ordered nested-math atom; exact symbolic replay"",""kind"":""source-target-formula-map""}"
1.1.0,formula,O007-FREMLIN-V2-S233-FORMULA-0125,O007-FREMLIN-V2-S233,O007-RIGHTS-FREMLIN-DSL,O007-FREMLIN-V2-S233-SEG-233D,125,233D,233D,152,158,6491,6507,7138,7154,"(X,\Sigma,\mu)","(X,\Sigma,\mu)",05e9b769403b4c7926a944d5aaa03f00bb216412bc3f850e41b3c28de657aa67,05e9b769403b4c7926a944d5aaa03f00bb216412bc3f850e41b3c28de657aa67,05e9b769403b4c7926a944d5aaa03f00bb216412bc3f850e41b3c28de657aa67,$,,05e9b769403b4c7926a944d5aaa03f00bb216412bc3f850e41b3c28de657aa67,05e9b769403b4c7926a944d5aaa03f00bb216412bc3f850e41b3c28de657aa67,"{""basis"":""ordered nested-math atom; exact symbolic replay"",""kind"":""source-target-formula-map""}"
1.1.0,formula,O007-FREMLIN-V2-S233-FORMULA-0126,O007-FREMLIN-V2-S233,O007-RIGHTS-FREMLIN-DSL,O007-FREMLIN-V2-S233-SEG-233D,126,233D,233D,154,159,6571,6580,7212,7221,\mu X=1,\mu X=1,e30eff361260242f6cee39f0c58364ff5ceb0a0e8196a71ba7f17838d6794655,e30eff361260242f6cee39f0c58364ff5ceb0a0e8196a71ba7f17838d6794655,d02b47a80259cb904f45d713bac15e15f65143902fea1bfaac3f93c0f86cfdd0,$,,d02b47a80259cb904f45d713bac15e15f65143902fea1bfaac3f93c0f86cfdd0,d02b47a80259cb904f45d713bac15e15f65143902fea1bfaac3f93c0f86cfdd0,"{""basis"":""ordered nested-math atom; exact symbolic replay"",""kind"":""source-target-formula-map""}"
1.1.0,formula,O007-FREMLIN-V2-S233-FORMULA-0127,O007-FREMLIN-V2-S233,O007-RIGHTS-FREMLIN-DSL,O007-FREMLIN-V2-S233-SEG-233D,127,233D,233D,159,164,6825,6846,7491,7512,\Tau\subseteq\Sigma,\Tau\subseteq\Sigma,a4c80d0da828ca350730771dd03af8755352367db9434cb8a2bee6dadac32b70,a4c80d0da828ca350730771dd03af8755352367db9434cb8a2bee6dadac32b70,a4c80d0da828ca350730771dd03af8755352367db9434cb8a2bee6dadac32b70,$,,a4c80d0da828ca350730771dd03af8755352367db9434cb8a2bee6dadac32b70,a4c80d0da828ca350730771dd03af8755352367db9434cb8a2bee6dadac32b70,"{""basis"":""ordered nested-math atom; exact symbolic replay"",""kind"":""source-target-formula-map""}"
1.1.0,formula,O007-FREMLIN-V2-S233-FORMULA-0128,O007-FREMLIN-V2-S233,O007-RIGHTS-FREMLIN-DSL,O007-FREMLIN-V2-S233-SEG-233D,128,233D,233D,159,164,6852,6860,7530,7538,\sigma,\sigma,9c3245dfb4ac54c1623a60e7b8d1fc07cb02eae1229435230c7dab5e71083a26,9c3245dfb4ac54c1623a60e7b8d1fc07cb02eae1229435230c7dab5e71083a26,9c3245dfb4ac54c1623a60e7b8d1fc07cb02eae1229435230c7dab5e71083a26,$,,9c3245dfb4ac54c1623a60e7b8d1fc07cb02eae1229435230c7dab5e71083a26,9c3245dfb4ac54c1623a60e7b8d1fc07cb02eae1229435230c7dab5e71083a26,"{""basis"":""ordered nested-math atom; exact symbolic replay"",""kind"":""source-target-formula-map""}"
1.1.0,formula,O007-FREMLIN-V2-S233-FORMULA-0129,O007-FREMLIN-V2-S233,O007-RIGHTS-FREMLIN-DSL,O007-FREMLIN-V2-S233-SEG-233D,129,233D,233D,160,165,6884,6887,7552,7555,f,f,252f10c83610ebca1a059c0bae8255eba2f95be4d1d7bcfa89d7248a82d9f111,252f10c83610ebca1a059c0bae8255eba2f95be4d1d7bcfa89d7248a82d9f111,252f10c83610ebca1a059c0bae8255eba2f95be4d1d7bcfa89d7248a82d9f111,$,,252f10c83610ebca1a059c0bae8255eba2f95be4d1d7bcfa89d7248a82d9f111,252f10c83610ebca1a059c0bae8255eba2f95be4d1d7bcfa89d7248a82d9f111,"{""basis"":""ordered nested-math atom; exact symbolic replay"",""kind"":""source-target-formula-map""}"
1.1.0,formula,O007-FREMLIN-V2-S233-FORMULA-0130,O007-FREMLIN-V2-S233,O007-RIGHTS-FREMLIN-DSL,O007-FREMLIN-V2-S233-SEG-233D,130,233D,233D,160,165,6893,6898,7588,7593,\mu,\mu,492247e1bab15272d1e53b8015c042bf6fa0cb8f23ec52cad93d6ba80dafb804,492247e1bab15272d1e53b8015c042bf6fa0cb8f23ec52cad93d6ba80dafb804,492247e1bab15272d1e53b8015c042bf6fa0cb8f23ec52cad93d6ba80dafb804,$,,492247e1bab15272d1e53b8015c042bf6fa0cb8f23ec52cad93d6ba80dafb804,492247e1bab15272d1e53b8015c042bf6fa0cb8f23ec52cad93d6ba80dafb804,"{""basis"":""ordered nested-math atom; exact symbolic replay"",""kind"":""source-target-formula-map""}"
1.1.0,formula,O007-FREMLIN-V2-S233-FORMULA-0131,O007-FREMLIN-V2-S233,O007-RIGHTS-FREMLIN-DSL,O007-FREMLIN-V2-S233-SEG-233D,131,233D,233D,161,166,6944,6960,7626,7642,\mu\restrp\Tau,\mu\restrp\Tau,0ef3002e608187cafba25389501fbb651adb17c2300ae86b2a55367b1159009e,0ef3002e608187cafba25389501fbb651adb17c2300ae86b2a55367b1159009e,0ef3002e608187cafba25389501fbb651adb17c2300ae86b2a55367b1159009e,$,,0ef3002e608187cafba25389501fbb651adb17c2300ae86b2a55367b1159009e,0ef3002e608187cafba25389501fbb651adb17c2300ae86b2a55367b1159009e,"{""basis"":""ordered nested-math atom; exact symbolic replay"",""kind"":""source-target-formula-map""}"
1.1.0,formula,O007-FREMLIN-V2-S233-FORMULA-0132,O007-FREMLIN-V2-S233,O007-RIGHTS-FREMLIN-DSL,O007-FREMLIN-V2-S233-SEG-233D,132,233D,233D,161,166,6981,6984,7658,7661,g,g,cd0aa9856147b6c5b4ff2b7dfee5da20aa38253099ef1b4a64aced233c9afe29,cd0aa9856147b6c5b4ff2b7dfee5da20aa38253099ef1b4a64aced233c9afe29,cd0aa9856147b6c5b4ff2b7dfee5da20aa38253099ef1b4a64aced233c9afe29,$,,cd0aa9856147b6c5b4ff2b7dfee5da20aa38253099ef1b4a64aced233c9afe29,cd0aa9856147b6c5b4ff2b7dfee5da20aa38253099ef1b4a64aced233c9afe29,"{""basis"":""ordered nested-math atom; exact symbolic replay"",""kind"":""source-target-formula-map""}"
1.1.0,formula,O007-FREMLIN-V2-S233-FORMULA-0133,O007-FREMLIN-V2-S233,O007-RIGHTS-FREMLIN-DSL,O007-FREMLIN-V2-S233-SEG-233D,133,233D,233D,161,167,6995,7012,7682,7699,\int_Fg=\int_Ff,\int_Fg=\int_Ff,bc58a833ff1a63995d8b04a9d62c1e85429dccb07ded60c221436253f3492a6a,bc58a833ff1a63995d8b04a9d62c1e85429dccb07ded60c221436253f3492a6a,bc58a833ff1a63995d8b04a9d62c1e85429dccb07ded60c221436253f3492a6a,$,,bc58a833ff1a63995d8b04a9d62c1e85429dccb07ded60c221436253f3492a6a,bc58a833ff1a63995d8b04a9d62c1e85429dccb07ded60c221436253f3492a6a,"{""basis"":""ordered nested-math atom; exact symbolic replay"",""kind"":""source-target-formula-map""}"
1.1.0,formula,O007-FREMLIN-V2-S233-FORMULA-0134,O007-FREMLIN-V2-S233,O007-RIGHTS-FREMLIN-DSL,O007-FREMLIN-V2-S233-SEG-233D,134,233D,233D,162,167,7024,7034,7713,7723,F\in\Tau,F\in\Tau,1c89dd885b17d49d2d61b2430cf1f8956e6b04ce6f3295ea1c11ffbf00b7fb98,1c89dd885b17d49d2d61b2430cf1f8956e6b04ce6f3295ea1c11ffbf00b7fb98,1c89dd885b17d49d2d61b2430cf1f8956e6b04ce6f3295ea1c11ffbf00b7fb98,$,,1c89dd885b17d49d2d61b2430cf1f8956e6b04ce6f3295ea1c11ffbf00b7fb98,1c89dd885b17d49d2d61b2430cf1f8956e6b04ce6f3295ea1c11ffbf00b7fb98,"{""basis"":""ordered nested-math atom; exact symbolic replay"",""kind"":""source-target-formula-map""}"
1.1.0,formula,O007-FREMLIN-V2-S233-FORMULA-0135,O007-FREMLIN-V2-S233,O007-RIGHTS-FREMLIN-DSL,O007-FREMLIN-V2-S233-SEG-233D,135,233D,233D,163,168,7093,7096,7792,7795,f,f,252f10c83610ebca1a059c0bae8255eba2f95be4d1d7bcfa89d7248a82d9f111,252f10c83610ebca1a059c0bae8255eba2f95be4d1d7bcfa89d7248a82d9f111,252f10c83610ebca1a059c0bae8255eba2f95be4d1d7bcfa89d7248a82d9f111,$,,252f10c83610ebca1a059c0bae8255eba2f95be4d1d7bcfa89d7248a82d9f111,252f10c83610ebca1a059c0bae8255eba2f95be4d1d7bcfa89d7248a82d9f111,"{""basis"":""ordered nested-math atom; exact symbolic replay"",""kind"":""source-target-formula-map""}"
1.1.0,formula,O007-FREMLIN-V2-S233-FORMULA-0136,O007-FREMLIN-V2-S233,O007-RIGHTS-FREMLIN-DSL,O007-FREMLIN-V2-S233-SEG-233D,136,233D,233D,163,168,7100,7106,7801,7807,\Tau,\Tau,a34699b8745d985590df162103fdf28f3ec3426d7f12ca80a1b9c6f87686099a,a34699b8745d985590df162103fdf28f3ec3426d7f12ca80a1b9c6f87686099a,a34699b8745d985590df162103fdf28f3ec3426d7f12ca80a1b9c6f87686099a,$,,a34699b8745d985590df162103fdf28f3ec3426d7f12ca80a1b9c6f87686099a,a34699b8745d985590df162103fdf28f3ec3426d7f12ca80a1b9c6f87686099a,"{""basis"":""ordered nested-math atom; exact symbolic replay"",""kind"":""source-target-formula-map""}"
1.1.0,formula,O007-FREMLIN-V2-S233-FORMULA-0137,O007-FREMLIN-V2-S233,O007-RIGHTS-FREMLIN-DSL,O007-FREMLIN-V2-S233-SEG-233DA,137,233Da,233Da,166,171,7154,7159,7883,7888,\mu,\mu,492247e1bab15272d1e53b8015c042bf6fa0cb8f23ec52cad93d6ba80dafb804,492247e1bab15272d1e53b8015c042bf6fa0cb8f23ec52cad93d6ba80dafb804,492247e1bab15272d1e53b8015c042bf6fa0cb8f23ec52cad93d6ba80dafb804,$,,492247e1bab15272d1e53b8015c042bf6fa0cb8f23ec52cad93d6ba80dafb804,492247e1bab15272d1e53b8015c042bf6fa0cb8f23ec52cad93d6ba80dafb804,"{""basis"":""ordered nested-math atom; exact symbolic replay"",""kind"":""source-target-formula-map""}"
1.1.0,formula,O007-FREMLIN-V2-S233-FORMULA-0138,O007-FREMLIN-V2-S233,O007-RIGHTS-FREMLIN-DSL,O007-FREMLIN-V2-S233-SEG-233DA,138,233Da,233Da,166,171,7192,7195,7916,7919,f,f,252f10c83610ebca1a059c0bae8255eba2f95be4d1d7bcfa89d7248a82d9f111,252f10c83610ebca1a059c0bae8255eba2f95be4d1d7bcfa89d7248a82d9f111,252f10c83610ebca1a059c0bae8255eba2f95be4d1d7bcfa89d7248a82d9f111,$,,252f10c83610ebca1a059c0bae8255eba2f95be4d1d7bcfa89d7248a82d9f111,252f10c83610ebca1a059c0bae8255eba2f95be4d1d7bcfa89d7248a82d9f111,"{""basis"":""ordered nested-math atom; exact symbolic replay"",""kind"":""source-target-formula-map""}"
1.1.0,formula,O007-FREMLIN-V2-S233-FORMULA-0139,O007-FREMLIN-V2-S233,O007-RIGHTS-FREMLIN-DSL,O007-FREMLIN-V2-S233-SEG-233DA,139,233Da,233Da,167,172,7233,7236,7980,7983,X,X,4b68ab3847feda7d6c62c1fbcbeebfa35eab7351ed5e78f4ddadea5df64b8015,4b68ab3847feda7d6c62c1fbcbeebfa35eab7351ed5e78f4ddadea5df64b8015,4b68ab3847feda7d6c62c1fbcbeebfa35eab7351ed5e78f4ddadea5df64b8015,$,,4b68ab3847feda7d6c62c1fbcbeebfa35eab7351ed5e78f4ddadea5df64b8015,4b68ab3847feda7d6c62c1fbcbeebfa35eab7351ed5e78f4ddadea5df64b8015,"{""basis"":""ordered nested-math atom; exact symbolic replay"",""kind"":""source-target-formula-map""}"
1.1.0,formula,O007-FREMLIN-V2-S233-FORMULA-0140,O007-FREMLIN-V2-S233,O007-RIGHTS-FREMLIN-DSL,O007-FREMLIN-V2-S233-SEG-233DA,140,233Da,233Da,168,173,7283,7306,8037,8060,\nu_f:\Sigma\to\Bbb R,\nu_f:\Sigma\to\Bbb R,49cfed016c03c634567362c032220157fa2b35ff69e00623c83fa432168f3ad9,49cfed016c03c634567362c032220157fa2b35ff69e00623c83fa432168f3ad9,eadc084ccacd0ed6bfff4d121b15f9387268420dc319c74da58026009e68ba13,$,,eadc084ccacd0ed6bfff4d121b15f9387268420dc319c74da58026009e68ba13,eadc084ccacd0ed6bfff4d121b15f9387268420dc319c74da58026009e68ba13,"{""basis"":""ordered nested-math atom; exact symbolic replay"",""kind"":""source-target-formula-map""}"
1.1.0,formula,O007-FREMLIN-V2-S233-FORMULA-0141,O007-FREMLIN-V2-S233,O007-RIGHTS-FREMLIN-DSL,O007-FREMLIN-V2-S233-SEG-233DA,141,233Da,233Da,168,174,7328,7344,8088,8104,\nu_fE=\int_Ef,\nu_fE=\int_Ef,d0dc075570508c83ddad022b7d4f3a31d2bac47fbe9d36db479f9fe1b1fcd37f,d0dc075570508c83ddad022b7d4f3a31d2bac47fbe9d36db479f9fe1b1fcd37f,d0dc075570508c83ddad022b7d4f3a31d2bac47fbe9d36db479f9fe1b1fcd37f,$,,d0dc075570508c83ddad022b7d4f3a31d2bac47fbe9d36db479f9fe1b1fcd37f,d0dc075570508c83ddad022b7d4f3a31d2bac47fbe9d36db479f9fe1b1fcd37f,"{""basis"":""ordered nested-math atom; exact symbolic replay"",""kind"":""source-target-formula-map""}"
1.1.0,formula,O007-FREMLIN-V2-S233-FORMULA-0142,O007-FREMLIN-V2-S233,O007-RIGHTS-FREMLIN-DSL,O007-FREMLIN-V2-S233-SEG-233DA,142,233Da,233Da,169,174,7356,7368,8118,8130,E\in\Sigma,E\in\Sigma,afe4bbaaedba5158924d3a0bd77f0304472650e71de5aed22515cc3a0a8e1bd2,afe4bbaaedba5158924d3a0bd77f0304472650e71de5aed22515cc3a0a8e1bd2,afe4bbaaedba5158924d3a0bd77f0304472650e71de5aed22515cc3a0a8e1bd2,$,,afe4bbaaedba5158924d3a0bd77f0304472650e71de5aed22515cc3a0a8e1bd2,afe4bbaaedba5158924d3a0bd77f0304472650e71de5aed22515cc3a0a8e1bd2,"{""basis"":""ordered nested-math atom; exact symbolic replay"",""kind"":""source-target-formula-map""}"
1.1.0,formula,O007-FREMLIN-V2-S233-FORMULA-0143,O007-FREMLIN-V2-S233,O007-RIGHTS-FREMLIN-DSL,O007-FREMLIN-V2-S233-SEG-233DA,143,233Da,233Da,169,174,7385,7392,8148,8155,\nu_f,\nu_f,c7463eebe44dde9726c29725dc9592f35dc60a8acda198d22ee5b31d1c2344b1,c7463eebe44dde9726c29725dc9592f35dc60a8acda198d22ee5b31d1c2344b1,c7463eebe44dde9726c29725dc9592f35dc60a8acda198d22ee5b31d1c2344b1,$,,c7463eebe44dde9726c29725dc9592f35dc60a8acda198d22ee5b31d1c2344b1,c7463eebe44dde9726c29725dc9592f35dc60a8acda198d22ee5b31d1c2344b1,"{""basis"":""ordered nested-math atom; exact symbolic replay"",""kind"":""source-target-formula-map""}"
1.1.0,formula,O007-FREMLIN-V2-S233-FORMULA-0144,O007-FREMLIN-V2-S233,O007-RIGHTS-FREMLIN-DSL,O007-FREMLIN-V2-S233-SEG-233DA,144,233Da,233Da,170,175,7453,7458,8201,8206,\mu,\mu,492247e1bab15272d1e53b8015c042bf6fa0cb8f23ec52cad93d6ba80dafb804,492247e1bab15272d1e53b8015c042bf6fa0cb8f23ec52cad93d6ba80dafb804,492247e1bab15272d1e53b8015c042bf6fa0cb8f23ec52cad93d6ba80dafb804,$,,492247e1bab15272d1e53b8015c042bf6fa0cb8f23ec52cad93d6ba80dafb804,492247e1bab15272d1e53b8015c042bf6fa0cb8f23ec52cad93d6ba80dafb804,"{""basis"":""ordered nested-math atom; exact symbolic replay"",""kind"":""source-target-formula-map""}"
1.1.0,formula,O007-FREMLIN-V2-S233-FORMULA-0145,O007-FREMLIN-V2-S233,O007-RIGHTS-FREMLIN-DSL,O007-FREMLIN-V2-S233-SEG-233DA,145,233Da,233Da,172,177,7593,7609,8337,8353,\mu\restrp\Tau,\mu\restrp\Tau,0ef3002e608187cafba25389501fbb651adb17c2300ae86b2a55367b1159009e,0ef3002e608187cafba25389501fbb651adb17c2300ae86b2a55367b1159009e,0ef3002e608187cafba25389501fbb651adb17c2300ae86b2a55367b1159009e,$,,0ef3002e608187cafba25389501fbb651adb17c2300ae86b2a55367b1159009e,0ef3002e608187cafba25389501fbb651adb17c2300ae86b2a55367b1159009e,"{""basis"":""ordered nested-math atom; exact symbolic replay"",""kind"":""source-target-formula-map""}"
1.1.0,formula,O007-FREMLIN-V2-S233-FORMULA-0146,O007-FREMLIN-V2-S233,O007-RIGHTS-FREMLIN-DSL,O007-FREMLIN-V2-S233-SEG-233DA,146,233Da,233Da,172,178,7611,7629,8358,8376,\nu_f\restrp\Tau,\nu_f\restrp\Tau,c6cb4c1c77a728221df28a55d16afbe51edda57044ba2ca5f3b143becf36de0f,c6cb4c1c77a728221df28a55d16afbe51edda57044ba2ca5f3b143becf36de0f,c6cb4c1c77a728221df28a55d16afbe51edda57044ba2ca5f3b143becf36de0f,$,,c6cb4c1c77a728221df28a55d16afbe51edda57044ba2ca5f3b143becf36de0f,c6cb4c1c77a728221df28a55d16afbe51edda57044ba2ca5f3b143becf36de0f,"{""basis"":""ordered nested-math atom; exact symbolic replay"",""kind"":""source-target-formula-map""}"
1.1.0,formula,O007-FREMLIN-V2-S233-FORMULA-0147,O007-FREMLIN-V2-S233,O007-RIGHTS-FREMLIN-DSL,O007-FREMLIN-V2-S233-SEG-233DA,147,233Da,233Da,172,178,7633,7638,8382,8387,\mu,\mu,492247e1bab15272d1e53b8015c042bf6fa0cb8f23ec52cad93d6ba80dafb804,492247e1bab15272d1e53b8015c042bf6fa0cb8f23ec52cad93d6ba80dafb804,492247e1bab15272d1e53b8015c042bf6fa0cb8f23ec52cad93d6ba80dafb804,$,,492247e1bab15272d1e53b8015c042bf6fa0cb8f23ec52cad93d6ba80dafb804,492247e1bab15272d1e53b8015c042bf6fa0cb8f23ec52cad93d6ba80dafb804,"{""basis"":""ordered nested-math atom; exact symbolic replay"",""kind"":""source-target-formula-map""}"
1.1.0,formula,O007-FREMLIN-V2-S233-FORMULA-0148,O007-FREMLIN-V2-S233,O007-RIGHTS-FREMLIN-DSL,O007-FREMLIN-V2-S233-SEG-233DA,148,233Da,233Da,173,178,7644,7651,8392,8399,\nu_f,\nu_f,c7463eebe44dde9726c29725dc9592f35dc60a8acda198d22ee5b31d1c2344b1,c7463eebe44dde9726c29725dc9592f35dc60a8acda198d22ee5b31d1c2344b1,c7463eebe44dde9726c29725dc9592f35dc60a8acda198d22ee5b31d1c2344b1,$,,c7463eebe44dde9726c29725dc9592f35dc60a8acda198d22ee5b31d1c2344b1,c7463eebe44dde9726c29725dc9592f35dc60a8acda198d22ee5b31d1c2344b1,"{""basis"":""ordered nested-math atom; exact symbolic replay"",""kind"":""source-target-formula-map""}"
1.1.0,formula,O007-FREMLIN-V2-S233-FORMULA-0149,O007-FREMLIN-V2-S233,O007-RIGHTS-FREMLIN-DSL,O007-FREMLIN-V2-S233-SEG-233DA,149,233Da,233Da,173,178,7659,7667,8413,8421,\sigma,\sigma,9c3245dfb4ac54c1623a60e7b8d1fc07cb02eae1229435230c7dab5e71083a26,9c3245dfb4ac54c1623a60e7b8d1fc07cb02eae1229435230c7dab5e71083a26,9c3245dfb4ac54c1623a60e7b8d1fc07cb02eae1229435230c7dab5e71083a26,$,,9c3245dfb4ac54c1623a60e7b8d1fc07cb02eae1229435230c7dab5e71083a26,9c3245dfb4ac54c1623a60e7b8d1fc07cb02eae1229435230c7dab5e71083a26,"{""basis"":""ordered nested-math atom; exact symbolic replay"",""kind"":""source-target-formula-map""}"
1.1.0,formula,O007-FREMLIN-V2-S233-FORMULA-0150,O007-FREMLIN-V2-S233,O007-RIGHTS-FREMLIN-DSL,O007-FREMLIN-V2-S233-SEG-233DA,150,233Da,233Da,173,178,7676,7682,8422,8428,\Tau,\Tau,a34699b8745d985590df162103fdf28f3ec3426d7f12ca80a1b9c6f87686099a,a34699b8745d985590df162103fdf28f3ec3426d7f12ca80a1b9c6f87686099a,a34699b8745d985590df162103fdf28f3ec3426d7f12ca80a1b9c6f87686099a,$,,a34699b8745d985590df162103fdf28f3ec3426d7f12ca80a1b9c6f87686099a,a34699b8745d985590df162103fdf28f3ec3426d7f12ca80a1b9c6f87686099a,"{""basis"":""ordered nested-math atom; exact symbolic replay"",""kind"":""source-target-formula-map""}"
1.1.0,formula,O007-FREMLIN-V2-S233-FORMULA-0151,O007-FREMLIN-V2-S233,O007-RIGHTS-FREMLIN-DSL,O007-FREMLIN-V2-S233-SEG-233DA,151,233Da,233Da,176,180,7787,7805,8509,8527,\nu_f\restrp\Tau,\nu_f\restrp\Tau,c6cb4c1c77a728221df28a55d16afbe51edda57044ba2ca5f3b143becf36de0f,c6cb4c1c77a728221df28a55d16afbe51edda57044ba2ca5f3b143becf36de0f,c6cb4c1c77a728221df28a55d16afbe51edda57044ba2ca5f3b143becf36de0f,$,,c6cb4c1c77a728221df28a55d16afbe51edda57044ba2ca5f3b143becf36de0f,c6cb4c1c77a728221df28a55d16afbe51edda57044ba2ca5f3b143becf36de0f,"{""basis"":""ordered nested-math atom; exact symbolic replay"",""kind"":""source-target-formula-map""}"
1.1.0,formula,O007-FREMLIN-V2-S233-FORMULA-0152,O007-FREMLIN-V2-S233,O007-RIGHTS-FREMLIN-DSL,O007-FREMLIN-V2-S233-SEG-233DA,152,233Da,233Da,177,181,7871,7887,8573,8589,\mu\restrp\Tau,\mu\restrp\Tau,0ef3002e608187cafba25389501fbb651adb17c2300ae86b2a55367b1159009e,0ef3002e608187cafba25389501fbb651adb17c2300ae86b2a55367b1159009e,0ef3002e608187cafba25389501fbb651adb17c2300ae86b2a55367b1159009e,$,,0ef3002e608187cafba25389501fbb651adb17c2300ae86b2a55367b1159009e,0ef3002e608187cafba25389501fbb651adb17c2300ae86b2a55367b1159009e,"{""basis"":""ordered nested-math atom; exact symbolic replay"",""kind"":""source-target-formula-map""}"
1.1.0,formula,O007-FREMLIN-V2-S233-FORMULA-0153,O007-FREMLIN-V2-S233,O007-RIGHTS-FREMLIN-DSL,O007-FREMLIN-V2-S233-SEG-233DA,153,233Da,233Da,178,182,7933,7949,8624,8640,\mu\restrp\Tau,\mu\restrp\Tau,0ef3002e608187cafba25389501fbb651adb17c2300ae86b2a55367b1159009e,0ef3002e608187cafba25389501fbb651adb17c2300ae86b2a55367b1159009e,0ef3002e608187cafba25389501fbb651adb17c2300ae86b2a55367b1159009e,$,,0ef3002e608187cafba25389501fbb651adb17c2300ae86b2a55367b1159009e,0ef3002e608187cafba25389501fbb651adb17c2300ae86b2a55367b1159009e,"{""basis"":""ordered nested-math atom; exact symbolic replay"",""kind"":""source-target-formula-map""}"
1.1.0,formula,O007-FREMLIN-V2-S233-FORMULA-0154,O007-FREMLIN-V2-S233,O007-RIGHTS-FREMLIN-DSL,O007-FREMLIN-V2-S233-SEG-233DA,154,233Da,233Da,180,183,8029,8045,8717,8733,\mu\restrp\Tau,\mu\restrp\Tau,0ef3002e608187cafba25389501fbb651adb17c2300ae86b2a55367b1159009e,0ef3002e608187cafba25389501fbb651adb17c2300ae86b2a55367b1159009e,0ef3002e608187cafba25389501fbb651adb17c2300ae86b2a55367b1159009e,$,,0ef3002e608187cafba25389501fbb651adb17c2300ae86b2a55367b1159009e,0ef3002e608187cafba25389501fbb651adb17c2300ae86b2a55367b1159009e,"{""basis"":""ordered nested-math atom; exact symbolic replay"",""kind"":""source-target-formula-map""}"
1.1.0,formula,O007-FREMLIN-V2-S233-FORMULA-0155,O007-FREMLIN-V2-S233,O007-RIGHTS-FREMLIN-DSL,O007-FREMLIN-V2-S233-SEG-233DA,155,233Da,233Da,180,183,8066,8069,8749,8752,g,g,cd0aa9856147b6c5b4ff2b7dfee5da20aa38253099ef1b4a64aced233c9afe29,cd0aa9856147b6c5b4ff2b7dfee5da20aa38253099ef1b4a64aced233c9afe29,cd0aa9856147b6c5b4ff2b7dfee5da20aa38253099ef1b4a64aced233c9afe29,$,,cd0aa9856147b6c5b4ff2b7dfee5da20aa38253099ef1b4a64aced233c9afe29,cd0aa9856147b6c5b4ff2b7dfee5da20aa38253099ef1b4a64aced233c9afe29,"{""basis"":""ordered nested-math atom; exact symbolic replay"",""kind"":""source-target-formula-map""}"
1.1.0,formula,O007-FREMLIN-V2-S233-FORMULA-0156,O007-FREMLIN-V2-S233,O007-RIGHTS-FREMLIN-DSL,O007-FREMLIN-V2-S233-SEG-233DA,156,233Da,233Da,181,184,8081,8129,8773,8821,"(\nu_f\restrp\Tau)F=\int_Fg\,d(\mu\restrp\Tau)","(\nu_f\restrp\Tau)F=\int_Fg\,d(\mu\restrp\Tau)",38836bc0b50ccb80f670b683a7d73132206a11da5665ad8dfc43f7d60f6a5a2e,38836bc0b50ccb80f670b683a7d73132206a11da5665ad8dfc43f7d60f6a5a2e,38836bc0b50ccb80f670b683a7d73132206a11da5665ad8dfc43f7d60f6a5a2e,$,,38836bc0b50ccb80f670b683a7d73132206a11da5665ad8dfc43f7d60f6a5a2e,38836bc0b50ccb80f670b683a7d73132206a11da5665ad8dfc43f7d60f6a5a2e,"{""basis"":""ordered nested-math atom; exact symbolic replay"",""kind"":""source-target-formula-map""}"
1.1.0,formula,O007-FREMLIN-V2-S233-FORMULA-0157,O007-FREMLIN-V2-S233,O007-RIGHTS-FREMLIN-DSL,O007-FREMLIN-V2-S233-SEG-233DA,157,233Da,233Da,181,185,8140,8150,8835,8845,F\in\Tau,F\in\Tau,1c89dd885b17d49d2d61b2430cf1f8956e6b04ce6f3295ea1c11ffbf00b7fb98,1c89dd885b17d49d2d61b2430cf1f8956e6b04ce6f3295ea1c11ffbf00b7fb98,1c89dd885b17d49d2d61b2430cf1f8956e6b04ce6f3295ea1c11ffbf00b7fb98,$,,1c89dd885b17d49d2d61b2430cf1f8956e6b04ce6f3295ea1c11ffbf00b7fb98,1c89dd885b17d49d2d61b2430cf1f8956e6b04ce6f3295ea1c11ffbf00b7fb98,"{""basis"":""ordered nested-math atom; exact symbolic replay"",""kind"":""source-target-formula-map""}"
1.1.0,formula,O007-FREMLIN-V2-S233-FORMULA-0158,O007-FREMLIN-V2-S233,O007-RIGHTS-FREMLIN-DSL,O007-FREMLIN-V2-S233-SEG-233DB,158,233Db,233Db,185,189,8253,8256,8955,8958,f,f,252f10c83610ebca1a059c0bae8255eba2f95be4d1d7bcfa89d7248a82d9f111,252f10c83610ebca1a059c0bae8255eba2f95be4d1d7bcfa89d7248a82d9f111,252f10c83610ebca1a059c0bae8255eba2f95be4d1d7bcfa89d7248a82d9f111,$,,252f10c83610ebca1a059c0bae8255eba2f95be4d1d7bcfa89d7248a82d9f111,252f10c83610ebca1a059c0bae8255eba2f95be4d1d7bcfa89d7248a82d9f111,"{""basis"":""ordered nested-math atom; exact symbolic replay"",""kind"":""source-target-formula-map""}"
1.1.0,formula,O007-FREMLIN-V2-S233-FORMULA-0159,O007-FREMLIN-V2-S233,O007-RIGHTS-FREMLIN-DSL,O007-FREMLIN-V2-S233-SEG-233DB,159,233Db,233Db,185,189,8261,8267,8965,8971,\Tau,\Tau,a34699b8745d985590df162103fdf28f3ec3426d7f12ca80a1b9c6f87686099a,a34699b8745d985590df162103fdf28f3ec3426d7f12ca80a1b9c6f87686099a,a34699b8745d985590df162103fdf28f3ec3426d7f12ca80a1b9c6f87686099a,$,,a34699b8745d985590df162103fdf28f3ec3426d7f12ca80a1b9c6f87686099a,a34699b8745d985590df162103fdf28f3ec3426d7f12ca80a1b9c6f87686099a,"{""basis"":""ordered nested-math atom; exact symbolic replay"",""kind"":""source-target-formula-map""}"
1.1.0,formula,O007-FREMLIN-V2-S233-FORMULA-0160,O007-FREMLIN-V2-S233,O007-RIGHTS-FREMLIN-DSL,O007-FREMLIN-V2-S233-SEG-233DB,160,233Db,233Db,186,190,8303,8319,9020,9036,\mu\restrp\Tau,\mu\restrp\Tau,0ef3002e608187cafba25389501fbb651adb17c2300ae86b2a55367b1159009e,0ef3002e608187cafba25389501fbb651adb17c2300ae86b2a55367b1159009e,0ef3002e608187cafba25389501fbb651adb17c2300ae86b2a55367b1159009e,$,,0ef3002e608187cafba25389501fbb651adb17c2300ae86b2a55367b1159009e,0ef3002e608187cafba25389501fbb651adb17c2300ae86b2a55367b1159009e,"{""basis"":""ordered nested-math atom; exact symbolic replay"",""kind"":""source-target-formula-map""}"
1.1.0,formula,O007-FREMLIN-V2-S233-FORMULA-0161,O007-FREMLIN-V2-S233,O007-RIGHTS-FREMLIN-DSL,O007-FREMLIN-V2-S233-SEG-233DB,161,233Db,233Db,187,190,8341,8344,9052,9055,g,g,cd0aa9856147b6c5b4ff2b7dfee5da20aa38253099ef1b4a64aced233c9afe29,cd0aa9856147b6c5b4ff2b7dfee5da20aa38253099ef1b4a64aced233c9afe29,cd0aa9856147b6c5b4ff2b7dfee5da20aa38253099ef1b4a64aced233c9afe29,$,,cd0aa9856147b6c5b4ff2b7dfee5da20aa38253099ef1b4a64aced233c9afe29,cd0aa9856147b6c5b4ff2b7dfee5da20aa38253099ef1b4a64aced233c9afe29,"{""basis"":""ordered nested-math atom; exact symbolic replay"",""kind"":""source-target-formula-map""}"
1.1.0,formula,O007-FREMLIN-V2-S233-FORMULA-0162,O007-FREMLIN-V2-S233,O007-RIGHTS-FREMLIN-DSL,O007-FREMLIN-V2-S233-SEG-233DB,162,233Db,233Db,187,191,8355,8395,9076,9116,"\int_Fg\,d(\mu\restrp\Tau)=\int_Ffd\mu","\int_Fg\,d(\mu\restrp\Tau)=\int_Ffd\mu",55e7045eb6409490d49a9e4bb85fa6b94363f54d0b96f5ea250234cd01fc4991,55e7045eb6409490d49a9e4bb85fa6b94363f54d0b96f5ea250234cd01fc4991,55e7045eb6409490d49a9e4bb85fa6b94363f54d0b96f5ea250234cd01fc4991,$,,55e7045eb6409490d49a9e4bb85fa6b94363f54d0b96f5ea250234cd01fc4991,55e7045eb6409490d49a9e4bb85fa6b94363f54d0b96f5ea250234cd01fc4991,"{""basis"":""ordered nested-math atom; exact symbolic replay"",""kind"":""source-target-formula-map""}"
1.1.0,formula,O007-FREMLIN-V2-S233-FORMULA-0163,O007-FREMLIN-V2-S233,O007-RIGHTS-FREMLIN-DSL,O007-FREMLIN-V2-S233-SEG-233DB,163,233Db,233Db,188,192,8407,8417,9130,9140,F\in\Tau,F\in\Tau,1c89dd885b17d49d2d61b2430cf1f8956e6b04ce6f3295ea1c11ffbf00b7fb98,1c89dd885b17d49d2d61b2430cf1f8956e6b04ce6f3295ea1c11ffbf00b7fb98,1c89dd885b17d49d2d61b2430cf1f8956e6b04ce6f3295ea1c11ffbf00b7fb98,$,,1c89dd885b17d49d2d61b2430cf1f8956e6b04ce6f3295ea1c11ffbf00b7fb98,1c89dd885b17d49d2d61b2430cf1f8956e6b04ce6f3295ea1c11ffbf00b7fb98,"{""basis"":""ordered nested-math atom; exact symbolic replay"",""kind"":""source-target-formula-map""}"
1.1.0,formula,O007-FREMLIN-V2-S233-FORMULA-0164,O007-FREMLIN-V2-S233,O007-RIGHTS-FREMLIN-DSL,O007-FREMLIN-V2-S233-SEG-233DB,164,233Db,233Db,188,192,8466,8469,9197,9200,g,g,cd0aa9856147b6c5b4ff2b7dfee5da20aa38253099ef1b4a64aced233c9afe29,cd0aa9856147b6c5b4ff2b7dfee5da20aa38253099ef1b4a64aced233c9afe29,cd0aa9856147b6c5b4ff2b7dfee5da20aa38253099ef1b4a64aced233c9afe29,$,,cd0aa9856147b6c5b4ff2b7dfee5da20aa38253099ef1b4a64aced233c9afe29,cd0aa9856147b6c5b4ff2b7dfee5da20aa38253099ef1b4a64aced233c9afe29,"{""basis"":""ordered nested-math atom; exact symbolic replay"",""kind"":""source-target-formula-map""}"
1.1.0,formula,O007-FREMLIN-V2-S233-FORMULA-0165,O007-FREMLIN-V2-S233,O007-RIGHTS-FREMLIN-DSL,O007-FREMLIN-V2-S233-SEG-233DB,165,233Db,233Db,191,195,8494,8604,9234,9342,"\int_Fg\,d(\mu\restrp\Tau)
=\int g\times\chi F\,d(\mu\restrp\Tau)
=\int g\times\chi F\, d\mu=\int_Fg\,d\mu","\int_Fg\,d(\mu\restrp\Tau)
=\int g\times\chi F\,d(\mu\restrp\Tau)
=\int g\times\chi F\, d\mu=\int_Fg\,d\mu",7f3ce51326f3fb0f9d8cc17dc796cdf5db09ac2f41253b283659bbeebbb4b303,4e2942a250a46aebedc67d2fbfbf6d3dc39557c0727e4081b46b81d8c5d29e13,ed768257bd50112b9c71d459427a9fc6dd8349a185c203fc277d7fd8041d0d39,$,,ed768257bd50112b9c71d459427a9fc6dd8349a185c203fc277d7fd8041d0d39,ed768257bd50112b9c71d459427a9fc6dd8349a185c203fc277d7fd8041d0d39,"{""basis"":""ordered nested-math atom; exact symbolic replay"",""kind"":""source-target-formula-map""}"
1.1.0,formula,O007-FREMLIN-V2-S233-FORMULA-0166,O007-FREMLIN-V2-S233,O007-RIGHTS-FREMLIN-DSL,O007-FREMLIN-V2-S233-SEG-233DB,166,233Db,233Db,195,199,8629,8639,9368,9378,F\in\Tau,F\in\Tau,1c89dd885b17d49d2d61b2430cf1f8956e6b04ce6f3295ea1c11ffbf00b7fb98,1c89dd885b17d49d2d61b2430cf1f8956e6b04ce6f3295ea1c11ffbf00b7fb98,1c89dd885b17d49d2d61b2430cf1f8956e6b04ce6f3295ea1c11ffbf00b7fb98,$,,1c89dd885b17d49d2d61b2430cf1f8956e6b04ce6f3295ea1c11ffbf00b7fb98,1c89dd885b17d49d2d61b2430cf1f8956e6b04ce6f3295ea1c11ffbf00b7fb98,"{""basis"":""ordered nested-math atom; exact symbolic replay"",""kind"":""source-target-formula-map""}"
1.1.0,formula,O007-FREMLIN-V2-S233-FORMULA-0167,O007-FREMLIN-V2-S233,O007-RIGHTS-FREMLIN-DSL,O007-FREMLIN-V2-S233-SEG-233DB,167,233Db,233Db,195,199,8653,8656,9392,9395,g,g,cd0aa9856147b6c5b4ff2b7dfee5da20aa38253099ef1b4a64aced233c9afe29,cd0aa9856147b6c5b4ff2b7dfee5da20aa38253099ef1b4a64aced233c9afe29,cd0aa9856147b6c5b4ff2b7dfee5da20aa38253099ef1b4a64aced233c9afe29,$,,cd0aa9856147b6c5b4ff2b7dfee5da20aa38253099ef1b4a64aced233c9afe29,cd0aa9856147b6c5b4ff2b7dfee5da20aa38253099ef1b4a64aced233c9afe29,"{""basis"":""ordered nested-math atom; exact symbolic replay"",""kind"":""source-target-formula-map""}"
1.1.0,formula,O007-FREMLIN-V2-S233-FORMULA-0168,O007-FREMLIN-V2-S233,O007-RIGHTS-FREMLIN-DSL,O007-FREMLIN-V2-S233-SEG-233DB,168,233Db,233Db,196,200,8690,8696,9458,9464,\Tau,\Tau,a34699b8745d985590df162103fdf28f3ec3426d7f12ca80a1b9c6f87686099a,a34699b8745d985590df162103fdf28f3ec3426d7f12ca80a1b9c6f87686099a,a34699b8745d985590df162103fdf28f3ec3426d7f12ca80a1b9c6f87686099a,$,,a34699b8745d985590df162103fdf28f3ec3426d7f12ca80a1b9c6f87686099a,a34699b8745d985590df162103fdf28f3ec3426d7f12ca80a1b9c6f87686099a,"{""basis"":""ordered nested-math atom; exact symbolic replay"",""kind"":""source-target-formula-map""}"
1.1.0,formula,O007-FREMLIN-V2-S233-FORMULA-0169,O007-FREMLIN-V2-S233,O007-RIGHTS-FREMLIN-DSL,O007-FREMLIN-V2-S233-SEG-233DB,169,233Db,233Db,196,201,8739,8742,9497,9500,X,X,4b68ab3847feda7d6c62c1fbcbeebfa35eab7351ed5e78f4ddadea5df64b8015,4b68ab3847feda7d6c62c1fbcbeebfa35eab7351ed5e78f4ddadea5df64b8015,4b68ab3847feda7d6c62c1fbcbeebfa35eab7351ed5e78f4ddadea5df64b8015,$,,4b68ab3847feda7d6c62c1fbcbeebfa35eab7351ed5e78f4ddadea5df64b8015,4b68ab3847feda7d6c62c1fbcbeebfa35eab7351ed5e78f4ddadea5df64b8015,"{""basis"":""ordered nested-math atom; exact symbolic replay"",""kind"":""source-target-formula-map""}"
1.1.0,formula,O007-FREMLIN-V2-S233-FORMULA-0170,O007-FREMLIN-V2-S233,O007-RIGHTS-FREMLIN-DSL,O007-FREMLIN-V2-S233-SEG-233DB,170,233Db,233Db,197,201,8787,8790,9546,9549,f,f,252f10c83610ebca1a059c0bae8255eba2f95be4d1d7bcfa89d7248a82d9f111,252f10c83610ebca1a059c0bae8255eba2f95be4d1d7bcfa89d7248a82d9f111,252f10c83610ebca1a059c0bae8255eba2f95be4d1d7bcfa89d7248a82d9f111,$,,252f10c83610ebca1a059c0bae8255eba2f95be4d1d7bcfa89d7248a82d9f111,252f10c83610ebca1a059c0bae8255eba2f95be4d1d7bcfa89d7248a82d9f111,"{""basis"":""ordered nested-math atom; exact symbolic replay"",""kind"":""source-target-formula-map""}"
1.1.0,formula,O007-FREMLIN-V2-S233-FORMULA-0171,O007-FREMLIN-V2-S233,O007-RIGHTS-FREMLIN-DSL,O007-FREMLIN-V2-S233-SEG-233DB,171,233Db,233Db,197,202,8794,8800,9555,9561,\Tau,\Tau,a34699b8745d985590df162103fdf28f3ec3426d7f12ca80a1b9c6f87686099a,a34699b8745d985590df162103fdf28f3ec3426d7f12ca80a1b9c6f87686099a,a34699b8745d985590df162103fdf28f3ec3426d7f12ca80a1b9c6f87686099a,$,,a34699b8745d985590df162103fdf28f3ec3426d7f12ca80a1b9c6f87686099a,a34699b8745d985590df162103fdf28f3ec3426d7f12ca80a1b9c6f87686099a,"{""basis"":""ordered nested-math atom; exact symbolic replay"",""kind"":""source-target-formula-map""}"
1.1.0,formula,O007-FREMLIN-V2-S233-FORMULA-0172,O007-FREMLIN-V2-S233,O007-RIGHTS-FREMLIN-DSL,O007-FREMLIN-V2-S233-SEG-233DC,172,233Dc,233Dc,203,206,9000,9003,9727,9730,g,g,cd0aa9856147b6c5b4ff2b7dfee5da20aa38253099ef1b4a64aced233c9afe29,cd0aa9856147b6c5b4ff2b7dfee5da20aa38253099ef1b4a64aced233c9afe29,cd0aa9856147b6c5b4ff2b7dfee5da20aa38253099ef1b4a64aced233c9afe29,$,,cd0aa9856147b6c5b4ff2b7dfee5da20aa38253099ef1b4a64aced233c9afe29,cd0aa9856147b6c5b4ff2b7dfee5da20aa38253099ef1b4a64aced233c9afe29,"{""basis"":""ordered nested-math atom; exact symbolic replay"",""kind"":""source-target-formula-map""}"
1.1.0,formula,O007-FREMLIN-V2-S233-FORMULA-0173,O007-FREMLIN-V2-S233,O007-RIGHTS-FREMLIN-DSL,O007-FREMLIN-V2-S233-SEG-233DC,173,233Dc,233Dc,205,209,9133,9136,9885,9888,f,f,252f10c83610ebca1a059c0bae8255eba2f95be4d1d7bcfa89d7248a82d9f111,252f10c83610ebca1a059c0bae8255eba2f95be4d1d7bcfa89d7248a82d9f111,252f10c83610ebca1a059c0bae8255eba2f95be4d1d7bcfa89d7248a82d9f111,$,,252f10c83610ebca1a059c0bae8255eba2f95be4d1d7bcfa89d7248a82d9f111,252f10c83610ebca1a059c0bae8255eba2f95be4d1d7bcfa89d7248a82d9f111,"{""basis"":""ordered nested-math atom; exact symbolic replay"",""kind"":""source-target-formula-map""}"
1.1.0,formula,O007-FREMLIN-V2-S233-FORMULA-0174,O007-FREMLIN-V2-S233,O007-RIGHTS-FREMLIN-DSL,O007-FREMLIN-V2-S233-SEG-233DC,174,233Dc,233Dc,205,209,9140,9146,9894,9900,\Tau,\Tau,a34699b8745d985590df162103fdf28f3ec3426d7f12ca80a1b9c6f87686099a,a34699b8745d985590df162103fdf28f3ec3426d7f12ca80a1b9c6f87686099a,a34699b8745d985590df162103fdf28f3ec3426d7f12ca80a1b9c6f87686099a,$,,a34699b8745d985590df162103fdf28f3ec3426d7f12ca80a1b9c6f87686099a,a34699b8745d985590df162103fdf28f3ec3426d7f12ca80a1b9c6f87686099a,"{""basis"":""ordered nested-math atom; exact symbolic replay"",""kind"":""source-target-formula-map""}"
1.1.0,formula,O007-FREMLIN-V2-S233-FORMULA-0175,O007-FREMLIN-V2-S233,O007-RIGHTS-FREMLIN-DSL,O007-FREMLIN-V2-S233-SEG-233DC,175,233Dc,233Dc,205,209,9150,9153,9902,9905,g,g,cd0aa9856147b6c5b4ff2b7dfee5da20aa38253099ef1b4a64aced233c9afe29,cd0aa9856147b6c5b4ff2b7dfee5da20aa38253099ef1b4a64aced233c9afe29,cd0aa9856147b6c5b4ff2b7dfee5da20aa38253099ef1b4a64aced233c9afe29,$,,cd0aa9856147b6c5b4ff2b7dfee5da20aa38253099ef1b4a64aced233c9afe29,cd0aa9856147b6c5b4ff2b7dfee5da20aa38253099ef1b4a64aced233c9afe29,"{""basis"":""ordered nested-math atom; exact symbolic replay"",""kind"":""source-target-formula-map""}"
1.1.0,formula,O007-FREMLIN-V2-S233-FORMULA-0176,O007-FREMLIN-V2-S233,O007-RIGHTS-FREMLIN-DSL,O007-FREMLIN-V2-S233-SEG-233DC,176,233Dc,233Dc,206,210,9205,9210,9957,9962,g_1,g_1,bf173953a9e841d74581faeb7ca36ed5973583ba0ecfecd7ec042f9c92aaf9f7,bf173953a9e841d74581faeb7ca36ed5973583ba0ecfecd7ec042f9c92aaf9f7,bf173953a9e841d74581faeb7ca36ed5973583ba0ecfecd7ec042f9c92aaf9f7,$,,bf173953a9e841d74581faeb7ca36ed5973583ba0ecfecd7ec042f9c92aaf9f7,bf173953a9e841d74581faeb7ca36ed5973583ba0ecfecd7ec042f9c92aaf9f7,"{""basis"":""ordered nested-math atom; exact symbolic replay"",""kind"":""source-target-formula-map""}"
1.1.0,formula,O007-FREMLIN-V2-S233-FORMULA-0177,O007-FREMLIN-V2-S233,O007-RIGHTS-FREMLIN-DSL,O007-FREMLIN-V2-S233-SEG-233DC,177,233Dc,233Dc,206,210,9212,9217,9967,9972,g_2,g_2,e6df94744f7ade62c40c3ebc842650d9cd8a42989a98dcd9ec3881d228b29b21,e6df94744f7ade62c40c3ebc842650d9cd8a42989a98dcd9ec3881d228b29b21,e6df94744f7ade62c40c3ebc842650d9cd8a42989a98dcd9ec3881d228b29b21,$,,e6df94744f7ade62c40c3ebc842650d9cd8a42989a98dcd9ec3881d228b29b21,e6df94744f7ade62c40c3ebc842650d9cd8a42989a98dcd9ec3881d228b29b21,"{""basis"":""ordered nested-math atom; exact symbolic replay"",""kind"":""source-target-formula-map""}"
1.1.0,formula,O007-FREMLIN-V2-S233-FORMULA-0178,O007-FREMLIN-V2-S233,O007-RIGHTS-FREMLIN-DSL,O007-FREMLIN-V2-S233-SEG-233DC,178,233Dc,233Dc,207,211,9256,9259,10018,10021,f,f,252f10c83610ebca1a059c0bae8255eba2f95be4d1d7bcfa89d7248a82d9f111,252f10c83610ebca1a059c0bae8255eba2f95be4d1d7bcfa89d7248a82d9f111,252f10c83610ebca1a059c0bae8255eba2f95be4d1d7bcfa89d7248a82d9f111,$,,252f10c83610ebca1a059c0bae8255eba2f95be4d1d7bcfa89d7248a82d9f111,252f10c83610ebca1a059c0bae8255eba2f95be4d1d7bcfa89d7248a82d9f111,"{""basis"":""ordered nested-math atom; exact symbolic replay"",""kind"":""source-target-formula-map""}"
1.1.0,formula,O007-FREMLIN-V2-S233-FORMULA-0179,O007-FREMLIN-V2-S233,O007-RIGHTS-FREMLIN-DSL,O007-FREMLIN-V2-S233-SEG-233DC,179,233Dc,233Dc,207,211,9263,9269,10027,10033,\Tau,\Tau,a34699b8745d985590df162103fdf28f3ec3426d7f12ca80a1b9c6f87686099a,a34699b8745d985590df162103fdf28f3ec3426d7f12ca80a1b9c6f87686099a,a34699b8745d985590df162103fdf28f3ec3426d7f12ca80a1b9c6f87686099a,$,,a34699b8745d985590df162103fdf28f3ec3426d7f12ca80a1b9c6f87686099a,a34699b8745d985590df162103fdf28f3ec3426d7f12ca80a1b9c6f87686099a,"{""basis"":""ordered nested-math atom; exact symbolic replay"",""kind"":""source-target-formula-map""}"
1.1.0,formula,O007-FREMLIN-V2-S233-FORMULA-0180,O007-FREMLIN-V2-S233,O007-RIGHTS-FREMLIN-DSL,O007-FREMLIN-V2-S233-SEG-233DC,180,233Dc,233Dc,207,212,9275,9302,10040,10067,"g_1=g_2\,\,\mu\restrp\Tau","g_1=g_2\,\,\mu\restrp\Tau",c32f8b638ae3f4f04c8c277bfd5c900e54748bdec0bad8c2e93de85702a4bcd3,c32f8b638ae3f4f04c8c277bfd5c900e54748bdec0bad8c2e93de85702a4bcd3,c32f8b638ae3f4f04c8c277bfd5c900e54748bdec0bad8c2e93de85702a4bcd3,$,,c32f8b638ae3f4f04c8c277bfd5c900e54748bdec0bad8c2e93de85702a4bcd3,c32f8b638ae3f4f04c8c277bfd5c900e54748bdec0bad8c2e93de85702a4bcd3,"{""basis"":""ordered nested-math atom; exact symbolic replay"",""kind"":""source-target-formula-map""}"
1.1.0,formula,O007-FREMLIN-V2-S233-FORMULA-0181,O007-FREMLIN-V2-S233,O007-RIGHTS-FREMLIN-DSL,O007-FREMLIN-V2-S233-SEG-233DC,181,233Dc,233Dc,210,215,9434,9463,10185,10214,G(a)=\hat\mu\{x:g(x)\le a\},G(a)=\hat\mu\{x:g(x)\le a\},b4f436180956f0a8fc0c003f2c3e19926106500a55733dfee7dc59194031e7ff,b4f436180956f0a8fc0c003f2c3e19926106500a55733dfee7dc59194031e7ff,fb64b7384616b9a0833ebb51c4bee7384560cdf82ccbe91e5c5637b04d3382b6,$,,fb64b7384616b9a0833ebb51c4bee7384560cdf82ccbe91e5c5637b04d3382b6,fb64b7384616b9a0833ebb51c4bee7384560cdf82ccbe91e5c5637b04d3382b6,"{""basis"":""ordered nested-math atom; exact symbolic replay"",""kind"":""source-target-formula-map""}"
1.1.0,formula,O007-FREMLIN-V2-S233-FORMULA-0182,O007-FREMLIN-V2-S233,O007-RIGHTS-FREMLIN-DSL,O007-FREMLIN-V2-S233-SEG-233DC,182,233Dc,233Dc,210,215,9471,9480,10223,10232,\hat\mu,\hat\mu,d1e9a95489321a5ca10c083f17736e906448aa68b9d28168dbfd63f5703e8d4a,d1e9a95489321a5ca10c083f17736e906448aa68b9d28168dbfd63f5703e8d4a,d1e9a95489321a5ca10c083f17736e906448aa68b9d28168dbfd63f5703e8d4a,$,,d1e9a95489321a5ca10c083f17736e906448aa68b9d28168dbfd63f5703e8d4a,d1e9a95489321a5ca10c083f17736e906448aa68b9d28168dbfd63f5703e8d4a,"{""basis"":""ordered nested-math atom; exact symbolic replay"",""kind"":""source-target-formula-map""}"
1.1.0,formula,O007-FREMLIN-V2-S233-FORMULA-0183,O007-FREMLIN-V2-S233,O007-RIGHTS-FREMLIN-DSL,O007-FREMLIN-V2-S233-SEG-233DC,183,233Dc,233Dc,211,216,9503,9508,10245,10250,\mu,\mu,492247e1bab15272d1e53b8015c042bf6fa0cb8f23ec52cad93d6ba80dafb804,492247e1bab15272d1e53b8015c042bf6fa0cb8f23ec52cad93d6ba80dafb804,492247e1bab15272d1e53b8015c042bf6fa0cb8f23ec52cad93d6ba80dafb804,$,,492247e1bab15272d1e53b8015c042bf6fa0cb8f23ec52cad93d6ba80dafb804,492247e1bab15272d1e53b8015c042bf6fa0cb8f23ec52cad93d6ba80dafb804,"{""basis"":""ordered nested-math atom; exact symbolic replay"",""kind"":""source-target-formula-map""}"
1.1.0,formula,O007-FREMLIN-V2-S233-FORMULA-0184,O007-FREMLIN-V2-S233,O007-RIGHTS-FREMLIN-DSL,O007-FREMLIN-V2-S233-SEG-233DC,184,233Dc,233Dc,211,216,9544,9547,10283,10286,g,g,cd0aa9856147b6c5b4ff2b7dfee5da20aa38253099ef1b4a64aced233c9afe29,cd0aa9856147b6c5b4ff2b7dfee5da20aa38253099ef1b4a64aced233c9afe29,cd0aa9856147b6c5b4ff2b7dfee5da20aa38253099ef1b4a64aced233c9afe29,$,,cd0aa9856147b6c5b4ff2b7dfee5da20aa38253099ef1b4a64aced233c9afe29,cd0aa9856147b6c5b4ff2b7dfee5da20aa38253099ef1b4a64aced233c9afe29,"{""basis"":""ordered nested-math atom; exact symbolic replay"",""kind"":""source-target-formula-map""}"
1.1.0,formula,O007-FREMLIN-V2-S233-FORMULA-0185,O007-FREMLIN-V2-S233,O007-RIGHTS-FREMLIN-DSL,O007-FREMLIN-V2-S233-SEG-233DD,185,233Dd,233Dd,220,223,9932,9935,10649,10652,f,f,252f10c83610ebca1a059c0bae8255eba2f95be4d1d7bcfa89d7248a82d9f111,252f10c83610ebca1a059c0bae8255eba2f95be4d1d7bcfa89d7248a82d9f111,252f10c83610ebca1a059c0bae8255eba2f95be4d1d7bcfa89d7248a82d9f111,$,,252f10c83610ebca1a059c0bae8255eba2f95be4d1d7bcfa89d7248a82d9f111,252f10c83610ebca1a059c0bae8255eba2f95be4d1d7bcfa89d7248a82d9f111,"{""basis"":""ordered nested-math atom; exact symbolic replay"",""kind"":""source-target-formula-map""}"
1.1.0,formula,O007-FREMLIN-V2-S233-FORMULA-0186,O007-FREMLIN-V2-S233,O007-RIGHTS-FREMLIN-DSL,O007-FREMLIN-V2-S233-SEG-233DD,186,233Dd,233Dd,220,224,9959,9975,10677,10693,"(X,\Sigma,\mu)","(X,\Sigma,\mu)",05e9b769403b4c7926a944d5aaa03f00bb216412bc3f850e41b3c28de657aa67,05e9b769403b4c7926a944d5aaa03f00bb216412bc3f850e41b3c28de657aa67,05e9b769403b4c7926a944d5aaa03f00bb216412bc3f850e41b3c28de657aa67,$,,05e9b769403b4c7926a944d5aaa03f00bb216412bc3f850e41b3c28de657aa67,05e9b769403b4c7926a944d5aaa03f00bb216412bc3f850e41b3c28de657aa67,"{""basis"":""ordered nested-math atom; exact symbolic replay"",""kind"":""source-target-formula-map""}"
1.1.0,formula,O007-FREMLIN-V2-S233-FORMULA-0187,O007-FREMLIN-V2-S233,O007-RIGHTS-FREMLIN-DSL,O007-FREMLIN-V2-S233-SEG-233DD,187,233Dd,233Dd,221,224,10021,10034,10733,10746,\int f d\mu,\int f d\mu,ce452b278032698c779151c408b7789ea7407755effa5ddcb77409f4b0b8be8f,ce452b278032698c779151c408b7789ea7407755effa5ddcb77409f4b0b8be8f,3008a3a81ead9746213e0d6d000a7308428c16da9d1948be63c946fd974930ef,$,,3008a3a81ead9746213e0d6d000a7308428c16da9d1948be63c946fd974930ef,3008a3a81ead9746213e0d6d000a7308428c16da9d1948be63c946fd974930ef,"{""basis"":""ordered nested-math atom; exact symbolic replay"",""kind"":""source-target-formula-map""}"
1.1.0,formula,O007-FREMLIN-V2-S233-FORMULA-0188,O007-FREMLIN-V2-S233,O007-RIGHTS-FREMLIN-DSL,O007-FREMLIN-V2-S233-SEG-233DD,188,233Dd,233Dd,222,225,10070,10082,10791,10803,F\in\Sigma,F\in\Sigma,65b127545966720002875b7921f02a35d214624fcf61cbaceb81857933de3616,65b127545966720002875b7921f02a35d214624fcf61cbaceb81857933de3616,65b127545966720002875b7921f02a35d214624fcf61cbaceb81857933de3616,$,,65b127545966720002875b7921f02a35d214624fcf61cbaceb81857933de3616,65b127545966720002875b7921f02a35d214624fcf61cbaceb81857933de3616,"{""basis"":""ordered nested-math atom; exact symbolic replay"",""kind"":""source-target-formula-map""}"
1.1.0,formula,O007-FREMLIN-V2-S233-FORMULA-0189,O007-FREMLIN-V2-S233,O007-RIGHTS-FREMLIN-DSL,O007-FREMLIN-V2-S233-SEG-233DD,189,233Dd,233Dd,222,225,10087,10096,10808,10817,\mu F>0,\mu F>0,fa0675b731378665db52596436cef2ea9f59cc8cbe8dfd2381f261ac7e65593c,fa0675b731378665db52596436cef2ea9f59cc8cbe8dfd2381f261ac7e65593c,8c6380f7514f9135c6137163750c31b4f1ecbfc933ec469455700b56c789ddf6,$,,8c6380f7514f9135c6137163750c31b4f1ecbfc933ec469455700b56c789ddf6,8c6380f7514f9135c6137163750c31b4f1ecbfc933ec469455700b56c789ddf6,"{""basis"":""ordered nested-math atom; exact symbolic replay"",""kind"":""source-target-formula-map""}"
1.1.0,formula,O007-FREMLIN-V2-S233-FORMULA-0190,O007-FREMLIN-V2-S233,O007-RIGHTS-FREMLIN-DSL,O007-FREMLIN-V2-S233-SEG-233DD,190,233Dd,233Dd,223,226,10135,10138,10851,10854,f,f,252f10c83610ebca1a059c0bae8255eba2f95be4d1d7bcfa89d7248a82d9f111,252f10c83610ebca1a059c0bae8255eba2f95be4d1d7bcfa89d7248a82d9f111,252f10c83610ebca1a059c0bae8255eba2f95be4d1d7bcfa89d7248a82d9f111,$,,252f10c83610ebca1a059c0bae8255eba2f95be4d1d7bcfa89d7248a82d9f111,252f10c83610ebca1a059c0bae8255eba2f95be4d1d7bcfa89d7248a82d9f111,"{""basis"":""ordered nested-math atom; exact symbolic replay"",""kind"":""source-target-formula-map""}"
1.1.0,formula,O007-FREMLIN-V2-S233-FORMULA-0191,O007-FREMLIN-V2-S233,O007-RIGHTS-FREMLIN-DSL,O007-FREMLIN-V2-S233-SEG-233DD,191,233Dd,233Dd,223,226,10145,10148,10863,10866,F,F,f67ab10ad4e4c53121b6a5fe4da9c10ddee905b978d3788d2723d7bfacbe28a9,f67ab10ad4e4c53121b6a5fe4da9c10ddee905b978d3788d2723d7bfacbe28a9,f67ab10ad4e4c53121b6a5fe4da9c10ddee905b978d3788d2723d7bfacbe28a9,$,,f67ab10ad4e4c53121b6a5fe4da9c10ddee905b978d3788d2723d7bfacbe28a9,f67ab10ad4e4c53121b6a5fe4da9c10ddee905b978d3788d2723d7bfacbe28a9,"{""basis"":""ordered nested-math atom; exact symbolic replay"",""kind"":""source-target-formula-map""}"
1.1.0,formula,O007-FREMLIN-V2-S233-FORMULA-0192,O007-FREMLIN-V2-S233,O007-RIGHTS-FREMLIN-DSL,O007-FREMLIN-V2-S233-SEG-233DD,192,233Dd,233Dd,223,227,10153,10177,10885,10909,{1\over{\mu F}}\int_Ff,{1\over{\mu F}}\int_Ff,7b984164a4ec71c6a36fcb6ca36b117c667df188c6cb3f66cfa1169dccf2fbfc,7b984164a4ec71c6a36fcb6ca36b117c667df188c6cb3f66cfa1169dccf2fbfc,93e1cf1026a755effc357f0220c114f2faa77381085cee0ac17bfc2092bf3168,$,,93e1cf1026a755effc357f0220c114f2faa77381085cee0ac17bfc2092bf3168,93e1cf1026a755effc357f0220c114f2faa77381085cee0ac17bfc2092bf3168,"{""basis"":""ordered nested-math atom; exact symbolic replay"",""kind"":""source-target-formula-map""}"
1.1.0,formula,O007-FREMLIN-V2-S233-FORMULA-0193,O007-FREMLIN-V2-S233,O007-RIGHTS-FREMLIN-DSL,O007-FREMLIN-V2-S233-SEG-233DD,193,233Dd,233Dd,224,227,10185,10201,10916,10932,"F_0,\ldots,F_n","F_0,\ldots,F_n",5b697fa6e5a150db575ac3814530f0aa1cefce2be928a26c496e0c5c3c5e1957,5b697fa6e5a150db575ac3814530f0aa1cefce2be928a26c496e0c5c3c5e1957,5b697fa6e5a150db575ac3814530f0aa1cefce2be928a26c496e0c5c3c5e1957,$,,5b697fa6e5a150db575ac3814530f0aa1cefce2be928a26c496e0c5c3c5e1957,5b697fa6e5a150db575ac3814530f0aa1cefce2be928a26c496e0c5c3c5e1957,"{""basis"":""ordered nested-math atom; exact symbolic replay"",""kind"":""source-target-formula-map""}"
1.1.0,formula,O007-FREMLIN-V2-S233-FORMULA-0194,O007-FREMLIN-V2-S233,O007-RIGHTS-FREMLIN-DSL,O007-FREMLIN-V2-S233-SEG-233DD,194,233Dd,233Dd,224,227,10220,10223,10951,10954,X,X,4b68ab3847feda7d6c62c1fbcbeebfa35eab7351ed5e78f4ddadea5df64b8015,4b68ab3847feda7d6c62c1fbcbeebfa35eab7351ed5e78f4ddadea5df64b8015,4b68ab3847feda7d6c62c1fbcbeebfa35eab7351ed5e78f4ddadea5df64b8015,$,,4b68ab3847feda7d6c62c1fbcbeebfa35eab7351ed5e78f4ddadea5df64b8015,4b68ab3847feda7d6c62c1fbcbeebfa35eab7351ed5e78f4ddadea5df64b8015,"{""basis"":""ordered nested-math atom; exact symbolic replay"",""kind"":""source-target-formula-map""}"
1.1.0,formula,O007-FREMLIN-V2-S233-FORMULA-0195,O007-FREMLIN-V2-S233,O007-RIGHTS-FREMLIN-DSL,O007-FREMLIN-V2-S233-SEG-233DD,195,233Dd,233Dd,225,229,10285,10288,11025,11028,g,g,cd0aa9856147b6c5b4ff2b7dfee5da20aa38253099ef1b4a64aced233c9afe29,cd0aa9856147b6c5b4ff2b7dfee5da20aa38253099ef1b4a64aced233c9afe29,cd0aa9856147b6c5b4ff2b7dfee5da20aa38253099ef1b4a64aced233c9afe29,$,,cd0aa9856147b6c5b4ff2b7dfee5da20aa38253099ef1b4a64aced233c9afe29,cd0aa9856147b6c5b4ff2b7dfee5da20aa38253099ef1b4a64aced233c9afe29,"{""basis"":""ordered nested-math atom; exact symbolic replay"",""kind"":""source-target-formula-map""}"
1.1.0,formula,O007-FREMLIN-V2-S233-FORMULA-0196,O007-FREMLIN-V2-S233,O007-RIGHTS-FREMLIN-DSL,O007-FREMLIN-V2-S233-SEG-233DD,196,233Dd,233Dd,227,231,10313,10347,11062,11096,g(x)=\Bover1{\mu F_i}\int_{F_i}f,g(x)=\Bover1{\mu F_i}\int_{F_i}f,c42dbd838a0b2f021e55f030c0e491f8ae2bf828e26db98a223926da837eacd3,c42dbd838a0b2f021e55f030c0e491f8ae2bf828e26db98a223926da837eacd3,6f6d30e989c5b6ce863ef0f493dc4fff000567c439cd333a5730a55709747df6,$,,6f6d30e989c5b6ce863ef0f493dc4fff000567c439cd333a5730a55709747df6,6f6d30e989c5b6ce863ef0f493dc4fff000567c439cd333a5730a55709747df6,"{""basis"":""ordered nested-math atom; exact symbolic replay"",""kind"":""source-target-formula-map""}"
1.1.0,formula,O007-FREMLIN-V2-S233-FORMULA-0197,O007-FREMLIN-V2-S233,O007-RIGHTS-FREMLIN-DSL,O007-FREMLIN-V2-S233-SEG-233DD,197,233Dd,233Dd,227,231,10351,10361,11102,11112,x\in F_i,x\in F_i,c596cc2154fc6fd5299230bafae36fe17f795100a367bfec47fa7bfffcbcb06d,c596cc2154fc6fd5299230bafae36fe17f795100a367bfec47fa7bfffcbcb06d,4c991d223b52ee7171decb91c97d3506dda20e46b446282322e8f6e9bbc30e0e,$,,4c991d223b52ee7171decb91c97d3506dda20e46b446282322e8f6e9bbc30e0e,4c991d223b52ee7171decb91c97d3506dda20e46b446282322e8f6e9bbc30e0e,"{""basis"":""ordered nested-math atom; exact symbolic replay"",""kind"":""source-target-formula-map""}"
1.1.0,formula,O007-FREMLIN-V2-S233-FORMULA-0198,O007-FREMLIN-V2-S233,O007-RIGHTS-FREMLIN-DSL,O007-FREMLIN-V2-S233-SEG-233DD,198,233Dd,233Dd,230,234,10456,10466,11223,11233,x\in F_i,x\in F_i,c596cc2154fc6fd5299230bafae36fe17f795100a367bfec47fa7bfffcbcb06d,c596cc2154fc6fd5299230bafae36fe17f795100a367bfec47fa7bfffcbcb06d,4c991d223b52ee7171decb91c97d3506dda20e46b446282322e8f6e9bbc30e0e,$,,4c991d223b52ee7171decb91c97d3506dda20e46b446282322e8f6e9bbc30e0e,4c991d223b52ee7171decb91c97d3506dda20e46b446282322e8f6e9bbc30e0e,"{""basis"":""ordered nested-math atom; exact symbolic replay"",""kind"":""source-target-formula-map""}"
1.1.0,formula,O007-FREMLIN-V2-S233-FORMULA-0199,O007-FREMLIN-V2-S233,O007-RIGHTS-FREMLIN-DSL,O007-FREMLIN-V2-S233-SEG-233DD,199,233Dd,233Dd,230,234,10473,10479,11240,11246,g(x),g(x),a2277e0b98ac28a546be06725095821ceef11771fcd2bf8e1454d78516bdda4a,a2277e0b98ac28a546be06725095821ceef11771fcd2bf8e1454d78516bdda4a,a2277e0b98ac28a546be06725095821ceef11771fcd2bf8e1454d78516bdda4a,$,,a2277e0b98ac28a546be06725095821ceef11771fcd2bf8e1454d78516bdda4a,a2277e0b98ac28a546be06725095821ceef11771fcd2bf8e1454d78516bdda4a,"{""basis"":""ordered nested-math atom; exact symbolic replay"",""kind"":""source-target-formula-map""}"
1.1.0,formula,O007-FREMLIN-V2-S233-FORMULA-0200,O007-FREMLIN-V2-S233,O007-RIGHTS-FREMLIN-DSL,O007-FREMLIN-V2-S233-SEG-233DD,200,233Dd,233Dd,231,235,10535,10538,11302,11305,f,f,252f10c83610ebca1a059c0bae8255eba2f95be4d1d7bcfa89d7248a82d9f111,252f10c83610ebca1a059c0bae8255eba2f95be4d1d7bcfa89d7248a82d9f111,252f10c83610ebca1a059c0bae8255eba2f95be4d1d7bcfa89d7248a82d9f111,$,,252f10c83610ebca1a059c0bae8255eba2f95be4d1d7bcfa89d7248a82d9f111,252f10c83610ebca1a059c0bae8255eba2f95be4d1d7bcfa89d7248a82d9f111,"{""basis"":""ordered nested-math atom; exact symbolic replay"",""kind"":""source-target-formula-map""}"
1.1.0,formula,O007-FREMLIN-V2-S233-FORMULA-0201,O007-FREMLIN-V2-S233,O007-RIGHTS-FREMLIN-DSL,O007-FREMLIN-V2-S233-SEG-233DD,201,233Dd,233Dd,232,236,10581,10584,11333,11336,g,g,cd0aa9856147b6c5b4ff2b7dfee5da20aa38253099ef1b4a64aced233c9afe29,cd0aa9856147b6c5b4ff2b7dfee5da20aa38253099ef1b4a64aced233c9afe29,cd0aa9856147b6c5b4ff2b7dfee5da20aa38253099ef1b4a64aced233c9afe29,$,,cd0aa9856147b6c5b4ff2b7dfee5da20aa38253099ef1b4a64aced233c9afe29,cd0aa9856147b6c5b4ff2b7dfee5da20aa38253099ef1b4a64aced233c9afe29,"{""basis"":""ordered nested-math atom; exact symbolic replay"",""kind"":""source-target-formula-map""}"
1.1.0,formula,O007-FREMLIN-V2-S233-FORMULA-0202,O007-FREMLIN-V2-S233,O007-RIGHTS-FREMLIN-DSL,O007-FREMLIN-V2-S233-SEG-233DD,202,233Dd,233Dd,232,236,10617,10620,11373,11376,f,f,252f10c83610ebca1a059c0bae8255eba2f95be4d1d7bcfa89d7248a82d9f111,252f10c83610ebca1a059c0bae8255eba2f95be4d1d7bcfa89d7248a82d9f111,252f10c83610ebca1a059c0bae8255eba2f95be4d1d7bcfa89d7248a82d9f111,$,,252f10c83610ebca1a059c0bae8255eba2f95be4d1d7bcfa89d7248a82d9f111,252f10c83610ebca1a059c0bae8255eba2f95be4d1d7bcfa89d7248a82d9f111,"{""basis"":""ordered nested-math atom; exact symbolic replay"",""kind"":""source-target-formula-map""}"
1.1.0,formula,O007-FREMLIN-V2-S233-FORMULA-0203,O007-FREMLIN-V2-S233,O007-RIGHTS-FREMLIN-DSL,O007-FREMLIN-V2-S233-SEG-233DD,203,233Dd,233Dd,233,237,10644,10650,11397,11403,\Tau,\Tau,a34699b8745d985590df162103fdf28f3ec3426d7f12ca80a1b9c6f87686099a,a34699b8745d985590df162103fdf28f3ec3426d7f12ca80a1b9c6f87686099a,a34699b8745d985590df162103fdf28f3ec3426d7f12ca80a1b9c6f87686099a,$,,a34699b8745d985590df162103fdf28f3ec3426d7f12ca80a1b9c6f87686099a,a34699b8745d985590df162103fdf28f3ec3426d7f12ca80a1b9c6f87686099a,"{""basis"":""ordered nested-math atom; exact symbolic replay"",""kind"":""source-target-formula-map""}"
1.1.0,formula,O007-FREMLIN-V2-S233-FORMULA-0204,O007-FREMLIN-V2-S233,O007-RIGHTS-FREMLIN-DSL,O007-FREMLIN-V2-S233-SEG-233DD,204,233Dd,233Dd,233,238,10664,10684,11427,11447,"\{F_0,\ldots,F_n\}","\{F_0,\ldots,F_n\}",155c8bb5f45e9daa4f9285845e2583ac90f9a0b934fe818eaddfd9a347e9143f,155c8bb5f45e9daa4f9285845e2583ac90f9a0b934fe818eaddfd9a347e9143f,155c8bb5f45e9daa4f9285845e2583ac90f9a0b934fe818eaddfd9a347e9143f,$,,155c8bb5f45e9daa4f9285845e2583ac90f9a0b934fe818eaddfd9a347e9143f,155c8bb5f45e9daa4f9285845e2583ac90f9a0b934fe818eaddfd9a347e9143f,"{""basis"":""ordered nested-math atom; exact symbolic replay"",""kind"":""source-target-formula-map""}"
1.1.0,formula,O007-FREMLIN-V2-S233-FORMULA-0205,O007-FREMLIN-V2-S233,O007-RIGHTS-FREMLIN-DSL,O007-FREMLIN-V2-S233-SEG-233DD,205,233Dd,233Dd,234,238,10726,10734,11482,11490,\sigma,\sigma,9c3245dfb4ac54c1623a60e7b8d1fc07cb02eae1229435230c7dab5e71083a26,9c3245dfb4ac54c1623a60e7b8d1fc07cb02eae1229435230c7dab5e71083a26,9c3245dfb4ac54c1623a60e7b8d1fc07cb02eae1229435230c7dab5e71083a26,$,,9c3245dfb4ac54c1623a60e7b8d1fc07cb02eae1229435230c7dab5e71083a26,9c3245dfb4ac54c1623a60e7b8d1fc07cb02eae1229435230c7dab5e71083a26,"{""basis"":""ordered nested-math atom; exact symbolic replay"",""kind"":""source-target-formula-map""}"
1.1.0,formula,O007-FREMLIN-V2-S233-FORMULA-0206,O007-FREMLIN-V2-S233,O007-RIGHTS-FREMLIN-DSL,O007-FREMLIN-V2-S233-SEG-233DD,206,233Dd,233Dd,234,239,10744,10750,11496,11502,\Tau,\Tau,a34699b8745d985590df162103fdf28f3ec3426d7f12ca80a1b9c6f87686099a,a34699b8745d985590df162103fdf28f3ec3426d7f12ca80a1b9c6f87686099a,a34699b8745d985590df162103fdf28f3ec3426d7f12ca80a1b9c6f87686099a,$,,a34699b8745d985590df162103fdf28f3ec3426d7f12ca80a1b9c6f87686099a,a34699b8745d985590df162103fdf28f3ec3426d7f12ca80a1b9c6f87686099a,"{""basis"":""ordered nested-math atom; exact symbolic replay"",""kind"":""source-target-formula-map""}"
1.1.0,formula,O007-FREMLIN-V2-S233-FORMULA-0207,O007-FREMLIN-V2-S233,O007-RIGHTS-FREMLIN-DSL,O007-FREMLIN-V2-S233-SEG-233DD,207,233Dd,233Dd,235,240,10848,10853,11617,11622,t_0,t_0,60637919cef5af9b4e6d0bc9f9bf533af8671bd94d9d4c85c9ad1d4b75dbfcf7,60637919cef5af9b4e6d0bc9f9bf533af8671bd94d9d4c85c9ad1d4b75dbfcf7,60637919cef5af9b4e6d0bc9f9bf533af8671bd94d9d4c85c9ad1d4b75dbfcf7,$,,60637919cef5af9b4e6d0bc9f9bf533af8671bd94d9d4c85c9ad1d4b75dbfcf7,60637919cef5af9b4e6d0bc9f9bf533af8671bd94d9d4c85c9ad1d4b75dbfcf7,"{""basis"":""ordered nested-math atom; exact symbolic replay"",""kind"":""source-target-formula-map""}"
1.1.0,formula,O007-FREMLIN-V2-S233-FORMULA-0208,O007-FREMLIN-V2-S233,O007-RIGHTS-FREMLIN-DSL,O007-FREMLIN-V2-S233-SEG-233DD,208,233Dd,233Dd,236,241,10880,10888,11666,11674,\Sigma,\Sigma,d65d75b1e6562713a3936bb38fdfe6832fb5b96c946de58f7ce0992057665aa8,d65d75b1e6562713a3936bb38fdfe6832fb5b96c946de58f7ce0992057665aa8,d65d75b1e6562713a3936bb38fdfe6832fb5b96c946de58f7ce0992057665aa8,$,,d65d75b1e6562713a3936bb38fdfe6832fb5b96c946de58f7ce0992057665aa8,d65d75b1e6562713a3936bb38fdfe6832fb5b96c946de58f7ce0992057665aa8,"{""basis"":""ordered nested-math atom; exact symbolic replay"",""kind"":""source-target-formula-map""}"
1.1.0,formula,O007-FREMLIN-V2-S233-FORMULA-0209,O007-FREMLIN-V2-S233,O007-RIGHTS-FREMLIN-DSL,O007-FREMLIN-V2-S233-SEG-233DD,209,233Dd,233Dd,237,242,10968,10973,11745,11750,t_0,t_0,60637919cef5af9b4e6d0bc9f9bf533af8671bd94d9d4c85c9ad1d4b75dbfcf7,60637919cef5af9b4e6d0bc9f9bf533af8671bd94d9d4c85c9ad1d4b75dbfcf7,60637919cef5af9b4e6d0bc9f9bf533af8671bd94d9d4c85c9ad1d4b75dbfcf7,$,,60637919cef5af9b4e6d0bc9f9bf533af8671bd94d9d4c85c9ad1d4b75dbfcf7,60637919cef5af9b4e6d0bc9f9bf533af8671bd94d9d4c85c9ad1d4b75dbfcf7,"{""basis"":""ordered nested-math atom; exact symbolic replay"",""kind"":""source-target-formula-map""}"
1.1.0,formula,O007-FREMLIN-V2-S233-FORMULA-0210,O007-FREMLIN-V2-S233,O007-RIGHTS-FREMLIN-DSL,O007-FREMLIN-V2-S233-SEG-233E,210,233E,233E,245,250,11149,11165,11947,11963,"(X,\Sigma,\mu)","(X,\Sigma,\mu)",05e9b769403b4c7926a944d5aaa03f00bb216412bc3f850e41b3c28de657aa67,05e9b769403b4c7926a944d5aaa03f00bb216412bc3f850e41b3c28de657aa67,05e9b769403b4c7926a944d5aaa03f00bb216412bc3f850e41b3c28de657aa67,$,,05e9b769403b4c7926a944d5aaa03f00bb216412bc3f850e41b3c28de657aa67,05e9b769403b4c7926a944d5aaa03f00bb216412bc3f850e41b3c28de657aa67,"{""basis"":""ordered nested-math atom; exact symbolic replay"",""kind"":""source-target-formula-map""}"
1.1.0,formula,O007-FREMLIN-V2-S233-FORMULA-0211,O007-FREMLIN-V2-S233,O007-RIGHTS-FREMLIN-DSL,O007-FREMLIN-V2-S233-SEG-233E,211,233E,233E,246,251,11194,11200,11993,11999,\Tau,\Tau,a34699b8745d985590df162103fdf28f3ec3426d7f12ca80a1b9c6f87686099a,a34699b8745d985590df162103fdf28f3ec3426d7f12ca80a1b9c6f87686099a,a34699b8745d985590df162103fdf28f3ec3426d7f12ca80a1b9c6f87686099a,$,,a34699b8745d985590df162103fdf28f3ec3426d7f12ca80a1b9c6f87686099a,a34699b8745d985590df162103fdf28f3ec3426d7f12ca80a1b9c6f87686099a,"{""basis"":""ordered nested-math atom; exact symbolic replay"",""kind"":""source-target-formula-map""}"
1.1.0,formula,O007-FREMLIN-V2-S233-FORMULA-0212,O007-FREMLIN-V2-S233,O007-RIGHTS-FREMLIN-DSL,O007-FREMLIN-V2-S233-SEG-233E,212,233E,233E,247,251,11204,11212,12017,12025,\sigma,\sigma,9c3245dfb4ac54c1623a60e7b8d1fc07cb02eae1229435230c7dab5e71083a26,9c3245dfb4ac54c1623a60e7b8d1fc07cb02eae1229435230c7dab5e71083a26,9c3245dfb4ac54c1623a60e7b8d1fc07cb02eae1229435230c7dab5e71083a26,$,,9c3245dfb4ac54c1623a60e7b8d1fc07cb02eae1229435230c7dab5e71083a26,9c3245dfb4ac54c1623a60e7b8d1fc07cb02eae1229435230c7dab5e71083a26,"{""basis"":""ordered nested-math atom; exact symbolic replay"",""kind"":""source-target-formula-map""}"
1.1.0,formula,O007-FREMLIN-V2-S233-FORMULA-0213,O007-FREMLIN-V2-S233,O007-RIGHTS-FREMLIN-DSL,O007-FREMLIN-V2-S233-SEG-233E,213,233E,233E,247,251,11227,11235,12031,12039,\Sigma,\Sigma,d65d75b1e6562713a3936bb38fdfe6832fb5b96c946de58f7ce0992057665aa8,d65d75b1e6562713a3936bb38fdfe6832fb5b96c946de58f7ce0992057665aa8,d65d75b1e6562713a3936bb38fdfe6832fb5b96c946de58f7ce0992057665aa8,$,,d65d75b1e6562713a3936bb38fdfe6832fb5b96c946de58f7ce0992057665aa8,d65d75b1e6562713a3936bb38fdfe6832fb5b96c946de58f7ce0992057665aa8,"{""basis"":""ordered nested-math atom; exact symbolic replay"",""kind"":""source-target-formula-map""}"
1.1.0,formula,O007-FREMLIN-V2-S233-FORMULA-0214,O007-FREMLIN-V2-S233,O007-RIGHTS-FREMLIN-DSL,O007-FREMLIN-V2-S233-SEG-233E,214,233E,233E,247,252,11243,11260,12050,12067,\sequencen{f_n},\sequencen{f_n},fa5119baa98914bf1c06e7b3e23f2fc7892492f922674476fb599e26e28ac0b6,fa5119baa98914bf1c06e7b3e23f2fc7892492f922674476fb599e26e28ac0b6,fa5119baa98914bf1c06e7b3e23f2fc7892492f922674476fb599e26e28ac0b6,$,,fa5119baa98914bf1c06e7b3e23f2fc7892492f922674476fb599e26e28ac0b6,fa5119baa98914bf1c06e7b3e23f2fc7892492f922674476fb599e26e28ac0b6,"{""basis"":""ordered nested-math atom; exact symbolic replay"",""kind"":""source-target-formula-map""}"
1.1.0,formula,O007-FREMLIN-V2-S233-FORMULA-0215,O007-FREMLIN-V2-S233,O007-RIGHTS-FREMLIN-DSL,O007-FREMLIN-V2-S233-SEG-233E,215,233E,233E,248,253,11279,11284,12108,12113,\mu,\mu,492247e1bab15272d1e53b8015c042bf6fa0cb8f23ec52cad93d6ba80dafb804,492247e1bab15272d1e53b8015c042bf6fa0cb8f23ec52cad93d6ba80dafb804,492247e1bab15272d1e53b8015c042bf6fa0cb8f23ec52cad93d6ba80dafb804,$,,492247e1bab15272d1e53b8015c042bf6fa0cb8f23ec52cad93d6ba80dafb804,492247e1bab15272d1e53b8015c042bf6fa0cb8f23ec52cad93d6ba80dafb804,"{""basis"":""ordered nested-math atom; exact symbolic replay"",""kind"":""source-target-formula-map""}"
1.1.0,formula,O007-FREMLIN-V2-S233-FORMULA-0216,O007-FREMLIN-V2-S233,O007-RIGHTS-FREMLIN-DSL,O007-FREMLIN-V2-S233-SEG-233E,216,233E,233E,248,253,11332,11335,12147,12150,n,n,1b16b1df538ba12dc3f97edbb85caa7050d46c148134290feba80f8236c83db9,1b16b1df538ba12dc3f97edbb85caa7050d46c148134290feba80f8236c83db9,1b16b1df538ba12dc3f97edbb85caa7050d46c148134290feba80f8236c83db9,$,,1b16b1df538ba12dc3f97edbb85caa7050d46c148134290feba80f8236c83db9,1b16b1df538ba12dc3f97edbb85caa7050d46c148134290feba80f8236c83db9,"{""basis"":""ordered nested-math atom; exact symbolic replay"",""kind"":""source-target-formula-map""}"
1.1.0,formula,O007-FREMLIN-V2-S233-FORMULA-0217,O007-FREMLIN-V2-S233,O007-RIGHTS-FREMLIN-DSL,O007-FREMLIN-V2-S233-SEG-233E,217,233E,233E,248,253,11340,11345,12160,12165,g_n,g_n,15e892a32e1d61ee782785b18626714d299cab29e6fbf25d31fd470d3827b1da,15e892a32e1d61ee782785b18626714d299cab29e6fbf25d31fd470d3827b1da,15e892a32e1d61ee782785b18626714d299cab29e6fbf25d31fd470d3827b1da,$,,15e892a32e1d61ee782785b18626714d299cab29e6fbf25d31fd470d3827b1da,15e892a32e1d61ee782785b18626714d299cab29e6fbf25d31fd470d3827b1da,"{""basis"":""ordered nested-math atom; exact symbolic replay"",""kind"":""source-target-formula-map""}"
1.1.0,formula,O007-FREMLIN-V2-S233-FORMULA-0218,O007-FREMLIN-V2-S233,O007-RIGHTS-FREMLIN-DSL,O007-FREMLIN-V2-S233-SEG-233E,218,233E,233E,249,254,11379,11384,12198,12203,f_n,f_n,e3f4ba757b6d2cf8ebe140b052a2427042dd38434f8215d0cbedd04019595223,e3f4ba757b6d2cf8ebe140b052a2427042dd38434f8215d0cbedd04019595223,e3f4ba757b6d2cf8ebe140b052a2427042dd38434f8215d0cbedd04019595223,$,,e3f4ba757b6d2cf8ebe140b052a2427042dd38434f8215d0cbedd04019595223,e3f4ba757b6d2cf8ebe140b052a2427042dd38434f8215d0cbedd04019595223,"{""basis"":""ordered nested-math atom; exact symbolic replay"",""kind"":""source-target-formula-map""}"
1.1.0,formula,O007-FREMLIN-V2-S233-FORMULA-0219,O007-FREMLIN-V2-S233,O007-RIGHTS-FREMLIN-DSL,O007-FREMLIN-V2-S233-SEG-233E,219,233E,233E,250,254,11389,11395,12209,12215,\Tau,\Tau,a34699b8745d985590df162103fdf28f3ec3426d7f12ca80a1b9c6f87686099a,a34699b8745d985590df162103fdf28f3ec3426d7f12ca80a1b9c6f87686099a,a34699b8745d985590df162103fdf28f3ec3426d7f12ca80a1b9c6f87686099a,$,,a34699b8745d985590df162103fdf28f3ec3426d7f12ca80a1b9c6f87686099a,a34699b8745d985590df162103fdf28f3ec3426d7f12ca80a1b9c6f87686099a,"{""basis"":""ordered nested-math atom; exact symbolic replay"",""kind"":""source-target-formula-map""}"
1.1.0,formula,O007-FREMLIN-V2-S233-FORMULA-0220,O007-FREMLIN-V2-S233,O007-RIGHTS-FREMLIN-DSL,O007-FREMLIN-V2-S233-SEG-233E,220,233E,233E,252,256,11411,11420,12227,12236,g_1+g_2,g_1+g_2,8111342e510b98ec5b3703527412c7c8af5167805684db57e215b917825b524a,8111342e510b98ec5b3703527412c7c8af5167805684db57e215b917825b524a,8111342e510b98ec5b3703527412c7c8af5167805684db57e215b917825b524a,$,,8111342e510b98ec5b3703527412c7c8af5167805684db57e215b917825b524a,8111342e510b98ec5b3703527412c7c8af5167805684db57e215b917825b524a,"{""basis"":""ordered nested-math atom; exact symbolic replay"",""kind"":""source-target-formula-map""}"
1.1.0,formula,O007-FREMLIN-V2-S233-FORMULA-0221,O007-FREMLIN-V2-S233,O007-RIGHTS-FREMLIN-DSL,O007-FREMLIN-V2-S233-SEG-233E,221,233E,233E,252,256,11453,11462,12273,12282,f_1+f_2,f_1+f_2,45eb96d0272dd534640e4adb3a4c2769dd3e3882e6c42814a5a81a5a9b11f960,45eb96d0272dd534640e4adb3a4c2769dd3e3882e6c42814a5a81a5a9b11f960,45eb96d0272dd534640e4adb3a4c2769dd3e3882e6c42814a5a81a5a9b11f960,$,,45eb96d0272dd534640e4adb3a4c2769dd3e3882e6c42814a5a81a5a9b11f960,45eb96d0272dd534640e4adb3a4c2769dd3e3882e6c42814a5a81a5a9b11f960,"{""basis"":""ordered nested-math atom; exact symbolic replay"",""kind"":""source-target-formula-map""}"
1.1.0,formula,O007-FREMLIN-V2-S233-FORMULA-0222,O007-FREMLIN-V2-S233,O007-RIGHTS-FREMLIN-DSL,O007-FREMLIN-V2-S233-SEG-233E,222,233E,233E,252,256,11466,11472,12288,12294,\Tau,\Tau,a34699b8745d985590df162103fdf28f3ec3426d7f12ca80a1b9c6f87686099a,a34699b8745d985590df162103fdf28f3ec3426d7f12ca80a1b9c6f87686099a,a34699b8745d985590df162103fdf28f3ec3426d7f12ca80a1b9c6f87686099a,$,,a34699b8745d985590df162103fdf28f3ec3426d7f12ca80a1b9c6f87686099a,a34699b8745d985590df162103fdf28f3ec3426d7f12ca80a1b9c6f87686099a,"{""basis"":""ordered nested-math atom; exact symbolic replay"",""kind"":""source-target-formula-map""}"
1.1.0,formula,O007-FREMLIN-V2-S233-FORMULA-0223,O007-FREMLIN-V2-S233,O007-RIGHTS-FREMLIN-DSL,O007-FREMLIN-V2-S233-SEG-233E,223,233E,233E,254,258,11489,11501,12314,12326,c\in\Bbb R,c\in\Bbb R,365f5ce487f10d724b33ca913e9f2aff3456a3c2ba87d35652de7cf350ca3be0,365f5ce487f10d724b33ca913e9f2aff3456a3c2ba87d35652de7cf350ca3be0,94bc9d92c15c2e8afaebffdcd5145690aa18e8d3436bad14ca833f19d17e6977,$,,94bc9d92c15c2e8afaebffdcd5145690aa18e8d3436bad14ca833f19d17e6977,94bc9d92c15c2e8afaebffdcd5145690aa18e8d3436bad14ca833f19d17e6977,"{""basis"":""ordered nested-math atom; exact symbolic replay"",""kind"":""source-target-formula-map""}"
1.1.0,formula,O007-FREMLIN-V2-S233-FORMULA-0224,O007-FREMLIN-V2-S233,O007-RIGHTS-FREMLIN-DSL,O007-FREMLIN-V2-S233-SEG-233E,224,233E,233E,254,258,11503,11509,12328,12334,cg_0,cg_0,c79ce461cb18e5f131d9a1e1bda6d7a353edf252b5969ecdf6dd8adcd276a7a8,c79ce461cb18e5f131d9a1e1bda6d7a353edf252b5969ecdf6dd8adcd276a7a8,c79ce461cb18e5f131d9a1e1bda6d7a353edf252b5969ecdf6dd8adcd276a7a8,$,,c79ce461cb18e5f131d9a1e1bda6d7a353edf252b5969ecdf6dd8adcd276a7a8,c79ce461cb18e5f131d9a1e1bda6d7a353edf252b5969ecdf6dd8adcd276a7a8,"{""basis"":""ordered nested-math atom; exact symbolic replay"",""kind"":""source-target-formula-map""}"
1.1.0,formula,O007-FREMLIN-V2-S233-FORMULA-0225,O007-FREMLIN-V2-S233,O007-RIGHTS-FREMLIN-DSL,O007-FREMLIN-V2-S233-SEG-233E,225,233E,233E,255,259,11543,11549,12371,12377,cf_0,cf_0,023edce53c4ded829762288c53ecfba9a3448e44e3bc32852f216def7868824f,023edce53c4ded829762288c53ecfba9a3448e44e3bc32852f216def7868824f,023edce53c4ded829762288c53ecfba9a3448e44e3bc32852f216def7868824f,$,,023edce53c4ded829762288c53ecfba9a3448e44e3bc32852f216def7868824f,023edce53c4ded829762288c53ecfba9a3448e44e3bc32852f216def7868824f,"{""basis"":""ordered nested-math atom; exact symbolic replay"",""kind"":""source-target-formula-map""}"
1.1.0,formula,O007-FREMLIN-V2-S233-FORMULA-0226,O007-FREMLIN-V2-S233,O007-RIGHTS-FREMLIN-DSL,O007-FREMLIN-V2-S233-SEG-233E,226,233E,233E,255,259,11553,11559,12383,12389,\Tau,\Tau,a34699b8745d985590df162103fdf28f3ec3426d7f12ca80a1b9c6f87686099a,a34699b8745d985590df162103fdf28f3ec3426d7f12ca80a1b9c6f87686099a,a34699b8745d985590df162103fdf28f3ec3426d7f12ca80a1b9c6f87686099a,$,,a34699b8745d985590df162103fdf28f3ec3426d7f12ca80a1b9c6f87686099a,a34699b8745d985590df162103fdf28f3ec3426d7f12ca80a1b9c6f87686099a,"{""basis"":""ordered nested-math atom; exact symbolic replay"",""kind"":""source-target-formula-map""}"
1.1.0,formula,O007-FREMLIN-V2-S233-FORMULA-0227,O007-FREMLIN-V2-S233,O007-RIGHTS-FREMLIN-DSL,O007-FREMLIN-V2-S233-SEG-233E,227,233E,233E,257,261,11571,11585,12401,12415,f_1\leae f_2,f_1\leae f_2,d771287fb2681b969b40e68a757354f760c14c4d38b36d4f7dc16266498d9ceb,d771287fb2681b969b40e68a757354f760c14c4d38b36d4f7dc16266498d9ceb,8c7cdda9e6455dda3108b59bad0546fd140117041d0021ccf90bb23da8fb68d3,$,,8c7cdda9e6455dda3108b59bad0546fd140117041d0021ccf90bb23da8fb68d3,8c7cdda9e6455dda3108b59bad0546fd140117041d0021ccf90bb23da8fb68d3,"{""basis"":""ordered nested-math atom; exact symbolic replay"",""kind"":""source-target-formula-map""}"
1.1.0,formula,O007-FREMLIN-V2-S233-FORMULA-0228,O007-FREMLIN-V2-S233,O007-RIGHTS-FREMLIN-DSL,O007-FREMLIN-V2-S233-SEG-233E,228,233E,233E,257,261,11591,11605,12422,12436,g_1\leae g_2,g_1\leae g_2,8c24a22618ce62318b7d76aaf90cd4834734b1784f99710d3a28fc6c08ae30b4,8c24a22618ce62318b7d76aaf90cd4834734b1784f99710d3a28fc6c08ae30b4,fa0dea545c35787384bdf0ba048aa14f0e65701c772d7cac990fe70f7a93deda,$,,fa0dea545c35787384bdf0ba048aa14f0e65701c772d7cac990fe70f7a93deda,fa0dea545c35787384bdf0ba048aa14f0e65701c772d7cac990fe70f7a93deda,"{""basis"":""ordered nested-math atom; exact symbolic replay"",""kind"":""source-target-formula-map""}"
1.1.0,formula,O007-FREMLIN-V2-S233-FORMULA-0229,O007-FREMLIN-V2-S233,O007-RIGHTS-FREMLIN-DSL,O007-FREMLIN-V2-S233-SEG-233E,229,233E,233E,259,263,11617,11634,12448,12465,\sequencen{f_n},\sequencen{f_n},fa5119baa98914bf1c06e7b3e23f2fc7892492f922674476fb599e26e28ac0b6,fa5119baa98914bf1c06e7b3e23f2fc7892492f922674476fb599e26e28ac0b6,fa5119baa98914bf1c06e7b3e23f2fc7892492f922674476fb599e26e28ac0b6,$,,fa5119baa98914bf1c06e7b3e23f2fc7892492f922674476fb599e26e28ac0b6,fa5119baa98914bf1c06e7b3e23f2fc7892492f922674476fb599e26e28ac0b6,"{""basis"":""ordered nested-math atom; exact symbolic replay"",""kind"":""source-target-formula-map""}"
1.1.0,formula,O007-FREMLIN-V2-S233-FORMULA-0230,O007-FREMLIN-V2-S233,O007-RIGHTS-FREMLIN-DSL,O007-FREMLIN-V2-S233-SEG-233E,230,233E,233E,260,264,11664,11688,12503,12527,f=\lim_{n\to\infty}f_n,f=\lim_{n\to\infty}f_n,c05dec63bf86cd2661eb180bbf3e7ddc9db4cf78be420bbc5ad77b58f987cefa,c05dec63bf86cd2661eb180bbf3e7ddc9db4cf78be420bbc5ad77b58f987cefa,c05dec63bf86cd2661eb180bbf3e7ddc9db4cf78be420bbc5ad77b58f987cefa,$,,c05dec63bf86cd2661eb180bbf3e7ddc9db4cf78be420bbc5ad77b58f987cefa,c05dec63bf86cd2661eb180bbf3e7ddc9db4cf78be420bbc5ad77b58f987cefa,"{""basis"":""ordered nested-math atom; exact symbolic replay"",""kind"":""source-target-formula-map""}"
1.1.0,formula,O007-FREMLIN-V2-S233-FORMULA-0231,O007-FREMLIN-V2-S233,O007-RIGHTS-FREMLIN-DSL,O007-FREMLIN-V2-S233-SEG-233E,231,233E,233E,260,264,11692,11697,12537,12542,\mu,\mu,492247e1bab15272d1e53b8015c042bf6fa0cb8f23ec52cad93d6ba80dafb804,492247e1bab15272d1e53b8015c042bf6fa0cb8f23ec52cad93d6ba80dafb804,492247e1bab15272d1e53b8015c042bf6fa0cb8f23ec52cad93d6ba80dafb804,$,,492247e1bab15272d1e53b8015c042bf6fa0cb8f23ec52cad93d6ba80dafb804,492247e1bab15272d1e53b8015c042bf6fa0cb8f23ec52cad93d6ba80dafb804,"{""basis"":""ordered nested-math atom; exact symbolic replay"",""kind"":""source-target-formula-map""}"
1.1.0,formula,O007-FREMLIN-V2-S233-FORMULA-0232,O007-FREMLIN-V2-S233,O007-RIGHTS-FREMLIN-DSL,O007-FREMLIN-V2-S233-SEG-233E,232,233E,233E,261,265,11716,11738,12564,12586,\lim_{n\to\infty}g_n,\lim_{n\to\infty}g_n,b935722d732c30d73966881bca2b2774a5fb968e13dfb4cbfae493e1d53b5a8d,b935722d732c30d73966881bca2b2774a5fb968e13dfb4cbfae493e1d53b5a8d,b935722d732c30d73966881bca2b2774a5fb968e13dfb4cbfae493e1d53b5a8d,$,,b935722d732c30d73966881bca2b2774a5fb968e13dfb4cbfae493e1d53b5a8d,b935722d732c30d73966881bca2b2774a5fb968e13dfb4cbfae493e1d53b5a8d,"{""basis"":""ordered nested-math atom; exact symbolic replay"",""kind"":""source-target-formula-map""}"
1.1.0,formula,O007-FREMLIN-V2-S233-FORMULA-0233,O007-FREMLIN-V2-S233,O007-RIGHTS-FREMLIN-DSL,O007-FREMLIN-V2-S233-SEG-233E,233,233E,233E,261,265,11771,11774,12623,12626,f,f,252f10c83610ebca1a059c0bae8255eba2f95be4d1d7bcfa89d7248a82d9f111,252f10c83610ebca1a059c0bae8255eba2f95be4d1d7bcfa89d7248a82d9f111,252f10c83610ebca1a059c0bae8255eba2f95be4d1d7bcfa89d7248a82d9f111,$,,252f10c83610ebca1a059c0bae8255eba2f95be4d1d7bcfa89d7248a82d9f111,252f10c83610ebca1a059c0bae8255eba2f95be4d1d7bcfa89d7248a82d9f111,"{""basis"":""ordered nested-math atom; exact symbolic replay"",""kind"":""source-target-formula-map""}"
1.1.0,formula,O007-FREMLIN-V2-S233-FORMULA-0234,O007-FREMLIN-V2-S233,O007-RIGHTS-FREMLIN-DSL,O007-FREMLIN-V2-S233-SEG-233E,234,233E,233E,261,266,11778,11784,12632,12638,\Tau,\Tau,a34699b8745d985590df162103fdf28f3ec3426d7f12ca80a1b9c6f87686099a,a34699b8745d985590df162103fdf28f3ec3426d7f12ca80a1b9c6f87686099a,a34699b8745d985590df162103fdf28f3ec3426d7f12ca80a1b9c6f87686099a,$,,a34699b8745d985590df162103fdf28f3ec3426d7f12ca80a1b9c6f87686099a,a34699b8745d985590df162103fdf28f3ec3426d7f12ca80a1b9c6f87686099a,"{""basis"":""ordered nested-math atom; exact symbolic replay"",""kind"":""source-target-formula-map""}"
1.1.0,formula,O007-FREMLIN-V2-S233-FORMULA-0235,O007-FREMLIN-V2-S233,O007-RIGHTS-FREMLIN-DSL,O007-FREMLIN-V2-S233-SEG-233E,235,233E,233E,263,268,11796,11820,12650,12674,f=\lim_{n\to\infty}f_n,f=\lim_{n\to\infty}f_n,c05dec63bf86cd2661eb180bbf3e7ddc9db4cf78be420bbc5ad77b58f987cefa,c05dec63bf86cd2661eb180bbf3e7ddc9db4cf78be420bbc5ad77b58f987cefa,c05dec63bf86cd2661eb180bbf3e7ddc9db4cf78be420bbc5ad77b58f987cefa,$,,c05dec63bf86cd2661eb180bbf3e7ddc9db4cf78be420bbc5ad77b58f987cefa,c05dec63bf86cd2661eb180bbf3e7ddc9db4cf78be420bbc5ad77b58f987cefa,"{""basis"":""ordered nested-math atom; exact symbolic replay"",""kind"":""source-target-formula-map""}"
1.1.0,formula,O007-FREMLIN-V2-S233-FORMULA-0236,O007-FREMLIN-V2-S233,O007-RIGHTS-FREMLIN-DSL,O007-FREMLIN-V2-S233-SEG-233E,236,233E,233E,264,269,11854,11859,12728,12733,\mu,\mu,492247e1bab15272d1e53b8015c042bf6fa0cb8f23ec52cad93d6ba80dafb804,492247e1bab15272d1e53b8015c042bf6fa0cb8f23ec52cad93d6ba80dafb804,492247e1bab15272d1e53b8015c042bf6fa0cb8f23ec52cad93d6ba80dafb804,$,,492247e1bab15272d1e53b8015c042bf6fa0cb8f23ec52cad93d6ba80dafb804,492247e1bab15272d1e53b8015c042bf6fa0cb8f23ec52cad93d6ba80dafb804,"{""basis"":""ordered nested-math atom; exact symbolic replay"",""kind"":""source-target-formula-map""}"
1.1.0,formula,O007-FREMLIN-V2-S233-FORMULA-0237,O007-FREMLIN-V2-S233,O007-RIGHTS-FREMLIN-DSL,O007-FREMLIN-V2-S233-SEG-233E,237,233E,233E,264,269,11880,11883,12749,12752,h,h,aaa9402664f1a41f40ebbc52c9993eb66aeb366602958fdfaa283b71e64db123,aaa9402664f1a41f40ebbc52c9993eb66aeb366602958fdfaa283b71e64db123,aaa9402664f1a41f40ebbc52c9993eb66aeb366602958fdfaa283b71e64db123,$,,aaa9402664f1a41f40ebbc52c9993eb66aeb366602958fdfaa283b71e64db123,aaa9402664f1a41f40ebbc52c9993eb66aeb366602958fdfaa283b71e64db123,"{""basis"":""ordered nested-math atom; exact symbolic replay"",""kind"":""source-target-formula-map""}"
1.1.0,formula,O007-FREMLIN-V2-S233-FORMULA-0238,O007-FREMLIN-V2-S233,O007-RIGHTS-FREMLIN-DSL,O007-FREMLIN-V2-S233-SEG-233E,238,233E,233E,264,270,11894,11908,12773,12787,|f_n|\leae h,|f_n|\leae h,74883a45a6b9ace6d35490606f93dc2ec169f44d126ab090dd3c4d01e34213d7,74883a45a6b9ace6d35490606f93dc2ec169f44d126ab090dd3c4d01e34213d7,543893da1c0c0b0056ee03bc35bd4ae53659651e6982ee602eb735d95c51074e,$,,543893da1c0c0b0056ee03bc35bd4ae53659651e6982ee602eb735d95c51074e,543893da1c0c0b0056ee03bc35bd4ae53659651e6982ee602eb735d95c51074e,"{""basis"":""ordered nested-math atom; exact symbolic replay"",""kind"":""source-target-formula-map""}"
1.1.0,formula,O007-FREMLIN-V2-S233-FORMULA-0239,O007-FREMLIN-V2-S233,O007-RIGHTS-FREMLIN-DSL,O007-FREMLIN-V2-S233-SEG-233E,239,233E,233E,265,270,11920,11923,12801,12804,n,n,1b16b1df538ba12dc3f97edbb85caa7050d46c148134290feba80f8236c83db9,1b16b1df538ba12dc3f97edbb85caa7050d46c148134290feba80f8236c83db9,1b16b1df538ba12dc3f97edbb85caa7050d46c148134290feba80f8236c83db9,$,,1b16b1df538ba12dc3f97edbb85caa7050d46c148134290feba80f8236c83db9,1b16b1df538ba12dc3f97edbb85caa7050d46c148134290feba80f8236c83db9,"{""basis"":""ordered nested-math atom; exact symbolic replay"",""kind"":""source-target-formula-map""}"
1.1.0,formula,O007-FREMLIN-V2-S233-FORMULA-0240,O007-FREMLIN-V2-S233,O007-RIGHTS-FREMLIN-DSL,O007-FREMLIN-V2-S233-SEG-233E,240,233E,233E,266,270,11931,11953,12811,12833,\lim_{n\to\infty}g_n,\lim_{n\to\infty}g_n,b935722d732c30d73966881bca2b2774a5fb968e13dfb4cbfae493e1d53b5a8d,b935722d732c30d73966881bca2b2774a5fb968e13dfb4cbfae493e1d53b5a8d,b935722d732c30d73966881bca2b2774a5fb968e13dfb4cbfae493e1d53b5a8d,$,,b935722d732c30d73966881bca2b2774a5fb968e13dfb4cbfae493e1d53b5a8d,b935722d732c30d73966881bca2b2774a5fb968e13dfb4cbfae493e1d53b5a8d,"{""basis"":""ordered nested-math atom; exact symbolic replay"",""kind"":""source-target-formula-map""}"
1.1.0,formula,O007-FREMLIN-V2-S233-FORMULA-0241,O007-FREMLIN-V2-S233,O007-RIGHTS-FREMLIN-DSL,O007-FREMLIN-V2-S233-SEG-233E,241,233E,233E,266,271,11986,11989,12870,12873,f,f,252f10c83610ebca1a059c0bae8255eba2f95be4d1d7bcfa89d7248a82d9f111,252f10c83610ebca1a059c0bae8255eba2f95be4d1d7bcfa89d7248a82d9f111,252f10c83610ebca1a059c0bae8255eba2f95be4d1d7bcfa89d7248a82d9f111,$,,252f10c83610ebca1a059c0bae8255eba2f95be4d1d7bcfa89d7248a82d9f111,252f10c83610ebca1a059c0bae8255eba2f95be4d1d7bcfa89d7248a82d9f111,"{""basis"":""ordered nested-math atom; exact symbolic replay"",""kind"":""source-target-formula-map""}"
1.1.0,formula,O007-FREMLIN-V2-S233-FORMULA-0242,O007-FREMLIN-V2-S233,O007-RIGHTS-FREMLIN-DSL,O007-FREMLIN-V2-S233-SEG-233E,242,233E,233E,267,271,11994,12000,12879,12885,\Tau,\Tau,a34699b8745d985590df162103fdf28f3ec3426d7f12ca80a1b9c6f87686099a,a34699b8745d985590df162103fdf28f3ec3426d7f12ca80a1b9c6f87686099a,a34699b8745d985590df162103fdf28f3ec3426d7f12ca80a1b9c6f87686099a,$,,a34699b8745d985590df162103fdf28f3ec3426d7f12ca80a1b9c6f87686099a,a34699b8745d985590df162103fdf28f3ec3426d7f12ca80a1b9c6f87686099a,"{""basis"":""ordered nested-math atom; exact symbolic replay"",""kind"":""source-target-formula-map""}"
1.1.0,formula,O007-FREMLIN-V2-S233-FORMULA-0243,O007-FREMLIN-V2-S233,O007-RIGHTS-FREMLIN-DSL,O007-FREMLIN-V2-S233-SEG-233E,243,233E,233E,269,273,12012,12022,12897,12907,F\in\Tau,F\in\Tau,1c89dd885b17d49d2d61b2430cf1f8956e6b04ce6f3295ea1c11ffbf00b7fb98,1c89dd885b17d49d2d61b2430cf1f8956e6b04ce6f3295ea1c11ffbf00b7fb98,1c89dd885b17d49d2d61b2430cf1f8956e6b04ce6f3295ea1c11ffbf00b7fb98,$,,1c89dd885b17d49d2d61b2430cf1f8956e6b04ce6f3295ea1c11ffbf00b7fb98,1c89dd885b17d49d2d61b2430cf1f8956e6b04ce6f3295ea1c11ffbf00b7fb98,"{""basis"":""ordered nested-math atom; exact symbolic replay"",""kind"":""source-target-formula-map""}"
1.1.0,formula,O007-FREMLIN-V2-S233-FORMULA-0244,O007-FREMLIN-V2-S233,O007-RIGHTS-FREMLIN-DSL,O007-FREMLIN-V2-S233-SEG-233E,244,233E,233E,269,273,12028,12046,12914,12932,g_0\times \chi F,g_0\times \chi F,4566b3972d12a3d3dcd9c2027812876df3cff2b6fb5ac6c07b4d17165d5e3f8e,4566b3972d12a3d3dcd9c2027812876df3cff2b6fb5ac6c07b4d17165d5e3f8e,43a9d36bf7ebbdd493c89547930266463d9b327a614ad3d3317f0506f37faaf3,$,,43a9d36bf7ebbdd493c89547930266463d9b327a614ad3d3317f0506f37faaf3,43a9d36bf7ebbdd493c89547930266463d9b327a614ad3d3317f0506f37faaf3,"{""basis"":""ordered nested-math atom; exact symbolic replay"",""kind"":""source-target-formula-map""}"
1.1.0,formula,O007-FREMLIN-V2-S233-FORMULA-0245,O007-FREMLIN-V2-S233,O007-RIGHTS-FREMLIN-DSL,O007-FREMLIN-V2-S233-SEG-233E,245,233E,233E,270,274,12080,12097,12969,12986,f_0\times\chi F,f_0\times\chi F,a17e35f5952e6e0c79a50dcca58a3a6ac0d46ad56247ba9e9d220fc0b8a9aff9,a17e35f5952e6e0c79a50dcca58a3a6ac0d46ad56247ba9e9d220fc0b8a9aff9,2c60261c34296ee1d4e017f7bf6ff3950727f4ab2b70e86b152a77fa52398b01,$,,2c60261c34296ee1d4e017f7bf6ff3950727f4ab2b70e86b152a77fa52398b01,2c60261c34296ee1d4e017f7bf6ff3950727f4ab2b70e86b152a77fa52398b01,"{""basis"":""ordered nested-math atom; exact symbolic replay"",""kind"":""source-target-formula-map""}"
1.1.0,formula,O007-FREMLIN-V2-S233-FORMULA-0246,O007-FREMLIN-V2-S233,O007-RIGHTS-FREMLIN-DSL,O007-FREMLIN-V2-S233-SEG-233E,246,233E,233E,270,274,12101,12107,12992,12998,\Tau,\Tau,a34699b8745d985590df162103fdf28f3ec3426d7f12ca80a1b9c6f87686099a,a34699b8745d985590df162103fdf28f3ec3426d7f12ca80a1b9c6f87686099a,a34699b8745d985590df162103fdf28f3ec3426d7f12ca80a1b9c6f87686099a,$,,a34699b8745d985590df162103fdf28f3ec3426d7f12ca80a1b9c6f87686099a,a34699b8745d985590df162103fdf28f3ec3426d7f12ca80a1b9c6f87686099a,"{""basis"":""ordered nested-math atom; exact symbolic replay"",""kind"":""source-target-formula-map""}"
1.1.0,formula,O007-FREMLIN-V2-S233-FORMULA-0247,O007-FREMLIN-V2-S233,O007-RIGHTS-FREMLIN-DSL,O007-FREMLIN-V2-S233-SEG-233E,247,233E,233E,272,276,12119,12122,13010,13013,h,h,aaa9402664f1a41f40ebbc52c9993eb66aeb366602958fdfaa283b71e64db123,aaa9402664f1a41f40ebbc52c9993eb66aeb366602958fdfaa283b71e64db123,aaa9402664f1a41f40ebbc52c9993eb66aeb366602958fdfaa283b71e64db123,$,,aaa9402664f1a41f40ebbc52c9993eb66aeb366602958fdfaa283b71e64db123,aaa9402664f1a41f40ebbc52c9993eb66aeb366602958fdfaa283b71e64db123,"{""basis"":""ordered nested-math atom; exact symbolic replay"",""kind"":""source-target-formula-map""}"
1.1.0,formula,O007-FREMLIN-V2-S233-FORMULA-0248,O007-FREMLIN-V2-S233,O007-RIGHTS-FREMLIN-DSL,O007-FREMLIN-V2-S233-SEG-233E,248,233E,233E,272,277,12137,12153,13087,13103,\mu\restrp\Tau,\mu\restrp\Tau,0ef3002e608187cafba25389501fbb651adb17c2300ae86b2a55367b1159009e,0ef3002e608187cafba25389501fbb651adb17c2300ae86b2a55367b1159009e,0ef3002e608187cafba25389501fbb651adb17c2300ae86b2a55367b1159009e,$,,0ef3002e608187cafba25389501fbb651adb17c2300ae86b2a55367b1159009e,0ef3002e608187cafba25389501fbb651adb17c2300ae86b2a55367b1159009e,"{""basis"":""ordered nested-math atom; exact symbolic replay"",""kind"":""source-target-formula-map""}"
1.1.0,formula,O007-FREMLIN-V2-S233-FORMULA-0249,O007-FREMLIN-V2-S233,O007-RIGHTS-FREMLIN-DSL,O007-FREMLIN-V2-S233-SEG-233E,249,233E,233E,274,278,12206,12222,13122,13138,\mu\restrp\Tau,\mu\restrp\Tau,0ef3002e608187cafba25389501fbb651adb17c2300ae86b2a55367b1159009e,0ef3002e608187cafba25389501fbb651adb17c2300ae86b2a55367b1159009e,0ef3002e608187cafba25389501fbb651adb17c2300ae86b2a55367b1159009e,$,,0ef3002e608187cafba25389501fbb651adb17c2300ae86b2a55367b1159009e,0ef3002e608187cafba25389501fbb651adb17c2300ae86b2a55367b1159009e,"{""basis"":""ordered nested-math atom; exact symbolic replay"",""kind"":""source-target-formula-map""}"
1.1.0,formula,O007-FREMLIN-V2-S233-FORMULA-0250,O007-FREMLIN-V2-S233,O007-RIGHTS-FREMLIN-DSL,O007-FREMLIN-V2-S233-SEG-233E,250,233E,233E,274,278,12244,12247,13165,13168,X,X,4b68ab3847feda7d6c62c1fbcbeebfa35eab7351ed5e78f4ddadea5df64b8015,4b68ab3847feda7d6c62c1fbcbeebfa35eab7351ed5e78f4ddadea5df64b8015,4b68ab3847feda7d6c62c1fbcbeebfa35eab7351ed5e78f4ddadea5df64b8015,$,,4b68ab3847feda7d6c62c1fbcbeebfa35eab7351ed5e78f4ddadea5df64b8015,4b68ab3847feda7d6c62c1fbcbeebfa35eab7351ed5e78f4ddadea5df64b8015,"{""basis"":""ordered nested-math atom; exact symbolic replay"",""kind"":""source-target-formula-map""}"
1.1.0,formula,O007-FREMLIN-V2-S233-FORMULA-0251,O007-FREMLIN-V2-S233,O007-RIGHTS-FREMLIN-DSL,O007-FREMLIN-V2-S233-SEG-233E,251,233E,233E,274,278,12254,12267,13175,13188,g_0\times h,g_0\times h,d8a9a07d024d8e530e022d45f520f33bcca5b952f80cd8b93285acc9218cb77a,d8a9a07d024d8e530e022d45f520f33bcca5b952f80cd8b93285acc9218cb77a,0d24c6a0852f304a5240db7334d446a98e1957171f4b5df297b8293545626be8,$,,0d24c6a0852f304a5240db7334d446a98e1957171f4b5df297b8293545626be8,0d24c6a0852f304a5240db7334d446a98e1957171f4b5df297b8293545626be8,"{""basis"":""ordered nested-math atom; exact symbolic replay"",""kind"":""source-target-formula-map""}"
1.1.0,formula,O007-FREMLIN-V2-S233-FORMULA-0252,O007-FREMLIN-V2-S233,O007-RIGHTS-FREMLIN-DSL,O007-FREMLIN-V2-S233-SEG-233E,252,233E,233E,275,279,12301,12314,13225,13238,f_0\times h,f_0\times h,84c7bd71b4b8662730417fc142b8676813afc140552728dc5414ed7bc5e924df,84c7bd71b4b8662730417fc142b8676813afc140552728dc5414ed7bc5e924df,e7f6ef0a1cebd367207c9ffa1ec694f2a3f5f4adad3cf04748e982fd811f0fcd,$,,e7f6ef0a1cebd367207c9ffa1ec694f2a3f5f4adad3cf04748e982fd811f0fcd,e7f6ef0a1cebd367207c9ffa1ec694f2a3f5f4adad3cf04748e982fd811f0fcd,"{""basis"":""ordered nested-math atom; exact symbolic replay"",""kind"":""source-target-formula-map""}"
1.1.0,formula,O007-FREMLIN-V2-S233-FORMULA-0253,O007-FREMLIN-V2-S233,O007-RIGHTS-FREMLIN-DSL,O007-FREMLIN-V2-S233-SEG-233E,253,233E,233E,275,279,12318,12324,13244,13250,\Tau,\Tau,a34699b8745d985590df162103fdf28f3ec3426d7f12ca80a1b9c6f87686099a,a34699b8745d985590df162103fdf28f3ec3426d7f12ca80a1b9c6f87686099a,a34699b8745d985590df162103fdf28f3ec3426d7f12ca80a1b9c6f87686099a,$,,a34699b8745d985590df162103fdf28f3ec3426d7f12ca80a1b9c6f87686099a,a34699b8745d985590df162103fdf28f3ec3426d7f12ca80a1b9c6f87686099a,"{""basis"":""ordered nested-math atom; exact symbolic replay"",""kind"":""source-target-formula-map""}"
1.1.0,formula,O007-FREMLIN-V2-S233-FORMULA-0254,O007-FREMLIN-V2-S233,O007-RIGHTS-FREMLIN-DSL,O007-FREMLIN-V2-S233-SEG-233E,254,233E,233E,277,281,12336,12346,13262,13272,\Upsilon,\Upsilon,acaa4a40f8e9e551131f89624170cbef4cc0b4f3af5c34a25569f5afffbf8214,acaa4a40f8e9e551131f89624170cbef4cc0b4f3af5c34a25569f5afffbf8214,acaa4a40f8e9e551131f89624170cbef4cc0b4f3af5c34a25569f5afffbf8214,$,,acaa4a40f8e9e551131f89624170cbef4cc0b4f3af5c34a25569f5afffbf8214,acaa4a40f8e9e551131f89624170cbef4cc0b4f3af5c34a25569f5afffbf8214,"{""basis"":""ordered nested-math atom; exact symbolic replay"",""kind"":""source-target-formula-map""}"
1.1.0,formula,O007-FREMLIN-V2-S233-FORMULA-0255,O007-FREMLIN-V2-S233,O007-RIGHTS-FREMLIN-DSL,O007-FREMLIN-V2-S233-SEG-233E,255,233E,233E,277,281,12352,12360,13290,13298,\sigma,\sigma,9c3245dfb4ac54c1623a60e7b8d1fc07cb02eae1229435230c7dab5e71083a26,9c3245dfb4ac54c1623a60e7b8d1fc07cb02eae1229435230c7dab5e71083a26,9c3245dfb4ac54c1623a60e7b8d1fc07cb02eae1229435230c7dab5e71083a26,$,,9c3245dfb4ac54c1623a60e7b8d1fc07cb02eae1229435230c7dab5e71083a26,9c3245dfb4ac54c1623a60e7b8d1fc07cb02eae1229435230c7dab5e71083a26,"{""basis"":""ordered nested-math atom; exact symbolic replay"",""kind"":""source-target-formula-map""}"
1.1.0,formula,O007-FREMLIN-V2-S233-FORMULA-0256,O007-FREMLIN-V2-S233,O007-RIGHTS-FREMLIN-DSL,O007-FREMLIN-V2-S233-SEG-233E,256,233E,233E,277,281,12375,12381,13304,13310,\Tau,\Tau,a34699b8745d985590df162103fdf28f3ec3426d7f12ca80a1b9c6f87686099a,a34699b8745d985590df162103fdf28f3ec3426d7f12ca80a1b9c6f87686099a,a34699b8745d985590df162103fdf28f3ec3426d7f12ca80a1b9c6f87686099a,$,,a34699b8745d985590df162103fdf28f3ec3426d7f12ca80a1b9c6f87686099a,a34699b8745d985590df162103fdf28f3ec3426d7f12ca80a1b9c6f87686099a,"{""basis"":""ordered nested-math atom; exact symbolic replay"",""kind"":""source-target-formula-map""}"
1.1.0,formula,O007-FREMLIN-V2-S233-FORMULA-0257,O007-FREMLIN-V2-S233,O007-RIGHTS-FREMLIN-DSL,O007-FREMLIN-V2-S233-SEG-233E,257,233E,233E,278,282,12400,12405,13330,13335,h_0,h_0,2b0800e4e3bac109c122ac9a22849c7fc4eb3330899cb6a5b1a2219c19b68a6e,2b0800e4e3bac109c122ac9a22849c7fc4eb3330899cb6a5b1a2219c19b68a6e,2b0800e4e3bac109c122ac9a22849c7fc4eb3330899cb6a5b1a2219c19b68a6e,$,,2b0800e4e3bac109c122ac9a22849c7fc4eb3330899cb6a5b1a2219c19b68a6e,2b0800e4e3bac109c122ac9a22849c7fc4eb3330899cb6a5b1a2219c19b68a6e,"{""basis"":""ordered nested-math atom; exact symbolic replay"",""kind"":""source-target-formula-map""}"
1.1.0,formula,O007-FREMLIN-V2-S233-FORMULA-0258,O007-FREMLIN-V2-S233,O007-RIGHTS-FREMLIN-DSL,O007-FREMLIN-V2-S233-SEG-233E,258,233E,233E,278,282,12438,12443,13372,13377,f_0,f_0,a75dbfeaae9c1c65d61b61235a02f5992c8c7f20d58d0c9e0fe68352eeddc235,a75dbfeaae9c1c65d61b61235a02f5992c8c7f20d58d0c9e0fe68352eeddc235,a75dbfeaae9c1c65d61b61235a02f5992c8c7f20d58d0c9e0fe68352eeddc235,$,,a75dbfeaae9c1c65d61b61235a02f5992c8c7f20d58d0c9e0fe68352eeddc235,a75dbfeaae9c1c65d61b61235a02f5992c8c7f20d58d0c9e0fe68352eeddc235,"{""basis"":""ordered nested-math atom; exact symbolic replay"",""kind"":""source-target-formula-map""}"
1.1.0,formula,O007-FREMLIN-V2-S233-FORMULA-0259,O007-FREMLIN-V2-S233,O007-RIGHTS-FREMLIN-DSL,O007-FREMLIN-V2-S233-SEG-233E,259,233E,233E,278,282,12447,12457,13383,13393,\Upsilon,\Upsilon,acaa4a40f8e9e551131f89624170cbef4cc0b4f3af5c34a25569f5afffbf8214,acaa4a40f8e9e551131f89624170cbef4cc0b4f3af5c34a25569f5afffbf8214,acaa4a40f8e9e551131f89624170cbef4cc0b4f3af5c34a25569f5afffbf8214,$,,acaa4a40f8e9e551131f89624170cbef4cc0b4f3af5c34a25569f5afffbf8214,acaa4a40f8e9e551131f89624170cbef4cc0b4f3af5c34a25569f5afffbf8214,"{""basis"":""ordered nested-math atom; exact symbolic replay"",""kind"":""source-target-formula-map""}"
1.1.0,formula,O007-FREMLIN-V2-S233-FORMULA-0260,O007-FREMLIN-V2-S233,O007-RIGHTS-FREMLIN-DSL,O007-FREMLIN-V2-S233-SEG-233E,260,233E,233E,279,284,12498,12503,13466,13471,g_0,g_0,0a566b1db5acde7f9ec666b9f3c742d5800b2070098077ee55eb21923406217f,0a566b1db5acde7f9ec666b9f3c742d5800b2070098077ee55eb21923406217f,0a566b1db5acde7f9ec666b9f3c742d5800b2070098077ee55eb21923406217f,$,,0a566b1db5acde7f9ec666b9f3c742d5800b2070098077ee55eb21923406217f,0a566b1db5acde7f9ec666b9f3c742d5800b2070098077ee55eb21923406217f,"{""basis"":""ordered nested-math atom; exact symbolic replay"",""kind"":""source-target-formula-map""}"
1.1.0,formula,O007-FREMLIN-V2-S233-FORMULA-0261,O007-FREMLIN-V2-S233,O007-RIGHTS-FREMLIN-DSL,O007-FREMLIN-V2-S233-SEG-233E,261,233E,233E,279,284,12507,12517,13477,13487,\Upsilon,\Upsilon,acaa4a40f8e9e551131f89624170cbef4cc0b4f3af5c34a25569f5afffbf8214,acaa4a40f8e9e551131f89624170cbef4cc0b4f3af5c34a25569f5afffbf8214,acaa4a40f8e9e551131f89624170cbef4cc0b4f3af5c34a25569f5afffbf8214,$,,acaa4a40f8e9e551131f89624170cbef4cc0b4f3af5c34a25569f5afffbf8214,acaa4a40f8e9e551131f89624170cbef4cc0b4f3af5c34a25569f5afffbf8214,"{""basis"":""ordered nested-math atom; exact symbolic replay"",""kind"":""source-target-formula-map""}"
1.1.0,formula,O007-FREMLIN-V2-S233-FORMULA-0262,O007-FREMLIN-V2-S233,O007-RIGHTS-FREMLIN-DSL,O007-FREMLIN-V2-S233-SEG-233E,262,233E,233E,283,288,12587,12723,13557,13691,"\int_Fg_1+g_2d(\mu\restrp\Tau)
=\int_Fg_1d(\mu\restrp\Tau)+\int_Fg_2d(\mu\restrp\Tau)
=\int_Ff_1d\mu+\int_Ff_2d\mu=\int_Ff_1+f_2d\mu","\int_Fg_1+g_2d(\mu\restrp\Tau)
=\int_Fg_1d(\mu\restrp\Tau)+\int_Fg_2d(\mu\restrp\Tau)
=\int_Ff_1d\mu+\int_Ff_2d\mu=\int_Ff_1+f_2d\mu",08a1b76950b41fc0246cc9bb353c00c633f20a8bb8de0aece080951f8caba531,a8d4fec64921dd0ab5305d1d6c56ca1f3902e62c952bc64c291c1a70286862ea,80500f726d693dd8cc4566154762330191487ea0874c46e039196af5ed049082,$,,80500f726d693dd8cc4566154762330191487ea0874c46e039196af5ed049082,80500f726d693dd8cc4566154762330191487ea0874c46e039196af5ed049082,"{""basis"":""ordered nested-math atom; exact symbolic replay"",""kind"":""source-target-formula-map""}"
1.1.0,formula,O007-FREMLIN-V2-S233-FORMULA-0263,O007-FREMLIN-V2-S233,O007-RIGHTS-FREMLIN-DSL,O007-FREMLIN-V2-S233-SEG-233E,263,233E,233E,287,292,12741,12830,13707,13795,"\int_Fcg_0d(\mu\restrp\Tau)
=c\int_Fg_0d(\mu\restrp\Tau)=c\int_Ff_0d\mu=\int_Fcf_0d\mu","\int_Fcg_0d(\mu\restrp\Tau)
=c\int_Fg_0d(\mu\restrp\Tau)=c\int_Ff_0d\mu=\int_Fcf_0d\mu",cbc6a54130573ee21328a6fb6aafce1a4263255b902c95abf63dba2e4b26e0ae,a2be01eef6b33027f2b18ebab3a0db28f19ff289c6a6afe51dc754202a91d7b6,8872b061896f835262cbe0ceb9684de4c8591cb3c8e72e53cd945bc9b978cfa8,$,,8872b061896f835262cbe0ceb9684de4c8591cb3c8e72e53cd945bc9b978cfa8,8872b061896f835262cbe0ceb9684de4c8591cb3c8e72e53cd945bc9b978cfa8,"{""basis"":""ordered nested-math atom; exact symbolic replay"",""kind"":""source-target-formula-map""}"
1.1.0,formula,O007-FREMLIN-V2-S233-FORMULA-0264,O007-FREMLIN-V2-S233,O007-RIGHTS-FREMLIN-DSL,O007-FREMLIN-V2-S233-SEG-233E,264,233E,233E,290,295,12855,12865,13821,13831,F\in\Tau,F\in\Tau,1c89dd885b17d49d2d61b2430cf1f8956e6b04ce6f3295ea1c11ffbf00b7fb98,1c89dd885b17d49d2d61b2430cf1f8956e6b04ce6f3295ea1c11ffbf00b7fb98,1c89dd885b17d49d2d61b2430cf1f8956e6b04ce6f3295ea1c11ffbf00b7fb98,$,,1c89dd885b17d49d2d61b2430cf1f8956e6b04ce6f3295ea1c11ffbf00b7fb98,1c89dd885b17d49d2d61b2430cf1f8956e6b04ce6f3295ea1c11ffbf00b7fb98,"{""basis"":""ordered nested-math atom; exact symbolic replay"",""kind"":""source-target-formula-map""}"
1.1.0,formula,O007-FREMLIN-V2-S233-FORMULA-0265,O007-FREMLIN-V2-S233,O007-RIGHTS-FREMLIN-DSL,O007-FREMLIN-V2-S233-SEG-233E,265,233E,233E,294,299,12895,12905,13859,13869,F\in\Tau,F\in\Tau,1c89dd885b17d49d2d61b2430cf1f8956e6b04ce6f3295ea1c11ffbf00b7fb98,1c89dd885b17d49d2d61b2430cf1f8956e6b04ce6f3295ea1c11ffbf00b7fb98,1c89dd885b17d49d2d61b2430cf1f8956e6b04ce6f3295ea1c11ffbf00b7fb98,$,,1c89dd885b17d49d2d61b2430cf1f8956e6b04ce6f3295ea1c11ffbf00b7fb98,1c89dd885b17d49d2d61b2430cf1f8956e6b04ce6f3295ea1c11ffbf00b7fb98,"{""basis"":""ordered nested-math atom; exact symbolic replay"",""kind"":""source-target-formula-map""}"
1.1.0,formula,O007-FREMLIN-V2-S233-FORMULA-0266,O007-FREMLIN-V2-S233,O007-RIGHTS-FREMLIN-DSL,O007-FREMLIN-V2-S233-SEG-233E,266,233E,233E,296,301,12926,13015,13889,13976,"\int_Fg_1d(\mu\restrp\Tau)=\int_Ff_1d\mu\le\int_Ff_2d
\mu
=\int_Fg_2d(\mu\restrp\Tau)","\int_Fg_1d(\mu\restrp\Tau)=\int_Ff_1d\mu\le\int_Ff_2d
\mu
=\int_Fg_2d(\mu\restrp\Tau)",081c07ce54d0e2b50c45350dd9ec8ce4b0f33cee525f450d05e41f7484f9c48d,0ed73461a346f56443dc3aacbc27b89e1a1338992dbca2ccc97278915eca8abc,4bb786569902187a7441960e8fb2a18c24393c2d9377b0f4f4c9c792ae7c1f67,$,,4bb786569902187a7441960e8fb2a18c24393c2d9377b0f4f4c9c792ae7c1f67,4bb786569902187a7441960e8fb2a18c24393c2d9377b0f4f4c9c792ae7c1f67,"{""basis"":""ordered nested-math atom; exact symbolic replay"",""kind"":""source-target-formula-map""}"
1.1.0,formula,O007-FREMLIN-V2-S233-FORMULA-0267,O007-FREMLIN-V2-S233,O007-RIGHTS-FREMLIN-DSL,O007-FREMLIN-V2-S233-SEG-233E,267,233E,233E,300,305,13040,13050,14002,14012,F\in\Tau,F\in\Tau,1c89dd885b17d49d2d61b2430cf1f8956e6b04ce6f3295ea1c11ffbf00b7fb98,1c89dd885b17d49d2d61b2430cf1f8956e6b04ce6f3295ea1c11ffbf00b7fb98,1c89dd885b17d49d2d61b2430cf1f8956e6b04ce6f3295ea1c11ffbf00b7fb98,$,,1c89dd885b17d49d2d61b2430cf1f8956e6b04ce6f3295ea1c11ffbf00b7fb98,1c89dd885b17d49d2d61b2430cf1f8956e6b04ce6f3295ea1c11ffbf00b7fb98,"{""basis"":""ordered nested-math atom; exact symbolic replay"",""kind"":""source-target-formula-map""}"
1.1.0,formula,O007-FREMLIN-V2-S233-FORMULA-0268,O007-FREMLIN-V2-S233,O007-RIGHTS-FREMLIN-DSL,O007-FREMLIN-V2-S233-SEG-233E,268,233E,233E,301,306,13067,13095,14024,14052,"g_1\le g_2\,\mu\restrp\Tau","g_1\le g_2\,\mu\restrp\Tau",a539673302913f55bce5d5dbc301e0ed874ff23de453e32c47c494ad3d0b2f1a,a539673302913f55bce5d5dbc301e0ed874ff23de453e32c47c494ad3d0b2f1a,8af411fcfa14bb0761a90e8ce0d14b4f9e4378403262e41842685eef7661a857,$,,8af411fcfa14bb0761a90e8ce0d14b4f9e4378403262e41842685eef7661a857,8af411fcfa14bb0761a90e8ce0d14b4f9e4378403262e41842685eef7661a857,"{""basis"":""ordered nested-math atom; exact symbolic replay"",""kind"":""source-target-formula-map""}"
1.1.0,formula,O007-FREMLIN-V2-S233-FORMULA-0269,O007-FREMLIN-V2-S233,O007-RIGHTS-FREMLIN-DSL,O007-FREMLIN-V2-S233-SEG-233E,269,233E,233E,305,310,13144,13161,14117,14134,\sequencen{g_n},\sequencen{g_n},2e8e4f6e3b554ad4c38549aca8669b93f2ad384019df896017fca60439fe8d03,2e8e4f6e3b554ad4c38549aca8669b93f2ad384019df896017fca60439fe8d03,2e8e4f6e3b554ad4c38549aca8669b93f2ad384019df896017fca60439fe8d03,$,,2e8e4f6e3b554ad4c38549aca8669b93f2ad384019df896017fca60439fe8d03,2e8e4f6e3b554ad4c38549aca8669b93f2ad384019df896017fca60439fe8d03,"{""basis"":""ordered nested-math atom; exact symbolic replay"",""kind"":""source-target-formula-map""}"
1.1.0,formula,O007-FREMLIN-V2-S233-FORMULA-0270,O007-FREMLIN-V2-S233,O007-RIGHTS-FREMLIN-DSL,O007-FREMLIN-V2-S233-SEG-233E,270,233E,233E,306,311,13181,13197,14147,14163,\mu\restrp\Tau,\mu\restrp\Tau,0ef3002e608187cafba25389501fbb651adb17c2300ae86b2a55367b1159009e,0ef3002e608187cafba25389501fbb651adb17c2300ae86b2a55367b1159009e,0ef3002e608187cafba25389501fbb651adb17c2300ae86b2a55367b1159009e,$,,0ef3002e608187cafba25389501fbb651adb17c2300ae86b2a55367b1159009e,0ef3002e608187cafba25389501fbb651adb17c2300ae86b2a55367b1159009e,"{""basis"":""ordered nested-math atom; exact symbolic replay"",""kind"":""source-target-formula-map""}"
1.1.0,formula,O007-FREMLIN-V2-S233-FORMULA-0271,O007-FREMLIN-V2-S233,O007-RIGHTS-FREMLIN-DSL,O007-FREMLIN-V2-S233-SEG-233E,271,233E,233E,308,313,13231,13327,14210,14304,"\sup_{n\in\Bbb N}\int g_nd(\mu\restrp\Tau)
=\sup_{n\in\Bbb N}\int f_nd\mu
=\int fd\mu<\infty","\sup_{n\in\Bbb N}\int g_nd(\mu\restrp\Tau)
=\sup_{n\in\Bbb N}\int f_nd\mu
=\int fd\mu<\infty",1f1309e410ef1b7f3d53a89f8de8beb4ebe0066ecc70fc4df26fcb5073cbab6c,bc9abd77326111b5a6276a95975e1d228926a2ea6c29de69bcc36f4402663794,1daf8c62dbb7abbd9ebfd46dfc5ab2645b0f54cd472b6d56afa99c8351d71f9e,$,,1daf8c62dbb7abbd9ebfd46dfc5ab2645b0f54cd472b6d56afa99c8351d71f9e,1daf8c62dbb7abbd9ebfd46dfc5ab2645b0f54cd472b6d56afa99c8351d71f9e,"{""basis"":""ordered nested-math atom; exact symbolic replay"",""kind"":""source-target-formula-map""}"
1.1.0,formula,O007-FREMLIN-V2-S233-FORMULA-0272,O007-FREMLIN-V2-S233,O007-RIGHTS-FREMLIN-DSL,O007-FREMLIN-V2-S233-SEG-233E,272,233E,233E,312,317,13364,13388,14342,14366,g=\lim_{n\to\infty}g_n,g=\lim_{n\to\infty}g_n,b934ec35623446ab8a221e1d1356e639cc864b8a9632073ab2ed146812486da2,b934ec35623446ab8a221e1d1356e639cc864b8a9632073ab2ed146812486da2,b934ec35623446ab8a221e1d1356e639cc864b8a9632073ab2ed146812486da2,$,,b934ec35623446ab8a221e1d1356e639cc864b8a9632073ab2ed146812486da2,b934ec35623446ab8a221e1d1356e639cc864b8a9632073ab2ed146812486da2,"{""basis"":""ordered nested-math atom; exact symbolic replay"",""kind"":""source-target-formula-map""}"
1.1.0,formula,O007-FREMLIN-V2-S233-FORMULA-0273,O007-FREMLIN-V2-S233,O007-RIGHTS-FREMLIN-DSL,O007-FREMLIN-V2-S233-SEG-233E,273,233E,233E,313,318,13401,13417,14379,14395,\mu\restrp\Tau,\mu\restrp\Tau,0ef3002e608187cafba25389501fbb651adb17c2300ae86b2a55367b1159009e,0ef3002e608187cafba25389501fbb651adb17c2300ae86b2a55367b1159009e,0ef3002e608187cafba25389501fbb651adb17c2300ae86b2a55367b1159009e,$,,0ef3002e608187cafba25389501fbb651adb17c2300ae86b2a55367b1159009e,0ef3002e608187cafba25389501fbb651adb17c2300ae86b2a55367b1159009e,"{""basis"":""ordered nested-math atom; exact symbolic replay"",""kind"":""source-target-formula-map""}"
1.1.0,formula,O007-FREMLIN-V2-S233-FORMULA-0274,O007-FREMLIN-V2-S233,O007-RIGHTS-FREMLIN-DSL,O007-FREMLIN-V2-S233-SEG-233E,274,233E,233E,315,320,13456,13577,14434,14552,"\int_Fg\,d(\mu\restrp\Tau)
=\lim_{n\to\infty}\int_Fg_nd(\mu\restrp\Tau)
=\lim_{n\to\infty}\int_Ff_nd\mu
=\int_Ffd\mu","\int_Fg\,d(\mu\restrp\Tau)
=\lim_{n\to\infty}\int_Fg_nd(\mu\restrp\Tau)
=\lim_{n\to\infty}\int_Ff_nd\mu
=\int_Ffd\mu",857dc88626b982930c190cd2bee3116835d1340dcb2326d94a9e72c70852c68a,b27aa413a340038c28f8f87850156354ff74a943788802799d46340fb502cb8a,683986f2c65cbd20818aeec0a3843ed2e4f897b7a29cb5ccadc7ac0276fb1960,$,,683986f2c65cbd20818aeec0a3843ed2e4f897b7a29cb5ccadc7ac0276fb1960,683986f2c65cbd20818aeec0a3843ed2e4f897b7a29cb5ccadc7ac0276fb1960,"{""basis"":""ordered nested-math atom; exact symbolic replay"",""kind"":""source-target-formula-map""}"
1.1.0,formula,O007-FREMLIN-V2-S233-FORMULA-0275,O007-FREMLIN-V2-S233,O007-RIGHTS-FREMLIN-DSL,O007-FREMLIN-V2-S233-SEG-233E,275,233E,233E,320,325,13602,13612,14578,14588,F\in\Tau,F\in\Tau,1c89dd885b17d49d2d61b2430cf1f8956e6b04ce6f3295ea1c11ffbf00b7fb98,1c89dd885b17d49d2d61b2430cf1f8956e6b04ce6f3295ea1c11ffbf00b7fb98,1c89dd885b17d49d2d61b2430cf1f8956e6b04ce6f3295ea1c11ffbf00b7fb98,$,,1c89dd885b17d49d2d61b2430cf1f8956e6b04ce6f3295ea1c11ffbf00b7fb98,1c89dd885b17d49d2d61b2430cf1f8956e6b04ce6f3295ea1c11ffbf00b7fb98,"{""basis"":""ordered nested-math atom; exact symbolic replay"",""kind"":""source-target-formula-map""}"
1.1.0,formula,O007-FREMLIN-V2-S233-FORMULA-0276,O007-FREMLIN-V2-S233,O007-RIGHTS-FREMLIN-DSL,O007-FREMLIN-V2-S233-SEG-233E,276,233E,233E,320,325,13617,13620,14599,14602,g,g,cd0aa9856147b6c5b4ff2b7dfee5da20aa38253099ef1b4a64aced233c9afe29,cd0aa9856147b6c5b4ff2b7dfee5da20aa38253099ef1b4a64aced233c9afe29,cd0aa9856147b6c5b4ff2b7dfee5da20aa38253099ef1b4a64aced233c9afe29,$,,cd0aa9856147b6c5b4ff2b7dfee5da20aa38253099ef1b4a64aced233c9afe29,cd0aa9856147b6c5b4ff2b7dfee5da20aa38253099ef1b4a64aced233c9afe29,"{""basis"":""ordered nested-math atom; exact symbolic replay"",""kind"":""source-target-formula-map""}"
1.1.0,formula,O007-FREMLIN-V2-S233-FORMULA-0277,O007-FREMLIN-V2-S233,O007-RIGHTS-FREMLIN-DSL,O007-FREMLIN-V2-S233-SEG-233E,277,233E,233E,321,326,13654,13657,14639,14642,f,f,252f10c83610ebca1a059c0bae8255eba2f95be4d1d7bcfa89d7248a82d9f111,252f10c83610ebca1a059c0bae8255eba2f95be4d1d7bcfa89d7248a82d9f111,252f10c83610ebca1a059c0bae8255eba2f95be4d1d7bcfa89d7248a82d9f111,$,,252f10c83610ebca1a059c0bae8255eba2f95be4d1d7bcfa89d7248a82d9f111,252f10c83610ebca1a059c0bae8255eba2f95be4d1d7bcfa89d7248a82d9f111,"{""basis"":""ordered nested-math atom; exact symbolic replay"",""kind"":""source-target-formula-map""}"
1.1.0,formula,O007-FREMLIN-V2-S233-FORMULA-0278,O007-FREMLIN-V2-S233,O007-RIGHTS-FREMLIN-DSL,O007-FREMLIN-V2-S233-SEG-233E,278,233E,233E,321,326,13661,13667,14648,14654,\Tau,\Tau,a34699b8745d985590df162103fdf28f3ec3426d7f12ca80a1b9c6f87686099a,a34699b8745d985590df162103fdf28f3ec3426d7f12ca80a1b9c6f87686099a,a34699b8745d985590df162103fdf28f3ec3426d7f12ca80a1b9c6f87686099a,$,,a34699b8745d985590df162103fdf28f3ec3426d7f12ca80a1b9c6f87686099a,a34699b8745d985590df162103fdf28f3ec3426d7f12ca80a1b9c6f87686099a,"{""basis"":""ordered nested-math atom; exact symbolic replay"",""kind"":""source-target-formula-map""}"
1.1.0,formula,O007-FREMLIN-V2-S233-FORMULA-0279,O007-FREMLIN-V2-S233,O007-RIGHTS-FREMLIN-DSL,O007-FREMLIN-V2-S233-SEG-233E,279,233E,233E,325,330,13698,13721,14686,14709,f'_n=\inf_{m\ge n}f_m,f'_n=\inf_{m\ge n}f_m,60ea8306f4344bb8b635327c71cd820ece80d152610844e5947df1a144920689,60ea8306f4344bb8b635327c71cd820ece80d152610844e5947df1a144920689,4ae0fa167ced7fb934f49a1c05c385de3af8b488c1c08be9b5196ead517a6103,$,,4ae0fa167ced7fb934f49a1c05c385de3af8b488c1c08be9b5196ead517a6103,4ae0fa167ced7fb934f49a1c05c385de3af8b488c1c08be9b5196ead517a6103,"{""basis"":""ordered nested-math atom; exact symbolic replay"",""kind"":""source-target-formula-map""}"
1.1.0,formula,O007-FREMLIN-V2-S233-FORMULA-0280,O007-FREMLIN-V2-S233,O007-RIGHTS-FREMLIN-DSL,O007-FREMLIN-V2-S233-SEG-233E,280,233E,233E,325,331,13723,13747,14714,14738,f''_n=\sup_{m\ge n}f_m,f''_n=\sup_{m\ge n}f_m,a33a1c7895915fde405fed6ce61ee10e8c087f0adcfa50734a3c44595bff1113,a33a1c7895915fde405fed6ce61ee10e8c087f0adcfa50734a3c44595bff1113,fa4b4369fd2a184ca5ff6f2ab0f592efe818a2f3e1f75239d9036565a8ae62a2,$,,fa4b4369fd2a184ca5ff6f2ab0f592efe818a2f3e1f75239d9036565a8ae62a2,fa4b4369fd2a184ca5ff6f2ab0f592efe818a2f3e1f75239d9036565a8ae62a2,"{""basis"":""ordered nested-math atom; exact symbolic replay"",""kind"":""source-target-formula-map""}"
1.1.0,formula,O007-FREMLIN-V2-S233-FORMULA-0281,O007-FREMLIN-V2-S233,O007-RIGHTS-FREMLIN-DSL,O007-FREMLIN-V2-S233-SEG-233E,281,233E,233E,326,331,13758,13770,14752,14764,n\in\Bbb N,n\in\Bbb N,d213946df59f2b85be55436de61a489b7c24c216dfb26056fc2946b32c730709,d213946df59f2b85be55436de61a489b7c24c216dfb26056fc2946b32c730709,02bb197ae0de627eb1861382dcf81826f92f1895770d739be7f05b2435488186,$,,02bb197ae0de627eb1861382dcf81826f92f1895770d739be7f05b2435488186,02bb197ae0de627eb1861382dcf81826f92f1895770d739be7f05b2435488186,"{""basis"":""ordered nested-math atom; exact symbolic replay"",""kind"":""source-target-formula-map""}"
1.1.0,formula,O007-FREMLIN-V2-S233-FORMULA-0282,O007-FREMLIN-V2-S233,O007-RIGHTS-FREMLIN-DSL,O007-FREMLIN-V2-S233-SEG-233E,282,233E,233E,328,333,13802,13839,14799,14836,-h\leae f'_n\le f_n\le f''_n\leae h,-h\leae f'_n\le f_n\le f''_n\leae h,a5851d23430b7a7ddd646a1a102818b7b439fed148f179f48379a63f089de6e2,a5851d23430b7a7ddd646a1a102818b7b439fed148f179f48379a63f089de6e2,4d5429933e7c11ac3f7ab85d6bdbf8391fad0f699ff359a4883eca1c0e3aae81,$,,4d5429933e7c11ac3f7ab85d6bdbf8391fad0f699ff359a4883eca1c0e3aae81,4d5429933e7c11ac3f7ab85d6bdbf8391fad0f699ff359a4883eca1c0e3aae81,"{""basis"":""ordered nested-math atom; exact symbolic replay"",""kind"":""source-target-formula-map""}"
1.1.0,formula,O007-FREMLIN-V2-S233-FORMULA-0283,O007-FREMLIN-V2-S233,O007-RIGHTS-FREMLIN-DSL,O007-FREMLIN-V2-S233-SEG-233E,283,233E,233E,330,335,13859,13877,14854,14872,\sequencen{f'_n},\sequencen{f'_n},33b97ebca99bf94737e4255a3e8bf5fd286f2992cdee82c564b3a7ad46396cf2,33b97ebca99bf94737e4255a3e8bf5fd286f2992cdee82c564b3a7ad46396cf2,33b97ebca99bf94737e4255a3e8bf5fd286f2992cdee82c564b3a7ad46396cf2,$,,33b97ebca99bf94737e4255a3e8bf5fd286f2992cdee82c564b3a7ad46396cf2,33b97ebca99bf94737e4255a3e8bf5fd286f2992cdee82c564b3a7ad46396cf2,"{""basis"":""ordered nested-math atom; exact symbolic replay"",""kind"":""source-target-formula-map""}"
1.1.0,formula,O007-FREMLIN-V2-S233-FORMULA-0284,O007-FREMLIN-V2-S233,O007-RIGHTS-FREMLIN-DSL,O007-FREMLIN-V2-S233-SEG-233E,284,233E,233E,330,335,13879,13898,14879,14898,\sequencen{f''_n},\sequencen{f''_n},9051ca8199f22d3edea22dc8b4f1c5cf7d70e77a15e010903f5bb46cf9bfc8d8,9051ca8199f22d3edea22dc8b4f1c5cf7d70e77a15e010903f5bb46cf9bfc8d8,9051ca8199f22d3edea22dc8b4f1c5cf7d70e77a15e010903f5bb46cf9bfc8d8,$,,9051ca8199f22d3edea22dc8b4f1c5cf7d70e77a15e010903f5bb46cf9bfc8d8,9051ca8199f22d3edea22dc8b4f1c5cf7d70e77a15e010903f5bb46cf9bfc8d8,"{""basis"":""ordered nested-math atom; exact symbolic replay"",""kind"":""source-target-formula-map""}"
1.1.0,formula,O007-FREMLIN-V2-S233-FORMULA-0285,O007-FREMLIN-V2-S233,O007-RIGHTS-FREMLIN-DSL,O007-FREMLIN-V2-S233-SEG-233E,285,233E,233E,332,337,13993,13996,15003,15006,f,f,252f10c83610ebca1a059c0bae8255eba2f95be4d1d7bcfa89d7248a82d9f111,252f10c83610ebca1a059c0bae8255eba2f95be4d1d7bcfa89d7248a82d9f111,252f10c83610ebca1a059c0bae8255eba2f95be4d1d7bcfa89d7248a82d9f111,$,,252f10c83610ebca1a059c0bae8255eba2f95be4d1d7bcfa89d7248a82d9f111,252f10c83610ebca1a059c0bae8255eba2f95be4d1d7bcfa89d7248a82d9f111,"{""basis"":""ordered nested-math atom; exact symbolic replay"",""kind"":""source-target-formula-map""}"
1.1.0,formula,O007-FREMLIN-V2-S233-FORMULA-0286,O007-FREMLIN-V2-S233,O007-RIGHTS-FREMLIN-DSL,O007-FREMLIN-V2-S233-SEG-233E,286,233E,233E,332,337,14009,14012,15021,15024,n,n,1b16b1df538ba12dc3f97edbb85caa7050d46c148134290feba80f8236c83db9,1b16b1df538ba12dc3f97edbb85caa7050d46c148134290feba80f8236c83db9,1b16b1df538ba12dc3f97edbb85caa7050d46c148134290feba80f8236c83db9,$,,1b16b1df538ba12dc3f97edbb85caa7050d46c148134290feba80f8236c83db9,1b16b1df538ba12dc3f97edbb85caa7050d46c148134290feba80f8236c83db9,"{""basis"":""ordered nested-math atom; exact symbolic replay"",""kind"":""source-target-formula-map""}"
1.1.0,formula,O007-FREMLIN-V2-S233-FORMULA-0287,O007-FREMLIN-V2-S233,O007-RIGHTS-FREMLIN-DSL,O007-FREMLIN-V2-S233-SEG-233E,287,233E,233E,332,337,14018,14024,15035,15041,g'_n,g'_n,7dd96346a453bb0582802b2f0169ee97c4054dd885c9ed15a0c223d44d0a56e3,7dd96346a453bb0582802b2f0169ee97c4054dd885c9ed15a0c223d44d0a56e3,7dd96346a453bb0582802b2f0169ee97c4054dd885c9ed15a0c223d44d0a56e3,$,,7dd96346a453bb0582802b2f0169ee97c4054dd885c9ed15a0c223d44d0a56e3,7dd96346a453bb0582802b2f0169ee97c4054dd885c9ed15a0c223d44d0a56e3,"{""basis"":""ordered nested-math atom; exact symbolic replay"",""kind"":""source-target-formula-map""}"
1.1.0,formula,O007-FREMLIN-V2-S233-FORMULA-0288,O007-FREMLIN-V2-S233,O007-RIGHTS-FREMLIN-DSL,O007-FREMLIN-V2-S233-SEG-233E,288,233E,233E,332,338,14026,14033,15046,15053,g''_n,g''_n,6a248789ac9fa4b95fa22f679766754eb53a1d52d1acd0b2f89c2036c4cc0574,6a248789ac9fa4b95fa22f679766754eb53a1d52d1acd0b2f89c2036c4cc0574,6a248789ac9fa4b95fa22f679766754eb53a1d52d1acd0b2f89c2036c4cc0574,$,,6a248789ac9fa4b95fa22f679766754eb53a1d52d1acd0b2f89c2036c4cc0574,6a248789ac9fa4b95fa22f679766754eb53a1d52d1acd0b2f89c2036c4cc0574,"{""basis"":""ordered nested-math atom; exact symbolic replay"",""kind"":""source-target-formula-map""}"
1.1.0,formula,O007-FREMLIN-V2-S233-FORMULA-0289,O007-FREMLIN-V2-S233,O007-RIGHTS-FREMLIN-DSL,O007-FREMLIN-V2-S233-SEG-233E,289,233E,233E,333,338,14066,14072,15080,15086,f'_n,f'_n,97ed5e9c42063db53de75a8ac2a25754107acd14b7dc53051e4d60c0b2904399,97ed5e9c42063db53de75a8ac2a25754107acd14b7dc53051e4d60c0b2904399,97ed5e9c42063db53de75a8ac2a25754107acd14b7dc53051e4d60c0b2904399,$,,97ed5e9c42063db53de75a8ac2a25754107acd14b7dc53051e4d60c0b2904399,97ed5e9c42063db53de75a8ac2a25754107acd14b7dc53051e4d60c0b2904399,"{""basis"":""ordered nested-math atom; exact symbolic replay"",""kind"":""source-target-formula-map""}"
1.1.0,formula,O007-FREMLIN-V2-S233-FORMULA-0290,O007-FREMLIN-V2-S233,O007-RIGHTS-FREMLIN-DSL,O007-FREMLIN-V2-S233-SEG-233E,290,233E,233E,333,338,14074,14081,15091,15098,f''_n,f''_n,23309bc346871c632a1ad48851501a7574b0b1319dcaae7eaebf8b60624281d5,23309bc346871c632a1ad48851501a7574b0b1319dcaae7eaebf8b60624281d5,23309bc346871c632a1ad48851501a7574b0b1319dcaae7eaebf8b60624281d5,$,,23309bc346871c632a1ad48851501a7574b0b1319dcaae7eaebf8b60624281d5,23309bc346871c632a1ad48851501a7574b0b1319dcaae7eaebf8b60624281d5,"{""basis"":""ordered nested-math atom; exact symbolic replay"",""kind"":""source-target-formula-map""}"
1.1.0,formula,O007-FREMLIN-V2-S233-FORMULA-0291,O007-FREMLIN-V2-S233,O007-RIGHTS-FREMLIN-DSL,O007-FREMLIN-V2-S233-SEG-233E,291,233E,233E,333,338,14085,14091,15104,15110,\Tau,\Tau,a34699b8745d985590df162103fdf28f3ec3426d7f12ca80a1b9c6f87686099a,a34699b8745d985590df162103fdf28f3ec3426d7f12ca80a1b9c6f87686099a,a34699b8745d985590df162103fdf28f3ec3426d7f12ca80a1b9c6f87686099a,$,,a34699b8745d985590df162103fdf28f3ec3426d7f12ca80a1b9c6f87686099a,a34699b8745d985590df162103fdf28f3ec3426d7f12ca80a1b9c6f87686099a,"{""basis"":""ordered nested-math atom; exact symbolic replay"",""kind"":""source-target-formula-map""}"
1.1.0,formula,O007-FREMLIN-V2-S233-FORMULA-0292,O007-FREMLIN-V2-S233,O007-RIGHTS-FREMLIN-DSL,O007-FREMLIN-V2-S233-SEG-233E,292,233E,233E,334,339,14115,14133,15133,15151,\sequencen{g'_n},\sequencen{g'_n},60d31cdaa812395c8e27499f568d15deff6ed0dd6a52aff18ea6ce09c62f1b98,60d31cdaa812395c8e27499f568d15deff6ed0dd6a52aff18ea6ce09c62f1b98,60d31cdaa812395c8e27499f568d15deff6ed0dd6a52aff18ea6ce09c62f1b98,$,,60d31cdaa812395c8e27499f568d15deff6ed0dd6a52aff18ea6ce09c62f1b98,60d31cdaa812395c8e27499f568d15deff6ed0dd6a52aff18ea6ce09c62f1b98,"{""basis"":""ordered nested-math atom; exact symbolic replay"",""kind"":""source-target-formula-map""}"
1.1.0,formula,O007-FREMLIN-V2-S233-FORMULA-0293,O007-FREMLIN-V2-S233,O007-RIGHTS-FREMLIN-DSL,O007-FREMLIN-V2-S233-SEG-233E,293,233E,233E,334,339,14138,14157,15156,15175,\sequencen{g''_n},\sequencen{g''_n},5bb1691baaaf4476981306528cab3e6629a8cba37c86b7fc18798c0e9f02e7ac,5bb1691baaaf4476981306528cab3e6629a8cba37c86b7fc18798c0e9f02e7ac,5bb1691baaaf4476981306528cab3e6629a8cba37c86b7fc18798c0e9f02e7ac,$,,5bb1691baaaf4476981306528cab3e6629a8cba37c86b7fc18798c0e9f02e7ac,5bb1691baaaf4476981306528cab3e6629a8cba37c86b7fc18798c0e9f02e7ac,"{""basis"":""ordered nested-math atom; exact symbolic replay"",""kind"":""source-target-formula-map""}"
1.1.0,formula,O007-FREMLIN-V2-S233-FORMULA-0294,O007-FREMLIN-V2-S233,O007-RIGHTS-FREMLIN-DSL,O007-FREMLIN-V2-S233-SEG-233E,294,233E,233E,336,341,14259,14263,15285,15289,g',g',02b0b5ff2a25a5d95a326ffa81da4dba444def116b6f46988a740dd52070644f,02b0b5ff2a25a5d95a326ffa81da4dba444def116b6f46988a740dd52070644f,02b0b5ff2a25a5d95a326ffa81da4dba444def116b6f46988a740dd52070644f,$,,02b0b5ff2a25a5d95a326ffa81da4dba444def116b6f46988a740dd52070644f,02b0b5ff2a25a5d95a326ffa81da4dba444def116b6f46988a740dd52070644f,"{""basis"":""ordered nested-math atom; exact symbolic replay"",""kind"":""source-target-formula-map""}"
1.1.0,formula,O007-FREMLIN-V2-S233-FORMULA-0295,O007-FREMLIN-V2-S233,O007-RIGHTS-FREMLIN-DSL,O007-FREMLIN-V2-S233-SEG-233E,295,233E,233E,336,341,14265,14270,15294,15299,g'',g'',eb695a8d9657252e4a728846924d22d27d9a0ead65d023e73d96fd2ac4edc1c1,eb695a8d9657252e4a728846924d22d27d9a0ead65d023e73d96fd2ac4edc1c1,eb695a8d9657252e4a728846924d22d27d9a0ead65d023e73d96fd2ac4edc1c1,$,,eb695a8d9657252e4a728846924d22d27d9a0ead65d023e73d96fd2ac4edc1c1,eb695a8d9657252e4a728846924d22d27d9a0ead65d023e73d96fd2ac4edc1c1,"{""basis"":""ordered nested-math atom; exact symbolic replay"",""kind"":""source-target-formula-map""}"
1.1.0,formula,O007-FREMLIN-V2-S233-FORMULA-0296,O007-FREMLIN-V2-S233,O007-RIGHTS-FREMLIN-DSL,O007-FREMLIN-V2-S233-SEG-233E,296,233E,233E,336,341,14274,14277,15305,15308,f,f,252f10c83610ebca1a059c0bae8255eba2f95be4d1d7bcfa89d7248a82d9f111,252f10c83610ebca1a059c0bae8255eba2f95be4d1d7bcfa89d7248a82d9f111,252f10c83610ebca1a059c0bae8255eba2f95be4d1d7bcfa89d7248a82d9f111,$,,252f10c83610ebca1a059c0bae8255eba2f95be4d1d7bcfa89d7248a82d9f111,252f10c83610ebca1a059c0bae8255eba2f95be4d1d7bcfa89d7248a82d9f111,"{""basis"":""ordered nested-math atom; exact symbolic replay"",""kind"":""source-target-formula-map""}"
1.1.0,formula,O007-FREMLIN-V2-S233-FORMULA-0297,O007-FREMLIN-V2-S233,O007-RIGHTS-FREMLIN-DSL,O007-FREMLIN-V2-S233-SEG-233E,297,233E,233E,337,342,14292,14318,15321,15347,"g'=g''\,\,\mu\restrp\Tau","g'=g''\,\,\mu\restrp\Tau",32e74b81343e7f9ef8704942e0a0acbf8e6a06715a59a31230019eefcb68dbb2,32e74b81343e7f9ef8704942e0a0acbf8e6a06715a59a31230019eefcb68dbb2,32e74b81343e7f9ef8704942e0a0acbf8e6a06715a59a31230019eefcb68dbb2,$,,32e74b81343e7f9ef8704942e0a0acbf8e6a06715a59a31230019eefcb68dbb2,32e74b81343e7f9ef8704942e0a0acbf8e6a06715a59a31230019eefcb68dbb2,"{""basis"":""ordered nested-math atom; exact symbolic replay"",""kind"":""source-target-formula-map""}"
1.1.0,formula,O007-FREMLIN-V2-S233-FORMULA-0298,O007-FREMLIN-V2-S233,O007-RIGHTS-FREMLIN-DSL,O007-FREMLIN-V2-S233-SEG-233E,298,233E,233E,337,343,14351,14354,15403,15406,n,n,1b16b1df538ba12dc3f97edbb85caa7050d46c148134290feba80f8236c83db9,1b16b1df538ba12dc3f97edbb85caa7050d46c148134290feba80f8236c83db9,1b16b1df538ba12dc3f97edbb85caa7050d46c148134290feba80f8236c83db9,$,,1b16b1df538ba12dc3f97edbb85caa7050d46c148134290feba80f8236c83db9,1b16b1df538ba12dc3f97edbb85caa7050d46c148134290feba80f8236c83db9,"{""basis"":""ordered nested-math atom; exact symbolic replay"",""kind"":""source-target-formula-map""}"
1.1.0,formula,O007-FREMLIN-V2-S233-FORMULA-0299,O007-FREMLIN-V2-S233,O007-RIGHTS-FREMLIN-DSL,O007-FREMLIN-V2-S233-SEG-233E,299,233E,233E,338,343,14357,14383,15408,15434,g'_n\leae g_n\leae g''_n,g'_n\leae g_n\leae g''_n,72e0358cbeac589102726bada7f94b3f942c3b2c18464cd2b547dd37f66ea955,72e0358cbeac589102726bada7f94b3f942c3b2c18464cd2b547dd37f66ea955,2aecb81c073ed3a24db253d39112a78c0bcb91c23887215cc89682aa445077bf,$,,2aecb81c073ed3a24db253d39112a78c0bcb91c23887215cc89682aa445077bf,2aecb81c073ed3a24db253d39112a78c0bcb91c23887215cc89682aa445077bf,"{""basis"":""ordered nested-math atom; exact symbolic replay"",""kind"":""source-target-formula-map""}"
1.1.0,formula,O007-FREMLIN-V2-S233-FORMULA-0300,O007-FREMLIN-V2-S233,O007-RIGHTS-FREMLIN-DSL,O007-FREMLIN-V2-S233-SEG-233E,300,233E,233E,338,344,14388,14405,15445,15462,\sequencen{g_n},\sequencen{g_n},2e8e4f6e3b554ad4c38549aca8669b93f2ad384019df896017fca60439fe8d03,2e8e4f6e3b554ad4c38549aca8669b93f2ad384019df896017fca60439fe8d03,2e8e4f6e3b554ad4c38549aca8669b93f2ad384019df896017fca60439fe8d03,$,,2e8e4f6e3b554ad4c38549aca8669b93f2ad384019df896017fca60439fe8d03,2e8e4f6e3b554ad4c38549aca8669b93f2ad384019df896017fca60439fe8d03,"{""basis"":""ordered nested-math atom; exact symbolic replay"",""kind"":""source-target-formula-map""}"
1.1.0,formula,O007-FREMLIN-V2-S233-FORMULA-0301,O007-FREMLIN-V2-S233,O007-RIGHTS-FREMLIN-DSL,O007-FREMLIN-V2-S233-SEG-233E,301,233E,233E,339,345,14420,14442,15476,15498,"g'\,\,\mu\restrp\Tau","g'\,\,\mu\restrp\Tau",aea7e08a1106419afe38157b8a78490d5e9b8ef87d6ea9c9649b8b3a9ac08530,aea7e08a1106419afe38157b8a78490d5e9b8ef87d6ea9c9649b8b3a9ac08530,aea7e08a1106419afe38157b8a78490d5e9b8ef87d6ea9c9649b8b3a9ac08530,$,,aea7e08a1106419afe38157b8a78490d5e9b8ef87d6ea9c9649b8b3a9ac08530,aea7e08a1106419afe38157b8a78490d5e9b8ef87d6ea9c9649b8b3a9ac08530,"{""basis"":""ordered nested-math atom; exact symbolic replay"",""kind"":""source-target-formula-map""}"
1.1.0,formula,O007-FREMLIN-V2-S233-FORMULA-0302,O007-FREMLIN-V2-S233,O007-RIGHTS-FREMLIN-DSL,O007-FREMLIN-V2-S233-SEG-233E,302,233E,233E,339,346,14453,14477,15524,15548,g=\lim_{n\to\infty}g_n,g=\lim_{n\to\infty}g_n,b934ec35623446ab8a221e1d1356e639cc864b8a9632073ab2ed146812486da2,b934ec35623446ab8a221e1d1356e639cc864b8a9632073ab2ed146812486da2,b934ec35623446ab8a221e1d1356e639cc864b8a9632073ab2ed146812486da2,$,,b934ec35623446ab8a221e1d1356e639cc864b8a9632073ab2ed146812486da2,b934ec35623446ab8a221e1d1356e639cc864b8a9632073ab2ed146812486da2,"{""basis"":""ordered nested-math atom; exact symbolic replay"",""kind"":""source-target-formula-map""}"
1.1.0,formula,O007-FREMLIN-V2-S233-FORMULA-0303,O007-FREMLIN-V2-S233,O007-RIGHTS-FREMLIN-DSL,O007-FREMLIN-V2-S233-SEG-233E,303,233E,233E,340,347,14544,14547,15623,15626,f,f,252f10c83610ebca1a059c0bae8255eba2f95be4d1d7bcfa89d7248a82d9f111,252f10c83610ebca1a059c0bae8255eba2f95be4d1d7bcfa89d7248a82d9f111,252f10c83610ebca1a059c0bae8255eba2f95be4d1d7bcfa89d7248a82d9f111,$,,252f10c83610ebca1a059c0bae8255eba2f95be4d1d7bcfa89d7248a82d9f111,252f10c83610ebca1a059c0bae8255eba2f95be4d1d7bcfa89d7248a82d9f111,"{""basis"":""ordered nested-math atom; exact symbolic replay"",""kind"":""source-target-formula-map""}"
1.1.0,formula,O007-FREMLIN-V2-S233-FORMULA-0304,O007-FREMLIN-V2-S233,O007-RIGHTS-FREMLIN-DSL,O007-FREMLIN-V2-S233-SEG-233E,304,233E,233E,340,347,14551,14557,15632,15638,\Tau,\Tau,a34699b8745d985590df162103fdf28f3ec3426d7f12ca80a1b9c6f87686099a,a34699b8745d985590df162103fdf28f3ec3426d7f12ca80a1b9c6f87686099a,a34699b8745d985590df162103fdf28f3ec3426d7f12ca80a1b9c6f87686099a,$,,a34699b8745d985590df162103fdf28f3ec3426d7f12ca80a1b9c6f87686099a,a34699b8745d985590df162103fdf28f3ec3426d7f12ca80a1b9c6f87686099a,"{""basis"":""ordered nested-math atom; exact symbolic replay"",""kind"":""source-target-formula-map""}"
1.1.0,formula,O007-FREMLIN-V2-S233-FORMULA-0305,O007-FREMLIN-V2-S233,O007-RIGHTS-FREMLIN-DSL,O007-FREMLIN-V2-S233-SEG-233E,305,233E,233E,344,351,14592,14602,15674,15684,H\in\Tau,H\in\Tau,9dcf315d1ac71095ff47273bcf1d9ae27957465b29aefdee93f4566e20b620e6,9dcf315d1ac71095ff47273bcf1d9ae27957465b29aefdee93f4566e20b620e6,9dcf315d1ac71095ff47273bcf1d9ae27957465b29aefdee93f4566e20b620e6,$,,9dcf315d1ac71095ff47273bcf1d9ae27957465b29aefdee93f4566e20b620e6,9dcf315d1ac71095ff47273bcf1d9ae27957465b29aefdee93f4566e20b620e6,"{""basis"":""ordered nested-math atom; exact symbolic replay"",""kind"":""source-target-formula-map""}"
1.1.0,formula,O007-FREMLIN-V2-S233-FORMULA-0306,O007-FREMLIN-V2-S233,O007-RIGHTS-FREMLIN-DSL,O007-FREMLIN-V2-S233-SEG-233E,306,233E,233E,346,353,14619,14752,15699,15829,"\int_Hg_0\times\chi F\,d(\mu\restrp\Tau)
=\int_{H\cap F}g_0d(\mu\restrp\Tau)
=\int_{H\cap F}f_0d\mu
=\int_Hf_0\times\chi F\,d\mu","\int_Hg_0\times\chi F\,d(\mu\restrp\Tau)
=\int_{H\cap F}g_0d(\mu\restrp\Tau)
=\int_{H\cap F}f_0d\mu
=\int_Hf_0\times\chi F\,d\mu",1e22511966d09b14054bb2c2365fb57127c975e7967361c2a1ac5791070e016e,4d15dd772277c8663d852973de4fbc42c92684a1e0622f47e24cc5a709510d5c,d46be6809b1021a40d3f754dd19bdb402c54309f6f8beafbd55cb2be66ae0031,$,,d46be6809b1021a40d3f754dd19bdb402c54309f6f8beafbd55cb2be66ae0031,d46be6809b1021a40d3f754dd19bdb402c54309f6f8beafbd55cb2be66ae0031,"{""basis"":""ordered nested-math atom; exact symbolic replay"",""kind"":""source-target-formula-map""}"
1.1.0,formula,O007-FREMLIN-V2-S233-FORMULA-0307,O007-FREMLIN-V2-S233,O007-RIGHTS-FREMLIN-DSL,O007-FREMLIN-V2-S233-SEG-233E,307,233E,233E,353,360,14786,14789,15861,15864,h,h,aaa9402664f1a41f40ebbc52c9993eb66aeb366602958fdfaa283b71e64db123,aaa9402664f1a41f40ebbc52c9993eb66aeb366602958fdfaa283b71e64db123,aaa9402664f1a41f40ebbc52c9993eb66aeb366602958fdfaa283b71e64db123,$,,aaa9402664f1a41f40ebbc52c9993eb66aeb366602958fdfaa283b71e64db123,aaa9402664f1a41f40ebbc52c9993eb66aeb366602958fdfaa283b71e64db123,"{""basis"":""ordered nested-math atom; exact symbolic replay"",""kind"":""source-target-formula-map""}"
1.1.0,formula,O007-FREMLIN-V2-S233-FORMULA-0308,O007-FREMLIN-V2-S233,O007-RIGHTS-FREMLIN-DSL,O007-FREMLIN-V2-S233-SEG-233E,308,233E,233E,353,361,14802,14820,15896,15914,(\mu\restrp\Tau),(\mu\restrp\Tau),5146f44e514ebfae3789bef38ab87a630ea5c61010e129e72bd74f330534450b,5146f44e514ebfae3789bef38ab87a630ea5c61010e129e72bd74f330534450b,5146f44e514ebfae3789bef38ab87a630ea5c61010e129e72bd74f330534450b,$,,5146f44e514ebfae3789bef38ab87a630ea5c61010e129e72bd74f330534450b,5146f44e514ebfae3789bef38ab87a630ea5c61010e129e72bd74f330534450b,"{""basis"":""ordered nested-math atom; exact symbolic replay"",""kind"":""source-target-formula-map""}"
1.1.0,formula,O007-FREMLIN-V2-S233-FORMULA-0309,O007-FREMLIN-V2-S233,O007-RIGHTS-FREMLIN-DSL,O007-FREMLIN-V2-S233-SEG-233E,309,233E,233E,354,362,14834,14861,15927,15954,h=\sum_{i=0}^na_i\chi F_i,h=\sum_{i=0}^na_i\chi F_i,5e68a29869d384cb27a9801b67cbb441a2a6c866a936c0f531e497fc2f381319,5e68a29869d384cb27a9801b67cbb441a2a6c866a936c0f531e497fc2f381319,4d9b1e9d1ff151f3c68766cdba8b306bf105cd721a84af2f77f029a587b8c77e,$,,4d9b1e9d1ff151f3c68766cdba8b306bf105cd721a84af2f77f029a587b8c77e,4d9b1e9d1ff151f3c68766cdba8b306bf105cd721a84af2f77f029a587b8c77e,"{""basis"":""ordered nested-math atom; exact symbolic replay"",""kind"":""source-target-formula-map""}"
1.1.0,formula,O007-FREMLIN-V2-S233-FORMULA-0310,O007-FREMLIN-V2-S233,O007-RIGHTS-FREMLIN-DSL,O007-FREMLIN-V2-S233-SEG-233E,310,233E,233E,354,362,14868,14880,15962,15974,F_i\in\Tau,F_i\in\Tau,590adec5a48a0ec1e0c8d56a5f5198305d6e9d38d794c592b6699bdc12066b6f,590adec5a48a0ec1e0c8d56a5f5198305d6e9d38d794c592b6699bdc12066b6f,590adec5a48a0ec1e0c8d56a5f5198305d6e9d38d794c592b6699bdc12066b6f,$,,590adec5a48a0ec1e0c8d56a5f5198305d6e9d38d794c592b6699bdc12066b6f,590adec5a48a0ec1e0c8d56a5f5198305d6e9d38d794c592b6699bdc12066b6f,"{""basis"":""ordered nested-math atom; exact symbolic replay"",""kind"":""source-target-formula-map""}"
1.1.0,formula,O007-FREMLIN-V2-S233-FORMULA-0311,O007-FREMLIN-V2-S233,O007-RIGHTS-FREMLIN-DSL,O007-FREMLIN-V2-S233-SEG-233E,311,233E,233E,354,362,14890,14893,15988,15991,i,i,de7d1b721a1e0632b7cf04edf5032c8ecffa9f9a08492152b926f1a5a7e765d7,de7d1b721a1e0632b7cf04edf5032c8ecffa9f9a08492152b926f1a5a7e765d7,de7d1b721a1e0632b7cf04edf5032c8ecffa9f9a08492152b926f1a5a7e765d7,$,,de7d1b721a1e0632b7cf04edf5032c8ecffa9f9a08492152b926f1a5a7e765d7,de7d1b721a1e0632b7cf04edf5032c8ecffa9f9a08492152b926f1a5a7e765d7,"{""basis"":""ordered nested-math atom; exact symbolic replay"",""kind"":""source-target-formula-map""}"
1.1.0,formula,O007-FREMLIN-V2-S233-FORMULA-0312,O007-FREMLIN-V2-S233,O007-RIGHTS-FREMLIN-DSL,O007-FREMLIN-V2-S233-SEG-233E,312,233E,233E,356,364,14915,15080,16011,16177,"\int_Fg_0\times h\,d(\mu\restrp\Tau)
=\sum_{i=0}^na_i\int_Fg_0\times\chi F_id(\mu\restrp\Tau)
=\sum_{i=0}^na_i\int_Ff\times\chi F_i\,d\mu
=\int_Ff\times h\,d\mu","\int_Fg_0\times h\,d(\mu\restrp\Tau)
=\sum_{i=0}^na_i\int_Fg_0\times\chi F_id(\mu\restrp\Tau)
=\sum_{i=0}^na_i\int_Ff_0\times\chi F_i\,d\mu
=\int_Ff_0\times h\,d\mu",22895c7a39138889c794034f6eeab921cb1f7ec1764fe42bd534a2f2ab669a12,430dee3f8afeedd7b30fba0924dc271ba19a45450fa206b7f911e3a968f884da,a9b0e7eba99602a2cc3d5372832c5a110d15d65cde8a0209737f1bec2c4cca4b,$,"[""O007-CORR-0094""]",a239ddf869969afde75c4060d714f31c7adc739fb005c961edea68cb97d4a36b,a9b0e7eba99602a2cc3d5372832c5a110d15d65cde8a0209737f1bec2c4cca4b,"{""basis"":""ordered nested-math atom; ledgered source correction"",""kind"":""source-target-formula-map""}"
1.1.0,formula,O007-FREMLIN-V2-S233-FORMULA-0313,O007-FREMLIN-V2-S233,O007-RIGHTS-FREMLIN-DSL,O007-FREMLIN-V2-S233-SEG-233E,313,233E,233E,361,369,15105,15115,16203,16213,F\in\Tau,F\in\Tau,1c89dd885b17d49d2d61b2430cf1f8956e6b04ce6f3295ea1c11ffbf00b7fb98,1c89dd885b17d49d2d61b2430cf1f8956e6b04ce6f3295ea1c11ffbf00b7fb98,1c89dd885b17d49d2d61b2430cf1f8956e6b04ce6f3295ea1c11ffbf00b7fb98,$,,1c89dd885b17d49d2d61b2430cf1f8956e6b04ce6f3295ea1c11ffbf00b7fb98,1c89dd885b17d49d2d61b2430cf1f8956e6b04ce6f3295ea1c11ffbf00b7fb98,"{""basis"":""ordered nested-math atom; exact symbolic replay"",""kind"":""source-target-formula-map""}"
1.1.0,formula,O007-FREMLIN-V2-S233-FORMULA-0314,O007-FREMLIN-V2-S233,O007-RIGHTS-FREMLIN-DSL,O007-FREMLIN-V2-S233-SEG-233E,314,233E,233E,362,369,15150,15153,16243,16246,h,h,aaa9402664f1a41f40ebbc52c9993eb66aeb366602958fdfaa283b71e64db123,aaa9402664f1a41f40ebbc52c9993eb66aeb366602958fdfaa283b71e64db123,aaa9402664f1a41f40ebbc52c9993eb66aeb366602958fdfaa283b71e64db123,$,,aaa9402664f1a41f40ebbc52c9993eb66aeb366602958fdfaa283b71e64db123,aaa9402664f1a41f40ebbc52c9993eb66aeb366602958fdfaa283b71e64db123,"{""basis"":""ordered nested-math atom; exact symbolic replay"",""kind"":""source-target-formula-map""}"
1.1.0,formula,O007-FREMLIN-V2-S233-FORMULA-0315,O007-FREMLIN-V2-S233,O007-RIGHTS-FREMLIN-DSL,O007-FREMLIN-V2-S233-SEG-233E,315,233E,233E,362,370,15157,15173,16279,16295,\mu\restrp\Tau,\mu\restrp\Tau,0ef3002e608187cafba25389501fbb651adb17c2300ae86b2a55367b1159009e,0ef3002e608187cafba25389501fbb651adb17c2300ae86b2a55367b1159009e,0ef3002e608187cafba25389501fbb651adb17c2300ae86b2a55367b1159009e,$,,0ef3002e608187cafba25389501fbb651adb17c2300ae86b2a55367b1159009e,0ef3002e608187cafba25389501fbb651adb17c2300ae86b2a55367b1159009e,"{""basis"":""ordered nested-math atom; exact symbolic replay"",""kind"":""source-target-formula-map""}"
1.1.0,formula,O007-FREMLIN-V2-S233-FORMULA-0316,O007-FREMLIN-V2-S233,O007-RIGHTS-FREMLIN-DSL,O007-FREMLIN-V2-S233-SEG-233E,316,233E,233E,363,371,15200,15231,16300,16331,"|h(x)|\le M\,\,\mu\restrp\Tau","|h(x)|\le M\,\,\mu\restrp\Tau",b06052a712f62fcfe342691c8b7f41c8cb832b170e132a5afce922b285a76956,b06052a712f62fcfe342691c8b7f41c8cb832b170e132a5afce922b285a76956,ec81b0cfd24a13c1445c4020a183e53407611fad0e2105e70a8e79dd69798fff,$,,ec81b0cfd24a13c1445c4020a183e53407611fad0e2105e70a8e79dd69798fff,ec81b0cfd24a13c1445c4020a183e53407611fad0e2105e70a8e79dd69798fff,"{""basis"":""ordered nested-math atom; exact symbolic replay"",""kind"":""source-target-formula-map""}"
1.1.0,formula,O007-FREMLIN-V2-S233-FORMULA-0317,O007-FREMLIN-V2-S233,O007-RIGHTS-FREMLIN-DSL,O007-FREMLIN-V2-S233-SEG-233E,317,233E,233E,364,372,15277,15294,16375,16392,\sequencen{h_n},\sequencen{h_n},ab8006f0150a5cf71970ad6f320f336c3a2ef7c92945efd338cadd6b9abbec10,ab8006f0150a5cf71970ad6f320f336c3a2ef7c92945efd338cadd6b9abbec10,ab8006f0150a5cf71970ad6f320f336c3a2ef7c92945efd338cadd6b9abbec10,$,,ab8006f0150a5cf71970ad6f320f336c3a2ef7c92945efd338cadd6b9abbec10,ab8006f0150a5cf71970ad6f320f336c3a2ef7c92945efd338cadd6b9abbec10,"{""basis"":""ordered nested-math atom; exact symbolic replay"",""kind"":""source-target-formula-map""}"
1.1.0,formula,O007-FREMLIN-V2-S233-FORMULA-0318,O007-FREMLIN-V2-S233,O007-RIGHTS-FREMLIN-DSL,O007-FREMLIN-V2-S233-SEG-233E,318,233E,233E,365,373,15299,15315,16431,16447,\mu\restrp\Tau,\mu\restrp\Tau,0ef3002e608187cafba25389501fbb651adb17c2300ae86b2a55367b1159009e,0ef3002e608187cafba25389501fbb651adb17c2300ae86b2a55367b1159009e,0ef3002e608187cafba25389501fbb651adb17c2300ae86b2a55367b1159009e,$,,0ef3002e608187cafba25389501fbb651adb17c2300ae86b2a55367b1159009e,0ef3002e608187cafba25389501fbb651adb17c2300ae86b2a55367b1159009e,"{""basis"":""ordered nested-math atom; exact symbolic replay"",""kind"":""source-target-formula-map""}"
1.1.0,formula,O007-FREMLIN-V2-S233-FORMULA-0319,O007-FREMLIN-V2-S233,O007-RIGHTS-FREMLIN-DSL,O007-FREMLIN-V2-S233-SEG-233E,319,233E,233E,365,373,15347,15350,16466,16469,h,h,aaa9402664f1a41f40ebbc52c9993eb66aeb366602958fdfaa283b71e64db123,aaa9402664f1a41f40ebbc52c9993eb66aeb366602958fdfaa283b71e64db123,aaa9402664f1a41f40ebbc52c9993eb66aeb366602958fdfaa283b71e64db123,$,,aaa9402664f1a41f40ebbc52c9993eb66aeb366602958fdfaa283b71e64db123,aaa9402664f1a41f40ebbc52c9993eb66aeb366602958fdfaa283b71e64db123,"{""basis"":""ordered nested-math atom; exact symbolic replay"",""kind"":""source-target-formula-map""}"
1.1.0,formula,O007-FREMLIN-V2-S233-FORMULA-0320,O007-FREMLIN-V2-S233,O007-RIGHTS-FREMLIN-DSL,O007-FREMLIN-V2-S233-SEG-233E,320,233E,233E,366,374,15380,15395,16498,16513,|h_n(x)|\le M,|h_n(x)|\le M,4f9c0325166a95e0a539d7367bd2f68be9ad13f71c34234a959b8d93b716ebc6,4f9c0325166a95e0a539d7367bd2f68be9ad13f71c34234a959b8d93b716ebc6,92dfb66fe5cc5fb7b325d0d2ffd3c4af179cff9a4a907be21e2035bbc23e957d,$,,92dfb66fe5cc5fb7b325d0d2ffd3c4af179cff9a4a907be21e2035bbc23e957d,92dfb66fe5cc5fb7b325d0d2ffd3c4af179cff9a4a907be21e2035bbc23e957d,"{""basis"":""ordered nested-math atom; exact symbolic replay"",""kind"":""source-target-formula-map""}"
1.1.0,formula,O007-FREMLIN-V2-S233-FORMULA-0321,O007-FREMLIN-V2-S233,O007-RIGHTS-FREMLIN-DSL,O007-FREMLIN-V2-S233-SEG-233E,321,233E,233E,366,374,15406,15409,16527,16530,x,x,2d711642b726b04401627ca9fbac32f5c8530fb1903cc4db02258717921a4881,2d711642b726b04401627ca9fbac32f5c8530fb1903cc4db02258717921a4881,2d711642b726b04401627ca9fbac32f5c8530fb1903cc4db02258717921a4881,$,,2d711642b726b04401627ca9fbac32f5c8530fb1903cc4db02258717921a4881,2d711642b726b04401627ca9fbac32f5c8530fb1903cc4db02258717921a4881,"{""basis"":""ordered nested-math atom; exact symbolic replay"",""kind"":""source-target-formula-map""}"
1.1.0,formula,O007-FREMLIN-V2-S233-FORMULA-0322,O007-FREMLIN-V2-S233,O007-RIGHTS-FREMLIN-DSL,O007-FREMLIN-V2-S233-SEG-233E,322,233E,233E,366,374,15411,15414,16535,16538,n,n,1b16b1df538ba12dc3f97edbb85caa7050d46c148134290feba80f8236c83db9,1b16b1df538ba12dc3f97edbb85caa7050d46c148134290feba80f8236c83db9,1b16b1df538ba12dc3f97edbb85caa7050d46c148134290feba80f8236c83db9,$,,1b16b1df538ba12dc3f97edbb85caa7050d46c148134290feba80f8236c83db9,1b16b1df538ba12dc3f97edbb85caa7050d46c148134290feba80f8236c83db9,"{""basis"":""ordered nested-math atom; exact symbolic replay"",""kind"":""source-target-formula-map""}"
1.1.0,formula,O007-FREMLIN-V2-S233-FORMULA-0323,O007-FREMLIN-V2-S233,O007-RIGHTS-FREMLIN-DSL,O007-FREMLIN-V2-S233-SEG-233E,323,233E,233E,367,375,15423,15453,16549,16579,f_0\times h_n\to f_0\times h,f_0\times h_n\to f_0\times h,263bd1c0ab5059c00a20d4cea6afd32b48f24fa07ec73f25efa3c90b1a743dcb,263bd1c0ab5059c00a20d4cea6afd32b48f24fa07ec73f25efa3c90b1a743dcb,cf8bf4056983fa069c5ab8cef5917b95491f76828cc1c63a203198f4399bb7ae,$,,cf8bf4056983fa069c5ab8cef5917b95491f76828cc1c63a203198f4399bb7ae,cf8bf4056983fa069c5ab8cef5917b95491f76828cc1c63a203198f4399bb7ae,"{""basis"":""ordered nested-math atom; exact symbolic replay"",""kind"":""source-target-formula-map""}"
1.1.0,formula,O007-FREMLIN-V2-S233-FORMULA-0324,O007-FREMLIN-V2-S233,O007-RIGHTS-FREMLIN-DSL,O007-FREMLIN-V2-S233-SEG-233E,324,233E,233E,367,376,15464,15493,16605,16634,|f_0\times h_n|\leae M|f_0|,|f_0\times h_n|\leae M|f_0|,d88b5ca9e99cc7b7b2877d0ea8b72b51bedd3d073cb8469fc17e1c9589ba796c,d88b5ca9e99cc7b7b2877d0ea8b72b51bedd3d073cb8469fc17e1c9589ba796c,00f5b007aec9981d0b364571c8fc4ab0d7a013b011ca8d7b265781943e99c2f3,$,,00f5b007aec9981d0b364571c8fc4ab0d7a013b011ca8d7b265781943e99c2f3,00f5b007aec9981d0b364571c8fc4ab0d7a013b011ca8d7b265781943e99c2f3,"{""basis"":""ordered nested-math atom; exact symbolic replay"",""kind"":""source-target-formula-map""}"
1.1.0,formula,O007-FREMLIN-V2-S233-FORMULA-0325,O007-FREMLIN-V2-S233,O007-RIGHTS-FREMLIN-DSL,O007-FREMLIN-V2-S233-SEG-233E,325,233E,233E,368,376,15504,15507,16648,16651,n,n,1b16b1df538ba12dc3f97edbb85caa7050d46c148134290feba80f8236c83db9,1b16b1df538ba12dc3f97edbb85caa7050d46c148134290feba80f8236c83db9,1b16b1df538ba12dc3f97edbb85caa7050d46c148134290feba80f8236c83db9,$,,1b16b1df538ba12dc3f97edbb85caa7050d46c148134290feba80f8236c83db9,1b16b1df538ba12dc3f97edbb85caa7050d46c148134290feba80f8236c83db9,"{""basis"":""ordered nested-math atom; exact symbolic replay"",""kind"":""source-target-formula-map""}"
1.1.0,formula,O007-FREMLIN-V2-S233-FORMULA-0326,O007-FREMLIN-V2-S233,O007-RIGHTS-FREMLIN-DSL,O007-FREMLIN-V2-S233-SEG-233E,326,233E,233E,369,377,15516,15531,16663,16678,g_0\times h_n,g_0\times h_n,ceda95de5f3971b978c570f5939c6b91c394aaf19b0c9696f68770e7e320d2d6,ceda95de5f3971b978c570f5939c6b91c394aaf19b0c9696f68770e7e320d2d6,a1e77e12047940ad67e821f4141b5ee08e4e81c005464aa30fd143a06388e685,$,,a1e77e12047940ad67e821f4141b5ee08e4e81c005464aa30fd143a06388e685,a1e77e12047940ad67e821f4141b5ee08e4e81c005464aa30fd143a06388e685,"{""basis"":""ordered nested-math atom; exact symbolic replay"",""kind"":""source-target-formula-map""}"
1.1.0,formula,O007-FREMLIN-V2-S233-FORMULA-0327,O007-FREMLIN-V2-S233,O007-RIGHTS-FREMLIN-DSL,O007-FREMLIN-V2-S233-SEG-233E,327,233E,233E,369,377,15564,15579,16715,16730,f_0\times h_n,f_0\times h_n,67e705cc9bdc62f6802882fe1bd537d579617d2492c0dfcd6ef01e101bc094ce,67e705cc9bdc62f6802882fe1bd537d579617d2492c0dfcd6ef01e101bc094ce,92195ae39b94b7b10ef74bc1d3d18b4e33a41c3f888c4200e2e27e16f5bdab61,$,,92195ae39b94b7b10ef74bc1d3d18b4e33a41c3f888c4200e2e27e16f5bdab61,92195ae39b94b7b10ef74bc1d3d18b4e33a41c3f888c4200e2e27e16f5bdab61,"{""basis"":""ordered nested-math atom; exact symbolic replay"",""kind"":""source-target-formula-map""}"
1.1.0,formula,O007-FREMLIN-V2-S233-FORMULA-0328,O007-FREMLIN-V2-S233,O007-RIGHTS-FREMLIN-DSL,O007-FREMLIN-V2-S233-SEG-233E,328,233E,233E,370,378,15591,15594,16744,16747,n,n,1b16b1df538ba12dc3f97edbb85caa7050d46c148134290feba80f8236c83db9,1b16b1df538ba12dc3f97edbb85caa7050d46c148134290feba80f8236c83db9,1b16b1df538ba12dc3f97edbb85caa7050d46c148134290feba80f8236c83db9,$,,1b16b1df538ba12dc3f97edbb85caa7050d46c148134290feba80f8236c83db9,1b16b1df538ba12dc3f97edbb85caa7050d46c148134290feba80f8236c83db9,"{""basis"":""ordered nested-math atom; exact symbolic replay"",""kind"":""source-target-formula-map""}"
1.1.0,formula,O007-FREMLIN-V2-S233-FORMULA-0329,O007-FREMLIN-V2-S233,O007-RIGHTS-FREMLIN-DSL,O007-FREMLIN-V2-S233-SEG-233E,329,233E,233E,370,379,15618,15650,16768,16800,\lim_{n\to\infty}g_0\times h_n,\lim_{n\to\infty}g_0\times h_n,f249c47f94b2c6ff1c2e2a85075afa0bc22e4e684811417d888f8250b78ab027,f249c47f94b2c6ff1c2e2a85075afa0bc22e4e684811417d888f8250b78ab027,3de93de1fa2772eb7d18cd73197d503bf315ff94bddd8be5ec5be8c13cdaf036,$,,3de93de1fa2772eb7d18cd73197d503bf315ff94bddd8be5ec5be8c13cdaf036,3de93de1fa2772eb7d18cd73197d503bf315ff94bddd8be5ec5be8c13cdaf036,"{""basis"":""ordered nested-math atom; exact symbolic replay"",""kind"":""source-target-formula-map""}"
1.1.0,formula,O007-FREMLIN-V2-S233-FORMULA-0330,O007-FREMLIN-V2-S233,O007-RIGHTS-FREMLIN-DSL,O007-FREMLIN-V2-S233-SEG-233E,330,233E,233E,371,380,15689,15702,16837,16850,f_0\times h,f_0\times h,84c7bd71b4b8662730417fc142b8676813afc140552728dc5414ed7bc5e924df,84c7bd71b4b8662730417fc142b8676813afc140552728dc5414ed7bc5e924df,e7f6ef0a1cebd367207c9ffa1ec694f2a3f5f4adad3cf04748e982fd811f0fcd,$,,e7f6ef0a1cebd367207c9ffa1ec694f2a3f5f4adad3cf04748e982fd811f0fcd,e7f6ef0a1cebd367207c9ffa1ec694f2a3f5f4adad3cf04748e982fd811f0fcd,"{""basis"":""ordered nested-math atom; exact symbolic replay"",""kind"":""source-target-formula-map""}"
1.1.0,formula,O007-FREMLIN-V2-S233-FORMULA-0331,O007-FREMLIN-V2-S233,O007-RIGHTS-FREMLIN-DSL,O007-FREMLIN-V2-S233-SEG-233E,331,233E,233E,372,381,15745,15758,16902,16915,g_0\times h,g_0\times h,d8a9a07d024d8e530e022d45f520f33bcca5b952f80cd8b93285acc9218cb77a,d8a9a07d024d8e530e022d45f520f33bcca5b952f80cd8b93285acc9218cb77a,0d24c6a0852f304a5240db7334d446a98e1957171f4b5df297b8293545626be8,$,,0d24c6a0852f304a5240db7334d446a98e1957171f4b5df297b8293545626be8,0d24c6a0852f304a5240db7334d446a98e1957171f4b5df297b8293545626be8,"{""basis"":""ordered nested-math atom; exact symbolic replay"",""kind"":""source-target-formula-map""}"
1.1.0,formula,O007-FREMLIN-V2-S233-FORMULA-0332,O007-FREMLIN-V2-S233,O007-RIGHTS-FREMLIN-DSL,O007-FREMLIN-V2-S233-SEG-233E,332,233E,233E,377,386,15809,15851,16975,17017,\int_Hg_0d(\mu\restrp\Tau)=\int_Hf_0d\mu,\int_Hg_0d(\mu\restrp\Tau)=\int_Hf_0d\mu,9ffc0721de1edc9c28c87f5f07855060fdfb4d603c4426e57910abeedd6444a0,9ffc0721de1edc9c28c87f5f07855060fdfb4d603c4426e57910abeedd6444a0,9ffc0721de1edc9c28c87f5f07855060fdfb4d603c4426e57910abeedd6444a0,$,,9ffc0721de1edc9c28c87f5f07855060fdfb4d603c4426e57910abeedd6444a0,9ffc0721de1edc9c28c87f5f07855060fdfb4d603c4426e57910abeedd6444a0,"{""basis"":""ordered nested-math atom; exact symbolic replay"",""kind"":""source-target-formula-map""}"
1.1.0,formula,O007-FREMLIN-V2-S233-FORMULA-0333,O007-FREMLIN-V2-S233,O007-RIGHTS-FREMLIN-DSL,O007-FREMLIN-V2-S233-SEG-233E,333,233E,233E,377,387,15862,15876,17031,17045,H\in\Upsilon,H\in\Upsilon,34127705cf422a784c51d7bf3ea6ec2f6c756f39303d7c8c0f6a27bfd9c5de06,34127705cf422a784c51d7bf3ea6ec2f6c756f39303d7c8c0f6a27bfd9c5de06,34127705cf422a784c51d7bf3ea6ec2f6c756f39303d7c8c0f6a27bfd9c5de06,$,,34127705cf422a784c51d7bf3ea6ec2f6c756f39303d7c8c0f6a27bfd9c5de06,34127705cf422a784c51d7bf3ea6ec2f6c756f39303d7c8c0f6a27bfd9c5de06,"{""basis"":""ordered nested-math atom; exact symbolic replay"",""kind"":""source-target-formula-map""}"
1.1.0,formula,O007-FREMLIN-V2-S233-FORMULA-0334,O007-FREMLIN-V2-S233,O007-RIGHTS-FREMLIN-DSL,O007-FREMLIN-V2-S233-SEG-233E,334,233E,233E,379,389,15884,16078,17057,17254,"\eqalign{\int_Hh_0&d(\mu\restrp\Upsilon)=\int_Hg_0d(\mu\restrp\Tau)
\text{ for every }H\in\Upsilon\cr
&\iff\int_Hh_0d(\mu\restrp\Upsilon)=\int_Hf_0d\mu
\text{ for every }H\in\Upsilon.\cr}","\eqalign{\int_Hh_0&d(\mu\restrp\Upsilon)=\int_Hg_0d(\mu\restrp\Tau)
\text{ untuk setiap }H\in\Upsilon\cr
&\iff\int_Hh_0d(\mu\restrp\Upsilon)=\int_Hf_0d\mu
\text{ untuk setiap }H\in\Upsilon.\cr}",8ddafc1d3341f5528bca7d7e777f7f117a8af4810202517b4ed8e5569cd89cac,c43f0411201e8706ee787131e75c7ee5ca3346e01ad8ce99b7351f2eb8f2b5fa,1656f1882c28df0e402ec355f6c38374aad848de1ba8a441bd01ae335c28a836,$$,,1656f1882c28df0e402ec355f6c38374aad848de1ba8a441bd01ae335c28a836,1656f1882c28df0e402ec355f6c38374aad848de1ba8a441bd01ae335c28a836,"{""basis"":""ordered nested-math atom; exact symbolic replay"",""kind"":""source-target-formula-map""}"
1.1.0,formula,O007-FREMLIN-V2-S233-FORMULA-0335,O007-FREMLIN-V2-S233,O007-RIGHTS-FREMLIN-DSL,O007-FREMLIN-V2-S233-SEG-233G,335,233G,233G,400,410,16764,16770,17970,17976,\phi,\phi,10ce0200b450ea955833553e717821c7721818b8a95cffd7e54b46e08918b512,10ce0200b450ea955833553e717821c7721818b8a95cffd7e54b46e08918b512,10ce0200b450ea955833553e717821c7721818b8a95cffd7e54b46e08918b512,$,,10ce0200b450ea955833553e717821c7721818b8a95cffd7e54b46e08918b512,10ce0200b450ea955833553e717821c7721818b8a95cffd7e54b46e08918b512,"{""basis"":""ordered nested-math atom; exact symbolic replay"",""kind"":""source-target-formula-map""}"
1.1.0,formula,O007-FREMLIN-V2-S233-FORMULA-0336,O007-FREMLIN-V2-S233,O007-RIGHTS-FREMLIN-DSL,O007-FREMLIN-V2-S233-SEG-233G,336,233G,233G,400,410,16794,16812,18008,18026,I\subseteq\Bbb R,I\subseteq\Bbb R,b320cdbc5ab0e4fce5ab227bbe5ff5c320196d2a3d7d893dae54cf74879f4381,b320cdbc5ab0e4fce5ab227bbe5ff5c320196d2a3d7d893dae54cf74879f4381,1f6569a3812314869c6c4b225981af4ea8b0bbd407b523921a9c2cf702c55cee,$,,1f6569a3812314869c6c4b225981af4ea8b0bbd407b523921a9c2cf702c55cee,1f6569a3812314869c6c4b225981af4ea8b0bbd407b523921a9c2cf702c55cee,"{""basis"":""ordered nested-math atom; exact symbolic replay"",""kind"":""source-target-formula-map""}"
1.1.0,formula,O007-FREMLIN-V2-S233-FORMULA-0337,O007-FREMLIN-V2-S233,O007-RIGHTS-FREMLIN-DSL,O007-FREMLIN-V2-S233-SEG-233G,337,233G,233G,402,413,16847,16889,18067,18109,\phi(tb+(1-t)c)\le t\phi(b)+(1-t)\phi(c),\phi(tb+(1-t)c)\le t\phi(b)+(1-t)\phi(c),28e4dd72d52ef9eda1e11767d95ac61dce4372d7f203d0cc5bc6792e5a59dc38,28e4dd72d52ef9eda1e11767d95ac61dce4372d7f203d0cc5bc6792e5a59dc38,3b725a1e530ef72534e0a0c0ff7bf5d02d1c9ccdf8ce647e04c1d407158fc0ad,$,,3b725a1e530ef72534e0a0c0ff7bf5d02d1c9ccdf8ce647e04c1d407158fc0ad,3b725a1e530ef72534e0a0c0ff7bf5d02d1c9ccdf8ce647e04c1d407158fc0ad,"{""basis"":""ordered nested-math atom; exact symbolic replay"",""kind"":""source-target-formula-map""}"
1.1.0,formula,O007-FREMLIN-V2-S233-FORMULA-0338,O007-FREMLIN-V2-S233,O007-RIGHTS-FREMLIN-DSL,O007-FREMLIN-V2-S233-SEG-233G,338,233G,233G,404,415,16913,16916,18134,18137,b,b,3e23e8160039594a33894f6564e1b1348bbd7a0088d42c4acb73eeaed59c009d,3e23e8160039594a33894f6564e1b1348bbd7a0088d42c4acb73eeaed59c009d,3e23e8160039594a33894f6564e1b1348bbd7a0088d42c4acb73eeaed59c009d,$,,3e23e8160039594a33894f6564e1b1348bbd7a0088d42c4acb73eeaed59c009d,3e23e8160039594a33894f6564e1b1348bbd7a0088d42c4acb73eeaed59c009d,"{""basis"":""ordered nested-math atom; exact symbolic replay"",""kind"":""source-target-formula-map""}"
1.1.0,formula,O007-FREMLIN-V2-S233-FORMULA-0339,O007-FREMLIN-V2-S233,O007-RIGHTS-FREMLIN-DSL,O007-FREMLIN-V2-S233-SEG-233G,339,233G,233G,404,415,16918,16926,18139,18147,c\in I,c\in I,c3f27a9cff5489dd30dedcf199b6669f949a6b4d73e3c720665ddd02af720881,c3f27a9cff5489dd30dedcf199b6669f949a6b4d73e3c720665ddd02af720881,f03a3854c82f59d04acfa872d8b91322c43b65621a30b9b0276a8a299d605ae1,$,,f03a3854c82f59d04acfa872d8b91322c43b65621a30b9b0276a8a299d605ae1,f03a3854c82f59d04acfa872d8b91322c43b65621a30b9b0276a8a299d605ae1,"{""basis"":""ordered nested-math atom; exact symbolic replay"",""kind"":""source-target-formula-map""}"
1.1.0,formula,O007-FREMLIN-V2-S233-FORMULA-0340,O007-FREMLIN-V2-S233,O007-RIGHTS-FREMLIN-DSL,O007-FREMLIN-V2-S233-SEG-233G,340,233G,233G,404,415,16931,16942,18153,18164,"t\in[0,1]","t\in[0,1]",6018f60b761f6bb2d1dc97a2ecf4c91a536030adee4e1af5ac0328318f7a8d89,6018f60b761f6bb2d1dc97a2ecf4c91a536030adee4e1af5ac0328318f7a8d89,6018f60b761f6bb2d1dc97a2ecf4c91a536030adee4e1af5ac0328318f7a8d89,$,,6018f60b761f6bb2d1dc97a2ecf4c91a536030adee4e1af5ac0328318f7a8d89,6018f60b761f6bb2d1dc97a2ecf4c91a536030adee4e1af5ac0328318f7a8d89,"{""basis"":""ordered nested-math atom; exact symbolic replay"",""kind"":""source-target-formula-map""}"
1.1.0,formula,O007-FREMLIN-V2-S233-FORMULA-0341,O007-FREMLIN-V2-S233,O007-RIGHTS-FREMLIN-DSL,O007-FREMLIN-V2-S233-SEG-233G,341,233G,233G,408,419,17003,17008,18218,18223,|x|,|x|,aeb41586998433be1182f1721eb5c55e00da2b394a4440ef5aec7c8c3868a4c9,aeb41586998433be1182f1721eb5c55e00da2b394a4440ef5aec7c8c3868a4c9,aeb41586998433be1182f1721eb5c55e00da2b394a4440ef5aec7c8c3868a4c9,$,,aeb41586998433be1182f1721eb5c55e00da2b394a4440ef5aec7c8c3868a4c9,aeb41586998433be1182f1721eb5c55e00da2b394a4440ef5aec7c8c3868a4c9,"{""basis"":""ordered nested-math atom; exact symbolic replay"",""kind"":""source-target-formula-map""}"
1.1.0,formula,O007-FREMLIN-V2-S233-FORMULA-0342,O007-FREMLIN-V2-S233,O007-RIGHTS-FREMLIN-DSL,O007-FREMLIN-V2-S233-SEG-233G,342,233G,233G,408,419,17010,17015,18225,18230,x^2,x^2,5b029881cc5d477a4a820b1c0e64e624919e22ac8d02cfec5da7281c503d08f6,5b029881cc5d477a4a820b1c0e64e624919e22ac8d02cfec5da7281c503d08f6,5b029881cc5d477a4a820b1c0e64e624919e22ac8d02cfec5da7281c503d08f6,$,,5b029881cc5d477a4a820b1c0e64e624919e22ac8d02cfec5da7281c503d08f6,5b029881cc5d477a4a820b1c0e64e624919e22ac8d02cfec5da7281c503d08f6,"{""basis"":""ordered nested-math atom; exact symbolic replay"",""kind"":""source-target-formula-map""}"
1.1.0,formula,O007-FREMLIN-V2-S233-FORMULA-0343,O007-FREMLIN-V2-S233,O007-RIGHTS-FREMLIN-DSL,O007-FREMLIN-V2-S233-SEG-233G,343,233G,233G,408,420,17017,17033,18236,18252,e^{\pm x}\pm x,e^{\pm x}\pm x,67bff5403705f85005271f11381b03be86bacabfb33bde91bac592c404698b67,67bff5403705f85005271f11381b03be86bacabfb33bde91bac592c404698b67,435c8230f9ce9745adc472894960fe6500882e923f7308ce28cde76640520a3e,$,,435c8230f9ce9745adc472894960fe6500882e923f7308ce28cde76640520a3e,435c8230f9ce9745adc472894960fe6500882e923f7308ce28cde76640520a3e,"{""basis"":""ordered nested-math atom; exact symbolic replay"",""kind"":""source-target-formula-map""}"
1.1.0,formula,O007-FREMLIN-V2-S233-FORMULA-0344,O007-FREMLIN-V2-S233,O007-RIGHTS-FREMLIN-DSL,O007-FREMLIN-V2-S233-SEG-233G,344,233G,233G,409,420,17062,17070,18288,18296,\Bbb R,\Bbb R,f9d62b077eddf72778fc05527c5aa4d2352f16a46a94808294fdc2cb7e406580,f9d62b077eddf72778fc05527c5aa4d2352f16a46a94808294fdc2cb7e406580,22316cdc991b42844c0fcdb72f227b6d4c0e8457a736e325af2845b7b3df7f6c,$,,22316cdc991b42844c0fcdb72f227b6d4c0e8457a736e325af2845b7b3df7f6c,22316cdc991b42844c0fcdb72f227b6d4c0e8457a736e325af2845b7b3df7f6c,"{""basis"":""ordered nested-math atom; exact symbolic replay"",""kind"":""source-target-formula-map""}"
1.1.0,formula,O007-FREMLIN-V2-S233-FORMULA-0345,O007-FREMLIN-V2-S233,O007-RIGHTS-FREMLIN-DSL,O007-FREMLIN-V2-S233-SEG-233G,345,233G,233G,409,421,17076,17090,18303,18317,"\ooint{-1,1}","\ooint{-1,1}",0e2379285c36e08c5da7c3ce45e9d9e1a0d5e8cd7166155ea3253a4948a600d9,0e2379285c36e08c5da7c3ce45e9d9e1a0d5e8cd7166155ea3253a4948a600d9,0e2379285c36e08c5da7c3ce45e9d9e1a0d5e8cd7166155ea3253a4948a600d9,$,,0e2379285c36e08c5da7c3ce45e9d9e1a0d5e8cd7166155ea3253a4948a600d9,0e2379285c36e08c5da7c3ce45e9d9e1a0d5e8cd7166155ea3253a4948a600d9,"{""basis"":""ordered nested-math atom; exact symbolic replay"",""kind"":""source-target-formula-map""}"
1.1.0,formula,O007-FREMLIN-V2-S233-FORMULA-0346,O007-FREMLIN-V2-S233,O007-RIGHTS-FREMLIN-DSL,O007-FREMLIN-V2-S233-SEG-233G,346,233G,233G,410,421,17100,17111,18333,18344,1/(1-x^2),1/(1-x^2),f1184a081f20393a80ec212d5b544721b67a62e9fa175cbfade754f70ad8124c,f1184a081f20393a80ec212d5b544721b67a62e9fa175cbfade754f70ad8124c,f1184a081f20393a80ec212d5b544721b67a62e9fa175cbfade754f70ad8124c,$,,f1184a081f20393a80ec212d5b544721b67a62e9fa175cbfade754f70ad8124c,f1184a081f20393a80ec212d5b544721b67a62e9fa175cbfade754f70ad8124c,"{""basis"":""ordered nested-math atom; exact symbolic replay"",""kind"":""source-target-formula-map""}"
1.1.0,formula,O007-FREMLIN-V2-S233-FORMULA-0347,O007-FREMLIN-V2-S233,O007-RIGHTS-FREMLIN-DSL,O007-FREMLIN-V2-S233-SEG-233G,347,233G,233G,410,422,17116,17134,18351,18369,"\ooint{0,\infty}","\ooint{0,\infty}",ab8aa0e3195d36c58f3456b80e761a09c0d4500d6f6ef7e36a5fd50fb35c77b0,ab8aa0e3195d36c58f3456b80e761a09c0d4500d6f6ef7e36a5fd50fb35c77b0,ab8aa0e3195d36c58f3456b80e761a09c0d4500d6f6ef7e36a5fd50fb35c77b0,$,,ab8aa0e3195d36c58f3456b80e761a09c0d4500d6f6ef7e36a5fd50fb35c77b0,ab8aa0e3195d36c58f3456b80e761a09c0d4500d6f6ef7e36a5fd50fb35c77b0,"{""basis"":""ordered nested-math atom; exact symbolic replay"",""kind"":""source-target-formula-map""}"
1.1.0,formula,O007-FREMLIN-V2-S233-FORMULA-0348,O007-FREMLIN-V2-S233,O007-RIGHTS-FREMLIN-DSL,O007-FREMLIN-V2-S233-SEG-233G,348,233G,233G,410,422,17143,17148,18385,18390,1/x,1/x,cf2ae21ad027cb223b1127d958ef449267df336eb23d226db07fd748aa4dc69f,cf2ae21ad027cb223b1127d958ef449267df336eb23d226db07fd748aa4dc69f,cf2ae21ad027cb223b1127d958ef449267df336eb23d226db07fd748aa4dc69f,$,,cf2ae21ad027cb223b1127d958ef449267df336eb23d226db07fd748aa4dc69f,cf2ae21ad027cb223b1127d958ef449267df336eb23d226db07fd748aa4dc69f,"{""basis"":""ordered nested-math atom; exact symbolic replay"",""kind"":""source-target-formula-map""}"
1.1.0,formula,O007-FREMLIN-V2-S233-FORMULA-0349,O007-FREMLIN-V2-S233,O007-RIGHTS-FREMLIN-DSL,O007-FREMLIN-V2-S233-SEG-233G,349,233G,233G,410,422,17153,17161,18395,18403,x\ln x,x\ln x,c06ecc4afe1bf85669234eedccb5c9269c93bdcb9ba361ceb8d9dce9e5f86671,c06ecc4afe1bf85669234eedccb5c9269c93bdcb9ba361ceb8d9dce9e5f86671,c9b369c38a79ddbdce23d962f60f548e1763ff46462483e28001da1b2067fc53,$,,c9b369c38a79ddbdce23d962f60f548e1763ff46462483e28001da1b2067fc53,c9b369c38a79ddbdce23d962f60f548e1763ff46462483e28001da1b2067fc53,"{""basis"":""ordered nested-math atom; exact symbolic replay"",""kind"":""source-target-formula-map""}"
1.1.0,formula,O007-FREMLIN-V2-S233-FORMULA-0350,O007-FREMLIN-V2-S233,O007-RIGHTS-FREMLIN-DSL,O007-FREMLIN-V2-S233-SEG-233G,350,233G,233G,411,422,17168,17175,18410,18417,"[0,1]","[0,1]",463f2998327eb3a694145e6014444480b2235be84aa6cfd57871cc64f1cd816c,463f2998327eb3a694145e6014444480b2235be84aa6cfd57871cc64f1cd816c,463f2998327eb3a694145e6014444480b2235be84aa6cfd57871cc64f1cd816c,$,,463f2998327eb3a694145e6014444480b2235be84aa6cfd57871cc64f1cd816c,463f2998327eb3a694145e6014444480b2235be84aa6cfd57871cc64f1cd816c,"{""basis"":""ordered nested-math atom; exact symbolic replay"",""kind"":""source-target-formula-map""}"
1.1.0,formula,O007-FREMLIN-V2-S233-FORMULA-0351,O007-FREMLIN-V2-S233,O007-RIGHTS-FREMLIN-DSL,O007-FREMLIN-V2-S233-SEG-233G,351,233G,233G,411,423,17214,17227,18463,18476,"\ooint{0,1}","\ooint{0,1}",4215d0329c68e6668620c121330ad01709aaa87b680b9a6c2cf32f8b250d9254,4215d0329c68e6668620c121330ad01709aaa87b680b9a6c2cf32f8b250d9254,4215d0329c68e6668620c121330ad01709aaa87b680b9a6c2cf32f8b250d9254,$,,4215d0329c68e6668620c121330ad01709aaa87b680b9a6c2cf32f8b250d9254,4215d0329c68e6668620c121330ad01709aaa87b680b9a6c2cf32f8b250d9254,"{""basis"":""ordered nested-math atom; exact symbolic replay"",""kind"":""source-target-formula-map""}"
1.1.0,formula,O007-FREMLIN-V2-S233-FORMULA-0352,O007-FREMLIN-V2-S233,O007-RIGHTS-FREMLIN-DSL,O007-FREMLIN-V2-S233-SEG-233G,352,233G,233G,411,423,17232,17235,18481,18484,1,1,6b86b273ff34fce19d6b804eff5a3f5747ada4eaa22f1d49c01e52ddb7875b4b,6b86b273ff34fce19d6b804eff5a3f5747ada4eaa22f1d49c01e52ddb7875b4b,6b86b273ff34fce19d6b804eff5a3f5747ada4eaa22f1d49c01e52ddb7875b4b,$,,6b86b273ff34fce19d6b804eff5a3f5747ada4eaa22f1d49c01e52ddb7875b4b,6b86b273ff34fce19d6b804eff5a3f5747ada4eaa22f1d49c01e52ddb7875b4b,"{""basis"":""ordered nested-math atom; exact symbolic replay"",""kind"":""source-target-formula-map""}"
1.1.0,formula,O007-FREMLIN-V2-S233-FORMULA-0353,O007-FREMLIN-V2-S233,O007-RIGHTS-FREMLIN-DSL,O007-FREMLIN-V2-S233-SEG-233G,353,233G,233G,412,424,17240,17249,18490,18499,"\{0,1\}","\{0,1\}",f17536a812b814600607449916caa24f785e4cc9d6da3dda417a08ae7d3372e5,f17536a812b814600607449916caa24f785e4cc9d6da3dda417a08ae7d3372e5,f17536a812b814600607449916caa24f785e4cc9d6da3dda417a08ae7d3372e5,$,,f17536a812b814600607449916caa24f785e4cc9d6da3dda417a08ae7d3372e5,f17536a812b814600607449916caa24f785e4cc9d6da3dda417a08ae7d3372e5,"{""basis"":""ordered nested-math atom; exact symbolic replay"",""kind"":""source-target-formula-map""}"
1.1.0,formula,O007-FREMLIN-V2-S233-FORMULA-0354,O007-FREMLIN-V2-S233,O007-RIGHTS-FREMLIN-DSL,O007-FREMLIN-V2-S233-SEG-233H,354,233H,233H,422,433,17524,17542,18770,18788,I\subseteq\Bbb R,I\subseteq\Bbb R,b320cdbc5ab0e4fce5ab227bbe5ff5c320196d2a3d7d893dae54cf74879f4381,b320cdbc5ab0e4fce5ab227bbe5ff5c320196d2a3d7d893dae54cf74879f4381,1f6569a3812314869c6c4b225981af4ea8b0bbd407b523921a9c2cf702c55cee,$,,1f6569a3812314869c6c4b225981af4ea8b0bbd407b523921a9c2cf702c55cee,1f6569a3812314869c6c4b225981af4ea8b0bbd407b523921a9c2cf702c55cee,"{""basis"":""ordered nested-math atom; exact symbolic replay"",""kind"":""source-target-formula-map""}"
1.1.0,formula,O007-FREMLIN-V2-S233-FORMULA-0355,O007-FREMLIN-V2-S233,O007-RIGHTS-FREMLIN-DSL,O007-FREMLIN-V2-S233-SEG-233H,355,233H,233H,423,435,17608,17625,18862,18879,\phi:I\to\Bbb R,\phi:I\to\Bbb R,ca942cf661ac90f8edbd75eed2d63f467ab146b0be38ece0ac5b99ecdbf2acca,ca942cf661ac90f8edbd75eed2d63f467ab146b0be38ece0ac5b99ecdbf2acca,31b8814c842d7f4b4c150c5bb6e824d50a59582426aa5fff9997b792679fe609,$,,31b8814c842d7f4b4c150c5bb6e824d50a59582426aa5fff9997b792679fe609,31b8814c842d7f4b4c150c5bb6e824d50a59582426aa5fff9997b792679fe609,"{""basis"":""ordered nested-math atom; exact symbolic replay"",""kind"":""source-target-formula-map""}"
1.1.0,formula,O007-FREMLIN-V2-S233-FORMULA-0356,O007-FREMLIN-V2-S233,O007-RIGHTS-FREMLIN-DSL,O007-FREMLIN-V2-S233-SEG-233H,356,233H,233H,426,437,17663,17671,18920,18928,a\in I,a\in I,6bbd257121aff92b3d7ceca6cb3121be484337e55d95709e327b9d12983eb024,6bbd257121aff92b3d7ceca6cb3121be484337e55d95709e327b9d12983eb024,669ae095cf2a10bfefc275b8496867c3e639cadd30e48e73cf6fd3f9200a8424,$,,669ae095cf2a10bfefc275b8496867c3e639cadd30e48e73cf6fd3f9200a8424,669ae095cf2a10bfefc275b8496867c3e639cadd30e48e73cf6fd3f9200a8424,"{""basis"":""ordered nested-math atom; exact symbolic replay"",""kind"":""source-target-formula-map""}"
1.1.0,formula,O007-FREMLIN-V2-S233-FORMULA-0357,O007-FREMLIN-V2-S233,O007-RIGHTS-FREMLIN-DSL,O007-FREMLIN-V2-S233-SEG-233H,357,233H,233H,426,437,17683,17695,18938,18950,b\in\Bbb R,b\in\Bbb R,e1e59af8f16ba3e6f0c913dd4c313121f218777c1013ca372ad854fa984bc0af,e1e59af8f16ba3e6f0c913dd4c313121f218777c1013ca372ad854fa984bc0af,acf1a3309af82edc7b05470aff44b905151892a4d56ab8c2a95aea53e9b64c33,$,,acf1a3309af82edc7b05470aff44b905151892a4d56ab8c2a95aea53e9b64c33,acf1a3309af82edc7b05470aff44b905151892a4d56ab8c2a95aea53e9b64c33,"{""basis"":""ordered nested-math atom; exact symbolic replay"",""kind"":""source-target-formula-map""}"
1.1.0,formula,O007-FREMLIN-V2-S233-FORMULA-0358,O007-FREMLIN-V2-S233,O007-RIGHTS-FREMLIN-DSL,O007-FREMLIN-V2-S233-SEG-233H,358,233H,233H,427,438,17707,17733,18971,18997,\phi(x)\ge\phi(a)+b(x-a),\phi(x)\ge\phi(a)+b(x-a),6b0298a2da0ece4a5b602185c2c4568f4da6336136d94862c40cc3aee8824958,6b0298a2da0ece4a5b602185c2c4568f4da6336136d94862c40cc3aee8824958,6b0298a2da0ece4a5b602185c2c4568f4da6336136d94862c40cc3aee8824958,$,,6b0298a2da0ece4a5b602185c2c4568f4da6336136d94862c40cc3aee8824958,6b0298a2da0ece4a5b602185c2c4568f4da6336136d94862c40cc3aee8824958,"{""basis"":""ordered nested-math atom; exact symbolic replay"",""kind"":""source-target-formula-map""}"
1.1.0,formula,O007-FREMLIN-V2-S233-FORMULA-0359,O007-FREMLIN-V2-S233,O007-RIGHTS-FREMLIN-DSL,O007-FREMLIN-V2-S233-SEG-233H,359,233H,233H,427,438,17744,17752,19011,19019,x\in I,x\in I,7920d1c955ea61d506f919762fa94aa015b7e86f99e3a0969c481d499eebd0cc,7920d1c955ea61d506f919762fa94aa015b7e86f99e3a0969c481d499eebd0cc,e9e133a0ddf4901ba79b03dd287a13242c401728f51e16578e1d1e848f001f71,$,,e9e133a0ddf4901ba79b03dd287a13242c401728f51e16578e1d1e848f001f71,e9e133a0ddf4901ba79b03dd287a13242c401728f51e16578e1d1e848f001f71,"{""basis"":""ordered nested-math atom; exact symbolic replay"",""kind"":""source-target-formula-map""}"
1.1.0,formula,O007-FREMLIN-V2-S233-FORMULA-0360,O007-FREMLIN-V2-S233,O007-RIGHTS-FREMLIN-DSL,O007-FREMLIN-V2-S233-SEG-233H,360,233H,233H,429,440,17782,17800,19044,19062,q\in I\cap\Bbb Q,q\in I\cap\Bbb Q,5cb47ae6db3449af0154918a4da16df4d9d823a9e01dcee27e295f1758b69f01,5cb47ae6db3449af0154918a4da16df4d9d823a9e01dcee27e295f1758b69f01,3ab265eece8d248248ded4cfce67574956871df6c516af412da4f2b704ecdf14,$,,3ab265eece8d248248ded4cfce67574956871df6c516af412da4f2b704ecdf14,3ab265eece8d248248ded4cfce67574956871df6c516af412da4f2b704ecdf14,"{""basis"":""ordered nested-math atom; exact symbolic replay"",""kind"":""source-target-formula-map""}"
1.1.0,formula,O007-FREMLIN-V2-S233-FORMULA-0361,O007-FREMLIN-V2-S233,O007-RIGHTS-FREMLIN-DSL,O007-FREMLIN-V2-S233-SEG-233H,361,233H,233H,429,441,17804,17818,19078,19092,b_q\in\Bbb R,b_q\in\Bbb R,70ade2a0af4d3d25cd4143981aea022de39836983d9d1b86cc4ac4400e2d07e5,70ade2a0af4d3d25cd4143981aea022de39836983d9d1b86cc4ac4400e2d07e5,b371da3baac316bc0810b745e70bd28599f2422557efa59ed44b6fdbbfee5346,$,,b371da3baac316bc0810b745e70bd28599f2422557efa59ed44b6fdbbfee5346,b371da3baac316bc0810b745e70bd28599f2422557efa59ed44b6fdbbfee5346,"{""basis"":""ordered nested-math atom; exact symbolic replay"",""kind"":""source-target-formula-map""}"
1.1.0,formula,O007-FREMLIN-V2-S233-FORMULA-0362,O007-FREMLIN-V2-S233,O007-RIGHTS-FREMLIN-DSL,O007-FREMLIN-V2-S233-SEG-233H,362,233H,233H,430,442,17830,17858,19113,19141,\phi(x)\ge\phi(q)+b_q(x-q),\phi(x)\ge\phi(q)+b_q(x-q),ceb5f620531c5d4fafaca52379e7409390ceb24748aea785a3822e32008b9b04,ceb5f620531c5d4fafaca52379e7409390ceb24748aea785a3822e32008b9b04,ceb5f620531c5d4fafaca52379e7409390ceb24748aea785a3822e32008b9b04,$,,ceb5f620531c5d4fafaca52379e7409390ceb24748aea785a3822e32008b9b04,ceb5f620531c5d4fafaca52379e7409390ceb24748aea785a3822e32008b9b04,"{""basis"":""ordered nested-math atom; exact symbolic replay"",""kind"":""source-target-formula-map""}"
1.1.0,formula,O007-FREMLIN-V2-S233-FORMULA-0363,O007-FREMLIN-V2-S233,O007-RIGHTS-FREMLIN-DSL,O007-FREMLIN-V2-S233-SEG-233H,363,233H,233H,430,442,17869,17877,19155,19163,x\in I,x\in I,7920d1c955ea61d506f919762fa94aa015b7e86f99e3a0969c481d499eebd0cc,7920d1c955ea61d506f919762fa94aa015b7e86f99e3a0969c481d499eebd0cc,e9e133a0ddf4901ba79b03dd287a13242c401728f51e16578e1d1e848f001f71,$,,e9e133a0ddf4901ba79b03dd287a13242c401728f51e16578e1d1e848f001f71,e9e133a0ddf4901ba79b03dd287a13242c401728f51e16578e1d1e848f001f71,"{""basis"":""ordered nested-math atom; exact symbolic replay"",""kind"":""source-target-formula-map""}"
1.1.0,formula,O007-FREMLIN-V2-S233-FORMULA-0364,O007-FREMLIN-V2-S233,O007-RIGHTS-FREMLIN-DSL,O007-FREMLIN-V2-S233-SEG-233H,364,233H,233H,432,444,17899,17948,19183,19232,\phi(x)=\sup_{q\in I\cap\Bbb Q}\phi(q)+b_q(x-q),\phi(x)=\sup_{q\in I\cap\Bbb Q}\phi(q)+b_q(x-q),da71bcb5c7b830585972ed527832c95327e7538575d2e19bbb4d44ceeec0e2da,da71bcb5c7b830585972ed527832c95327e7538575d2e19bbb4d44ceeec0e2da,f6253d98725c2dfda53f94e8923b09dab4be97c00f3e1335442e4d51c7a8609e,$,,f6253d98725c2dfda53f94e8923b09dab4be97c00f3e1335442e4d51c7a8609e,f6253d98725c2dfda53f94e8923b09dab4be97c00f3e1335442e4d51c7a8609e,"{""basis"":""ordered nested-math atom; exact symbolic replay"",""kind"":""source-target-formula-map""}"
1.1.0,formula,O007-FREMLIN-V2-S233-FORMULA-0365,O007-FREMLIN-V2-S233,O007-RIGHTS-FREMLIN-DSL,O007-FREMLIN-V2-S233-SEG-233H,365,233H,233H,434,446,17973,17981,19258,19266,x\in I,x\in I,7920d1c955ea61d506f919762fa94aa015b7e86f99e3a0969c481d499eebd0cc,7920d1c955ea61d506f919762fa94aa015b7e86f99e3a0969c481d499eebd0cc,e9e133a0ddf4901ba79b03dd287a13242c401728f51e16578e1d1e848f001f71,$,,e9e133a0ddf4901ba79b03dd287a13242c401728f51e16578e1d1e848f001f71,e9e133a0ddf4901ba79b03dd287a13242c401728f51e16578e1d1e848f001f71,"{""basis"":""ordered nested-math atom; exact symbolic replay"",""kind"":""source-target-formula-map""}"
1.1.0,formula,O007-FREMLIN-V2-S233-FORMULA-0366,O007-FREMLIN-V2-S233,O007-RIGHTS-FREMLIN-DSL,O007-FREMLIN-V2-S233-SEG-233H,366,233H,233H,436,448,17990,17996,19273,19279,\phi,\phi,10ce0200b450ea955833553e717821c7721818b8a95cffd7e54b46e08918b512,10ce0200b450ea955833553e717821c7721818b8a95cffd7e54b46e08918b512,10ce0200b450ea955833553e717821c7721818b8a95cffd7e54b46e08918b512,$,,10ce0200b450ea955833553e717821c7721818b8a95cffd7e54b46e08918b512,10ce0200b450ea955833553e717821c7721818b8a95cffd7e54b46e08918b512,"{""basis"":""ordered nested-math atom; exact symbolic replay"",""kind"":""source-target-formula-map""}"
1.1.0,formula,O007-FREMLIN-V2-S233-FORMULA-0367,O007-FREMLIN-V2-S233,O007-RIGHTS-FREMLIN-DSL,O007-FREMLIN-V2-S233-SEG-233H,367,233H,233H,438,450,18041,18044,19318,19321,c,c,2e7d2c03a9507ae265ecf5b5356885a53393a2029d241394997265a1a25aefc6,2e7d2c03a9507ae265ecf5b5356885a53393a2029d241394997265a1a25aefc6,2e7d2c03a9507ae265ecf5b5356885a53393a2029d241394997265a1a25aefc6,$,,2e7d2c03a9507ae265ecf5b5356885a53393a2029d241394997265a1a25aefc6,2e7d2c03a9507ae265ecf5b5356885a53393a2029d241394997265a1a25aefc6,"{""basis"":""ordered nested-math atom; exact symbolic replay"",""kind"":""source-target-formula-map""}"
1.1.0,formula,O007-FREMLIN-V2-S233-FORMULA-0368,O007-FREMLIN-V2-S233,O007-RIGHTS-FREMLIN-DSL,O007-FREMLIN-V2-S233-SEG-233H,368,233H,233H,438,450,18046,18055,19323,19332,c'\in I,c'\in I,b8d83acc734bbfbb0ba53d6e5f71543d32affbbe6b503b6d544dd2d650d826a1,b8d83acc734bbfbb0ba53d6e5f71543d32affbbe6b503b6d544dd2d650d826a1,6f4f69ba9a37844ef6e76ada6562e2c379ccf59b9b6e161e045a6733745387d6,$,,6f4f69ba9a37844ef6e76ada6562e2c379ccf59b9b6e161e045a6733745387d6,6f4f69ba9a37844ef6e76ada6562e2c379ccf59b9b6e161e045a6733745387d6,"{""basis"":""ordered nested-math atom; exact symbolic replay"",""kind"":""source-target-formula-map""}"
1.1.0,formula,O007-FREMLIN-V2-S233-FORMULA-0369,O007-FREMLIN-V2-S233,O007-RIGHTS-FREMLIN-DSL,O007-FREMLIN-V2-S233-SEG-233H,369,233H,233H,438,450,18060,18068,19338,19346,c<a<c',c<a<c',c0d952555fa71048fbc6af303e103fdfe15d214f1ea6ffecd3a6b5c07e75044e,c0d952555fa71048fbc6af303e103fdfe15d214f1ea6ffecd3a6b5c07e75044e,c0d952555fa71048fbc6af303e103fdfe15d214f1ea6ffecd3a6b5c07e75044e,$,,c0d952555fa71048fbc6af303e103fdfe15d214f1ea6ffecd3a6b5c07e75044e,c0d952555fa71048fbc6af303e103fdfe15d214f1ea6ffecd3a6b5c07e75044e,"{""basis"":""ordered nested-math atom; exact symbolic replay"",""kind"":""source-target-formula-map""}"
1.1.0,formula,O007-FREMLIN-V2-S233-FORMULA-0370,O007-FREMLIN-V2-S233,O007-RIGHTS-FREMLIN-DSL,O007-FREMLIN-V2-S233-SEG-233H,370,233H,233H,439,450,18076,18079,19353,19356,a,a,ca978112ca1bbdcafac231b39a23dc4da786eff8147c4e72b9807785afee48bb,ca978112ca1bbdcafac231b39a23dc4da786eff8147c4e72b9807785afee48bb,ca978112ca1bbdcafac231b39a23dc4da786eff8147c4e72b9807785afee48bb,$,,ca978112ca1bbdcafac231b39a23dc4da786eff8147c4e72b9807785afee48bb,ca978112ca1bbdcafac231b39a23dc4da786eff8147c4e72b9807785afee48bb,"{""basis"":""ordered nested-math atom; exact symbolic replay"",""kind"":""source-target-formula-map""}"
1.1.0,formula,O007-FREMLIN-V2-S233-FORMULA-0371,O007-FREMLIN-V2-S233,O007-RIGHTS-FREMLIN-DSL,O007-FREMLIN-V2-S233-SEG-233H,371,233H,233H,439,451,18098,18110,19382,19394,dc+(1-d)c',dc+(1-d)c',b6efd06d03b74a9d57d8b274ebb89fb6126ae38aeb3c9a144739ddd5797e91cd,b6efd06d03b74a9d57d8b274ebb89fb6126ae38aeb3c9a144739ddd5797e91cd,b6efd06d03b74a9d57d8b274ebb89fb6126ae38aeb3c9a144739ddd5797e91cd,$,,b6efd06d03b74a9d57d8b274ebb89fb6126ae38aeb3c9a144739ddd5797e91cd,b6efd06d03b74a9d57d8b274ebb89fb6126ae38aeb3c9a144739ddd5797e91cd,"{""basis"":""ordered nested-math atom; exact symbolic replay"",""kind"":""source-target-formula-map""}"
1.1.0,formula,O007-FREMLIN-V2-S233-FORMULA-0372,O007-FREMLIN-V2-S233,O007-RIGHTS-FREMLIN-DSL,O007-FREMLIN-V2-S233-SEG-233H,372,233H,233H,439,451,18120,18137,19407,19424,"d\in\ooint{0,1}","d\in\ooint{0,1}",18a912681f75ff2836b12654c6cd7afc7a4bfa547c2bd3f6113ed967203d6876,18a912681f75ff2836b12654c6cd7afc7a4bfa547c2bd3f6113ed967203d6876,18a912681f75ff2836b12654c6cd7afc7a4bfa547c2bd3f6113ed967203d6876,$,,18a912681f75ff2836b12654c6cd7afc7a4bfa547c2bd3f6113ed967203d6876,18a912681f75ff2836b12654c6cd7afc7a4bfa547c2bd3f6113ed967203d6876,"{""basis"":""ordered nested-math atom; exact symbolic replay"",""kind"":""source-target-formula-map""}"
1.1.0,formula,O007-FREMLIN-V2-S233-FORMULA-0373,O007-FREMLIN-V2-S233,O007-RIGHTS-FREMLIN-DSL,O007-FREMLIN-V2-S233-SEG-233H,373,233H,233H,440,452,18148,18183,19435,19470,\phi(a)\le d\phi(c)+(1-d)\phi(c'),\phi(a)\le d\phi(c)+(1-d)\phi(c'),82c55468e2ff2001f593200e0c17bde6e04068407133863aa9270735a3103ce0,82c55468e2ff2001f593200e0c17bde6e04068407133863aa9270735a3103ce0,35e4d5cede287b532f539402234ed2c653885900d824012bdeafffa58c76d879,$,,35e4d5cede287b532f539402234ed2c653885900d824012bdeafffa58c76d879,35e4d5cede287b532f539402234ed2c653885900d824012bdeafffa58c76d879,"{""basis"":""ordered nested-math atom; exact symbolic replay"",""kind"":""source-target-formula-map""}"
1.1.0,formula,O007-FREMLIN-V2-S233-FORMULA-0374,O007-FREMLIN-V2-S233,O007-RIGHTS-FREMLIN-DSL,O007-FREMLIN-V2-S233-SEG-233H,374,233H,233H,442,454,18191,18489,19476,19769,"\eqalign{{\Bover{\phi(a)-\phi(c)}{a-c}}
&\le{\Bover{d\phi(c)+(1-d)\phi(c')-\phi(c)}{dc+(1-d)c'-c}}
={\Bover{(1-d)(\phi(c')-\phi(c))}{(1-d)(c'-c)}}\cr
&={\Bover{d(\phi(c')-\phi(c))}{d(c'-c)}}
={\Bover{\phi(c')-d\phi(c)-(1-d)\phi(c')}{c'-dc-(1-d)c'}}
\le{\Bover{\phi(c')-\phi(a)}{c'-a}}.\cr}","\eqalign{{\Bover{\phi(a)-\phi(c)}{a-c}}
&\le{\Bover{d\phi(c)+(1-d)\phi(c')-\phi(c)}{dc+(1-d)c'-c}}
={\Bover{(1-d)(\phi(c')-\phi(c))}{(1-d)(c'-c)}}\cr
&={\Bover{d(\phi(c')-\phi(c))}{d(c'-c)}}
={\Bover{\phi(c')-d\phi(c)-(1-d)\phi(c')}{c'-dc-(1-d)c'}}
\le{\Bover{\phi(c')-\phi(a)}{c'-a}}.\cr}",76e34518abfa1d6acdd3b44f22b978a211058196f26e9d9db3ce12c393b0f946,d6ba58cceca1f6a5331e034ee410ded82f3f6dd32e8cf551af806b0a0a871c19,dea485b9ffd5ed300303797f5a88322d0ead542b1b643b95ff16fb8214976dac,$$,,dea485b9ffd5ed300303797f5a88322d0ead542b1b643b95ff16fb8214976dac,dea485b9ffd5ed300303797f5a88322d0ead542b1b643b95ff16fb8214976dac,"{""basis"":""ordered nested-math atom; exact symbolic replay"",""kind"":""source-target-formula-map""}"
1.1.0,formula,O007-FREMLIN-V2-S233-FORMULA-0375,O007-FREMLIN-V2-S233,O007-RIGHTS-FREMLIN-DSL,O007-FREMLIN-V2-S233-SEG-233H,375,233H,233H,451,463,18534,18583,19812,19861,"b=\sup_{c<a,c\in I}\Bover{\phi(a)-\phi(c)}{a-c}","b=\sup_{c<a,c\in I}\Bover{\phi(a)-\phi(c)}{a-c}",913efde499a984f2ab999e7478b4578de603482857f29cac076188544316a4a2,913efde499a984f2ab999e7478b4578de603482857f29cac076188544316a4a2,f88d8815a78f3be5f3c38f21205ea4eba20932156ff946928ec0eaaa818913c8,$,,f88d8815a78f3be5f3c38f21205ea4eba20932156ff946928ec0eaaa818913c8,f88d8815a78f3be5f3c38f21205ea4eba20932156ff946928ec0eaaa818913c8,"{""basis"":""ordered nested-math atom; exact symbolic replay"",""kind"":""source-target-formula-map""}"
1.1.0,formula,O007-FREMLIN-V2-S233-FORMULA-0376,O007-FREMLIN-V2-S233,O007-RIGHTS-FREMLIN-DSL,O007-FREMLIN-V2-S233-SEG-233H,376,233H,233H,453,466,18613,18649,19889,19925,b\le\Bover{\phi(c')-\phi(a)}{c'-a},b\le\Bover{\phi(c')-\phi(a)}{c'-a},55b17e32dcafc426aae42bb14fd291746b1ab0ad447c374f66a4f5f6acefb6ef,55b17e32dcafc426aae42bb14fd291746b1ab0ad447c374f66a4f5f6acefb6ef,55b17e32dcafc426aae42bb14fd291746b1ab0ad447c374f66a4f5f6acefb6ef,$,,55b17e32dcafc426aae42bb14fd291746b1ab0ad447c374f66a4f5f6acefb6ef,55b17e32dcafc426aae42bb14fd291746b1ab0ad447c374f66a4f5f6acefb6ef,"{""basis"":""ordered nested-math atom; exact symbolic replay"",""kind"":""source-target-formula-map""}"
1.1.0,formula,O007-FREMLIN-V2-S233-FORMULA-0377,O007-FREMLIN-V2-S233,O007-RIGHTS-FREMLIN-DSL,O007-FREMLIN-V2-S233-SEG-233H,377,233H,233H,454,466,18660,18671,19938,19949,a<c'\in I,a<c'\in I,53f3ef028e98ef04b1efc5977a31097664898e8c19d3cc7b77aad809b4481288,53f3ef028e98ef04b1efc5977a31097664898e8c19d3cc7b77aad809b4481288,9ef11f63959f4167f41a7f94229d70796ad9bf726639ccf84fa8e1cc524af83a,$,,9ef11f63959f4167f41a7f94229d70796ad9bf726639ccf84fa8e1cc524af83a,9ef11f63959f4167f41a7f94229d70796ad9bf726639ccf84fa8e1cc524af83a,"{""basis"":""ordered nested-math atom; exact symbolic replay"",""kind"":""source-target-formula-map""}"
1.1.0,formula,O007-FREMLIN-V2-S233-FORMULA-0378,O007-FREMLIN-V2-S233,O007-RIGHTS-FREMLIN-DSL,O007-FREMLIN-V2-S233-SEG-233H,378,233H,233H,454,467,18686,18712,19968,19994,\phi(x)\ge\phi(a)+b(x-a),\phi(x)\ge\phi(a)+b(x-a),6b0298a2da0ece4a5b602185c2c4568f4da6336136d94862c40cc3aee8824958,6b0298a2da0ece4a5b602185c2c4568f4da6336136d94862c40cc3aee8824958,6b0298a2da0ece4a5b602185c2c4568f4da6336136d94862c40cc3aee8824958,$,,6b0298a2da0ece4a5b602185c2c4568f4da6336136d94862c40cc3aee8824958,6b0298a2da0ece4a5b602185c2c4568f4da6336136d94862c40cc3aee8824958,"{""basis"":""ordered nested-math atom; exact symbolic replay"",""kind"":""source-target-formula-map""}"
1.1.0,formula,O007-FREMLIN-V2-S233-FORMULA-0379,O007-FREMLIN-V2-S233,O007-RIGHTS-FREMLIN-DSL,O007-FREMLIN-V2-S233-SEG-233H,379,233H,233H,454,467,18723,18731,20008,20016,x\in I,x\in I,7920d1c955ea61d506f919762fa94aa015b7e86f99e3a0969c481d499eebd0cc,7920d1c955ea61d506f919762fa94aa015b7e86f99e3a0969c481d499eebd0cc,e9e133a0ddf4901ba79b03dd287a13242c401728f51e16578e1d1e848f001f71,$,,e9e133a0ddf4901ba79b03dd287a13242c401728f51e16578e1d1e848f001f71,e9e133a0ddf4901ba79b03dd287a13242c401728f51e16578e1d1e848f001f71,"{""basis"":""ordered nested-math atom; exact symbolic replay"",""kind"":""source-target-formula-map""}"
1.1.0,formula,O007-FREMLIN-V2-S233-FORMULA-0380,O007-FREMLIN-V2-S233,O007-RIGHTS-FREMLIN-DSL,O007-FREMLIN-V2-S233-SEG-233H,380,233H,233H,458,471,18780,18785,20061,20066,b_q,b_q,9c51d8969a601c9b369d8c770823e84aa2408c5ec0bbba0820becb26454d4cef,9c51d8969a601c9b369d8c770823e84aa2408c5ec0bbba0820becb26454d4cef,9c51d8969a601c9b369d8c770823e84aa2408c5ec0bbba0820becb26454d4cef,$,,9c51d8969a601c9b369d8c770823e84aa2408c5ec0bbba0820becb26454d4cef,9c51d8969a601c9b369d8c770823e84aa2408c5ec0bbba0820becb26454d4cef,"{""basis"":""ordered nested-math atom; exact symbolic replay"",""kind"":""source-target-formula-map""}"
1.1.0,formula,O007-FREMLIN-V2-S233-FORMULA-0381,O007-FREMLIN-V2-S233,O007-RIGHTS-FREMLIN-DSL,O007-FREMLIN-V2-S233-SEG-233H,381,233H,233H,458,472,18787,18826,20068,20112,"\phi(x)\ge\sup_{q\in\Bbb
Q}\phi_q(x)",\phi(x)\ge\sup_{q\in I\cap\Bbb Q}\phi_q(x),86e7ec5d583f96a62a062e0995981dc875d71fb3ed7d24ebce14174b549b1aaf,86513dabaac82977067db0c8d164884f842305f398248e969b24c52e5cca7b04,8add8e97dca11be57e2d3856d0aef743e4145770e2a157b84ed1a389f69195b0,$,"[""O007-CORR-0095""]",589c21155d6bd754199b0731aba21a4564e8989f1ec56571397b59511ab7a873,8add8e97dca11be57e2d3856d0aef743e4145770e2a157b84ed1a389f69195b0,"{""basis"":""ordered nested-math atom; ledgered source correction"",""kind"":""source-target-formula-map""}"
1.1.0,formula,O007-FREMLIN-V2-S233-FORMULA-0382,O007-FREMLIN-V2-S233,O007-RIGHTS-FREMLIN-DSL,O007-FREMLIN-V2-S233-SEG-233H,382,233H,233H,460,473,18854,18862,20135,20143,x\in I,x\in I,7920d1c955ea61d506f919762fa94aa015b7e86f99e3a0969c481d499eebd0cc,7920d1c955ea61d506f919762fa94aa015b7e86f99e3a0969c481d499eebd0cc,e9e133a0ddf4901ba79b03dd287a13242c401728f51e16578e1d1e848f001f71,$,,e9e133a0ddf4901ba79b03dd287a13242c401728f51e16578e1d1e848f001f71,e9e133a0ddf4901ba79b03dd287a13242c401728f51e16578e1d1e848f001f71,"{""basis"":""ordered nested-math atom; exact symbolic replay"",""kind"":""source-target-formula-map""}"
1.1.0,formula,O007-FREMLIN-V2-S233-FORMULA-0383,O007-FREMLIN-V2-S233,O007-RIGHTS-FREMLIN-DSL,O007-FREMLIN-V2-S233-SEG-233H,383,233H,233H,460,473,18868,18876,20166,20174,y\in I,y\in I,e1b445410032ac537313c64cea6260806cbc663fb692e35ece364419cb96fcd5,e1b445410032ac537313c64cea6260806cbc663fb692e35ece364419cb96fcd5,ab7dcb8a87e2eb891463a25866c05321d087fe68641427fb68124a2e31cdb362,$,,ab7dcb8a87e2eb891463a25866c05321d087fe68641427fb68124a2e31cdb362,ab7dcb8a87e2eb891463a25866c05321d087fe68641427fb68124a2e31cdb362,"{""basis"":""ordered nested-math atom; exact symbolic replay"",""kind"":""source-target-formula-map""}"
1.1.0,formula,O007-FREMLIN-V2-S233-FORMULA-0384,O007-FREMLIN-V2-S233,O007-RIGHTS-FREMLIN-DSL,O007-FREMLIN-V2-S233-SEG-233H,384,233H,233H,460,474,18887,18892,20195,20200,x<y,x<y,5264b2babf1dd7da26c1a54b1dc4926343badc2e0a40d8785d152b3c1f1c0eea,5264b2babf1dd7da26c1a54b1dc4926343badc2e0a40d8785d152b3c1f1c0eea,5264b2babf1dd7da26c1a54b1dc4926343badc2e0a40d8785d152b3c1f1c0eea,$,,5264b2babf1dd7da26c1a54b1dc4926343badc2e0a40d8785d152b3c1f1c0eea,5264b2babf1dd7da26c1a54b1dc4926343badc2e0a40d8785d152b3c1f1c0eea,"{""basis"":""ordered nested-math atom; exact symbolic replay"",""kind"":""source-target-formula-map""}"
1.1.0,formula,O007-FREMLIN-V2-S233-FORMULA-0385,O007-FREMLIN-V2-S233,O007-RIGHTS-FREMLIN-DSL,O007-FREMLIN-V2-S233-SEG-233H,385,233H,233H,461,474,18902,18914,20213,20225,b\in\Bbb R,b\in\Bbb R,e1e59af8f16ba3e6f0c913dd4c313121f218777c1013ca372ad854fa984bc0af,e1e59af8f16ba3e6f0c913dd4c313121f218777c1013ca372ad854fa984bc0af,acf1a3309af82edc7b05470aff44b905151892a4d56ab8c2a95aea53e9b64c33,$,,acf1a3309af82edc7b05470aff44b905151892a4d56ab8c2a95aea53e9b64c33,acf1a3309af82edc7b05470aff44b905151892a4d56ab8c2a95aea53e9b64c33,"{""basis"":""ordered nested-math atom; exact symbolic replay"",""kind"":""source-target-formula-map""}"
1.1.0,formula,O007-FREMLIN-V2-S233-FORMULA-0386,O007-FREMLIN-V2-S233,O007-RIGHTS-FREMLIN-DSL,O007-FREMLIN-V2-S233-SEG-233H,386,233H,233H,461,475,18928,18954,20246,20272,\phi(z)\ge\phi(x)+b(z-x),\phi(z)\ge\phi(x)+b(z-x),5b8d8bc27f9c54d370e933eb9179b3258161a991c842ec3f336a148dcdbd27b6,5b8d8bc27f9c54d370e933eb9179b3258161a991c842ec3f336a148dcdbd27b6,5b8d8bc27f9c54d370e933eb9179b3258161a991c842ec3f336a148dcdbd27b6,$,,5b8d8bc27f9c54d370e933eb9179b3258161a991c842ec3f336a148dcdbd27b6,5b8d8bc27f9c54d370e933eb9179b3258161a991c842ec3f336a148dcdbd27b6,"{""basis"":""ordered nested-math atom; exact symbolic replay"",""kind"":""source-target-formula-map""}"
1.1.0,formula,O007-FREMLIN-V2-S233-FORMULA-0387,O007-FREMLIN-V2-S233,O007-RIGHTS-FREMLIN-DSL,O007-FREMLIN-V2-S233-SEG-233H,387,233H,233H,461,475,18965,18973,20286,20294,z\in I,z\in I,93e896fa067d63aa6bdd8ea3c5da814d7ff2682043c19d7cda6df61fb2f2225e,93e896fa067d63aa6bdd8ea3c5da814d7ff2682043c19d7cda6df61fb2f2225e,5fc1ad8ed69a658730518f3fea9e3b9206c481405d393bd7982a2f47b0ac550f,$,,5fc1ad8ed69a658730518f3fea9e3b9206c481405d393bd7982a2f47b0ac550f,5fc1ad8ed69a658730518f3fea9e3b9206c481405d393bd7982a2f47b0ac550f,"{""basis"":""ordered nested-math atom; exact symbolic replay"",""kind"":""source-target-formula-map""}"
1.1.0,formula,O007-FREMLIN-V2-S233-FORMULA-0388,O007-FREMLIN-V2-S233,O007-RIGHTS-FREMLIN-DSL,O007-FREMLIN-V2-S233-SEG-233H,388,233H,233H,462,476,18979,18991,20301,20313,q\in\Bbb Q,q\in\Bbb Q,b2d53b72f8212323ba1eb1c5dfae817e6163755336844a75601a5e57ebd1fe45,b2d53b72f8212323ba1eb1c5dfae817e6163755336844a75601a5e57ebd1fe45,b6c2391330e2749fd48307c5e2335fcc5e25855d87905d447a3df38bcd2eea49,$,,b6c2391330e2749fd48307c5e2335fcc5e25855d87905d447a3df38bcd2eea49,b6c2391330e2749fd48307c5e2335fcc5e25855d87905d447a3df38bcd2eea49,"{""basis"":""ordered nested-math atom; exact symbolic replay"",""kind"":""source-target-formula-map""}"
1.1.0,formula,O007-FREMLIN-V2-S233-FORMULA-0389,O007-FREMLIN-V2-S233,O007-RIGHTS-FREMLIN-DSL,O007-FREMLIN-V2-S233-SEG-233H,389,233H,233H,462,476,18996,19003,20318,20325,x<q<y,x<q<y,3552e695cddfd2b77db320f09581bbb0724002aaf6836f15b1ac4c66f9896350,3552e695cddfd2b77db320f09581bbb0724002aaf6836f15b1ac4c66f9896350,3552e695cddfd2b77db320f09581bbb0724002aaf6836f15b1ac4c66f9896350,$,,3552e695cddfd2b77db320f09581bbb0724002aaf6836f15b1ac4c66f9896350,3552e695cddfd2b77db320f09581bbb0724002aaf6836f15b1ac4c66f9896350,"{""basis"":""ordered nested-math atom; exact symbolic replay"",""kind"":""source-target-formula-map""}"
1.1.0,formula,O007-FREMLIN-V2-S233-FORMULA-0390,O007-FREMLIN-V2-S233,O007-RIGHTS-FREMLIN-DSL,O007-FREMLIN-V2-S233-SEG-233H,390,233H,233H,462,477,19013,19041,20342,20370,\phi(y)\ge\phi(q)+b_q(y-q),\phi(y)\ge\phi(q)+b_q(y-q),b188bdb0ab257e7c679b2c4c018d8348fabe3514ca9ab420e08ffc5db08e03c1,b188bdb0ab257e7c679b2c4c018d8348fabe3514ca9ab420e08ffc5db08e03c1,b188bdb0ab257e7c679b2c4c018d8348fabe3514ca9ab420e08ffc5db08e03c1,$,,b188bdb0ab257e7c679b2c4c018d8348fabe3514ca9ab420e08ffc5db08e03c1,b188bdb0ab257e7c679b2c4c018d8348fabe3514ca9ab420e08ffc5db08e03c1,"{""basis"":""ordered nested-math atom; exact symbolic replay"",""kind"":""source-target-formula-map""}"
1.1.0,formula,O007-FREMLIN-V2-S233-FORMULA-0391,O007-FREMLIN-V2-S233,O007-RIGHTS-FREMLIN-DSL,O007-FREMLIN-V2-S233-SEG-233H,391,233H,233H,464,478,19053,19089,20381,20417,b_q\le\bover{\phi(y)-\phi(q)}{y-q},b_q\le\bover{\phi(y)-\phi(q)}{y-q},9942ca5830571ede162fd84f7e5d6463c914f83762de1bd89306711414c3f923,9942ca5830571ede162fd84f7e5d6463c914f83762de1bd89306711414c3f923,9942ca5830571ede162fd84f7e5d6463c914f83762de1bd89306711414c3f923,$,,9942ca5830571ede162fd84f7e5d6463c914f83762de1bd89306711414c3f923,9942ca5830571ede162fd84f7e5d6463c914f83762de1bd89306711414c3f923,"{""basis"":""ordered nested-math atom; exact symbolic replay"",""kind"":""source-target-formula-map""}"
1.1.0,formula,O007-FREMLIN-V2-S233-FORMULA-0392,O007-FREMLIN-V2-S233,O007-RIGHTS-FREMLIN-DSL,O007-FREMLIN-V2-S233-SEG-233H,392,233H,233H,466,480,19097,19312,20423,20634,"\eqalign{\phi(q)+b_q(x-q)
&=\phi(q)-b_q(q-x)
\ge\phi(q)-\Bover{\phi(y)-\phi(q)}{y-q}(q-x)\cr
&=\Bover{y-x}{y-q}\phi(q)-\Bover{q-x}{y-q}\phi(y)
\ge\Bover{y-x}{y-q}(\phi(x)+b(q-x))-\Bover{q-x}{y-q}\phi(y).\cr}","\eqalign{\phi(q)+b_q(x-q)
&=\phi(q)-b_q(q-x)
\ge\phi(q)-\Bover{\phi(y)-\phi(q)}{y-q}(q-x)\cr
&=\Bover{y-x}{y-q}\phi(q)-\Bover{q-x}{y-q}\phi(y)
\ge\Bover{y-x}{y-q}(\phi(x)+b(q-x))-\Bover{q-x}{y-q}\phi(y).\cr}",250dfd7c8c4f65072469e9bf8eba24e3eb49fb73799e905b1fd30b7d8861d69e,c7666178dceba2b600d161a97126117b4d640eb0a02b664e3ec3bea5ffcc4fd5,19ec6743452b3b2bf228891a325b49c129c32aeb93f824b8ff6742f61dd85615,$$,,19ec6743452b3b2bf228891a325b49c129c32aeb93f824b8ff6742f61dd85615,19ec6743452b3b2bf228891a325b49c129c32aeb93f824b8ff6742f61dd85615,"{""basis"":""ordered nested-math atom; exact symbolic replay"",""kind"":""source-target-formula-map""}"
1.1.0,formula,O007-FREMLIN-V2-S233-FORMULA-0393,O007-FREMLIN-V2-S233,O007-RIGHTS-FREMLIN-DSL,O007-FREMLIN-V2-S233-SEG-233H,393,233H,233H,475,489,19335,19648,20657,20964,"\eqalign{\phi(x)
&=\lim_{q\downarrow x}
   \Bover{y-x}{y-q}(\phi(x)+b(q-x))-\Bover{q-x}{y-q}\phi(y)\cr
&\le\sup_{q\in\Bbb Q\cap\ooint{x,y}}
   \Bover{y-x}{y-q}(\phi(x)+b(q-x))-\Bover{q-x}{y-q}\phi(y)\cr
&\le\sup_{q\in\Bbb Q\cap\ooint{x,y}}\phi(q)+b_q(x-q)
\le\sup_{q\in\Bbb Q\cap I}\phi(q)+b_q(x-q).\cr}","\eqalign{\phi(x)
&=\lim_{q\downarrow x}
   \Bover{y-x}{y-q}(\phi(x)+b(q-x))-\Bover{q-x}{y-q}\phi(y)\cr
&\le\sup_{q\in\Bbb Q\cap\ooint{x,y}}
   \Bover{y-x}{y-q}(\phi(x)+b(q-x))-\Bover{q-x}{y-q}\phi(y)\cr
&\le\sup_{q\in\Bbb Q\cap\ooint{x,y}}\phi(q)+b_q(x-q)
\le\sup_{q\in\Bbb Q\cap I}\phi(q)+b_q(x-q).\cr}",63b3b0b4e51255b0053a342f27b7cf8d1e93968e6f4e5560a5fc9c3fcb30664e,279e4c14b54864b21f9680347dd7631684cbd89af0f6c6fae069c5a71405d3f6,fe474a969bd085af7a3f69868819a734a334a1b02bded95eeca9703ddcbaf2c1,$$,,fe474a969bd085af7a3f69868819a734a334a1b02bded95eeca9703ddcbaf2c1,fe474a969bd085af7a3f69868819a734a334a1b02bded95eeca9703ddcbaf2c1,"{""basis"":""ordered nested-math atom; exact symbolic replay"",""kind"":""source-target-formula-map""}"
1.1.0,formula,O007-FREMLIN-V2-S233-FORMULA-0394,O007-FREMLIN-V2-S233,O007-RIGHTS-FREMLIN-DSL,O007-FREMLIN-V2-S233-SEG-233H,394,233H,233H,485,499,19682,19710,21004,21032,\phi_q(x)=\phi(q)+b_q(x-q),\phi_q(x)=\phi(q)+b_q(x-q),0c69a1b14ac1b6eb12ce895a16b7ff335a3bf677a1f4870c4f685a673293cad5,0c69a1b14ac1b6eb12ce895a16b7ff335a3bf677a1f4870c4f685a673293cad5,0c69a1b14ac1b6eb12ce895a16b7ff335a3bf677a1f4870c4f685a673293cad5,$,,0c69a1b14ac1b6eb12ce895a16b7ff335a3bf677a1f4870c4f685a673293cad5,0c69a1b14ac1b6eb12ce895a16b7ff335a3bf677a1f4870c4f685a673293cad5,"{""basis"":""ordered nested-math atom; exact symbolic replay"",""kind"":""source-target-formula-map""}"
1.1.0,formula,O007-FREMLIN-V2-S233-FORMULA-0395,O007-FREMLIN-V2-S233,O007-RIGHTS-FREMLIN-DSL,O007-FREMLIN-V2-S233-SEG-233H,395,233H,233H,486,500,19723,19741,21046,21064,q\in\Bbb Q\cap I,q\in\Bbb Q\cap I,51e04802afd715a83166f2626e3c49740ed165f2a05fa8d5b943c4de3db9713c,51e04802afd715a83166f2626e3c49740ed165f2a05fa8d5b943c4de3db9713c,ff228dd7810eee74f75dad62c481580f7953eb0ee1fda86ac19e13ea7571661d,$,,ff228dd7810eee74f75dad62c481580f7953eb0ee1fda86ac19e13ea7571661d,ff228dd7810eee74f75dad62c481580f7953eb0ee1fda86ac19e13ea7571661d,"{""basis"":""ordered nested-math atom; exact symbolic replay"",""kind"":""source-target-formula-map""}"
1.1.0,formula,O007-FREMLIN-V2-S233-FORMULA-0396,O007-FREMLIN-V2-S233,O007-RIGHTS-FREMLIN-DSL,O007-FREMLIN-V2-S233-SEG-233H,396,233H,233H,486,500,19749,19757,21073,21081,\phi_q,\phi_q,b47bc3a4cdc7a896dade45f2b526dc4eacc5effa722f0b73aab630c51abd5551,b47bc3a4cdc7a896dade45f2b526dc4eacc5effa722f0b73aab630c51abd5551,b47bc3a4cdc7a896dade45f2b526dc4eacc5effa722f0b73aab630c51abd5551,$,,b47bc3a4cdc7a896dade45f2b526dc4eacc5effa722f0b73aab630c51abd5551,b47bc3a4cdc7a896dade45f2b526dc4eacc5effa722f0b73aab630c51abd5551,"{""basis"":""ordered nested-math atom; exact symbolic replay"",""kind"":""source-target-formula-map""}"
1.1.0,formula,O007-FREMLIN-V2-S233-FORMULA-0397,O007-FREMLIN-V2-S233,O007-RIGHTS-FREMLIN-DSL,O007-FREMLIN-V2-S233-SEG-233H,397,233H,233H,487,501,19796,19832,21118,21154,\phi=\sup_{q\in I\cap\Bbb Q}\phi_q,\phi=\sup_{q\in I\cap\Bbb Q}\phi_q,525e0a8806a455c2d724e07d31c0004dba68c5a173931570ac0acb905e0915b6,525e0a8806a455c2d724e07d31c0004dba68c5a173931570ac0acb905e0915b6,e67a19496f68e81fb63dbb4143094404685fe53f31ad6c27635ac89b1e5dd74e,$,,e67a19496f68e81fb63dbb4143094404685fe53f31ad6c27635ac89b1e5dd74e,e67a19496f68e81fb63dbb4143094404685fe53f31ad6c27635ac89b1e5dd74e,"{""basis"":""ordered nested-math atom; exact symbolic replay"",""kind"":""source-target-formula-map""}"
1.1.0,formula,O007-FREMLIN-V2-S233-FORMULA-0398,O007-FREMLIN-V2-S233,O007-RIGHTS-FREMLIN-DSL,O007-FREMLIN-V2-S233-SEG-233I,398,233I,233I,491,505,19994,20010,21321,21337,"(X,\Sigma,\mu)","(X,\Sigma,\mu)",05e9b769403b4c7926a944d5aaa03f00bb216412bc3f850e41b3c28de657aa67,05e9b769403b4c7926a944d5aaa03f00bb216412bc3f850e41b3c28de657aa67,05e9b769403b4c7926a944d5aaa03f00bb216412bc3f850e41b3c28de657aa67,$,,05e9b769403b4c7926a944d5aaa03f00bb216412bc3f850e41b3c28de657aa67,05e9b769403b4c7926a944d5aaa03f00bb216412bc3f850e41b3c28de657aa67,"{""basis"":""ordered nested-math atom; exact symbolic replay"",""kind"":""source-target-formula-map""}"
1.1.0,formula,O007-FREMLIN-V2-S233-FORMULA-0399,O007-FREMLIN-V2-S233,O007-RIGHTS-FREMLIN-DSL,O007-FREMLIN-V2-S233-SEG-233I,399,233I,233I,492,506,20035,20057,21359,21381,\phi:\Bbb R\to\Bbb R,\phi:\Bbb R\to\Bbb R,7558c1100a43923b09c4f131b1bcc4708f0357b4228e05a92679506a9561f6fb,7558c1100a43923b09c4f131b1bcc4708f0357b4228e05a92679506a9561f6fb,b627b563eaff94fe1ae4e8bca7546451a443d7dd2896e2773c1eda47d687668f,$,,b627b563eaff94fe1ae4e8bca7546451a443d7dd2896e2773c1eda47d687668f,b627b563eaff94fe1ae4e8bca7546451a443d7dd2896e2773c1eda47d687668f,"{""basis"":""ordered nested-math atom; exact symbolic replay"",""kind"":""source-target-formula-map""}"
1.1.0,formula,O007-FREMLIN-V2-S233-FORMULA-0400,O007-FREMLIN-V2-S233,O007-RIGHTS-FREMLIN-DSL,O007-FREMLIN-V2-S233-SEG-233I,400,233I,233I,494,508,20097,20100,21418,21421,f,f,252f10c83610ebca1a059c0bae8255eba2f95be4d1d7bcfa89d7248a82d9f111,252f10c83610ebca1a059c0bae8255eba2f95be4d1d7bcfa89d7248a82d9f111,252f10c83610ebca1a059c0bae8255eba2f95be4d1d7bcfa89d7248a82d9f111,$,,252f10c83610ebca1a059c0bae8255eba2f95be4d1d7bcfa89d7248a82d9f111,252f10c83610ebca1a059c0bae8255eba2f95be4d1d7bcfa89d7248a82d9f111,"{""basis"":""ordered nested-math atom; exact symbolic replay"",""kind"":""source-target-formula-map""}"
1.1.0,formula,O007-FREMLIN-V2-S233-FORMULA-0401,O007-FREMLIN-V2-S233,O007-RIGHTS-FREMLIN-DSL,O007-FREMLIN-V2-S233-SEG-233I,401,233I,233I,494,508,20105,20108,21426,21429,g,g,cd0aa9856147b6c5b4ff2b7dfee5da20aa38253099ef1b4a64aced233c9afe29,cd0aa9856147b6c5b4ff2b7dfee5da20aa38253099ef1b4a64aced233c9afe29,cd0aa9856147b6c5b4ff2b7dfee5da20aa38253099ef1b4a64aced233c9afe29,$,,cd0aa9856147b6c5b4ff2b7dfee5da20aa38253099ef1b4a64aced233c9afe29,cd0aa9856147b6c5b4ff2b7dfee5da20aa38253099ef1b4a64aced233c9afe29,"{""basis"":""ordered nested-math atom; exact symbolic replay"",""kind"":""source-target-formula-map""}"
1.1.0,formula,O007-FREMLIN-V2-S233-FORMULA-0402,O007-FREMLIN-V2-S233,O007-RIGHTS-FREMLIN-DSL,O007-FREMLIN-V2-S233-SEG-233I,402,233I,233I,494,509,20125,20130,21488,21493,\mu,\mu,492247e1bab15272d1e53b8015c042bf6fa0cb8f23ec52cad93d6ba80dafb804,492247e1bab15272d1e53b8015c042bf6fa0cb8f23ec52cad93d6ba80dafb804,492247e1bab15272d1e53b8015c042bf6fa0cb8f23ec52cad93d6ba80dafb804,$,,492247e1bab15272d1e53b8015c042bf6fa0cb8f23ec52cad93d6ba80dafb804,492247e1bab15272d1e53b8015c042bf6fa0cb8f23ec52cad93d6ba80dafb804,"{""basis"":""ordered nested-math atom; exact symbolic replay"",""kind"":""source-target-formula-map""}"
1.1.0,formula,O007-FREMLIN-V2-S233-FORMULA-0403,O007-FREMLIN-V2-S233,O007-RIGHTS-FREMLIN-DSL,O007-FREMLIN-V2-S233-SEG-233I,403,233I,233I,495,509,20192,20195,21538,21541,X,X,4b68ab3847feda7d6c62c1fbcbeebfa35eab7351ed5e78f4ddadea5df64b8015,4b68ab3847feda7d6c62c1fbcbeebfa35eab7351ed5e78f4ddadea5df64b8015,4b68ab3847feda7d6c62c1fbcbeebfa35eab7351ed5e78f4ddadea5df64b8015,$,,4b68ab3847feda7d6c62c1fbcbeebfa35eab7351ed5e78f4ddadea5df64b8015,4b68ab3847feda7d6c62c1fbcbeebfa35eab7351ed5e78f4ddadea5df64b8015,"{""basis"":""ordered nested-math atom; exact symbolic replay"",""kind"":""source-target-formula-map""}"
1.1.0,formula,O007-FREMLIN-V2-S233-FORMULA-0404,O007-FREMLIN-V2-S233,O007-RIGHTS-FREMLIN-DSL,O007-FREMLIN-V2-S233-SEG-233I,404,233I,233I,496,510,20207,20215,21549,21557,g\ge 0,g\ge 0,6edfb11ab89b0361295b4630985935d183289b216c1ace5af06a672382b0d72d,6edfb11ab89b0361295b4630985935d183289b216c1ace5af06a672382b0d72d,1c4053c977ce2fa596f31a597ff76800ae7cea725a06b78533a8d760e4cfd20b,$,,1c4053c977ce2fa596f31a597ff76800ae7cea725a06b78533a8d760e4cfd20b,1c4053c977ce2fa596f31a597ff76800ae7cea725a06b78533a8d760e4cfd20b,"{""basis"":""ordered nested-math atom; exact symbolic replay"",""kind"":""source-target-formula-map""}"
1.1.0,formula,O007-FREMLIN-V2-S233-FORMULA-0405,O007-FREMLIN-V2-S233,O007-RIGHTS-FREMLIN-DSL,O007-FREMLIN-V2-S233-SEG-233I,405,233I,233I,497,510,20236,20246,21579,21589,\int g=1,\int g=1,6b75569d6e00d07fb9a947c9eaff99b30b74dae45f25840f422196035447a952,6b75569d6e00d07fb9a947c9eaff99b30b74dae45f25840f422196035447a952,dcaf06073088d68fa914737089f2908a66db010357e6019f37e9ad0218584fd7,$,,dcaf06073088d68fa914737089f2908a66db010357e6019f37e9ad0218584fd7,dcaf06073088d68fa914737089f2908a66db010357e6019f37e9ad0218584fd7,"{""basis"":""ordered nested-math atom; exact symbolic replay"",""kind"":""source-target-formula-map""}"
1.1.0,formula,O007-FREMLIN-V2-S233-FORMULA-0406,O007-FREMLIN-V2-S233,O007-RIGHTS-FREMLIN-DSL,O007-FREMLIN-V2-S233-SEG-233I,406,233I,233I,497,510,20251,20262,21595,21606,g\times f,g\times f,7a52c40c5423118bb08ef82250985a31e2c8c4b2b9c35d1d7df25b89ba551e6a,7a52c40c5423118bb08ef82250985a31e2c8c4b2b9c35d1d7df25b89ba551e6a,2d12c1f613e18c5945c2da8219f70859850587f29561b871808d9563883c05fb,$,,2d12c1f613e18c5945c2da8219f70859850587f29561b871808d9563883c05fb,2d12c1f613e18c5945c2da8219f70859850587f29561b871808d9563883c05fb,"{""basis"":""ordered nested-math atom; exact symbolic replay"",""kind"":""source-target-formula-map""}"
1.1.0,formula,O007-FREMLIN-V2-S233-FORMULA-0407,O007-FREMLIN-V2-S233,O007-RIGHTS-FREMLIN-DSL,O007-FREMLIN-V2-S233-SEG-233I,407,233I,233I,498,511,20286,20329,21628,21671,\phi(\int g\times f)\le\int g\times\phi f,\phi(\int g\times f)\le\int g\times\phi f,335dc116cdd5c37233b8d264b41bbefb8aa9969b846c5f124b89633ee59a4003,335dc116cdd5c37233b8d264b41bbefb8aa9969b846c5f124b89633ee59a4003,8a628b81f44aceacae9f617c7e9c9a690bdd35206c8659642fb9eb1958ba031d,$,,8a628b81f44aceacae9f617c7e9c9a690bdd35206c8659642fb9eb1958ba031d,8a628b81f44aceacae9f617c7e9c9a690bdd35206c8659642fb9eb1958ba031d,"{""basis"":""ordered nested-math atom; exact symbolic replay"",""kind"":""source-target-formula-map""}"
1.1.0,formula,O007-FREMLIN-V2-S233-FORMULA-0408,O007-FREMLIN-V2-S233,O007-RIGHTS-FREMLIN-DSL,O007-FREMLIN-V2-S233-SEG-233I,408,233I,233I,500,512,20391,20399,21737,21745,\infty,\infty,db8e84427c2e1e02f2b2c74d337ab8d69d80cbb28224cd7f85e0174f1f5ed5c7,db8e84427c2e1e02f2b2c74d337ab8d69d80cbb28224cd7f85e0174f1f5ed5c7,db8e84427c2e1e02f2b2c74d337ab8d69d80cbb28224cd7f85e0174f1f5ed5c7,$,,db8e84427c2e1e02f2b2c74d337ab8d69d80cbb28224cd7f85e0174f1f5ed5c7,db8e84427c2e1e02f2b2c74d337ab8d69d80cbb28224cd7f85e0174f1f5ed5c7,"{""basis"":""ordered nested-math atom; exact symbolic replay"",""kind"":""source-target-formula-map""}"
1.1.0,formula,O007-FREMLIN-V2-S233-FORMULA-0409,O007-FREMLIN-V2-S233,O007-RIGHTS-FREMLIN-DSL,O007-FREMLIN-V2-S233-SEG-233I,409,233I,233I,502,514,20426,20435,21768,21777,\mu X=1,\mu X=1,e30eff361260242f6cee39f0c58364ff5ceb0a0e8196a71ba7f17838d6794655,e30eff361260242f6cee39f0c58364ff5ceb0a0e8196a71ba7f17838d6794655,d02b47a80259cb904f45d713bac15e15f65143902fea1bfaac3f93c0f86cfdd0,$,,d02b47a80259cb904f45d713bac15e15f65143902fea1bfaac3f93c0f86cfdd0,d02b47a80259cb904f45d713bac15e15f65143902fea1bfaac3f93c0f86cfdd0,"{""basis"":""ordered nested-math atom; exact symbolic replay"",""kind"":""source-target-formula-map""}"
1.1.0,formula,O007-FREMLIN-V2-S233-FORMULA-0410,O007-FREMLIN-V2-S233,O007-RIGHTS-FREMLIN-DSL,O007-FREMLIN-V2-S233-SEG-233I,410,233I,233I,502,514,20440,20443,21782,21785,f,f,252f10c83610ebca1a059c0bae8255eba2f95be4d1d7bcfa89d7248a82d9f111,252f10c83610ebca1a059c0bae8255eba2f95be4d1d7bcfa89d7248a82d9f111,252f10c83610ebca1a059c0bae8255eba2f95be4d1d7bcfa89d7248a82d9f111,$,,252f10c83610ebca1a059c0bae8255eba2f95be4d1d7bcfa89d7248a82d9f111,252f10c83610ebca1a059c0bae8255eba2f95be4d1d7bcfa89d7248a82d9f111,"{""basis"":""ordered nested-math atom; exact symbolic replay"",""kind"":""source-target-formula-map""}"
1.1.0,formula,O007-FREMLIN-V2-S233-FORMULA-0411,O007-FREMLIN-V2-S233,O007-RIGHTS-FREMLIN-DSL,O007-FREMLIN-V2-S233-SEG-233I,411,233I,233I,503,515,20496,20499,21838,21841,X,X,4b68ab3847feda7d6c62c1fbcbeebfa35eab7351ed5e78f4ddadea5df64b8015,4b68ab3847feda7d6c62c1fbcbeebfa35eab7351ed5e78f4ddadea5df64b8015,4b68ab3847feda7d6c62c1fbcbeebfa35eab7351ed5e78f4ddadea5df64b8015,$,,4b68ab3847feda7d6c62c1fbcbeebfa35eab7351ed5e78f4ddadea5df64b8015,4b68ab3847feda7d6c62c1fbcbeebfa35eab7351ed5e78f4ddadea5df64b8015,"{""basis"":""ordered nested-math atom; exact symbolic replay"",""kind"":""source-target-formula-map""}"
1.1.0,formula,O007-FREMLIN-V2-S233-FORMULA-0412,O007-FREMLIN-V2-S233,O007-RIGHTS-FREMLIN-DSL,O007-FREMLIN-V2-S233-SEG-233I,412,233I,233I,503,515,20506,20533,21848,21875,\phi(\int f)\le\int\phi f,\phi(\int f)\le\int\phi f,38779a1cf91b8282a10c5f902d68f7a8bde38878aa4e3f932a7b15e866a69d11,38779a1cf91b8282a10c5f902d68f7a8bde38878aa4e3f932a7b15e866a69d11,1a252625c7c8fa35ac30beb20e47b01008c1ca8efd55f9f77975767f6956a428,$,,1a252625c7c8fa35ac30beb20e47b01008c1ca8efd55f9f77975767f6956a428,1a252625c7c8fa35ac30beb20e47b01008c1ca8efd55f9f77975767f6956a428,"{""basis"":""ordered nested-math atom; exact symbolic replay"",""kind"":""source-target-formula-map""}"
1.1.0,formula,O007-FREMLIN-V2-S233-FORMULA-0413,O007-FREMLIN-V2-S233,O007-RIGHTS-FREMLIN-DSL,O007-FREMLIN-V2-S233-SEG-233I,413,233I,233I,505,517,20564,20576,21908,21920,q\in\Bbb Q,q\in\Bbb Q,b2d53b72f8212323ba1eb1c5dfae817e6163755336844a75601a5e57ebd1fe45,b2d53b72f8212323ba1eb1c5dfae817e6163755336844a75601a5e57ebd1fe45,b6c2391330e2749fd48307c5e2335fcc5e25855d87905d447a3df38bcd2eea49,$,,b6c2391330e2749fd48307c5e2335fcc5e25855d87905d447a3df38bcd2eea49,b6c2391330e2749fd48307c5e2335fcc5e25855d87905d447a3df38bcd2eea49,"{""basis"":""ordered nested-math atom; exact symbolic replay"",""kind"":""source-target-formula-map""}"
1.1.0,formula,O007-FREMLIN-V2-S233-FORMULA-0414,O007-FREMLIN-V2-S233,O007-RIGHTS-FREMLIN-DSL,O007-FREMLIN-V2-S233-SEG-233I,414,233I,233I,505,517,20582,20587,21928,21933,b_q,b_q,9c51d8969a601c9b369d8c770823e84aa2408c5ec0bbba0820becb26454d4cef,9c51d8969a601c9b369d8c770823e84aa2408c5ec0bbba0820becb26454d4cef,9c51d8969a601c9b369d8c770823e84aa2408c5ec0bbba0820becb26454d4cef,$,,9c51d8969a601c9b369d8c770823e84aa2408c5ec0bbba0820becb26454d4cef,9c51d8969a601c9b369d8c770823e84aa2408c5ec0bbba0820becb26454d4cef,"{""basis"":""ordered nested-math atom; exact symbolic replay"",""kind"":""source-target-formula-map""}"
1.1.0,formula,O007-FREMLIN-V2-S233-FORMULA-0415,O007-FREMLIN-V2-S233,O007-RIGHTS-FREMLIN-DSL,O007-FREMLIN-V2-S233-SEG-233I,415,233I,233I,506,518,20599,20637,21954,21992,\phi(t)\ge\phi_q(t)=\phi(q)+b_q(t-q),\phi(t)\ge\phi_q(t)=\phi(q)+b_q(t-q),260f0b335f9af8c2a2f7ed8915fd176a151d86212d0734de8a30e528639612f9,260f0b335f9af8c2a2f7ed8915fd176a151d86212d0734de8a30e528639612f9,260f0b335f9af8c2a2f7ed8915fd176a151d86212d0734de8a30e528639612f9,$,,260f0b335f9af8c2a2f7ed8915fd176a151d86212d0734de8a30e528639612f9,260f0b335f9af8c2a2f7ed8915fd176a151d86212d0734de8a30e528639612f9,"{""basis"":""ordered nested-math atom; exact symbolic replay"",""kind"":""source-target-formula-map""}"
1.1.0,formula,O007-FREMLIN-V2-S233-FORMULA-0416,O007-FREMLIN-V2-S233,O007-RIGHTS-FREMLIN-DSL,O007-FREMLIN-V2-S233-SEG-233I,416,233I,233I,506,519,20648,20660,22006,22018,t\in\Bbb R,t\in\Bbb R,ab23ac246e3c8b11a3d5e5c2835144f6700cca85e4cbac01da82da6bd6b979c4,ab23ac246e3c8b11a3d5e5c2835144f6700cca85e4cbac01da82da6bd6b979c4,4d96d6348520e31cdaafe6336c09e8c835c1835c543ef16efaaff1871757b1bc,$,,4d96d6348520e31cdaafe6336c09e8c835c1835c543ef16efaaff1871757b1bc,4d96d6348520e31cdaafe6336c09e8c835c1835c543ef16efaaff1871757b1bc,"{""basis"":""ordered nested-math atom; exact symbolic replay"",""kind"":""source-target-formula-map""}"
1.1.0,formula,O007-FREMLIN-V2-S233-FORMULA-0417,O007-FREMLIN-V2-S233,O007-RIGHTS-FREMLIN-DSL,O007-FREMLIN-V2-S233-SEG-233I,417,233I,233I,507,519,20679,20685,22035,22041,\phi,\phi,10ce0200b450ea955833553e717821c7721818b8a95cffd7e54b46e08918b512,10ce0200b450ea955833553e717821c7721818b8a95cffd7e54b46e08918b512,10ce0200b450ea955833553e717821c7721818b8a95cffd7e54b46e08918b512,$,,10ce0200b450ea955833553e717821c7721818b8a95cffd7e54b46e08918b512,10ce0200b450ea955833553e717821c7721818b8a95cffd7e54b46e08918b512,"{""basis"":""ordered nested-math atom; exact symbolic replay"",""kind"":""source-target-formula-map""}"
1.1.0,formula,O007-FREMLIN-V2-S233-FORMULA-0418,O007-FREMLIN-V2-S233,O007-RIGHTS-FREMLIN-DSL,O007-FREMLIN-V2-S233-SEG-233I,418,233I,233I,507,519,20715,20723,22065,22073,\phi f,\phi f,a91431eb03c4941bc8b84ecb18c254f99523b33d1a31a278f55d4bf4eb440c4e,a91431eb03c4941bc8b84ecb18c254f99523b33d1a31a278f55d4bf4eb440c4e,b739293c2511647cf4d34aee5ae4a41072ff57fdf94f957b86425e4ce31e2474,$,,b739293c2511647cf4d34aee5ae4a41072ff57fdf94f957b86425e4ce31e2474,b739293c2511647cf4d34aee5ae4a41072ff57fdf94f957b86425e4ce31e2474,"{""basis"":""ordered nested-math atom; exact symbolic replay"",""kind"":""source-target-formula-map""}"
1.1.0,formula,O007-FREMLIN-V2-S233-FORMULA-0419,O007-FREMLIN-V2-S233,O007-RIGHTS-FREMLIN-DSL,O007-FREMLIN-V2-S233-SEG-233I,419,233I,233I,507,520,20727,20732,22106,22111,\mu,\mu,492247e1bab15272d1e53b8015c042bf6fa0cb8f23ec52cad93d6ba80dafb804,492247e1bab15272d1e53b8015c042bf6fa0cb8f23ec52cad93d6ba80dafb804,492247e1bab15272d1e53b8015c042bf6fa0cb8f23ec52cad93d6ba80dafb804,$,,492247e1bab15272d1e53b8015c042bf6fa0cb8f23ec52cad93d6ba80dafb804,492247e1bab15272d1e53b8015c042bf6fa0cb8f23ec52cad93d6ba80dafb804,"{""basis"":""ordered nested-math atom; exact symbolic replay"",""kind"":""source-target-formula-map""}"
1.1.0,formula,O007-FREMLIN-V2-S233-FORMULA-0420,O007-FREMLIN-V2-S233,O007-RIGHTS-FREMLIN-DSL,O007-FREMLIN-V2-S233-SEG-233I,420,233I,233I,508,520,20766,20781,22129,22144,g\times\phi f,g\times\phi f,1d464d613d81263f8df4c137e012868eeac9f5f74f4e8b4ba12e73b9a2f80ebf,1d464d613d81263f8df4c137e012868eeac9f5f74f4e8b4ba12e73b9a2f80ebf,d35034eb217f8f5239cf12882039cd009b12b4c0baed7f7a24e929f128d9a762,$,,d35034eb217f8f5239cf12882039cd009b12b4c0baed7f7a24e929f128d9a762,d35034eb217f8f5239cf12882039cd009b12b4c0baed7f7a24e929f128d9a762,"{""basis"":""ordered nested-math atom; exact symbolic replay"",""kind"":""source-target-formula-map""}"
1.1.0,formula,O007-FREMLIN-V2-S233-FORMULA-0421,O007-FREMLIN-V2-S233,O007-RIGHTS-FREMLIN-DSL,O007-FREMLIN-V2-S233-SEG-233I,421,233I,233I,508,521,20799,20814,22167,22182,g\times\phi f,g\times\phi f,1d464d613d81263f8df4c137e012868eeac9f5f74f4e8b4ba12e73b9a2f80ebf,1d464d613d81263f8df4c137e012868eeac9f5f74f4e8b4ba12e73b9a2f80ebf,d35034eb217f8f5239cf12882039cd009b12b4c0baed7f7a24e929f128d9a762,$,,d35034eb217f8f5239cf12882039cd009b12b4c0baed7f7a24e929f128d9a762,d35034eb217f8f5239cf12882039cd009b12b4c0baed7f7a24e929f128d9a762,"{""basis"":""ordered nested-math atom; exact symbolic replay"",""kind"":""source-target-formula-map""}"
1.1.0,formula,O007-FREMLIN-V2-S233-FORMULA-0422,O007-FREMLIN-V2-S233,O007-RIGHTS-FREMLIN-DSL,O007-FREMLIN-V2-S233-SEG-233I,422,233I,233I,510,523,20917,20933,22299,22315,g\times\phi_0f,g\times\phi_0f,c3c49a837fbef009c46ac1961f534bfb329035f9880614d67ad1a4c55b889831,c3c49a837fbef009c46ac1961f534bfb329035f9880614d67ad1a4c55b889831,c3c49a837fbef009c46ac1961f534bfb329035f9880614d67ad1a4c55b889831,$,,c3c49a837fbef009c46ac1961f534bfb329035f9880614d67ad1a4c55b889831,c3c49a837fbef009c46ac1961f534bfb329035f9880614d67ad1a4c55b889831,"{""basis"":""ordered nested-math atom; exact symbolic replay"",""kind"":""source-target-formula-map""}"
1.1.0,formula,O007-FREMLIN-V2-S233-FORMULA-0423,O007-FREMLIN-V2-S233,O007-RIGHTS-FREMLIN-DSL,O007-FREMLIN-V2-S233-SEG-233I,423,233I,233I,510,523,20935,20955,22317,22337,\int g\times\phi f,\int g\times\phi f,6fcf1a9561b3c42d36c1bc196dcf1e09237c09b1dbf098cf9c252f143e94b019,6fcf1a9561b3c42d36c1bc196dcf1e09237c09b1dbf098cf9c252f143e94b019,0f74fe039567650c2a524ff8fdf4bb1666c6aca478306102aa33200a894ab93a,$,,0f74fe039567650c2a524ff8fdf4bb1666c6aca478306102aa33200a894ab93a,0f74fe039567650c2a524ff8fdf4bb1666c6aca478306102aa33200a894ab93a,"{""basis"":""ordered nested-math atom; exact symbolic replay"",""kind"":""source-target-formula-map""}"
1.1.0,formula,O007-FREMLIN-V2-S233-FORMULA-0424,O007-FREMLIN-V2-S233,O007-RIGHTS-FREMLIN-DSL,O007-FREMLIN-V2-S233-SEG-233I,424,233I,233I,511,524,20971,20995,22356,22380,"\ocint{-\infty,\infty}","\ocint{-\infty,\infty}",cb1920a89d945993636cead7a3b4099754058d211f119b2c69d285e740c46e8d,cb1920a89d945993636cead7a3b4099754058d211f119b2c69d285e740c46e8d,cb1920a89d945993636cead7a3b4099754058d211f119b2c69d285e740c46e8d,$,,cb1920a89d945993636cead7a3b4099754058d211f119b2c69d285e740c46e8d,cb1920a89d945993636cead7a3b4099754058d211f119b2c69d285e740c46e8d,"{""basis"":""ordered nested-math atom; exact symbolic replay"",""kind"":""source-target-formula-map""}"
1.1.0,formula,O007-FREMLIN-V2-S233-FORMULA-0425,O007-FREMLIN-V2-S233,O007-RIGHTS-FREMLIN-DSL,O007-FREMLIN-V2-S233-SEG-233I,425,233I,233I,513,526,21006,21183,22392,22565,"\eqalign{\phi_q\bigl(\intop g\times f\bigr)
&=\phi(q)+b_q\int g\times f-b_qq\cr
&=\int g\times(b_qf+(\phi(q)-b_qq)\chi X)
=\int g\times\phi_qf
\le\int g\times\phi f,\cr}","\eqalign{\phi_q\bigl(\intop g\times f\bigr)
&=\phi(q)+b_q\int g\times f-b_qq\cr
&=\int g\times(b_qf+(\phi(q)-b_qq)\chi X)
=\int g\times\phi_qf
\le\int g\times\phi f,\cr}",9e2b16a76d36273d44a12c10b4098657efe47137eb11818bd152eb68f31e0f88,cd497c879a529fca1c0b9d2cdf1604b2ed1e14641363505440b5354015ce635a,d0ca480a87f154415caf991d07efe3ed1439169190a775c7cbe1e1a864b568c2,$$,,d0ca480a87f154415caf991d07efe3ed1439169190a775c7cbe1e1a864b568c2,d0ca480a87f154415caf991d07efe3ed1439169190a775c7cbe1e1a864b568c2,"{""basis"":""ordered nested-math atom; exact symbolic replay"",""kind"":""source-target-formula-map""}"
1.1.0,formula,O007-FREMLIN-V2-S233-FORMULA-0426,O007-FREMLIN-V2-S233,O007-RIGHTS-FREMLIN-DSL,O007-FREMLIN-V2-S233-SEG-233I,426,233I,233I,519,532,21205,21215,22584,22594,\int g=1,\int g=1,6b75569d6e00d07fb9a947c9eaff99b30b74dae45f25840f422196035447a952,6b75569d6e00d07fb9a947c9eaff99b30b74dae45f25840f422196035447a952,dcaf06073088d68fa914737089f2908a66db010357e6019f37e9ad0218584fd7,$,,dcaf06073088d68fa914737089f2908a66db010357e6019f37e9ad0218584fd7,dcaf06073088d68fa914737089f2908a66db010357e6019f37e9ad0218584fd7,"{""basis"":""ordered nested-math atom; exact symbolic replay"",""kind"":""source-target-formula-map""}"
1.1.0,formula,O007-FREMLIN-V2-S233-FORMULA-0427,O007-FREMLIN-V2-S233,O007-RIGHTS-FREMLIN-DSL,O007-FREMLIN-V2-S233-SEG-233I,427,233I,233I,519,532,21220,21228,22599,22607,g\ge 0,g\ge 0,6edfb11ab89b0361295b4630985935d183289b216c1ace5af06a672382b0d72d,6edfb11ab89b0361295b4630985935d183289b216c1ace5af06a672382b0d72d,1c4053c977ce2fa596f31a597ff76800ae7cea725a06b78533a8d760e4cfd20b,$,,1c4053c977ce2fa596f31a597ff76800ae7cea725a06b78533a8d760e4cfd20b,1c4053c977ce2fa596f31a597ff76800ae7cea725a06b78533a8d760e4cfd20b,"{""basis"":""ordered nested-math atom; exact symbolic replay"",""kind"":""source-target-formula-map""}"
1.1.0,formula,O007-FREMLIN-V2-S233-FORMULA-0428,O007-FREMLIN-V2-S233,O007-RIGHTS-FREMLIN-DSL,O007-FREMLIN-V2-S233-SEG-233I,428,233I,233I,521,535,21261,21352,22657,22746,"\phi(\intop g\times f)
=\sup_{q\in\Bbb Q}\phi_q(\intop g\times f)
\le\int g\times\phi f","\phi(\intop g\times f)
=\sup_{q\in\Bbb Q}\phi_q(\intop g\times f)
\le\int g\times\phi f",9d491f55b637bd6bcbf9600792b707f3d8c9993a00bf3e81c7e286153bb531ff,4aff1a5f581cc0f74072cf58035e3bc3695a6d1d5bf03d4fd8b2d090933ba0f2,1fcb7a98ef9a7f3c6db4c72152317020c1ff721947e9afcbb349bbe1d481491b,$,,1fcb7a98ef9a7f3c6db4c72152317020c1ff721947e9afcbb349bbe1d481491b,1fcb7a98ef9a7f3c6db4c72152317020c1ff721947e9afcbb349bbe1d481491b,"{""basis"":""ordered nested-math atom; exact symbolic replay"",""kind"":""source-target-formula-map""}"
1.1.0,formula,O007-FREMLIN-V2-S233-FORMULA-0429,O007-FREMLIN-V2-S233,O007-RIGHTS-FREMLIN-DSL,O007-FREMLIN-V2-S233-SEG-233I,429,233I,233I,527,541,21385,21388,22776,22779,g,g,cd0aa9856147b6c5b4ff2b7dfee5da20aa38253099ef1b4a64aced233c9afe29,cd0aa9856147b6c5b4ff2b7dfee5da20aa38253099ef1b4a64aced233c9afe29,cd0aa9856147b6c5b4ff2b7dfee5da20aa38253099ef1b4a64aced233c9afe29,$,,cd0aa9856147b6c5b4ff2b7dfee5da20aa38253099ef1b4a64aced233c9afe29,cd0aa9856147b6c5b4ff2b7dfee5da20aa38253099ef1b4a64aced233c9afe29,"{""basis"":""ordered nested-math atom; exact symbolic replay"",""kind"":""source-target-formula-map""}"
1.1.0,formula,O007-FREMLIN-V2-S233-FORMULA-0430,O007-FREMLIN-V2-S233,O007-RIGHTS-FREMLIN-DSL,O007-FREMLIN-V2-S233-SEG-233I,430,233I,233I,527,541,21428,21431,22812,22815,1,1,6b86b273ff34fce19d6b804eff5a3f5747ada4eaa22f1d49c01e52ddb7875b4b,6b86b273ff34fce19d6b804eff5a3f5747ada4eaa22f1d49c01e52ddb7875b4b,6b86b273ff34fce19d6b804eff5a3f5747ada4eaa22f1d49c01e52ddb7875b4b,$,,6b86b273ff34fce19d6b804eff5a3f5747ada4eaa22f1d49c01e52ddb7875b4b,6b86b273ff34fce19d6b804eff5a3f5747ada4eaa22f1d49c01e52ddb7875b4b,"{""basis"":""ordered nested-math atom; exact symbolic replay"",""kind"":""source-target-formula-map""}"
1.1.0,formula,O007-FREMLIN-V2-S233-FORMULA-0431,O007-FREMLIN-V2-S233,O007-RIGHTS-FREMLIN-DSL,O007-FREMLIN-V2-S233-SEG-233J,431,233J,233J,535,549,21635,21651,23028,23044,"(X,\Sigma,\mu)","(X,\Sigma,\mu)",05e9b769403b4c7926a944d5aaa03f00bb216412bc3f850e41b3c28de657aa67,05e9b769403b4c7926a944d5aaa03f00bb216412bc3f850e41b3c28de657aa67,05e9b769403b4c7926a944d5aaa03f00bb216412bc3f850e41b3c28de657aa67,$,,05e9b769403b4c7926a944d5aaa03f00bb216412bc3f850e41b3c28de657aa67,05e9b769403b4c7926a944d5aaa03f00bb216412bc3f850e41b3c28de657aa67,"{""basis"":""ordered nested-math atom; exact symbolic replay"",""kind"":""source-target-formula-map""}"
1.1.0,formula,O007-FREMLIN-V2-S233-FORMULA-0432,O007-FREMLIN-V2-S233,O007-RIGHTS-FREMLIN-DSL,O007-FREMLIN-V2-S233-SEG-233J,432,233J,233J,536,550,21680,21686,23074,23080,\Tau,\Tau,a34699b8745d985590df162103fdf28f3ec3426d7f12ca80a1b9c6f87686099a,a34699b8745d985590df162103fdf28f3ec3426d7f12ca80a1b9c6f87686099a,a34699b8745d985590df162103fdf28f3ec3426d7f12ca80a1b9c6f87686099a,$,,a34699b8745d985590df162103fdf28f3ec3426d7f12ca80a1b9c6f87686099a,a34699b8745d985590df162103fdf28f3ec3426d7f12ca80a1b9c6f87686099a,"{""basis"":""ordered nested-math atom; exact symbolic replay"",""kind"":""source-target-formula-map""}"
1.1.0,formula,O007-FREMLIN-V2-S233-FORMULA-0433,O007-FREMLIN-V2-S233,O007-RIGHTS-FREMLIN-DSL,O007-FREMLIN-V2-S233-SEG-233J,433,233J,233J,536,550,21689,21697,23098,23106,\sigma,\sigma,9c3245dfb4ac54c1623a60e7b8d1fc07cb02eae1229435230c7dab5e71083a26,9c3245dfb4ac54c1623a60e7b8d1fc07cb02eae1229435230c7dab5e71083a26,9c3245dfb4ac54c1623a60e7b8d1fc07cb02eae1229435230c7dab5e71083a26,$,,9c3245dfb4ac54c1623a60e7b8d1fc07cb02eae1229435230c7dab5e71083a26,9c3245dfb4ac54c1623a60e7b8d1fc07cb02eae1229435230c7dab5e71083a26,"{""basis"":""ordered nested-math atom; exact symbolic replay"",""kind"":""source-target-formula-map""}"
1.1.0,formula,O007-FREMLIN-V2-S233-FORMULA-0434,O007-FREMLIN-V2-S233,O007-RIGHTS-FREMLIN-DSL,O007-FREMLIN-V2-S233-SEG-233J,434,233J,233J,536,550,21712,21720,23112,23120,\Sigma,\Sigma,d65d75b1e6562713a3936bb38fdfe6832fb5b96c946de58f7ce0992057665aa8,d65d75b1e6562713a3936bb38fdfe6832fb5b96c946de58f7ce0992057665aa8,d65d75b1e6562713a3936bb38fdfe6832fb5b96c946de58f7ce0992057665aa8,$,,d65d75b1e6562713a3936bb38fdfe6832fb5b96c946de58f7ce0992057665aa8,d65d75b1e6562713a3936bb38fdfe6832fb5b96c946de58f7ce0992057665aa8,"{""basis"":""ordered nested-math atom; exact symbolic replay"",""kind"":""source-target-formula-map""}"
1.1.0,formula,O007-FREMLIN-V2-S233-FORMULA-0435,O007-FREMLIN-V2-S233,O007-RIGHTS-FREMLIN-DSL,O007-FREMLIN-V2-S233-SEG-233J,435,233J,233J,537,551,21729,21751,23131,23153,\phi:\Bbb R\to\Bbb R,\phi:\Bbb R\to\Bbb R,7558c1100a43923b09c4f131b1bcc4708f0357b4228e05a92679506a9561f6fb,7558c1100a43923b09c4f131b1bcc4708f0357b4228e05a92679506a9561f6fb,b627b563eaff94fe1ae4e8bca7546451a443d7dd2896e2773c1eda47d687668f,$,,b627b563eaff94fe1ae4e8bca7546451a443d7dd2896e2773c1eda47d687668f,b627b563eaff94fe1ae4e8bca7546451a443d7dd2896e2773c1eda47d687668f,"{""basis"":""ordered nested-math atom; exact symbolic replay"",""kind"":""source-target-formula-map""}"
1.1.0,formula,O007-FREMLIN-V2-S233-FORMULA-0436,O007-FREMLIN-V2-S233,O007-RIGHTS-FREMLIN-DSL,O007-FREMLIN-V2-S233-SEG-233J,436,233J,233J,537,551,21777,21780,23179,23182,f,f,252f10c83610ebca1a059c0bae8255eba2f95be4d1d7bcfa89d7248a82d9f111,252f10c83610ebca1a059c0bae8255eba2f95be4d1d7bcfa89d7248a82d9f111,252f10c83610ebca1a059c0bae8255eba2f95be4d1d7bcfa89d7248a82d9f111,$,,252f10c83610ebca1a059c0bae8255eba2f95be4d1d7bcfa89d7248a82d9f111,252f10c83610ebca1a059c0bae8255eba2f95be4d1d7bcfa89d7248a82d9f111,"{""basis"":""ordered nested-math atom; exact symbolic replay"",""kind"":""source-target-formula-map""}"
1.1.0,formula,O007-FREMLIN-V2-S233-FORMULA-0437,O007-FREMLIN-V2-S233,O007-RIGHTS-FREMLIN-DSL,O007-FREMLIN-V2-S233-SEG-233J,437,233J,233J,537,552,21783,21788,23215,23220,\mu,\mu,492247e1bab15272d1e53b8015c042bf6fa0cb8f23ec52cad93d6ba80dafb804,492247e1bab15272d1e53b8015c042bf6fa0cb8f23ec52cad93d6ba80dafb804,492247e1bab15272d1e53b8015c042bf6fa0cb8f23ec52cad93d6ba80dafb804,$,,492247e1bab15272d1e53b8015c042bf6fa0cb8f23ec52cad93d6ba80dafb804,492247e1bab15272d1e53b8015c042bf6fa0cb8f23ec52cad93d6ba80dafb804,"{""basis"":""ordered nested-math atom; exact symbolic replay"",""kind"":""source-target-formula-map""}"
1.1.0,formula,O007-FREMLIN-V2-S233-FORMULA-0438,O007-FREMLIN-V2-S233,O007-RIGHTS-FREMLIN-DSL,O007-FREMLIN-V2-S233-SEG-233J,438,233J,233J,538,553,21851,21854,23277,23280,X,X,4b68ab3847feda7d6c62c1fbcbeebfa35eab7351ed5e78f4ddadea5df64b8015,4b68ab3847feda7d6c62c1fbcbeebfa35eab7351ed5e78f4ddadea5df64b8015,4b68ab3847feda7d6c62c1fbcbeebfa35eab7351ed5e78f4ddadea5df64b8015,$,,4b68ab3847feda7d6c62c1fbcbeebfa35eab7351ed5e78f4ddadea5df64b8015,4b68ab3847feda7d6c62c1fbcbeebfa35eab7351ed5e78f4ddadea5df64b8015,"{""basis"":""ordered nested-math atom; exact symbolic replay"",""kind"":""source-target-formula-map""}"
1.1.0,formula,O007-FREMLIN-V2-S233-FORMULA-0439,O007-FREMLIN-V2-S233,O007-RIGHTS-FREMLIN-DSL,O007-FREMLIN-V2-S233-SEG-233J,439,233J,233J,539,553,21882,21890,23312,23320,\phi f,\phi f,a91431eb03c4941bc8b84ecb18c254f99523b33d1a31a278f55d4bf4eb440c4e,a91431eb03c4941bc8b84ecb18c254f99523b33d1a31a278f55d4bf4eb440c4e,b739293c2511647cf4d34aee5ae4a41072ff57fdf94f957b86425e4ce31e2474,$,,b739293c2511647cf4d34aee5ae4a41072ff57fdf94f957b86425e4ce31e2474,b739293c2511647cf4d34aee5ae4a41072ff57fdf94f957b86425e4ce31e2474,"{""basis"":""ordered nested-math atom; exact symbolic replay"",""kind"":""source-target-formula-map""}"
1.1.0,formula,O007-FREMLIN-V2-S233-FORMULA-0440,O007-FREMLIN-V2-S233,O007-RIGHTS-FREMLIN-DSL,O007-FREMLIN-V2-S233-SEG-233J,440,233J,233J,540,554,21917,21920,23347,23350,g,g,cd0aa9856147b6c5b4ff2b7dfee5da20aa38253099ef1b4a64aced233c9afe29,cd0aa9856147b6c5b4ff2b7dfee5da20aa38253099ef1b4a64aced233c9afe29,cd0aa9856147b6c5b4ff2b7dfee5da20aa38253099ef1b4a64aced233c9afe29,$,,cd0aa9856147b6c5b4ff2b7dfee5da20aa38253099ef1b4a64aced233c9afe29,cd0aa9856147b6c5b4ff2b7dfee5da20aa38253099ef1b4a64aced233c9afe29,"{""basis"":""ordered nested-math atom; exact symbolic replay"",""kind"":""source-target-formula-map""}"
1.1.0,formula,O007-FREMLIN-V2-S233-FORMULA-0441,O007-FREMLIN-V2-S233,O007-RIGHTS-FREMLIN-DSL,O007-FREMLIN-V2-S233-SEG-233J,441,233J,233J,540,554,21925,21928,23355,23358,h,h,aaa9402664f1a41f40ebbc52c9993eb66aeb366602958fdfaa283b71e64db123,aaa9402664f1a41f40ebbc52c9993eb66aeb366602958fdfaa283b71e64db123,aaa9402664f1a41f40ebbc52c9993eb66aeb366602958fdfaa283b71e64db123,$,,aaa9402664f1a41f40ebbc52c9993eb66aeb366602958fdfaa283b71e64db123,aaa9402664f1a41f40ebbc52c9993eb66aeb366602958fdfaa283b71e64db123,"{""basis"":""ordered nested-math atom; exact symbolic replay"",""kind"":""source-target-formula-map""}"
1.1.0,formula,O007-FREMLIN-V2-S233-FORMULA-0442,O007-FREMLIN-V2-S233,O007-RIGHTS-FREMLIN-DSL,O007-FREMLIN-V2-S233-SEG-233J,442,233J,233J,540,555,21961,21967,23409,23415,\Tau,\Tau,a34699b8745d985590df162103fdf28f3ec3426d7f12ca80a1b9c6f87686099a,a34699b8745d985590df162103fdf28f3ec3426d7f12ca80a1b9c6f87686099a,a34699b8745d985590df162103fdf28f3ec3426d7f12ca80a1b9c6f87686099a,$,,a34699b8745d985590df162103fdf28f3ec3426d7f12ca80a1b9c6f87686099a,a34699b8745d985590df162103fdf28f3ec3426d7f12ca80a1b9c6f87686099a,"{""basis"":""ordered nested-math atom; exact symbolic replay"",""kind"":""source-target-formula-map""}"
1.1.0,formula,O007-FREMLIN-V2-S233-FORMULA-0443,O007-FREMLIN-V2-S233,O007-RIGHTS-FREMLIN-DSL,O007-FREMLIN-V2-S233-SEG-233J,443,233J,233J,541,555,21972,21975,23421,23424,f,f,252f10c83610ebca1a059c0bae8255eba2f95be4d1d7bcfa89d7248a82d9f111,252f10c83610ebca1a059c0bae8255eba2f95be4d1d7bcfa89d7248a82d9f111,252f10c83610ebca1a059c0bae8255eba2f95be4d1d7bcfa89d7248a82d9f111,$,,252f10c83610ebca1a059c0bae8255eba2f95be4d1d7bcfa89d7248a82d9f111,252f10c83610ebca1a059c0bae8255eba2f95be4d1d7bcfa89d7248a82d9f111,"{""basis"":""ordered nested-math atom; exact symbolic replay"",""kind"":""source-target-formula-map""}"
1.1.0,formula,O007-FREMLIN-V2-S233-FORMULA-0444,O007-FREMLIN-V2-S233,O007-RIGHTS-FREMLIN-DSL,O007-FREMLIN-V2-S233-SEG-233J,444,233J,233J,541,555,21977,21985,23429,23437,\phi f,\phi f,a91431eb03c4941bc8b84ecb18c254f99523b33d1a31a278f55d4bf4eb440c4e,a91431eb03c4941bc8b84ecb18c254f99523b33d1a31a278f55d4bf4eb440c4e,b739293c2511647cf4d34aee5ae4a41072ff57fdf94f957b86425e4ce31e2474,$,,b739293c2511647cf4d34aee5ae4a41072ff57fdf94f957b86425e4ce31e2474,b739293c2511647cf4d34aee5ae4a41072ff57fdf94f957b86425e4ce31e2474,"{""basis"":""ordered nested-math atom; exact symbolic replay"",""kind"":""source-target-formula-map""}"
1.1.0,formula,O007-FREMLIN-V2-S233-FORMULA-0445,O007-FREMLIN-V2-S233,O007-RIGHTS-FREMLIN-DSL,O007-FREMLIN-V2-S233-SEG-233J,445,233J,233J,541,555,22005,22020,23444,23459,\phi g\leae h,\phi g\leae h,a89c78d4da673d23394a138db5e52501a2ff254774089b6b1474181f575edddb,a89c78d4da673d23394a138db5e52501a2ff254774089b6b1474181f575edddb,b846d1236fb5b3789f518d270e22f39feed98d633e1477059e5132632ba8dcfd,$,,b846d1236fb5b3789f518d270e22f39feed98d633e1477059e5132632ba8dcfd,b846d1236fb5b3789f518d270e22f39feed98d633e1477059e5132632ba8dcfd,"{""basis"":""ordered nested-math atom; exact symbolic replay"",""kind"":""source-target-formula-map""}"
1.1.0,formula,O007-FREMLIN-V2-S233-FORMULA-0446,O007-FREMLIN-V2-S233,O007-RIGHTS-FREMLIN-DSL,O007-FREMLIN-V2-S233-SEG-233J,446,233J,233J,542,556,22038,22063,23472,23497,\int\phi g\le\int\phi f,\int\phi g\le\int\phi f,43ac9c343ab4ce97c2684f02157e0001d26aa7a8fda41dcedba27823df0dcc10,43ac9c343ab4ce97c2684f02157e0001d26aa7a8fda41dcedba27823df0dcc10,466d3cb2d04ac7e1231ffd91aadecae6d782da83ddf520fdaa1b618018fd3e7c,$,,466d3cb2d04ac7e1231ffd91aadecae6d782da83ddf520fdaa1b618018fd3e7c,466d3cb2d04ac7e1231ffd91aadecae6d782da83ddf520fdaa1b618018fd3e7c,"{""basis"":""ordered nested-math atom; exact symbolic replay"",""kind"":""source-target-formula-map""}"
1.1.0,formula,O007-FREMLIN-V2-S233-FORMULA-0447,O007-FREMLIN-V2-S233,O007-RIGHTS-FREMLIN-DSL,O007-FREMLIN-V2-S233-SEG-233J,447,233J,233J,544,559,22121,22133,23576,23588,q\in\Bbb Q,q\in\Bbb Q,b2d53b72f8212323ba1eb1c5dfae817e6163755336844a75601a5e57ebd1fe45,b2d53b72f8212323ba1eb1c5dfae817e6163755336844a75601a5e57ebd1fe45,b6c2391330e2749fd48307c5e2335fcc5e25855d87905d447a3df38bcd2eea49,$,,b6c2391330e2749fd48307c5e2335fcc5e25855d87905d447a3df38bcd2eea49,b6c2391330e2749fd48307c5e2335fcc5e25855d87905d447a3df38bcd2eea49,"{""basis"":""ordered nested-math atom; exact symbolic replay"",""kind"":""source-target-formula-map""}"
1.1.0,formula,O007-FREMLIN-V2-S233-FORMULA-0448,O007-FREMLIN-V2-S233,O007-RIGHTS-FREMLIN-DSL,O007-FREMLIN-V2-S233-SEG-233J,448,233J,233J,545,559,22142,22156,23596,23610,b_q\in\Bbb R,b_q\in\Bbb R,70ade2a0af4d3d25cd4143981aea022de39836983d9d1b86cc4ac4400e2d07e5,70ade2a0af4d3d25cd4143981aea022de39836983d9d1b86cc4ac4400e2d07e5,b371da3baac316bc0810b745e70bd28599f2422557efa59ed44b6fdbbfee5346,$,,b371da3baac316bc0810b745e70bd28599f2422557efa59ed44b6fdbbfee5346,b371da3baac316bc0810b745e70bd28599f2422557efa59ed44b6fdbbfee5346,"{""basis"":""ordered nested-math atom; exact symbolic replay"",""kind"":""source-target-formula-map""}"
1.1.0,formula,O007-FREMLIN-V2-S233-FORMULA-0449,O007-FREMLIN-V2-S233,O007-RIGHTS-FREMLIN-DSL,O007-FREMLIN-V2-S233-SEG-233J,449,233J,233J,546,560,22168,22206,23631,23669,\phi(t)\ge\phi_q(t)=\phi(q)+b_q(t-q),\phi(t)\ge\phi_q(t)=\phi(q)+b_q(t-q),260f0b335f9af8c2a2f7ed8915fd176a151d86212d0734de8a30e528639612f9,260f0b335f9af8c2a2f7ed8915fd176a151d86212d0734de8a30e528639612f9,260f0b335f9af8c2a2f7ed8915fd176a151d86212d0734de8a30e528639612f9,$,,260f0b335f9af8c2a2f7ed8915fd176a151d86212d0734de8a30e528639612f9,260f0b335f9af8c2a2f7ed8915fd176a151d86212d0734de8a30e528639612f9,"{""basis"":""ordered nested-math atom; exact symbolic replay"",""kind"":""source-target-formula-map""}"
1.1.0,formula,O007-FREMLIN-V2-S233-FORMULA-0450,O007-FREMLIN-V2-S233,O007-RIGHTS-FREMLIN-DSL,O007-FREMLIN-V2-S233-SEG-233J,450,233J,233J,546,560,22217,22229,23683,23695,t\in\Bbb R,t\in\Bbb R,ab23ac246e3c8b11a3d5e5c2835144f6700cca85e4cbac01da82da6bd6b979c4,ab23ac246e3c8b11a3d5e5c2835144f6700cca85e4cbac01da82da6bd6b979c4,4d96d6348520e31cdaafe6336c09e8c835c1835c543ef16efaaff1871757b1bc,$,,4d96d6348520e31cdaafe6336c09e8c835c1835c543ef16efaaff1871757b1bc,4d96d6348520e31cdaafe6336c09e8c835c1835c543ef16efaaff1871757b1bc,"{""basis"":""ordered nested-math atom; exact symbolic replay"",""kind"":""source-target-formula-map""}"
1.1.0,formula,O007-FREMLIN-V2-S233-FORMULA-0451,O007-FREMLIN-V2-S233,O007-RIGHTS-FREMLIN-DSL,O007-FREMLIN-V2-S233-SEG-233J,451,233J,233J,547,561,22240,22276,23706,23742,\phi(t)=\sup_{q\in\Bbb Q}\phi_q(t),\phi(t)=\sup_{q\in\Bbb Q}\phi_q(t),a8f4fbdcf47b7c58212bad4e970ee8b3c7286ee0c4dbb50ee026a038030eeecb,a8f4fbdcf47b7c58212bad4e970ee8b3c7286ee0c4dbb50ee026a038030eeecb,ff74f5b6d1fe29b47bee99f4a0c2dbfca8f4171e4943c55c5d236a3a9c157a68,$,,ff74f5b6d1fe29b47bee99f4a0c2dbfca8f4171e4943c55c5d236a3a9c157a68,ff74f5b6d1fe29b47bee99f4a0c2dbfca8f4171e4943c55c5d236a3a9c157a68,"{""basis"":""ordered nested-math atom; exact symbolic replay"",""kind"":""source-target-formula-map""}"
1.1.0,formula,O007-FREMLIN-V2-S233-FORMULA-0452,O007-FREMLIN-V2-S233,O007-RIGHTS-FREMLIN-DSL,O007-FREMLIN-V2-S233-SEG-233J,452,233J,233J,547,562,22287,22299,23756,23768,t\in\Bbb R,t\in\Bbb R,ab23ac246e3c8b11a3d5e5c2835144f6700cca85e4cbac01da82da6bd6b979c4,ab23ac246e3c8b11a3d5e5c2835144f6700cca85e4cbac01da82da6bd6b979c4,4d96d6348520e31cdaafe6336c09e8c835c1835c543ef16efaaff1871757b1bc,$,,4d96d6348520e31cdaafe6336c09e8c835c1835c543ef16efaaff1871757b1bc,4d96d6348520e31cdaafe6336c09e8c835c1835c543ef16efaaff1871757b1bc,"{""basis"":""ordered nested-math atom; exact symbolic replay"",""kind"":""source-target-formula-map""}"
1.1.0,formula,O007-FREMLIN-V2-S233-FORMULA-0453,O007-FREMLIN-V2-S233,O007-RIGHTS-FREMLIN-DSL,O007-FREMLIN-V2-S233-SEG-233J,453,233J,233J,550,564,22331,22362,23801,23832,\psi_q(x)=\phi(q)+b_q(g(x)-q),\psi_q(x)=\phi(q)+b_q(g(x)-q),6e9cc67d2d70a25ed4759100bc1d308a43bdab4de9f68db55694e632918ab0d6,6e9cc67d2d70a25ed4759100bc1d308a43bdab4de9f68db55694e632918ab0d6,6e9cc67d2d70a25ed4759100bc1d308a43bdab4de9f68db55694e632918ab0d6,$,,6e9cc67d2d70a25ed4759100bc1d308a43bdab4de9f68db55694e632918ab0d6,6e9cc67d2d70a25ed4759100bc1d308a43bdab4de9f68db55694e632918ab0d6,"{""basis"":""ordered nested-math atom; exact symbolic replay"",""kind"":""source-target-formula-map""}"
1.1.0,formula,O007-FREMLIN-V2-S233-FORMULA-0454,O007-FREMLIN-V2-S233,O007-RIGHTS-FREMLIN-DSL,O007-FREMLIN-V2-S233-SEG-233J,454,233J,233J,552,566,22381,22393,23851,23863,x\in\dom g,x\in\dom g,d444efd9ce960218a27abf8c1306b502374b5cf82ef1815c0859fa2744929ebd,d444efd9ce960218a27abf8c1306b502374b5cf82ef1815c0859fa2744929ebd,1a6915727a468cd825c45351595c7d99b6b520632423e9197d0ff518bc48dde4,$,,1a6915727a468cd825c45351595c7d99b6b520632423e9197d0ff518bc48dde4,1a6915727a468cd825c45351595c7d99b6b520632423e9197d0ff518bc48dde4,"{""basis"":""ordered nested-math atom; exact symbolic replay"",""kind"":""source-target-formula-map""}"
1.1.0,formula,O007-FREMLIN-V2-S233-FORMULA-0455,O007-FREMLIN-V2-S233,O007-RIGHTS-FREMLIN-DSL,O007-FREMLIN-V2-S233-SEG-233J,455,233J,233J,552,567,22407,22424,23884,23901,\psi_q=\phi_q g,\psi_q=\phi_q g,e0329ab567dfd7b94c173011232ac972ebef246fab83deb68dd084ba3eacb8a1,e0329ab567dfd7b94c173011232ac972ebef246fab83deb68dd084ba3eacb8a1,ef5eeb1e469e2e1de3cace4009cd7229f2d0984a1ab0553b07f68793816c3154,$,,ef5eeb1e469e2e1de3cace4009cd7229f2d0984a1ab0553b07f68793816c3154,ef5eeb1e469e2e1de3cace4009cd7229f2d0984a1ab0553b07f68793816c3154,"{""basis"":""ordered nested-math atom; exact symbolic replay"",""kind"":""source-target-formula-map""}"
1.1.0,formula,O007-FREMLIN-V2-S233-FORMULA-0456,O007-FREMLIN-V2-S233,O007-RIGHTS-FREMLIN-DSL,O007-FREMLIN-V2-S233-SEG-233J,456,233J,233J,553,567,22458,22468,23938,23948,\phi_q f,\phi_q f,7c0711301bc808633dc667132c5cac931238bd1639432040eaf7e78869ced8c5,7c0711301bc808633dc667132c5cac931238bd1639432040eaf7e78869ced8c5,4528fd34c5c4265e59c7fd98b7c2e598ecb5683561995790ac8eee29f9280606,$,,4528fd34c5c4265e59c7fd98b7c2e598ecb5683561995790ac8eee29f9280606,4528fd34c5c4265e59c7fd98b7c2e598ecb5683561995790ac8eee29f9280606,"{""basis"":""ordered nested-math atom; exact symbolic replay"",""kind"":""source-target-formula-map""}"
1.1.0,formula,O007-FREMLIN-V2-S233-FORMULA-0457,O007-FREMLIN-V2-S233,O007-RIGHTS-FREMLIN-DSL,O007-FREMLIN-V2-S233-SEG-233J,457,233J,233J,554,568,22478,22499,23961,23982,\phi_q f\leae\phi f,\phi_q f\leae\phi f,2ff14a55b2756a49e54807280031b552d2ef2259915b8b87e42d3d4b4ecb5eed,2ff14a55b2756a49e54807280031b552d2ef2259915b8b87e42d3d4b4ecb5eed,51c366fedc0088bd67670960435d463e6c10ba9e1ff63506b6b44c611ddb2f7d,$,,51c366fedc0088bd67670960435d463e6c10ba9e1ff63506b6b44c611ddb2f7d,51c366fedc0088bd67670960435d463e6c10ba9e1ff63506b6b44c611ddb2f7d,"{""basis"":""ordered nested-math atom; exact symbolic replay"",""kind"":""source-target-formula-map""}"
1.1.0,formula,O007-FREMLIN-V2-S233-FORMULA-0458,O007-FREMLIN-V2-S233,O007-RIGHTS-FREMLIN-DSL,O007-FREMLIN-V2-S233-SEG-233J,458,233J,233J,554,568,22513,22528,23998,24013,\psi_q\leae h,\psi_q\leae h,b96fec3d2f770e8f4e5af05860ce9ec72c5e7a8c565375c9900256c5bc1f090b,b96fec3d2f770e8f4e5af05860ce9ec72c5e7a8c565375c9900256c5bc1f090b,0af17554f72bde479690d6272f8356095310c706ad2550269896b762f812a2dc,$,,0af17554f72bde479690d6272f8356095310c706ad2550269896b762f812a2dc,0af17554f72bde479690d6272f8356095310c706ad2550269896b762f812a2dc,"{""basis"":""ordered nested-math atom; exact symbolic replay"",""kind"":""source-target-formula-map""}"
1.1.0,formula,O007-FREMLIN-V2-S233-FORMULA-0459,O007-FREMLIN-V2-S233,O007-RIGHTS-FREMLIN-DSL,O007-FREMLIN-V2-S233-SEG-233J,459,233J,233J,555,569,22543,22575,24022,24054,\phi g=\sup_{q\in\Bbb Q}\psi_q,\phi g=\sup_{q\in\Bbb Q}\psi_q,59e2bfd3fac0041a91a8fa8cf8a6bb1c9b3faacd64415ed525dac1b9a0f8ccba,59e2bfd3fac0041a91a8fa8cf8a6bb1c9b3faacd64415ed525dac1b9a0f8ccba,a24630060e889a01fc37c223a20e0b429c6ad15c8538a66b71b521051c10cbee,$,,a24630060e889a01fc37c223a20e0b429c6ad15c8538a66b71b521051c10cbee,a24630060e889a01fc37c223a20e0b429c6ad15c8538a66b71b521051c10cbee,"{""basis"":""ordered nested-math atom; exact symbolic replay"",""kind"":""source-target-formula-map""}"
1.1.0,formula,O007-FREMLIN-V2-S233-FORMULA-0460,O007-FREMLIN-V2-S233,O007-RIGHTS-FREMLIN-DSL,O007-FREMLIN-V2-S233-SEG-233J,460,233J,233J,555,569,22585,22588,24067,24070,g,g,cd0aa9856147b6c5b4ff2b7dfee5da20aa38253099ef1b4a64aced233c9afe29,cd0aa9856147b6c5b4ff2b7dfee5da20aa38253099ef1b4a64aced233c9afe29,cd0aa9856147b6c5b4ff2b7dfee5da20aa38253099ef1b4a64aced233c9afe29,$,,cd0aa9856147b6c5b4ff2b7dfee5da20aa38253099ef1b4a64aced233c9afe29,cd0aa9856147b6c5b4ff2b7dfee5da20aa38253099ef1b4a64aced233c9afe29,"{""basis"":""ordered nested-math atom; exact symbolic replay"",""kind"":""source-target-formula-map""}"
1.1.0,formula,O007-FREMLIN-V2-S233-FORMULA-0461,O007-FREMLIN-V2-S233,O007-RIGHTS-FREMLIN-DSL,O007-FREMLIN-V2-S233-SEG-233J,461,233J,233J,556,570,22605,22620,24093,24108,\phi g\leae h,\phi g\leae h,a89c78d4da673d23394a138db5e52501a2ff254774089b6b1474181f575edddb,a89c78d4da673d23394a138db5e52501a2ff254774089b6b1474181f575edddb,b846d1236fb5b3789f518d270e22f39feed98d633e1477059e5132632ba8dcfd,$,,b846d1236fb5b3789f518d270e22f39feed98d633e1477059e5132632ba8dcfd,b846d1236fb5b3789f518d270e22f39feed98d633e1477059e5132632ba8dcfd,"{""basis"":""ordered nested-math atom; exact symbolic replay"",""kind"":""source-target-formula-map""}"
1.1.0,formula,O007-FREMLIN-V2-S233-FORMULA-0462,O007-FREMLIN-V2-S233,O007-RIGHTS-FREMLIN-DSL,O007-FREMLIN-V2-S233-SEG-233J,462,233J,233J,558,572,22661,22693,24160,24192,\int\phi g\le\int h=\int\phi f,\int\phi g\le\int h=\int\phi f,e83c08cb3dd7e482ccf8b0f5171f8d6cca67513db882cf3ff7ddcbbe47f13881,e83c08cb3dd7e482ccf8b0f5171f8d6cca67513db882cf3ff7ddcbbe47f13881,193ef81c8e83598398e29618ce84eb426d14c5e2dd65982d20bd520ccffa9344,$,,193ef81c8e83598398e29618ce84eb426d14c5e2dd65982d20bd520ccffa9344,193ef81c8e83598398e29618ce84eb426d14c5e2dd65982d20bd520ccffa9344,"{""basis"":""ordered nested-math atom; exact symbolic replay"",""kind"":""source-target-formula-map""}"
1.1.0,formula,O007-FREMLIN-V2-S233-FORMULA-0463,O007-FREMLIN-V2-S233,O007-RIGHTS-FREMLIN-DSL,O007-FREMLIN-V2-S233-SEG-233K,463,233K,233K,567,581,22919,22935,24425,24441,"(X,\Sigma,\mu)","(X,\Sigma,\mu)",05e9b769403b4c7926a944d5aaa03f00bb216412bc3f850e41b3c28de657aa67,05e9b769403b4c7926a944d5aaa03f00bb216412bc3f850e41b3c28de657aa67,05e9b769403b4c7926a944d5aaa03f00bb216412bc3f850e41b3c28de657aa67,$,,05e9b769403b4c7926a944d5aaa03f00bb216412bc3f850e41b3c28de657aa67,05e9b769403b4c7926a944d5aaa03f00bb216412bc3f850e41b3c28de657aa67,"{""basis"":""ordered nested-math atom; exact symbolic replay"",""kind"":""source-target-formula-map""}"
1.1.0,formula,O007-FREMLIN-V2-S233-FORMULA-0464,O007-FREMLIN-V2-S233,O007-RIGHTS-FREMLIN-DSL,O007-FREMLIN-V2-S233-SEG-233K,464,233K,233K,568,582,22965,22971,24471,24477,\Tau,\Tau,a34699b8745d985590df162103fdf28f3ec3426d7f12ca80a1b9c6f87686099a,a34699b8745d985590df162103fdf28f3ec3426d7f12ca80a1b9c6f87686099a,a34699b8745d985590df162103fdf28f3ec3426d7f12ca80a1b9c6f87686099a,$,,a34699b8745d985590df162103fdf28f3ec3426d7f12ca80a1b9c6f87686099a,a34699b8745d985590df162103fdf28f3ec3426d7f12ca80a1b9c6f87686099a,"{""basis"":""ordered nested-math atom; exact symbolic replay"",""kind"":""source-target-formula-map""}"
1.1.0,formula,O007-FREMLIN-V2-S233-FORMULA-0465,O007-FREMLIN-V2-S233,O007-RIGHTS-FREMLIN-DSL,O007-FREMLIN-V2-S233-SEG-233K,465,233K,233K,568,582,22974,22982,24495,24503,\sigma,\sigma,9c3245dfb4ac54c1623a60e7b8d1fc07cb02eae1229435230c7dab5e71083a26,9c3245dfb4ac54c1623a60e7b8d1fc07cb02eae1229435230c7dab5e71083a26,9c3245dfb4ac54c1623a60e7b8d1fc07cb02eae1229435230c7dab5e71083a26,$,,9c3245dfb4ac54c1623a60e7b8d1fc07cb02eae1229435230c7dab5e71083a26,9c3245dfb4ac54c1623a60e7b8d1fc07cb02eae1229435230c7dab5e71083a26,"{""basis"":""ordered nested-math atom; exact symbolic replay"",""kind"":""source-target-formula-map""}"
1.1.0,formula,O007-FREMLIN-V2-S233-FORMULA-0466,O007-FREMLIN-V2-S233,O007-RIGHTS-FREMLIN-DSL,O007-FREMLIN-V2-S233-SEG-233K,466,233K,233K,568,582,22997,23005,24509,24517,\Sigma,\Sigma,d65d75b1e6562713a3936bb38fdfe6832fb5b96c946de58f7ce0992057665aa8,d65d75b1e6562713a3936bb38fdfe6832fb5b96c946de58f7ce0992057665aa8,d65d75b1e6562713a3936bb38fdfe6832fb5b96c946de58f7ce0992057665aa8,$,,d65d75b1e6562713a3936bb38fdfe6832fb5b96c946de58f7ce0992057665aa8,d65d75b1e6562713a3936bb38fdfe6832fb5b96c946de58f7ce0992057665aa8,"{""basis"":""ordered nested-math atom; exact symbolic replay"",""kind"":""source-target-formula-map""}"
1.1.0,formula,O007-FREMLIN-V2-S233-FORMULA-0467,O007-FREMLIN-V2-S233,O007-RIGHTS-FREMLIN-DSL,O007-FREMLIN-V2-S233-SEG-233K,467,233K,233K,568,583,23022,23025,24528,24531,f,f,252f10c83610ebca1a059c0bae8255eba2f95be4d1d7bcfa89d7248a82d9f111,252f10c83610ebca1a059c0bae8255eba2f95be4d1d7bcfa89d7248a82d9f111,252f10c83610ebca1a059c0bae8255eba2f95be4d1d7bcfa89d7248a82d9f111,$,,252f10c83610ebca1a059c0bae8255eba2f95be4d1d7bcfa89d7248a82d9f111,252f10c83610ebca1a059c0bae8255eba2f95be4d1d7bcfa89d7248a82d9f111,"{""basis"":""ordered nested-math atom; exact symbolic replay"",""kind"":""source-target-formula-map""}"
1.1.0,formula,O007-FREMLIN-V2-S233-FORMULA-0468,O007-FREMLIN-V2-S233,O007-RIGHTS-FREMLIN-DSL,O007-FREMLIN-V2-S233-SEG-233K,468,233K,233K,569,583,23032,23037,24550,24555,\mu,\mu,492247e1bab15272d1e53b8015c042bf6fa0cb8f23ec52cad93d6ba80dafb804,492247e1bab15272d1e53b8015c042bf6fa0cb8f23ec52cad93d6ba80dafb804,492247e1bab15272d1e53b8015c042bf6fa0cb8f23ec52cad93d6ba80dafb804,$,,492247e1bab15272d1e53b8015c042bf6fa0cb8f23ec52cad93d6ba80dafb804,492247e1bab15272d1e53b8015c042bf6fa0cb8f23ec52cad93d6ba80dafb804,"{""basis"":""ordered nested-math atom; exact symbolic replay"",""kind"":""source-target-formula-map""}"
1.1.0,formula,O007-FREMLIN-V2-S233-FORMULA-0469,O007-FREMLIN-V2-S233,O007-RIGHTS-FREMLIN-DSL,O007-FREMLIN-V2-S233-SEG-233K,469,233K,233K,569,583,23062,23065,24575,24578,h,h,aaa9402664f1a41f40ebbc52c9993eb66aeb366602958fdfaa283b71e64db123,aaa9402664f1a41f40ebbc52c9993eb66aeb366602958fdfaa283b71e64db123,aaa9402664f1a41f40ebbc52c9993eb66aeb366602958fdfaa283b71e64db123,$,,aaa9402664f1a41f40ebbc52c9993eb66aeb366602958fdfaa283b71e64db123,aaa9402664f1a41f40ebbc52c9993eb66aeb366602958fdfaa283b71e64db123,"{""basis"":""ordered nested-math atom; exact symbolic replay"",""kind"":""source-target-formula-map""}"
1.1.0,formula,O007-FREMLIN-V2-S233-FORMULA-0470,O007-FREMLIN-V2-S233,O007-RIGHTS-FREMLIN-DSL,O007-FREMLIN-V2-S233-SEG-233K,470,233K,233K,569,585,23071,23089,24643,24661,(\mu\restrp\Tau),(\mu\restrp\Tau),5146f44e514ebfae3789bef38ab87a630ea5c61010e129e72bd74f330534450b,5146f44e514ebfae3789bef38ab87a630ea5c61010e129e72bd74f330534450b,5146f44e514ebfae3789bef38ab87a630ea5c61010e129e72bd74f330534450b,$,,5146f44e514ebfae3789bef38ab87a630ea5c61010e129e72bd74f330534450b,5146f44e514ebfae3789bef38ab87a630ea5c61010e129e72bd74f330534450b,"{""basis"":""ordered nested-math atom; exact symbolic replay"",""kind"":""source-target-formula-map""}"
1.1.0,formula,O007-FREMLIN-V2-S233-FORMULA-0471,O007-FREMLIN-V2-S233,O007-RIGHTS-FREMLIN-DSL,O007-FREMLIN-V2-S233-SEG-233K,471,233K,233K,570,586,23141,23159,24680,24698,(\mu\restrp\Tau),(\mu\restrp\Tau),5146f44e514ebfae3789bef38ab87a630ea5c61010e129e72bd74f330534450b,5146f44e514ebfae3789bef38ab87a630ea5c61010e129e72bd74f330534450b,5146f44e514ebfae3789bef38ab87a630ea5c61010e129e72bd74f330534450b,$,,5146f44e514ebfae3789bef38ab87a630ea5c61010e129e72bd74f330534450b,5146f44e514ebfae3789bef38ab87a630ea5c61010e129e72bd74f330534450b,"{""basis"":""ordered nested-math atom; exact symbolic replay"",""kind"":""source-target-formula-map""}"
1.1.0,formula,O007-FREMLIN-V2-S233-FORMULA-0472,O007-FREMLIN-V2-S233,O007-RIGHTS-FREMLIN-DSL,O007-FREMLIN-V2-S233-SEG-233K,472,233K,233K,571,586,23182,23185,24725,24728,X,X,4b68ab3847feda7d6c62c1fbcbeebfa35eab7351ed5e78f4ddadea5df64b8015,4b68ab3847feda7d6c62c1fbcbeebfa35eab7351ed5e78f4ddadea5df64b8015,4b68ab3847feda7d6c62c1fbcbeebfa35eab7351ed5e78f4ddadea5df64b8015,$,,4b68ab3847feda7d6c62c1fbcbeebfa35eab7351ed5e78f4ddadea5df64b8015,4b68ab3847feda7d6c62c1fbcbeebfa35eab7351ed5e78f4ddadea5df64b8015,"{""basis"":""ordered nested-math atom; exact symbolic replay"",""kind"":""source-target-formula-map""}"
1.1.0,formula,O007-FREMLIN-V2-S233-FORMULA-0473,O007-FREMLIN-V2-S233,O007-RIGHTS-FREMLIN-DSL,O007-FREMLIN-V2-S233-SEG-233K,473,233K,233K,571,586,23193,23196,24739,24742,g,g,cd0aa9856147b6c5b4ff2b7dfee5da20aa38253099ef1b4a64aced233c9afe29,cd0aa9856147b6c5b4ff2b7dfee5da20aa38253099ef1b4a64aced233c9afe29,cd0aa9856147b6c5b4ff2b7dfee5da20aa38253099ef1b4a64aced233c9afe29,$,,cd0aa9856147b6c5b4ff2b7dfee5da20aa38253099ef1b4a64aced233c9afe29,cd0aa9856147b6c5b4ff2b7dfee5da20aa38253099ef1b4a64aced233c9afe29,"{""basis"":""ordered nested-math atom; exact symbolic replay"",""kind"":""source-target-formula-map""}"
1.1.0,formula,O007-FREMLIN-V2-S233-FORMULA-0474,O007-FREMLIN-V2-S233,O007-RIGHTS-FREMLIN-DSL,O007-FREMLIN-V2-S233-SEG-233K,474,233K,233K,571,587,23198,23203,24747,24752,g_0,g_0,0a566b1db5acde7f9ec666b9f3c742d5800b2070098077ee55eb21923406217f,0a566b1db5acde7f9ec666b9f3c742d5800b2070098077ee55eb21923406217f,0a566b1db5acde7f9ec666b9f3c742d5800b2070098077ee55eb21923406217f,$,,0a566b1db5acde7f9ec666b9f3c742d5800b2070098077ee55eb21923406217f,0a566b1db5acde7f9ec666b9f3c742d5800b2070098077ee55eb21923406217f,"{""basis"":""ordered nested-math atom; exact symbolic replay"",""kind"":""source-target-formula-map""}"
1.1.0,formula,O007-FREMLIN-V2-S233-FORMULA-0475,O007-FREMLIN-V2-S233,O007-RIGHTS-FREMLIN-DSL,O007-FREMLIN-V2-S233-SEG-233K,475,233K,233K,571,587,23235,23238,24779,24782,f,f,252f10c83610ebca1a059c0bae8255eba2f95be4d1d7bcfa89d7248a82d9f111,252f10c83610ebca1a059c0bae8255eba2f95be4d1d7bcfa89d7248a82d9f111,252f10c83610ebca1a059c0bae8255eba2f95be4d1d7bcfa89d7248a82d9f111,$,,252f10c83610ebca1a059c0bae8255eba2f95be4d1d7bcfa89d7248a82d9f111,252f10c83610ebca1a059c0bae8255eba2f95be4d1d7bcfa89d7248a82d9f111,"{""basis"":""ordered nested-math atom; exact symbolic replay"",""kind"":""source-target-formula-map""}"
1.1.0,formula,O007-FREMLIN-V2-S233-FORMULA-0476,O007-FREMLIN-V2-S233,O007-RIGHTS-FREMLIN-DSL,O007-FREMLIN-V2-S233-SEG-233K,476,233K,233K,572,587,23244,23249,24787,24792,|f|,|f|,d8b5274ed28729c640316246c7340cb0fed7fb5e849e456624337b695898d3af,d8b5274ed28729c640316246c7340cb0fed7fb5e849e456624337b695898d3af,d8b5274ed28729c640316246c7340cb0fed7fb5e849e456624337b695898d3af,$,,d8b5274ed28729c640316246c7340cb0fed7fb5e849e456624337b695898d3af,d8b5274ed28729c640316246c7340cb0fed7fb5e849e456624337b695898d3af,"{""basis"":""ordered nested-math atom; exact symbolic replay"",""kind"":""source-target-formula-map""}"
1.1.0,formula,O007-FREMLIN-V2-S233-FORMULA-0477,O007-FREMLIN-V2-S233,O007-RIGHTS-FREMLIN-DSL,O007-FREMLIN-V2-S233-SEG-233K,477,233K,233K,572,587,23253,23259,24798,24804,\Tau,\Tau,a34699b8745d985590df162103fdf28f3ec3426d7f12ca80a1b9c6f87686099a,a34699b8745d985590df162103fdf28f3ec3426d7f12ca80a1b9c6f87686099a,a34699b8745d985590df162103fdf28f3ec3426d7f12ca80a1b9c6f87686099a,$,,a34699b8745d985590df162103fdf28f3ec3426d7f12ca80a1b9c6f87686099a,a34699b8745d985590df162103fdf28f3ec3426d7f12ca80a1b9c6f87686099a,"{""basis"":""ordered nested-math atom; exact symbolic replay"",""kind"":""source-target-formula-map""}"
1.1.0,formula,O007-FREMLIN-V2-S233-FORMULA-0478,O007-FREMLIN-V2-S233,O007-RIGHTS-FREMLIN-DSL,O007-FREMLIN-V2-S233-SEG-233K,478,233K,233K,572,588,23268,23279,24811,24822,f\times h,f\times h,cba16ce5f483a33a0bf81b2e7ee5ee2fd62b1df05f91812a5c2373711f3c2187,cba16ce5f483a33a0bf81b2e7ee5ee2fd62b1df05f91812a5c2373711f3c2187,47f7efd3ee7e06bef44420bfafca1a48aaab518b4387bea2dcf5479df50d9330,$,,47f7efd3ee7e06bef44420bfafca1a48aaab518b4387bea2dcf5479df50d9330,47f7efd3ee7e06bef44420bfafca1a48aaab518b4387bea2dcf5479df50d9330,"{""basis"":""ordered nested-math atom; exact symbolic replay"",""kind"":""source-target-formula-map""}"
1.1.0,formula,O007-FREMLIN-V2-S233-FORMULA-0479,O007-FREMLIN-V2-S233,O007-RIGHTS-FREMLIN-DSL,O007-FREMLIN-V2-S233-SEG-233K,479,233K,233K,572,588,23298,23311,24858,24871,g_0\times h,g_0\times h,d8a9a07d024d8e530e022d45f520f33bcca5b952f80cd8b93285acc9218cb77a,d8a9a07d024d8e530e022d45f520f33bcca5b952f80cd8b93285acc9218cb77a,0d24c6a0852f304a5240db7334d446a98e1957171f4b5df297b8293545626be8,$,,0d24c6a0852f304a5240db7334d446a98e1957171f4b5df297b8293545626be8,0d24c6a0852f304a5240db7334d446a98e1957171f4b5df297b8293545626be8,"{""basis"":""ordered nested-math atom; exact symbolic replay"",""kind"":""source-target-formula-map""}"
1.1.0,formula,O007-FREMLIN-V2-S233-FORMULA-0480,O007-FREMLIN-V2-S233,O007-RIGHTS-FREMLIN-DSL,O007-FREMLIN-V2-S233-SEG-233K,480,233K,233K,573,589,23345,23356,24906,24917,g\times h,g\times h,8dac5acb5aef16948dd52783287cd917206915e13ec0b19fa7ced3e9a5fd9d41,8dac5acb5aef16948dd52783287cd917206915e13ec0b19fa7ced3e9a5fd9d41,7e490570db03a644baba28cf94b99689f0ba3f2b8d03877db6d696310d1b4c98,$,,7e490570db03a644baba28cf94b99689f0ba3f2b8d03877db6d696310d1b4c98,7e490570db03a644baba28cf94b99689f0ba3f2b8d03877db6d696310d1b4c98,"{""basis"":""ordered nested-math atom; exact symbolic replay"",""kind"":""source-target-formula-map""}"
1.1.0,formula,O007-FREMLIN-V2-S233-FORMULA-0481,O007-FREMLIN-V2-S233,O007-RIGHTS-FREMLIN-DSL,O007-FREMLIN-V2-S233-SEG-233K,481,233K,233K,574,590,23390,23401,24954,24965,f\times h,f\times h,cba16ce5f483a33a0bf81b2e7ee5ee2fd62b1df05f91812a5c2373711f3c2187,cba16ce5f483a33a0bf81b2e7ee5ee2fd62b1df05f91812a5c2373711f3c2187,47f7efd3ee7e06bef44420bfafca1a48aaab518b4387bea2dcf5479df50d9330,$,,47f7efd3ee7e06bef44420bfafca1a48aaab518b4387bea2dcf5479df50d9330,47f7efd3ee7e06bef44420bfafca1a48aaab518b4387bea2dcf5479df50d9330,"{""basis"":""ordered nested-math atom; exact symbolic replay"",""kind"":""source-target-formula-map""}"
1.1.0,formula,O007-FREMLIN-V2-S233-FORMULA-0482,O007-FREMLIN-V2-S233,O007-RIGHTS-FREMLIN-DSL,O007-FREMLIN-V2-S233-SEG-233K,482,233K,233K,574,590,23405,23411,24971,24977,\Tau,\Tau,a34699b8745d985590df162103fdf28f3ec3426d7f12ca80a1b9c6f87686099a,a34699b8745d985590df162103fdf28f3ec3426d7f12ca80a1b9c6f87686099a,a34699b8745d985590df162103fdf28f3ec3426d7f12ca80a1b9c6f87686099a,$,,a34699b8745d985590df162103fdf28f3ec3426d7f12ca80a1b9c6f87686099a,a34699b8745d985590df162103fdf28f3ec3426d7f12ca80a1b9c6f87686099a,"{""basis"":""ordered nested-math atom; exact symbolic replay"",""kind"":""source-target-formula-map""}"
1.1.0,formula,O007-FREMLIN-V2-S233-FORMULA-0483,O007-FREMLIN-V2-S233,O007-RIGHTS-FREMLIN-DSL,O007-FREMLIN-V2-S233-SEG-233K,483,233K,233K,576,592,23446,23449,25006,25009,h,h,aaa9402664f1a41f40ebbc52c9993eb66aeb366602958fdfaa283b71e64db123,aaa9402664f1a41f40ebbc52c9993eb66aeb366602958fdfaa283b71e64db123,aaa9402664f1a41f40ebbc52c9993eb66aeb366602958fdfaa283b71e64db123,$,,aaa9402664f1a41f40ebbc52c9993eb66aeb366602958fdfaa283b71e64db123,aaa9402664f1a41f40ebbc52c9993eb66aeb366602958fdfaa283b71e64db123,"{""basis"":""ordered nested-math atom; exact symbolic replay"",""kind"":""source-target-formula-map""}"
1.1.0,formula,O007-FREMLIN-V2-S233-FORMULA-0484,O007-FREMLIN-V2-S233,O007-RIGHTS-FREMLIN-DSL,O007-FREMLIN-V2-S233-SEG-233K,484,233K,233K,576,593,23455,23471,25042,25058,\mu\restrp\Tau,\mu\restrp\Tau,0ef3002e608187cafba25389501fbb651adb17c2300ae86b2a55367b1159009e,0ef3002e608187cafba25389501fbb651adb17c2300ae86b2a55367b1159009e,0ef3002e608187cafba25389501fbb651adb17c2300ae86b2a55367b1159009e,$,,0ef3002e608187cafba25389501fbb651adb17c2300ae86b2a55367b1159009e,0ef3002e608187cafba25389501fbb651adb17c2300ae86b2a55367b1159009e,"{""basis"":""ordered nested-math atom; exact symbolic replay"",""kind"":""source-target-formula-map""}"
1.1.0,formula,O007-FREMLIN-V2-S233-FORMULA-0485,O007-FREMLIN-V2-S233,O007-RIGHTS-FREMLIN-DSL,O007-FREMLIN-V2-S233-SEG-233K,485,233K,233K,577,593,23502,23513,25071,25082,f\times h,f\times h,cba16ce5f483a33a0bf81b2e7ee5ee2fd62b1df05f91812a5c2373711f3c2187,cba16ce5f483a33a0bf81b2e7ee5ee2fd62b1df05f91812a5c2373711f3c2187,47f7efd3ee7e06bef44420bfafca1a48aaab518b4387bea2dcf5479df50d9330,$,,47f7efd3ee7e06bef44420bfafca1a48aaab518b4387bea2dcf5479df50d9330,47f7efd3ee7e06bef44420bfafca1a48aaab518b4387bea2dcf5479df50d9330,"{""basis"":""ordered nested-math atom; exact symbolic replay"",""kind"":""source-target-formula-map""}"
1.1.0,formula,O007-FREMLIN-V2-S233-FORMULA-0486,O007-FREMLIN-V2-S233,O007-RIGHTS-FREMLIN-DSL,O007-FREMLIN-V2-S233-SEG-233K,486,233K,233K,577,593,23518,23531,25087,25100,g_0\times h,g_0\times h,d8a9a07d024d8e530e022d45f520f33bcca5b952f80cd8b93285acc9218cb77a,d8a9a07d024d8e530e022d45f520f33bcca5b952f80cd8b93285acc9218cb77a,0d24c6a0852f304a5240db7334d446a98e1957171f4b5df297b8293545626be8,$,,0d24c6a0852f304a5240db7334d446a98e1957171f4b5df297b8293545626be8,0d24c6a0852f304a5240db7334d446a98e1957171f4b5df297b8293545626be8,"{""basis"":""ordered nested-math atom; exact symbolic replay"",""kind"":""source-target-formula-map""}"
1.1.0,formula,O007-FREMLIN-V2-S233-FORMULA-0487,O007-FREMLIN-V2-S233,O007-RIGHTS-FREMLIN-DSL,O007-FREMLIN-V2-S233-SEG-233K,487,233K,233K,577,594,23552,23564,25121,25132,"g\times
h",g\times h,b56c2baf4395068ff98de2cd2c39ce62bdbfa975844db7565232490d6dbb3882,8dac5acb5aef16948dd52783287cd917206915e13ec0b19fa7ced3e9a5fd9d41,7e490570db03a644baba28cf94b99689f0ba3f2b8d03877db6d696310d1b4c98,$,,7e490570db03a644baba28cf94b99689f0ba3f2b8d03877db6d696310d1b4c98,7e490570db03a644baba28cf94b99689f0ba3f2b8d03877db6d696310d1b4c98,"{""basis"":""ordered nested-math atom; exact symbolic replay"",""kind"":""source-target-formula-map""}"
1.1.0,formula,O007-FREMLIN-V2-S233-FORMULA-0488,O007-FREMLIN-V2-S233,O007-RIGHTS-FREMLIN-DSL,O007-FREMLIN-V2-S233-SEG-233K,488,233K,233K,578,595,23597,23608,25169,25180,f\times h,f\times h,cba16ce5f483a33a0bf81b2e7ee5ee2fd62b1df05f91812a5c2373711f3c2187,cba16ce5f483a33a0bf81b2e7ee5ee2fd62b1df05f91812a5c2373711f3c2187,47f7efd3ee7e06bef44420bfafca1a48aaab518b4387bea2dcf5479df50d9330,$,,47f7efd3ee7e06bef44420bfafca1a48aaab518b4387bea2dcf5479df50d9330,47f7efd3ee7e06bef44420bfafca1a48aaab518b4387bea2dcf5479df50d9330,"{""basis"":""ordered nested-math atom; exact symbolic replay"",""kind"":""source-target-formula-map""}"
1.1.0,formula,O007-FREMLIN-V2-S233-FORMULA-0489,O007-FREMLIN-V2-S233,O007-RIGHTS-FREMLIN-DSL,O007-FREMLIN-V2-S233-SEG-233K,489,233K,233K,582,599,23664,23667,25241,25244,f,f,252f10c83610ebca1a059c0bae8255eba2f95be4d1d7bcfa89d7248a82d9f111,252f10c83610ebca1a059c0bae8255eba2f95be4d1d7bcfa89d7248a82d9f111,252f10c83610ebca1a059c0bae8255eba2f95be4d1d7bcfa89d7248a82d9f111,$,,252f10c83610ebca1a059c0bae8255eba2f95be4d1d7bcfa89d7248a82d9f111,252f10c83610ebca1a059c0bae8255eba2f95be4d1d7bcfa89d7248a82d9f111,"{""basis"":""ordered nested-math atom; exact symbolic replay"",""kind"":""source-target-formula-map""}"
1.1.0,formula,O007-FREMLIN-V2-S233-FORMULA-0490,O007-FREMLIN-V2-S233,O007-RIGHTS-FREMLIN-DSL,O007-FREMLIN-V2-S233-SEG-233K,490,233K,233K,582,599,23669,23677,25246,25254,h\ge 0,h\ge 0,7e208aa8fc87c38507b8793b896581926690e0944e89ebbbdf4d64d0e7d5de25,7e208aa8fc87c38507b8793b896581926690e0944e89ebbbdf4d64d0e7d5de25,570932d90a1925eb36c929e0eb07c9377293d979c649c7e5631e3768e8a92f62,$,,570932d90a1925eb36c929e0eb07c9377293d979c649c7e5631e3768e8a92f62,570932d90a1925eb36c929e0eb07c9377293d979c649c7e5631e3768e8a92f62,"{""basis"":""ordered nested-math atom; exact symbolic replay"",""kind"":""source-target-formula-map""}"
1.1.0,formula,O007-FREMLIN-V2-S233-FORMULA-0491,O007-FREMLIN-V2-S233,O007-RIGHTS-FREMLIN-DSL,O007-FREMLIN-V2-S233-SEG-233K,491,233K,233K,582,599,23686,23698,25261,25273,g=g_0\ge 0,g=g_0\ge 0,6055e0546dfc6acd9686b7339b15eb564b483a12c68ad564b218b6acacd10c8c,6055e0546dfc6acd9686b7339b15eb564b483a12c68ad564b218b6acacd10c8c,b140871fe10bcc59ed2136409e64370b43e7b11d41a9d7912904e2be86a56f21,$,,b140871fe10bcc59ed2136409e64370b43e7b11d41a9d7912904e2be86a56f21,b140871fe10bcc59ed2136409e64370b43e7b11d41a9d7912904e2be86a56f21,"{""basis"":""ordered nested-math atom; exact symbolic replay"",""kind"":""source-target-formula-map""}"
1.1.0,formula,O007-FREMLIN-V2-S233-FORMULA-0492,O007-FREMLIN-V2-S233,O007-RIGHTS-FREMLIN-DSL,O007-FREMLIN-V2-S233-SEG-233K,492,233K,233K,583,600,23719,23729,25312,25322,\tilde h,\tilde h,ed669509251b7b05a0765c050949fa7013dc9c4001af626291cbe09b5037e582,ed669509251b7b05a0765c050949fa7013dc9c4001af626291cbe09b5037e582,503af3c88e9be43b2b1c2c0647b22778631e5f07262d9301569f0e608c06c2b1,$,,503af3c88e9be43b2b1c2c0647b22778631e5f07262d9301569f0e608c06c2b1,503af3c88e9be43b2b1c2c0647b22778631e5f07262d9301569f0e608c06c2b1,"{""basis"":""ordered nested-math atom; exact symbolic replay"",""kind"":""source-target-formula-map""}"
1.1.0,formula,O007-FREMLIN-V2-S233-FORMULA-0493,O007-FREMLIN-V2-S233,O007-RIGHTS-FREMLIN-DSL,O007-FREMLIN-V2-S233-SEG-233K,493,233K,233K,584,601,23749,23755,25369,25375,\Tau,\Tau,a34699b8745d985590df162103fdf28f3ec3426d7f12ca80a1b9c6f87686099a,a34699b8745d985590df162103fdf28f3ec3426d7f12ca80a1b9c6f87686099a,a34699b8745d985590df162103fdf28f3ec3426d7f12ca80a1b9c6f87686099a,$,,a34699b8745d985590df162103fdf28f3ec3426d7f12ca80a1b9c6f87686099a,a34699b8745d985590df162103fdf28f3ec3426d7f12ca80a1b9c6f87686099a,"{""basis"":""ordered nested-math atom; exact symbolic replay"",""kind"":""source-target-formula-map""}"
1.1.0,formula,O007-FREMLIN-V2-S233-FORMULA-0494,O007-FREMLIN-V2-S233,O007-RIGHTS-FREMLIN-DSL,O007-FREMLIN-V2-S233-SEG-233K,494,233K,233K,584,601,23798,23801,25407,25410,X,X,4b68ab3847feda7d6c62c1fbcbeebfa35eab7351ed5e78f4ddadea5df64b8015,4b68ab3847feda7d6c62c1fbcbeebfa35eab7351ed5e78f4ddadea5df64b8015,4b68ab3847feda7d6c62c1fbcbeebfa35eab7351ed5e78f4ddadea5df64b8015,$,,4b68ab3847feda7d6c62c1fbcbeebfa35eab7351ed5e78f4ddadea5df64b8015,4b68ab3847feda7d6c62c1fbcbeebfa35eab7351ed5e78f4ddadea5df64b8015,"{""basis"":""ordered nested-math atom; exact symbolic replay"",""kind"":""source-target-formula-map""}"
1.1.0,formula,O007-FREMLIN-V2-S233-FORMULA-0495,O007-FREMLIN-V2-S233,O007-RIGHTS-FREMLIN-DSL,O007-FREMLIN-V2-S233-SEG-233K,495,233K,233K,585,602,23813,23828,25431,25446,h\eae\tilde h,h\eae\tilde h,cd060026d6b38cc0b12248088d3b42518d07ad9fbae001691626e7daba34580b,cd060026d6b38cc0b12248088d3b42518d07ad9fbae001691626e7daba34580b,fcdb6aded12de1ac9cd815db3ebfbaa4b080f21fc5a0c0f7cb175cb95418bddf,$,,fcdb6aded12de1ac9cd815db3ebfbaa4b080f21fc5a0c0f7cb175cb95418bddf,fcdb6aded12de1ac9cd815db3ebfbaa4b080f21fc5a0c0f7cb175cb95418bddf,"{""basis"":""ordered nested-math atom; exact symbolic replay"",""kind"":""source-target-formula-map""}"
1.1.0,formula,O007-FREMLIN-V2-S233-FORMULA-0496,O007-FREMLIN-V2-S233,O007-RIGHTS-FREMLIN-DSL,O007-FREMLIN-V2-S233-SEG-233K,496,233K,233K,585,602,23842,23854,25461,25473,n\in\Bbb N,n\in\Bbb N,d213946df59f2b85be55436de61a489b7c24c216dfb26056fc2946b32c730709,d213946df59f2b85be55436de61a489b7c24c216dfb26056fc2946b32c730709,02bb197ae0de627eb1861382dcf81826f92f1895770d739be7f05b2435488186,$,,02bb197ae0de627eb1861382dcf81826f92f1895770d739be7f05b2435488186,02bb197ae0de627eb1861382dcf81826f92f1895770d739be7f05b2435488186,"{""basis"":""ordered nested-math atom; exact symbolic replay"",""kind"":""source-target-formula-map""}"
1.1.0,formula,O007-FREMLIN-V2-S233-FORMULA-0497,O007-FREMLIN-V2-S233,O007-RIGHTS-FREMLIN-DSL,O007-FREMLIN-V2-S233-SEG-233K,497,233K,233K,587,604,23862,24010,25485,25631,"\eqalign{h_n(x)
&=2^{-n}k\text{ if }0\le k<4^n
  \text{ and }2^{-n}k\le\tilde h(x)<2^{-n}(k+1),\cr
&=2^n\text{ if }\tilde h(x)\ge 2^{-n}.\cr}","\eqalign{h_n(x)
&=2^{-n}k\text{ jika }0\le k<4^n
  \text{ dan }2^{-n}k\le\tilde h(x)<2^{-n}(k+1),\cr
&=2^n\text{ jika }\tilde h(x)\ge 2^n.\cr}",c246db1d03a6d38f9c819c43529475d090213ec697ed322fc8dbbb83c27c0bc4,b634d4671a56e955c41a00494fd0d30597b076089711024020f899dd9efc3ad9,0ea870d036063a07a26606e87a9c40cfc3d55722c2f9b1ff4867731708e3a4e2,$$,"[""O007-CORR-0096""]",606c0a4604fb468d6dc656ed463552c3b4c6f377c2804b7aec59ead21d6ad588,0ea870d036063a07a26606e87a9c40cfc3d55722c2f9b1ff4867731708e3a4e2,"{""basis"":""ordered nested-math atom; ledgered source correction"",""kind"":""source-target-formula-map""}"
1.1.0,formula,O007-FREMLIN-V2-S233-FORMULA-0498,O007-FREMLIN-V2-S233,O007-RIGHTS-FREMLIN-DSL,O007-FREMLIN-V2-S233-SEG-233K,498,233K,233K,592,609,24029,24034,25648,25653,h_n,h_n,785ae493560363c1d6e13cabadb07c15a851a2e77245a9bd694b4e671468026f,785ae493560363c1d6e13cabadb07c15a851a2e77245a9bd694b4e671468026f,785ae493560363c1d6e13cabadb07c15a851a2e77245a9bd694b4e671468026f,$,,785ae493560363c1d6e13cabadb07c15a851a2e77245a9bd694b4e671468026f,785ae493560363c1d6e13cabadb07c15a851a2e77245a9bd694b4e671468026f,"{""basis"":""ordered nested-math atom; exact symbolic replay"",""kind"":""source-target-formula-map""}"
1.1.0,formula,O007-FREMLIN-V2-S233-FORMULA-0499,O007-FREMLIN-V2-S233,O007-RIGHTS-FREMLIN-DSL,O007-FREMLIN-V2-S233-SEG-233K,499,233K,233K,592,610,24040,24058,25686,25704,(\mu\restrp\Tau),(\mu\restrp\Tau),5146f44e514ebfae3789bef38ab87a630ea5c61010e129e72bd74f330534450b,5146f44e514ebfae3789bef38ab87a630ea5c61010e129e72bd74f330534450b,5146f44e514ebfae3789bef38ab87a630ea5c61010e129e72bd74f330534450b,$,,5146f44e514ebfae3789bef38ab87a630ea5c61010e129e72bd74f330534450b,5146f44e514ebfae3789bef38ab87a630ea5c61010e129e72bd74f330534450b,"{""basis"":""ordered nested-math atom; exact symbolic replay"",""kind"":""source-target-formula-map""}"
1.1.0,formula,O007-FREMLIN-V2-S233-FORMULA-0500,O007-FREMLIN-V2-S233,O007-RIGHTS-FREMLIN-DSL,O007-FREMLIN-V2-S233-SEG-233K,500,233K,233K,593,610,24080,24093,25715,25728,g\times h_n,g\times h_n,9349fddff5551f21f16565922b67e74341ecd2caa133d67fcf9eab8c673aac64,9349fddff5551f21f16565922b67e74341ecd2caa133d67fcf9eab8c673aac64,013ff939bd5a6cf683e4d873562286d0f1d345551236100024648617609e0d78,$,,013ff939bd5a6cf683e4d873562286d0f1d345551236100024648617609e0d78,013ff939bd5a6cf683e4d873562286d0f1d345551236100024648617609e0d78,"{""basis"":""ordered nested-math atom; exact symbolic replay"",""kind"":""source-target-formula-map""}"
1.1.0,formula,O007-FREMLIN-V2-S233-FORMULA-0501,O007-FREMLIN-V2-S233,O007-RIGHTS-FREMLIN-DSL,O007-FREMLIN-V2-S233-SEG-233K,501,233K,233K,593,611,24126,24139,25765,25778,f\times h_n,f\times h_n,197a1e068193538d0620a927734a7a23deeecee2036318101513ea0cc4424a93,197a1e068193538d0620a927734a7a23deeecee2036318101513ea0cc4424a93,0e24ad7a41d1cdc5462a045c6760bc231f10584c2a7c9630b00af75f6fb7c515,$,,0e24ad7a41d1cdc5462a045c6760bc231f10584c2a7c9630b00af75f6fb7c515,0e24ad7a41d1cdc5462a045c6760bc231f10584c2a7c9630b00af75f6fb7c515,"{""basis"":""ordered nested-math atom; exact symbolic replay"",""kind"":""source-target-formula-map""}"
1.1.0,formula,O007-FREMLIN-V2-S233-FORMULA-0502,O007-FREMLIN-V2-S233,O007-RIGHTS-FREMLIN-DSL,O007-FREMLIN-V2-S233-SEG-233K,502,233K,233K,594,611,24147,24172,25788,25813,\sequencen{f\times h_n},\sequencen{f\times h_n},8d2b546972bdf7898484f3249d2c64edc2dfc9455f730a0110759ef999737419,8d2b546972bdf7898484f3249d2c64edc2dfc9455f730a0110759ef999737419,a7caf70b8a8990fcaafee184de98f9625190ce513e0b350d976cf5ee8b576d29,$,,a7caf70b8a8990fcaafee184de98f9625190ce513e0b350d976cf5ee8b576d29,a7caf70b8a8990fcaafee184de98f9625190ce513e0b350d976cf5ee8b576d29,"{""basis"":""ordered nested-math atom; exact symbolic replay"",""kind"":""source-target-formula-map""}"
1.1.0,formula,O007-FREMLIN-V2-S233-FORMULA-0503,O007-FREMLIN-V2-S233,O007-RIGHTS-FREMLIN-DSL,O007-FREMLIN-V2-S233-SEG-233K,503,233K,233K,594,612,24177,24202,25818,25843,\sequencen{g\times h_n},\sequencen{g\times h_n},0bb8d81b2308b065daba8958f76d0c88f222055688fb1984bce2bc92fba97346,0bb8d81b2308b065daba8958f76d0c88f222055688fb1984bce2bc92fba97346,e014c18fa221da32f7d9d44e02ea76e06969970d15315e36bb96ab4803ac356f,$,,e014c18fa221da32f7d9d44e02ea76e06969970d15315e36bb96ab4803ac356f,e014c18fa221da32f7d9d44e02ea76e06969970d15315e36bb96ab4803ac356f,"{""basis"":""ordered nested-math atom; exact symbolic replay"",""kind"":""source-target-formula-map""}"
1.1.0,formula,O007-FREMLIN-V2-S233-FORMULA-0504,O007-FREMLIN-V2-S233,O007-RIGHTS-FREMLIN-DSL,O007-FREMLIN-V2-S233-SEG-233K,504,233K,233K,596,614,24289,24300,25965,25976,f\times h,f\times h,cba16ce5f483a33a0bf81b2e7ee5ee2fd62b1df05f91812a5c2373711f3c2187,cba16ce5f483a33a0bf81b2e7ee5ee2fd62b1df05f91812a5c2373711f3c2187,47f7efd3ee7e06bef44420bfafca1a48aaab518b4387bea2dcf5479df50d9330,$,,47f7efd3ee7e06bef44420bfafca1a48aaab518b4387bea2dcf5479df50d9330,47f7efd3ee7e06bef44420bfafca1a48aaab518b4387bea2dcf5479df50d9330,"{""basis"":""ordered nested-math atom; exact symbolic replay"",""kind"":""source-target-formula-map""}"
1.1.0,formula,O007-FREMLIN-V2-S233-FORMULA-0505,O007-FREMLIN-V2-S233,O007-RIGHTS-FREMLIN-DSL,O007-FREMLIN-V2-S233-SEG-233K,505,233K,233K,596,614,24305,24316,25981,25992,g\times h,g\times h,8dac5acb5aef16948dd52783287cd917206915e13ec0b19fa7ced3e9a5fd9d41,8dac5acb5aef16948dd52783287cd917206915e13ec0b19fa7ced3e9a5fd9d41,7e490570db03a644baba28cf94b99689f0ba3f2b8d03877db6d696310d1b4c98,$,,7e490570db03a644baba28cf94b99689f0ba3f2b8d03877db6d696310d1b4c98,7e490570db03a644baba28cf94b99689f0ba3f2b8d03877db6d696310d1b4c98,"{""basis"":""ordered nested-math atom; exact symbolic replay"",""kind"":""source-target-formula-map""}"
1.1.0,formula,O007-FREMLIN-V2-S233-FORMULA-0506,O007-FREMLIN-V2-S233,O007-RIGHTS-FREMLIN-DSL,O007-FREMLIN-V2-S233-SEG-233K,506,233K,233K,598,616,24357,24715,26019,26377,"\eqalignno{f\times h\text{ is integrable}
&\iff\,f\times\tilde h\text{ is integrable}\cr
&\iff\,\sup_{n\in\Bbb N}\int f\times h_n<\infty
\iff\,\sup_{n\in\Bbb N}\int g\times h_n<\infty\cr
\noalign{\noindent (because $\int g\times h_n=\int f\times h_n$ for each
$n$)}
&\iff\,g\times h\text{ is integrable}
\iff\,g_0\times h\text{ is integrable}.\cr}","\eqalignno{f\times h\text{ terintegralkan}
&\iff\,f\times\tilde h\text{ terintegralkan}\cr
&\iff\,\sup_{n\in\Bbb N}\int f\times h_n<\infty
\iff\,\sup_{n\in\Bbb N}\int g\times h_n<\infty\cr
\noalign{\noindent (karena $\int g\times h_n=\int f\times h_n$ untuk
setiap $n$)}
&\iff\,g\times h\text{ terintegralkan}
\iff\,g_0\times h\text{ terintegralkan}.\cr}",e2eb68057c086a1216493bbada7b6b75184a307ca1493a9b507313ce5593e364,3807a063ddf27a1c015805da454f7f72bb9ceb031b5da4cb0946d03e88e4cf39,08c8a432ff2ac4158f6ac095ac18e49a2db2d3081e590be3800c30814ff499fc,$$,,ebd25257d1fc6a91846a3815c9d9e5e2ece2ac4e717b6c2b276db67231692800,08c8a432ff2ac4158f6ac095ac18e49a2db2d3081e590be3800c30814ff499fc,"{""basis"":""ordered nested-math atom; reader-text localization inside math"",""kind"":""source-target-formula-map""}"
1.1.0,formula,O007-FREMLIN-V2-S233-FORMULA-0507,O007-FREMLIN-V2-S233,O007-RIGHTS-FREMLIN-DSL,O007-FREMLIN-V2-S233-SEG-233K,507,233K,233K,609,627,24755,24932,26416,26588,"\eqalign{\int_Ef\times h
&=\int_Ef\times\tilde h
=\lim_{n\to\infty}\int_Ef\times h_n\cr
&=\lim_{n\to\infty}\int_Eg\times h_n
=\int_Eg\times\tilde h
=\int_Eg\times h\cr}","\eqalign{\int_Ef\times h
&=\int_Ef\times\tilde h
=\lim_{n\to\infty}\int_Ef\times h_n\cr
&=\lim_{n\to\infty}\int_Eg\times h_n
=\int_Eg\times\tilde h
=\int_Eg\times h\cr}",c510bb4ea864628d4dba37de083e747f9b6d7c988d4ffcbde6de9e3277cd17cf,e65a764babc6c791021dc72ca4e03b2a9506512fedcb938cb9b87e5739603819,a0000cc72b3b00d6ccae05c9d1f712f9ca06044137998f546ec3ecf83906029a,$$,,a0000cc72b3b00d6ccae05c9d1f712f9ca06044137998f546ec3ecf83906029a,a0000cc72b3b00d6ccae05c9d1f712f9ca06044137998f546ec3ecf83906029a,"{""basis"":""ordered nested-math atom; exact symbolic replay"",""kind"":""source-target-formula-map""}"
1.1.0,formula,O007-FREMLIN-V2-S233-FORMULA-0508,O007-FREMLIN-V2-S233,O007-RIGHTS-FREMLIN-DSL,O007-FREMLIN-V2-S233-SEG-233K,508,233K,233K,616,634,24956,24966,26613,26623,E\in\Tau,E\in\Tau,2c51c23a716fda0bf481e7a5326d3f3bfbae2b118b054427c24bebecf5853122,2c51c23a716fda0bf481e7a5326d3f3bfbae2b118b054427c24bebecf5853122,2c51c23a716fda0bf481e7a5326d3f3bfbae2b118b054427c24bebecf5853122,$,,2c51c23a716fda0bf481e7a5326d3f3bfbae2b118b054427c24bebecf5853122,2c51c23a716fda0bf481e7a5326d3f3bfbae2b118b054427c24bebecf5853122,"{""basis"":""ordered nested-math atom; exact symbolic replay"",""kind"":""source-target-formula-map""}"
1.1.0,formula,O007-FREMLIN-V2-S233-FORMULA-0509,O007-FREMLIN-V2-S233,O007-RIGHTS-FREMLIN-DSL,O007-FREMLIN-V2-S233-SEG-233K,509,233K,233K,616,634,24974,24985,26635,26646,g\times h,g\times h,8dac5acb5aef16948dd52783287cd917206915e13ec0b19fa7ced3e9a5fd9d41,8dac5acb5aef16948dd52783287cd917206915e13ec0b19fa7ced3e9a5fd9d41,7e490570db03a644baba28cf94b99689f0ba3f2b8d03877db6d696310d1b4c98,$,,7e490570db03a644baba28cf94b99689f0ba3f2b8d03877db6d696310d1b4c98,7e490570db03a644baba28cf94b99689f0ba3f2b8d03877db6d696310d1b4c98,"{""basis"":""ordered nested-math atom; exact symbolic replay"",""kind"":""source-target-formula-map""}"
1.1.0,formula,O007-FREMLIN-V2-S233-FORMULA-0510,O007-FREMLIN-V2-S233,O007-RIGHTS-FREMLIN-DSL,O007-FREMLIN-V2-S233-SEG-233K,510,233K,233K,617,635,24990,25008,26679,26697,(\mu\restrp\Tau),(\mu\restrp\Tau),5146f44e514ebfae3789bef38ab87a630ea5c61010e129e72bd74f330534450b,5146f44e514ebfae3789bef38ab87a630ea5c61010e129e72bd74f330534450b,5146f44e514ebfae3789bef38ab87a630ea5c61010e129e72bd74f330534450b,$,,5146f44e514ebfae3789bef38ab87a630ea5c61010e129e72bd74f330534450b,5146f44e514ebfae3789bef38ab87a630ea5c61010e129e72bd74f330534450b,"{""basis"":""ordered nested-math atom; exact symbolic replay"",""kind"":""source-target-formula-map""}"
1.1.0,formula,O007-FREMLIN-V2-S233-FORMULA-0511,O007-FREMLIN-V2-S233,O007-RIGHTS-FREMLIN-DSL,O007-FREMLIN-V2-S233-SEG-233K,511,233K,233K,617,635,25034,25045,26708,26719,g\times h,g\times h,8dac5acb5aef16948dd52783287cd917206915e13ec0b19fa7ced3e9a5fd9d41,8dac5acb5aef16948dd52783287cd917206915e13ec0b19fa7ced3e9a5fd9d41,7e490570db03a644baba28cf94b99689f0ba3f2b8d03877db6d696310d1b4c98,$,,7e490570db03a644baba28cf94b99689f0ba3f2b8d03877db6d696310d1b4c98,7e490570db03a644baba28cf94b99689f0ba3f2b8d03877db6d696310d1b4c98,"{""basis"":""ordered nested-math atom; exact symbolic replay"",""kind"":""source-target-formula-map""}"
1.1.0,formula,O007-FREMLIN-V2-S233-FORMULA-0512,O007-FREMLIN-V2-S233,O007-RIGHTS-FREMLIN-DSL,O007-FREMLIN-V2-S233-SEG-233K,512,233K,233K,618,636,25079,25090,26756,26767,f\times h,f\times h,cba16ce5f483a33a0bf81b2e7ee5ee2fd62b1df05f91812a5c2373711f3c2187,cba16ce5f483a33a0bf81b2e7ee5ee2fd62b1df05f91812a5c2373711f3c2187,47f7efd3ee7e06bef44420bfafca1a48aaab518b4387bea2dcf5479df50d9330,$,,47f7efd3ee7e06bef44420bfafca1a48aaab518b4387bea2dcf5479df50d9330,47f7efd3ee7e06bef44420bfafca1a48aaab518b4387bea2dcf5479df50d9330,"{""basis"":""ordered nested-math atom; exact symbolic replay"",""kind"":""source-target-formula-map""}"
1.1.0,formula,O007-FREMLIN-V2-S233-FORMULA-0513,O007-FREMLIN-V2-S233,O007-RIGHTS-FREMLIN-DSL,O007-FREMLIN-V2-S233-SEG-233K,513,233K,233K,622,640,25166,25169,26825,26828,f,f,252f10c83610ebca1a059c0bae8255eba2f95be4d1d7bcfa89d7248a82d9f111,252f10c83610ebca1a059c0bae8255eba2f95be4d1d7bcfa89d7248a82d9f111,252f10c83610ebca1a059c0bae8255eba2f95be4d1d7bcfa89d7248a82d9f111,$,,252f10c83610ebca1a059c0bae8255eba2f95be4d1d7bcfa89d7248a82d9f111,252f10c83610ebca1a059c0bae8255eba2f95be4d1d7bcfa89d7248a82d9f111,"{""basis"":""ordered nested-math atom; exact symbolic replay"",""kind"":""source-target-formula-map""}"
1.1.0,formula,O007-FREMLIN-V2-S233-FORMULA-0514,O007-FREMLIN-V2-S233,O007-RIGHTS-FREMLIN-DSL,O007-FREMLIN-V2-S233-SEG-233K,514,233K,233K,623,640,25196,25199,26848,26851,h,h,aaa9402664f1a41f40ebbc52c9993eb66aeb366602958fdfaa283b71e64db123,aaa9402664f1a41f40ebbc52c9993eb66aeb366602958fdfaa283b71e64db123,aaa9402664f1a41f40ebbc52c9993eb66aeb366602958fdfaa283b71e64db123,$,,aaa9402664f1a41f40ebbc52c9993eb66aeb366602958fdfaa283b71e64db123,aaa9402664f1a41f40ebbc52c9993eb66aeb366602958fdfaa283b71e64db123,"{""basis"":""ordered nested-math atom; exact symbolic replay"",""kind"":""source-target-formula-map""}"
1.1.0,formula,O007-FREMLIN-V2-S233-FORMULA-0515,O007-FREMLIN-V2-S233,O007-RIGHTS-FREMLIN-DSL,O007-FREMLIN-V2-S233-SEG-233K,515,233K,233K,623,641,25207,25220,26885,26898,f^+=f\vee 0,f^+=f\vee 0,c1727ce0f15792be528b272c7d834397318ebdcda4803ea3f8af19f3dbba3868,c1727ce0f15792be528b272c7d834397318ebdcda4803ea3f8af19f3dbba3868,2ea73a80296dc52f5a9133ff76f727d0a3b18f9e59bcaf0dda599eddccee982f,$,,2ea73a80296dc52f5a9133ff76f727d0a3b18f9e59bcaf0dda599eddccee982f,2ea73a80296dc52f5a9133ff76f727d0a3b18f9e59bcaf0dda599eddccee982f,"{""basis"":""ordered nested-math atom; exact symbolic replay"",""kind"":""source-target-formula-map""}"
1.1.0,formula,O007-FREMLIN-V2-S233-FORMULA-0516,O007-FREMLIN-V2-S233,O007-RIGHTS-FREMLIN-DSL,O007-FREMLIN-V2-S233-SEG-233K,516,233K,233K,623,641,25222,25238,26903,26919,f^-=(-f)\vee 0,f^-=(-f)\vee 0,5d3bdd8be8d85bf302f71b71dba1de4de62fc9e66dd8bf1ad707f7063402879c,5d3bdd8be8d85bf302f71b71dba1de4de62fc9e66dd8bf1ad707f7063402879c,b91f7c5832b73253847f12c424f814f3ccb65f7755ea636bc59d3e1ad51f2344,$,,b91f7c5832b73253847f12c424f814f3ccb65f7755ea636bc59d3e1ad51f2344,b91f7c5832b73253847f12c424f814f3ccb65f7755ea636bc59d3e1ad51f2344,"{""basis"":""ordered nested-math atom; exact symbolic replay"",""kind"":""source-target-formula-map""}"
1.1.0,formula,O007-FREMLIN-V2-S233-FORMULA-0517,O007-FREMLIN-V2-S233,O007-RIGHTS-FREMLIN-DSL,O007-FREMLIN-V2-S233-SEG-233K,517,233K,233K,624,642,25249,25260,26930,26941,f=f^+-f^-,f=f^+-f^-,1d5557984159e07be808284495d4f68be062593ac9d2026816bcc1e1b19f6848,1d5557984159e07be808284495d4f68be062593ac9d2026816bcc1e1b19f6848,1d5557984159e07be808284495d4f68be062593ac9d2026816bcc1e1b19f6848,$,,1d5557984159e07be808284495d4f68be062593ac9d2026816bcc1e1b19f6848,1d5557984159e07be808284495d4f68be062593ac9d2026816bcc1e1b19f6848,"{""basis"":""ordered nested-math atom; exact symbolic replay"",""kind"":""source-target-formula-map""}"
1.1.0,formula,O007-FREMLIN-V2-S233-FORMULA-0518,O007-FREMLIN-V2-S233,O007-RIGHTS-FREMLIN-DSL,O007-FREMLIN-V2-S233-SEG-233K,518,233K,233K,624,642,25265,25287,26946,26968,"0\le f^+,\,f^-\le|f|","0\le f^+,\,f^-\le|f|",5b94aed26f0d5e513e1d86b19d534c88784a94d1ed327b9bea22b2a91d1500f8,5b94aed26f0d5e513e1d86b19d534c88784a94d1ed327b9bea22b2a91d1500f8,1d118dcdd57bfd26a47cd9ad461f6d824ede86a57032777ed0f735a6661d2476,$,,1d118dcdd57bfd26a47cd9ad461f6d824ede86a57032777ed0f735a6661d2476,1d118dcdd57bfd26a47cd9ad461f6d824ede86a57032777ed0f735a6661d2476,"{""basis"":""ordered nested-math atom; exact symbolic replay"",""kind"":""source-target-formula-map""}"
1.1.0,formula,O007-FREMLIN-V2-S233-FORMULA-0519,O007-FREMLIN-V2-S233,O007-RIGHTS-FREMLIN-DSL,O007-FREMLIN-V2-S233-SEG-233K,519,233K,233K,625,643,25306,25319,26998,27011,h^+=h\vee 0,h^+=h\vee 0,92253e992031d845d299e8412142fdaa276d48cb2b762a7bdce5ea1f2cb1533f,92253e992031d845d299e8412142fdaa276d48cb2b762a7bdce5ea1f2cb1533f,ebd8427735bef7cf1c532109a4b5fada1d1faaca9760f6b931a96e94c5aa3db3,$,,ebd8427735bef7cf1c532109a4b5fada1d1faaca9760f6b931a96e94c5aa3db3,ebd8427735bef7cf1c532109a4b5fada1d1faaca9760f6b931a96e94c5aa3db3,"{""basis"":""ordered nested-math atom; exact symbolic replay"",""kind"":""source-target-formula-map""}"
1.1.0,formula,O007-FREMLIN-V2-S233-FORMULA-0520,O007-FREMLIN-V2-S233,O007-RIGHTS-FREMLIN-DSL,O007-FREMLIN-V2-S233-SEG-233K,520,233K,233K,625,643,25321,25337,27016,27032,h^-=(-h)\vee 0,h^-=(-h)\vee 0,63ad9358ab9d6c40567c742b4d87d7c9d7a4ef95100c06bf75ea772130817cd7,63ad9358ab9d6c40567c742b4d87d7c9d7a4ef95100c06bf75ea772130817cd7,7ece9e9657a8245e4ca3f8dc04a890d7d0ea6d86d278558fd6d1baf592300833,$,,7ece9e9657a8245e4ca3f8dc04a890d7d0ea6d86d278558fd6d1baf592300833,7ece9e9657a8245e4ca3f8dc04a890d7d0ea6d86d278558fd6d1baf592300833,"{""basis"":""ordered nested-math atom; exact symbolic replay"",""kind"":""source-target-formula-map""}"
1.1.0,formula,O007-FREMLIN-V2-S233-FORMULA-0521,O007-FREMLIN-V2-S233,O007-RIGHTS-FREMLIN-DSL,O007-FREMLIN-V2-S233-SEG-233K,521,233K,233K,625,643,25345,25350,27043,27048,g_1,g_1,bf173953a9e841d74581faeb7ca36ed5973583ba0ecfecd7ec042f9c92aaf9f7,bf173953a9e841d74581faeb7ca36ed5973583ba0ecfecd7ec042f9c92aaf9f7,bf173953a9e841d74581faeb7ca36ed5973583ba0ecfecd7ec042f9c92aaf9f7,$,,bf173953a9e841d74581faeb7ca36ed5973583ba0ecfecd7ec042f9c92aaf9f7,bf173953a9e841d74581faeb7ca36ed5973583ba0ecfecd7ec042f9c92aaf9f7,"{""basis"":""ordered nested-math atom; exact symbolic replay"",""kind"":""source-target-formula-map""}"
1.1.0,formula,O007-FREMLIN-V2-S233-FORMULA-0522,O007-FREMLIN-V2-S233,O007-RIGHTS-FREMLIN-DSL,O007-FREMLIN-V2-S233-SEG-233K,522,233K,233K,625,643,25352,25357,27053,27058,g_2,g_2,e6df94744f7ade62c40c3ebc842650d9cd8a42989a98dcd9ec3881d228b29b21,e6df94744f7ade62c40c3ebc842650d9cd8a42989a98dcd9ec3881d228b29b21,e6df94744f7ade62c40c3ebc842650d9cd8a42989a98dcd9ec3881d228b29b21,$,,e6df94744f7ade62c40c3ebc842650d9cd8a42989a98dcd9ec3881d228b29b21,e6df94744f7ade62c40c3ebc842650d9cd8a42989a98dcd9ec3881d228b29b21,"{""basis"":""ordered nested-math atom; exact symbolic replay"",""kind"":""source-target-formula-map""}"
1.1.0,formula,O007-FREMLIN-V2-S233-FORMULA-0523,O007-FREMLIN-V2-S233,O007-RIGHTS-FREMLIN-DSL,O007-FREMLIN-V2-S233-SEG-233K,523,233K,233K,626,644,25390,25395,27085,27090,f^+,f^+,80a45787156d224f85271e24bd63b1e7c06fd095c77c6d7352fdb586cf875901,80a45787156d224f85271e24bd63b1e7c06fd095c77c6d7352fdb586cf875901,80a45787156d224f85271e24bd63b1e7c06fd095c77c6d7352fdb586cf875901,$,,80a45787156d224f85271e24bd63b1e7c06fd095c77c6d7352fdb586cf875901,80a45787156d224f85271e24bd63b1e7c06fd095c77c6d7352fdb586cf875901,"{""basis"":""ordered nested-math atom; exact symbolic replay"",""kind"":""source-target-formula-map""}"
1.1.0,formula,O007-FREMLIN-V2-S233-FORMULA-0524,O007-FREMLIN-V2-S233,O007-RIGHTS-FREMLIN-DSL,O007-FREMLIN-V2-S233-SEG-233K,524,233K,233K,626,644,25397,25402,27095,27100,f^-,f^-,e6e2ccbda3401cc79dc9b19b1ff2e13130133d712c7e6ce23bd586af6b2f9641,e6e2ccbda3401cc79dc9b19b1ff2e13130133d712c7e6ce23bd586af6b2f9641,e6e2ccbda3401cc79dc9b19b1ff2e13130133d712c7e6ce23bd586af6b2f9641,$,,e6e2ccbda3401cc79dc9b19b1ff2e13130133d712c7e6ce23bd586af6b2f9641,e6e2ccbda3401cc79dc9b19b1ff2e13130133d712c7e6ce23bd586af6b2f9641,"{""basis"":""ordered nested-math atom; exact symbolic replay"",""kind"":""source-target-formula-map""}"
1.1.0,formula,O007-FREMLIN-V2-S233-FORMULA-0525,O007-FREMLIN-V2-S233,O007-RIGHTS-FREMLIN-DSL,O007-FREMLIN-V2-S233-SEG-233K,525,233K,233K,626,644,25406,25412,27106,27112,\Tau,\Tau,a34699b8745d985590df162103fdf28f3ec3426d7f12ca80a1b9c6f87686099a,a34699b8745d985590df162103fdf28f3ec3426d7f12ca80a1b9c6f87686099a,a34699b8745d985590df162103fdf28f3ec3426d7f12ca80a1b9c6f87686099a,$,,a34699b8745d985590df162103fdf28f3ec3426d7f12ca80a1b9c6f87686099a,a34699b8745d985590df162103fdf28f3ec3426d7f12ca80a1b9c6f87686099a,"{""basis"":""ordered nested-math atom; exact symbolic replay"",""kind"":""source-target-formula-map""}"
1.1.0,formula,O007-FREMLIN-V2-S233-FORMULA-0526,O007-FREMLIN-V2-S233,O007-RIGHTS-FREMLIN-DSL,O007-FREMLIN-V2-S233-SEG-233K,526,233K,233K,626,645,25424,25434,27121,27131,0\le f^+,0\le f^+,4a49d6e850b875e590c99a78af6560a1c380d4ad9c163b81fe5a4e4294cdf7eb,4a49d6e850b875e590c99a78af6560a1c380d4ad9c163b81fe5a4e4294cdf7eb,bd903280d527fe65b5273f79829be4a5450982e6bd031ec1363228dbb35cc29d,$,,bd903280d527fe65b5273f79829be4a5450982e6bd031ec1363228dbb35cc29d,bd903280d527fe65b5273f79829be4a5450982e6bd031ec1363228dbb35cc29d,"{""basis"":""ordered nested-math atom; exact symbolic replay"",""kind"":""source-target-formula-map""}"
1.1.0,formula,O007-FREMLIN-V2-S233-FORMULA-0527,O007-FREMLIN-V2-S233,O007-RIGHTS-FREMLIN-DSL,O007-FREMLIN-V2-S233-SEG-233K,527,233K,233K,627,645,25437,25448,27133,27144,f^-\le|f|,f^-\le|f|,10efea1495852a4249d8b3be3dd8f11212ba05575b1d518ec18580601279b4f4,10efea1495852a4249d8b3be3dd8f11212ba05575b1d518ec18580601279b4f4,10efea1495852a4249d8b3be3dd8f11212ba05575b1d518ec18580601279b4f4,$,,10efea1495852a4249d8b3be3dd8f11212ba05575b1d518ec18580601279b4f4,10efea1495852a4249d8b3be3dd8f11212ba05575b1d518ec18580601279b4f4,"{""basis"":""ordered nested-math atom; exact symbolic replay"",""kind"":""source-target-formula-map""}"
1.1.0,formula,O007-FREMLIN-V2-S233-FORMULA-0528,O007-FREMLIN-V2-S233,O007-RIGHTS-FREMLIN-DSL,O007-FREMLIN-V2-S233-SEG-233K,528,233K,233K,627,645,25450,25460,27151,27161,0\le g_1,0\le g_1,9e13f4e452646901e2238a4f23883410459cc5441f2135935af5d3e7521522be,9e13f4e452646901e2238a4f23883410459cc5441f2135935af5d3e7521522be,4333687b33fa8aa51a2ae95738e7d746d400f43df04eb56b2e462ddc97e3e8a2,$,,4333687b33fa8aa51a2ae95738e7d746d400f43df04eb56b2e462ddc97e3e8a2,4333687b33fa8aa51a2ae95738e7d746d400f43df04eb56b2e462ddc97e3e8a2,"{""basis"":""ordered nested-math atom; exact symbolic replay"",""kind"":""source-target-formula-map""}"
1.1.0,formula,O007-FREMLIN-V2-S233-FORMULA-0529,O007-FREMLIN-V2-S233,O007-RIGHTS-FREMLIN-DSL,O007-FREMLIN-V2-S233-SEG-233K,529,233K,233K,627,645,25462,25476,27163,27177,g_2\leae g_0,g_2\leae g_0,f904e656a00860a003cadcc24fe49d1ab674e7f4107f80737bf67e2db0b51a29,f904e656a00860a003cadcc24fe49d1ab674e7f4107f80737bf67e2db0b51a29,c1dda05e2085a9e56387570aeaa31c11d927692c823afda82c410a63e917e0c1,$,,c1dda05e2085a9e56387570aeaa31c11d927692c823afda82c410a63e917e0c1,c1dda05e2085a9e56387570aeaa31c11d927692c823afda82c410a63e917e0c1,"{""basis"":""ordered nested-math atom; exact symbolic replay"",""kind"":""source-target-formula-map""}"
1.1.0,formula,O007-FREMLIN-V2-S233-FORMULA-0530,O007-FREMLIN-V2-S233,O007-RIGHTS-FREMLIN-DSL,O007-FREMLIN-V2-S233-SEG-233K,530,233K,233K,627,646,25485,25500,27189,27204,g\eae g_1-g_2,g\eae g_1-g_2,458f441d667ef975f9efe8b093311d7e43f3d3b7ee21f2c5a72e6bd26fe22a35,458f441d667ef975f9efe8b093311d7e43f3d3b7ee21f2c5a72e6bd26fe22a35,56d83697ebe8f362a81b92f408d85c2c5610d20738b4acf6479eeb08881232f5,$,,56d83697ebe8f362a81b92f408d85c2c5610d20738b4acf6479eeb08881232f5,56d83697ebe8f362a81b92f408d85c2c5610d20738b4acf6479eeb08881232f5,"{""basis"":""ordered nested-math atom; exact symbolic replay"",""kind"":""source-target-formula-map""}"
1.1.0,formula,O007-FREMLIN-V2-S233-FORMULA-0531,O007-FREMLIN-V2-S233,O007-RIGHTS-FREMLIN-DSL,O007-FREMLIN-V2-S233-SEG-233K,531,233K,233K,631,650,25520,25712,27227,27420,"\eqalign{f\times h\text{ is integrable}
&\iff\,|f|\times|h|=|f\times h|\text{ is integrable}\cr
&\iff\,g_0\times |h|\text{ is integrable}\cr
&\iff\,g_0\times h\text{ is integrable}.\cr}","\eqalign{f\times h\text{ terintegralkan}
&\iff\,|f|\times|h|=|f\times h|\text{ terintegralkan}\cr
&\iff\,g_0\times |h|\text{ terintegralkan}\cr
&\iff\,g_0\times h\text{ terintegralkan}.\cr}",a968ba80a84e0149e032884645fdf944f66dd8e71226019aa55510690871afc7,fa14a8c87dfe3bf527d6cad90129649a08f393bdfeb8ecb1d17d286f1d68aa16,dd8fdf5c8fd1615e1fcd711c1aadddedb1b302edd2b12faa8847df1b5104fd17,$$,,dd8fdf5c8fd1615e1fcd711c1aadddedb1b302edd2b12faa8847df1b5104fd17,dd8fdf5c8fd1615e1fcd711c1aadddedb1b302edd2b12faa8847df1b5104fd17,"{""basis"":""ordered nested-math atom; exact symbolic replay"",""kind"":""source-target-formula-map""}"
1.1.0,formula,O007-FREMLIN-V2-S233-FORMULA-0532,O007-FREMLIN-V2-S233,O007-RIGHTS-FREMLIN-DSL,O007-FREMLIN-V2-S233-SEG-233K,532,233K,233K,637,656,25756,25792,27465,27501,"f^+\times h^+,\ldots,f^-\times h^-","f^+\times h^+,\ldots,f^-\times h^-",34fced9f4f0135aa1d3b896a0de8a1ecf4a81ef83ea697d059a59e6fd17b7854,34fced9f4f0135aa1d3b896a0de8a1ecf4a81ef83ea697d059a59e6fd17b7854,b20b566a55b9691be1047d4d4f7e172fbc21efe72ef57e06f433810fe2ef8c1c,$,,b20b566a55b9691be1047d4d4f7e172fbc21efe72ef57e06f433810fe2ef8c1c,b20b566a55b9691be1047d4d4f7e172fbc21efe72ef57e06f433810fe2ef8c1c,"{""basis"":""ordered nested-math atom; exact symbolic replay"",""kind"":""source-target-formula-map""}"
1.1.0,formula,O007-FREMLIN-V2-S233-FORMULA-0533,O007-FREMLIN-V2-S233,O007-RIGHTS-FREMLIN-DSL,O007-FREMLIN-V2-S233-SEG-233K,533,233K,233K,639,658,25827,25904,27540,27616,"(g_1-g_2)\times h
=g_1\times h^+-g_2\times h^+-g_1\times h^-+g_2\times h^-","(g_1-g_2)\times h
=g_1\times h^+-g_2\times h^+-g_1\times h^-+g_2\times h^-",8a632790b5109576cc8f9de386bf8b4b785804b6e7c5c8d87c8d46427d4bfafa,137d2f8bdc9ce3086d2bfbf8a266d0d304839a6db2ada5ee99b82cd9e09451d6,aeee5754afa3759df7ca53418ece37502b86f927177a2495f9a4c55b9781b6eb,$,,aeee5754afa3759df7ca53418ece37502b86f927177a2495f9a4c55b9781b6eb,aeee5754afa3759df7ca53418ece37502b86f927177a2495f9a4c55b9781b6eb,"{""basis"":""ordered nested-math atom; exact symbolic replay"",""kind"":""source-target-formula-map""}"
1.1.0,formula,O007-FREMLIN-V2-S233-FORMULA-0534,O007-FREMLIN-V2-S233,O007-RIGHTS-FREMLIN-DSL,O007-FREMLIN-V2-S233-SEG-233K,534,233K,233K,644,663,25966,26037,27678,27748,"f^+\times h^+-f^-\times h^+-f^+\times h^-+f^-\times h^- %
=f\times h","f^+\times h^+-f^-\times h^+-f^+\times h^-+f^-\times h^- %
=f\times h",0bd6e149294fbb77d8de31d1634860ef38174f596b9141538b55c2cc1d4a1594,c36beedf8a329789a26fbd3f995c38a3f9aab58db2b8d33ebce56ba56d080058,d77f3cc7aac97ab1842f72b011757165ee7dd6f28cebc08a4b063708b5ace160,$,,d77f3cc7aac97ab1842f72b011757165ee7dd6f28cebc08a4b063708b5ace160,d77f3cc7aac97ab1842f72b011757165ee7dd6f28cebc08a4b063708b5ace160,"{""basis"":""ordered nested-math atom; exact symbolic replay"",""kind"":""source-target-formula-map""}"
1.1.0,formula,O007-FREMLIN-V2-S233-FORMULA-0535,O007-FREMLIN-V2-S233,O007-RIGHTS-FREMLIN-DSL,O007-FREMLIN-V2-S233-SEG-233K,535,233K,233K,647,666,26059,26091,27769,27801,g\times h\eae(g_1-g_2)\times h,g\times h\eae(g_1-g_2)\times h,e3f47d47ab34ec36231c848f3c9d75078c84be0dbc80281e15e5310b4cec8896,e3f47d47ab34ec36231c848f3c9d75078c84be0dbc80281e15e5310b4cec8896,126a5f72c720478b5e39f77173102e5e06564626a75d0c50865a58af6bbfbc81,$,,126a5f72c720478b5e39f77173102e5e06564626a75d0c50865a58af6bbfbc81,126a5f72c720478b5e39f77173102e5e06564626a75d0c50865a58af6bbfbc81,"{""basis"":""ordered nested-math atom; exact symbolic replay"",""kind"":""source-target-formula-map""}"
1.1.0,formula,O007-FREMLIN-V2-S233-FORMULA-0536,O007-FREMLIN-V2-S233,O007-RIGHTS-FREMLIN-DSL,O007-FREMLIN-V2-S233-SEG-233K,536,233K,233K,648,667,26136,26147,27855,27866,f\times h,f\times h,cba16ce5f483a33a0bf81b2e7ee5ee2fd62b1df05f91812a5c2373711f3c2187,cba16ce5f483a33a0bf81b2e7ee5ee2fd62b1df05f91812a5c2373711f3c2187,47f7efd3ee7e06bef44420bfafca1a48aaab518b4387bea2dcf5479df50d9330,$,,47f7efd3ee7e06bef44420bfafca1a48aaab518b4387bea2dcf5479df50d9330,47f7efd3ee7e06bef44420bfafca1a48aaab518b4387bea2dcf5479df50d9330,"{""basis"":""ordered nested-math atom; exact symbolic replay"",""kind"":""source-target-formula-map""}"
1.1.0,formula,O007-FREMLIN-V2-S233-FORMULA-0537,O007-FREMLIN-V2-S233,O007-RIGHTS-FREMLIN-DSL,O007-FREMLIN-V2-S233-SEG-233X,537,233X,233X,654,673,26263,26279,27985,28001,"(X,\Sigma,\mu)","(X,\Sigma,\mu)",05e9b769403b4c7926a944d5aaa03f00bb216412bc3f850e41b3c28de657aa67,05e9b769403b4c7926a944d5aaa03f00bb216412bc3f850e41b3c28de657aa67,05e9b769403b4c7926a944d5aaa03f00bb216412bc3f850e41b3c28de657aa67,$,,05e9b769403b4c7926a944d5aaa03f00bb216412bc3f850e41b3c28de657aa67,05e9b769403b4c7926a944d5aaa03f00bb216412bc3f850e41b3c28de657aa67,"{""basis"":""ordered nested-math atom; exact symbolic replay"",""kind"":""source-target-formula-map""}"
1.1.0,formula,O007-FREMLIN-V2-S233-FORMULA-0538,O007-FREMLIN-V2-S233,O007-RIGHTS-FREMLIN-DSL,O007-FREMLIN-V2-S233-SEG-233X,538,233X,233X,654,673,26307,26313,28031,28037,\Tau,\Tau,a34699b8745d985590df162103fdf28f3ec3426d7f12ca80a1b9c6f87686099a,a34699b8745d985590df162103fdf28f3ec3426d7f12ca80a1b9c6f87686099a,a34699b8745d985590df162103fdf28f3ec3426d7f12ca80a1b9c6f87686099a,$,,a34699b8745d985590df162103fdf28f3ec3426d7f12ca80a1b9c6f87686099a,a34699b8745d985590df162103fdf28f3ec3426d7f12ca80a1b9c6f87686099a,"{""basis"":""ordered nested-math atom; exact symbolic replay"",""kind"":""source-target-formula-map""}"
1.1.0,formula,O007-FREMLIN-V2-S233-FORMULA-0539,O007-FREMLIN-V2-S233,O007-RIGHTS-FREMLIN-DSL,O007-FREMLIN-V2-S233-SEG-233X,539,233X,233X,655,674,26317,26325,28055,28063,\sigma,\sigma,9c3245dfb4ac54c1623a60e7b8d1fc07cb02eae1229435230c7dab5e71083a26,9c3245dfb4ac54c1623a60e7b8d1fc07cb02eae1229435230c7dab5e71083a26,9c3245dfb4ac54c1623a60e7b8d1fc07cb02eae1229435230c7dab5e71083a26,$,,9c3245dfb4ac54c1623a60e7b8d1fc07cb02eae1229435230c7dab5e71083a26,9c3245dfb4ac54c1623a60e7b8d1fc07cb02eae1229435230c7dab5e71083a26,"{""basis"":""ordered nested-math atom; exact symbolic replay"",""kind"":""source-target-formula-map""}"
1.1.0,formula,O007-FREMLIN-V2-S233-FORMULA-0540,O007-FREMLIN-V2-S233,O007-RIGHTS-FREMLIN-DSL,O007-FREMLIN-V2-S233-SEG-233X,540,233X,233X,655,674,26340,26348,28069,28077,\Sigma,\Sigma,d65d75b1e6562713a3936bb38fdfe6832fb5b96c946de58f7ce0992057665aa8,d65d75b1e6562713a3936bb38fdfe6832fb5b96c946de58f7ce0992057665aa8,d65d75b1e6562713a3936bb38fdfe6832fb5b96c946de58f7ce0992057665aa8,$,,d65d75b1e6562713a3936bb38fdfe6832fb5b96c946de58f7ce0992057665aa8,d65d75b1e6562713a3936bb38fdfe6832fb5b96c946de58f7ce0992057665aa8,"{""basis"":""ordered nested-math atom; exact symbolic replay"",""kind"":""source-target-formula-map""}"
1.1.0,formula,O007-FREMLIN-V2-S233-FORMULA-0541,O007-FREMLIN-V2-S233,O007-RIGHTS-FREMLIN-DSL,O007-FREMLIN-V2-S233-SEG-233X,541,233X,233X,655,674,26356,26373,28088,28105,\sequencen{f_n},\sequencen{f_n},fa5119baa98914bf1c06e7b3e23f2fc7892492f922674476fb599e26e28ac0b6,fa5119baa98914bf1c06e7b3e23f2fc7892492f922674476fb599e26e28ac0b6,fa5119baa98914bf1c06e7b3e23f2fc7892492f922674476fb599e26e28ac0b6,$,,fa5119baa98914bf1c06e7b3e23f2fc7892492f922674476fb599e26e28ac0b6,fa5119baa98914bf1c06e7b3e23f2fc7892492f922674476fb599e26e28ac0b6,"{""basis"":""ordered nested-math atom; exact symbolic replay"",""kind"":""source-target-formula-map""}"
1.1.0,formula,O007-FREMLIN-V2-S233-FORMULA-0542,O007-FREMLIN-V2-S233,O007-RIGHTS-FREMLIN-DSL,O007-FREMLIN-V2-S233-SEG-233X,542,233X,233X,656,675,26405,26410,28143,28148,\mu,\mu,492247e1bab15272d1e53b8015c042bf6fa0cb8f23ec52cad93d6ba80dafb804,492247e1bab15272d1e53b8015c042bf6fa0cb8f23ec52cad93d6ba80dafb804,492247e1bab15272d1e53b8015c042bf6fa0cb8f23ec52cad93d6ba80dafb804,$,,492247e1bab15272d1e53b8015c042bf6fa0cb8f23ec52cad93d6ba80dafb804,492247e1bab15272d1e53b8015c042bf6fa0cb8f23ec52cad93d6ba80dafb804,"{""basis"":""ordered nested-math atom; exact symbolic replay"",""kind"":""source-target-formula-map""}"
1.1.0,formula,O007-FREMLIN-V2-S233-FORMULA-0543,O007-FREMLIN-V2-S233,O007-RIGHTS-FREMLIN-DSL,O007-FREMLIN-V2-S233-SEG-233X,543,233X,233X,656,675,26449,26454,28178,28183,g_n,g_n,15e892a32e1d61ee782785b18626714d299cab29e6fbf25d31fd470d3827b1da,15e892a32e1d61ee782785b18626714d299cab29e6fbf25d31fd470d3827b1da,15e892a32e1d61ee782785b18626714d299cab29e6fbf25d31fd470d3827b1da,$,,15e892a32e1d61ee782785b18626714d299cab29e6fbf25d31fd470d3827b1da,15e892a32e1d61ee782785b18626714d299cab29e6fbf25d31fd470d3827b1da,"{""basis"":""ordered nested-math atom; exact symbolic replay"",""kind"":""source-target-formula-map""}"
1.1.0,formula,O007-FREMLIN-V2-S233-FORMULA-0544,O007-FREMLIN-V2-S233,O007-RIGHTS-FREMLIN-DSL,O007-FREMLIN-V2-S233-SEG-233X,544,233X,233X,657,676,26488,26493,28216,28221,f_n,f_n,e3f4ba757b6d2cf8ebe140b052a2427042dd38434f8215d0cbedd04019595223,e3f4ba757b6d2cf8ebe140b052a2427042dd38434f8215d0cbedd04019595223,e3f4ba757b6d2cf8ebe140b052a2427042dd38434f8215d0cbedd04019595223,$,,e3f4ba757b6d2cf8ebe140b052a2427042dd38434f8215d0cbedd04019595223,e3f4ba757b6d2cf8ebe140b052a2427042dd38434f8215d0cbedd04019595223,"{""basis"":""ordered nested-math atom; exact symbolic replay"",""kind"":""source-target-formula-map""}"
1.1.0,formula,O007-FREMLIN-V2-S233-FORMULA-0545,O007-FREMLIN-V2-S233,O007-RIGHTS-FREMLIN-DSL,O007-FREMLIN-V2-S233-SEG-233X,545,233X,233X,657,676,26497,26503,28227,28233,\Tau,\Tau,a34699b8745d985590df162103fdf28f3ec3426d7f12ca80a1b9c6f87686099a,a34699b8745d985590df162103fdf28f3ec3426d7f12ca80a1b9c6f87686099a,a34699b8745d985590df162103fdf28f3ec3426d7f12ca80a1b9c6f87686099a,$,,a34699b8745d985590df162103fdf28f3ec3426d7f12ca80a1b9c6f87686099a,a34699b8745d985590df162103fdf28f3ec3426d7f12ca80a1b9c6f87686099a,"{""basis"":""ordered nested-math atom; exact symbolic replay"",""kind"":""source-target-formula-map""}"
1.1.0,formula,O007-FREMLIN-V2-S233-FORMULA-0546,O007-FREMLIN-V2-S233,O007-RIGHTS-FREMLIN-DSL,O007-FREMLIN-V2-S233-SEG-233X,546,233X,233X,657,676,26513,26516,28247,28250,n,n,1b16b1df538ba12dc3f97edbb85caa7050d46c148134290feba80f8236c83db9,1b16b1df538ba12dc3f97edbb85caa7050d46c148134290feba80f8236c83db9,1b16b1df538ba12dc3f97edbb85caa7050d46c148134290feba80f8236c83db9,$,,1b16b1df538ba12dc3f97edbb85caa7050d46c148134290feba80f8236c83db9,1b16b1df538ba12dc3f97edbb85caa7050d46c148134290feba80f8236c83db9,"{""basis"":""ordered nested-math atom; exact symbolic replay"",""kind"":""source-target-formula-map""}"
1.1.0,formula,O007-FREMLIN-V2-S233-FORMULA-0547,O007-FREMLIN-V2-S233,O007-RIGHTS-FREMLIN-DSL,O007-FREMLIN-V2-S233-SEG-233X,547,233X,233X,658,677,26534,26561,28261,28288,f=\liminf_{n\to\infty}f_n,f=\liminf_{n\to\infty}f_n,eb10b38a91df3d5c4199b8fb936d5c698fa7dcef491bf5b6702bef790b7998cd,eb10b38a91df3d5c4199b8fb936d5c698fa7dcef491bf5b6702bef790b7998cd,eb10b38a91df3d5c4199b8fb936d5c698fa7dcef491bf5b6702bef790b7998cd,$,,eb10b38a91df3d5c4199b8fb936d5c698fa7dcef491bf5b6702bef790b7998cd,eb10b38a91df3d5c4199b8fb936d5c698fa7dcef491bf5b6702bef790b7998cd,"{""basis"":""ordered nested-math atom; exact symbolic replay"",""kind"":""source-target-formula-map""}"
1.1.0,formula,O007-FREMLIN-V2-S233-FORMULA-0548,O007-FREMLIN-V2-S233,O007-RIGHTS-FREMLIN-DSL,O007-FREMLIN-V2-S233-SEG-233X,548,233X,233X,659,678,26611,26614,28339,28342,g,g,cd0aa9856147b6c5b4ff2b7dfee5da20aa38253099ef1b4a64aced233c9afe29,cd0aa9856147b6c5b4ff2b7dfee5da20aa38253099ef1b4a64aced233c9afe29,cd0aa9856147b6c5b4ff2b7dfee5da20aa38253099ef1b4a64aced233c9afe29,$,,cd0aa9856147b6c5b4ff2b7dfee5da20aa38253099ef1b4a64aced233c9afe29,cd0aa9856147b6c5b4ff2b7dfee5da20aa38253099ef1b4a64aced233c9afe29,"{""basis"":""ordered nested-math atom; exact symbolic replay"",""kind"":""source-target-formula-map""}"
1.1.0,formula,O007-FREMLIN-V2-S233-FORMULA-0549,O007-FREMLIN-V2-S233,O007-RIGHTS-FREMLIN-DSL,O007-FREMLIN-V2-S233-SEG-233X,549,233X,233X,659,679,26628,26659,28360,28391,g\leae\liminf_{n\to\infty}g_n,g\leae\liminf_{n\to\infty}g_n,1390d92aedd6fe785a2ca475f787ce010ef4b88435292e51409d31788d927bbb,1390d92aedd6fe785a2ca475f787ce010ef4b88435292e51409d31788d927bbb,1390d92aedd6fe785a2ca475f787ce010ef4b88435292e51409d31788d927bbb,$,,1390d92aedd6fe785a2ca475f787ce010ef4b88435292e51409d31788d927bbb,1390d92aedd6fe785a2ca475f787ce010ef4b88435292e51409d31788d927bbb,"{""basis"":""ordered nested-math atom; exact symbolic replay"",""kind"":""source-target-formula-map""}"
1.1.0,formula,O007-FREMLIN-V2-S233-FORMULA-0550,O007-FREMLIN-V2-S233,O007-RIGHTS-FREMLIN-DSL,O007-FREMLIN-V2-S233-SEG-233XB,550,233Xb,233Xb,662,682,26691,26709,28425,28443,I\subseteq\Bbb R,I\subseteq\Bbb R,b320cdbc5ab0e4fce5ab227bbe5ff5c320196d2a3d7d893dae54cf74879f4381,b320cdbc5ab0e4fce5ab227bbe5ff5c320196d2a3d7d893dae54cf74879f4381,1f6569a3812314869c6c4b225981af4ea8b0bbd407b523921a9c2cf702c55cee,$,,1f6569a3812314869c6c4b225981af4ea8b0bbd407b523921a9c2cf702c55cee,1f6569a3812314869c6c4b225981af4ea8b0bbd407b523921a9c2cf702c55cee,"{""basis"":""ordered nested-math atom; exact symbolic replay"",""kind"":""source-target-formula-map""}"
1.1.0,formula,O007-FREMLIN-V2-S233-FORMULA-0551,O007-FREMLIN-V2-S233,O007-RIGHTS-FREMLIN-DSL,O007-FREMLIN-V2-S233-SEG-233XB,551,233Xb,233Xb,663,683,26731,26748,28461,28478,\phi:I\to\Bbb R,\phi:I\to\Bbb R,ca942cf661ac90f8edbd75eed2d63f467ab146b0be38ece0ac5b99ecdbf2acca,ca942cf661ac90f8edbd75eed2d63f467ab146b0be38ece0ac5b99ecdbf2acca,31b8814c842d7f4b4c150c5bb6e824d50a59582426aa5fff9997b792679fe609,$,,31b8814c842d7f4b4c150c5bb6e824d50a59582426aa5fff9997b792679fe609,31b8814c842d7f4b4c150c5bb6e824d50a59582426aa5fff9997b792679fe609,"{""basis"":""ordered nested-math atom; exact symbolic replay"",""kind"":""source-target-formula-map""}"
1.1.0,formula,O007-FREMLIN-V2-S233-FORMULA-0552,O007-FREMLIN-V2-S233,O007-RIGHTS-FREMLIN-DSL,O007-FREMLIN-V2-S233-SEG-233XB,552,233Xb,233Xb,663,683,26773,26779,28509,28515,\phi,\phi,10ce0200b450ea955833553e717821c7721818b8a95cffd7e54b46e08918b512,10ce0200b450ea955833553e717821c7721818b8a95cffd7e54b46e08918b512,10ce0200b450ea955833553e717821c7721818b8a95cffd7e54b46e08918b512,$,,10ce0200b450ea955833553e717821c7721818b8a95cffd7e54b46e08918b512,10ce0200b450ea955833553e717821c7721818b8a95cffd7e54b46e08918b512,"{""basis"":""ordered nested-math atom; exact symbolic replay"",""kind"":""source-target-formula-map""}"
1.1.0,formula,O007-FREMLIN-V2-S233-FORMULA-0553,O007-FREMLIN-V2-S233,O007-RIGHTS-FREMLIN-DSL,O007-FREMLIN-V2-S233-SEG-233XB,553,233Xb,233Xb,664,684,26795,26827,28544,28576,"\{x:x\in I,\,\phi(x)+bx\le c\}","\{x:x\in I,\,\phi(x)+bx\le c\}",190177401e75766fb0812cbfe97ba1c9c3412428fb32370e8ee7b40592ec0e04,190177401e75766fb0812cbfe97ba1c9c3412428fb32370e8ee7b40592ec0e04,7c1b0c6ffe7de7f5f8c9156069b5948d88d0be2e4765411dd3a33f7da0717452,$,,7c1b0c6ffe7de7f5f8c9156069b5948d88d0be2e4765411dd3a33f7da0717452,7c1b0c6ffe7de7f5f8c9156069b5948d88d0be2e4765411dd3a33f7da0717452,"{""basis"":""ordered nested-math atom; exact symbolic replay"",""kind"":""source-target-formula-map""}"
1.1.0,formula,O007-FREMLIN-V2-S233-FORMULA-0554,O007-FREMLIN-V2-S233,O007-RIGHTS-FREMLIN-DSL,O007-FREMLIN-V2-S233-SEG-233XB,554,233Xb,233Xb,664,685,26853,26856,28607,28610,b,b,3e23e8160039594a33894f6564e1b1348bbd7a0088d42c4acb73eeaed59c009d,3e23e8160039594a33894f6564e1b1348bbd7a0088d42c4acb73eeaed59c009d,3e23e8160039594a33894f6564e1b1348bbd7a0088d42c4acb73eeaed59c009d,$,,3e23e8160039594a33894f6564e1b1348bbd7a0088d42c4acb73eeaed59c009d,3e23e8160039594a33894f6564e1b1348bbd7a0088d42c4acb73eeaed59c009d,"{""basis"":""ordered nested-math atom; exact symbolic replay"",""kind"":""source-target-formula-map""}"
1.1.0,formula,O007-FREMLIN-V2-S233-FORMULA-0555,O007-FREMLIN-V2-S233,O007-RIGHTS-FREMLIN-DSL,O007-FREMLIN-V2-S233-SEG-233XB,555,233Xb,233Xb,665,685,26859,26871,28612,28624,c\in\Bbb R,c\in\Bbb R,365f5ce487f10d724b33ca913e9f2aff3456a3c2ba87d35652de7cf350ca3be0,365f5ce487f10d724b33ca913e9f2aff3456a3c2ba87d35652de7cf350ca3be0,94bc9d92c15c2e8afaebffdcd5145690aa18e8d3436bad14ca833f19d17e6977,$,,94bc9d92c15c2e8afaebffdcd5145690aa18e8d3436bad14ca833f19d17e6977,94bc9d92c15c2e8afaebffdcd5145690aa18e8d3436bad14ca833f19d17e6977,"{""basis"":""ordered nested-math atom; exact symbolic replay"",""kind"":""source-target-formula-map""}"
1.1.0,formula,O007-FREMLIN-V2-S233-FORMULA-0556,O007-FREMLIN-V2-S233,O007-RIGHTS-FREMLIN-DSL,O007-FREMLIN-V2-S233-SEG-233XC,556,233Xc,233Xc,668,688,26903,26921,28658,28676,I\subseteq\Bbb R,I\subseteq\Bbb R,b320cdbc5ab0e4fce5ab227bbe5ff5c320196d2a3d7d893dae54cf74879f4381,b320cdbc5ab0e4fce5ab227bbe5ff5c320196d2a3d7d893dae54cf74879f4381,1f6569a3812314869c6c4b225981af4ea8b0bbd407b523921a9c2cf702c55cee,$,,1f6569a3812314869c6c4b225981af4ea8b0bbd407b523921a9c2cf702c55cee,1f6569a3812314869c6c4b225981af4ea8b0bbd407b523921a9c2cf702c55cee,"{""basis"":""ordered nested-math atom; exact symbolic replay"",""kind"":""source-target-formula-map""}"
1.1.0,formula,O007-FREMLIN-V2-S233-FORMULA-0557,O007-FREMLIN-V2-S233,O007-RIGHTS-FREMLIN-DSL,O007-FREMLIN-V2-S233-SEG-233XC,557,233Xc,233Xc,669,689,26947,26964,28702,28719,\phi:I\to\Bbb R,\phi:I\to\Bbb R,ca942cf661ac90f8edbd75eed2d63f467ab146b0be38ece0ac5b99ecdbf2acca,ca942cf661ac90f8edbd75eed2d63f467ab146b0be38ece0ac5b99ecdbf2acca,31b8814c842d7f4b4c150c5bb6e824d50a59582426aa5fff9997b792679fe609,$,,31b8814c842d7f4b4c150c5bb6e824d50a59582426aa5fff9997b792679fe609,31b8814c842d7f4b4c150c5bb6e824d50a59582426aa5fff9997b792679fe609,"{""basis"":""ordered nested-math atom; exact symbolic replay"",""kind"":""source-target-formula-map""}"
1.1.0,formula,O007-FREMLIN-V2-S233-FORMULA-0558,O007-FREMLIN-V2-S233,O007-RIGHTS-FREMLIN-DSL,O007-FREMLIN-V2-S233-SEG-233XC,558,233Xc,233Xc,669,689,26996,27002,28759,28765,\phi,\phi,10ce0200b450ea955833553e717821c7721818b8a95cffd7e54b46e08918b512,10ce0200b450ea955833553e717821c7721818b8a95cffd7e54b46e08918b512,10ce0200b450ea955833553e717821c7721818b8a95cffd7e54b46e08918b512,$,,10ce0200b450ea955833553e717821c7721818b8a95cffd7e54b46e08918b512,10ce0200b450ea955833553e717821c7721818b8a95cffd7e54b46e08918b512,"{""basis"":""ordered nested-math atom; exact symbolic replay"",""kind"":""source-target-formula-map""}"
1.1.0,formula,O007-FREMLIN-V2-S233-FORMULA-0559,O007-FREMLIN-V2-S233,O007-RIGHTS-FREMLIN-DSL,O007-FREMLIN-V2-S233-SEG-233XC,559,233Xc,233Xc,670,691,27044,27051,28839,28846,\phi',\phi',97267862925829aad489bbd2cb8acb4a3354f8c84b6a02ef637b8e41561f1ad5,97267862925829aad489bbd2cb8acb4a3354f8c84b6a02ef637b8e41561f1ad5,97267862925829aad489bbd2cb8acb4a3354f8c84b6a02ef637b8e41561f1ad5,$,,97267862925829aad489bbd2cb8acb4a3354f8c84b6a02ef637b8e41561f1ad5,97267862925829aad489bbd2cb8acb4a3354f8c84b6a02ef637b8e41561f1ad5,"{""basis"":""ordered nested-math atom; exact symbolic replay"",""kind"":""source-target-formula-map""}"
1.1.0,formula,O007-FREMLIN-V2-S233-FORMULA-0560,O007-FREMLIN-V2-S233,O007-RIGHTS-FREMLIN-DSL,O007-FREMLIN-V2-S233-SEG-233XC,560,233Xc,233Xc,671,691,27092,27098,28886,28892,\phi,\phi,10ce0200b450ea955833553e717821c7721818b8a95cffd7e54b46e08918b512,10ce0200b450ea955833553e717821c7721818b8a95cffd7e54b46e08918b512,10ce0200b450ea955833553e717821c7721818b8a95cffd7e54b46e08918b512,$,,10ce0200b450ea955833553e717821c7721818b8a95cffd7e54b46e08918b512,10ce0200b450ea955833553e717821c7721818b8a95cffd7e54b46e08918b512,"{""basis"":""ordered nested-math atom; exact symbolic replay"",""kind"":""source-target-formula-map""}"
1.1.0,formula,O007-FREMLIN-V2-S233-FORMULA-0561,O007-FREMLIN-V2-S233,O007-RIGHTS-FREMLIN-DSL,O007-FREMLIN-V2-S233-SEG-233XC,561,233Xc,233Xc,672,692,27164,27167,28953,28956,I,I,a83dd0ccbffe39d071cc317ddf6e97f5c6b1c87af91919271f9fa140b0508c6c,a83dd0ccbffe39d071cc317ddf6e97f5c6b1c87af91919271f9fa140b0508c6c,a83dd0ccbffe39d071cc317ddf6e97f5c6b1c87af91919271f9fa140b0508c6c,$,,a83dd0ccbffe39d071cc317ddf6e97f5c6b1c87af91919271f9fa140b0508c6c,a83dd0ccbffe39d071cc317ddf6e97f5c6b1c87af91919271f9fa140b0508c6c,"{""basis"":""ordered nested-math atom; exact symbolic replay"",""kind"":""source-target-formula-map""}"
1.1.0,formula,O007-FREMLIN-V2-S233-FORMULA-0562,O007-FREMLIN-V2-S233,O007-RIGHTS-FREMLIN-DSL,O007-FREMLIN-V2-S233-SEG-233XC,562,233Xc,233Xc,672,692,27173,27179,28963,28969,\phi,\phi,10ce0200b450ea955833553e717821c7721818b8a95cffd7e54b46e08918b512,10ce0200b450ea955833553e717821c7721818b8a95cffd7e54b46e08918b512,10ce0200b450ea955833553e717821c7721818b8a95cffd7e54b46e08918b512,$,,10ce0200b450ea955833553e717821c7721818b8a95cffd7e54b46e08918b512,10ce0200b450ea955833553e717821c7721818b8a95cffd7e54b46e08918b512,"{""basis"":""ordered nested-math atom; exact symbolic replay"",""kind"":""source-target-formula-map""}"
1.1.0,formula,O007-FREMLIN-V2-S233-FORMULA-0563,O007-FREMLIN-V2-S233,O007-RIGHTS-FREMLIN-DSL,O007-FREMLIN-V2-S233-SEG-233XC,563,233Xc,233Xc,673,693,27195,27202,28998,29005,\phi',\phi',97267862925829aad489bbd2cb8acb4a3354f8c84b6a02ef637b8e41561f1ad5,97267862925829aad489bbd2cb8acb4a3354f8c84b6a02ef637b8e41561f1ad5,97267862925829aad489bbd2cb8acb4a3354f8c84b6a02ef637b8e41561f1ad5,$,,97267862925829aad489bbd2cb8acb4a3354f8c84b6a02ef637b8e41561f1ad5,97267862925829aad489bbd2cb8acb4a3354f8c84b6a02ef637b8e41561f1ad5,"{""basis"":""ordered nested-math atom; exact symbolic replay"",""kind"":""source-target-formula-map""}"
1.1.0,formula,O007-FREMLIN-V2-S233-FORMULA-0564,O007-FREMLIN-V2-S233,O007-RIGHTS-FREMLIN-DSL,O007-FREMLIN-V2-S233-SEG-233XD,564,233Xd,233Xd,675,695,27263,27271,29064,29072,r\ge 1,r\ge 1,10bc42d96f51887ea400533a0f6b343406ae6bb4aac04938120632d6289e30dc,10bc42d96f51887ea400533a0f6b343406ae6bb4aac04938120632d6289e30dc,48d931adc78b0f862d3435fd812b0154451317701e4ee6ece3563bbd6d25a196,$,,48d931adc78b0f862d3435fd812b0154451317701e4ee6ece3563bbd6d25a196,48d931adc78b0f862d3435fd812b0154451317701e4ee6ece3563bbd6d25a196,"{""basis"":""ordered nested-math atom; exact symbolic replay"",""kind"":""source-target-formula-map""}"
1.1.0,formula,O007-FREMLIN-V2-S233-FORMULA-0565,O007-FREMLIN-V2-S233,O007-RIGHTS-FREMLIN-DSL,O007-FREMLIN-V2-S233-SEG-233XD,565,233Xd,233Xd,675,695,27282,27285,29092,29095,C,C,6b23c0d5f35d1b11f9b683f0b0a617355deb11277d91ae091d399c655b87940d,6b23c0d5f35d1b11f9b683f0b0a617355deb11277d91ae091d399c655b87940d,6b23c0d5f35d1b11f9b683f0b0a617355deb11277d91ae091d399c655b87940d,$,,6b23c0d5f35d1b11f9b683f0b0a617355deb11277d91ae091d399c655b87940d,6b23c0d5f35d1b11f9b683f0b0a617355deb11277d91ae091d399c655b87940d,"{""basis"":""ordered nested-math atom; exact symbolic replay"",""kind"":""source-target-formula-map""}"
1.1.0,formula,O007-FREMLIN-V2-S233-FORMULA-0566,O007-FREMLIN-V2-S233,O007-RIGHTS-FREMLIN-DSL,O007-FREMLIN-V2-S233-SEG-233XD,566,233Xd,233Xd,675,696,27289,27298,29101,29110,\BbbR^r,\BbbR^r,6a5173578402ab704fe0e78c24a3f6f09fe9ed2c7ea0fbe574d688249eb91ed7,6a5173578402ab704fe0e78c24a3f6f09fe9ed2c7ea0fbe574d688249eb91ed7,6a5173578402ab704fe0e78c24a3f6f09fe9ed2c7ea0fbe574d688249eb91ed7,$,,6a5173578402ab704fe0e78c24a3f6f09fe9ed2c7ea0fbe574d688249eb91ed7,6a5173578402ab704fe0e78c24a3f6f09fe9ed2c7ea0fbe574d688249eb91ed7,"{""basis"":""ordered nested-math atom; exact symbolic replay"",""kind"":""source-target-formula-map""}"
1.1.0,formula,O007-FREMLIN-V2-S233-FORMULA-0567,O007-FREMLIN-V2-S233,O007-RIGHTS-FREMLIN-DSL,O007-FREMLIN-V2-S233-SEG-233XD,567,233Xd,233Xd,676,696,27319,27337,29138,29156,tx + (1-t)y\in C,tx + (1-t)y\in C,9da02f922e9917948d00dbf67f3c13d313707c350364ec5f6b33067567c5c297,9da02f922e9917948d00dbf67f3c13d313707c350364ec5f6b33067567c5c297,8e8c908ce1d143e4e1199e0a8f3d6a764ca5a89c6106a197d2bd507d7e7cd7d8,$,,8e8c908ce1d143e4e1199e0a8f3d6a764ca5a89c6106a197d2bd507d7e7cd7d8,8e8c908ce1d143e4e1199e0a8f3d6a764ca5a89c6106a197d2bd507d7e7cd7d8,"{""basis"":""ordered nested-math atom; exact symbolic replay"",""kind"":""source-target-formula-map""}"
1.1.0,formula,O007-FREMLIN-V2-S233-FORMULA-0568,O007-FREMLIN-V2-S233,O007-RIGHTS-FREMLIN-DSL,O007-FREMLIN-V2-S233-SEG-233XD,568,233Xd,233Xd,676,697,27346,27349,29169,29172,x,x,2d711642b726b04401627ca9fbac32f5c8530fb1903cc4db02258717921a4881,2d711642b726b04401627ca9fbac32f5c8530fb1903cc4db02258717921a4881,2d711642b726b04401627ca9fbac32f5c8530fb1903cc4db02258717921a4881,$,,2d711642b726b04401627ca9fbac32f5c8530fb1903cc4db02258717921a4881,2d711642b726b04401627ca9fbac32f5c8530fb1903cc4db02258717921a4881,"{""basis"":""ordered nested-math atom; exact symbolic replay"",""kind"":""source-target-formula-map""}"
1.1.0,formula,O007-FREMLIN-V2-S233-FORMULA-0569,O007-FREMLIN-V2-S233,O007-RIGHTS-FREMLIN-DSL,O007-FREMLIN-V2-S233-SEG-233XD,569,233Xd,233Xd,676,697,27351,27359,29174,29182,y\in C,y\in C,d19591335af962b482d1d5a2e1cb426bbd763731307d58b80cbf65a07fd62651,d19591335af962b482d1d5a2e1cb426bbd763731307d58b80cbf65a07fd62651,ec2435ad831eac06c6f85554827df33728e6eb68c556f6712df90e3fc007eb47,$,,ec2435ad831eac06c6f85554827df33728e6eb68c556f6712df90e3fc007eb47,ec2435ad831eac06c6f85554827df33728e6eb68c556f6712df90e3fc007eb47,"{""basis"":""ordered nested-math atom; exact symbolic replay"",""kind"":""source-target-formula-map""}"
1.1.0,formula,O007-FREMLIN-V2-S233-FORMULA-0570,O007-FREMLIN-V2-S233,O007-RIGHTS-FREMLIN-DSL,O007-FREMLIN-V2-S233-SEG-233XD,570,233Xd,233Xd,677,697,27365,27376,29188,29199,"t\in[0,1]","t\in[0,1]",6018f60b761f6bb2d1dc97a2ecf4c91a536030adee4e1af5ac0328318f7a8d89,6018f60b761f6bb2d1dc97a2ecf4c91a536030adee4e1af5ac0328318f7a8d89,6018f60b761f6bb2d1dc97a2ecf4c91a536030adee4e1af5ac0328318f7a8d89,$,,6018f60b761f6bb2d1dc97a2ecf4c91a536030adee4e1af5ac0328318f7a8d89,6018f60b761f6bb2d1dc97a2ecf4c91a536030adee4e1af5ac0328318f7a8d89,"{""basis"":""ordered nested-math atom; exact symbolic replay"",""kind"":""source-target-formula-map""}"
1.1.0,formula,O007-FREMLIN-V2-S233-FORMULA-0571,O007-FREMLIN-V2-S233,O007-RIGHTS-FREMLIN-DSL,O007-FREMLIN-V2-S233-SEG-233XD,571,233Xd,233Xd,677,697,27383,27402,29206,29225,C\subseteq\BbbR^r,C\subseteq\BbbR^r,1c931dc4e429819f2840e09427535e9ee6aadee7616cb85390a34228c985cb80,1c931dc4e429819f2840e09427535e9ee6aadee7616cb85390a34228c985cb80,1c931dc4e429819f2840e09427535e9ee6aadee7616cb85390a34228c985cb80,$,,1c931dc4e429819f2840e09427535e9ee6aadee7616cb85390a34228c985cb80,1c931dc4e429819f2840e09427535e9ee6aadee7616cb85390a34228c985cb80,"{""basis"":""ordered nested-math atom; exact symbolic replay"",""kind"":""source-target-formula-map""}"
1.1.0,formula,O007-FREMLIN-V2-S233-FORMULA-0572,O007-FREMLIN-V2-S233,O007-RIGHTS-FREMLIN-DSL,O007-FREMLIN-V2-S233-SEG-233XD,572,233Xd,233Xd,678,698,27431,27448,29253,29270,\phi:C\to\Bbb R,\phi:C\to\Bbb R,fe7aba8068662e7e24d8188dc799933868d3f0c9c194fd9afc03453c62250714,fe7aba8068662e7e24d8188dc799933868d3f0c9c194fd9afc03453c62250714,3a11aafba515bbbd2cc791402efe78d9f2ff7f06f2563a7c92417e5066c10bde,$,,3a11aafba515bbbd2cc791402efe78d9f2ff7f06f2563a7c92417e5066c10bde,3a11aafba515bbbd2cc791402efe78d9f2ff7f06f2563a7c92417e5066c10bde,"{""basis"":""ordered nested-math atom; exact symbolic replay"",""kind"":""source-target-formula-map""}"
1.1.0,formula,O007-FREMLIN-V2-S233-FORMULA-0573,O007-FREMLIN-V2-S233,O007-RIGHTS-FREMLIN-DSL,O007-FREMLIN-V2-S233-SEG-233XD,573,233Xd,233Xd,679,699,27469,27511,29298,29340,\phi(tx+(1-t)y)\le t\phi(x)+(1-t)\phi(y),\phi(tx+(1-t)y)\le t\phi(x)+(1-t)\phi(y),939677770dfdae510ed6f882019ab1c6f13de72619ee3332a76c089c799116cf,939677770dfdae510ed6f882019ab1c6f13de72619ee3332a76c089c799116cf,df68db44df925fe9e3ee7e9b2d65f2fd9b75f4f0f765ff599e7f438a4ffbf8de,$,,df68db44df925fe9e3ee7e9b2d65f2fd9b75f4f0f765ff599e7f438a4ffbf8de,df68db44df925fe9e3ee7e9b2d65f2fd9b75f4f0f765ff599e7f438a4ffbf8de,"{""basis"":""ordered nested-math atom; exact symbolic replay"",""kind"":""source-target-formula-map""}"
1.1.0,formula,O007-FREMLIN-V2-S233-FORMULA-0574,O007-FREMLIN-V2-S233,O007-RIGHTS-FREMLIN-DSL,O007-FREMLIN-V2-S233-SEG-233XD,574,233Xd,233Xd,679,699,27520,27523,29353,29356,x,x,2d711642b726b04401627ca9fbac32f5c8530fb1903cc4db02258717921a4881,2d711642b726b04401627ca9fbac32f5c8530fb1903cc4db02258717921a4881,2d711642b726b04401627ca9fbac32f5c8530fb1903cc4db02258717921a4881,$,,2d711642b726b04401627ca9fbac32f5c8530fb1903cc4db02258717921a4881,2d711642b726b04401627ca9fbac32f5c8530fb1903cc4db02258717921a4881,"{""basis"":""ordered nested-math atom; exact symbolic replay"",""kind"":""source-target-formula-map""}"
1.1.0,formula,O007-FREMLIN-V2-S233-FORMULA-0575,O007-FREMLIN-V2-S233,O007-RIGHTS-FREMLIN-DSL,O007-FREMLIN-V2-S233-SEG-233XD,575,233Xd,233Xd,679,699,27525,27533,29358,29366,y\in C,y\in C,d19591335af962b482d1d5a2e1cb426bbd763731307d58b80cbf65a07fd62651,d19591335af962b482d1d5a2e1cb426bbd763731307d58b80cbf65a07fd62651,ec2435ad831eac06c6f85554827df33728e6eb68c556f6712df90e3fc007eb47,$,,ec2435ad831eac06c6f85554827df33728e6eb68c556f6712df90e3fc007eb47,ec2435ad831eac06c6f85554827df33728e6eb68c556f6712df90e3fc007eb47,"{""basis"":""ordered nested-math atom; exact symbolic replay"",""kind"":""source-target-formula-map""}"
1.1.0,formula,O007-FREMLIN-V2-S233-FORMULA-0576,O007-FREMLIN-V2-S233,O007-RIGHTS-FREMLIN-DSL,O007-FREMLIN-V2-S233-SEG-233XD,576,233Xd,233Xd,680,700,27539,27550,29372,29383,"t\in[0,1]","t\in[0,1]",6018f60b761f6bb2d1dc97a2ecf4c91a536030adee4e1af5ac0328318f7a8d89,6018f60b761f6bb2d1dc97a2ecf4c91a536030adee4e1af5ac0328318f7a8d89,6018f60b761f6bb2d1dc97a2ecf4c91a536030adee4e1af5ac0328318f7a8d89,$,,6018f60b761f6bb2d1dc97a2ecf4c91a536030adee4e1af5ac0328318f7a8d89,6018f60b761f6bb2d1dc97a2ecf4c91a536030adee4e1af5ac0328318f7a8d89,"{""basis"":""ordered nested-math atom; exact symbolic replay"",""kind"":""source-target-formula-map""}"
1.1.0,formula,O007-FREMLIN-V2-S233-FORMULA-0577,O007-FREMLIN-V2-S233,O007-RIGHTS-FREMLIN-DSL,O007-FREMLIN-V2-S233-SEG-233XD,577,233Xd,233Xd,682,702,27559,27578,29395,29414,C\subseteq\BbbR^r,C\subseteq\BbbR^r,1c931dc4e429819f2840e09427535e9ee6aadee7616cb85390a34228c985cb80,1c931dc4e429819f2840e09427535e9ee6aadee7616cb85390a34228c985cb80,1c931dc4e429819f2840e09427535e9ee6aadee7616cb85390a34228c985cb80,$,,1c931dc4e429819f2840e09427535e9ee6aadee7616cb85390a34228c985cb80,1c931dc4e429819f2840e09427535e9ee6aadee7616cb85390a34228c985cb80,"{""basis"":""ordered nested-math atom; exact symbolic replay"",""kind"":""source-target-formula-map""}"
1.1.0,formula,O007-FREMLIN-V2-S233-FORMULA-0578,O007-FREMLIN-V2-S233,O007-RIGHTS-FREMLIN-DSL,O007-FREMLIN-V2-S233-SEG-233XD,578,233Xd,233Xd,682,703,27599,27616,29442,29459,\phi:C\to\Bbb R,\phi:C\to\Bbb R,fe7aba8068662e7e24d8188dc799933868d3f0c9c194fd9afc03453c62250714,fe7aba8068662e7e24d8188dc799933868d3f0c9c194fd9afc03453c62250714,3a11aafba515bbbd2cc791402efe78d9f2ff7f06f2563a7c92417e5066c10bde,$,,3a11aafba515bbbd2cc791402efe78d9f2ff7f06f2563a7c92417e5066c10bde,3a11aafba515bbbd2cc791402efe78d9f2ff7f06f2563a7c92417e5066c10bde,"{""basis"":""ordered nested-math atom; exact symbolic replay"",""kind"":""source-target-formula-map""}"
1.1.0,formula,O007-FREMLIN-V2-S233-FORMULA-0579,O007-FREMLIN-V2-S233,O007-RIGHTS-FREMLIN-DSL,O007-FREMLIN-V2-S233-SEG-233XD,579,233Xd,233Xd,684,704,27695,27701,29542,29548,\phi,\phi,10ce0200b450ea955833553e717821c7721818b8a95cffd7e54b46e08918b512,10ce0200b450ea955833553e717821c7721818b8a95cffd7e54b46e08918b512,10ce0200b450ea955833553e717821c7721818b8a95cffd7e54b46e08918b512,$,,10ce0200b450ea955833553e717821c7721818b8a95cffd7e54b46e08918b512,10ce0200b450ea955833553e717821c7721818b8a95cffd7e54b46e08918b512,"{""basis"":""ordered nested-math atom; exact symbolic replay"",""kind"":""source-target-formula-map""}"
1.1.0,formula,O007-FREMLIN-V2-S233-FORMULA-0580,O007-FREMLIN-V2-S233,O007-RIGHTS-FREMLIN-DSL,O007-FREMLIN-V2-S233-SEG-233XD,580,233Xd,233Xd,685,705,27727,27772,29572,29617,"\{(x,t):x\in C,\,t\in\Bbb R,\,t\ge\phi(x)\}","\{(x,t):x\in C,\,t\in\Bbb R,\,t\ge\phi(x)\}",ddd5ac199b39a916af4a88dbb2bc25e42192e7aaf9c7c484ebe8145d992cf1d8,ddd5ac199b39a916af4a88dbb2bc25e42192e7aaf9c7c484ebe8145d992cf1d8,35394d6ddc1cd0edcab203801cb41eb7124220413835d59eb4ed0815d933f388,$,,35394d6ddc1cd0edcab203801cb41eb7124220413835d59eb4ed0815d933f388,35394d6ddc1cd0edcab203801cb41eb7124220413835d59eb4ed0815d933f388,"{""basis"":""ordered nested-math atom; exact symbolic replay"",""kind"":""source-target-formula-map""}"
1.1.0,formula,O007-FREMLIN-V2-S233-FORMULA-0581,O007-FREMLIN-V2-S233,O007-RIGHTS-FREMLIN-DSL,O007-FREMLIN-V2-S233-SEG-233XD,581,233Xd,233Xd,686,706,27787,27800,29632,29645,\BbbR^{r+1},\BbbR^{r+1},bd4408baacfe9840b30da660f0f0b49e5bf27f33379b3d9768c1cad150f82fff,bd4408baacfe9840b30da660f0f0b49e5bf27f33379b3d9768c1cad150f82fff,bd4408baacfe9840b30da660f0f0b49e5bf27f33379b3d9768c1cad150f82fff,$,,bd4408baacfe9840b30da660f0f0b49e5bf27f33379b3d9768c1cad150f82fff,bd4408baacfe9840b30da660f0f0b49e5bf27f33379b3d9768c1cad150f82fff,"{""basis"":""ordered nested-math atom; exact symbolic replay"",""kind"":""source-target-formula-map""}"
1.1.0,formula,O007-FREMLIN-V2-S233-FORMULA-0582,O007-FREMLIN-V2-S233,O007-RIGHTS-FREMLIN-DSL,O007-FREMLIN-V2-S233-SEG-233XD,582,233Xd,233Xd,687,707,27818,27862,29662,29706,"\{x:x\in C,\,\phi(x)+b\dotproduct x\le c\}","\{x:x\in C,\,\phi(x)+b\dotproduct x\le c\}",9c18c5495df70712af66e4589697107612b9934c54f0cf92b860a30f341a645d,9c18c5495df70712af66e4589697107612b9934c54f0cf92b860a30f341a645d,1a8330a05791e6d9599ae0b113ec1e65908bba1934268a3f7279f10210b3b1cf,$,,1a8330a05791e6d9599ae0b113ec1e65908bba1934268a3f7279f10210b3b1cf,1a8330a05791e6d9599ae0b113ec1e65908bba1934268a3f7279f10210b3b1cf,"{""basis"":""ordered nested-math atom; exact symbolic replay"",""kind"":""source-target-formula-map""}"
1.1.0,formula,O007-FREMLIN-V2-S233-FORMULA-0583,O007-FREMLIN-V2-S233,O007-RIGHTS-FREMLIN-DSL,O007-FREMLIN-V2-S233-SEG-233XD,583,233Xd,233Xd,687,707,27876,27885,29721,29730,\BbbR^r,\BbbR^r,6a5173578402ab704fe0e78c24a3f6f09fe9ed2c7ea0fbe574d688249eb91ed7,6a5173578402ab704fe0e78c24a3f6f09fe9ed2c7ea0fbe574d688249eb91ed7,6a5173578402ab704fe0e78c24a3f6f09fe9ed2c7ea0fbe574d688249eb91ed7,$,,6a5173578402ab704fe0e78c24a3f6f09fe9ed2c7ea0fbe574d688249eb91ed7,6a5173578402ab704fe0e78c24a3f6f09fe9ed2c7ea0fbe574d688249eb91ed7,"{""basis"":""ordered nested-math atom; exact symbolic replay"",""kind"":""source-target-formula-map""}"
1.1.0,formula,O007-FREMLIN-V2-S233-FORMULA-0584,O007-FREMLIN-V2-S233,O007-RIGHTS-FREMLIN-DSL,O007-FREMLIN-V2-S233-SEG-233XD,584,233Xd,233Xd,688,708,27897,27910,29744,29757,b\in\BbbR^r,b\in\BbbR^r,3bad70fb6ec0c035015790421f17e3375282b78c3ead8638da1e18a7ed33b30f,3bad70fb6ec0c035015790421f17e3375282b78c3ead8638da1e18a7ed33b30f,3bad70fb6ec0c035015790421f17e3375282b78c3ead8638da1e18a7ed33b30f,$,,3bad70fb6ec0c035015790421f17e3375282b78c3ead8638da1e18a7ed33b30f,3bad70fb6ec0c035015790421f17e3375282b78c3ead8638da1e18a7ed33b30f,"{""basis"":""ordered nested-math atom; exact symbolic replay"",""kind"":""source-target-formula-map""}"
1.1.0,formula,O007-FREMLIN-V2-S233-FORMULA-0585,O007-FREMLIN-V2-S233,O007-RIGHTS-FREMLIN-DSL,O007-FREMLIN-V2-S233-SEG-233XD,585,233Xd,233Xd,688,708,27915,27927,29762,29774,c\in\Bbb R,c\in\Bbb R,365f5ce487f10d724b33ca913e9f2aff3456a3c2ba87d35652de7cf350ca3be0,365f5ce487f10d724b33ca913e9f2aff3456a3c2ba87d35652de7cf350ca3be0,94bc9d92c15c2e8afaebffdcd5145690aa18e8d3436bad14ca833f19d17e6977,$,,94bc9d92c15c2e8afaebffdcd5145690aa18e8d3436bad14ca833f19d17e6977,94bc9d92c15c2e8afaebffdcd5145690aa18e8d3436bad14ca833f19d17e6977,"{""basis"":""ordered nested-math atom; exact symbolic replay"",""kind"":""source-target-formula-map""}"
1.1.0,formula,O007-FREMLIN-V2-S233-FORMULA-0586,O007-FREMLIN-V2-S233,O007-RIGHTS-FREMLIN-DSL,O007-FREMLIN-V2-S233-SEG-233XD,586,233Xd,233Xd,689,709,27938,27979,29794,29835,b\dotproduct x=\sum_{i=1}^r\beta_i\xi_i,b\dotproduct x=\sum_{i=1}^r\beta_i\xi_i,6e22a5b19cd96ad12a64295278fe8e4a2bec4bd9aa746437fc8c0a1824af5ce4,6e22a5b19cd96ad12a64295278fe8e4a2bec4bd9aa746437fc8c0a1824af5ce4,de2bc911789b89681301dd821f9930cb26624b2b5804095f6adcf83d567ac60f,$,,de2bc911789b89681301dd821f9930cb26624b2b5804095f6adcf83d567ac60f,de2bc911789b89681301dd821f9930cb26624b2b5804095f6adcf83d567ac60f,"{""basis"":""ordered nested-math atom; exact symbolic replay"",""kind"":""source-target-formula-map""}"
1.1.0,formula,O007-FREMLIN-V2-S233-FORMULA-0587,O007-FREMLIN-V2-S233,O007-RIGHTS-FREMLIN-DSL,O007-FREMLIN-V2-S233-SEG-233XD,587,233Xd,233Xd,690,710,27984,28012,29841,29869,"b=(\beta_1,\ldots,\beta_r)","b=(\beta_1,\ldots,\beta_r)",4245b0af0309bd1123eb5dc35b1832caaaa1889465efdbad43f3d801ef1e131b,4245b0af0309bd1123eb5dc35b1832caaaa1889465efdbad43f3d801ef1e131b,4245b0af0309bd1123eb5dc35b1832caaaa1889465efdbad43f3d801ef1e131b,$,,4245b0af0309bd1123eb5dc35b1832caaaa1889465efdbad43f3d801ef1e131b,4245b0af0309bd1123eb5dc35b1832caaaa1889465efdbad43f3d801ef1e131b,"{""basis"":""ordered nested-math atom; exact symbolic replay"",""kind"":""source-target-formula-map""}"
1.1.0,formula,O007-FREMLIN-V2-S233-FORMULA-0588,O007-FREMLIN-V2-S233,O007-RIGHTS-FREMLIN-DSL,O007-FREMLIN-V2-S233-SEG-233XD,588,233Xd,233Xd,690,710,28017,28041,29874,29898,"x=(\xi_1,\ldots,\xi_r)","x=(\xi_1,\ldots,\xi_r)",41d2baa1899db980733b70e1796cde44d7164cca407a209d88924d4b695283aa,41d2baa1899db980733b70e1796cde44d7164cca407a209d88924d4b695283aa,41d2baa1899db980733b70e1796cde44d7164cca407a209d88924d4b695283aa,$,,41d2baa1899db980733b70e1796cde44d7164cca407a209d88924d4b695283aa,41d2baa1899db980733b70e1796cde44d7164cca407a209d88924d4b695283aa,"{""basis"":""ordered nested-math atom; exact symbolic replay"",""kind"":""source-target-formula-map""}"
1.1.0,formula,O007-FREMLIN-V2-S233-FORMULA-0589,O007-FREMLIN-V2-S233,O007-RIGHTS-FREMLIN-DSL,O007-FREMLIN-V2-S233-SEG-233XE,589,233Xe,233Xe,693,713,28073,28091,29932,29950,I\subseteq\Bbb R,I\subseteq\Bbb R,b320cdbc5ab0e4fce5ab227bbe5ff5c320196d2a3d7d893dae54cf74879f4381,b320cdbc5ab0e4fce5ab227bbe5ff5c320196d2a3d7d893dae54cf74879f4381,1f6569a3812314869c6c4b225981af4ea8b0bbd407b523921a9c2cf702c55cee,$,,1f6569a3812314869c6c4b225981af4ea8b0bbd407b523921a9c2cf702c55cee,1f6569a3812314869c6c4b225981af4ea8b0bbd407b523921a9c2cf702c55cee,"{""basis"":""ordered nested-math atom; exact symbolic replay"",""kind"":""source-target-formula-map""}"
1.1.0,formula,O007-FREMLIN-V2-S233-FORMULA-0590,O007-FREMLIN-V2-S233,O007-RIGHTS-FREMLIN-DSL,O007-FREMLIN-V2-S233-SEG-233XE,590,233Xe,233Xe,694,714,28112,28129,29968,29985,\phi:I\to\Bbb R,\phi:I\to\Bbb R,ca942cf661ac90f8edbd75eed2d63f467ab146b0be38ece0ac5b99ecdbf2acca,ca942cf661ac90f8edbd75eed2d63f467ab146b0be38ece0ac5b99ecdbf2acca,31b8814c842d7f4b4c150c5bb6e824d50a59582426aa5fff9997b792679fe609,$,,31b8814c842d7f4b4c150c5bb6e824d50a59582426aa5fff9997b792679fe609,31b8814c842d7f4b4c150c5bb6e824d50a59582426aa5fff9997b792679fe609,"{""basis"":""ordered nested-math atom; exact symbolic replay"",""kind"":""source-target-formula-map""}"
1.1.0,formula,O007-FREMLIN-V2-S233-FORMULA-0591,O007-FREMLIN-V2-S233,O007-RIGHTS-FREMLIN-DSL,O007-FREMLIN-V2-S233-SEG-233XE,591,233Xe,233Xe,696,716,28175,28178,30040,30043,a,a,ca978112ca1bbdcafac231b39a23dc4da786eff8147c4e72b9807785afee48bb,ca978112ca1bbdcafac231b39a23dc4da786eff8147c4e72b9807785afee48bb,ca978112ca1bbdcafac231b39a23dc4da786eff8147c4e72b9807785afee48bb,$,,ca978112ca1bbdcafac231b39a23dc4da786eff8147c4e72b9807785afee48bb,ca978112ca1bbdcafac231b39a23dc4da786eff8147c4e72b9807785afee48bb,"{""basis"":""ordered nested-math atom; exact symbolic replay"",""kind"":""source-target-formula-map""}"
1.1.0,formula,O007-FREMLIN-V2-S233-FORMULA-0592,O007-FREMLIN-V2-S233,O007-RIGHTS-FREMLIN-DSL,O007-FREMLIN-V2-S233-SEG-233XE,592,233Xe,233Xe,696,716,28180,28188,30045,30053,d\in I,d\in I,3276f4fcf400022c5f87d0d731115a1de9c316cae58a14918f01c7c4073a2702,3276f4fcf400022c5f87d0d731115a1de9c316cae58a14918f01c7c4073a2702,6f3cf334151aa3a919d70ad4334b5148ae9913c8b680cbae1ac42aeabcb6fda5,$,,6f3cf334151aa3a919d70ad4334b5148ae9913c8b680cbae1ac42aeabcb6fda5,6f3cf334151aa3a919d70ad4334b5148ae9913c8b680cbae1ac42aeabcb6fda5,"{""basis"":""ordered nested-math atom; exact symbolic replay"",""kind"":""source-target-formula-map""}"
1.1.0,formula,O007-FREMLIN-V2-S233-FORMULA-0593,O007-FREMLIN-V2-S233,O007-RIGHTS-FREMLIN-DSL,O007-FREMLIN-V2-S233-SEG-233XE,593,233Xe,233Xe,696,716,28193,28205,30059,30071,a<b\le c<d,a<b\le c<d,7461ff66f4a48896fe5e52aedc7776d2513d246158c4b1ed530fab94e3633f11,7461ff66f4a48896fe5e52aedc7776d2513d246158c4b1ed530fab94e3633f11,5c0797f55802af7e1151549cb668b49bfe58c8668e6ab941c4e7b6550092f316,$,,5c0797f55802af7e1151549cb668b49bfe58c8668e6ab941c4e7b6550092f316,5c0797f55802af7e1151549cb668b49bfe58c8668e6ab941c4e7b6550092f316,"{""basis"":""ordered nested-math atom; exact symbolic replay"",""kind"":""source-target-formula-map""}"
1.1.0,formula,O007-FREMLIN-V2-S233-FORMULA-0594,O007-FREMLIN-V2-S233,O007-RIGHTS-FREMLIN-DSL,O007-FREMLIN-V2-S233-SEG-233XE,594,233Xe,233Xe,698,718,28226,28289,30091,30153,"\Bover{\phi(b)-\phi(a)}{b-a}
\le\Bover{\phi(d)-\phi(c)}{d-c}","\Bover{\phi(b)-\phi(a)}{b-a}
\le\Bover{\phi(d)-\phi(c)}{d-c}",408980c4f3f3ca1e885962b71371a23b53935a6c5914a39da6d01addea18d4a6,370c9b3ce2d5b4e33e4691c33b1131c75eca6384c586666cd35e04e758aec656,b3c93b238b05f210eb9c18dd28517c194db75730a3d9ef7ff0466d6ae29eb7c9,$,,b3c93b238b05f210eb9c18dd28517c194db75730a3d9ef7ff0466d6ae29eb7c9,b3c93b238b05f210eb9c18dd28517c194db75730a3d9ef7ff0466d6ae29eb7c9,"{""basis"":""ordered nested-math atom; exact symbolic replay"",""kind"":""source-target-formula-map""}"
1.1.0,formula,O007-FREMLIN-V2-S233-FORMULA-0595,O007-FREMLIN-V2-S233,O007-RIGHTS-FREMLIN-DSL,O007-FREMLIN-V2-S233-SEG-233XE,595,233Xe,233Xe,701,721,28316,28322,30184,30190,\phi,\phi,10ce0200b450ea955833553e717821c7721818b8a95cffd7e54b46e08918b512,10ce0200b450ea955833553e717821c7721818b8a95cffd7e54b46e08918b512,10ce0200b450ea955833553e717821c7721818b8a95cffd7e54b46e08918b512,$,,10ce0200b450ea955833553e717821c7721818b8a95cffd7e54b46e08918b512,10ce0200b450ea955833553e717821c7721818b8a95cffd7e54b46e08918b512,"{""basis"":""ordered nested-math atom; exact symbolic replay"",""kind"":""source-target-formula-map""}"
1.1.0,formula,O007-FREMLIN-V2-S233-FORMULA-0596,O007-FREMLIN-V2-S233,O007-RIGHTS-FREMLIN-DSL,O007-FREMLIN-V2-S233-SEG-233XE,596,233Xe,233Xe,702,722,28365,28368,30226,30229,I,I,a83dd0ccbffe39d071cc317ddf6e97f5c6b1c87af91919271f9fa140b0508c6c,a83dd0ccbffe39d071cc317ddf6e97f5c6b1c87af91919271f9fa140b0508c6c,a83dd0ccbffe39d071cc317ddf6e97f5c6b1c87af91919271f9fa140b0508c6c,$,,a83dd0ccbffe39d071cc317ddf6e97f5c6b1c87af91919271f9fa140b0508c6c,a83dd0ccbffe39d071cc317ddf6e97f5c6b1c87af91919271f9fa140b0508c6c,"{""basis"":""ordered nested-math atom; exact symbolic replay"",""kind"":""source-target-formula-map""}"
1.1.0,formula,O007-FREMLIN-V2-S233-FORMULA-0597,O007-FREMLIN-V2-S233,O007-RIGHTS-FREMLIN-DSL,O007-FREMLIN-V2-S233-SEG-233XE,597,233Xe,233Xe,704,724,28408,28414,30277,30283,\phi,\phi,10ce0200b450ea955833553e717821c7721818b8a95cffd7e54b46e08918b512,10ce0200b450ea955833553e717821c7721818b8a95cffd7e54b46e08918b512,10ce0200b450ea955833553e717821c7721818b8a95cffd7e54b46e08918b512,$,,10ce0200b450ea955833553e717821c7721818b8a95cffd7e54b46e08918b512,10ce0200b450ea955833553e717821c7721818b8a95cffd7e54b46e08918b512,"{""basis"":""ordered nested-math atom; exact symbolic replay"",""kind"":""source-target-formula-map""}"
1.1.0,formula,O007-FREMLIN-V2-S233-FORMULA-0598,O007-FREMLIN-V2-S233,O007-RIGHTS-FREMLIN-DSL,O007-FREMLIN-V2-S233-SEG-233XE,598,233Xe,233Xe,704,724,28431,28434,30297,30300,I,I,a83dd0ccbffe39d071cc317ddf6e97f5c6b1c87af91919271f9fa140b0508c6c,a83dd0ccbffe39d071cc317ddf6e97f5c6b1c87af91919271f9fa140b0508c6c,a83dd0ccbffe39d071cc317ddf6e97f5c6b1c87af91919271f9fa140b0508c6c,$,,a83dd0ccbffe39d071cc317ddf6e97f5c6b1c87af91919271f9fa140b0508c6c,a83dd0ccbffe39d071cc317ddf6e97f5c6b1c87af91919271f9fa140b0508c6c,"{""basis"":""ordered nested-math atom; exact symbolic replay"",""kind"":""source-target-formula-map""}"
1.1.0,formula,O007-FREMLIN-V2-S233-FORMULA-0599,O007-FREMLIN-V2-S233,O007-RIGHTS-FREMLIN-DSL,O007-FREMLIN-V2-S233-SEG-233XE,599,233Xe,233Xe,705,725,28456,28464,30321,30329,c\in I,c\in I,c3f27a9cff5489dd30dedcf199b6669f949a6b4d73e3c720665ddd02af720881,c3f27a9cff5489dd30dedcf199b6669f949a6b4d73e3c720665ddd02af720881,f03a3854c82f59d04acfa872d8b91322c43b65621a30b9b0276a8a299d605ae1,$,,f03a3854c82f59d04acfa872d8b91322c43b65621a30b9b0276a8a299d605ae1,f03a3854c82f59d04acfa872d8b91322c43b65621a30b9b0276a8a299d605ae1,"{""basis"":""ordered nested-math atom; exact symbolic replay"",""kind"":""source-target-formula-map""}"
1.1.0,formula,O007-FREMLIN-V2-S233-FORMULA-0600,O007-FREMLIN-V2-S233,O007-RIGHTS-FREMLIN-DSL,O007-FREMLIN-V2-S233-SEG-233XE,600,233Xe,233Xe,705,726,28475,28505,30350,30380,\phi(c)=\min_{x\in I}\phi(x),\phi(c)=\min_{x\in I}\phi(x),291368cbadab804ff12290b233226d6cc19076b0a1945db81ebeb4078612ea89,291368cbadab804ff12290b233226d6cc19076b0a1945db81ebeb4078612ea89,ba3b1db3b3ed63c3f309d9b4ee7ddecb6b68942a5f14cd6a31e43bbc69ba52e1,$,,ba3b1db3b3ed63c3f309d9b4ee7ddecb6b68942a5f14cd6a31e43bbc69ba52e1,ba3b1db3b3ed63c3f309d9b4ee7ddecb6b68942a5f14cd6a31e43bbc69ba52e1,"{""basis"":""ordered nested-math atom; exact symbolic replay"",""kind"":""source-target-formula-map""}"
1.1.0,formula,O007-FREMLIN-V2-S233-FORMULA-0601,O007-FREMLIN-V2-S233,O007-RIGHTS-FREMLIN-DSL,O007-FREMLIN-V2-S233-SEG-233XE,601,233Xe,233Xe,705,726,28510,28516,30386,30392,\phi,\phi,10ce0200b450ea955833553e717821c7721818b8a95cffd7e54b46e08918b512,10ce0200b450ea955833553e717821c7721818b8a95cffd7e54b46e08918b512,10ce0200b450ea955833553e717821c7721818b8a95cffd7e54b46e08918b512,$,,10ce0200b450ea955833553e717821c7721818b8a95cffd7e54b46e08918b512,10ce0200b450ea955833553e717821c7721818b8a95cffd7e54b46e08918b512,"{""basis"":""ordered nested-math atom; exact symbolic replay"",""kind"":""source-target-formula-map""}"
1.1.0,formula,O007-FREMLIN-V2-S233-FORMULA-0602,O007-FREMLIN-V2-S233,O007-RIGHTS-FREMLIN-DSL,O007-FREMLIN-V2-S233-SEG-233XE,602,233Xe,233Xe,706,727,28539,28563,30409,30433,"I\cap\ocint{-\infty,c}","I\cap\ocint{-\infty,c}",1e4ae30d2febf48cd3c741fc549875bc1ef9bae2fa95b9bfe85fe531b9a213b0,1e4ae30d2febf48cd3c741fc549875bc1ef9bae2fa95b9bfe85fe531b9a213b0,1e4ae30d2febf48cd3c741fc549875bc1ef9bae2fa95b9bfe85fe531b9a213b0,$,,1e4ae30d2febf48cd3c741fc549875bc1ef9bae2fa95b9bfe85fe531b9a213b0,1e4ae30d2febf48cd3c741fc549875bc1ef9bae2fa95b9bfe85fe531b9a213b0,"{""basis"":""ordered nested-math atom; exact symbolic replay"",""kind"":""source-target-formula-map""}"
1.1.0,formula,O007-FREMLIN-V2-S233-FORMULA-0603,O007-FREMLIN-V2-S233,O007-RIGHTS-FREMLIN-DSL,O007-FREMLIN-V2-S233-SEG-233XE,603,233Xe,233Xe,707,728,28594,28617,30465,30488,"I\cap\coint{c,\infty}","I\cap\coint{c,\infty}",24d18bcac5baa147874e1037c32787e3e4142b65e8948ae64b57e816cd22d692,24d18bcac5baa147874e1037c32787e3e4142b65e8948ae64b57e816cd22d692,24d18bcac5baa147874e1037c32787e3e4142b65e8948ae64b57e816cd22d692,$,,24d18bcac5baa147874e1037c32787e3e4142b65e8948ae64b57e816cd22d692,24d18bcac5baa147874e1037c32787e3e4142b65e8948ae64b57e816cd22d692,"{""basis"":""ordered nested-math atom; exact symbolic replay"",""kind"":""source-target-formula-map""}"
1.1.0,formula,O007-FREMLIN-V2-S233-FORMULA-0604,O007-FREMLIN-V2-S233,O007-RIGHTS-FREMLIN-DSL,O007-FREMLIN-V2-S233-SEG-233XE,604,233Xe,233Xe,709,730,28643,28649,30518,30524,\phi,\phi,10ce0200b450ea955833553e717821c7721818b8a95cffd7e54b46e08918b512,10ce0200b450ea955833553e717821c7721818b8a95cffd7e54b46e08918b512,10ce0200b450ea955833553e717821c7721818b8a95cffd7e54b46e08918b512,$,,10ce0200b450ea955833553e717821c7721818b8a95cffd7e54b46e08918b512,10ce0200b450ea955833553e717821c7721818b8a95cffd7e54b46e08918b512,"{""basis"":""ordered nested-math atom; exact symbolic replay"",""kind"":""source-target-formula-map""}"
1.1.0,formula,O007-FREMLIN-V2-S233-FORMULA-0605,O007-FREMLIN-V2-S233,O007-RIGHTS-FREMLIN-DSL,O007-FREMLIN-V2-S233-SEG-233XE,605,233Xe,233Xe,710,731,28705,28708,30563,30566,I,I,a83dd0ccbffe39d071cc317ddf6e97f5c6b1c87af91919271f9fa140b0508c6c,a83dd0ccbffe39d071cc317ddf6e97f5c6b1c87af91919271f9fa140b0508c6c,a83dd0ccbffe39d071cc317ddf6e97f5c6b1c87af91919271f9fa140b0508c6c,$,,a83dd0ccbffe39d071cc317ddf6e97f5c6b1c87af91919271f9fa140b0508c6c,a83dd0ccbffe39d071cc317ddf6e97f5c6b1c87af91919271f9fa140b0508c6c,"{""basis"":""ordered nested-math atom; exact symbolic replay"",""kind"":""source-target-formula-map""}"
1.1.0,formula,O007-FREMLIN-V2-S233-FORMULA-0606,O007-FREMLIN-V2-S233,O007-RIGHTS-FREMLIN-DSL,O007-FREMLIN-V2-S233-SEG-233XE,606,233Xe,233Xe,711,732,28771,28792,30675,30696,\phi'(x)\le\phi'(y),\phi'(x)\le\phi'(y),a1324a3c1bc6b073d273a93dba63241e9c04ec787508a30fd3049a3f4a6cd735,a1324a3c1bc6b073d273a93dba63241e9c04ec787508a30fd3049a3f4a6cd735,a1324a3c1bc6b073d273a93dba63241e9c04ec787508a30fd3049a3f4a6cd735,$,,a1324a3c1bc6b073d273a93dba63241e9c04ec787508a30fd3049a3f4a6cd735,a1324a3c1bc6b073d273a93dba63241e9c04ec787508a30fd3049a3f4a6cd735,"{""basis"":""ordered nested-math atom; exact symbolic replay"",""kind"":""source-target-formula-map""}"
1.1.0,formula,O007-FREMLIN-V2-S233-FORMULA-0607,O007-FREMLIN-V2-S233,O007-RIGHTS-FREMLIN-DSL,O007-FREMLIN-V2-S233-SEG-233XE,607,233Xe,233Xe,711,733,28802,28805,30709,30712,x,x,2d711642b726b04401627ca9fbac32f5c8530fb1903cc4db02258717921a4881,2d711642b726b04401627ca9fbac32f5c8530fb1903cc4db02258717921a4881,2d711642b726b04401627ca9fbac32f5c8530fb1903cc4db02258717921a4881,$,,2d711642b726b04401627ca9fbac32f5c8530fb1903cc4db02258717921a4881,2d711642b726b04401627ca9fbac32f5c8530fb1903cc4db02258717921a4881,"{""basis"":""ordered nested-math atom; exact symbolic replay"",""kind"":""source-target-formula-map""}"
1.1.0,formula,O007-FREMLIN-V2-S233-FORMULA-0608,O007-FREMLIN-V2-S233,O007-RIGHTS-FREMLIN-DSL,O007-FREMLIN-V2-S233-SEG-233XE,608,233Xe,233Xe,711,733,28807,28822,30714,30729,y\in\dom\phi',y\in\dom\phi',5d091440276c7643a8963e31a39ed9e6d5a5efdbba782f830f828fb9b4f2e843,5d091440276c7643a8963e31a39ed9e6d5a5efdbba782f830f828fb9b4f2e843,5d091440276c7643a8963e31a39ed9e6d5a5efdbba782f830f828fb9b4f2e843,$,,5d091440276c7643a8963e31a39ed9e6d5a5efdbba782f830f828fb9b4f2e843,5d091440276c7643a8963e31a39ed9e6d5a5efdbba782f830f828fb9b4f2e843,"{""basis"":""ordered nested-math atom; exact symbolic replay"",""kind"":""source-target-formula-map""}"
1.1.0,formula,O007-FREMLIN-V2-S233-FORMULA-0609,O007-FREMLIN-V2-S233,O007-RIGHTS-FREMLIN-DSL,O007-FREMLIN-V2-S233-SEG-233XE,609,233Xe,233Xe,712,733,28828,28836,30734,30742,x\le y,x\le y,822f8bc0dc61da685023d8c510106622fa35c36f174f2e92b85a92813d7162f2,822f8bc0dc61da685023d8c510106622fa35c36f174f2e92b85a92813d7162f2,ef60f3198659c87413930026172c20f56f03fd6c06785e54849d1939bb3ccb86,$,,ef60f3198659c87413930026172c20f56f03fd6c06785e54849d1939bb3ccb86,ef60f3198659c87413930026172c20f56f03fd6c06785e54849d1939bb3ccb86,"{""basis"":""ordered nested-math atom; exact symbolic replay"",""kind"":""source-target-formula-map""}"
1.1.0,formula,O007-FREMLIN-V2-S233-FORMULA-0610,O007-FREMLIN-V2-S233,O007-RIGHTS-FREMLIN-DSL,O007-FREMLIN-V2-S233-SEG-233XE,610,233Xe,233Xe,714,735,28864,28867,30776,30779,I,I,a83dd0ccbffe39d071cc317ddf6e97f5c6b1c87af91919271f9fa140b0508c6c,a83dd0ccbffe39d071cc317ddf6e97f5c6b1c87af91919271f9fa140b0508c6c,a83dd0ccbffe39d071cc317ddf6e97f5c6b1c87af91919271f9fa140b0508c6c,$,,a83dd0ccbffe39d071cc317ddf6e97f5c6b1c87af91919271f9fa140b0508c6c,a83dd0ccbffe39d071cc317ddf6e97f5c6b1c87af91919271f9fa140b0508c6c,"{""basis"":""ordered nested-math atom; exact symbolic replay"",""kind"":""source-target-formula-map""}"
1.1.0,formula,O007-FREMLIN-V2-S233-FORMULA-0611,O007-FREMLIN-V2-S233,O007-RIGHTS-FREMLIN-DSL,O007-FREMLIN-V2-S233-SEG-233XE,611,233Xe,233Xe,714,735,28894,28900,30808,30814,\phi,\phi,10ce0200b450ea955833553e717821c7721818b8a95cffd7e54b46e08918b512,10ce0200b450ea955833553e717821c7721818b8a95cffd7e54b46e08918b512,10ce0200b450ea955833553e717821c7721818b8a95cffd7e54b46e08918b512,$,,10ce0200b450ea955833553e717821c7721818b8a95cffd7e54b46e08918b512,10ce0200b450ea955833553e717821c7721818b8a95cffd7e54b46e08918b512,"{""basis"":""ordered nested-math atom; exact symbolic replay"",""kind"":""source-target-formula-map""}"
1.1.0,formula,O007-FREMLIN-V2-S233-FORMULA-0612,O007-FREMLIN-V2-S233,O007-RIGHTS-FREMLIN-DSL,O007-FREMLIN-V2-S233-SEG-233XE,612,233Xe,233Xe,715,736,28921,28927,30829,30835,\phi,\phi,10ce0200b450ea955833553e717821c7721818b8a95cffd7e54b46e08918b512,10ce0200b450ea955833553e717821c7721818b8a95cffd7e54b46e08918b512,10ce0200b450ea955833553e717821c7721818b8a95cffd7e54b46e08918b512,$,,10ce0200b450ea955833553e717821c7721818b8a95cffd7e54b46e08918b512,10ce0200b450ea955833553e717821c7721818b8a95cffd7e54b46e08918b512,"{""basis"":""ordered nested-math atom; exact symbolic replay"",""kind"":""source-target-formula-map""}"
1.1.0,formula,O007-FREMLIN-V2-S233-FORMULA-0613,O007-FREMLIN-V2-S233,O007-RIGHTS-FREMLIN-DSL,O007-FREMLIN-V2-S233-SEG-233XE,613,233Xe,233Xe,717,738,28981,28984,30885,30888,I,I,a83dd0ccbffe39d071cc317ddf6e97f5c6b1c87af91919271f9fa140b0508c6c,a83dd0ccbffe39d071cc317ddf6e97f5c6b1c87af91919271f9fa140b0508c6c,a83dd0ccbffe39d071cc317ddf6e97f5c6b1c87af91919271f9fa140b0508c6c,$,,a83dd0ccbffe39d071cc317ddf6e97f5c6b1c87af91919271f9fa140b0508c6c,a83dd0ccbffe39d071cc317ddf6e97f5c6b1c87af91919271f9fa140b0508c6c,"{""basis"":""ordered nested-math atom; exact symbolic replay"",""kind"":""source-target-formula-map""}"
1.1.0,formula,O007-FREMLIN-V2-S233-FORMULA-0614,O007-FREMLIN-V2-S233,O007-RIGHTS-FREMLIN-DSL,O007-FREMLIN-V2-S233-SEG-233XE,614,233Xe,233Xe,717,739,29011,29028,30917,30934,\psi:I\to\Bbb R,\psi:I\to\Bbb R,2b73e18dd8088598b781db59f9550daccfc670b37b44e40b4e331c02769378c0,2b73e18dd8088598b781db59f9550daccfc670b37b44e40b4e331c02769378c0,482806b202cb41525e35ad598eef0c03f60c3a6175a2768be46f374fd3d9212c,$,,482806b202cb41525e35ad598eef0c03f60c3a6175a2768be46f374fd3d9212c,482806b202cb41525e35ad598eef0c03f60c3a6175a2768be46f374fd3d9212c,"{""basis"":""ordered nested-math atom; exact symbolic replay"",""kind"":""source-target-formula-map""}"
1.1.0,formula,O007-FREMLIN-V2-S233-FORMULA-0615,O007-FREMLIN-V2-S233,O007-RIGHTS-FREMLIN-DSL,O007-FREMLIN-V2-S233-SEG-233XE,615,233Xe,233Xe,719,739,29094,29100,30983,30989,\psi,\psi,f301f970eb09c336d31954a22511ffad807e5a02b0371810267307048c281891,f301f970eb09c336d31954a22511ffad807e5a02b0371810267307048c281891,f301f970eb09c336d31954a22511ffad807e5a02b0371810267307048c281891,$,,f301f970eb09c336d31954a22511ffad807e5a02b0371810267307048c281891,f301f970eb09c336d31954a22511ffad807e5a02b0371810267307048c281891,"{""basis"":""ordered nested-math atom; exact symbolic replay"",""kind"":""source-target-formula-map""}"
1.1.0,formula,O007-FREMLIN-V2-S233-FORMULA-0616,O007-FREMLIN-V2-S233,O007-RIGHTS-FREMLIN-DSL,O007-FREMLIN-V2-S233-SEG-233XF,616,233Xf,233Xf,722,743,29151,29169,31043,31061,I\subseteq\Bbb R,I\subseteq\Bbb R,b320cdbc5ab0e4fce5ab227bbe5ff5c320196d2a3d7d893dae54cf74879f4381,b320cdbc5ab0e4fce5ab227bbe5ff5c320196d2a3d7d893dae54cf74879f4381,1f6569a3812314869c6c4b225981af4ea8b0bbd407b523921a9c2cf702c55cee,$,,1f6569a3812314869c6c4b225981af4ea8b0bbd407b523921a9c2cf702c55cee,1f6569a3812314869c6c4b225981af4ea8b0bbd407b523921a9c2cf702c55cee,"{""basis"":""ordered nested-math atom; exact symbolic replay"",""kind"":""source-target-formula-map""}"
1.1.0,formula,O007-FREMLIN-V2-S233-FORMULA-0617,O007-FREMLIN-V2-S233,O007-RIGHTS-FREMLIN-DSL,O007-FREMLIN-V2-S233-SEG-233XF,617,233Xf,233Xf,723,744,29190,29196,31079,31085,\phi,\phi,10ce0200b450ea955833553e717821c7721818b8a95cffd7e54b46e08918b512,10ce0200b450ea955833553e717821c7721818b8a95cffd7e54b46e08918b512,10ce0200b450ea955833553e717821c7721818b8a95cffd7e54b46e08918b512,$,,10ce0200b450ea955833553e717821c7721818b8a95cffd7e54b46e08918b512,10ce0200b450ea955833553e717821c7721818b8a95cffd7e54b46e08918b512,"{""basis"":""ordered nested-math atom; exact symbolic replay"",""kind"":""source-target-formula-map""}"
1.1.0,formula,O007-FREMLIN-V2-S233-FORMULA-0618,O007-FREMLIN-V2-S233,O007-RIGHTS-FREMLIN-DSL,O007-FREMLIN-V2-S233-SEG-233XF,618,233Xf,233Xf,723,744,29198,29215,31087,31104,\psi:I\to\Bbb R,\psi:I\to\Bbb R,2b73e18dd8088598b781db59f9550daccfc670b37b44e40b4e331c02769378c0,2b73e18dd8088598b781db59f9550daccfc670b37b44e40b4e331c02769378c0,482806b202cb41525e35ad598eef0c03f60c3a6175a2768be46f374fd3d9212c,$,,482806b202cb41525e35ad598eef0c03f60c3a6175a2768be46f374fd3d9212c,482806b202cb41525e35ad598eef0c03f60c3a6175a2768be46f374fd3d9212c,"{""basis"":""ordered nested-math atom; exact symbolic replay"",""kind"":""source-target-formula-map""}"
1.1.0,formula,O007-FREMLIN-V2-S233-FORMULA-0619,O007-FREMLIN-V2-S233,O007-RIGHTS-FREMLIN-DSL,O007-FREMLIN-V2-S233-SEG-233XF,619,233Xf,233Xf,723,745,29243,29256,31133,31146,a\phi+b\psi,a\phi+b\psi,303bb7f8e448f32ebe281d57a4f66ed570d32ccf79b6b879eb6c0b35917dcc52,303bb7f8e448f32ebe281d57a4f66ed570d32ccf79b6b879eb6c0b35917dcc52,303bb7f8e448f32ebe281d57a4f66ed570d32ccf79b6b879eb6c0b35917dcc52,$,,303bb7f8e448f32ebe281d57a4f66ed570d32ccf79b6b879eb6c0b35917dcc52,303bb7f8e448f32ebe281d57a4f66ed570d32ccf79b6b879eb6c0b35917dcc52,"{""basis"":""ordered nested-math atom; exact symbolic replay"",""kind"":""source-target-formula-map""}"
1.1.0,formula,O007-FREMLIN-V2-S233-FORMULA-0620,O007-FREMLIN-V2-S233,O007-RIGHTS-FREMLIN-DSL,O007-FREMLIN-V2-S233-SEG-233XF,620,233Xf,233Xf,724,745,29266,29269,31173,31176,a,a,ca978112ca1bbdcafac231b39a23dc4da786eff8147c4e72b9807785afee48bb,ca978112ca1bbdcafac231b39a23dc4da786eff8147c4e72b9807785afee48bb,ca978112ca1bbdcafac231b39a23dc4da786eff8147c4e72b9807785afee48bb,$,,ca978112ca1bbdcafac231b39a23dc4da786eff8147c4e72b9807785afee48bb,ca978112ca1bbdcafac231b39a23dc4da786eff8147c4e72b9807785afee48bb,"{""basis"":""ordered nested-math atom; exact symbolic replay"",""kind"":""source-target-formula-map""}"
1.1.0,formula,O007-FREMLIN-V2-S233-FORMULA-0621,O007-FREMLIN-V2-S233,O007-RIGHTS-FREMLIN-DSL,O007-FREMLIN-V2-S233-SEG-233XF,621,233Xf,233Xf,724,745,29271,29279,31178,31186,b\ge 0,b\ge 0,12c98797c0d9c9db56510bdd298849d057991f962e1f97edc5e4759f6f096bb0,12c98797c0d9c9db56510bdd298849d057991f962e1f97edc5e4759f6f096bb0,9efdaf81a6b3c62690d056781198975f2dd3df47fa9644872909a89ffd370aba,$,,9efdaf81a6b3c62690d056781198975f2dd3df47fa9644872909a89ffd370aba,9efdaf81a6b3c62690d056781198975f2dd3df47fa9644872909a89ffd370aba,"{""basis"":""ordered nested-math atom; exact symbolic replay"",""kind"":""source-target-formula-map""}"
1.1.0,formula,O007-FREMLIN-V2-S233-FORMULA-0622,O007-FREMLIN-V2-S233,O007-RIGHTS-FREMLIN-DSL,O007-FREMLIN-V2-S233-SEG-233XG,622,233Xg,233Xg,728,748,29357,29368,31253,31264,g\times h,g\times h,8dac5acb5aef16948dd52783287cd917206915e13ec0b19fa7ced3e9a5fd9d41,8dac5acb5aef16948dd52783287cd917206915e13ec0b19fa7ced3e9a5fd9d41,7e490570db03a644baba28cf94b99689f0ba3f2b8d03877db6d696310d1b4c98,$,,7e490570db03a644baba28cf94b99689f0ba3f2b8d03877db6d696310d1b4c98,7e490570db03a644baba28cf94b99689f0ba3f2b8d03877db6d696310d1b4c98,"{""basis"":""ordered nested-math atom; exact symbolic replay"",""kind"":""source-target-formula-map""}"
1.1.0,formula,O007-FREMLIN-V2-S233-FORMULA-0623,O007-FREMLIN-V2-S233,O007-RIGHTS-FREMLIN-DSL,O007-FREMLIN-V2-S233-SEG-233XG,623,233Xg,233Xg,728,749,29387,29398,31287,31298,f\times h,f\times h,cba16ce5f483a33a0bf81b2e7ee5ee2fd62b1df05f91812a5c2373711f3c2187,cba16ce5f483a33a0bf81b2e7ee5ee2fd62b1df05f91812a5c2373711f3c2187,47f7efd3ee7e06bef44420bfafca1a48aaab518b4387bea2dcf5479df50d9330,$,,47f7efd3ee7e06bef44420bfafca1a48aaab518b4387bea2dcf5479df50d9330,47f7efd3ee7e06bef44420bfafca1a48aaab518b4387bea2dcf5479df50d9330,"{""basis"":""ordered nested-math atom; exact symbolic replay"",""kind"":""source-target-formula-map""}"
1.1.0,formula,O007-FREMLIN-V2-S233-FORMULA-0624,O007-FREMLIN-V2-S233,O007-RIGHTS-FREMLIN-DSL,O007-FREMLIN-V2-S233-SEG-233XG,624,233Xg,233Xg,729,750,29420,29423,31333,31336,X,X,4b68ab3847feda7d6c62c1fbcbeebfa35eab7351ed5e78f4ddadea5df64b8015,4b68ab3847feda7d6c62c1fbcbeebfa35eab7351ed5e78f4ddadea5df64b8015,4b68ab3847feda7d6c62c1fbcbeebfa35eab7351ed5e78f4ddadea5df64b8015,$,,4b68ab3847feda7d6c62c1fbcbeebfa35eab7351ed5e78f4ddadea5df64b8015,4b68ab3847feda7d6c62c1fbcbeebfa35eab7351ed5e78f4ddadea5df64b8015,"{""basis"":""ordered nested-math atom; exact symbolic replay"",""kind"":""source-target-formula-map""}"
1.1.0,formula,O007-FREMLIN-V2-S233-FORMULA-0625,O007-FREMLIN-V2-S233,O007-RIGHTS-FREMLIN-DSL,O007-FREMLIN-V2-S233-SEG-233XG,625,233Xg,233Xg,729,750,29425,29430,31338,31343,\mu,\mu,492247e1bab15272d1e53b8015c042bf6fa0cb8f23ec52cad93d6ba80dafb804,492247e1bab15272d1e53b8015c042bf6fa0cb8f23ec52cad93d6ba80dafb804,492247e1bab15272d1e53b8015c042bf6fa0cb8f23ec52cad93d6ba80dafb804,$,,492247e1bab15272d1e53b8015c042bf6fa0cb8f23ec52cad93d6ba80dafb804,492247e1bab15272d1e53b8015c042bf6fa0cb8f23ec52cad93d6ba80dafb804,"{""basis"":""ordered nested-math atom; exact symbolic replay"",""kind"":""source-target-formula-map""}"
1.1.0,formula,O007-FREMLIN-V2-S233-FORMULA-0626,O007-FREMLIN-V2-S233,O007-RIGHTS-FREMLIN-DSL,O007-FREMLIN-V2-S233-SEG-233XG,626,233Xg,233Xg,729,750,29432,29438,31349,31355,\Tau,\Tau,a34699b8745d985590df162103fdf28f3ec3426d7f12ca80a1b9c6f87686099a,a34699b8745d985590df162103fdf28f3ec3426d7f12ca80a1b9c6f87686099a,a34699b8745d985590df162103fdf28f3ec3426d7f12ca80a1b9c6f87686099a,$,,a34699b8745d985590df162103fdf28f3ec3426d7f12ca80a1b9c6f87686099a,a34699b8745d985590df162103fdf28f3ec3426d7f12ca80a1b9c6f87686099a,"{""basis"":""ordered nested-math atom; exact symbolic replay"",""kind"":""source-target-formula-map""}"
1.1.0,formula,O007-FREMLIN-V2-S233-FORMULA-0627,O007-FREMLIN-V2-S233,O007-RIGHTS-FREMLIN-DSL,O007-FREMLIN-V2-S233-SEG-233XG,627,233Xg,233Xg,729,751,29468,29471,31392,31395,g,g,cd0aa9856147b6c5b4ff2b7dfee5da20aa38253099ef1b4a64aced233c9afe29,cd0aa9856147b6c5b4ff2b7dfee5da20aa38253099ef1b4a64aced233c9afe29,cd0aa9856147b6c5b4ff2b7dfee5da20aa38253099ef1b4a64aced233c9afe29,$,,cd0aa9856147b6c5b4ff2b7dfee5da20aa38253099ef1b4a64aced233c9afe29,cd0aa9856147b6c5b4ff2b7dfee5da20aa38253099ef1b4a64aced233c9afe29,"{""basis"":""ordered nested-math atom; exact symbolic replay"",""kind"":""source-target-formula-map""}"
1.1.0,formula,O007-FREMLIN-V2-S233-FORMULA-0628,O007-FREMLIN-V2-S233,O007-RIGHTS-FREMLIN-DSL,O007-FREMLIN-V2-S233-SEG-233XG,628,233Xg,233Xg,729,751,29478,29481,31405,31408,0,0,5feceb66ffc86f38d952786c6d696c79c2dbc239dd4e91b46729d73a27fb57e9,5feceb66ffc86f38d952786c6d696c79c2dbc239dd4e91b46729d73a27fb57e9,5feceb66ffc86f38d952786c6d696c79c2dbc239dd4e91b46729d73a27fb57e9,$,,5feceb66ffc86f38d952786c6d696c79c2dbc239dd4e91b46729d73a27fb57e9,5feceb66ffc86f38d952786c6d696c79c2dbc239dd4e91b46729d73a27fb57e9,"{""basis"":""ordered nested-math atom; exact symbolic replay"",""kind"":""source-target-formula-map""}"
1.1.0,formula,O007-FREMLIN-V2-S233-FORMULA-0629,O007-FREMLIN-V2-S233,O007-RIGHTS-FREMLIN-DSL,O007-FREMLIN-V2-S233-SEG-233XH,629,233Xh,233Xh,732,754,29514,29532,31443,31461,I\subseteq\Bbb R,I\subseteq\Bbb R,b320cdbc5ab0e4fce5ab227bbe5ff5c320196d2a3d7d893dae54cf74879f4381,b320cdbc5ab0e4fce5ab227bbe5ff5c320196d2a3d7d893dae54cf74879f4381,1f6569a3812314869c6c4b225981af4ea8b0bbd407b523921a9c2cf702c55cee,$,,1f6569a3812314869c6c4b225981af4ea8b0bbd407b523921a9c2cf702c55cee,1f6569a3812314869c6c4b225981af4ea8b0bbd407b523921a9c2cf702c55cee,"{""basis"":""ordered nested-math atom; exact symbolic replay"",""kind"":""source-target-formula-map""}"
1.1.0,formula,O007-FREMLIN-V2-S233-FORMULA-0630,O007-FREMLIN-V2-S233,O007-RIGHTS-FREMLIN-DSL,O007-FREMLIN-V2-S233-SEG-233XH,630,233Xh,233Xh,732,754,29552,29558,31479,31485,\Phi,\Phi,9a2ae80e5efa1bd70e667dcfdc783a2dff45edef3b6d6bd9d23b93b2a07a810f,9a2ae80e5efa1bd70e667dcfdc783a2dff45edef3b6d6bd9d23b93b2a07a810f,9a2ae80e5efa1bd70e667dcfdc783a2dff45edef3b6d6bd9d23b93b2a07a810f,$,,9a2ae80e5efa1bd70e667dcfdc783a2dff45edef3b6d6bd9d23b93b2a07a810f,9a2ae80e5efa1bd70e667dcfdc783a2dff45edef3b6d6bd9d23b93b2a07a810f,"{""basis"":""ordered nested-math atom; exact symbolic replay"",""kind"":""source-target-formula-map""}"
1.1.0,formula,O007-FREMLIN-V2-S233-FORMULA-0631,O007-FREMLIN-V2-S233,O007-RIGHTS-FREMLIN-DSL,O007-FREMLIN-V2-S233-SEG-233XH,631,233Xh,233Xh,733,756,29614,29617,31558,31561,I,I,a83dd0ccbffe39d071cc317ddf6e97f5c6b1c87af91919271f9fa140b0508c6c,a83dd0ccbffe39d071cc317ddf6e97f5c6b1c87af91919271f9fa140b0508c6c,a83dd0ccbffe39d071cc317ddf6e97f5c6b1c87af91919271f9fa140b0508c6c,$,,a83dd0ccbffe39d071cc317ddf6e97f5c6b1c87af91919271f9fa140b0508c6c,a83dd0ccbffe39d071cc317ddf6e97f5c6b1c87af91919271f9fa140b0508c6c,"{""basis"":""ordered nested-math atom; exact symbolic replay"",""kind"":""source-target-formula-map""}"
1.1.0,formula,O007-FREMLIN-V2-S233-FORMULA-0632,O007-FREMLIN-V2-S233,O007-RIGHTS-FREMLIN-DSL,O007-FREMLIN-V2-S233-SEG-233XH,632,233Xh,233Xh,734,756,29629,29664,31582,31617,\psi(x)=\sup_{\phi\in\Phi}\phi(x),\psi(x)=\sup_{\phi\in\Phi}\phi(x),794c58ffb982a2253bc2bbc2352e5ff927bc9e28331fff55b29e068ae1bb128f,794c58ffb982a2253bc2bbc2352e5ff927bc9e28331fff55b29e068ae1bb128f,794c58ffb982a2253bc2bbc2352e5ff927bc9e28331fff55b29e068ae1bb128f,$,,794c58ffb982a2253bc2bbc2352e5ff927bc9e28331fff55b29e068ae1bb128f,794c58ffb982a2253bc2bbc2352e5ff927bc9e28331fff55b29e068ae1bb128f,"{""basis"":""ordered nested-math atom; exact symbolic replay"",""kind"":""source-target-formula-map""}"
1.1.0,formula,O007-FREMLIN-V2-S233-FORMULA-0633,O007-FREMLIN-V2-S233,O007-RIGHTS-FREMLIN-DSL,O007-FREMLIN-V2-S233-SEG-233XH,633,233Xh,233Xh,734,757,29685,29693,31641,31649,x\in I,x\in I,7920d1c955ea61d506f919762fa94aa015b7e86f99e3a0969c481d499eebd0cc,7920d1c955ea61d506f919762fa94aa015b7e86f99e3a0969c481d499eebd0cc,e9e133a0ddf4901ba79b03dd287a13242c401728f51e16578e1d1e848f001f71,$,,e9e133a0ddf4901ba79b03dd287a13242c401728f51e16578e1d1e848f001f71,e9e133a0ddf4901ba79b03dd287a13242c401728f51e16578e1d1e848f001f71,"{""basis"":""ordered nested-math atom; exact symbolic replay"",""kind"":""source-target-formula-map""}"
1.1.0,formula,O007-FREMLIN-V2-S233-FORMULA-0634,O007-FREMLIN-V2-S233,O007-RIGHTS-FREMLIN-DSL,O007-FREMLIN-V2-S233-SEG-233XH,634,233Xh,233Xh,735,757,29708,29714,31667,31673,\psi,\psi,f301f970eb09c336d31954a22511ffad807e5a02b0371810267307048c281891,f301f970eb09c336d31954a22511ffad807e5a02b0371810267307048c281891,f301f970eb09c336d31954a22511ffad807e5a02b0371810267307048c281891,$,,f301f970eb09c336d31954a22511ffad807e5a02b0371810267307048c281891,f301f970eb09c336d31954a22511ffad807e5a02b0371810267307048c281891,"{""basis"":""ordered nested-math atom; exact symbolic replay"",""kind"":""source-target-formula-map""}"
1.1.0,formula,O007-FREMLIN-V2-S233-FORMULA-0635,O007-FREMLIN-V2-S233,O007-RIGHTS-FREMLIN-DSL,O007-FREMLIN-V2-S233-SEG-233Y,635,233Y,233Y,738,760,29776,29794,31731,31749,I\subseteq\Bbb R,I\subseteq\Bbb R,b320cdbc5ab0e4fce5ab227bbe5ff5c320196d2a3d7d893dae54cf74879f4381,b320cdbc5ab0e4fce5ab227bbe5ff5c320196d2a3d7d893dae54cf74879f4381,1f6569a3812314869c6c4b225981af4ea8b0bbd407b523921a9c2cf702c55cee,$,,1f6569a3812314869c6c4b225981af4ea8b0bbd407b523921a9c2cf702c55cee,1f6569a3812314869c6c4b225981af4ea8b0bbd407b523921a9c2cf702c55cee,"{""basis"":""ordered nested-math atom; exact symbolic replay"",""kind"":""source-target-formula-map""}"
1.1.0,formula,O007-FREMLIN-V2-S233-FORMULA-0636,O007-FREMLIN-V2-S233,O007-RIGHTS-FREMLIN-DSL,O007-FREMLIN-V2-S233-SEG-233Y,636,233Y,233Y,739,761,29823,29840,31777,31794,\phi:I\to\Bbb R,\phi:I\to\Bbb R,ca942cf661ac90f8edbd75eed2d63f467ab146b0be38ece0ac5b99ecdbf2acca,ca942cf661ac90f8edbd75eed2d63f467ab146b0be38ece0ac5b99ecdbf2acca,31b8814c842d7f4b4c150c5bb6e824d50a59582426aa5fff9997b792679fe609,$,,31b8814c842d7f4b4c150c5bb6e824d50a59582426aa5fff9997b792679fe609,31b8814c842d7f4b4c150c5bb6e824d50a59582426aa5fff9997b792679fe609,"{""basis"":""ordered nested-math atom; exact symbolic replay"",""kind"":""source-target-formula-map""}"
1.1.0,formula,O007-FREMLIN-V2-S233-FORMULA-0637,O007-FREMLIN-V2-S233,O007-RIGHTS-FREMLIN-DSL,O007-FREMLIN-V2-S233-SEG-233Y,637,233Y,233Y,740,762,29865,29913,31829,31877,\phi(\bover{x+y}2)\le\bover12(\phi(x)+\phi(y)),\phi(\bover{x+y}2)\le\bover12(\phi(x)+\phi(y)),2e66fd69abb755c13916b604522dc4c48406aaa1120f409a100bef69507ac7e4,2e66fd69abb755c13916b604522dc4c48406aaa1120f409a100bef69507ac7e4,2e66fd69abb755c13916b604522dc4c48406aaa1120f409a100bef69507ac7e4,$,,2e66fd69abb755c13916b604522dc4c48406aaa1120f409a100bef69507ac7e4,2e66fd69abb755c13916b604522dc4c48406aaa1120f409a100bef69507ac7e4,"{""basis"":""ordered nested-math atom; exact symbolic replay"",""kind"":""source-target-formula-map""}"
1.1.0,formula,O007-FREMLIN-V2-S233-FORMULA-0638,O007-FREMLIN-V2-S233,O007-RIGHTS-FREMLIN-DSL,O007-FREMLIN-V2-S233-SEG-233Y,638,233Y,233Y,740,763,29922,29925,31890,31893,x,x,2d711642b726b04401627ca9fbac32f5c8530fb1903cc4db02258717921a4881,2d711642b726b04401627ca9fbac32f5c8530fb1903cc4db02258717921a4881,2d711642b726b04401627ca9fbac32f5c8530fb1903cc4db02258717921a4881,$,,2d711642b726b04401627ca9fbac32f5c8530fb1903cc4db02258717921a4881,2d711642b726b04401627ca9fbac32f5c8530fb1903cc4db02258717921a4881,"{""basis"":""ordered nested-math atom; exact symbolic replay"",""kind"":""source-target-formula-map""}"
1.1.0,formula,O007-FREMLIN-V2-S233-FORMULA-0639,O007-FREMLIN-V2-S233,O007-RIGHTS-FREMLIN-DSL,O007-FREMLIN-V2-S233-SEG-233Y,639,233Y,233Y,740,763,29927,29935,31895,31903,y\in I,y\in I,e1b445410032ac537313c64cea6260806cbc663fb692e35ece364419cb96fcd5,e1b445410032ac537313c64cea6260806cbc663fb692e35ece364419cb96fcd5,ab7dcb8a87e2eb891463a25866c05321d087fe68641427fb68124a2e31cdb362,$,,ab7dcb8a87e2eb891463a25866c05321d087fe68641427fb68124a2e31cdb362,ab7dcb8a87e2eb891463a25866c05321d087fe68641427fb68124a2e31cdb362,"{""basis"":""ordered nested-math atom; exact symbolic replay"",""kind"":""source-target-formula-map""}"
1.1.0,formula,O007-FREMLIN-V2-S233-FORMULA-0640,O007-FREMLIN-V2-S233,O007-RIGHTS-FREMLIN-DSL,O007-FREMLIN-V2-S233-SEG-233Y,640,233Y,233Y,742,764,30022,30025,31995,31998,I,I,a83dd0ccbffe39d071cc317ddf6e97f5c6b1c87af91919271f9fa140b0508c6c,a83dd0ccbffe39d071cc317ddf6e97f5c6b1c87af91919271f9fa140b0508c6c,a83dd0ccbffe39d071cc317ddf6e97f5c6b1c87af91919271f9fa140b0508c6c,$,,a83dd0ccbffe39d071cc317ddf6e97f5c6b1c87af91919271f9fa140b0508c6c,a83dd0ccbffe39d071cc317ddf6e97f5c6b1c87af91919271f9fa140b0508c6c,"{""basis"":""ordered nested-math atom; exact symbolic replay"",""kind"":""source-target-formula-map""}"
1.1.0,formula,O007-FREMLIN-V2-S233-FORMULA-0641,O007-FREMLIN-V2-S233,O007-RIGHTS-FREMLIN-DSL,O007-FREMLIN-V2-S233-SEG-233YB,641,233Yb,233Yb,746,768,30120,30129,32098,32107,\BbbR^r,\BbbR^r,6a5173578402ab704fe0e78c24a3f6f09fe9ed2c7ea0fbe574d688249eb91ed7,6a5173578402ab704fe0e78c24a3f6f09fe9ed2c7ea0fbe574d688249eb91ed7,6a5173578402ab704fe0e78c24a3f6f09fe9ed2c7ea0fbe574d688249eb91ed7,$,,6a5173578402ab704fe0e78c24a3f6f09fe9ed2c7ea0fbe574d688249eb91ed7,6a5173578402ab704fe0e78c24a3f6f09fe9ed2c7ea0fbe574d688249eb91ed7,"{""basis"":""ordered nested-math atom; exact symbolic replay"",""kind"":""source-target-formula-map""}"
1.1.0,formula,O007-FREMLIN-V2-S233-FORMULA-0642,O007-FREMLIN-V2-S233,O007-RIGHTS-FREMLIN-DSL,O007-FREMLIN-V2-S233-SEG-233YC,642,233Yc,233Yc,749,771,30161,30177,32141,32157,"(X,\Sigma,\mu)","(X,\Sigma,\mu)",05e9b769403b4c7926a944d5aaa03f00bb216412bc3f850e41b3c28de657aa67,05e9b769403b4c7926a944d5aaa03f00bb216412bc3f850e41b3c28de657aa67,05e9b769403b4c7926a944d5aaa03f00bb216412bc3f850e41b3c28de657aa67,$,,05e9b769403b4c7926a944d5aaa03f00bb216412bc3f850e41b3c28de657aa67,05e9b769403b4c7926a944d5aaa03f00bb216412bc3f850e41b3c28de657aa67,"{""basis"":""ordered nested-math atom; exact symbolic replay"",""kind"":""source-target-formula-map""}"
1.1.0,formula,O007-FREMLIN-V2-S233-FORMULA-0643,O007-FREMLIN-V2-S233,O007-RIGHTS-FREMLIN-DSL,O007-FREMLIN-V2-S233-SEG-233YC,643,233Yc,233Yc,750,772,30206,30212,32187,32193,\Tau,\Tau,a34699b8745d985590df162103fdf28f3ec3426d7f12ca80a1b9c6f87686099a,a34699b8745d985590df162103fdf28f3ec3426d7f12ca80a1b9c6f87686099a,a34699b8745d985590df162103fdf28f3ec3426d7f12ca80a1b9c6f87686099a,$,,a34699b8745d985590df162103fdf28f3ec3426d7f12ca80a1b9c6f87686099a,a34699b8745d985590df162103fdf28f3ec3426d7f12ca80a1b9c6f87686099a,"{""basis"":""ordered nested-math atom; exact symbolic replay"",""kind"":""source-target-formula-map""}"
1.1.0,formula,O007-FREMLIN-V2-S233-FORMULA-0644,O007-FREMLIN-V2-S233,O007-RIGHTS-FREMLIN-DSL,O007-FREMLIN-V2-S233-SEG-233YC,644,233Yc,233Yc,750,772,30215,30223,32211,32219,\sigma,\sigma,9c3245dfb4ac54c1623a60e7b8d1fc07cb02eae1229435230c7dab5e71083a26,9c3245dfb4ac54c1623a60e7b8d1fc07cb02eae1229435230c7dab5e71083a26,9c3245dfb4ac54c1623a60e7b8d1fc07cb02eae1229435230c7dab5e71083a26,$,,9c3245dfb4ac54c1623a60e7b8d1fc07cb02eae1229435230c7dab5e71083a26,9c3245dfb4ac54c1623a60e7b8d1fc07cb02eae1229435230c7dab5e71083a26,"{""basis"":""ordered nested-math atom; exact symbolic replay"",""kind"":""source-target-formula-map""}"
1.1.0,formula,O007-FREMLIN-V2-S233-FORMULA-0645,O007-FREMLIN-V2-S233,O007-RIGHTS-FREMLIN-DSL,O007-FREMLIN-V2-S233-SEG-233YC,645,233Yc,233Yc,750,772,30238,30246,32225,32233,\Sigma,\Sigma,d65d75b1e6562713a3936bb38fdfe6832fb5b96c946de58f7ce0992057665aa8,d65d75b1e6562713a3936bb38fdfe6832fb5b96c946de58f7ce0992057665aa8,d65d75b1e6562713a3936bb38fdfe6832fb5b96c946de58f7ce0992057665aa8,$,,d65d75b1e6562713a3936bb38fdfe6832fb5b96c946de58f7ce0992057665aa8,d65d75b1e6562713a3936bb38fdfe6832fb5b96c946de58f7ce0992057665aa8,"{""basis"":""ordered nested-math atom; exact symbolic replay"",""kind"":""source-target-formula-map""}"
1.1.0,formula,O007-FREMLIN-V2-S233-FORMULA-0646,O007-FREMLIN-V2-S233,O007-RIGHTS-FREMLIN-DSL,O007-FREMLIN-V2-S233-SEG-233YC,646,233Yc,233Yc,750,772,30254,30260,32244,32250,\phi,\phi,10ce0200b450ea955833553e717821c7721818b8a95cffd7e54b46e08918b512,10ce0200b450ea955833553e717821c7721818b8a95cffd7e54b46e08918b512,10ce0200b450ea955833553e717821c7721818b8a95cffd7e54b46e08918b512,$,,10ce0200b450ea955833553e717821c7721818b8a95cffd7e54b46e08918b512,10ce0200b450ea955833553e717821c7721818b8a95cffd7e54b46e08918b512,"{""basis"":""ordered nested-math atom; exact symbolic replay"",""kind"":""source-target-formula-map""}"
1.1.0,formula,O007-FREMLIN-V2-S233-FORMULA-0647,O007-FREMLIN-V2-S233,O007-RIGHTS-FREMLIN-DSL,O007-FREMLIN-V2-S233-SEG-233YC,647,233Yc,233Yc,751,774,30319,30337,32313,32331,I\subseteq\Bbb R,I\subseteq\Bbb R,b320cdbc5ab0e4fce5ab227bbe5ff5c320196d2a3d7d893dae54cf74879f4381,b320cdbc5ab0e4fce5ab227bbe5ff5c320196d2a3d7d893dae54cf74879f4381,1f6569a3812314869c6c4b225981af4ea8b0bbd407b523921a9c2cf702c55cee,$,,1f6569a3812314869c6c4b225981af4ea8b0bbd407b523921a9c2cf702c55cee,1f6569a3812314869c6c4b225981af4ea8b0bbd407b523921a9c2cf702c55cee,"{""basis"":""ordered nested-math atom; exact symbolic replay"",""kind"":""source-target-formula-map""}"
1.1.0,formula,O007-FREMLIN-V2-S233-FORMULA-0648,O007-FREMLIN-V2-S233,O007-RIGHTS-FREMLIN-DSL,O007-FREMLIN-V2-S233-SEG-233YC,648,233Yc,233Yc,751,774,30343,30346,32337,32340,f,f,252f10c83610ebca1a059c0bae8255eba2f95be4d1d7bcfa89d7248a82d9f111,252f10c83610ebca1a059c0bae8255eba2f95be4d1d7bcfa89d7248a82d9f111,252f10c83610ebca1a059c0bae8255eba2f95be4d1d7bcfa89d7248a82d9f111,$,,252f10c83610ebca1a059c0bae8255eba2f95be4d1d7bcfa89d7248a82d9f111,252f10c83610ebca1a059c0bae8255eba2f95be4d1d7bcfa89d7248a82d9f111,"{""basis"":""ordered nested-math atom; exact symbolic replay"",""kind"":""source-target-formula-map""}"
1.1.0,formula,O007-FREMLIN-V2-S233-FORMULA-0649,O007-FREMLIN-V2-S233,O007-RIGHTS-FREMLIN-DSL,O007-FREMLIN-V2-S233-SEG-233YC,649,233Yc,233Yc,752,775,30386,30389,32393,32396,X,X,4b68ab3847feda7d6c62c1fbcbeebfa35eab7351ed5e78f4ddadea5df64b8015,4b68ab3847feda7d6c62c1fbcbeebfa35eab7351ed5e78f4ddadea5df64b8015,4b68ab3847feda7d6c62c1fbcbeebfa35eab7351ed5e78f4ddadea5df64b8015,$,,4b68ab3847feda7d6c62c1fbcbeebfa35eab7351ed5e78f4ddadea5df64b8015,4b68ab3847feda7d6c62c1fbcbeebfa35eab7351ed5e78f4ddadea5df64b8015,"{""basis"":""ordered nested-math atom; exact symbolic replay"",""kind"":""source-target-formula-map""}"
1.1.0,formula,O007-FREMLIN-V2-S233-FORMULA-0650,O007-FREMLIN-V2-S233,O007-RIGHTS-FREMLIN-DSL,O007-FREMLIN-V2-S233-SEG-233YC,650,233Yc,233Yc,752,775,30400,30411,32417,32428,f(x)\in I,f(x)\in I,84bea87ce5f510c62e2d870cbc48fbc5a6d8ff0f77e3d4538985aa269c8e6c65,84bea87ce5f510c62e2d870cbc48fbc5a6d8ff0f77e3d4538985aa269c8e6c65,0056f4615f213701044197ee339e89ca966c55b0800da5c35d0723bd97473197,$,,0056f4615f213701044197ee339e89ca966c55b0800da5c35d0723bd97473197,0056f4615f213701044197ee339e89ca966c55b0800da5c35d0723bd97473197,"{""basis"":""ordered nested-math atom; exact symbolic replay"",""kind"":""source-target-formula-map""}"
1.1.0,formula,O007-FREMLIN-V2-S233-FORMULA-0651,O007-FREMLIN-V2-S233,O007-RIGHTS-FREMLIN-DSL,O007-FREMLIN-V2-S233-SEG-233YC,651,233Yc,233Yc,753,775,30430,30438,32449,32457,x\in X,x\in X,d9448dfd3954dd39c12d483afd23d561b1b7d735af5f430b5dc457e6fa9ef99b,d9448dfd3954dd39c12d483afd23d561b1b7d735af5f430b5dc457e6fa9ef99b,858979f0c33c5f45e30780b82e2fa00184311296fbb7ef6bf3f4a6007c9b9cb1,$,,858979f0c33c5f45e30780b82e2fa00184311296fbb7ef6bf3f4a6007c9b9cb1,858979f0c33c5f45e30780b82e2fa00184311296fbb7ef6bf3f4a6007c9b9cb1,"{""basis"":""ordered nested-math atom; exact symbolic replay"",""kind"":""source-target-formula-map""}"
1.1.0,formula,O007-FREMLIN-V2-S233-FORMULA-0652,O007-FREMLIN-V2-S233,O007-RIGHTS-FREMLIN-DSL,O007-FREMLIN-V2-S233-SEG-233YC,652,233Yc,233Yc,753,776,30443,30451,32462,32470,\phi f,\phi f,a91431eb03c4941bc8b84ecb18c254f99523b33d1a31a278f55d4bf4eb440c4e,a91431eb03c4941bc8b84ecb18c254f99523b33d1a31a278f55d4bf4eb440c4e,b739293c2511647cf4d34aee5ae4a41072ff57fdf94f957b86425e4ce31e2474,$,,b739293c2511647cf4d34aee5ae4a41072ff57fdf94f957b86425e4ce31e2474,b739293c2511647cf4d34aee5ae4a41072ff57fdf94f957b86425e4ce31e2474,"{""basis"":""ordered nested-math atom; exact symbolic replay"",""kind"":""source-target-formula-map""}"
1.1.0,formula,O007-FREMLIN-V2-S233-FORMULA-0653,O007-FREMLIN-V2-S233,O007-RIGHTS-FREMLIN-DSL,O007-FREMLIN-V2-S233-SEG-233YC,653,233Yc,233Yc,753,776,30473,30476,32496,32499,g,g,cd0aa9856147b6c5b4ff2b7dfee5da20aa38253099ef1b4a64aced233c9afe29,cd0aa9856147b6c5b4ff2b7dfee5da20aa38253099ef1b4a64aced233c9afe29,cd0aa9856147b6c5b4ff2b7dfee5da20aa38253099ef1b4a64aced233c9afe29,$,,cd0aa9856147b6c5b4ff2b7dfee5da20aa38253099ef1b4a64aced233c9afe29,cd0aa9856147b6c5b4ff2b7dfee5da20aa38253099ef1b4a64aced233c9afe29,"{""basis"":""ordered nested-math atom; exact symbolic replay"",""kind"":""source-target-formula-map""}"
1.1.0,formula,O007-FREMLIN-V2-S233-FORMULA-0654,O007-FREMLIN-V2-S233,O007-RIGHTS-FREMLIN-DSL,O007-FREMLIN-V2-S233-SEG-233YC,654,233Yc,233Yc,754,776,30479,30482,32504,32507,h,h,aaa9402664f1a41f40ebbc52c9993eb66aeb366602958fdfaa283b71e64db123,aaa9402664f1a41f40ebbc52c9993eb66aeb366602958fdfaa283b71e64db123,aaa9402664f1a41f40ebbc52c9993eb66aeb366602958fdfaa283b71e64db123,$,,aaa9402664f1a41f40ebbc52c9993eb66aeb366602958fdfaa283b71e64db123,aaa9402664f1a41f40ebbc52c9993eb66aeb366602958fdfaa283b71e64db123,"{""basis"":""ordered nested-math atom; exact symbolic replay"",""kind"":""source-target-formula-map""}"
1.1.0,formula,O007-FREMLIN-V2-S233-FORMULA-0655,O007-FREMLIN-V2-S233,O007-RIGHTS-FREMLIN-DSL,O007-FREMLIN-V2-S233-SEG-233YC,655,233Yc,233Yc,754,777,30514,30520,32548,32554,\Tau,\Tau,a34699b8745d985590df162103fdf28f3ec3426d7f12ca80a1b9c6f87686099a,a34699b8745d985590df162103fdf28f3ec3426d7f12ca80a1b9c6f87686099a,a34699b8745d985590df162103fdf28f3ec3426d7f12ca80a1b9c6f87686099a,$,,a34699b8745d985590df162103fdf28f3ec3426d7f12ca80a1b9c6f87686099a,a34699b8745d985590df162103fdf28f3ec3426d7f12ca80a1b9c6f87686099a,"{""basis"":""ordered nested-math atom; exact symbolic replay"",""kind"":""source-target-formula-map""}"
1.1.0,formula,O007-FREMLIN-V2-S233-FORMULA-0656,O007-FREMLIN-V2-S233,O007-RIGHTS-FREMLIN-DSL,O007-FREMLIN-V2-S233-SEG-233YC,656,233Yc,233Yc,754,777,30524,30527,32560,32563,f,f,252f10c83610ebca1a059c0bae8255eba2f95be4d1d7bcfa89d7248a82d9f111,252f10c83610ebca1a059c0bae8255eba2f95be4d1d7bcfa89d7248a82d9f111,252f10c83610ebca1a059c0bae8255eba2f95be4d1d7bcfa89d7248a82d9f111,$,,252f10c83610ebca1a059c0bae8255eba2f95be4d1d7bcfa89d7248a82d9f111,252f10c83610ebca1a059c0bae8255eba2f95be4d1d7bcfa89d7248a82d9f111,"{""basis"":""ordered nested-math atom; exact symbolic replay"",""kind"":""source-target-formula-map""}"
1.1.0,formula,O007-FREMLIN-V2-S233-FORMULA-0657,O007-FREMLIN-V2-S233,O007-RIGHTS-FREMLIN-DSL,O007-FREMLIN-V2-S233-SEG-233YC,657,233Yc,233Yc,754,777,30529,30537,32568,32576,\phi f,\phi f,a91431eb03c4941bc8b84ecb18c254f99523b33d1a31a278f55d4bf4eb440c4e,a91431eb03c4941bc8b84ecb18c254f99523b33d1a31a278f55d4bf4eb440c4e,b739293c2511647cf4d34aee5ae4a41072ff57fdf94f957b86425e4ce31e2474,$,,b739293c2511647cf4d34aee5ae4a41072ff57fdf94f957b86425e4ce31e2474,b739293c2511647cf4d34aee5ae4a41072ff57fdf94f957b86425e4ce31e2474,"{""basis"":""ordered nested-math atom; exact symbolic replay"",""kind"":""source-target-formula-map""}"
1.1.0,formula,O007-FREMLIN-V2-S233-FORMULA-0658,O007-FREMLIN-V2-S233,O007-RIGHTS-FREMLIN-DSL,O007-FREMLIN-V2-S233-SEG-233YC,658,233Yc,233Yc,755,778,30565,30576,32594,32605,g(x)\in I,g(x)\in I,0b70146c7bd718be3a478ad4d6e3a0fc60199871af5395f50b9c7b3262584f76,0b70146c7bd718be3a478ad4d6e3a0fc60199871af5395f50b9c7b3262584f76,0ac610da82027afd2bad2c29dd2d020a6b4e6c473112dee25e4176e6b4def7a5,$,,0ac610da82027afd2bad2c29dd2d020a6b4e6c473112dee25e4176e6b4def7a5,0ac610da82027afd2bad2c29dd2d020a6b4e6c473112dee25e4176e6b4def7a5,"{""basis"":""ordered nested-math atom; exact symbolic replay"",""kind"":""source-target-formula-map""}"
1.1.0,formula,O007-FREMLIN-V2-S233-FORMULA-0659,O007-FREMLIN-V2-S233,O007-RIGHTS-FREMLIN-DSL,O007-FREMLIN-V2-S233-SEG-233YC,659,233Yc,233Yc,755,778,30594,30597,32626,32629,x,x,2d711642b726b04401627ca9fbac32f5c8530fb1903cc4db02258717921a4881,2d711642b726b04401627ca9fbac32f5c8530fb1903cc4db02258717921a4881,2d711642b726b04401627ca9fbac32f5c8530fb1903cc4db02258717921a4881,$,,2d711642b726b04401627ca9fbac32f5c8530fb1903cc4db02258717921a4881,2d711642b726b04401627ca9fbac32f5c8530fb1903cc4db02258717921a4881,"{""basis"":""ordered nested-math atom; exact symbolic replay"",""kind"":""source-target-formula-map""}"
1.1.0,formula,O007-FREMLIN-V2-S233-FORMULA-0660,O007-FREMLIN-V2-S233,O007-RIGHTS-FREMLIN-DSL,O007-FREMLIN-V2-S233-SEG-233YC,660,233Yc,233Yc,756,778,30608,30623,32634,32649,\phi g\leae h,\phi g\leae h,a89c78d4da673d23394a138db5e52501a2ff254774089b6b1474181f575edddb,a89c78d4da673d23394a138db5e52501a2ff254774089b6b1474181f575edddb,b846d1236fb5b3789f518d270e22f39feed98d633e1477059e5132632ba8dcfd,$,,b846d1236fb5b3789f518d270e22f39feed98d633e1477059e5132632ba8dcfd,b846d1236fb5b3789f518d270e22f39feed98d633e1477059e5132632ba8dcfd,"{""basis"":""ordered nested-math atom; exact symbolic replay"",""kind"":""source-target-formula-map""}"
1.1.0,formula,O007-FREMLIN-V2-S233-FORMULA-0661,O007-FREMLIN-V2-S233,O007-RIGHTS-FREMLIN-DSL,O007-FREMLIN-V2-S233-SEG-233YD,661,233Yd,233Yd,759,781,30667,30685,32698,32716,I\subseteq\Bbb R,I\subseteq\Bbb R,b320cdbc5ab0e4fce5ab227bbe5ff5c320196d2a3d7d893dae54cf74879f4381,b320cdbc5ab0e4fce5ab227bbe5ff5c320196d2a3d7d893dae54cf74879f4381,1f6569a3812314869c6c4b225981af4ea8b0bbd407b523921a9c2cf702c55cee,$,,1f6569a3812314869c6c4b225981af4ea8b0bbd407b523921a9c2cf702c55cee,1f6569a3812314869c6c4b225981af4ea8b0bbd407b523921a9c2cf702c55cee,"{""basis"":""ordered nested-math atom; exact symbolic replay"",""kind"":""source-target-formula-map""}"
1.1.0,formula,O007-FREMLIN-V2-S233-FORMULA-0662,O007-FREMLIN-V2-S233,O007-RIGHTS-FREMLIN-DSL,O007-FREMLIN-V2-S233-SEG-233YD,662,233Yd,233Yd,760,782,30710,30724,32740,32754,E\subseteq I,E\subseteq I,a1bf54cd26a7dfa67710b627eb2c47dd820df8584d59bb43c266827a5bc32ea3,a1bf54cd26a7dfa67710b627eb2c47dd820df8584d59bb43c266827a5bc32ea3,9c8905ea98607b7e44860e09e38a0a91f796c489c2514ade4c1273ce8d4d50dd,$,,9c8905ea98607b7e44860e09e38a0a91f796c489c2514ade4c1273ce8d4d50dd,9c8905ea98607b7e44860e09e38a0a91f796c489c2514ade4c1273ce8d4d50dd,"{""basis"":""ordered nested-math atom; exact symbolic replay"",""kind"":""source-target-formula-map""}"
1.1.0,formula,O007-FREMLIN-V2-S233-FORMULA-0663,O007-FREMLIN-V2-S233,O007-RIGHTS-FREMLIN-DSL,O007-FREMLIN-V2-S233-SEG-233YD,663,233Yd,233Yd,761,783,30754,30775,32777,32798,\mu E>\bover23\mu I,\mu E>\bover23\mu I,6b477b2933ccca0015363f7e57fd303347000744bacc99a3a4a76925da479779,6b477b2933ccca0015363f7e57fd303347000744bacc99a3a4a76925da479779,d3b168d7ca549069c09e698256b0e1d2e631f4b55f21fabb02503623b01b2422,$,,d3b168d7ca549069c09e698256b0e1d2e631f4b55f21fabb02503623b01b2422,d3b168d7ca549069c09e698256b0e1d2e631f4b55f21fabb02503623b01b2422,"{""basis"":""ordered nested-math atom; exact symbolic replay"",""kind"":""source-target-formula-map""}"
1.1.0,formula,O007-FREMLIN-V2-S233-FORMULA-0664,O007-FREMLIN-V2-S233,O007-RIGHTS-FREMLIN-DSL,O007-FREMLIN-V2-S233-SEG-233YD,664,233Yd,233Yd,761,783,30782,30787,32806,32811,\mu,\mu,492247e1bab15272d1e53b8015c042bf6fa0cb8f23ec52cad93d6ba80dafb804,492247e1bab15272d1e53b8015c042bf6fa0cb8f23ec52cad93d6ba80dafb804,492247e1bab15272d1e53b8015c042bf6fa0cb8f23ec52cad93d6ba80dafb804,$,,492247e1bab15272d1e53b8015c042bf6fa0cb8f23ec52cad93d6ba80dafb804,492247e1bab15272d1e53b8015c042bf6fa0cb8f23ec52cad93d6ba80dafb804,"{""basis"":""ordered nested-math atom; exact symbolic replay"",""kind"":""source-target-formula-map""}"
1.1.0,formula,O007-FREMLIN-V2-S233-FORMULA-0665,O007-FREMLIN-V2-S233,O007-RIGHTS-FREMLIN-DSL,O007-FREMLIN-V2-S233-SEG-233YD,665,233Yd,233Yd,762,784,30825,30833,32847,32855,x\in I,x\in I,7920d1c955ea61d506f919762fa94aa015b7e86f99e3a0969c481d499eebd0cc,7920d1c955ea61d506f919762fa94aa015b7e86f99e3a0969c481d499eebd0cc,e9e133a0ddf4901ba79b03dd287a13242c401728f51e16578e1d1e848f001f71,$,,e9e133a0ddf4901ba79b03dd287a13242c401728f51e16578e1d1e848f001f71,e9e133a0ddf4901ba79b03dd287a13242c401728f51e16578e1d1e848f001f71,"{""basis"":""ordered nested-math atom; exact symbolic replay"",""kind"":""source-target-formula-map""}"
1.1.0,formula,O007-FREMLIN-V2-S233-FORMULA-0666,O007-FREMLIN-V2-S233,O007-RIGHTS-FREMLIN-DSL,O007-FREMLIN-V2-S233-SEG-233YD,666,233Yd,233Yd,762,784,30844,30847,32865,32868,y,y,a1fce4363854ff888cff4b8e7875d600c2682390412a8cf79b37d0b11148b0fa,a1fce4363854ff888cff4b8e7875d600c2682390412a8cf79b37d0b11148b0fa,a1fce4363854ff888cff4b8e7875d600c2682390412a8cf79b37d0b11148b0fa,$,,a1fce4363854ff888cff4b8e7875d600c2682390412a8cf79b37d0b11148b0fa,a1fce4363854ff888cff4b8e7875d600c2682390412a8cf79b37d0b11148b0fa,"{""basis"":""ordered nested-math atom; exact symbolic replay"",""kind"":""source-target-formula-map""}"
1.1.0,formula,O007-FREMLIN-V2-S233-FORMULA-0667,O007-FREMLIN-V2-S233,O007-RIGHTS-FREMLIN-DSL,O007-FREMLIN-V2-S233-SEG-233YD,667,233Yd,233Yd,762,784,30849,30857,32870,32878,z\in E,z\in E,a67ad4766be964cd4df49b326a138ad479ea40e3059b74d38df4ed35d89b51a4,a67ad4766be964cd4df49b326a138ad479ea40e3059b74d38df4ed35d89b51a4,1b6353684db3d52632c91253e73c83f0e1130b86460aa1af8fbc469d444132bd,$,,1b6353684db3d52632c91253e73c83f0e1130b86460aa1af8fbc469d444132bd,1b6353684db3d52632c91253e73c83f0e1130b86460aa1af8fbc469d444132bd,"{""basis"":""ordered nested-math atom; exact symbolic replay"",""kind"":""source-target-formula-map""}"
1.1.0,formula,O007-FREMLIN-V2-S233-FORMULA-0668,O007-FREMLIN-V2-S233,O007-RIGHTS-FREMLIN-DSL,O007-FREMLIN-V2-S233-SEG-233YD,668,233Yd,233Yd,762,785,30868,30884,32899,32915,z=\bover{x+y}2,z=\bover{x+y}2,916415e5e8b65a2a19eb718b6170ee0538ce77e5ee236809d1fac57281a1dbfd,916415e5e8b65a2a19eb718b6170ee0538ce77e5ee236809d1fac57281a1dbfd,916415e5e8b65a2a19eb718b6170ee0538ce77e5ee236809d1fac57281a1dbfd,$,,916415e5e8b65a2a19eb718b6170ee0538ce77e5ee236809d1fac57281a1dbfd,916415e5e8b65a2a19eb718b6170ee0538ce77e5ee236809d1fac57281a1dbfd,"{""basis"":""ordered nested-math atom; exact symbolic replay"",""kind"":""source-target-formula-map""}"
1.1.0,formula,O007-FREMLIN-V2-S233-FORMULA-0669,O007-FREMLIN-V2-S233,O007-RIGHTS-FREMLIN-DSL,O007-FREMLIN-V2-S233-SEG-233YD,669,233Yd,233Yd,763,786,30910,30936,32943,32969,\mu(x+E)+\mu(2E)>\mu(2I),\mu(x+E)+\mu(2E)>\mu(2I),f3178a9c8a4244b16a155f22acde53c8d98bf87e999dd37390d5d4912a688207,f3178a9c8a4244b16a155f22acde53c8d98bf87e999dd37390d5d4912a688207,f3178a9c8a4244b16a155f22acde53c8d98bf87e999dd37390d5d4912a688207,$,,f3178a9c8a4244b16a155f22acde53c8d98bf87e999dd37390d5d4912a688207,f3178a9c8a4244b16a155f22acde53c8d98bf87e999dd37390d5d4912a688207,"{""basis"":""ordered nested-math atom; exact symbolic replay"",""kind"":""source-target-formula-map""}"
1.1.0,formula,O007-FREMLIN-V2-S233-FORMULA-0670,O007-FREMLIN-V2-S233,O007-RIGHTS-FREMLIN-DSL,O007-FREMLIN-V2-S233-SEG-233YD,670,233Yd,233Yd,764,787,30960,30978,32998,33016,"f:[0,1]\to\Bbb R","f:[0,1]\to\Bbb R",f9c7c860d005bc4d4eebf9ac959ca59020b1ef6cf2687f591226a86f0d2c4300,f9c7c860d005bc4d4eebf9ac959ca59020b1ef6cf2687f591226a86f0d2c4300,41c0c904849841abb03dbce9185f5fa6c28662ec9e2a93478d51ca0f0e2f5e47,$,,41c0c904849841abb03dbce9185f5fa6c28662ec9e2a93478d51ca0f0e2f5e47,41c0c904849841abb03dbce9185f5fa6c28662ec9e2a93478d51ca0f0e2f5e47,"{""basis"":""ordered nested-math atom; exact symbolic replay"",""kind"":""source-target-formula-map""}"
1.1.0,formula,O007-FREMLIN-V2-S233-FORMULA-0671,O007-FREMLIN-V2-S233,O007-RIGHTS-FREMLIN-DSL,O007-FREMLIN-V2-S233-SEG-233YD,671,233Yd,233Yd,765,788,31047,31052,33081,33086,a>0,a>0,b115af0d0023af60405fe0e2a219510e40ccdf9fd23ceb72e207f72b9dd84948,b115af0d0023af60405fe0e2a219510e40ccdf9fd23ceb72e207f72b9dd84948,b115af0d0023af60405fe0e2a219510e40ccdf9fd23ceb72e207f72b9dd84948,$,,b115af0d0023af60405fe0e2a219510e40ccdf9fd23ceb72e207f72b9dd84948,b115af0d0023af60405fe0e2a219510e40ccdf9fd23ceb72e207f72b9dd84948,"{""basis"":""ordered nested-math atom; exact symbolic replay"",""kind"":""source-target-formula-map""}"
1.1.0,formula,O007-FREMLIN-V2-S233-FORMULA-0672,O007-FREMLIN-V2-S233,O007-RIGHTS-FREMLIN-DSL,O007-FREMLIN-V2-S233-SEG-233YD,672,233Yd,233Yd,765,789,31058,31075,33092,33109,"E=\{x:x\in[0,1]","E=\{x:x\in[0,1]",f1d98cc2f6454b8b70f314d52fe527ecb0978caebf2cf356d6da1da7dffc77b4,f1d98cc2f6454b8b70f314d52fe527ecb0978caebf2cf356d6da1da7dffc77b4,f1d98cc2f6454b8b70f314d52fe527ecb0978caebf2cf356d6da1da7dffc77b4,$,,f1d98cc2f6454b8b70f314d52fe527ecb0978caebf2cf356d6da1da7dffc77b4,f1d98cc2f6454b8b70f314d52fe527ecb0978caebf2cf356d6da1da7dffc77b4,"{""basis"":""ordered nested-math atom; exact symbolic replay"",""kind"":""source-target-formula-map""}"
1.1.0,formula,O007-FREMLIN-V2-S233-FORMULA-0673,O007-FREMLIN-V2-S233,O007-RIGHTS-FREMLIN-DSL,O007-FREMLIN-V2-S233-SEG-233YD,673,233Yd,233Yd,765,789,31077,31093,33111,33127,a\le f(x)<2a\},a\le f(x)<2a\},a0cb6025e927cdda73a8589435d4865b5df214b940c17b4ef67880b41bdacf1e,a0cb6025e927cdda73a8589435d4865b5df214b940c17b4ef67880b41bdacf1e,5820359aa05ac3d6642527f08be79ca7957006510c9f74316532e6dd4cb7d6ff,$,,5820359aa05ac3d6642527f08be79ca7957006510c9f74316532e6dd4cb7d6ff,5820359aa05ac3d6642527f08be79ca7957006510c9f74316532e6dd4cb7d6ff,"{""basis"":""ordered nested-math atom; exact symbolic replay"",""kind"":""source-target-formula-map""}"
1.1.0,formula,O007-FREMLIN-V2-S233-FORMULA-0674,O007-FREMLIN-V2-S233,O007-RIGHTS-FREMLIN-DSL,O007-FREMLIN-V2-S233-SEG-233YD,674,233Yd,233Yd,766,790,31151,31168,33179,33196,"I\subseteq[0,1]","I\subseteq[0,1]",6959b0e6596a312efe8086cc1b4308454a05a4cebb924fde4c9f0c4699fb1c70,6959b0e6596a312efe8086cc1b4308454a05a4cebb924fde4c9f0c4699fb1c70,6959b0e6596a312efe8086cc1b4308454a05a4cebb924fde4c9f0c4699fb1c70,$,,6959b0e6596a312efe8086cc1b4308454a05a4cebb924fde4c9f0c4699fb1c70,6959b0e6596a312efe8086cc1b4308454a05a4cebb924fde4c9f0c4699fb1c70,"{""basis"":""ordered nested-math atom; exact symbolic replay"",""kind"":""source-target-formula-map""}"
1.1.0,formula,O007-FREMLIN-V2-S233-FORMULA-0675,O007-FREMLIN-V2-S233,O007-RIGHTS-FREMLIN-DSL,O007-FREMLIN-V2-S233-SEG-233YD,675,233Yd,233Yd,767,790,31180,31188,33217,33225,f(x)>0,f(x)>0,c81faed22d3a344fb77c47bf45265d80e62c62ece1fe2fbdf797e7b0b7d33a33,c81faed22d3a344fb77c47bf45265d80e62c62ece1fe2fbdf797e7b0b7d33a33,c81faed22d3a344fb77c47bf45265d80e62c62ece1fe2fbdf797e7b0b7d33a33,$,,c81faed22d3a344fb77c47bf45265d80e62c62ece1fe2fbdf797e7b0b7d33a33,c81faed22d3a344fb77c47bf45265d80e62c62ece1fe2fbdf797e7b0b7d33a33,"{""basis"":""ordered nested-math atom; exact symbolic replay"",""kind"":""source-target-formula-map""}"
1.1.0,formula,O007-FREMLIN-V2-S233-FORMULA-0676,O007-FREMLIN-V2-S233,O007-RIGHTS-FREMLIN-DSL,O007-FREMLIN-V2-S233-SEG-233YD,676,233Yd,233Yd,767,791,31199,31207,33239,33247,x\in I,x\in I,7920d1c955ea61d506f919762fa94aa015b7e86f99e3a0969c481d499eebd0cc,7920d1c955ea61d506f919762fa94aa015b7e86f99e3a0969c481d499eebd0cc,e9e133a0ddf4901ba79b03dd287a13242c401728f51e16578e1d1e848f001f71,$,,e9e133a0ddf4901ba79b03dd287a13242c401728f51e16578e1d1e848f001f71,e9e133a0ddf4901ba79b03dd287a13242c401728f51e16578e1d1e848f001f71,"{""basis"":""ordered nested-math atom; exact symbolic replay"",""kind"":""source-target-formula-map""}"
1.1.0,formula,O007-FREMLIN-V2-S233-FORMULA-0677,O007-FREMLIN-V2-S233,O007-RIGHTS-FREMLIN-DSL,O007-FREMLIN-V2-S233-SEG-233YD,677,233Yd,233Yd,768,792,31246,31264,33277,33295,"f:[0,1]\to\Bbb R","f:[0,1]\to\Bbb R",f9c7c860d005bc4d4eebf9ac959ca59020b1ef6cf2687f591226a86f0d2c4300,f9c7c860d005bc4d4eebf9ac959ca59020b1ef6cf2687f591226a86f0d2c4300,41c0c904849841abb03dbce9185f5fa6c28662ec9e2a93478d51ca0f0e2f5e47,$,,41c0c904849841abb03dbce9185f5fa6c28662ec9e2a93478d51ca0f0e2f5e47,41c0c904849841abb03dbce9185f5fa6c28662ec9e2a93478d51ca0f0e2f5e47,"{""basis"":""ordered nested-math atom; exact symbolic replay"",""kind"":""source-target-formula-map""}"
1.1.0,formula,O007-FREMLIN-V2-S233-FORMULA-0678,O007-FREMLIN-V2-S233,O007-RIGHTS-FREMLIN-DSL,O007-FREMLIN-V2-S233-SEG-233YD,678,233Yd,233Yd,768,793,31300,31308,33344,33352,f\le 0,f\le 0,1af12269403085ca1e0bb72311bc979ca083e26b8403eebaa98fdd8509e9a41d,1af12269403085ca1e0bb72311bc979ca083e26b8403eebaa98fdd8509e9a41d,de0d9334d54f0b9bc81b484f4e8f1e21f9799e46814b504ea746b5a5f6d42563,$,,de0d9334d54f0b9bc81b484f4e8f1e21f9799e46814b504ea746b5a5f6d42563,de0d9334d54f0b9bc81b484f4e8f1e21f9799e46814b504ea746b5a5f6d42563,"{""basis"":""ordered nested-math atom; exact symbolic replay"",""kind"":""source-target-formula-map""}"
1.1.0,formula,O007-FREMLIN-V2-S233-FORMULA-0679,O007-FREMLIN-V2-S233,O007-RIGHTS-FREMLIN-DSL,O007-FREMLIN-V2-S233-SEG-233YD,679,233Yd,233Yd,769,793,31331,31338,33379,33386,"[0,1]","[0,1]",463f2998327eb3a694145e6014444480b2235be84aa6cfd57871cc64f1cd816c,463f2998327eb3a694145e6014444480b2235be84aa6cfd57871cc64f1cd816c,463f2998327eb3a694145e6014444480b2235be84aa6cfd57871cc64f1cd816c,$,,463f2998327eb3a694145e6014444480b2235be84aa6cfd57871cc64f1cd816c,463f2998327eb3a694145e6014444480b2235be84aa6cfd57871cc64f1cd816c,"{""basis"":""ordered nested-math atom; exact symbolic replay"",""kind"":""source-target-formula-map""}"
1.1.0,formula,O007-FREMLIN-V2-S233-FORMULA-0680,O007-FREMLIN-V2-S233,O007-RIGHTS-FREMLIN-DSL,O007-FREMLIN-V2-S233-SEG-233YD,680,233Yd,233Yd,769,793,31352,31360,33404,33412,f\le 0,f\le 0,1af12269403085ca1e0bb72311bc979ca083e26b8403eebaa98fdd8509e9a41d,1af12269403085ca1e0bb72311bc979ca083e26b8403eebaa98fdd8509e9a41d,de0d9334d54f0b9bc81b484f4e8f1e21f9799e46814b504ea746b5a5f6d42563,$,,de0d9334d54f0b9bc81b484f4e8f1e21f9799e46814b504ea746b5a5f6d42563,de0d9334d54f0b9bc81b484f4e8f1e21f9799e46814b504ea746b5a5f6d42563,"{""basis"":""ordered nested-math atom; exact symbolic replay"",""kind"":""source-target-formula-map""}"
1.1.0,formula,O007-FREMLIN-V2-S233-FORMULA-0681,O007-FREMLIN-V2-S233,O007-RIGHTS-FREMLIN-DSL,O007-FREMLIN-V2-S233-SEG-233YD,681,233Yd,233Yd,770,794,31376,31389,33429,33442,"\ooint{0,1}","\ooint{0,1}",4215d0329c68e6668620c121330ad01709aaa87b680b9a6c2cf32f8b250d9254,4215d0329c68e6668620c121330ad01709aaa87b680b9a6c2cf32f8b250d9254,4215d0329c68e6668620c121330ad01709aaa87b680b9a6c2cf32f8b250d9254,$,,4215d0329c68e6668620c121330ad01709aaa87b680b9a6c2cf32f8b250d9254,4215d0329c68e6668620c121330ad01709aaa87b680b9a6c2cf32f8b250d9254,"{""basis"":""ordered nested-math atom; exact symbolic replay"",""kind"":""source-target-formula-map""}"
1.1.0,formula,O007-FREMLIN-V2-S233-FORMULA-0682,O007-FREMLIN-V2-S233,O007-RIGHTS-FREMLIN-DSL,O007-FREMLIN-V2-S233-SEG-233YD,682,233Yd,233Yd,770,794,31409,31426,33463,33480,"x\in\ooint{0,1}","x\in\ooint{0,1}",0934bcf86d03dbbaabe9d7ac2fd45378c685efb2a4af362a670e7b9ffed337d4,0934bcf86d03dbbaabe9d7ac2fd45378c685efb2a4af362a670e7b9ffed337d4,0934bcf86d03dbbaabe9d7ac2fd45378c685efb2a4af362a670e7b9ffed337d4,$,,0934bcf86d03dbbaabe9d7ac2fd45378c685efb2a4af362a670e7b9ffed337d4,0934bcf86d03dbbaabe9d7ac2fd45378c685efb2a4af362a670e7b9ffed337d4,"{""basis"":""ordered nested-math atom; exact symbolic replay"",""kind"":""source-target-formula-map""}"
1.1.0,formula,O007-FREMLIN-V2-S233-FORMULA-0683,O007-FREMLIN-V2-S233,O007-RIGHTS-FREMLIN-DSL,O007-FREMLIN-V2-S233-SEG-233YD,683,233Yd,233Yd,771,795,31429,31455,33482,33508,"\max(f(x-t),f(x+t))\le 0","\max(f(x-t),f(x+t))\le 0",c0673c05d39cda0a4c38edd2207f28ab95f85cd069324a3cfc936098ca96f3a7,c0673c05d39cda0a4c38edd2207f28ab95f85cd069324a3cfc936098ca96f3a7,8cb5f3ac7e9639aa52ea796445c78f8b6e3140f17fc32a9df89c172d2672eea7,$,,8cb5f3ac7e9639aa52ea796445c78f8b6e3140f17fc32a9df89c172d2672eea7,8cb5f3ac7e9639aa52ea796445c78f8b6e3140f17fc32a9df89c172d2672eea7,"{""basis"":""ordered nested-math atom; exact symbolic replay"",""kind"":""source-target-formula-map""}"
1.1.0,formula,O007-FREMLIN-V2-S233-FORMULA-0684,O007-FREMLIN-V2-S233,O007-RIGHTS-FREMLIN-DSL,O007-FREMLIN-V2-S233-SEG-233YD,684,233Yd,233Yd,771,796,31473,31494,33529,33550,"t\in[0,\min(x,1-x)]","t\in[0,\min(x,1-x)]",eac95cc4149efcf185a5155649945a7e53d90bf5421092d7312508e655bf6b70,eac95cc4149efcf185a5155649945a7e53d90bf5421092d7312508e655bf6b70,eac95cc4149efcf185a5155649945a7e53d90bf5421092d7312508e655bf6b70,$,,eac95cc4149efcf185a5155649945a7e53d90bf5421092d7312508e655bf6b70,eac95cc4149efcf185a5155649945a7e53d90bf5421092d7312508e655bf6b70,"{""basis"":""ordered nested-math atom; exact symbolic replay"",""kind"":""source-target-formula-map""}"
1.1.0,formula,O007-FREMLIN-V2-S233-FORMULA-0685,O007-FREMLIN-V2-S233,O007-RIGHTS-FREMLIN-DSL,O007-FREMLIN-V2-S233-SEG-233YD,685,233Yd,233Yd,772,797,31516,31534,33567,33585,"f:[0,1]\to\Bbb R","f:[0,1]\to\Bbb R",f9c7c860d005bc4d4eebf9ac959ca59020b1ef6cf2687f591226a86f0d2c4300,f9c7c860d005bc4d4eebf9ac959ca59020b1ef6cf2687f591226a86f0d2c4300,41c0c904849841abb03dbce9185f5fa6c28662ec9e2a93478d51ca0f0e2f5e47,$,,41c0c904849841abb03dbce9185f5fa6c28662ec9e2a93478d51ca0f0e2f5e47,41c0c904849841abb03dbce9185f5fa6c28662ec9e2a93478d51ca0f0e2f5e47,"{""basis"":""ordered nested-math atom; exact symbolic replay"",""kind"":""source-target-formula-map""}"
1.1.0,formula,O007-FREMLIN-V2-S233-FORMULA-0686,O007-FREMLIN-V2-S233,O007-RIGHTS-FREMLIN-DSL,O007-FREMLIN-V2-S233-SEG-233YD,686,233Yd,233Yd,773,798,31591,31604,33651,33664,f(0)=f(1)=0,f(0)=f(1)=0,dd4a2cc7dc6f2d783b714059d01d92ab7acd8faebd4f19fcf93a4292e139a85f,dd4a2cc7dc6f2d783b714059d01d92ab7acd8faebd4f19fcf93a4292e139a85f,dd4a2cc7dc6f2d783b714059d01d92ab7acd8faebd4f19fcf93a4292e139a85f,$,,dd4a2cc7dc6f2d783b714059d01d92ab7acd8faebd4f19fcf93a4292e139a85f,dd4a2cc7dc6f2d783b714059d01d92ab7acd8faebd4f19fcf93a4292e139a85f,"{""basis"":""ordered nested-math atom; exact symbolic replay"",""kind"":""source-target-formula-map""}"
1.1.0,formula,O007-FREMLIN-V2-S233-FORMULA-0687,O007-FREMLIN-V2-S233,O007-RIGHTS-FREMLIN-DSL,O007-FREMLIN-V2-S233-SEG-233YD,687,233Yd,233Yd,773,798,31618,31629,33682,33693,f(x)\le 0,f(x)\le 0,894865a5748270ce9e89cdd3f3490baa3447eba25e8881232b66a3e6926bffed,894865a5748270ce9e89cdd3f3490baa3447eba25e8881232b66a3e6926bffed,a1fe20c6a9a8e780c4b7c84f1ad217e9043796dad511df75b0905466d9a5753f,$,,a1fe20c6a9a8e780c4b7c84f1ad217e9043796dad511df75b0905466d9a5753f,a1fe20c6a9a8e780c4b7c84f1ad217e9043796dad511df75b0905466d9a5753f,"{""basis"":""ordered nested-math atom; exact symbolic replay"",""kind"":""source-target-formula-map""}"
1.1.0,formula,O007-FREMLIN-V2-S233-FORMULA-0688,O007-FREMLIN-V2-S233,O007-RIGHTS-FREMLIN-DSL,O007-FREMLIN-V2-S233-SEG-233YD,688,233Yd,233Yd,774,799,31641,31652,33707,33718,"x\in[0,1]","x\in[0,1]",e3d57cc7372e5a19183ace9c05648f9174170fe7cf092ecaf46edf4f29ff36e0,e3d57cc7372e5a19183ace9c05648f9174170fe7cf092ecaf46edf4f29ff36e0,e3d57cc7372e5a19183ace9c05648f9174170fe7cf092ecaf46edf4f29ff36e0,$,,e3d57cc7372e5a19183ace9c05648f9174170fe7cf092ecaf46edf4f29ff36e0,e3d57cc7372e5a19183ace9c05648f9174170fe7cf092ecaf46edf4f29ff36e0,"{""basis"":""ordered nested-math atom; exact symbolic replay"",""kind"":""source-target-formula-map""}"
1.1.0,formula,O007-FREMLIN-V2-S233-FORMULA-0689,O007-FREMLIN-V2-S233,O007-RIGHTS-FREMLIN-DSL,O007-FREMLIN-V2-S233-SEG-233YD,689,233Yd,233Yd,774,800,31672,31689,33742,33759,\{x:f(x)\le 0\},\{x:f(x)\le 0\},8da57bd7f4dbcac3a9b37495f557251d28a80b3e5bf4673cd543d8a1bc70519f,8da57bd7f4dbcac3a9b37495f557251d28a80b3e5bf4673cd543d8a1bc70519f,4b9024008de4760cae06503adf9c9e606bcdb1e055b226421b814e3139382eeb,$,,4b9024008de4760cae06503adf9c9e606bcdb1e055b226421b814e3139382eeb,4b9024008de4760cae06503adf9c9e606bcdb1e055b226421b814e3139382eeb,"{""basis"":""ordered nested-math atom; exact symbolic replay"",""kind"":""source-target-formula-map""}"
1.1.0,formula,O007-FREMLIN-V2-S233-FORMULA-0690,O007-FREMLIN-V2-S233,O007-RIGHTS-FREMLIN-DSL,O007-FREMLIN-V2-S233-SEG-233YD,690,233Yd,233Yd,774,800,31702,31709,33772,33779,"[0,1]","[0,1]",463f2998327eb3a694145e6014444480b2235be84aa6cfd57871cc64f1cd816c,463f2998327eb3a694145e6014444480b2235be84aa6cfd57871cc64f1cd816c,463f2998327eb3a694145e6014444480b2235be84aa6cfd57871cc64f1cd816c,$,,463f2998327eb3a694145e6014444480b2235be84aa6cfd57871cc64f1cd816c,463f2998327eb3a694145e6014444480b2235be84aa6cfd57871cc64f1cd816c,"{""basis"":""ordered nested-math atom; exact symbolic replay"",""kind"":""source-target-formula-map""}"
1.1.0,formula,O007-FREMLIN-V2-S233-FORMULA-0691,O007-FREMLIN-V2-S233,O007-RIGHTS-FREMLIN-DSL,O007-FREMLIN-V2-S233-SEG-233YD,691,233Yd,233Yd,775,802,31756,31763,33855,33862,"[0,1]","[0,1]",463f2998327eb3a694145e6014444480b2235be84aa6cfd57871cc64f1cd816c,463f2998327eb3a694145e6014444480b2235be84aa6cfd57871cc64f1cd816c,463f2998327eb3a694145e6014444480b2235be84aa6cfd57871cc64f1cd816c,$,,463f2998327eb3a694145e6014444480b2235be84aa6cfd57871cc64f1cd816c,463f2998327eb3a694145e6014444480b2235be84aa6cfd57871cc64f1cd816c,"{""basis"":""ordered nested-math atom; exact symbolic replay"",""kind"":""source-target-formula-map""}"
1.1.0,formula,O007-FREMLIN-V2-S233-FORMULA-0692,O007-FREMLIN-V2-S233,O007-RIGHTS-FREMLIN-DSL,O007-FREMLIN-V2-S233-SEG-233YD,692,233Yd,233Yd,776,803,31800,31818,33911,33929,I\subseteq\Bbb R,I\subseteq\Bbb R,b320cdbc5ab0e4fce5ab227bbe5ff5c320196d2a3d7d893dae54cf74879f4381,b320cdbc5ab0e4fce5ab227bbe5ff5c320196d2a3d7d893dae54cf74879f4381,1f6569a3812314869c6c4b225981af4ea8b0bbd407b523921a9c2cf702c55cee,$,,1f6569a3812314869c6c4b225981af4ea8b0bbd407b523921a9c2cf702c55cee,1f6569a3812314869c6c4b225981af4ea8b0bbd407b523921a9c2cf702c55cee,"{""basis"":""ordered nested-math atom; exact symbolic replay"",""kind"":""source-target-formula-map""}"
1.1.0,formula,O007-FREMLIN-V2-S233-FORMULA-0693,O007-FREMLIN-V2-S233,O007-RIGHTS-FREMLIN-DSL,O007-FREMLIN-V2-S233-SEG-233YD,693,233Yd,233Yd,776,804,31838,31852,33947,33961,f:I\to\Bbb R,f:I\to\Bbb R,7535f6dc9b5bd5eef5706abd56ab18893330aef4399fb3f93d6df29ef9cc0e5f,7535f6dc9b5bd5eef5706abd56ab18893330aef4399fb3f93d6df29ef9cc0e5f,4aa5a87a35504ae84cb25e2b47c445528cbc5389a516a9e7e12a0325bdc5a744,$,,4aa5a87a35504ae84cb25e2b47c445528cbc5389a516a9e7e12a0325bdc5a744,4aa5a87a35504ae84cb25e2b47c445528cbc5389a516a9e7e12a0325bdc5a744,"{""basis"":""ordered nested-math atom; exact symbolic replay"",""kind"":""source-target-formula-map""}"
1.1.0,formula,O007-FREMLIN-V2-S233-FORMULA-0694,O007-FREMLIN-V2-S233,O007-RIGHTS-FREMLIN-DSL,O007-FREMLIN-V2-S233-SEG-233YE,694,233Ye,233Ye,780,808,31974,31990,34096,34112,"(X,\Sigma,\mu)","(X,\Sigma,\mu)",05e9b769403b4c7926a944d5aaa03f00bb216412bc3f850e41b3c28de657aa67,05e9b769403b4c7926a944d5aaa03f00bb216412bc3f850e41b3c28de657aa67,05e9b769403b4c7926a944d5aaa03f00bb216412bc3f850e41b3c28de657aa67,$,,05e9b769403b4c7926a944d5aaa03f00bb216412bc3f850e41b3c28de657aa67,05e9b769403b4c7926a944d5aaa03f00bb216412bc3f850e41b3c28de657aa67,"{""basis"":""ordered nested-math atom; exact symbolic replay"",""kind"":""source-target-formula-map""}"
1.1.0,formula,O007-FREMLIN-V2-S233-FORMULA-0695,O007-FREMLIN-V2-S233,O007-RIGHTS-FREMLIN-DSL,O007-FREMLIN-V2-S233-SEG-233YE,695,233Ye,233Ye,780,809,32015,32021,34139,34145,\Tau,\Tau,a34699b8745d985590df162103fdf28f3ec3426d7f12ca80a1b9c6f87686099a,a34699b8745d985590df162103fdf28f3ec3426d7f12ca80a1b9c6f87686099a,a34699b8745d985590df162103fdf28f3ec3426d7f12ca80a1b9c6f87686099a,$,,a34699b8745d985590df162103fdf28f3ec3426d7f12ca80a1b9c6f87686099a,a34699b8745d985590df162103fdf28f3ec3426d7f12ca80a1b9c6f87686099a,"{""basis"":""ordered nested-math atom; exact symbolic replay"",""kind"":""source-target-formula-map""}"
1.1.0,formula,O007-FREMLIN-V2-S233-FORMULA-0696,O007-FREMLIN-V2-S233,O007-RIGHTS-FREMLIN-DSL,O007-FREMLIN-V2-S233-SEG-233YE,696,233Ye,233Ye,781,809,32025,32033,34163,34171,\sigma,\sigma,9c3245dfb4ac54c1623a60e7b8d1fc07cb02eae1229435230c7dab5e71083a26,9c3245dfb4ac54c1623a60e7b8d1fc07cb02eae1229435230c7dab5e71083a26,9c3245dfb4ac54c1623a60e7b8d1fc07cb02eae1229435230c7dab5e71083a26,$,,9c3245dfb4ac54c1623a60e7b8d1fc07cb02eae1229435230c7dab5e71083a26,9c3245dfb4ac54c1623a60e7b8d1fc07cb02eae1229435230c7dab5e71083a26,"{""basis"":""ordered nested-math atom; exact symbolic replay"",""kind"":""source-target-formula-map""}"
1.1.0,formula,O007-FREMLIN-V2-S233-FORMULA-0697,O007-FREMLIN-V2-S233,O007-RIGHTS-FREMLIN-DSL,O007-FREMLIN-V2-S233-SEG-233YE,697,233Ye,233Ye,781,809,32059,32062,34201,34204,X,X,4b68ab3847feda7d6c62c1fbcbeebfa35eab7351ed5e78f4ddadea5df64b8015,4b68ab3847feda7d6c62c1fbcbeebfa35eab7351ed5e78f4ddadea5df64b8015,4b68ab3847feda7d6c62c1fbcbeebfa35eab7351ed5e78f4ddadea5df64b8015,$,,4b68ab3847feda7d6c62c1fbcbeebfa35eab7351ed5e78f4ddadea5df64b8015,4b68ab3847feda7d6c62c1fbcbeebfa35eab7351ed5e78f4ddadea5df64b8015,"{""basis"":""ordered nested-math atom; exact symbolic replay"",""kind"":""source-target-formula-map""}"
1.1.0,formula,O007-FREMLIN-V2-S233-FORMULA-0698,O007-FREMLIN-V2-S233,O007-RIGHTS-FREMLIN-DSL,O007-FREMLIN-V2-S233-SEG-233YE,698,233Ye,233Ye,781,810,32068,32086,34210,34228,"f:X\to[0,\infty]","f:X\to[0,\infty]",9c851170c869ecd098a3bba9697d2a21a22025a3fdff878b926cc06f88f3d780,9c851170c869ecd098a3bba9697d2a21a22025a3fdff878b926cc06f88f3d780,9c851170c869ecd098a3bba9697d2a21a22025a3fdff878b926cc06f88f3d780,$,,9c851170c869ecd098a3bba9697d2a21a22025a3fdff878b926cc06f88f3d780,9c851170c869ecd098a3bba9697d2a21a22025a3fdff878b926cc06f88f3d780,"{""basis"":""ordered nested-math atom; exact symbolic replay"",""kind"":""source-target-formula-map""}"
1.1.0,formula,O007-FREMLIN-V2-S233-FORMULA-0699,O007-FREMLIN-V2-S233,O007-RIGHTS-FREMLIN-DSL,O007-FREMLIN-V2-S233-SEG-233YE,699,233Ye,233Ye,782,810,32090,32098,34259,34267,\Sigma,\Sigma,d65d75b1e6562713a3936bb38fdfe6832fb5b96c946de58f7ce0992057665aa8,d65d75b1e6562713a3936bb38fdfe6832fb5b96c946de58f7ce0992057665aa8,d65d75b1e6562713a3936bb38fdfe6832fb5b96c946de58f7ce0992057665aa8,$,,d65d75b1e6562713a3936bb38fdfe6832fb5b96c946de58f7ce0992057665aa8,d65d75b1e6562713a3936bb38fdfe6832fb5b96c946de58f7ce0992057665aa8,"{""basis"":""ordered nested-math atom; exact symbolic replay"",""kind"":""source-target-formula-map""}"
1.1.0,formula,O007-FREMLIN-V2-S233-FORMULA-0700,O007-FREMLIN-V2-S233,O007-RIGHTS-FREMLIN-DSL,O007-FREMLIN-V2-S233-SEG-233YE,700,233Ye,233Ye,782,811,32147,32153,34333,34339,\Tau,\Tau,a34699b8745d985590df162103fdf28f3ec3426d7f12ca80a1b9c6f87686099a,a34699b8745d985590df162103fdf28f3ec3426d7f12ca80a1b9c6f87686099a,a34699b8745d985590df162103fdf28f3ec3426d7f12ca80a1b9c6f87686099a,$,,a34699b8745d985590df162103fdf28f3ec3426d7f12ca80a1b9c6f87686099a,a34699b8745d985590df162103fdf28f3ec3426d7f12ca80a1b9c6f87686099a,"{""basis"":""ordered nested-math atom; exact symbolic replay"",""kind"":""source-target-formula-map""}"
1.1.0,formula,O007-FREMLIN-V2-S233-FORMULA-0701,O007-FREMLIN-V2-S233,O007-RIGHTS-FREMLIN-DSL,O007-FREMLIN-V2-S233-SEG-233YE,701,233Ye,233Ye,783,812,32166,32184,34347,34365,"g:X\to[0,\infty]","g:X\to[0,\infty]",da4fb4e075bb2b01ba4ef8fccc75368bda91721b9a7681662a65e41b038fa328,da4fb4e075bb2b01ba4ef8fccc75368bda91721b9a7681662a65e41b038fa328,da4fb4e075bb2b01ba4ef8fccc75368bda91721b9a7681662a65e41b038fa328,$,,da4fb4e075bb2b01ba4ef8fccc75368bda91721b9a7681662a65e41b038fa328,da4fb4e075bb2b01ba4ef8fccc75368bda91721b9a7681662a65e41b038fa328,"{""basis"":""ordered nested-math atom; exact symbolic replay"",""kind"":""source-target-formula-map""}"
1.1.0,formula,O007-FREMLIN-V2-S233-FORMULA-0702,O007-FREMLIN-V2-S233,O007-RIGHTS-FREMLIN-DSL,O007-FREMLIN-V2-S233-SEG-233YE,702,233Ye,233Ye,783,812,32195,32212,34387,34404,\int_Fg=\int_Ff,\int_Fg=\int_Ff,bc58a833ff1a63995d8b04a9d62c1e85429dccb07ded60c221436253f3492a6a,bc58a833ff1a63995d8b04a9d62c1e85429dccb07ded60c221436253f3492a6a,bc58a833ff1a63995d8b04a9d62c1e85429dccb07ded60c221436253f3492a6a,$,,bc58a833ff1a63995d8b04a9d62c1e85429dccb07ded60c221436253f3492a6a,bc58a833ff1a63995d8b04a9d62c1e85429dccb07ded60c221436253f3492a6a,"{""basis"":""ordered nested-math atom; exact symbolic replay"",""kind"":""source-target-formula-map""}"
1.1.0,formula,O007-FREMLIN-V2-S233-FORMULA-0703,O007-FREMLIN-V2-S233,O007-RIGHTS-FREMLIN-DSL,O007-FREMLIN-V2-S233-SEG-233YE,703,233Ye,233Ye,783,813,32223,32233,34418,34428,F\in\Tau,F\in\Tau,1c89dd885b17d49d2d61b2430cf1f8956e6b04ce6f3295ea1c11ffbf00b7fb98,1c89dd885b17d49d2d61b2430cf1f8956e6b04ce6f3295ea1c11ffbf00b7fb98,1c89dd885b17d49d2d61b2430cf1f8956e6b04ce6f3295ea1c11ffbf00b7fb98,$,,1c89dd885b17d49d2d61b2430cf1f8956e6b04ce6f3295ea1c11ffbf00b7fb98,1c89dd885b17d49d2d61b2430cf1f8956e6b04ce6f3295ea1c11ffbf00b7fb98,"{""basis"":""ordered nested-math atom; exact symbolic replay"",""kind"":""source-target-formula-map""}"
1.1.0,formula,O007-FREMLIN-V2-S233-FORMULA-0704,O007-FREMLIN-V2-S233,O007-RIGHTS-FREMLIN-DSL,O007-FREMLIN-V2-S233-SEG-233YF,704,233Yf,233Yf,786,816,32310,32318,34516,34524,r\ge 1,r\ge 1,10bc42d96f51887ea400533a0f6b343406ae6bb4aac04938120632d6289e30dc,10bc42d96f51887ea400533a0f6b343406ae6bb4aac04938120632d6289e30dc,48d931adc78b0f862d3435fd812b0154451317701e4ee6ece3563bbd6d25a196,$,,48d931adc78b0f862d3435fd812b0154451317701e4ee6ece3563bbd6d25a196,48d931adc78b0f862d3435fd812b0154451317701e4ee6ece3563bbd6d25a196,"{""basis"":""ordered nested-math atom; exact symbolic replay"",""kind"":""source-target-formula-map""}"
1.1.0,formula,O007-FREMLIN-V2-S233-FORMULA-0705,O007-FREMLIN-V2-S233,O007-RIGHTS-FREMLIN-DSL,O007-FREMLIN-V2-S233-SEG-233YF,705,233Yf,233Yf,786,817,32323,32356,34529,34562,C\subseteq\BbbR^r\setminus\{0\},C\subseteq\BbbR^r\setminus\{0\},6f2c74e8aeb51004969262a3d85ac24bba07bcfd1eca467cc785c19f943bd77f,6f2c74e8aeb51004969262a3d85ac24bba07bcfd1eca467cc785c19f943bd77f,6f2c74e8aeb51004969262a3d85ac24bba07bcfd1eca467cc785c19f943bd77f,$,,6f2c74e8aeb51004969262a3d85ac24bba07bcfd1eca467cc785c19f943bd77f,6f2c74e8aeb51004969262a3d85ac24bba07bcfd1eca467cc785c19f943bd77f,"{""basis"":""ordered nested-math atom; exact symbolic replay"",""kind"":""source-target-formula-map""}"
1.1.0,formula,O007-FREMLIN-V2-S233-FORMULA-0706,O007-FREMLIN-V2-S233,O007-RIGHTS-FREMLIN-DSL,O007-FREMLIN-V2-S233-SEG-233YF,706,233Yf,233Yf,787,818,32407,32420,34612,34625,b\in\BbbR^r,b\in\BbbR^r,3bad70fb6ec0c035015790421f17e3375282b78c3ead8638da1e18a7ed33b30f,3bad70fb6ec0c035015790421f17e3375282b78c3ead8638da1e18a7ed33b30f,3bad70fb6ec0c035015790421f17e3375282b78c3ead8638da1e18a7ed33b30f,$,,3bad70fb6ec0c035015790421f17e3375282b78c3ead8638da1e18a7ed33b30f,3bad70fb6ec0c035015790421f17e3375282b78c3ead8638da1e18a7ed33b30f,"{""basis"":""ordered nested-math atom; exact symbolic replay"",""kind"":""source-target-formula-map""}"
1.1.0,formula,O007-FREMLIN-V2-S233-FORMULA-0707,O007-FREMLIN-V2-S233,O007-RIGHTS-FREMLIN-DSL,O007-FREMLIN-V2-S233-SEG-233YF,707,233Yf,233Yf,788,819,32433,32459,34654,34680,\varinnerprod{b}{z}\ge 0,\varinnerprod{b}{z}\ge 0,84c1905e4d436b1abbd32b72f6a2954be02c492e20cf65399289b3345c65ae9d,84c1905e4d436b1abbd32b72f6a2954be02c492e20cf65399289b3345c65ae9d,82b3f12f25f29da9b7343456f313f388b35abcd5770addd1fd73b6ad9fdd9758,$,,82b3f12f25f29da9b7343456f313f388b35abcd5770addd1fd73b6ad9fdd9758,82b3f12f25f29da9b7343456f313f388b35abcd5770addd1fd73b6ad9fdd9758,"{""basis"":""ordered nested-math atom; exact symbolic replay"",""kind"":""source-target-formula-map""}"
1.1.0,formula,O007-FREMLIN-V2-S233-FORMULA-0708,O007-FREMLIN-V2-S233,O007-RIGHTS-FREMLIN-DSL,O007-FREMLIN-V2-S233-SEG-233YF,708,233Yf,233Yf,788,819,32470,32478,34694,34702,z\in C,z\in C,9a2e35acfa95b93e26907347ebb761f398fe112c8fe1ce718a0e89c2d129fb8f,9a2e35acfa95b93e26907347ebb761f398fe112c8fe1ce718a0e89c2d129fb8f,249d3a76368161a52121dddc69b0b80aff52f300553206e19f566dfacecfd83e,$,,249d3a76368161a52121dddc69b0b80aff52f300553206e19f566dfacecfd83e,249d3a76368161a52121dddc69b0b80aff52f300553206e19f566dfacecfd83e,"{""basis"":""ordered nested-math atom; exact symbolic replay"",""kind"":""source-target-formula-map""}"
1.1.0,formula,O007-FREMLIN-V2-S233-FORMULA-0709,O007-FREMLIN-V2-S233,O007-RIGHTS-FREMLIN-DSL,O007-FREMLIN-V2-S233-SEG-233YF,709,233Yf,233Yf,789,820,32490,32495,34715,34720,r=2,r=2,0b6c19fb95ede4042a15946cfcaf06799c4dd7f83bc6c5d98a51a9ff334903de,0b6c19fb95ede4042a15946cfcaf06799c4dd7f83bc6c5d98a51a9ff334903de,0b6c19fb95ede4042a15946cfcaf06799c4dd7f83bc6c5d98a51a9ff334903de,$,,0b6c19fb95ede4042a15946cfcaf06799c4dd7f83bc6c5d98a51a9ff334903de,0b6c19fb95ede4042a15946cfcaf06799c4dd7f83bc6c5d98a51a9ff334903de,"{""basis"":""ordered nested-math atom; exact symbolic replay"",""kind"":""source-target-formula-map""}"
1.1.0,formula,O007-FREMLIN-V2-S233-FORMULA-0710,O007-FREMLIN-V2-S233,O007-RIGHTS-FREMLIN-DSL,O007-FREMLIN-V2-S233-SEG-233YF,710,233Yf,233Yf,789,820,32506,32515,34738,34747,\BbbR^2,\BbbR^2,f8db025f6504b25e46e59808f3fe3c83ae13f41bf0905464a9ffbc495f8baf76,f8db025f6504b25e46e59808f3fe3c83ae13f41bf0905464a9ffbc495f8baf76,f8db025f6504b25e46e59808f3fe3c83ae13f41bf0905464a9ffbc495f8baf76,$,,f8db025f6504b25e46e59808f3fe3c83ae13f41bf0905464a9ffbc495f8baf76,f8db025f6504b25e46e59808f3fe3c83ae13f41bf0905464a9ffbc495f8baf76,"{""basis"":""ordered nested-math atom; exact symbolic replay"",""kind"":""source-target-formula-map""}"
1.1.0,formula,O007-FREMLIN-V2-S233-FORMULA-0711,O007-FREMLIN-V2-S233,O007-RIGHTS-FREMLIN-DSL,O007-FREMLIN-V2-S233-SEG-233YF,711,233Yf,233Yf,789,820,32521,32529,34755,34763,\Bbb C,\Bbb C,e5249a4116297085704e0e00545e57a42be8aef15e8e00dc770a9e42deeb7bde,e5249a4116297085704e0e00545e57a42be8aef15e8e00dc770a9e42deeb7bde,0c2cb475a1da889b7629e2ed039154c62086b4c07ca137eef4bad331c54d72bf,$,,0c2cb475a1da889b7629e2ed039154c62086b4c07ca137eef4bad331c54d72bf,0c2cb475a1da889b7629e2ed039154c62086b4c07ca137eef4bad331c54d72bf,"{""basis"":""ordered nested-math atom; exact symbolic replay"",""kind"":""source-target-formula-map""}"
1.1.0,formula,O007-FREMLIN-V2-S233-FORMULA-0712,O007-FREMLIN-V2-S233,O007-RIGHTS-FREMLIN-DSL,O007-FREMLIN-V2-S233-SEG-233YF,712,233Yf,233Yf,790,821,32561,32564,34792,34795,C,C,6b23c0d5f35d1b11f9b683f0b0a617355deb11277d91ae091d399c655b87940d,6b23c0d5f35d1b11f9b683f0b0a617355deb11277d91ae091d399c655b87940d,6b23c0d5f35d1b11f9b683f0b0a617355deb11277d91ae091d399c655b87940d,$,,6b23c0d5f35d1b11f9b683f0b0a617355deb11277d91ae091d399c655b87940d,6b23c0d5f35d1b11f9b683f0b0a617355deb11277d91ae091d399c655b87940d,"{""basis"":""ordered nested-math atom; exact symbolic replay"",""kind"":""source-target-formula-map""}"
1.1.0,formula,O007-FREMLIN-V2-S233-FORMULA-0713,O007-FREMLIN-V2-S233,O007-RIGHTS-FREMLIN-DSL,O007-FREMLIN-V2-S233-SEG-233YF,713,233Yf,233Yf,791,822,32619,32649,34847,34877,\theta=\sup\{\arg z:z\in C\},\theta=\sup\{\arg z:z\in C\},02b156a76bb12fe3a685f04fd84b03ac7d83edf3224b45c91db9379f2851ad10,02b156a76bb12fe3a685f04fd84b03ac7d83edf3224b45c91db9379f2851ad10,4bccda4612cdbf1000dad526f415a430d4fd44ab65f2bba7bd3482c52a1d62f8,$,,4bccda4612cdbf1000dad526f415a430d4fd44ab65f2bba7bd3482c52a1d62f8,4bccda4612cdbf1000dad526f415a430d4fd44ab65f2bba7bd3482c52a1d62f8,"{""basis"":""ordered nested-math atom; exact symbolic replay"",""kind"":""source-target-formula-map""}"
1.1.0,formula,O007-FREMLIN-V2-S233-FORMULA-0714,O007-FREMLIN-V2-S233,O007-RIGHTS-FREMLIN-DSL,O007-FREMLIN-V2-S233-SEG-233YF,714,233Yf,233Yf,791,822,32654,32671,34882,34899,b=-ie^{i\theta},b=-ie^{i\theta},59ae3c7339d82204a56a008a04a4c95106537bd738920d49ec5821dd109ddf5e,59ae3c7339d82204a56a008a04a4c95106537bd738920d49ec5821dd109ddf5e,59ae3c7339d82204a56a008a04a4c95106537bd738920d49ec5821dd109ddf5e,$,,59ae3c7339d82204a56a008a04a4c95106537bd738920d49ec5821dd109ddf5e,59ae3c7339d82204a56a008a04a4c95106537bd738920d49ec5821dd109ddf5e,"{""basis"":""ordered nested-math atom; exact symbolic replay"",""kind"":""source-target-formula-map""}"
1.1.0,formula,O007-FREMLIN-V2-S233-FORMULA-0715,O007-FREMLIN-V2-S233,O007-RIGHTS-FREMLIN-DSL,O007-FREMLIN-V2-S233-SEG-233YF,715,233Yf,233Yf,791,823,32689,32692,34927,34930,r,r,454349e422f05297191ead13e21d3db520e5abef52055e4964b82fb213f593a1,454349e422f05297191ead13e21d3db520e5abef52055e4964b82fb213f593a1,454349e422f05297191ead13e21d3db520e5abef52055e4964b82fb213f593a1,$,,454349e422f05297191ead13e21d3db520e5abef52055e4964b82fb213f593a1,454349e422f05297191ead13e21d3db520e5abef52055e4964b82fb213f593a1,"{""basis"":""ordered nested-math atom; exact symbolic replay"",""kind"":""source-target-formula-map""}"
1.1.0,formula,O007-FREMLIN-V2-S233-FORMULA-0716,O007-FREMLIN-V2-S233,O007-RIGHTS-FREMLIN-DSL,O007-FREMLIN-V2-S233-SEG-233YG,716,233Yg,233Yg,794,826,32735,32743,34966,34974,r\ge 1,r\ge 1,10bc42d96f51887ea400533a0f6b343406ae6bb4aac04938120632d6289e30dc,10bc42d96f51887ea400533a0f6b343406ae6bb4aac04938120632d6289e30dc,48d931adc78b0f862d3435fd812b0154451317701e4ee6ece3563bbd6d25a196,$,,48d931adc78b0f862d3435fd812b0154451317701e4ee6ece3563bbd6d25a196,48d931adc78b0f862d3435fd812b0154451317701e4ee6ece3563bbd6d25a196,"{""basis"":""ordered nested-math atom; exact symbolic replay"",""kind"":""source-target-formula-map""}"
1.1.0,formula,O007-FREMLIN-V2-S233-FORMULA-0717,O007-FREMLIN-V2-S233,O007-RIGHTS-FREMLIN-DSL,O007-FREMLIN-V2-S233-SEG-233YG,717,233Yg,233Yg,794,826,32745,32764,34976,34995,C\subseteq\BbbR^r,C\subseteq\BbbR^r,1c931dc4e429819f2840e09427535e9ee6aadee7616cb85390a34228c985cb80,1c931dc4e429819f2840e09427535e9ee6aadee7616cb85390a34228c985cb80,1c931dc4e429819f2840e09427535e9ee6aadee7616cb85390a34228c985cb80,$,,1c931dc4e429819f2840e09427535e9ee6aadee7616cb85390a34228c985cb80,1c931dc4e429819f2840e09427535e9ee6aadee7616cb85390a34228c985cb80,"{""basis"":""ordered nested-math atom; exact symbolic replay"",""kind"":""source-target-formula-map""}"
1.1.0,formula,O007-FREMLIN-V2-S233-FORMULA-0718,O007-FREMLIN-V2-S233,O007-RIGHTS-FREMLIN-DSL,O007-FREMLIN-V2-S233-SEG-233YG,718,233Yg,233Yg,795,827,32786,32803,35024,35041,\phi:C\to\Bbb R,\phi:C\to\Bbb R,fe7aba8068662e7e24d8188dc799933868d3f0c9c194fd9afc03453c62250714,fe7aba8068662e7e24d8188dc799933868d3f0c9c194fd9afc03453c62250714,3a11aafba515bbbd2cc791402efe78d9f2ff7f06f2563a7c92417e5066c10bde,$,,3a11aafba515bbbd2cc791402efe78d9f2ff7f06f2563a7c92417e5066c10bde,3a11aafba515bbbd2cc791402efe78d9f2ff7f06f2563a7c92417e5066c10bde,"{""basis"":""ordered nested-math atom; exact symbolic replay"",""kind"":""source-target-formula-map""}"
1.1.0,formula,O007-FREMLIN-V2-S233-FORMULA-0719,O007-FREMLIN-V2-S233,O007-RIGHTS-FREMLIN-DSL,O007-FREMLIN-V2-S233-SEG-233YG,719,233Yg,233Yg,796,828,32859,32895,35096,35132,"h:\BbbR^r\to\coint{-\infty,\infty}","h:\BbbR^r\to\coint{-\infty,\infty}",76768da63d1352735cab8561006b8897fb23b67397c8f18cd756810ad8befe21,76768da63d1352735cab8561006b8897fb23b67397c8f18cd756810ad8befe21,76768da63d1352735cab8561006b8897fb23b67397c8f18cd756810ad8befe21,$,,76768da63d1352735cab8561006b8897fb23b67397c8f18cd756810ad8befe21,76768da63d1352735cab8561006b8897fb23b67397c8f18cd756810ad8befe21,"{""basis"":""ordered nested-math atom; exact symbolic replay"",""kind"":""source-target-formula-map""}"
1.1.0,formula,O007-FREMLIN-V2-S233-FORMULA-0720,O007-FREMLIN-V2-S233,O007-RIGHTS-FREMLIN-DSL,O007-FREMLIN-V2-S233-SEG-233YG,720,233Yg,233Yg,797,829,32907,32961,35153,35207,\phi(z)=\sup\{h(y)+\varinnerprod{z}{y}:y\in\BbbR^r\},\phi(z)=\sup\{h(y)+\varinnerprod{z}{y}:y\in\BbbR^r\},498d002fc1f50a427ac2c7aec48c54293a6901ad7bdb32758b0c6947e3255b7f,498d002fc1f50a427ac2c7aec48c54293a6901ad7bdb32758b0c6947e3255b7f,498d002fc1f50a427ac2c7aec48c54293a6901ad7bdb32758b0c6947e3255b7f,$,,498d002fc1f50a427ac2c7aec48c54293a6901ad7bdb32758b0c6947e3255b7f,498d002fc1f50a427ac2c7aec48c54293a6901ad7bdb32758b0c6947e3255b7f,"{""basis"":""ordered nested-math atom; exact symbolic replay"",""kind"":""source-target-formula-map""}"
1.1.0,formula,O007-FREMLIN-V2-S233-FORMULA-0721,O007-FREMLIN-V2-S233,O007-RIGHTS-FREMLIN-DSL,O007-FREMLIN-V2-S233-SEG-233YG,721,233Yg,233Yg,797,830,32972,32980,35221,35229,z\in C,z\in C,9a2e35acfa95b93e26907347ebb761f398fe112c8fe1ce718a0e89c2d129fb8f,9a2e35acfa95b93e26907347ebb761f398fe112c8fe1ce718a0e89c2d129fb8f,249d3a76368161a52121dddc69b0b80aff52f300553206e19f566dfacecfd83e,$,,249d3a76368161a52121dddc69b0b80aff52f300553206e19f566dfacecfd83e,249d3a76368161a52121dddc69b0b80aff52f300553206e19f566dfacecfd83e,"{""basis"":""ordered nested-math atom; exact symbolic replay"",""kind"":""source-target-formula-map""}"
1.1.0,formula,O007-FREMLIN-V2-S233-FORMULA-0722,O007-FREMLIN-V2-S233,O007-RIGHTS-FREMLIN-DSL,O007-FREMLIN-V2-S233-SEG-233YG,722,233Yg,233Yg,798,831,32993,33042,35242,35291,h(y)=\inf\{\phi(z)-\varinnerprod{z}{y}:z\in C\},h(y)=\inf\{\phi(z)-\varinnerprod{z}{y}:z\in C\},0cd6a3f74217dd5ec3fd935cd1d2e9241d54c78dcabf7860bc8f147354568c3e,0cd6a3f74217dd5ec3fd935cd1d2e9241d54c78dcabf7860bc8f147354568c3e,56abfb9b3ac02007eccf0291a30df1fc417acbd6378ced770ee851a95f3cafe3,$,,56abfb9b3ac02007eccf0291a30df1fc417acbd6378ced770ee851a95f3cafe3,56abfb9b3ac02007eccf0291a30df1fc417acbd6378ced770ee851a95f3cafe3,"{""basis"":""ordered nested-math atom; exact symbolic replay"",""kind"":""source-target-formula-map""}"
1.1.0,formula,O007-FREMLIN-V2-S233-FORMULA-0723,O007-FREMLIN-V2-S233,O007-RIGHTS-FREMLIN-DSL,O007-FREMLIN-V2-S233-SEG-233YG,723,233Yg,233Yg,799,833,33079,33103,35339,35363,"\{(z,t):\phi(z)\le t\}","\{(z,t):\phi(z)\le t\}",4fbb9a5fccd8953641f9a8a0d415dbbbcfa78913992ed70d38846523b97c5125,4fbb9a5fccd8953641f9a8a0d415dbbbcfa78913992ed70d38846523b97c5125,2906d8d0eac09b73c9919d066cb61ca4e66a5b5b4ce72cc96cca6ff43066044d,$,,2906d8d0eac09b73c9919d066cb61ca4e66a5b5b4ce72cc96cca6ff43066044d,2906d8d0eac09b73c9919d066cb61ca4e66a5b5b4ce72cc96cca6ff43066044d,"{""basis"":""ordered nested-math atom; exact symbolic replay"",""kind"":""source-target-formula-map""}"
1.1.0,formula,O007-FREMLIN-V2-S233-FORMULA-0724,O007-FREMLIN-V2-S233,O007-RIGHTS-FREMLIN-DSL,O007-FREMLIN-V2-S233-SEG-233YH,724,233Yh,233Yh,802,836,33148,33164,35410,35426,"(X,\Sigma,\mu)","(X,\Sigma,\mu)",05e9b769403b4c7926a944d5aaa03f00bb216412bc3f850e41b3c28de657aa67,05e9b769403b4c7926a944d5aaa03f00bb216412bc3f850e41b3c28de657aa67,05e9b769403b4c7926a944d5aaa03f00bb216412bc3f850e41b3c28de657aa67,$,,05e9b769403b4c7926a944d5aaa03f00bb216412bc3f850e41b3c28de657aa67,05e9b769403b4c7926a944d5aaa03f00bb216412bc3f850e41b3c28de657aa67,"{""basis"":""ordered nested-math atom; exact symbolic replay"",""kind"":""source-target-formula-map""}"
1.1.0,formula,O007-FREMLIN-V2-S233-FORMULA-0725,O007-FREMLIN-V2-S233,O007-RIGHTS-FREMLIN-DSL,O007-FREMLIN-V2-S233-SEG-233YH,725,233Yh,233Yh,802,837,33189,33197,35453,35461,r\ge 1,r\ge 1,10bc42d96f51887ea400533a0f6b343406ae6bb4aac04938120632d6289e30dc,10bc42d96f51887ea400533a0f6b343406ae6bb4aac04938120632d6289e30dc,48d931adc78b0f862d3435fd812b0154451317701e4ee6ece3563bbd6d25a196,$,,48d931adc78b0f862d3435fd812b0154451317701e4ee6ece3563bbd6d25a196,48d931adc78b0f862d3435fd812b0154451317701e4ee6ece3563bbd6d25a196,"{""basis"":""ordered nested-math atom; exact symbolic replay"",""kind"":""source-target-formula-map""}"
1.1.0,formula,O007-FREMLIN-V2-S233-FORMULA-0726,O007-FREMLIN-V2-S233,O007-RIGHTS-FREMLIN-DSL,O007-FREMLIN-V2-S233-SEG-233YH,726,233Yh,233Yh,803,837,33214,33233,35488,35507,C\subseteq\BbbR^r,C\subseteq\BbbR^r,1c931dc4e429819f2840e09427535e9ee6aadee7616cb85390a34228c985cb80,1c931dc4e429819f2840e09427535e9ee6aadee7616cb85390a34228c985cb80,1c931dc4e429819f2840e09427535e9ee6aadee7616cb85390a34228c985cb80,$,,1c931dc4e429819f2840e09427535e9ee6aadee7616cb85390a34228c985cb80,1c931dc4e429819f2840e09427535e9ee6aadee7616cb85390a34228c985cb80,"{""basis"":""ordered nested-math atom; exact symbolic replay"",""kind"":""source-target-formula-map""}"
1.1.0,formula,O007-FREMLIN-V2-S233-FORMULA-0727,O007-FREMLIN-V2-S233,O007-RIGHTS-FREMLIN-DSL,O007-FREMLIN-V2-S233-SEG-233YH,727,233Yh,233Yh,804,838,33256,33272,35541,35557,"f_1,\ldots,f_r","f_1,\ldots,f_r",bf50f79aed4bf87c4485e5637b4895e96bfecbef8cb04d914d194da28f467f2b,bf50f79aed4bf87c4485e5637b4895e96bfecbef8cb04d914d194da28f467f2b,bf50f79aed4bf87c4485e5637b4895e96bfecbef8cb04d914d194da28f467f2b,$,,bf50f79aed4bf87c4485e5637b4895e96bfecbef8cb04d914d194da28f467f2b,bf50f79aed4bf87c4485e5637b4895e96bfecbef8cb04d914d194da28f467f2b,"{""basis"":""ordered nested-math atom; exact symbolic replay"",""kind"":""source-target-formula-map""}"
1.1.0,formula,O007-FREMLIN-V2-S233-FORMULA-0728,O007-FREMLIN-V2-S233,O007-RIGHTS-FREMLIN-DSL,O007-FREMLIN-V2-S233-SEG-233YH,728,233Yh,233Yh,804,839,33276,33281,35591,35596,\mu,\mu,492247e1bab15272d1e53b8015c042bf6fa0cb8f23ec52cad93d6ba80dafb804,492247e1bab15272d1e53b8015c042bf6fa0cb8f23ec52cad93d6ba80dafb804,492247e1bab15272d1e53b8015c042bf6fa0cb8f23ec52cad93d6ba80dafb804,$,,492247e1bab15272d1e53b8015c042bf6fa0cb8f23ec52cad93d6ba80dafb804,492247e1bab15272d1e53b8015c042bf6fa0cb8f23ec52cad93d6ba80dafb804,"{""basis"":""ordered nested-math atom; exact symbolic replay"",""kind"":""source-target-formula-map""}"
1.1.0,formula,O007-FREMLIN-V2-S233-FORMULA-0729,O007-FREMLIN-V2-S233,O007-RIGHTS-FREMLIN-DSL,O007-FREMLIN-V2-S233-SEG-233YH,729,233Yh,233Yh,805,840,33333,33367,35625,35659,\{x:x\in\bigcap_{j\le r}\dom f_j,\{x:x\in\bigcap_{j\le r}\dom f_j,fb31662335c1ee0a913f31a811faa7c1d2806a576791c3458b315aaf673e7914,fb31662335c1ee0a913f31a811faa7c1d2806a576791c3458b315aaf673e7914,a235ac2ec9708685997a370b18b82296dc15a631d6e50ccd9b9df28fe1851d69,$,,a235ac2ec9708685997a370b18b82296dc15a631d6e50ccd9b9df28fe1851d69,a235ac2ec9708685997a370b18b82296dc15a631d6e50ccd9b9df28fe1851d69,"{""basis"":""ordered nested-math atom; exact symbolic replay"",""kind"":""source-target-formula-map""}"
1.1.0,formula,O007-FREMLIN-V2-S233-FORMULA-0730,O007-FREMLIN-V2-S233,O007-RIGHTS-FREMLIN-DSL,O007-FREMLIN-V2-S233-SEG-233YH,730,233Yh,233Yh,806,841,33370,33401,35661,35692,"(f_1(x),\ldots,f_r(x))\in C\}","(f_1(x),\ldots,f_r(x))\in C\}",141d344b7e675a23a710e9f9abceedc0e95e8f4fb620082c0d35dddb712ee64f,141d344b7e675a23a710e9f9abceedc0e95e8f4fb620082c0d35dddb712ee64f,8a471021b9ce29abd39d5bd1fa5ddb08983c9dd427a25880202445f77c3c7c63,$,,8a471021b9ce29abd39d5bd1fa5ddb08983c9dd427a25880202445f77c3c7c63,8a471021b9ce29abd39d5bd1fa5ddb08983c9dd427a25880202445f77c3c7c63,"{""basis"":""ordered nested-math atom; exact symbolic replay"",""kind"":""source-target-formula-map""}"
1.1.0,formula,O007-FREMLIN-V2-S233-FORMULA-0731,O007-FREMLIN-V2-S233,O007-RIGHTS-FREMLIN-DSL,O007-FREMLIN-V2-S233-SEG-233YH,731,233Yh,233Yh,806,842,33430,33433,35733,35736,X,X,4b68ab3847feda7d6c62c1fbcbeebfa35eab7351ed5e78f4ddadea5df64b8015,4b68ab3847feda7d6c62c1fbcbeebfa35eab7351ed5e78f4ddadea5df64b8015,4b68ab3847feda7d6c62c1fbcbeebfa35eab7351ed5e78f4ddadea5df64b8015,$,,4b68ab3847feda7d6c62c1fbcbeebfa35eab7351ed5e78f4ddadea5df64b8015,4b68ab3847feda7d6c62c1fbcbeebfa35eab7351ed5e78f4ddadea5df64b8015,"{""basis"":""ordered nested-math atom; exact symbolic replay"",""kind"":""source-target-formula-map""}"
1.1.0,formula,O007-FREMLIN-V2-S233-FORMULA-0732,O007-FREMLIN-V2-S233,O007-RIGHTS-FREMLIN-DSL,O007-FREMLIN-V2-S233-SEG-233YH,732,233Yh,233Yh,807,842,33446,33479,35754,35787,"(\int f_1,\ldots,\int f_r)\in C","(\int f_1,\ldots,\int f_r)\in C",a1992b270d508bfb291336890e136effe5b9ab2eb794928acf7d8579c25edd7d,a1992b270d508bfb291336890e136effe5b9ab2eb794928acf7d8579c25edd7d,a61f27f4d22423fe58f8b38efc51fa06c49fb254cfd0ce239350364b1afa22a7,$,,a61f27f4d22423fe58f8b38efc51fa06c49fb254cfd0ce239350364b1afa22a7,a61f27f4d22423fe58f8b38efc51fa06c49fb254cfd0ce239350364b1afa22a7,"{""basis"":""ordered nested-math atom; exact symbolic replay"",""kind"":""source-target-formula-map""}"
1.1.0,formula,O007-FREMLIN-V2-S233-FORMULA-0733,O007-FREMLIN-V2-S233,O007-RIGHTS-FREMLIN-DSL,O007-FREMLIN-V2-S233-SEG-233YH,733,233Yh,233Yh,808,843,33498,33501,35816,35819,r,r,454349e422f05297191ead13e21d3db520e5abef52055e4964b82fb213f593a1,454349e422f05297191ead13e21d3db520e5abef52055e4964b82fb213f593a1,454349e422f05297191ead13e21d3db520e5abef52055e4964b82fb213f593a1,$,,454349e422f05297191ead13e21d3db520e5abef52055e4964b82fb213f593a1,454349e422f05297191ead13e21d3db520e5abef52055e4964b82fb213f593a1,"{""basis"":""ordered nested-math atom; exact symbolic replay"",""kind"":""source-target-formula-map""}"
1.1.0,formula,O007-FREMLIN-V2-S233-FORMULA-0734,O007-FREMLIN-V2-S233,O007-RIGHTS-FREMLIN-DSL,O007-FREMLIN-V2-S233-SEG-233YI,734,233Yi,233Yi,811,846,33540,33556,35860,35876,"(X,\Sigma,\mu)","(X,\Sigma,\mu)",05e9b769403b4c7926a944d5aaa03f00bb216412bc3f850e41b3c28de657aa67,05e9b769403b4c7926a944d5aaa03f00bb216412bc3f850e41b3c28de657aa67,05e9b769403b4c7926a944d5aaa03f00bb216412bc3f850e41b3c28de657aa67,$,,05e9b769403b4c7926a944d5aaa03f00bb216412bc3f850e41b3c28de657aa67,05e9b769403b4c7926a944d5aaa03f00bb216412bc3f850e41b3c28de657aa67,"{""basis"":""ordered nested-math atom; exact symbolic replay"",""kind"":""source-target-formula-map""}"
1.1.0,formula,O007-FREMLIN-V2-S233-FORMULA-0735,O007-FREMLIN-V2-S233,O007-RIGHTS-FREMLIN-DSL,O007-FREMLIN-V2-S233-SEG-233YI,735,233Yi,233Yi,811,847,33581,33589,35903,35911,r\ge 1,r\ge 1,10bc42d96f51887ea400533a0f6b343406ae6bb4aac04938120632d6289e30dc,10bc42d96f51887ea400533a0f6b343406ae6bb4aac04938120632d6289e30dc,48d931adc78b0f862d3435fd812b0154451317701e4ee6ece3563bbd6d25a196,$,,48d931adc78b0f862d3435fd812b0154451317701e4ee6ece3563bbd6d25a196,48d931adc78b0f862d3435fd812b0154451317701e4ee6ece3563bbd6d25a196,"{""basis"":""ordered nested-math atom; exact symbolic replay"",""kind"":""source-target-formula-map""}"
1.1.0,formula,O007-FREMLIN-V2-S233-FORMULA-0736,O007-FREMLIN-V2-S233,O007-RIGHTS-FREMLIN-DSL,O007-FREMLIN-V2-S233-SEG-233YI,736,233Yi,233Yi,812,847,33603,33622,35934,35953,C\subseteq\BbbR^r,C\subseteq\BbbR^r,1c931dc4e429819f2840e09427535e9ee6aadee7616cb85390a34228c985cb80,1c931dc4e429819f2840e09427535e9ee6aadee7616cb85390a34228c985cb80,1c931dc4e429819f2840e09427535e9ee6aadee7616cb85390a34228c985cb80,$,,1c931dc4e429819f2840e09427535e9ee6aadee7616cb85390a34228c985cb80,1c931dc4e429819f2840e09427535e9ee6aadee7616cb85390a34228c985cb80,"{""basis"":""ordered nested-math atom; exact symbolic replay"",""kind"":""source-target-formula-map""}"
1.1.0,formula,O007-FREMLIN-V2-S233-FORMULA-0737,O007-FREMLIN-V2-S233,O007-RIGHTS-FREMLIN-DSL,O007-FREMLIN-V2-S233-SEG-233YI,737,233Yi,233Yi,812,848,33640,33658,35982,35999,\phi:C\to\BbbR^r,\phi:C\to\Bbb R,c3b979b675e2d679eca275aee52f219f5c47d3b775ecb23f37a7b53e5247dd3d,fe7aba8068662e7e24d8188dc799933868d3f0c9c194fd9afc03453c62250714,3a11aafba515bbbd2cc791402efe78d9f2ff7f06f2563a7c92417e5066c10bde,$,"[""O007-CORR-0097""]",c3b979b675e2d679eca275aee52f219f5c47d3b775ecb23f37a7b53e5247dd3d,3a11aafba515bbbd2cc791402efe78d9f2ff7f06f2563a7c92417e5066c10bde,"{""basis"":""ordered nested-math atom; ledgered source correction"",""kind"":""source-target-formula-map""}"
1.1.0,formula,O007-FREMLIN-V2-S233-FORMULA-0738,O007-FREMLIN-V2-S233,O007-RIGHTS-FREMLIN-DSL,O007-FREMLIN-V2-S233-SEG-233YI,738,233Yi,233Yi,813,849,33685,33701,36031,36047,"f_1,\ldots,f_r","f_1,\ldots,f_r",bf50f79aed4bf87c4485e5637b4895e96bfecbef8cb04d914d194da28f467f2b,bf50f79aed4bf87c4485e5637b4895e96bfecbef8cb04d914d194da28f467f2b,bf50f79aed4bf87c4485e5637b4895e96bfecbef8cb04d914d194da28f467f2b,$,,bf50f79aed4bf87c4485e5637b4895e96bfecbef8cb04d914d194da28f467f2b,bf50f79aed4bf87c4485e5637b4895e96bfecbef8cb04d914d194da28f467f2b,"{""basis"":""ordered nested-math atom; exact symbolic replay"",""kind"":""source-target-formula-map""}"
1.1.0,formula,O007-FREMLIN-V2-S233-FORMULA-0739,O007-FREMLIN-V2-S233,O007-RIGHTS-FREMLIN-DSL,O007-FREMLIN-V2-S233-SEG-233YI,739,233Yi,233Yi,813,850,33705,33710,36081,36086,\mu,\mu,492247e1bab15272d1e53b8015c042bf6fa0cb8f23ec52cad93d6ba80dafb804,492247e1bab15272d1e53b8015c042bf6fa0cb8f23ec52cad93d6ba80dafb804,492247e1bab15272d1e53b8015c042bf6fa0cb8f23ec52cad93d6ba80dafb804,$,,492247e1bab15272d1e53b8015c042bf6fa0cb8f23ec52cad93d6ba80dafb804,492247e1bab15272d1e53b8015c042bf6fa0cb8f23ec52cad93d6ba80dafb804,"{""basis"":""ordered nested-math atom; exact symbolic replay"",""kind"":""source-target-formula-map""}"
1.1.0,formula,O007-FREMLIN-V2-S233-FORMULA-0740,O007-FREMLIN-V2-S233,O007-RIGHTS-FREMLIN-DSL,O007-FREMLIN-V2-S233-SEG-233YI,740,233Yi,233Yi,814,851,33762,33796,36115,36149,\{x:x\in\bigcap_{j\le r}\dom f_j,\{x:x\in\bigcap_{j\le r}\dom f_j,fb31662335c1ee0a913f31a811faa7c1d2806a576791c3458b315aaf673e7914,fb31662335c1ee0a913f31a811faa7c1d2806a576791c3458b315aaf673e7914,a235ac2ec9708685997a370b18b82296dc15a631d6e50ccd9b9df28fe1851d69,$,,a235ac2ec9708685997a370b18b82296dc15a631d6e50ccd9b9df28fe1851d69,a235ac2ec9708685997a370b18b82296dc15a631d6e50ccd9b9df28fe1851d69,"{""basis"":""ordered nested-math atom; exact symbolic replay"",""kind"":""source-target-formula-map""}"
1.1.0,formula,O007-FREMLIN-V2-S233-FORMULA-0741,O007-FREMLIN-V2-S233,O007-RIGHTS-FREMLIN-DSL,O007-FREMLIN-V2-S233-SEG-233YI,741,233Yi,233Yi,815,852,33799,33830,36151,36182,"(f_1(x),\ldots,f_r(x))\in C\}","(f_1(x),\ldots,f_r(x))\in C\}",141d344b7e675a23a710e9f9abceedc0e95e8f4fb620082c0d35dddb712ee64f,141d344b7e675a23a710e9f9abceedc0e95e8f4fb620082c0d35dddb712ee64f,8a471021b9ce29abd39d5bd1fa5ddb08983c9dd427a25880202445f77c3c7c63,$,,8a471021b9ce29abd39d5bd1fa5ddb08983c9dd427a25880202445f77c3c7c63,8a471021b9ce29abd39d5bd1fa5ddb08983c9dd427a25880202445f77c3c7c63,"{""basis"":""ordered nested-math atom; exact symbolic replay"",""kind"":""source-target-formula-map""}"
1.1.0,formula,O007-FREMLIN-V2-S233-FORMULA-0742,O007-FREMLIN-V2-S233,O007-RIGHTS-FREMLIN-DSL,O007-FREMLIN-V2-S233-SEG-233YI,742,233Yi,233Yi,815,853,33859,33862,36223,36226,X,X,4b68ab3847feda7d6c62c1fbcbeebfa35eab7351ed5e78f4ddadea5df64b8015,4b68ab3847feda7d6c62c1fbcbeebfa35eab7351ed5e78f4ddadea5df64b8015,4b68ab3847feda7d6c62c1fbcbeebfa35eab7351ed5e78f4ddadea5df64b8015,$,,4b68ab3847feda7d6c62c1fbcbeebfa35eab7351ed5e78f4ddadea5df64b8015,4b68ab3847feda7d6c62c1fbcbeebfa35eab7351ed5e78f4ddadea5df64b8015,"{""basis"":""ordered nested-math atom; exact symbolic replay"",""kind"":""source-target-formula-map""}"
1.1.0,formula,O007-FREMLIN-V2-S233-FORMULA-0743,O007-FREMLIN-V2-S233,O007-RIGHTS-FREMLIN-DSL,O007-FREMLIN-V2-S233-SEG-233YI,743,233Yi,233Yi,816,854,33875,33934,36244,36303,"\phi(\int f_1,\ldots,\int f_r)\le\int\phi(f_1,\ldots,f_r)","\phi(\int f_1,\ldots,\int f_r)\le\int\phi(f_1,\ldots,f_r)",0e67dbcf309345a3b8b9320fc3247b15e56de5f9d3fcc16a47884715f972d023,0e67dbcf309345a3b8b9320fc3247b15e56de5f9d3fcc16a47884715f972d023,9256df0503e34918732ccd2e32fd46d902088b5190d95392328ea586e670ce51,$,,9256df0503e34918732ccd2e32fd46d902088b5190d95392328ea586e670ce51,9256df0503e34918732ccd2e32fd46d902088b5190d95392328ea586e670ce51,"{""basis"":""ordered nested-math atom; exact symbolic replay"",""kind"":""source-target-formula-map""}"
1.1.0,formula,O007-FREMLIN-V2-S233-FORMULA-0744,O007-FREMLIN-V2-S233,O007-RIGHTS-FREMLIN-DSL,O007-FREMLIN-V2-S233-SEG-233YJ,744,233Yj,233Yj,819,857,33978,33994,36349,36365,"(X,\Sigma,\mu)","(X,\Sigma,\mu)",05e9b769403b4c7926a944d5aaa03f00bb216412bc3f850e41b3c28de657aa67,05e9b769403b4c7926a944d5aaa03f00bb216412bc3f850e41b3c28de657aa67,05e9b769403b4c7926a944d5aaa03f00bb216412bc3f850e41b3c28de657aa67,$,,05e9b769403b4c7926a944d5aaa03f00bb216412bc3f850e41b3c28de657aa67,05e9b769403b4c7926a944d5aaa03f00bb216412bc3f850e41b3c28de657aa67,"{""basis"":""ordered nested-math atom; exact symbolic replay"",""kind"":""source-target-formula-map""}"
1.1.0,formula,O007-FREMLIN-V2-S233-FORMULA-0745,O007-FREMLIN-V2-S233,O007-RIGHTS-FREMLIN-DSL,O007-FREMLIN-V2-S233-SEG-233YJ,745,233Yj,233Yj,819,858,34019,34028,36390,36399,\mu X>0,\mu X>0,db19ae8b4191398ee2bc5f8d33e1ffef40d9811a5623ead89ccc51d0d8ceeb22,db19ae8b4191398ee2bc5f8d33e1ffef40d9811a5623ead89ccc51d0d8ceeb22,5edb00e8d0b6281d27223547932db59affa0e7a0d3cd1460dfeba4cc410863be,$,,5edb00e8d0b6281d27223547932db59affa0e7a0d3cd1460dfeba4cc410863be,5edb00e8d0b6281d27223547932db59affa0e7a0d3cd1460dfeba4cc410863be,"{""basis"":""ordered nested-math atom; exact symbolic replay"",""kind"":""source-target-formula-map""}"
1.1.0,formula,O007-FREMLIN-V2-S233-FORMULA-0746,O007-FREMLIN-V2-S233,O007-RIGHTS-FREMLIN-DSL,O007-FREMLIN-V2-S233-SEG-233YJ,746,233Yj,233Yj,820,858,34032,34040,36401,36409,r\ge 1,r\ge 1,10bc42d96f51887ea400533a0f6b343406ae6bb4aac04938120632d6289e30dc,10bc42d96f51887ea400533a0f6b343406ae6bb4aac04938120632d6289e30dc,48d931adc78b0f862d3435fd812b0154451317701e4ee6ece3563bbd6d25a196,$,,48d931adc78b0f862d3435fd812b0154451317701e4ee6ece3563bbd6d25a196,48d931adc78b0f862d3435fd812b0154451317701e4ee6ece3563bbd6d25a196,"{""basis"":""ordered nested-math atom; exact symbolic replay"",""kind"":""source-target-formula-map""}"
1.1.0,formula,O007-FREMLIN-V2-S233-FORMULA-0747,O007-FREMLIN-V2-S233,O007-RIGHTS-FREMLIN-DSL,O007-FREMLIN-V2-S233-SEG-233YJ,747,233Yj,233Yj,821,858,34054,34073,36432,36451,C\subseteq\BbbR^r,C\subseteq\BbbR^r,1c931dc4e429819f2840e09427535e9ee6aadee7616cb85390a34228c985cb80,1c931dc4e429819f2840e09427535e9ee6aadee7616cb85390a34228c985cb80,1c931dc4e429819f2840e09427535e9ee6aadee7616cb85390a34228c985cb80,$,,1c931dc4e429819f2840e09427535e9ee6aadee7616cb85390a34228c985cb80,1c931dc4e429819f2840e09427535e9ee6aadee7616cb85390a34228c985cb80,"{""basis"":""ordered nested-math atom; exact symbolic replay"",""kind"":""source-target-formula-map""}"
1.1.0,formula,O007-FREMLIN-V2-S233-FORMULA-0748,O007-FREMLIN-V2-S233,O007-RIGHTS-FREMLIN-DSL,O007-FREMLIN-V2-S233-SEG-233YJ,748,233Yj,233Yj,821,859,34097,34106,36495,36504,tz\in C,tz\in C,cceaa6c90226e9d7fff7cf69feebbcc902ae968ce3002eea0f6126e1577b810b,cceaa6c90226e9d7fff7cf69feebbcc902ae968ce3002eea0f6126e1577b810b,c9fddf0358b1b8d83c2d8ca6f2a1ef672735c3b42da837114aea73481286c451,$,,c9fddf0358b1b8d83c2d8ca6f2a1ef672735c3b42da837114aea73481286c451,c9fddf0358b1b8d83c2d8ca6f2a1ef672735c3b42da837114aea73481286c451,"{""basis"":""ordered nested-math atom; exact symbolic replay"",""kind"":""source-target-formula-map""}"
1.1.0,formula,O007-FREMLIN-V2-S233-FORMULA-0749,O007-FREMLIN-V2-S233,O007-RIGHTS-FREMLIN-DSL,O007-FREMLIN-V2-S233-SEG-233YJ,749,233Yj,233Yj,822,859,34117,34125,36517,36525,z\in C,z\in C,9a2e35acfa95b93e26907347ebb761f398fe112c8fe1ce718a0e89c2d129fb8f,9a2e35acfa95b93e26907347ebb761f398fe112c8fe1ce718a0e89c2d129fb8f,249d3a76368161a52121dddc69b0b80aff52f300553206e19f566dfacecfd83e,$,,249d3a76368161a52121dddc69b0b80aff52f300553206e19f566dfacecfd83e,249d3a76368161a52121dddc69b0b80aff52f300553206e19f566dfacecfd83e,"{""basis"":""ordered nested-math atom; exact symbolic replay"",""kind"":""source-target-formula-map""}"
1.1.0,formula,O007-FREMLIN-V2-S233-FORMULA-0750,O007-FREMLIN-V2-S233,O007-RIGHTS-FREMLIN-DSL,O007-FREMLIN-V2-S233-SEG-233YJ,750,233Yj,233Yj,822,860,34130,34135,36530,36535,t>0,t>0,953c0794968549f7f8580d93fc444696c0aec372099eb60533896c15fecb81a3,953c0794968549f7f8580d93fc444696c0aec372099eb60533896c15fecb81a3,953c0794968549f7f8580d93fc444696c0aec372099eb60533896c15fecb81a3,$,,953c0794968549f7f8580d93fc444696c0aec372099eb60533896c15fecb81a3,953c0794968549f7f8580d93fc444696c0aec372099eb60533896c15fecb81a3,"{""basis"":""ordered nested-math atom; exact symbolic replay"",""kind"":""source-target-formula-map""}"
1.1.0,formula,O007-FREMLIN-V2-S233-FORMULA-0751,O007-FREMLIN-V2-S233,O007-RIGHTS-FREMLIN-DSL,O007-FREMLIN-V2-S233-SEG-233YJ,751,233Yj,233Yj,822,860,34141,34158,36541,36558,\phi:C\to\Bbb R,\phi:C\to\Bbb R,fe7aba8068662e7e24d8188dc799933868d3f0c9c194fd9afc03453c62250714,fe7aba8068662e7e24d8188dc799933868d3f0c9c194fd9afc03453c62250714,3a11aafba515bbbd2cc791402efe78d9f2ff7f06f2563a7c92417e5066c10bde,$,,3a11aafba515bbbd2cc791402efe78d9f2ff7f06f2563a7c92417e5066c10bde,3a11aafba515bbbd2cc791402efe78d9f2ff7f06f2563a7c92417e5066c10bde,"{""basis"":""ordered nested-math atom; exact symbolic replay"",""kind"":""source-target-formula-map""}"
1.1.0,formula,O007-FREMLIN-V2-S233-FORMULA-0752,O007-FREMLIN-V2-S233,O007-RIGHTS-FREMLIN-DSL,O007-FREMLIN-V2-S233-SEG-233YJ,752,233Yj,233Yj,823,861,34183,34199,36590,36606,"f_1,\ldots,f_r","f_1,\ldots,f_r",bf50f79aed4bf87c4485e5637b4895e96bfecbef8cb04d914d194da28f467f2b,bf50f79aed4bf87c4485e5637b4895e96bfecbef8cb04d914d194da28f467f2b,bf50f79aed4bf87c4485e5637b4895e96bfecbef8cb04d914d194da28f467f2b,$,,bf50f79aed4bf87c4485e5637b4895e96bfecbef8cb04d914d194da28f467f2b,bf50f79aed4bf87c4485e5637b4895e96bfecbef8cb04d914d194da28f467f2b,"{""basis"":""ordered nested-math atom; exact symbolic replay"",""kind"":""source-target-formula-map""}"
1.1.0,formula,O007-FREMLIN-V2-S233-FORMULA-0753,O007-FREMLIN-V2-S233,O007-RIGHTS-FREMLIN-DSL,O007-FREMLIN-V2-S233-SEG-233YJ,753,233Yj,233Yj,823,862,34203,34208,36640,36645,\mu,\mu,492247e1bab15272d1e53b8015c042bf6fa0cb8f23ec52cad93d6ba80dafb804,492247e1bab15272d1e53b8015c042bf6fa0cb8f23ec52cad93d6ba80dafb804,492247e1bab15272d1e53b8015c042bf6fa0cb8f23ec52cad93d6ba80dafb804,$,,492247e1bab15272d1e53b8015c042bf6fa0cb8f23ec52cad93d6ba80dafb804,492247e1bab15272d1e53b8015c042bf6fa0cb8f23ec52cad93d6ba80dafb804,"{""basis"":""ordered nested-math atom; exact symbolic replay"",""kind"":""source-target-formula-map""}"
1.1.0,formula,O007-FREMLIN-V2-S233-FORMULA-0754,O007-FREMLIN-V2-S233,O007-RIGHTS-FREMLIN-DSL,O007-FREMLIN-V2-S233-SEG-233YJ,754,233Yj,233Yj,824,863,34260,34294,36674,36708,\{x:x\in\bigcap_{j\le r}\dom f_j,\{x:x\in\bigcap_{j\le r}\dom f_j,fb31662335c1ee0a913f31a811faa7c1d2806a576791c3458b315aaf673e7914,fb31662335c1ee0a913f31a811faa7c1d2806a576791c3458b315aaf673e7914,a235ac2ec9708685997a370b18b82296dc15a631d6e50ccd9b9df28fe1851d69,$,,a235ac2ec9708685997a370b18b82296dc15a631d6e50ccd9b9df28fe1851d69,a235ac2ec9708685997a370b18b82296dc15a631d6e50ccd9b9df28fe1851d69,"{""basis"":""ordered nested-math atom; exact symbolic replay"",""kind"":""source-target-formula-map""}"
1.1.0,formula,O007-FREMLIN-V2-S233-FORMULA-0755,O007-FREMLIN-V2-S233,O007-RIGHTS-FREMLIN-DSL,O007-FREMLIN-V2-S233-SEG-233YJ,755,233Yj,233Yj,825,864,34297,34328,36710,36741,"(f_1(x),\ldots,f_r(x))\in C\}","(f_1(x),\ldots,f_r(x))\in C\}",141d344b7e675a23a710e9f9abceedc0e95e8f4fb620082c0d35dddb712ee64f,141d344b7e675a23a710e9f9abceedc0e95e8f4fb620082c0d35dddb712ee64f,8a471021b9ce29abd39d5bd1fa5ddb08983c9dd427a25880202445f77c3c7c63,$,,8a471021b9ce29abd39d5bd1fa5ddb08983c9dd427a25880202445f77c3c7c63,8a471021b9ce29abd39d5bd1fa5ddb08983c9dd427a25880202445f77c3c7c63,"{""basis"":""ordered nested-math atom; exact symbolic replay"",""kind"":""source-target-formula-map""}"
1.1.0,formula,O007-FREMLIN-V2-S233-FORMULA-0756,O007-FREMLIN-V2-S233,O007-RIGHTS-FREMLIN-DSL,O007-FREMLIN-V2-S233-SEG-233YJ,756,233Yj,233Yj,825,865,34357,34360,36782,36785,X,X,4b68ab3847feda7d6c62c1fbcbeebfa35eab7351ed5e78f4ddadea5df64b8015,4b68ab3847feda7d6c62c1fbcbeebfa35eab7351ed5e78f4ddadea5df64b8015,4b68ab3847feda7d6c62c1fbcbeebfa35eab7351ed5e78f4ddadea5df64b8015,$,,4b68ab3847feda7d6c62c1fbcbeebfa35eab7351ed5e78f4ddadea5df64b8015,4b68ab3847feda7d6c62c1fbcbeebfa35eab7351ed5e78f4ddadea5df64b8015,"{""basis"":""ordered nested-math atom; exact symbolic replay"",""kind"":""source-target-formula-map""}"
1.1.0,formula,O007-FREMLIN-V2-S233-FORMULA-0757,O007-FREMLIN-V2-S233,O007-RIGHTS-FREMLIN-DSL,O007-FREMLIN-V2-S233-SEG-233YJ,757,233Yj,233Yj,826,865,34373,34406,36803,36836,"(\int f_1,\ldots,\int f_r)\in C","(\int f_1,\ldots,\int f_r)\in C",a1992b270d508bfb291336890e136effe5b9ab2eb794928acf7d8579c25edd7d,a1992b270d508bfb291336890e136effe5b9ab2eb794928acf7d8579c25edd7d,a61f27f4d22423fe58f8b38efc51fa06c49fb254cfd0ce239350364b1afa22a7,$,,a61f27f4d22423fe58f8b38efc51fa06c49fb254cfd0ce239350364b1afa22a7,a61f27f4d22423fe58f8b38efc51fa06c49fb254cfd0ce239350364b1afa22a7,"{""basis"":""ordered nested-math atom; exact symbolic replay"",""kind"":""source-target-formula-map""}"
1.1.0,formula,O007-FREMLIN-V2-S233-FORMULA-0758,O007-FREMLIN-V2-S233,O007-RIGHTS-FREMLIN-DSL,O007-FREMLIN-V2-S233-SEG-233YJ,758,233Yj,233Yj,827,866,34417,34476,36841,36900,"\phi(\int f_1,\ldots,\int f_r)\le\int\phi(f_1,\ldots,f_r)","\phi(\int f_1,\ldots,\int f_r)\le\int\phi(f_1,\ldots,f_r)",0e67dbcf309345a3b8b9320fc3247b15e56de5f9d3fcc16a47884715f972d023,0e67dbcf309345a3b8b9320fc3247b15e56de5f9d3fcc16a47884715f972d023,9256df0503e34918732ccd2e32fd46d902088b5190d95392328ea586e670ce51,$,,9256df0503e34918732ccd2e32fd46d902088b5190d95392328ea586e670ce51,9256df0503e34918732ccd2e32fd46d902088b5190d95392328ea586e670ce51,"{""basis"":""ordered nested-math atom; exact symbolic replay"",""kind"":""source-target-formula-map""}"
1.1.0,formula,O007-FREMLIN-V2-S233-FORMULA-0759,O007-FREMLIN-V2-S233,O007-RIGHTS-FREMLIN-DSL,O007-FREMLIN-V2-S233-SEG-233YJ,759,233Yj,233Yj,829,868,34572,34577,37010,37015,\nu,\nu,84eb2b123d1102b8f7c00b34116df32107cffa82d46efbac7fd9543fa7459c38,84eb2b123d1102b8f7c00b34116df32107cffa82d46efbac7fd9543fa7459c38,84eb2b123d1102b8f7c00b34116df32107cffa82d46efbac7fd9543fa7459c38,$,,84eb2b123d1102b8f7c00b34116df32107cffa82d46efbac7fd9543fa7459c38,84eb2b123d1102b8f7c00b34116df32107cffa82d46efbac7fd9543fa7459c38,"{""basis"":""ordered nested-math atom; exact symbolic replay"",""kind"":""source-target-formula-map""}"
1.1.0,formula,O007-FREMLIN-V2-S233-FORMULA-0760,O007-FREMLIN-V2-S233,O007-RIGHTS-FREMLIN-DSL,O007-FREMLIN-V2-S233-SEG-233YJ,760,233Yj,233Yj,829,868,34581,34584,37021,37024,X,X,4b68ab3847feda7d6c62c1fbcbeebfa35eab7351ed5e78f4ddadea5df64b8015,4b68ab3847feda7d6c62c1fbcbeebfa35eab7351ed5e78f4ddadea5df64b8015,4b68ab3847feda7d6c62c1fbcbeebfa35eab7351ed5e78f4ddadea5df64b8015,$,,4b68ab3847feda7d6c62c1fbcbeebfa35eab7351ed5e78f4ddadea5df64b8015,4b68ab3847feda7d6c62c1fbcbeebfa35eab7351ed5e78f4ddadea5df64b8015,"{""basis"":""ordered nested-math atom; exact symbolic replay"",""kind"":""source-target-formula-map""}"
1.1.0,formula,O007-FREMLIN-V2-S233-FORMULA-0761,O007-FREMLIN-V2-S233,O007-RIGHTS-FREMLIN-DSL,O007-FREMLIN-V2-S233-SEG-233YJ,761,233Yj,233Yj,829,869,34600,34624,37042,37066,"h:X\to\coint{0,\infty}","h:X\to\coint{0,\infty}",b8f90ffa635596b569d8a0dc7f90a235d57620c73711cc3e95d5b6a2ef006a10,b8f90ffa635596b569d8a0dc7f90a235d57620c73711cc3e95d5b6a2ef006a10,b8f90ffa635596b569d8a0dc7f90a235d57620c73711cc3e95d5b6a2ef006a10,$,,b8f90ffa635596b569d8a0dc7f90a235d57620c73711cc3e95d5b6a2ef006a10,b8f90ffa635596b569d8a0dc7f90a235d57620c73711cc3e95d5b6a2ef006a10,"{""basis"":""ordered nested-math atom; exact symbolic replay"",""kind"":""source-target-formula-map""}"
1.1.0,formula,O007-FREMLIN-V2-S233-FORMULA-0762,O007-FREMLIN-V2-S233,O007-RIGHTS-FREMLIN-DSL,O007-FREMLIN-V2-S233-SEG-233YJ,762,233Yj,233Yj,830,870,34636,34673,37087,37124,"\int f_jd\mu=\int f_j\times h\,d\nu","\int f_jd\mu=\int f_j\times h\,d\nu",c91d2474099e539d15ecbc3d25a769e5d0f327399b090cb6314f52341917832c,c91d2474099e539d15ecbc3d25a769e5d0f327399b090cb6314f52341917832c,3ea3b0cb046d011f6053fb62a56d5e21c148846ab94fdf93383ae7835d1c74a0,$,,3ea3b0cb046d011f6053fb62a56d5e21c148846ab94fdf93383ae7835d1c74a0,3ea3b0cb046d011f6053fb62a56d5e21c148846ab94fdf93383ae7835d1c74a0,"{""basis"":""ordered nested-math atom; exact symbolic replay"",""kind"":""source-target-formula-map""}"
1.1.0,formula,O007-FREMLIN-V2-S233-FORMULA-0763,O007-FREMLIN-V2-S233,O007-RIGHTS-FREMLIN-DSL,O007-FREMLIN-V2-S233-SEG-233YJ,763,233Yj,233Yj,830,870,34684,34687,37138,37141,j,j,189f40034be7a199f1fa9891668ee3ab6049f82d38c68be70f596eab2e1857b7,189f40034be7a199f1fa9891668ee3ab6049f82d38c68be70f596eab2e1857b7,189f40034be7a199f1fa9891668ee3ab6049f82d38c68be70f596eab2e1857b7,$,,189f40034be7a199f1fa9891668ee3ab6049f82d38c68be70f596eab2e1857b7,189f40034be7a199f1fa9891668ee3ab6049f82d38c68be70f596eab2e1857b7,"{""basis"":""ordered nested-math atom; exact symbolic replay"",""kind"":""source-target-formula-map""}"
1.1.0,formula,O007-FREMLIN-V2-S233-FORMULA-0764,O007-FREMLIN-V2-S233,O007-RIGHTS-FREMLIN-DSL,O007-FREMLIN-V2-S233-SEG-233,764,233,233,843,884,35190,35196,37668,37674,\Tau,\Tau,a34699b8745d985590df162103fdf28f3ec3426d7f12ca80a1b9c6f87686099a,a34699b8745d985590df162103fdf28f3ec3426d7f12ca80a1b9c6f87686099a,a34699b8745d985590df162103fdf28f3ec3426d7f12ca80a1b9c6f87686099a,$,,a34699b8745d985590df162103fdf28f3ec3426d7f12ca80a1b9c6f87686099a,a34699b8745d985590df162103fdf28f3ec3426d7f12ca80a1b9c6f87686099a,"{""basis"":""ordered nested-math atom; exact symbolic replay"",""kind"":""source-target-formula-map""}"
1.1.0,formula,O007-FREMLIN-V2-S233-FORMULA-0765,O007-FREMLIN-V2-S233,O007-RIGHTS-FREMLIN-DSL,O007-FREMLIN-V2-S233-SEG-233,765,233,233,844,884,35224,35241,37699,37716,"\{\emptyset,X\}","\{\emptyset,X\}",58e25838ecbc1b92888b5bc821cee346b69cf78be31131355377a1e5d3130d90,58e25838ecbc1b92888b5bc821cee346b69cf78be31131355377a1e5d3130d90,58e25838ecbc1b92888b5bc821cee346b69cf78be31131355377a1e5d3130d90,$,,58e25838ecbc1b92888b5bc821cee346b69cf78be31131355377a1e5d3130d90,58e25838ecbc1b92888b5bc821cee346b69cf78be31131355377a1e5d3130d90,"{""basis"":""ordered nested-math atom; exact symbolic replay"",""kind"":""source-target-formula-map""}"
1.1.0,formula,O007-FREMLIN-V2-S233-FORMULA-0766,O007-FREMLIN-V2-S233,O007-RIGHTS-FREMLIN-DSL,O007-FREMLIN-V2-S233-SEG-233,766,233,233,845,885,35315,35318,37793,37796,f,f,252f10c83610ebca1a059c0bae8255eba2f95be4d1d7bcfa89d7248a82d9f111,252f10c83610ebca1a059c0bae8255eba2f95be4d1d7bcfa89d7248a82d9f111,252f10c83610ebca1a059c0bae8255eba2f95be4d1d7bcfa89d7248a82d9f111,$,,252f10c83610ebca1a059c0bae8255eba2f95be4d1d7bcfa89d7248a82d9f111,252f10c83610ebca1a059c0bae8255eba2f95be4d1d7bcfa89d7248a82d9f111,"{""basis"":""ordered nested-math atom; exact symbolic replay"",""kind"":""source-target-formula-map""}"
1.1.0,formula,O007-FREMLIN-V2-S233-FORMULA-0767,O007-FREMLIN-V2-S233,O007-RIGHTS-FREMLIN-DSL,O007-FREMLIN-V2-S233-SEG-233,767,233,233,845,886,35344,35360,37819,37835,(\int f)\chi X,(\int f)\chi X,efaac053979fe749e2fbec45cbb79d44fc8b86dcb39ccc1521885c81f77ee7a1,efaac053979fe749e2fbec45cbb79d44fc8b86dcb39ccc1521885c81f77ee7a1,c8e5b4658f5175afe373388c4ba59b3aa5df3f540784a6f5503cda2f632372ae,$,,c8e5b4658f5175afe373388c4ba59b3aa5df3f540784a6f5503cda2f632372ae,c8e5b4658f5175afe373388c4ba59b3aa5df3f540784a6f5503cda2f632372ae,"{""basis"":""ordered nested-math atom; exact symbolic replay"",""kind"":""source-target-formula-map""}"
1.1.0,formula,O007-FREMLIN-V2-S233-FORMULA-0768,O007-FREMLIN-V2-S233,O007-RIGHTS-FREMLIN-DSL,O007-FREMLIN-V2-S233-SEG-233,768,233,233,849,889,35570,35587,38027,38044,\int cf=c\int f,\int cf=c\int f,af684b694544fa71e8e72f566a739b028208b47ffd4f3f27af30ffe29491d8b9,af684b694544fa71e8e72f566a739b028208b47ffd4f3f27af30ffe29491d8b9,84b4ab8bb6d634121a7f6dd4b351fa1829f22ca649051c85ff7138f5c42580bd,$,,84b4ab8bb6d634121a7f6dd4b351fa1829f22ca649051c85ff7138f5c42580bd,84b4ab8bb6d634121a7f6dd4b351fa1829f22ca649051c85ff7138f5c42580bd,"{""basis"":""ordered nested-math atom; exact symbolic replay"",""kind"":""source-target-formula-map""}"
1.1.0,formula,O007-FREMLIN-V2-S233-FORMULA-0769,O007-FREMLIN-V2-S233,O007-RIGHTS-FREMLIN-DSL,O007-FREMLIN-V2-S233-SEG-233,769,233,233,849,889,35608,35611,38063,38066,c,c,2e7d2c03a9507ae265ecf5b5356885a53393a2029d241394997265a1a25aefc6,2e7d2c03a9507ae265ecf5b5356885a53393a2029d241394997265a1a25aefc6,2e7d2c03a9507ae265ecf5b5356885a53393a2029d241394997265a1a25aefc6,$,,2e7d2c03a9507ae265ecf5b5356885a53393a2029d241394997265a1a25aefc6,2e7d2c03a9507ae265ecf5b5356885a53393a2029d241394997265a1a25aefc6,"{""basis"":""ordered nested-math atom; exact symbolic replay"",""kind"":""source-target-formula-map""}"
1.1.0,formula,O007-FREMLIN-V2-S233-FORMULA-0770,O007-FREMLIN-V2-S233,O007-RIGHTS-FREMLIN-DSL,O007-FREMLIN-V2-S233-SEG-233,770,233,233,850,890,35644,35650,38118,38124,\Tau,\Tau,a34699b8745d985590df162103fdf28f3ec3426d7f12ca80a1b9c6f87686099a,a34699b8745d985590df162103fdf28f3ec3426d7f12ca80a1b9c6f87686099a,a34699b8745d985590df162103fdf28f3ec3426d7f12ca80a1b9c6f87686099a,$,,a34699b8745d985590df162103fdf28f3ec3426d7f12ca80a1b9c6f87686099a,a34699b8745d985590df162103fdf28f3ec3426d7f12ca80a1b9c6f87686099a,"{""basis"":""ordered nested-math atom; exact symbolic replay"",""kind"":""source-target-formula-map""}"
1.1.0,formula,O007-FREMLIN-V2-S233-FORMULA-0771,O007-FREMLIN-V2-S233,O007-RIGHTS-FREMLIN-DSL,O007-FREMLIN-V2-S233-SEG-233,771,233,233,860,900,36255,36258,38746,38749,g,g,cd0aa9856147b6c5b4ff2b7dfee5da20aa38253099ef1b4a64aced233c9afe29,cd0aa9856147b6c5b4ff2b7dfee5da20aa38253099ef1b4a64aced233c9afe29,cd0aa9856147b6c5b4ff2b7dfee5da20aa38253099ef1b4a64aced233c9afe29,$,,cd0aa9856147b6c5b4ff2b7dfee5da20aa38253099ef1b4a64aced233c9afe29,cd0aa9856147b6c5b4ff2b7dfee5da20aa38253099ef1b4a64aced233c9afe29,"{""basis"":""ordered nested-math atom; exact symbolic replay"",""kind"":""source-target-formula-map""}"
1.1.0,formula,O007-FREMLIN-V2-S233-FORMULA-0772,O007-FREMLIN-V2-S233,O007-RIGHTS-FREMLIN-DSL,O007-FREMLIN-V2-S233-SEG-233,772,233,233,861,901,36292,36295,38782,38785,f,f,252f10c83610ebca1a059c0bae8255eba2f95be4d1d7bcfa89d7248a82d9f111,252f10c83610ebca1a059c0bae8255eba2f95be4d1d7bcfa89d7248a82d9f111,252f10c83610ebca1a059c0bae8255eba2f95be4d1d7bcfa89d7248a82d9f111,$,,252f10c83610ebca1a059c0bae8255eba2f95be4d1d7bcfa89d7248a82d9f111,252f10c83610ebca1a059c0bae8255eba2f95be4d1d7bcfa89d7248a82d9f111,"{""basis"":""ordered nested-math atom; exact symbolic replay"",""kind"":""source-target-formula-map""}"
1.1.0,formula,O007-FREMLIN-V2-S233-FORMULA-0773,O007-FREMLIN-V2-S233,O007-RIGHTS-FREMLIN-DSL,O007-FREMLIN-V2-S233-SEG-233,773,233,233,861,901,36302,36314,38792,38804,a\chi X+bg,a\chi X+bg,128a1c6592a4554d0d4de2290eec19e9cc44bb9b4149b9653e41ef55529bff9b,128a1c6592a4554d0d4de2290eec19e9cc44bb9b4149b9653e41ef55529bff9b,c91b3bee15b4f689f6ef6a4cdd3c82fc453acc8c46fb43afe7aae21644b34901,$,,c91b3bee15b4f689f6ef6a4cdd3c82fc453acc8c46fb43afe7aae21644b34901,c91b3bee15b4f689f6ef6a4cdd3c82fc453acc8c46fb43afe7aae21644b34901,"{""basis"":""ordered nested-math atom; exact symbolic replay"",""kind"":""source-target-formula-map""}"
1.1.0,formula,O007-FREMLIN-V2-S233-FORMULA-0774,O007-FREMLIN-V2-S233,O007-RIGHTS-FREMLIN-DSL,O007-FREMLIN-V2-S233-SEG-233,774,233,233,862,902,36348,36360,38841,38853,a\chi X+bf,a\chi X+bf,c1804144d3e62afbc65c067d37768820b72c878345464f6e4b398afb58f0a76d,c1804144d3e62afbc65c067d37768820b72c878345464f6e4b398afb58f0a76d,9737e1516f0d1f23e96c82e027eddd636350c375475981fd5ace1dbf0811216e,$,,9737e1516f0d1f23e96c82e027eddd636350c375475981fd5ace1dbf0811216e,9737e1516f0d1f23e96c82e027eddd636350c375475981fd5ace1dbf0811216e,"{""basis"":""ordered nested-math atom; exact symbolic replay"",""kind"":""source-target-formula-map""}"
1.1.0,formula,O007-FREMLIN-V2-S233-FORMULA-0775,O007-FREMLIN-V2-S233,O007-RIGHTS-FREMLIN-DSL,O007-FREMLIN-V2-S233-SEG-233,775,233,233,862,902,36374,36377,38866,38869,a,a,ca978112ca1bbdcafac231b39a23dc4da786eff8147c4e72b9807785afee48bb,ca978112ca1bbdcafac231b39a23dc4da786eff8147c4e72b9807785afee48bb,ca978112ca1bbdcafac231b39a23dc4da786eff8147c4e72b9807785afee48bb,$,,ca978112ca1bbdcafac231b39a23dc4da786eff8147c4e72b9807785afee48bb,ca978112ca1bbdcafac231b39a23dc4da786eff8147c4e72b9807785afee48bb,"{""basis"":""ordered nested-math atom; exact symbolic replay"",""kind"":""source-target-formula-map""}"
1.1.0,formula,O007-FREMLIN-V2-S233-FORMULA-0776,O007-FREMLIN-V2-S233,O007-RIGHTS-FREMLIN-DSL,O007-FREMLIN-V2-S233-SEG-233,776,233,233,862,902,36379,36382,38871,38874,b,b,3e23e8160039594a33894f6564e1b1348bbd7a0088d42c4acb73eeaed59c009d,3e23e8160039594a33894f6564e1b1348bbd7a0088d42c4acb73eeaed59c009d,3e23e8160039594a33894f6564e1b1348bbd7a0088d42c4acb73eeaed59c009d,$,,3e23e8160039594a33894f6564e1b1348bbd7a0088d42c4acb73eeaed59c009d,3e23e8160039594a33894f6564e1b1348bbd7a0088d42c4acb73eeaed59c009d,"{""basis"":""ordered nested-math atom; exact symbolic replay"",""kind"":""source-target-formula-map""}"
1.1.0,formula,O007-FREMLIN-V2-S233-FORMULA-0777,O007-FREMLIN-V2-S233,O007-RIGHTS-FREMLIN-DSL,O007-FREMLIN-V2-S233-SEG-233,777,233,233,862,902,36391,36396,38890,38895,g_1,g_1,bf173953a9e841d74581faeb7ca36ed5973583ba0ecfecd7ec042f9c92aaf9f7,bf173953a9e841d74581faeb7ca36ed5973583ba0ecfecd7ec042f9c92aaf9f7,bf173953a9e841d74581faeb7ca36ed5973583ba0ecfecd7ec042f9c92aaf9f7,$,,bf173953a9e841d74581faeb7ca36ed5973583ba0ecfecd7ec042f9c92aaf9f7,bf173953a9e841d74581faeb7ca36ed5973583ba0ecfecd7ec042f9c92aaf9f7,"{""basis"":""ordered nested-math atom; exact symbolic replay"",""kind"":""source-target-formula-map""}"
1.1.0,formula,O007-FREMLIN-V2-S233-FORMULA-0778,O007-FREMLIN-V2-S233,O007-RIGHTS-FREMLIN-DSL,O007-FREMLIN-V2-S233-SEG-233,778,233,233,862,902,36398,36403,38897,38902,g_2,g_2,e6df94744f7ade62c40c3ebc842650d9cd8a42989a98dcd9ec3881d228b29b21,e6df94744f7ade62c40c3ebc842650d9cd8a42989a98dcd9ec3881d228b29b21,e6df94744f7ade62c40c3ebc842650d9cd8a42989a98dcd9ec3881d228b29b21,$,,e6df94744f7ade62c40c3ebc842650d9cd8a42989a98dcd9ec3881d228b29b21,e6df94744f7ade62c40c3ebc842650d9cd8a42989a98dcd9ec3881d228b29b21,"{""basis"":""ordered nested-math atom; exact symbolic replay"",""kind"":""source-target-formula-map""}"
1.1.0,formula,O007-FREMLIN-V2-S233-FORMULA-0779,O007-FREMLIN-V2-S233,O007-RIGHTS-FREMLIN-DSL,O007-FREMLIN-V2-S233-SEG-233,779,233,233,863,903,36437,36442,38939,38944,f_1,f_1,0e4763978622e1872f63b216146734bdd28d2ddbd4ffcd82bb62e4602b3dd1a1,0e4763978622e1872f63b216146734bdd28d2ddbd4ffcd82bb62e4602b3dd1a1,0e4763978622e1872f63b216146734bdd28d2ddbd4ffcd82bb62e4602b3dd1a1,$,,0e4763978622e1872f63b216146734bdd28d2ddbd4ffcd82bb62e4602b3dd1a1,0e4763978622e1872f63b216146734bdd28d2ddbd4ffcd82bb62e4602b3dd1a1,"{""basis"":""ordered nested-math atom; exact symbolic replay"",""kind"":""source-target-formula-map""}"
1.1.0,formula,O007-FREMLIN-V2-S233-FORMULA-0780,O007-FREMLIN-V2-S233,O007-RIGHTS-FREMLIN-DSL,O007-FREMLIN-V2-S233-SEG-233,780,233,233,863,903,36444,36449,38946,38951,f_2,f_2,98550483d35bb33deea0ab91484e5025cfa0420e157798ed8586a942f7ee57d0,98550483d35bb33deea0ab91484e5025cfa0420e157798ed8586a942f7ee57d0,98550483d35bb33deea0ab91484e5025cfa0420e157798ed8586a942f7ee57d0,$,,98550483d35bb33deea0ab91484e5025cfa0420e157798ed8586a942f7ee57d0,98550483d35bb33deea0ab91484e5025cfa0420e157798ed8586a942f7ee57d0,"{""basis"":""ordered nested-math atom; exact symbolic replay"",""kind"":""source-target-formula-map""}"
1.1.0,formula,O007-FREMLIN-V2-S233-FORMULA-0781,O007-FREMLIN-V2-S233,O007-RIGHTS-FREMLIN-DSL,O007-FREMLIN-V2-S233-SEG-233,781,233,233,863,903,36454,36468,38956,38970,f_1\leae f_2,f_1\leae f_2,d771287fb2681b969b40e68a757354f760c14c4d38b36d4f7dc16266498d9ceb,d771287fb2681b969b40e68a757354f760c14c4d38b36d4f7dc16266498d9ceb,8c7cdda9e6455dda3108b59bad0546fd140117041d0021ccf90bb23da8fb68d3,$,,8c7cdda9e6455dda3108b59bad0546fd140117041d0021ccf90bb23da8fb68d3,8c7cdda9e6455dda3108b59bad0546fd140117041d0021ccf90bb23da8fb68d3,"{""basis"":""ordered nested-math atom; exact symbolic replay"",""kind"":""source-target-formula-map""}"
1.1.0,formula,O007-FREMLIN-V2-S233-FORMULA-0782,O007-FREMLIN-V2-S233,O007-RIGHTS-FREMLIN-DSL,O007-FREMLIN-V2-S233-SEG-233,782,233,233,863,904,36475,36489,38977,38991,g_1\leae g_2,g_1\leae g_2,8c24a22618ce62318b7d76aaf90cd4834734b1784f99710d3a28fc6c08ae30b4,8c24a22618ce62318b7d76aaf90cd4834734b1784f99710d3a28fc6c08ae30b4,fa0dea545c35787384bdf0ba048aa14f0e65701c772d7cac990fe70f7a93deda,$,,fa0dea545c35787384bdf0ba048aa14f0e65701c772d7cac990fe70f7a93deda,fa0dea545c35787384bdf0ba048aa14f0e65701c772d7cac990fe70f7a93deda,"{""basis"":""ordered nested-math atom; exact symbolic replay"",""kind"":""source-target-formula-map""}"
1.1.0,formula,O007-FREMLIN-V2-S233-FORMULA-0783,O007-FREMLIN-V2-S233,O007-RIGHTS-FREMLIN-DSL,O007-FREMLIN-V2-S233-SEG-233,783,233,233,875,915,37069,37091,39586,39608,"\Tau=\{\emptyset,X\}","\Tau=\{\emptyset,X\}",95468cd6b4043be837085cd1ead853bbfda5b88851a7edd7ab696c30efe283c0,95468cd6b4043be837085cd1ead853bbfda5b88851a7edd7ab696c30efe283c0,95468cd6b4043be837085cd1ead853bbfda5b88851a7edd7ab696c30efe283c0,$,,95468cd6b4043be837085cd1ead853bbfda5b88851a7edd7ab696c30efe283c0,95468cd6b4043be837085cd1ead853bbfda5b88851a7edd7ab696c30efe283c0,"{""basis"":""ordered nested-math atom; exact symbolic replay"",""kind"":""source-target-formula-map""}"
1.1.0,formula,O007-FREMLIN-V2-S233-FORMULA-0784,O007-FREMLIN-V2-S233,O007-RIGHTS-FREMLIN-DSL,O007-FREMLIN-V2-S233-SEG-233,784,233,233,876,916,37159,37164,39679,39684,\nu,\nu,84eb2b123d1102b8f7c00b34116df32107cffa82d46efbac7fd9543fa7459c38,84eb2b123d1102b8f7c00b34116df32107cffa82d46efbac7fd9543fa7459c38,84eb2b123d1102b8f7c00b34116df32107cffa82d46efbac7fd9543fa7459c38,$,,84eb2b123d1102b8f7c00b34116df32107cffa82d46efbac7fd9543fa7459c38,84eb2b123d1102b8f7c00b34116df32107cffa82d46efbac7fd9543fa7459c38,"{""basis"":""ordered nested-math atom; exact symbolic replay"",""kind"":""source-target-formula-map""}"
1.1.0,formula,O007-FREMLIN-V2-S233-FORMULA-0785,O007-FREMLIN-V2-S233,O007-RIGHTS-FREMLIN-DSL,O007-FREMLIN-V2-S233-SEG-233,785,233,233,876,916,37171,37186,39692,39707,\nu E=\int_Eg,\nu E=\int_Eg,c6205eaa9d4dd64c9ffefd178580d5a43fcc17c7d18db9b338d29dc43ec10690,c6205eaa9d4dd64c9ffefd178580d5a43fcc17c7d18db9b338d29dc43ec10690,7613b6a969632b73ad0e24fa8312e547ba5be742106e45dfef77893d28428ef5,$,,7613b6a969632b73ad0e24fa8312e547ba5be742106e45dfef77893d28428ef5,7613b6a969632b73ad0e24fa8312e547ba5be742106e45dfef77893d28428ef5,"{""basis"":""ordered nested-math atom; exact symbolic replay"",""kind"":""source-target-formula-map""}"
1.1.0,formula,O007-FREMLIN-V2-S233-FORMULA-0786,O007-FREMLIN-V2-S233,O007-RIGHTS-FREMLIN-DSL,O007-FREMLIN-V2-S233-SEG-233,786,233,233,877,917,37198,37210,39721,39733,E\in\Sigma,E\in\Sigma,afe4bbaaedba5158924d3a0bd77f0304472650e71de5aed22515cc3a0a8e1bd2,afe4bbaaedba5158924d3a0bd77f0304472650e71de5aed22515cc3a0a8e1bd2,afe4bbaaedba5158924d3a0bd77f0304472650e71de5aed22515cc3a0a8e1bd2,$,,afe4bbaaedba5158924d3a0bd77f0304472650e71de5aed22515cc3a0a8e1bd2,afe4bbaaedba5158924d3a0bd77f0304472650e71de5aed22515cc3a0a8e1bd2,"{""basis"":""ordered nested-math atom; exact symbolic replay"",""kind"":""source-target-formula-map""}"
1.1.0,formula,O007-FREMLIN-V2-S233-FORMULA-0787,O007-FREMLIN-V2-S233,O007-RIGHTS-FREMLIN-DSL,O007-FREMLIN-V2-S233-SEG-233,787,233,233,881,921,37367,37378,39887,39898,f\times h,f\times h,cba16ce5f483a33a0bf81b2e7ee5ee2fd62b1df05f91812a5c2373711f3c2187,cba16ce5f483a33a0bf81b2e7ee5ee2fd62b1df05f91812a5c2373711f3c2187,47f7efd3ee7e06bef44420bfafca1a48aaab518b4387bea2dcf5479df50d9330,$,,47f7efd3ee7e06bef44420bfafca1a48aaab518b4387bea2dcf5479df50d9330,47f7efd3ee7e06bef44420bfafca1a48aaab518b4387bea2dcf5479df50d9330,"{""basis"":""ordered nested-math atom; exact symbolic replay"",""kind"":""source-target-formula-map""}"
1.1.0,formula,O007-FREMLIN-V2-S233-FORMULA-0788,O007-FREMLIN-V2-S233,O007-RIGHTS-FREMLIN-DSL,O007-FREMLIN-V2-S233-SEG-233,788,233,233,881,921,37392,37405,39920,39933,g_0\times h,g_0\times h,d8a9a07d024d8e530e022d45f520f33bcca5b952f80cd8b93285acc9218cb77a,d8a9a07d024d8e530e022d45f520f33bcca5b952f80cd8b93285acc9218cb77a,0d24c6a0852f304a5240db7334d446a98e1957171f4b5df297b8293545626be8,$,,0d24c6a0852f304a5240db7334d446a98e1957171f4b5df297b8293545626be8,0d24c6a0852f304a5240db7334d446a98e1957171f4b5df297b8293545626be8,"{""basis"":""ordered nested-math atom; exact symbolic replay"",""kind"":""source-target-formula-map""}"
1.1.0,formula,O007-FREMLIN-V2-S233-FORMULA-0789,O007-FREMLIN-V2-S233,O007-RIGHTS-FREMLIN-DSL,O007-FREMLIN-V2-S233-SEG-233,789,233,233,882,922,37442,37453,39969,39980,g\times h,g\times h,8dac5acb5aef16948dd52783287cd917206915e13ec0b19fa7ced3e9a5fd9d41,8dac5acb5aef16948dd52783287cd917206915e13ec0b19fa7ced3e9a5fd9d41,7e490570db03a644baba28cf94b99689f0ba3f2b8d03877db6d696310d1b4c98,$,,7e490570db03a644baba28cf94b99689f0ba3f2b8d03877db6d696310d1b4c98,7e490570db03a644baba28cf94b99689f0ba3f2b8d03877db6d696310d1b4c98,"{""basis"":""ordered nested-math atom; exact symbolic replay"",""kind"":""source-target-formula-map""}"
