schema_version,record_type,id,unit_id,rights_id,segment_id,order,source_anchor,target_anchor,source_line_start,target_line_start,source_char_start,source_char_end,target_char_start,target_char_end,source_raw_tex,target_raw_tex,source_raw_tex_sha256,target_raw_tex_sha256,normalized_symbolic_sha256,math_delimiter,correction_ids,source_normalized_sha256,target_normalized_sha256,provenance
1.1.0,formula,O007-FREMLIN-V2-APP-2A3-FORMULA-0001,O007-FREMLIN-V2-APP-2A3,O007-RIGHTS-FREMLIN-DSL,O007-FREMLIN-V2-APP-2A3-SEG-2A3-INTRO,1,2a3-intro,2a3-intro,5,5,99,107,99,107,\Bbb#1,\Bbb#1,67f637aea8612d071bc623404bfae0c262c7666da3f3894a6b11ec30c7bf3e73,67f637aea8612d071bc623404bfae0c262c7666da3f3894a6b11ec30c7bf3e73,67f637aea8612d071bc623404bfae0c262c7666da3f3894a6b11ec30c7bf3e73,$,,67f637aea8612d071bc623404bfae0c262c7666da3f3894a6b11ec30c7bf3e73,67f637aea8612d071bc623404bfae0c262c7666da3f3894a6b11ec30c7bf3e73,"{""basis"":""ordered source-target formula atom"",""kind"":""source-target-formula-map""}"
1.1.0,formula,O007-FREMLIN-V2-APP-2A3-FORMULA-0002,O007-FREMLIN-V2-APP-2A3,O007-RIGHTS-FREMLIN-DSL,O007-FREMLIN-V2-APP-2A3-SEG-2A3-INTRO,2,2a3-intro,2a3-intro,6,6,131,139,131,139,\Bbb#1,\Bbb#1,67f637aea8612d071bc623404bfae0c262c7666da3f3894a6b11ec30c7bf3e73,67f637aea8612d071bc623404bfae0c262c7666da3f3894a6b11ec30c7bf3e73,67f637aea8612d071bc623404bfae0c262c7666da3f3894a6b11ec30c7bf3e73,$,,67f637aea8612d071bc623404bfae0c262c7666da3f3894a6b11ec30c7bf3e73,67f637aea8612d071bc623404bfae0c262c7666da3f3894a6b11ec30c7bf3e73,"{""basis"":""ordered source-target formula atom"",""kind"":""source-target-formula-map""}"
1.1.0,formula,O007-FREMLIN-V2-APP-2A3-FORMULA-0003,O007-FREMLIN-V2-APP-2A3,O007-RIGHTS-FREMLIN-DSL,O007-FREMLIN-V2-APP-2A3-SEG-2A3-INTRO,3,2a3-intro,2a3-intro,7,7,163,183,163,183,\scriptstyle\Bbb#1,\scriptstyle\Bbb#1,7fd8aac5d28db0c3dba35579ad40df38fca58bf7ce24664e5c4d03a35a0f6334,7fd8aac5d28db0c3dba35579ad40df38fca58bf7ce24664e5c4d03a35a0f6334,7fd8aac5d28db0c3dba35579ad40df38fca58bf7ce24664e5c4d03a35a0f6334,$,,7fd8aac5d28db0c3dba35579ad40df38fca58bf7ce24664e5c4d03a35a0f6334,7fd8aac5d28db0c3dba35579ad40df38fca58bf7ce24664e5c4d03a35a0f6334,"{""basis"":""ordered source-target formula atom"",""kind"":""source-target-formula-map""}"
1.1.0,formula,O007-FREMLIN-V2-APP-2A3-FORMULA-0004,O007-FREMLIN-V2-APP-2A3,O007-RIGHTS-FREMLIN-DSL,O007-FREMLIN-V2-APP-2A3-SEG-2A3-INTRO,4,2a3-intro,2a3-intro,8,8,207,233,207,233,\scriptscriptstyle\Bbb#1,\scriptscriptstyle\Bbb#1,331afbe9637c7b7a10b4a6560a88e94957f394838768647b0a6acf499d71951f,331afbe9637c7b7a10b4a6560a88e94957f394838768647b0a6acf499d71951f,331afbe9637c7b7a10b4a6560a88e94957f394838768647b0a6acf499d71951f,$,,331afbe9637c7b7a10b4a6560a88e94957f394838768647b0a6acf499d71951f,331afbe9637c7b7a10b4a6560a88e94957f394838768647b0a6acf499d71951f,"{""basis"":""ordered source-target formula atom"",""kind"":""source-target-formula-map""}"
1.1.0,formula,O007-FREMLIN-V2-APP-2A3-FORMULA-0005,O007-FREMLIN-V2-APP-2A3,O007-RIGHTS-FREMLIN-DSL,O007-FREMLIN-V2-APP-2A3-SEG-2A3A,5,2A3A,2A3A,27,26,913,916,1027,1030,X,X,4b68ab3847feda7d6c62c1fbcbeebfa35eab7351ed5e78f4ddadea5df64b8015,4b68ab3847feda7d6c62c1fbcbeebfa35eab7351ed5e78f4ddadea5df64b8015,4b68ab3847feda7d6c62c1fbcbeebfa35eab7351ed5e78f4ddadea5df64b8015,$,,4b68ab3847feda7d6c62c1fbcbeebfa35eab7351ed5e78f4ddadea5df64b8015,4b68ab3847feda7d6c62c1fbcbeebfa35eab7351ed5e78f4ddadea5df64b8015,"{""basis"":""ordered source-target formula atom"",""kind"":""source-target-formula-map""}"
1.1.0,formula,O007-FREMLIN-V2-APP-2A3-FORMULA-0006,O007-FREMLIN-V2-APP-2A3,O007-RIGHTS-FREMLIN-DSL,O007-FREMLIN-V2-APP-2A3-SEG-2A3A,6,2A3A,2A3A,28,27,949,952,1084,1087,X,X,4b68ab3847feda7d6c62c1fbcbeebfa35eab7351ed5e78f4ddadea5df64b8015,4b68ab3847feda7d6c62c1fbcbeebfa35eab7351ed5e78f4ddadea5df64b8015,4b68ab3847feda7d6c62c1fbcbeebfa35eab7351ed5e78f4ddadea5df64b8015,$,,4b68ab3847feda7d6c62c1fbcbeebfa35eab7351ed5e78f4ddadea5df64b8015,4b68ab3847feda7d6c62c1fbcbeebfa35eab7351ed5e78f4ddadea5df64b8015,"{""basis"":""ordered source-target formula atom"",""kind"":""source-target-formula-map""}"
1.1.0,formula,O007-FREMLIN-V2-APP-2A3-FORMULA-0007,O007-FREMLIN-V2-APP-2A3,O007-RIGHTS-FREMLIN-DSL,O007-FREMLIN-V2-APP-2A3-SEG-2A3A,7,2A3A,2A3A,28,27,965,974,1104,1113,\frak T,\frak T,0647f8d3ad6092ab3a9c92fd71ee29d66b86e14d9c9582db084142bee077c226,0647f8d3ad6092ab3a9c92fd71ee29d66b86e14d9c9582db084142bee077c226,44c7e1dba9432c4271c4d22b9a844dc7f447c4cb30f1129ac0c3db3f54646d4b,$,,44c7e1dba9432c4271c4d22b9a844dc7f447c4cb30f1129ac0c3db3f54646d4b,44c7e1dba9432c4271c4d22b9a844dc7f447c4cb30f1129ac0c3db3f54646d4b,"{""basis"":""ordered source-target formula atom"",""kind"":""source-target-formula-map""}"
1.1.0,formula,O007-FREMLIN-V2-APP-2A3-FORMULA-0008,O007-FREMLIN-V2-APP-2A3,O007-RIGHTS-FREMLIN-DSL,O007-FREMLIN-V2-APP-2A3-SEG-2A3A,8,2A3A,2A3A,28,28,989,992,1135,1138,X,X,4b68ab3847feda7d6c62c1fbcbeebfa35eab7351ed5e78f4ddadea5df64b8015,4b68ab3847feda7d6c62c1fbcbeebfa35eab7351ed5e78f4ddadea5df64b8015,4b68ab3847feda7d6c62c1fbcbeebfa35eab7351ed5e78f4ddadea5df64b8015,$,,4b68ab3847feda7d6c62c1fbcbeebfa35eab7351ed5e78f4ddadea5df64b8015,4b68ab3847feda7d6c62c1fbcbeebfa35eab7351ed5e78f4ddadea5df64b8015,"{""basis"":""ordered source-target formula atom"",""kind"":""source-target-formula-map""}"
1.1.0,formula,O007-FREMLIN-V2-APP-2A3-FORMULA-0009,O007-FREMLIN-V2-APP-2A3,O007-RIGHTS-FREMLIN-DSL,O007-FREMLIN-V2-APP-2A3-SEG-2A3A,9,2A3A,2A3A,29,28,1007,1018,1163,1174,\emptyset,\emptyset,8d2cacefc75ba038f020cd92e4b0cf1458ad543ef8d3393b99fc1787330c38b5,8d2cacefc75ba038f020cd92e4b0cf1458ad543ef8d3393b99fc1787330c38b5,8d2cacefc75ba038f020cd92e4b0cf1458ad543ef8d3393b99fc1787330c38b5,$,,8d2cacefc75ba038f020cd92e4b0cf1458ad543ef8d3393b99fc1787330c38b5,8d2cacefc75ba038f020cd92e4b0cf1458ad543ef8d3393b99fc1787330c38b5,"{""basis"":""ordered source-target formula atom"",""kind"":""source-target-formula-map""}"
1.1.0,formula,O007-FREMLIN-V2-APP-2A3-FORMULA-0010,O007-FREMLIN-V2-APP-2A3,O007-RIGHTS-FREMLIN-DSL,O007-FREMLIN-V2-APP-2A3-SEG-2A3A,10,2A3A,2A3A,29,28,1020,1033,1176,1189,X\in\frak T,X\in\frak T,8d58ece5224c0e895ee1b94c2041f71db778ae0b18b5ca2ac5eacb224a0eeef7,8d58ece5224c0e895ee1b94c2041f71db778ae0b18b5ca2ac5eacb224a0eeef7,a9e24e9ef8a680b75129e949299198750e2f8b24e265ffee8a203d6d57a652a4,$,,a9e24e9ef8a680b75129e949299198750e2f8b24e265ffee8a203d6d57a652a4,a9e24e9ef8a680b75129e949299198750e2f8b24e265ffee8a203d6d57a652a4,"{""basis"":""ordered source-target formula atom"",""kind"":""source-target-formula-map""}"
1.1.0,formula,O007-FREMLIN-V2-APP-2A3-FORMULA-0011,O007-FREMLIN-V2-APP-2A3,O007-RIGHTS-FREMLIN-DSL,O007-FREMLIN-V2-APP-2A3-SEG-2A3A,11,2A3A,2A3A,29,28,1042,1045,1200,1203,G,G,333e0a1e27815d0ceee55c473fe3dc93d56c63e3bee2b3b4aee8eed6d70191a3,333e0a1e27815d0ceee55c473fe3dc93d56c63e3bee2b3b4aee8eed6d70191a3,333e0a1e27815d0ceee55c473fe3dc93d56c63e3bee2b3b4aee8eed6d70191a3,$,,333e0a1e27815d0ceee55c473fe3dc93d56c63e3bee2b3b4aee8eed6d70191a3,333e0a1e27815d0ceee55c473fe3dc93d56c63e3bee2b3b4aee8eed6d70191a3,"{""basis"":""ordered source-target formula atom"",""kind"":""source-target-formula-map""}"
1.1.0,formula,O007-FREMLIN-V2-APP-2A3-FORMULA-0012,O007-FREMLIN-V2-APP-2A3,O007-RIGHTS-FREMLIN-DSL,O007-FREMLIN-V2-APP-2A3-SEG-2A3A,12,2A3A,2A3A,29,29,1047,1060,1205,1218,H\in\frak T,H\in\frak T,b178fe41ccd89327726ca33d199a5c4c1f0860e14aad182d145e339f236cf53e,b178fe41ccd89327726ca33d199a5c4c1f0860e14aad182d145e339f236cf53e,8d13dc370e4553b8d854921084b820306cfae5e9a55f1aca4f513dccd1d614ec,$,,8d13dc370e4553b8d854921084b820306cfae5e9a55f1aca4f513dccd1d614ec,8d13dc370e4553b8d854921084b820306cfae5e9a55f1aca4f513dccd1d614ec,"{""basis"":""ordered source-target formula atom"",""kind"":""source-target-formula-map""}"
1.1.0,formula,O007-FREMLIN-V2-APP-2A3-FORMULA-0013,O007-FREMLIN-V2-APP-2A3,O007-RIGHTS-FREMLIN-DSL,O007-FREMLIN-V2-APP-2A3-SEG-2A3A,13,2A3A,2A3A,30,29,1066,1085,1224,1243,G\cap H\in\frak T,G\cap H\in\frak T,9e0f4ba355389d74b917f92437b9f87b9078bfb4f4787e0653ad398f7bd4ac6b,9e0f4ba355389d74b917f92437b9f87b9078bfb4f4787e0653ad398f7bd4ac6b,60e625db2a5214e0e91c41ac33aa89c9a10816f5aafe8b92a8661c8fc687fba4,$,,60e625db2a5214e0e91c41ac33aa89c9a10816f5aafe8b92a8661c8fc687fba4,60e625db2a5214e0e91c41ac33aa89c9a10816f5aafe8b92a8661c8fc687fba4,"{""basis"":""ordered source-target formula atom"",""kind"":""source-target-formula-map""}"
1.1.0,formula,O007-FREMLIN-V2-APP-2A3-FORMULA-0014,O007-FREMLIN-V2-APP-2A3,O007-RIGHTS-FREMLIN-DSL,O007-FREMLIN-V2-APP-2A3-SEG-2A3A,14,2A3A,2A3A,30,30,1095,1119,1255,1279,\Cal G\subseteq\frak T,\Cal G\subseteq\frak T,7014833dfe7e7b1f734fd370b367518eb906af98ad02cdc8daf516958ac14c5d,7014833dfe7e7b1f734fd370b367518eb906af98ad02cdc8daf516958ac14c5d,5bb73c80655c158ea4ca62a14e2e748958e4ff0a8fe534ce3e24c6a91e5c067b,$,,5bb73c80655c158ea4ca62a14e2e748958e4ff0a8fe534ce3e24c6a91e5c067b,5bb73c80655c158ea4ca62a14e2e748958e4ff0a8fe534ce3e24c6a91e5c067b,"{""basis"":""ordered source-target formula atom"",""kind"":""source-target-formula-map""}"
1.1.0,formula,O007-FREMLIN-V2-APP-2A3-FORMULA-0015,O007-FREMLIN-V2-APP-2A3,O007-RIGHTS-FREMLIN-DSL,O007-FREMLIN-V2-APP-2A3-SEG-2A3A,15,2A3A,2A3A,31,30,1125,1150,1285,1310,\bigcup\Cal G\in\frak T,\bigcup\Cal G\in\frak T,e0abb508733db86860795c7b72c3e8ae84471bcedb34da2fa9caa7074debd01b,e0abb508733db86860795c7b72c3e8ae84471bcedb34da2fa9caa7074debd01b,dc0943d67b6535a2c01cb5dbd2340aeecd87f8ee90690928b625c8e7251c5a36,$,,dc0943d67b6535a2c01cb5dbd2340aeecd87f8ee90690928b625c8e7251c5a36,dc0943d67b6535a2c01cb5dbd2340aeecd87f8ee90690928b625c8e7251c5a36,"{""basis"":""ordered source-target formula atom"",""kind"":""source-target-formula-map""}"
1.1.0,formula,O007-FREMLIN-V2-APP-2A3-FORMULA-0016,O007-FREMLIN-V2-APP-2A3,O007-RIGHTS-FREMLIN-DSL,O007-FREMLIN-V2-APP-2A3-SEG-2A3A,16,2A3A,2A3A,31,31,1191,1204,1350,1363,"(X,\frak T)","(X,\frak T)",e61a78818f95155816c51558053b207746d21d984f7d96e50144d5c403fa9916,e61a78818f95155816c51558053b207746d21d984f7d96e50144d5c403fa9916,cafba6d9a47dfea2abf87370a28228acfbc03058933dce9166c4573d1628cd2c,$,,cafba6d9a47dfea2abf87370a28228acfbc03058933dce9166c4573d1628cd2c,cafba6d9a47dfea2abf87370a28228acfbc03058933dce9166c4573d1628cd2c,"{""basis"":""ordered source-target formula atom"",""kind"":""source-target-formula-map""}"
1.1.0,formula,O007-FREMLIN-V2-APP-2A3-FORMULA-0017,O007-FREMLIN-V2-APP-2A3,O007-RIGHTS-FREMLIN-DSL,O007-FREMLIN-V2-APP-2A3-SEG-2A3A,17,2A3A,2A3A,32,32,1269,1278,1444,1453,\frak T,\frak T,0647f8d3ad6092ab3a9c92fd71ee29d66b86e14d9c9582db084142bee077c226,0647f8d3ad6092ab3a9c92fd71ee29d66b86e14d9c9582db084142bee077c226,44c7e1dba9432c4271c4d22b9a844dc7f447c4cb30f1129ac0c3db3f54646d4b,$,,44c7e1dba9432c4271c4d22b9a844dc7f447c4cb30f1129ac0c3db3f54646d4b,44c7e1dba9432c4271c4d22b9a844dc7f447c4cb30f1129ac0c3db3f54646d4b,"{""basis"":""ordered source-target formula atom"",""kind"":""source-target-formula-map""}"
1.1.0,formula,O007-FREMLIN-V2-APP-2A3-FORMULA-0018,O007-FREMLIN-V2-APP-2A3,O007-RIGHTS-FREMLIN-DSL,O007-FREMLIN-V2-APP-2A3-SEG-2A3A,18,2A3A,2A3A,33,33,1334,1337,1508,1511,X,X,4b68ab3847feda7d6c62c1fbcbeebfa35eab7351ed5e78f4ddadea5df64b8015,4b68ab3847feda7d6c62c1fbcbeebfa35eab7351ed5e78f4ddadea5df64b8015,4b68ab3847feda7d6c62c1fbcbeebfa35eab7351ed5e78f4ddadea5df64b8015,$,,4b68ab3847feda7d6c62c1fbcbeebfa35eab7351ed5e78f4ddadea5df64b8015,4b68ab3847feda7d6c62c1fbcbeebfa35eab7351ed5e78f4ddadea5df64b8015,"{""basis"":""ordered source-target formula atom"",""kind"":""source-target-formula-map""}"
1.1.0,formula,O007-FREMLIN-V2-APP-2A3-FORMULA-0019,O007-FREMLIN-V2-APP-2A3,O007-RIGHTS-FREMLIN-DSL,O007-FREMLIN-V2-APP-2A3-SEG-2A3B,19,2A3B,2A3B,36,36,1434,1447,1604,1617,"(X,\frak T)","(X,\frak T)",e61a78818f95155816c51558053b207746d21d984f7d96e50144d5c403fa9916,e61a78818f95155816c51558053b207746d21d984f7d96e50144d5c403fa9916,cafba6d9a47dfea2abf87370a28228acfbc03058933dce9166c4573d1628cd2c,$,,cafba6d9a47dfea2abf87370a28228acfbc03058933dce9166c4573d1628cd2c,cafba6d9a47dfea2abf87370a28228acfbc03058933dce9166c4573d1628cd2c,"{""basis"":""ordered source-target formula atom"",""kind"":""source-target-formula-map""}"
1.1.0,formula,O007-FREMLIN-V2-APP-2A3-FORMULA-0020,O007-FREMLIN-V2-APP-2A3,O007-RIGHTS-FREMLIN-DSL,O007-FREMLIN-V2-APP-2A3-SEG-2A3B,20,2A3B,2A3B,36,36,1452,1465,1622,1635,"(Y,\frak
S)","(Y,\frak
S)",de3bd16c2af3ace4d573ee4d8626ff79b1d6090671c7bf2aa85d0381d56723f2,de3bd16c2af3ace4d573ee4d8626ff79b1d6090671c7bf2aa85d0381d56723f2,ff360fb1373ff061931764fc324cfd9227979a40812defeedf190c9278b10559,$,,ff360fb1373ff061931764fc324cfd9227979a40812defeedf190c9278b10559,ff360fb1373ff061931764fc324cfd9227979a40812defeedf190c9278b10559,"{""basis"":""ordered source-target formula atom"",""kind"":""source-target-formula-map""}"
1.1.0,formula,O007-FREMLIN-V2-APP-2A3-FORMULA-0021,O007-FREMLIN-V2-APP-2A3,O007-RIGHTS-FREMLIN-DSL,O007-FREMLIN-V2-APP-2A3-SEG-2A3B,21,2A3B,2A3B,38,37,1501,1514,1674,1687,\phi:X\to Y,\phi:X\to Y,13bd91bfe4efd20d71a6b34c7581ddd8571b38f73d5e0bdd9de604c7badbba99,13bd91bfe4efd20d71a6b34c7581ddd8571b38f73d5e0bdd9de604c7badbba99,ff574878676958526aeff476d34e96ebf519db9f8a28e89cc9e76db0b39b4ebc,$,,ff574878676958526aeff476d34e96ebf519db9f8a28e89cc9e76db0b39b4ebc,ff574878676958526aeff476d34e96ebf519db9f8a28e89cc9e76db0b39b4ebc,"{""basis"":""ordered source-target formula atom"",""kind"":""source-target-formula-map""}"
1.1.0,formula,O007-FREMLIN-V2-APP-2A3-FORMULA-0022,O007-FREMLIN-V2-APP-2A3,O007-RIGHTS-FREMLIN-DSL,O007-FREMLIN-V2-APP-2A3-SEG-2A3B,22,2A3B,2A3B,38,38,1538,1562,1715,1739,\phi^{-1}[G]\in\frak T,\phi^{-1}[G]\in\frak T,8c86f08366ac66eff7bcdbcd8e800665f40bebd61cd0eca1d3e6db0a70d618ab,8c86f08366ac66eff7bcdbcd8e800665f40bebd61cd0eca1d3e6db0a70d618ab,fd5954f37c87c49d40cfbb37854d84e0975787b1a442ccc3a7257c9f17299405,$,,fd5954f37c87c49d40cfbb37854d84e0975787b1a442ccc3a7257c9f17299405,fd5954f37c87c49d40cfbb37854d84e0975787b1a442ccc3a7257c9f17299405,"{""basis"":""ordered source-target formula atom"",""kind"":""source-target-formula-map""}"
1.1.0,formula,O007-FREMLIN-V2-APP-2A3-FORMULA-0023,O007-FREMLIN-V2-APP-2A3,O007-RIGHTS-FREMLIN-DSL,O007-FREMLIN-V2-APP-2A3-SEG-2A3B,23,2A3B,2A3B,39,39,1573,1586,1753,1766,G\in\frak S,G\in\frak S,1db8151a6656e4aa07ab72b2307eec8717dcdab3d8aaf5a17303d57fca2d211f,1db8151a6656e4aa07ab72b2307eec8717dcdab3d8aaf5a17303d57fca2d211f,5776edc28ad7c59d5b2decf36b107063b1ae4557cadeb9d4a367333949ee335c,$,,5776edc28ad7c59d5b2decf36b107063b1ae4557cadeb9d4a367333949ee335c,5776edc28ad7c59d5b2decf36b107063b1ae4557cadeb9d4a367333949ee335c,"{""basis"":""ordered source-target formula atom"",""kind"":""source-target-formula-map""}"
1.1.0,formula,O007-FREMLIN-V2-APP-2A3-FORMULA-0024,O007-FREMLIN-V2-APP-2A3,O007-RIGHTS-FREMLIN-DSL,O007-FREMLIN-V2-APP-2A3-SEG-2A3B,24,2A3B,2A3B,41,40,1642,1652,1850,1860,\epsilon,\epsilon,8bc4bfc2bdebfaac14a98cde1deb3cf75202e7908905efb95c939c0481951f77,8bc4bfc2bdebfaac14a98cde1deb3cf75202e7908905efb95c939c0481951f77,8bc4bfc2bdebfaac14a98cde1deb3cf75202e7908905efb95c939c0481951f77,$,,8bc4bfc2bdebfaac14a98cde1deb3cf75202e7908905efb95c939c0481951f77,8bc4bfc2bdebfaac14a98cde1deb3cf75202e7908905efb95c939c0481951f77,"{""basis"":""ordered source-target formula atom"",""kind"":""source-target-formula-map""}"
1.1.0,formula,O007-FREMLIN-V2-APP-2A3-FORMULA-0025,O007-FREMLIN-V2-APP-2A3,O007-RIGHTS-FREMLIN-DSL,O007-FREMLIN-V2-APP-2A3-SEG-2A3B,25,2A3B,2A3B,41,40,1653,1661,1861,1869,\delta,\delta,d203ba01eef4198ca268a62391076e5080e260b3fcb9b05b334d66206a893936,d203ba01eef4198ca268a62391076e5080e260b3fcb9b05b334d66206a893936,d203ba01eef4198ca268a62391076e5080e260b3fcb9b05b334d66206a893936,$,,d203ba01eef4198ca268a62391076e5080e260b3fcb9b05b334d66206a893936,d203ba01eef4198ca268a62391076e5080e260b3fcb9b05b334d66206a893936,"{""basis"":""ordered source-target formula atom"",""kind"":""source-target-formula-map""}"
1.1.0,formula,O007-FREMLIN-V2-APP-2A3-FORMULA-0026,O007-FREMLIN-V2-APP-2A3,O007-RIGHTS-FREMLIN-DSL,O007-FREMLIN-V2-APP-2A3-SEG-2A3BB,26,2A3Bb,2A3Bb,44,43,1791,1804,1990,2003,"(X,\frak T)","(X,\frak T)",e61a78818f95155816c51558053b207746d21d984f7d96e50144d5c403fa9916,e61a78818f95155816c51558053b207746d21d984f7d96e50144d5c403fa9916,cafba6d9a47dfea2abf87370a28228acfbc03058933dce9166c4573d1628cd2c,$,,cafba6d9a47dfea2abf87370a28228acfbc03058933dce9166c4573d1628cd2c,cafba6d9a47dfea2abf87370a28228acfbc03058933dce9166c4573d1628cd2c,"{""basis"":""ordered source-target formula atom"",""kind"":""source-target-formula-map""}"
1.1.0,formula,O007-FREMLIN-V2-APP-2A3-FORMULA-0027,O007-FREMLIN-V2-APP-2A3,O007-RIGHTS-FREMLIN-DSL,O007-FREMLIN-V2-APP-2A3-SEG-2A3BB,27,2A3Bb,2A3Bb,44,43,1806,1819,2005,2018,"(Y,\frak S)","(Y,\frak S)",24d922db39ebf7493e184d085b1af56463424b56f8fc7f4d9213b9840c6e4f9c,24d922db39ebf7493e184d085b1af56463424b56f8fc7f4d9213b9840c6e4f9c,ff360fb1373ff061931764fc324cfd9227979a40812defeedf190c9278b10559,$,,ff360fb1373ff061931764fc324cfd9227979a40812defeedf190c9278b10559,ff360fb1373ff061931764fc324cfd9227979a40812defeedf190c9278b10559,"{""basis"":""ordered source-target formula atom"",""kind"":""source-target-formula-map""}"
1.1.0,formula,O007-FREMLIN-V2-APP-2A3-FORMULA-0028,O007-FREMLIN-V2-APP-2A3,O007-RIGHTS-FREMLIN-DSL,O007-FREMLIN-V2-APP-2A3-SEG-2A3BB,28,2A3Bb,2A3Bb,45,44,1824,1837,2023,2036,"(Z,\frak U)","(Z,\frak U)",fb895c53fb1c284c168b7fe5df4d7b1ab2dd5316f0922d89b6f89839c9739e74,fb895c53fb1c284c168b7fe5df4d7b1ab2dd5316f0922d89b6f89839c9739e74,fdf2ec4ded2c6f6fbcb98d4eba1d2cb98ca55d0ceb86b6ae3263b5f5ae288c69,$,,fdf2ec4ded2c6f6fbcb98d4eba1d2cb98ca55d0ceb86b6ae3263b5f5ae288c69,fdf2ec4ded2c6f6fbcb98d4eba1d2cb98ca55d0ceb86b6ae3263b5f5ae288c69,"{""basis"":""ordered source-target formula atom"",""kind"":""source-target-formula-map""}"
1.1.0,formula,O007-FREMLIN-V2-APP-2A3-FORMULA-0029,O007-FREMLIN-V2-APP-2A3,O007-RIGHTS-FREMLIN-DSL,O007-FREMLIN-V2-APP-2A3-SEG-2A3BB,29,2A3Bb,2A3Bb,46,44,1865,1878,2071,2084,\phi:X\to Y,\phi:X\to Y,13bd91bfe4efd20d71a6b34c7581ddd8571b38f73d5e0bdd9de604c7badbba99,13bd91bfe4efd20d71a6b34c7581ddd8571b38f73d5e0bdd9de604c7badbba99,ff574878676958526aeff476d34e96ebf519db9f8a28e89cc9e76db0b39b4ebc,$,,ff574878676958526aeff476d34e96ebf519db9f8a28e89cc9e76db0b39b4ebc,ff574878676958526aeff476d34e96ebf519db9f8a28e89cc9e76db0b39b4ebc,"{""basis"":""ordered source-target formula atom"",""kind"":""source-target-formula-map""}"
1.1.0,formula,O007-FREMLIN-V2-APP-2A3-FORMULA-0030,O007-FREMLIN-V2-APP-2A3,O007-RIGHTS-FREMLIN-DSL,O007-FREMLIN-V2-APP-2A3-SEG-2A3BB,30,2A3Bb,2A3Bb,46,45,1883,1896,2089,2102,\psi:Y\to Z,\psi:Y\to Z,ed55cdea8ee7a488e6ed0f64b4d9028095a8fb3260a08bc4933da58707bc7e37,ed55cdea8ee7a488e6ed0f64b4d9028095a8fb3260a08bc4933da58707bc7e37,45975b42ded7e33c653f01081184657ec53a7f18c9f418291e2011c313e4057b,$,,45975b42ded7e33c653f01081184657ec53a7f18c9f418291e2011c313e4057b,45975b42ded7e33c653f01081184657ec53a7f18c9f418291e2011c313e4057b,"{""basis"":""ordered source-target formula atom"",""kind"":""source-target-formula-map""}"
1.1.0,formula,O007-FREMLIN-V2-APP-2A3-FORMULA-0031,O007-FREMLIN-V2-APP-2A3,O007-RIGHTS-FREMLIN-DSL,O007-FREMLIN-V2-APP-2A3-SEG-2A3BB,31,2A3Bb,2A3Bb,47,45,1918,1935,2117,2134,\psi\phi:X\to Z,\psi\phi:X\to Z,bdc584870c37c5d01794245891b1427d960f0772d499ffb0c601d14833c5fbf0,bdc584870c37c5d01794245891b1427d960f0772d499ffb0c601d14833c5fbf0,e1f3f189d89649cf51b44dc7bfc4f83b6db201f6dc4b95fade9d0fe0e563afde,$,,e1f3f189d89649cf51b44dc7bfc4f83b6db201f6dc4b95fade9d0fe0e563afde,e1f3f189d89649cf51b44dc7bfc4f83b6db201f6dc4b95fade9d0fe0e563afde,"{""basis"":""ordered source-target formula atom"",""kind"":""source-target-formula-map""}"
1.1.0,formula,O007-FREMLIN-V2-APP-2A3-FORMULA-0032,O007-FREMLIN-V2-APP-2A3,O007-RIGHTS-FREMLIN-DSL,O007-FREMLIN-V2-APP-2A3-SEG-2A3BB,32,2A3Bb,2A3Bb,48,46,1972,1985,2165,2178,G\in\frak U,G\in\frak U,59dbf58b523ad9acc840aa6ba97e433cf26c261ebddb535dda422ed94177a748,59dbf58b523ad9acc840aa6ba97e433cf26c261ebddb535dda422ed94177a748,06b91b3635070284b667c49037f1b7b07b175ed5df80fb1b67856c753087b49e,$,,06b91b3635070284b667c49037f1b7b07b175ed5df80fb1b67856c753087b49e,06b91b3635070284b667c49037f1b7b07b175ed5df80fb1b67856c753087b49e,"{""basis"":""ordered source-target formula atom"",""kind"":""source-target-formula-map""}"
1.1.0,formula,O007-FREMLIN-V2-APP-2A3-FORMULA-0033,O007-FREMLIN-V2-APP-2A3,O007-RIGHTS-FREMLIN-DSL,O007-FREMLIN-V2-APP-2A3-SEG-2A3BB,33,2A3Bb,2A3Bb,49,46,1991,2015,2184,2208,\psi^{-1}[G]\in\frak S,\psi^{-1}[G]\in\frak S,b6481d65641b1bcd706a390230a344faec77db64d4848a2bad7aac8cfc6949ba,b6481d65641b1bcd706a390230a344faec77db64d4848a2bad7aac8cfc6949ba,79d82887b59fa7ea2d829c2efe757a79738dcad1bef8c06a473c784030a73f16,$,,79d82887b59fa7ea2d829c2efe757a79738dcad1bef8c06a473c784030a73f16,79d82887b59fa7ea2d829c2efe757a79738dcad1bef8c06a473c784030a73f16,"{""basis"":""ordered source-target formula atom"",""kind"":""source-target-formula-map""}"
1.1.0,formula,O007-FREMLIN-V2-APP-2A3-FORMULA-0034,O007-FREMLIN-V2-APP-2A3,O007-RIGHTS-FREMLIN-DSL,O007-FREMLIN-V2-APP-2A3-SEG-2A3BB,34,2A3Bb,2A3Bb,50,47,2019,2073,2219,2273,(\psi\phi)^{-1}[G]=\phi^{-1}[\psi^{-1}[G]]\in\frak T,(\psi\phi)^{-1}[G]=\phi^{-1}[\psi^{-1}[G]]\in\frak T,2d7934e8454bfd5c2a2610ea74e207799d97d5e281041dc9ac119e5629629183,2d7934e8454bfd5c2a2610ea74e207799d97d5e281041dc9ac119e5629629183,76eb8be39d837d7dd9773cf4d153a794be60d44e9e6f5da2abdccb9115d07195,$,,76eb8be39d837d7dd9773cf4d153a794be60d44e9e6f5da2abdccb9115d07195,76eb8be39d837d7dd9773cf4d153a794be60d44e9e6f5da2abdccb9115d07195,"{""basis"":""ordered source-target formula atom"",""kind"":""source-target-formula-map""}"
1.1.0,formula,O007-FREMLIN-V2-APP-2A3-FORMULA-0035,O007-FREMLIN-V2-APP-2A3,O007-RIGHTS-FREMLIN-DSL,O007-FREMLIN-V2-APP-2A3-SEG-2A3BC,35,2A3Bc,2A3Bc,52,49,2110,2123,2312,2325,"(X,\frak T)","(X,\frak T)",e61a78818f95155816c51558053b207746d21d984f7d96e50144d5c403fa9916,e61a78818f95155816c51558053b207746d21d984f7d96e50144d5c403fa9916,cafba6d9a47dfea2abf87370a28228acfbc03058933dce9166c4573d1628cd2c,$,,cafba6d9a47dfea2abf87370a28228acfbc03058933dce9166c4573d1628cd2c,cafba6d9a47dfea2abf87370a28228acfbc03058933dce9166c4573d1628cd2c,"{""basis"":""ordered source-target formula atom"",""kind"":""source-target-formula-map""}"
1.1.0,formula,O007-FREMLIN-V2-APP-2A3-FORMULA-0036,O007-FREMLIN-V2-APP-2A3,O007-RIGHTS-FREMLIN-DSL,O007-FREMLIN-V2-APP-2A3-SEG-2A3BC,36,2A3Bc,2A3Bc,53,50,2159,2173,2364,2378,f:X\to\Bbb R,f:X\to\Bbb R,564e5fad9d398fff5ba7e458f4bc761268933bfaa302509696e8931a04ec4c82,564e5fad9d398fff5ba7e458f4bc761268933bfaa302509696e8931a04ec4c82,1b750548c79710486bd23507981d4846fc7bc5f36df548fd7d56f6ecbe748722,$,,1b750548c79710486bd23507981d4846fc7bc5f36df548fd7d56f6ecbe748722,1b750548c79710486bd23507981d4846fc7bc5f36df548fd7d56f6ecbe748722,"{""basis"":""ordered source-target formula atom"",""kind"":""source-target-formula-map""}"
1.1.0,formula,O007-FREMLIN-V2-APP-2A3-FORMULA-0037,O007-FREMLIN-V2-APP-2A3,O007-RIGHTS-FREMLIN-DSL,O007-FREMLIN-V2-APP-2A3-SEG-2A3BC,37,2A3Bc,2A3Bc,53,51,2192,2208,2407,2423,\{x:a<f(x)<b\},\{x:a<f(x)<b\},00920e466312fe57c6cc9f9ae25bf628f58e45f7955a0f76cbfe8ebc1da93a7c,00920e466312fe57c6cc9f9ae25bf628f58e45f7955a0f76cbfe8ebc1da93a7c,00920e466312fe57c6cc9f9ae25bf628f58e45f7955a0f76cbfe8ebc1da93a7c,$,,00920e466312fe57c6cc9f9ae25bf628f58e45f7955a0f76cbfe8ebc1da93a7c,00920e466312fe57c6cc9f9ae25bf628f58e45f7955a0f76cbfe8ebc1da93a7c,"{""basis"":""ordered source-target formula atom"",""kind"":""source-target-formula-map""}"
1.1.0,formula,O007-FREMLIN-V2-APP-2A3-FORMULA-0038,O007-FREMLIN-V2-APP-2A3,O007-RIGHTS-FREMLIN-DSL,O007-FREMLIN-V2-APP-2A3-SEG-2A3BC,38,2A3Bc,2A3Bc,54,51,2226,2231,2444,2449,a<b,a<b,4a826aacf580757c5183b8f0677ee58f4a983a9ffa50be4994ed9f741373d25f,4a826aacf580757c5183b8f0677ee58f4a983a9ffa50be4994ed9f741373d25f,4a826aacf580757c5183b8f0677ee58f4a983a9ffa50be4994ed9f741373d25f,$,,4a826aacf580757c5183b8f0677ee58f4a983a9ffa50be4994ed9f741373d25f,4a826aacf580757c5183b8f0677ee58f4a983a9ffa50be4994ed9f741373d25f,"{""basis"":""ordered source-target formula atom"",""kind"":""source-target-formula-map""}"
1.1.0,formula,O007-FREMLIN-V2-APP-2A3-FORMULA-0039,O007-FREMLIN-V2-APP-2A3,O007-RIGHTS-FREMLIN-DSL,O007-FREMLIN-V2-APP-2A3-SEG-2A3BC,39,2A3Bc,2A3Bc,54,51,2235,2243,2456,2464,\Bbb R,\Bbb R,f9d62b077eddf72778fc05527c5aa4d2352f16a46a94808294fdc2cb7e406580,f9d62b077eddf72778fc05527c5aa4d2352f16a46a94808294fdc2cb7e406580,22316cdc991b42844c0fcdb72f227b6d4c0e8457a736e325af2845b7b3df7f6c,$,,22316cdc991b42844c0fcdb72f227b6d4c0e8457a736e325af2845b7b3df7f6c,22316cdc991b42844c0fcdb72f227b6d4c0e8457a736e325af2845b7b3df7f6c,"{""basis"":""ordered source-target formula atom"",""kind"":""source-target-formula-map""}"
1.1.0,formula,O007-FREMLIN-V2-APP-2A3-FORMULA-0040,O007-FREMLIN-V2-APP-2A3,O007-RIGHTS-FREMLIN-DSL,O007-FREMLIN-V2-APP-2A3-SEG-2A3BC,40,2A3Bc,2A3Bc,55,52,2287,2300,2508,2521,"\ooint{a,b}","\ooint{a,b}",13c5d74f332df0c0732fdcb172bc492396b8cb66971061544a7b9f552fe5c32f,13c5d74f332df0c0732fdcb172bc492396b8cb66971061544a7b9f552fe5c32f,13c5d74f332df0c0732fdcb172bc492396b8cb66971061544a7b9f552fe5c32f,$,,13c5d74f332df0c0732fdcb172bc492396b8cb66971061544a7b9f552fe5c32f,13c5d74f332df0c0732fdcb172bc492396b8cb66971061544a7b9f552fe5c32f,"{""basis"":""ordered source-target formula atom"",""kind"":""source-target-formula-map""}"
1.1.0,formula,O007-FREMLIN-V2-APP-2A3-FORMULA-0041,O007-FREMLIN-V2-APP-2A3,O007-RIGHTS-FREMLIN-DSL,O007-FREMLIN-V2-APP-2A3-SEG-2A3BC,41,2A3Bc,2A3Bc,55,53,2312,2320,2536,2544,\Bbb R,\Bbb R,f9d62b077eddf72778fc05527c5aa4d2352f16a46a94808294fdc2cb7e406580,f9d62b077eddf72778fc05527c5aa4d2352f16a46a94808294fdc2cb7e406580,22316cdc991b42844c0fcdb72f227b6d4c0e8457a736e325af2845b7b3df7f6c,$,,22316cdc991b42844c0fcdb72f227b6d4c0e8457a736e325af2845b7b3df7f6c,22316cdc991b42844c0fcdb72f227b6d4c0e8457a736e325af2845b7b3df7f6c,"{""basis"":""ordered source-target formula atom"",""kind"":""source-target-formula-map""}"
1.1.0,formula,O007-FREMLIN-V2-APP-2A3-FORMULA-0042,O007-FREMLIN-V2-APP-2A3,O007-RIGHTS-FREMLIN-DSL,O007-FREMLIN-V2-APP-2A3-SEG-2A3BC,42,2A3Bc,2A3Bc,55,53,2328,2331,2560,2563,f,f,252f10c83610ebca1a059c0bae8255eba2f95be4d1d7bcfa89d7248a82d9f111,252f10c83610ebca1a059c0bae8255eba2f95be4d1d7bcfa89d7248a82d9f111,252f10c83610ebca1a059c0bae8255eba2f95be4d1d7bcfa89d7248a82d9f111,$,,252f10c83610ebca1a059c0bae8255eba2f95be4d1d7bcfa89d7248a82d9f111,252f10c83610ebca1a059c0bae8255eba2f95be4d1d7bcfa89d7248a82d9f111,"{""basis"":""ordered source-target formula atom"",""kind"":""source-target-formula-map""}"
1.1.0,formula,O007-FREMLIN-V2-APP-2A3-FORMULA-0043,O007-FREMLIN-V2-APP-2A3,O007-RIGHTS-FREMLIN-DSL,O007-FREMLIN-V2-APP-2A3-SEG-2A3BC,43,2A3Bc,2A3Bc,56,54,2364,2380,2586,2602,\{x:a<f(x)<b\},\{x:a<f(x)<b\},00920e466312fe57c6cc9f9ae25bf628f58e45f7955a0f76cbfe8ebc1da93a7c,00920e466312fe57c6cc9f9ae25bf628f58e45f7955a0f76cbfe8ebc1da93a7c,00920e466312fe57c6cc9f9ae25bf628f58e45f7955a0f76cbfe8ebc1da93a7c,$,,00920e466312fe57c6cc9f9ae25bf628f58e45f7955a0f76cbfe8ebc1da93a7c,00920e466312fe57c6cc9f9ae25bf628f58e45f7955a0f76cbfe8ebc1da93a7c,"{""basis"":""ordered source-target formula atom"",""kind"":""source-target-formula-map""}"
1.1.0,formula,O007-FREMLIN-V2-APP-2A3-FORMULA-0044,O007-FREMLIN-V2-APP-2A3,O007-RIGHTS-FREMLIN-DSL,O007-FREMLIN-V2-APP-2A3-SEG-2A3BC,44,2A3Bc,2A3Bc,57,55,2421,2446,2638,2663,"f^{-1}[\,\ooint{a,b}\,]","f^{-1}[\,\ooint{a,b}\,]",9c7978147d5d54a2bb7f11100f4a4d346bafe2409ea6a30cf74c07376855aa0e,9c7978147d5d54a2bb7f11100f4a4d346bafe2409ea6a30cf74c07376855aa0e,9c7978147d5d54a2bb7f11100f4a4d346bafe2409ea6a30cf74c07376855aa0e,$,,9c7978147d5d54a2bb7f11100f4a4d346bafe2409ea6a30cf74c07376855aa0e,9c7978147d5d54a2bb7f11100f4a4d346bafe2409ea6a30cf74c07376855aa0e,"{""basis"":""ordered source-target formula atom"",""kind"":""source-target-formula-map""}"
1.1.0,formula,O007-FREMLIN-V2-APP-2A3-FORMULA-0045,O007-FREMLIN-V2-APP-2A3,O007-RIGHTS-FREMLIN-DSL,O007-FREMLIN-V2-APP-2A3-SEG-2A3BC,45,2A3Bc,2A3Bc,57,55,2464,2469,2684,2689,a<b,a<b,4a826aacf580757c5183b8f0677ee58f4a983a9ffa50be4994ed9f741373d25f,4a826aacf580757c5183b8f0677ee58f4a983a9ffa50be4994ed9f741373d25f,4a826aacf580757c5183b8f0677ee58f4a983a9ffa50be4994ed9f741373d25f,$,,4a826aacf580757c5183b8f0677ee58f4a983a9ffa50be4994ed9f741373d25f,4a826aacf580757c5183b8f0677ee58f4a983a9ffa50be4994ed9f741373d25f,"{""basis"":""ordered source-target formula atom"",""kind"":""source-target-formula-map""}"
1.1.0,formula,O007-FREMLIN-V2-APP-2A3-FORMULA-0046,O007-FREMLIN-V2-APP-2A3,O007-RIGHTS-FREMLIN-DSL,O007-FREMLIN-V2-APP-2A3-SEG-2A3BC,46,2A3Bc,2A3Bc,58,56,2479,2497,2704,2722,H\subseteq\Bbb R,H\subseteq\Bbb R,9f5def43ad029f8d4ea23fd1bd86e17915c7bc8ea2bf06a24da32d155762262f,9f5def43ad029f8d4ea23fd1bd86e17915c7bc8ea2bf06a24da32d155762262f,63c16def4b1a8fb148eb64f3220089b5b6fb92175614cb734d1881bc85cfdeea,$,,63c16def4b1a8fb148eb64f3220089b5b6fb92175614cb734d1881bc85cfdeea,63c16def4b1a8fb148eb64f3220089b5b6fb92175614cb734d1881bc85cfdeea,"{""basis"":""ordered source-target formula atom"",""kind"":""source-target-formula-map""}"
1.1.0,formula,O007-FREMLIN-V2-APP-2A3-FORMULA-0047,O007-FREMLIN-V2-APP-2A3,O007-RIGHTS-FREMLIN-DSL,O007-FREMLIN-V2-APP-2A3-SEG-2A3BC,47,2A3Bc,2A3Bc,59,57,2552,2560,2792,2800,\Bbb R,\Bbb R,f9d62b077eddf72778fc05527c5aa4d2352f16a46a94808294fdc2cb7e406580,f9d62b077eddf72778fc05527c5aa4d2352f16a46a94808294fdc2cb7e406580,22316cdc991b42844c0fcdb72f227b6d4c0e8457a736e325af2845b7b3df7f6c,$,,22316cdc991b42844c0fcdb72f227b6d4c0e8457a736e325af2845b7b3df7f6c,22316cdc991b42844c0fcdb72f227b6d4c0e8457a736e325af2845b7b3df7f6c,"{""basis"":""ordered source-target formula atom"",""kind"":""source-target-formula-map""}"
1.1.0,formula,O007-FREMLIN-V2-APP-2A3-FORMULA-0048,O007-FREMLIN-V2-APP-2A3,O007-RIGHTS-FREMLIN-DSL,O007-FREMLIN-V2-APP-2A3-SEG-2A3BC,48,2A3Bc,2A3Bc,61,59,2578,2698,2818,2938,"\eqalign{H&
=\bigcup\{\ooint{y-\delta,y+\delta}:y\in\Bbb R,\,\delta>0,\,
\ooint{y-\delta,y+\delta}\subseteq H\},\cr}","\eqalign{H&
=\bigcup\{\ooint{y-\delta,y+\delta}:y\in\Bbb R,\,\delta>0,\,
\ooint{y-\delta,y+\delta}\subseteq H\},\cr}",e20dfeb44ff3fca5847f79d5111df8af8db9eeafb0530b33e28a3ab05ee1a056,e20dfeb44ff3fca5847f79d5111df8af8db9eeafb0530b33e28a3ab05ee1a056,a06fca3f5b1dc73926d49ac4e18cab4e5e7f2707fad04c9c378ddc3beaa5a478,$$,,a06fca3f5b1dc73926d49ac4e18cab4e5e7f2707fad04c9c378ddc3beaa5a478,a06fca3f5b1dc73926d49ac4e18cab4e5e7f2707fad04c9c378ddc3beaa5a478,"{""basis"":""ordered source-target formula atom"",""kind"":""source-target-formula-map""}"
1.1.0,formula,O007-FREMLIN-V2-APP-2A3-FORMULA-0049,O007-FREMLIN-V2-APP-2A3,O007-RIGHTS-FREMLIN-DSL,O007-FREMLIN-V2-APP-2A3-SEG-2A3BC,49,2A3Bc,2A3Bc,67,65,2726,2849,2972,3095,"f^{-1}[H]=
\bigcup\{f^{-1}[\,\ooint{y-\delta,y+\delta}\,]:y\in\Bbb R,\,\delta>0,\,
\ooint{y-\delta,y+\delta}\subseteq H\}","f^{-1}[H]=
\bigcup\{f^{-1}[\,\ooint{y-\delta,y+\delta}\,]:y\in\Bbb R,\,\delta>0,\,
\ooint{y-\delta,y+\delta}\subseteq H\}",b27258f84c9f19a5fe8f76c4f7c972a57620b9e6a8daae0ac41f140ee1e5df38,b27258f84c9f19a5fe8f76c4f7c972a57620b9e6a8daae0ac41f140ee1e5df38,a7d312dab3362ba0ee79ce2e9d246b299b89cddb7d56cfe90c187f12008b023b,$,,a7d312dab3362ba0ee79ce2e9d246b299b89cddb7d56cfe90c187f12008b023b,a7d312dab3362ba0ee79ce2e9d246b299b89cddb7d56cfe90c187f12008b023b,"{""basis"":""ordered source-target formula atom"",""kind"":""source-target-formula-map""}"
1.1.0,formula,O007-FREMLIN-V2-APP-2A3-FORMULA-0050,O007-FREMLIN-V2-APP-2A3,O007-RIGHTS-FREMLIN-DSL,O007-FREMLIN-V2-APP-2A3-SEG-2A3BC,50,2A3Bc,2A3Bc,71,69,2889,2892,3159,3162,X,X,4b68ab3847feda7d6c62c1fbcbeebfa35eab7351ed5e78f4ddadea5df64b8015,4b68ab3847feda7d6c62c1fbcbeebfa35eab7351ed5e78f4ddadea5df64b8015,4b68ab3847feda7d6c62c1fbcbeebfa35eab7351ed5e78f4ddadea5df64b8015,$,,4b68ab3847feda7d6c62c1fbcbeebfa35eab7351ed5e78f4ddadea5df64b8015,4b68ab3847feda7d6c62c1fbcbeebfa35eab7351ed5e78f4ddadea5df64b8015,"{""basis"":""ordered source-target formula atom"",""kind"":""source-target-formula-map""}"
1.1.0,formula,O007-FREMLIN-V2-APP-2A3-FORMULA-0051,O007-FREMLIN-V2-APP-2A3,O007-RIGHTS-FREMLIN-DSL,O007-FREMLIN-V2-APP-2A3-SEG-2A3BD,51,2A3Bd,2A3Bd,73,72,2945,2953,3219,3227,r\ge 1,r\ge 1,10bc42d96f51887ea400533a0f6b343406ae6bb4aac04938120632d6289e30dc,10bc42d96f51887ea400533a0f6b343406ae6bb4aac04938120632d6289e30dc,48d931adc78b0f862d3435fd812b0154451317701e4ee6ece3563bbd6d25a196,$,,48d931adc78b0f862d3435fd812b0154451317701e4ee6ece3563bbd6d25a196,48d931adc78b0f862d3435fd812b0154451317701e4ee6ece3563bbd6d25a196,"{""basis"":""ordered source-target formula atom"",""kind"":""source-target-formula-map""}"
1.1.0,formula,O007-FREMLIN-V2-APP-2A3-FORMULA-0052,O007-FREMLIN-V2-APP-2A3,O007-RIGHTS-FREMLIN-DSL,O007-FREMLIN-V2-APP-2A3-SEG-2A3BD,52,2A3Bd,2A3Bd,73,72,2955,2968,3229,3242,"(X,\frak T)","(X,\frak T)",e61a78818f95155816c51558053b207746d21d984f7d96e50144d5c403fa9916,e61a78818f95155816c51558053b207746d21d984f7d96e50144d5c403fa9916,cafba6d9a47dfea2abf87370a28228acfbc03058933dce9166c4573d1628cd2c,$,,cafba6d9a47dfea2abf87370a28228acfbc03058933dce9166c4573d1628cd2c,cafba6d9a47dfea2abf87370a28228acfbc03058933dce9166c4573d1628cd2c,"{""basis"":""ordered source-target formula atom"",""kind"":""source-target-formula-map""}"
1.1.0,formula,O007-FREMLIN-V2-APP-2A3-FORMULA-0053,O007-FREMLIN-V2-APP-2A3,O007-RIGHTS-FREMLIN-DSL,O007-FREMLIN-V2-APP-2A3-SEG-2A3BD,53,2A3Bd,2A3Bd,74,73,2997,3015,3271,3289,\phi:X\to\BbbR^r,\phi:X\to\BbbR^r,8cc02184da563df2198af0f62927338cc743bac7acdeab9904d53848e1fa4e8d,8cc02184da563df2198af0f62927338cc743bac7acdeab9904d53848e1fa4e8d,8cc02184da563df2198af0f62927338cc743bac7acdeab9904d53848e1fa4e8d,$,,8cc02184da563df2198af0f62927338cc743bac7acdeab9904d53848e1fa4e8d,8cc02184da563df2198af0f62927338cc743bac7acdeab9904d53848e1fa4e8d,"{""basis"":""ordered source-target formula atom"",""kind"":""source-target-formula-map""}"
1.1.0,formula,O007-FREMLIN-V2-APP-2A3-FORMULA-0054,O007-FREMLIN-V2-APP-2A3,O007-RIGHTS-FREMLIN-DSL,O007-FREMLIN-V2-APP-2A3-SEG-2A3BD,54,2A3Bd,2A3Bd,74,73,3036,3042,3317,3323,\phi,\phi,10ce0200b450ea955833553e717821c7721818b8a95cffd7e54b46e08918b512,10ce0200b450ea955833553e717821c7721818b8a95cffd7e54b46e08918b512,10ce0200b450ea955833553e717821c7721818b8a95cffd7e54b46e08918b512,$,,10ce0200b450ea955833553e717821c7721818b8a95cffd7e54b46e08918b512,10ce0200b450ea955833553e717821c7721818b8a95cffd7e54b46e08918b512,"{""basis"":""ordered source-target formula atom"",""kind"":""source-target-formula-map""}"
1.1.0,formula,O007-FREMLIN-V2-APP-2A3-FORMULA-0055,O007-FREMLIN-V2-APP-2A3,O007-RIGHTS-FREMLIN-DSL,O007-FREMLIN-V2-APP-2A3-SEG-2A3BD,55,2A3Bd,2A3Bd,75,74,3061,3080,3352,3371,\phi_i:X\to\Bbb R,\phi_i:X\to\Bbb R,57709953d1c81a639ea8dedaaba99c83c29d0d9331273b6a3d184cb1498e9c7a,57709953d1c81a639ea8dedaaba99c83c29d0d9331273b6a3d184cb1498e9c7a,1e2549ee10ab69fe965e895d3b5f4a3a1232b1b88b279a3df62cb29de39ba240,$,,1e2549ee10ab69fe965e895d3b5f4a3a1232b1b88b279a3df62cb29de39ba240,1e2549ee10ab69fe965e895d3b5f4a3a1232b1b88b279a3df62cb29de39ba240,"{""basis"":""ordered source-target formula atom"",""kind"":""source-target-formula-map""}"
1.1.0,formula,O007-FREMLIN-V2-APP-2A3-FORMULA-0056,O007-FREMLIN-V2-APP-2A3,O007-RIGHTS-FREMLIN-DSL,O007-FREMLIN-V2-APP-2A3-SEG-2A3BD,56,2A3Bd,2A3Bd,75,75,3104,3112,3393,3401,i\le r,i\le r,17ef4c622b72c973574bdda36eea912d4f86aaba5821cb9e28fe0c9ad2499d8d,17ef4c622b72c973574bdda36eea912d4f86aaba5821cb9e28fe0c9ad2499d8d,e38d86dce614cc03439cf94f6191ebabcdc6f3e52e315264c3f8c02355247bf7,$,,e38d86dce614cc03439cf94f6191ebabcdc6f3e52e315264c3f8c02355247bf7,e38d86dce614cc03439cf94f6191ebabcdc6f3e52e315264c3f8c02355247bf7,"{""basis"":""ordered source-target formula atom"",""kind"":""source-target-formula-map""}"
1.1.0,formula,O007-FREMLIN-V2-APP-2A3-FORMULA-0057,O007-FREMLIN-V2-APP-2A3,O007-RIGHTS-FREMLIN-DSL,O007-FREMLIN-V2-APP-2A3-SEG-2A3BD,57,2A3Bd,2A3Bd,76,75,3120,3158,3410,3448,"\phi(x)=(\phi_1(x),\ldots,\phi_r(x))","\phi(x)=(\phi_1(x),\ldots,\phi_r(x))",015d257913f6f2f3e99b2c331f63f75c4a9fb6bd9f88a65903fd10290f8d1718,015d257913f6f2f3e99b2c331f63f75c4a9fb6bd9f88a65903fd10290f8d1718,015d257913f6f2f3e99b2c331f63f75c4a9fb6bd9f88a65903fd10290f8d1718,$,,015d257913f6f2f3e99b2c331f63f75c4a9fb6bd9f88a65903fd10290f8d1718,015d257913f6f2f3e99b2c331f63f75c4a9fb6bd9f88a65903fd10290f8d1718,"{""basis"":""ordered source-target formula atom"",""kind"":""source-target-formula-map""}"
1.1.0,formula,O007-FREMLIN-V2-APP-2A3-FORMULA-0058,O007-FREMLIN-V2-APP-2A3,O007-RIGHTS-FREMLIN-DSL,O007-FREMLIN-V2-APP-2A3-SEG-2A3BD,58,2A3Bd,2A3Bd,76,76,3168,3176,3462,3470,x\in X,x\in X,d9448dfd3954dd39c12d483afd23d561b1b7d735af5f430b5dc457e6fa9ef99b,d9448dfd3954dd39c12d483afd23d561b1b7d735af5f430b5dc457e6fa9ef99b,858979f0c33c5f45e30780b82e2fa00184311296fbb7ef6bf3f4a6007c9b9cb1,$,,858979f0c33c5f45e30780b82e2fa00184311296fbb7ef6bf3f4a6007c9b9cb1,858979f0c33c5f45e30780b82e2fa00184311296fbb7ef6bf3f4a6007c9b9cb1,"{""basis"":""ordered source-target formula atom"",""kind"":""source-target-formula-map""}"
1.1.0,formula,O007-FREMLIN-V2-APP-2A3-FORMULA-0059,O007-FREMLIN-V2-APP-2A3,O007-RIGHTS-FREMLIN-DSL,O007-FREMLIN-V2-APP-2A3-SEG-2A3BD,59,2A3Bd,2A3Bd,77,77,3217,3223,3507,3513,\phi,\phi,10ce0200b450ea955833553e717821c7721818b8a95cffd7e54b46e08918b512,10ce0200b450ea955833553e717821c7721818b8a95cffd7e54b46e08918b512,10ce0200b450ea955833553e717821c7721818b8a95cffd7e54b46e08918b512,$,,10ce0200b450ea955833553e717821c7721818b8a95cffd7e54b46e08918b512,10ce0200b450ea955833553e717821c7721818b8a95cffd7e54b46e08918b512,"{""basis"":""ordered source-target formula atom"",""kind"":""source-target-formula-map""}"
1.1.0,formula,O007-FREMLIN-V2-APP-2A3-FORMULA-0060,O007-FREMLIN-V2-APP-2A3,O007-RIGHTS-FREMLIN-DSL,O007-FREMLIN-V2-APP-2A3-SEG-2A3BD,60,2A3Bd,2A3Bd,77,77,3245,3253,3531,3539,"i\le
r","i\le
r",2ca74e01ee08d2ef319a1518cde385f98dd0f70c4ad2b594fb93808be8dba98d,2ca74e01ee08d2ef319a1518cde385f98dd0f70c4ad2b594fb93808be8dba98d,e38d86dce614cc03439cf94f6191ebabcdc6f3e52e315264c3f8c02355247bf7,$,,e38d86dce614cc03439cf94f6191ebabcdc6f3e52e315264c3f8c02355247bf7,e38d86dce614cc03439cf94f6191ebabcdc6f3e52e315264c3f8c02355247bf7,"{""basis"":""ordered source-target formula atom"",""kind"":""source-target-formula-map""}"
1.1.0,formula,O007-FREMLIN-V2-APP-2A3-FORMULA-0061,O007-FREMLIN-V2-APP-2A3,O007-RIGHTS-FREMLIN-DSL,O007-FREMLIN-V2-APP-2A3-SEG-2A3BD,61,2A3Bd,2A3Bd,78,78,3255,3291,3541,3577,"y=(\eta_1,\ldots,\eta_r)\in\BbbR^r","y=(\eta_1,\ldots,\eta_r)\in\BbbR^r",d4713849122bccf9bdc91c49fd0f85571645adaf147a2fb571765304bb57b4eb,d4713849122bccf9bdc91c49fd0f85571645adaf147a2fb571765304bb57b4eb,d4713849122bccf9bdc91c49fd0f85571645adaf147a2fb571765304bb57b4eb,$,,d4713849122bccf9bdc91c49fd0f85571645adaf147a2fb571765304bb57b4eb,d4713849122bccf9bdc91c49fd0f85571645adaf147a2fb571765304bb57b4eb,"{""basis"":""ordered source-target formula atom"",""kind"":""source-target-formula-map""}"
1.1.0,formula,O007-FREMLIN-V2-APP-2A3-FORMULA-0062,O007-FREMLIN-V2-APP-2A3,O007-RIGHTS-FREMLIN-DSL,O007-FREMLIN-V2-APP-2A3-SEG-2A3BD,62,2A3Bd,2A3Bd,78,79,3297,3314,3588,3605,\pi_i(y)=\eta_i,\pi_i(y)=\eta_i,e8b773564bed6613e42dac9d830f7ed6bdda504cd35e2c6cb56b59e60c4dc0a0,e8b773564bed6613e42dac9d830f7ed6bdda504cd35e2c6cb56b59e60c4dc0a0,e8b773564bed6613e42dac9d830f7ed6bdda504cd35e2c6cb56b59e60c4dc0a0,$,,e8b773564bed6613e42dac9d830f7ed6bdda504cd35e2c6cb56b59e60c4dc0a0,e8b773564bed6613e42dac9d830f7ed6bdda504cd35e2c6cb56b59e60c4dc0a0,"{""basis"":""ordered source-target formula atom"",""kind"":""source-target-formula-map""}"
1.1.0,formula,O007-FREMLIN-V2-APP-2A3-FORMULA-0063,O007-FREMLIN-V2-APP-2A3,O007-RIGHTS-FREMLIN-DSL,O007-FREMLIN-V2-APP-2A3-SEG-2A3BD,63,2A3Bd,2A3Bd,79,80,3323,3354,3612,3643,|\pi_i(y)-\pi_i(z)|\le\|y-z\|,|\pi_i(y)-\pi_i(z)|\le\|y-z\|,b13a5d7a58656a0497a028c20ea6a8f10a3229e1f999cbb434a07ff235efba75,b13a5d7a58656a0497a028c20ea6a8f10a3229e1f999cbb434a07ff235efba75,b13a5d7a58656a0497a028c20ea6a8f10a3229e1f999cbb434a07ff235efba75,$,,b13a5d7a58656a0497a028c20ea6a8f10a3229e1f999cbb434a07ff235efba75,b13a5d7a58656a0497a028c20ea6a8f10a3229e1f999cbb434a07ff235efba75,"{""basis"":""ordered source-target formula atom"",""kind"":""source-target-formula-map""}"
1.1.0,formula,O007-FREMLIN-V2-APP-2A3-FORMULA-0064,O007-FREMLIN-V2-APP-2A3,O007-RIGHTS-FREMLIN-DSL,O007-FREMLIN-V2-APP-2A3-SEG-2A3BD,64,2A3Bd,2A3Bd,79,80,3363,3366,3656,3659,y,y,a1fce4363854ff888cff4b8e7875d600c2682390412a8cf79b37d0b11148b0fa,a1fce4363854ff888cff4b8e7875d600c2682390412a8cf79b37d0b11148b0fa,a1fce4363854ff888cff4b8e7875d600c2682390412a8cf79b37d0b11148b0fa,$,,a1fce4363854ff888cff4b8e7875d600c2682390412a8cf79b37d0b11148b0fa,a1fce4363854ff888cff4b8e7875d600c2682390412a8cf79b37d0b11148b0fa,"{""basis"":""ordered source-target formula atom"",""kind"":""source-target-formula-map""}"
1.1.0,formula,O007-FREMLIN-V2-APP-2A3-FORMULA-0065,O007-FREMLIN-V2-APP-2A3,O007-RIGHTS-FREMLIN-DSL,O007-FREMLIN-V2-APP-2A3-SEG-2A3BD,65,2A3Bd,2A3Bd,79,80,3368,3381,3661,3674,z\in\BbbR^r,z\in\BbbR^r,0b03c848504cb8d4519d7d3ad8866189dab6e5c70bc41cc321c6f0d0c1986f26,0b03c848504cb8d4519d7d3ad8866189dab6e5c70bc41cc321c6f0d0c1986f26,0b03c848504cb8d4519d7d3ad8866189dab6e5c70bc41cc321c6f0d0c1986f26,$,,0b03c848504cb8d4519d7d3ad8866189dab6e5c70bc41cc321c6f0d0c1986f26,0b03c848504cb8d4519d7d3ad8866189dab6e5c70bc41cc321c6f0d0c1986f26,"{""basis"":""ordered source-target formula atom"",""kind"":""source-target-formula-map""}"
1.1.0,formula,O007-FREMLIN-V2-APP-2A3-FORMULA-0066,O007-FREMLIN-V2-APP-2A3,O007-RIGHTS-FREMLIN-DSL,O007-FREMLIN-V2-APP-2A3-SEG-2A3BD,66,2A3Bd,2A3Bd,80,81,3385,3409,3684,3708,\pi_i:\BbbR^r\to\Bbb R,\pi_i:\BbbR^r\to\Bbb R,73a6feb989383acc06fee9ff67ccdd97545bf76b3511995fddf8d2a7c3c4c94b,73a6feb989383acc06fee9ff67ccdd97545bf76b3511995fddf8d2a7c3c4c94b,3711335142a51d5d65c027d89bea68cabb93edd974f37d887242d262de59589c,$,,3711335142a51d5d65c027d89bea68cabb93edd974f37d887242d262de59589c,3711335142a51d5d65c027d89bea68cabb93edd974f37d887242d262de59589c,"{""basis"":""ordered source-target formula atom"",""kind"":""source-target-formula-map""}"
1.1.0,formula,O007-FREMLIN-V2-APP-2A3-FORMULA-0067,O007-FREMLIN-V2-APP-2A3,O007-RIGHTS-FREMLIN-DSL,O007-FREMLIN-V2-APP-2A3-SEG-2A3BD,67,2A3Bd,2A3Bd,81,82,3440,3458,3728,3746,\phi_i=\pi_i\phi,\phi_i=\pi_i\phi,9d7f78d0f24c969901737833f02182e6c0fa9ab0f273f9ee0184c1c0f76cb8e0,9d7f78d0f24c969901737833f02182e6c0fa9ab0f273f9ee0184c1c0f76cb8e0,9d7f78d0f24c969901737833f02182e6c0fa9ab0f273f9ee0184c1c0f76cb8e0,$,,9d7f78d0f24c969901737833f02182e6c0fa9ab0f273f9ee0184c1c0f76cb8e0,9d7f78d0f24c969901737833f02182e6c0fa9ab0f273f9ee0184c1c0f76cb8e0,"{""basis"":""ordered source-target formula atom"",""kind"":""source-target-formula-map""}"
1.1.0,formula,O007-FREMLIN-V2-APP-2A3-FORMULA-0068,O007-FREMLIN-V2-APP-2A3,O007-RIGHTS-FREMLIN-DSL,O007-FREMLIN-V2-APP-2A3-SEG-2A3BD,68,2A3Bd,2A3Bd,82,83,3520,3528,3803,3811,\phi_i,\phi_i,f1d6855a081559259d2acaebaada3a01cd0ce444a2e41e7dac4c1d01379fec03,f1d6855a081559259d2acaebaada3a01cd0ce444a2e41e7dac4c1d01379fec03,f1d6855a081559259d2acaebaada3a01cd0ce444a2e41e7dac4c1d01379fec03,$,,f1d6855a081559259d2acaebaada3a01cd0ce444a2e41e7dac4c1d01379fec03,f1d6855a081559259d2acaebaada3a01cd0ce444a2e41e7dac4c1d01379fec03,"{""basis"":""ordered source-target formula atom"",""kind"":""source-target-formula-map""}"
1.1.0,formula,O007-FREMLIN-V2-APP-2A3-FORMULA-0069,O007-FREMLIN-V2-APP-2A3,O007-RIGHTS-FREMLIN-DSL,O007-FREMLIN-V2-APP-2A3-SEG-2A3BD,69,2A3Bd,2A3Bd,83,84,3553,3572,3825,3844,H\subseteq\BbbR^r,H\subseteq\BbbR^r,dce518abd206c6269aa33022eb4860265b8c06665ea680b85b95862d92bdd38e,dce518abd206c6269aa33022eb4860265b8c06665ea680b85b95862d92bdd38e,dce518abd206c6269aa33022eb4860265b8c06665ea680b85b95862d92bdd38e,$,,dce518abd206c6269aa33022eb4860265b8c06665ea680b85b95862d92bdd38e,dce518abd206c6269aa33022eb4860265b8c06665ea680b85b95862d92bdd38e,"{""basis"":""ordered source-target formula atom"",""kind"":""source-target-formula-map""}"
1.1.0,formula,O007-FREMLIN-V2-APP-2A3-FORMULA-0070,O007-FREMLIN-V2-APP-2A3,O007-RIGHTS-FREMLIN-DSL,O007-FREMLIN-V2-APP-2A3-SEG-2A3BD,70,2A3Bd,2A3Bd,85,86,3601,3627,3876,3902,"\Cal G
=\{G:G\subseteq X","\Cal G
=\{G:G\subseteq X",36d31bf4239b129dfe2da9065c8fd1a1a53b3a7e4ab93c5fe72e7153a66b1dc6,36d31bf4239b129dfe2da9065c8fd1a1a53b3a7e4ab93c5fe72e7153a66b1dc6,bc37ff27ff1290b478009606db7b9955fab2e18c75da312273b7e3b7ad084d36,$,,bc37ff27ff1290b478009606db7b9955fab2e18c75da312273b7e3b7ad084d36,bc37ff27ff1290b478009606db7b9955fab2e18c75da312273b7e3b7ad084d36,"{""basis"":""ordered source-target formula atom"",""kind"":""source-target-formula-map""}"
1.1.0,formula,O007-FREMLIN-V2-APP-2A3-FORMULA-0071,O007-FREMLIN-V2-APP-2A3,O007-RIGHTS-FREMLIN-DSL,O007-FREMLIN-V2-APP-2A3-SEG-2A3BD,71,2A3Bd,2A3Bd,86,87,3637,3663,3912,3938,G\subseteq\phi^{-1}[H]\},G\subseteq\phi^{-1}[H]\},07d701e8d203e842e2d8fac082bfc3a6706ede5df5922c98f170952f6f08c3ed,07d701e8d203e842e2d8fac082bfc3a6706ede5df5922c98f170952f6f08c3ed,07d701e8d203e842e2d8fac082bfc3a6706ede5df5922c98f170952f6f08c3ed,$,,07d701e8d203e842e2d8fac082bfc3a6706ede5df5922c98f170952f6f08c3ed,07d701e8d203e842e2d8fac082bfc3a6706ede5df5922c98f170952f6f08c3ed,"{""basis"":""ordered source-target formula atom"",""kind"":""source-target-formula-map""}"
1.1.0,formula,O007-FREMLIN-V2-APP-2A3-FORMULA-0072,O007-FREMLIN-V2-APP-2A3,O007-RIGHTS-FREMLIN-DSL,O007-FREMLIN-V2-APP-2A3-SEG-2A3BD,72,2A3Bd,2A3Bd,88,89,3682,3701,3957,3976,G_0=\bigcup\Cal G,G_0=\bigcup\Cal G,c5675b08137d8c40cd18ca43fd947aa9157a54a0151cf1996089fdc7fb20275c,c5675b08137d8c40cd18ca43fd947aa9157a54a0151cf1996089fdc7fb20275c,6fc45cbbc55c0d684184407ec85a830cbca741f708949f300f946952c148d41a,$,,6fc45cbbc55c0d684184407ec85a830cbca741f708949f300f946952c148d41a,6fc45cbbc55c0d684184407ec85a830cbca741f708949f300f946952c148d41a,"{""basis"":""ordered source-target formula atom"",""kind"":""source-target-formula-map""}"
1.1.0,formula,O007-FREMLIN-V2-APP-2A3-FORMULA-0073,O007-FREMLIN-V2-APP-2A3,O007-RIGHTS-FREMLIN-DSL,O007-FREMLIN-V2-APP-2A3-SEG-2A3BD,73,2A3Bd,2A3Bd,89,90,3715,3742,3990,4017,G_0\subseteq \phi^{-1}[H],G_0\subseteq \phi^{-1}[H],ec1a4e2913258ff7f35122ec53e36e5f53eb2f42d97dbcf30303f722fce88013,ec1a4e2913258ff7f35122ec53e36e5f53eb2f42d97dbcf30303f722fce88013,3e585736406571174d42767fa3c50a883963a660d4b8d4278af161fa67b6ac0d,$,,3e585736406571174d42767fa3c50a883963a660d4b8d4278af161fa67b6ac0d,3e585736406571174d42767fa3c50a883963a660d4b8d4278af161fa67b6ac0d,"{""basis"":""ordered source-target formula atom"",""kind"":""source-target-formula-map""}"
1.1.0,formula,O007-FREMLIN-V2-APP-2A3-FORMULA-0074,O007-FREMLIN-V2-APP-2A3,O007-RIGHTS-FREMLIN-DSL,O007-FREMLIN-V2-APP-2A3-SEG-2A3BD,74,2A3Bd,2A3Bd,89,90,3763,3768,4035,4040,x_0,x_0,3078a09641b0267f8091e87ae2583e018b47d1319aa9350c4fe5149367520551,3078a09641b0267f8091e87ae2583e018b47d1319aa9350c4fe5149367520551,3078a09641b0267f8091e87ae2583e018b47d1319aa9350c4fe5149367520551,$,,3078a09641b0267f8091e87ae2583e018b47d1319aa9350c4fe5149367520551,3078a09641b0267f8091e87ae2583e018b47d1319aa9350c4fe5149367520551,"{""basis"":""ordered source-target formula atom"",""kind"":""source-target-formula-map""}"
1.1.0,formula,O007-FREMLIN-V2-APP-2A3-FORMULA-0075,O007-FREMLIN-V2-APP-2A3,O007-RIGHTS-FREMLIN-DSL,O007-FREMLIN-V2-APP-2A3-SEG-2A3BD,75,2A3Bd,2A3Bd,90,91,3785,3799,4062,4076,\phi^{-1}[H],\phi^{-1}[H],6683c695099b5f170838c1a745c26d9f18138ca81762d6838fca919c8015003a,6683c695099b5f170838c1a745c26d9f18138ca81762d6838fca919c8015003a,6683c695099b5f170838c1a745c26d9f18138ca81762d6838fca919c8015003a,$,,6683c695099b5f170838c1a745c26d9f18138ca81762d6838fca919c8015003a,6683c695099b5f170838c1a745c26d9f18138ca81762d6838fca919c8015003a,"{""basis"":""ordered source-target formula atom"",""kind"":""source-target-formula-map""}"
1.1.0,formula,O007-FREMLIN-V2-APP-2A3-FORMULA-0076,O007-FREMLIN-V2-APP-2A3,O007-RIGHTS-FREMLIN-DSL,O007-FREMLIN-V2-APP-2A3-SEG-2A3BD,76,2A3Bd,2A3Bd,90,91,3819,3829,4082,4092,\delta>0,\delta>0,28c5f4f559bc00a49055a369c53d2382bf799ab5fa662c1b53944e9762606ec9,28c5f4f559bc00a49055a369c53d2382bf799ab5fa662c1b53944e9762606ec9,28c5f4f559bc00a49055a369c53d2382bf799ab5fa662c1b53944e9762606ec9,$,,28c5f4f559bc00a49055a369c53d2382bf799ab5fa662c1b53944e9762606ec9,28c5f4f559bc00a49055a369c53d2382bf799ab5fa662c1b53944e9762606ec9,"{""basis"":""ordered source-target formula atom"",""kind"":""source-target-formula-map""}"
1.1.0,formula,O007-FREMLIN-V2-APP-2A3-FORMULA-0077,O007-FREMLIN-V2-APP-2A3,O007-RIGHTS-FREMLIN-DSL,O007-FREMLIN-V2-APP-2A3-SEG-2A3BD,77,2A3Bd,2A3Bd,91,92,3840,3872,4113,4145,"U(\phi(x_0),\delta)\subseteq H","U(\phi(x_0),\delta)\subseteq H",0268a8014c21af116c7d9a7440d62a3f5748b0c8fa8afa1920de5a9dcc0f4429,0268a8014c21af116c7d9a7440d62a3f5748b0c8fa8afa1920de5a9dcc0f4429,77afdc9427451a7a9af1338d3557448fee694124a4120d87c12a9f98f9d76425,$,,77afdc9427451a7a9af1338d3557448fee694124a4120d87c12a9f98f9d76425,77afdc9427451a7a9af1338d3557448fee694124a4120d87c12a9f98f9d76425,"{""basis"":""ordered source-target formula atom"",""kind"":""source-target-formula-map""}"
1.1.0,formula,O007-FREMLIN-V2-APP-2A3-FORMULA-0078,O007-FREMLIN-V2-APP-2A3,O007-RIGHTS-FREMLIN-DSL,O007-FREMLIN-V2-APP-2A3-SEG-2A3BD,78,2A3Bd,2A3Bd,91,92,3882,3885,4154,4157,H,H,44bd7ae60f478fae1061e11a7739f4b94d1daf917982d33b6fc8a01a63f89c21,44bd7ae60f478fae1061e11a7739f4b94d1daf917982d33b6fc8a01a63f89c21,44bd7ae60f478fae1061e11a7739f4b94d1daf917982d33b6fc8a01a63f89c21,$,,44bd7ae60f478fae1061e11a7739f4b94d1daf917982d33b6fc8a01a63f89c21,44bd7ae60f478fae1061e11a7739f4b94d1daf917982d33b6fc8a01a63f89c21,"{""basis"":""ordered source-target formula atom"",""kind"":""source-target-formula-map""}"
1.1.0,formula,O007-FREMLIN-V2-APP-2A3-FORMULA-0079,O007-FREMLIN-V2-APP-2A3,O007-RIGHTS-FREMLIN-DSL,O007-FREMLIN-V2-APP-2A3-SEG-2A3BD,79,2A3Bd,2A3Bd,92,93,3907,3918,4177,4188,\phi(x_0),\phi(x_0),66fc4a7ee5b426e0e731d1a71145211a88fe19bee11d91c235aa37e17d5e6cf2,66fc4a7ee5b426e0e731d1a71145211a88fe19bee11d91c235aa37e17d5e6cf2,66fc4a7ee5b426e0e731d1a71145211a88fe19bee11d91c235aa37e17d5e6cf2,$,,66fc4a7ee5b426e0e731d1a71145211a88fe19bee11d91c235aa37e17d5e6cf2,66fc4a7ee5b426e0e731d1a71145211a88fe19bee11d91c235aa37e17d5e6cf2,"{""basis"":""ordered source-target formula atom"",""kind"":""source-target-formula-map""}"
1.1.0,formula,O007-FREMLIN-V2-APP-2A3-FORMULA-0080,O007-FREMLIN-V2-APP-2A3,O007-RIGHTS-FREMLIN-DSL,O007-FREMLIN-V2-APP-2A3-SEG-2A3BD,80,2A3Bd,2A3Bd,92,93,3926,3939,4198,4211,1\le i\le r,1\le i\le r,fb722ed4960a89786469e54c755b2a0c6b0639bb736a8df2392ba5cff2b29f87,fb722ed4960a89786469e54c755b2a0c6b0639bb736a8df2392ba5cff2b29f87,d45f6894a6050418136b97ba91a0df103ff50d53f54d302c99ddcadf8b1073b1,$,,d45f6894a6050418136b97ba91a0df103ff50d53f54d302c99ddcadf8b1073b1,d45f6894a6050418136b97ba91a0df103ff50d53f54d302c99ddcadf8b1073b1,"{""basis"":""ordered source-target formula atom"",""kind"":""source-target-formula-map""}"
1.1.0,formula,O007-FREMLIN-V2-APP-2A3-FORMULA-0081,O007-FREMLIN-V2-APP-2A3,O007-RIGHTS-FREMLIN-DSL,O007-FREMLIN-V2-APP-2A3-SEG-2A3BD,81,2A3Bd,2A3Bd,93,94,3944,4040,4217,4313,"V_i=\{x:\phi_i(x_0)-\bover{\delta}{\sqrt{r}}
<\phi_i(x)<\phi_i(x_0)+\bover{\delta}{\sqrt{r}}\}","V_i=\{x:\phi_i(x_0)-\bover{\delta}{\sqrt{r}}
<\phi_i(x)<\phi_i(x_0)+\bover{\delta}{\sqrt{r}}\}",8d861fb0f99fadd41d151de5b22ed6dc486d5c03eab13baefd61d904fc290eff,8d861fb0f99fadd41d151de5b22ed6dc486d5c03eab13baefd61d904fc290eff,3e15b74beaa4a553908fcdca1df9904f404a51d79655278699dbf39c7ac942fe,$,,3e15b74beaa4a553908fcdca1df9904f404a51d79655278699dbf39c7ac942fe,3e15b74beaa4a553908fcdca1df9904f404a51d79655278699dbf39c7ac942fe,"{""basis"":""ordered source-target formula atom"",""kind"":""source-target-formula-map""}"
1.1.0,formula,O007-FREMLIN-V2-APP-2A3-FORMULA-0082,O007-FREMLIN-V2-APP-2A3,O007-RIGHTS-FREMLIN-DSL,O007-FREMLIN-V2-APP-2A3-SEG-2A3BD,82,2A3Bd,2A3Bd,95,96,4047,4052,4320,4325,V_i,V_i,91a52a41351c928cae51b56341f024d6e08cf5ce81df40eeb01b4ee6d8904704,91a52a41351c928cae51b56341f024d6e08cf5ce81df40eeb01b4ee6d8904704,91a52a41351c928cae51b56341f024d6e08cf5ce81df40eeb01b4ee6d8904704,$,,91a52a41351c928cae51b56341f024d6e08cf5ce81df40eeb01b4ee6d8904704,91a52a41351c928cae51b56341f024d6e08cf5ce81df40eeb01b4ee6d8904704,"{""basis"":""ordered source-target formula atom"",""kind"":""source-target-formula-map""}"
1.1.0,formula,O007-FREMLIN-V2-APP-2A3-FORMULA-0083,O007-FREMLIN-V2-APP-2A3,O007-RIGHTS-FREMLIN-DSL,O007-FREMLIN-V2-APP-2A3-SEG-2A3BD,83,2A3Bd,2A3Bd,96,97,4114,4122,4394,4402,\phi_i,\phi_i,f1d6855a081559259d2acaebaada3a01cd0ce444a2e41e7dac4c1d01379fec03,f1d6855a081559259d2acaebaada3a01cd0ce444a2e41e7dac4c1d01379fec03,f1d6855a081559259d2acaebaada3a01cd0ce444a2e41e7dac4c1d01379fec03,$,,f1d6855a081559259d2acaebaada3a01cd0ce444a2e41e7dac4c1d01379fec03,f1d6855a081559259d2acaebaada3a01cd0ce444a2e41e7dac4c1d01379fec03,"{""basis"":""ordered source-target formula atom"",""kind"":""source-target-formula-map""}"
1.1.0,formula,O007-FREMLIN-V2-APP-2A3-FORMULA-0084,O007-FREMLIN-V2-APP-2A3,O007-RIGHTS-FREMLIN-DSL,O007-FREMLIN-V2-APP-2A3-SEG-2A3BD,84,2A3Bd,2A3Bd,96,97,4142,4165,4431,4454,G=\bigcap_{i\le r}V_i,G=\bigcap_{i\le r}V_i,b3242e41740fb92af688a4681037be0ab186bfa2c083413cbd8114cc0602b97f,b3242e41740fb92af688a4681037be0ab186bfa2c083413cbd8114cc0602b97f,930247172cf3e9c66c7b2b837b9475a9dc449d29c4526a815de1da70b30f6f80,$,,930247172cf3e9c66c7b2b837b9475a9dc449d29c4526a815de1da70b30f6f80,930247172cf3e9c66c7b2b837b9475a9dc449d29c4526a815de1da70b30f6f80,"{""basis"":""ordered source-target formula atom"",""kind"":""source-target-formula-map""}"
1.1.0,formula,O007-FREMLIN-V2-APP-2A3-FORMULA-0085,O007-FREMLIN-V2-APP-2A3,O007-RIGHTS-FREMLIN-DSL,O007-FREMLIN-V2-APP-2A3-SEG-2A3BD,85,2A3Bd,2A3Bd,96,97,4175,4178,4461,4464,G,G,333e0a1e27815d0ceee55c473fe3dc93d56c63e3bee2b3b4aee8eed6d70191a3,333e0a1e27815d0ceee55c473fe3dc93d56c63e3bee2b3b4aee8eed6d70191a3,333e0a1e27815d0ceee55c473fe3dc93d56c63e3bee2b3b4aee8eed6d70191a3,$,,333e0a1e27815d0ceee55c473fe3dc93d56c63e3bee2b3b4aee8eed6d70191a3,333e0a1e27815d0ceee55c473fe3dc93d56c63e3bee2b3b4aee8eed6d70191a3,"{""basis"":""ordered source-target formula atom"",""kind"":""source-target-formula-map""}"
1.1.0,formula,O007-FREMLIN-V2-APP-2A3-FORMULA-0086,O007-FREMLIN-V2-APP-2A3,O007-RIGHTS-FREMLIN-DSL,O007-FREMLIN-V2-APP-2A3-SEG-2A3BD,86,2A3Bd,2A3Bd,97,98,4224,4234,4513,4523,x_0\in G,x_0\in G,423a31e153319e2738cd70c0bc751d25dc7f7d94056871b3e9ecd9573adb2751,423a31e153319e2738cd70c0bc751d25dc7f7d94056871b3e9ecd9573adb2751,a2dcce04a01c451a1d40ef96793cb9b8f85a6ebec85c1efbf0e79dc0e07dde20,$,,a2dcce04a01c451a1d40ef96793cb9b8f85a6ebec85c1efbf0e79dc0e07dde20,a2dcce04a01c451a1d40ef96793cb9b8f85a6ebec85c1efbf0e79dc0e07dde20,"{""basis"":""ordered source-target formula atom"",""kind"":""source-target-formula-map""}"
1.1.0,formula,O007-FREMLIN-V2-APP-2A3-FORMULA-0087,O007-FREMLIN-V2-APP-2A3,O007-RIGHTS-FREMLIN-DSL,O007-FREMLIN-V2-APP-2A3-SEG-2A3BD,87,2A3Bd,2A3Bd,98,99,4240,4269,4529,4559,\|\phi(x)-\phi(x_0\|<\delta,\|\phi(x)-\phi(x_0)\|<\delta,dc5d657f961f84856372df9fa3dc1458b289d809baac74770f08368521d656f3,d0b8f8ad9c4cf9ea1c1d7020e4611a2f7aa6e4d1c7e315cd6511a148bd35202c,d0b8f8ad9c4cf9ea1c1d7020e4611a2f7aa6e4d1c7e315cd6511a148bd35202c,$,"[""O007-CORR-0376""]",dc5d657f961f84856372df9fa3dc1458b289d809baac74770f08368521d656f3,d0b8f8ad9c4cf9ea1c1d7020e4611a2f7aa6e4d1c7e315cd6511a148bd35202c,"{""basis"":""ordered formula atom; correction bound by receipt exception union"",""kind"":""source-target-formula-map""}"
1.1.0,formula,O007-FREMLIN-V2-APP-2A3-FORMULA-0088,O007-FREMLIN-V2-APP-2A3,O007-RIGHTS-FREMLIN-DSL,O007-FREMLIN-V2-APP-2A3-SEG-2A3BD,88,2A3Bd,2A3Bd,98,99,4280,4288,4573,4581,x\in G,x\in G,3faccb525a29c5c66379ad205d954d7822aa6ecb75b815bd94d489678ce6aa50,3faccb525a29c5c66379ad205d954d7822aa6ecb75b815bd94d489678ce6aa50,f890bd8a169841a8e4c425e62d012427d5ad44ba0a41eee342be8094ad1fd32f,$,,f890bd8a169841a8e4c425e62d012427d5ad44ba0a41eee342be8094ad1fd32f,f890bd8a169841a8e4c425e62d012427d5ad44ba0a41eee342be8094ad1fd32f,"{""basis"":""ordered source-target formula atom"",""kind"":""source-target-formula-map""}"
1.1.0,formula,O007-FREMLIN-V2-APP-2A3-FORMULA-0089,O007-FREMLIN-V2-APP-2A3,O007-RIGHTS-FREMLIN-DSL,O007-FREMLIN-V2-APP-2A3-SEG-2A3BD,89,2A3Bd,2A3Bd,99,100,4293,4317,4592,4616,G\subseteq\phi^{-1}[H],G\subseteq\phi^{-1}[H],78c7ebdcffa1adf2dc45524c601fdcc9843d0c237fb6a2b9c1ffc10c61abf3ce,78c7ebdcffa1adf2dc45524c601fdcc9843d0c237fb6a2b9c1ffc10c61abf3ce,78c7ebdcffa1adf2dc45524c601fdcc9843d0c237fb6a2b9c1ffc10c61abf3ce,$,,78c7ebdcffa1adf2dc45524c601fdcc9843d0c237fb6a2b9c1ffc10c61abf3ce,78c7ebdcffa1adf2dc45524c601fdcc9843d0c237fb6a2b9c1ffc10c61abf3ce,"{""basis"":""ordered source-target formula atom"",""kind"":""source-target-formula-map""}"
1.1.0,formula,O007-FREMLIN-V2-APP-2A3-FORMULA-0090,O007-FREMLIN-V2-APP-2A3,O007-RIGHTS-FREMLIN-DSL,O007-FREMLIN-V2-APP-2A3-SEG-2A3BD,90,2A3Bd,2A3Bd,99,100,4319,4331,4618,4630,G\in\Cal G,G\in\Cal G,c5dae8a4230c5d15e237e3b2d350f2a21c3d1aa979865019da9c5e122559fa95,c5dae8a4230c5d15e237e3b2d350f2a21c3d1aa979865019da9c5e122559fa95,76d1246043873da263fd79ebfd39b29cad50e366c1d4bcc3e40c70b9436a0f27,$,,76d1246043873da263fd79ebfd39b29cad50e366c1d4bcc3e40c70b9436a0f27,76d1246043873da263fd79ebfd39b29cad50e366c1d4bcc3e40c70b9436a0f27,"{""basis"":""ordered source-target formula atom"",""kind"":""source-target-formula-map""}"
1.1.0,formula,O007-FREMLIN-V2-APP-2A3-FORMULA-0091,O007-FREMLIN-V2-APP-2A3,O007-RIGHTS-FREMLIN-DSL,O007-FREMLIN-V2-APP-2A3-SEG-2A3BD,91,2A3Bd,2A3Bd,99,100,4336,4348,4635,4647,x_0\in G_0,x_0\in G_0,529ab3ec4fb9949c8ef699d6cd06a068afe0f36e0bd5bcee0788f075f52b1ded,529ab3ec4fb9949c8ef699d6cd06a068afe0f36e0bd5bcee0788f075f52b1ded,919293fef99d6b3be0c95cf23174aad3e75e7d1dc685134c17032ba25a82ea8f,$,,919293fef99d6b3be0c95cf23174aad3e75e7d1dc685134c17032ba25a82ea8f,919293fef99d6b3be0c95cf23174aad3e75e7d1dc685134c17032ba25a82ea8f,"{""basis"":""ordered source-target formula atom"",""kind"":""source-target-formula-map""}"
1.1.0,formula,O007-FREMLIN-V2-APP-2A3-FORMULA-0092,O007-FREMLIN-V2-APP-2A3,O007-RIGHTS-FREMLIN-DSL,O007-FREMLIN-V2-APP-2A3-SEG-2A3BD,92,2A3Bd,2A3Bd,100,101,4368,4386,4671,4689,\phi^{-1}[H]=G_0,\phi^{-1}[H]=G_0,82404db7203c3325fd52fac0b36c72f2f4e32433070951c16dc29241fc621b74,82404db7203c3325fd52fac0b36c72f2f4e32433070951c16dc29241fc621b74,82404db7203c3325fd52fac0b36c72f2f4e32433070951c16dc29241fc621b74,$,,82404db7203c3325fd52fac0b36c72f2f4e32433070951c16dc29241fc621b74,82404db7203c3325fd52fac0b36c72f2f4e32433070951c16dc29241fc621b74,"{""basis"":""ordered source-target formula atom"",""kind"":""source-target-formula-map""}"
1.1.0,formula,O007-FREMLIN-V2-APP-2A3-FORMULA-0093,O007-FREMLIN-V2-APP-2A3,O007-RIGHTS-FREMLIN-DSL,O007-FREMLIN-V2-APP-2A3-SEG-2A3BD,93,2A3Bd,2A3Bd,100,101,4401,4404,4706,4709,H,H,44bd7ae60f478fae1061e11a7739f4b94d1daf917982d33b6fc8a01a63f89c21,44bd7ae60f478fae1061e11a7739f4b94d1daf917982d33b6fc8a01a63f89c21,44bd7ae60f478fae1061e11a7739f4b94d1daf917982d33b6fc8a01a63f89c21,$,,44bd7ae60f478fae1061e11a7739f4b94d1daf917982d33b6fc8a01a63f89c21,44bd7ae60f478fae1061e11a7739f4b94d1daf917982d33b6fc8a01a63f89c21,"{""basis"":""ordered source-target formula atom"",""kind"":""source-target-formula-map""}"
1.1.0,formula,O007-FREMLIN-V2-APP-2A3-FORMULA-0094,O007-FREMLIN-V2-APP-2A3,O007-RIGHTS-FREMLIN-DSL,O007-FREMLIN-V2-APP-2A3-SEG-2A3BD,94,2A3Bd,2A3Bd,100,102,4419,4425,4720,4726,\phi,\phi,10ce0200b450ea955833553e717821c7721818b8a95cffd7e54b46e08918b512,10ce0200b450ea955833553e717821c7721818b8a95cffd7e54b46e08918b512,10ce0200b450ea955833553e717821c7721818b8a95cffd7e54b46e08918b512,$,,10ce0200b450ea955833553e717821c7721818b8a95cffd7e54b46e08918b512,10ce0200b450ea955833553e717821c7721818b8a95cffd7e54b46e08918b512,"{""basis"":""ordered source-target formula atom"",""kind"":""source-target-formula-map""}"
1.1.0,formula,O007-FREMLIN-V2-APP-2A3-FORMULA-0095,O007-FREMLIN-V2-APP-2A3,O007-RIGHTS-FREMLIN-DSL,O007-FREMLIN-V2-APP-2A3-SEG-2A3BE,95,2A3Be,2A3Be,103,104,4468,4481,4765,4778,"(X,\frak T)","(X,\frak T)",e61a78818f95155816c51558053b207746d21d984f7d96e50144d5c403fa9916,e61a78818f95155816c51558053b207746d21d984f7d96e50144d5c403fa9916,cafba6d9a47dfea2abf87370a28228acfbc03058933dce9166c4573d1628cd2c,$,,cafba6d9a47dfea2abf87370a28228acfbc03058933dce9166c4573d1628cd2c,cafba6d9a47dfea2abf87370a28228acfbc03058933dce9166c4573d1628cd2c,"{""basis"":""ordered source-target formula atom"",""kind"":""source-target-formula-map""}"
1.1.0,formula,O007-FREMLIN-V2-APP-2A3-FORMULA-0096,O007-FREMLIN-V2-APP-2A3,O007-RIGHTS-FREMLIN-DSL,O007-FREMLIN-V2-APP-2A3-SEG-2A3BE,96,2A3Be,2A3Be,104,105,4506,4522,4803,4819,"f_1,\ldots,f_r","f_1,\ldots,f_r",bf50f79aed4bf87c4485e5637b4895e96bfecbef8cb04d914d194da28f467f2b,bf50f79aed4bf87c4485e5637b4895e96bfecbef8cb04d914d194da28f467f2b,bf50f79aed4bf87c4485e5637b4895e96bfecbef8cb04d914d194da28f467f2b,$,,bf50f79aed4bf87c4485e5637b4895e96bfecbef8cb04d914d194da28f467f2b,bf50f79aed4bf87c4485e5637b4895e96bfecbef8cb04d914d194da28f467f2b,"{""basis"":""ordered source-target formula atom"",""kind"":""source-target-formula-map""}"
1.1.0,formula,O007-FREMLIN-V2-APP-2A3-FORMULA-0097,O007-FREMLIN-V2-APP-2A3,O007-RIGHTS-FREMLIN-DSL,O007-FREMLIN-V2-APP-2A3-SEG-2A3BE,97,2A3Be,2A3Be,104,105,4553,4556,4847,4850,X,X,4b68ab3847feda7d6c62c1fbcbeebfa35eab7351ed5e78f4ddadea5df64b8015,4b68ab3847feda7d6c62c1fbcbeebfa35eab7351ed5e78f4ddadea5df64b8015,4b68ab3847feda7d6c62c1fbcbeebfa35eab7351ed5e78f4ddadea5df64b8015,$,,4b68ab3847feda7d6c62c1fbcbeebfa35eab7351ed5e78f4ddadea5df64b8015,4b68ab3847feda7d6c62c1fbcbeebfa35eab7351ed5e78f4ddadea5df64b8015,"{""basis"":""ordered source-target formula atom"",""kind"":""source-target-formula-map""}"
1.1.0,formula,O007-FREMLIN-V2-APP-2A3-FORMULA-0098,O007-FREMLIN-V2-APP-2A3,O007-RIGHTS-FREMLIN-DSL,O007-FREMLIN-V2-APP-2A3-SEG-2A3BE,98,2A3Be,2A3Be,104,105,4560,4568,4854,4862,\Bbb R,\Bbb R,f9d62b077eddf72778fc05527c5aa4d2352f16a46a94808294fdc2cb7e406580,f9d62b077eddf72778fc05527c5aa4d2352f16a46a94808294fdc2cb7e406580,22316cdc991b42844c0fcdb72f227b6d4c0e8457a736e325af2845b7b3df7f6c,$,,22316cdc991b42844c0fcdb72f227b6d4c0e8457a736e325af2845b7b3df7f6c,22316cdc991b42844c0fcdb72f227b6d4c0e8457a736e325af2845b7b3df7f6c,"{""basis"":""ordered source-target formula atom"",""kind"":""source-target-formula-map""}"
1.1.0,formula,O007-FREMLIN-V2-APP-2A3-FORMULA-0099,O007-FREMLIN-V2-APP-2A3,O007-RIGHTS-FREMLIN-DSL,O007-FREMLIN-V2-APP-2A3-SEG-2A3BE,99,2A3Be,2A3Be,105,106,4574,4594,4868,4888,h:\BbbR^r\to\Bbb R,h:\BbbR^r\to\Bbb R,cd82693eda2a76baffb914cd739ac7da967827dac1ac0e68ad1ce3baaf2953a5,cd82693eda2a76baffb914cd739ac7da967827dac1ac0e68ad1ce3baaf2953a5,098958447d1859a31ca810ca7a7b919eb2012cd62bb975a4f22010f455245fda,$,,098958447d1859a31ca810ca7a7b919eb2012cd62bb975a4f22010f455245fda,098958447d1859a31ca810ca7a7b919eb2012cd62bb975a4f22010f455245fda,"{""basis"":""ordered source-target formula atom"",""kind"":""source-target-formula-map""}"
1.1.0,formula,O007-FREMLIN-V2-APP-2A3-FORMULA-0100,O007-FREMLIN-V2-APP-2A3,O007-RIGHTS-FREMLIN-DSL,O007-FREMLIN-V2-APP-2A3-SEG-2A3BE,100,2A3Be,2A3Be,105,106,4615,4645,4903,4933,"h(f_1,\ldots,f_r):X\to\Bbb R","h(f_1,\ldots,f_r):X\to\Bbb R",918b30982ac85617d82ed24b067ae316e6b6283541151dcbf0a12bea89cc98f6,918b30982ac85617d82ed24b067ae316e6b6283541151dcbf0a12bea89cc98f6,5e5ca0b701c52dfc272da10ad70a4f662f1f29cddfe63ae8ea78537df0d2d395,$,,5e5ca0b701c52dfc272da10ad70a4f662f1f29cddfe63ae8ea78537df0d2d395,5e5ca0b701c52dfc272da10ad70a4f662f1f29cddfe63ae8ea78537df0d2d395,"{""basis"":""ordered source-target formula atom"",""kind"":""source-target-formula-map""}"
1.1.0,formula,O007-FREMLIN-V2-APP-2A3-FORMULA-0101,O007-FREMLIN-V2-APP-2A3,O007-RIGHTS-FREMLIN-DSL,O007-FREMLIN-V2-APP-2A3-SEG-2A3BE,101,2A3Be,2A3Be,107,108,4683,4725,4968,5010,"\phi(x)=(f_1(x),\ldots,f_r(x))\in\BbbR^r","\phi(x)=(f_1(x),\ldots,f_r(x))\in\BbbR^r",5ae2d91b27d1f8c9b96a659a1ea84ddd08abde0c78495ae6987d6268930ace16,5ae2d91b27d1f8c9b96a659a1ea84ddd08abde0c78495ae6987d6268930ace16,5ae2d91b27d1f8c9b96a659a1ea84ddd08abde0c78495ae6987d6268930ace16,$,,5ae2d91b27d1f8c9b96a659a1ea84ddd08abde0c78495ae6987d6268930ace16,5ae2d91b27d1f8c9b96a659a1ea84ddd08abde0c78495ae6987d6268930ace16,"{""basis"":""ordered source-target formula atom"",""kind"":""source-target-formula-map""}"
1.1.0,formula,O007-FREMLIN-V2-APP-2A3-FORMULA-0102,O007-FREMLIN-V2-APP-2A3,O007-RIGHTS-FREMLIN-DSL,O007-FREMLIN-V2-APP-2A3-SEG-2A3BE,102,2A3Be,2A3Be,107,108,4730,4738,5017,5025,x\in X,x\in X,d9448dfd3954dd39c12d483afd23d561b1b7d735af5f430b5dc457e6fa9ef99b,d9448dfd3954dd39c12d483afd23d561b1b7d735af5f430b5dc457e6fa9ef99b,858979f0c33c5f45e30780b82e2fa00184311296fbb7ef6bf3f4a6007c9b9cb1,$,,858979f0c33c5f45e30780b82e2fa00184311296fbb7ef6bf3f4a6007c9b9cb1,858979f0c33c5f45e30780b82e2fa00184311296fbb7ef6bf3f4a6007c9b9cb1,"{""basis"":""ordered source-target formula atom"",""kind"":""source-target-formula-map""}"
1.1.0,formula,O007-FREMLIN-V2-APP-2A3-FORMULA-0103,O007-FREMLIN-V2-APP-2A3,O007-RIGHTS-FREMLIN-DSL,O007-FREMLIN-V2-APP-2A3-SEG-2A3BE,103,2A3Be,2A3Be,108,109,4750,4756,5041,5047,\phi,\phi,10ce0200b450ea955833553e717821c7721818b8a95cffd7e54b46e08918b512,10ce0200b450ea955833553e717821c7721818b8a95cffd7e54b46e08918b512,10ce0200b450ea955833553e717821c7721818b8a95cffd7e54b46e08918b512,$,,10ce0200b450ea955833553e717821c7721818b8a95cffd7e54b46e08918b512,10ce0200b450ea955833553e717821c7721818b8a95cffd7e54b46e08918b512,"{""basis"":""ordered source-target formula atom"",""kind"":""source-target-formula-map""}"
1.1.0,formula,O007-FREMLIN-V2-APP-2A3-FORMULA-0104,O007-FREMLIN-V2-APP-2A3,O007-RIGHTS-FREMLIN-DSL,O007-FREMLIN-V2-APP-2A3-SEG-2A3BE,104,2A3Be,2A3Be,108,109,4784,4809,5068,5093,"h(f_1,\ldots,f_r)=h\phi","h(f_1,\ldots,f_r)=h\phi",4bdafd03ab3b182e2417b1ca5592c576b137478477e21002ced2c99a1d724412,4bdafd03ab3b182e2417b1ca5592c576b137478477e21002ced2c99a1d724412,4bdafd03ab3b182e2417b1ca5592c576b137478477e21002ced2c99a1d724412,$,,4bdafd03ab3b182e2417b1ca5592c576b137478477e21002ced2c99a1d724412,4bdafd03ab3b182e2417b1ca5592c576b137478477e21002ced2c99a1d724412,"{""basis"":""ordered source-target formula atom"",""kind"":""source-target-formula-map""}"
1.1.0,formula,O007-FREMLIN-V2-APP-2A3-FORMULA-0105,O007-FREMLIN-V2-APP-2A3,O007-RIGHTS-FREMLIN-DSL,O007-FREMLIN-V2-APP-2A3-SEG-2A3BE,105,2A3Be,2A3Be,109,110,4849,4854,5132,5137,f+g,f+g,5588c22aee98a2e56cba21fdaa0901c3ffe549a28fc8091d865b787434f24d67,5588c22aee98a2e56cba21fdaa0901c3ffe549a28fc8091d865b787434f24d67,5588c22aee98a2e56cba21fdaa0901c3ffe549a28fc8091d865b787434f24d67,$,,5588c22aee98a2e56cba21fdaa0901c3ffe549a28fc8091d865b787434f24d67,5588c22aee98a2e56cba21fdaa0901c3ffe549a28fc8091d865b787434f24d67,"{""basis"":""ordered source-target formula atom"",""kind"":""source-target-formula-map""}"
1.1.0,formula,O007-FREMLIN-V2-APP-2A3-FORMULA-0106,O007-FREMLIN-V2-APP-2A3,O007-RIGHTS-FREMLIN-DSL,O007-FREMLIN-V2-APP-2A3-SEG-2A3BE,106,2A3Be,2A3Be,109,110,4856,4867,5139,5150,f\times g,f\times g,9e64daa7506f83561f8eb6584e1863324a9af4fabca83f51a7f8e6e9502dba0b,9e64daa7506f83561f8eb6584e1863324a9af4fabca83f51a7f8e6e9502dba0b,4a7ef69155d328f6f1b198eaf6a255e20c4f49e4ee06ac01b461d237cdb91020,$,,4a7ef69155d328f6f1b198eaf6a255e20c4f49e4ee06ac01b461d237cdb91020,4a7ef69155d328f6f1b198eaf6a255e20c4f49e4ee06ac01b461d237cdb91020,"{""basis"":""ordered source-target formula atom"",""kind"":""source-target-formula-map""}"
1.1.0,formula,O007-FREMLIN-V2-APP-2A3-FORMULA-0107,O007-FREMLIN-V2-APP-2A3,O007-RIGHTS-FREMLIN-DSL,O007-FREMLIN-V2-APP-2A3-SEG-2A3BE,107,2A3Be,2A3Be,109,110,4872,4877,5155,5160,f-g,f-g,97a042e3a93d324704ee17f57ff2bfc27348e5577595304655370309616826ae,97a042e3a93d324704ee17f57ff2bfc27348e5577595304655370309616826ae,97a042e3a93d324704ee17f57ff2bfc27348e5577595304655370309616826ae,$,,97a042e3a93d324704ee17f57ff2bfc27348e5577595304655370309616826ae,97a042e3a93d324704ee17f57ff2bfc27348e5577595304655370309616826ae,"{""basis"":""ordered source-target formula atom"",""kind"":""source-target-formula-map""}"
1.1.0,formula,O007-FREMLIN-V2-APP-2A3-FORMULA-0108,O007-FREMLIN-V2-APP-2A3,O007-RIGHTS-FREMLIN-DSL,O007-FREMLIN-V2-APP-2A3-SEG-2A3BE,108,2A3Be,2A3Be,110,111,4922,4925,5196,5199,f,f,252f10c83610ebca1a059c0bae8255eba2f95be4d1d7bcfa89d7248a82d9f111,252f10c83610ebca1a059c0bae8255eba2f95be4d1d7bcfa89d7248a82d9f111,252f10c83610ebca1a059c0bae8255eba2f95be4d1d7bcfa89d7248a82d9f111,$,,252f10c83610ebca1a059c0bae8255eba2f95be4d1d7bcfa89d7248a82d9f111,252f10c83610ebca1a059c0bae8255eba2f95be4d1d7bcfa89d7248a82d9f111,"{""basis"":""ordered source-target formula atom"",""kind"":""source-target-formula-map""}"
1.1.0,formula,O007-FREMLIN-V2-APP-2A3-FORMULA-0109,O007-FREMLIN-V2-APP-2A3,O007-RIGHTS-FREMLIN-DSL,O007-FREMLIN-V2-APP-2A3-SEG-2A3BE,109,2A3Be,2A3Be,110,111,4927,4941,5201,5215,g:X\to\Bbb R,g:X\to\Bbb R,ae67e09930dfed9786f0602088c85bffce1c1e0aaef972caff1a6a2339955493,ae67e09930dfed9786f0602088c85bffce1c1e0aaef972caff1a6a2339955493,4d26ac84228ca066440b7f110976cbabed7896bf76f2b4b46e99f81082491f9f,$,,4d26ac84228ca066440b7f110976cbabed7896bf76f2b4b46e99f81082491f9f,4d26ac84228ca066440b7f110976cbabed7896bf76f2b4b46e99f81082491f9f,"{""basis"":""ordered source-target formula atom"",""kind"":""source-target-formula-map""}"
1.1.0,formula,O007-FREMLIN-V2-APP-2A3-FORMULA-0110,O007-FREMLIN-V2-APP-2A3,O007-RIGHTS-FREMLIN-DSL,O007-FREMLIN-V2-APP-2A3-SEG-2A3BF,110,2A3Bf,2A3Bf,112,113,4963,4976,5239,5252,"(X,\frak T)","(X,\frak T)",e61a78818f95155816c51558053b207746d21d984f7d96e50144d5c403fa9916,e61a78818f95155816c51558053b207746d21d984f7d96e50144d5c403fa9916,cafba6d9a47dfea2abf87370a28228acfbc03058933dce9166c4573d1628cd2c,$,,cafba6d9a47dfea2abf87370a28228acfbc03058933dce9166c4573d1628cd2c,cafba6d9a47dfea2abf87370a28228acfbc03058933dce9166c4573d1628cd2c,"{""basis"":""ordered source-target formula atom"",""kind"":""source-target-formula-map""}"
1.1.0,formula,O007-FREMLIN-V2-APP-2A3-FORMULA-0111,O007-FREMLIN-V2-APP-2A3,O007-RIGHTS-FREMLIN-DSL,O007-FREMLIN-V2-APP-2A3-SEG-2A3BF,111,2A3Bf,2A3Bf,112,113,4981,4994,5257,5270,"(Y,\frak S)","(Y,\frak S)",24d922db39ebf7493e184d085b1af56463424b56f8fc7f4d9213b9840c6e4f9c,24d922db39ebf7493e184d085b1af56463424b56f8fc7f4d9213b9840c6e4f9c,ff360fb1373ff061931764fc324cfd9227979a40812defeedf190c9278b10559,$,,ff360fb1373ff061931764fc324cfd9227979a40812defeedf190c9278b10559,ff360fb1373ff061931764fc324cfd9227979a40812defeedf190c9278b10559,"{""basis"":""ordered source-target formula atom"",""kind"":""source-target-formula-map""}"
1.1.0,formula,O007-FREMLIN-V2-APP-2A3-FORMULA-0112,O007-FREMLIN-V2-APP-2A3,O007-RIGHTS-FREMLIN-DSL,O007-FREMLIN-V2-APP-2A3-SEG-2A3BF,112,2A3Bf,2A3Bf,113,114,5022,5035,5298,5311,\phi:X\to Y,\phi:X\to Y,13bd91bfe4efd20d71a6b34c7581ddd8571b38f73d5e0bdd9de604c7badbba99,13bd91bfe4efd20d71a6b34c7581ddd8571b38f73d5e0bdd9de604c7badbba99,ff574878676958526aeff476d34e96ebf519db9f8a28e89cc9e76db0b39b4ebc,$,,ff574878676958526aeff476d34e96ebf519db9f8a28e89cc9e76db0b39b4ebc,ff574878676958526aeff476d34e96ebf519db9f8a28e89cc9e76db0b39b4ebc,"{""basis"":""ordered source-target formula atom"",""kind"":""source-target-formula-map""}"
1.1.0,formula,O007-FREMLIN-V2-APP-2A3-FORMULA-0113,O007-FREMLIN-V2-APP-2A3,O007-RIGHTS-FREMLIN-DSL,O007-FREMLIN-V2-APP-2A3-SEG-2A3BF,113,2A3Bf,2A3Bf,113,114,5067,5081,5340,5354,\phi^{-1}[F],\phi^{-1}[F],ef8c2264e5827cf6062d49c571bb2c285d191e6959a2d3e242d2e8397e6808a0,ef8c2264e5827cf6062d49c571bb2c285d191e6959a2d3e242d2e8397e6808a0,ef8c2264e5827cf6062d49c571bb2c285d191e6959a2d3e242d2e8397e6808a0,$,,ef8c2264e5827cf6062d49c571bb2c285d191e6959a2d3e242d2e8397e6808a0,ef8c2264e5827cf6062d49c571bb2c285d191e6959a2d3e242d2e8397e6808a0,"{""basis"":""ordered source-target formula atom"",""kind"":""source-target-formula-map""}"
1.1.0,formula,O007-FREMLIN-V2-APP-2A3-FORMULA-0114,O007-FREMLIN-V2-APP-2A3,O007-RIGHTS-FREMLIN-DSL,O007-FREMLIN-V2-APP-2A3-SEG-2A3BF,114,2A3Bf,2A3Bf,114,115,5095,5098,5370,5373,X,X,4b68ab3847feda7d6c62c1fbcbeebfa35eab7351ed5e78f4ddadea5df64b8015,4b68ab3847feda7d6c62c1fbcbeebfa35eab7351ed5e78f4ddadea5df64b8015,4b68ab3847feda7d6c62c1fbcbeebfa35eab7351ed5e78f4ddadea5df64b8015,$,,4b68ab3847feda7d6c62c1fbcbeebfa35eab7351ed5e78f4ddadea5df64b8015,4b68ab3847feda7d6c62c1fbcbeebfa35eab7351ed5e78f4ddadea5df64b8015,"{""basis"":""ordered source-target formula atom"",""kind"":""source-target-formula-map""}"
1.1.0,formula,O007-FREMLIN-V2-APP-2A3-FORMULA-0115,O007-FREMLIN-V2-APP-2A3,O007-RIGHTS-FREMLIN-DSL,O007-FREMLIN-V2-APP-2A3-SEG-2A3BF,115,2A3Bf,2A3Bf,114,115,5120,5134,5405,5419,F\subseteq Y,F\subseteq Y,3d5af326b07da0f400479a9319345e85891f2e3200e3d2e07a457d9471de4d53,3d5af326b07da0f400479a9319345e85891f2e3200e3d2e07a457d9471de4d53,6744781b0a2bf445f413e779eccc74fe35ae27fd5f76477191d2e6ee08ba133f,$,,6744781b0a2bf445f413e779eccc74fe35ae27fd5f76477191d2e6ee08ba133f,6744781b0a2bf445f413e779eccc74fe35ae27fd5f76477191d2e6ee08ba133f,"{""basis"":""ordered source-target formula atom"",""kind"":""source-target-formula-map""}"
1.1.0,formula,O007-FREMLIN-V2-APP-2A3-FORMULA-0116,O007-FREMLIN-V2-APP-2A3,O007-RIGHTS-FREMLIN-DSL,O007-FREMLIN-V2-APP-2A3-SEG-2A3BF,116,2A3Bf,2A3Bf,115,117,5153,5201,5438,5486,X\setminus\phi^{-1}[F]=\phi^{-1}[Y\setminus F],X\setminus\phi^{-1}[F]=\phi^{-1}[Y\setminus F],c4d36831f1065e84f19971b27074d492c936769349e6a5ea114e656e75076f51,c4d36831f1065e84f19971b27074d492c936769349e6a5ea114e656e75076f51,09e207a2fda9e6bcfd19d64a90a68a8312e843f9586e544708b1b5683e200288,$,,09e207a2fda9e6bcfd19d64a90a68a8312e843f9586e544708b1b5683e200288,09e207a2fda9e6bcfd19d64a90a68a8312e843f9586e544708b1b5683e200288,"{""basis"":""ordered source-target formula atom"",""kind"":""source-target-formula-map""}"
1.1.0,formula,O007-FREMLIN-V2-APP-2A3-FORMULA-0117,O007-FREMLIN-V2-APP-2A3,O007-RIGHTS-FREMLIN-DSL,O007-FREMLIN-V2-APP-2A3-SEG-2A3C,117,2A3C,2A3C,118,120,5252,5265,5537,5550,"(X,\frak T)","(X,\frak T)",e61a78818f95155816c51558053b207746d21d984f7d96e50144d5c403fa9916,e61a78818f95155816c51558053b207746d21d984f7d96e50144d5c403fa9916,cafba6d9a47dfea2abf87370a28228acfbc03058933dce9166c4573d1628cd2c,$,,cafba6d9a47dfea2abf87370a28228acfbc03058933dce9166c4573d1628cd2c,cafba6d9a47dfea2abf87370a28228acfbc03058933dce9166c4573d1628cd2c,"{""basis"":""ordered source-target formula atom"",""kind"":""source-target-formula-map""}"
1.1.0,formula,O007-FREMLIN-V2-APP-2A3-FORMULA-0118,O007-FREMLIN-V2-APP-2A3,O007-RIGHTS-FREMLIN-DSL,O007-FREMLIN-V2-APP-2A3-SEG-2A3C,118,2A3C,2A3C,118,120,5293,5307,5578,5592,D\subseteq X,D\subseteq X,7a62ec31827282fc59fc4a0d143eeb68fbf4feeb037f4d51ad920dd1f9c58cea,7a62ec31827282fc59fc4a0d143eeb68fbf4feeb037f4d51ad920dd1f9c58cea,0467d64924e4b95728dd6d29c26dd432a0f0d53f2ee00af4a19c4cd33dcbcf93,$,,0467d64924e4b95728dd6d29c26dd432a0f0d53f2ee00af4a19c4cd33dcbcf93,0467d64924e4b95728dd6d29c26dd432a0f0d53f2ee00af4a19c4cd33dcbcf93,"{""basis"":""ordered source-target formula atom"",""kind"":""source-target-formula-map""}"
1.1.0,formula,O007-FREMLIN-V2-APP-2A3-FORMULA-0119,O007-FREMLIN-V2-APP-2A3,O007-RIGHTS-FREMLIN-DSL,O007-FREMLIN-V2-APP-2A3-SEG-2A3C,119,2A3C,2A3C,119,121,5314,5349,5599,5634,\frak T_D=\{G\cap D:G\in\frak T\},\frak T_D=\{G\cap D:G\in\frak T\},ab5bc745b973673f600258faa3d422cb7719c0355fb7df3cfb651dc0654d8133,ab5bc745b973673f600258faa3d422cb7719c0355fb7df3cfb651dc0654d8133,04a44905981a8cd9c52659bbe112396e7995acde55b4f1597f97b21e2d9991fe,$,,04a44905981a8cd9c52659bbe112396e7995acde55b4f1597f97b21e2d9991fe,04a44905981a8cd9c52659bbe112396e7995acde55b4f1597f97b21e2d9991fe,"{""basis"":""ordered source-target formula atom"",""kind"":""source-target-formula-map""}"
1.1.0,formula,O007-FREMLIN-V2-APP-2A3-FORMULA-0120,O007-FREMLIN-V2-APP-2A3,O007-RIGHTS-FREMLIN-DSL,O007-FREMLIN-V2-APP-2A3-SEG-2A3C,120,2A3C,2A3C,119,121,5367,5370,5654,5657,D,D,3f39d5c348e5b79d06e842c114e6cc571583bbf44e4b0ebfda1a01ec05745d43,3f39d5c348e5b79d06e842c114e6cc571583bbf44e4b0ebfda1a01ec05745d43,3f39d5c348e5b79d06e842c114e6cc571583bbf44e4b0ebfda1a01ec05745d43,$,,3f39d5c348e5b79d06e842c114e6cc571583bbf44e4b0ebfda1a01ec05745d43,3f39d5c348e5b79d06e842c114e6cc571583bbf44e4b0ebfda1a01ec05745d43,"{""basis"":""ordered source-target formula atom"",""kind"":""source-target-formula-map""}"
1.1.0,formula,O007-FREMLIN-V2-APP-2A3-FORMULA-0121,O007-FREMLIN-V2-APP-2A3,O007-RIGHTS-FREMLIN-DSL,O007-FREMLIN-V2-APP-2A3-SEG-2A3C,121,2A3C,2A3C,121,123,5392,5419,5679,5706,\emptyset=\emptyset\cap D,\emptyset=\emptyset\cap D,c78e14b0cc581e5d5d059828ca7e675f65c22f4230255bd0c8ebc14b48b9b426,c78e14b0cc581e5d5d059828ca7e675f65c22f4230255bd0c8ebc14b48b9b426,c173dc0e854e4b2ab9c32b911606db641fcf1c035a1ec33a51f52a950246600a,$,,c173dc0e854e4b2ab9c32b911606db641fcf1c035a1ec33a51f52a950246600a,c173dc0e854e4b2ab9c32b911606db641fcf1c035a1ec33a51f52a950246600a,"{""basis"":""ordered source-target formula atom"",""kind"":""source-target-formula-map""}"
1.1.0,formula,O007-FREMLIN-V2-APP-2A3-FORMULA-0122,O007-FREMLIN-V2-APP-2A3,O007-RIGHTS-FREMLIN-DSL,O007-FREMLIN-V2-APP-2A3-SEG-2A3C,122,2A3C,2A3C,121,123,5424,5435,5711,5722,D=X\cap D,D=X\cap D,c9f936fa6ff30db325d08e089a67159aabf21b6a98ddce51c703bd479754ad6a,c9f936fa6ff30db325d08e089a67159aabf21b6a98ddce51c703bd479754ad6a,9ffa6e3071b4bbd89189f342e55db983219b49340fdc959b66eee6df2d381bb4,$,,9ffa6e3071b4bbd89189f342e55db983219b49340fdc959b66eee6df2d381bb4,9ffa6e3071b4bbd89189f342e55db983219b49340fdc959b66eee6df2d381bb4,"{""basis"":""ordered source-target formula atom"",""kind"":""source-target-formula-map""}"
1.1.0,formula,O007-FREMLIN-V2-APP-2A3-FORMULA-0123,O007-FREMLIN-V2-APP-2A3,O007-RIGHTS-FREMLIN-DSL,O007-FREMLIN-V2-APP-2A3-SEG-2A3C,123,2A3C,2A3C,121,123,5446,5457,5729,5740,\frak T_D,\frak T_D,94d3f48f85b03d777a0d77db59f5853a2e5d7893fa5eeec3f08220c06f619335,94d3f48f85b03d777a0d77db59f5853a2e5d7893fa5eeec3f08220c06f619335,d3b42197fc2cb44d6aa94d9ca4ffbbbf292871e1b93bcfef2f8e002e056c7060,$,,d3b42197fc2cb44d6aa94d9ca4ffbbbf292871e1b93bcfef2f8e002e056c7060,d3b42197fc2cb44d6aa94d9ca4ffbbbf292871e1b93bcfef2f8e002e056c7060,"{""basis"":""ordered source-target formula atom"",""kind"":""source-target-formula-map""}"
1.1.0,formula,O007-FREMLIN-V2-APP-2A3-FORMULA-0124,O007-FREMLIN-V2-APP-2A3,O007-RIGHTS-FREMLIN-DSL,O007-FREMLIN-V2-APP-2A3-SEG-2A3C,124,2A3C,2A3C,122,124,5467,5470,5752,5755,G,G,333e0a1e27815d0ceee55c473fe3dc93d56c63e3bee2b3b4aee8eed6d70191a3,333e0a1e27815d0ceee55c473fe3dc93d56c63e3bee2b3b4aee8eed6d70191a3,333e0a1e27815d0ceee55c473fe3dc93d56c63e3bee2b3b4aee8eed6d70191a3,$,,333e0a1e27815d0ceee55c473fe3dc93d56c63e3bee2b3b4aee8eed6d70191a3,333e0a1e27815d0ceee55c473fe3dc93d56c63e3bee2b3b4aee8eed6d70191a3,"{""basis"":""ordered source-target formula atom"",""kind"":""source-target-formula-map""}"
1.1.0,formula,O007-FREMLIN-V2-APP-2A3-FORMULA-0125,O007-FREMLIN-V2-APP-2A3,O007-RIGHTS-FREMLIN-DSL,O007-FREMLIN-V2-APP-2A3-SEG-2A3C,125,2A3C,2A3C,122,124,5472,5487,5757,5772,H\in\frak T_D,H\in\frak T_D,509b5f7eeae307cc7cb7d8347234c84b75cc6b979c142ec91901aae245ba0177,509b5f7eeae307cc7cb7d8347234c84b75cc6b979c142ec91901aae245ba0177,76b3286b08f0a22f3ada102c1f1cfaedb46377555df6fb7e4caa63caecef99ae,$,,76b3286b08f0a22f3ada102c1f1cfaedb46377555df6fb7e4caa63caecef99ae,76b3286b08f0a22f3ada102c1f1cfaedb46377555df6fb7e4caa63caecef99ae,"{""basis"":""ordered source-target formula atom"",""kind"":""source-target-formula-map""}"
1.1.0,formula,O007-FREMLIN-V2-APP-2A3-FORMULA-0126,O007-FREMLIN-V2-APP-2A3,O007-RIGHTS-FREMLIN-DSL,O007-FREMLIN-V2-APP-2A3-SEG-2A3C,126,2A3C,2A3C,122,124,5498,5502,5777,5781,G',G',5e1a1a36d46632a4ba5bafa01b9b31d16528e3fe1ca22ed8c1f74209c19332ec,5e1a1a36d46632a4ba5bafa01b9b31d16528e3fe1ca22ed8c1f74209c19332ec,5e1a1a36d46632a4ba5bafa01b9b31d16528e3fe1ca22ed8c1f74209c19332ec,$,,5e1a1a36d46632a4ba5bafa01b9b31d16528e3fe1ca22ed8c1f74209c19332ec,5e1a1a36d46632a4ba5bafa01b9b31d16528e3fe1ca22ed8c1f74209c19332ec,"{""basis"":""ordered source-target formula atom"",""kind"":""source-target-formula-map""}"
1.1.0,formula,O007-FREMLIN-V2-APP-2A3-FORMULA-0127,O007-FREMLIN-V2-APP-2A3,O007-RIGHTS-FREMLIN-DSL,O007-FREMLIN-V2-APP-2A3-SEG-2A3C,127,2A3C,2A3C,122,124,5504,5518,5783,5797,H'\in\frak T,H'\in\frak T,7e14d6b9fba48e459e45a66ca96e3fd021d38fc00298434cc95febca2e6715cb,7e14d6b9fba48e459e45a66ca96e3fd021d38fc00298434cc95febca2e6715cb,4830e5107a99762f52753d2fdc4efa4a28e716cdf31f50ade336936e5e706c80,$,,4830e5107a99762f52753d2fdc4efa4a28e716cdf31f50ade336936e5e706c80,4830e5107a99762f52753d2fdc4efa4a28e716cdf31f50ade336936e5e706c80,"{""basis"":""ordered source-target formula atom"",""kind"":""source-target-formula-map""}"
1.1.0,formula,O007-FREMLIN-V2-APP-2A3-FORMULA-0128,O007-FREMLIN-V2-APP-2A3,O007-RIGHTS-FREMLIN-DSL,O007-FREMLIN-V2-APP-2A3-SEG-2A3C,128,2A3C,2A3C,123,125,5529,5541,5807,5819,G=G'\cap D,G=G'\cap D,af3db6683252850e31b42195fce6c808ed317e6bdc14823c67bdac886c85b833,af3db6683252850e31b42195fce6c808ed317e6bdc14823c67bdac886c85b833,865449ece1d1fa9449eb3c2c169a06d73be5355db3d1e497a98314f11b45a03c,$,,865449ece1d1fa9449eb3c2c169a06d73be5355db3d1e497a98314f11b45a03c,865449ece1d1fa9449eb3c2c169a06d73be5355db3d1e497a98314f11b45a03c,"{""basis"":""ordered source-target formula atom"",""kind"":""source-target-formula-map""}"
1.1.0,formula,O007-FREMLIN-V2-APP-2A3-FORMULA-0129,O007-FREMLIN-V2-APP-2A3,O007-RIGHTS-FREMLIN-DSL,O007-FREMLIN-V2-APP-2A3-SEG-2A3C,129,2A3C,2A3C,123,125,5543,5555,5821,5833,H=H'\cap D,H=H'\cap D,3c654324c62f810db730c9fe565ed982aa03b174205ddbfe03562e4502094bfc,3c654324c62f810db730c9fe565ed982aa03b174205ddbfe03562e4502094bfc,05c98ec8abbdafb4708750257c8a56a84b63df3d19a17e7954488e2c6c46f588,$,,05c98ec8abbdafb4708750257c8a56a84b63df3d19a17e7954488e2c6c46f588,05c98ec8abbdafb4708750257c8a56a84b63df3d19a17e7954488e2c6c46f588,"{""basis"":""ordered source-target formula atom"",""kind"":""source-target-formula-map""}"
1.1.0,formula,O007-FREMLIN-V2-APP-2A3-FORMULA-0130,O007-FREMLIN-V2-APP-2A3,O007-RIGHTS-FREMLIN-DSL,O007-FREMLIN-V2-APP-2A3-SEG-2A3C,130,2A3C,2A3C,123,125,5562,5599,5845,5882,G\cap H=G'\cap H'\cap D\in\frak T_D,G\cap H=G'\cap H'\cap D\in\frak T_D,847d35247885fd229b0b6a476151da5fd49fd696f86deb87360e9efcebb687b0,847d35247885fd229b0b6a476151da5fd49fd696f86deb87360e9efcebb687b0,9e1530c703e1bbf6b9a831bbb9a07faca747b6fd3f5832c8180d729481d05eb9,$,,9e1530c703e1bbf6b9a831bbb9a07faca747b6fd3f5832c8180d729481d05eb9,9e1530c703e1bbf6b9a831bbb9a07faca747b6fd3f5832c8180d729481d05eb9,"{""basis"":""ordered source-target formula atom"",""kind"":""source-target-formula-map""}"
1.1.0,formula,O007-FREMLIN-V2-APP-2A3-FORMULA-0131,O007-FREMLIN-V2-APP-2A3,O007-RIGHTS-FREMLIN-DSL,O007-FREMLIN-V2-APP-2A3-SEG-2A3C,131,2A3C,2A3C,124,126,5610,5636,5895,5921,\Cal G\subseteq\frak T_D,\Cal G\subseteq\frak T_D,719c97bebfc52c723abcc282ad9786dc737ee4106a05211ca5212684880d00b9,719c97bebfc52c723abcc282ad9786dc737ee4106a05211ca5212684880d00b9,f0c5fcab3154cd5c317d46a39026f79805aad669518c53520b8c721102ce09d7,$,,f0c5fcab3154cd5c317d46a39026f79805aad669518c53520b8c721102ce09d7,f0c5fcab3154cd5c317d46a39026f79805aad669518c53520b8c721102ce09d7,"{""basis"":""ordered source-target formula atom"",""kind"":""source-target-formula-map""}"
1.1.0,formula,O007-FREMLIN-V2-APP-2A3-FORMULA-0132,O007-FREMLIN-V2-APP-2A3,O007-RIGHTS-FREMLIN-DSL,O007-FREMLIN-V2-APP-2A3-SEG-2A3C,132,2A3C,2A3C,124,127,5641,5686,5932,5977,"\Cal H=\{H:H\in\frak T,\,H\cap
D\in\Cal G\}","\Cal H=\{H:H\in\frak T,\,H\cap D\in\Cal G\}",e57fcd6b6c66c4d26f4226f6068675e903129099c35f281e69b63aea845273ce,14401c510122f3375e978df695412c3e77a25048a7bfec9dde6deb03a5b39159,82055f19349716de1335efc4f5ae80ca8413b3a680df99dfa51451f84599767a,$,,82055f19349716de1335efc4f5ae80ca8413b3a680df99dfa51451f84599767a,82055f19349716de1335efc4f5ae80ca8413b3a680df99dfa51451f84599767a,"{""basis"":""ordered source-target formula atom"",""kind"":""source-target-formula-map""}"
1.1.0,formula,O007-FREMLIN-V2-APP-2A3-FORMULA-0133,O007-FREMLIN-V2-APP-2A3,O007-RIGHTS-FREMLIN-DSL,O007-FREMLIN-V2-APP-2A3-SEG-2A3C,133,2A3C,2A3C,126,128,5694,5743,5984,6033,\bigcup\Cal G=(\bigcup\Cal H)\cap D\in\frak T_D,\bigcup\Cal G=(\bigcup\Cal H)\cap D\in\frak T_D,0835dc93921be14b4a04d05c517909b563f556f959fdb6f0201447dbdcd71b70,0835dc93921be14b4a04d05c517909b563f556f959fdb6f0201447dbdcd71b70,db17edd10af9c07eb13cc998758dd140beb5f653f2426332a29654219c821482,$,,db17edd10af9c07eb13cc998758dd140beb5f653f2426332a29654219c821482,db17edd10af9c07eb13cc998758dd140beb5f653f2426332a29654219c821482,"{""basis"":""ordered source-target formula atom"",""kind"":""source-target-formula-map""}"
1.1.0,formula,O007-FREMLIN-V2-APP-2A3-FORMULA-0134,O007-FREMLIN-V2-APP-2A3,O007-RIGHTS-FREMLIN-DSL,O007-FREMLIN-V2-APP-2A3-SEG-2A3C,134,2A3C,2A3C,128,130,5753,5764,6043,6054,\frak T_D,\frak T_D,94d3f48f85b03d777a0d77db59f5853a2e5d7893fa5eeec3f08220c06f619335,94d3f48f85b03d777a0d77db59f5853a2e5d7893fa5eeec3f08220c06f619335,d3b42197fc2cb44d6aa94d9ca4ffbbbf292871e1b93bcfef2f8e002e056c7060,$,,d3b42197fc2cb44d6aa94d9ca4ffbbbf292871e1b93bcfef2f8e002e056c7060,d3b42197fc2cb44d6aa94d9ca4ffbbbf292871e1b93bcfef2f8e002e056c7060,"{""basis"":""ordered source-target formula atom"",""kind"":""source-target-formula-map""}"
1.1.0,formula,O007-FREMLIN-V2-APP-2A3-FORMULA-0135,O007-FREMLIN-V2-APP-2A3,O007-RIGHTS-FREMLIN-DSL,O007-FREMLIN-V2-APP-2A3-SEG-2A3C,135,2A3C,2A3C,128,130,5806,5809,6092,6095,D,D,3f39d5c348e5b79d06e842c114e6cc571583bbf44e4b0ebfda1a01ec05745d43,3f39d5c348e5b79d06e842c114e6cc571583bbf44e4b0ebfda1a01ec05745d43,3f39d5c348e5b79d06e842c114e6cc571583bbf44e4b0ebfda1a01ec05745d43,$,,3f39d5c348e5b79d06e842c114e6cc571583bbf44e4b0ebfda1a01ec05745d43,3f39d5c348e5b79d06e842c114e6cc571583bbf44e4b0ebfda1a01ec05745d43,"{""basis"":""ordered source-target formula atom"",""kind"":""source-target-formula-map""}"
1.1.0,formula,O007-FREMLIN-V2-APP-2A3-FORMULA-0136,O007-FREMLIN-V2-APP-2A3,O007-RIGHTS-FREMLIN-DSL,O007-FREMLIN-V2-APP-2A3-SEG-2A3C,136,2A3C,2A3C,129,131,5830,5833,6116,6119,D,D,3f39d5c348e5b79d06e842c114e6cc571583bbf44e4b0ebfda1a01ec05745d43,3f39d5c348e5b79d06e842c114e6cc571583bbf44e4b0ebfda1a01ec05745d43,3f39d5c348e5b79d06e842c114e6cc571583bbf44e4b0ebfda1a01ec05745d43,$,,3f39d5c348e5b79d06e842c114e6cc571583bbf44e4b0ebfda1a01ec05745d43,3f39d5c348e5b79d06e842c114e6cc571583bbf44e4b0ebfda1a01ec05745d43,"{""basis"":""ordered source-target formula atom"",""kind"":""source-target-formula-map""}"
1.1.0,formula,O007-FREMLIN-V2-APP-2A3-FORMULA-0137,O007-FREMLIN-V2-APP-2A3,O007-RIGHTS-FREMLIN-DSL,O007-FREMLIN-V2-APP-2A3-SEG-2A3C,137,2A3C,2A3C,129,131,5851,5860,6146,6155,\frak T,\frak T,0647f8d3ad6092ab3a9c92fd71ee29d66b86e14d9c9582db084142bee077c226,0647f8d3ad6092ab3a9c92fd71ee29d66b86e14d9c9582db084142bee077c226,44c7e1dba9432c4271c4d22b9a844dc7f447c4cb30f1129ac0c3db3f54646d4b,$,,44c7e1dba9432c4271c4d22b9a844dc7f447c4cb30f1129ac0c3db3f54646d4b,44c7e1dba9432c4271c4d22b9a844dc7f447c4cb30f1129ac0c3db3f54646d4b,"{""basis"":""ordered source-target formula atom"",""kind"":""source-target-formula-map""}"
1.1.0,formula,O007-FREMLIN-V2-APP-2A3-FORMULA-0138,O007-FREMLIN-V2-APP-2A3,O007-RIGHTS-FREMLIN-DSL,O007-FREMLIN-V2-APP-2A3-SEG-2A3C,138,2A3C,2A3C,129,131,5867,5880,6162,6175,"(Y,\frak S)","(Y,\frak S)",24d922db39ebf7493e184d085b1af56463424b56f8fc7f4d9213b9840c6e4f9c,24d922db39ebf7493e184d085b1af56463424b56f8fc7f4d9213b9840c6e4f9c,ff360fb1373ff061931764fc324cfd9227979a40812defeedf190c9278b10559,$,,ff360fb1373ff061931764fc324cfd9227979a40812defeedf190c9278b10559,ff360fb1373ff061931764fc324cfd9227979a40812defeedf190c9278b10559,"{""basis"":""ordered source-target formula atom"",""kind"":""source-target-formula-map""}"
1.1.0,formula,O007-FREMLIN-V2-APP-2A3-FORMULA-0139,O007-FREMLIN-V2-APP-2A3,O007-RIGHTS-FREMLIN-DSL,O007-FREMLIN-V2-APP-2A3-SEG-2A3C,139,2A3C,2A3C,130,132,5915,5928,6209,6222,\phi:X\to Y,\phi:X\to Y,13bd91bfe4efd20d71a6b34c7581ddd8571b38f73d5e0bdd9de604c7badbba99,13bd91bfe4efd20d71a6b34c7581ddd8571b38f73d5e0bdd9de604c7badbba99,ff574878676958526aeff476d34e96ebf519db9f8a28e89cc9e76db0b39b4ebc,$,,ff574878676958526aeff476d34e96ebf519db9f8a28e89cc9e76db0b39b4ebc,ff574878676958526aeff476d34e96ebf519db9f8a28e89cc9e76db0b39b4ebc,"{""basis"":""ordered source-target formula atom"",""kind"":""source-target-formula-map""}"
1.1.0,formula,O007-FREMLIN-V2-APP-2A3-FORMULA-0140,O007-FREMLIN-V2-APP-2A3,O007-RIGHTS-FREMLIN-DSL,O007-FREMLIN-V2-APP-2A3-SEG-2A3C,140,2A3C,2A3C,131,133,5932,5951,6240,6259,"(\frak T,\frak S)","(\frak T,\frak S)",93b0c0c897cccecea150c3ef29a35753cac3f9e67254adce50b8dd38ab60a444,93b0c0c897cccecea150c3ef29a35753cac3f9e67254adce50b8dd38ab60a444,93b25932d7b26e7a15bfb47dc53c2d6d3274e6f9d6e12ebf73e445d449bdb6cf,$,,93b25932d7b26e7a15bfb47dc53c2d6d3274e6f9d6e12ebf73e445d449bdb6cf,93b25932d7b26e7a15bfb47dc53c2d6d3274e6f9d6e12ebf73e445d449bdb6cf,"{""basis"":""ordered source-target formula atom"",""kind"":""source-target-formula-map""}"
1.1.0,formula,O007-FREMLIN-V2-APP-2A3-FORMULA-0141,O007-FREMLIN-V2-APP-2A3,O007-RIGHTS-FREMLIN-DSL,O007-FREMLIN-V2-APP-2A3-SEG-2A3C,141,2A3C,2A3C,131,133,5969,5990,6266,6287,\phi\restr D:D\to Y,\phi\restr D:D\to Y,917c844c0f0d7db119af528b18a0245e1e6e4dc50c99d4499e92a5538fc0be16,917c844c0f0d7db119af528b18a0245e1e6e4dc50c99d4499e92a5538fc0be16,5b912bd17d22966b5cae10f4cd9cffeef877e5185d3c139680420a7e4c49f0e5,$,,5b912bd17d22966b5cae10f4cd9cffeef877e5185d3c139680420a7e4c49f0e5,5b912bd17d22966b5cae10f4cd9cffeef877e5185d3c139680420a7e4c49f0e5,"{""basis"":""ordered source-target formula atom"",""kind"":""source-target-formula-map""}"
1.1.0,formula,O007-FREMLIN-V2-APP-2A3-FORMULA-0142,O007-FREMLIN-V2-APP-2A3,O007-RIGHTS-FREMLIN-DSL,O007-FREMLIN-V2-APP-2A3-SEG-2A3C,142,2A3C,2A3C,132,134,5994,6015,6305,6326,"(\frak T_D,\frak S)","(\frak T_D,\frak S)",5bf66eaa5f150b80f542a0bce3ceecf31821bfcca63fbf5291ce2f3026d2c98f,5bf66eaa5f150b80f542a0bce3ceecf31821bfcca63fbf5291ce2f3026d2c98f,40e76ec6a7d3608bdee8a51368c229a7ab961f1a0f142091a600ca63a93a469d,$,,40e76ec6a7d3608bdee8a51368c229a7ab961f1a0f142091a600ca63a93a469d,40e76ec6a7d3608bdee8a51368c229a7ab961f1a0f142091a600ca63a93a469d,"{""basis"":""ordered source-target formula atom"",""kind"":""source-target-formula-map""}"
1.1.0,formula,O007-FREMLIN-V2-APP-2A3-FORMULA-0143,O007-FREMLIN-V2-APP-2A3,O007-RIGHTS-FREMLIN-DSL,O007-FREMLIN-V2-APP-2A3-SEG-2A3C,143,2A3C,2A3C,132,134,6048,6061,6350,6363,H\in\frak S,H\in\frak S,9a828ec3ee657251fc3e0a9bfb797969ac4b493ba5533334eb3ee699598d7485,9a828ec3ee657251fc3e0a9bfb797969ac4b493ba5533334eb3ee699598d7485,a6916f049003819a40c0b67f6dc5b30822d6c8a58a135180b35bcea877bad9d5,$,,a6916f049003819a40c0b67f6dc5b30822d6c8a58a135180b35bcea877bad9d5,a6916f049003819a40c0b67f6dc5b30822d6c8a58a135180b35bcea877bad9d5,"{""basis"":""ordered source-target formula atom"",""kind"":""source-target-formula-map""}"
1.1.0,formula,O007-FREMLIN-V2-APP-2A3-FORMULA-0144,O007-FREMLIN-V2-APP-2A3,O007-RIGHTS-FREMLIN-DSL,O007-FREMLIN-V2-APP-2A3-SEG-2A3C,144,2A3C,2A3C,134,136,6080,6134,6382,6436,(\phi\restr D)^{-1}[H]=D\cap\phi^{-1}[H]\in\frak T_D,(\phi\restr D)^{-1}[H]=D\cap\phi^{-1}[H]\in\frak T_D,73b71b133baa653034b7a67b2528946462df97b6bfff8a8f239c5fd946a0e918,73b71b133baa653034b7a67b2528946462df97b6bfff8a8f239c5fd946a0e918,3313df69fd8b758b491d1cfbe8a742fd9b0a8a6f2a201f945bf02d43123f6942,$,,3313df69fd8b758b491d1cfbe8a742fd9b0a8a6f2a201f945bf02d43123f6942,3313df69fd8b758b491d1cfbe8a742fd9b0a8a6f2a201f945bf02d43123f6942,"{""basis"":""ordered source-target formula atom"",""kind"":""source-target-formula-map""}"
1.1.0,formula,O007-FREMLIN-V2-APP-2A3-FORMULA-0145,O007-FREMLIN-V2-APP-2A3,O007-RIGHTS-FREMLIN-DSL,O007-FREMLIN-V2-APP-2A3-SEG-2A3D,145,2A3D,2A3D,137,139,6258,6271,6559,6572,"(X,\frak T)","(X,\frak T)",e61a78818f95155816c51558053b207746d21d984f7d96e50144d5c403fa9916,e61a78818f95155816c51558053b207746d21d984f7d96e50144d5c403fa9916,cafba6d9a47dfea2abf87370a28228acfbc03058933dce9166c4573d1628cd2c,$,,cafba6d9a47dfea2abf87370a28228acfbc03058933dce9166c4573d1628cd2c,cafba6d9a47dfea2abf87370a28228acfbc03058933dce9166c4573d1628cd2c,"{""basis"":""ordered source-target formula atom"",""kind"":""source-target-formula-map""}"
1.1.0,formula,O007-FREMLIN-V2-APP-2A3-FORMULA-0146,O007-FREMLIN-V2-APP-2A3,O007-RIGHTS-FREMLIN-DSL,O007-FREMLIN-V2-APP-2A3-SEG-2A3D,146,2A3D,2A3D,138,140,6301,6304,6602,6605,A,A,559aead08264d5795d3909718cdd05abd49572e84fe55590eef31a88a08fdffd,559aead08264d5795d3909718cdd05abd49572e84fe55590eef31a88a08fdffd,559aead08264d5795d3909718cdd05abd49572e84fe55590eef31a88a08fdffd,$,,559aead08264d5795d3909718cdd05abd49572e84fe55590eef31a88a08fdffd,559aead08264d5795d3909718cdd05abd49572e84fe55590eef31a88a08fdffd,"{""basis"":""ordered source-target formula atom"",""kind"":""source-target-formula-map""}"
1.1.0,formula,O007-FREMLIN-V2-APP-2A3-FORMULA-0147,O007-FREMLIN-V2-APP-2A3,O007-RIGHTS-FREMLIN-DSL,O007-FREMLIN-V2-APP-2A3-SEG-2A3D,147,2A3D,2A3D,138,140,6319,6322,6636,6639,X,X,4b68ab3847feda7d6c62c1fbcbeebfa35eab7351ed5e78f4ddadea5df64b8015,4b68ab3847feda7d6c62c1fbcbeebfa35eab7351ed5e78f4ddadea5df64b8015,4b68ab3847feda7d6c62c1fbcbeebfa35eab7351ed5e78f4ddadea5df64b8015,$,,4b68ab3847feda7d6c62c1fbcbeebfa35eab7351ed5e78f4ddadea5df64b8015,4b68ab3847feda7d6c62c1fbcbeebfa35eab7351ed5e78f4ddadea5df64b8015,"{""basis"":""ordered source-target formula atom"",""kind"":""source-target-formula-map""}"
1.1.0,formula,O007-FREMLIN-V2-APP-2A3-FORMULA-0148,O007-FREMLIN-V2-APP-2A3,O007-RIGHTS-FREMLIN-DSL,O007-FREMLIN-V2-APP-2A3-SEG-2A3D,148,2A3D,2A3D,140,142,6345,6398,6663,6716,"\interior A=\bigcup\{G:G\in\frak T,\,G\subseteq A\}","\interior A=\bigcup\{G:G\in\frak T,\,G\subseteq A\}",fd5809c6dfeb505ab43c867ab94f3ee07e8e39d8dc52bd6bf3e1dffbd89e79b6,fd5809c6dfeb505ab43c867ab94f3ee07e8e39d8dc52bd6bf3e1dffbd89e79b6,eb23b0e6df9379671db1cf6cd891d470d19dd21683e593b69ba693fb440ebdcd,$,,eb23b0e6df9379671db1cf6cd891d470d19dd21683e593b69ba693fb440ebdcd,eb23b0e6df9379671db1cf6cd891d470d19dd21683e593b69ba693fb440ebdcd,"{""basis"":""ordered source-target formula atom"",""kind"":""source-target-formula-map""}"
1.1.0,formula,O007-FREMLIN-V2-APP-2A3-FORMULA-0149,O007-FREMLIN-V2-APP-2A3,O007-RIGHTS-FREMLIN-DSL,O007-FREMLIN-V2-APP-2A3-SEG-2A3D,149,2A3D,2A3D,142,144,6417,6430,6735,6748,\interior A,\interior A,ac5fdc3441835ba1cc5abeb6ee855294e24af3688028295cb733ac8a2698af26,ac5fdc3441835ba1cc5abeb6ee855294e24af3688028295cb733ac8a2698af26,dfc547dfb2af4f15b08c368bbb2bb50c1492ba64e4884739b4b0ed4e2b6975e4,$,,dfc547dfb2af4f15b08c368bbb2bb50c1492ba64e4884739b4b0ed4e2b6975e4,dfc547dfb2af4f15b08c368bbb2bb50c1492ba64e4884739b4b0ed4e2b6975e4,"{""basis"":""ordered source-target formula atom"",""kind"":""source-target-formula-map""}"
1.1.0,formula,O007-FREMLIN-V2-APP-2A3-FORMULA-0150,O007-FREMLIN-V2-APP-2A3,O007-RIGHTS-FREMLIN-DSL,O007-FREMLIN-V2-APP-2A3-SEG-2A3D,150,2A3D,2A3D,144,146,6511,6514,6863,6866,A,A,559aead08264d5795d3909718cdd05abd49572e84fe55590eef31a88a08fdffd,559aead08264d5795d3909718cdd05abd49572e84fe55590eef31a88a08fdffd,559aead08264d5795d3909718cdd05abd49572e84fe55590eef31a88a08fdffd,$,,559aead08264d5795d3909718cdd05abd49572e84fe55590eef31a88a08fdffd,559aead08264d5795d3909718cdd05abd49572e84fe55590eef31a88a08fdffd,"{""basis"":""ordered source-target formula atom"",""kind"":""source-target-formula-map""}"
1.1.0,formula,O007-FREMLIN-V2-APP-2A3-FORMULA-0151,O007-FREMLIN-V2-APP-2A3,O007-RIGHTS-FREMLIN-DSL,O007-FREMLIN-V2-APP-2A3-SEG-2A3D,151,2A3D,2A3D,145,147,6562,6565,6949,6952,A,A,559aead08264d5795d3909718cdd05abd49572e84fe55590eef31a88a08fdffd,559aead08264d5795d3909718cdd05abd49572e84fe55590eef31a88a08fdffd,559aead08264d5795d3909718cdd05abd49572e84fe55590eef31a88a08fdffd,$,,559aead08264d5795d3909718cdd05abd49572e84fe55590eef31a88a08fdffd,559aead08264d5795d3909718cdd05abd49572e84fe55590eef31a88a08fdffd,"{""basis"":""ordered source-target formula atom"",""kind"":""source-target-formula-map""}"
1.1.0,formula,O007-FREMLIN-V2-APP-2A3-FORMULA-0152,O007-FREMLIN-V2-APP-2A3,O007-RIGHTS-FREMLIN-DSL,O007-FREMLIN-V2-APP-2A3-SEG-2A3D,152,2A3D,2A3D,145,147,6603,6606,6986,6989,A,A,559aead08264d5795d3909718cdd05abd49572e84fe55590eef31a88a08fdffd,559aead08264d5795d3909718cdd05abd49572e84fe55590eef31a88a08fdffd,559aead08264d5795d3909718cdd05abd49572e84fe55590eef31a88a08fdffd,$,,559aead08264d5795d3909718cdd05abd49572e84fe55590eef31a88a08fdffd,559aead08264d5795d3909718cdd05abd49572e84fe55590eef31a88a08fdffd,"{""basis"":""ordered source-target formula atom"",""kind"":""source-target-formula-map""}"
1.1.0,formula,O007-FREMLIN-V2-APP-2A3-FORMULA-0153,O007-FREMLIN-V2-APP-2A3,O007-RIGHTS-FREMLIN-DSL,O007-FREMLIN-V2-APP-2A3-SEG-2A3DB,153,2A3Db,2A3Db,151,153,6725,6839,7144,7257,"\eqalign{\overline{A}
&=\bigcap\{F:F\text{ is closed},\,A\subseteq F\}
=X\setminus\interior(X\setminus A).\cr}","\eqalign{\overline{A}
&=\bigcap\{F:F\text{ tertutup},\,A\subseteq F\}
=X\setminus\interior(X\setminus A).\cr}",779f3e7ae64af337f8aaf6a37373a4976eec66f7d4c82371b9874d4b9f3f2146,17fc4940b77c47f48b221099864cbfb9213d8f5cbf088184f8c21e278f131635,2a4a1ec4e74f3c4b4b5f5c4c963370a10a92da2354e21c3e1e3f59113399fcd8,$$,,2a4a1ec4e74f3c4b4b5f5c4c963370a10a92da2354e21c3e1e3f59113399fcd8,2a4a1ec4e74f3c4b4b5f5c4c963370a10a92da2354e21c3e1e3f59113399fcd8,"{""basis"":""ordered source-target formula atom"",""kind"":""source-target-formula-map""}"
1.1.0,formula,O007-FREMLIN-V2-APP-2A3-FORMULA-0154,O007-FREMLIN-V2-APP-2A3,O007-RIGHTS-FREMLIN-DSL,O007-FREMLIN-V2-APP-2A3-SEG-2A3DB,154,2A3Db,2A3Db,154,156,6842,7165,7260,7581,"\eqalign{\overline{A}
&=\bigcap\{F:F\text{ is closed},\,A\subseteq F\}\cr
&=X\setminus\bigcup\{X\setminus F:F\text{ is closed},\,A\subseteq F\}\cr
&=X\setminus\bigcup\{G:G\text{ is open},\,A\cap G=\emptyset\}\cr
&=X\setminus\bigcup\{G:G\text{ is open},\,G\subseteq X\setminus A\}
=X\setminus\interior(X\setminus A).\cr}","\eqalign{\overline{A}
&=\bigcap\{F:F\text{ tertutup},\,A\subseteq F\}\cr
&=X\setminus\bigcup\{X\setminus F:F\text{ tertutup},\,A\subseteq F\}\cr
&=X\setminus\bigcup\{G:G\text{ terbuka},\,A\cap G=\emptyset\}\cr
&=X\setminus\bigcup\{G:G\text{ terbuka},\,G\subseteq X\setminus A\}
=X\setminus\interior(X\setminus A).\cr}",e4a665b44a7193cac5f51eb66789fada3ab511fb0ce8fc8e0fe9af447ddb5eb6,6159591db3fd9297b6d6a42882885a4586ab67ab7eb8da20a5f51bb6a3d4e95b,4128246c58dce81411818327bd6e39cb2078c0e2346957bbe6055afd6f8ffe75,$$,,4128246c58dce81411818327bd6e39cb2078c0e2346957bbe6055afd6f8ffe75,4128246c58dce81411818327bd6e39cb2078c0e2346957bbe6055afd6f8ffe75,"{""basis"":""ordered source-target formula atom"",""kind"":""source-target-formula-map""}"
1.1.0,formula,O007-FREMLIN-V2-APP-2A3-FORMULA-0155,O007-FREMLIN-V2-APP-2A3,O007-RIGHTS-FREMLIN-DSL,O007-FREMLIN-V2-APP-2A3-SEG-2A3DB,155,2A3Db,2A3Db,161,163,7177,7191,7593,7607,\overline{A},\overline{A},ae63fa62faf059c1f1bb1220035e133f209abef13a38b512a8fafb1aad9f5ecc,ae63fa62faf059c1f1bb1220035e133f209abef13a38b512a8fafb1aad9f5ecc,ae63fa62faf059c1f1bb1220035e133f209abef13a38b512a8fafb1aad9f5ecc,$,,ae63fa62faf059c1f1bb1220035e133f209abef13a38b512a8fafb1aad9f5ecc,ae63fa62faf059c1f1bb1220035e133f209abef13a38b512a8fafb1aad9f5ecc,"{""basis"":""ordered source-target formula atom"",""kind"":""source-target-formula-map""}"
1.1.0,formula,O007-FREMLIN-V2-APP-2A3-FORMULA-0156,O007-FREMLIN-V2-APP-2A3,O007-RIGHTS-FREMLIN-DSL,O007-FREMLIN-V2-APP-2A3-SEG-2A3DB,156,2A3Db,2A3Db,162,165,7289,7292,7728,7731,A,A,559aead08264d5795d3909718cdd05abd49572e84fe55590eef31a88a08fdffd,559aead08264d5795d3909718cdd05abd49572e84fe55590eef31a88a08fdffd,559aead08264d5795d3909718cdd05abd49572e84fe55590eef31a88a08fdffd,$,,559aead08264d5795d3909718cdd05abd49572e84fe55590eef31a88a08fdffd,559aead08264d5795d3909718cdd05abd49572e84fe55590eef31a88a08fdffd,"{""basis"":""ordered source-target formula atom"",""kind"":""source-target-formula-map""}"
1.1.0,formula,O007-FREMLIN-V2-APP-2A3-FORMULA-0157,O007-FREMLIN-V2-APP-2A3,O007-RIGHTS-FREMLIN-DSL,O007-FREMLIN-V2-APP-2A3-SEG-2A3DB,157,2A3Db,2A3Db,163,165,7329,7332,7775,7778,A,A,559aead08264d5795d3909718cdd05abd49572e84fe55590eef31a88a08fdffd,559aead08264d5795d3909718cdd05abd49572e84fe55590eef31a88a08fdffd,559aead08264d5795d3909718cdd05abd49572e84fe55590eef31a88a08fdffd,$,,559aead08264d5795d3909718cdd05abd49572e84fe55590eef31a88a08fdffd,559aead08264d5795d3909718cdd05abd49572e84fe55590eef31a88a08fdffd,"{""basis"":""ordered source-target formula atom"",""kind"":""source-target-formula-map""}"
1.1.0,formula,O007-FREMLIN-V2-APP-2A3-FORMULA-0158,O007-FREMLIN-V2-APP-2A3,O007-RIGHTS-FREMLIN-DSL,O007-FREMLIN-V2-APP-2A3-SEG-2A3DB,158,2A3Db,2A3Db,165,168,7431,7480,7884,7933,\overline{A\cup B}=\overline{A}\cup\overline{B},\overline{A\cup B}=\overline{A}\cup\overline{B},1161217d149e395937b9730dbce2e462c8716d545dc6e22b719d157774aa4a8b,1161217d149e395937b9730dbce2e462c8716d545dc6e22b719d157774aa4a8b,2e012b8e8e688694da916cbd364296140e19321a9cc7ecee4683417d185ab045,$,,2e012b8e8e688694da916cbd364296140e19321a9cc7ecee4683417d185ab045,2e012b8e8e688694da916cbd364296140e19321a9cc7ecee4683417d185ab045,"{""basis"":""ordered source-target formula atom"",""kind"":""source-target-formula-map""}"
1.1.0,formula,O007-FREMLIN-V2-APP-2A3-FORMULA-0159,O007-FREMLIN-V2-APP-2A3,O007-RIGHTS-FREMLIN-DSL,O007-FREMLIN-V2-APP-2A3-SEG-2A3DB,159,2A3Db,2A3Db,165,168,7489,7492,7946,7949,A,A,559aead08264d5795d3909718cdd05abd49572e84fe55590eef31a88a08fdffd,559aead08264d5795d3909718cdd05abd49572e84fe55590eef31a88a08fdffd,559aead08264d5795d3909718cdd05abd49572e84fe55590eef31a88a08fdffd,$,,559aead08264d5795d3909718cdd05abd49572e84fe55590eef31a88a08fdffd,559aead08264d5795d3909718cdd05abd49572e84fe55590eef31a88a08fdffd,"{""basis"":""ordered source-target formula atom"",""kind"":""source-target-formula-map""}"
1.1.0,formula,O007-FREMLIN-V2-APP-2A3-FORMULA-0160,O007-FREMLIN-V2-APP-2A3,O007-RIGHTS-FREMLIN-DSL,O007-FREMLIN-V2-APP-2A3-SEG-2A3DB,160,2A3Db,2A3Db,166,169,7494,7508,7951,7965,B\subseteq X,B\subseteq X,e889f55fee2fd2a042d6c9ec52b4e4ff8a368cb3cc53e5d7a3160f9c20ec4d1d,e889f55fee2fd2a042d6c9ec52b4e4ff8a368cb3cc53e5d7a3160f9c20ec4d1d,c2933761aab9ca84bceaaccf3f2d52e947caa5872c34a0aaa7d3f3743a7060fa,$,,c2933761aab9ca84bceaaccf3f2d52e947caa5872c34a0aaa7d3f3743a7060fa,c2933761aab9ca84bceaaccf3f2d52e947caa5872c34a0aaa7d3f3743a7060fa,"{""basis"":""ordered source-target formula atom"",""kind"":""source-target-formula-map""}"
1.1.0,formula,O007-FREMLIN-V2-APP-2A3-FORMULA-0161,O007-FREMLIN-V2-APP-2A3,O007-RIGHTS-FREMLIN-DSL,O007-FREMLIN-V2-APP-2A3-SEG-2A3DC,161,2A3Dc,2A3Dc,172,176,7664,7754,8143,8255,"\eqalign{x\in\overline A
&\iff\,\text{every open set containing }x\text{ meets }A.\cr}","\eqalign{x\in\overline A
&\iff\,\text{setiap himpunan terbuka yang memuat }x
\text{ beririsan dengan }A.\cr}",b7dc876f463824608ab3376eca93c0387348e44ef2ff574a884981ae179eac8d,ed9e178a5df445025d3f1a3e3cd8d120aabcfe8a25834788d80df37317178fe0,51731c79c70c572341365dfcceff5b33b658d4ea14d85d2525a4070cb077fdc2,$$,,51731c79c70c572341365dfcceff5b33b658d4ea14d85d2525a4070cb077fdc2,51731c79c70c572341365dfcceff5b33b658d4ea14d85d2525a4070cb077fdc2,"{""basis"":""ordered source-target formula atom"",""kind"":""source-target-formula-map""}"
1.1.0,formula,O007-FREMLIN-V2-APP-2A3-FORMULA-0162,O007-FREMLIN-V2-APP-2A3,O007-RIGHTS-FREMLIN-DSL,O007-FREMLIN-V2-APP-2A3-SEG-2A3DC,162,2A3Dc,2A3Dc,174,179,7757,7976,8258,8508,"\eqalign{x\in\overline A
&\iff\,x\notin\interior(X\setminus A)\cr
&\iff\,\text{there is no open set containing }x
\text{ and included in }X\setminus A\cr
&\iff\,\text{every open set containing }x\text{ meets }A.\cr}","\eqalign{x\in\overline A
&\iff\,x\notin\interior(X\setminus A)\cr
&\iff\,\text{tidak ada himpunan terbuka yang memuat }x
\text{ dan termuat dalam }X\setminus A\cr
&\iff\,\text{setiap himpunan terbuka yang memuat }x
\text{ beririsan dengan }A.\cr}",6c93648d9fe8265a29179536896b6637a6cd319c2701bb85ed990890e203d153,5ba05267c2a944eff804c2e246eb57d1eb7e5fc74ac4780097182121cdb4b9bf,8aacfd5406c4a66bdc2913839eaf3be6e955de7053496b970a23a8f66ae9217c,$$,,8aacfd5406c4a66bdc2913839eaf3be6e955de7053496b970a23a8f66ae9217c,8aacfd5406c4a66bdc2913839eaf3be6e955de7053496b970a23a8f66ae9217c,"{""basis"":""ordered source-target formula atom"",""kind"":""source-target-formula-map""}"
1.1.0,formula,O007-FREMLIN-V2-APP-2A3-FORMULA-0163,O007-FREMLIN-V2-APP-2A3,O007-RIGHTS-FREMLIN-DSL,O007-FREMLIN-V2-APP-2A3-SEG-2A3E,163,2A3E,2A3E,187,192,8430,8433,8986,8989,X,X,4b68ab3847feda7d6c62c1fbcbeebfa35eab7351ed5e78f4ddadea5df64b8015,4b68ab3847feda7d6c62c1fbcbeebfa35eab7351ed5e78f4ddadea5df64b8015,4b68ab3847feda7d6c62c1fbcbeebfa35eab7351ed5e78f4ddadea5df64b8015,$,,4b68ab3847feda7d6c62c1fbcbeebfa35eab7351ed5e78f4ddadea5df64b8015,4b68ab3847feda7d6c62c1fbcbeebfa35eab7351ed5e78f4ddadea5df64b8015,"{""basis"":""ordered source-target formula atom"",""kind"":""source-target-formula-map""}"
1.1.0,formula,O007-FREMLIN-V2-APP-2A3-FORMULA-0164,O007-FREMLIN-V2-APP-2A3,O007-RIGHTS-FREMLIN-DSL,O007-FREMLIN-V2-APP-2A3-SEG-2A3E,164,2A3E,2A3E,187,193,8473,8476,9032,9035,x,x,2d711642b726b04401627ca9fbac32f5c8530fb1903cc4db02258717921a4881,2d711642b726b04401627ca9fbac32f5c8530fb1903cc4db02258717921a4881,2d711642b726b04401627ca9fbac32f5c8530fb1903cc4db02258717921a4881,$,,2d711642b726b04401627ca9fbac32f5c8530fb1903cc4db02258717921a4881,2d711642b726b04401627ca9fbac32f5c8530fb1903cc4db02258717921a4881,"{""basis"":""ordered source-target formula atom"",""kind"":""source-target-formula-map""}"
1.1.0,formula,O007-FREMLIN-V2-APP-2A3-FORMULA-0165,O007-FREMLIN-V2-APP-2A3,O007-RIGHTS-FREMLIN-DSL,O007-FREMLIN-V2-APP-2A3-SEG-2A3E,165,2A3E,2A3E,187,193,8478,8486,9037,9045,y\in X,y\in X,c1ff04635ef538efbc6d32cf7f1c55cf3986f8e1786e70850bbeedd22a583b33,c1ff04635ef538efbc6d32cf7f1c55cf3986f8e1786e70850bbeedd22a583b33,c0f16e0187ba08ecb03a7ea129bf0a48edfd680299a9366b0b5e0fd293ff7072,$,,c0f16e0187ba08ecb03a7ea129bf0a48edfd680299a9366b0b5e0fd293ff7072,c0f16e0187ba08ecb03a7ea129bf0a48edfd680299a9366b0b5e0fd293ff7072,"{""basis"":""ordered source-target formula atom"",""kind"":""source-target-formula-map""}"
1.1.0,formula,O007-FREMLIN-V2-APP-2A3-FORMULA-0166,O007-FREMLIN-V2-APP-2A3,O007-RIGHTS-FREMLIN-DSL,O007-FREMLIN-V2-APP-2A3-SEG-2A3E,166,2A3E,2A3E,188,194,8516,8519,9107,9110,G,G,333e0a1e27815d0ceee55c473fe3dc93d56c63e3bee2b3b4aee8eed6d70191a3,333e0a1e27815d0ceee55c473fe3dc93d56c63e3bee2b3b4aee8eed6d70191a3,333e0a1e27815d0ceee55c473fe3dc93d56c63e3bee2b3b4aee8eed6d70191a3,$,,333e0a1e27815d0ceee55c473fe3dc93d56c63e3bee2b3b4aee8eed6d70191a3,333e0a1e27815d0ceee55c473fe3dc93d56c63e3bee2b3b4aee8eed6d70191a3,"{""basis"":""ordered source-target formula atom"",""kind"":""source-target-formula-map""}"
1.1.0,formula,O007-FREMLIN-V2-APP-2A3-FORMULA-0167,O007-FREMLIN-V2-APP-2A3,O007-RIGHTS-FREMLIN-DSL,O007-FREMLIN-V2-APP-2A3-SEG-2A3E,167,2A3E,2A3E,188,194,8521,8535,9112,9126,H\subseteq X,H\subseteq X,aa7a0a0282f4de314d3a0ea5397a26755c3bd38e3933174471a48cccfe5312c4,aa7a0a0282f4de314d3a0ea5397a26755c3bd38e3933174471a48cccfe5312c4,63abc0bae1746c1d54e3d715f22c671f15dde2a8fb7b89655cecb17bfb38877f,$,,63abc0bae1746c1d54e3d715f22c671f15dde2a8fb7b89655cecb17bfb38877f,63abc0bae1746c1d54e3d715f22c671f15dde2a8fb7b89655cecb17bfb38877f,"{""basis"":""ordered source-target formula atom"",""kind"":""source-target-formula-map""}"
1.1.0,formula,O007-FREMLIN-V2-APP-2A3-FORMULA-0168,O007-FREMLIN-V2-APP-2A3,O007-RIGHTS-FREMLIN-DSL,O007-FREMLIN-V2-APP-2A3-SEG-2A3E,168,2A3E,2A3E,188,194,8546,8554,9147,9155,x\in G,x\in G,3faccb525a29c5c66379ad205d954d7822aa6ecb75b815bd94d489678ce6aa50,3faccb525a29c5c66379ad205d954d7822aa6ecb75b815bd94d489678ce6aa50,f890bd8a169841a8e4c425e62d012427d5ad44ba0a41eee342be8094ad1fd32f,$,,f890bd8a169841a8e4c425e62d012427d5ad44ba0a41eee342be8094ad1fd32f,f890bd8a169841a8e4c425e62d012427d5ad44ba0a41eee342be8094ad1fd32f,"{""basis"":""ordered source-target formula atom"",""kind"":""source-target-formula-map""}"
1.1.0,formula,O007-FREMLIN-V2-APP-2A3-FORMULA-0169,O007-FREMLIN-V2-APP-2A3,O007-RIGHTS-FREMLIN-DSL,O007-FREMLIN-V2-APP-2A3-SEG-2A3E,169,2A3E,2A3E,188,194,8559,8567,9160,9168,y\in H,y\in H,df0c7bc79ea0df2a98e65cf1697829a251059cf0f3d2fdec814874e92fee8966,df0c7bc79ea0df2a98e65cf1697829a251059cf0f3d2fdec814874e92fee8966,15d0df3d1b15bb84c7d22fd3d0803c2cc820a00259b0a67dca6b0bb91f5241da,$,,15d0df3d1b15bb84c7d22fd3d0803c2cc820a00259b0a67dca6b0bb91f5241da,15d0df3d1b15bb84c7d22fd3d0803c2cc820a00259b0a67dca6b0bb91f5241da,"{""basis"":""ordered source-target formula atom"",""kind"":""source-target-formula-map""}"
1.1.0,formula,O007-FREMLIN-V2-APP-2A3-FORMULA-0170,O007-FREMLIN-V2-APP-2A3,O007-RIGHTS-FREMLIN-DSL,O007-FREMLIN-V2-APP-2A3-SEG-2A3EB,170,2A3Eb,2A3Eb,190,196,8607,8610,9209,9212,X,X,4b68ab3847feda7d6c62c1fbcbeebfa35eab7351ed5e78f4ddadea5df64b8015,4b68ab3847feda7d6c62c1fbcbeebfa35eab7351ed5e78f4ddadea5df64b8015,4b68ab3847feda7d6c62c1fbcbeebfa35eab7351ed5e78f4ddadea5df64b8015,$,,4b68ab3847feda7d6c62c1fbcbeebfa35eab7351ed5e78f4ddadea5df64b8015,4b68ab3847feda7d6c62c1fbcbeebfa35eab7351ed5e78f4ddadea5df64b8015,"{""basis"":""ordered source-target formula atom"",""kind"":""source-target-formula-map""}"
1.1.0,formula,O007-FREMLIN-V2-APP-2A3-FORMULA-0171,O007-FREMLIN-V2-APP-2A3,O007-RIGHTS-FREMLIN-DSL,O007-FREMLIN-V2-APP-2A3-SEG-2A3EB,171,2A3Eb,2A3Eb,191,197,8655,8663,9271,9279,z\in X,z\in X,eba37c0d9f48f102eed98a764f0f716c9a128cef37fdd75f528bef7a5ebb2d15,eba37c0d9f48f102eed98a764f0f716c9a128cef37fdd75f528bef7a5ebb2d15,bf144cb45e78dfbf268603524101261ca261a4af2d598346b5210f0db1c34ad0,$,,bf144cb45e78dfbf268603524101261ca261a4af2d598346b5210f0db1c34ad0,bf144cb45e78dfbf268603524101261ca261a4af2d598346b5210f0db1c34ad0,"{""basis"":""ordered source-target formula atom"",""kind"":""source-target-formula-map""}"
1.1.0,formula,O007-FREMLIN-V2-APP-2A3-FORMULA-0172,O007-FREMLIN-V2-APP-2A3,O007-RIGHTS-FREMLIN-DSL,O007-FREMLIN-V2-APP-2A3-SEG-2A3EB,172,2A3Eb,2A3Eb,191,198,8678,8700,9299,9321,x\in X\setminus\{z\},x\in X\setminus\{z\},09d1829874197677792088ffa53d2e6340ea28c1bafd603aaf9a1af5f6d1ced5,09d1829874197677792088ffa53d2e6340ea28c1bafd603aaf9a1af5f6d1ced5,b6657a9b5afd9b6293c643db916734eee7d79368075da5328a7a2568e5268fc3,$,,b6657a9b5afd9b6293c643db916734eee7d79368075da5328a7a2568e5268fc3,b6657a9b5afd9b6293c643db916734eee7d79368075da5328a7a2568e5268fc3,"{""basis"":""ordered source-target formula atom"",""kind"":""source-target-formula-map""}"
1.1.0,formula,O007-FREMLIN-V2-APP-2A3-FORMULA-0173,O007-FREMLIN-V2-APP-2A3,O007-RIGHTS-FREMLIN-DSL,O007-FREMLIN-V2-APP-2A3-SEG-2A3EB,173,2A3Eb,2A3Eb,192,198,8733,8736,9360,9363,x,x,2d711642b726b04401627ca9fbac32f5c8530fb1903cc4db02258717921a4881,2d711642b726b04401627ca9fbac32f5c8530fb1903cc4db02258717921a4881,2d711642b726b04401627ca9fbac32f5c8530fb1903cc4db02258717921a4881,$,,2d711642b726b04401627ca9fbac32f5c8530fb1903cc4db02258717921a4881,2d711642b726b04401627ca9fbac32f5c8530fb1903cc4db02258717921a4881,"{""basis"":""ordered source-target formula atom"",""kind"":""source-target-formula-map""}"
1.1.0,formula,O007-FREMLIN-V2-APP-2A3-FORMULA-0174,O007-FREMLIN-V2-APP-2A3,O007-RIGHTS-FREMLIN-DSL,O007-FREMLIN-V2-APP-2A3-SEG-2A3EB,174,2A3Eb,2A3Eb,192,199,8745,8748,9384,9387,z,z,594e519ae499312b29433b7dd8a97ff068defcba9755b6d5d00e84c524d67b06,594e519ae499312b29433b7dd8a97ff068defcba9755b6d5d00e84c524d67b06,594e519ae499312b29433b7dd8a97ff068defcba9755b6d5d00e84c524d67b06,$,,594e519ae499312b29433b7dd8a97ff068defcba9755b6d5d00e84c524d67b06,594e519ae499312b29433b7dd8a97ff068defcba9755b6d5d00e84c524d67b06,"{""basis"":""ordered source-target formula atom"",""kind"":""source-target-formula-map""}"
1.1.0,formula,O007-FREMLIN-V2-APP-2A3-FORMULA-0175,O007-FREMLIN-V2-APP-2A3,O007-RIGHTS-FREMLIN-DSL,O007-FREMLIN-V2-APP-2A3-SEG-2A3EB,175,2A3Eb,2A3Eb,192,199,8753,8770,9398,9415,X\setminus\{z\},X\setminus\{z\},0bf31cd15958d58e3010379f27b67b87d738c7c27b6bc008fbd5a2da22b15662,0bf31cd15958d58e3010379f27b67b87d738c7c27b6bc008fbd5a2da22b15662,0bf31cd15958d58e3010379f27b67b87d738c7c27b6bc008fbd5a2da22b15662,$,,0bf31cd15958d58e3010379f27b67b87d738c7c27b6bc008fbd5a2da22b15662,0bf31cd15958d58e3010379f27b67b87d738c7c27b6bc008fbd5a2da22b15662,"{""basis"":""ordered source-target formula atom"",""kind"":""source-target-formula-map""}"
1.1.0,formula,O007-FREMLIN-V2-APP-2A3-FORMULA-0176,O007-FREMLIN-V2-APP-2A3,O007-RIGHTS-FREMLIN-DSL,O007-FREMLIN-V2-APP-2A3-SEG-2A3EB,176,2A3Eb,2A3Eb,194,199,8783,8790,9428,9435,\{z\},\{z\},7eba400fadf9133a0b3832e56d3c0fccf7a9d813059620cf1bf038a02ff83cca,7eba400fadf9133a0b3832e56d3c0fccf7a9d813059620cf1bf038a02ff83cca,7eba400fadf9133a0b3832e56d3c0fccf7a9d813059620cf1bf038a02ff83cca,$,,7eba400fadf9133a0b3832e56d3c0fccf7a9d813059620cf1bf038a02ff83cca,7eba400fadf9133a0b3832e56d3c0fccf7a9d813059620cf1bf038a02ff83cca,"{""basis"":""ordered source-target formula atom"",""kind"":""source-target-formula-map""}"
1.1.0,formula,O007-FREMLIN-V2-APP-2A3-FORMULA-0177,O007-FREMLIN-V2-APP-2A3,O007-RIGHTS-FREMLIN-DSL,O007-FREMLIN-V2-APP-2A3-SEG-2A3F,177,2A3F,2A3F,204,209,9105,9108,9813,9816,X,X,4b68ab3847feda7d6c62c1fbcbeebfa35eab7351ed5e78f4ddadea5df64b8015,4b68ab3847feda7d6c62c1fbcbeebfa35eab7351ed5e78f4ddadea5df64b8015,4b68ab3847feda7d6c62c1fbcbeebfa35eab7351ed5e78f4ddadea5df64b8015,$,,4b68ab3847feda7d6c62c1fbcbeebfa35eab7351ed5e78f4ddadea5df64b8015,4b68ab3847feda7d6c62c1fbcbeebfa35eab7351ed5e78f4ddadea5df64b8015,"{""basis"":""ordered source-target formula atom"",""kind"":""source-target-formula-map""}"
1.1.0,formula,O007-FREMLIN-V2-APP-2A3-FORMULA-0178,O007-FREMLIN-V2-APP-2A3,O007-RIGHTS-FREMLIN-DSL,O007-FREMLIN-V2-APP-2A3-SEG-2A3F,178,2A3F,2A3F,204,210,9145,9148,9865,9868,X,X,4b68ab3847feda7d6c62c1fbcbeebfa35eab7351ed5e78f4ddadea5df64b8015,4b68ab3847feda7d6c62c1fbcbeebfa35eab7351ed5e78f4ddadea5df64b8015,4b68ab3847feda7d6c62c1fbcbeebfa35eab7351ed5e78f4ddadea5df64b8015,$,,4b68ab3847feda7d6c62c1fbcbeebfa35eab7351ed5e78f4ddadea5df64b8015,4b68ab3847feda7d6c62c1fbcbeebfa35eab7351ed5e78f4ddadea5df64b8015,"{""basis"":""ordered source-target formula atom"",""kind"":""source-target-formula-map""}"
1.1.0,formula,O007-FREMLIN-V2-APP-2A3-FORMULA-0179,O007-FREMLIN-V2-APP-2A3,O007-RIGHTS-FREMLIN-DSL,O007-FREMLIN-V2-APP-2A3-SEG-2A3F,179,2A3F,2A3F,205,210,9163,9198,9883,9918,"\rho:X\times X\to\coint{0,\infty}","\rho:X\times X\to\coint{0,\infty}",69c0da7f7a7c4b43429c27be365c9d747d4da38f08b49403b999c397ad817af9,69c0da7f7a7c4b43429c27be365c9d747d4da38f08b49403b999c397ad817af9,cd128d035b5a114ddac4f9e84a34f112d1a790fc2b95b50a4ad98a10dd337a60,$,,cd128d035b5a114ddac4f9e84a34f112d1a790fc2b95b50a4ad98a10dd337a60,cd128d035b5a114ddac4f9e84a34f112d1a790fc2b95b50a4ad98a10dd337a60,"{""basis"":""ordered source-target formula atom"",""kind"":""source-target-formula-map""}"
1.1.0,formula,O007-FREMLIN-V2-APP-2A3-FORMULA-0180,O007-FREMLIN-V2-APP-2A3,O007-RIGHTS-FREMLIN-DSL,O007-FREMLIN-V2-APP-2A3-SEG-2A3F,180,2A3F,2A3F,207,212,9217,9250,9947,9980,"\rho(x,z)\le\rho(x,y)+\rho(y,z)","\rho(x,z)\le\rho(x,y)+\rho(y,z)",fb1838047203077fc60c00bc7bacc1f43f0a8639bdab39ff2b07f38c4e479510,fb1838047203077fc60c00bc7bacc1f43f0a8639bdab39ff2b07f38c4e479510,fb1838047203077fc60c00bc7bacc1f43f0a8639bdab39ff2b07f38c4e479510,$,,fb1838047203077fc60c00bc7bacc1f43f0a8639bdab39ff2b07f38c4e479510,fb1838047203077fc60c00bc7bacc1f43f0a8639bdab39ff2b07f38c4e479510,"{""basis"":""ordered source-target formula atom"",""kind"":""source-target-formula-map""}"
1.1.0,formula,O007-FREMLIN-V2-APP-2A3-FORMULA-0181,O007-FREMLIN-V2-APP-2A3,O007-RIGHTS-FREMLIN-DSL,O007-FREMLIN-V2-APP-2A3-SEG-2A3F,181,2A3F,2A3F,207,212,9259,9262,9994,9997,x,x,2d711642b726b04401627ca9fbac32f5c8530fb1903cc4db02258717921a4881,2d711642b726b04401627ca9fbac32f5c8530fb1903cc4db02258717921a4881,2d711642b726b04401627ca9fbac32f5c8530fb1903cc4db02258717921a4881,$,,2d711642b726b04401627ca9fbac32f5c8530fb1903cc4db02258717921a4881,2d711642b726b04401627ca9fbac32f5c8530fb1903cc4db02258717921a4881,"{""basis"":""ordered source-target formula atom"",""kind"":""source-target-formula-map""}"
1.1.0,formula,O007-FREMLIN-V2-APP-2A3-FORMULA-0182,O007-FREMLIN-V2-APP-2A3,O007-RIGHTS-FREMLIN-DSL,O007-FREMLIN-V2-APP-2A3-SEG-2A3F,182,2A3F,2A3F,207,212,9264,9267,9999,10002,y,y,a1fce4363854ff888cff4b8e7875d600c2682390412a8cf79b37d0b11148b0fa,a1fce4363854ff888cff4b8e7875d600c2682390412a8cf79b37d0b11148b0fa,a1fce4363854ff888cff4b8e7875d600c2682390412a8cf79b37d0b11148b0fa,$,,a1fce4363854ff888cff4b8e7875d600c2682390412a8cf79b37d0b11148b0fa,a1fce4363854ff888cff4b8e7875d600c2682390412a8cf79b37d0b11148b0fa,"{""basis"":""ordered source-target formula atom"",""kind"":""source-target-formula-map""}"
1.1.0,formula,O007-FREMLIN-V2-APP-2A3-FORMULA-0183,O007-FREMLIN-V2-APP-2A3,O007-RIGHTS-FREMLIN-DSL,O007-FREMLIN-V2-APP-2A3-SEG-2A3F,183,2A3F,2A3F,207,212,9269,9277,10004,10012,z\in X,z\in X,eba37c0d9f48f102eed98a764f0f716c9a128cef37fdd75f528bef7a5ebb2d15,eba37c0d9f48f102eed98a764f0f716c9a128cef37fdd75f528bef7a5ebb2d15,bf144cb45e78dfbf268603524101261ca261a4af2d598346b5210f0db1c34ad0,$,,bf144cb45e78dfbf268603524101261ca261a4af2d598346b5210f0db1c34ad0,bf144cb45e78dfbf268603524101261ca261a4af2d598346b5210f0db1c34ad0,"{""basis"":""ordered source-target formula atom"",""kind"":""source-target-formula-map""}"
1.1.0,formula,O007-FREMLIN-V2-APP-2A3-FORMULA-0184,O007-FREMLIN-V2-APP-2A3,O007-RIGHTS-FREMLIN-DSL,O007-FREMLIN-V2-APP-2A3-SEG-2A3F,184,2A3F,2A3F,211,216,9335,9356,10070,10091,"\rho(x,y)=\rho(y,x)","\rho(x,y)=\rho(y,x)",51a1c582649f9e27cbfdf88bb6359c1639e02a52336a1300d3fb71e8a10e2772,51a1c582649f9e27cbfdf88bb6359c1639e02a52336a1300d3fb71e8a10e2772,51a1c582649f9e27cbfdf88bb6359c1639e02a52336a1300d3fb71e8a10e2772,$,,51a1c582649f9e27cbfdf88bb6359c1639e02a52336a1300d3fb71e8a10e2772,51a1c582649f9e27cbfdf88bb6359c1639e02a52336a1300d3fb71e8a10e2772,"{""basis"":""ordered source-target formula atom"",""kind"":""source-target-formula-map""}"
1.1.0,formula,O007-FREMLIN-V2-APP-2A3-FORMULA-0185,O007-FREMLIN-V2-APP-2A3,O007-RIGHTS-FREMLIN-DSL,O007-FREMLIN-V2-APP-2A3-SEG-2A3F,185,2A3F,2A3F,211,216,9365,9368,10105,10108,x,x,2d711642b726b04401627ca9fbac32f5c8530fb1903cc4db02258717921a4881,2d711642b726b04401627ca9fbac32f5c8530fb1903cc4db02258717921a4881,2d711642b726b04401627ca9fbac32f5c8530fb1903cc4db02258717921a4881,$,,2d711642b726b04401627ca9fbac32f5c8530fb1903cc4db02258717921a4881,2d711642b726b04401627ca9fbac32f5c8530fb1903cc4db02258717921a4881,"{""basis"":""ordered source-target formula atom"",""kind"":""source-target-formula-map""}"
1.1.0,formula,O007-FREMLIN-V2-APP-2A3-FORMULA-0186,O007-FREMLIN-V2-APP-2A3,O007-RIGHTS-FREMLIN-DSL,O007-FREMLIN-V2-APP-2A3-SEG-2A3F,186,2A3F,2A3F,211,216,9370,9378,10110,10118,y\in X,y\in X,c1ff04635ef538efbc6d32cf7f1c55cf3986f8e1786e70850bbeedd22a583b33,c1ff04635ef538efbc6d32cf7f1c55cf3986f8e1786e70850bbeedd22a583b33,c0f16e0187ba08ecb03a7ea129bf0a48edfd680299a9366b0b5e0fd293ff7072,$,,c0f16e0187ba08ecb03a7ea129bf0a48edfd680299a9366b0b5e0fd293ff7072,c0f16e0187ba08ecb03a7ea129bf0a48edfd680299a9366b0b5e0fd293ff7072,"{""basis"":""ordered source-target formula atom"",""kind"":""source-target-formula-map""}"
1.1.0,formula,O007-FREMLIN-V2-APP-2A3-FORMULA-0187,O007-FREMLIN-V2-APP-2A3,O007-RIGHTS-FREMLIN-DSL,O007-FREMLIN-V2-APP-2A3-SEG-2A3F,187,2A3F,2A3F,213,218,9381,9394,10121,10134,"\rho(x,x)=0","\rho(x,x)=0",0b9c5929174808bc9567719e8e14b1188d1d7dfb34944b631fc6aeb10bfd14fa,0b9c5929174808bc9567719e8e14b1188d1d7dfb34944b631fc6aeb10bfd14fa,0b9c5929174808bc9567719e8e14b1188d1d7dfb34944b631fc6aeb10bfd14fa,$,,0b9c5929174808bc9567719e8e14b1188d1d7dfb34944b631fc6aeb10bfd14fa,0b9c5929174808bc9567719e8e14b1188d1d7dfb34944b631fc6aeb10bfd14fa,"{""basis"":""ordered source-target formula atom"",""kind"":""source-target-formula-map""}"
1.1.0,formula,O007-FREMLIN-V2-APP-2A3-FORMULA-0188,O007-FREMLIN-V2-APP-2A3,O007-RIGHTS-FREMLIN-DSL,O007-FREMLIN-V2-APP-2A3-SEG-2A3F,188,2A3F,2A3F,213,218,9403,9411,10148,10156,x\in X,x\in X,d9448dfd3954dd39c12d483afd23d561b1b7d735af5f430b5dc457e6fa9ef99b,d9448dfd3954dd39c12d483afd23d561b1b7d735af5f430b5dc457e6fa9ef99b,858979f0c33c5f45e30780b82e2fa00184311296fbb7ef6bf3f4a6007c9b9cb1,$,,858979f0c33c5f45e30780b82e2fa00184311296fbb7ef6bf3f4a6007c9b9cb1,858979f0c33c5f45e30780b82e2fa00184311296fbb7ef6bf3f4a6007c9b9cb1,"{""basis"":""ordered source-target formula atom"",""kind"":""source-target-formula-map""}"
1.1.0,formula,O007-FREMLIN-V2-APP-2A3-FORMULA-0189,O007-FREMLIN-V2-APP-2A3,O007-RIGHTS-FREMLIN-DSL,O007-FREMLIN-V2-APP-2A3-SEG-2A3F,189,2A3F,2A3F,215,220,9458,9464,10210,10216,\rho,\rho,dabec2cdc19c316749385782948e50b66047b4aac5b8cd44e6f5037d11109ac0,dabec2cdc19c316749385782948e50b66047b4aac5b8cd44e6f5037d11109ac0,dabec2cdc19c316749385782948e50b66047b4aac5b8cd44e6f5037d11109ac0,$,,dabec2cdc19c316749385782948e50b66047b4aac5b8cd44e6f5037d11109ac0,dabec2cdc19c316749385782948e50b66047b4aac5b8cd44e6f5037d11109ac0,"{""basis"":""ordered source-target formula atom"",""kind"":""source-target-formula-map""}"
1.1.0,formula,O007-FREMLIN-V2-APP-2A3-FORMULA-0190,O007-FREMLIN-V2-APP-2A3,O007-RIGHTS-FREMLIN-DSL,O007-FREMLIN-V2-APP-2A3-SEG-2A3F,190,2A3F,2A3F,218,223,9509,9522,10260,10273,"\rho(x,y)=0","\rho(x,y)=0",08243bb60813bb0dde1c8845fd4a8fd1a4099527abff453606ad8852b7113ca8,08243bb60813bb0dde1c8845fd4a8fd1a4099527abff453606ad8852b7113ca8,08243bb60813bb0dde1c8845fd4a8fd1a4099527abff453606ad8852b7113ca8,$,,08243bb60813bb0dde1c8845fd4a8fd1a4099527abff453606ad8852b7113ca8,08243bb60813bb0dde1c8845fd4a8fd1a4099527abff453606ad8852b7113ca8,"{""basis"":""ordered source-target formula atom"",""kind"":""source-target-formula-map""}"
1.1.0,formula,O007-FREMLIN-V2-APP-2A3-FORMULA-0191,O007-FREMLIN-V2-APP-2A3,O007-RIGHTS-FREMLIN-DSL,O007-FREMLIN-V2-APP-2A3-SEG-2A3F,191,2A3F,2A3F,218,223,9528,9533,10279,10284,x=y,x=y,14bf50d80768f3bcd08b39d302f7e14465ae44bf65e7ef88bb28e83e8a1ae172,14bf50d80768f3bcd08b39d302f7e14465ae44bf65e7ef88bb28e83e8a1ae172,14bf50d80768f3bcd08b39d302f7e14465ae44bf65e7ef88bb28e83e8a1ae172,$,,14bf50d80768f3bcd08b39d302f7e14465ae44bf65e7ef88bb28e83e8a1ae172,14bf50d80768f3bcd08b39d302f7e14465ae44bf65e7ef88bb28e83e8a1ae172,"{""basis"":""ordered source-target formula atom"",""kind"":""source-target-formula-map""}"
1.1.0,formula,O007-FREMLIN-V2-APP-2A3-FORMULA-0192,O007-FREMLIN-V2-APP-2A3,O007-RIGHTS-FREMLIN-DSL,O007-FREMLIN-V2-APP-2A3-SEG-2A3FB,192,2A3Fb,2A3Fb,220,225,9578,9581,10329,10332,x,x,2d711642b726b04401627ca9fbac32f5c8530fb1903cc4db02258717921a4881,2d711642b726b04401627ca9fbac32f5c8530fb1903cc4db02258717921a4881,2d711642b726b04401627ca9fbac32f5c8530fb1903cc4db02258717921a4881,$,,2d711642b726b04401627ca9fbac32f5c8530fb1903cc4db02258717921a4881,2d711642b726b04401627ca9fbac32f5c8530fb1903cc4db02258717921a4881,"{""basis"":""ordered source-target formula atom"",""kind"":""source-target-formula-map""}"
1.1.0,formula,O007-FREMLIN-V2-APP-2A3-FORMULA-0193,O007-FREMLIN-V2-APP-2A3,O007-RIGHTS-FREMLIN-DSL,O007-FREMLIN-V2-APP-2A3-SEG-2A3FB,193,2A3Fb,2A3Fb,220,225,9583,9595,10334,10346,y\in\Bbb R,y\in\Bbb R,9375fd696e48938299626c1488e412774751f5821318a8ca2e1dd5b28240793e,9375fd696e48938299626c1488e412774751f5821318a8ca2e1dd5b28240793e,e4864627324935f9a6754eeffe3f00d2186398331f1a78d6af98e68ad63df69d,$,,e4864627324935f9a6754eeffe3f00d2186398331f1a78d6af98e68ad63df69d,e4864627324935f9a6754eeffe3f00d2186398331f1a78d6af98e68ad63df69d,"{""basis"":""ordered source-target formula atom"",""kind"":""source-target-formula-map""}"
1.1.0,formula,O007-FREMLIN-V2-APP-2A3-FORMULA-0194,O007-FREMLIN-V2-APP-2A3,O007-RIGHTS-FREMLIN-DSL,O007-FREMLIN-V2-APP-2A3-SEG-2A3FB,194,2A3Fb,2A3Fb,221,226,9601,9618,10357,10374,"\rho(x,y)=|x-y|","\rho(x,y)=|x-y|",afa9b00d79ff4343d3f4896c6e3c1ae91116ae24a02ea5447e08eb9c32fcd2cd,afa9b00d79ff4343d3f4896c6e3c1ae91116ae24a02ea5447e08eb9c32fcd2cd,afa9b00d79ff4343d3f4896c6e3c1ae91116ae24a02ea5447e08eb9c32fcd2cd,$,,afa9b00d79ff4343d3f4896c6e3c1ae91116ae24a02ea5447e08eb9c32fcd2cd,afa9b00d79ff4343d3f4896c6e3c1ae91116ae24a02ea5447e08eb9c32fcd2cd,"{""basis"":""ordered source-target formula atom"",""kind"":""source-target-formula-map""}"
1.1.0,formula,O007-FREMLIN-V2-APP-2A3-FORMULA-0195,O007-FREMLIN-V2-APP-2A3,O007-RIGHTS-FREMLIN-DSL,O007-FREMLIN-V2-APP-2A3-SEG-2A3FB,195,2A3Fb,2A3Fb,221,226,9633,9639,10388,10394,\rho,\rho,dabec2cdc19c316749385782948e50b66047b4aac5b8cd44e6f5037d11109ac0,dabec2cdc19c316749385782948e50b66047b4aac5b8cd44e6f5037d11109ac0,dabec2cdc19c316749385782948e50b66047b4aac5b8cd44e6f5037d11109ac0,$,,dabec2cdc19c316749385782948e50b66047b4aac5b8cd44e6f5037d11109ac0,dabec2cdc19c316749385782948e50b66047b4aac5b8cd44e6f5037d11109ac0,"{""basis"":""ordered source-target formula atom"",""kind"":""source-target-formula-map""}"
1.1.0,formula,O007-FREMLIN-V2-APP-2A3-FORMULA-0196,O007-FREMLIN-V2-APP-2A3,O007-RIGHTS-FREMLIN-DSL,O007-FREMLIN-V2-APP-2A3-SEG-2A3FB,196,2A3Fb,2A3Fb,221,226,9655,9663,10414,10422,\Bbb R,\Bbb R,f9d62b077eddf72778fc05527c5aa4d2352f16a46a94808294fdc2cb7e406580,f9d62b077eddf72778fc05527c5aa4d2352f16a46a94808294fdc2cb7e406580,22316cdc991b42844c0fcdb72f227b6d4c0e8457a736e325af2845b7b3df7f6c,$,,22316cdc991b42844c0fcdb72f227b6d4c0e8457a736e325af2845b7b3df7f6c,22316cdc991b42844c0fcdb72f227b6d4c0e8457a736e325af2845b7b3df7f6c,"{""basis"":""ordered source-target formula atom"",""kind"":""source-target-formula-map""}"
1.1.0,formula,O007-FREMLIN-V2-APP-2A3-FORMULA-0197,O007-FREMLIN-V2-APP-2A3,O007-RIGHTS-FREMLIN-DSL,O007-FREMLIN-V2-APP-2A3-SEG-2A3FB,197,2A3Fb,2A3Fb,222,227,9688,9696,10445,10453,\Bbb R,\Bbb R,f9d62b077eddf72778fc05527c5aa4d2352f16a46a94808294fdc2cb7e406580,f9d62b077eddf72778fc05527c5aa4d2352f16a46a94808294fdc2cb7e406580,22316cdc991b42844c0fcdb72f227b6d4c0e8457a736e325af2845b7b3df7f6c,$,,22316cdc991b42844c0fcdb72f227b6d4c0e8457a736e325af2845b7b3df7f6c,22316cdc991b42844c0fcdb72f227b6d4c0e8457a736e325af2845b7b3df7f6c,"{""basis"":""ordered source-target formula atom"",""kind"":""source-target-formula-map""}"
1.1.0,formula,O007-FREMLIN-V2-APP-2A3-FORMULA-0198,O007-FREMLIN-V2-APP-2A3,O007-RIGHTS-FREMLIN-DSL,O007-FREMLIN-V2-APP-2A3-SEG-2A3FB,198,2A3Fb,2A3Fb,226,231,9730,9733,10489,10492,x,x,2d711642b726b04401627ca9fbac32f5c8530fb1903cc4db02258717921a4881,2d711642b726b04401627ca9fbac32f5c8530fb1903cc4db02258717921a4881,2d711642b726b04401627ca9fbac32f5c8530fb1903cc4db02258717921a4881,$,,2d711642b726b04401627ca9fbac32f5c8530fb1903cc4db02258717921a4881,2d711642b726b04401627ca9fbac32f5c8530fb1903cc4db02258717921a4881,"{""basis"":""ordered source-target formula atom"",""kind"":""source-target-formula-map""}"
1.1.0,formula,O007-FREMLIN-V2-APP-2A3-FORMULA-0199,O007-FREMLIN-V2-APP-2A3,O007-RIGHTS-FREMLIN-DSL,O007-FREMLIN-V2-APP-2A3-SEG-2A3FB,199,2A3Fb,2A3Fb,226,231,9735,9748,10494,10507,y\in\BbbR^r,y\in\BbbR^r,f2279e9e229a4192ee10418a1ae37f036aa71bae84724317b5df93795489ae12,f2279e9e229a4192ee10418a1ae37f036aa71bae84724317b5df93795489ae12,f2279e9e229a4192ee10418a1ae37f036aa71bae84724317b5df93795489ae12,$,,f2279e9e229a4192ee10418a1ae37f036aa71bae84724317b5df93795489ae12,f2279e9e229a4192ee10418a1ae37f036aa71bae84724317b5df93795489ae12,"{""basis"":""ordered source-target formula atom"",""kind"":""source-target-formula-map""}"
1.1.0,formula,O007-FREMLIN-V2-APP-2A3-FORMULA-0200,O007-FREMLIN-V2-APP-2A3,O007-RIGHTS-FREMLIN-DSL,O007-FREMLIN-V2-APP-2A3-SEG-2A3FB,200,2A3Fb,2A3Fb,226,231,9756,9764,10516,10524,r\ge 1,r\ge 1,10bc42d96f51887ea400533a0f6b343406ae6bb4aac04938120632d6289e30dc,10bc42d96f51887ea400533a0f6b343406ae6bb4aac04938120632d6289e30dc,48d931adc78b0f862d3435fd812b0154451317701e4ee6ece3563bbd6d25a196,$,,48d931adc78b0f862d3435fd812b0154451317701e4ee6ece3563bbd6d25a196,48d931adc78b0f862d3435fd812b0154451317701e4ee6ece3563bbd6d25a196,"{""basis"":""ordered source-target formula atom"",""kind"":""source-target-formula-map""}"
1.1.0,formula,O007-FREMLIN-V2-APP-2A3-FORMULA-0201,O007-FREMLIN-V2-APP-2A3,O007-RIGHTS-FREMLIN-DSL,O007-FREMLIN-V2-APP-2A3-SEG-2A3FB,201,2A3Fb,2A3Fb,227,232,9770,9789,10535,10554,"\rho(x,y)=\|x-y\|","\rho(x,y)=\|x-y\|",c59f668343c90dc0dc2d5925d5ae487e945f27608d537e148cc8a5eb787bd98b,c59f668343c90dc0dc2d5925d5ae487e945f27608d537e148cc8a5eb787bd98b,c59f668343c90dc0dc2d5925d5ae487e945f27608d537e148cc8a5eb787bd98b,$,,c59f668343c90dc0dc2d5925d5ae487e945f27608d537e148cc8a5eb787bd98b,c59f668343c90dc0dc2d5925d5ae487e945f27608d537e148cc8a5eb787bd98b,"{""basis"":""ordered source-target formula atom"",""kind"":""source-target-formula-map""}"
1.1.0,formula,O007-FREMLIN-V2-APP-2A3-FORMULA-0202,O007-FREMLIN-V2-APP-2A3,O007-RIGHTS-FREMLIN-DSL,O007-FREMLIN-V2-APP-2A3-SEG-2A3FB,202,2A3Fb,2A3Fb,227,232,9800,9836,10571,10607,\|z\|=\sqrt{\sum_{i=1}^r\zeta_i^2},\|z\|=\sqrt{\sum_{i=1}^r\zeta_i^2},0c3fcf5537b0873350c9329e60f7dfc544a7143add63116c34d06e2845865b90,0c3fcf5537b0873350c9329e60f7dfc544a7143add63116c34d06e2845865b90,0c3fcf5537b0873350c9329e60f7dfc544a7143add63116c34d06e2845865b90,$,,0c3fcf5537b0873350c9329e60f7dfc544a7143add63116c34d06e2845865b90,0c3fcf5537b0873350c9329e60f7dfc544a7143add63116c34d06e2845865b90,"{""basis"":""ordered source-target formula atom"",""kind"":""source-target-formula-map""}"
1.1.0,formula,O007-FREMLIN-V2-APP-2A3-FORMULA-0203,O007-FREMLIN-V2-APP-2A3,O007-RIGHTS-FREMLIN-DSL,O007-FREMLIN-V2-APP-2A3-SEG-2A3FB,203,2A3Fb,2A3Fb,228,233,9855,9861,10629,10635,\rho,\rho,dabec2cdc19c316749385782948e50b66047b4aac5b8cd44e6f5037d11109ac0,dabec2cdc19c316749385782948e50b66047b4aac5b8cd44e6f5037d11109ac0,dabec2cdc19c316749385782948e50b66047b4aac5b8cd44e6f5037d11109ac0,$,,dabec2cdc19c316749385782948e50b66047b4aac5b8cd44e6f5037d11109ac0,dabec2cdc19c316749385782948e50b66047b4aac5b8cd44e6f5037d11109ac0,"{""basis"":""ordered source-target formula atom"",""kind"":""source-target-formula-map""}"
1.1.0,formula,O007-FREMLIN-V2-APP-2A3-FORMULA-0204,O007-FREMLIN-V2-APP-2A3,O007-RIGHTS-FREMLIN-DSL,O007-FREMLIN-V2-APP-2A3-SEG-2A3FB,204,2A3Fb,2A3Fb,229,234,9913,9923,10693,10702,"\Bbb
R^r",\BbbR^r,cc91bf816ee44b2870d6e138ef428ff61e567cf758208fb5892eaacbea497aa9,6a5173578402ab704fe0e78c24a3f6f09fe9ed2c7ea0fbe574d688249eb91ed7,6a5173578402ab704fe0e78c24a3f6f09fe9ed2c7ea0fbe574d688249eb91ed7,$,,6a5173578402ab704fe0e78c24a3f6f09fe9ed2c7ea0fbe574d688249eb91ed7,6a5173578402ab704fe0e78c24a3f6f09fe9ed2c7ea0fbe574d688249eb91ed7,"{""basis"":""ordered source-target formula atom"",""kind"":""source-target-formula-map""}"
1.1.0,formula,O007-FREMLIN-V2-APP-2A3-FORMULA-0205,O007-FREMLIN-V2-APP-2A3,O007-RIGHTS-FREMLIN-DSL,O007-FREMLIN-V2-APP-2A3-SEG-2A3FB,205,2A3Fb,2A3Fb,230,234,9963,9969,10742,10748,\rho,\rho,dabec2cdc19c316749385782948e50b66047b4aac5b8cd44e6f5037d11109ac0,dabec2cdc19c316749385782948e50b66047b4aac5b8cd44e6f5037d11109ac0,dabec2cdc19c316749385782948e50b66047b4aac5b8cd44e6f5037d11109ac0,$,,dabec2cdc19c316749385782948e50b66047b4aac5b8cd44e6f5037d11109ac0,dabec2cdc19c316749385782948e50b66047b4aac5b8cd44e6f5037d11109ac0,"{""basis"":""ordered source-target formula atom"",""kind"":""source-target-formula-map""}"
1.1.0,formula,O007-FREMLIN-V2-APP-2A3-FORMULA-0206,O007-FREMLIN-V2-APP-2A3,O007-RIGHTS-FREMLIN-DSL,O007-FREMLIN-V2-APP-2A3-SEG-2A3FB,206,2A3Fb,2A3Fb,231,236,10014,10017,10798,10801,x,x,2d711642b726b04401627ca9fbac32f5c8530fb1903cc4db02258717921a4881,2d711642b726b04401627ca9fbac32f5c8530fb1903cc4db02258717921a4881,2d711642b726b04401627ca9fbac32f5c8530fb1903cc4db02258717921a4881,$,,2d711642b726b04401627ca9fbac32f5c8530fb1903cc4db02258717921a4881,2d711642b726b04401627ca9fbac32f5c8530fb1903cc4db02258717921a4881,"{""basis"":""ordered source-target formula atom"",""kind"":""source-target-formula-map""}"
1.1.0,formula,O007-FREMLIN-V2-APP-2A3-FORMULA-0207,O007-FREMLIN-V2-APP-2A3,O007-RIGHTS-FREMLIN-DSL,O007-FREMLIN-V2-APP-2A3-SEG-2A3FB,207,2A3Fb,2A3Fb,231,236,10019,10022,10803,10806,y,y,a1fce4363854ff888cff4b8e7875d600c2682390412a8cf79b37d0b11148b0fa,a1fce4363854ff888cff4b8e7875d600c2682390412a8cf79b37d0b11148b0fa,a1fce4363854ff888cff4b8e7875d600c2682390412a8cf79b37d0b11148b0fa,$,,a1fce4363854ff888cff4b8e7875d600c2682390412a8cf79b37d0b11148b0fa,a1fce4363854ff888cff4b8e7875d600c2682390412a8cf79b37d0b11148b0fa,"{""basis"":""ordered source-target formula atom"",""kind"":""source-target-formula-map""}"
1.1.0,formula,O007-FREMLIN-V2-APP-2A3-FORMULA-0208,O007-FREMLIN-V2-APP-2A3,O007-RIGHTS-FREMLIN-DSL,O007-FREMLIN-V2-APP-2A3-SEG-2A3FB,208,2A3Fb,2A3Fb,231,236,10024,10037,10808,10821,z\in\BbbR^r,z\in\BbbR^r,0b03c848504cb8d4519d7d3ad8866189dab6e5c70bc41cc321c6f0d0c1986f26,0b03c848504cb8d4519d7d3ad8866189dab6e5c70bc41cc321c6f0d0c1986f26,0b03c848504cb8d4519d7d3ad8866189dab6e5c70bc41cc321c6f0d0c1986f26,$,,0b03c848504cb8d4519d7d3ad8866189dab6e5c70bc41cc321c6f0d0c1986f26,0b03c848504cb8d4519d7d3ad8866189dab6e5c70bc41cc321c6f0d0c1986f26,"{""basis"":""ordered source-target formula atom"",""kind"":""source-target-formula-map""}"
1.1.0,formula,O007-FREMLIN-V2-APP-2A3-FORMULA-0209,O007-FREMLIN-V2-APP-2A3,O007-RIGHTS-FREMLIN-DSL,O007-FREMLIN-V2-APP-2A3-SEG-2A3FB,209,2A3Fb,2A3Fb,233,238,10057,10131,10841,10915,"\rho(x,z)=\|x-z\|=\|(x-y)+(y-z)\|
\le\|x-y\|+\|y-z\|=\rho(x,y)+\rho(y,z)","\rho(x,z)=\|x-z\|=\|(x-y)+(y-z)\|
\le\|x-y\|+\|y-z\|=\rho(x,y)+\rho(y,z)",8ea63c47c9dc11efff051fc78b3d0cd57440224609fd75634f8de9f256d43d55,8ea63c47c9dc11efff051fc78b3d0cd57440224609fd75634f8de9f256d43d55,85faf207f3dd776040e3f6b00266138f956703e8875572d034cd0bf6672ae240,$,,85faf207f3dd776040e3f6b00266138f956703e8875572d034cd0bf6672ae240,85faf207f3dd776040e3f6b00266138f956703e8875572d034cd0bf6672ae240,"{""basis"":""ordered source-target formula atom"",""kind"":""source-target-formula-map""}"
1.1.0,formula,O007-FREMLIN-V2-APP-2A3-FORMULA-0210,O007-FREMLIN-V2-APP-2A3,O007-RIGHTS-FREMLIN-DSL,O007-FREMLIN-V2-APP-2A3-SEG-2A3FB,210,2A3Fb,2A3Fb,236,241,10178,10184,10967,10973,\rho,\rho,dabec2cdc19c316749385782948e50b66047b4aac5b8cd44e6f5037d11109ac0,dabec2cdc19c316749385782948e50b66047b4aac5b8cd44e6f5037d11109ac0,dabec2cdc19c316749385782948e50b66047b4aac5b8cd44e6f5037d11109ac0,$,,dabec2cdc19c316749385782948e50b66047b4aac5b8cd44e6f5037d11109ac0,dabec2cdc19c316749385782948e50b66047b4aac5b8cd44e6f5037d11109ac0,"{""basis"":""ordered source-target formula atom"",""kind"":""source-target-formula-map""}"
1.1.0,formula,O007-FREMLIN-V2-APP-2A3-FORMULA-0211,O007-FREMLIN-V2-APP-2A3,O007-RIGHTS-FREMLIN-DSL,O007-FREMLIN-V2-APP-2A3-SEG-2A3FB,211,2A3Fb,2A3Fb,242,247,10320,10328,11111,11119,r\ge 2,r\ge 2,df23a372902d7f66067637ffc5fecc8dd227ce0b12b1a1a0205b10b4e8dac3f3,df23a372902d7f66067637ffc5fecc8dd227ce0b12b1a1a0205b10b4e8dac3f3,0e41d6ffe4a47ced90506dd7ba50cf1e011ca04e9fa806f44d41e4302694800b,$,,0e41d6ffe4a47ced90506dd7ba50cf1e011ca04e9fa806f44d41e4302694800b,0e41d6ffe4a47ced90506dd7ba50cf1e011ca04e9fa806f44d41e4302694800b,"{""basis"":""ordered source-target formula atom"",""kind"":""source-target-formula-map""}"
1.1.0,formula,O007-FREMLIN-V2-APP-2A3-FORMULA-0212,O007-FREMLIN-V2-APP-2A3,O007-RIGHTS-FREMLIN-DSL,O007-FREMLIN-V2-APP-2A3-SEG-2A3FB,212,2A3Fb,2A3Fb,242,247,10340,10387,11136,11183,"\rho:\BbbR^r\times\Bbb
R^r\to\coint{0,\infty}","\rho:\BbbR^r\times\Bbb
R^r\to\coint{0,\infty}",37a06367cf40cea2cd3650aba97614c1ff6f0b1982489b51c8b7884b190474bb,37a06367cf40cea2cd3650aba97614c1ff6f0b1982489b51c8b7884b190474bb,85ee31a571bf3c2752dd074194435eb4c064b27c660867fef44d54db2a6a4a75,$,,85ee31a571bf3c2752dd074194435eb4c064b27c660867fef44d54db2a6a4a75,85ee31a571bf3c2752dd074194435eb4c064b27c660867fef44d54db2a6a4a75,"{""basis"":""ordered source-target formula atom"",""kind"":""source-target-formula-map""}"
1.1.0,formula,O007-FREMLIN-V2-APP-2A3-FORMULA-0213,O007-FREMLIN-V2-APP-2A3,O007-RIGHTS-FREMLIN-DSL,O007-FREMLIN-V2-APP-2A3-SEG-2A3FB,213,2A3Fb,2A3Fb,243,248,10399,10425,11200,11226,"\rho(x,y)=|\xi_1-\eta_1|","\rho(x,y)=|\xi_1-\eta_1|",40eca907d2bf7802b6b5bdd455537289bb8c58d8092e7182a057413b469f571f,40eca907d2bf7802b6b5bdd455537289bb8c58d8092e7182a057413b469f571f,40eca907d2bf7802b6b5bdd455537289bb8c58d8092e7182a057413b469f571f,$,,40eca907d2bf7802b6b5bdd455537289bb8c58d8092e7182a057413b469f571f,40eca907d2bf7802b6b5bdd455537289bb8c58d8092e7182a057413b469f571f,"{""basis"":""ordered source-target formula atom"",""kind"":""source-target-formula-map""}"
1.1.0,formula,O007-FREMLIN-V2-APP-2A3-FORMULA-0214,O007-FREMLIN-V2-APP-2A3,O007-RIGHTS-FREMLIN-DSL,O007-FREMLIN-V2-APP-2A3-SEG-2A3FB,214,2A3Fb,2A3Fb,244,249,10435,10459,11239,11263,"x=(\xi_1,\ldots,\xi_r)","x=(\xi_1,\ldots,\xi_r)",41d2baa1899db980733b70e1796cde44d7164cca407a209d88924d4b695283aa,41d2baa1899db980733b70e1796cde44d7164cca407a209d88924d4b695283aa,41d2baa1899db980733b70e1796cde44d7164cca407a209d88924d4b695283aa,$,,41d2baa1899db980733b70e1796cde44d7164cca407a209d88924d4b695283aa,41d2baa1899db980733b70e1796cde44d7164cca407a209d88924d4b695283aa,"{""basis"":""ordered source-target formula atom"",""kind"":""source-target-formula-map""}"
1.1.0,formula,O007-FREMLIN-V2-APP-2A3-FORMULA-0215,O007-FREMLIN-V2-APP-2A3,O007-RIGHTS-FREMLIN-DSL,O007-FREMLIN-V2-APP-2A3-SEG-2A3FB,215,2A3Fb,2A3Fb,244,249,10461,10497,11265,11301,"y=(\eta_1,\ldots,\eta_r)\in\BbbR^r","y=(\eta_1,\ldots,\eta_r)\in\BbbR^r",d4713849122bccf9bdc91c49fd0f85571645adaf147a2fb571765304bb57b4eb,d4713849122bccf9bdc91c49fd0f85571645adaf147a2fb571765304bb57b4eb,d4713849122bccf9bdc91c49fd0f85571645adaf147a2fb571765304bb57b4eb,$,,d4713849122bccf9bdc91c49fd0f85571645adaf147a2fb571765304bb57b4eb,d4713849122bccf9bdc91c49fd0f85571645adaf147a2fb571765304bb57b4eb,"{""basis"":""ordered source-target formula atom"",""kind"":""source-target-formula-map""}"
1.1.0,formula,O007-FREMLIN-V2-APP-2A3-FORMULA-0216,O007-FREMLIN-V2-APP-2A3,O007-RIGHTS-FREMLIN-DSL,O007-FREMLIN-V2-APP-2A3-SEG-2A3FC,216,2A3Fc,2A3Fc,247,252,10549,10552,11363,11366,X,X,4b68ab3847feda7d6c62c1fbcbeebfa35eab7351ed5e78f4ddadea5df64b8015,4b68ab3847feda7d6c62c1fbcbeebfa35eab7351ed5e78f4ddadea5df64b8015,4b68ab3847feda7d6c62c1fbcbeebfa35eab7351ed5e78f4ddadea5df64b8015,$,,4b68ab3847feda7d6c62c1fbcbeebfa35eab7351ed5e78f4ddadea5df64b8015,4b68ab3847feda7d6c62c1fbcbeebfa35eab7351ed5e78f4ddadea5df64b8015,"{""basis"":""ordered source-target formula atom"",""kind"":""source-target-formula-map""}"
1.1.0,formula,O007-FREMLIN-V2-APP-2A3-FORMULA-0217,O007-FREMLIN-V2-APP-2A3,O007-RIGHTS-FREMLIN-DSL,O007-FREMLIN-V2-APP-2A3-SEG-2A3FC,217,2A3Fc,2A3Fc,247,253,10566,10572,11387,11393,\Rho,\Rho,52096aaef22267b537a019d25e49b90abcbbc43f2e8a636d73f93baeb39efa3e,52096aaef22267b537a019d25e49b90abcbbc43f2e8a636d73f93baeb39efa3e,52096aaef22267b537a019d25e49b90abcbbc43f2e8a636d73f93baeb39efa3e,$,,52096aaef22267b537a019d25e49b90abcbbc43f2e8a636d73f93baeb39efa3e,52096aaef22267b537a019d25e49b90abcbbc43f2e8a636d73f93baeb39efa3e,"{""basis"":""ordered source-target formula atom"",""kind"":""source-target-formula-map""}"
1.1.0,formula,O007-FREMLIN-V2-APP-2A3-FORMULA-0218,O007-FREMLIN-V2-APP-2A3,O007-RIGHTS-FREMLIN-DSL,O007-FREMLIN-V2-APP-2A3-SEG-2A3FC,218,2A3Fc,2A3Fc,249,253,10612,10615,11444,11447,X,X,4b68ab3847feda7d6c62c1fbcbeebfa35eab7351ed5e78f4ddadea5df64b8015,4b68ab3847feda7d6c62c1fbcbeebfa35eab7351ed5e78f4ddadea5df64b8015,4b68ab3847feda7d6c62c1fbcbeebfa35eab7351ed5e78f4ddadea5df64b8015,$,,4b68ab3847feda7d6c62c1fbcbeebfa35eab7351ed5e78f4ddadea5df64b8015,4b68ab3847feda7d6c62c1fbcbeebfa35eab7351ed5e78f4ddadea5df64b8015,"{""basis"":""ordered source-target formula atom"",""kind"":""source-target-formula-map""}"
1.1.0,formula,O007-FREMLIN-V2-APP-2A3-FORMULA-0219,O007-FREMLIN-V2-APP-2A3,O007-RIGHTS-FREMLIN-DSL,O007-FREMLIN-V2-APP-2A3-SEG-2A3FC,219,2A3Fc,2A3Fc,249,254,10623,10632,11458,11467,\frak T,\frak T,0647f8d3ad6092ab3a9c92fd71ee29d66b86e14d9c9582db084142bee077c226,0647f8d3ad6092ab3a9c92fd71ee29d66b86e14d9c9582db084142bee077c226,44c7e1dba9432c4271c4d22b9a844dc7f447c4cb30f1129ac0c3db3f54646d4b,$,,44c7e1dba9432c4271c4d22b9a844dc7f447c4cb30f1129ac0c3db3f54646d4b,44c7e1dba9432c4271c4d22b9a844dc7f447c4cb30f1129ac0c3db3f54646d4b,"{""basis"":""ordered source-target formula atom"",""kind"":""source-target-formula-map""}"
1.1.0,formula,O007-FREMLIN-V2-APP-2A3-FORMULA-0220,O007-FREMLIN-V2-APP-2A3,O007-RIGHTS-FREMLIN-DSL,O007-FREMLIN-V2-APP-2A3-SEG-2A3FC,220,2A3Fc,2A3Fc,249,254,10664,10667,11493,11496,G,G,333e0a1e27815d0ceee55c473fe3dc93d56c63e3bee2b3b4aee8eed6d70191a3,333e0a1e27815d0ceee55c473fe3dc93d56c63e3bee2b3b4aee8eed6d70191a3,333e0a1e27815d0ceee55c473fe3dc93d56c63e3bee2b3b4aee8eed6d70191a3,$,,333e0a1e27815d0ceee55c473fe3dc93d56c63e3bee2b3b4aee8eed6d70191a3,333e0a1e27815d0ceee55c473fe3dc93d56c63e3bee2b3b4aee8eed6d70191a3,"{""basis"":""ordered source-target formula atom"",""kind"":""source-target-formula-map""}"
1.1.0,formula,O007-FREMLIN-V2-APP-2A3-FORMULA-0221,O007-FREMLIN-V2-APP-2A3,O007-RIGHTS-FREMLIN-DSL,O007-FREMLIN-V2-APP-2A3-SEG-2A3FC,221,2A3Fc,2A3Fc,250,254,10671,10674,11502,11505,X,X,4b68ab3847feda7d6c62c1fbcbeebfa35eab7351ed5e78f4ddadea5df64b8015,4b68ab3847feda7d6c62c1fbcbeebfa35eab7351ed5e78f4ddadea5df64b8015,4b68ab3847feda7d6c62c1fbcbeebfa35eab7351ed5e78f4ddadea5df64b8015,$,,4b68ab3847feda7d6c62c1fbcbeebfa35eab7351ed5e78f4ddadea5df64b8015,4b68ab3847feda7d6c62c1fbcbeebfa35eab7351ed5e78f4ddadea5df64b8015,"{""basis"":""ordered source-target formula atom"",""kind"":""source-target-formula-map""}"
1.1.0,formula,O007-FREMLIN-V2-APP-2A3-FORMULA-0222,O007-FREMLIN-V2-APP-2A3,O007-RIGHTS-FREMLIN-DSL,O007-FREMLIN-V2-APP-2A3-SEG-2A3FC,222,2A3Fc,2A3Fc,250,255,10695,10703,11539,11547,x\in G,x\in G,3faccb525a29c5c66379ad205d954d7822aa6ecb75b815bd94d489678ce6aa50,3faccb525a29c5c66379ad205d954d7822aa6ecb75b815bd94d489678ce6aa50,f890bd8a169841a8e4c425e62d012427d5ad44ba0a41eee342be8094ad1fd32f,$,,f890bd8a169841a8e4c425e62d012427d5ad44ba0a41eee342be8094ad1fd32f,f890bd8a169841a8e4c425e62d012427d5ad44ba0a41eee342be8094ad1fd32f,"{""basis"":""ordered source-target formula atom"",""kind"":""source-target-formula-map""}"
1.1.0,formula,O007-FREMLIN-V2-APP-2A3-FORMULA-0223,O007-FREMLIN-V2-APP-2A3,O007-RIGHTS-FREMLIN-DSL,O007-FREMLIN-V2-APP-2A3-SEG-2A3FC,223,2A3Fc,2A3Fc,251,256,10714,10743,11557,11586,"\rho_0,\ldots,\rho_n\in\Rho","\rho_0,\ldots,\rho_n\in\Rho",b55830b91ca404291e3addf0094f1ede412b26874c329e0e39dca7ed465e03c0,b55830b91ca404291e3addf0094f1ede412b26874c329e0e39dca7ed465e03c0,b55830b91ca404291e3addf0094f1ede412b26874c329e0e39dca7ed465e03c0,$,,b55830b91ca404291e3addf0094f1ede412b26874c329e0e39dca7ed465e03c0,b55830b91ca404291e3addf0094f1ede412b26874c329e0e39dca7ed465e03c0,"{""basis"":""ordered source-target formula atom"",""kind"":""source-target-formula-map""}"
1.1.0,formula,O007-FREMLIN-V2-APP-2A3-FORMULA-0224,O007-FREMLIN-V2-APP-2A3,O007-RIGHTS-FREMLIN-DSL,O007-FREMLIN-V2-APP-2A3-SEG-2A3FC,224,2A3Fc,2A3Fc,251,256,10748,10758,11591,11601,\delta>0,\delta>0,28c5f4f559bc00a49055a369c53d2382bf799ab5fa662c1b53944e9762606ec9,28c5f4f559bc00a49055a369c53d2382bf799ab5fa662c1b53944e9762606ec9,28c5f4f559bc00a49055a369c53d2382bf799ab5fa662c1b53944e9762606ec9,$,,28c5f4f559bc00a49055a369c53d2382bf799ab5fa662c1b53944e9762606ec9,28c5f4f559bc00a49055a369c53d2382bf799ab5fa662c1b53944e9762606ec9,"{""basis"":""ordered source-target formula atom"",""kind"":""source-target-formula-map""}"
1.1.0,formula,O007-FREMLIN-V2-APP-2A3-FORMULA-0225,O007-FREMLIN-V2-APP-2A3,O007-RIGHTS-FREMLIN-DSL,O007-FREMLIN-V2-APP-2A3-SEG-2A3FC,225,2A3Fc,2A3Fc,253,258,10782,10875,11640,11733,"U(x;\rho_0,\ldots,\rho_n;\delta)
=\{y:y\in X,\,\max_{i\le n}\rho_i(y,x)<\delta\}\subseteq G","U(x;\rho_0,\ldots,\rho_n;\delta)
=\{y:y\in X,\,\max_{i\le n}\rho_i(y,x)<\delta\}\subseteq G",ce2d1962933b0620fe56f29f4dbd6af5a18c9c07d8abb7b501d955875fcf4823,ce2d1962933b0620fe56f29f4dbd6af5a18c9c07d8abb7b501d955875fcf4823,7ec1fd7240bb38358c1d8271e4ff4d7a1c3c2171eac16e68b51d695ecc3bb016,$,,7ec1fd7240bb38358c1d8271e4ff4d7a1c3c2171eac16e68b51d695ecc3bb016,7ec1fd7240bb38358c1d8271e4ff4d7a1c3c2171eac16e68b51d695ecc3bb016,"{""basis"":""ordered source-target formula atom"",""kind"":""source-target-formula-map""}"
1.1.0,formula,O007-FREMLIN-V2-APP-2A3-FORMULA-0226,O007-FREMLIN-V2-APP-2A3,O007-RIGHTS-FREMLIN-DSL,O007-FREMLIN-V2-APP-2A3-SEG-2A3FC,226,2A3Fc,2A3Fc,256,261,10894,10903,11752,11761,\frak T,\frak T,0647f8d3ad6092ab3a9c92fd71ee29d66b86e14d9c9582db084142bee077c226,0647f8d3ad6092ab3a9c92fd71ee29d66b86e14d9c9582db084142bee077c226,44c7e1dba9432c4271c4d22b9a844dc7f447c4cb30f1129ac0c3db3f54646d4b,$,,44c7e1dba9432c4271c4d22b9a844dc7f447c4cb30f1129ac0c3db3f54646d4b,44c7e1dba9432c4271c4d22b9a844dc7f447c4cb30f1129ac0c3db3f54646d4b,"{""basis"":""ordered source-target formula atom"",""kind"":""source-target-formula-map""}"
1.1.0,formula,O007-FREMLIN-V2-APP-2A3-FORMULA-0227,O007-FREMLIN-V2-APP-2A3,O007-RIGHTS-FREMLIN-DSL,O007-FREMLIN-V2-APP-2A3-SEG-2A3FC,227,2A3Fc,2A3Fc,256,261,10921,10924,11783,11786,X,X,4b68ab3847feda7d6c62c1fbcbeebfa35eab7351ed5e78f4ddadea5df64b8015,4b68ab3847feda7d6c62c1fbcbeebfa35eab7351ed5e78f4ddadea5df64b8015,4b68ab3847feda7d6c62c1fbcbeebfa35eab7351ed5e78f4ddadea5df64b8015,$,,4b68ab3847feda7d6c62c1fbcbeebfa35eab7351ed5e78f4ddadea5df64b8015,4b68ab3847feda7d6c62c1fbcbeebfa35eab7351ed5e78f4ddadea5df64b8015,"{""basis"":""ordered source-target formula atom"",""kind"":""source-target-formula-map""}"
1.1.0,formula,O007-FREMLIN-V2-APP-2A3-FORMULA-0228,O007-FREMLIN-V2-APP-2A3,O007-RIGHTS-FREMLIN-DSL,O007-FREMLIN-V2-APP-2A3-SEG-2A3FC,228,2A3Fc,2A3Fc,259,264,10964,10985,11828,11849,\emptyset\in\frak T,\emptyset\in\frak T,5623f757e89c2384d4abf454d118862655ef9df1e8bfa78cb371b201736a774b,5623f757e89c2384d4abf454d118862655ef9df1e8bfa78cb371b201736a774b,9c85c729a0ba579c21d1701d1cf7fed7568465ea61f1539c0a18dfe1cf4072ba,$,,9c85c729a0ba579c21d1701d1cf7fed7568465ea61f1539c0a18dfe1cf4072ba,9c85c729a0ba579c21d1701d1cf7fed7568465ea61f1539c0a18dfe1cf4072ba,"{""basis"":""ordered source-target formula atom"",""kind"":""source-target-formula-map""}"
1.1.0,formula,O007-FREMLIN-V2-APP-2A3-FORMULA-0229,O007-FREMLIN-V2-APP-2A3,O007-RIGHTS-FREMLIN-DSL,O007-FREMLIN-V2-APP-2A3-SEG-2A3FC,229,2A3Fc,2A3Fc,260,265,11032,11045,11892,11905,X\in\frak T,X\in\frak T,8d58ece5224c0e895ee1b94c2041f71db778ae0b18b5ca2ac5eacb224a0eeef7,8d58ece5224c0e895ee1b94c2041f71db778ae0b18b5ca2ac5eacb224a0eeef7,a9e24e9ef8a680b75129e949299198750e2f8b24e265ffee8a203d6d57a652a4,$,,a9e24e9ef8a680b75129e949299198750e2f8b24e265ffee8a203d6d57a652a4,a9e24e9ef8a680b75129e949299198750e2f8b24e265ffee8a203d6d57a652a4,"{""basis"":""ordered source-target formula atom"",""kind"":""source-target-formula-map""}"
1.1.0,formula,O007-FREMLIN-V2-APP-2A3-FORMULA-0230,O007-FREMLIN-V2-APP-2A3,O007-RIGHTS-FREMLIN-DSL,O007-FREMLIN-V2-APP-2A3-SEG-2A3FC,230,2A3Fc,2A3Fc,260,265,11054,11078,11913,11937,U(x;\rho;1)\subseteq X,U(x;\rho;1)\subseteq X,f78c63e50d61525f50a31840607b31588dbe52778cd9ccfc1a4fea4103954937,f78c63e50d61525f50a31840607b31588dbe52778cd9ccfc1a4fea4103954937,9d61d6eb4a7dbefc8a3afbdb6ad5051b33808828e2b0e6bfe3d0690a06391e4a,$,,9d61d6eb4a7dbefc8a3afbdb6ad5051b33808828e2b0e6bfe3d0690a06391e4a,9d61d6eb4a7dbefc8a3afbdb6ad5051b33808828e2b0e6bfe3d0690a06391e4a,"{""basis"":""ordered source-target formula atom"",""kind"":""source-target-formula-map""}"
1.1.0,formula,O007-FREMLIN-V2-APP-2A3-FORMULA-0231,O007-FREMLIN-V2-APP-2A3,O007-RIGHTS-FREMLIN-DSL,O007-FREMLIN-V2-APP-2A3-SEG-2A3FC,231,2A3Fc,2A3Fc,260,265,11087,11095,11944,11952,x\in X,x\in X,d9448dfd3954dd39c12d483afd23d561b1b7d735af5f430b5dc457e6fa9ef99b,d9448dfd3954dd39c12d483afd23d561b1b7d735af5f430b5dc457e6fa9ef99b,858979f0c33c5f45e30780b82e2fa00184311296fbb7ef6bf3f4a6007c9b9cb1,$,,858979f0c33c5f45e30780b82e2fa00184311296fbb7ef6bf3f4a6007c9b9cb1,858979f0c33c5f45e30780b82e2fa00184311296fbb7ef6bf3f4a6007c9b9cb1,"{""basis"":""ordered source-target formula atom"",""kind"":""source-target-formula-map""}"
1.1.0,formula,O007-FREMLIN-V2-APP-2A3-FORMULA-0232,O007-FREMLIN-V2-APP-2A3,O007-RIGHTS-FREMLIN-DSL,O007-FREMLIN-V2-APP-2A3-SEG-2A3FC,232,2A3Fc,2A3Fc,261,266,11097,11110,11954,11967,\rho\in\Rho,\rho\in\Rho,8f853d2ba3f0bf80588547d671fbbae17aa4f82425d3a0398f916de3b62b8abe,8f853d2ba3f0bf80588547d671fbbae17aa4f82425d3a0398f916de3b62b8abe,8f853d2ba3f0bf80588547d671fbbae17aa4f82425d3a0398f916de3b62b8abe,$,,8f853d2ba3f0bf80588547d671fbbae17aa4f82425d3a0398f916de3b62b8abe,8f853d2ba3f0bf80588547d671fbbae17aa4f82425d3a0398f916de3b62b8abe,"{""basis"":""ordered source-target formula atom"",""kind"":""source-target-formula-map""}"
1.1.0,formula,O007-FREMLIN-V2-APP-2A3-FORMULA-0233,O007-FREMLIN-V2-APP-2A3,O007-RIGHTS-FREMLIN-DSL,O007-FREMLIN-V2-APP-2A3-SEG-2A3FC,233,2A3Fc,2A3Fc,261,266,11122,11125,11981,11984,G,G,333e0a1e27815d0ceee55c473fe3dc93d56c63e3bee2b3b4aee8eed6d70191a3,333e0a1e27815d0ceee55c473fe3dc93d56c63e3bee2b3b4aee8eed6d70191a3,333e0a1e27815d0ceee55c473fe3dc93d56c63e3bee2b3b4aee8eed6d70191a3,$,,333e0a1e27815d0ceee55c473fe3dc93d56c63e3bee2b3b4aee8eed6d70191a3,333e0a1e27815d0ceee55c473fe3dc93d56c63e3bee2b3b4aee8eed6d70191a3,"{""basis"":""ordered source-target formula atom"",""kind"":""source-target-formula-map""}"
1.1.0,formula,O007-FREMLIN-V2-APP-2A3-FORMULA-0234,O007-FREMLIN-V2-APP-2A3,O007-RIGHTS-FREMLIN-DSL,O007-FREMLIN-V2-APP-2A3-SEG-2A3FC,234,2A3Fc,2A3Fc,261,266,11127,11140,11986,11999,H\in\frak T,H\in\frak T,b178fe41ccd89327726ca33d199a5c4c1f0860e14aad182d145e339f236cf53e,b178fe41ccd89327726ca33d199a5c4c1f0860e14aad182d145e339f236cf53e,8d13dc370e4553b8d854921084b820306cfae5e9a55f1aca4f513dccd1d614ec,$,,8d13dc370e4553b8d854921084b820306cfae5e9a55f1aca4f513dccd1d614ec,8d13dc370e4553b8d854921084b820306cfae5e9a55f1aca4f513dccd1d614ec,"{""basis"":""ordered source-target formula atom"",""kind"":""source-target-formula-map""}"
1.1.0,formula,O007-FREMLIN-V2-APP-2A3-FORMULA-0235,O007-FREMLIN-V2-APP-2A3,O007-RIGHTS-FREMLIN-DSL,O007-FREMLIN-V2-APP-2A3-SEG-2A3FC,235,2A3Fc,2A3Fc,261,266,11145,11159,12004,12018,x\in G\cap H,x\in G\cap H,da2eee57d3e7a9ac892f4d06ec0ca4bb779a3efbc84f1b8e56913a516984359d,da2eee57d3e7a9ac892f4d06ec0ca4bb779a3efbc84f1b8e56913a516984359d,3c669692e57e9031715113d1d96b851032e642c7cf258e63103061d142f1a67f,$,,3c669692e57e9031715113d1d96b851032e642c7cf258e63103061d142f1a67f,3c669692e57e9031715113d1d96b851032e642c7cf258e63103061d142f1a67f,"{""basis"":""ordered source-target formula atom"",""kind"":""source-target-formula-map""}"
1.1.0,formula,O007-FREMLIN-V2-APP-2A3-FORMULA-0236,O007-FREMLIN-V2-APP-2A3,O007-RIGHTS-FREMLIN-DSL,O007-FREMLIN-V2-APP-2A3-SEG-2A3FC,236,2A3Fc,2A3Fc,262,267,11166,11218,12026,12078,"\rho_0,\ldots,\rho_m,\rho'_0,\ldots,\rho'_n\in\Rho","\rho_0,\ldots,\rho_m,\rho'_0,\ldots,\rho'_n\in\Rho",f18df2ce9f7907b9535200110b86586480a2da25616c037a45ea0b473d436eb7,f18df2ce9f7907b9535200110b86586480a2da25616c037a45ea0b473d436eb7,f18df2ce9f7907b9535200110b86586480a2da25616c037a45ea0b473d436eb7,$,,f18df2ce9f7907b9535200110b86586480a2da25616c037a45ea0b473d436eb7,f18df2ce9f7907b9535200110b86586480a2da25616c037a45ea0b473d436eb7,"{""basis"":""ordered source-target formula atom"",""kind"":""source-target-formula-map""}"
1.1.0,formula,O007-FREMLIN-V2-APP-2A3-FORMULA-0237,O007-FREMLIN-V2-APP-2A3,O007-RIGHTS-FREMLIN-DSL,O007-FREMLIN-V2-APP-2A3-SEG-2A3FC,237,2A3Fc,2A3Fc,262,267,11220,11228,12080,12088,\delta,\delta,d203ba01eef4198ca268a62391076e5080e260b3fcb9b05b334d66206a893936,d203ba01eef4198ca268a62391076e5080e260b3fcb9b05b334d66206a893936,d203ba01eef4198ca268a62391076e5080e260b3fcb9b05b334d66206a893936,$,,d203ba01eef4198ca268a62391076e5080e260b3fcb9b05b334d66206a893936,d203ba01eef4198ca268a62391076e5080e260b3fcb9b05b334d66206a893936,"{""basis"":""ordered source-target formula atom"",""kind"":""source-target-formula-map""}"
1.1.0,formula,O007-FREMLIN-V2-APP-2A3-FORMULA-0238,O007-FREMLIN-V2-APP-2A3,O007-RIGHTS-FREMLIN-DSL,O007-FREMLIN-V2-APP-2A3-SEG-2A3FC,238,2A3Fc,2A3Fc,263,268,11230,11241,12090,12101,\delta'>0,\delta'>0,4c9f0f1262a06db1831b6c791223c605ee900d22b3ddfdd5adb3c2749546fd25,4c9f0f1262a06db1831b6c791223c605ee900d22b3ddfdd5adb3c2749546fd25,4c9f0f1262a06db1831b6c791223c605ee900d22b3ddfdd5adb3c2749546fd25,$,,4c9f0f1262a06db1831b6c791223c605ee900d22b3ddfdd5adb3c2749546fd25,4c9f0f1262a06db1831b6c791223c605ee900d22b3ddfdd5adb3c2749546fd25,"{""basis"":""ordered source-target formula atom"",""kind"":""source-target-formula-map""}"
1.1.0,formula,O007-FREMLIN-V2-APP-2A3-FORMULA-0239,O007-FREMLIN-V2-APP-2A3,O007-RIGHTS-FREMLIN-DSL,O007-FREMLIN-V2-APP-2A3-SEG-2A3FC,239,2A3Fc,2A3Fc,263,268,11252,11297,12111,12156,"U(x;\rho_0,\ldots,\rho_m;\delta)\subseteq G","U(x;\rho_0,\ldots,\rho_m;\delta)\subseteq G",abd8f100bcb83ce297c41180a11594533871035dbb3f9ca79aa5a14c0765f3fd,abd8f100bcb83ce297c41180a11594533871035dbb3f9ca79aa5a14c0765f3fd,53d1fe74e412e5896f1c280e51fb6267d728d2564f1f57dbb3f1b3823baf1df0,$,,53d1fe74e412e5896f1c280e51fb6267d728d2564f1f57dbb3f1b3823baf1df0,53d1fe74e412e5896f1c280e51fb6267d728d2564f1f57dbb3f1b3823baf1df0,"{""basis"":""ordered source-target formula atom"",""kind"":""source-target-formula-map""}"
1.1.0,formula,O007-FREMLIN-V2-APP-2A3-FORMULA-0240,O007-FREMLIN-V2-APP-2A3,O007-RIGHTS-FREMLIN-DSL,O007-FREMLIN-V2-APP-2A3-SEG-2A3FC,240,2A3Fc,2A3Fc,264,269,11299,11387,12158,12246,"U(x;\rho'_0,\ldots,\rho'_n;\delta')
\ifdim\pagewidth=390pt\penalty-1000\fi
\subseteq G","U(x;\rho'_0,\ldots,\rho'_n;\delta')
\ifdim\pagewidth=390pt\penalty-1000\fi
\subseteq H",b6194cd78efd32b38564e482d27986aec797df5d9bc982bd9f11f3e00a014663,8579137035f1eec5ee07cbfb5efa0f1cb26fd8bbed2d20506eaff6d15a1af865,639127a8990a3fa27c9e4910ce42e81b13e7949ea54ddbaed4f5882793c6d8b8,$,"[""O007-CORR-0377""]",d49ac2431e6e29826dbd1312555aa13e5e860c6eb9c8c9fb30f44169cf073802,639127a8990a3fa27c9e4910ce42e81b13e7949ea54ddbaed4f5882793c6d8b8,"{""basis"":""ordered formula atom; correction bound by receipt exception union"",""kind"":""source-target-formula-map""}"
1.1.0,formula,O007-FREMLIN-V2-APP-2A3-FORMULA-0241,O007-FREMLIN-V2-APP-2A3,O007-RIGHTS-FREMLIN-DSL,O007-FREMLIN-V2-APP-2A3-SEG-2A3FC,241,2A3Fc,2A3Fc,270,275,11411,11500,12268,12357,"U(x;\rho_0,\ldots,\rho_m,\rho'_0,\ldots,\rho'_n;\min(\delta,\delta'))
\subseteq G\cap H","U(x;\rho_0,\ldots,\rho_m,\rho'_0,\ldots,\rho'_n;\min(\delta,\delta'))
\subseteq G\cap H",d413275ed105bfe9674aea34606c3ffc2ee785a8f90b38b98bad147d22d22e4d,d413275ed105bfe9674aea34606c3ffc2ee785a8f90b38b98bad147d22d22e4d,c8099d4b7d623bc454af252424fb7e2b349bde28c04adb07b5fccf8244c5e163,$,,c8099d4b7d623bc454af252424fb7e2b349bde28c04adb07b5fccf8244c5e163,c8099d4b7d623bc454af252424fb7e2b349bde28c04adb07b5fccf8244c5e163,"{""basis"":""ordered source-target formula atom"",""kind"":""source-target-formula-map""}"
1.1.0,formula,O007-FREMLIN-V2-APP-2A3-FORMULA-0242,O007-FREMLIN-V2-APP-2A3,O007-RIGHTS-FREMLIN-DSL,O007-FREMLIN-V2-APP-2A3-SEG-2A3FC,242,2A3Fc,2A3Fc,273,278,11519,11522,12378,12381,x,x,2d711642b726b04401627ca9fbac32f5c8530fb1903cc4db02258717921a4881,2d711642b726b04401627ca9fbac32f5c8530fb1903cc4db02258717921a4881,2d711642b726b04401627ca9fbac32f5c8530fb1903cc4db02258717921a4881,$,,2d711642b726b04401627ca9fbac32f5c8530fb1903cc4db02258717921a4881,2d711642b726b04401627ca9fbac32f5c8530fb1903cc4db02258717921a4881,"{""basis"":""ordered source-target formula atom"",""kind"":""source-target-formula-map""}"
1.1.0,formula,O007-FREMLIN-V2-APP-2A3-FORMULA-0243,O007-FREMLIN-V2-APP-2A3,O007-RIGHTS-FREMLIN-DSL,O007-FREMLIN-V2-APP-2A3-SEG-2A3FC,243,2A3Fc,2A3Fc,273,278,11537,11556,12392,12411,G\cap H\in\frak T,G\cap H\in\frak T,9e0f4ba355389d74b917f92437b9f87b9078bfb4f4787e0653ad398f7bd4ac6b,9e0f4ba355389d74b917f92437b9f87b9078bfb4f4787e0653ad398f7bd4ac6b,60e625db2a5214e0e91c41ac33aa89c9a10816f5aafe8b92a8661c8fc687fba4,$,,60e625db2a5214e0e91c41ac33aa89c9a10816f5aafe8b92a8661c8fc687fba4,60e625db2a5214e0e91c41ac33aa89c9a10816f5aafe8b92a8661c8fc687fba4,"{""basis"":""ordered source-target formula atom"",""kind"":""source-target-formula-map""}"
1.1.0,formula,O007-FREMLIN-V2-APP-2A3-FORMULA-0244,O007-FREMLIN-V2-APP-2A3,O007-RIGHTS-FREMLIN-DSL,O007-FREMLIN-V2-APP-2A3-SEG-2A3FC,244,2A3Fc,2A3Fc,274,279,11569,11593,12424,12448,\Cal G\subseteq\frak T,\Cal G\subseteq\frak T,7014833dfe7e7b1f734fd370b367518eb906af98ad02cdc8daf516958ac14c5d,7014833dfe7e7b1f734fd370b367518eb906af98ad02cdc8daf516958ac14c5d,5bb73c80655c158ea4ca62a14e2e748958e4ff0a8fe534ce3e24c6a91e5c067b,$,,5bb73c80655c158ea4ca62a14e2e748958e4ff0a8fe534ce3e24c6a91e5c067b,5bb73c80655c158ea4ca62a14e2e748958e4ff0a8fe534ce3e24c6a91e5c067b,"{""basis"":""ordered source-target formula atom"",""kind"":""source-target-formula-map""}"
1.1.0,formula,O007-FREMLIN-V2-APP-2A3-FORMULA-0245,O007-FREMLIN-V2-APP-2A3,O007-RIGHTS-FREMLIN-DSL,O007-FREMLIN-V2-APP-2A3-SEG-2A3FC,245,2A3Fc,2A3Fc,274,279,11598,11617,12453,12472,x\in\bigcup\Cal G,x\in\bigcup\Cal G,b2199cc3611cdceaf1810c700569ac91d0d53b371da6ad66c90a16d08506f6d9,b2199cc3611cdceaf1810c700569ac91d0d53b371da6ad66c90a16d08506f6d9,3b26ae8559908e0dfbbd5253b57dd62cbe212b2cafc318e3999b6a99bffa1bdc,$,,3b26ae8559908e0dfbbd5253b57dd62cbe212b2cafc318e3999b6a99bffa1bdc,3b26ae8559908e0dfbbd5253b57dd62cbe212b2cafc318e3999b6a99bffa1bdc,"{""basis"":""ordered source-target formula atom"",""kind"":""source-target-formula-map""}"
1.1.0,formula,O007-FREMLIN-V2-APP-2A3-FORMULA-0246,O007-FREMLIN-V2-APP-2A3,O007-RIGHTS-FREMLIN-DSL,O007-FREMLIN-V2-APP-2A3-SEG-2A3FC,246,2A3Fc,2A3Fc,275,280,11630,11642,12483,12495,G\in\Cal G,G\in\Cal G,c5dae8a4230c5d15e237e3b2d350f2a21c3d1aa979865019da9c5e122559fa95,c5dae8a4230c5d15e237e3b2d350f2a21c3d1aa979865019da9c5e122559fa95,76d1246043873da263fd79ebfd39b29cad50e366c1d4bcc3e40c70b9436a0f27,$,,76d1246043873da263fd79ebfd39b29cad50e366c1d4bcc3e40c70b9436a0f27,76d1246043873da263fd79ebfd39b29cad50e366c1d4bcc3e40c70b9436a0f27,"{""basis"":""ordered source-target formula atom"",""kind"":""source-target-formula-map""}"
1.1.0,formula,O007-FREMLIN-V2-APP-2A3-FORMULA-0247,O007-FREMLIN-V2-APP-2A3,O007-RIGHTS-FREMLIN-DSL,O007-FREMLIN-V2-APP-2A3-SEG-2A3FC,247,2A3Fc,2A3Fc,275,280,11653,11661,12505,12513,x\in G,x\in G,3faccb525a29c5c66379ad205d954d7822aa6ecb75b815bd94d489678ce6aa50,3faccb525a29c5c66379ad205d954d7822aa6ecb75b815bd94d489678ce6aa50,f890bd8a169841a8e4c425e62d012427d5ad44ba0a41eee342be8094ad1fd32f,$,,f890bd8a169841a8e4c425e62d012427d5ad44ba0a41eee342be8094ad1fd32f,f890bd8a169841a8e4c425e62d012427d5ad44ba0a41eee342be8094ad1fd32f,"{""basis"":""ordered source-target formula atom"",""kind"":""source-target-formula-map""}"
1.1.0,formula,O007-FREMLIN-V2-APP-2A3-FORMULA-0248,O007-FREMLIN-V2-APP-2A3,O007-RIGHTS-FREMLIN-DSL,O007-FREMLIN-V2-APP-2A3-SEG-2A3FC,248,2A3Fc,2A3Fc,276,281,11678,11707,12529,12558,"\rho_0,\ldots,\rho_n\in\Rho","\rho_0,\ldots,\rho_n\in\Rho",b55830b91ca404291e3addf0094f1ede412b26874c329e0e39dca7ed465e03c0,b55830b91ca404291e3addf0094f1ede412b26874c329e0e39dca7ed465e03c0,b55830b91ca404291e3addf0094f1ede412b26874c329e0e39dca7ed465e03c0,$,,b55830b91ca404291e3addf0094f1ede412b26874c329e0e39dca7ed465e03c0,b55830b91ca404291e3addf0094f1ede412b26874c329e0e39dca7ed465e03c0,"{""basis"":""ordered source-target formula atom"",""kind"":""source-target-formula-map""}"
1.1.0,formula,O007-FREMLIN-V2-APP-2A3-FORMULA-0249,O007-FREMLIN-V2-APP-2A3,O007-RIGHTS-FREMLIN-DSL,O007-FREMLIN-V2-APP-2A3-SEG-2A3FC,249,2A3Fc,2A3Fc,276,281,11712,11722,12563,12573,\delta>0,\delta>0,28c5f4f559bc00a49055a369c53d2382bf799ab5fa662c1b53944e9762606ec9,28c5f4f559bc00a49055a369c53d2382bf799ab5fa662c1b53944e9762606ec9,28c5f4f559bc00a49055a369c53d2382bf799ab5fa662c1b53944e9762606ec9,$,,28c5f4f559bc00a49055a369c53d2382bf799ab5fa662c1b53944e9762606ec9,28c5f4f559bc00a49055a369c53d2382bf799ab5fa662c1b53944e9762606ec9,"{""basis"":""ordered source-target formula atom"",""kind"":""source-target-formula-map""}"
1.1.0,formula,O007-FREMLIN-V2-APP-2A3-FORMULA-0250,O007-FREMLIN-V2-APP-2A3,O007-RIGHTS-FREMLIN-DSL,O007-FREMLIN-V2-APP-2A3-SEG-2A3FC,250,2A3Fc,2A3Fc,279,284,11747,11814,12608,12675,"U(x;\rho_0,\ldots,\rho_n;\delta)\subseteq
G\subseteq\bigcup\Cal G","U(x;\rho_0,\ldots,\rho_n;\delta)\subseteq
G\subseteq\bigcup\Cal G",2a75f9611968dc2e7aac98531ae63b1edb37dd24bc52d1fb8488247f9feb6fd8,2a75f9611968dc2e7aac98531ae63b1edb37dd24bc52d1fb8488247f9feb6fd8,3a79450c5b635c482bfa3b1ef4cd8c22a13bf5525e66794ac1075e78241e42a5,$,,3a79450c5b635c482bfa3b1ef4cd8c22a13bf5525e66794ac1075e78241e42a5,3a79450c5b635c482bfa3b1ef4cd8c22a13bf5525e66794ac1075e78241e42a5,"{""basis"":""ordered source-target formula atom"",""kind"":""source-target-formula-map""}"
1.1.0,formula,O007-FREMLIN-V2-APP-2A3-FORMULA-0251,O007-FREMLIN-V2-APP-2A3,O007-RIGHTS-FREMLIN-DSL,O007-FREMLIN-V2-APP-2A3-SEG-2A3FC,251,2A3Fc,2A3Fc,282,287,11831,11834,12696,12699,x,x,2d711642b726b04401627ca9fbac32f5c8530fb1903cc4db02258717921a4881,2d711642b726b04401627ca9fbac32f5c8530fb1903cc4db02258717921a4881,2d711642b726b04401627ca9fbac32f5c8530fb1903cc4db02258717921a4881,$,,2d711642b726b04401627ca9fbac32f5c8530fb1903cc4db02258717921a4881,2d711642b726b04401627ca9fbac32f5c8530fb1903cc4db02258717921a4881,"{""basis"":""ordered source-target formula atom"",""kind"":""source-target-formula-map""}"
1.1.0,formula,O007-FREMLIN-V2-APP-2A3-FORMULA-0252,O007-FREMLIN-V2-APP-2A3,O007-RIGHTS-FREMLIN-DSL,O007-FREMLIN-V2-APP-2A3-SEG-2A3FC,252,2A3Fc,2A3Fc,282,287,11849,11874,12710,12735,\bigcup\Cal G\in\frak T,\bigcup\Cal G\in\frak T,e0abb508733db86860795c7b72c3e8ae84471bcedb34da2fa9caa7074debd01b,e0abb508733db86860795c7b72c3e8ae84471bcedb34da2fa9caa7074debd01b,dc0943d67b6535a2c01cb5dbd2340aeecd87f8ee90690928b625c8e7251c5a36,$,,dc0943d67b6535a2c01cb5dbd2340aeecd87f8ee90690928b625c8e7251c5a36,dc0943d67b6535a2c01cb5dbd2340aeecd87f8ee90690928b625c8e7251c5a36,"{""basis"":""ordered source-target formula atom"",""kind"":""source-target-formula-map""}"
1.1.0,formula,O007-FREMLIN-V2-APP-2A3-FORMULA-0253,O007-FREMLIN-V2-APP-2A3,O007-RIGHTS-FREMLIN-DSL,O007-FREMLIN-V2-APP-2A3-SEG-2A3FC,253,2A3Fc,2A3Fc,285,290,11883,11892,12744,12753,\frak T,\frak T,0647f8d3ad6092ab3a9c92fd71ee29d66b86e14d9c9582db084142bee077c226,0647f8d3ad6092ab3a9c92fd71ee29d66b86e14d9c9582db084142bee077c226,44c7e1dba9432c4271c4d22b9a844dc7f447c4cb30f1129ac0c3db3f54646d4b,$,,44c7e1dba9432c4271c4d22b9a844dc7f447c4cb30f1129ac0c3db3f54646d4b,44c7e1dba9432c4271c4d22b9a844dc7f447c4cb30f1129ac0c3db3f54646d4b,"{""basis"":""ordered source-target formula atom"",""kind"":""source-target-formula-map""}"
1.1.0,formula,O007-FREMLIN-V2-APP-2A3-FORMULA-0254,O007-FREMLIN-V2-APP-2A3,O007-RIGHTS-FREMLIN-DSL,O007-FREMLIN-V2-APP-2A3-SEG-2A3FC,254,2A3Fc,2A3Fc,286,291,11926,11932,12800,12806,\Rho,\Rho,52096aaef22267b537a019d25e49b90abcbbc43f2e8a636d73f93baeb39efa3e,52096aaef22267b537a019d25e49b90abcbbc43f2e8a636d73f93baeb39efa3e,52096aaef22267b537a019d25e49b90abcbbc43f2e8a636d73f93baeb39efa3e,$,,52096aaef22267b537a019d25e49b90abcbbc43f2e8a636d73f93baeb39efa3e,52096aaef22267b537a019d25e49b90abcbbc43f2e8a636d73f93baeb39efa3e,"{""basis"":""ordered source-target formula atom"",""kind"":""source-target-formula-map""}"
1.1.0,formula,O007-FREMLIN-V2-APP-2A3-FORMULA-0255,O007-FREMLIN-V2-APP-2A3,O007-RIGHTS-FREMLIN-DSL,O007-FREMLIN-V2-APP-2A3-SEG-2A3FD,255,2A3Fd,2A3Fd,289,294,12024,12030,12894,12900,\Rho,\Rho,52096aaef22267b537a019d25e49b90abcbbc43f2e8a636d73f93baeb39efa3e,52096aaef22267b537a019d25e49b90abcbbc43f2e8a636d73f93baeb39efa3e,52096aaef22267b537a019d25e49b90abcbbc43f2e8a636d73f93baeb39efa3e,$,,52096aaef22267b537a019d25e49b90abcbbc43f2e8a636d73f93baeb39efa3e,52096aaef22267b537a019d25e49b90abcbbc43f2e8a636d73f93baeb39efa3e,"{""basis"":""ordered source-target formula atom"",""kind"":""source-target-formula-map""}"
1.1.0,formula,O007-FREMLIN-V2-APP-2A3-FORMULA-0256,O007-FREMLIN-V2-APP-2A3,O007-RIGHTS-FREMLIN-DSL,O007-FREMLIN-V2-APP-2A3-SEG-2A3FD,256,2A3Fd,2A3Fd,290,295,12080,12083,12953,12956,X,X,4b68ab3847feda7d6c62c1fbcbeebfa35eab7351ed5e78f4ddadea5df64b8015,4b68ab3847feda7d6c62c1fbcbeebfa35eab7351ed5e78f4ddadea5df64b8015,4b68ab3847feda7d6c62c1fbcbeebfa35eab7351ed5e78f4ddadea5df64b8015,$,,4b68ab3847feda7d6c62c1fbcbeebfa35eab7351ed5e78f4ddadea5df64b8015,4b68ab3847feda7d6c62c1fbcbeebfa35eab7351ed5e78f4ddadea5df64b8015,"{""basis"":""ordered source-target formula atom"",""kind"":""source-target-formula-map""}"
1.1.0,formula,O007-FREMLIN-V2-APP-2A3-FORMULA-0257,O007-FREMLIN-V2-APP-2A3,O007-RIGHTS-FREMLIN-DSL,O007-FREMLIN-V2-APP-2A3-SEG-2A3FD,257,2A3Fd,2A3Fd,290,295,12095,12101,12981,12987,\Rho,\Rho,52096aaef22267b537a019d25e49b90abcbbc43f2e8a636d73f93baeb39efa3e,52096aaef22267b537a019d25e49b90abcbbc43f2e8a636d73f93baeb39efa3e,52096aaef22267b537a019d25e49b90abcbbc43f2e8a636d73f93baeb39efa3e,$,,52096aaef22267b537a019d25e49b90abcbbc43f2e8a636d73f93baeb39efa3e,52096aaef22267b537a019d25e49b90abcbbc43f2e8a636d73f93baeb39efa3e,"{""basis"":""ordered source-target formula atom"",""kind"":""source-target-formula-map""}"
1.1.0,formula,O007-FREMLIN-V2-APP-2A3-FORMULA-0258,O007-FREMLIN-V2-APP-2A3,O007-RIGHTS-FREMLIN-DSL,O007-FREMLIN-V2-APP-2A3-SEG-2A3FD,258,2A3Fd,2A3Fd,291,296,12105,12122,12995,13012,"\{\emptyset,X\}","\{\emptyset,X\}",58e25838ecbc1b92888b5bc821cee346b69cf78be31131355377a1e5d3130d90,58e25838ecbc1b92888b5bc821cee346b69cf78be31131355377a1e5d3130d90,58e25838ecbc1b92888b5bc821cee346b69cf78be31131355377a1e5d3130d90,$,,58e25838ecbc1b92888b5bc821cee346b69cf78be31131355377a1e5d3130d90,58e25838ecbc1b92888b5bc821cee346b69cf78be31131355377a1e5d3130d90,"{""basis"":""ordered source-target formula atom"",""kind"":""source-target-formula-map""}"
1.1.0,formula,O007-FREMLIN-V2-APP-2A3-FORMULA-0259,O007-FREMLIN-V2-APP-2A3,O007-RIGHTS-FREMLIN-DSL,O007-FREMLIN-V2-APP-2A3-SEG-2A3FE,259,2A3Fe,2A3Fe,294,299,12173,12179,13066,13072,\Rho,\Rho,52096aaef22267b537a019d25e49b90abcbbc43f2e8a636d73f93baeb39efa3e,52096aaef22267b537a019d25e49b90abcbbc43f2e8a636d73f93baeb39efa3e,52096aaef22267b537a019d25e49b90abcbbc43f2e8a636d73f93baeb39efa3e,$,,52096aaef22267b537a019d25e49b90abcbbc43f2e8a636d73f93baeb39efa3e,52096aaef22267b537a019d25e49b90abcbbc43f2e8a636d73f93baeb39efa3e,"{""basis"":""ordered source-target formula atom"",""kind"":""source-target-formula-map""}"
1.1.0,formula,O007-FREMLIN-V2-APP-2A3-FORMULA-0260,O007-FREMLIN-V2-APP-2A3,O007-RIGHTS-FREMLIN-DSL,O007-FREMLIN-V2-APP-2A3-SEG-2A3FE,260,2A3Fe,2A3Fe,294,299,12226,12234,13112,13120,\rho_1,\rho_1,737cdd19f67dfe2835964a6da521be92ac21b850411565e591b2e783fa6738fb,737cdd19f67dfe2835964a6da521be92ac21b850411565e591b2e783fa6738fb,737cdd19f67dfe2835964a6da521be92ac21b850411565e591b2e783fa6738fb,$,,737cdd19f67dfe2835964a6da521be92ac21b850411565e591b2e783fa6738fb,737cdd19f67dfe2835964a6da521be92ac21b850411565e591b2e783fa6738fb,"{""basis"":""ordered source-target formula atom"",""kind"":""source-target-formula-map""}"
1.1.0,formula,O007-FREMLIN-V2-APP-2A3-FORMULA-0261,O007-FREMLIN-V2-APP-2A3,O007-RIGHTS-FREMLIN-DSL,O007-FREMLIN-V2-APP-2A3-SEG-2A3FE,261,2A3Fe,2A3Fe,295,300,12236,12251,13122,13137,\rho_2\in\Rho,\rho_2\in\Rho,5c58444d294c13da9ad71401236bb1b55d0f577615db9b9907c588560ccf4f72,5c58444d294c13da9ad71401236bb1b55d0f577615db9b9907c588560ccf4f72,5c58444d294c13da9ad71401236bb1b55d0f577615db9b9907c588560ccf4f72,$,,5c58444d294c13da9ad71401236bb1b55d0f577615db9b9907c588560ccf4f72,5c58444d294c13da9ad71401236bb1b55d0f577615db9b9907c588560ccf4f72,"{""basis"":""ordered source-target formula atom"",""kind"":""source-target-formula-map""}"
1.1.0,formula,O007-FREMLIN-V2-APP-2A3-FORMULA-0262,O007-FREMLIN-V2-APP-2A3,O007-RIGHTS-FREMLIN-DSL,O007-FREMLIN-V2-APP-2A3-SEG-2A3FE,262,2A3Fe,2A3Fe,296,301,12263,12276,13142,13155,\rho\in\Rho,\rho\in\Rho,8f853d2ba3f0bf80588547d671fbbae17aa4f82425d3a0398f916de3b62b8abe,8f853d2ba3f0bf80588547d671fbbae17aa4f82425d3a0398f916de3b62b8abe,8f853d2ba3f0bf80588547d671fbbae17aa4f82425d3a0398f916de3b62b8abe,$,,8f853d2ba3f0bf80588547d671fbbae17aa4f82425d3a0398f916de3b62b8abe,8f853d2ba3f0bf80588547d671fbbae17aa4f82425d3a0398f916de3b62b8abe,"{""basis"":""ordered source-target formula atom"",""kind"":""source-target-formula-map""}"
1.1.0,formula,O007-FREMLIN-V2-APP-2A3-FORMULA-0263,O007-FREMLIN-V2-APP-2A3,O007-RIGHTS-FREMLIN-DSL,O007-FREMLIN-V2-APP-2A3-SEG-2A3FE,263,2A3Fe,2A3Fe,296,301,12287,12312,13165,13190,"\rho_i(x,y)\le\rho(x,y)","\rho_i(x,y)\le\rho(x,y)",549be64144eed0540b7fed61994abf43387e4289ca7db4d4109c67c1b949549f,549be64144eed0540b7fed61994abf43387e4289ca7db4d4109c67c1b949549f,549be64144eed0540b7fed61994abf43387e4289ca7db4d4109c67c1b949549f,$,,549be64144eed0540b7fed61994abf43387e4289ca7db4d4109c67c1b949549f,549be64144eed0540b7fed61994abf43387e4289ca7db4d4109c67c1b949549f,"{""basis"":""ordered source-target formula atom"",""kind"":""source-target-formula-map""}"
1.1.0,formula,O007-FREMLIN-V2-APP-2A3-FORMULA-0264,O007-FREMLIN-V2-APP-2A3,O007-RIGHTS-FREMLIN-DSL,O007-FREMLIN-V2-APP-2A3-SEG-2A3FE,264,2A3Fe,2A3Fe,296,301,12321,12324,13203,13206,x,x,2d711642b726b04401627ca9fbac32f5c8530fb1903cc4db02258717921a4881,2d711642b726b04401627ca9fbac32f5c8530fb1903cc4db02258717921a4881,2d711642b726b04401627ca9fbac32f5c8530fb1903cc4db02258717921a4881,$,,2d711642b726b04401627ca9fbac32f5c8530fb1903cc4db02258717921a4881,2d711642b726b04401627ca9fbac32f5c8530fb1903cc4db02258717921a4881,"{""basis"":""ordered source-target formula atom"",""kind"":""source-target-formula-map""}"
1.1.0,formula,O007-FREMLIN-V2-APP-2A3-FORMULA-0265,O007-FREMLIN-V2-APP-2A3,O007-RIGHTS-FREMLIN-DSL,O007-FREMLIN-V2-APP-2A3-SEG-2A3FE,265,2A3Fe,2A3Fe,296,301,12326,12334,13208,13216,y\in X,y\in X,c1ff04635ef538efbc6d32cf7f1c55cf3986f8e1786e70850bbeedd22a583b33,c1ff04635ef538efbc6d32cf7f1c55cf3986f8e1786e70850bbeedd22a583b33,c0f16e0187ba08ecb03a7ea129bf0a48edfd680299a9366b0b5e0fd293ff7072,$,,c0f16e0187ba08ecb03a7ea129bf0a48edfd680299a9366b0b5e0fd293ff7072,c0f16e0187ba08ecb03a7ea129bf0a48edfd680299a9366b0b5e0fd293ff7072,"{""basis"":""ordered source-target formula atom"",""kind"":""source-target-formula-map""}"
1.1.0,formula,O007-FREMLIN-V2-APP-2A3-FORMULA-0266,O007-FREMLIN-V2-APP-2A3,O007-RIGHTS-FREMLIN-DSL,O007-FREMLIN-V2-APP-2A3-SEG-2A3FE,266,2A3Fe,2A3Fe,297,302,12344,12347,13233,13236,i,i,de7d1b721a1e0632b7cf04edf5032c8ecffa9f9a08492152b926f1a5a7e765d7,de7d1b721a1e0632b7cf04edf5032c8ecffa9f9a08492152b926f1a5a7e765d7,de7d1b721a1e0632b7cf04edf5032c8ecffa9f9a08492152b926f1a5a7e765d7,$,,de7d1b721a1e0632b7cf04edf5032c8ecffa9f9a08492152b926f1a5a7e765d7,de7d1b721a1e0632b7cf04edf5032c8ecffa9f9a08492152b926f1a5a7e765d7,"{""basis"":""ordered source-target formula atom"",""kind"":""source-target-formula-map""}"
1.1.0,formula,O007-FREMLIN-V2-APP-2A3-FORMULA-0267,O007-FREMLIN-V2-APP-2A3,O007-RIGHTS-FREMLIN-DSL,O007-FREMLIN-V2-APP-2A3-SEG-2A3FE,267,2A3Fe,2A3Fe,298,303,12384,12418,13281,13315,"U(x;\rho_0,\ldots,\rho_n;\delta)","U(x;\rho_0,\ldots,\rho_n;\delta)",4bdbf49e48191d33d4e46f1821c1e05fee0ce1f316b2d0bf4454e1ab3be7541c,4bdbf49e48191d33d4e46f1821c1e05fee0ce1f316b2d0bf4454e1ab3be7541c,4bdbf49e48191d33d4e46f1821c1e05fee0ce1f316b2d0bf4454e1ab3be7541c,$,,4bdbf49e48191d33d4e46f1821c1e05fee0ce1f316b2d0bf4454e1ab3be7541c,4bdbf49e48191d33d4e46f1821c1e05fee0ce1f316b2d0bf4454e1ab3be7541c,"{""basis"":""ordered source-target formula atom"",""kind"":""source-target-formula-map""}"
1.1.0,formula,O007-FREMLIN-V2-APP-2A3-FORMULA-0268,O007-FREMLIN-V2-APP-2A3,O007-RIGHTS-FREMLIN-DSL,O007-FREMLIN-V2-APP-2A3-SEG-2A3FE,268,2A3Fe,2A3Fe,298,303,12426,12455,13325,13354,"\rho_0,\ldots,\rho_n\in\Rho","\rho_0,\ldots,\rho_n\in\Rho",b55830b91ca404291e3addf0094f1ede412b26874c329e0e39dca7ed465e03c0,b55830b91ca404291e3addf0094f1ede412b26874c329e0e39dca7ed465e03c0,b55830b91ca404291e3addf0094f1ede412b26874c329e0e39dca7ed465e03c0,$,,b55830b91ca404291e3addf0094f1ede412b26874c329e0e39dca7ed465e03c0,b55830b91ca404291e3addf0094f1ede412b26874c329e0e39dca7ed465e03c0,"{""basis"":""ordered source-target formula atom"",""kind"":""source-target-formula-map""}"
1.1.0,formula,O007-FREMLIN-V2-APP-2A3-FORMULA-0269,O007-FREMLIN-V2-APP-2A3,O007-RIGHTS-FREMLIN-DSL,O007-FREMLIN-V2-APP-2A3-SEG-2A3FE,269,2A3Fe,2A3Fe,299,304,12487,12505,13388,13406,U(x;\rho;\delta),U(x;\rho;\delta),dc63dd8335991289f43b05260529081818c01dc2c20da9615d885550a5bab8e8,dc63dd8335991289f43b05260529081818c01dc2c20da9615d885550a5bab8e8,dc63dd8335991289f43b05260529081818c01dc2c20da9615d885550a5bab8e8,$,,dc63dd8335991289f43b05260529081818c01dc2c20da9615d885550a5bab8e8,dc63dd8335991289f43b05260529081818c01dc2c20da9615d885550a5bab8e8,"{""basis"":""ordered source-target formula atom"",""kind"":""source-target-formula-map""}"
1.1.0,formula,O007-FREMLIN-V2-APP-2A3-FORMULA-0270,O007-FREMLIN-V2-APP-2A3,O007-RIGHTS-FREMLIN-DSL,O007-FREMLIN-V2-APP-2A3-SEG-2A3FE,270,2A3Fe,2A3Fe,299,304,12513,12526,13415,13428,\rho\in\Rho,\rho\in\Rho,8f853d2ba3f0bf80588547d671fbbae17aa4f82425d3a0398f916de3b62b8abe,8f853d2ba3f0bf80588547d671fbbae17aa4f82425d3a0398f916de3b62b8abe,8f853d2ba3f0bf80588547d671fbbae17aa4f82425d3a0398f916de3b62b8abe,$,,8f853d2ba3f0bf80588547d671fbbae17aa4f82425d3a0398f916de3b62b8abe,8f853d2ba3f0bf80588547d671fbbae17aa4f82425d3a0398f916de3b62b8abe,"{""basis"":""ordered source-target formula atom"",""kind"":""source-target-formula-map""}"
1.1.0,formula,O007-FREMLIN-V2-APP-2A3-FORMULA-0271,O007-FREMLIN-V2-APP-2A3,O007-RIGHTS-FREMLIN-DSL,O007-FREMLIN-V2-APP-2A3-SEG-2A3FE,271,2A3Fe,2A3Fe,300,305,12562,12576,13467,13481,G\subseteq X,G\subseteq X,6547ad590e2cd823c907900da7fce8760c80a1d98baf694bdef2176c487f1aca,6547ad590e2cd823c907900da7fce8760c80a1d98baf694bdef2176c487f1aca,c1cfcac28a7c35ac6e5e41f0c062c16b99c329a2cb9b30dea740a03d4e6e83ad,$,,c1cfcac28a7c35ac6e5e41f0c062c16b99c329a2cb9b30dea740a03d4e6e83ad,c1cfcac28a7c35ac6e5e41f0c062c16b99c329a2cb9b30dea740a03d4e6e83ad,"{""basis"":""ordered source-target formula atom"",""kind"":""source-target-formula-map""}"
1.1.0,formula,O007-FREMLIN-V2-APP-2A3-FORMULA-0272,O007-FREMLIN-V2-APP-2A3,O007-RIGHTS-FREMLIN-DSL,O007-FREMLIN-V2-APP-2A3-SEG-2A3FE,272,2A3Fe,2A3Fe,301,306,12599,12607,13508,13516,x\in G,x\in G,3faccb525a29c5c66379ad205d954d7822aa6ecb75b815bd94d489678ce6aa50,3faccb525a29c5c66379ad205d954d7822aa6ecb75b815bd94d489678ce6aa50,f890bd8a169841a8e4c425e62d012427d5ad44ba0a41eee342be8094ad1fd32f,$,,f890bd8a169841a8e4c425e62d012427d5ad44ba0a41eee342be8094ad1fd32f,f890bd8a169841a8e4c425e62d012427d5ad44ba0a41eee342be8094ad1fd32f,"{""basis"":""ordered source-target formula atom"",""kind"":""source-target-formula-map""}"
1.1.0,formula,O007-FREMLIN-V2-APP-2A3-FORMULA-0273,O007-FREMLIN-V2-APP-2A3,O007-RIGHTS-FREMLIN-DSL,O007-FREMLIN-V2-APP-2A3-SEG-2A3FE,273,2A3Fe,2A3Fe,301,306,12618,12631,13521,13534,\rho\in\Rho,\rho\in\Rho,8f853d2ba3f0bf80588547d671fbbae17aa4f82425d3a0398f916de3b62b8abe,8f853d2ba3f0bf80588547d671fbbae17aa4f82425d3a0398f916de3b62b8abe,8f853d2ba3f0bf80588547d671fbbae17aa4f82425d3a0398f916de3b62b8abe,$,,8f853d2ba3f0bf80588547d671fbbae17aa4f82425d3a0398f916de3b62b8abe,8f853d2ba3f0bf80588547d671fbbae17aa4f82425d3a0398f916de3b62b8abe,"{""basis"":""ordered source-target formula atom"",""kind"":""source-target-formula-map""}"
1.1.0,formula,O007-FREMLIN-V2-APP-2A3-FORMULA-0274,O007-FREMLIN-V2-APP-2A3,O007-RIGHTS-FREMLIN-DSL,O007-FREMLIN-V2-APP-2A3-SEG-2A3FE,274,2A3Fe,2A3Fe,301,306,12633,12643,13536,13546,\delta>0,\delta>0,28c5f4f559bc00a49055a369c53d2382bf799ab5fa662c1b53944e9762606ec9,28c5f4f559bc00a49055a369c53d2382bf799ab5fa662c1b53944e9762606ec9,28c5f4f559bc00a49055a369c53d2382bf799ab5fa662c1b53944e9762606ec9,$,,28c5f4f559bc00a49055a369c53d2382bf799ab5fa662c1b53944e9762606ec9,28c5f4f559bc00a49055a369c53d2382bf799ab5fa662c1b53944e9762606ec9,"{""basis"":""ordered source-target formula atom"",""kind"":""source-target-formula-map""}"
1.1.0,formula,O007-FREMLIN-V2-APP-2A3-FORMULA-0275,O007-FREMLIN-V2-APP-2A3,O007-RIGHTS-FREMLIN-DSL,O007-FREMLIN-V2-APP-2A3-SEG-2A3FE,275,2A3Fe,2A3Fe,302,307,12654,12683,13556,13585,U(x;\rho;\delta)\subseteq G,U(x;\rho;\delta)\subseteq G,cd6a0fda6529c3951f69cb4d5aa8618b5d28c901cfaa77d4298de35b843137e2,cd6a0fda6529c3951f69cb4d5aa8618b5d28c901cfaa77d4298de35b843137e2,9c1c1d2191a45f30ea8e15410144703da4eefca48a08099ce968db6c24fabdb3,$,,9c1c1d2191a45f30ea8e15410144703da4eefca48a08099ce968db6c24fabdb3,9c1c1d2191a45f30ea8e15410144703da4eefca48a08099ce968db6c24fabdb3,"{""basis"":""ordered source-target formula atom"",""kind"":""source-target-formula-map""}"
1.1.0,formula,O007-FREMLIN-V2-APP-2A3-FORMULA-0276,O007-FREMLIN-V2-APP-2A3,O007-RIGHTS-FREMLIN-DSL,O007-FREMLIN-V2-APP-2A3-SEG-2A3FF,276,2A3Ff,2A3Ff,305,310,12715,12724,13615,13624,\frak T,\frak T,0647f8d3ad6092ab3a9c92fd71ee29d66b86e14d9c9582db084142bee077c226,0647f8d3ad6092ab3a9c92fd71ee29d66b86e14d9c9582db084142bee077c226,44c7e1dba9432c4271c4d22b9a844dc7f447c4cb30f1129ac0c3db3f54646d4b,$,,44c7e1dba9432c4271c4d22b9a844dc7f447c4cb30f1129ac0c3db3f54646d4b,44c7e1dba9432c4271c4d22b9a844dc7f447c4cb30f1129ac0c3db3f54646d4b,"{""basis"":""ordered source-target formula atom"",""kind"":""source-target-formula-map""}"
1.1.0,formula,O007-FREMLIN-V2-APP-2A3-FORMULA-0277,O007-FREMLIN-V2-APP-2A3,O007-RIGHTS-FREMLIN-DSL,O007-FREMLIN-V2-APP-2A3-SEG-2A3FF,277,2A3Ff,2A3Ff,308,311,12787,12793,13720,13726,\Rho,\Rho,52096aaef22267b537a019d25e49b90abcbbc43f2e8a636d73f93baeb39efa3e,52096aaef22267b537a019d25e49b90abcbbc43f2e8a636d73f93baeb39efa3e,52096aaef22267b537a019d25e49b90abcbbc43f2e8a636d73f93baeb39efa3e,$,,52096aaef22267b537a019d25e49b90abcbbc43f2e8a636d73f93baeb39efa3e,52096aaef22267b537a019d25e49b90abcbbc43f2e8a636d73f93baeb39efa3e,"{""basis"":""ordered source-target formula atom"",""kind"":""source-target-formula-map""}"
1.1.0,formula,O007-FREMLIN-V2-APP-2A3-FORMULA-0278,O007-FREMLIN-V2-APP-2A3,O007-RIGHTS-FREMLIN-DSL,O007-FREMLIN-V2-APP-2A3-SEG-2A3FF,278,2A3Ff,2A3Ff,309,312,12864,12873,13792,13801,\BbbR^r,\BbbR^r,6a5173578402ab704fe0e78c24a3f6f09fe9ed2c7ea0fbe574d688249eb91ed7,6a5173578402ab704fe0e78c24a3f6f09fe9ed2c7ea0fbe574d688249eb91ed7,6a5173578402ab704fe0e78c24a3f6f09fe9ed2c7ea0fbe574d688249eb91ed7,$,,6a5173578402ab704fe0e78c24a3f6f09fe9ed2c7ea0fbe574d688249eb91ed7,6a5173578402ab704fe0e78c24a3f6f09fe9ed2c7ea0fbe574d688249eb91ed7,"{""basis"":""ordered source-target formula atom"",""kind"":""source-target-formula-map""}"
1.1.0,formula,O007-FREMLIN-V2-APP-2A3-FORMULA-0279,O007-FREMLIN-V2-APP-2A3,O007-RIGHTS-FREMLIN-DSL,O007-FREMLIN-V2-APP-2A3-SEG-2A3FF,279,2A3Ff,2A3Ff,310,313,12912,12922,13843,13853,\{\rho\},\{\rho\},940cb84e46ad7ff173d195f94b6fc9b9a6ab8b42da5ddda8d4494273f05ea2b0,940cb84e46ad7ff173d195f94b6fc9b9a6ab8b42da5ddda8d4494273f05ea2b0,940cb84e46ad7ff173d195f94b6fc9b9a6ab8b42da5ddda8d4494273f05ea2b0,$,,940cb84e46ad7ff173d195f94b6fc9b9a6ab8b42da5ddda8d4494273f05ea2b0,940cb84e46ad7ff173d195f94b6fc9b9a6ab8b42da5ddda8d4494273f05ea2b0,"{""basis"":""ordered source-target formula atom"",""kind"":""source-target-formula-map""}"
1.1.0,formula,O007-FREMLIN-V2-APP-2A3-FORMULA-0280,O007-FREMLIN-V2-APP-2A3,O007-RIGHTS-FREMLIN-DSL,O007-FREMLIN-V2-APP-2A3-SEG-2A3FF,280,2A3Ff,2A3Ff,310,313,12930,12936,13862,13868,\rho,\rho,dabec2cdc19c316749385782948e50b66047b4aac5b8cd44e6f5037d11109ac0,dabec2cdc19c316749385782948e50b66047b4aac5b8cd44e6f5037d11109ac0,dabec2cdc19c316749385782948e50b66047b4aac5b8cd44e6f5037d11109ac0,$,,dabec2cdc19c316749385782948e50b66047b4aac5b8cd44e6f5037d11109ac0,dabec2cdc19c316749385782948e50b66047b4aac5b8cd44e6f5037d11109ac0,"{""basis"":""ordered source-target formula atom"",""kind"":""source-target-formula-map""}"
1.1.0,formula,O007-FREMLIN-V2-APP-2A3-FORMULA-0281,O007-FREMLIN-V2-APP-2A3,O007-RIGHTS-FREMLIN-DSL,O007-FREMLIN-V2-APP-2A3-SEG-2A3G,281,2A3G,2A3G,312,316,13000,13003,13933,13936,X,X,4b68ab3847feda7d6c62c1fbcbeebfa35eab7351ed5e78f4ddadea5df64b8015,4b68ab3847feda7d6c62c1fbcbeebfa35eab7351ed5e78f4ddadea5df64b8015,4b68ab3847feda7d6c62c1fbcbeebfa35eab7351ed5e78f4ddadea5df64b8015,$,,4b68ab3847feda7d6c62c1fbcbeebfa35eab7351ed5e78f4ddadea5df64b8015,4b68ab3847feda7d6c62c1fbcbeebfa35eab7351ed5e78f4ddadea5df64b8015,"{""basis"":""ordered source-target formula atom"",""kind"":""source-target-formula-map""}"
1.1.0,formula,O007-FREMLIN-V2-APP-2A3-FORMULA-0282,O007-FREMLIN-V2-APP-2A3,O007-RIGHTS-FREMLIN-DSL,O007-FREMLIN-V2-APP-2A3-SEG-2A3G,282,2A3G,2A3G,312,317,13057,13063,14013,14019,\Rho,\Rho,52096aaef22267b537a019d25e49b90abcbbc43f2e8a636d73f93baeb39efa3e,52096aaef22267b537a019d25e49b90abcbbc43f2e8a636d73f93baeb39efa3e,52096aaef22267b537a019d25e49b90abcbbc43f2e8a636d73f93baeb39efa3e,$,,52096aaef22267b537a019d25e49b90abcbbc43f2e8a636d73f93baeb39efa3e,52096aaef22267b537a019d25e49b90abcbbc43f2e8a636d73f93baeb39efa3e,"{""basis"":""ordered source-target formula atom"",""kind"":""source-target-formula-map""}"
1.1.0,formula,O007-FREMLIN-V2-APP-2A3-FORMULA-0283,O007-FREMLIN-V2-APP-2A3,O007-RIGHTS-FREMLIN-DSL,O007-FREMLIN-V2-APP-2A3-SEG-2A3G,283,2A3G,2A3G,313,318,13084,13087,14043,14046,X,X,4b68ab3847feda7d6c62c1fbcbeebfa35eab7351ed5e78f4ddadea5df64b8015,4b68ab3847feda7d6c62c1fbcbeebfa35eab7351ed5e78f4ddadea5df64b8015,4b68ab3847feda7d6c62c1fbcbeebfa35eab7351ed5e78f4ddadea5df64b8015,$,,4b68ab3847feda7d6c62c1fbcbeebfa35eab7351ed5e78f4ddadea5df64b8015,4b68ab3847feda7d6c62c1fbcbeebfa35eab7351ed5e78f4ddadea5df64b8015,"{""basis"":""ordered source-target formula atom"",""kind"":""source-target-formula-map""}"
1.1.0,formula,O007-FREMLIN-V2-APP-2A3-FORMULA-0284,O007-FREMLIN-V2-APP-2A3,O007-RIGHTS-FREMLIN-DSL,O007-FREMLIN-V2-APP-2A3-SEG-2A3G,284,2A3G,2A3G,313,318,13096,13132,14053,14089,"U(x;\rho_0,\ldots,\rho_n;\epsilon)","U(x;\rho_0,\ldots,\rho_n;\epsilon)",ffd6266c15da2c3b24e11acbb404449b7e4ee5aa10d63ba858199012b4ca7e7f,ffd6266c15da2c3b24e11acbb404449b7e4ee5aa10d63ba858199012b4ca7e7f,ffd6266c15da2c3b24e11acbb404449b7e4ee5aa10d63ba858199012b4ca7e7f,$,,ffd6266c15da2c3b24e11acbb404449b7e4ee5aa10d63ba858199012b4ca7e7f,ffd6266c15da2c3b24e11acbb404449b7e4ee5aa10d63ba858199012b4ca7e7f,"{""basis"":""ordered source-target formula atom"",""kind"":""source-target-formula-map""}"
1.1.0,formula,O007-FREMLIN-V2-APP-2A3-FORMULA-0285,O007-FREMLIN-V2-APP-2A3,O007-RIGHTS-FREMLIN-DSL,O007-FREMLIN-V2-APP-2A3-SEG-2A3G,285,2A3G,2A3G,314,319,13149,13157,14111,14119,x\in X,x\in X,d9448dfd3954dd39c12d483afd23d561b1b7d735af5f430b5dc457e6fa9ef99b,d9448dfd3954dd39c12d483afd23d561b1b7d735af5f430b5dc457e6fa9ef99b,858979f0c33c5f45e30780b82e2fa00184311296fbb7ef6bf3f4a6007c9b9cb1,$,,858979f0c33c5f45e30780b82e2fa00184311296fbb7ef6bf3f4a6007c9b9cb1,858979f0c33c5f45e30780b82e2fa00184311296fbb7ef6bf3f4a6007c9b9cb1,"{""basis"":""ordered source-target formula atom"",""kind"":""source-target-formula-map""}"
1.1.0,formula,O007-FREMLIN-V2-APP-2A3-FORMULA-0286,O007-FREMLIN-V2-APP-2A3,O007-RIGHTS-FREMLIN-DSL,O007-FREMLIN-V2-APP-2A3-SEG-2A3G,286,2A3G,2A3G,314,319,13159,13188,14121,14150,"\rho_0,\ldots,\rho_n\in\Rho","\rho_0,\ldots,\rho_n\in\Rho",b55830b91ca404291e3addf0094f1ede412b26874c329e0e39dca7ed465e03c0,b55830b91ca404291e3addf0094f1ede412b26874c329e0e39dca7ed465e03c0,b55830b91ca404291e3addf0094f1ede412b26874c329e0e39dca7ed465e03c0,$,,b55830b91ca404291e3addf0094f1ede412b26874c329e0e39dca7ed465e03c0,b55830b91ca404291e3addf0094f1ede412b26874c329e0e39dca7ed465e03c0,"{""basis"":""ordered source-target formula atom"",""kind"":""source-target-formula-map""}"
1.1.0,formula,O007-FREMLIN-V2-APP-2A3-FORMULA-0287,O007-FREMLIN-V2-APP-2A3,O007-RIGHTS-FREMLIN-DSL,O007-FREMLIN-V2-APP-2A3-SEG-2A3G,287,2A3G,2A3G,314,319,13193,13205,14155,14167,\epsilon>0,\epsilon>0,4c7785f41b6ba845fbf6fe3db625563505eedd141a7e6a016df047b5d14c0cc7,4c7785f41b6ba845fbf6fe3db625563505eedd141a7e6a016df047b5d14c0cc7,4c7785f41b6ba845fbf6fe3db625563505eedd141a7e6a016df047b5d14c0cc7,$,,4c7785f41b6ba845fbf6fe3db625563505eedd141a7e6a016df047b5d14c0cc7,4c7785f41b6ba845fbf6fe3db625563505eedd141a7e6a016df047b5d14c0cc7,"{""basis"":""ordered source-target formula atom"",""kind"":""source-target-formula-map""}"
1.1.0,formula,O007-FREMLIN-V2-APP-2A3-FORMULA-0288,O007-FREMLIN-V2-APP-2A3,O007-RIGHTS-FREMLIN-DSL,O007-FREMLIN-V2-APP-2A3-SEG-2A3G,288,2A3G,2A3G,316,322,13238,13279,14203,14244,"y\in U(x;\rho_0,\ldots,\rho_n;\epsilon)","y\in U(x;\rho_0,\ldots,\rho_n;\epsilon)",9155ea81b66eee11f763dd7e09a199e9af429d836c0d69e65b3ddd9f506aec22,9155ea81b66eee11f763dd7e09a199e9af429d836c0d69e65b3ddd9f506aec22,859e19383894afe3da71926b7f7b69001a53a3a94b940afe57d06a824c9a5bb8,$,,859e19383894afe3da71926b7f7b69001a53a3a94b940afe57d06a824c9a5bb8,859e19383894afe3da71926b7f7b69001a53a3a94b940afe57d06a824c9a5bb8,"{""basis"":""ordered source-target formula atom"",""kind"":""source-target-formula-map""}"
1.1.0,formula,O007-FREMLIN-V2-APP-2A3-FORMULA-0289,O007-FREMLIN-V2-APP-2A3,O007-RIGHTS-FREMLIN-DSL,O007-FREMLIN-V2-APP-2A3-SEG-2A3G,289,2A3G,2A3G,318,324,13300,13331,14268,14299,"\eta=\max_{i\le n}\rho_i(y,x)","\eta=\max_{i\le n}\rho_i(y,x)",1b6c541ac215ef019e27c88971330b4b4bd84519d227561ac18527b034b63157,1b6c541ac215ef019e27c88971330b4b4bd84519d227561ac18527b034b63157,d0af3ab9d86d8af60b9a89a3110db3299204da7292789a6aa96cf6093654e556,$,,d0af3ab9d86d8af60b9a89a3110db3299204da7292789a6aa96cf6093654e556,d0af3ab9d86d8af60b9a89a3110db3299204da7292789a6aa96cf6093654e556,"{""basis"":""ordered source-target formula atom"",""kind"":""source-target-formula-map""}"
1.1.0,formula,O007-FREMLIN-V2-APP-2A3-FORMULA-0290,O007-FREMLIN-V2-APP-2A3,O007-RIGHTS-FREMLIN-DSL,O007-FREMLIN-V2-APP-2A3-SEG-2A3G,290,2A3G,2A3G,319,325,13339,13363,14307,14331,\delta=\epsilon-\eta>0,\delta=\epsilon-\eta>0,99e75bf291b89bf5f049a4067ea8372d31d34d32a9b11e537986df06a289fed3,99e75bf291b89bf5f049a4067ea8372d31d34d32a9b11e537986df06a289fed3,99e75bf291b89bf5f049a4067ea8372d31d34d32a9b11e537986df06a289fed3,$,,99e75bf291b89bf5f049a4067ea8372d31d34d32a9b11e537986df06a289fed3,99e75bf291b89bf5f049a4067ea8372d31d34d32a9b11e537986df06a289fed3,"{""basis"":""ordered source-target formula atom"",""kind"":""source-target-formula-map""}"
1.1.0,formula,O007-FREMLIN-V2-APP-2A3-FORMULA-0291,O007-FREMLIN-V2-APP-2A3,O007-RIGHTS-FREMLIN-DSL,O007-FREMLIN-V2-APP-2A3-SEG-2A3G,291,2A3G,2A3G,321,327,13383,13422,14353,14392,"z\in U(y;\rho_0,\ldots,\rho_n;\delta)","z\in U(y;\rho_0,\ldots,\rho_n;\delta)",eba2349ba60e29d6370b6db99f619b1dfde884da0607dbb640dd492c8b437e92,eba2349ba60e29d6370b6db99f619b1dfde884da0607dbb640dd492c8b437e92,72642c6671bcddccce409f489467bcd946f775f15a2a100ecfb86ac03ea9bcb6,$,,72642c6671bcddccce409f489467bcd946f775f15a2a100ecfb86ac03ea9bcb6,72642c6671bcddccce409f489467bcd946f775f15a2a100ecfb86ac03ea9bcb6,"{""basis"":""ordered source-target formula atom"",""kind"":""source-target-formula-map""}"
1.1.0,formula,O007-FREMLIN-V2-APP-2A3-FORMULA-0292,O007-FREMLIN-V2-APP-2A3,O007-RIGHTS-FREMLIN-DSL,O007-FREMLIN-V2-APP-2A3-SEG-2A3G,292,2A3G,2A3G,323,329,13441,13502,14411,14472,"\rho_i(z,x)\le\rho_i(z,y)+\rho_i(y,x)<\delta+\eta
=\epsilon","\rho_i(z,x)\le\rho_i(z,y)+\rho_i(y,x)<\delta+\eta
=\epsilon",70a2e9c1731b631f4367b0fd7e245d8cc881d8b724e26670ec8853edc03d40a0,70a2e9c1731b631f4367b0fd7e245d8cc881d8b724e26670ec8853edc03d40a0,f0e430e484f94a5da5fb224b6f11de3eeab93f690af4765a15216310d962bb87,$,,f0e430e484f94a5da5fb224b6f11de3eeab93f690af4765a15216310d962bb87,f0e430e484f94a5da5fb224b6f11de3eeab93f690af4765a15216310d962bb87,"{""basis"":""ordered source-target formula atom"",""kind"":""source-target-formula-map""}"
1.1.0,formula,O007-FREMLIN-V2-APP-2A3-FORMULA-0293,O007-FREMLIN-V2-APP-2A3,O007-RIGHTS-FREMLIN-DSL,O007-FREMLIN-V2-APP-2A3-SEG-2A3G,293,2A3G,2A3G,326,332,13524,13532,14498,14506,i\le n,i\le n,887bc49071bf972eddc5a6b2384eea3df940ca184a00c89336fa83a08d8adfdd,887bc49071bf972eddc5a6b2384eea3df940ca184a00c89336fa83a08d8adfdd,32216077c4c6f4a2029062d219371e4522ef1b0109d20c708da9a57b47bf5822,$,,32216077c4c6f4a2029062d219371e4522ef1b0109d20c708da9a57b47bf5822,32216077c4c6f4a2029062d219371e4522ef1b0109d20c708da9a57b47bf5822,"{""basis"":""ordered source-target formula atom"",""kind"":""source-target-formula-map""}"
1.1.0,formula,O007-FREMLIN-V2-APP-2A3-FORMULA-0294,O007-FREMLIN-V2-APP-2A3,O007-RIGHTS-FREMLIN-DSL,O007-FREMLIN-V2-APP-2A3-SEG-2A3G,294,2A3G,2A3G,326,333,13537,13616,14517,14596,"U(y;\rho_0,\ldots,\rho_n;\delta)
\subseteq U(x;\rho_0,\ldots,\rho_n;\epsilon)","U(y;\rho_0,\ldots,\rho_n;\delta)
\subseteq U(x;\rho_0,\ldots,\rho_n;\epsilon)",04cbcfda0a82e6dd274be17a08eedc7245ee1776a9123b9883fb71382dbdfc3b,04cbcfda0a82e6dd274be17a08eedc7245ee1776a9123b9883fb71382dbdfc3b,d0b066ccea1c167b07e0802e18d14d6c60daf20cdf6df6a5c9a5a68a784076fb,$,,d0b066ccea1c167b07e0802e18d14d6c60daf20cdf6df6a5c9a5a68a784076fb,d0b066ccea1c167b07e0802e18d14d6c60daf20cdf6df6a5c9a5a68a784076fb,"{""basis"":""ordered source-target formula atom"",""kind"":""source-target-formula-map""}"
1.1.0,formula,O007-FREMLIN-V2-APP-2A3-FORMULA-0295,O007-FREMLIN-V2-APP-2A3,O007-RIGHTS-FREMLIN-DSL,O007-FREMLIN-V2-APP-2A3-SEG-2A3G,295,2A3G,2A3G,327,334,13623,13626,14605,14608,y,y,a1fce4363854ff888cff4b8e7875d600c2682390412a8cf79b37d0b11148b0fa,a1fce4363854ff888cff4b8e7875d600c2682390412a8cf79b37d0b11148b0fa,a1fce4363854ff888cff4b8e7875d600c2682390412a8cf79b37d0b11148b0fa,$,,a1fce4363854ff888cff4b8e7875d600c2682390412a8cf79b37d0b11148b0fa,a1fce4363854ff888cff4b8e7875d600c2682390412a8cf79b37d0b11148b0fa,"{""basis"":""ordered source-target formula atom"",""kind"":""source-target-formula-map""}"
1.1.0,formula,O007-FREMLIN-V2-APP-2A3-FORMULA-0296,O007-FREMLIN-V2-APP-2A3,O007-RIGHTS-FREMLIN-DSL,O007-FREMLIN-V2-APP-2A3-SEG-2A3G,296,2A3G,2A3G,328,335,13641,13677,14619,14655,"U(x;\rho_0,\ldots,\rho_n;\epsilon)","U(x;\rho_0,\ldots,\rho_n;\epsilon)",ffd6266c15da2c3b24e11acbb404449b7e4ee5aa10d63ba858199012b4ca7e7f,ffd6266c15da2c3b24e11acbb404449b7e4ee5aa10d63ba858199012b4ca7e7f,ffd6266c15da2c3b24e11acbb404449b7e4ee5aa10d63ba858199012b4ca7e7f,$,,ffd6266c15da2c3b24e11acbb404449b7e4ee5aa10d63ba858199012b4ca7e7f,ffd6266c15da2c3b24e11acbb404449b7e4ee5aa10d63ba858199012b4ca7e7f,"{""basis"":""ordered source-target formula atom"",""kind"":""source-target-formula-map""}"
1.1.0,formula,O007-FREMLIN-V2-APP-2A3-FORMULA-0297,O007-FREMLIN-V2-APP-2A3,O007-RIGHTS-FREMLIN-DSL,O007-FREMLIN-V2-APP-2A3-SEG-2A3H,297,2A3H,2A3H,337,344,13919,13922,14930,14933,X,X,4b68ab3847feda7d6c62c1fbcbeebfa35eab7351ed5e78f4ddadea5df64b8015,4b68ab3847feda7d6c62c1fbcbeebfa35eab7351ed5e78f4ddadea5df64b8015,4b68ab3847feda7d6c62c1fbcbeebfa35eab7351ed5e78f4ddadea5df64b8015,$,,4b68ab3847feda7d6c62c1fbcbeebfa35eab7351ed5e78f4ddadea5df64b8015,4b68ab3847feda7d6c62c1fbcbeebfa35eab7351ed5e78f4ddadea5df64b8015,"{""basis"":""ordered source-target formula atom"",""kind"":""source-target-formula-map""}"
1.1.0,formula,O007-FREMLIN-V2-APP-2A3-FORMULA-0298,O007-FREMLIN-V2-APP-2A3,O007-RIGHTS-FREMLIN-DSL,O007-FREMLIN-V2-APP-2A3-SEG-2A3H,298,2A3H,2A3H,337,344,13927,13930,14938,14941,Y,Y,18f5384d58bcb1bba0bcd9e6a6781d1a6ac2cc280c330ecbab6cb7931b721552,18f5384d58bcb1bba0bcd9e6a6781d1a6ac2cc280c330ecbab6cb7931b721552,18f5384d58bcb1bba0bcd9e6a6781d1a6ac2cc280c330ecbab6cb7931b721552,$,,18f5384d58bcb1bba0bcd9e6a6781d1a6ac2cc280c330ecbab6cb7931b721552,18f5384d58bcb1bba0bcd9e6a6781d1a6ac2cc280c330ecbab6cb7931b721552,"{""basis"":""ordered source-target formula atom"",""kind"":""source-target-formula-map""}"
1.1.0,formula,O007-FREMLIN-V2-APP-2A3-FORMULA-0299,O007-FREMLIN-V2-APP-2A3,O007-RIGHTS-FREMLIN-DSL,O007-FREMLIN-V2-APP-2A3-SEG-2A3H,299,2A3H,2A3H,337,345,13945,13951,14961,14967,\Rho,\Rho,52096aaef22267b537a019d25e49b90abcbbc43f2e8a636d73f93baeb39efa3e,52096aaef22267b537a019d25e49b90abcbbc43f2e8a636d73f93baeb39efa3e,52096aaef22267b537a019d25e49b90abcbbc43f2e8a636d73f93baeb39efa3e,$,,52096aaef22267b537a019d25e49b90abcbbc43f2e8a636d73f93baeb39efa3e,52096aaef22267b537a019d25e49b90abcbbc43f2e8a636d73f93baeb39efa3e,"{""basis"":""ordered source-target formula atom"",""kind"":""source-target-formula-map""}"
1.1.0,formula,O007-FREMLIN-V2-APP-2A3-FORMULA-0300,O007-FREMLIN-V2-APP-2A3,O007-RIGHTS-FREMLIN-DSL,O007-FREMLIN-V2-APP-2A3-SEG-2A3H,300,2A3H,2A3H,339,345,13994,13997,15011,15014,X,X,4b68ab3847feda7d6c62c1fbcbeebfa35eab7351ed5e78f4ddadea5df64b8015,4b68ab3847feda7d6c62c1fbcbeebfa35eab7351ed5e78f4ddadea5df64b8015,4b68ab3847feda7d6c62c1fbcbeebfa35eab7351ed5e78f4ddadea5df64b8015,$,,4b68ab3847feda7d6c62c1fbcbeebfa35eab7351ed5e78f4ddadea5df64b8015,4b68ab3847feda7d6c62c1fbcbeebfa35eab7351ed5e78f4ddadea5df64b8015,"{""basis"":""ordered source-target formula atom"",""kind"":""source-target-formula-map""}"
1.1.0,formula,O007-FREMLIN-V2-APP-2A3-FORMULA-0301,O007-FREMLIN-V2-APP-2A3,O007-RIGHTS-FREMLIN-DSL,O007-FREMLIN-V2-APP-2A3-SEG-2A3H,301,2A3H,2A3H,339,345,14003,14011,15020,15028,\Theta,\Theta,c7b34ab03e848fc4d0ac7ab8e6cfa3f4feff1b8afbcb890fd8be803d123f8f8d,c7b34ab03e848fc4d0ac7ab8e6cfa3f4feff1b8afbcb890fd8be803d123f8f8d,c7b34ab03e848fc4d0ac7ab8e6cfa3f4feff1b8afbcb890fd8be803d123f8f8d,$,,c7b34ab03e848fc4d0ac7ab8e6cfa3f4feff1b8afbcb890fd8be803d123f8f8d,c7b34ab03e848fc4d0ac7ab8e6cfa3f4feff1b8afbcb890fd8be803d123f8f8d,"{""basis"":""ordered source-target formula atom"",""kind"":""source-target-formula-map""}"
1.1.0,formula,O007-FREMLIN-V2-APP-2A3-FORMULA-0302,O007-FREMLIN-V2-APP-2A3,O007-RIGHTS-FREMLIN-DSL,O007-FREMLIN-V2-APP-2A3-SEG-2A3H,302,2A3H,2A3H,340,346,14051,14054,15072,15075,Y,Y,18f5384d58bcb1bba0bcd9e6a6781d1a6ac2cc280c330ecbab6cb7931b721552,18f5384d58bcb1bba0bcd9e6a6781d1a6ac2cc280c330ecbab6cb7931b721552,18f5384d58bcb1bba0bcd9e6a6781d1a6ac2cc280c330ecbab6cb7931b721552,$,,18f5384d58bcb1bba0bcd9e6a6781d1a6ac2cc280c330ecbab6cb7931b721552,18f5384d58bcb1bba0bcd9e6a6781d1a6ac2cc280c330ecbab6cb7931b721552,"{""basis"":""ordered source-target formula atom"",""kind"":""source-target-formula-map""}"
1.1.0,formula,O007-FREMLIN-V2-APP-2A3-FORMULA-0303,O007-FREMLIN-V2-APP-2A3,O007-RIGHTS-FREMLIN-DSL,O007-FREMLIN-V2-APP-2A3-SEG-2A3H,303,2A3H,2A3H,340,346,14061,14070,15086,15095,\frak T,\frak T,0647f8d3ad6092ab3a9c92fd71ee29d66b86e14d9c9582db084142bee077c226,0647f8d3ad6092ab3a9c92fd71ee29d66b86e14d9c9582db084142bee077c226,44c7e1dba9432c4271c4d22b9a844dc7f447c4cb30f1129ac0c3db3f54646d4b,$,,44c7e1dba9432c4271c4d22b9a844dc7f447c4cb30f1129ac0c3db3f54646d4b,44c7e1dba9432c4271c4d22b9a844dc7f447c4cb30f1129ac0c3db3f54646d4b,"{""basis"":""ordered source-target formula atom"",""kind"":""source-target-formula-map""}"
1.1.0,formula,O007-FREMLIN-V2-APP-2A3-FORMULA-0304,O007-FREMLIN-V2-APP-2A3,O007-RIGHTS-FREMLIN-DSL,O007-FREMLIN-V2-APP-2A3-SEG-2A3H,304,2A3H,2A3H,340,347,14075,14084,15100,15109,\frak S,\frak S,c4247956c1371b73a7c187175dba4591aaad37b616647acc0b6a1c213c8a20e3,c4247956c1371b73a7c187175dba4591aaad37b616647acc0b6a1c213c8a20e3,b5bbac7e088cdf6fbe81db176e29ad3bf3d82167cc08b48d3895d95b1be3f167,$,,b5bbac7e088cdf6fbe81db176e29ad3bf3d82167cc08b48d3895d95b1be3f167,b5bbac7e088cdf6fbe81db176e29ad3bf3d82167cc08b48d3895d95b1be3f167,"{""basis"":""ordered source-target formula atom"",""kind"":""source-target-formula-map""}"
1.1.0,formula,O007-FREMLIN-V2-APP-2A3-FORMULA-0305,O007-FREMLIN-V2-APP-2A3,O007-RIGHTS-FREMLIN-DSL,O007-FREMLIN-V2-APP-2A3-SEG-2A3H,305,2A3H,2A3H,341,347,14134,14147,15158,15171,\phi:X\to Y,\phi:X\to Y,13bd91bfe4efd20d71a6b34c7581ddd8571b38f73d5e0bdd9de604c7badbba99,13bd91bfe4efd20d71a6b34c7581ddd8571b38f73d5e0bdd9de604c7badbba99,ff574878676958526aeff476d34e96ebf519db9f8a28e89cc9e76db0b39b4ebc,$,,ff574878676958526aeff476d34e96ebf519db9f8a28e89cc9e76db0b39b4ebc,ff574878676958526aeff476d34e96ebf519db9f8a28e89cc9e76db0b39b4ebc,"{""basis"":""ordered source-target formula atom"",""kind"":""source-target-formula-map""}"
1.1.0,formula,O007-FREMLIN-V2-APP-2A3-FORMULA-0306,O007-FREMLIN-V2-APP-2A3,O007-RIGHTS-FREMLIN-DSL,O007-FREMLIN-V2-APP-2A3-SEG-2A3H,306,2A3H,2A3H,341,348,14175,14183,15213,15221,x\in X,x\in X,d9448dfd3954dd39c12d483afd23d561b1b7d735af5f430b5dc457e6fa9ef99b,d9448dfd3954dd39c12d483afd23d561b1b7d735af5f430b5dc457e6fa9ef99b,858979f0c33c5f45e30780b82e2fa00184311296fbb7ef6bf3f4a6007c9b9cb1,$,,858979f0c33c5f45e30780b82e2fa00184311296fbb7ef6bf3f4a6007c9b9cb1,858979f0c33c5f45e30780b82e2fa00184311296fbb7ef6bf3f4a6007c9b9cb1,"{""basis"":""ordered source-target formula atom"",""kind"":""source-target-formula-map""}"
1.1.0,formula,O007-FREMLIN-V2-APP-2A3-FORMULA-0307,O007-FREMLIN-V2-APP-2A3,O007-RIGHTS-FREMLIN-DSL,O007-FREMLIN-V2-APP-2A3-SEG-2A3H,307,2A3H,2A3H,342,349,14185,14202,15223,15240,\theta\in\Theta,\theta\in\Theta,76466bd4b2463fe28b0349c92109169b7a3db50b22063f5da241f8c75eac04dd,76466bd4b2463fe28b0349c92109169b7a3db50b22063f5da241f8c75eac04dd,76466bd4b2463fe28b0349c92109169b7a3db50b22063f5da241f8c75eac04dd,$,,76466bd4b2463fe28b0349c92109169b7a3db50b22063f5da241f8c75eac04dd,76466bd4b2463fe28b0349c92109169b7a3db50b22063f5da241f8c75eac04dd,"{""basis"":""ordered source-target formula atom"",""kind"":""source-target-formula-map""}"
1.1.0,formula,O007-FREMLIN-V2-APP-2A3-FORMULA-0308,O007-FREMLIN-V2-APP-2A3,O007-RIGHTS-FREMLIN-DSL,O007-FREMLIN-V2-APP-2A3-SEG-2A3H,308,2A3H,2A3H,342,349,14207,14219,15245,15257,\epsilon>0,\epsilon>0,4c7785f41b6ba845fbf6fe3db625563505eedd141a7e6a016df047b5d14c0cc7,4c7785f41b6ba845fbf6fe3db625563505eedd141a7e6a016df047b5d14c0cc7,4c7785f41b6ba845fbf6fe3db625563505eedd141a7e6a016df047b5d14c0cc7,$,,4c7785f41b6ba845fbf6fe3db625563505eedd141a7e6a016df047b5d14c0cc7,4c7785f41b6ba845fbf6fe3db625563505eedd141a7e6a016df047b5d14c0cc7,"{""basis"":""ordered source-target formula atom"",""kind"":""source-target-formula-map""}"
1.1.0,formula,O007-FREMLIN-V2-APP-2A3-FORMULA-0309,O007-FREMLIN-V2-APP-2A3,O007-RIGHTS-FREMLIN-DSL,O007-FREMLIN-V2-APP-2A3-SEG-2A3H,309,2A3H,2A3H,343,350,14231,14260,15263,15292,"\rho_0,\ldots,\rho_n\in\Rho","\rho_0,\ldots,\rho_n\in\Rho",b55830b91ca404291e3addf0094f1ede412b26874c329e0e39dca7ed465e03c0,b55830b91ca404291e3addf0094f1ede412b26874c329e0e39dca7ed465e03c0,b55830b91ca404291e3addf0094f1ede412b26874c329e0e39dca7ed465e03c0,$,,b55830b91ca404291e3addf0094f1ede412b26874c329e0e39dca7ed465e03c0,b55830b91ca404291e3addf0094f1ede412b26874c329e0e39dca7ed465e03c0,"{""basis"":""ordered source-target formula atom"",""kind"":""source-target-formula-map""}"
1.1.0,formula,O007-FREMLIN-V2-APP-2A3-FORMULA-0310,O007-FREMLIN-V2-APP-2A3,O007-RIGHTS-FREMLIN-DSL,O007-FREMLIN-V2-APP-2A3-SEG-2A3H,310,2A3H,2A3H,343,350,14265,14275,15297,15307,\delta>0,\delta>0,28c5f4f559bc00a49055a369c53d2382bf799ab5fa662c1b53944e9762606ec9,28c5f4f559bc00a49055a369c53d2382bf799ab5fa662c1b53944e9762606ec9,28c5f4f559bc00a49055a369c53d2382bf799ab5fa662c1b53944e9762606ec9,$,,28c5f4f559bc00a49055a369c53d2382bf799ab5fa662c1b53944e9762606ec9,28c5f4f559bc00a49055a369c53d2382bf799ab5fa662c1b53944e9762606ec9,"{""basis"":""ordered source-target formula atom"",""kind"":""source-target-formula-map""}"
1.1.0,formula,O007-FREMLIN-V2-APP-2A3-FORMULA-0311,O007-FREMLIN-V2-APP-2A3,O007-RIGHTS-FREMLIN-DSL,O007-FREMLIN-V2-APP-2A3-SEG-2A3H,311,2A3H,2A3H,344,351,14286,14322,15317,15353,"\theta(\phi(y),\phi(x))\le\epsilon","\theta(\phi(y),\phi(x))\le\epsilon",88d4ab6ce884467f3f77c8aa8b4667538a24e49c346a3396bc1c9d52430d3c2c,88d4ab6ce884467f3f77c8aa8b4667538a24e49c346a3396bc1c9d52430d3c2c,88d4ab6ce884467f3f77c8aa8b4667538a24e49c346a3396bc1c9d52430d3c2c,$,,88d4ab6ce884467f3f77c8aa8b4667538a24e49c346a3396bc1c9d52430d3c2c,88d4ab6ce884467f3f77c8aa8b4667538a24e49c346a3396bc1c9d52430d3c2c,"{""basis"":""ordered source-target formula atom"",""kind"":""source-target-formula-map""}"
1.1.0,formula,O007-FREMLIN-V2-APP-2A3-FORMULA-0312,O007-FREMLIN-V2-APP-2A3,O007-RIGHTS-FREMLIN-DSL,O007-FREMLIN-V2-APP-2A3-SEG-2A3H,312,2A3H,2A3H,344,351,14332,14340,15366,15374,y\in X,y\in X,c1ff04635ef538efbc6d32cf7f1c55cf3986f8e1786e70850bbeedd22a583b33,c1ff04635ef538efbc6d32cf7f1c55cf3986f8e1786e70850bbeedd22a583b33,c0f16e0187ba08ecb03a7ea129bf0a48edfd680299a9366b0b5e0fd293ff7072,$,,c0f16e0187ba08ecb03a7ea129bf0a48edfd680299a9366b0b5e0fd293ff7072,c0f16e0187ba08ecb03a7ea129bf0a48edfd680299a9366b0b5e0fd293ff7072,"{""basis"":""ordered source-target formula atom"",""kind"":""source-target-formula-map""}"
1.1.0,formula,O007-FREMLIN-V2-APP-2A3-FORMULA-0313,O007-FREMLIN-V2-APP-2A3,O007-RIGHTS-FREMLIN-DSL,O007-FREMLIN-V2-APP-2A3-SEG-2A3H,313,2A3H,2A3H,344,351,14345,14380,15379,15414,"\max_{i\le
n}\rho_i(y,x)\le\delta","\max_{i\le
n}\rho_i(y,x)\le\delta",2d0744c6757744d8664ccc41ecce21dffcd1f7ae6a9dbb374fd4a2dd9b0e1adf,2d0744c6757744d8664ccc41ecce21dffcd1f7ae6a9dbb374fd4a2dd9b0e1adf,e57753754d39d6e47451964be9b0c2fc8f1d389cf5281c8ee3a67bf65c47a1fa,$,,e57753754d39d6e47451964be9b0c2fc8f1d389cf5281c8ee3a67bf65c47a1fa,e57753754d39d6e47451964be9b0c2fc8f1d389cf5281c8ee3a67bf65c47a1fa,"{""basis"":""ordered source-target formula atom"",""kind"":""source-target-formula-map""}"
1.1.0,formula,O007-FREMLIN-V2-APP-2A3-FORMULA-0314,O007-FREMLIN-V2-APP-2A3,O007-RIGHTS-FREMLIN-DSL,O007-FREMLIN-V2-APP-2A3-SEG-2A3H,314,2A3H,2A3H,347,354,14413,14419,15443,15449,\phi,\phi,10ce0200b450ea955833553e717821c7721818b8a95cffd7e54b46e08918b512,10ce0200b450ea955833553e717821c7721818b8a95cffd7e54b46e08918b512,10ce0200b450ea955833553e717821c7721818b8a95cffd7e54b46e08918b512,$,,10ce0200b450ea955833553e717821c7721818b8a95cffd7e54b46e08918b512,10ce0200b450ea955833553e717821c7721818b8a95cffd7e54b46e08918b512,"{""basis"":""ordered source-target formula atom"",""kind"":""source-target-formula-map""}"
1.1.0,formula,O007-FREMLIN-V2-APP-2A3-FORMULA-0315,O007-FREMLIN-V2-APP-2A3,O007-RIGHTS-FREMLIN-DSL,O007-FREMLIN-V2-APP-2A3-SEG-2A3H,315,2A3H,2A3H,347,354,14441,14449,15466,15474,x\in X,x\in X,d9448dfd3954dd39c12d483afd23d561b1b7d735af5f430b5dc457e6fa9ef99b,d9448dfd3954dd39c12d483afd23d561b1b7d735af5f430b5dc457e6fa9ef99b,858979f0c33c5f45e30780b82e2fa00184311296fbb7ef6bf3f4a6007c9b9cb1,$,,858979f0c33c5f45e30780b82e2fa00184311296fbb7ef6bf3f4a6007c9b9cb1,858979f0c33c5f45e30780b82e2fa00184311296fbb7ef6bf3f4a6007c9b9cb1,"{""basis"":""ordered source-target formula atom"",""kind"":""source-target-formula-map""}"
1.1.0,formula,O007-FREMLIN-V2-APP-2A3-FORMULA-0316,O007-FREMLIN-V2-APP-2A3,O007-RIGHTS-FREMLIN-DSL,O007-FREMLIN-V2-APP-2A3-SEG-2A3H,316,2A3H,2A3H,348,355,14451,14468,15476,15493,\theta\in\Theta,\theta\in\Theta,76466bd4b2463fe28b0349c92109169b7a3db50b22063f5da241f8c75eac04dd,76466bd4b2463fe28b0349c92109169b7a3db50b22063f5da241f8c75eac04dd,76466bd4b2463fe28b0349c92109169b7a3db50b22063f5da241f8c75eac04dd,$,,76466bd4b2463fe28b0349c92109169b7a3db50b22063f5da241f8c75eac04dd,76466bd4b2463fe28b0349c92109169b7a3db50b22063f5da241f8c75eac04dd,"{""basis"":""ordered source-target formula atom"",""kind"":""source-target-formula-map""}"
1.1.0,formula,O007-FREMLIN-V2-APP-2A3-FORMULA-0317,O007-FREMLIN-V2-APP-2A3,O007-RIGHTS-FREMLIN-DSL,O007-FREMLIN-V2-APP-2A3-SEG-2A3H,317,2A3H,2A3H,348,355,14473,14485,15498,15510,\epsilon>0,\epsilon>0,4c7785f41b6ba845fbf6fe3db625563505eedd141a7e6a016df047b5d14c0cc7,4c7785f41b6ba845fbf6fe3db625563505eedd141a7e6a016df047b5d14c0cc7,4c7785f41b6ba845fbf6fe3db625563505eedd141a7e6a016df047b5d14c0cc7,$,,4c7785f41b6ba845fbf6fe3db625563505eedd141a7e6a016df047b5d14c0cc7,4c7785f41b6ba845fbf6fe3db625563505eedd141a7e6a016df047b5d14c0cc7,"{""basis"":""ordered source-target formula atom"",""kind"":""source-target-formula-map""}"
1.1.0,formula,O007-FREMLIN-V2-APP-2A3-FORMULA-0318,O007-FREMLIN-V2-APP-2A3,O007-RIGHTS-FREMLIN-DSL,O007-FREMLIN-V2-APP-2A3-SEG-2A3H,318,2A3H,2A3H,349,356,14498,14536,15525,15563,U(\phi(x);\theta;\epsilon)\in\frak S,U(\phi(x);\theta;\epsilon)\in\frak S,65239b92bff99d254432717d71c3fc67990e0eda5809764c0c967798e8a08379,65239b92bff99d254432717d71c3fc67990e0eda5809764c0c967798e8a08379,17a483ca7fb14c42ca0f1fc80f4c08dd65d48e3efa37c75494407e7ed9dbfe11,$,,17a483ca7fb14c42ca0f1fc80f4c08dd65d48e3efa37c75494407e7ed9dbfe11,17a483ca7fb14c42ca0f1fc80f4c08dd65d48e3efa37c75494407e7ed9dbfe11,"{""basis"":""ordered source-target formula atom"",""kind"":""source-target-formula-map""}"
1.1.0,formula,O007-FREMLIN-V2-APP-2A3-FORMULA-0319,O007-FREMLIN-V2-APP-2A3,O007-RIGHTS-FREMLIN-DSL,O007-FREMLIN-V2-APP-2A3-SEG-2A3H,319,2A3H,2A3H,350,357,14541,14592,15570,15621,G=\phi^{-1}[U(\phi(x);\theta;\epsilon)]\in\frak T,G=\phi^{-1}[U(\phi(x);\theta;\epsilon)]\in\frak T,06b42bef3952ba397cbce44c54e7e20a8aaa52bc05057c62be3727068fd4ab4a,06b42bef3952ba397cbce44c54e7e20a8aaa52bc05057c62be3727068fd4ab4a,67a1929fe2ada70c1cd73a79c8c040f1defd83057c34c2b8bc5cdf6bdba37a90,$,,67a1929fe2ada70c1cd73a79c8c040f1defd83057c34c2b8bc5cdf6bdba37a90,67a1929fe2ada70c1cd73a79c8c040f1defd83057c34c2b8bc5cdf6bdba37a90,"{""basis"":""ordered source-target formula atom"",""kind"":""source-target-formula-map""}"
1.1.0,formula,O007-FREMLIN-V2-APP-2A3-FORMULA-0320,O007-FREMLIN-V2-APP-2A3,O007-RIGHTS-FREMLIN-DSL,O007-FREMLIN-V2-APP-2A3-SEG-2A3H,320,2A3H,2A3H,350,357,14600,14608,15634,15642,x\in G,x\in G,3faccb525a29c5c66379ad205d954d7822aa6ecb75b815bd94d489678ce6aa50,3faccb525a29c5c66379ad205d954d7822aa6ecb75b815bd94d489678ce6aa50,f890bd8a169841a8e4c425e62d012427d5ad44ba0a41eee342be8094ad1fd32f,$,,f890bd8a169841a8e4c425e62d012427d5ad44ba0a41eee342be8094ad1fd32f,f890bd8a169841a8e4c425e62d012427d5ad44ba0a41eee342be8094ad1fd32f,"{""basis"":""ordered source-target formula atom"",""kind"":""source-target-formula-map""}"
1.1.0,formula,O007-FREMLIN-V2-APP-2A3-FORMULA-0321,O007-FREMLIN-V2-APP-2A3,O007-RIGHTS-FREMLIN-DSL,O007-FREMLIN-V2-APP-2A3-SEG-2A3H,321,2A3H,2A3H,351,358,14623,14652,15653,15682,"\rho_0,\ldots,\rho_n\in\Rho","\rho_0,\ldots,\rho_n\in\Rho",b55830b91ca404291e3addf0094f1ede412b26874c329e0e39dca7ed465e03c0,b55830b91ca404291e3addf0094f1ede412b26874c329e0e39dca7ed465e03c0,b55830b91ca404291e3addf0094f1ede412b26874c329e0e39dca7ed465e03c0,$,,b55830b91ca404291e3addf0094f1ede412b26874c329e0e39dca7ed465e03c0,b55830b91ca404291e3addf0094f1ede412b26874c329e0e39dca7ed465e03c0,"{""basis"":""ordered source-target formula atom"",""kind"":""source-target-formula-map""}"
1.1.0,formula,O007-FREMLIN-V2-APP-2A3-FORMULA-0322,O007-FREMLIN-V2-APP-2A3,O007-RIGHTS-FREMLIN-DSL,O007-FREMLIN-V2-APP-2A3-SEG-2A3H,322,2A3H,2A3H,351,358,14657,14667,15687,15697,\delta>0,\delta>0,28c5f4f559bc00a49055a369c53d2382bf799ab5fa662c1b53944e9762606ec9,28c5f4f559bc00a49055a369c53d2382bf799ab5fa662c1b53944e9762606ec9,28c5f4f559bc00a49055a369c53d2382bf799ab5fa662c1b53944e9762606ec9,$,,28c5f4f559bc00a49055a369c53d2382bf799ab5fa662c1b53944e9762606ec9,28c5f4f559bc00a49055a369c53d2382bf799ab5fa662c1b53944e9762606ec9,"{""basis"":""ordered source-target formula atom"",""kind"":""source-target-formula-map""}"
1.1.0,formula,O007-FREMLIN-V2-APP-2A3-FORMULA-0323,O007-FREMLIN-V2-APP-2A3,O007-RIGHTS-FREMLIN-DSL,O007-FREMLIN-V2-APP-2A3-SEG-2A3H,323,2A3H,2A3H,352,359,14678,14723,15710,15755,"U(x;\rho_0,\ldots,\rho_n;\delta)\subseteq G","U(x;\rho_0,\ldots,\rho_n;\delta)\subseteq G",87074f07c4cdbd48027825b3c0a7fa3a81dc8c45b45d1adaf03d8aef9a7f2def,87074f07c4cdbd48027825b3c0a7fa3a81dc8c45b45d1adaf03d8aef9a7f2def,60d709e4629a009e1206cc3179c0ec56f677b82fa9b307e5cd5b8ee5732340cd,$,,60d709e4629a009e1206cc3179c0ec56f677b82fa9b307e5cd5b8ee5732340cd,60d709e4629a009e1206cc3179c0ec56f677b82fa9b307e5cd5b8ee5732340cd,"{""basis"":""ordered source-target formula atom"",""kind"":""source-target-formula-map""}"
1.1.0,formula,O007-FREMLIN-V2-APP-2A3-FORMULA-0324,O007-FREMLIN-V2-APP-2A3,O007-RIGHTS-FREMLIN-DSL,O007-FREMLIN-V2-APP-2A3-SEG-2A3H,324,2A3H,2A3H,353,360,14740,14776,15773,15809,"\theta(\phi(y),\phi(x))\le\epsilon","\theta(\phi(y),\phi(x))\le\epsilon",88d4ab6ce884467f3f77c8aa8b4667538a24e49c346a3396bc1c9d52430d3c2c,88d4ab6ce884467f3f77c8aa8b4667538a24e49c346a3396bc1c9d52430d3c2c,88d4ab6ce884467f3f77c8aa8b4667538a24e49c346a3396bc1c9d52430d3c2c,$,,88d4ab6ce884467f3f77c8aa8b4667538a24e49c346a3396bc1c9d52430d3c2c,88d4ab6ce884467f3f77c8aa8b4667538a24e49c346a3396bc1c9d52430d3c2c,"{""basis"":""ordered source-target formula atom"",""kind"":""source-target-formula-map""}"
1.1.0,formula,O007-FREMLIN-V2-APP-2A3-FORMULA-0325,O007-FREMLIN-V2-APP-2A3,O007-RIGHTS-FREMLIN-DSL,O007-FREMLIN-V2-APP-2A3-SEG-2A3H,325,2A3H,2A3H,353,360,14786,14794,15822,15830,y\in X,y\in X,c1ff04635ef538efbc6d32cf7f1c55cf3986f8e1786e70850bbeedd22a583b33,c1ff04635ef538efbc6d32cf7f1c55cf3986f8e1786e70850bbeedd22a583b33,c0f16e0187ba08ecb03a7ea129bf0a48edfd680299a9366b0b5e0fd293ff7072,$,,c0f16e0187ba08ecb03a7ea129bf0a48edfd680299a9366b0b5e0fd293ff7072,c0f16e0187ba08ecb03a7ea129bf0a48edfd680299a9366b0b5e0fd293ff7072,"{""basis"":""ordered source-target formula atom"",""kind"":""source-target-formula-map""}"
1.1.0,formula,O007-FREMLIN-V2-APP-2A3-FORMULA-0326,O007-FREMLIN-V2-APP-2A3,O007-RIGHTS-FREMLIN-DSL,O007-FREMLIN-V2-APP-2A3-SEG-2A3H,326,2A3H,2A3H,353,360,14799,14842,15835,15878,"\max_{i\le
n}\rho_i(y,x)\le\bover12\delta","\max_{i\le
n}\rho_i(y,x)\le\bover12\delta",56ca448a607bc2dd9223b80f0eb00f0cb5a153fd37b9566907ab9ed06e2b271e,56ca448a607bc2dd9223b80f0eb00f0cb5a153fd37b9566907ab9ed06e2b271e,0f0b978fca550012b6b3d1e0a1e7d6a01cf0d7e50dc4f9aea29598081911a12c,$,,0f0b978fca550012b6b3d1e0a1e7d6a01cf0d7e50dc4f9aea29598081911a12c,0f0b978fca550012b6b3d1e0a1e7d6a01cf0d7e50dc4f9aea29598081911a12c,"{""basis"":""ordered source-target formula atom"",""kind"":""source-target-formula-map""}"
1.1.0,formula,O007-FREMLIN-V2-APP-2A3-FORMULA-0327,O007-FREMLIN-V2-APP-2A3,O007-RIGHTS-FREMLIN-DSL,O007-FREMLIN-V2-APP-2A3-SEG-2A3H,327,2A3H,2A3H,354,361,14849,14852,15887,15890,x,x,2d711642b726b04401627ca9fbac32f5c8530fb1903cc4db02258717921a4881,2d711642b726b04401627ca9fbac32f5c8530fb1903cc4db02258717921a4881,2d711642b726b04401627ca9fbac32f5c8530fb1903cc4db02258717921a4881,$,,2d711642b726b04401627ca9fbac32f5c8530fb1903cc4db02258717921a4881,2d711642b726b04401627ca9fbac32f5c8530fb1903cc4db02258717921a4881,"{""basis"":""ordered source-target formula atom"",""kind"":""source-target-formula-map""}"
1.1.0,formula,O007-FREMLIN-V2-APP-2A3-FORMULA-0328,O007-FREMLIN-V2-APP-2A3,O007-RIGHTS-FREMLIN-DSL,O007-FREMLIN-V2-APP-2A3-SEG-2A3H,328,2A3H,2A3H,354,361,14854,14862,15892,15900,\theta,\theta,2b4af44cb17349bb9452292a447fe70d48c9ce08e68dd2f74e9628cf8ac625b8,2b4af44cb17349bb9452292a447fe70d48c9ce08e68dd2f74e9628cf8ac625b8,2b4af44cb17349bb9452292a447fe70d48c9ce08e68dd2f74e9628cf8ac625b8,$,,2b4af44cb17349bb9452292a447fe70d48c9ce08e68dd2f74e9628cf8ac625b8,2b4af44cb17349bb9452292a447fe70d48c9ce08e68dd2f74e9628cf8ac625b8,"{""basis"":""ordered source-target formula atom"",""kind"":""source-target-formula-map""}"
1.1.0,formula,O007-FREMLIN-V2-APP-2A3-FORMULA-0329,O007-FREMLIN-V2-APP-2A3,O007-RIGHTS-FREMLIN-DSL,O007-FREMLIN-V2-APP-2A3-SEG-2A3H,329,2A3H,2A3H,354,361,14867,14877,15905,15915,\epsilon,\epsilon,8bc4bfc2bdebfaac14a98cde1deb3cf75202e7908905efb95c939c0481951f77,8bc4bfc2bdebfaac14a98cde1deb3cf75202e7908905efb95c939c0481951f77,8bc4bfc2bdebfaac14a98cde1deb3cf75202e7908905efb95c939c0481951f77,$,,8bc4bfc2bdebfaac14a98cde1deb3cf75202e7908905efb95c939c0481951f77,8bc4bfc2bdebfaac14a98cde1deb3cf75202e7908905efb95c939c0481951f77,"{""basis"":""ordered source-target formula atom"",""kind"":""source-target-formula-map""}"
1.1.0,formula,O007-FREMLIN-V2-APP-2A3-FORMULA-0330,O007-FREMLIN-V2-APP-2A3,O007-RIGHTS-FREMLIN-DSL,O007-FREMLIN-V2-APP-2A3-SEG-2A3H,330,2A3H,2A3H,355,362,14893,14899,15926,15932,\phi,\phi,10ce0200b450ea955833553e717821c7721818b8a95cffd7e54b46e08918b512,10ce0200b450ea955833553e717821c7721818b8a95cffd7e54b46e08918b512,10ce0200b450ea955833553e717821c7721818b8a95cffd7e54b46e08918b512,$,,10ce0200b450ea955833553e717821c7721818b8a95cffd7e54b46e08918b512,10ce0200b450ea955833553e717821c7721818b8a95cffd7e54b46e08918b512,"{""basis"":""ordered source-target formula atom"",""kind"":""source-target-formula-map""}"
1.1.0,formula,O007-FREMLIN-V2-APP-2A3-FORMULA-0331,O007-FREMLIN-V2-APP-2A3,O007-RIGHTS-FREMLIN-DSL,O007-FREMLIN-V2-APP-2A3-SEG-2A3H,331,2A3H,2A3H,359,366,14954,14960,15989,15995,\phi,\phi,10ce0200b450ea955833553e717821c7721818b8a95cffd7e54b46e08918b512,10ce0200b450ea955833553e717821c7721818b8a95cffd7e54b46e08918b512,10ce0200b450ea955833553e717821c7721818b8a95cffd7e54b46e08918b512,$,,10ce0200b450ea955833553e717821c7721818b8a95cffd7e54b46e08918b512,10ce0200b450ea955833553e717821c7721818b8a95cffd7e54b46e08918b512,"{""basis"":""ordered source-target formula atom"",""kind"":""source-target-formula-map""}"
1.1.0,formula,O007-FREMLIN-V2-APP-2A3-FORMULA-0332,O007-FREMLIN-V2-APP-2A3,O007-RIGHTS-FREMLIN-DSL,O007-FREMLIN-V2-APP-2A3-SEG-2A3H,332,2A3H,2A3H,360,367,14993,15006,16028,16041,H\in\frak S,H\in\frak S,9a828ec3ee657251fc3e0a9bfb797969ac4b493ba5533334eb3ee699598d7485,9a828ec3ee657251fc3e0a9bfb797969ac4b493ba5533334eb3ee699598d7485,a6916f049003819a40c0b67f6dc5b30822d6c8a58a135180b35bcea877bad9d5,$,,a6916f049003819a40c0b67f6dc5b30822d6c8a58a135180b35bcea877bad9d5,a6916f049003819a40c0b67f6dc5b30822d6c8a58a135180b35bcea877bad9d5,"{""basis"":""ordered source-target formula atom"",""kind"":""source-target-formula-map""}"
1.1.0,formula,O007-FREMLIN-V2-APP-2A3-FORMULA-0333,O007-FREMLIN-V2-APP-2A3,O007-RIGHTS-FREMLIN-DSL,O007-FREMLIN-V2-APP-2A3-SEG-2A3H,333,2A3H,2A3H,360,367,15020,15036,16060,16076,G=\phi^{-1}[H],G=\phi^{-1}[H],0638867b90681fff299f3f80f6c0a189a659e6221c62f0c976bd5385f70d695e,0638867b90681fff299f3f80f6c0a189a659e6221c62f0c976bd5385f70d695e,0638867b90681fff299f3f80f6c0a189a659e6221c62f0c976bd5385f70d695e,$,,0638867b90681fff299f3f80f6c0a189a659e6221c62f0c976bd5385f70d695e,0638867b90681fff299f3f80f6c0a189a659e6221c62f0c976bd5385f70d695e,"{""basis"":""ordered source-target formula atom"",""kind"":""source-target-formula-map""}"
1.1.0,formula,O007-FREMLIN-V2-APP-2A3-FORMULA-0334,O007-FREMLIN-V2-APP-2A3,O007-RIGHTS-FREMLIN-DSL,O007-FREMLIN-V2-APP-2A3-SEG-2A3H,334,2A3H,2A3H,360,367,15043,15051,16085,16093,x\in G,x\in G,3faccb525a29c5c66379ad205d954d7822aa6ecb75b815bd94d489678ce6aa50,3faccb525a29c5c66379ad205d954d7822aa6ecb75b815bd94d489678ce6aa50,f890bd8a169841a8e4c425e62d012427d5ad44ba0a41eee342be8094ad1fd32f,$,,f890bd8a169841a8e4c425e62d012427d5ad44ba0a41eee342be8094ad1fd32f,f890bd8a169841a8e4c425e62d012427d5ad44ba0a41eee342be8094ad1fd32f,"{""basis"":""ordered source-target formula atom"",""kind"":""source-target-formula-map""}"
1.1.0,formula,O007-FREMLIN-V2-APP-2A3-FORMULA-0335,O007-FREMLIN-V2-APP-2A3,O007-RIGHTS-FREMLIN-DSL,O007-FREMLIN-V2-APP-2A3-SEG-2A3H,335,2A3H,2A3H,361,368,15058,15072,16100,16114,\phi(x)\in H,\phi(x)\in H,338602d30352d2fb33e0b5e5e3f792112eb0ea083d720350b76ecb42d1c75a1e,338602d30352d2fb33e0b5e5e3f792112eb0ea083d720350b76ecb42d1c75a1e,d45fc72e51a3539dd47aa62757d42e3b0deda5de328fb12d814d95cc84fa84f4,$,,d45fc72e51a3539dd47aa62757d42e3b0deda5de328fb12d814d95cc84fa84f4,d45fc72e51a3539dd47aa62757d42e3b0deda5de328fb12d814d95cc84fa84f4,"{""basis"":""ordered source-target formula atom"",""kind"":""source-target-formula-map""}"
1.1.0,formula,O007-FREMLIN-V2-APP-2A3-FORMULA-0336,O007-FREMLIN-V2-APP-2A3,O007-RIGHTS-FREMLIN-DSL,O007-FREMLIN-V2-APP-2A3-SEG-2A3H,336,2A3H,2A3H,361,368,15087,15122,16125,16160,"\theta_0,\ldots,\theta_n\in\Theta","\theta_0,\ldots,\theta_n\in\Theta",5869cd06bfa5a93aca89f460f615a07e8484b08c30c0fa36c2bee35f10c80794,5869cd06bfa5a93aca89f460f615a07e8484b08c30c0fa36c2bee35f10c80794,5869cd06bfa5a93aca89f460f615a07e8484b08c30c0fa36c2bee35f10c80794,$,,5869cd06bfa5a93aca89f460f615a07e8484b08c30c0fa36c2bee35f10c80794,5869cd06bfa5a93aca89f460f615a07e8484b08c30c0fa36c2bee35f10c80794,"{""basis"":""ordered source-target formula atom"",""kind"":""source-target-formula-map""}"
1.1.0,formula,O007-FREMLIN-V2-APP-2A3-FORMULA-0337,O007-FREMLIN-V2-APP-2A3,O007-RIGHTS-FREMLIN-DSL,O007-FREMLIN-V2-APP-2A3-SEG-2A3H,337,2A3H,2A3H,362,369,15127,15139,16165,16177,\epsilon>0,\epsilon>0,4c7785f41b6ba845fbf6fe3db625563505eedd141a7e6a016df047b5d14c0cc7,4c7785f41b6ba845fbf6fe3db625563505eedd141a7e6a016df047b5d14c0cc7,4c7785f41b6ba845fbf6fe3db625563505eedd141a7e6a016df047b5d14c0cc7,$,,4c7785f41b6ba845fbf6fe3db625563505eedd141a7e6a016df047b5d14c0cc7,4c7785f41b6ba845fbf6fe3db625563505eedd141a7e6a016df047b5d14c0cc7,"{""basis"":""ordered source-target formula atom"",""kind"":""source-target-formula-map""}"
1.1.0,formula,O007-FREMLIN-V2-APP-2A3-FORMULA-0338,O007-FREMLIN-V2-APP-2A3,O007-RIGHTS-FREMLIN-DSL,O007-FREMLIN-V2-APP-2A3-SEG-2A3H,338,2A3H,2A3H,363,370,15150,15207,16187,16244,"U(\phi(x);\theta_0,\ldots,\theta_n;\epsilon)\subseteq H","U(\phi(x);\theta_0,\ldots,\theta_n;\epsilon)\subseteq H",3e4b94b0008d648a6a0752c4a9ec5d6d5102a77758afc754c7c231797fddb482,3e4b94b0008d648a6a0752c4a9ec5d6d5102a77758afc754c7c231797fddb482,c3cb7fb970a99d5c501c823391539681bac10c52f69ecb2b1f4396e139e825b8,$,,c3cb7fb970a99d5c501c823391539681bac10c52f69ecb2b1f4396e139e825b8,c3cb7fb970a99d5c501c823391539681bac10c52f69ecb2b1f4396e139e825b8,"{""basis"":""ordered source-target formula atom"",""kind"":""source-target-formula-map""}"
1.1.0,formula,O007-FREMLIN-V2-APP-2A3-FORMULA-0339,O007-FREMLIN-V2-APP-2A3,O007-RIGHTS-FREMLIN-DSL,O007-FREMLIN-V2-APP-2A3-SEG-2A3H,339,2A3H,2A3H,364,371,15220,15228,16261,16269,i\le n,i\le n,887bc49071bf972eddc5a6b2384eea3df940ca184a00c89336fa83a08d8adfdd,887bc49071bf972eddc5a6b2384eea3df940ca184a00c89336fa83a08d8adfdd,32216077c4c6f4a2029062d219371e4522ef1b0109d20c708da9a57b47bf5822,$,,32216077c4c6f4a2029062d219371e4522ef1b0109d20c708da9a57b47bf5822,32216077c4c6f4a2029062d219371e4522ef1b0109d20c708da9a57b47bf5822,"{""basis"":""ordered source-target formula atom"",""kind"":""source-target-formula-map""}"
1.1.0,formula,O007-FREMLIN-V2-APP-2A3-FORMULA-0340,O007-FREMLIN-V2-APP-2A3,O007-RIGHTS-FREMLIN-DSL,O007-FREMLIN-V2-APP-2A3-SEG-2A3H,340,2A3H,2A3H,364,371,15239,15277,16279,16317,"\rho_{i0},\ldots,\rho_{i,m_i}\in\Rho","\rho_{i0},\ldots,\rho_{i,m_i}\in\Rho",86c74d0ae704fba640941d369404a0494da6928b9c1731e7b8c01eb77b04891b,86c74d0ae704fba640941d369404a0494da6928b9c1731e7b8c01eb77b04891b,86c74d0ae704fba640941d369404a0494da6928b9c1731e7b8c01eb77b04891b,$,,86c74d0ae704fba640941d369404a0494da6928b9c1731e7b8c01eb77b04891b,86c74d0ae704fba640941d369404a0494da6928b9c1731e7b8c01eb77b04891b,"{""basis"":""ordered source-target formula atom"",""kind"":""source-target-formula-map""}"
1.1.0,formula,O007-FREMLIN-V2-APP-2A3-FORMULA-0341,O007-FREMLIN-V2-APP-2A3,O007-RIGHTS-FREMLIN-DSL,O007-FREMLIN-V2-APP-2A3-SEG-2A3H,341,2A3H,2A3H,365,372,15282,15294,16322,16334,\delta_i>0,\delta_i>0,6ac4f5ada3b5bb31480255fb030e8a86e9fd2a7fb2b7a4f47079ecde4596d599,6ac4f5ada3b5bb31480255fb030e8a86e9fd2a7fb2b7a4f47079ecde4596d599,6ac4f5ada3b5bb31480255fb030e8a86e9fd2a7fb2b7a4f47079ecde4596d599,$,,6ac4f5ada3b5bb31480255fb030e8a86e9fd2a7fb2b7a4f47079ecde4596d599,6ac4f5ada3b5bb31480255fb030e8a86e9fd2a7fb2b7a4f47079ecde4596d599,"{""basis"":""ordered source-target formula atom"",""kind"":""source-target-formula-map""}"
1.1.0,formula,O007-FREMLIN-V2-APP-2A3-FORMULA-0342,O007-FREMLIN-V2-APP-2A3,O007-RIGHTS-FREMLIN-DSL,O007-FREMLIN-V2-APP-2A3-SEG-2A3H,342,2A3H,2A3H,365,372,15305,15349,16344,16390,"\theta(\phi(y),\phi(x))\le\bover12\epsilon","\theta_i(\phi(y),\phi(x))\le\bover12\epsilon",d4d0157801c5d667b12d01aad51ed7cb338fee4968cd946f800d9f203aca136a,a349591b3c3b01090602a7ea3821d929282adfb661e71404e4ad251961659332,a349591b3c3b01090602a7ea3821d929282adfb661e71404e4ad251961659332,$,"[""O007-CORR-0378""]",d4d0157801c5d667b12d01aad51ed7cb338fee4968cd946f800d9f203aca136a,a349591b3c3b01090602a7ea3821d929282adfb661e71404e4ad251961659332,"{""basis"":""ordered formula atom; correction bound by receipt exception union"",""kind"":""source-target-formula-map""}"
1.1.0,formula,O007-FREMLIN-V2-APP-2A3-FORMULA-0343,O007-FREMLIN-V2-APP-2A3,O007-RIGHTS-FREMLIN-DSL,O007-FREMLIN-V2-APP-2A3-SEG-2A3H,343,2A3H,2A3H,366,373,15359,15367,16403,16411,y\in X,y\in X,c1ff04635ef538efbc6d32cf7f1c55cf3986f8e1786e70850bbeedd22a583b33,c1ff04635ef538efbc6d32cf7f1c55cf3986f8e1786e70850bbeedd22a583b33,c0f16e0187ba08ecb03a7ea129bf0a48edfd680299a9366b0b5e0fd293ff7072,$,,c0f16e0187ba08ecb03a7ea129bf0a48edfd680299a9366b0b5e0fd293ff7072,c0f16e0187ba08ecb03a7ea129bf0a48edfd680299a9366b0b5e0fd293ff7072,"{""basis"":""ordered source-target formula atom"",""kind"":""source-target-formula-map""}"
1.1.0,formula,O007-FREMLIN-V2-APP-2A3-FORMULA-0344,O007-FREMLIN-V2-APP-2A3,O007-RIGHTS-FREMLIN-DSL,O007-FREMLIN-V2-APP-2A3-SEG-2A3H,344,2A3H,2A3H,366,373,15372,15414,16416,16458,"\max_{j\le m_i}\rho_{ij}(y,x)\le\delta_i","\max_{j\le m_i}\rho_{ij}(y,x)\le\delta_i",304acf83994e1f77c54fb742626bf9a1032473860db670709a29e4dff07883f2,304acf83994e1f77c54fb742626bf9a1032473860db670709a29e4dff07883f2,47bcea93e7bff248589770758f6b785688ee1883b4a4dd00cf46af9f13547649,$,,47bcea93e7bff248589770758f6b785688ee1883b4a4dd00cf46af9f13547649,47bcea93e7bff248589770758f6b785688ee1883b4a4dd00cf46af9f13547649,"{""basis"":""ordered source-target formula atom"",""kind"":""source-target-formula-map""}"
1.1.0,formula,O007-FREMLIN-V2-APP-2A3-FORMULA-0345,O007-FREMLIN-V2-APP-2A3,O007-RIGHTS-FREMLIN-DSL,O007-FREMLIN-V2-APP-2A3-SEG-2A3H,345,2A3H,2A3H,367,374,15422,15454,16471,16503,\delta=\min_{i\le n}\delta_i>0,\delta=\min_{i\le n}\delta_i>0,83dc3c16ad64f782c10913ffe3979417f0d536b246e9fd4162351c29e6e99a36,83dc3c16ad64f782c10913ffe3979417f0d536b246e9fd4162351c29e6e99a36,5d140209c5791640e34be3c1ddb8cc21b107ee21d51cc12051d7ebec700cc10d,$,,5d140209c5791640e34be3c1ddb8cc21b107ee21d51cc12051d7ebec700cc10d,5d140209c5791640e34be3c1ddb8cc21b107ee21d51cc12051d7ebec700cc10d,"{""basis"":""ordered source-target formula atom"",""kind"":""source-target-formula-map""}"
1.1.0,formula,O007-FREMLIN-V2-APP-2A3-FORMULA-0346,O007-FREMLIN-V2-APP-2A3,O007-RIGHTS-FREMLIN-DSL,O007-FREMLIN-V2-APP-2A3-SEG-2A3H,346,2A3H,2A3H,369,376,15475,15567,16523,16615,"U(x;\rho_{00},\ldots,\rho_{0,m_0},\ldots,\rho_{n0},\ldots,
\rho_{n,m_n};\delta)\subseteq G","U(x;\rho_{00},\ldots,\rho_{0,m_0},\ldots,\rho_{n0},\ldots,
\rho_{n,m_n};\delta)\subseteq G",9264643e7819d75706b8dbae4f3a513c903c4cfef4fe2bb0cf5ff598f5bbd76e,9264643e7819d75706b8dbae4f3a513c903c4cfef4fe2bb0cf5ff598f5bbd76e,97e6a18ae7f586e7ffc9524f1e212a063305683072ddae140c16c26eb45aa5a4,$,,97e6a18ae7f586e7ffc9524f1e212a063305683072ddae140c16c26eb45aa5a4,97e6a18ae7f586e7ffc9524f1e212a063305683072ddae140c16c26eb45aa5a4,"{""basis"":""ordered source-target formula atom"",""kind"":""source-target-formula-map""}"
1.1.0,formula,O007-FREMLIN-V2-APP-2A3-FORMULA-0347,O007-FREMLIN-V2-APP-2A3,O007-RIGHTS-FREMLIN-DSL,O007-FREMLIN-V2-APP-2A3-SEG-2A3H,347,2A3H,2A3H,372,379,15584,15587,16636,16639,x,x,2d711642b726b04401627ca9fbac32f5c8530fb1903cc4db02258717921a4881,2d711642b726b04401627ca9fbac32f5c8530fb1903cc4db02258717921a4881,2d711642b726b04401627ca9fbac32f5c8530fb1903cc4db02258717921a4881,$,,2d711642b726b04401627ca9fbac32f5c8530fb1903cc4db02258717921a4881,2d711642b726b04401627ca9fbac32f5c8530fb1903cc4db02258717921a4881,"{""basis"":""ordered source-target formula atom"",""kind"":""source-target-formula-map""}"
1.1.0,formula,O007-FREMLIN-V2-APP-2A3-FORMULA-0348,O007-FREMLIN-V2-APP-2A3,O007-RIGHTS-FREMLIN-DSL,O007-FREMLIN-V2-APP-2A3-SEG-2A3H,348,2A3H,2A3H,372,379,15602,15615,16650,16663,G\in\frak T,G\in\frak T,b82a50f81f936c4f7466606f362478a4d3098bbc6711c7101a72a6440d09f8c0,b82a50f81f936c4f7466606f362478a4d3098bbc6711c7101a72a6440d09f8c0,346a784641a12c5fc5326734b09c843f9c8d79b03b700a450a8a2b9f932edf77,$,,346a784641a12c5fc5326734b09c843f9c8d79b03b700a450a8a2b9f932edf77,346a784641a12c5fc5326734b09c843f9c8d79b03b700a450a8a2b9f932edf77,"{""basis"":""ordered source-target formula atom"",""kind"":""source-target-formula-map""}"
1.1.0,formula,O007-FREMLIN-V2-APP-2A3-FORMULA-0349,O007-FREMLIN-V2-APP-2A3,O007-RIGHTS-FREMLIN-DSL,O007-FREMLIN-V2-APP-2A3-SEG-2A3H,349,2A3H,2A3H,372,379,15622,15625,16672,16675,H,H,44bd7ae60f478fae1061e11a7739f4b94d1daf917982d33b6fc8a01a63f89c21,44bd7ae60f478fae1061e11a7739f4b94d1daf917982d33b6fc8a01a63f89c21,44bd7ae60f478fae1061e11a7739f4b94d1daf917982d33b6fc8a01a63f89c21,$,,44bd7ae60f478fae1061e11a7739f4b94d1daf917982d33b6fc8a01a63f89c21,44bd7ae60f478fae1061e11a7739f4b94d1daf917982d33b6fc8a01a63f89c21,"{""basis"":""ordered source-target formula atom"",""kind"":""source-target-formula-map""}"
1.1.0,formula,O007-FREMLIN-V2-APP-2A3-FORMULA-0350,O007-FREMLIN-V2-APP-2A3,O007-RIGHTS-FREMLIN-DSL,O007-FREMLIN-V2-APP-2A3-SEG-2A3H,350,2A3H,2A3H,373,380,15640,15646,16686,16692,\phi,\phi,10ce0200b450ea955833553e717821c7721818b8a95cffd7e54b46e08918b512,10ce0200b450ea955833553e717821c7721818b8a95cffd7e54b46e08918b512,10ce0200b450ea955833553e717821c7721818b8a95cffd7e54b46e08918b512,$,,10ce0200b450ea955833553e717821c7721818b8a95cffd7e54b46e08918b512,10ce0200b450ea955833553e717821c7721818b8a95cffd7e54b46e08918b512,"{""basis"":""ordered source-target formula atom"",""kind"":""source-target-formula-map""}"
1.1.0,formula,O007-FREMLIN-V2-APP-2A3-FORMULA-0351,O007-FREMLIN-V2-APP-2A3,O007-RIGHTS-FREMLIN-DSL,O007-FREMLIN-V2-APP-2A3-SEG-2A3I,351,2A3I,2A3I,377,384,15724,15730,16766,16772,\Rho,\Rho,52096aaef22267b537a019d25e49b90abcbbc43f2e8a636d73f93baeb39efa3e,52096aaef22267b537a019d25e49b90abcbbc43f2e8a636d73f93baeb39efa3e,52096aaef22267b537a019d25e49b90abcbbc43f2e8a636d73f93baeb39efa3e,$,,52096aaef22267b537a019d25e49b90abcbbc43f2e8a636d73f93baeb39efa3e,52096aaef22267b537a019d25e49b90abcbbc43f2e8a636d73f93baeb39efa3e,"{""basis"":""ordered source-target formula atom"",""kind"":""source-target-formula-map""}"
1.1.0,formula,O007-FREMLIN-V2-APP-2A3-FORMULA-0352,O007-FREMLIN-V2-APP-2A3,O007-RIGHTS-FREMLIN-DSL,O007-FREMLIN-V2-APP-2A3-SEG-2A3I,352,2A3I,2A3I,378,385,15792,15800,16837,16845,x\in X,x\in X,d9448dfd3954dd39c12d483afd23d561b1b7d735af5f430b5dc457e6fa9ef99b,d9448dfd3954dd39c12d483afd23d561b1b7d735af5f430b5dc457e6fa9ef99b,858979f0c33c5f45e30780b82e2fa00184311296fbb7ef6bf3f4a6007c9b9cb1,$,,858979f0c33c5f45e30780b82e2fa00184311296fbb7ef6bf3f4a6007c9b9cb1,858979f0c33c5f45e30780b82e2fa00184311296fbb7ef6bf3f4a6007c9b9cb1,"{""basis"":""ordered source-target formula atom"",""kind"":""source-target-formula-map""}"
1.1.0,formula,O007-FREMLIN-V2-APP-2A3-FORMULA-0353,O007-FREMLIN-V2-APP-2A3,O007-RIGHTS-FREMLIN-DSL,O007-FREMLIN-V2-APP-2A3-SEG-2A3I,353,2A3I,2A3I,379,386,15802,15819,16847,16864,\theta\in\Theta,\theta\in\Theta,76466bd4b2463fe28b0349c92109169b7a3db50b22063f5da241f8c75eac04dd,76466bd4b2463fe28b0349c92109169b7a3db50b22063f5da241f8c75eac04dd,76466bd4b2463fe28b0349c92109169b7a3db50b22063f5da241f8c75eac04dd,$,,76466bd4b2463fe28b0349c92109169b7a3db50b22063f5da241f8c75eac04dd,76466bd4b2463fe28b0349c92109169b7a3db50b22063f5da241f8c75eac04dd,"{""basis"":""ordered source-target formula atom"",""kind"":""source-target-formula-map""}"
1.1.0,formula,O007-FREMLIN-V2-APP-2A3-FORMULA-0354,O007-FREMLIN-V2-APP-2A3,O007-RIGHTS-FREMLIN-DSL,O007-FREMLIN-V2-APP-2A3-SEG-2A3I,354,2A3I,2A3I,379,386,15824,15836,16869,16881,\epsilon>0,\epsilon>0,4c7785f41b6ba845fbf6fe3db625563505eedd141a7e6a016df047b5d14c0cc7,4c7785f41b6ba845fbf6fe3db625563505eedd141a7e6a016df047b5d14c0cc7,4c7785f41b6ba845fbf6fe3db625563505eedd141a7e6a016df047b5d14c0cc7,$,,4c7785f41b6ba845fbf6fe3db625563505eedd141a7e6a016df047b5d14c0cc7,4c7785f41b6ba845fbf6fe3db625563505eedd141a7e6a016df047b5d14c0cc7,"{""basis"":""ordered source-target formula atom"",""kind"":""source-target-formula-map""}"
1.1.0,formula,O007-FREMLIN-V2-APP-2A3-FORMULA-0355,O007-FREMLIN-V2-APP-2A3,O007-RIGHTS-FREMLIN-DSL,O007-FREMLIN-V2-APP-2A3-SEG-2A3I,355,2A3I,2A3I,380,387,15848,15861,16892,16905,\rho\in\Rho,\rho\in\Rho,8f853d2ba3f0bf80588547d671fbbae17aa4f82425d3a0398f916de3b62b8abe,8f853d2ba3f0bf80588547d671fbbae17aa4f82425d3a0398f916de3b62b8abe,8f853d2ba3f0bf80588547d671fbbae17aa4f82425d3a0398f916de3b62b8abe,$,,8f853d2ba3f0bf80588547d671fbbae17aa4f82425d3a0398f916de3b62b8abe,8f853d2ba3f0bf80588547d671fbbae17aa4f82425d3a0398f916de3b62b8abe,"{""basis"":""ordered source-target formula atom"",""kind"":""source-target-formula-map""}"
1.1.0,formula,O007-FREMLIN-V2-APP-2A3-FORMULA-0356,O007-FREMLIN-V2-APP-2A3,O007-RIGHTS-FREMLIN-DSL,O007-FREMLIN-V2-APP-2A3-SEG-2A3I,356,2A3I,2A3I,380,387,15866,15876,16910,16920,\delta>0,\delta>0,28c5f4f559bc00a49055a369c53d2382bf799ab5fa662c1b53944e9762606ec9,28c5f4f559bc00a49055a369c53d2382bf799ab5fa662c1b53944e9762606ec9,28c5f4f559bc00a49055a369c53d2382bf799ab5fa662c1b53944e9762606ec9,$,,28c5f4f559bc00a49055a369c53d2382bf799ab5fa662c1b53944e9762606ec9,28c5f4f559bc00a49055a369c53d2382bf799ab5fa662c1b53944e9762606ec9,"{""basis"":""ordered source-target formula atom"",""kind"":""source-target-formula-map""}"
1.1.0,formula,O007-FREMLIN-V2-APP-2A3-FORMULA-0357,O007-FREMLIN-V2-APP-2A3,O007-RIGHTS-FREMLIN-DSL,O007-FREMLIN-V2-APP-2A3-SEG-2A3I,357,2A3I,2A3I,381,388,15887,15923,16930,16966,"\theta(\phi(y),\phi(x))\le\epsilon","\theta(\phi(y),\phi(x))\le\epsilon",88d4ab6ce884467f3f77c8aa8b4667538a24e49c346a3396bc1c9d52430d3c2c,88d4ab6ce884467f3f77c8aa8b4667538a24e49c346a3396bc1c9d52430d3c2c,88d4ab6ce884467f3f77c8aa8b4667538a24e49c346a3396bc1c9d52430d3c2c,$,,88d4ab6ce884467f3f77c8aa8b4667538a24e49c346a3396bc1c9d52430d3c2c,88d4ab6ce884467f3f77c8aa8b4667538a24e49c346a3396bc1c9d52430d3c2c,"{""basis"":""ordered source-target formula atom"",""kind"":""source-target-formula-map""}"
1.1.0,formula,O007-FREMLIN-V2-APP-2A3-FORMULA-0358,O007-FREMLIN-V2-APP-2A3,O007-RIGHTS-FREMLIN-DSL,O007-FREMLIN-V2-APP-2A3-SEG-2A3I,358,2A3I,2A3I,381,388,15933,15941,16979,16987,y\in X,y\in X,c1ff04635ef538efbc6d32cf7f1c55cf3986f8e1786e70850bbeedd22a583b33,c1ff04635ef538efbc6d32cf7f1c55cf3986f8e1786e70850bbeedd22a583b33,c0f16e0187ba08ecb03a7ea129bf0a48edfd680299a9366b0b5e0fd293ff7072,$,,c0f16e0187ba08ecb03a7ea129bf0a48edfd680299a9366b0b5e0fd293ff7072,c0f16e0187ba08ecb03a7ea129bf0a48edfd680299a9366b0b5e0fd293ff7072,"{""basis"":""ordered source-target formula atom"",""kind"":""source-target-formula-map""}"
1.1.0,formula,O007-FREMLIN-V2-APP-2A3-FORMULA-0359,O007-FREMLIN-V2-APP-2A3,O007-RIGHTS-FREMLIN-DSL,O007-FREMLIN-V2-APP-2A3-SEG-2A3I,359,2A3I,2A3I,382,389,15946,15966,16992,17012,"\rho(y,x)\le\delta","\rho(y,x)\le\delta",81ff3737293d7906e510a9ca84d00a8f1389379d0c07273f08f5f02cf126b28a,81ff3737293d7906e510a9ca84d00a8f1389379d0c07273f08f5f02cf126b28a,81ff3737293d7906e510a9ca84d00a8f1389379d0c07273f08f5f02cf126b28a,$,,81ff3737293d7906e510a9ca84d00a8f1389379d0c07273f08f5f02cf126b28a,81ff3737293d7906e510a9ca84d00a8f1389379d0c07273f08f5f02cf126b28a,"{""basis"":""ordered source-target formula atom"",""kind"":""source-target-formula-map""}"
1.1.0,formula,O007-FREMLIN-V2-APP-2A3-FORMULA-0360,O007-FREMLIN-V2-APP-2A3,O007-RIGHTS-FREMLIN-DSL,O007-FREMLIN-V2-APP-2A3-SEG-2A3IB,360,2A3Ib,2A3Ib,387,394,16010,16013,17074,17077,X,X,4b68ab3847feda7d6c62c1fbcbeebfa35eab7351ed5e78f4ddadea5df64b8015,4b68ab3847feda7d6c62c1fbcbeebfa35eab7351ed5e78f4ddadea5df64b8015,4b68ab3847feda7d6c62c1fbcbeebfa35eab7351ed5e78f4ddadea5df64b8015,$,,4b68ab3847feda7d6c62c1fbcbeebfa35eab7351ed5e78f4ddadea5df64b8015,4b68ab3847feda7d6c62c1fbcbeebfa35eab7351ed5e78f4ddadea5df64b8015,"{""basis"":""ordered source-target formula atom"",""kind"":""source-target-formula-map""}"
1.1.0,formula,O007-FREMLIN-V2-APP-2A3-FORMULA-0361,O007-FREMLIN-V2-APP-2A3,O007-RIGHTS-FREMLIN-DSL,O007-FREMLIN-V2-APP-2A3-SEG-2A3IB,361,2A3Ib,2A3Ib,388,395,16041,16047,17106,17112,\Rho,\Rho,52096aaef22267b537a019d25e49b90abcbbc43f2e8a636d73f93baeb39efa3e,52096aaef22267b537a019d25e49b90abcbbc43f2e8a636d73f93baeb39efa3e,52096aaef22267b537a019d25e49b90abcbbc43f2e8a636d73f93baeb39efa3e,$,,52096aaef22267b537a019d25e49b90abcbbc43f2e8a636d73f93baeb39efa3e,52096aaef22267b537a019d25e49b90abcbbc43f2e8a636d73f93baeb39efa3e,"{""basis"":""ordered source-target formula atom"",""kind"":""source-target-formula-map""}"
1.1.0,formula,O007-FREMLIN-V2-APP-2A3-FORMULA-0362,O007-FREMLIN-V2-APP-2A3,O007-RIGHTS-FREMLIN-DSL,O007-FREMLIN-V2-APP-2A3-SEG-2A3IB,362,2A3Ib,2A3Ib,389,395,16049,16057,17114,17122,\Theta,\Theta,c7b34ab03e848fc4d0ac7ab8e6cfa3f4feff1b8afbcb890fd8be803d123f8f8d,c7b34ab03e848fc4d0ac7ab8e6cfa3f4feff1b8afbcb890fd8be803d123f8f8d,c7b34ab03e848fc4d0ac7ab8e6cfa3f4feff1b8afbcb890fd8be803d123f8f8d,$,,c7b34ab03e848fc4d0ac7ab8e6cfa3f4feff1b8afbcb890fd8be803d123f8f8d,c7b34ab03e848fc4d0ac7ab8e6cfa3f4feff1b8afbcb890fd8be803d123f8f8d,"{""basis"":""ordered source-target formula atom"",""kind"":""source-target-formula-map""}"
1.1.0,formula,O007-FREMLIN-V2-APP-2A3-FORMULA-0363,O007-FREMLIN-V2-APP-2A3,O007-RIGHTS-FREMLIN-DSL,O007-FREMLIN-V2-APP-2A3-SEG-2A3IB,363,2A3Ib,2A3Ib,389,395,16078,16081,17146,17149,X,X,4b68ab3847feda7d6c62c1fbcbeebfa35eab7351ed5e78f4ddadea5df64b8015,4b68ab3847feda7d6c62c1fbcbeebfa35eab7351ed5e78f4ddadea5df64b8015,4b68ab3847feda7d6c62c1fbcbeebfa35eab7351ed5e78f4ddadea5df64b8015,$,,4b68ab3847feda7d6c62c1fbcbeebfa35eab7351ed5e78f4ddadea5df64b8015,4b68ab3847feda7d6c62c1fbcbeebfa35eab7351ed5e78f4ddadea5df64b8015,"{""basis"":""ordered source-target formula atom"",""kind"":""source-target-formula-map""}"
1.1.0,formula,O007-FREMLIN-V2-APP-2A3-FORMULA-0364,O007-FREMLIN-V2-APP-2A3,O007-RIGHTS-FREMLIN-DSL,O007-FREMLIN-V2-APP-2A3-SEG-2A3IB,364,2A3Ib,2A3Ib,389,396,16105,16114,17178,17187,\frak T,\frak T,0647f8d3ad6092ab3a9c92fd71ee29d66b86e14d9c9582db084142bee077c226,0647f8d3ad6092ab3a9c92fd71ee29d66b86e14d9c9582db084142bee077c226,44c7e1dba9432c4271c4d22b9a844dc7f447c4cb30f1129ac0c3db3f54646d4b,$,,44c7e1dba9432c4271c4d22b9a844dc7f447c4cb30f1129ac0c3db3f54646d4b,44c7e1dba9432c4271c4d22b9a844dc7f447c4cb30f1129ac0c3db3f54646d4b,"{""basis"":""ordered source-target formula atom"",""kind"":""source-target-formula-map""}"
1.1.0,formula,O007-FREMLIN-V2-APP-2A3-FORMULA-0365,O007-FREMLIN-V2-APP-2A3,O007-RIGHTS-FREMLIN-DSL,O007-FREMLIN-V2-APP-2A3-SEG-2A3IB,365,2A3Ib,2A3Ib,390,396,16119,16128,17192,17201,\frak S,\frak S,c4247956c1371b73a7c187175dba4591aaad37b616647acc0b6a1c213c8a20e3,c4247956c1371b73a7c187175dba4591aaad37b616647acc0b6a1c213c8a20e3,b5bbac7e088cdf6fbe81db176e29ad3bf3d82167cc08b48d3895d95b1be3f167,$,,b5bbac7e088cdf6fbe81db176e29ad3bf3d82167cc08b48d3895d95b1be3f167,b5bbac7e088cdf6fbe81db176e29ad3bf3d82167cc08b48d3895d95b1be3f167,"{""basis"":""ordered source-target formula atom"",""kind"":""source-target-formula-map""}"
1.1.0,formula,O007-FREMLIN-V2-APP-2A3-FORMULA-0366,O007-FREMLIN-V2-APP-2A3,O007-RIGHTS-FREMLIN-DSL,O007-FREMLIN-V2-APP-2A3-SEG-2A3IB,366,2A3Ib,2A3Ib,390,396,16132,16135,17207,17210,X,X,4b68ab3847feda7d6c62c1fbcbeebfa35eab7351ed5e78f4ddadea5df64b8015,4b68ab3847feda7d6c62c1fbcbeebfa35eab7351ed5e78f4ddadea5df64b8015,4b68ab3847feda7d6c62c1fbcbeebfa35eab7351ed5e78f4ddadea5df64b8015,$,,4b68ab3847feda7d6c62c1fbcbeebfa35eab7351ed5e78f4ddadea5df64b8015,4b68ab3847feda7d6c62c1fbcbeebfa35eab7351ed5e78f4ddadea5df64b8015,"{""basis"":""ordered source-target formula atom"",""kind"":""source-target-formula-map""}"
1.1.0,formula,O007-FREMLIN-V2-APP-2A3-FORMULA-0367,O007-FREMLIN-V2-APP-2A3,O007-RIGHTS-FREMLIN-DSL,O007-FREMLIN-V2-APP-2A3-SEG-2A3IB,367,2A3Ib,2A3Ib,390,397,16144,16169,17217,17242,\frak S\subseteq\frak T,\frak S\subseteq\frak T,0f2f087b263fddb9aac1d085099303355039c4fb29eb7a3a7b1e96285b6c5595,0f2f087b263fddb9aac1d085099303355039c4fb29eb7a3a7b1e96285b6c5595,277892c891622b9d4d9185e22ec71a0436fdcc16cea0d6c179e976f26b74eaff,$,,277892c891622b9d4d9185e22ec71a0436fdcc16cea0d6c179e976f26b74eaff,277892c891622b9d4d9185e22ec71a0436fdcc16cea0d6c179e976f26b74eaff,"{""basis"":""ordered source-target formula atom"",""kind"":""source-target-formula-map""}"
1.1.0,formula,O007-FREMLIN-V2-APP-2A3-FORMULA-0368,O007-FREMLIN-V2-APP-2A3,O007-RIGHTS-FREMLIN-DSL,O007-FREMLIN-V2-APP-2A3-SEG-2A3IB,368,2A3Ib,2A3Ib,391,397,16191,16197,17263,17269,\phi,\phi,10ce0200b450ea955833553e717821c7721818b8a95cffd7e54b46e08918b512,10ce0200b450ea955833553e717821c7721818b8a95cffd7e54b46e08918b512,10ce0200b450ea955833553e717821c7721818b8a95cffd7e54b46e08918b512,$,,10ce0200b450ea955833553e717821c7721818b8a95cffd7e54b46e08918b512,10ce0200b450ea955833553e717821c7721818b8a95cffd7e54b46e08918b512,"{""basis"":""ordered source-target formula atom"",""kind"":""source-target-formula-map""}"
1.1.0,formula,O007-FREMLIN-V2-APP-2A3-FORMULA-0369,O007-FREMLIN-V2-APP-2A3,O007-RIGHTS-FREMLIN-DSL,O007-FREMLIN-V2-APP-2A3-SEG-2A3IB,369,2A3Ib,2A3Ib,391,397,16203,16206,17275,17278,X,X,4b68ab3847feda7d6c62c1fbcbeebfa35eab7351ed5e78f4ddadea5df64b8015,4b68ab3847feda7d6c62c1fbcbeebfa35eab7351ed5e78f4ddadea5df64b8015,4b68ab3847feda7d6c62c1fbcbeebfa35eab7351ed5e78f4ddadea5df64b8015,$,,4b68ab3847feda7d6c62c1fbcbeebfa35eab7351ed5e78f4ddadea5df64b8015,4b68ab3847feda7d6c62c1fbcbeebfa35eab7351ed5e78f4ddadea5df64b8015,"{""basis"":""ordered source-target formula atom"",""kind"":""source-target-formula-map""}"
1.1.0,formula,O007-FREMLIN-V2-APP-2A3-FORMULA-0370,O007-FREMLIN-V2-APP-2A3,O007-RIGHTS-FREMLIN-DSL,O007-FREMLIN-V2-APP-2A3-SEG-2A3IB,370,2A3Ib,2A3Ib,392,399,16270,16283,17341,17354,"(X,\frak T)","(X,\frak T)",e61a78818f95155816c51558053b207746d21d984f7d96e50144d5c403fa9916,e61a78818f95155816c51558053b207746d21d984f7d96e50144d5c403fa9916,cafba6d9a47dfea2abf87370a28228acfbc03058933dce9166c4573d1628cd2c,$,,cafba6d9a47dfea2abf87370a28228acfbc03058933dce9166c4573d1628cd2c,cafba6d9a47dfea2abf87370a28228acfbc03058933dce9166c4573d1628cd2c,"{""basis"":""ordered source-target formula atom"",""kind"":""source-target-formula-map""}"
1.1.0,formula,O007-FREMLIN-V2-APP-2A3-FORMULA-0371,O007-FREMLIN-V2-APP-2A3,O007-RIGHTS-FREMLIN-DSL,O007-FREMLIN-V2-APP-2A3-SEG-2A3IB,371,2A3Ib,2A3Ib,392,399,16287,16300,17358,17371,"(X,\frak S)","(X,\frak S)",eee66f09e44d31b5746537a33ad58766bd2b1b435f7c509a44843d29db3141ea,eee66f09e44d31b5746537a33ad58766bd2b1b435f7c509a44843d29db3141ea,002fbfcf4326081f05fe80a0f7367d1413b49518b068f8b245b9bbfa5d1040e7,$,,002fbfcf4326081f05fe80a0f7367d1413b49518b068f8b245b9bbfa5d1040e7,002fbfcf4326081f05fe80a0f7367d1413b49518b068f8b245b9bbfa5d1040e7,"{""basis"":""ordered source-target formula atom"",""kind"":""source-target-formula-map""}"
1.1.0,formula,O007-FREMLIN-V2-APP-2A3-FORMULA-0372,O007-FREMLIN-V2-APP-2A3,O007-RIGHTS-FREMLIN-DSL,O007-FREMLIN-V2-APP-2A3-SEG-2A3IB,372,2A3Ib,2A3Ib,393,400,16330,16346,17392,17408,G=\phi^{-1}[G],G=\phi^{-1}[G],c441b825af2a9f85e32c5c80f569eb66f1d252f63399b4c3589faed669ee6df8,c441b825af2a9f85e32c5c80f569eb66f1d252f63399b4c3589faed669ee6df8,c441b825af2a9f85e32c5c80f569eb66f1d252f63399b4c3589faed669ee6df8,$,,c441b825af2a9f85e32c5c80f569eb66f1d252f63399b4c3589faed669ee6df8,c441b825af2a9f85e32c5c80f569eb66f1d252f63399b4c3589faed669ee6df8,"{""basis"":""ordered source-target formula atom"",""kind"":""source-target-formula-map""}"
1.1.0,formula,O007-FREMLIN-V2-APP-2A3-FORMULA-0373,O007-FREMLIN-V2-APP-2A3,O007-RIGHTS-FREMLIN-DSL,O007-FREMLIN-V2-APP-2A3-SEG-2A3IB,373,2A3Ib,2A3Ib,393,400,16358,16367,17423,17432,\frak T,\frak T,0647f8d3ad6092ab3a9c92fd71ee29d66b86e14d9c9582db084142bee077c226,0647f8d3ad6092ab3a9c92fd71ee29d66b86e14d9c9582db084142bee077c226,44c7e1dba9432c4271c4d22b9a844dc7f447c4cb30f1129ac0c3db3f54646d4b,$,,44c7e1dba9432c4271c4d22b9a844dc7f447c4cb30f1129ac0c3db3f54646d4b,44c7e1dba9432c4271c4d22b9a844dc7f447c4cb30f1129ac0c3db3f54646d4b,"{""basis"":""ordered source-target formula atom"",""kind"":""source-target-formula-map""}"
1.1.0,formula,O007-FREMLIN-V2-APP-2A3-FORMULA-0374,O007-FREMLIN-V2-APP-2A3,O007-RIGHTS-FREMLIN-DSL,O007-FREMLIN-V2-APP-2A3-SEG-2A3IB,374,2A3Ib,2A3Ib,393,400,16377,16390,17443,17456,G\in\frak S,G\in\frak S,1db8151a6656e4aa07ab72b2307eec8717dcdab3d8aaf5a17303d57fca2d211f,1db8151a6656e4aa07ab72b2307eec8717dcdab3d8aaf5a17303d57fca2d211f,5776edc28ad7c59d5b2decf36b107063b1ae4557cadeb9d4a367333949ee335c,$,,5776edc28ad7c59d5b2decf36b107063b1ae4557cadeb9d4a367333949ee335c,5776edc28ad7c59d5b2decf36b107063b1ae4557cadeb9d4a367333949ee335c,"{""basis"":""ordered source-target formula atom"",""kind"":""source-target-formula-map""}"
1.1.0,formula,O007-FREMLIN-V2-APP-2A3-FORMULA-0375,O007-FREMLIN-V2-APP-2A3,O007-RIGHTS-FREMLIN-DSL,O007-FREMLIN-V2-APP-2A3-SEG-2A3IB,375,2A3Ib,2A3Ib,394,401,16428,16434,17492,17498,\phi,\phi,10ce0200b450ea955833553e717821c7721818b8a95cffd7e54b46e08918b512,10ce0200b450ea955833553e717821c7721818b8a95cffd7e54b46e08918b512,10ce0200b450ea955833553e717821c7721818b8a95cffd7e54b46e08918b512,$,,10ce0200b450ea955833553e717821c7721818b8a95cffd7e54b46e08918b512,10ce0200b450ea955833553e717821c7721818b8a95cffd7e54b46e08918b512,"{""basis"":""ordered source-target formula atom"",""kind"":""source-target-formula-map""}"
1.1.0,formula,O007-FREMLIN-V2-APP-2A3-FORMULA-0376,O007-FREMLIN-V2-APP-2A3,O007-RIGHTS-FREMLIN-DSL,O007-FREMLIN-V2-APP-2A3-SEG-2A3IB,376,2A3Ib,2A3Ib,395,402,16475,16492,17549,17566,\theta\in\Theta,\theta\in\Theta,76466bd4b2463fe28b0349c92109169b7a3db50b22063f5da241f8c75eac04dd,76466bd4b2463fe28b0349c92109169b7a3db50b22063f5da241f8c75eac04dd,76466bd4b2463fe28b0349c92109169b7a3db50b22063f5da241f8c75eac04dd,$,,76466bd4b2463fe28b0349c92109169b7a3db50b22063f5da241f8c75eac04dd,76466bd4b2463fe28b0349c92109169b7a3db50b22063f5da241f8c75eac04dd,"{""basis"":""ordered source-target formula atom"",""kind"":""source-target-formula-map""}"
1.1.0,formula,O007-FREMLIN-V2-APP-2A3-FORMULA-0377,O007-FREMLIN-V2-APP-2A3,O007-RIGHTS-FREMLIN-DSL,O007-FREMLIN-V2-APP-2A3-SEG-2A3IB,377,2A3Ib,2A3Ib,396,403,16494,16502,17568,17576,x\in X,x\in X,d9448dfd3954dd39c12d483afd23d561b1b7d735af5f430b5dc457e6fa9ef99b,d9448dfd3954dd39c12d483afd23d561b1b7d735af5f430b5dc457e6fa9ef99b,858979f0c33c5f45e30780b82e2fa00184311296fbb7ef6bf3f4a6007c9b9cb1,$,,858979f0c33c5f45e30780b82e2fa00184311296fbb7ef6bf3f4a6007c9b9cb1,858979f0c33c5f45e30780b82e2fa00184311296fbb7ef6bf3f4a6007c9b9cb1,"{""basis"":""ordered source-target formula atom"",""kind"":""source-target-formula-map""}"
1.1.0,formula,O007-FREMLIN-V2-APP-2A3-FORMULA-0378,O007-FREMLIN-V2-APP-2A3,O007-RIGHTS-FREMLIN-DSL,O007-FREMLIN-V2-APP-2A3-SEG-2A3IB,378,2A3Ib,2A3Ib,396,403,16507,16519,17581,17593,\epsilon>0,\epsilon>0,4c7785f41b6ba845fbf6fe3db625563505eedd141a7e6a016df047b5d14c0cc7,4c7785f41b6ba845fbf6fe3db625563505eedd141a7e6a016df047b5d14c0cc7,4c7785f41b6ba845fbf6fe3db625563505eedd141a7e6a016df047b5d14c0cc7,$,,4c7785f41b6ba845fbf6fe3db625563505eedd141a7e6a016df047b5d14c0cc7,4c7785f41b6ba845fbf6fe3db625563505eedd141a7e6a016df047b5d14c0cc7,"{""basis"":""ordered source-target formula atom"",""kind"":""source-target-formula-map""}"
1.1.0,formula,O007-FREMLIN-V2-APP-2A3-FORMULA-0379,O007-FREMLIN-V2-APP-2A3,O007-RIGHTS-FREMLIN-DSL,O007-FREMLIN-V2-APP-2A3-SEG-2A3IB,379,2A3Ib,2A3Ib,396,403,16530,16559,17598,17627,"\rho_0,\ldots,\rho_n\in\Rho","\rho_0,\ldots,\rho_n\in\Rho",b55830b91ca404291e3addf0094f1ede412b26874c329e0e39dca7ed465e03c0,b55830b91ca404291e3addf0094f1ede412b26874c329e0e39dca7ed465e03c0,b55830b91ca404291e3addf0094f1ede412b26874c329e0e39dca7ed465e03c0,$,,b55830b91ca404291e3addf0094f1ede412b26874c329e0e39dca7ed465e03c0,b55830b91ca404291e3addf0094f1ede412b26874c329e0e39dca7ed465e03c0,"{""basis"":""ordered source-target formula atom"",""kind"":""source-target-formula-map""}"
1.1.0,formula,O007-FREMLIN-V2-APP-2A3-FORMULA-0380,O007-FREMLIN-V2-APP-2A3,O007-RIGHTS-FREMLIN-DSL,O007-FREMLIN-V2-APP-2A3-SEG-2A3IB,380,2A3Ib,2A3Ib,397,404,16564,16574,17632,17642,\delta>0,\delta>0,28c5f4f559bc00a49055a369c53d2382bf799ab5fa662c1b53944e9762606ec9,28c5f4f559bc00a49055a369c53d2382bf799ab5fa662c1b53944e9762606ec9,28c5f4f559bc00a49055a369c53d2382bf799ab5fa662c1b53944e9762606ec9,$,,28c5f4f559bc00a49055a369c53d2382bf799ab5fa662c1b53944e9762606ec9,28c5f4f559bc00a49055a369c53d2382bf799ab5fa662c1b53944e9762606ec9,"{""basis"":""ordered source-target formula atom"",""kind"":""source-target-formula-map""}"
1.1.0,formula,O007-FREMLIN-V2-APP-2A3-FORMULA-0381,O007-FREMLIN-V2-APP-2A3,O007-RIGHTS-FREMLIN-DSL,O007-FREMLIN-V2-APP-2A3-SEG-2A3IB,381,2A3Ib,2A3Ib,397,404,16585,16609,17652,17676,"\theta(y,x)\le\epsilon","\theta(y,x)\le\epsilon",9d55c7252f737e5acede613645755257174c62874b2838788f9e95be70c31496,9d55c7252f737e5acede613645755257174c62874b2838788f9e95be70c31496,9d55c7252f737e5acede613645755257174c62874b2838788f9e95be70c31496,$,,9d55c7252f737e5acede613645755257174c62874b2838788f9e95be70c31496,9d55c7252f737e5acede613645755257174c62874b2838788f9e95be70c31496,"{""basis"":""ordered source-target formula atom"",""kind"":""source-target-formula-map""}"
1.1.0,formula,O007-FREMLIN-V2-APP-2A3-FORMULA-0382,O007-FREMLIN-V2-APP-2A3,O007-RIGHTS-FREMLIN-DSL,O007-FREMLIN-V2-APP-2A3-SEG-2A3IB,382,2A3Ib,2A3Ib,397,404,16619,16627,17689,17697,y\in X,y\in X,c1ff04635ef538efbc6d32cf7f1c55cf3986f8e1786e70850bbeedd22a583b33,c1ff04635ef538efbc6d32cf7f1c55cf3986f8e1786e70850bbeedd22a583b33,c0f16e0187ba08ecb03a7ea129bf0a48edfd680299a9366b0b5e0fd293ff7072,$,,c0f16e0187ba08ecb03a7ea129bf0a48edfd680299a9366b0b5e0fd293ff7072,c0f16e0187ba08ecb03a7ea129bf0a48edfd680299a9366b0b5e0fd293ff7072,"{""basis"":""ordered source-target formula atom"",""kind"":""source-target-formula-map""}"
1.1.0,formula,O007-FREMLIN-V2-APP-2A3-FORMULA-0383,O007-FREMLIN-V2-APP-2A3,O007-RIGHTS-FREMLIN-DSL,O007-FREMLIN-V2-APP-2A3-SEG-2A3IB,383,2A3Ib,2A3Ib,398,405,16632,16667,17702,17737,"\max_{i\le n}\rho_i(y,x)\le\delta","\max_{i\le n}\rho_i(y,x)\le\delta",4c001e1cc266c05f04b035659eb7ca11dadec30204ee2e66213679c103b59cdb,4c001e1cc266c05f04b035659eb7ca11dadec30204ee2e66213679c103b59cdb,e57753754d39d6e47451964be9b0c2fc8f1d389cf5281c8ee3a67bf65c47a1fa,$,,e57753754d39d6e47451964be9b0c2fc8f1d389cf5281c8ee3a67bf65c47a1fa,e57753754d39d6e47451964be9b0c2fc8f1d389cf5281c8ee3a67bf65c47a1fa,"{""basis"":""ordered source-target formula atom"",""kind"":""source-target-formula-map""}"
1.1.0,formula,O007-FREMLIN-V2-APP-2A3-FORMULA-0384,O007-FREMLIN-V2-APP-2A3,O007-RIGHTS-FREMLIN-DSL,O007-FREMLIN-V2-APP-2A3-SEG-2A3IB,384,2A3Ib,2A3Ib,399,406,16705,16711,17779,17785,\Rho,\Rho,52096aaef22267b537a019d25e49b90abcbbc43f2e8a636d73f93baeb39efa3e,52096aaef22267b537a019d25e49b90abcbbc43f2e8a636d73f93baeb39efa3e,52096aaef22267b537a019d25e49b90abcbbc43f2e8a636d73f93baeb39efa3e,$,,52096aaef22267b537a019d25e49b90abcbbc43f2e8a636d73f93baeb39efa3e,52096aaef22267b537a019d25e49b90abcbbc43f2e8a636d73f93baeb39efa3e,"{""basis"":""ordered source-target formula atom"",""kind"":""source-target-formula-map""}"
1.1.0,formula,O007-FREMLIN-V2-APP-2A3-FORMULA-0385,O007-FREMLIN-V2-APP-2A3,O007-RIGHTS-FREMLIN-DSL,O007-FREMLIN-V2-APP-2A3-SEG-2A3IB,385,2A3Ib,2A3Ib,399,406,16716,16724,17790,17798,\Theta,\Theta,c7b34ab03e848fc4d0ac7ab8e6cfa3f4feff1b8afbcb890fd8be803d123f8f8d,c7b34ab03e848fc4d0ac7ab8e6cfa3f4feff1b8afbcb890fd8be803d123f8f8d,c7b34ab03e848fc4d0ac7ab8e6cfa3f4feff1b8afbcb890fd8be803d123f8f8d,$,,c7b34ab03e848fc4d0ac7ab8e6cfa3f4feff1b8afbcb890fd8be803d123f8f8d,c7b34ab03e848fc4d0ac7ab8e6cfa3f4feff1b8afbcb890fd8be803d123f8f8d,"{""basis"":""ordered source-target formula atom"",""kind"":""source-target-formula-map""}"
1.1.0,formula,O007-FREMLIN-V2-APP-2A3-FORMULA-0386,O007-FREMLIN-V2-APP-2A3,O007-RIGHTS-FREMLIN-DSL,O007-FREMLIN-V2-APP-2A3-SEG-2A3IB,386,2A3Ib,2A3Ib,399,406,16754,16779,17832,17857,"\frak
T\subseteq\frak S","\frak
T\subseteq\frak S",64898a7dc9ba5a997c3cf7763b45451bbca1fe4b54b50f6dfff201c63f1bab1a,64898a7dc9ba5a997c3cf7763b45451bbca1fe4b54b50f6dfff201c63f1bab1a,1d0e93e4154ed90c1e88e8e72c2352baed1cefa65f987d65dcbdabeb99a0f691,$,,1d0e93e4154ed90c1e88e8e72c2352baed1cefa65f987d65dcbdabeb99a0f691,1d0e93e4154ed90c1e88e8e72c2352baed1cefa65f987d65dcbdabeb99a0f691,"{""basis"":""ordered source-target formula atom"",""kind"":""source-target-formula-map""}"
1.1.0,formula,O007-FREMLIN-V2-APP-2A3-FORMULA-0387,O007-FREMLIN-V2-APP-2A3,O007-RIGHTS-FREMLIN-DSL,O007-FREMLIN-V2-APP-2A3-SEG-2A3IB,387,2A3Ib,2A3Ib,401,408,16850,16867,17935,17952,\frak T=\frak S,\frak T=\frak S,4f04f1a1315edf0502b96e1f36493a4252c61ea13795186b3bdeec6824cb93fc,4f04f1a1315edf0502b96e1f36493a4252c61ea13795186b3bdeec6824cb93fc,795655159f3d806f17e1781e5e72e91a1745dca5e9f60c8a9dd1be68e2eb932c,$,,795655159f3d806f17e1781e5e72e91a1745dca5e9f60c8a9dd1be68e2eb932c,795655159f3d806f17e1781e5e72e91a1745dca5e9f60c8a9dd1be68e2eb932c,"{""basis"":""ordered source-target formula atom"",""kind"":""source-target-formula-map""}"
1.1.0,formula,O007-FREMLIN-V2-APP-2A3-FORMULA-0388,O007-FREMLIN-V2-APP-2A3,O007-RIGHTS-FREMLIN-DSL,O007-FREMLIN-V2-APP-2A3-SEG-2A3J,388,2A3J,2A3J,404,411,16929,16932,18012,18015,X,X,4b68ab3847feda7d6c62c1fbcbeebfa35eab7351ed5e78f4ddadea5df64b8015,4b68ab3847feda7d6c62c1fbcbeebfa35eab7351ed5e78f4ddadea5df64b8015,4b68ab3847feda7d6c62c1fbcbeebfa35eab7351ed5e78f4ddadea5df64b8015,$,,4b68ab3847feda7d6c62c1fbcbeebfa35eab7351ed5e78f4ddadea5df64b8015,4b68ab3847feda7d6c62c1fbcbeebfa35eab7351ed5e78f4ddadea5df64b8015,"{""basis"":""ordered source-target formula atom"",""kind"":""source-target-formula-map""}"
1.1.0,formula,O007-FREMLIN-V2-APP-2A3-FORMULA-0389,O007-FREMLIN-V2-APP-2A3,O007-RIGHTS-FREMLIN-DSL,O007-FREMLIN-V2-APP-2A3-SEG-2A3J,389,2A3J,2A3J,404,411,16943,16949,18033,18039,\Rho,\Rho,52096aaef22267b537a019d25e49b90abcbbc43f2e8a636d73f93baeb39efa3e,52096aaef22267b537a019d25e49b90abcbbc43f2e8a636d73f93baeb39efa3e,52096aaef22267b537a019d25e49b90abcbbc43f2e8a636d73f93baeb39efa3e,$,,52096aaef22267b537a019d25e49b90abcbbc43f2e8a636d73f93baeb39efa3e,52096aaef22267b537a019d25e49b90abcbbc43f2e8a636d73f93baeb39efa3e,"{""basis"":""ordered source-target formula atom"",""kind"":""source-target-formula-map""}"
1.1.0,formula,O007-FREMLIN-V2-APP-2A3-FORMULA-0390,O007-FREMLIN-V2-APP-2A3,O007-RIGHTS-FREMLIN-DSL,O007-FREMLIN-V2-APP-2A3-SEG-2A3J,390,2A3J,2A3J,406,412,16989,16992,18083,18086,X,X,4b68ab3847feda7d6c62c1fbcbeebfa35eab7351ed5e78f4ddadea5df64b8015,4b68ab3847feda7d6c62c1fbcbeebfa35eab7351ed5e78f4ddadea5df64b8015,4b68ab3847feda7d6c62c1fbcbeebfa35eab7351ed5e78f4ddadea5df64b8015,$,,4b68ab3847feda7d6c62c1fbcbeebfa35eab7351ed5e78f4ddadea5df64b8015,4b68ab3847feda7d6c62c1fbcbeebfa35eab7351ed5e78f4ddadea5df64b8015,"{""basis"":""ordered source-target formula atom"",""kind"":""source-target-formula-map""}"
1.1.0,formula,O007-FREMLIN-V2-APP-2A3-FORMULA-0391,O007-FREMLIN-V2-APP-2A3,O007-RIGHTS-FREMLIN-DSL,O007-FREMLIN-V2-APP-2A3-SEG-2A3J,391,2A3J,2A3J,406,413,17013,17022,18116,18125,\frak T,\frak T,0647f8d3ad6092ab3a9c92fd71ee29d66b86e14d9c9582db084142bee077c226,0647f8d3ad6092ab3a9c92fd71ee29d66b86e14d9c9582db084142bee077c226,44c7e1dba9432c4271c4d22b9a844dc7f447c4cb30f1129ac0c3db3f54646d4b,$,,44c7e1dba9432c4271c4d22b9a844dc7f447c4cb30f1129ac0c3db3f54646d4b,44c7e1dba9432c4271c4d22b9a844dc7f447c4cb30f1129ac0c3db3f54646d4b,"{""basis"":""ordered source-target formula atom"",""kind"":""source-target-formula-map""}"
1.1.0,formula,O007-FREMLIN-V2-APP-2A3-FORMULA-0392,O007-FREMLIN-V2-APP-2A3,O007-RIGHTS-FREMLIN-DSL,O007-FREMLIN-V2-APP-2A3-SEG-2A3J,392,2A3J,2A3J,406,413,17026,17029,18131,18134,X,X,4b68ab3847feda7d6c62c1fbcbeebfa35eab7351ed5e78f4ddadea5df64b8015,4b68ab3847feda7d6c62c1fbcbeebfa35eab7351ed5e78f4ddadea5df64b8015,4b68ab3847feda7d6c62c1fbcbeebfa35eab7351ed5e78f4ddadea5df64b8015,$,,4b68ab3847feda7d6c62c1fbcbeebfa35eab7351ed5e78f4ddadea5df64b8015,4b68ab3847feda7d6c62c1fbcbeebfa35eab7351ed5e78f4ddadea5df64b8015,"{""basis"":""ordered source-target formula atom"",""kind"":""source-target-formula-map""}"
1.1.0,formula,O007-FREMLIN-V2-APP-2A3-FORMULA-0393,O007-FREMLIN-V2-APP-2A3,O007-RIGHTS-FREMLIN-DSL,O007-FREMLIN-V2-APP-2A3-SEG-2A3J,393,2A3J,2A3J,406,413,17035,17049,18140,18154,D\subseteq X,D\subseteq X,7a62ec31827282fc59fc4a0d143eeb68fbf4feeb037f4d51ad920dd1f9c58cea,7a62ec31827282fc59fc4a0d143eeb68fbf4feeb037f4d51ad920dd1f9c58cea,0467d64924e4b95728dd6d29c26dd432a0f0d53f2ee00af4a19c4cd33dcbcf93,$,,0467d64924e4b95728dd6d29c26dd432a0f0d53f2ee00af4a19c4cd33dcbcf93,0467d64924e4b95728dd6d29c26dd432a0f0d53f2ee00af4a19c4cd33dcbcf93,"{""basis"":""ordered source-target formula atom"",""kind"":""source-target-formula-map""}"
1.1.0,formula,O007-FREMLIN-V2-APP-2A3-FORMULA-0394,O007-FREMLIN-V2-APP-2A3,O007-RIGHTS-FREMLIN-DSL,O007-FREMLIN-V2-APP-2A3-SEG-2A3J,394,2A3J,2A3J,408,415,17071,17084,18179,18192,\rho\in\Rho,\rho\in\Rho,8f853d2ba3f0bf80588547d671fbbae17aa4f82425d3a0398f916de3b62b8abe,8f853d2ba3f0bf80588547d671fbbae17aa4f82425d3a0398f916de3b62b8abe,8f853d2ba3f0bf80588547d671fbbae17aa4f82425d3a0398f916de3b62b8abe,$,,8f853d2ba3f0bf80588547d671fbbae17aa4f82425d3a0398f916de3b62b8abe,8f853d2ba3f0bf80588547d671fbbae17aa4f82425d3a0398f916de3b62b8abe,"{""basis"":""ordered source-target formula atom"",""kind"":""source-target-formula-map""}"
1.1.0,formula,O007-FREMLIN-V2-APP-2A3-FORMULA-0395,O007-FREMLIN-V2-APP-2A3,O007-RIGHTS-FREMLIN-DSL,O007-FREMLIN-V2-APP-2A3-SEG-2A3J,395,2A3J,2A3J,408,415,17102,17114,18205,18217,\rho^{(D)},\rho^{(D)},fb0ac68150de36b28d31122ab3c9037833b0b3644dafacc4eaaaed5df687c094,fb0ac68150de36b28d31122ab3c9037833b0b3644dafacc4eaaaed5df687c094,fb0ac68150de36b28d31122ab3c9037833b0b3644dafacc4eaaaed5df687c094,$,,fb0ac68150de36b28d31122ab3c9037833b0b3644dafacc4eaaaed5df687c094,fb0ac68150de36b28d31122ab3c9037833b0b3644dafacc4eaaaed5df687c094,"{""basis"":""ordered source-target formula atom"",""kind"":""source-target-formula-map""}"
1.1.0,formula,O007-FREMLIN-V2-APP-2A3-FORMULA-0396,O007-FREMLIN-V2-APP-2A3,O007-RIGHTS-FREMLIN-DSL,O007-FREMLIN-V2-APP-2A3-SEG-2A3J,396,2A3J,2A3J,408,415,17118,17124,18223,18229,\rho,\rho,dabec2cdc19c316749385782948e50b66047b4aac5b8cd44e6f5037d11109ac0,dabec2cdc19c316749385782948e50b66047b4aac5b8cd44e6f5037d11109ac0,dabec2cdc19c316749385782948e50b66047b4aac5b8cd44e6f5037d11109ac0,$,,dabec2cdc19c316749385782948e50b66047b4aac5b8cd44e6f5037d11109ac0,dabec2cdc19c316749385782948e50b66047b4aac5b8cd44e6f5037d11109ac0,"{""basis"":""ordered source-target formula atom"",""kind"":""source-target-formula-map""}"
1.1.0,formula,O007-FREMLIN-V2-APP-2A3-FORMULA-0397,O007-FREMLIN-V2-APP-2A3,O007-RIGHTS-FREMLIN-DSL,O007-FREMLIN-V2-APP-2A3-SEG-2A3J,397,2A3J,2A3J,409,416,17128,17139,18233,18244,D\times D,D\times D,1a9238cd4c2747ff6a3c7747ca574027bedd503dbfaaea26bbb21645b93ad12d,1a9238cd4c2747ff6a3c7747ca574027bedd503dbfaaea26bbb21645b93ad12d,e5f285428bc1ff646f525c8d023fbb54030802adbf05d3d645fdaafc42301023,$,,e5f285428bc1ff646f525c8d023fbb54030802adbf05d3d645fdaafc42301023,e5f285428bc1ff646f525c8d023fbb54030802adbf05d3d645fdaafc42301023,"{""basis"":""ordered source-target formula atom"",""kind"":""source-target-formula-map""}"
1.1.0,formula,O007-FREMLIN-V2-APP-2A3-FORMULA-0398,O007-FREMLIN-V2-APP-2A3,O007-RIGHTS-FREMLIN-DSL,O007-FREMLIN-V2-APP-2A3-SEG-2A3J,398,2A3J,2A3J,409,416,17161,17164,18270,18273,D,D,3f39d5c348e5b79d06e842c114e6cc571583bbf44e4b0ebfda1a01ec05745d43,3f39d5c348e5b79d06e842c114e6cc571583bbf44e4b0ebfda1a01ec05745d43,3f39d5c348e5b79d06e842c114e6cc571583bbf44e4b0ebfda1a01ec05745d43,$,,3f39d5c348e5b79d06e842c114e6cc571583bbf44e4b0ebfda1a01ec05745d43,3f39d5c348e5b79d06e842c114e6cc571583bbf44e4b0ebfda1a01ec05745d43,"{""basis"":""ordered source-target formula atom"",""kind"":""source-target-formula-map""}"
1.1.0,formula,O007-FREMLIN-V2-APP-2A3-FORMULA-0399,O007-FREMLIN-V2-APP-2A3,O007-RIGHTS-FREMLIN-DSL,O007-FREMLIN-V2-APP-2A3-SEG-2A3J,399,2A3J,2A3J,411,418,17195,17230,18310,18345,\Rho_D=\{\rho^{(D)}:\rho\in\Rho\},\Rho_D=\{\rho^{(D)}:\rho\in\Rho\},bf8dfbb74e492fe7e3d0a013888657bef9295c1bc28d2f144735b02e6cf7f1a3,bf8dfbb74e492fe7e3d0a013888657bef9295c1bc28d2f144735b02e6cf7f1a3,bf8dfbb74e492fe7e3d0a013888657bef9295c1bc28d2f144735b02e6cf7f1a3,$,,bf8dfbb74e492fe7e3d0a013888657bef9295c1bc28d2f144735b02e6cf7f1a3,bf8dfbb74e492fe7e3d0a013888657bef9295c1bc28d2f144735b02e6cf7f1a3,"{""basis"":""ordered source-target formula atom"",""kind"":""source-target-formula-map""}"
1.1.0,formula,O007-FREMLIN-V2-APP-2A3-FORMULA-0400,O007-FREMLIN-V2-APP-2A3,O007-RIGHTS-FREMLIN-DSL,O007-FREMLIN-V2-APP-2A3-SEG-2A3J,400,2A3J,2A3J,412,419,17234,17237,18351,18354,D,D,3f39d5c348e5b79d06e842c114e6cc571583bbf44e4b0ebfda1a01ec05745d43,3f39d5c348e5b79d06e842c114e6cc571583bbf44e4b0ebfda1a01ec05745d43,3f39d5c348e5b79d06e842c114e6cc571583bbf44e4b0ebfda1a01ec05745d43,$,,3f39d5c348e5b79d06e842c114e6cc571583bbf44e4b0ebfda1a01ec05745d43,3f39d5c348e5b79d06e842c114e6cc571583bbf44e4b0ebfda1a01ec05745d43,"{""basis"":""ordered source-target formula atom"",""kind"":""source-target-formula-map""}"
1.1.0,formula,O007-FREMLIN-V2-APP-2A3-FORMULA-0401,O007-FREMLIN-V2-APP-2A3,O007-RIGHTS-FREMLIN-DSL,O007-FREMLIN-V2-APP-2A3-SEG-2A3J,401,2A3J,2A3J,412,419,17273,17284,18387,18398,\frak T_D,\frak T_D,94d3f48f85b03d777a0d77db59f5853a2e5d7893fa5eeec3f08220c06f619335,94d3f48f85b03d777a0d77db59f5853a2e5d7893fa5eeec3f08220c06f619335,d3b42197fc2cb44d6aa94d9ca4ffbbbf292871e1b93bcfef2f8e002e056c7060,$,,d3b42197fc2cb44d6aa94d9ca4ffbbbf292871e1b93bcfef2f8e002e056c7060,d3b42197fc2cb44d6aa94d9ca4ffbbbf292871e1b93bcfef2f8e002e056c7060,"{""basis"":""ordered source-target formula atom"",""kind"":""source-target-formula-map""}"
1.1.0,formula,O007-FREMLIN-V2-APP-2A3-FORMULA-0402,O007-FREMLIN-V2-APP-2A3,O007-RIGHTS-FREMLIN-DSL,O007-FREMLIN-V2-APP-2A3-SEG-2A3J,402,2A3J,2A3J,419,426,17453,17456,18545,18548,G,G,333e0a1e27815d0ceee55c473fe3dc93d56c63e3bee2b3b4aee8eed6d70191a3,333e0a1e27815d0ceee55c473fe3dc93d56c63e3bee2b3b4aee8eed6d70191a3,333e0a1e27815d0ceee55c473fe3dc93d56c63e3bee2b3b4aee8eed6d70191a3,$,,333e0a1e27815d0ceee55c473fe3dc93d56c63e3bee2b3b4aee8eed6d70191a3,333e0a1e27815d0ceee55c473fe3dc93d56c63e3bee2b3b4aee8eed6d70191a3,"{""basis"":""ordered source-target formula atom"",""kind"":""source-target-formula-map""}"
1.1.0,formula,O007-FREMLIN-V2-APP-2A3-FORMULA-0403,O007-FREMLIN-V2-APP-2A3,O007-RIGHTS-FREMLIN-DSL,O007-FREMLIN-V2-APP-2A3-SEG-2A3J,403,2A3J,2A3J,419,427,17492,17500,18597,18605,\Rho_D,\Rho_D,a87717cfea47eea284c8f1b6a9ea8bb546e2b01a2cfa4d8803636987fd539e0a,a87717cfea47eea284c8f1b6a9ea8bb546e2b01a2cfa4d8803636987fd539e0a,a87717cfea47eea284c8f1b6a9ea8bb546e2b01a2cfa4d8803636987fd539e0a,$,,a87717cfea47eea284c8f1b6a9ea8bb546e2b01a2cfa4d8803636987fd539e0a,a87717cfea47eea284c8f1b6a9ea8bb546e2b01a2cfa4d8803636987fd539e0a,"{""basis"":""ordered source-target formula atom"",""kind"":""source-target-formula-map""}"
1.1.0,formula,O007-FREMLIN-V2-APP-2A3-FORMULA-0404,O007-FREMLIN-V2-APP-2A3,O007-RIGHTS-FREMLIN-DSL,O007-FREMLIN-V2-APP-2A3-SEG-2A3J,404,2A3J,2A3J,422,430,17519,17566,18630,18677,"\Cal H=\{H:H\in\frak T,\,H\cap D\subseteq G\}","\Cal H=\{H:H\in\frak T,\,H\cap D\subseteq G\}",b2c47408f193f54a542651de68827c4d43e13183a4593d51ba562e5aa39d7a24,b2c47408f193f54a542651de68827c4d43e13183a4593d51ba562e5aa39d7a24,62fc02f2f91c5f8c3e22c8883c6e999d8149783ed491f9b8ae403b0b89cce8cc,$,,62fc02f2f91c5f8c3e22c8883c6e999d8149783ed491f9b8ae403b0b89cce8cc,62fc02f2f91c5f8c3e22c8883c6e999d8149783ed491f9b8ae403b0b89cce8cc,"{""basis"":""ordered source-target formula atom"",""kind"":""source-target-formula-map""}"
1.1.0,formula,O007-FREMLIN-V2-APP-2A3-FORMULA-0405,O007-FREMLIN-V2-APP-2A3,O007-RIGHTS-FREMLIN-DSL,O007-FREMLIN-V2-APP-2A3-SEG-2A3J,405,2A3J,2A3J,424,432,17582,17611,18693,18722,"H^*=\bigcup\Cal
H\in\frak T","H^*=\bigcup\Cal
H\in\frak T",9d6ac44a170b773538214ac9200d2323ade781c34d756e2ca92d5f7a4a9e7b36,9d6ac44a170b773538214ac9200d2323ade781c34d756e2ca92d5f7a4a9e7b36,2bc0fcafcfb6d8f0225bcbc387ab8ac7a15861723fd23539d1de081f563add73,$,,2bc0fcafcfb6d8f0225bcbc387ab8ac7a15861723fd23539d1de081f563add73,2bc0fcafcfb6d8f0225bcbc387ab8ac7a15861723fd23539d1de081f563add73,"{""basis"":""ordered source-target formula atom"",""kind"":""source-target-formula-map""}"
1.1.0,formula,O007-FREMLIN-V2-APP-2A3-FORMULA-0406,O007-FREMLIN-V2-APP-2A3,O007-RIGHTS-FREMLIN-DSL,O007-FREMLIN-V2-APP-2A3-SEG-2A3J,406,2A3J,2A3J,425,433,17618,17645,18729,18756,G^*=H^*\cap D\in\frak T_D,G^*=H^*\cap D\in\frak T_D,fdb5b0225af3267cfb031d5bc442bad58bb20b50ed88157d579c00c2d49bd969,fdb5b0225af3267cfb031d5bc442bad58bb20b50ed88157d579c00c2d49bd969,2f7ee8edf8b901400db32dd949d1e097a80c398e04566596899883c2203435de,$,,2f7ee8edf8b901400db32dd949d1e097a80c398e04566596899883c2203435de,2f7ee8edf8b901400db32dd949d1e097a80c398e04566596899883c2203435de,"{""basis"":""ordered source-target formula atom"",""kind"":""source-target-formula-map""}"
1.1.0,formula,O007-FREMLIN-V2-APP-2A3-FORMULA-0407,O007-FREMLIN-V2-APP-2A3,O007-RIGHTS-FREMLIN-DSL,O007-FREMLIN-V2-APP-2A3-SEG-2A3J,407,2A3J,2A3J,427,435,17665,17681,18776,18792,G^*\subseteq G,G^*\subseteq G,6a697b4852e1f827bfd340988a38b0a6d0b944a2028803d8f315f1f2e1aa7dc1,6a697b4852e1f827bfd340988a38b0a6d0b944a2028803d8f315f1f2e1aa7dc1,d745f68b388496112658fa35033373da841f767a9a1c6da24eb1ceccbb2815c6,$,,d745f68b388496112658fa35033373da841f767a9a1c6da24eb1ceccbb2815c6,d745f68b388496112658fa35033373da841f767a9a1c6da24eb1ceccbb2815c6,"{""basis"":""ordered source-target formula atom"",""kind"":""source-target-formula-map""}"
1.1.0,formula,O007-FREMLIN-V2-APP-2A3-FORMULA-0408,O007-FREMLIN-V2-APP-2A3,O007-RIGHTS-FREMLIN-DSL,O007-FREMLIN-V2-APP-2A3-SEG-2A3J,408,2A3J,2A3J,428,436,17707,17715,18816,18824,x\in G,x\in G,3faccb525a29c5c66379ad205d954d7822aa6ecb75b815bd94d489678ce6aa50,3faccb525a29c5c66379ad205d954d7822aa6ecb75b815bd94d489678ce6aa50,f890bd8a169841a8e4c425e62d012427d5ad44ba0a41eee342be8094ad1fd32f,$,,f890bd8a169841a8e4c425e62d012427d5ad44ba0a41eee342be8094ad1fd32f,f890bd8a169841a8e4c425e62d012427d5ad44ba0a41eee342be8094ad1fd32f,"{""basis"":""ordered source-target formula atom"",""kind"":""source-target-formula-map""}"
1.1.0,formula,O007-FREMLIN-V2-APP-2A3-FORMULA-0409,O007-FREMLIN-V2-APP-2A3,O007-RIGHTS-FREMLIN-DSL,O007-FREMLIN-V2-APP-2A3-SEG-2A3J,409,2A3J,2A3J,429,437,17732,17761,18835,18864,"\rho_0,\ldots,\rho_n\in\Rho","\rho_0,\ldots,\rho_n\in\Rho",b55830b91ca404291e3addf0094f1ede412b26874c329e0e39dca7ed465e03c0,b55830b91ca404291e3addf0094f1ede412b26874c329e0e39dca7ed465e03c0,b55830b91ca404291e3addf0094f1ede412b26874c329e0e39dca7ed465e03c0,$,,b55830b91ca404291e3addf0094f1ede412b26874c329e0e39dca7ed465e03c0,b55830b91ca404291e3addf0094f1ede412b26874c329e0e39dca7ed465e03c0,"{""basis"":""ordered source-target formula atom"",""kind"":""source-target-formula-map""}"
1.1.0,formula,O007-FREMLIN-V2-APP-2A3-FORMULA-0410,O007-FREMLIN-V2-APP-2A3,O007-RIGHTS-FREMLIN-DSL,O007-FREMLIN-V2-APP-2A3-SEG-2A3J,410,2A3J,2A3J,429,437,17766,17776,18869,18879,\delta>0,\delta>0,28c5f4f559bc00a49055a369c53d2382bf799ab5fa662c1b53944e9762606ec9,28c5f4f559bc00a49055a369c53d2382bf799ab5fa662c1b53944e9762606ec9,28c5f4f559bc00a49055a369c53d2382bf799ab5fa662c1b53944e9762606ec9,$,,28c5f4f559bc00a49055a369c53d2382bf799ab5fa662c1b53944e9762606ec9,28c5f4f559bc00a49055a369c53d2382bf799ab5fa662c1b53944e9762606ec9,"{""basis"":""ordered source-target formula atom"",""kind"":""source-target-formula-map""}"
1.1.0,formula,O007-FREMLIN-V2-APP-2A3-FORMULA-0411,O007-FREMLIN-V2-APP-2A3,O007-RIGHTS-FREMLIN-DSL,O007-FREMLIN-V2-APP-2A3-SEG-2A3J,411,2A3J,2A3J,431,439,17800,17911,18918,19029,"U(x;\rho_0^{(D)},\ldots,\rho_n^{(D)};\delta)
=\{y:y\in D,\,\max_{i\le n}\rho_i^{(D)}(y,x)<\delta\}\subseteq G","U(x;\rho_0^{(D)},\ldots,\rho_n^{(D)};\delta)
=\{y:y\in D,\,\max_{i\le n}\rho_i^{(D)}(y,x)<\delta\}\subseteq G",64aeaf160911ad279699c753bc8a43eb10bda3178f5867b2452fd9d5fc5a66b3,64aeaf160911ad279699c753bc8a43eb10bda3178f5867b2452fd9d5fc5a66b3,ec7651c35de28c11e1a94a57fd6601eb7eb11d5936b5c9c09dab0513b570c257,$,,ec7651c35de28c11e1a94a57fd6601eb7eb11d5936b5c9c09dab0513b570c257,ec7651c35de28c11e1a94a57fd6601eb7eb11d5936b5c9c09dab0513b570c257,"{""basis"":""ordered source-target formula atom"",""kind"":""source-target-formula-map""}"
1.1.0,formula,O007-FREMLIN-V2-APP-2A3-FORMULA-0412,O007-FREMLIN-V2-APP-2A3,O007-RIGHTS-FREMLIN-DSL,O007-FREMLIN-V2-APP-2A3-SEG-2A3J,412,2A3J,2A3J,436,444,17947,18042,19070,19165,"H=U(x;\rho_0,\ldots,\rho_n;\delta)
=\{y:y\in X,\,\max_{i\le n}\rho_i(y,x)<\delta\}\subseteq X","H=U(x;\rho_0,\ldots,\rho_n;\delta)
=\{y:y\in X,\,\max_{i\le n}\rho_i(y,x)<\delta\}\subseteq X",66cd30c44643c967cb360c280a81c1e991312b9366276c3b48734022b34bc0dd,66cd30c44643c967cb360c280a81c1e991312b9366276c3b48734022b34bc0dd,aef4168d56ded925f13b5e7473a85303a27a83bea26cfd038f413b6f934b1a86,$,,aef4168d56ded925f13b5e7473a85303a27a83bea26cfd038f413b6f934b1a86,aef4168d56ded925f13b5e7473a85303a27a83bea26cfd038f413b6f934b1a86,"{""basis"":""ordered source-target formula atom"",""kind"":""source-target-formula-map""}"
1.1.0,formula,O007-FREMLIN-V2-APP-2A3-FORMULA-0413,O007-FREMLIN-V2-APP-2A3,O007-RIGHTS-FREMLIN-DSL,O007-FREMLIN-V2-APP-2A3-SEG-2A3J,413,2A3J,2A3J,441,449,18079,18145,19204,19270,"H\cap D
=U(x;\rho_0^{(D)},\ldots,\rho_n^{(D)};\delta)\subseteq G","H\cap D
=U(x;\rho_0^{(D)},\ldots,\rho_n^{(D)};\delta)\subseteq G",fed1477ad3f2302fe485683087c04d8338e0b8b42be8258929f8affe61a9bb88,fed1477ad3f2302fe485683087c04d8338e0b8b42be8258929f8affe61a9bb88,97a77780dd2bef64ce450891ebd0790bf357917056924148c3f6b3dd65b9f4b1,$,,97a77780dd2bef64ce450891ebd0790bf357917056924148c3f6b3dd65b9f4b1,97a77780dd2bef64ce450891ebd0790bf357917056924148c3f6b3dd65b9f4b1,"{""basis"":""ordered source-target formula atom"",""kind"":""source-target-formula-map""}"
1.1.0,formula,O007-FREMLIN-V2-APP-2A3-FORMULA-0414,O007-FREMLIN-V2-APP-2A3,O007-RIGHTS-FREMLIN-DSL,O007-FREMLIN-V2-APP-2A3-SEG-2A3J,414,2A3J,2A3J,444,452,18166,18179,19296,19309,H\in\frak T,H\in\frak T,b178fe41ccd89327726ca33d199a5c4c1f0860e14aad182d145e339f236cf53e,b178fe41ccd89327726ca33d199a5c4c1f0860e14aad182d145e339f236cf53e,8d13dc370e4553b8d854921084b820306cfae5e9a55f1aca4f513dccd1d614ec,$,,8d13dc370e4553b8d854921084b820306cfae5e9a55f1aca4f513dccd1d614ec,8d13dc370e4553b8d854921084b820306cfae5e9a55f1aca4f513dccd1d614ec,"{""basis"":""ordered source-target formula atom"",""kind"":""source-target-formula-map""}"
1.1.0,formula,O007-FREMLIN-V2-APP-2A3-FORMULA-0415,O007-FREMLIN-V2-APP-2A3,O007-RIGHTS-FREMLIN-DSL,O007-FREMLIN-V2-APP-2A3-SEG-2A3J,415,2A3J,2A3J,444,452,18186,18198,19316,19328,H\in\Cal H,H\in\Cal H,cebddf3574caae9c6bbbcc5c047fc7f901e41592532ee8b3abac54eaa537198b,cebddf3574caae9c6bbbcc5c047fc7f901e41592532ee8b3abac54eaa537198b,899d186328f254a9b938d465d025f73d79a5a8bd023f0c3ec5d4b818956a977a,$,,899d186328f254a9b938d465d025f73d79a5a8bd023f0c3ec5d4b818956a977a,899d186328f254a9b938d465d025f73d79a5a8bd023f0c3ec5d4b818956a977a,"{""basis"":""ordered source-target formula atom"",""kind"":""source-target-formula-map""}"
1.1.0,formula,O007-FREMLIN-V2-APP-2A3-FORMULA-0416,O007-FREMLIN-V2-APP-2A3,O007-RIGHTS-FREMLIN-DSL,O007-FREMLIN-V2-APP-2A3-SEG-2A3J,416,2A3J,2A3J,446,454,18216,18253,19346,19383,x\in H\cap D\subseteq H^*\cap D=G^*,x\in H\cap D\subseteq H^*\cap D=G^*,26093c15e78c1de0bed87984292e95e5d1fe26d6b3ea7784b6feed7393f2d014,26093c15e78c1de0bed87984292e95e5d1fe26d6b3ea7784b6feed7393f2d014,2a2f790ac9452ff5e87d45ab0726304c479744a032f8186459552ec259ad9bfd,$,,2a2f790ac9452ff5e87d45ab0726304c479744a032f8186459552ec259ad9bfd,2a2f790ac9452ff5e87d45ab0726304c479744a032f8186459552ec259ad9bfd,"{""basis"":""ordered source-target formula atom"",""kind"":""source-target-formula-map""}"
1.1.0,formula,O007-FREMLIN-V2-APP-2A3-FORMULA-0417,O007-FREMLIN-V2-APP-2A3,O007-RIGHTS-FREMLIN-DSL,O007-FREMLIN-V2-APP-2A3-SEG-2A3J,417,2A3J,2A3J,448,456,18272,18291,19413,19432,G=G^*\in\frak T_D,G=G^*\in\frak T_D,7e97f8f6d0ea608963d72f0dad2fbcda369e6107c730a4ead52a216034171859,7e97f8f6d0ea608963d72f0dad2fbcda369e6107c730a4ead52a216034171859,2d8d7b1f2b1d3792d576eda19cd99eee4b8d5f56f575447debda3f5077d2f45f,$,,2d8d7b1f2b1d3792d576eda19cd99eee4b8d5f56f575447debda3f5077d2f45f,2d8d7b1f2b1d3792d576eda19cd99eee4b8d5f56f575447debda3f5077d2f45f,"{""basis"":""ordered source-target formula atom"",""kind"":""source-target-formula-map""}"
1.1.0,formula,O007-FREMLIN-V2-APP-2A3-FORMULA-0418,O007-FREMLIN-V2-APP-2A3,O007-RIGHTS-FREMLIN-DSL,O007-FREMLIN-V2-APP-2A3-SEG-2A3J,418,2A3J,2A3J,452,460,18332,18347,19475,19490,G\in\frak T_D,G\in\frak T_D,1771160ce2cd7d2447007c9e91473b79751ba3f0cdb2d6e53bfa884fe06fb75e,1771160ce2cd7d2447007c9e91473b79751ba3f0cdb2d6e53bfa884fe06fb75e,ce41384357f0a966ebdbdc9192fc512b39d7a080b79bcf77b1e224c1549af881,$,,ce41384357f0a966ebdbdc9192fc512b39d7a080b79bcf77b1e224c1549af881,ce41384357f0a966ebdbdc9192fc512b39d7a080b79bcf77b1e224c1549af881,"{""basis"":""ordered source-target formula atom"",""kind"":""source-target-formula-map""}"
1.1.0,formula,O007-FREMLIN-V2-APP-2A3-FORMULA-0419,O007-FREMLIN-V2-APP-2A3,O007-RIGHTS-FREMLIN-DSL,O007-FREMLIN-V2-APP-2A3-SEG-2A3J,419,2A3J,2A3J,453,461,18368,18381,19503,19516,H\in\frak T,H\in\frak T,b178fe41ccd89327726ca33d199a5c4c1f0860e14aad182d145e339f236cf53e,b178fe41ccd89327726ca33d199a5c4c1f0860e14aad182d145e339f236cf53e,8d13dc370e4553b8d854921084b820306cfae5e9a55f1aca4f513dccd1d614ec,$,,8d13dc370e4553b8d854921084b820306cfae5e9a55f1aca4f513dccd1d614ec,8d13dc370e4553b8d854921084b820306cfae5e9a55f1aca4f513dccd1d614ec,"{""basis"":""ordered source-target formula atom"",""kind"":""source-target-formula-map""}"
1.1.0,formula,O007-FREMLIN-V2-APP-2A3-FORMULA-0420,O007-FREMLIN-V2-APP-2A3,O007-RIGHTS-FREMLIN-DSL,O007-FREMLIN-V2-APP-2A3-SEG-2A3J,420,2A3J,2A3J,453,461,18392,18403,19526,19537,G=H\cap D,G=H\cap D,65758c2375a09d0c3b3df21374f225d4300beb631cb39ce4b5ac9d7dae52781e,65758c2375a09d0c3b3df21374f225d4300beb631cb39ce4b5ac9d7dae52781e,1311fb7a31147fe4ab1f3aa86dc407c377446bb63a029d787487d2636f707056,$,,1311fb7a31147fe4ab1f3aa86dc407c377446bb63a029d787487d2636f707056,1311fb7a31147fe4ab1f3aa86dc407c377446bb63a029d787487d2636f707056,"{""basis"":""ordered source-target formula atom"",""kind"":""source-target-formula-map""}"
1.1.0,formula,O007-FREMLIN-V2-APP-2A3-FORMULA-0421,O007-FREMLIN-V2-APP-2A3,O007-RIGHTS-FREMLIN-DSL,O007-FREMLIN-V2-APP-2A3-SEG-2A3J,421,2A3J,2A3J,455,462,18431,18444,19568,19581,"\phi:D\to
X",\phi:D\to X,15fe14c0a0d2cc46365a8fcfe8cd5f81b833fc052be9d01ae74ca180fa1a1ade,326b3a05f597deb898e59159118d52e5bc8bd004ec9675603288d102ed68a265,a3f43a502bec3043f31cc7aea774a0c2253efbadf185deff47dd84b2ccfdc7ba,$,,a3f43a502bec3043f31cc7aea774a0c2253efbadf185deff47dd84b2ccfdc7ba,a3f43a502bec3043f31cc7aea774a0c2253efbadf185deff47dd84b2ccfdc7ba,"{""basis"":""ordered source-target formula atom"",""kind"":""source-target-formula-map""}"
1.1.0,formula,O007-FREMLIN-V2-APP-2A3-FORMULA-0422,O007-FREMLIN-V2-APP-2A3,O007-RIGHTS-FREMLIN-DSL,O007-FREMLIN-V2-APP-2A3-SEG-2A3J,422,2A3J,2A3J,456,463,18469,18480,19609,19620,\phi(x)=x,\phi(x)=x,7f00d97e87721c518c77b5086682009b004eb2d51e63a26251a960c8e6b81daf,7f00d97e87721c518c77b5086682009b004eb2d51e63a26251a960c8e6b81daf,7f00d97e87721c518c77b5086682009b004eb2d51e63a26251a960c8e6b81daf,$,,7f00d97e87721c518c77b5086682009b004eb2d51e63a26251a960c8e6b81daf,7f00d97e87721c518c77b5086682009b004eb2d51e63a26251a960c8e6b81daf,"{""basis"":""ordered source-target formula atom"",""kind"":""source-target-formula-map""}"
1.1.0,formula,O007-FREMLIN-V2-APP-2A3-FORMULA-0423,O007-FREMLIN-V2-APP-2A3,O007-RIGHTS-FREMLIN-DSL,O007-FREMLIN-V2-APP-2A3-SEG-2A3J,423,2A3J,2A3J,456,463,18491,18499,19634,19642,x\in D,x\in D,0cafff6d90bae55b0f35519bd070c867cf69022bfe6eb57f4ac0bb6ce2cfbd01,0cafff6d90bae55b0f35519bd070c867cf69022bfe6eb57f4ac0bb6ce2cfbd01,02660a526ff739e877b2593af5302507a9ff0fe767c3c51b1239ff488215ee23,$,,02660a526ff739e877b2593af5302507a9ff0fe767c3c51b1239ff488215ee23,02660a526ff739e877b2593af5302507a9ff0fe767c3c51b1239ff488215ee23,"{""basis"":""ordered source-target formula atom"",""kind"":""source-target-formula-map""}"
1.1.0,formula,O007-FREMLIN-V2-APP-2A3-FORMULA-0424,O007-FREMLIN-V2-APP-2A3,O007-RIGHTS-FREMLIN-DSL,O007-FREMLIN-V2-APP-2A3-SEG-2A3J,424,2A3J,2A3J,456,463,18503,18509,19649,19655,\phi,\phi,10ce0200b450ea955833553e717821c7721818b8a95cffd7e54b46e08918b512,10ce0200b450ea955833553e717821c7721818b8a95cffd7e54b46e08918b512,10ce0200b450ea955833553e717821c7721818b8a95cffd7e54b46e08918b512,$,,10ce0200b450ea955833553e717821c7721818b8a95cffd7e54b46e08918b512,10ce0200b450ea955833553e717821c7721818b8a95cffd7e54b46e08918b512,"{""basis"":""ordered source-target formula atom"",""kind"":""source-target-formula-map""}"
1.1.0,formula,O007-FREMLIN-V2-APP-2A3-FORMULA-0425,O007-FREMLIN-V2-APP-2A3,O007-RIGHTS-FREMLIN-DSL,O007-FREMLIN-V2-APP-2A3-SEG-2A3J,425,2A3J,2A3J,457,464,18565,18568,19706,19709,D,D,3f39d5c348e5b79d06e842c114e6cc571583bbf44e4b0ebfda1a01ec05745d43,3f39d5c348e5b79d06e842c114e6cc571583bbf44e4b0ebfda1a01ec05745d43,3f39d5c348e5b79d06e842c114e6cc571583bbf44e4b0ebfda1a01ec05745d43,$,,3f39d5c348e5b79d06e842c114e6cc571583bbf44e4b0ebfda1a01ec05745d43,3f39d5c348e5b79d06e842c114e6cc571583bbf44e4b0ebfda1a01ec05745d43,"{""basis"":""ordered source-target formula atom"",""kind"":""source-target-formula-map""}"
1.1.0,formula,O007-FREMLIN-V2-APP-2A3-FORMULA-0426,O007-FREMLIN-V2-APP-2A3,O007-RIGHTS-FREMLIN-DSL,O007-FREMLIN-V2-APP-2A3-SEG-2A3J,426,2A3J,2A3J,457,464,18574,18582,19717,19725,\Rho_D,\Rho_D,a87717cfea47eea284c8f1b6a9ea8bb546e2b01a2cfa4d8803636987fd539e0a,a87717cfea47eea284c8f1b6a9ea8bb546e2b01a2cfa4d8803636987fd539e0a,a87717cfea47eea284c8f1b6a9ea8bb546e2b01a2cfa4d8803636987fd539e0a,$,,a87717cfea47eea284c8f1b6a9ea8bb546e2b01a2cfa4d8803636987fd539e0a,a87717cfea47eea284c8f1b6a9ea8bb546e2b01a2cfa4d8803636987fd539e0a,"{""basis"":""ordered source-target formula atom"",""kind"":""source-target-formula-map""}"
1.1.0,formula,O007-FREMLIN-V2-APP-2A3-FORMULA-0427,O007-FREMLIN-V2-APP-2A3,O007-RIGHTS-FREMLIN-DSL,O007-FREMLIN-V2-APP-2A3-SEG-2A3J,427,2A3J,2A3J,458,465,18587,18590,19730,19733,X,X,4b68ab3847feda7d6c62c1fbcbeebfa35eab7351ed5e78f4ddadea5df64b8015,4b68ab3847feda7d6c62c1fbcbeebfa35eab7351ed5e78f4ddadea5df64b8015,4b68ab3847feda7d6c62c1fbcbeebfa35eab7351ed5e78f4ddadea5df64b8015,$,,4b68ab3847feda7d6c62c1fbcbeebfa35eab7351ed5e78f4ddadea5df64b8015,4b68ab3847feda7d6c62c1fbcbeebfa35eab7351ed5e78f4ddadea5df64b8015,"{""basis"":""ordered source-target formula atom"",""kind"":""source-target-formula-map""}"
1.1.0,formula,O007-FREMLIN-V2-APP-2A3-FORMULA-0428,O007-FREMLIN-V2-APP-2A3,O007-RIGHTS-FREMLIN-DSL,O007-FREMLIN-V2-APP-2A3-SEG-2A3J,428,2A3J,2A3J,458,465,18596,18602,19741,19747,\Rho,\Rho,52096aaef22267b537a019d25e49b90abcbbc43f2e8a636d73f93baeb39efa3e,52096aaef22267b537a019d25e49b90abcbbc43f2e8a636d73f93baeb39efa3e,52096aaef22267b537a019d25e49b90abcbbc43f2e8a636d73f93baeb39efa3e,$,,52096aaef22267b537a019d25e49b90abcbbc43f2e8a636d73f93baeb39efa3e,52096aaef22267b537a019d25e49b90abcbbc43f2e8a636d73f93baeb39efa3e,"{""basis"":""ordered source-target formula atom"",""kind"":""source-target-formula-map""}"
1.1.0,formula,O007-FREMLIN-V2-APP-2A3-FORMULA-0429,O007-FREMLIN-V2-APP-2A3,O007-RIGHTS-FREMLIN-DSL,O007-FREMLIN-V2-APP-2A3-SEG-2A3J,429,2A3J,2A3J,458,465,18612,18651,19756,19795,"\rho(\phi(x),\phi(y))=\rho^{(D)}(x,y)","\rho(\phi(x),\phi(y))=\rho^{(D)}(x,y)",d25131bdd33bfe32eb5fce4d42d195cbb60f0c81c8111587425f8faee5852959,d25131bdd33bfe32eb5fce4d42d195cbb60f0c81c8111587425f8faee5852959,d25131bdd33bfe32eb5fce4d42d195cbb60f0c81c8111587425f8faee5852959,$,,d25131bdd33bfe32eb5fce4d42d195cbb60f0c81c8111587425f8faee5852959,d25131bdd33bfe32eb5fce4d42d195cbb60f0c81c8111587425f8faee5852959,"{""basis"":""ordered source-target formula atom"",""kind"":""source-target-formula-map""}"
1.1.0,formula,O007-FREMLIN-V2-APP-2A3-FORMULA-0430,O007-FREMLIN-V2-APP-2A3,O007-RIGHTS-FREMLIN-DSL,O007-FREMLIN-V2-APP-2A3-SEG-2A3J,430,2A3J,2A3J,459,466,18661,18664,19808,19811,x,x,2d711642b726b04401627ca9fbac32f5c8530fb1903cc4db02258717921a4881,2d711642b726b04401627ca9fbac32f5c8530fb1903cc4db02258717921a4881,2d711642b726b04401627ca9fbac32f5c8530fb1903cc4db02258717921a4881,$,,2d711642b726b04401627ca9fbac32f5c8530fb1903cc4db02258717921a4881,2d711642b726b04401627ca9fbac32f5c8530fb1903cc4db02258717921a4881,"{""basis"":""ordered source-target formula atom"",""kind"":""source-target-formula-map""}"
1.1.0,formula,O007-FREMLIN-V2-APP-2A3-FORMULA-0431,O007-FREMLIN-V2-APP-2A3,O007-RIGHTS-FREMLIN-DSL,O007-FREMLIN-V2-APP-2A3-SEG-2A3J,431,2A3J,2A3J,459,466,18666,18674,19813,19821,y\in D,y\in D,223baf1e4e89a2565f1491f4bc482f726daed58ca7736688f45d6515c2f07f68,223baf1e4e89a2565f1491f4bc482f726daed58ca7736688f45d6515c2f07f68,ea0f76ad67856b92170ce21390810232ba7ec7055b6c9643bba3b61dc886ccd5,$,,ea0f76ad67856b92170ce21390810232ba7ec7055b6c9643bba3b61dc886ccd5,ea0f76ad67856b92170ce21390810232ba7ec7055b6c9643bba3b61dc886ccd5,"{""basis"":""ordered source-target formula atom"",""kind"":""source-target-formula-map""}"
1.1.0,formula,O007-FREMLIN-V2-APP-2A3-FORMULA-0432,O007-FREMLIN-V2-APP-2A3,O007-RIGHTS-FREMLIN-DSL,O007-FREMLIN-V2-APP-2A3-SEG-2A3J,432,2A3J,2A3J,459,466,18679,18692,19826,19839,\rho\in\Rho,\rho\in\Rho,8f853d2ba3f0bf80588547d671fbbae17aa4f82425d3a0398f916de3b62b8abe,8f853d2ba3f0bf80588547d671fbbae17aa4f82425d3a0398f916de3b62b8abe,8f853d2ba3f0bf80588547d671fbbae17aa4f82425d3a0398f916de3b62b8abe,$,,8f853d2ba3f0bf80588547d671fbbae17aa4f82425d3a0398f916de3b62b8abe,8f853d2ba3f0bf80588547d671fbbae17aa4f82425d3a0398f916de3b62b8abe,"{""basis"":""ordered source-target formula atom"",""kind"":""source-target-formula-map""}"
1.1.0,formula,O007-FREMLIN-V2-APP-2A3-FORMULA-0433,O007-FREMLIN-V2-APP-2A3,O007-RIGHTS-FREMLIN-DSL,O007-FREMLIN-V2-APP-2A3-SEG-2A3J,433,2A3J,2A3J,459,466,18698,18704,19846,19852,\phi,\phi,10ce0200b450ea955833553e717821c7721818b8a95cffd7e54b46e08918b512,10ce0200b450ea955833553e717821c7721818b8a95cffd7e54b46e08918b512,10ce0200b450ea955833553e717821c7721818b8a95cffd7e54b46e08918b512,$,,10ce0200b450ea955833553e717821c7721818b8a95cffd7e54b46e08918b512,10ce0200b450ea955833553e717821c7721818b8a95cffd7e54b46e08918b512,"{""basis"":""ordered source-target formula atom"",""kind"":""source-target-formula-map""}"
1.1.0,formula,O007-FREMLIN-V2-APP-2A3-FORMULA-0434,O007-FREMLIN-V2-APP-2A3,O007-RIGHTS-FREMLIN-DSL,O007-FREMLIN-V2-APP-2A3-SEG-2A3J,434,2A3J,2A3J,460,467,18759,18773,19907,19921,\phi^{-1}[H],\phi^{-1}[H],6683c695099b5f170838c1a745c26d9f18138ca81762d6838fca919c8015003a,6683c695099b5f170838c1a745c26d9f18138ca81762d6838fca919c8015003a,6683c695099b5f170838c1a745c26d9f18138ca81762d6838fca919c8015003a,$,,6683c695099b5f170838c1a745c26d9f18138ca81762d6838fca919c8015003a,6683c695099b5f170838c1a745c26d9f18138ca81762d6838fca919c8015003a,"{""basis"":""ordered source-target formula atom"",""kind"":""source-target-formula-map""}"
1.1.0,formula,O007-FREMLIN-V2-APP-2A3-FORMULA-0435,O007-FREMLIN-V2-APP-2A3,O007-RIGHTS-FREMLIN-DSL,O007-FREMLIN-V2-APP-2A3-SEG-2A3J,435,2A3J,2A3J,461,468,18813,18821,19970,19978,\Rho_D,\Rho_D,a87717cfea47eea284c8f1b6a9ea8bb546e2b01a2cfa4d8803636987fd539e0a,a87717cfea47eea284c8f1b6a9ea8bb546e2b01a2cfa4d8803636987fd539e0a,a87717cfea47eea284c8f1b6a9ea8bb546e2b01a2cfa4d8803636987fd539e0a,$,,a87717cfea47eea284c8f1b6a9ea8bb546e2b01a2cfa4d8803636987fd539e0a,a87717cfea47eea284c8f1b6a9ea8bb546e2b01a2cfa4d8803636987fd539e0a,"{""basis"":""ordered source-target formula atom"",""kind"":""source-target-formula-map""}"
1.1.0,formula,O007-FREMLIN-V2-APP-2A3-FORMULA-0436,O007-FREMLIN-V2-APP-2A3,O007-RIGHTS-FREMLIN-DSL,O007-FREMLIN-V2-APP-2A3-SEG-2A3J,436,2A3J,2A3J,461,468,18829,18845,19987,20003,\phi^{-1}[H]=G,\phi^{-1}[H]=G,127e48dea73ad72acbf124f2169af3e9f08ed599f45e11207bb8ea82ce39ec40,127e48dea73ad72acbf124f2169af3e9f08ed599f45e11207bb8ea82ce39ec40,127e48dea73ad72acbf124f2169af3e9f08ed599f45e11207bb8ea82ce39ec40,$,,127e48dea73ad72acbf124f2169af3e9f08ed599f45e11207bb8ea82ce39ec40,127e48dea73ad72acbf124f2169af3e9f08ed599f45e11207bb8ea82ce39ec40,"{""basis"":""ordered source-target formula atom"",""kind"":""source-target-formula-map""}"
1.1.0,formula,O007-FREMLIN-V2-APP-2A3-FORMULA-0437,O007-FREMLIN-V2-APP-2A3,O007-RIGHTS-FREMLIN-DSL,O007-FREMLIN-V2-APP-2A3-SEG-2A3J,437,2A3J,2A3J,462,469,18867,18878,20032,20043,\frak T_D,\frak T_D,94d3f48f85b03d777a0d77db59f5853a2e5d7893fa5eeec3f08220c06f619335,94d3f48f85b03d777a0d77db59f5853a2e5d7893fa5eeec3f08220c06f619335,d3b42197fc2cb44d6aa94d9ca4ffbbbf292871e1b93bcfef2f8e002e056c7060,$,,d3b42197fc2cb44d6aa94d9ca4ffbbbf292871e1b93bcfef2f8e002e056c7060,d3b42197fc2cb44d6aa94d9ca4ffbbbf292871e1b93bcfef2f8e002e056c7060,"{""basis"":""ordered source-target formula atom"",""kind"":""source-target-formula-map""}"
1.1.0,formula,O007-FREMLIN-V2-APP-2A3-FORMULA-0438,O007-FREMLIN-V2-APP-2A3,O007-RIGHTS-FREMLIN-DSL,O007-FREMLIN-V2-APP-2A3-SEG-2A3J,438,2A3J,2A3J,462,470,18914,18922,20092,20100,\Rho_D,\Rho_D,a87717cfea47eea284c8f1b6a9ea8bb546e2b01a2cfa4d8803636987fd539e0a,a87717cfea47eea284c8f1b6a9ea8bb546e2b01a2cfa4d8803636987fd539e0a,a87717cfea47eea284c8f1b6a9ea8bb546e2b01a2cfa4d8803636987fd539e0a,$,,a87717cfea47eea284c8f1b6a9ea8bb546e2b01a2cfa4d8803636987fd539e0a,a87717cfea47eea284c8f1b6a9ea8bb546e2b01a2cfa4d8803636987fd539e0a,"{""basis"":""ordered source-target formula atom"",""kind"":""source-target-formula-map""}"
1.1.0,formula,O007-FREMLIN-V2-APP-2A3-FORMULA-0439,O007-FREMLIN-V2-APP-2A3,O007-RIGHTS-FREMLIN-DSL,O007-FREMLIN-V2-APP-2A3-SEG-2A3K,439,2A3K,2A3K,466,474,19039,19042,20227,20230,X,X,4b68ab3847feda7d6c62c1fbcbeebfa35eab7351ed5e78f4ddadea5df64b8015,4b68ab3847feda7d6c62c1fbcbeebfa35eab7351ed5e78f4ddadea5df64b8015,4b68ab3847feda7d6c62c1fbcbeebfa35eab7351ed5e78f4ddadea5df64b8015,$,,4b68ab3847feda7d6c62c1fbcbeebfa35eab7351ed5e78f4ddadea5df64b8015,4b68ab3847feda7d6c62c1fbcbeebfa35eab7351ed5e78f4ddadea5df64b8015,"{""basis"":""ordered source-target formula atom"",""kind"":""source-target-formula-map""}"
1.1.0,formula,O007-FREMLIN-V2-APP-2A3-FORMULA-0440,O007-FREMLIN-V2-APP-2A3,O007-RIGHTS-FREMLIN-DSL,O007-FREMLIN-V2-APP-2A3-SEG-2A3K,440,2A3K,2A3K,466,475,19053,19059,20248,20254,\Rho,\Rho,52096aaef22267b537a019d25e49b90abcbbc43f2e8a636d73f93baeb39efa3e,52096aaef22267b537a019d25e49b90abcbbc43f2e8a636d73f93baeb39efa3e,52096aaef22267b537a019d25e49b90abcbbc43f2e8a636d73f93baeb39efa3e,$,,52096aaef22267b537a019d25e49b90abcbbc43f2e8a636d73f93baeb39efa3e,52096aaef22267b537a019d25e49b90abcbbc43f2e8a636d73f93baeb39efa3e,"{""basis"":""ordered source-target formula atom"",""kind"":""source-target-formula-map""}"
1.1.0,formula,O007-FREMLIN-V2-APP-2A3-FORMULA-0441,O007-FREMLIN-V2-APP-2A3,O007-RIGHTS-FREMLIN-DSL,O007-FREMLIN-V2-APP-2A3-SEG-2A3K,441,2A3K,2A3K,467,475,19099,19102,20298,20301,X,X,4b68ab3847feda7d6c62c1fbcbeebfa35eab7351ed5e78f4ddadea5df64b8015,4b68ab3847feda7d6c62c1fbcbeebfa35eab7351ed5e78f4ddadea5df64b8015,4b68ab3847feda7d6c62c1fbcbeebfa35eab7351ed5e78f4ddadea5df64b8015,$,,4b68ab3847feda7d6c62c1fbcbeebfa35eab7351ed5e78f4ddadea5df64b8015,4b68ab3847feda7d6c62c1fbcbeebfa35eab7351ed5e78f4ddadea5df64b8015,"{""basis"":""ordered source-target formula atom"",""kind"":""source-target-formula-map""}"
1.1.0,formula,O007-FREMLIN-V2-APP-2A3-FORMULA-0442,O007-FREMLIN-V2-APP-2A3,O007-RIGHTS-FREMLIN-DSL,O007-FREMLIN-V2-APP-2A3-SEG-2A3K,442,2A3K,2A3K,467,475,19107,19116,20307,20316,\frak T,\frak T,0647f8d3ad6092ab3a9c92fd71ee29d66b86e14d9c9582db084142bee077c226,0647f8d3ad6092ab3a9c92fd71ee29d66b86e14d9c9582db084142bee077c226,44c7e1dba9432c4271c4d22b9a844dc7f447c4cb30f1129ac0c3db3f54646d4b,$,,44c7e1dba9432c4271c4d22b9a844dc7f447c4cb30f1129ac0c3db3f54646d4b,44c7e1dba9432c4271c4d22b9a844dc7f447c4cb30f1129ac0c3db3f54646d4b,"{""basis"":""ordered source-target formula atom"",""kind"":""source-target-formula-map""}"
1.1.0,formula,O007-FREMLIN-V2-APP-2A3-FORMULA-0443,O007-FREMLIN-V2-APP-2A3,O007-RIGHTS-FREMLIN-DSL,O007-FREMLIN-V2-APP-2A3-SEG-2A3K,443,2A3K,2A3K,468,476,19141,19147,20350,20356,\Rho,\Rho,52096aaef22267b537a019d25e49b90abcbbc43f2e8a636d73f93baeb39efa3e,52096aaef22267b537a019d25e49b90abcbbc43f2e8a636d73f93baeb39efa3e,52096aaef22267b537a019d25e49b90abcbbc43f2e8a636d73f93baeb39efa3e,$,,52096aaef22267b537a019d25e49b90abcbbc43f2e8a636d73f93baeb39efa3e,52096aaef22267b537a019d25e49b90abcbbc43f2e8a636d73f93baeb39efa3e,"{""basis"":""ordered source-target formula atom"",""kind"":""source-target-formula-map""}"
1.1.0,formula,O007-FREMLIN-V2-APP-2A3-FORMULA-0444,O007-FREMLIN-V2-APP-2A3,O007-RIGHTS-FREMLIN-DSL,O007-FREMLIN-V2-APP-2A3-SEG-2A3KA,444,2A3Ka,2A3Ka,470,478,19182,19196,20389,20403,A\subseteq X,A\subseteq X,1cf36e769d74cacb0248b00ea70c5fd132c50e55622b780c890e91816f726b88,1cf36e769d74cacb0248b00ea70c5fd132c50e55622b780c890e91816f726b88,d1193567821266844024558ec63a8dc1c0e6f8bbdf2948430a22df5ce80a3001,$,,d1193567821266844024558ec63a8dc1c0e6f8bbdf2948430a22df5ce80a3001,d1193567821266844024558ec63a8dc1c0e6f8bbdf2948430a22df5ce80a3001,"{""basis"":""ordered source-target formula atom"",""kind"":""source-target-formula-map""}"
1.1.0,formula,O007-FREMLIN-V2-APP-2A3-FORMULA-0445,O007-FREMLIN-V2-APP-2A3,O007-RIGHTS-FREMLIN-DSL,O007-FREMLIN-V2-APP-2A3-SEG-2A3KA,445,2A3Ka,2A3Ka,470,478,19201,19209,20408,20416,x\in X,x\in X,d9448dfd3954dd39c12d483afd23d561b1b7d735af5f430b5dc457e6fa9ef99b,d9448dfd3954dd39c12d483afd23d561b1b7d735af5f430b5dc457e6fa9ef99b,858979f0c33c5f45e30780b82e2fa00184311296fbb7ef6bf3f4a6007c9b9cb1,$,,858979f0c33c5f45e30780b82e2fa00184311296fbb7ef6bf3f4a6007c9b9cb1,858979f0c33c5f45e30780b82e2fa00184311296fbb7ef6bf3f4a6007c9b9cb1,"{""basis"":""ordered source-target formula atom"",""kind"":""source-target-formula-map""}"
1.1.0,formula,O007-FREMLIN-V2-APP-2A3-FORMULA-0446,O007-FREMLIN-V2-APP-2A3,O007-RIGHTS-FREMLIN-DSL,O007-FREMLIN-V2-APP-2A3-SEG-2A3KA,446,2A3Ka,2A3Ka,472,480,19218,19376,20425,20592,"\eqalign{x\in\interior A
&\iff\,\text{there are }\rho_0,\ldots,\rho_n\in\Rho,\,\delta>0
\text{ such that }U(x;\rho_0,\ldots,\rho_n;\delta)\subseteq A.\cr}","\eqalign{x\in\interior A
&\iff\,\text{terdapat }\rho_0,\ldots,\rho_n\in\Rho,\,\delta>0
\text{ sedemikian sehingga }U(x;\rho_0,\ldots,\rho_n;\delta)\subseteq A.\cr}",0bdafd49cb6fd536ec0585559efcbb2904aaf4a2503bce90904f1db71efb9841,e7668632040a634c480525bd469e7af6c35c01a4dfb7d8ad73892e8d61e68f95,e45a0eb5dcf5445ed9ea5cacdce2265c807a99b20fe625e06e3d0cc68204dda1,$$,,e45a0eb5dcf5445ed9ea5cacdce2265c807a99b20fe625e06e3d0cc68204dda1,e45a0eb5dcf5445ed9ea5cacdce2265c807a99b20fe625e06e3d0cc68204dda1,"{""basis"":""ordered source-target formula atom"",""kind"":""source-target-formula-map""}"
1.1.0,formula,O007-FREMLIN-V2-APP-2A3-FORMULA-0447,O007-FREMLIN-V2-APP-2A3,O007-RIGHTS-FREMLIN-DSL,O007-FREMLIN-V2-APP-2A3-SEG-2A3KA,447,2A3Ka,2A3Ka,475,483,19379,19610,20595,20847,"\eqalign{x\in\interior A
&\iff\,\text{there is an open set included in }A
\text{ containing }x\cr
&\iff\,\text{there are }\rho_0,\ldots,\rho_n\in\Rho,\,\delta>0
\text{ such that }U(x;\rho_0,\ldots,\rho_n;\delta)\subseteq A.\cr}","\eqalign{x\in\interior A
&\iff\,\text{terdapat himpunan terbuka yang termuat dalam }A
\text{ dan memuat }x\cr
&\iff\,\text{terdapat }\rho_0,\ldots,\rho_n\in\Rho,\,\delta>0
\text{ sedemikian sehingga }U(x;\rho_0,\ldots,\rho_n;\delta)\subseteq A.\cr}",6e9e89ab3430880522000d25eb0d2a38c569c103f45e16660f4c38dc332fa317,22dc9c21b3e1f3b73c58484bfae2e5956be04dacc1ec552432b3406cbe6b4fb0,40f85d80a9cc026c4c50eeca29a40eb36c40186ea849d0cec39c8bb4385be00b,$$,,40f85d80a9cc026c4c50eeca29a40eb36c40186ea849d0cec39c8bb4385be00b,40f85d80a9cc026c4c50eeca29a40eb36c40186ea849d0cec39c8bb4385be00b,"{""basis"":""ordered source-target formula atom"",""kind"":""source-target-formula-map""}"
1.1.0,formula,O007-FREMLIN-V2-APP-2A3-FORMULA-0448,O007-FREMLIN-V2-APP-2A3,O007-RIGHTS-FREMLIN-DSL,O007-FREMLIN-V2-APP-2A3-SEG-2A3KB,448,2A3Kb,2A3Kb,481,489,19645,19659,20880,20894,A\subseteq X,A\subseteq X,1cf36e769d74cacb0248b00ea70c5fd132c50e55622b780c890e91816f726b88,1cf36e769d74cacb0248b00ea70c5fd132c50e55622b780c890e91816f726b88,d1193567821266844024558ec63a8dc1c0e6f8bbdf2948430a22df5ce80a3001,$,,d1193567821266844024558ec63a8dc1c0e6f8bbdf2948430a22df5ce80a3001,d1193567821266844024558ec63a8dc1c0e6f8bbdf2948430a22df5ce80a3001,"{""basis"":""ordered source-target formula atom"",""kind"":""source-target-formula-map""}"
1.1.0,formula,O007-FREMLIN-V2-APP-2A3-FORMULA-0449,O007-FREMLIN-V2-APP-2A3,O007-RIGHTS-FREMLIN-DSL,O007-FREMLIN-V2-APP-2A3-SEG-2A3KB,449,2A3Kb,2A3Kb,481,489,19664,19672,20899,20907,x\in X,x\in X,d9448dfd3954dd39c12d483afd23d561b1b7d735af5f430b5dc457e6fa9ef99b,d9448dfd3954dd39c12d483afd23d561b1b7d735af5f430b5dc457e6fa9ef99b,858979f0c33c5f45e30780b82e2fa00184311296fbb7ef6bf3f4a6007c9b9cb1,$,,858979f0c33c5f45e30780b82e2fa00184311296fbb7ef6bf3f4a6007c9b9cb1,858979f0c33c5f45e30780b82e2fa00184311296fbb7ef6bf3f4a6007c9b9cb1,"{""basis"":""ordered source-target formula atom"",""kind"":""source-target-formula-map""}"
1.1.0,formula,O007-FREMLIN-V2-APP-2A3-FORMULA-0450,O007-FREMLIN-V2-APP-2A3,O007-RIGHTS-FREMLIN-DSL,O007-FREMLIN-V2-APP-2A3-SEG-2A3KB,450,2A3Kb,2A3Kb,482,490,19674,19691,20909,20926,x\in\overline A,x\in\overline A,1b5cbd58dec625f109fa26a4aff158b3c2dd1ab29ccc5f28d3d44d6a801b5f0a,1b5cbd58dec625f109fa26a4aff158b3c2dd1ab29ccc5f28d3d44d6a801b5f0a,076f1522b87ca647a30ad0c59ea175c2e7d45c3eeebd2bfc59969eee7a068384,$,,076f1522b87ca647a30ad0c59ea175c2e7d45c3eeebd2bfc59969eee7a068384,076f1522b87ca647a30ad0c59ea175c2e7d45c3eeebd2bfc59969eee7a068384,"{""basis"":""ordered source-target formula atom"",""kind"":""source-target-formula-map""}"
1.1.0,formula,O007-FREMLIN-V2-APP-2A3-FORMULA-0451,O007-FREMLIN-V2-APP-2A3,O007-RIGHTS-FREMLIN-DSL,O007-FREMLIN-V2-APP-2A3-SEG-2A3KB,451,2A3Kb,2A3Kb,483,491,19696,19748,20947,20999,"U(x;\rho_0,\ldots,\rho_n;\delta)\cap A\ne\emptyset","U(x;\rho_0,\ldots,\rho_n;\delta)\cap A\ne\emptyset",8fa3fc47f3cc6a431c876b58be4a6cad56654623906a59380efde9c046de22ed,8fa3fc47f3cc6a431c876b58be4a6cad56654623906a59380efde9c046de22ed,9f35e4c01fa6ef1dd3fc0f75137d05599e74690529d463395d91e4ae03b8098d,$,,9f35e4c01fa6ef1dd3fc0f75137d05599e74690529d463395d91e4ae03b8098d,9f35e4c01fa6ef1dd3fc0f75137d05599e74690529d463395d91e4ae03b8098d,"{""basis"":""ordered source-target formula atom"",""kind"":""source-target-formula-map""}"
1.1.0,formula,O007-FREMLIN-V2-APP-2A3-FORMULA-0452,O007-FREMLIN-V2-APP-2A3,O007-RIGHTS-FREMLIN-DSL,O007-FREMLIN-V2-APP-2A3-SEG-2A3KB,452,2A3Kb,2A3Kb,484,492,19759,19788,21013,21042,"\rho_0,\ldots,\rho_n\in\Rho","\rho_0,\ldots,\rho_n\in\Rho",b55830b91ca404291e3addf0094f1ede412b26874c329e0e39dca7ed465e03c0,b55830b91ca404291e3addf0094f1ede412b26874c329e0e39dca7ed465e03c0,b55830b91ca404291e3addf0094f1ede412b26874c329e0e39dca7ed465e03c0,$,,b55830b91ca404291e3addf0094f1ede412b26874c329e0e39dca7ed465e03c0,b55830b91ca404291e3addf0094f1ede412b26874c329e0e39dca7ed465e03c0,"{""basis"":""ordered source-target formula atom"",""kind"":""source-target-formula-map""}"
1.1.0,formula,O007-FREMLIN-V2-APP-2A3-FORMULA-0453,O007-FREMLIN-V2-APP-2A3,O007-RIGHTS-FREMLIN-DSL,O007-FREMLIN-V2-APP-2A3-SEG-2A3KB,453,2A3Kb,2A3Kb,484,492,19793,19803,21047,21057,\delta>0,\delta>0,28c5f4f559bc00a49055a369c53d2382bf799ab5fa662c1b53944e9762606ec9,28c5f4f559bc00a49055a369c53d2382bf799ab5fa662c1b53944e9762606ec9,28c5f4f559bc00a49055a369c53d2382bf799ab5fa662c1b53944e9762606ec9,$,,28c5f4f559bc00a49055a369c53d2382bf799ab5fa662c1b53944e9762606ec9,28c5f4f559bc00a49055a369c53d2382bf799ab5fa662c1b53944e9762606ec9,"{""basis"":""ordered source-target formula atom"",""kind"":""source-target-formula-map""}"
1.1.0,formula,O007-FREMLIN-V2-APP-2A3-FORMULA-0454,O007-FREMLIN-V2-APP-2A3,O007-RIGHTS-FREMLIN-DSL,O007-FREMLIN-V2-APP-2A3-SEG-2A3L,454,2A3L,2A3L,488,496,19907,19916,21160,21169,\frak T,\frak T,0647f8d3ad6092ab3a9c92fd71ee29d66b86e14d9c9582db084142bee077c226,0647f8d3ad6092ab3a9c92fd71ee29d66b86e14d9c9582db084142bee077c226,44c7e1dba9432c4271c4d22b9a844dc7f447c4cb30f1129ac0c3db3f54646d4b,$,,44c7e1dba9432c4271c4d22b9a844dc7f447c4cb30f1129ac0c3db3f54646d4b,44c7e1dba9432c4271c4d22b9a844dc7f447c4cb30f1129ac0c3db3f54646d4b,"{""basis"":""ordered source-target formula atom"",""kind"":""source-target-formula-map""}"
1.1.0,formula,O007-FREMLIN-V2-APP-2A3-FORMULA-0455,O007-FREMLIN-V2-APP-2A3,O007-RIGHTS-FREMLIN-DSL,O007-FREMLIN-V2-APP-2A3-SEG-2A3L,455,2A3L,2A3L,490,497,20021,20024,21295,21298,X,X,4b68ab3847feda7d6c62c1fbcbeebfa35eab7351ed5e78f4ddadea5df64b8015,4b68ab3847feda7d6c62c1fbcbeebfa35eab7351ed5e78f4ddadea5df64b8015,4b68ab3847feda7d6c62c1fbcbeebfa35eab7351ed5e78f4ddadea5df64b8015,$,,4b68ab3847feda7d6c62c1fbcbeebfa35eab7351ed5e78f4ddadea5df64b8015,4b68ab3847feda7d6c62c1fbcbeebfa35eab7351ed5e78f4ddadea5df64b8015,"{""basis"":""ordered source-target formula atom"",""kind"":""source-target-formula-map""}"
1.1.0,formula,O007-FREMLIN-V2-APP-2A3-FORMULA-0456,O007-FREMLIN-V2-APP-2A3,O007-RIGHTS-FREMLIN-DSL,O007-FREMLIN-V2-APP-2A3-SEG-2A3L,456,2A3L,2A3L,490,498,20047,20053,21343,21349,\Rho,\Rho,52096aaef22267b537a019d25e49b90abcbbc43f2e8a636d73f93baeb39efa3e,52096aaef22267b537a019d25e49b90abcbbc43f2e8a636d73f93baeb39efa3e,52096aaef22267b537a019d25e49b90abcbbc43f2e8a636d73f93baeb39efa3e,$,,52096aaef22267b537a019d25e49b90abcbbc43f2e8a636d73f93baeb39efa3e,52096aaef22267b537a019d25e49b90abcbbc43f2e8a636d73f93baeb39efa3e,"{""basis"":""ordered source-target formula atom"",""kind"":""source-target-formula-map""}"
1.1.0,formula,O007-FREMLIN-V2-APP-2A3-FORMULA-0457,O007-FREMLIN-V2-APP-2A3,O007-RIGHTS-FREMLIN-DSL,O007-FREMLIN-V2-APP-2A3-SEG-2A3L,457,2A3L,2A3L,492,499,20117,20120,21436,21439,x,x,2d711642b726b04401627ca9fbac32f5c8530fb1903cc4db02258717921a4881,2d711642b726b04401627ca9fbac32f5c8530fb1903cc4db02258717921a4881,2d711642b726b04401627ca9fbac32f5c8530fb1903cc4db02258717921a4881,$,,2d711642b726b04401627ca9fbac32f5c8530fb1903cc4db02258717921a4881,2d711642b726b04401627ca9fbac32f5c8530fb1903cc4db02258717921a4881,"{""basis"":""ordered source-target formula atom"",""kind"":""source-target-formula-map""}"
1.1.0,formula,O007-FREMLIN-V2-APP-2A3-FORMULA-0458,O007-FREMLIN-V2-APP-2A3,O007-RIGHTS-FREMLIN-DSL,O007-FREMLIN-V2-APP-2A3-SEG-2A3L,458,2A3L,2A3L,492,499,20122,20125,21441,21444,y,y,a1fce4363854ff888cff4b8e7875d600c2682390412a8cf79b37d0b11148b0fa,a1fce4363854ff888cff4b8e7875d600c2682390412a8cf79b37d0b11148b0fa,a1fce4363854ff888cff4b8e7875d600c2682390412a8cf79b37d0b11148b0fa,$,,a1fce4363854ff888cff4b8e7875d600c2682390412a8cf79b37d0b11148b0fa,a1fce4363854ff888cff4b8e7875d600c2682390412a8cf79b37d0b11148b0fa,"{""basis"":""ordered source-target formula atom"",""kind"":""source-target-formula-map""}"
1.1.0,formula,O007-FREMLIN-V2-APP-2A3-FORMULA-0459,O007-FREMLIN-V2-APP-2A3,O007-RIGHTS-FREMLIN-DSL,O007-FREMLIN-V2-APP-2A3-SEG-2A3L,459,2A3L,2A3L,492,500,20129,20132,21451,21454,X,X,4b68ab3847feda7d6c62c1fbcbeebfa35eab7351ed5e78f4ddadea5df64b8015,4b68ab3847feda7d6c62c1fbcbeebfa35eab7351ed5e78f4ddadea5df64b8015,4b68ab3847feda7d6c62c1fbcbeebfa35eab7351ed5e78f4ddadea5df64b8015,$,,4b68ab3847feda7d6c62c1fbcbeebfa35eab7351ed5e78f4ddadea5df64b8015,4b68ab3847feda7d6c62c1fbcbeebfa35eab7351ed5e78f4ddadea5df64b8015,"{""basis"":""ordered source-target formula atom"",""kind"":""source-target-formula-map""}"
1.1.0,formula,O007-FREMLIN-V2-APP-2A3-FORMULA-0460,O007-FREMLIN-V2-APP-2A3,O007-RIGHTS-FREMLIN-DSL,O007-FREMLIN-V2-APP-2A3-SEG-2A3L,460,2A3L,2A3L,492,500,20144,20157,21464,21477,\rho\in\Rho,\rho\in\Rho,8f853d2ba3f0bf80588547d671fbbae17aa4f82425d3a0398f916de3b62b8abe,8f853d2ba3f0bf80588547d671fbbae17aa4f82425d3a0398f916de3b62b8abe,8f853d2ba3f0bf80588547d671fbbae17aa4f82425d3a0398f916de3b62b8abe,$,,8f853d2ba3f0bf80588547d671fbbae17aa4f82425d3a0398f916de3b62b8abe,8f853d2ba3f0bf80588547d671fbbae17aa4f82425d3a0398f916de3b62b8abe,"{""basis"":""ordered source-target formula atom"",""kind"":""source-target-formula-map""}"
1.1.0,formula,O007-FREMLIN-V2-APP-2A3-FORMULA-0461,O007-FREMLIN-V2-APP-2A3,O007-RIGHTS-FREMLIN-DSL,O007-FREMLIN-V2-APP-2A3-SEG-2A3L,461,2A3L,2A3L,493,501,20168,20181,21498,21511,"\rho(x,y)>0","\rho(x,y)>0",766ba4c2c26e50ada7c26cf736fcbd6f3b4fe09fa604ace3dd0ddd4dfa943522,766ba4c2c26e50ada7c26cf736fcbd6f3b4fe09fa604ace3dd0ddd4dfa943522,766ba4c2c26e50ada7c26cf736fcbd6f3b4fe09fa604ace3dd0ddd4dfa943522,$,,766ba4c2c26e50ada7c26cf736fcbd6f3b4fe09fa604ace3dd0ddd4dfa943522,766ba4c2c26e50ada7c26cf736fcbd6f3b4fe09fa604ace3dd0ddd4dfa943522,"{""basis"":""ordered source-target formula atom"",""kind"":""source-target-formula-map""}"
1.1.0,formula,O007-FREMLIN-V2-APP-2A3-FORMULA-0462,O007-FREMLIN-V2-APP-2A3,O007-RIGHTS-FREMLIN-DSL,O007-FREMLIN-V2-APP-2A3-SEG-2A3L,462,2A3L,2A3L,494,502,20259,20262,21583,21586,x,x,2d711642b726b04401627ca9fbac32f5c8530fb1903cc4db02258717921a4881,2d711642b726b04401627ca9fbac32f5c8530fb1903cc4db02258717921a4881,2d711642b726b04401627ca9fbac32f5c8530fb1903cc4db02258717921a4881,$,,2d711642b726b04401627ca9fbac32f5c8530fb1903cc4db02258717921a4881,2d711642b726b04401627ca9fbac32f5c8530fb1903cc4db02258717921a4881,"{""basis"":""ordered source-target formula atom"",""kind"":""source-target-formula-map""}"
1.1.0,formula,O007-FREMLIN-V2-APP-2A3-FORMULA-0463,O007-FREMLIN-V2-APP-2A3,O007-RIGHTS-FREMLIN-DSL,O007-FREMLIN-V2-APP-2A3-SEG-2A3L,463,2A3L,2A3L,494,502,20264,20267,21588,21591,y,y,a1fce4363854ff888cff4b8e7875d600c2682390412a8cf79b37d0b11148b0fa,a1fce4363854ff888cff4b8e7875d600c2682390412a8cf79b37d0b11148b0fa,a1fce4363854ff888cff4b8e7875d600c2682390412a8cf79b37d0b11148b0fa,$,,a1fce4363854ff888cff4b8e7875d600c2682390412a8cf79b37d0b11148b0fa,a1fce4363854ff888cff4b8e7875d600c2682390412a8cf79b37d0b11148b0fa,"{""basis"":""ordered source-target formula atom"",""kind"":""source-target-formula-map""}"
1.1.0,formula,O007-FREMLIN-V2-APP-2A3-FORMULA-0464,O007-FREMLIN-V2-APP-2A3,O007-RIGHTS-FREMLIN-DSL,O007-FREMLIN-V2-APP-2A3-SEG-2A3L,464,2A3L,2A3L,494,502,20291,20294,21616,21619,X,X,4b68ab3847feda7d6c62c1fbcbeebfa35eab7351ed5e78f4ddadea5df64b8015,4b68ab3847feda7d6c62c1fbcbeebfa35eab7351ed5e78f4ddadea5df64b8015,4b68ab3847feda7d6c62c1fbcbeebfa35eab7351ed5e78f4ddadea5df64b8015,$,,4b68ab3847feda7d6c62c1fbcbeebfa35eab7351ed5e78f4ddadea5df64b8015,4b68ab3847feda7d6c62c1fbcbeebfa35eab7351ed5e78f4ddadea5df64b8015,"{""basis"":""ordered source-target formula atom"",""kind"":""source-target-formula-map""}"
1.1.0,formula,O007-FREMLIN-V2-APP-2A3-FORMULA-0465,O007-FREMLIN-V2-APP-2A3,O007-RIGHTS-FREMLIN-DSL,O007-FREMLIN-V2-APP-2A3-SEG-2A3L,465,2A3L,2A3L,495,503,20324,20327,21649,21652,G,G,333e0a1e27815d0ceee55c473fe3dc93d56c63e3bee2b3b4aee8eed6d70191a3,333e0a1e27815d0ceee55c473fe3dc93d56c63e3bee2b3b4aee8eed6d70191a3,333e0a1e27815d0ceee55c473fe3dc93d56c63e3bee2b3b4aee8eed6d70191a3,$,,333e0a1e27815d0ceee55c473fe3dc93d56c63e3bee2b3b4aee8eed6d70191a3,333e0a1e27815d0ceee55c473fe3dc93d56c63e3bee2b3b4aee8eed6d70191a3,"{""basis"":""ordered source-target formula atom"",""kind"":""source-target-formula-map""}"
1.1.0,formula,O007-FREMLIN-V2-APP-2A3-FORMULA-0466,O007-FREMLIN-V2-APP-2A3,O007-RIGHTS-FREMLIN-DSL,O007-FREMLIN-V2-APP-2A3-SEG-2A3L,466,2A3L,2A3L,495,503,20339,20342,21665,21668,x,x,2d711642b726b04401627ca9fbac32f5c8530fb1903cc4db02258717921a4881,2d711642b726b04401627ca9fbac32f5c8530fb1903cc4db02258717921a4881,2d711642b726b04401627ca9fbac32f5c8530fb1903cc4db02258717921a4881,$,,2d711642b726b04401627ca9fbac32f5c8530fb1903cc4db02258717921a4881,2d711642b726b04401627ca9fbac32f5c8530fb1903cc4db02258717921a4881,"{""basis"":""ordered source-target formula atom"",""kind"":""source-target-formula-map""}"
1.1.0,formula,O007-FREMLIN-V2-APP-2A3-FORMULA-0467,O007-FREMLIN-V2-APP-2A3,O007-RIGHTS-FREMLIN-DSL,O007-FREMLIN-V2-APP-2A3-SEG-2A3L,467,2A3L,2A3L,495,503,20362,20365,21689,21692,y,y,a1fce4363854ff888cff4b8e7875d600c2682390412a8cf79b37d0b11148b0fa,a1fce4363854ff888cff4b8e7875d600c2682390412a8cf79b37d0b11148b0fa,a1fce4363854ff888cff4b8e7875d600c2682390412a8cf79b37d0b11148b0fa,$,,a1fce4363854ff888cff4b8e7875d600c2682390412a8cf79b37d0b11148b0fa,a1fce4363854ff888cff4b8e7875d600c2682390412a8cf79b37d0b11148b0fa,"{""basis"":""ordered source-target formula atom"",""kind"":""source-target-formula-map""}"
1.1.0,formula,O007-FREMLIN-V2-APP-2A3-FORMULA-0468,O007-FREMLIN-V2-APP-2A3,O007-RIGHTS-FREMLIN-DSL,O007-FREMLIN-V2-APP-2A3-SEG-2A3L,468,2A3L,2A3L,496,504,20383,20412,21708,21737,"\rho_0,\ldots,\rho_n\in\Rho","\rho_0,\ldots,\rho_n\in\Rho",b55830b91ca404291e3addf0094f1ede412b26874c329e0e39dca7ed465e03c0,b55830b91ca404291e3addf0094f1ede412b26874c329e0e39dca7ed465e03c0,b55830b91ca404291e3addf0094f1ede412b26874c329e0e39dca7ed465e03c0,$,,b55830b91ca404291e3addf0094f1ede412b26874c329e0e39dca7ed465e03c0,b55830b91ca404291e3addf0094f1ede412b26874c329e0e39dca7ed465e03c0,"{""basis"":""ordered source-target formula atom"",""kind"":""source-target-formula-map""}"
1.1.0,formula,O007-FREMLIN-V2-APP-2A3-FORMULA-0469,O007-FREMLIN-V2-APP-2A3,O007-RIGHTS-FREMLIN-DSL,O007-FREMLIN-V2-APP-2A3-SEG-2A3L,469,2A3L,2A3L,496,504,20417,20427,21742,21752,\delta>0,\delta>0,28c5f4f559bc00a49055a369c53d2382bf799ab5fa662c1b53944e9762606ec9,28c5f4f559bc00a49055a369c53d2382bf799ab5fa662c1b53944e9762606ec9,28c5f4f559bc00a49055a369c53d2382bf799ab5fa662c1b53944e9762606ec9,$,,28c5f4f559bc00a49055a369c53d2382bf799ab5fa662c1b53944e9762606ec9,28c5f4f559bc00a49055a369c53d2382bf799ab5fa662c1b53944e9762606ec9,"{""basis"":""ordered source-target formula atom"",""kind"":""source-target-formula-map""}"
1.1.0,formula,O007-FREMLIN-V2-APP-2A3-FORMULA-0470,O007-FREMLIN-V2-APP-2A3,O007-RIGHTS-FREMLIN-DSL,O007-FREMLIN-V2-APP-2A3-SEG-2A3L,470,2A3L,2A3L,497,505,20438,20484,21773,21818,"U(x;\rho_0),\ldots,\rho_n;\delta)\subseteq G","U(x;\rho_0,\ldots,\rho_n;\delta)\subseteq G",ee2b267e0bffa09a0a74d8479fa88c3da2569652e9d2d758e7ecdbb1c5ce391c,87074f07c4cdbd48027825b3c0a7fa3a81dc8c45b45d1adaf03d8aef9a7f2def,60d709e4629a009e1206cc3179c0ec56f677b82fa9b307e5cd5b8ee5732340cd,$,"[""O007-CORR-0379""]",fb3f7f836936445b44a9d7bec3797b9f0810f366f55659a3f03a9356a8b9f0ae,60d709e4629a009e1206cc3179c0ec56f677b82fa9b307e5cd5b8ee5732340cd,"{""basis"":""ordered formula atom; correction bound by receipt exception union"",""kind"":""source-target-formula-map""}"
1.1.0,formula,O007-FREMLIN-V2-APP-2A3-FORMULA-0471,O007-FREMLIN-V2-APP-2A3,O007-RIGHTS-FREMLIN-DSL,O007-FREMLIN-V2-APP-2A3-SEG-2A3L,471,2A3L,2A3L,498,506,20500,20524,21834,21858,"\rho_i(y,x)\ge\delta>0","\rho_i(y,x)\ge\delta>0",f05c84e7c9925681125516b5afde4692fe996174d8599485c6dce829f8313d73,f05c84e7c9925681125516b5afde4692fe996174d8599485c6dce829f8313d73,f05c84e7c9925681125516b5afde4692fe996174d8599485c6dce829f8313d73,$,,f05c84e7c9925681125516b5afde4692fe996174d8599485c6dce829f8313d73,f05c84e7c9925681125516b5afde4692fe996174d8599485c6dce829f8313d73,"{""basis"":""ordered source-target formula atom"",""kind"":""source-target-formula-map""}"
1.1.0,formula,O007-FREMLIN-V2-APP-2A3-FORMULA-0472,O007-FREMLIN-V2-APP-2A3,O007-RIGHTS-FREMLIN-DSL,O007-FREMLIN-V2-APP-2A3-SEG-2A3L,472,2A3L,2A3L,498,506,20534,20542,21874,21882,i\le n,i\le n,887bc49071bf972eddc5a6b2384eea3df940ca184a00c89336fa83a08d8adfdd,887bc49071bf972eddc5a6b2384eea3df940ca184a00c89336fa83a08d8adfdd,32216077c4c6f4a2029062d219371e4522ef1b0109d20c708da9a57b47bf5822,$,,32216077c4c6f4a2029062d219371e4522ef1b0109d20c708da9a57b47bf5822,32216077c4c6f4a2029062d219371e4522ef1b0109d20c708da9a57b47bf5822,"{""basis"":""ordered source-target formula atom"",""kind"":""source-target-formula-map""}"
1.1.0,formula,O007-FREMLIN-V2-APP-2A3-FORMULA-0473,O007-FREMLIN-V2-APP-2A3,O007-RIGHTS-FREMLIN-DSL,O007-FREMLIN-V2-APP-2A3-SEG-2A3L,473,2A3L,2A3L,498,506,20560,20566,21902,21908,\Rho,\Rho,52096aaef22267b537a019d25e49b90abcbbc43f2e8a636d73f93baeb39efa3e,52096aaef22267b537a019d25e49b90abcbbc43f2e8a636d73f93baeb39efa3e,52096aaef22267b537a019d25e49b90abcbbc43f2e8a636d73f93baeb39efa3e,$,,52096aaef22267b537a019d25e49b90abcbbc43f2e8a636d73f93baeb39efa3e,52096aaef22267b537a019d25e49b90abcbbc43f2e8a636d73f93baeb39efa3e,"{""basis"":""ordered source-target formula atom"",""kind"":""source-target-formula-map""}"
1.1.0,formula,O007-FREMLIN-V2-APP-2A3-FORMULA-0474,O007-FREMLIN-V2-APP-2A3,O007-RIGHTS-FREMLIN-DSL,O007-FREMLIN-V2-APP-2A3-SEG-2A3L,474,2A3L,2A3L,499,507,20596,20599,21931,21934,x,x,2d711642b726b04401627ca9fbac32f5c8530fb1903cc4db02258717921a4881,2d711642b726b04401627ca9fbac32f5c8530fb1903cc4db02258717921a4881,2d711642b726b04401627ca9fbac32f5c8530fb1903cc4db02258717921a4881,$,,2d711642b726b04401627ca9fbac32f5c8530fb1903cc4db02258717921a4881,2d711642b726b04401627ca9fbac32f5c8530fb1903cc4db02258717921a4881,"{""basis"":""ordered source-target formula atom"",""kind"":""source-target-formula-map""}"
1.1.0,formula,O007-FREMLIN-V2-APP-2A3-FORMULA-0475,O007-FREMLIN-V2-APP-2A3,O007-RIGHTS-FREMLIN-DSL,O007-FREMLIN-V2-APP-2A3-SEG-2A3L,475,2A3L,2A3L,499,507,20601,20604,21936,21939,y,y,a1fce4363854ff888cff4b8e7875d600c2682390412a8cf79b37d0b11148b0fa,a1fce4363854ff888cff4b8e7875d600c2682390412a8cf79b37d0b11148b0fa,a1fce4363854ff888cff4b8e7875d600c2682390412a8cf79b37d0b11148b0fa,$,,a1fce4363854ff888cff4b8e7875d600c2682390412a8cf79b37d0b11148b0fa,a1fce4363854ff888cff4b8e7875d600c2682390412a8cf79b37d0b11148b0fa,"{""basis"":""ordered source-target formula atom"",""kind"":""source-target-formula-map""}"
1.1.0,formula,O007-FREMLIN-V2-APP-2A3-FORMULA-0476,O007-FREMLIN-V2-APP-2A3,O007-RIGHTS-FREMLIN-DSL,O007-FREMLIN-V2-APP-2A3-SEG-2A3L,476,2A3L,2A3L,499,507,20628,20631,21966,21969,X,X,4b68ab3847feda7d6c62c1fbcbeebfa35eab7351ed5e78f4ddadea5df64b8015,4b68ab3847feda7d6c62c1fbcbeebfa35eab7351ed5e78f4ddadea5df64b8015,4b68ab3847feda7d6c62c1fbcbeebfa35eab7351ed5e78f4ddadea5df64b8015,$,,4b68ab3847feda7d6c62c1fbcbeebfa35eab7351ed5e78f4ddadea5df64b8015,4b68ab3847feda7d6c62c1fbcbeebfa35eab7351ed5e78f4ddadea5df64b8015,"{""basis"":""ordered source-target formula atom"",""kind"":""source-target-formula-map""}"
1.1.0,formula,O007-FREMLIN-V2-APP-2A3-FORMULA-0477,O007-FREMLIN-V2-APP-2A3,O007-RIGHTS-FREMLIN-DSL,O007-FREMLIN-V2-APP-2A3-SEG-2A3L,477,2A3L,2A3L,500,508,20638,20651,21977,21990,\rho\in\Rho,\rho\in\Rho,8f853d2ba3f0bf80588547d671fbbae17aa4f82425d3a0398f916de3b62b8abe,8f853d2ba3f0bf80588547d671fbbae17aa4f82425d3a0398f916de3b62b8abe,8f853d2ba3f0bf80588547d671fbbae17aa4f82425d3a0398f916de3b62b8abe,$,,8f853d2ba3f0bf80588547d671fbbae17aa4f82425d3a0398f916de3b62b8abe,8f853d2ba3f0bf80588547d671fbbae17aa4f82425d3a0398f916de3b62b8abe,"{""basis"":""ordered source-target formula atom"",""kind"":""source-target-formula-map""}"
1.1.0,formula,O007-FREMLIN-V2-APP-2A3-FORMULA-0478,O007-FREMLIN-V2-APP-2A3,O007-RIGHTS-FREMLIN-DSL,O007-FREMLIN-V2-APP-2A3-SEG-2A3L,478,2A3L,2A3L,500,508,20662,20675,22000,22013,"\rho(x,y)>0","\rho(x,y)>0",766ba4c2c26e50ada7c26cf736fcbd6f3b4fe09fa604ace3dd0ddd4dfa943522,766ba4c2c26e50ada7c26cf736fcbd6f3b4fe09fa604ace3dd0ddd4dfa943522,766ba4c2c26e50ada7c26cf736fcbd6f3b4fe09fa604ace3dd0ddd4dfa943522,$,,766ba4c2c26e50ada7c26cf736fcbd6f3b4fe09fa604ace3dd0ddd4dfa943522,766ba4c2c26e50ada7c26cf736fcbd6f3b4fe09fa604ace3dd0ddd4dfa943522,"{""basis"":""ordered source-target formula atom"",""kind"":""source-target-formula-map""}"
1.1.0,formula,O007-FREMLIN-V2-APP-2A3-FORMULA-0479,O007-FREMLIN-V2-APP-2A3,O007-RIGHTS-FREMLIN-DSL,O007-FREMLIN-V2-APP-2A3-SEG-2A3L,479,2A3L,2A3L,501,509,20685,20711,22024,22050,"\delta=\bover12\rho(x,y)","\delta=\bover12\rho(x,y)",3e6946e4acb2569d62147c73b1a9617f3cf4ecd33c53b4086ebbd477a64fdc4f,3e6946e4acb2569d62147c73b1a9617f3cf4ecd33c53b4086ebbd477a64fdc4f,3e6946e4acb2569d62147c73b1a9617f3cf4ecd33c53b4086ebbd477a64fdc4f,$,,3e6946e4acb2569d62147c73b1a9617f3cf4ecd33c53b4086ebbd477a64fdc4f,3e6946e4acb2569d62147c73b1a9617f3cf4ecd33c53b4086ebbd477a64fdc4f,"{""basis"":""ordered source-target formula atom"",""kind"":""source-target-formula-map""}"
1.1.0,formula,O007-FREMLIN-V2-APP-2A3-FORMULA-0480,O007-FREMLIN-V2-APP-2A3,O007-RIGHTS-FREMLIN-DSL,O007-FREMLIN-V2-APP-2A3-SEG-2A3L,480,2A3L,2A3L,501,509,20720,20738,22057,22075,U(x;\rho;\delta),U(x;\rho;\delta),dc63dd8335991289f43b05260529081818c01dc2c20da9615d885550a5bab8e8,dc63dd8335991289f43b05260529081818c01dc2c20da9615d885550a5bab8e8,dc63dd8335991289f43b05260529081818c01dc2c20da9615d885550a5bab8e8,$,,dc63dd8335991289f43b05260529081818c01dc2c20da9615d885550a5bab8e8,dc63dd8335991289f43b05260529081818c01dc2c20da9615d885550a5bab8e8,"{""basis"":""ordered source-target formula atom"",""kind"":""source-target-formula-map""}"
1.1.0,formula,O007-FREMLIN-V2-APP-2A3-FORMULA-0481,O007-FREMLIN-V2-APP-2A3,O007-RIGHTS-FREMLIN-DSL,O007-FREMLIN-V2-APP-2A3-SEG-2A3L,481,2A3L,2A3L,502,510,20743,20761,22080,22098,U(y;\rho;\delta),U(y;\rho;\delta),2600a1089dd9a28efb07ae09411a801954bacc5b357e90f8c2bd76b5ebed1056,2600a1089dd9a28efb07ae09411a801954bacc5b357e90f8c2bd76b5ebed1056,2600a1089dd9a28efb07ae09411a801954bacc5b357e90f8c2bd76b5ebed1056,$,,2600a1089dd9a28efb07ae09411a801954bacc5b357e90f8c2bd76b5ebed1056,2600a1089dd9a28efb07ae09411a801954bacc5b357e90f8c2bd76b5ebed1056,"{""basis"":""ordered source-target formula atom"",""kind"":""source-target-formula-map""}"
1.1.0,formula,O007-FREMLIN-V2-APP-2A3-FORMULA-0482,O007-FREMLIN-V2-APP-2A3,O007-RIGHTS-FREMLIN-DSL,O007-FREMLIN-V2-APP-2A3-SEG-2A3L,482,2A3L,2A3L,502,510,20787,20795,22124,22132,z\in X,z\in X,eba37c0d9f48f102eed98a764f0f716c9a128cef37fdd75f528bef7a5ebb2d15,eba37c0d9f48f102eed98a764f0f716c9a128cef37fdd75f528bef7a5ebb2d15,bf144cb45e78dfbf268603524101261ca261a4af2d598346b5210f0db1c34ad0,$,,bf144cb45e78dfbf268603524101261ca261a4af2d598346b5210f0db1c34ad0,bf144cb45e78dfbf268603524101261ca261a4af2d598346b5210f0db1c34ad0,"{""basis"":""ordered source-target formula atom"",""kind"":""source-target-formula-map""}"
1.1.0,formula,O007-FREMLIN-V2-APP-2A3-FORMULA-0483,O007-FREMLIN-V2-APP-2A3,O007-RIGHTS-FREMLIN-DSL,O007-FREMLIN-V2-APP-2A3-SEG-2A3L,483,2A3L,2A3L,504,512,20815,20856,22152,22193,"\rho(z,x)+\rho(z,y)\ge\rho(x,y)=2\delta","\rho(z,x)+\rho(z,y)\ge\rho(x,y)=2\delta",9db197773a29c1ee425ac4b9e2efb1ed8b62f82ca97283465e42165acf901959,9db197773a29c1ee425ac4b9e2efb1ed8b62f82ca97283465e42165acf901959,9db197773a29c1ee425ac4b9e2efb1ed8b62f82ca97283465e42165acf901959,$,,9db197773a29c1ee425ac4b9e2efb1ed8b62f82ca97283465e42165acf901959,9db197773a29c1ee425ac4b9e2efb1ed8b62f82ca97283465e42165acf901959,"{""basis"":""ordered source-target formula atom"",""kind"":""source-target-formula-map""}"
1.1.0,formula,O007-FREMLIN-V2-APP-2A3-FORMULA-0484,O007-FREMLIN-V2-APP-2A3,O007-RIGHTS-FREMLIN-DSL,O007-FREMLIN-V2-APP-2A3-SEG-2A3L,484,2A3L,2A3L,506,514,20889,20900,22243,22254,"\rho(z,x)","\rho(z,x)",42fe97a7cc5840eb21681fa74b75e15f623688d6fcfbc1db8ff67f3e81099bb3,42fe97a7cc5840eb21681fa74b75e15f623688d6fcfbc1db8ff67f3e81099bb3,42fe97a7cc5840eb21681fa74b75e15f623688d6fcfbc1db8ff67f3e81099bb3,$,,42fe97a7cc5840eb21681fa74b75e15f623688d6fcfbc1db8ff67f3e81099bb3,42fe97a7cc5840eb21681fa74b75e15f623688d6fcfbc1db8ff67f3e81099bb3,"{""basis"":""ordered source-target formula atom"",""kind"":""source-target-formula-map""}"
1.1.0,formula,O007-FREMLIN-V2-APP-2A3-FORMULA-0485,O007-FREMLIN-V2-APP-2A3,O007-RIGHTS-FREMLIN-DSL,O007-FREMLIN-V2-APP-2A3-SEG-2A3L,485,2A3L,2A3L,506,514,20902,20913,22256,22267,"\rho(z,y)","\rho(z,y)",1a42ad9e795ee9ed2a4d94f6bd72a506b0567d76d837c791e2fb8ba0e5dd7b96,1a42ad9e795ee9ed2a4d94f6bd72a506b0567d76d837c791e2fb8ba0e5dd7b96,1a42ad9e795ee9ed2a4d94f6bd72a506b0567d76d837c791e2fb8ba0e5dd7b96,$,,1a42ad9e795ee9ed2a4d94f6bd72a506b0567d76d837c791e2fb8ba0e5dd7b96,1a42ad9e795ee9ed2a4d94f6bd72a506b0567d76d837c791e2fb8ba0e5dd7b96,"{""basis"":""ordered source-target formula atom"",""kind"":""source-target-formula-map""}"
1.1.0,formula,O007-FREMLIN-V2-APP-2A3-FORMULA-0486,O007-FREMLIN-V2-APP-2A3,O007-RIGHTS-FREMLIN-DSL,O007-FREMLIN-V2-APP-2A3-SEG-2A3L,486,2A3L,2A3L,507,515,20942,20950,22302,22310,\delta,\delta,d203ba01eef4198ca268a62391076e5080e260b3fcb9b05b334d66206a893936,d203ba01eef4198ca268a62391076e5080e260b3fcb9b05b334d66206a893936,d203ba01eef4198ca268a62391076e5080e260b3fcb9b05b334d66206a893936,$,,d203ba01eef4198ca268a62391076e5080e260b3fcb9b05b334d66206a893936,d203ba01eef4198ca268a62391076e5080e260b3fcb9b05b334d66206a893936,"{""basis"":""ordered source-target formula atom"",""kind"":""source-target-formula-map""}"
1.1.0,formula,O007-FREMLIN-V2-APP-2A3-FORMULA-0487,O007-FREMLIN-V2-APP-2A3,O007-RIGHTS-FREMLIN-DSL,O007-FREMLIN-V2-APP-2A3-SEG-2A3L,487,2A3L,2A3L,507,516,20987,20990,22379,22382,x,x,2d711642b726b04401627ca9fbac32f5c8530fb1903cc4db02258717921a4881,2d711642b726b04401627ca9fbac32f5c8530fb1903cc4db02258717921a4881,2d711642b726b04401627ca9fbac32f5c8530fb1903cc4db02258717921a4881,$,,2d711642b726b04401627ca9fbac32f5c8530fb1903cc4db02258717921a4881,2d711642b726b04401627ca9fbac32f5c8530fb1903cc4db02258717921a4881,"{""basis"":""ordered source-target formula atom"",""kind"":""source-target-formula-map""}"
1.1.0,formula,O007-FREMLIN-V2-APP-2A3-FORMULA-0488,O007-FREMLIN-V2-APP-2A3,O007-RIGHTS-FREMLIN-DSL,O007-FREMLIN-V2-APP-2A3-SEG-2A3L,488,2A3L,2A3L,507,516,20992,20995,22384,22387,y,y,a1fce4363854ff888cff4b8e7875d600c2682390412a8cf79b37d0b11148b0fa,a1fce4363854ff888cff4b8e7875d600c2682390412a8cf79b37d0b11148b0fa,a1fce4363854ff888cff4b8e7875d600c2682390412a8cf79b37d0b11148b0fa,$,,a1fce4363854ff888cff4b8e7875d600c2682390412a8cf79b37d0b11148b0fa,a1fce4363854ff888cff4b8e7875d600c2682390412a8cf79b37d0b11148b0fa,"{""basis"":""ordered source-target formula atom"",""kind"":""source-target-formula-map""}"
1.1.0,formula,O007-FREMLIN-V2-APP-2A3-FORMULA-0489,O007-FREMLIN-V2-APP-2A3,O007-RIGHTS-FREMLIN-DSL,O007-FREMLIN-V2-APP-2A3-SEG-2A3L,489,2A3L,2A3L,508,516,21015,21018,22396,22399,x,x,2d711642b726b04401627ca9fbac32f5c8530fb1903cc4db02258717921a4881,2d711642b726b04401627ca9fbac32f5c8530fb1903cc4db02258717921a4881,2d711642b726b04401627ca9fbac32f5c8530fb1903cc4db02258717921a4881,$,,2d711642b726b04401627ca9fbac32f5c8530fb1903cc4db02258717921a4881,2d711642b726b04401627ca9fbac32f5c8530fb1903cc4db02258717921a4881,"{""basis"":""ordered source-target formula atom"",""kind"":""source-target-formula-map""}"
1.1.0,formula,O007-FREMLIN-V2-APP-2A3-FORMULA-0490,O007-FREMLIN-V2-APP-2A3,O007-RIGHTS-FREMLIN-DSL,O007-FREMLIN-V2-APP-2A3-SEG-2A3L,490,2A3L,2A3L,508,516,21023,21026,22404,22407,y,y,a1fce4363854ff888cff4b8e7875d600c2682390412a8cf79b37d0b11148b0fa,a1fce4363854ff888cff4b8e7875d600c2682390412a8cf79b37d0b11148b0fa,a1fce4363854ff888cff4b8e7875d600c2682390412a8cf79b37d0b11148b0fa,$,,a1fce4363854ff888cff4b8e7875d600c2682390412a8cf79b37d0b11148b0fa,a1fce4363854ff888cff4b8e7875d600c2682390412a8cf79b37d0b11148b0fa,"{""basis"":""ordered source-target formula atom"",""kind"":""source-target-formula-map""}"
1.1.0,formula,O007-FREMLIN-V2-APP-2A3-FORMULA-0491,O007-FREMLIN-V2-APP-2A3,O007-RIGHTS-FREMLIN-DSL,O007-FREMLIN-V2-APP-2A3-SEG-2A3M,491,2A3M,2A3M,513,522,21176,21189,22565,22578,"(X,\frak T)","(X,\frak T)",e61a78818f95155816c51558053b207746d21d984f7d96e50144d5c403fa9916,e61a78818f95155816c51558053b207746d21d984f7d96e50144d5c403fa9916,cafba6d9a47dfea2abf87370a28228acfbc03058933dce9166c4573d1628cd2c,$,,cafba6d9a47dfea2abf87370a28228acfbc03058933dce9166c4573d1628cd2c,cafba6d9a47dfea2abf87370a28228acfbc03058933dce9166c4573d1628cd2c,"{""basis"":""ordered source-target formula atom"",""kind"":""source-target-formula-map""}"
1.1.0,formula,O007-FREMLIN-V2-APP-2A3-FORMULA-0492,O007-FREMLIN-V2-APP-2A3,O007-RIGHTS-FREMLIN-DSL,O007-FREMLIN-V2-APP-2A3-SEG-2A3M,492,2A3M,2A3M,514,523,21220,21237,22616,22633,\sequencen{x_n},\sequencen{x_n},8fcb4c5b6ff5fce72b731fb6eee0aefdf4f4182268e8d556e05615b87faaa78e,8fcb4c5b6ff5fce72b731fb6eee0aefdf4f4182268e8d556e05615b87faaa78e,8fcb4c5b6ff5fce72b731fb6eee0aefdf4f4182268e8d556e05615b87faaa78e,$,,8fcb4c5b6ff5fce72b731fb6eee0aefdf4f4182268e8d556e05615b87faaa78e,8fcb4c5b6ff5fce72b731fb6eee0aefdf4f4182268e8d556e05615b87faaa78e,"{""basis"":""ordered source-target formula atom"",""kind"":""source-target-formula-map""}"
1.1.0,formula,O007-FREMLIN-V2-APP-2A3-FORMULA-0493,O007-FREMLIN-V2-APP-2A3,O007-RIGHTS-FREMLIN-DSL,O007-FREMLIN-V2-APP-2A3-SEG-2A3M,493,2A3M,2A3M,514,523,21255,21258,22655,22658,X,X,4b68ab3847feda7d6c62c1fbcbeebfa35eab7351ed5e78f4ddadea5df64b8015,4b68ab3847feda7d6c62c1fbcbeebfa35eab7351ed5e78f4ddadea5df64b8015,4b68ab3847feda7d6c62c1fbcbeebfa35eab7351ed5e78f4ddadea5df64b8015,$,,4b68ab3847feda7d6c62c1fbcbeebfa35eab7351ed5e78f4ddadea5df64b8015,4b68ab3847feda7d6c62c1fbcbeebfa35eab7351ed5e78f4ddadea5df64b8015,"{""basis"":""ordered source-target formula atom"",""kind"":""source-target-formula-map""}"
1.1.0,formula,O007-FREMLIN-V2-APP-2A3-FORMULA-0494,O007-FREMLIN-V2-APP-2A3,O007-RIGHTS-FREMLIN-DSL,O007-FREMLIN-V2-APP-2A3-SEG-2A3M,494,2A3M,2A3M,515,524,21272,21289,22682,22699,\sequencen{x_n},\sequencen{x_n},8fcb4c5b6ff5fce72b731fb6eee0aefdf4f4182268e8d556e05615b87faaa78e,8fcb4c5b6ff5fce72b731fb6eee0aefdf4f4182268e8d556e05615b87faaa78e,8fcb4c5b6ff5fce72b731fb6eee0aefdf4f4182268e8d556e05615b87faaa78e,$,,8fcb4c5b6ff5fce72b731fb6eee0aefdf4f4182268e8d556e05615b87faaa78e,8fcb4c5b6ff5fce72b731fb6eee0aefdf4f4182268e8d556e05615b87faaa78e,"{""basis"":""ordered source-target formula atom"",""kind"":""source-target-formula-map""}"
1.1.0,formula,O007-FREMLIN-V2-APP-2A3-FORMULA-0495,O007-FREMLIN-V2-APP-2A3,O007-RIGHTS-FREMLIN-DSL,O007-FREMLIN-V2-APP-2A3-SEG-2A3M,495,2A3M,2A3M,515,524,21309,21317,22719,22727,x\in X,x\in X,d9448dfd3954dd39c12d483afd23d561b1b7d735af5f430b5dc457e6fa9ef99b,d9448dfd3954dd39c12d483afd23d561b1b7d735af5f430b5dc457e6fa9ef99b,858979f0c33c5f45e30780b82e2fa00184311296fbb7ef6bf3f4a6007c9b9cb1,$,,858979f0c33c5f45e30780b82e2fa00184311296fbb7ef6bf3f4a6007c9b9cb1,858979f0c33c5f45e30780b82e2fa00184311296fbb7ef6bf3f4a6007c9b9cb1,"{""basis"":""ordered source-target formula atom"",""kind"":""source-target-formula-map""}"
1.1.0,formula,O007-FREMLIN-V2-APP-2A3-FORMULA-0496,O007-FREMLIN-V2-APP-2A3,O007-RIGHTS-FREMLIN-DSL,O007-FREMLIN-V2-APP-2A3-SEG-2A3M,496,2A3M,2A3M,515,525,21327,21330,22740,22743,x,x,2d711642b726b04401627ca9fbac32f5c8530fb1903cc4db02258717921a4881,2d711642b726b04401627ca9fbac32f5c8530fb1903cc4db02258717921a4881,2d711642b726b04401627ca9fbac32f5c8530fb1903cc4db02258717921a4881,$,,2d711642b726b04401627ca9fbac32f5c8530fb1903cc4db02258717921a4881,2d711642b726b04401627ca9fbac32f5c8530fb1903cc4db02258717921a4881,"{""basis"":""ordered source-target formula atom"",""kind"":""source-target-formula-map""}"
1.1.0,formula,O007-FREMLIN-V2-APP-2A3-FORMULA-0497,O007-FREMLIN-V2-APP-2A3,O007-RIGHTS-FREMLIN-DSL,O007-FREMLIN-V2-APP-2A3-SEG-2A3M,497,2A3M,2A3M,516,525,21351,21368,22768,22785,\sequencen{x_n},\sequencen{x_n},8fcb4c5b6ff5fce72b731fb6eee0aefdf4f4182268e8d556e05615b87faaa78e,8fcb4c5b6ff5fce72b731fb6eee0aefdf4f4182268e8d556e05615b87faaa78e,8fcb4c5b6ff5fce72b731fb6eee0aefdf4f4182268e8d556e05615b87faaa78e,$,,8fcb4c5b6ff5fce72b731fb6eee0aefdf4f4182268e8d556e05615b87faaa78e,8fcb4c5b6ff5fce72b731fb6eee0aefdf4f4182268e8d556e05615b87faaa78e,"{""basis"":""ordered source-target formula atom"",""kind"":""source-target-formula-map""}"
1.1.0,formula,O007-FREMLIN-V2-APP-2A3-FORMULA-0498,O007-FREMLIN-V2-APP-2A3,O007-RIGHTS-FREMLIN-DSL,O007-FREMLIN-V2-APP-2A3-SEG-2A3M,498,2A3M,2A3M,516,526,21373,21395,22792,22814,\sequencen{x_n}\to x,\sequencen{x_n}\to x,932cd46a8cc099deba7456ad1167b4ea6f6a9f80ef750f8bc24be3c17fa913a0,932cd46a8cc099deba7456ad1167b4ea6f6a9f80ef750f8bc24be3c17fa913a0,eb05950e3d1081233314673768a13686bdb0263416c3642e706daa9dc9de7b8d,$,,eb05950e3d1081233314673768a13686bdb0263416c3642e706daa9dc9de7b8d,eb05950e3d1081233314673768a13686bdb0263416c3642e706daa9dc9de7b8d,"{""basis"":""ordered source-target formula atom"",""kind"":""source-target-formula-map""}"
1.1.0,formula,O007-FREMLIN-V2-APP-2A3-FORMULA-0499,O007-FREMLIN-V2-APP-2A3,O007-RIGHTS-FREMLIN-DSL,O007-FREMLIN-V2-APP-2A3-SEG-2A3M,499,2A3M,2A3M,517,526,21419,21422,22851,22854,G,G,333e0a1e27815d0ceee55c473fe3dc93d56c63e3bee2b3b4aee8eed6d70191a3,333e0a1e27815d0ceee55c473fe3dc93d56c63e3bee2b3b4aee8eed6d70191a3,333e0a1e27815d0ceee55c473fe3dc93d56c63e3bee2b3b4aee8eed6d70191a3,$,,333e0a1e27815d0ceee55c473fe3dc93d56c63e3bee2b3b4aee8eed6d70191a3,333e0a1e27815d0ceee55c473fe3dc93d56c63e3bee2b3b4aee8eed6d70191a3,"{""basis"":""ordered source-target formula atom"",""kind"":""source-target-formula-map""}"
1.1.0,formula,O007-FREMLIN-V2-APP-2A3-FORMULA-0500,O007-FREMLIN-V2-APP-2A3,O007-RIGHTS-FREMLIN-DSL,O007-FREMLIN-V2-APP-2A3-SEG-2A3M,500,2A3M,2A3M,517,527,21434,21437,22867,22870,x,x,2d711642b726b04401627ca9fbac32f5c8530fb1903cc4db02258717921a4881,2d711642b726b04401627ca9fbac32f5c8530fb1903cc4db02258717921a4881,2d711642b726b04401627ca9fbac32f5c8530fb1903cc4db02258717921a4881,$,,2d711642b726b04401627ca9fbac32f5c8530fb1903cc4db02258717921a4881,2d711642b726b04401627ca9fbac32f5c8530fb1903cc4db02258717921a4881,"{""basis"":""ordered source-target formula atom"",""kind"":""source-target-formula-map""}"
1.1.0,formula,O007-FREMLIN-V2-APP-2A3-FORMULA-0501,O007-FREMLIN-V2-APP-2A3,O007-RIGHTS-FREMLIN-DSL,O007-FREMLIN-V2-APP-2A3-SEG-2A3M,501,2A3M,2A3M,517,527,21450,21464,22880,22894,n_0\in\Bbb N,n_0\in\Bbb N,af80b9bb1c9ac2eadfe7fe5cfbe7024b15ee972e3ab630c8a92ebad976bd9966,af80b9bb1c9ac2eadfe7fe5cfbe7024b15ee972e3ab630c8a92ebad976bd9966,db6258283631a1db600f051ea0c01c821a2aa5bf76ebdb58ff63ab23fd1ccd1f,$,,db6258283631a1db600f051ea0c01c821a2aa5bf76ebdb58ff63ab23fd1ccd1f,db6258283631a1db600f051ea0c01c821a2aa5bf76ebdb58ff63ab23fd1ccd1f,"{""basis"":""ordered source-target formula atom"",""kind"":""source-target-formula-map""}"
1.1.0,formula,O007-FREMLIN-V2-APP-2A3-FORMULA-0502,O007-FREMLIN-V2-APP-2A3,O007-RIGHTS-FREMLIN-DSL,O007-FREMLIN-V2-APP-2A3-SEG-2A3M,502,2A3M,2A3M,518,528,21475,21485,22904,22914,x_n\in G,x_n\in G,01c649d58dd2411151ef4d9523c2cf1a2b73dcb19a163f176786ab3ca5dd019f,01c649d58dd2411151ef4d9523c2cf1a2b73dcb19a163f176786ab3ca5dd019f,db1857848b1a3d54aa1ef3bf79d90225ae5aca5493a8b43e5dcea696db35cecf,$,,db1857848b1a3d54aa1ef3bf79d90225ae5aca5493a8b43e5dcea696db35cecf,db1857848b1a3d54aa1ef3bf79d90225ae5aca5493a8b43e5dcea696db35cecf,"{""basis"":""ordered source-target formula atom"",""kind"":""source-target-formula-map""}"
1.1.0,formula,O007-FREMLIN-V2-APP-2A3-FORMULA-0503,O007-FREMLIN-V2-APP-2A3,O007-RIGHTS-FREMLIN-DSL,O007-FREMLIN-V2-APP-2A3-SEG-2A3M,503,2A3M,2A3M,518,528,21496,21506,22928,22938,n\ge n_0,n\ge n_0,83d6a0883d644efcceaf3d6bf40366e35db82bed5841c93d3a1b30603d428440,83d6a0883d644efcceaf3d6bf40366e35db82bed5841c93d3a1b30603d428440,9e0a626d52905f5a28b4f1f68220930dc713734d8d63845c4439a69b482aa803,$,,9e0a626d52905f5a28b4f1f68220930dc713734d8d63845c4439a69b482aa803,9e0a626d52905f5a28b4f1f68220930dc713734d8d63845c4439a69b482aa803,"{""basis"":""ordered source-target formula atom"",""kind"":""source-target-formula-map""}"
1.1.0,formula,O007-FREMLIN-V2-APP-2A3-FORMULA-0504,O007-FREMLIN-V2-APP-2A3,O007-RIGHTS-FREMLIN-DSL,O007-FREMLIN-V2-APP-2A3-SEG-2A3MB,504,2A3Mb,2A3Mb,522,532,21665,21689,23104,23128,x=\lim_{n\to\infty}x_n,x=\lim_{n\to\infty}x_n,13474f69ad7404e50249aaec2563fe3f7565811385888600d3c7a18e9caf72af,13474f69ad7404e50249aaec2563fe3f7565811385888600d3c7a18e9caf72af,13474f69ad7404e50249aaec2563fe3f7565811385888600d3c7a18e9caf72af,$,,13474f69ad7404e50249aaec2563fe3f7565811385888600d3c7a18e9caf72af,13474f69ad7404e50249aaec2563fe3f7565811385888600d3c7a18e9caf72af,"{""basis"":""ordered source-target formula atom"",""kind"":""source-target-formula-map""}"
1.1.0,formula,O007-FREMLIN-V2-APP-2A3-FORMULA-0505,O007-FREMLIN-V2-APP-2A3,O007-RIGHTS-FREMLIN-DSL,O007-FREMLIN-V2-APP-2A3-SEG-2A3MB,505,2A3Mb,2A3Mb,523,534,21761,21770,23216,23225,\frak T,\frak T,0647f8d3ad6092ab3a9c92fd71ee29d66b86e14d9c9582db084142bee077c226,0647f8d3ad6092ab3a9c92fd71ee29d66b86e14d9c9582db084142bee077c226,44c7e1dba9432c4271c4d22b9a844dc7f447c4cb30f1129ac0c3db3f54646d4b,$,,44c7e1dba9432c4271c4d22b9a844dc7f447c4cb30f1129ac0c3db3f54646d4b,44c7e1dba9432c4271c4d22b9a844dc7f447c4cb30f1129ac0c3db3f54646d4b,"{""basis"":""ordered source-target formula atom"",""kind"":""source-target-formula-map""}"
1.1.0,formula,O007-FREMLIN-V2-APP-2A3-FORMULA-0506,O007-FREMLIN-V2-APP-2A3,O007-RIGHTS-FREMLIN-DSL,O007-FREMLIN-V2-APP-2A3-SEG-2A3MB,506,2A3Mb,2A3Mb,523,534,21789,21792,23241,23244,x,x,2d711642b726b04401627ca9fbac32f5c8530fb1903cc4db02258717921a4881,2d711642b726b04401627ca9fbac32f5c8530fb1903cc4db02258717921a4881,2d711642b726b04401627ca9fbac32f5c8530fb1903cc4db02258717921a4881,$,,2d711642b726b04401627ca9fbac32f5c8530fb1903cc4db02258717921a4881,2d711642b726b04401627ca9fbac32f5c8530fb1903cc4db02258717921a4881,"{""basis"":""ordered source-target formula atom"",""kind"":""source-target-formula-map""}"
1.1.0,formula,O007-FREMLIN-V2-APP-2A3-FORMULA-0507,O007-FREMLIN-V2-APP-2A3,O007-RIGHTS-FREMLIN-DSL,O007-FREMLIN-V2-APP-2A3-SEG-2A3MB,507,2A3Mb,2A3Mb,524,535,21794,21797,23246,23249,y,y,a1fce4363854ff888cff4b8e7875d600c2682390412a8cf79b37d0b11148b0fa,a1fce4363854ff888cff4b8e7875d600c2682390412a8cf79b37d0b11148b0fa,a1fce4363854ff888cff4b8e7875d600c2682390412a8cf79b37d0b11148b0fa,$,,a1fce4363854ff888cff4b8e7875d600c2682390412a8cf79b37d0b11148b0fa,a1fce4363854ff888cff4b8e7875d600c2682390412a8cf79b37d0b11148b0fa,"{""basis"":""ordered source-target formula atom"",""kind"":""source-target-formula-map""}"
1.1.0,formula,O007-FREMLIN-V2-APP-2A3-FORMULA-0508,O007-FREMLIN-V2-APP-2A3,O007-RIGHTS-FREMLIN-DSL,O007-FREMLIN-V2-APP-2A3-SEG-2A3MB,508,2A3Mb,2A3Mb,524,535,21821,21824,23276,23279,X,X,4b68ab3847feda7d6c62c1fbcbeebfa35eab7351ed5e78f4ddadea5df64b8015,4b68ab3847feda7d6c62c1fbcbeebfa35eab7351ed5e78f4ddadea5df64b8015,4b68ab3847feda7d6c62c1fbcbeebfa35eab7351ed5e78f4ddadea5df64b8015,$,,4b68ab3847feda7d6c62c1fbcbeebfa35eab7351ed5e78f4ddadea5df64b8015,4b68ab3847feda7d6c62c1fbcbeebfa35eab7351ed5e78f4ddadea5df64b8015,"{""basis"":""ordered source-target formula atom"",""kind"":""source-target-formula-map""}"
1.1.0,formula,O007-FREMLIN-V2-APP-2A3-FORMULA-0509,O007-FREMLIN-V2-APP-2A3,O007-RIGHTS-FREMLIN-DSL,O007-FREMLIN-V2-APP-2A3-SEG-2A3MB,509,2A3Mb,2A3Mb,524,535,21855,21858,23321,23324,G,G,333e0a1e27815d0ceee55c473fe3dc93d56c63e3bee2b3b4aee8eed6d70191a3,333e0a1e27815d0ceee55c473fe3dc93d56c63e3bee2b3b4aee8eed6d70191a3,333e0a1e27815d0ceee55c473fe3dc93d56c63e3bee2b3b4aee8eed6d70191a3,$,,333e0a1e27815d0ceee55c473fe3dc93d56c63e3bee2b3b4aee8eed6d70191a3,333e0a1e27815d0ceee55c473fe3dc93d56c63e3bee2b3b4aee8eed6d70191a3,"{""basis"":""ordered source-target formula atom"",""kind"":""source-target-formula-map""}"
1.1.0,formula,O007-FREMLIN-V2-APP-2A3-FORMULA-0510,O007-FREMLIN-V2-APP-2A3,O007-RIGHTS-FREMLIN-DSL,O007-FREMLIN-V2-APP-2A3-SEG-2A3MB,510,2A3Mb,2A3Mb,524,535,21860,21863,23326,23329,H,H,44bd7ae60f478fae1061e11a7739f4b94d1daf917982d33b6fc8a01a63f89c21,44bd7ae60f478fae1061e11a7739f4b94d1daf917982d33b6fc8a01a63f89c21,44bd7ae60f478fae1061e11a7739f4b94d1daf917982d33b6fc8a01a63f89c21,$,,44bd7ae60f478fae1061e11a7739f4b94d1daf917982d33b6fc8a01a63f89c21,44bd7ae60f478fae1061e11a7739f4b94d1daf917982d33b6fc8a01a63f89c21,"{""basis"":""ordered source-target formula atom"",""kind"":""source-target-formula-map""}"
1.1.0,formula,O007-FREMLIN-V2-APP-2A3-FORMULA-0511,O007-FREMLIN-V2-APP-2A3,O007-RIGHTS-FREMLIN-DSL,O007-FREMLIN-V2-APP-2A3-SEG-2A3MB,511,2A3Mb,2A3Mb,525,536,21874,21882,23339,23347,x\in G,x\in G,3faccb525a29c5c66379ad205d954d7822aa6ecb75b815bd94d489678ce6aa50,3faccb525a29c5c66379ad205d954d7822aa6ecb75b815bd94d489678ce6aa50,f890bd8a169841a8e4c425e62d012427d5ad44ba0a41eee342be8094ad1fd32f,$,,f890bd8a169841a8e4c425e62d012427d5ad44ba0a41eee342be8094ad1fd32f,f890bd8a169841a8e4c425e62d012427d5ad44ba0a41eee342be8094ad1fd32f,"{""basis"":""ordered source-target formula atom"",""kind"":""source-target-formula-map""}"
1.1.0,formula,O007-FREMLIN-V2-APP-2A3-FORMULA-0512,O007-FREMLIN-V2-APP-2A3,O007-RIGHTS-FREMLIN-DSL,O007-FREMLIN-V2-APP-2A3-SEG-2A3MB,512,2A3Mb,2A3Mb,525,536,21887,21895,23352,23360,y\in H,y\in H,df0c7bc79ea0df2a98e65cf1697829a251059cf0f3d2fdec814874e92fee8966,df0c7bc79ea0df2a98e65cf1697829a251059cf0f3d2fdec814874e92fee8966,15d0df3d1b15bb84c7d22fd3d0803c2cc820a00259b0a67dca6b0bb91f5241da,$,,15d0df3d1b15bb84c7d22fd3d0803c2cc820a00259b0a67dca6b0bb91f5241da,15d0df3d1b15bb84c7d22fd3d0803c2cc820a00259b0a67dca6b0bb91f5241da,"{""basis"":""ordered source-target formula atom"",""kind"":""source-target-formula-map""}"
1.1.0,formula,O007-FREMLIN-V2-APP-2A3-FORMULA-0513,O007-FREMLIN-V2-APP-2A3,O007-RIGHTS-FREMLIN-DSL,O007-FREMLIN-V2-APP-2A3-SEG-2A3MB,513,2A3Mb,2A3Mb,525,536,21906,21923,23378,23395,\sequencen{x_n},\sequencen{x_n},8fcb4c5b6ff5fce72b731fb6eee0aefdf4f4182268e8d556e05615b87faaa78e,8fcb4c5b6ff5fce72b731fb6eee0aefdf4f4182268e8d556e05615b87faaa78e,8fcb4c5b6ff5fce72b731fb6eee0aefdf4f4182268e8d556e05615b87faaa78e,$,,8fcb4c5b6ff5fce72b731fb6eee0aefdf4f4182268e8d556e05615b87faaa78e,8fcb4c5b6ff5fce72b731fb6eee0aefdf4f4182268e8d556e05615b87faaa78e,"{""basis"":""ordered source-target formula atom"",""kind"":""source-target-formula-map""}"
1.1.0,formula,O007-FREMLIN-V2-APP-2A3-FORMULA-0514,O007-FREMLIN-V2-APP-2A3,O007-RIGHTS-FREMLIN-DSL,O007-FREMLIN-V2-APP-2A3-SEG-2A3MB,514,2A3Mb,2A3Mb,526,537,21937,21940,23407,23410,x,x,2d711642b726b04401627ca9fbac32f5c8530fb1903cc4db02258717921a4881,2d711642b726b04401627ca9fbac32f5c8530fb1903cc4db02258717921a4881,2d711642b726b04401627ca9fbac32f5c8530fb1903cc4db02258717921a4881,$,,2d711642b726b04401627ca9fbac32f5c8530fb1903cc4db02258717921a4881,2d711642b726b04401627ca9fbac32f5c8530fb1903cc4db02258717921a4881,"{""basis"":""ordered source-target formula atom"",""kind"":""source-target-formula-map""}"
1.1.0,formula,O007-FREMLIN-V2-APP-2A3-FORMULA-0515,O007-FREMLIN-V2-APP-2A3,O007-RIGHTS-FREMLIN-DSL,O007-FREMLIN-V2-APP-2A3-SEG-2A3MB,515,2A3Mb,2A3Mb,526,537,21954,21959,23421,23426,n_0,n_0,b3f6ba5bad3f6071c8c78ca17cb789f43285c0f1ae589df9de50b81ea5ace4fc,b3f6ba5bad3f6071c8c78ca17cb789f43285c0f1ae589df9de50b81ea5ace4fc,b3f6ba5bad3f6071c8c78ca17cb789f43285c0f1ae589df9de50b81ea5ace4fc,$,,b3f6ba5bad3f6071c8c78ca17cb789f43285c0f1ae589df9de50b81ea5ace4fc,b3f6ba5bad3f6071c8c78ca17cb789f43285c0f1ae589df9de50b81ea5ace4fc,"{""basis"":""ordered source-target formula atom"",""kind"":""source-target-formula-map""}"
1.1.0,formula,O007-FREMLIN-V2-APP-2A3-FORMULA-0516,O007-FREMLIN-V2-APP-2A3,O007-RIGHTS-FREMLIN-DSL,O007-FREMLIN-V2-APP-2A3-SEG-2A3MB,516,2A3Mb,2A3Mb,526,537,21970,21980,23436,23446,x_n\in G,x_n\in G,01c649d58dd2411151ef4d9523c2cf1a2b73dcb19a163f176786ab3ca5dd019f,01c649d58dd2411151ef4d9523c2cf1a2b73dcb19a163f176786ab3ca5dd019f,db1857848b1a3d54aa1ef3bf79d90225ae5aca5493a8b43e5dcea696db35cecf,$,,db1857848b1a3d54aa1ef3bf79d90225ae5aca5493a8b43e5dcea696db35cecf,db1857848b1a3d54aa1ef3bf79d90225ae5aca5493a8b43e5dcea696db35cecf,"{""basis"":""ordered source-target formula atom"",""kind"":""source-target-formula-map""}"
1.1.0,formula,O007-FREMLIN-V2-APP-2A3-FORMULA-0517,O007-FREMLIN-V2-APP-2A3,O007-RIGHTS-FREMLIN-DSL,O007-FREMLIN-V2-APP-2A3-SEG-2A3MB,517,2A3Mb,2A3Mb,526,537,21991,22001,23460,23470,n\ge n_0,n\ge n_0,83d6a0883d644efcceaf3d6bf40366e35db82bed5841c93d3a1b30603d428440,83d6a0883d644efcceaf3d6bf40366e35db82bed5841c93d3a1b30603d428440,9e0a626d52905f5a28b4f1f68220930dc713734d8d63845c4439a69b482aa803,$,,9e0a626d52905f5a28b4f1f68220930dc713734d8d63845c4439a69b482aa803,9e0a626d52905f5a28b4f1f68220930dc713734d8d63845c4439a69b482aa803,"{""basis"":""ordered source-target formula atom"",""kind"":""source-target-formula-map""}"
1.1.0,formula,O007-FREMLIN-V2-APP-2A3-FORMULA-0518,O007-FREMLIN-V2-APP-2A3,O007-RIGHTS-FREMLIN-DSL,O007-FREMLIN-V2-APP-2A3-SEG-2A3MB,518,2A3Mb,2A3Mb,527,538,22006,22019,23481,23494,x_n\notin H,x_n\notin H,0c9c2fb516b406e558122ca7dd7362b1f953434f1f5299204aa2d466300ffff1,0c9c2fb516b406e558122ca7dd7362b1f953434f1f5299204aa2d466300ffff1,a65a5d2ae0c3a5815990429671393200ec2a8aaaa4ce1c7cd242a95df2e5cdca,$,,a65a5d2ae0c3a5815990429671393200ec2a8aaaa4ce1c7cd242a95df2e5cdca,a65a5d2ae0c3a5815990429671393200ec2a8aaaa4ce1c7cd242a95df2e5cdca,"{""basis"":""ordered source-target formula atom"",""kind"":""source-target-formula-map""}"
1.1.0,formula,O007-FREMLIN-V2-APP-2A3-FORMULA-0519,O007-FREMLIN-V2-APP-2A3,O007-RIGHTS-FREMLIN-DSL,O007-FREMLIN-V2-APP-2A3-SEG-2A3MB,519,2A3Mb,2A3Mb,527,538,22030,22040,23508,23518,n\ge n_0,n\ge n_0,83d6a0883d644efcceaf3d6bf40366e35db82bed5841c93d3a1b30603d428440,83d6a0883d644efcceaf3d6bf40366e35db82bed5841c93d3a1b30603d428440,9e0a626d52905f5a28b4f1f68220930dc713734d8d63845c4439a69b482aa803,$,,9e0a626d52905f5a28b4f1f68220930dc713734d8d63845c4439a69b482aa803,9e0a626d52905f5a28b4f1f68220930dc713734d8d63845c4439a69b482aa803,"{""basis"":""ordered source-target formula atom"",""kind"":""source-target-formula-map""}"
1.1.0,formula,O007-FREMLIN-V2-APP-2A3-FORMULA-0520,O007-FREMLIN-V2-APP-2A3,O007-RIGHTS-FREMLIN-DSL,O007-FREMLIN-V2-APP-2A3-SEG-2A3MB,520,2A3Mb,2A3Mb,527,538,22046,22063,23524,23541,\sequencen{x_n},\sequencen{x_n},8fcb4c5b6ff5fce72b731fb6eee0aefdf4f4182268e8d556e05615b87faaa78e,8fcb4c5b6ff5fce72b731fb6eee0aefdf4f4182268e8d556e05615b87faaa78e,8fcb4c5b6ff5fce72b731fb6eee0aefdf4f4182268e8d556e05615b87faaa78e,$,,8fcb4c5b6ff5fce72b731fb6eee0aefdf4f4182268e8d556e05615b87faaa78e,8fcb4c5b6ff5fce72b731fb6eee0aefdf4f4182268e8d556e05615b87faaa78e,"{""basis"":""ordered source-target formula atom"",""kind"":""source-target-formula-map""}"
1.1.0,formula,O007-FREMLIN-V2-APP-2A3-FORMULA-0521,O007-FREMLIN-V2-APP-2A3,O007-RIGHTS-FREMLIN-DSL,O007-FREMLIN-V2-APP-2A3-SEG-2A3MB,521,2A3Mb,2A3Mb,528,539,22083,22086,23567,23570,y,y,a1fce4363854ff888cff4b8e7875d600c2682390412a8cf79b37d0b11148b0fa,a1fce4363854ff888cff4b8e7875d600c2682390412a8cf79b37d0b11148b0fa,a1fce4363854ff888cff4b8e7875d600c2682390412a8cf79b37d0b11148b0fa,$,,a1fce4363854ff888cff4b8e7875d600c2682390412a8cf79b37d0b11148b0fa,a1fce4363854ff888cff4b8e7875d600c2682390412a8cf79b37d0b11148b0fa,"{""basis"":""ordered source-target formula atom"",""kind"":""source-target-formula-map""}"
1.1.0,formula,O007-FREMLIN-V2-APP-2A3-FORMULA-0522,O007-FREMLIN-V2-APP-2A3,O007-RIGHTS-FREMLIN-DSL,O007-FREMLIN-V2-APP-2A3-SEG-2A3MC,522,2A3Mc,2A3Mc,531,542,22202,22205,23713,23716,X,X,4b68ab3847feda7d6c62c1fbcbeebfa35eab7351ed5e78f4ddadea5df64b8015,4b68ab3847feda7d6c62c1fbcbeebfa35eab7351ed5e78f4ddadea5df64b8015,4b68ab3847feda7d6c62c1fbcbeebfa35eab7351ed5e78f4ddadea5df64b8015,$,,4b68ab3847feda7d6c62c1fbcbeebfa35eab7351ed5e78f4ddadea5df64b8015,4b68ab3847feda7d6c62c1fbcbeebfa35eab7351ed5e78f4ddadea5df64b8015,"{""basis"":""ordered source-target formula atom"",""kind"":""source-target-formula-map""}"
1.1.0,formula,O007-FREMLIN-V2-APP-2A3-FORMULA-0523,O007-FREMLIN-V2-APP-2A3,O007-RIGHTS-FREMLIN-DSL,O007-FREMLIN-V2-APP-2A3-SEG-2A3MC,523,2A3Mc,2A3Mc,531,542,22220,22226,23737,23743,\Rho,\Rho,52096aaef22267b537a019d25e49b90abcbbc43f2e8a636d73f93baeb39efa3e,52096aaef22267b537a019d25e49b90abcbbc43f2e8a636d73f93baeb39efa3e,52096aaef22267b537a019d25e49b90abcbbc43f2e8a636d73f93baeb39efa3e,$,,52096aaef22267b537a019d25e49b90abcbbc43f2e8a636d73f93baeb39efa3e,52096aaef22267b537a019d25e49b90abcbbc43f2e8a636d73f93baeb39efa3e,"{""basis"":""ordered source-target formula atom"",""kind"":""source-target-formula-map""}"
1.1.0,formula,O007-FREMLIN-V2-APP-2A3-FORMULA-0524,O007-FREMLIN-V2-APP-2A3,O007-RIGHTS-FREMLIN-DSL,O007-FREMLIN-V2-APP-2A3-SEG-2A3MC,524,2A3Mc,2A3Mc,532,543,22266,22269,23787,23790,X,X,4b68ab3847feda7d6c62c1fbcbeebfa35eab7351ed5e78f4ddadea5df64b8015,4b68ab3847feda7d6c62c1fbcbeebfa35eab7351ed5e78f4ddadea5df64b8015,4b68ab3847feda7d6c62c1fbcbeebfa35eab7351ed5e78f4ddadea5df64b8015,$,,4b68ab3847feda7d6c62c1fbcbeebfa35eab7351ed5e78f4ddadea5df64b8015,4b68ab3847feda7d6c62c1fbcbeebfa35eab7351ed5e78f4ddadea5df64b8015,"{""basis"":""ordered source-target formula atom"",""kind"":""source-target-formula-map""}"
1.1.0,formula,O007-FREMLIN-V2-APP-2A3-FORMULA-0525,O007-FREMLIN-V2-APP-2A3,O007-RIGHTS-FREMLIN-DSL,O007-FREMLIN-V2-APP-2A3-SEG-2A3MC,525,2A3Mc,2A3Mc,532,544,22293,22302,23819,23828,\frak T,\frak T,0647f8d3ad6092ab3a9c92fd71ee29d66b86e14d9c9582db084142bee077c226,0647f8d3ad6092ab3a9c92fd71ee29d66b86e14d9c9582db084142bee077c226,44c7e1dba9432c4271c4d22b9a844dc7f447c4cb30f1129ac0c3db3f54646d4b,$,,44c7e1dba9432c4271c4d22b9a844dc7f447c4cb30f1129ac0c3db3f54646d4b,44c7e1dba9432c4271c4d22b9a844dc7f447c4cb30f1129ac0c3db3f54646d4b,"{""basis"":""ordered source-target formula atom"",""kind"":""source-target-formula-map""}"
1.1.0,formula,O007-FREMLIN-V2-APP-2A3-FORMULA-0526,O007-FREMLIN-V2-APP-2A3,O007-RIGHTS-FREMLIN-DSL,O007-FREMLIN-V2-APP-2A3-SEG-2A3MC,526,2A3Mc,2A3Mc,533,544,22309,22326,23839,23856,\sequencen{x_n},\sequencen{x_n},8fcb4c5b6ff5fce72b731fb6eee0aefdf4f4182268e8d556e05615b87faaa78e,8fcb4c5b6ff5fce72b731fb6eee0aefdf4f4182268e8d556e05615b87faaa78e,8fcb4c5b6ff5fce72b731fb6eee0aefdf4f4182268e8d556e05615b87faaa78e,$,,8fcb4c5b6ff5fce72b731fb6eee0aefdf4f4182268e8d556e05615b87faaa78e,8fcb4c5b6ff5fce72b731fb6eee0aefdf4f4182268e8d556e05615b87faaa78e,"{""basis"":""ordered source-target formula atom"",""kind"":""source-target-formula-map""}"
1.1.0,formula,O007-FREMLIN-V2-APP-2A3-FORMULA-0527,O007-FREMLIN-V2-APP-2A3,O007-RIGHTS-FREMLIN-DSL,O007-FREMLIN-V2-APP-2A3-SEG-2A3MC,527,2A3Mc,2A3Mc,533,544,22344,22347,23871,23874,X,X,4b68ab3847feda7d6c62c1fbcbeebfa35eab7351ed5e78f4ddadea5df64b8015,4b68ab3847feda7d6c62c1fbcbeebfa35eab7351ed5e78f4ddadea5df64b8015,4b68ab3847feda7d6c62c1fbcbeebfa35eab7351ed5e78f4ddadea5df64b8015,$,,4b68ab3847feda7d6c62c1fbcbeebfa35eab7351ed5e78f4ddadea5df64b8015,4b68ab3847feda7d6c62c1fbcbeebfa35eab7351ed5e78f4ddadea5df64b8015,"{""basis"":""ordered source-target formula atom"",""kind"":""source-target-formula-map""}"
1.1.0,formula,O007-FREMLIN-V2-APP-2A3-FORMULA-0528,O007-FREMLIN-V2-APP-2A3,O007-RIGHTS-FREMLIN-DSL,O007-FREMLIN-V2-APP-2A3-SEG-2A3MC,528,2A3Mc,2A3Mc,533,544,22352,22360,23879,23887,x\in X,x\in X,d9448dfd3954dd39c12d483afd23d561b1b7d735af5f430b5dc457e6fa9ef99b,d9448dfd3954dd39c12d483afd23d561b1b7d735af5f430b5dc457e6fa9ef99b,858979f0c33c5f45e30780b82e2fa00184311296fbb7ef6bf3f4a6007c9b9cb1,$,,858979f0c33c5f45e30780b82e2fa00184311296fbb7ef6bf3f4a6007c9b9cb1,858979f0c33c5f45e30780b82e2fa00184311296fbb7ef6bf3f4a6007c9b9cb1,"{""basis"":""ordered source-target formula atom"",""kind"":""source-target-formula-map""}"
1.1.0,formula,O007-FREMLIN-V2-APP-2A3-FORMULA-0529,O007-FREMLIN-V2-APP-2A3,O007-RIGHTS-FREMLIN-DSL,O007-FREMLIN-V2-APP-2A3-SEG-2A3MC,529,2A3Mc,2A3Mc,534,545,22369,22386,23894,23911,\sequencen{x_n},\sequencen{x_n},8fcb4c5b6ff5fce72b731fb6eee0aefdf4f4182268e8d556e05615b87faaa78e,8fcb4c5b6ff5fce72b731fb6eee0aefdf4f4182268e8d556e05615b87faaa78e,8fcb4c5b6ff5fce72b731fb6eee0aefdf4f4182268e8d556e05615b87faaa78e,$,,8fcb4c5b6ff5fce72b731fb6eee0aefdf4f4182268e8d556e05615b87faaa78e,8fcb4c5b6ff5fce72b731fb6eee0aefdf4f4182268e8d556e05615b87faaa78e,"{""basis"":""ordered source-target formula atom"",""kind"":""source-target-formula-map""}"
1.1.0,formula,O007-FREMLIN-V2-APP-2A3-FORMULA-0530,O007-FREMLIN-V2-APP-2A3,O007-RIGHTS-FREMLIN-DSL,O007-FREMLIN-V2-APP-2A3-SEG-2A3MC,530,2A3Mc,2A3Mc,534,545,22400,22403,23925,23928,x,x,2d711642b726b04401627ca9fbac32f5c8530fb1903cc4db02258717921a4881,2d711642b726b04401627ca9fbac32f5c8530fb1903cc4db02258717921a4881,2d711642b726b04401627ca9fbac32f5c8530fb1903cc4db02258717921a4881,$,,2d711642b726b04401627ca9fbac32f5c8530fb1903cc4db02258717921a4881,2d711642b726b04401627ca9fbac32f5c8530fb1903cc4db02258717921a4881,"{""basis"":""ordered source-target formula atom"",""kind"":""source-target-formula-map""}"
1.1.0,formula,O007-FREMLIN-V2-APP-2A3-FORMULA-0531,O007-FREMLIN-V2-APP-2A3,O007-RIGHTS-FREMLIN-DSL,O007-FREMLIN-V2-APP-2A3-SEG-2A3MC,531,2A3Mc,2A3Mc,534,546,22408,22440,23949,23981,"\lim_{n\to\infty}\rho(x_n,x)=0","\lim_{n\to\infty}\rho(x_n,x)=0",aafea20cc14f3006db28129ae16f6cd445c382111dd49978146066aac502c67f,aafea20cc14f3006db28129ae16f6cd445c382111dd49978146066aac502c67f,aafea20cc14f3006db28129ae16f6cd445c382111dd49978146066aac502c67f,$,,aafea20cc14f3006db28129ae16f6cd445c382111dd49978146066aac502c67f,aafea20cc14f3006db28129ae16f6cd445c382111dd49978146066aac502c67f,"{""basis"":""ordered source-target formula atom"",""kind"":""source-target-formula-map""}"
1.1.0,formula,O007-FREMLIN-V2-APP-2A3-FORMULA-0532,O007-FREMLIN-V2-APP-2A3,O007-RIGHTS-FREMLIN-DSL,O007-FREMLIN-V2-APP-2A3-SEG-2A3MC,532,2A3Mc,2A3Mc,535,547,22451,22464,23995,24008,\rho\in\Rho,\rho\in\Rho,8f853d2ba3f0bf80588547d671fbbae17aa4f82425d3a0398f916de3b62b8abe,8f853d2ba3f0bf80588547d671fbbae17aa4f82425d3a0398f916de3b62b8abe,8f853d2ba3f0bf80588547d671fbbae17aa4f82425d3a0398f916de3b62b8abe,$,,8f853d2ba3f0bf80588547d671fbbae17aa4f82425d3a0398f916de3b62b8abe,8f853d2ba3f0bf80588547d671fbbae17aa4f82425d3a0398f916de3b62b8abe,"{""basis"":""ordered source-target formula atom"",""kind"":""source-target-formula-map""}"
1.1.0,formula,O007-FREMLIN-V2-APP-2A3-FORMULA-0533,O007-FREMLIN-V2-APP-2A3,O007-RIGHTS-FREMLIN-DSL,O007-FREMLIN-V2-APP-2A3-SEG-2A3MC,533,2A3Mc,2A3Mc,536,548,22507,22529,24047,24069,\sequencen{x_n}\to x,\sequencen{x_n}\to x,932cd46a8cc099deba7456ad1167b4ea6f6a9f80ef750f8bc24be3c17fa913a0,932cd46a8cc099deba7456ad1167b4ea6f6a9f80ef750f8bc24be3c17fa913a0,eb05950e3d1081233314673768a13686bdb0263416c3642e706daa9dc9de7b8d,$,,eb05950e3d1081233314673768a13686bdb0263416c3642e706daa9dc9de7b8d,eb05950e3d1081233314673768a13686bdb0263416c3642e706daa9dc9de7b8d,"{""basis"":""ordered source-target formula atom"",""kind"":""source-target-formula-map""}"
1.1.0,formula,O007-FREMLIN-V2-APP-2A3-FORMULA-0534,O007-FREMLIN-V2-APP-2A3,O007-RIGHTS-FREMLIN-DSL,O007-FREMLIN-V2-APP-2A3-SEG-2A3MC,534,2A3Mc,2A3Mc,536,548,22539,22552,24074,24087,\rho\in\Rho,\rho\in\Rho,8f853d2ba3f0bf80588547d671fbbae17aa4f82425d3a0398f916de3b62b8abe,8f853d2ba3f0bf80588547d671fbbae17aa4f82425d3a0398f916de3b62b8abe,8f853d2ba3f0bf80588547d671fbbae17aa4f82425d3a0398f916de3b62b8abe,$,,8f853d2ba3f0bf80588547d671fbbae17aa4f82425d3a0398f916de3b62b8abe,8f853d2ba3f0bf80588547d671fbbae17aa4f82425d3a0398f916de3b62b8abe,"{""basis"":""ordered source-target formula atom"",""kind"":""source-target-formula-map""}"
1.1.0,formula,O007-FREMLIN-V2-APP-2A3-FORMULA-0535,O007-FREMLIN-V2-APP-2A3,O007-RIGHTS-FREMLIN-DSL,O007-FREMLIN-V2-APP-2A3-SEG-2A3MC,535,2A3Mc,2A3Mc,537,549,22569,22581,24107,24119,\epsilon>0,\epsilon>0,4c7785f41b6ba845fbf6fe3db625563505eedd141a7e6a016df047b5d14c0cc7,4c7785f41b6ba845fbf6fe3db625563505eedd141a7e6a016df047b5d14c0cc7,4c7785f41b6ba845fbf6fe3db625563505eedd141a7e6a016df047b5d14c0cc7,$,,4c7785f41b6ba845fbf6fe3db625563505eedd141a7e6a016df047b5d14c0cc7,4c7785f41b6ba845fbf6fe3db625563505eedd141a7e6a016df047b5d14c0cc7,"{""basis"":""ordered source-target formula atom"",""kind"":""source-target-formula-map""}"
1.1.0,formula,O007-FREMLIN-V2-APP-2A3-FORMULA-0536,O007-FREMLIN-V2-APP-2A3,O007-RIGHTS-FREMLIN-DSL,O007-FREMLIN-V2-APP-2A3-SEG-2A3MC,536,2A3Mc,2A3Mc,537,549,22590,22612,24130,24152,G=U(x;\rho;\epsilon),G=U(x;\rho;\epsilon),a24f97d79973e49265de10c523170bff01a006ff624a4d8d6edd827acfc9db4c,a24f97d79973e49265de10c523170bff01a006ff624a4d8d6edd827acfc9db4c,a24f97d79973e49265de10c523170bff01a006ff624a4d8d6edd827acfc9db4c,$,,a24f97d79973e49265de10c523170bff01a006ff624a4d8d6edd827acfc9db4c,a24f97d79973e49265de10c523170bff01a006ff624a4d8d6edd827acfc9db4c,"{""basis"":""ordered source-target formula atom"",""kind"":""source-target-formula-map""}"
1.1.0,formula,O007-FREMLIN-V2-APP-2A3-FORMULA-0537,O007-FREMLIN-V2-APP-2A3,O007-RIGHTS-FREMLIN-DSL,O007-FREMLIN-V2-APP-2A3-SEG-2A3MC,537,2A3Mc,2A3Mc,538,549,22639,22642,24172,24175,x,x,2d711642b726b04401627ca9fbac32f5c8530fb1903cc4db02258717921a4881,2d711642b726b04401627ca9fbac32f5c8530fb1903cc4db02258717921a4881,2d711642b726b04401627ca9fbac32f5c8530fb1903cc4db02258717921a4881,$,,2d711642b726b04401627ca9fbac32f5c8530fb1903cc4db02258717921a4881,2d711642b726b04401627ca9fbac32f5c8530fb1903cc4db02258717921a4881,"{""basis"":""ordered source-target formula atom"",""kind"":""source-target-formula-map""}"
1.1.0,formula,O007-FREMLIN-V2-APP-2A3-FORMULA-0538,O007-FREMLIN-V2-APP-2A3,O007-RIGHTS-FREMLIN-DSL,O007-FREMLIN-V2-APP-2A3-SEG-2A3MC,538,2A3Mc,2A3Mc,538,550,22659,22664,24195,24200,n_0,n_0,b3f6ba5bad3f6071c8c78ca17cb789f43285c0f1ae589df9de50b81ea5ace4fc,b3f6ba5bad3f6071c8c78ca17cb789f43285c0f1ae589df9de50b81ea5ace4fc,b3f6ba5bad3f6071c8c78ca17cb789f43285c0f1ae589df9de50b81ea5ace4fc,$,,b3f6ba5bad3f6071c8c78ca17cb789f43285c0f1ae589df9de50b81ea5ace4fc,b3f6ba5bad3f6071c8c78ca17cb789f43285c0f1ae589df9de50b81ea5ace4fc,"{""basis"":""ordered source-target formula atom"",""kind"":""source-target-formula-map""}"
1.1.0,formula,O007-FREMLIN-V2-APP-2A3-FORMULA-0539,O007-FREMLIN-V2-APP-2A3,O007-RIGHTS-FREMLIN-DSL,O007-FREMLIN-V2-APP-2A3-SEG-2A3MC,539,2A3Mc,2A3Mc,538,550,22675,22685,24208,24218,x_n\in G,x_n\in G,01c649d58dd2411151ef4d9523c2cf1a2b73dcb19a163f176786ab3ca5dd019f,01c649d58dd2411151ef4d9523c2cf1a2b73dcb19a163f176786ab3ca5dd019f,db1857848b1a3d54aa1ef3bf79d90225ae5aca5493a8b43e5dcea696db35cecf,$,,db1857848b1a3d54aa1ef3bf79d90225ae5aca5493a8b43e5dcea696db35cecf,db1857848b1a3d54aa1ef3bf79d90225ae5aca5493a8b43e5dcea696db35cecf,"{""basis"":""ordered source-target formula atom"",""kind"":""source-target-formula-map""}"
1.1.0,formula,O007-FREMLIN-V2-APP-2A3-FORMULA-0540,O007-FREMLIN-V2-APP-2A3,O007-RIGHTS-FREMLIN-DSL,O007-FREMLIN-V2-APP-2A3-SEG-2A3MC,540,2A3Mc,2A3Mc,538,550,22696,22706,24232,24242,n\ge n_0,n\ge n_0,83d6a0883d644efcceaf3d6bf40366e35db82bed5841c93d3a1b30603d428440,83d6a0883d644efcceaf3d6bf40366e35db82bed5841c93d3a1b30603d428440,9e0a626d52905f5a28b4f1f68220930dc713734d8d63845c4439a69b482aa803,$,,9e0a626d52905f5a28b4f1f68220930dc713734d8d63845c4439a69b482aa803,9e0a626d52905f5a28b4f1f68220930dc713734d8d63845c4439a69b482aa803,"{""basis"":""ordered source-target formula atom"",""kind"":""source-target-formula-map""}"
1.1.0,formula,O007-FREMLIN-V2-APP-2A3-FORMULA-0541,O007-FREMLIN-V2-APP-2A3,O007-RIGHTS-FREMLIN-DSL,O007-FREMLIN-V2-APP-2A3-SEG-2A3MC,541,2A3Mc,2A3Mc,539,551,22717,22739,24250,24272,"\rho(x_n,x)<\epsilon","\rho(x_n,x)<\epsilon",d70eb7e252e747e13f708b9158181aa5ff36b7fae13817279da8cd2a58cccbab,d70eb7e252e747e13f708b9158181aa5ff36b7fae13817279da8cd2a58cccbab,d70eb7e252e747e13f708b9158181aa5ff36b7fae13817279da8cd2a58cccbab,$,,d70eb7e252e747e13f708b9158181aa5ff36b7fae13817279da8cd2a58cccbab,d70eb7e252e747e13f708b9158181aa5ff36b7fae13817279da8cd2a58cccbab,"{""basis"":""ordered source-target formula atom"",""kind"":""source-target-formula-map""}"
1.1.0,formula,O007-FREMLIN-V2-APP-2A3-FORMULA-0542,O007-FREMLIN-V2-APP-2A3,O007-RIGHTS-FREMLIN-DSL,O007-FREMLIN-V2-APP-2A3-SEG-2A3MC,542,2A3Mc,2A3Mc,539,551,22750,22760,24286,24296,n\ge n_0,n\ge n_0,83d6a0883d644efcceaf3d6bf40366e35db82bed5841c93d3a1b30603d428440,83d6a0883d644efcceaf3d6bf40366e35db82bed5841c93d3a1b30603d428440,9e0a626d52905f5a28b4f1f68220930dc713734d8d63845c4439a69b482aa803,$,,9e0a626d52905f5a28b4f1f68220930dc713734d8d63845c4439a69b482aa803,9e0a626d52905f5a28b4f1f68220930dc713734d8d63845c4439a69b482aa803,"{""basis"":""ordered source-target formula atom"",""kind"":""source-target-formula-map""}"
1.1.0,formula,O007-FREMLIN-V2-APP-2A3-FORMULA-0543,O007-FREMLIN-V2-APP-2A3,O007-RIGHTS-FREMLIN-DSL,O007-FREMLIN-V2-APP-2A3-SEG-2A3MC,543,2A3Mc,2A3Mc,539,551,22767,22777,24305,24315,\epsilon,\epsilon,8bc4bfc2bdebfaac14a98cde1deb3cf75202e7908905efb95c939c0481951f77,8bc4bfc2bdebfaac14a98cde1deb3cf75202e7908905efb95c939c0481951f77,8bc4bfc2bdebfaac14a98cde1deb3cf75202e7908905efb95c939c0481951f77,$,,8bc4bfc2bdebfaac14a98cde1deb3cf75202e7908905efb95c939c0481951f77,8bc4bfc2bdebfaac14a98cde1deb3cf75202e7908905efb95c939c0481951f77,"{""basis"":""ordered source-target formula atom"",""kind"":""source-target-formula-map""}"
1.1.0,formula,O007-FREMLIN-V2-APP-2A3-FORMULA-0544,O007-FREMLIN-V2-APP-2A3,O007-RIGHTS-FREMLIN-DSL,O007-FREMLIN-V2-APP-2A3-SEG-2A3MC,544,2A3Mc,2A3Mc,540,552,22792,22824,24326,24358,"\lim_{n\to\infty}\rho(x_n,x)=0","\lim_{n\to\infty}\rho(x_n,x)=0",aafea20cc14f3006db28129ae16f6cd445c382111dd49978146066aac502c67f,aafea20cc14f3006db28129ae16f6cd445c382111dd49978146066aac502c67f,aafea20cc14f3006db28129ae16f6cd445c382111dd49978146066aac502c67f,$,,aafea20cc14f3006db28129ae16f6cd445c382111dd49978146066aac502c67f,aafea20cc14f3006db28129ae16f6cd445c382111dd49978146066aac502c67f,"{""basis"":""ordered source-target formula atom"",""kind"":""source-target-formula-map""}"
1.1.0,formula,O007-FREMLIN-V2-APP-2A3-FORMULA-0545,O007-FREMLIN-V2-APP-2A3,O007-RIGHTS-FREMLIN-DSL,O007-FREMLIN-V2-APP-2A3-SEG-2A3MC,545,2A3Mc,2A3Mc,541,553,22889,22892,24420,24423,G,G,333e0a1e27815d0ceee55c473fe3dc93d56c63e3bee2b3b4aee8eed6d70191a3,333e0a1e27815d0ceee55c473fe3dc93d56c63e3bee2b3b4aee8eed6d70191a3,333e0a1e27815d0ceee55c473fe3dc93d56c63e3bee2b3b4aee8eed6d70191a3,$,,333e0a1e27815d0ceee55c473fe3dc93d56c63e3bee2b3b4aee8eed6d70191a3,333e0a1e27815d0ceee55c473fe3dc93d56c63e3bee2b3b4aee8eed6d70191a3,"{""basis"":""ordered source-target formula atom"",""kind"":""source-target-formula-map""}"
1.1.0,formula,O007-FREMLIN-V2-APP-2A3-FORMULA-0546,O007-FREMLIN-V2-APP-2A3,O007-RIGHTS-FREMLIN-DSL,O007-FREMLIN-V2-APP-2A3-SEG-2A3MC,546,2A3Mc,2A3Mc,541,553,22904,22907,24436,24439,X,x,4b68ab3847feda7d6c62c1fbcbeebfa35eab7351ed5e78f4ddadea5df64b8015,2d711642b726b04401627ca9fbac32f5c8530fb1903cc4db02258717921a4881,2d711642b726b04401627ca9fbac32f5c8530fb1903cc4db02258717921a4881,$,"[""O007-CORR-0380""]",4b68ab3847feda7d6c62c1fbcbeebfa35eab7351ed5e78f4ddadea5df64b8015,2d711642b726b04401627ca9fbac32f5c8530fb1903cc4db02258717921a4881,"{""basis"":""ordered formula atom; correction bound by receipt exception union"",""kind"":""source-target-formula-map""}"
1.1.0,formula,O007-FREMLIN-V2-APP-2A3-FORMULA-0547,O007-FREMLIN-V2-APP-2A3,O007-RIGHTS-FREMLIN-DSL,O007-FREMLIN-V2-APP-2A3-SEG-2A3MC,547,2A3Mc,2A3Mc,542,554,22926,22955,24450,24479,"\rho_0,\ldots,\rho_k\in\Rho","\rho_0,\ldots,\rho_k\in\Rho",7fb3f924059d27458454af4bb4e45ff293e9a32012531f150735f0b8bd2e3c98,7fb3f924059d27458454af4bb4e45ff293e9a32012531f150735f0b8bd2e3c98,7fb3f924059d27458454af4bb4e45ff293e9a32012531f150735f0b8bd2e3c98,$,,7fb3f924059d27458454af4bb4e45ff293e9a32012531f150735f0b8bd2e3c98,7fb3f924059d27458454af4bb4e45ff293e9a32012531f150735f0b8bd2e3c98,"{""basis"":""ordered source-target formula atom"",""kind"":""source-target-formula-map""}"
1.1.0,formula,O007-FREMLIN-V2-APP-2A3-FORMULA-0548,O007-FREMLIN-V2-APP-2A3,O007-RIGHTS-FREMLIN-DSL,O007-FREMLIN-V2-APP-2A3-SEG-2A3MC,548,2A3Mc,2A3Mc,542,554,22960,22970,24484,24494,\delta>0,\delta>0,28c5f4f559bc00a49055a369c53d2382bf799ab5fa662c1b53944e9762606ec9,28c5f4f559bc00a49055a369c53d2382bf799ab5fa662c1b53944e9762606ec9,28c5f4f559bc00a49055a369c53d2382bf799ab5fa662c1b53944e9762606ec9,$,,28c5f4f559bc00a49055a369c53d2382bf799ab5fa662c1b53944e9762606ec9,28c5f4f559bc00a49055a369c53d2382bf799ab5fa662c1b53944e9762606ec9,"{""basis"":""ordered source-target formula atom"",""kind"":""source-target-formula-map""}"
1.1.0,formula,O007-FREMLIN-V2-APP-2A3-FORMULA-0549,O007-FREMLIN-V2-APP-2A3,O007-RIGHTS-FREMLIN-DSL,O007-FREMLIN-V2-APP-2A3-SEG-2A3MC,549,2A3Mc,2A3Mc,543,555,22981,23026,24515,24560,"U(x;\rho_0,\ldots,\rho_k;\delta)\subseteq G","U(x;\rho_0,\ldots,\rho_k;\delta)\subseteq G",c28103458fb18254f043bff3d08f56a3125ad655f7378d6e4351432e60f25e40,c28103458fb18254f043bff3d08f56a3125ad655f7378d6e4351432e60f25e40,e9f0f8513f3c1a32ef252830607cd5c2e207598c95604e32615ea614ee9df533,$,,e9f0f8513f3c1a32ef252830607cd5c2e207598c95604e32615ea614ee9df533,e9f0f8513f3c1a32ef252830607cd5c2e207598c95604e32615ea614ee9df533,"{""basis"":""ordered source-target formula atom"",""kind"":""source-target-formula-map""}"
1.1.0,formula,O007-FREMLIN-V2-APP-2A3-FORMULA-0550,O007-FREMLIN-V2-APP-2A3,O007-RIGHTS-FREMLIN-DSL,O007-FREMLIN-V2-APP-2A3-SEG-2A3MC,550,2A3Mc,2A3Mc,543,555,23039,23047,24575,24583,i\le k,i\le k,519b8c078e14f210da37ca001e89a2818c5dc51a01b2642c2158a6d30e7af3e2,519b8c078e14f210da37ca001e89a2818c5dc51a01b2642c2158a6d30e7af3e2,467d2df0aee9fcf3eb67361b2283b6398c3f62346197b1d908709ffe977f43f3,$,,467d2df0aee9fcf3eb67361b2283b6398c3f62346197b1d908709ffe977f43f3,467d2df0aee9fcf3eb67361b2283b6398c3f62346197b1d908709ffe977f43f3,"{""basis"":""ordered source-target formula atom"",""kind"":""source-target-formula-map""}"
1.1.0,formula,O007-FREMLIN-V2-APP-2A3-FORMULA-0551,O007-FREMLIN-V2-APP-2A3,O007-RIGHTS-FREMLIN-DSL,O007-FREMLIN-V2-APP-2A3-SEG-2A3MC,551,2A3Mc,2A3Mc,544,556,23060,23074,24593,24607,n_i\in\Bbb N,n_i\in\Bbb N,503abfca78df1fc08a3500802c7f4253de04bb4f6029e011b9000843cbcdf6ca,503abfca78df1fc08a3500802c7f4253de04bb4f6029e011b9000843cbcdf6ca,30f3b4c2994196359fb298674e1bd6b25dec84d65d32e8726fae9bdfa3e78834,$,,30f3b4c2994196359fb298674e1bd6b25dec84d65d32e8726fae9bdfa3e78834,30f3b4c2994196359fb298674e1bd6b25dec84d65d32e8726fae9bdfa3e78834,"{""basis"":""ordered source-target formula atom"",""kind"":""source-target-formula-map""}"
1.1.0,formula,O007-FREMLIN-V2-APP-2A3-FORMULA-0552,O007-FREMLIN-V2-APP-2A3,O007-RIGHTS-FREMLIN-DSL,O007-FREMLIN-V2-APP-2A3-SEG-2A3MC,552,2A3Mc,2A3Mc,544,556,23085,23107,24628,24650,"\rho_i(x_n,x)<\delta","\rho_i(x_n,x)<\delta",8437b9f6b1092f29890a00dfc7ee9de6219d1ef84f58cff4a4e876ccc63d6214,8437b9f6b1092f29890a00dfc7ee9de6219d1ef84f58cff4a4e876ccc63d6214,8437b9f6b1092f29890a00dfc7ee9de6219d1ef84f58cff4a4e876ccc63d6214,$,,8437b9f6b1092f29890a00dfc7ee9de6219d1ef84f58cff4a4e876ccc63d6214,8437b9f6b1092f29890a00dfc7ee9de6219d1ef84f58cff4a4e876ccc63d6214,"{""basis"":""ordered source-target formula atom"",""kind"":""source-target-formula-map""}"
1.1.0,formula,O007-FREMLIN-V2-APP-2A3-FORMULA-0553,O007-FREMLIN-V2-APP-2A3,O007-RIGHTS-FREMLIN-DSL,O007-FREMLIN-V2-APP-2A3-SEG-2A3MC,553,2A3Mc,2A3Mc,544,557,23118,23128,24664,24674,"n\ge
n_i",n\ge n_i,25e1479877ebcc68f59b80c900e287249f8925aa2048e045093977ad6af6842e,b1d87b75e7ffd1ecfdf2f4f71dd62bc4ac5443fbc931802e576c3e85a7099ef5,bd79cad9e93b4cee3afbbb31fabf66dd05aa97ebf48ac0675c37f575aa3a21d2,$,,bd79cad9e93b4cee3afbbb31fabf66dd05aa97ebf48ac0675c37f575aa3a21d2,bd79cad9e93b4cee3afbbb31fabf66dd05aa97ebf48ac0675c37f575aa3a21d2,"{""basis"":""ordered source-target formula atom"",""kind"":""source-target-formula-map""}"
1.1.0,formula,O007-FREMLIN-V2-APP-2A3-FORMULA-0554,O007-FREMLIN-V2-APP-2A3,O007-RIGHTS-FREMLIN-DSL,O007-FREMLIN-V2-APP-2A3-SEG-2A3MC,554,2A3Mc,2A3Mc,545,557,23136,23162,24685,24711,"n^*=\max(n_0,\ldots,n_k)","n^*=\max(n_0,\ldots,n_k)",f95fe8027030026b1aacc7eb2ed5fc7f235be9dbd4872465153b193df6f9fd58,f95fe8027030026b1aacc7eb2ed5fc7f235be9dbd4872465153b193df6f9fd58,f95fe8027030026b1aacc7eb2ed5fc7f235be9dbd4872465153b193df6f9fd58,$,,f95fe8027030026b1aacc7eb2ed5fc7f235be9dbd4872465153b193df6f9fd58,f95fe8027030026b1aacc7eb2ed5fc7f235be9dbd4872465153b193df6f9fd58,"{""basis"":""ordered source-target formula atom"",""kind"":""source-target-formula-map""}"
1.1.0,formula,O007-FREMLIN-V2-APP-2A3-FORMULA-0555,O007-FREMLIN-V2-APP-2A3,O007-RIGHTS-FREMLIN-DSL,O007-FREMLIN-V2-APP-2A3-SEG-2A3MC,555,2A3Mc,2A3Mc,545,558,23170,23222,24718,24770,"x_n\in
U(x;\rho_0,\ldots,\rho_k;\delta)\subseteq G","x_n\in U(x;\rho_0,\ldots,\rho_k;\delta)\subseteq G",f7a9d89a9bfec904b2f92cb03d69d3decabb4267a25cc24479662d97b8d85f88,98b3a214a61d797a660d8553382832e71e4a4c06b2edaa822d6a9cf653734fdb,610a99968b7b506e9b5d4ee640eb0ebe1261ab550f0da4a88002e0c14ed80767,$,,610a99968b7b506e9b5d4ee640eb0ebe1261ab550f0da4a88002e0c14ed80767,610a99968b7b506e9b5d4ee640eb0ebe1261ab550f0da4a88002e0c14ed80767,"{""basis"":""ordered source-target formula atom"",""kind"":""source-target-formula-map""}"
1.1.0,formula,O007-FREMLIN-V2-APP-2A3-FORMULA-0556,O007-FREMLIN-V2-APP-2A3,O007-RIGHTS-FREMLIN-DSL,O007-FREMLIN-V2-APP-2A3-SEG-2A3MC,556,2A3Mc,2A3Mc,546,559,23233,23243,24784,24794,n\ge n^*,n\ge n^*,29cb605fc05dc6d233f8a8a965a8281401bdf2c2adedc5a3d1fa3674c533ea5e,29cb605fc05dc6d233f8a8a965a8281401bdf2c2adedc5a3d1fa3674c533ea5e,c5dfc8f66d4d0f3105d2ddbe55d15c780b5b320eaa35acc1a9c34aeb6a24b622,$,,c5dfc8f66d4d0f3105d2ddbe55d15c780b5b320eaa35acc1a9c34aeb6a24b622,c5dfc8f66d4d0f3105d2ddbe55d15c780b5b320eaa35acc1a9c34aeb6a24b622,"{""basis"":""ordered source-target formula atom"",""kind"":""source-target-formula-map""}"
1.1.0,formula,O007-FREMLIN-V2-APP-2A3-FORMULA-0557,O007-FREMLIN-V2-APP-2A3,O007-RIGHTS-FREMLIN-DSL,O007-FREMLIN-V2-APP-2A3-SEG-2A3MC,557,2A3Mc,2A3Mc,547,559,23250,23253,24803,24806,G,G,333e0a1e27815d0ceee55c473fe3dc93d56c63e3bee2b3b4aee8eed6d70191a3,333e0a1e27815d0ceee55c473fe3dc93d56c63e3bee2b3b4aee8eed6d70191a3,333e0a1e27815d0ceee55c473fe3dc93d56c63e3bee2b3b4aee8eed6d70191a3,$,,333e0a1e27815d0ceee55c473fe3dc93d56c63e3bee2b3b4aee8eed6d70191a3,333e0a1e27815d0ceee55c473fe3dc93d56c63e3bee2b3b4aee8eed6d70191a3,"{""basis"":""ordered source-target formula atom"",""kind"":""source-target-formula-map""}"
1.1.0,formula,O007-FREMLIN-V2-APP-2A3-FORMULA-0558,O007-FREMLIN-V2-APP-2A3,O007-RIGHTS-FREMLIN-DSL,O007-FREMLIN-V2-APP-2A3-SEG-2A3MC,558,2A3Mc,2A3Mc,547,559,23268,23290,24817,24839,\sequencen{x_n}\to x,\sequencen{x_n}\to x,932cd46a8cc099deba7456ad1167b4ea6f6a9f80ef750f8bc24be3c17fa913a0,932cd46a8cc099deba7456ad1167b4ea6f6a9f80ef750f8bc24be3c17fa913a0,eb05950e3d1081233314673768a13686bdb0263416c3642e706daa9dc9de7b8d,$,,eb05950e3d1081233314673768a13686bdb0263416c3642e706daa9dc9de7b8d,eb05950e3d1081233314673768a13686bdb0263416c3642e706daa9dc9de7b8d,"{""basis"":""ordered source-target formula atom"",""kind"":""source-target-formula-map""}"
1.1.0,formula,O007-FREMLIN-V2-APP-2A3-FORMULA-0559,O007-FREMLIN-V2-APP-2A3,O007-RIGHTS-FREMLIN-DSL,O007-FREMLIN-V2-APP-2A3-SEG-2A3MD,559,2A3Md,2A3Md,549,561,23320,23330,24874,24884,"(X,\rho)","(X,\rho)",fa8ed0d32b9aa95e8d7080f6670875ed1d3ef17778b8ab3e5df1bf04da4e5c0d,fa8ed0d32b9aa95e8d7080f6670875ed1d3ef17778b8ab3e5df1bf04da4e5c0d,fa8ed0d32b9aa95e8d7080f6670875ed1d3ef17778b8ab3e5df1bf04da4e5c0d,$,,fa8ed0d32b9aa95e8d7080f6670875ed1d3ef17778b8ab3e5df1bf04da4e5c0d,fa8ed0d32b9aa95e8d7080f6670875ed1d3ef17778b8ab3e5df1bf04da4e5c0d,"{""basis"":""ordered source-target formula atom"",""kind"":""source-target-formula-map""}"
1.1.0,formula,O007-FREMLIN-V2-APP-2A3-FORMULA-0560,O007-FREMLIN-V2-APP-2A3,O007-RIGHTS-FREMLIN-DSL,O007-FREMLIN-V2-APP-2A3-SEG-2A3MD,560,2A3Md,2A3Md,549,561,23350,23353,24899,24902,A,A,559aead08264d5795d3909718cdd05abd49572e84fe55590eef31a88a08fdffd,559aead08264d5795d3909718cdd05abd49572e84fe55590eef31a88a08fdffd,559aead08264d5795d3909718cdd05abd49572e84fe55590eef31a88a08fdffd,$,,559aead08264d5795d3909718cdd05abd49572e84fe55590eef31a88a08fdffd,559aead08264d5795d3909718cdd05abd49572e84fe55590eef31a88a08fdffd,"{""basis"":""ordered source-target formula atom"",""kind"":""source-target-formula-map""}"
1.1.0,formula,O007-FREMLIN-V2-APP-2A3-FORMULA-0561,O007-FREMLIN-V2-APP-2A3,O007-RIGHTS-FREMLIN-DSL,O007-FREMLIN-V2-APP-2A3-SEG-2A3MD,561,2A3Md,2A3Md,549,562,23366,23369,24924,24927,X,X,4b68ab3847feda7d6c62c1fbcbeebfa35eab7351ed5e78f4ddadea5df64b8015,4b68ab3847feda7d6c62c1fbcbeebfa35eab7351ed5e78f4ddadea5df64b8015,4b68ab3847feda7d6c62c1fbcbeebfa35eab7351ed5e78f4ddadea5df64b8015,$,,4b68ab3847feda7d6c62c1fbcbeebfa35eab7351ed5e78f4ddadea5df64b8015,4b68ab3847feda7d6c62c1fbcbeebfa35eab7351ed5e78f4ddadea5df64b8015,"{""basis"":""ordered source-target formula atom"",""kind"":""source-target-formula-map""}"
1.1.0,formula,O007-FREMLIN-V2-APP-2A3-FORMULA-0562,O007-FREMLIN-V2-APP-2A3,O007-RIGHTS-FREMLIN-DSL,O007-FREMLIN-V2-APP-2A3-SEG-2A3MD,562,2A3Md,2A3Md,550,562,23374,23382,24933,24941,x\in X,x\in X,d9448dfd3954dd39c12d483afd23d561b1b7d735af5f430b5dc457e6fa9ef99b,d9448dfd3954dd39c12d483afd23d561b1b7d735af5f430b5dc457e6fa9ef99b,858979f0c33c5f45e30780b82e2fa00184311296fbb7ef6bf3f4a6007c9b9cb1,$,,858979f0c33c5f45e30780b82e2fa00184311296fbb7ef6bf3f4a6007c9b9cb1,858979f0c33c5f45e30780b82e2fa00184311296fbb7ef6bf3f4a6007c9b9cb1,"{""basis"":""ordered source-target formula atom"",""kind"":""source-target-formula-map""}"
1.1.0,formula,O007-FREMLIN-V2-APP-2A3-FORMULA-0563,O007-FREMLIN-V2-APP-2A3,O007-RIGHTS-FREMLIN-DSL,O007-FREMLIN-V2-APP-2A3-SEG-2A3MD,563,2A3Md,2A3Md,550,562,23391,23409,24948,24966,x\in\overline{A},x\in\overline{A},53de30c752ff8c75bf7ed00a9119e746acd2f93ce2834029d748e3ebd78a6f68,53de30c752ff8c75bf7ed00a9119e746acd2f93ce2834029d748e3ebd78a6f68,53de30c752ff8c75bf7ed00a9119e746acd2f93ce2834029d748e3ebd78a6f68,$,,53de30c752ff8c75bf7ed00a9119e746acd2f93ce2834029d748e3ebd78a6f68,53de30c752ff8c75bf7ed00a9119e746acd2f93ce2834029d748e3ebd78a6f68,"{""basis"":""ordered source-target formula atom"",""kind"":""source-target-formula-map""}"
1.1.0,formula,O007-FREMLIN-V2-APP-2A3-FORMULA-0564,O007-FREMLIN-V2-APP-2A3,O007-RIGHTS-FREMLIN-DSL,O007-FREMLIN-V2-APP-2A3-SEG-2A3MD,564,2A3Md,2A3Md,550,563,23437,23440,25010,25013,A,A,559aead08264d5795d3909718cdd05abd49572e84fe55590eef31a88a08fdffd,559aead08264d5795d3909718cdd05abd49572e84fe55590eef31a88a08fdffd,559aead08264d5795d3909718cdd05abd49572e84fe55590eef31a88a08fdffd,$,,559aead08264d5795d3909718cdd05abd49572e84fe55590eef31a88a08fdffd,559aead08264d5795d3909718cdd05abd49572e84fe55590eef31a88a08fdffd,"{""basis"":""ordered source-target formula atom"",""kind"":""source-target-formula-map""}"
1.1.0,formula,O007-FREMLIN-V2-APP-2A3-FORMULA-0565,O007-FREMLIN-V2-APP-2A3,O007-RIGHTS-FREMLIN-DSL,O007-FREMLIN-V2-APP-2A3-SEG-2A3MD,565,2A3Md,2A3Md,551,563,23455,23458,25032,25035,x,x,2d711642b726b04401627ca9fbac32f5c8530fb1903cc4db02258717921a4881,2d711642b726b04401627ca9fbac32f5c8530fb1903cc4db02258717921a4881,2d711642b726b04401627ca9fbac32f5c8530fb1903cc4db02258717921a4881,$,,2d711642b726b04401627ca9fbac32f5c8530fb1903cc4db02258717921a4881,2d711642b726b04401627ca9fbac32f5c8530fb1903cc4db02258717921a4881,"{""basis"":""ordered source-target formula atom"",""kind"":""source-target-formula-map""}"
1.1.0,formula,O007-FREMLIN-V2-APP-2A3-FORMULA-0566,O007-FREMLIN-V2-APP-2A3,O007-RIGHTS-FREMLIN-DSL,O007-FREMLIN-V2-APP-2A3-SEG-2A3MD,566,2A3Md,2A3Md,551,564,23490,23508,25067,25085,x\in\overline{A},x\in\overline{A},53de30c752ff8c75bf7ed00a9119e746acd2f93ce2834029d748e3ebd78a6f68,53de30c752ff8c75bf7ed00a9119e746acd2f93ce2834029d748e3ebd78a6f68,53de30c752ff8c75bf7ed00a9119e746acd2f93ce2834029d748e3ebd78a6f68,$,,53de30c752ff8c75bf7ed00a9119e746acd2f93ce2834029d748e3ebd78a6f68,53de30c752ff8c75bf7ed00a9119e746acd2f93ce2834029d748e3ebd78a6f68,"{""basis"":""ordered source-target formula atom"",""kind"":""source-target-formula-map""}"
1.1.0,formula,O007-FREMLIN-V2-APP-2A3-FORMULA-0567,O007-FREMLIN-V2-APP-2A3,O007-RIGHTS-FREMLIN-DSL,O007-FREMLIN-V2-APP-2A3-SEG-2A3MD,567,2A3Md,2A3Md,552,565,23525,23537,25105,25117,n\in\Bbb N,n\in\Bbb N,d213946df59f2b85be55436de61a489b7c24c216dfb26056fc2946b32c730709,d213946df59f2b85be55436de61a489b7c24c216dfb26056fc2946b32c730709,02bb197ae0de627eb1861382dcf81826f92f1895770d739be7f05b2435488186,$,,02bb197ae0de627eb1861382dcf81826f92f1895770d739be7f05b2435488186,02bb197ae0de627eb1861382dcf81826f92f1895770d739be7f05b2435488186,"{""basis"":""ordered source-target formula atom"",""kind"":""source-target-formula-map""}"
1.1.0,formula,O007-FREMLIN-V2-APP-2A3-FORMULA-0568,O007-FREMLIN-V2-APP-2A3,O007-RIGHTS-FREMLIN-DSL,O007-FREMLIN-V2-APP-2A3-SEG-2A3MD,568,2A3Md,2A3Md,553,566,23560,23591,25148,25179,x_n\in A\cap U(x;\rho;2^{-n}),x_n\in A\cap U(x;\rho;2^{-n}),1d5cfb59791652abf90ee6be9b07a24eb3bc3b2f72d0ed2f01262c04f151b714,1d5cfb59791652abf90ee6be9b07a24eb3bc3b2f72d0ed2f01262c04f151b714,7e7c65299e09408436022c934b9edd84e94a824504a81fb33923bcb896511209,$,,7e7c65299e09408436022c934b9edd84e94a824504a81fb33923bcb896511209,7e7c65299e09408436022c934b9edd84e94a824504a81fb33923bcb896511209,"{""basis"":""ordered source-target formula atom"",""kind"":""source-target-formula-map""}"
1.1.0,formula,O007-FREMLIN-V2-APP-2A3-FORMULA-0569,O007-FREMLIN-V2-APP-2A3,O007-RIGHTS-FREMLIN-DSL,O007-FREMLIN-V2-APP-2A3-SEG-2A3MD,569,2A3Md,2A3Md,554,567,23606,23628,25199,25221,\sequencen{x_n}\to x,\sequencen{x_n}\to x,932cd46a8cc099deba7456ad1167b4ea6f6a9f80ef750f8bc24be3c17fa913a0,932cd46a8cc099deba7456ad1167b4ea6f6a9f80ef750f8bc24be3c17fa913a0,eb05950e3d1081233314673768a13686bdb0263416c3642e706daa9dc9de7b8d,$,,eb05950e3d1081233314673768a13686bdb0263416c3642e706daa9dc9de7b8d,eb05950e3d1081233314673768a13686bdb0263416c3642e706daa9dc9de7b8d,"{""basis"":""ordered source-target formula atom"",""kind"":""source-target-formula-map""}"
1.1.0,formula,O007-FREMLIN-V2-APP-2A3-FORMULA-0570,O007-FREMLIN-V2-APP-2A3,O007-RIGHTS-FREMLIN-DSL,O007-FREMLIN-V2-APP-2A3-SEG-2A3MD,570,2A3Md,2A3Md,554,567,23646,23663,25241,25258,\sequencen{x_n},\sequencen{x_n},8fcb4c5b6ff5fce72b731fb6eee0aefdf4f4182268e8d556e05615b87faaa78e,8fcb4c5b6ff5fce72b731fb6eee0aefdf4f4182268e8d556e05615b87faaa78e,8fcb4c5b6ff5fce72b731fb6eee0aefdf4f4182268e8d556e05615b87faaa78e,$,,8fcb4c5b6ff5fce72b731fb6eee0aefdf4f4182268e8d556e05615b87faaa78e,8fcb4c5b6ff5fce72b731fb6eee0aefdf4f4182268e8d556e05615b87faaa78e,"{""basis"":""ordered source-target formula atom"",""kind"":""source-target-formula-map""}"
1.1.0,formula,O007-FREMLIN-V2-APP-2A3-FORMULA-0571,O007-FREMLIN-V2-APP-2A3,O007-RIGHTS-FREMLIN-DSL,O007-FREMLIN-V2-APP-2A3-SEG-2A3MD,571,2A3Md,2A3Md,555,568,23681,23684,25280,25283,A,A,559aead08264d5795d3909718cdd05abd49572e84fe55590eef31a88a08fdffd,559aead08264d5795d3909718cdd05abd49572e84fe55590eef31a88a08fdffd,559aead08264d5795d3909718cdd05abd49572e84fe55590eef31a88a08fdffd,$,,559aead08264d5795d3909718cdd05abd49572e84fe55590eef31a88a08fdffd,559aead08264d5795d3909718cdd05abd49572e84fe55590eef31a88a08fdffd,"{""basis"":""ordered source-target formula atom"",""kind"":""source-target-formula-map""}"
1.1.0,formula,O007-FREMLIN-V2-APP-2A3-FORMULA-0572,O007-FREMLIN-V2-APP-2A3,O007-RIGHTS-FREMLIN-DSL,O007-FREMLIN-V2-APP-2A3-SEG-2A3MD,572,2A3Md,2A3Md,555,568,23699,23702,25302,25305,x,x,2d711642b726b04401627ca9fbac32f5c8530fb1903cc4db02258717921a4881,2d711642b726b04401627ca9fbac32f5c8530fb1903cc4db02258717921a4881,2d711642b726b04401627ca9fbac32f5c8530fb1903cc4db02258717921a4881,$,,2d711642b726b04401627ca9fbac32f5c8530fb1903cc4db02258717921a4881,2d711642b726b04401627ca9fbac32f5c8530fb1903cc4db02258717921a4881,"{""basis"":""ordered source-target formula atom"",""kind"":""source-target-formula-map""}"
1.1.0,formula,O007-FREMLIN-V2-APP-2A3-FORMULA-0573,O007-FREMLIN-V2-APP-2A3,O007-RIGHTS-FREMLIN-DSL,O007-FREMLIN-V2-APP-2A3-SEG-2A3MD,573,2A3Md,2A3Md,555,568,23728,23731,25342,25345,G,G,333e0a1e27815d0ceee55c473fe3dc93d56c63e3bee2b3b4aee8eed6d70191a3,333e0a1e27815d0ceee55c473fe3dc93d56c63e3bee2b3b4aee8eed6d70191a3,333e0a1e27815d0ceee55c473fe3dc93d56c63e3bee2b3b4aee8eed6d70191a3,$,,333e0a1e27815d0ceee55c473fe3dc93d56c63e3bee2b3b4aee8eed6d70191a3,333e0a1e27815d0ceee55c473fe3dc93d56c63e3bee2b3b4aee8eed6d70191a3,"{""basis"":""ordered source-target formula atom"",""kind"":""source-target-formula-map""}"
1.1.0,formula,O007-FREMLIN-V2-APP-2A3-FORMULA-0574,O007-FREMLIN-V2-APP-2A3,O007-RIGHTS-FREMLIN-DSL,O007-FREMLIN-V2-APP-2A3-SEG-2A3MD,574,2A3Md,2A3Md,556,569,23743,23746,25358,25361,x,x,2d711642b726b04401627ca9fbac32f5c8530fb1903cc4db02258717921a4881,2d711642b726b04401627ca9fbac32f5c8530fb1903cc4db02258717921a4881,2d711642b726b04401627ca9fbac32f5c8530fb1903cc4db02258717921a4881,$,,2d711642b726b04401627ca9fbac32f5c8530fb1903cc4db02258717921a4881,2d711642b726b04401627ca9fbac32f5c8530fb1903cc4db02258717921a4881,"{""basis"":""ordered source-target formula atom"",""kind"":""source-target-formula-map""}"
1.1.0,formula,O007-FREMLIN-V2-APP-2A3-FORMULA-0575,O007-FREMLIN-V2-APP-2A3,O007-RIGHTS-FREMLIN-DSL,O007-FREMLIN-V2-APP-2A3-SEG-2A3MD,575,2A3Md,2A3Md,556,569,23759,23762,25371,25374,n,n,1b16b1df538ba12dc3f97edbb85caa7050d46c148134290feba80f8236c83db9,1b16b1df538ba12dc3f97edbb85caa7050d46c148134290feba80f8236c83db9,1b16b1df538ba12dc3f97edbb85caa7050d46c148134290feba80f8236c83db9,$,,1b16b1df538ba12dc3f97edbb85caa7050d46c148134290feba80f8236c83db9,1b16b1df538ba12dc3f97edbb85caa7050d46c148134290feba80f8236c83db9,"{""basis"":""ordered source-target formula atom"",""kind"":""source-target-formula-map""}"
1.1.0,formula,O007-FREMLIN-V2-APP-2A3-FORMULA-0576,O007-FREMLIN-V2-APP-2A3,O007-RIGHTS-FREMLIN-DSL,O007-FREMLIN-V2-APP-2A3-SEG-2A3MD,576,2A3Md,2A3Md,556,569,23773,23783,25384,25394,x_n\in G,x_n\in G,01c649d58dd2411151ef4d9523c2cf1a2b73dcb19a163f176786ab3ca5dd019f,01c649d58dd2411151ef4d9523c2cf1a2b73dcb19a163f176786ab3ca5dd019f,db1857848b1a3d54aa1ef3bf79d90225ae5aca5493a8b43e5dcea696db35cecf,$,,db1857848b1a3d54aa1ef3bf79d90225ae5aca5493a8b43e5dcea696db35cecf,db1857848b1a3d54aa1ef3bf79d90225ae5aca5493a8b43e5dcea696db35cecf,"{""basis"":""ordered source-target formula atom"",""kind"":""source-target-formula-map""}"
1.1.0,formula,O007-FREMLIN-V2-APP-2A3-FORMULA-0577,O007-FREMLIN-V2-APP-2A3,O007-RIGHTS-FREMLIN-DSL,O007-FREMLIN-V2-APP-2A3-SEG-2A3MD,577,2A3Md,2A3Md,556,569,23793,23814,25405,25426,"A\cap
G\ne\emptyset","A\cap
G\ne\emptyset",5419c5dbbbc9be9aae8fdf0f1e658360cd59892f10311a1b5a9591ff39bf1ada,5419c5dbbbc9be9aae8fdf0f1e658360cd59892f10311a1b5a9591ff39bf1ada,be516277c2c002994bc85b4eca2aa8a8f65ee2f309d50744f1589eeff02eba7f,$,,be516277c2c002994bc85b4eca2aa8a8f65ee2f309d50744f1589eeff02eba7f,be516277c2c002994bc85b4eca2aa8a8f65ee2f309d50744f1589eeff02eba7f,"{""basis"":""ordered source-target formula atom"",""kind"":""source-target-formula-map""}"
1.1.0,formula,O007-FREMLIN-V2-APP-2A3-FORMULA-0578,O007-FREMLIN-V2-APP-2A3,O007-RIGHTS-FREMLIN-DSL,O007-FREMLIN-V2-APP-2A3-SEG-2A3MD,578,2A3Md,2A3Md,557,570,23827,23845,25441,25459,x\in\overline{A},x\in\overline{A},53de30c752ff8c75bf7ed00a9119e746acd2f93ce2834029d748e3ebd78a6f68,53de30c752ff8c75bf7ed00a9119e746acd2f93ce2834029d748e3ebd78a6f68,53de30c752ff8c75bf7ed00a9119e746acd2f93ce2834029d748e3ebd78a6f68,$,,53de30c752ff8c75bf7ed00a9119e746acd2f93ce2834029d748e3ebd78a6f68,53de30c752ff8c75bf7ed00a9119e746acd2f93ce2834029d748e3ebd78a6f68,"{""basis"":""ordered source-target formula atom"",""kind"":""source-target-formula-map""}"
1.1.0,formula,O007-FREMLIN-V2-APP-2A3-FORMULA-0579,O007-FREMLIN-V2-APP-2A3,O007-RIGHTS-FREMLIN-DSL,O007-FREMLIN-V2-APP-2A3-SEG-2A3NA,579,2A3Na,2A3Na,562,575,24004,24017,25627,25640,"(X,\frak T)","(X,\frak T)",e61a78818f95155816c51558053b207746d21d984f7d96e50144d5c403fa9916,e61a78818f95155816c51558053b207746d21d984f7d96e50144d5c403fa9916,cafba6d9a47dfea2abf87370a28228acfbc03058933dce9166c4573d1628cd2c,$,,cafba6d9a47dfea2abf87370a28228acfbc03058933dce9166c4573d1628cd2c,cafba6d9a47dfea2abf87370a28228acfbc03058933dce9166c4573d1628cd2c,"{""basis"":""ordered source-target formula atom"",""kind"":""source-target-formula-map""}"
1.1.0,formula,O007-FREMLIN-V2-APP-2A3-FORMULA-0580,O007-FREMLIN-V2-APP-2A3,O007-RIGHTS-FREMLIN-DSL,O007-FREMLIN-V2-APP-2A3-SEG-2A3NA,580,2A3Na,2A3Na,563,576,24053,24056,25690,25693,K,K,86be9a55762d316a3026c2836d044f5fc76e34da10e1b45feee5f18be7edb177,86be9a55762d316a3026c2836d044f5fc76e34da10e1b45feee5f18be7edb177,86be9a55762d316a3026c2836d044f5fc76e34da10e1b45feee5f18be7edb177,$,,86be9a55762d316a3026c2836d044f5fc76e34da10e1b45feee5f18be7edb177,86be9a55762d316a3026c2836d044f5fc76e34da10e1b45feee5f18be7edb177,"{""basis"":""ordered source-target formula atom"",""kind"":""source-target-formula-map""}"
1.1.0,formula,O007-FREMLIN-V2-APP-2A3-FORMULA-0581,O007-FREMLIN-V2-APP-2A3,O007-RIGHTS-FREMLIN-DSL,O007-FREMLIN-V2-APP-2A3-SEG-2A3NA,581,2A3Na,2A3Na,563,576,24060,24063,25699,25702,X,X,4b68ab3847feda7d6c62c1fbcbeebfa35eab7351ed5e78f4ddadea5df64b8015,4b68ab3847feda7d6c62c1fbcbeebfa35eab7351ed5e78f4ddadea5df64b8015,4b68ab3847feda7d6c62c1fbcbeebfa35eab7351ed5e78f4ddadea5df64b8015,$,,4b68ab3847feda7d6c62c1fbcbeebfa35eab7351ed5e78f4ddadea5df64b8015,4b68ab3847feda7d6c62c1fbcbeebfa35eab7351ed5e78f4ddadea5df64b8015,"{""basis"":""ordered source-target formula atom"",""kind"":""source-target-formula-map""}"
1.1.0,formula,O007-FREMLIN-V2-APP-2A3-FORMULA-0582,O007-FREMLIN-V2-APP-2A3,O007-RIGHTS-FREMLIN-DSL,O007-FREMLIN-V2-APP-2A3-SEG-2A3NA,582,2A3Na,2A3Na,564,577,24093,24101,25742,25750,\Cal G,\Cal G,e780f02ac3d8349327da24c389bd24847b98abc1b10ce849d80ac4b9046fc326,e780f02ac3d8349327da24c389bd24847b98abc1b10ce849d80ac4b9046fc326,41221f9f44e357ae4ee9309b669e95124e392fd3f8db159f16d4d155cb4f5739,$,,41221f9f44e357ae4ee9309b669e95124e392fd3f8db159f16d4d155cb4f5739,41221f9f44e357ae4ee9309b669e95124e392fd3f8db159f16d4d155cb4f5739,"{""basis"":""ordered source-target formula atom"",""kind"":""source-target-formula-map""}"
1.1.0,formula,O007-FREMLIN-V2-APP-2A3-FORMULA-0583,O007-FREMLIN-V2-APP-2A3,O007-RIGHTS-FREMLIN-DSL,O007-FREMLIN-V2-APP-2A3-SEG-2A3NA,583,2A3Na,2A3Na,564,577,24117,24126,25773,25782,\frak T,\frak T,0647f8d3ad6092ab3a9c92fd71ee29d66b86e14d9c9582db084142bee077c226,0647f8d3ad6092ab3a9c92fd71ee29d66b86e14d9c9582db084142bee077c226,44c7e1dba9432c4271c4d22b9a844dc7f447c4cb30f1129ac0c3db3f54646d4b,$,,44c7e1dba9432c4271c4d22b9a844dc7f447c4cb30f1129ac0c3db3f54646d4b,44c7e1dba9432c4271c4d22b9a844dc7f447c4cb30f1129ac0c3db3f54646d4b,"{""basis"":""ordered source-target formula atom"",""kind"":""source-target-formula-map""}"
1.1.0,formula,O007-FREMLIN-V2-APP-2A3-FORMULA-0584,O007-FREMLIN-V2-APP-2A3,O007-RIGHTS-FREMLIN-DSL,O007-FREMLIN-V2-APP-2A3-SEG-2A3NA,584,2A3Na,2A3Na,564,577,24136,24139,25797,25800,K,K,86be9a55762d316a3026c2836d044f5fc76e34da10e1b45feee5f18be7edb177,86be9a55762d316a3026c2836d044f5fc76e34da10e1b45feee5f18be7edb177,86be9a55762d316a3026c2836d044f5fc76e34da10e1b45feee5f18be7edb177,$,,86be9a55762d316a3026c2836d044f5fc76e34da10e1b45feee5f18be7edb177,86be9a55762d316a3026c2836d044f5fc76e34da10e1b45feee5f18be7edb177,"{""basis"":""ordered source-target formula atom"",""kind"":""source-target-formula-map""}"
1.1.0,formula,O007-FREMLIN-V2-APP-2A3-FORMULA-0585,O007-FREMLIN-V2-APP-2A3,O007-RIGHTS-FREMLIN-DSL,O007-FREMLIN-V2-APP-2A3-SEG-2A3NA,585,2A3Na,2A3Na,565,578,24164,24189,25830,25855,\Cal G_0\subseteq\Cal G,\Cal G_0\subseteq\Cal G,a88b45bc5d0b0baa924bb31b45d0ae8d41723734192a6f537b712f2adb7a7c00,a88b45bc5d0b0baa924bb31b45d0ae8d41723734192a6f537b712f2adb7a7c00,384452ea9492d1dab99f4ca0b4a491ae086af5ec0f7b7637ce664db202c65da6,$,,384452ea9492d1dab99f4ca0b4a491ae086af5ec0f7b7637ce664db202c65da6,384452ea9492d1dab99f4ca0b4a491ae086af5ec0f7b7637ce664db202c65da6,"{""basis"":""ordered source-target formula atom"",""kind"":""source-target-formula-map""}"
1.1.0,formula,O007-FREMLIN-V2-APP-2A3-FORMULA-0586,O007-FREMLIN-V2-APP-2A3,O007-RIGHTS-FREMLIN-DSL,O007-FREMLIN-V2-APP-2A3-SEG-2A3NA,586,2A3Na,2A3Na,565,578,24199,24202,25870,25873,K,K,86be9a55762d316a3026c2836d044f5fc76e34da10e1b45feee5f18be7edb177,86be9a55762d316a3026c2836d044f5fc76e34da10e1b45feee5f18be7edb177,86be9a55762d316a3026c2836d044f5fc76e34da10e1b45feee5f18be7edb177,$,,86be9a55762d316a3026c2836d044f5fc76e34da10e1b45feee5f18be7edb177,86be9a55762d316a3026c2836d044f5fc76e34da10e1b45feee5f18be7edb177,"{""basis"":""ordered source-target formula atom"",""kind"":""source-target-formula-map""}"
1.1.0,formula,O007-FREMLIN-V2-APP-2A3-FORMULA-0587,O007-FREMLIN-V2-APP-2A3,O007-RIGHTS-FREMLIN-DSL,O007-FREMLIN-V2-APP-2A3-SEG-2A3NA,587,2A3Na,2A3Na,567,580,24316,24330,26006,26020,A\subseteq X,A\subseteq X,1cf36e769d74cacb0248b00ea70c5fd132c50e55622b780c890e91816f726b88,1cf36e769d74cacb0248b00ea70c5fd132c50e55622b780c890e91816f726b88,d1193567821266844024558ec63a8dc1c0e6f8bbdf2948430a22df5ce80a3001,$,,d1193567821266844024558ec63a8dc1c0e6f8bbdf2948430a22df5ce80a3001,d1193567821266844024558ec63a8dc1c0e6f8bbdf2948430a22df5ce80a3001,"{""basis"":""ordered source-target formula atom"",""kind"":""source-target-formula-map""}"
1.1.0,formula,O007-FREMLIN-V2-APP-2A3-FORMULA-0588,O007-FREMLIN-V2-APP-2A3,O007-RIGHTS-FREMLIN-DSL,O007-FREMLIN-V2-APP-2A3-SEG-2A3NA,588,2A3Na,2A3Na,567,581,24362,24365,26056,26059,X,X,4b68ab3847feda7d6c62c1fbcbeebfa35eab7351ed5e78f4ddadea5df64b8015,4b68ab3847feda7d6c62c1fbcbeebfa35eab7351ed5e78f4ddadea5df64b8015,4b68ab3847feda7d6c62c1fbcbeebfa35eab7351ed5e78f4ddadea5df64b8015,$,,4b68ab3847feda7d6c62c1fbcbeebfa35eab7351ed5e78f4ddadea5df64b8015,4b68ab3847feda7d6c62c1fbcbeebfa35eab7351ed5e78f4ddadea5df64b8015,"{""basis"":""ordered source-target formula atom"",""kind"":""source-target-formula-map""}"
1.1.0,formula,O007-FREMLIN-V2-APP-2A3-FORMULA-0589,O007-FREMLIN-V2-APP-2A3,O007-RIGHTS-FREMLIN-DSL,O007-FREMLIN-V2-APP-2A3-SEG-2A3NA,589,2A3Na,2A3Na,568,582,24398,24401,26102,26105,X,X,4b68ab3847feda7d6c62c1fbcbeebfa35eab7351ed5e78f4ddadea5df64b8015,4b68ab3847feda7d6c62c1fbcbeebfa35eab7351ed5e78f4ddadea5df64b8015,4b68ab3847feda7d6c62c1fbcbeebfa35eab7351ed5e78f4ddadea5df64b8015,$,,4b68ab3847feda7d6c62c1fbcbeebfa35eab7351ed5e78f4ddadea5df64b8015,4b68ab3847feda7d6c62c1fbcbeebfa35eab7351ed5e78f4ddadea5df64b8015,"{""basis"":""ordered source-target formula atom"",""kind"":""source-target-formula-map""}"
1.1.0,formula,O007-FREMLIN-V2-APP-2A3-FORMULA-0590,O007-FREMLIN-V2-APP-2A3,O007-RIGHTS-FREMLIN-DSL,O007-FREMLIN-V2-APP-2A3-SEG-2A3NA,590,2A3Na,2A3Na,568,582,24412,24415,26118,26121,A,A,559aead08264d5795d3909718cdd05abd49572e84fe55590eef31a88a08fdffd,559aead08264d5795d3909718cdd05abd49572e84fe55590eef31a88a08fdffd,559aead08264d5795d3909718cdd05abd49572e84fe55590eef31a88a08fdffd,$,,559aead08264d5795d3909718cdd05abd49572e84fe55590eef31a88a08fdffd,559aead08264d5795d3909718cdd05abd49572e84fe55590eef31a88a08fdffd,"{""basis"":""ordered source-target formula atom"",""kind"":""source-target-formula-map""}"
1.1.0,formula,O007-FREMLIN-V2-APP-2A3-FORMULA-0591,O007-FREMLIN-V2-APP-2A3,O007-RIGHTS-FREMLIN-DSL,O007-FREMLIN-V2-APP-2A3-SEG-2A3NA,591,2A3Na,2A3Na,570,584,24509,24523,26215,26229,\overline{A},\overline{A},ae63fa62faf059c1f1bb1220035e133f209abef13a38b512a8fafb1aad9f5ecc,ae63fa62faf059c1f1bb1220035e133f209abef13a38b512a8fafb1aad9f5ecc,ae63fa62faf059c1f1bb1220035e133f209abef13a38b512a8fafb1aad9f5ecc,$,,ae63fa62faf059c1f1bb1220035e133f209abef13a38b512a8fafb1aad9f5ecc,ae63fa62faf059c1f1bb1220035e133f209abef13a38b512a8fafb1aad9f5ecc,"{""basis"":""ordered source-target formula atom"",""kind"":""source-target-formula-map""}"
1.1.0,formula,O007-FREMLIN-V2-APP-2A3-FORMULA-0592,O007-FREMLIN-V2-APP-2A3,O007-RIGHTS-FREMLIN-DSL,O007-FREMLIN-V2-APP-2A3-SEG-2A3NB,592,2A3Nb,2A3Nb,578,592,24719,24722,26429,26432,K,K,86be9a55762d316a3026c2836d044f5fc76e34da10e1b45feee5f18be7edb177,86be9a55762d316a3026c2836d044f5fc76e34da10e1b45feee5f18be7edb177,86be9a55762d316a3026c2836d044f5fc76e34da10e1b45feee5f18be7edb177,$,,86be9a55762d316a3026c2836d044f5fc76e34da10e1b45feee5f18be7edb177,86be9a55762d316a3026c2836d044f5fc76e34da10e1b45feee5f18be7edb177,"{""basis"":""ordered source-target formula atom"",""kind"":""source-target-formula-map""}"
1.1.0,formula,O007-FREMLIN-V2-APP-2A3-FORMULA-0593,O007-FREMLIN-V2-APP-2A3,O007-RIGHTS-FREMLIN-DSL,O007-FREMLIN-V2-APP-2A3-SEG-2A3NB,593,2A3Nb,2A3Nb,578,592,24738,24741,26444,26447,E,E,a9f51566bd6705f7ea6ad54bb9deb449f795582d6529a0e22207b8981233ec58,a9f51566bd6705f7ea6ad54bb9deb449f795582d6529a0e22207b8981233ec58,a9f51566bd6705f7ea6ad54bb9deb449f795582d6529a0e22207b8981233ec58,$,,a9f51566bd6705f7ea6ad54bb9deb449f795582d6529a0e22207b8981233ec58,a9f51566bd6705f7ea6ad54bb9deb449f795582d6529a0e22207b8981233ec58,"{""basis"":""ordered source-target formula atom"",""kind"":""source-target-formula-map""}"
1.1.0,formula,O007-FREMLIN-V2-APP-2A3-FORMULA-0594,O007-FREMLIN-V2-APP-2A3,O007-RIGHTS-FREMLIN-DSL,O007-FREMLIN-V2-APP-2A3-SEG-2A3NB,594,2A3Nb,2A3Nb,578,592,24758,24767,26463,26472,K\cap E,K\cap E,fa4a9204264f5278aeb77806d340a1fc34466b2b479ed49ec3946507181bacd7,fa4a9204264f5278aeb77806d340a1fc34466b2b479ed49ec3946507181bacd7,feaab3ebf67aa7121c6bbb83c42545a7a4ec206336dc9a9f78c9e3e7c5aa3526,$,,feaab3ebf67aa7121c6bbb83c42545a7a4ec206336dc9a9f78c9e3e7c5aa3526,feaab3ebf67aa7121c6bbb83c42545a7a4ec206336dc9a9f78c9e3e7c5aa3526,"{""basis"":""ordered source-target formula atom"",""kind"":""source-target-formula-map""}"
1.1.0,formula,O007-FREMLIN-V2-APP-2A3-FORMULA-0595,O007-FREMLIN-V2-APP-2A3,O007-RIGHTS-FREMLIN-DSL,O007-FREMLIN-V2-APP-2A3-SEG-2A3NB,595,2A3Nb,2A3Nb,583,597,24811,24825,26521,26535,K\subseteq X,K\subseteq X,7aaecded5d13d3118e2c85e36491fd06b8238a1d6d08f77558a056ea86b4d803,7aaecded5d13d3118e2c85e36491fd06b8238a1d6d08f77558a056ea86b4d803,8455b4ef32ffc45d711d185dee62a8f6d54049140a5aeb8c039f681dc465a8d7,$,,8455b4ef32ffc45d711d185dee62a8f6d54049140a5aeb8c039f681dc465a8d7,8455b4ef32ffc45d711d185dee62a8f6d54049140a5aeb8c039f681dc465a8d7,"{""basis"":""ordered source-target formula atom"",""kind"":""source-target-formula-map""}"
1.1.0,formula,O007-FREMLIN-V2-APP-2A3-FORMULA-0596,O007-FREMLIN-V2-APP-2A3,O007-RIGHTS-FREMLIN-DSL,O007-FREMLIN-V2-APP-2A3-SEG-2A3NB,596,2A3Nb,2A3Nb,583,597,24841,24854,26547,26560,\phi:K\to Y,\phi:K\to Y,fdeeda3da5a4c4e5787ab4bf3c6555043441208a455bd631b25aa5fc2b9f1cc6,fdeeda3da5a4c4e5787ab4bf3c6555043441208a455bd631b25aa5fc2b9f1cc6,65b03c74e665f019c8b5847d1bc8d7e4431437a17b08d3c66b247e2cca37099b,$,,65b03c74e665f019c8b5847d1bc8d7e4431437a17b08d3c66b247e2cca37099b,65b03c74e665f019c8b5847d1bc8d7e4431437a17b08d3c66b247e2cca37099b,"{""basis"":""ordered source-target formula atom"",""kind"":""source-target-formula-map""}"
1.1.0,formula,O007-FREMLIN-V2-APP-2A3-FORMULA-0597,O007-FREMLIN-V2-APP-2A3,O007-RIGHTS-FREMLIN-DSL,O007-FREMLIN-V2-APP-2A3-SEG-2A3NB,597,2A3Nb,2A3Nb,585,599,24876,24889,26584,26597,"(Y,\frak S)","(Y,\frak S)",24d922db39ebf7493e184d085b1af56463424b56f8fc7f4d9213b9840c6e4f9c,24d922db39ebf7493e184d085b1af56463424b56f8fc7f4d9213b9840c6e4f9c,ff360fb1373ff061931764fc324cfd9227979a40812defeedf190c9278b10559,$,,ff360fb1373ff061931764fc324cfd9227979a40812defeedf190c9278b10559,ff360fb1373ff061931764fc324cfd9227979a40812defeedf190c9278b10559,"{""basis"":""ordered source-target formula atom"",""kind"":""source-target-formula-map""}"
1.1.0,formula,O007-FREMLIN-V2-APP-2A3-FORMULA-0598,O007-FREMLIN-V2-APP-2A3,O007-RIGHTS-FREMLIN-DSL,O007-FREMLIN-V2-APP-2A3-SEG-2A3NB,598,2A3Nb,2A3Nb,585,599,24925,24934,26625,26634,\phi[K],\phi[K],cc917114376162a5ed4233f5887459bd477dda9bd42418763d4ab8efc8de1dfa,cc917114376162a5ed4233f5887459bd477dda9bd42418763d4ab8efc8de1dfa,cc917114376162a5ed4233f5887459bd477dda9bd42418763d4ab8efc8de1dfa,$,,cc917114376162a5ed4233f5887459bd477dda9bd42418763d4ab8efc8de1dfa,cc917114376162a5ed4233f5887459bd477dda9bd42418763d4ab8efc8de1dfa,"{""basis"":""ordered source-target formula atom"",""kind"":""source-target-formula-map""}"
1.1.0,formula,O007-FREMLIN-V2-APP-2A3-FORMULA-0599,O007-FREMLIN-V2-APP-2A3,O007-RIGHTS-FREMLIN-DSL,O007-FREMLIN-V2-APP-2A3-SEG-2A3NB,599,2A3Nb,2A3Nb,586,600,24958,24961,26670,26673,Y,Y,18f5384d58bcb1bba0bcd9e6a6781d1a6ac2cc280c330ecbab6cb7931b721552,18f5384d58bcb1bba0bcd9e6a6781d1a6ac2cc280c330ecbab6cb7931b721552,18f5384d58bcb1bba0bcd9e6a6781d1a6ac2cc280c330ecbab6cb7931b721552,$,,18f5384d58bcb1bba0bcd9e6a6781d1a6ac2cc280c330ecbab6cb7931b721552,18f5384d58bcb1bba0bcd9e6a6781d1a6ac2cc280c330ecbab6cb7931b721552,"{""basis"":""ordered source-target formula atom"",""kind"":""source-target-formula-map""}"
1.1.0,formula,O007-FREMLIN-V2-APP-2A3-FORMULA-0600,O007-FREMLIN-V2-APP-2A3,O007-RIGHTS-FREMLIN-DSL,O007-FREMLIN-V2-APP-2A3-SEG-2A3NB,600,2A3Nb,2A3Nb,590,604,24994,25008,26708,26722,K\subseteq X,K\subseteq X,7aaecded5d13d3118e2c85e36491fd06b8238a1d6d08f77558a056ea86b4d803,7aaecded5d13d3118e2c85e36491fd06b8238a1d6d08f77558a056ea86b4d803,8455b4ef32ffc45d711d185dee62a8f6d54049140a5aeb8c039f681dc465a8d7,$,,8455b4ef32ffc45d711d185dee62a8f6d54049140a5aeb8c039f681dc465a8d7,8455b4ef32ffc45d711d185dee62a8f6d54049140a5aeb8c039f681dc465a8d7,"{""basis"":""ordered source-target formula atom"",""kind"":""source-target-formula-map""}"
1.1.0,formula,O007-FREMLIN-V2-APP-2A3-FORMULA-0601,O007-FREMLIN-V2-APP-2A3,O007-RIGHTS-FREMLIN-DSL,O007-FREMLIN-V2-APP-2A3-SEG-2A3NB,601,2A3Nb,2A3Nb,590,604,25024,25041,26734,26751,\phi:K\to\Bbb R,\phi:K\to\Bbb R,df8d020f1973f6095df7291d643e2e3a056083305b952a7845db959ec33b2981,df8d020f1973f6095df7291d643e2e3a056083305b952a7845db959ec33b2981,c0250ac962cd09cbd6fd86b3add1576e2c052a906c1326095b5d3a831bcd1433,$,,c0250ac962cd09cbd6fd86b3add1576e2c052a906c1326095b5d3a831bcd1433,c0250ac962cd09cbd6fd86b3add1576e2c052a906c1326095b5d3a831bcd1433,"{""basis"":""ordered source-target formula atom"",""kind"":""source-target-formula-map""}"
1.1.0,formula,O007-FREMLIN-V2-APP-2A3-FORMULA-0602,O007-FREMLIN-V2-APP-2A3,O007-RIGHTS-FREMLIN-DSL,O007-FREMLIN-V2-APP-2A3-SEG-2A3NB,602,2A3Nb,2A3Nb,591,605,25062,25068,26773,26779,\phi,\phi,10ce0200b450ea955833553e717821c7721818b8a95cffd7e54b46e08918b512,10ce0200b450ea955833553e717821c7721818b8a95cffd7e54b46e08918b512,10ce0200b450ea955833553e717821c7721818b8a95cffd7e54b46e08918b512,$,,10ce0200b450ea955833553e717821c7721818b8a95cffd7e54b46e08918b512,10ce0200b450ea955833553e717821c7721818b8a95cffd7e54b46e08918b512,"{""basis"":""ordered source-target formula atom"",""kind"":""source-target-formula-map""}"
1.1.0,formula,O007-FREMLIN-V2-APP-2A3-FORMULA-0603,O007-FREMLIN-V2-APP-2A3,O007-RIGHTS-FREMLIN-DSL,O007-FREMLIN-V2-APP-2A3-SEG-2A3O,603,2A3O,2A3O,594,607,25143,25156,26872,26885,"(X,\frak T)","(X,\frak T)",e61a78818f95155816c51558053b207746d21d984f7d96e50144d5c403fa9916,e61a78818f95155816c51558053b207746d21d984f7d96e50144d5c403fa9916,cafba6d9a47dfea2abf87370a28228acfbc03058933dce9166c4573d1628cd2c,$,,cafba6d9a47dfea2abf87370a28228acfbc03058933dce9166c4573d1628cd2c,cafba6d9a47dfea2abf87370a28228acfbc03058933dce9166c4573d1628cd2c,"{""basis"":""ordered source-target formula atom"",""kind"":""source-target-formula-map""}"
1.1.0,formula,O007-FREMLIN-V2-APP-2A3-FORMULA-0604,O007-FREMLIN-V2-APP-2A3,O007-RIGHTS-FREMLIN-DSL,O007-FREMLIN-V2-APP-2A3-SEG-2A3O,604,2A3O,2A3O,594,608,25185,25202,26913,26930,\sequencen{x_n},\sequencen{x_n},8fcb4c5b6ff5fce72b731fb6eee0aefdf4f4182268e8d556e05615b87faaa78e,8fcb4c5b6ff5fce72b731fb6eee0aefdf4f4182268e8d556e05615b87faaa78e,8fcb4c5b6ff5fce72b731fb6eee0aefdf4f4182268e8d556e05615b87faaa78e,$,,8fcb4c5b6ff5fce72b731fb6eee0aefdf4f4182268e8d556e05615b87faaa78e,8fcb4c5b6ff5fce72b731fb6eee0aefdf4f4182268e8d556e05615b87faaa78e,"{""basis"":""ordered source-target formula atom"",""kind"":""source-target-formula-map""}"
1.1.0,formula,O007-FREMLIN-V2-APP-2A3-FORMULA-0605,O007-FREMLIN-V2-APP-2A3,O007-RIGHTS-FREMLIN-DSL,O007-FREMLIN-V2-APP-2A3-SEG-2A3O,605,2A3O,2A3O,596,608,25220,25223,26952,26955,X,X,4b68ab3847feda7d6c62c1fbcbeebfa35eab7351ed5e78f4ddadea5df64b8015,4b68ab3847feda7d6c62c1fbcbeebfa35eab7351ed5e78f4ddadea5df64b8015,4b68ab3847feda7d6c62c1fbcbeebfa35eab7351ed5e78f4ddadea5df64b8015,$,,4b68ab3847feda7d6c62c1fbcbeebfa35eab7351ed5e78f4ddadea5df64b8015,4b68ab3847feda7d6c62c1fbcbeebfa35eab7351ed5e78f4ddadea5df64b8015,"{""basis"":""ordered source-target formula atom"",""kind"":""source-target-formula-map""}"
1.1.0,formula,O007-FREMLIN-V2-APP-2A3-FORMULA-0606,O007-FREMLIN-V2-APP-2A3,O007-RIGHTS-FREMLIN-DSL,O007-FREMLIN-V2-APP-2A3-SEG-2A3O,606,2A3O,2A3O,596,609,25255,25272,26992,27009,\sequencen{x_n},\sequencen{x_n},8fcb4c5b6ff5fce72b731fb6eee0aefdf4f4182268e8d556e05615b87faaa78e,8fcb4c5b6ff5fce72b731fb6eee0aefdf4f4182268e8d556e05615b87faaa78e,8fcb4c5b6ff5fce72b731fb6eee0aefdf4f4182268e8d556e05615b87faaa78e,$,,8fcb4c5b6ff5fce72b731fb6eee0aefdf4f4182268e8d556e05615b87faaa78e,8fcb4c5b6ff5fce72b731fb6eee0aefdf4f4182268e8d556e05615b87faaa78e,"{""basis"":""ordered source-target formula atom"",""kind"":""source-target-formula-map""}"
1.1.0,formula,O007-FREMLIN-V2-APP-2A3-FORMULA-0607,O007-FREMLIN-V2-APP-2A3,O007-RIGHTS-FREMLIN-DSL,O007-FREMLIN-V2-APP-2A3-SEG-2A3O,607,2A3O,2A3O,596,609,25279,25287,27023,27031,x\in X,x\in X,d9448dfd3954dd39c12d483afd23d561b1b7d735af5f430b5dc457e6fa9ef99b,d9448dfd3954dd39c12d483afd23d561b1b7d735af5f430b5dc457e6fa9ef99b,858979f0c33c5f45e30780b82e2fa00184311296fbb7ef6bf3f4a6007c9b9cb1,$,,858979f0c33c5f45e30780b82e2fa00184311296fbb7ef6bf3f4a6007c9b9cb1,858979f0c33c5f45e30780b82e2fa00184311296fbb7ef6bf3f4a6007c9b9cb1,"{""basis"":""ordered source-target formula atom"",""kind"":""source-target-formula-map""}"
1.1.0,formula,O007-FREMLIN-V2-APP-2A3-FORMULA-0608,O007-FREMLIN-V2-APP-2A3,O007-RIGHTS-FREMLIN-DSL,O007-FREMLIN-V2-APP-2A3-SEG-2A3O,608,2A3O,2A3O,597,610,25307,25310,27065,27068,G,G,333e0a1e27815d0ceee55c473fe3dc93d56c63e3bee2b3b4aee8eed6d70191a3,333e0a1e27815d0ceee55c473fe3dc93d56c63e3bee2b3b4aee8eed6d70191a3,333e0a1e27815d0ceee55c473fe3dc93d56c63e3bee2b3b4aee8eed6d70191a3,$,,333e0a1e27815d0ceee55c473fe3dc93d56c63e3bee2b3b4aee8eed6d70191a3,333e0a1e27815d0ceee55c473fe3dc93d56c63e3bee2b3b4aee8eed6d70191a3,"{""basis"":""ordered source-target formula atom"",""kind"":""source-target-formula-map""}"
1.1.0,formula,O007-FREMLIN-V2-APP-2A3-FORMULA-0609,O007-FREMLIN-V2-APP-2A3,O007-RIGHTS-FREMLIN-DSL,O007-FREMLIN-V2-APP-2A3-SEG-2A3O,609,2A3O,2A3O,597,610,25337,25340,27108,27111,x,x,2d711642b726b04401627ca9fbac32f5c8530fb1903cc4db02258717921a4881,2d711642b726b04401627ca9fbac32f5c8530fb1903cc4db02258717921a4881,2d711642b726b04401627ca9fbac32f5c8530fb1903cc4db02258717921a4881,$,,2d711642b726b04401627ca9fbac32f5c8530fb1903cc4db02258717921a4881,2d711642b726b04401627ca9fbac32f5c8530fb1903cc4db02258717921a4881,"{""basis"":""ordered source-target formula atom"",""kind"":""source-target-formula-map""}"
1.1.0,formula,O007-FREMLIN-V2-APP-2A3-FORMULA-0610,O007-FREMLIN-V2-APP-2A3,O007-RIGHTS-FREMLIN-DSL,O007-FREMLIN-V2-APP-2A3-SEG-2A3O,610,2A3O,2A3O,597,611,25345,25357,27116,27128,n\in\Bbb N,n\in\Bbb N,d213946df59f2b85be55436de61a489b7c24c216dfb26056fc2946b32c730709,d213946df59f2b85be55436de61a489b7c24c216dfb26056fc2946b32c730709,02bb197ae0de627eb1861382dcf81826f92f1895770d739be7f05b2435488186,$,,02bb197ae0de627eb1861382dcf81826f92f1895770d739be7f05b2435488186,02bb197ae0de627eb1861382dcf81826f92f1895770d739be7f05b2435488186,"{""basis"":""ordered source-target formula atom"",""kind"":""source-target-formula-map""}"
1.1.0,formula,O007-FREMLIN-V2-APP-2A3-FORMULA-0611,O007-FREMLIN-V2-APP-2A3,O007-RIGHTS-FREMLIN-DSL,O007-FREMLIN-V2-APP-2A3-SEG-2A3O,611,2A3O,2A3O,598,611,25374,25382,27139,27147,k\ge n,k\ge n,d9b851b776d246781c2fdd84ee8ec4b5d9b4a528ec6b6cd429fefc25e4ffbab9,d9b851b776d246781c2fdd84ee8ec4b5d9b4a528ec6b6cd429fefc25e4ffbab9,5b51f104184c1de7c03c40b7302ab8f67a2a8f7f3d7cad109336f5c0e042ebd3,$,,5b51f104184c1de7c03c40b7302ab8f67a2a8f7f3d7cad109336f5c0e042ebd3,5b51f104184c1de7c03c40b7302ab8f67a2a8f7f3d7cad109336f5c0e042ebd3,"{""basis"":""ordered source-target formula atom"",""kind"":""source-target-formula-map""}"
1.1.0,formula,O007-FREMLIN-V2-APP-2A3-FORMULA-0612,O007-FREMLIN-V2-APP-2A3,O007-RIGHTS-FREMLIN-DSL,O007-FREMLIN-V2-APP-2A3-SEG-2A3O,612,2A3O,2A3O,598,611,25393,25403,27155,27165,x_k\in G,x_k\in G,0150a331bea472bb8976e0c0143a39fc37ff93240904784c7f04dd7ec7565cde,0150a331bea472bb8976e0c0143a39fc37ff93240904784c7f04dd7ec7565cde,0cae311e4d91636fbcad8527dc332fd2f9b3fb9ad59173a2e93f5618cd3b28dd,$,,0cae311e4d91636fbcad8527dc332fd2f9b3fb9ad59173a2e93f5618cd3b28dd,0cae311e4d91636fbcad8527dc332fd2f9b3fb9ad59173a2e93f5618cd3b28dd,"{""basis"":""ordered source-target formula atom"",""kind"":""source-target-formula-map""}"
1.1.0,formula,O007-FREMLIN-V2-APP-2A3-FORMULA-0613,O007-FREMLIN-V2-APP-2A3,O007-RIGHTS-FREMLIN-DSL,O007-FREMLIN-V2-APP-2A3-SEG-2A3OB,613,2A3Ob,2A3Ob,600,613,25437,25450,27197,27210,"(X,\frak T)","(X,\frak T)",e61a78818f95155816c51558053b207746d21d984f7d96e50144d5c403fa9916,e61a78818f95155816c51558053b207746d21d984f7d96e50144d5c403fa9916,cafba6d9a47dfea2abf87370a28228acfbc03058933dce9166c4573d1628cd2c,$,,cafba6d9a47dfea2abf87370a28228acfbc03058933dce9166c4573d1628cd2c,cafba6d9a47dfea2abf87370a28228acfbc03058933dce9166c4573d1628cd2c,"{""basis"":""ordered source-target formula atom"",""kind"":""source-target-formula-map""}"
1.1.0,formula,O007-FREMLIN-V2-APP-2A3-FORMULA-0614,O007-FREMLIN-V2-APP-2A3,O007-RIGHTS-FREMLIN-DSL,O007-FREMLIN-V2-APP-2A3-SEG-2A3OB,614,2A3Ob,2A3Ob,601,614,25478,25492,27238,27252,A\subseteq X,A\subseteq X,1cf36e769d74cacb0248b00ea70c5fd132c50e55622b780c890e91816f726b88,1cf36e769d74cacb0248b00ea70c5fd132c50e55622b780c890e91816f726b88,d1193567821266844024558ec63a8dc1c0e6f8bbdf2948430a22df5ce80a3001,$,,d1193567821266844024558ec63a8dc1c0e6f8bbdf2948430a22df5ce80a3001,d1193567821266844024558ec63a8dc1c0e6f8bbdf2948430a22df5ce80a3001,"{""basis"":""ordered source-target formula atom"",""kind"":""source-target-formula-map""}"
1.1.0,formula,O007-FREMLIN-V2-APP-2A3-FORMULA-0615,O007-FREMLIN-V2-APP-2A3,O007-RIGHTS-FREMLIN-DSL,O007-FREMLIN-V2-APP-2A3-SEG-2A3OB,615,2A3Ob,2A3Ob,602,614,25531,25548,27289,27306,\sequencen{x_n},\sequencen{x_n},8fcb4c5b6ff5fce72b731fb6eee0aefdf4f4182268e8d556e05615b87faaa78e,8fcb4c5b6ff5fce72b731fb6eee0aefdf4f4182268e8d556e05615b87faaa78e,8fcb4c5b6ff5fce72b731fb6eee0aefdf4f4182268e8d556e05615b87faaa78e,$,,8fcb4c5b6ff5fce72b731fb6eee0aefdf4f4182268e8d556e05615b87faaa78e,8fcb4c5b6ff5fce72b731fb6eee0aefdf4f4182268e8d556e05615b87faaa78e,"{""basis"":""ordered source-target formula atom"",""kind"":""source-target-formula-map""}"
1.1.0,formula,O007-FREMLIN-V2-APP-2A3-FORMULA-0616,O007-FREMLIN-V2-APP-2A3,O007-RIGHTS-FREMLIN-DSL,O007-FREMLIN-V2-APP-2A3-SEG-2A3OB,616,2A3Ob,2A3Ob,602,615,25552,25555,27313,27316,A,A,559aead08264d5795d3909718cdd05abd49572e84fe55590eef31a88a08fdffd,559aead08264d5795d3909718cdd05abd49572e84fe55590eef31a88a08fdffd,559aead08264d5795d3909718cdd05abd49572e84fe55590eef31a88a08fdffd,$,,559aead08264d5795d3909718cdd05abd49572e84fe55590eef31a88a08fdffd,559aead08264d5795d3909718cdd05abd49572e84fe55590eef31a88a08fdffd,"{""basis"":""ordered source-target formula atom"",""kind"":""source-target-formula-map""}"
1.1.0,formula,O007-FREMLIN-V2-APP-2A3-FORMULA-0617,O007-FREMLIN-V2-APP-2A3,O007-RIGHTS-FREMLIN-DSL,O007-FREMLIN-V2-APP-2A3-SEG-2A3OB,617,2A3Ob,2A3Ob,602,615,25579,25582,27345,27348,X,X,4b68ab3847feda7d6c62c1fbcbeebfa35eab7351ed5e78f4ddadea5df64b8015,4b68ab3847feda7d6c62c1fbcbeebfa35eab7351ed5e78f4ddadea5df64b8015,4b68ab3847feda7d6c62c1fbcbeebfa35eab7351ed5e78f4ddadea5df64b8015,$,,4b68ab3847feda7d6c62c1fbcbeebfa35eab7351ed5e78f4ddadea5df64b8015,4b68ab3847feda7d6c62c1fbcbeebfa35eab7351ed5e78f4ddadea5df64b8015,"{""basis"":""ordered source-target formula atom"",""kind"":""source-target-formula-map""}"
1.1.0,formula,O007-FREMLIN-V2-APP-2A3-FORMULA-0618,O007-FREMLIN-V2-APP-2A3,O007-RIGHTS-FREMLIN-DSL,O007-FREMLIN-V2-APP-2A3-SEG-2A3OB,618,2A3Ob,2A3Ob,604,617,25604,25607,27375,27378,K,K,86be9a55762d316a3026c2836d044f5fc76e34da10e1b45feee5f18be7edb177,86be9a55762d316a3026c2836d044f5fc76e34da10e1b45feee5f18be7edb177,86be9a55762d316a3026c2836d044f5fc76e34da10e1b45feee5f18be7edb177,$,,86be9a55762d316a3026c2836d044f5fc76e34da10e1b45feee5f18be7edb177,86be9a55762d316a3026c2836d044f5fc76e34da10e1b45feee5f18be7edb177,"{""basis"":""ordered source-target formula atom"",""kind"":""source-target-formula-map""}"
1.1.0,formula,O007-FREMLIN-V2-APP-2A3-FORMULA-0619,O007-FREMLIN-V2-APP-2A3,O007-RIGHTS-FREMLIN-DSL,O007-FREMLIN-V2-APP-2A3-SEG-2A3OB,619,2A3Ob,2A3Ob,604,617,25631,25634,27407,27410,X,X,4b68ab3847feda7d6c62c1fbcbeebfa35eab7351ed5e78f4ddadea5df64b8015,4b68ab3847feda7d6c62c1fbcbeebfa35eab7351ed5e78f4ddadea5df64b8015,4b68ab3847feda7d6c62c1fbcbeebfa35eab7351ed5e78f4ddadea5df64b8015,$,,4b68ab3847feda7d6c62c1fbcbeebfa35eab7351ed5e78f4ddadea5df64b8015,4b68ab3847feda7d6c62c1fbcbeebfa35eab7351ed5e78f4ddadea5df64b8015,"{""basis"":""ordered source-target formula atom"",""kind"":""source-target-formula-map""}"
1.1.0,formula,O007-FREMLIN-V2-APP-2A3-FORMULA-0620,O007-FREMLIN-V2-APP-2A3,O007-RIGHTS-FREMLIN-DSL,O007-FREMLIN-V2-APP-2A3-SEG-2A3OB,620,2A3Ob,2A3Ob,604,617,25645,25648,27423,27426,A,A,559aead08264d5795d3909718cdd05abd49572e84fe55590eef31a88a08fdffd,559aead08264d5795d3909718cdd05abd49572e84fe55590eef31a88a08fdffd,559aead08264d5795d3909718cdd05abd49572e84fe55590eef31a88a08fdffd,$,,559aead08264d5795d3909718cdd05abd49572e84fe55590eef31a88a08fdffd,559aead08264d5795d3909718cdd05abd49572e84fe55590eef31a88a08fdffd,"{""basis"":""ordered source-target formula atom"",""kind"":""source-target-formula-map""}"
1.1.0,formula,O007-FREMLIN-V2-APP-2A3-FORMULA-0621,O007-FREMLIN-V2-APP-2A3,O007-RIGHTS-FREMLIN-DSL,O007-FREMLIN-V2-APP-2A3-SEG-2A3OB,621,2A3Ob,2A3Ob,606,619,25670,25730,27450,27510,"\Cal G=\{G:G\in\frak T,\,\{n:x_n\in G\}\text{ is
finite}\}","\Cal G=\{G:G\in\frak T,\,\{n:x_n\in G\}\text{
berhingga}\}",e73b785f871b2e34f7cd05978d0c4864099375ae3490683b5adc11964bfdf43d,f8a8934509c3e9aef5a3b4ccdf3574a4fba13d052862612b95a587c197fa8152,8e355daa411ed439a56cf662754e29923020ad33e28a4a81d2bbbf04cf09fe84,$,,8e355daa411ed439a56cf662754e29923020ad33e28a4a81d2bbbf04cf09fe84,8e355daa411ed439a56cf662754e29923020ad33e28a4a81d2bbbf04cf09fe84,"{""basis"":""ordered source-target formula atom"",""kind"":""source-target-formula-map""}"
1.1.0,formula,O007-FREMLIN-V2-APP-2A3-FORMULA-0622,O007-FREMLIN-V2-APP-2A3,O007-RIGHTS-FREMLIN-DSL,O007-FREMLIN-V2-APP-2A3-SEG-2A3OB,622,2A3Ob,2A3Ob,609,622,25753,25761,27535,27543,\Cal G,\Cal G,e780f02ac3d8349327da24c389bd24847b98abc1b10ce849d80ac4b9046fc326,e780f02ac3d8349327da24c389bd24847b98abc1b10ce849d80ac4b9046fc326,41221f9f44e357ae4ee9309b669e95124e392fd3f8db159f16d4d155cb4f5739,$,,41221f9f44e357ae4ee9309b669e95124e392fd3f8db159f16d4d155cb4f5739,41221f9f44e357ae4ee9309b669e95124e392fd3f8db159f16d4d155cb4f5739,"{""basis"":""ordered source-target formula atom"",""kind"":""source-target-formula-map""}"
1.1.0,formula,O007-FREMLIN-V2-APP-2A3-FORMULA-0623,O007-FREMLIN-V2-APP-2A3,O007-RIGHTS-FREMLIN-DSL,O007-FREMLIN-V2-APP-2A3-SEG-2A3OB,623,2A3Ob,2A3Ob,609,622,25769,25772,27553,27556,K,K,86be9a55762d316a3026c2836d044f5fc76e34da10e1b45feee5f18be7edb177,86be9a55762d316a3026c2836d044f5fc76e34da10e1b45feee5f18be7edb177,86be9a55762d316a3026c2836d044f5fc76e34da10e1b45feee5f18be7edb177,$,,86be9a55762d316a3026c2836d044f5fc76e34da10e1b45feee5f18be7edb177,86be9a55762d316a3026c2836d044f5fc76e34da10e1b45feee5f18be7edb177,"{""basis"":""ordered source-target formula atom"",""kind"":""source-target-formula-map""}"
1.1.0,formula,O007-FREMLIN-V2-APP-2A3-FORMULA-0624,O007-FREMLIN-V2-APP-2A3,O007-RIGHTS-FREMLIN-DSL,O007-FREMLIN-V2-APP-2A3-SEG-2A3OB,624,2A3Ob,2A3Ob,610,623,25797,25822,27567,27592,\Cal G_0\subseteq\Cal G,\Cal G_0\subseteq\Cal G,a88b45bc5d0b0baa924bb31b45d0ae8d41723734192a6f537b712f2adb7a7c00,a88b45bc5d0b0baa924bb31b45d0ae8d41723734192a6f537b712f2adb7a7c00,384452ea9492d1dab99f4ca0b4a491ae086af5ec0f7b7637ce664db202c65da6,$,,384452ea9492d1dab99f4ca0b4a491ae086af5ec0f7b7637ce664db202c65da6,384452ea9492d1dab99f4ca0b4a491ae086af5ec0f7b7637ce664db202c65da6,"{""basis"":""ordered source-target formula atom"",""kind"":""source-target-formula-map""}"
1.1.0,formula,O007-FREMLIN-V2-APP-2A3-FORMULA-0625,O007-FREMLIN-V2-APP-2A3,O007-RIGHTS-FREMLIN-DSL,O007-FREMLIN-V2-APP-2A3-SEG-2A3OB,625,2A3Ob,2A3Ob,610,623,25832,25835,27617,27620,K,K,86be9a55762d316a3026c2836d044f5fc76e34da10e1b45feee5f18be7edb177,86be9a55762d316a3026c2836d044f5fc76e34da10e1b45feee5f18be7edb177,86be9a55762d316a3026c2836d044f5fc76e34da10e1b45feee5f18be7edb177,$,,86be9a55762d316a3026c2836d044f5fc76e34da10e1b45feee5f18be7edb177,86be9a55762d316a3026c2836d044f5fc76e34da10e1b45feee5f18be7edb177,"{""basis"":""ordered source-target formula atom"",""kind"":""source-target-formula-map""}"
1.1.0,formula,O007-FREMLIN-V2-APP-2A3-FORMULA-0626,O007-FREMLIN-V2-APP-2A3,O007-RIGHTS-FREMLIN-DSL,O007-FREMLIN-V2-APP-2A3-SEG-2A3OB,626,2A3Ob,2A3Ob,612,625,25856,25945,27646,27735,"\Bbb N=\{n:x_n\in A\}=\{n:x_n\in\bigcup\Cal G_0\}
=\bigcup_{G\in\Cal G_0}\{n:x_n\in G\}","\Bbb N=\{n:x_n\in A\}=\{n:x_n\in\bigcup\Cal G_0\}
=\bigcup_{G\in\Cal G_0}\{n:x_n\in G\}",0b4fb842835f5080c1c725f8bfd4e970c65841db17bccde6db198de98ebbefc0,0b4fb842835f5080c1c725f8bfd4e970c65841db17bccde6db198de98ebbefc0,fff708e4d363f2229cfe106e4d1433b772486907d27ba391e614556ce6e48d81,$,,fff708e4d363f2229cfe106e4d1433b772486907d27ba391e614556ce6e48d81,fff708e4d363f2229cfe106e4d1433b772486907d27ba391e614556ce6e48d81,"{""basis"":""ordered source-target formula atom"",""kind"":""source-target-formula-map""}"
1.1.0,formula,O007-FREMLIN-V2-APP-2A3-FORMULA-0627,O007-FREMLIN-V2-APP-2A3,O007-RIGHTS-FREMLIN-DSL,O007-FREMLIN-V2-APP-2A3-SEG-2A3OB,627,2A3Ob,2A3Ob,616,629,26023,26031,27843,27851,\Cal G,\Cal G,e780f02ac3d8349327da24c389bd24847b98abc1b10ce849d80ac4b9046fc326,e780f02ac3d8349327da24c389bd24847b98abc1b10ce849d80ac4b9046fc326,41221f9f44e357ae4ee9309b669e95124e392fd3f8db159f16d4d155cb4f5739,$,,41221f9f44e357ae4ee9309b669e95124e392fd3f8db159f16d4d155cb4f5739,41221f9f44e357ae4ee9309b669e95124e392fd3f8db159f16d4d155cb4f5739,"{""basis"":""ordered source-target formula atom"",""kind"":""source-target-formula-map""}"
1.1.0,formula,O007-FREMLIN-V2-APP-2A3-FORMULA-0628,O007-FREMLIN-V2-APP-2A3,O007-RIGHTS-FREMLIN-DSL,O007-FREMLIN-V2-APP-2A3-SEG-2A3OB,628,2A3Ob,2A3Ob,616,629,26047,26050,27867,27870,K,K,86be9a55762d316a3026c2836d044f5fc76e34da10e1b45feee5f18be7edb177,86be9a55762d316a3026c2836d044f5fc76e34da10e1b45feee5f18be7edb177,86be9a55762d316a3026c2836d044f5fc76e34da10e1b45feee5f18be7edb177,$,,86be9a55762d316a3026c2836d044f5fc76e34da10e1b45feee5f18be7edb177,86be9a55762d316a3026c2836d044f5fc76e34da10e1b45feee5f18be7edb177,"{""basis"":""ordered source-target formula atom"",""kind"":""source-target-formula-map""}"
1.1.0,formula,O007-FREMLIN-V2-APP-2A3-FORMULA-0629,O007-FREMLIN-V2-APP-2A3,O007-RIGHTS-FREMLIN-DSL,O007-FREMLIN-V2-APP-2A3-SEG-2A3OB,629,2A3Ob,2A3Ob,617,630,26061,26091,27887,27917,x\in K\setminus\bigcup\Cal G,x\in K\setminus\bigcup\Cal G,815c86cb2a9f37a2583646d6ed8fc9861d6bc408c21d968edbd34c113c5bbcfc,815c86cb2a9f37a2583646d6ed8fc9861d6bc408c21d968edbd34c113c5bbcfc,85f047d7e8df2d36823a60a33f5ee5d26aae85dfc9f42586d594dac58ae9e5db,$,,85f047d7e8df2d36823a60a33f5ee5d26aae85dfc9f42586d594dac58ae9e5db,85f047d7e8df2d36823a60a33f5ee5d26aae85dfc9f42586d594dac58ae9e5db,"{""basis"":""ordered source-target formula atom"",""kind"":""source-target-formula-map""}"
1.1.0,formula,O007-FREMLIN-V2-APP-2A3-FORMULA-0630,O007-FREMLIN-V2-APP-2A3,O007-RIGHTS-FREMLIN-DSL,O007-FREMLIN-V2-APP-2A3-SEG-2A3OB,630,2A3Ob,2A3Ob,617,630,26098,26111,27924,27937,G\in\frak T,G\in\frak T,b82a50f81f936c4f7466606f362478a4d3098bbc6711c7101a72a6440d09f8c0,b82a50f81f936c4f7466606f362478a4d3098bbc6711c7101a72a6440d09f8c0,346a784641a12c5fc5326734b09c843f9c8d79b03b700a450a8a2b9f932edf77,$,,346a784641a12c5fc5326734b09c843f9c8d79b03b700a450a8a2b9f932edf77,346a784641a12c5fc5326734b09c843f9c8d79b03b700a450a8a2b9f932edf77,"{""basis"":""ordered source-target formula atom"",""kind"":""source-target-formula-map""}"
1.1.0,formula,O007-FREMLIN-V2-APP-2A3-FORMULA-0631,O007-FREMLIN-V2-APP-2A3,O007-RIGHTS-FREMLIN-DSL,O007-FREMLIN-V2-APP-2A3-SEG-2A3OB,631,2A3Ob,2A3Ob,617,630,26116,26124,27939,27947,x\in G,x\in G,3faccb525a29c5c66379ad205d954d7822aa6ecb75b815bd94d489678ce6aa50,3faccb525a29c5c66379ad205d954d7822aa6ecb75b815bd94d489678ce6aa50,f890bd8a169841a8e4c425e62d012427d5ad44ba0a41eee342be8094ad1fd32f,$,,f890bd8a169841a8e4c425e62d012427d5ad44ba0a41eee342be8094ad1fd32f,f890bd8a169841a8e4c425e62d012427d5ad44ba0a41eee342be8094ad1fd32f,"{""basis"":""ordered source-target formula atom"",""kind"":""source-target-formula-map""}"
1.1.0,formula,O007-FREMLIN-V2-APP-2A3-FORMULA-0632,O007-FREMLIN-V2-APP-2A3,O007-RIGHTS-FREMLIN-DSL,O007-FREMLIN-V2-APP-2A3-SEG-2A3OB,632,2A3Ob,2A3Ob,618,631,26129,26141,27952,27964,n\in\Bbb N,n\in\Bbb N,d213946df59f2b85be55436de61a489b7c24c216dfb26056fc2946b32c730709,d213946df59f2b85be55436de61a489b7c24c216dfb26056fc2946b32c730709,02bb197ae0de627eb1861382dcf81826f92f1895770d739be7f05b2435488186,$,,02bb197ae0de627eb1861382dcf81826f92f1895770d739be7f05b2435488186,02bb197ae0de627eb1861382dcf81826f92f1895770d739be7f05b2435488186,"{""basis"":""ordered source-target formula atom"",""kind"":""source-target-formula-map""}"
1.1.0,formula,O007-FREMLIN-V2-APP-2A3-FORMULA-0633,O007-FREMLIN-V2-APP-2A3,O007-RIGHTS-FREMLIN-DSL,O007-FREMLIN-V2-APP-2A3-SEG-2A3OB,633,2A3Ob,2A3Ob,618,631,26148,26163,27971,27986,G\notin\Cal G,G\notin\Cal G,ae9bfb679f4fb9e8178ab582143aaef5eeafe5f1db8573751858e0d527604cee,ae9bfb679f4fb9e8178ab582143aaef5eeafe5f1db8573751858e0d527604cee,23c9efd043592a628bfcb01b8e156e2e6ec966d72d7ac385dc4d2964efe02417,$,,23c9efd043592a628bfcb01b8e156e2e6ec966d72d7ac385dc4d2964efe02417,23c9efd043592a628bfcb01b8e156e2e6ec966d72d7ac385dc4d2964efe02417,"{""basis"":""ordered source-target formula atom"",""kind"":""source-target-formula-map""}"
1.1.0,formula,O007-FREMLIN-V2-APP-2A3-FORMULA-0634,O007-FREMLIN-V2-APP-2A3,O007-RIGHTS-FREMLIN-DSL,O007-FREMLIN-V2-APP-2A3-SEG-2A3OB,634,2A3Ob,2A3Ob,618,631,26167,26183,27997,28013,\{k:x_k\in G\},\{k:x_k\in G\},d902f7da8385e7ea4ed64ec3825e7a2c1980ccf00b50ad1b692fad9208fc85e6,d902f7da8385e7ea4ed64ec3825e7a2c1980ccf00b50ad1b692fad9208fc85e6,77a2e28b4380a700447b251ac1ee83814e2ac54b185a3461dbc257c0c4e73cb9,$,,77a2e28b4380a700447b251ac1ee83814e2ac54b185a3461dbc257c0c4e73cb9,77a2e28b4380a700447b251ac1ee83814e2ac54b185a3461dbc257c0c4e73cb9,"{""basis"":""ordered source-target formula atom"",""kind"":""source-target-formula-map""}"
1.1.0,formula,O007-FREMLIN-V2-APP-2A3-FORMULA-0635,O007-FREMLIN-V2-APP-2A3,O007-RIGHTS-FREMLIN-DSL,O007-FREMLIN-V2-APP-2A3-SEG-2A3OB,635,2A3Ob,2A3Ob,619,632,26211,26219,28041,28049,k\ge n,k\ge n,d9b851b776d246781c2fdd84ee8ec4b5d9b4a528ec6b6cd429fefc25e4ffbab9,d9b851b776d246781c2fdd84ee8ec4b5d9b4a528ec6b6cd429fefc25e4ffbab9,5b51f104184c1de7c03c40b7302ab8f67a2a8f7f3d7cad109336f5c0e042ebd3,$,,5b51f104184c1de7c03c40b7302ab8f67a2a8f7f3d7cad109336f5c0e042ebd3,5b51f104184c1de7c03c40b7302ab8f67a2a8f7f3d7cad109336f5c0e042ebd3,"{""basis"":""ordered source-target formula atom"",""kind"":""source-target-formula-map""}"
1.1.0,formula,O007-FREMLIN-V2-APP-2A3-FORMULA-0636,O007-FREMLIN-V2-APP-2A3,O007-RIGHTS-FREMLIN-DSL,O007-FREMLIN-V2-APP-2A3-SEG-2A3OB,636,2A3Ob,2A3Ob,619,632,26230,26240,28070,28080,x_k\in G,x_k\in G,0150a331bea472bb8976e0c0143a39fc37ff93240904784c7f04dd7ec7565cde,0150a331bea472bb8976e0c0143a39fc37ff93240904784c7f04dd7ec7565cde,0cae311e4d91636fbcad8527dc332fd2f9b3fb9ad59173a2e93f5618cd3b28dd,$,,0cae311e4d91636fbcad8527dc332fd2f9b3fb9ad59173a2e93f5618cd3b28dd,0cae311e4d91636fbcad8527dc332fd2f9b3fb9ad59173a2e93f5618cd3b28dd,"{""basis"":""ordered source-target formula atom"",""kind"":""source-target-formula-map""}"
1.1.0,formula,O007-FREMLIN-V2-APP-2A3-FORMULA-0637,O007-FREMLIN-V2-APP-2A3,O007-RIGHTS-FREMLIN-DSL,O007-FREMLIN-V2-APP-2A3-SEG-2A3OB,637,2A3Ob,2A3Ob,619,632,26249,26252,28087,28090,x,x,2d711642b726b04401627ca9fbac32f5c8530fb1903cc4db02258717921a4881,2d711642b726b04401627ca9fbac32f5c8530fb1903cc4db02258717921a4881,2d711642b726b04401627ca9fbac32f5c8530fb1903cc4db02258717921a4881,$,,2d711642b726b04401627ca9fbac32f5c8530fb1903cc4db02258717921a4881,2d711642b726b04401627ca9fbac32f5c8530fb1903cc4db02258717921a4881,"{""basis"":""ordered source-target formula atom"",""kind"":""source-target-formula-map""}"
1.1.0,formula,O007-FREMLIN-V2-APP-2A3-FORMULA-0638,O007-FREMLIN-V2-APP-2A3,O007-RIGHTS-FREMLIN-DSL,O007-FREMLIN-V2-APP-2A3-SEG-2A3OB,638,2A3Ob,2A3Ob,620,633,26275,26292,28115,28132,\sequencen{x_n},\sequencen{x_n},8fcb4c5b6ff5fce72b731fb6eee0aefdf4f4182268e8d556e05615b87faaa78e,8fcb4c5b6ff5fce72b731fb6eee0aefdf4f4182268e8d556e05615b87faaa78e,8fcb4c5b6ff5fce72b731fb6eee0aefdf4f4182268e8d556e05615b87faaa78e,$,,8fcb4c5b6ff5fce72b731fb6eee0aefdf4f4182268e8d556e05615b87faaa78e,8fcb4c5b6ff5fce72b731fb6eee0aefdf4f4182268e8d556e05615b87faaa78e,"{""basis"":""ordered source-target formula atom"",""kind"":""source-target-formula-map""}"
1.1.0,formula,O007-FREMLIN-V2-APP-2A3-FORMULA-0639,O007-FREMLIN-V2-APP-2A3,O007-RIGHTS-FREMLIN-DSL,O007-FREMLIN-V2-APP-2A3-SEG-2A3P,639,2A3P,2A3P,623,636,26349,26358,28202,28211,\BbbR^r,\BbbR^r,6a5173578402ab704fe0e78c24a3f6f09fe9ed2c7ea0fbe574d688249eb91ed7,6a5173578402ab704fe0e78c24a3f6f09fe9ed2c7ea0fbe574d688249eb91ed7,6a5173578402ab704fe0e78c24a3f6f09fe9ed2c7ea0fbe574d688249eb91ed7,$,,6a5173578402ab704fe0e78c24a3f6f09fe9ed2c7ea0fbe574d688249eb91ed7,6a5173578402ab704fe0e78c24a3f6f09fe9ed2c7ea0fbe574d688249eb91ed7,"{""basis"":""ordered source-target formula atom"",""kind"":""source-target-formula-map""}"
1.1.0,formula,O007-FREMLIN-V2-APP-2A3-FORMULA-0640,O007-FREMLIN-V2-APP-2A3,O007-RIGHTS-FREMLIN-DSL,O007-FREMLIN-V2-APP-2A3-SEG-2A3Q,640,2A3Q,2A3Q,638,650,27140,27153,29069,29082,"(X,\frak T)","(X,\frak T)",e61a78818f95155816c51558053b207746d21d984f7d96e50144d5c403fa9916,e61a78818f95155816c51558053b207746d21d984f7d96e50144d5c403fa9916,cafba6d9a47dfea2abf87370a28228acfbc03058933dce9166c4573d1628cd2c,$,,cafba6d9a47dfea2abf87370a28228acfbc03058933dce9166c4573d1628cd2c,cafba6d9a47dfea2abf87370a28228acfbc03058933dce9166c4573d1628cd2c,"{""basis"":""ordered source-target formula atom"",""kind"":""source-target-formula-map""}"
1.1.0,formula,O007-FREMLIN-V2-APP-2A3-FORMULA-0641,O007-FREMLIN-V2-APP-2A3,O007-RIGHTS-FREMLIN-DSL,O007-FREMLIN-V2-APP-2A3-SEG-2A3Q,641,2A3Q,2A3Q,639,651,27178,27186,29100,29108,\Cal F,\Cal F,9363924beed26a6b3024d2639aded7fd78e4442982973410c843f5ca8b42c29f,9363924beed26a6b3024d2639aded7fd78e4442982973410c843f5ca8b42c29f,5b7978629932e36cc708d0acc1fa79ef221d2b463df15ea614fc931ca4779310,$,,5b7978629932e36cc708d0acc1fa79ef221d2b463df15ea614fc931ca4779310,5b7978629932e36cc708d0acc1fa79ef221d2b463df15ea614fc931ca4779310,"{""basis"":""ordered source-target formula atom"",""kind"":""source-target-formula-map""}"
1.1.0,formula,O007-FREMLIN-V2-APP-2A3-FORMULA-0642,O007-FREMLIN-V2-APP-2A3,O007-RIGHTS-FREMLIN-DSL,O007-FREMLIN-V2-APP-2A3-SEG-2A3Q,642,2A3Q,2A3Q,639,651,27199,27202,29121,29124,X,X,4b68ab3847feda7d6c62c1fbcbeebfa35eab7351ed5e78f4ddadea5df64b8015,4b68ab3847feda7d6c62c1fbcbeebfa35eab7351ed5e78f4ddadea5df64b8015,4b68ab3847feda7d6c62c1fbcbeebfa35eab7351ed5e78f4ddadea5df64b8015,$,,4b68ab3847feda7d6c62c1fbcbeebfa35eab7351ed5e78f4ddadea5df64b8015,4b68ab3847feda7d6c62c1fbcbeebfa35eab7351ed5e78f4ddadea5df64b8015,"{""basis"":""ordered source-target formula atom"",""kind"":""source-target-formula-map""}"
1.1.0,formula,O007-FREMLIN-V2-APP-2A3-FORMULA-0643,O007-FREMLIN-V2-APP-2A3,O007-RIGHTS-FREMLIN-DSL,O007-FREMLIN-V2-APP-2A3-SEG-2A3Q,643,2A3Q,2A3Q,639,651,27226,27229,29151,29154,x,x,2d711642b726b04401627ca9fbac32f5c8530fb1903cc4db02258717921a4881,2d711642b726b04401627ca9fbac32f5c8530fb1903cc4db02258717921a4881,2d711642b726b04401627ca9fbac32f5c8530fb1903cc4db02258717921a4881,$,,2d711642b726b04401627ca9fbac32f5c8530fb1903cc4db02258717921a4881,2d711642b726b04401627ca9fbac32f5c8530fb1903cc4db02258717921a4881,"{""basis"":""ordered source-target formula atom"",""kind"":""source-target-formula-map""}"
1.1.0,formula,O007-FREMLIN-V2-APP-2A3-FORMULA-0644,O007-FREMLIN-V2-APP-2A3,O007-RIGHTS-FREMLIN-DSL,O007-FREMLIN-V2-APP-2A3-SEG-2A3Q,644,2A3Q,2A3Q,640,652,27241,27244,29167,29170,X,X,4b68ab3847feda7d6c62c1fbcbeebfa35eab7351ed5e78f4ddadea5df64b8015,4b68ab3847feda7d6c62c1fbcbeebfa35eab7351ed5e78f4ddadea5df64b8015,4b68ab3847feda7d6c62c1fbcbeebfa35eab7351ed5e78f4ddadea5df64b8015,$,,4b68ab3847feda7d6c62c1fbcbeebfa35eab7351ed5e78f4ddadea5df64b8015,4b68ab3847feda7d6c62c1fbcbeebfa35eab7351ed5e78f4ddadea5df64b8015,"{""basis"":""ordered source-target formula atom"",""kind"":""source-target-formula-map""}"
1.1.0,formula,O007-FREMLIN-V2-APP-2A3-FORMULA-0645,O007-FREMLIN-V2-APP-2A3,O007-RIGHTS-FREMLIN-DSL,O007-FREMLIN-V2-APP-2A3-SEG-2A3Q,645,2A3Q,2A3Q,640,652,27260,27268,29194,29202,\Cal F,\Cal F,9363924beed26a6b3024d2639aded7fd78e4442982973410c843f5ca8b42c29f,9363924beed26a6b3024d2639aded7fd78e4442982973410c843f5ca8b42c29f,5b7978629932e36cc708d0acc1fa79ef221d2b463df15ea614fc931ca4779310,$,,5b7978629932e36cc708d0acc1fa79ef221d2b463df15ea614fc931ca4779310,5b7978629932e36cc708d0acc1fa79ef221d2b463df15ea614fc931ca4779310,"{""basis"":""ordered source-target formula atom"",""kind"":""source-target-formula-map""}"
1.1.0,formula,O007-FREMLIN-V2-APP-2A3-FORMULA-0646,O007-FREMLIN-V2-APP-2A3,O007-RIGHTS-FREMLIN-DSL,O007-FREMLIN-V2-APP-2A3-SEG-2A3Q,646,2A3Q,2A3Q,641,652,27292,27295,29222,29225,x,x,2d711642b726b04401627ca9fbac32f5c8530fb1903cc4db02258717921a4881,2d711642b726b04401627ca9fbac32f5c8530fb1903cc4db02258717921a4881,2d711642b726b04401627ca9fbac32f5c8530fb1903cc4db02258717921a4881,$,,2d711642b726b04401627ca9fbac32f5c8530fb1903cc4db02258717921a4881,2d711642b726b04401627ca9fbac32f5c8530fb1903cc4db02258717921a4881,"{""basis"":""ordered source-target formula atom"",""kind"":""source-target-formula-map""}"
1.1.0,formula,O007-FREMLIN-V2-APP-2A3-FORMULA-0647,O007-FREMLIN-V2-APP-2A3,O007-RIGHTS-FREMLIN-DSL,O007-FREMLIN-V2-APP-2A3-SEG-2A3Q,647,2A3Q,2A3Q,641,653,27305,27308,29238,29241,x,x,2d711642b726b04401627ca9fbac32f5c8530fb1903cc4db02258717921a4881,2d711642b726b04401627ca9fbac32f5c8530fb1903cc4db02258717921a4881,2d711642b726b04401627ca9fbac32f5c8530fb1903cc4db02258717921a4881,$,,2d711642b726b04401627ca9fbac32f5c8530fb1903cc4db02258717921a4881,2d711642b726b04401627ca9fbac32f5c8530fb1903cc4db02258717921a4881,"{""basis"":""ordered source-target formula atom"",""kind"":""source-target-formula-map""}"
1.1.0,formula,O007-FREMLIN-V2-APP-2A3-FORMULA-0648,O007-FREMLIN-V2-APP-2A3,O007-RIGHTS-FREMLIN-DSL,O007-FREMLIN-V2-APP-2A3-SEG-2A3Q,648,2A3Q,2A3Q,641,653,27329,27337,29266,29274,\Cal F,\Cal F,9363924beed26a6b3024d2639aded7fd78e4442982973410c843f5ca8b42c29f,9363924beed26a6b3024d2639aded7fd78e4442982973410c843f5ca8b42c29f,5b7978629932e36cc708d0acc1fa79ef221d2b463df15ea614fc931ca4779310,$,,5b7978629932e36cc708d0acc1fa79ef221d2b463df15ea614fc931ca4779310,5b7978629932e36cc708d0acc1fa79ef221d2b463df15ea614fc931ca4779310,"{""basis"":""ordered source-target formula atom"",""kind"":""source-target-formula-map""}"
1.1.0,formula,O007-FREMLIN-V2-APP-2A3-FORMULA-0649,O007-FREMLIN-V2-APP-2A3,O007-RIGHTS-FREMLIN-DSL,O007-FREMLIN-V2-APP-2A3-SEG-2A3Q,649,2A3Q,2A3Q,642,654,27349,27362,29291,29304,\Cal F\to x,\Cal F\to x,6fd341aea48b4d78fc6735aaafa6d7a2622b847f7593d1e8de50023ad56aeb90,6fd341aea48b4d78fc6735aaafa6d7a2622b847f7593d1e8de50023ad56aeb90,985975db2aab9bca572e57a499e8228db81b15a90301999b1e7c17f01cf3fcf7,$,,985975db2aab9bca572e57a499e8228db81b15a90301999b1e7c17f01cf3fcf7,985975db2aab9bca572e57a499e8228db81b15a90301999b1e7c17f01cf3fcf7,"{""basis"":""ordered source-target formula atom"",""kind"":""source-target-formula-map""}"
1.1.0,formula,O007-FREMLIN-V2-APP-2A3-FORMULA-0650,O007-FREMLIN-V2-APP-2A3,O007-RIGHTS-FREMLIN-DSL,O007-FREMLIN-V2-APP-2A3-SEG-2A3Q,650,2A3Q,2A3Q,643,654,27393,27396,29347,29350,x,x,2d711642b726b04401627ca9fbac32f5c8530fb1903cc4db02258717921a4881,2d711642b726b04401627ca9fbac32f5c8530fb1903cc4db02258717921a4881,2d711642b726b04401627ca9fbac32f5c8530fb1903cc4db02258717921a4881,$,,2d711642b726b04401627ca9fbac32f5c8530fb1903cc4db02258717921a4881,2d711642b726b04401627ca9fbac32f5c8530fb1903cc4db02258717921a4881,"{""basis"":""ordered source-target formula atom"",""kind"":""source-target-formula-map""}"
1.1.0,formula,O007-FREMLIN-V2-APP-2A3-FORMULA-0651,O007-FREMLIN-V2-APP-2A3,O007-RIGHTS-FREMLIN-DSL,O007-FREMLIN-V2-APP-2A3-SEG-2A3Q,651,2A3Q,2A3Q,643,655,27408,27416,29369,29377,\Cal F,\Cal F,9363924beed26a6b3024d2639aded7fd78e4442982973410c843f5ca8b42c29f,9363924beed26a6b3024d2639aded7fd78e4442982973410c843f5ca8b42c29f,5b7978629932e36cc708d0acc1fa79ef221d2b463df15ea614fc931ca4779310,$,,5b7978629932e36cc708d0acc1fa79ef221d2b463df15ea614fc931ca4779310,5b7978629932e36cc708d0acc1fa79ef221d2b463df15ea614fc931ca4779310,"{""basis"":""ordered source-target formula atom"",""kind"":""source-target-formula-map""}"
1.1.0,formula,O007-FREMLIN-V2-APP-2A3-FORMULA-0652,O007-FREMLIN-V2-APP-2A3,O007-RIGHTS-FREMLIN-DSL,O007-FREMLIN-V2-APP-2A3-SEG-2A3QB,652,2A3Qb,2A3Qb,645,657,27447,27460,29413,29426,"(X,\frak T)","(X,\frak T)",e61a78818f95155816c51558053b207746d21d984f7d96e50144d5c403fa9916,e61a78818f95155816c51558053b207746d21d984f7d96e50144d5c403fa9916,cafba6d9a47dfea2abf87370a28228acfbc03058933dce9166c4573d1628cd2c,$,,cafba6d9a47dfea2abf87370a28228acfbc03058933dce9166c4573d1628cd2c,cafba6d9a47dfea2abf87370a28228acfbc03058933dce9166c4573d1628cd2c,"{""basis"":""ordered source-target formula atom"",""kind"":""source-target-formula-map""}"
1.1.0,formula,O007-FREMLIN-V2-APP-2A3-FORMULA-0653,O007-FREMLIN-V2-APP-2A3,O007-RIGHTS-FREMLIN-DSL,O007-FREMLIN-V2-APP-2A3-SEG-2A3QB,653,2A3Qb,2A3Qb,645,657,27465,27478,29431,29444,"(Y,\frak S)","(Y,\frak S)",24d922db39ebf7493e184d085b1af56463424b56f8fc7f4d9213b9840c6e4f9c,24d922db39ebf7493e184d085b1af56463424b56f8fc7f4d9213b9840c6e4f9c,ff360fb1373ff061931764fc324cfd9227979a40812defeedf190c9278b10559,$,,ff360fb1373ff061931764fc324cfd9227979a40812defeedf190c9278b10559,ff360fb1373ff061931764fc324cfd9227979a40812defeedf190c9278b10559,"{""basis"":""ordered source-target formula atom"",""kind"":""source-target-formula-map""}"
1.1.0,formula,O007-FREMLIN-V2-APP-2A3-FORMULA-0654,O007-FREMLIN-V2-APP-2A3,O007-RIGHTS-FREMLIN-DSL,O007-FREMLIN-V2-APP-2A3-SEG-2A3QB,654,2A3Qb,2A3Qb,647,658,27502,27515,29462,29475,\phi:X\to Y,\phi:X\to Y,13bd91bfe4efd20d71a6b34c7581ddd8571b38f73d5e0bdd9de604c7badbba99,13bd91bfe4efd20d71a6b34c7581ddd8571b38f73d5e0bdd9de604c7badbba99,ff574878676958526aeff476d34e96ebf519db9f8a28e89cc9e76db0b39b4ebc,$,,ff574878676958526aeff476d34e96ebf519db9f8a28e89cc9e76db0b39b4ebc,ff574878676958526aeff476d34e96ebf519db9f8a28e89cc9e76db0b39b4ebc,"{""basis"":""ordered source-target formula atom"",""kind"":""source-target-formula-map""}"
1.1.0,formula,O007-FREMLIN-V2-APP-2A3-FORMULA-0655,O007-FREMLIN-V2-APP-2A3,O007-RIGHTS-FREMLIN-DSL,O007-FREMLIN-V2-APP-2A3-SEG-2A3QB,655,2A3Qb,2A3Qb,647,658,27539,27547,29492,29500,x\in X,x\in X,d9448dfd3954dd39c12d483afd23d561b1b7d735af5f430b5dc457e6fa9ef99b,d9448dfd3954dd39c12d483afd23d561b1b7d735af5f430b5dc457e6fa9ef99b,858979f0c33c5f45e30780b82e2fa00184311296fbb7ef6bf3f4a6007c9b9cb1,$,,858979f0c33c5f45e30780b82e2fa00184311296fbb7ef6bf3f4a6007c9b9cb1,858979f0c33c5f45e30780b82e2fa00184311296fbb7ef6bf3f4a6007c9b9cb1,"{""basis"":""ordered source-target formula atom"",""kind"":""source-target-formula-map""}"
1.1.0,formula,O007-FREMLIN-V2-APP-2A3-FORMULA-0656,O007-FREMLIN-V2-APP-2A3,O007-RIGHTS-FREMLIN-DSL,O007-FREMLIN-V2-APP-2A3-SEG-2A3QB,656,2A3Qb,2A3Qb,647,658,27552,27560,29506,29514,\Cal F,\Cal F,9363924beed26a6b3024d2639aded7fd78e4442982973410c843f5ca8b42c29f,9363924beed26a6b3024d2639aded7fd78e4442982973410c843f5ca8b42c29f,5b7978629932e36cc708d0acc1fa79ef221d2b463df15ea614fc931ca4779310,$,,5b7978629932e36cc708d0acc1fa79ef221d2b463df15ea614fc931ca4779310,5b7978629932e36cc708d0acc1fa79ef221d2b463df15ea614fc931ca4779310,"{""basis"":""ordered source-target formula atom"",""kind"":""source-target-formula-map""}"
1.1.0,formula,O007-FREMLIN-V2-APP-2A3-FORMULA-0657,O007-FREMLIN-V2-APP-2A3,O007-RIGHTS-FREMLIN-DSL,O007-FREMLIN-V2-APP-2A3-SEG-2A3QB,657,2A3Qb,2A3Qb,648,659,27573,27576,29527,29530,X,X,4b68ab3847feda7d6c62c1fbcbeebfa35eab7351ed5e78f4ddadea5df64b8015,4b68ab3847feda7d6c62c1fbcbeebfa35eab7351ed5e78f4ddadea5df64b8015,4b68ab3847feda7d6c62c1fbcbeebfa35eab7351ed5e78f4ddadea5df64b8015,$,,4b68ab3847feda7d6c62c1fbcbeebfa35eab7351ed5e78f4ddadea5df64b8015,4b68ab3847feda7d6c62c1fbcbeebfa35eab7351ed5e78f4ddadea5df64b8015,"{""basis"":""ordered source-target formula atom"",""kind"":""source-target-formula-map""}"
1.1.0,formula,O007-FREMLIN-V2-APP-2A3-FORMULA-0658,O007-FREMLIN-V2-APP-2A3,O007-RIGHTS-FREMLIN-DSL,O007-FREMLIN-V2-APP-2A3-SEG-2A3QB,658,2A3Qb,2A3Qb,648,659,27591,27594,29549,29552,x,x,2d711642b726b04401627ca9fbac32f5c8530fb1903cc4db02258717921a4881,2d711642b726b04401627ca9fbac32f5c8530fb1903cc4db02258717921a4881,2d711642b726b04401627ca9fbac32f5c8530fb1903cc4db02258717921a4881,$,,2d711642b726b04401627ca9fbac32f5c8530fb1903cc4db02258717921a4881,2d711642b726b04401627ca9fbac32f5c8530fb1903cc4db02258717921a4881,"{""basis"":""ordered source-target formula atom"",""kind"":""source-target-formula-map""}"
1.1.0,formula,O007-FREMLIN-V2-APP-2A3-FORMULA-0659,O007-FREMLIN-V2-APP-2A3,O007-RIGHTS-FREMLIN-DSL,O007-FREMLIN-V2-APP-2A3-SEG-2A3QB,659,2A3Qb,2A3Qb,648,659,27603,27619,29559,29575,\phi[[\Cal F]],\phi[[\Cal F]],65a6751e4feb908480ca7b6bc44ef2c5039360dba3118f398f3bf474af000da2,65a6751e4feb908480ca7b6bc44ef2c5039360dba3118f398f3bf474af000da2,db9e342c3ba827fba073d819b3c65c3738a12b25f6b1b771ec7243b64cb97241,$,,db9e342c3ba827fba073d819b3c65c3738a12b25f6b1b771ec7243b64cb97241,db9e342c3ba827fba073d819b3c65c3738a12b25f6b1b771ec7243b64cb97241,"{""basis"":""ordered source-target formula atom"",""kind"":""source-target-formula-map""}"
1.1.0,formula,O007-FREMLIN-V2-APP-2A3-FORMULA-0660,O007-FREMLIN-V2-APP-2A3,O007-RIGHTS-FREMLIN-DSL,O007-FREMLIN-V2-APP-2A3-SEG-2A3QB,660,2A3Qb,2A3Qb,649,660,27663,27672,29637,29646,\phi(x),\phi(x),4b7ce6b75f0ec36fefc9a4a27f5f6f32da6d52bd08aa8a7de1ff0a8026739ae6,4b7ce6b75f0ec36fefc9a4a27f5f6f32da6d52bd08aa8a7de1ff0a8026739ae6,4b7ce6b75f0ec36fefc9a4a27f5f6f32da6d52bd08aa8a7de1ff0a8026739ae6,$,,4b7ce6b75f0ec36fefc9a4a27f5f6f32da6d52bd08aa8a7de1ff0a8026739ae6,4b7ce6b75f0ec36fefc9a4a27f5f6f32da6d52bd08aa8a7de1ff0a8026739ae6,"{""basis"":""ordered source-target formula atom"",""kind"":""source-target-formula-map""}"
1.1.0,formula,O007-FREMLIN-V2-APP-2A3-FORMULA-0661,O007-FREMLIN-V2-APP-2A3,O007-RIGHTS-FREMLIN-DSL,O007-FREMLIN-V2-APP-2A3-SEG-2A3QB,661,2A3Qb,2A3Qb,649,661,27692,27706,29664,29678,\phi^{-1}[G],\phi^{-1}[G],c19231ab18b9da88407badc5b551a176da5f4f7831887d2f070336869cedf33e,c19231ab18b9da88407badc5b551a176da5f4f7831887d2f070336869cedf33e,c19231ab18b9da88407badc5b551a176da5f4f7831887d2f070336869cedf33e,$,,c19231ab18b9da88407badc5b551a176da5f4f7831887d2f070336869cedf33e,c19231ab18b9da88407badc5b551a176da5f4f7831887d2f070336869cedf33e,"{""basis"":""ordered source-target formula atom"",""kind"":""source-target-formula-map""}"
1.1.0,formula,O007-FREMLIN-V2-APP-2A3-FORMULA-0662,O007-FREMLIN-V2-APP-2A3,O007-RIGHTS-FREMLIN-DSL,O007-FREMLIN-V2-APP-2A3-SEG-2A3QB,662,2A3Qb,2A3Qb,650,661,27733,27736,29715,29718,x,x,2d711642b726b04401627ca9fbac32f5c8530fb1903cc4db02258717921a4881,2d711642b726b04401627ca9fbac32f5c8530fb1903cc4db02258717921a4881,2d711642b726b04401627ca9fbac32f5c8530fb1903cc4db02258717921a4881,$,,2d711642b726b04401627ca9fbac32f5c8530fb1903cc4db02258717921a4881,2d711642b726b04401627ca9fbac32f5c8530fb1903cc4db02258717921a4881,"{""basis"":""ordered source-target formula atom"",""kind"":""source-target-formula-map""}"
1.1.0,formula,O007-FREMLIN-V2-APP-2A3-FORMULA-0663,O007-FREMLIN-V2-APP-2A3,O007-RIGHTS-FREMLIN-DSL,O007-FREMLIN-V2-APP-2A3-SEG-2A3QB,663,2A3Qb,2A3Qb,650,661,27746,27749,29731,29734,G,G,333e0a1e27815d0ceee55c473fe3dc93d56c63e3bee2b3b4aee8eed6d70191a3,333e0a1e27815d0ceee55c473fe3dc93d56c63e3bee2b3b4aee8eed6d70191a3,333e0a1e27815d0ceee55c473fe3dc93d56c63e3bee2b3b4aee8eed6d70191a3,$,,333e0a1e27815d0ceee55c473fe3dc93d56c63e3bee2b3b4aee8eed6d70191a3,333e0a1e27815d0ceee55c473fe3dc93d56c63e3bee2b3b4aee8eed6d70191a3,"{""basis"":""ordered source-target formula atom"",""kind"":""source-target-formula-map""}"
1.1.0,formula,O007-FREMLIN-V2-APP-2A3-FORMULA-0664,O007-FREMLIN-V2-APP-2A3,O007-RIGHTS-FREMLIN-DSL,O007-FREMLIN-V2-APP-2A3-SEG-2A3QB,664,2A3Qb,2A3Qb,651,662,27776,27785,29774,29783,\phi(x),\phi(x),4b7ce6b75f0ec36fefc9a4a27f5f6f32da6d52bd08aa8a7de1ff0a8026739ae6,4b7ce6b75f0ec36fefc9a4a27f5f6f32da6d52bd08aa8a7de1ff0a8026739ae6,4b7ce6b75f0ec36fefc9a4a27f5f6f32da6d52bd08aa8a7de1ff0a8026739ae6,$,,4b7ce6b75f0ec36fefc9a4a27f5f6f32da6d52bd08aa8a7de1ff0a8026739ae6,4b7ce6b75f0ec36fefc9a4a27f5f6f32da6d52bd08aa8a7de1ff0a8026739ae6,"{""basis"":""ordered source-target formula atom"",""kind"":""source-target-formula-map""}"
1.1.0,formula,O007-FREMLIN-V2-APP-2A3-FORMULA-0665,O007-FREMLIN-V2-APP-2A3,O007-RIGHTS-FREMLIN-DSL,O007-FREMLIN-V2-APP-2A3-SEG-2A3R,665,2A3R,2A3R,658,669,27911,27914,29913,29916,X,X,4b68ab3847feda7d6c62c1fbcbeebfa35eab7351ed5e78f4ddadea5df64b8015,4b68ab3847feda7d6c62c1fbcbeebfa35eab7351ed5e78f4ddadea5df64b8015,4b68ab3847feda7d6c62c1fbcbeebfa35eab7351ed5e78f4ddadea5df64b8015,$,,4b68ab3847feda7d6c62c1fbcbeebfa35eab7351ed5e78f4ddadea5df64b8015,4b68ab3847feda7d6c62c1fbcbeebfa35eab7351ed5e78f4ddadea5df64b8015,"{""basis"":""ordered source-target formula atom"",""kind"":""source-target-formula-map""}"
1.1.0,formula,O007-FREMLIN-V2-APP-2A3-FORMULA-0666,O007-FREMLIN-V2-APP-2A3,O007-RIGHTS-FREMLIN-DSL,O007-FREMLIN-V2-APP-2A3-SEG-2A3R,666,2A3R,2A3R,658,669,27943,27946,29937,29940,K,K,86be9a55762d316a3026c2836d044f5fc76e34da10e1b45feee5f18be7edb177,86be9a55762d316a3026c2836d044f5fc76e34da10e1b45feee5f18be7edb177,86be9a55762d316a3026c2836d044f5fc76e34da10e1b45feee5f18be7edb177,$,,86be9a55762d316a3026c2836d044f5fc76e34da10e1b45feee5f18be7edb177,86be9a55762d316a3026c2836d044f5fc76e34da10e1b45feee5f18be7edb177,"{""basis"":""ordered source-target formula atom"",""kind"":""source-target-formula-map""}"
1.1.0,formula,O007-FREMLIN-V2-APP-2A3-FORMULA-0667,O007-FREMLIN-V2-APP-2A3,O007-RIGHTS-FREMLIN-DSL,O007-FREMLIN-V2-APP-2A3-SEG-2A3R,667,2A3R,2A3R,659,670,27959,27962,29962,29965,X,X,4b68ab3847feda7d6c62c1fbcbeebfa35eab7351ed5e78f4ddadea5df64b8015,4b68ab3847feda7d6c62c1fbcbeebfa35eab7351ed5e78f4ddadea5df64b8015,4b68ab3847feda7d6c62c1fbcbeebfa35eab7351ed5e78f4ddadea5df64b8015,$,,4b68ab3847feda7d6c62c1fbcbeebfa35eab7351ed5e78f4ddadea5df64b8015,4b68ab3847feda7d6c62c1fbcbeebfa35eab7351ed5e78f4ddadea5df64b8015,"{""basis"":""ordered source-target formula atom"",""kind"":""source-target-formula-map""}"
1.1.0,formula,O007-FREMLIN-V2-APP-2A3-FORMULA-0668,O007-FREMLIN-V2-APP-2A3,O007-RIGHTS-FREMLIN-DSL,O007-FREMLIN-V2-APP-2A3-SEG-2A3R,668,2A3R,2A3R,659,670,27971,27974,29972,29975,K,K,86be9a55762d316a3026c2836d044f5fc76e34da10e1b45feee5f18be7edb177,86be9a55762d316a3026c2836d044f5fc76e34da10e1b45feee5f18be7edb177,86be9a55762d316a3026c2836d044f5fc76e34da10e1b45feee5f18be7edb177,$,,86be9a55762d316a3026c2836d044f5fc76e34da10e1b45feee5f18be7edb177,86be9a55762d316a3026c2836d044f5fc76e34da10e1b45feee5f18be7edb177,"{""basis"":""ordered source-target formula atom"",""kind"":""source-target-formula-map""}"
1.1.0,formula,O007-FREMLIN-V2-APP-2A3-FORMULA-0669,O007-FREMLIN-V2-APP-2A3,O007-RIGHTS-FREMLIN-DSL,O007-FREMLIN-V2-APP-2A3-SEG-2A3R,669,2A3R,2A3R,659,671,28011,28014,30027,30030,X,X,4b68ab3847feda7d6c62c1fbcbeebfa35eab7351ed5e78f4ddadea5df64b8015,4b68ab3847feda7d6c62c1fbcbeebfa35eab7351ed5e78f4ddadea5df64b8015,4b68ab3847feda7d6c62c1fbcbeebfa35eab7351ed5e78f4ddadea5df64b8015,$,,4b68ab3847feda7d6c62c1fbcbeebfa35eab7351ed5e78f4ddadea5df64b8015,4b68ab3847feda7d6c62c1fbcbeebfa35eab7351ed5e78f4ddadea5df64b8015,"{""basis"":""ordered source-target formula atom"",""kind"":""source-target-formula-map""}"
1.1.0,formula,O007-FREMLIN-V2-APP-2A3-FORMULA-0670,O007-FREMLIN-V2-APP-2A3,O007-RIGHTS-FREMLIN-DSL,O007-FREMLIN-V2-APP-2A3-SEG-2A3R,670,2A3R,2A3R,660,671,28027,28030,30043,30046,K,K,86be9a55762d316a3026c2836d044f5fc76e34da10e1b45feee5f18be7edb177,86be9a55762d316a3026c2836d044f5fc76e34da10e1b45feee5f18be7edb177,86be9a55762d316a3026c2836d044f5fc76e34da10e1b45feee5f18be7edb177,$,,86be9a55762d316a3026c2836d044f5fc76e34da10e1b45feee5f18be7edb177,86be9a55762d316a3026c2836d044f5fc76e34da10e1b45feee5f18be7edb177,"{""basis"":""ordered source-target formula atom"",""kind"":""source-target-formula-map""}"
1.1.0,formula,O007-FREMLIN-V2-APP-2A3-FORMULA-0671,O007-FREMLIN-V2-APP-2A3,O007-RIGHTS-FREMLIN-DSL,O007-FREMLIN-V2-APP-2A3-SEG-2A3R,671,2A3R,2A3R,660,671,28046,28049,30069,30072,K,K,86be9a55762d316a3026c2836d044f5fc76e34da10e1b45feee5f18be7edb177,86be9a55762d316a3026c2836d044f5fc76e34da10e1b45feee5f18be7edb177,86be9a55762d316a3026c2836d044f5fc76e34da10e1b45feee5f18be7edb177,$,,86be9a55762d316a3026c2836d044f5fc76e34da10e1b45feee5f18be7edb177,86be9a55762d316a3026c2836d044f5fc76e34da10e1b45feee5f18be7edb177,"{""basis"":""ordered source-target formula atom"",""kind"":""source-target-formula-map""}"
1.1.0,formula,O007-FREMLIN-V2-APP-2A3-FORMULA-0672,O007-FREMLIN-V2-APP-2A3,O007-RIGHTS-FREMLIN-DSL,O007-FREMLIN-V2-APP-2A3-SEG-2A3R,672,2A3R,2A3R,662,673,28082,28085,30101,30104,K,K,86be9a55762d316a3026c2836d044f5fc76e34da10e1b45feee5f18be7edb177,86be9a55762d316a3026c2836d044f5fc76e34da10e1b45feee5f18be7edb177,86be9a55762d316a3026c2836d044f5fc76e34da10e1b45feee5f18be7edb177,$,,86be9a55762d316a3026c2836d044f5fc76e34da10e1b45feee5f18be7edb177,86be9a55762d316a3026c2836d044f5fc76e34da10e1b45feee5f18be7edb177,"{""basis"":""ordered source-target formula atom"",""kind"":""source-target-formula-map""}"
1.1.0,formula,O007-FREMLIN-V2-APP-2A3-FORMULA-0673,O007-FREMLIN-V2-APP-2A3,O007-RIGHTS-FREMLIN-DSL,O007-FREMLIN-V2-APP-2A3-SEG-2A3R,673,2A3R,2A3R,662,673,28106,28114,30116,30124,\Cal F,\Cal F,9363924beed26a6b3024d2639aded7fd78e4442982973410c843f5ca8b42c29f,9363924beed26a6b3024d2639aded7fd78e4442982973410c843f5ca8b42c29f,5b7978629932e36cc708d0acc1fa79ef221d2b463df15ea614fc931ca4779310,$,,5b7978629932e36cc708d0acc1fa79ef221d2b463df15ea614fc931ca4779310,5b7978629932e36cc708d0acc1fa79ef221d2b463df15ea614fc931ca4779310,"{""basis"":""ordered source-target formula atom"",""kind"":""source-target-formula-map""}"
1.1.0,formula,O007-FREMLIN-V2-APP-2A3-FORMULA-0674,O007-FREMLIN-V2-APP-2A3,O007-RIGHTS-FREMLIN-DSL,O007-FREMLIN-V2-APP-2A3-SEG-2A3R,674,2A3R,2A3R,663,674,28136,28139,30149,30152,X,X,4b68ab3847feda7d6c62c1fbcbeebfa35eab7351ed5e78f4ddadea5df64b8015,4b68ab3847feda7d6c62c1fbcbeebfa35eab7351ed5e78f4ddadea5df64b8015,4b68ab3847feda7d6c62c1fbcbeebfa35eab7351ed5e78f4ddadea5df64b8015,$,,4b68ab3847feda7d6c62c1fbcbeebfa35eab7351ed5e78f4ddadea5df64b8015,4b68ab3847feda7d6c62c1fbcbeebfa35eab7351ed5e78f4ddadea5df64b8015,"{""basis"":""ordered source-target formula atom"",""kind"":""source-target-formula-map""}"
1.1.0,formula,O007-FREMLIN-V2-APP-2A3-FORMULA-0675,O007-FREMLIN-V2-APP-2A3,O007-RIGHTS-FREMLIN-DSL,O007-FREMLIN-V2-APP-2A3-SEG-2A3R,675,2A3R,2A3R,663,674,28151,28154,30165,30168,K,K,86be9a55762d316a3026c2836d044f5fc76e34da10e1b45feee5f18be7edb177,86be9a55762d316a3026c2836d044f5fc76e34da10e1b45feee5f18be7edb177,86be9a55762d316a3026c2836d044f5fc76e34da10e1b45feee5f18be7edb177,$,,86be9a55762d316a3026c2836d044f5fc76e34da10e1b45feee5f18be7edb177,86be9a55762d316a3026c2836d044f5fc76e34da10e1b45feee5f18be7edb177,"{""basis"":""ordered source-target formula atom"",""kind"":""source-target-formula-map""}"
1.1.0,formula,O007-FREMLIN-V2-APP-2A3-FORMULA-0676,O007-FREMLIN-V2-APP-2A3,O007-RIGHTS-FREMLIN-DSL,O007-FREMLIN-V2-APP-2A3-SEG-2A3R,676,2A3R,2A3R,665,676,28175,28200,30194,30219,\Cal G=\{G:G\subseteq X,\Cal G=\{G:G\subseteq X,dde81ca70b3c3041acd396790cf71fc6a125679366d707c824d54e85b481d4b8,dde81ca70b3c3041acd396790cf71fc6a125679366d707c824d54e85b481d4b8,bc37ff27ff1290b478009606db7b9955fab2e18c75da312273b7e3b7ad084d36,$,,bc37ff27ff1290b478009606db7b9955fab2e18c75da312273b7e3b7ad084d36,bc37ff27ff1290b478009606db7b9955fab2e18c75da312273b7e3b7ad084d36,"{""basis"":""ordered source-target formula atom"",""kind"":""source-target-formula-map""}"
1.1.0,formula,O007-FREMLIN-V2-APP-2A3-FORMULA-0677,O007-FREMLIN-V2-APP-2A3,O007-RIGHTS-FREMLIN-DSL,O007-FREMLIN-V2-APP-2A3-SEG-2A3R,677,2A3R,2A3R,666,677,28210,28235,30229,30254,X\setminus G\in\Cal F\},X\setminus G\in\Cal F\},760778956cc9bdf67b4ebfdd93f5bdaa6ce9bb5571f09f0cff2ac802963fc3f7,760778956cc9bdf67b4ebfdd93f5bdaa6ce9bb5571f09f0cff2ac802963fc3f7,81576e311a42a890bdff5e24ae99e40e131b981fa2bc2afe9a31e7174c49a143,$,,81576e311a42a890bdff5e24ae99e40e131b981fa2bc2afe9a31e7174c49a143,81576e311a42a890bdff5e24ae99e40e131b981fa2bc2afe9a31e7174c49a143,"{""basis"":""ordered source-target formula atom"",""kind"":""source-target-formula-map""}"
1.1.0,formula,O007-FREMLIN-V2-APP-2A3-FORMULA-0678,O007-FREMLIN-V2-APP-2A3,O007-RIGHTS-FREMLIN-DSL,O007-FREMLIN-V2-APP-2A3-SEG-2A3R,678,2A3R,2A3R,668,679,28286,28294,30301,30309,\Cal G,\Cal G,e780f02ac3d8349327da24c389bd24847b98abc1b10ce849d80ac4b9046fc326,e780f02ac3d8349327da24c389bd24847b98abc1b10ce849d80ac4b9046fc326,41221f9f44e357ae4ee9309b669e95124e392fd3f8db159f16d4d155cb4f5739,$,,41221f9f44e357ae4ee9309b669e95124e392fd3f8db159f16d4d155cb4f5739,41221f9f44e357ae4ee9309b669e95124e392fd3f8db159f16d4d155cb4f5739,"{""basis"":""ordered source-target formula atom"",""kind"":""source-target-formula-map""}"
1.1.0,formula,O007-FREMLIN-V2-APP-2A3-FORMULA-0679,O007-FREMLIN-V2-APP-2A3,O007-RIGHTS-FREMLIN-DSL,O007-FREMLIN-V2-APP-2A3-SEG-2A3R,679,2A3R,2A3R,668,680,28306,28314,30328,30336,"\Cal
G",\Cal G,2052e99143149d72193fd0d3e70f0a3a0f43572566b9c82f8f008ef4216b57fc,e780f02ac3d8349327da24c389bd24847b98abc1b10ce849d80ac4b9046fc326,41221f9f44e357ae4ee9309b669e95124e392fd3f8db159f16d4d155cb4f5739,$,,41221f9f44e357ae4ee9309b669e95124e392fd3f8db159f16d4d155cb4f5739,41221f9f44e357ae4ee9309b669e95124e392fd3f8db159f16d4d155cb4f5739,"{""basis"":""ordered source-target formula atom"",""kind"":""source-target-formula-map""}"
1.1.0,formula,O007-FREMLIN-V2-APP-2A3-FORMULA-0680,O007-FREMLIN-V2-APP-2A3,O007-RIGHTS-FREMLIN-DSL,O007-FREMLIN-V2-APP-2A3-SEG-2A3R,680,2A3R,2A3R,669,680,28364,28372,30383,30391,\Cal G,\Cal G,e780f02ac3d8349327da24c389bd24847b98abc1b10ce849d80ac4b9046fc326,e780f02ac3d8349327da24c389bd24847b98abc1b10ce849d80ac4b9046fc326,41221f9f44e357ae4ee9309b669e95124e392fd3f8db159f16d4d155cb4f5739,$,,41221f9f44e357ae4ee9309b669e95124e392fd3f8db159f16d4d155cb4f5739,41221f9f44e357ae4ee9309b669e95124e392fd3f8db159f16d4d155cb4f5739,"{""basis"":""ordered source-target formula atom"",""kind"":""source-target-formula-map""}"
1.1.0,formula,O007-FREMLIN-V2-APP-2A3-FORMULA-0681,O007-FREMLIN-V2-APP-2A3,O007-RIGHTS-FREMLIN-DSL,O007-FREMLIN-V2-APP-2A3-SEG-2A3R,681,2A3R,2A3R,670,681,28384,28392,30415,30423,\Cal G,\Cal G,e780f02ac3d8349327da24c389bd24847b98abc1b10ce849d80ac4b9046fc326,e780f02ac3d8349327da24c389bd24847b98abc1b10ce849d80ac4b9046fc326,41221f9f44e357ae4ee9309b669e95124e392fd3f8db159f16d4d155cb4f5739,$,,41221f9f44e357ae4ee9309b669e95124e392fd3f8db159f16d4d155cb4f5739,41221f9f44e357ae4ee9309b669e95124e392fd3f8db159f16d4d155cb4f5739,"{""basis"":""ordered source-target formula atom"",""kind"":""source-target-formula-map""}"
1.1.0,formula,O007-FREMLIN-V2-APP-2A3-FORMULA-0682,O007-FREMLIN-V2-APP-2A3,O007-RIGHTS-FREMLIN-DSL,O007-FREMLIN-V2-APP-2A3-SEG-2A3R,682,2A3R,2A3R,670,681,28413,28421,30455,30463,\Cal G,\Cal G,e780f02ac3d8349327da24c389bd24847b98abc1b10ce849d80ac4b9046fc326,e780f02ac3d8349327da24c389bd24847b98abc1b10ce849d80ac4b9046fc326,41221f9f44e357ae4ee9309b669e95124e392fd3f8db159f16d4d155cb4f5739,$,,41221f9f44e357ae4ee9309b669e95124e392fd3f8db159f16d4d155cb4f5739,41221f9f44e357ae4ee9309b669e95124e392fd3f8db159f16d4d155cb4f5739,"{""basis"":""ordered source-target formula atom"",""kind"":""source-target-formula-map""}"
1.1.0,formula,O007-FREMLIN-V2-APP-2A3-FORMULA-0683,O007-FREMLIN-V2-APP-2A3,O007-RIGHTS-FREMLIN-DSL,O007-FREMLIN-V2-APP-2A3-SEG-2A3R,683,2A3R,2A3R,670,682,28434,28437,30482,30485,K,K,86be9a55762d316a3026c2836d044f5fc76e34da10e1b45feee5f18be7edb177,86be9a55762d316a3026c2836d044f5fc76e34da10e1b45feee5f18be7edb177,86be9a55762d316a3026c2836d044f5fc76e34da10e1b45feee5f18be7edb177,$,,86be9a55762d316a3026c2836d044f5fc76e34da10e1b45feee5f18be7edb177,86be9a55762d316a3026c2836d044f5fc76e34da10e1b45feee5f18be7edb177,"{""basis"":""ordered source-target formula atom"",""kind"":""source-target-formula-map""}"
1.1.0,formula,O007-FREMLIN-V2-APP-2A3-FORMULA-0684,O007-FREMLIN-V2-APP-2A3,O007-RIGHTS-FREMLIN-DSL,O007-FREMLIN-V2-APP-2A3-SEG-2A3R,684,2A3R,2A3R,671,682,28447,28473,30494,30520,X\setminus K\notin\Cal F,X\setminus K\notin\Cal F,608e4c05431fc4524ecf946eb48bbe305cb40d40b72b88f4e3ac95fbb2b7c679,608e4c05431fc4524ecf946eb48bbe305cb40d40b72b88f4e3ac95fbb2b7c679,491958849ccb53f0f3d0d686c7cf64bef9a61848b3a940d032ccd4e313e0790f,$,,491958849ccb53f0f3d0d686c7cf64bef9a61848b3a940d032ccd4e313e0790f,491958849ccb53f0f3d0d686c7cf64bef9a61848b3a940d032ccd4e313e0790f,"{""basis"":""ordered source-target formula atom"",""kind"":""source-target-formula-map""}"
1.1.0,formula,O007-FREMLIN-V2-APP-2A3-FORMULA-0685,O007-FREMLIN-V2-APP-2A3,O007-RIGHTS-FREMLIN-DSL,O007-FREMLIN-V2-APP-2A3-SEG-2A3R,685,2A3R,2A3R,671,682,28485,28488,30529,30532,K,K,86be9a55762d316a3026c2836d044f5fc76e34da10e1b45feee5f18be7edb177,86be9a55762d316a3026c2836d044f5fc76e34da10e1b45feee5f18be7edb177,86be9a55762d316a3026c2836d044f5fc76e34da10e1b45feee5f18be7edb177,$,,86be9a55762d316a3026c2836d044f5fc76e34da10e1b45feee5f18be7edb177,86be9a55762d316a3026c2836d044f5fc76e34da10e1b45feee5f18be7edb177,"{""basis"":""ordered source-target formula atom"",""kind"":""source-target-formula-map""}"
1.1.0,formula,O007-FREMLIN-V2-APP-2A3-FORMULA-0686,O007-FREMLIN-V2-APP-2A3,O007-RIGHTS-FREMLIN-DSL,O007-FREMLIN-V2-APP-2A3-SEG-2A3R,686,2A3R,2A3R,672,683,28517,28525,30541,30549,\Cal G,\Cal G,e780f02ac3d8349327da24c389bd24847b98abc1b10ce849d80ac4b9046fc326,e780f02ac3d8349327da24c389bd24847b98abc1b10ce849d80ac4b9046fc326,41221f9f44e357ae4ee9309b669e95124e392fd3f8db159f16d4d155cb4f5739,$,,41221f9f44e357ae4ee9309b669e95124e392fd3f8db159f16d4d155cb4f5739,41221f9f44e357ae4ee9309b669e95124e392fd3f8db159f16d4d155cb4f5739,"{""basis"":""ordered source-target formula atom"",""kind"":""source-target-formula-map""}"
1.1.0,formula,O007-FREMLIN-V2-APP-2A3-FORMULA-0687,O007-FREMLIN-V2-APP-2A3,O007-RIGHTS-FREMLIN-DSL,O007-FREMLIN-V2-APP-2A3-SEG-2A3R,687,2A3R,2A3R,672,683,28539,28542,30571,30574,K,K,86be9a55762d316a3026c2836d044f5fc76e34da10e1b45feee5f18be7edb177,86be9a55762d316a3026c2836d044f5fc76e34da10e1b45feee5f18be7edb177,86be9a55762d316a3026c2836d044f5fc76e34da10e1b45feee5f18be7edb177,$,,86be9a55762d316a3026c2836d044f5fc76e34da10e1b45feee5f18be7edb177,86be9a55762d316a3026c2836d044f5fc76e34da10e1b45feee5f18be7edb177,"{""basis"":""ordered source-target formula atom"",""kind"":""source-target-formula-map""}"
1.1.0,formula,O007-FREMLIN-V2-APP-2A3-FORMULA-0688,O007-FREMLIN-V2-APP-2A3,O007-RIGHTS-FREMLIN-DSL,O007-FREMLIN-V2-APP-2A3-SEG-2A3R,688,2A3R,2A3R,672,683,28550,28553,30585,30588,x,x,2d711642b726b04401627ca9fbac32f5c8530fb1903cc4db02258717921a4881,2d711642b726b04401627ca9fbac32f5c8530fb1903cc4db02258717921a4881,2d711642b726b04401627ca9fbac32f5c8530fb1903cc4db02258717921a4881,$,,2d711642b726b04401627ca9fbac32f5c8530fb1903cc4db02258717921a4881,2d711642b726b04401627ca9fbac32f5c8530fb1903cc4db02258717921a4881,"{""basis"":""ordered source-target formula atom"",""kind"":""source-target-formula-map""}"
1.1.0,formula,O007-FREMLIN-V2-APP-2A3-FORMULA-0689,O007-FREMLIN-V2-APP-2A3,O007-RIGHTS-FREMLIN-DSL,O007-FREMLIN-V2-APP-2A3-SEG-2A3R,689,2A3R,2A3R,673,684,28570,28595,30610,30635,K\setminus\bigcup\Cal G,K\setminus\bigcup\Cal G,c049453644f5dccd6a62343bf286c805db40a56bc6f3a1cbd91cbeda95fb2155,c049453644f5dccd6a62343bf286c805db40a56bc6f3a1cbd91cbeda95fb2155,01020fff5200ea0bd80eacdf70e265ede7ea74b3cf0ef17f2af24f5a9ce371b6,$,,01020fff5200ea0bd80eacdf70e265ede7ea74b3cf0ef17f2af24f5a9ce371b6,01020fff5200ea0bd80eacdf70e265ede7ea74b3cf0ef17f2af24f5a9ce371b6,"{""basis"":""ordered source-target formula atom"",""kind"":""source-target-formula-map""}"
1.1.0,formula,O007-FREMLIN-V2-APP-2A3-FORMULA-0690,O007-FREMLIN-V2-APP-2A3,O007-RIGHTS-FREMLIN-DSL,O007-FREMLIN-V2-APP-2A3-SEG-2A3R,690,2A3R,2A3R,673,684,28602,28605,30642,30645,G,G,333e0a1e27815d0ceee55c473fe3dc93d56c63e3bee2b3b4aee8eed6d70191a3,333e0a1e27815d0ceee55c473fe3dc93d56c63e3bee2b3b4aee8eed6d70191a3,333e0a1e27815d0ceee55c473fe3dc93d56c63e3bee2b3b4aee8eed6d70191a3,$,,333e0a1e27815d0ceee55c473fe3dc93d56c63e3bee2b3b4aee8eed6d70191a3,333e0a1e27815d0ceee55c473fe3dc93d56c63e3bee2b3b4aee8eed6d70191a3,"{""basis"":""ordered source-target formula atom"",""kind"":""source-target-formula-map""}"
1.1.0,formula,O007-FREMLIN-V2-APP-2A3-FORMULA-0691,O007-FREMLIN-V2-APP-2A3,O007-RIGHTS-FREMLIN-DSL,O007-FREMLIN-V2-APP-2A3-SEG-2A3R,691,2A3R,2A3R,673,685,28633,28636,30684,30687,x,x,2d711642b726b04401627ca9fbac32f5c8530fb1903cc4db02258717921a4881,2d711642b726b04401627ca9fbac32f5c8530fb1903cc4db02258717921a4881,2d711642b726b04401627ca9fbac32f5c8530fb1903cc4db02258717921a4881,$,,2d711642b726b04401627ca9fbac32f5c8530fb1903cc4db02258717921a4881,2d711642b726b04401627ca9fbac32f5c8530fb1903cc4db02258717921a4881,"{""basis"":""ordered source-target formula atom"",""kind"":""source-target-formula-map""}"
1.1.0,formula,O007-FREMLIN-V2-APP-2A3-FORMULA-0692,O007-FREMLIN-V2-APP-2A3,O007-RIGHTS-FREMLIN-DSL,O007-FREMLIN-V2-APP-2A3-SEG-2A3R,692,2A3R,2A3R,674,685,28643,28658,30694,30709,G\notin\Cal G,G\notin\Cal G,ae9bfb679f4fb9e8178ab582143aaef5eeafe5f1db8573751858e0d527604cee,ae9bfb679f4fb9e8178ab582143aaef5eeafe5f1db8573751858e0d527604cee,23c9efd043592a628bfcb01b8e156e2e6ec966d72d7ac385dc4d2964efe02417,$,,23c9efd043592a628bfcb01b8e156e2e6ec966d72d7ac385dc4d2964efe02417,23c9efd043592a628bfcb01b8e156e2e6ec966d72d7ac385dc4d2964efe02417,"{""basis"":""ordered source-target formula atom"",""kind"":""source-target-formula-map""}"
1.1.0,formula,O007-FREMLIN-V2-APP-2A3-FORMULA-0693,O007-FREMLIN-V2-APP-2A3,O007-RIGHTS-FREMLIN-DSL,O007-FREMLIN-V2-APP-2A3-SEG-2A3R,693,2A3R,2A3R,674,685,28662,28688,30720,30746,X\setminus G\notin\Cal F,X\setminus G\notin\Cal F,c9df6956bbe792ac81757a43f25d39f12c51755e5a0a7b3040648290cc569c57,c9df6956bbe792ac81757a43f25d39f12c51755e5a0a7b3040648290cc569c57,055c266155ae8ac50973d5485d6777562b5284f9bf73a29611ba812c24e67232,$,,055c266155ae8ac50973d5485d6777562b5284f9bf73a29611ba812c24e67232,055c266155ae8ac50973d5485d6777562b5284f9bf73a29611ba812c24e67232,"{""basis"":""ordered source-target formula atom"",""kind"":""source-target-formula-map""}"
1.1.0,formula,O007-FREMLIN-V2-APP-2A3-FORMULA-0694,O007-FREMLIN-V2-APP-2A3,O007-RIGHTS-FREMLIN-DSL,O007-FREMLIN-V2-APP-2A3-SEG-2A3R,694,2A3R,2A3R,674,686,28711,28714,30767,30770,G,G,333e0a1e27815d0ceee55c473fe3dc93d56c63e3bee2b3b4aee8eed6d70191a3,333e0a1e27815d0ceee55c473fe3dc93d56c63e3bee2b3b4aee8eed6d70191a3,333e0a1e27815d0ceee55c473fe3dc93d56c63e3bee2b3b4aee8eed6d70191a3,$,,333e0a1e27815d0ceee55c473fe3dc93d56c63e3bee2b3b4aee8eed6d70191a3,333e0a1e27815d0ceee55c473fe3dc93d56c63e3bee2b3b4aee8eed6d70191a3,"{""basis"":""ordered source-target formula atom"",""kind"":""source-target-formula-map""}"
1.1.0,formula,O007-FREMLIN-V2-APP-2A3-FORMULA-0695,O007-FREMLIN-V2-APP-2A3,O007-RIGHTS-FREMLIN-DSL,O007-FREMLIN-V2-APP-2A3-SEG-2A3R,695,2A3R,2A3R,675,686,28730,28738,30795,30803,\Cal F,\Cal F,9363924beed26a6b3024d2639aded7fd78e4442982973410c843f5ca8b42c29f,9363924beed26a6b3024d2639aded7fd78e4442982973410c843f5ca8b42c29f,5b7978629932e36cc708d0acc1fa79ef221d2b463df15ea614fc931ca4779310,$,,5b7978629932e36cc708d0acc1fa79ef221d2b463df15ea614fc931ca4779310,5b7978629932e36cc708d0acc1fa79ef221d2b463df15ea614fc931ca4779310,"{""basis"":""ordered source-target formula atom"",""kind"":""source-target-formula-map""}"
1.1.0,formula,O007-FREMLIN-V2-APP-2A3-FORMULA-0696,O007-FREMLIN-V2-APP-2A3,O007-RIGHTS-FREMLIN-DSL,O007-FREMLIN-V2-APP-2A3-SEG-2A3R,696,2A3R,2A3R,675,686,28748,28756,30812,30820,\Cal F,\Cal F,9363924beed26a6b3024d2639aded7fd78e4442982973410c843f5ca8b42c29f,9363924beed26a6b3024d2639aded7fd78e4442982973410c843f5ca8b42c29f,5b7978629932e36cc708d0acc1fa79ef221d2b463df15ea614fc931ca4779310,$,,5b7978629932e36cc708d0acc1fa79ef221d2b463df15ea614fc931ca4779310,5b7978629932e36cc708d0acc1fa79ef221d2b463df15ea614fc931ca4779310,"{""basis"":""ordered source-target formula atom"",""kind"":""source-target-formula-map""}"
1.1.0,formula,O007-FREMLIN-V2-APP-2A3-FORMULA-0697,O007-FREMLIN-V2-APP-2A3,O007-RIGHTS-FREMLIN-DSL,O007-FREMLIN-V2-APP-2A3-SEG-2A3R,697,2A3R,2A3R,675,687,28781,28784,30848,30851,G,G,333e0a1e27815d0ceee55c473fe3dc93d56c63e3bee2b3b4aee8eed6d70191a3,333e0a1e27815d0ceee55c473fe3dc93d56c63e3bee2b3b4aee8eed6d70191a3,333e0a1e27815d0ceee55c473fe3dc93d56c63e3bee2b3b4aee8eed6d70191a3,$,,333e0a1e27815d0ceee55c473fe3dc93d56c63e3bee2b3b4aee8eed6d70191a3,333e0a1e27815d0ceee55c473fe3dc93d56c63e3bee2b3b4aee8eed6d70191a3,"{""basis"":""ordered source-target formula atom"",""kind"":""source-target-formula-map""}"
1.1.0,formula,O007-FREMLIN-V2-APP-2A3-FORMULA-0698,O007-FREMLIN-V2-APP-2A3,O007-RIGHTS-FREMLIN-DSL,O007-FREMLIN-V2-APP-2A3-SEG-2A3R,698,2A3R,2A3R,676,687,28799,28812,30862,30875,\Cal F\to x,\Cal F\to x,6fd341aea48b4d78fc6735aaafa6d7a2622b847f7593d1e8de50023ad56aeb90,6fd341aea48b4d78fc6735aaafa6d7a2622b847f7593d1e8de50023ad56aeb90,985975db2aab9bca572e57a499e8228db81b15a90301999b1e7c17f01cf3fcf7,$,,985975db2aab9bca572e57a499e8228db81b15a90301999b1e7c17f01cf3fcf7,985975db2aab9bca572e57a499e8228db81b15a90301999b1e7c17f01cf3fcf7,"{""basis"":""ordered source-target formula atom"",""kind"":""source-target-formula-map""}"
1.1.0,formula,O007-FREMLIN-V2-APP-2A3-FORMULA-0699,O007-FREMLIN-V2-APP-2A3,O007-RIGHTS-FREMLIN-DSL,O007-FREMLIN-V2-APP-2A3-SEG-2A3R,699,2A3R,2A3R,677,688,28840,28843,30906,30909,X,X,4b68ab3847feda7d6c62c1fbcbeebfa35eab7351ed5e78f4ddadea5df64b8015,4b68ab3847feda7d6c62c1fbcbeebfa35eab7351ed5e78f4ddadea5df64b8015,4b68ab3847feda7d6c62c1fbcbeebfa35eab7351ed5e78f4ddadea5df64b8015,$,,4b68ab3847feda7d6c62c1fbcbeebfa35eab7351ed5e78f4ddadea5df64b8015,4b68ab3847feda7d6c62c1fbcbeebfa35eab7351ed5e78f4ddadea5df64b8015,"{""basis"":""ordered source-target formula atom"",""kind"":""source-target-formula-map""}"
1.1.0,formula,O007-FREMLIN-V2-APP-2A3-FORMULA-0700,O007-FREMLIN-V2-APP-2A3,O007-RIGHTS-FREMLIN-DSL,O007-FREMLIN-V2-APP-2A3-SEG-2A3R,700,2A3R,2A3R,677,688,28855,28858,30922,30925,K,K,86be9a55762d316a3026c2836d044f5fc76e34da10e1b45feee5f18be7edb177,86be9a55762d316a3026c2836d044f5fc76e34da10e1b45feee5f18be7edb177,86be9a55762d316a3026c2836d044f5fc76e34da10e1b45feee5f18be7edb177,$,,86be9a55762d316a3026c2836d044f5fc76e34da10e1b45feee5f18be7edb177,86be9a55762d316a3026c2836d044f5fc76e34da10e1b45feee5f18be7edb177,"{""basis"":""ordered source-target formula atom"",""kind"":""source-target-formula-map""}"
1.1.0,formula,O007-FREMLIN-V2-APP-2A3-FORMULA-0701,O007-FREMLIN-V2-APP-2A3,O007-RIGHTS-FREMLIN-DSL,O007-FREMLIN-V2-APP-2A3-SEG-2A3R,701,2A3R,2A3R,677,688,28874,28877,30948,30951,K,K,86be9a55762d316a3026c2836d044f5fc76e34da10e1b45feee5f18be7edb177,86be9a55762d316a3026c2836d044f5fc76e34da10e1b45feee5f18be7edb177,86be9a55762d316a3026c2836d044f5fc76e34da10e1b45feee5f18be7edb177,$,,86be9a55762d316a3026c2836d044f5fc76e34da10e1b45feee5f18be7edb177,86be9a55762d316a3026c2836d044f5fc76e34da10e1b45feee5f18be7edb177,"{""basis"":""ordered source-target formula atom"",""kind"":""source-target-formula-map""}"
1.1.0,formula,O007-FREMLIN-V2-APP-2A3-FORMULA-0702,O007-FREMLIN-V2-APP-2A3,O007-RIGHTS-FREMLIN-DSL,O007-FREMLIN-V2-APP-2A3-SEG-2A3R,702,2A3R,2A3R,681,692,28938,28941,31020,31023,X,X,4b68ab3847feda7d6c62c1fbcbeebfa35eab7351ed5e78f4ddadea5df64b8015,4b68ab3847feda7d6c62c1fbcbeebfa35eab7351ed5e78f4ddadea5df64b8015,4b68ab3847feda7d6c62c1fbcbeebfa35eab7351ed5e78f4ddadea5df64b8015,$,,4b68ab3847feda7d6c62c1fbcbeebfa35eab7351ed5e78f4ddadea5df64b8015,4b68ab3847feda7d6c62c1fbcbeebfa35eab7351ed5e78f4ddadea5df64b8015,"{""basis"":""ordered source-target formula atom"",""kind"":""source-target-formula-map""}"
1.1.0,formula,O007-FREMLIN-V2-APP-2A3-FORMULA-0703,O007-FREMLIN-V2-APP-2A3,O007-RIGHTS-FREMLIN-DSL,O007-FREMLIN-V2-APP-2A3-SEG-2A3R,703,2A3R,2A3R,681,693,28953,28956,31036,31039,K,K,86be9a55762d316a3026c2836d044f5fc76e34da10e1b45feee5f18be7edb177,86be9a55762d316a3026c2836d044f5fc76e34da10e1b45feee5f18be7edb177,86be9a55762d316a3026c2836d044f5fc76e34da10e1b45feee5f18be7edb177,$,,86be9a55762d316a3026c2836d044f5fc76e34da10e1b45feee5f18be7edb177,86be9a55762d316a3026c2836d044f5fc76e34da10e1b45feee5f18be7edb177,"{""basis"":""ordered source-target formula atom"",""kind"":""source-target-formula-map""}"
1.1.0,formula,O007-FREMLIN-V2-APP-2A3-FORMULA-0704,O007-FREMLIN-V2-APP-2A3,O007-RIGHTS-FREMLIN-DSL,O007-FREMLIN-V2-APP-2A3-SEG-2A3R,704,2A3R,2A3R,682,693,28972,28975,31062,31065,K,K,86be9a55762d316a3026c2836d044f5fc76e34da10e1b45feee5f18be7edb177,86be9a55762d316a3026c2836d044f5fc76e34da10e1b45feee5f18be7edb177,86be9a55762d316a3026c2836d044f5fc76e34da10e1b45feee5f18be7edb177,$,,86be9a55762d316a3026c2836d044f5fc76e34da10e1b45feee5f18be7edb177,86be9a55762d316a3026c2836d044f5fc76e34da10e1b45feee5f18be7edb177,"{""basis"":""ordered source-target formula atom"",""kind"":""source-target-formula-map""}"
1.1.0,formula,O007-FREMLIN-V2-APP-2A3-FORMULA-0705,O007-FREMLIN-V2-APP-2A3,O007-RIGHTS-FREMLIN-DSL,O007-FREMLIN-V2-APP-2A3-SEG-2A3R,705,2A3R,2A3R,682,693,28983,28991,31076,31084,\Cal G,\Cal G,e780f02ac3d8349327da24c389bd24847b98abc1b10ce849d80ac4b9046fc326,e780f02ac3d8349327da24c389bd24847b98abc1b10ce849d80ac4b9046fc326,41221f9f44e357ae4ee9309b669e95124e392fd3f8db159f16d4d155cb4f5739,$,,41221f9f44e357ae4ee9309b669e95124e392fd3f8db159f16d4d155cb4f5739,41221f9f44e357ae4ee9309b669e95124e392fd3f8db159f16d4d155cb4f5739,"{""basis"":""ordered source-target formula atom"",""kind"":""source-target-formula-map""}"
1.1.0,formula,O007-FREMLIN-V2-APP-2A3-FORMULA-0706,O007-FREMLIN-V2-APP-2A3,O007-RIGHTS-FREMLIN-DSL,O007-FREMLIN-V2-APP-2A3-SEG-2A3R,706,2A3R,2A3R,682,693,29006,29009,31093,31096,K,K,86be9a55762d316a3026c2836d044f5fc76e34da10e1b45feee5f18be7edb177,86be9a55762d316a3026c2836d044f5fc76e34da10e1b45feee5f18be7edb177,86be9a55762d316a3026c2836d044f5fc76e34da10e1b45feee5f18be7edb177,$,,86be9a55762d316a3026c2836d044f5fc76e34da10e1b45feee5f18be7edb177,86be9a55762d316a3026c2836d044f5fc76e34da10e1b45feee5f18be7edb177,"{""basis"":""ordered source-target formula atom"",""kind"":""source-target-formula-map""}"
1.1.0,formula,O007-FREMLIN-V2-APP-2A3-FORMULA-0707,O007-FREMLIN-V2-APP-2A3,O007-RIGHTS-FREMLIN-DSL,O007-FREMLIN-V2-APP-2A3-SEG-2A3R,707,2A3R,2A3R,682,694,29026,29029,31134,31137,X,X,4b68ab3847feda7d6c62c1fbcbeebfa35eab7351ed5e78f4ddadea5df64b8015,4b68ab3847feda7d6c62c1fbcbeebfa35eab7351ed5e78f4ddadea5df64b8015,4b68ab3847feda7d6c62c1fbcbeebfa35eab7351ed5e78f4ddadea5df64b8015,$,,4b68ab3847feda7d6c62c1fbcbeebfa35eab7351ed5e78f4ddadea5df64b8015,4b68ab3847feda7d6c62c1fbcbeebfa35eab7351ed5e78f4ddadea5df64b8015,"{""basis"":""ordered source-target formula atom"",""kind"":""source-target-formula-map""}"
1.1.0,formula,O007-FREMLIN-V2-APP-2A3-FORMULA-0708,O007-FREMLIN-V2-APP-2A3,O007-RIGHTS-FREMLIN-DSL,O007-FREMLIN-V2-APP-2A3-SEG-2A3R,708,2A3R,2A3R,683,695,29065,29073,31170,31178,\Cal G,\Cal G,e780f02ac3d8349327da24c389bd24847b98abc1b10ce849d80ac4b9046fc326,e780f02ac3d8349327da24c389bd24847b98abc1b10ce849d80ac4b9046fc326,41221f9f44e357ae4ee9309b669e95124e392fd3f8db159f16d4d155cb4f5739,$,,41221f9f44e357ae4ee9309b669e95124e392fd3f8db159f16d4d155cb4f5739,41221f9f44e357ae4ee9309b669e95124e392fd3f8db159f16d4d155cb4f5739,"{""basis"":""ordered source-target formula atom"",""kind"":""source-target-formula-map""}"
1.1.0,formula,O007-FREMLIN-V2-APP-2A3-FORMULA-0709,O007-FREMLIN-V2-APP-2A3,O007-RIGHTS-FREMLIN-DSL,O007-FREMLIN-V2-APP-2A3-SEG-2A3R,709,2A3R,2A3R,685,697,29117,29130,31239,31252,\Cal F=\{F:,\Cal F=\{F:,42c9a13eadf434124d414606963e43d34f2e60074470a4b535dac15279ce0f46,42c9a13eadf434124d414606963e43d34f2e60074470a4b535dac15279ce0f46,99d619e07a4dc1af07ab070b0ec870424d5abda70183bf5023c29bd2b5fac9b4,$,,99d619e07a4dc1af07ab070b0ec870424d5abda70183bf5023c29bd2b5fac9b4,99d619e07a4dc1af07ab070b0ec870424d5abda70183bf5023c29bd2b5fac9b4,"{""basis"":""ordered source-target formula atom"",""kind"":""source-target-formula-map""}"
1.1.0,formula,O007-FREMLIN-V2-APP-2A3-FORMULA-0710,O007-FREMLIN-V2-APP-2A3,O007-RIGHTS-FREMLIN-DSL,O007-FREMLIN-V2-APP-2A3-SEG-2A3R,710,2A3R,2A3R,685,698,29149,29211,31301,31362,"\Cal G_0\subseteq
\Cal G,\,F\cup\bigcup\Cal G_0\supseteq K\}","\Cal G_0\subseteq\Cal G,\,F\cup\bigcup\Cal G_0\supseteq K\}",0fa0f89ac88e6f382d346bbc96563dfac78f7476b1a8e69c4541b91f5f0cd27a,a8152b359e74b56f8d352be528ecfb54a355306939ff38962beb2062e8091a14,f6789001905ed61b292a10d88c17f9f571b36d29dc8bfe3464aebd612b9ff167,$,,f6789001905ed61b292a10d88c17f9f571b36d29dc8bfe3464aebd612b9ff167,f6789001905ed61b292a10d88c17f9f571b36d29dc8bfe3464aebd612b9ff167,"{""basis"":""ordered source-target formula atom"",""kind"":""source-target-formula-map""}"
1.1.0,formula,O007-FREMLIN-V2-APP-2A3-FORMULA-0711,O007-FREMLIN-V2-APP-2A3,O007-RIGHTS-FREMLIN-DSL,O007-FREMLIN-V2-APP-2A3-SEG-2A3R,711,2A3R,2A3R,688,700,29230,29238,31381,31389,\Cal F,\Cal F,9363924beed26a6b3024d2639aded7fd78e4442982973410c843f5ca8b42c29f,9363924beed26a6b3024d2639aded7fd78e4442982973410c843f5ca8b42c29f,5b7978629932e36cc708d0acc1fa79ef221d2b463df15ea614fc931ca4779310,$,,5b7978629932e36cc708d0acc1fa79ef221d2b463df15ea614fc931ca4779310,5b7978629932e36cc708d0acc1fa79ef221d2b463df15ea614fc931ca4779310,"{""basis"":""ordered source-target formula atom"",""kind"":""source-target-formula-map""}"
1.1.0,formula,O007-FREMLIN-V2-APP-2A3-FORMULA-0712,O007-FREMLIN-V2-APP-2A3,O007-RIGHTS-FREMLIN-DSL,O007-FREMLIN-V2-APP-2A3-SEG-2A3R,712,2A3R,2A3R,688,700,29254,29257,31409,31412,X,X,4b68ab3847feda7d6c62c1fbcbeebfa35eab7351ed5e78f4ddadea5df64b8015,4b68ab3847feda7d6c62c1fbcbeebfa35eab7351ed5e78f4ddadea5df64b8015,4b68ab3847feda7d6c62c1fbcbeebfa35eab7351ed5e78f4ddadea5df64b8015,$,,4b68ab3847feda7d6c62c1fbcbeebfa35eab7351ed5e78f4ddadea5df64b8015,4b68ab3847feda7d6c62c1fbcbeebfa35eab7351ed5e78f4ddadea5df64b8015,"{""basis"":""ordered source-target formula atom"",""kind"":""source-target-formula-map""}"
1.1.0,formula,O007-FREMLIN-V2-APP-2A3-FORMULA-0713,O007-FREMLIN-V2-APP-2A3,O007-RIGHTS-FREMLIN-DSL,O007-FREMLIN-V2-APP-2A3-SEG-2A3R,713,2A3R,2A3R,689,701,29271,29305,31424,31458,X\cup\bigcup\emptyset\supseteq K,X\cup\bigcup\emptyset\supseteq K,c931d0ecb87b17227f746f0ee67d54bf34ded4f91bfbc27530708dba431bb8c4,c931d0ecb87b17227f746f0ee67d54bf34ded4f91bfbc27530708dba431bb8c4,c1f648ec7ca3d3a287209f2f8926108a2330162f0bcd61c8dce0a3e25660d7e4,$,,c1f648ec7ca3d3a287209f2f8926108a2330162f0bcd61c8dce0a3e25660d7e4,c1f648ec7ca3d3a287209f2f8926108a2330162f0bcd61c8dce0a3e25660d7e4,"{""basis"":""ordered source-target formula atom"",""kind"":""source-target-formula-map""}"
1.1.0,formula,O007-FREMLIN-V2-APP-2A3-FORMULA-0714,O007-FREMLIN-V2-APP-2A3,O007-RIGHTS-FREMLIN-DSL,O007-FREMLIN-V2-APP-2A3-SEG-2A3R,714,2A3R,2A3R,689,701,29309,29321,31469,31481,X\in\Cal F,X\in\Cal F,2def0e1773d6a63856043b010c4d9f6f60146735bc72a92395dfd365e113e37d,2def0e1773d6a63856043b010c4d9f6f60146735bc72a92395dfd365e113e37d,76619bcb97e70acbc2c7ee05c9c7304fbe5601c7fc9ad56e2e1db1f95e3408e1,$,,76619bcb97e70acbc2c7ee05c9c7304fbe5601c7fc9ad56e2e1db1f95e3408e1,76619bcb97e70acbc2c7ee05c9c7304fbe5601c7fc9ad56e2e1db1f95e3408e1,"{""basis"":""ordered source-target formula atom"",""kind"":""source-target-formula-map""}"
1.1.0,formula,O007-FREMLIN-V2-APP-2A3-FORMULA-0715,O007-FREMLIN-V2-APP-2A3,O007-RIGHTS-FREMLIN-DSL,O007-FREMLIN-V2-APP-2A3-SEG-2A3R,715,2A3R,2A3R,692,704,29337,29398,31497,31558,"\emptyset\cup\bigcup\Cal G_0=\bigcup\Cal G_0\not\supseteq
K","\emptyset\cup\bigcup\Cal G_0=\bigcup\Cal G_0\not\supseteq
K",6aedbfc6438f64e5d169178e7ca0a585bfde37d409dd28bd16007653f05e19d6,6aedbfc6438f64e5d169178e7ca0a585bfde37d409dd28bd16007653f05e19d6,c6cb775bbffd3774b13ef23605c0a5717307d6fa978a6a320b3a47a1343c6367,$,,c6cb775bbffd3774b13ef23605c0a5717307d6fa978a6a320b3a47a1343c6367,c6cb775bbffd3774b13ef23605c0a5717307d6fa978a6a320b3a47a1343c6367,"{""basis"":""ordered source-target formula atom"",""kind"":""source-target-formula-map""}"
1.1.0,formula,O007-FREMLIN-V2-APP-2A3-FORMULA-0716,O007-FREMLIN-V2-APP-2A3,O007-RIGHTS-FREMLIN-DSL,O007-FREMLIN-V2-APP-2A3-SEG-2A3R,716,2A3R,2A3R,696,707,29426,29451,31603,31628,\Cal G_0\subseteq\Cal G,\Cal G_0\subseteq\Cal G,a88b45bc5d0b0baa924bb31b45d0ae8d41723734192a6f537b712f2adb7a7c00,a88b45bc5d0b0baa924bb31b45d0ae8d41723734192a6f537b712f2adb7a7c00,384452ea9492d1dab99f4ca0b4a491ae086af5ec0f7b7637ce664db202c65da6,$,,384452ea9492d1dab99f4ca0b4a491ae086af5ec0f7b7637ce664db202c65da6,384452ea9492d1dab99f4ca0b4a491ae086af5ec0f7b7637ce664db202c65da6,"{""basis"":""ordered source-target formula atom"",""kind"":""source-target-formula-map""}"
1.1.0,formula,O007-FREMLIN-V2-APP-2A3-FORMULA-0717,O007-FREMLIN-V2-APP-2A3,O007-RIGHTS-FREMLIN-DSL,O007-FREMLIN-V2-APP-2A3-SEG-2A3R,717,2A3R,2A3R,697,709,29471,29494,31658,31681,\emptyset\notin\Cal F,\emptyset\notin\Cal F,cfa9decf30cfa2aadc57a6f67c3e8ec2af337187d777001e350e2f5b289d9453,cfa9decf30cfa2aadc57a6f67c3e8ec2af337187d777001e350e2f5b289d9453,488cdee97a8d2d427789c3028c2ac664c274fd7792372ac92ca8bc9f48dc8ae1,$,,488cdee97a8d2d427789c3028c2ac664c274fd7792372ac92ca8bc9f48dc8ae1,488cdee97a8d2d427789c3028c2ac664c274fd7792372ac92ca8bc9f48dc8ae1,"{""basis"":""ordered source-target formula atom"",""kind"":""source-target-formula-map""}"
1.1.0,formula,O007-FREMLIN-V2-APP-2A3-FORMULA-0718,O007-FREMLIN-V2-APP-2A3,O007-RIGHTS-FREMLIN-DSL,O007-FREMLIN-V2-APP-2A3-SEG-2A3R,718,2A3R,2A3R,698,710,29504,29507,31693,31696,E,E,a9f51566bd6705f7ea6ad54bb9deb449f795582d6529a0e22207b8981233ec58,a9f51566bd6705f7ea6ad54bb9deb449f795582d6529a0e22207b8981233ec58,a9f51566bd6705f7ea6ad54bb9deb449f795582d6529a0e22207b8981233ec58,$,,a9f51566bd6705f7ea6ad54bb9deb449f795582d6529a0e22207b8981233ec58,a9f51566bd6705f7ea6ad54bb9deb449f795582d6529a0e22207b8981233ec58,"{""basis"":""ordered source-target formula atom"",""kind"":""source-target-formula-map""}"
1.1.0,formula,O007-FREMLIN-V2-APP-2A3-FORMULA-0719,O007-FREMLIN-V2-APP-2A3,O007-RIGHTS-FREMLIN-DSL,O007-FREMLIN-V2-APP-2A3-SEG-2A3R,719,2A3R,2A3R,698,710,29509,29521,31698,31710,F\in\Cal F,F\in\Cal F,b175aab2db7faf179eb3931e42199aeeab66ec86548a220083f44d0e67d59263,b175aab2db7faf179eb3931e42199aeeab66ec86548a220083f44d0e67d59263,7dd4f5e0928d6c98d20fba59ffea613cd66f6709bebc521036b8e405faedfc72,$,,7dd4f5e0928d6c98d20fba59ffea613cd66f6709bebc521036b8e405faedfc72,7dd4f5e0928d6c98d20fba59ffea613cd66f6709bebc521036b8e405faedfc72,"{""basis"":""ordered source-target formula atom"",""kind"":""source-target-formula-map""}"
1.1.0,formula,O007-FREMLIN-V2-APP-2A3-FORMULA-0720,O007-FREMLIN-V2-APP-2A3,O007-RIGHTS-FREMLIN-DSL,O007-FREMLIN-V2-APP-2A3-SEG-2A3R,720,2A3R,2A3R,698,710,29544,29554,31739,31749,\Cal G_1,\Cal G_1,9173fb6743c6ee4585af37e26728a0503d0b35b85bdb5d2f6f41f84b438a097b,9173fb6743c6ee4585af37e26728a0503d0b35b85bdb5d2f6f41f84b438a097b,d417ca451d66c823299f77073a1df08886c44b5e90b21a0a515e716eab217294,$,,d417ca451d66c823299f77073a1df08886c44b5e90b21a0a515e716eab217294,d417ca451d66c823299f77073a1df08886c44b5e90b21a0a515e716eab217294,"{""basis"":""ordered source-target formula atom"",""kind"":""source-target-formula-map""}"
1.1.0,formula,O007-FREMLIN-V2-APP-2A3-FORMULA-0721,O007-FREMLIN-V2-APP-2A3,O007-RIGHTS-FREMLIN-DSL,O007-FREMLIN-V2-APP-2A3-SEG-2A3R,721,2A3R,2A3R,699,711,29556,29581,31751,31776,\Cal G_2\subseteq\Cal G,\Cal G_2\subseteq\Cal G,9eeacb624bc2114a6ab2f50d89d4e2ae03f42c8480b1c157a658625a8dc7666d,9eeacb624bc2114a6ab2f50d89d4e2ae03f42c8480b1c157a658625a8dc7666d,5003e2183d69978455a862ae84507c5496d5ab9b48dc24d8b43eff74f5df4acc,$,,5003e2183d69978455a862ae84507c5496d5ab9b48dc24d8b43eff74f5df4acc,5003e2183d69978455a862ae84507c5496d5ab9b48dc24d8b43eff74f5df4acc,"{""basis"":""ordered source-target formula atom"",""kind"":""source-target-formula-map""}"
1.1.0,formula,O007-FREMLIN-V2-APP-2A3-FORMULA-0722,O007-FREMLIN-V2-APP-2A3,O007-RIGHTS-FREMLIN-DSL,O007-FREMLIN-V2-APP-2A3-SEG-2A3R,722,2A3R,2A3R,699,711,29592,29614,31786,31808,E\cup\bigcup\Cal G_1,E\cup\bigcup\Cal G_1,f55db3e8d0f0fb29028eb39aed3e329ac817c635a4fc40fc07da45b0a7733275,f55db3e8d0f0fb29028eb39aed3e329ac817c635a4fc40fc07da45b0a7733275,53436fd69fd8d8ec6a6535e0e8b9f57a22569c126efba4624ad8f5643d19b3d1,$,,53436fd69fd8d8ec6a6535e0e8b9f57a22569c126efba4624ad8f5643d19b3d1,53436fd69fd8d8ec6a6535e0e8b9f57a22569c126efba4624ad8f5643d19b3d1,"{""basis"":""ordered source-target formula atom"",""kind"":""source-target-formula-map""}"
1.1.0,formula,O007-FREMLIN-V2-APP-2A3-FORMULA-0723,O007-FREMLIN-V2-APP-2A3,O007-RIGHTS-FREMLIN-DSL,O007-FREMLIN-V2-APP-2A3-SEG-2A3R,723,2A3R,2A3R,700,712,29619,29641,31813,31835,F\cup\bigcup\Cal G_2,F\cup\bigcup\Cal G_2,2a70843bf52a1329fb94ccf26f1782d248190df864506efde00c0e378ed97ba6,2a70843bf52a1329fb94ccf26f1782d248190df864506efde00c0e378ed97ba6,8c1047c39de4228e7ed2104dab0dd8cd5ff014fcd1108a925a6c23a0392f343e,$,,8c1047c39de4228e7ed2104dab0dd8cd5ff014fcd1108a925a6c23a0392f343e,8c1047c39de4228e7ed2104dab0dd8cd5ff014fcd1108a925a6c23a0392f343e,"{""basis"":""ordered source-target formula atom"",""kind"":""source-target-formula-map""}"
1.1.0,formula,O007-FREMLIN-V2-APP-2A3-FORMULA-0724,O007-FREMLIN-V2-APP-2A3,O007-RIGHTS-FREMLIN-DSL,O007-FREMLIN-V2-APP-2A3-SEG-2A3R,724,2A3R,2A3R,700,712,29655,29658,31857,31860,K,K,86be9a55762d316a3026c2836d044f5fc76e34da10e1b45feee5f18be7edb177,86be9a55762d316a3026c2836d044f5fc76e34da10e1b45feee5f18be7edb177,86be9a55762d316a3026c2836d044f5fc76e34da10e1b45feee5f18be7edb177,$,,86be9a55762d316a3026c2836d044f5fc76e34da10e1b45feee5f18be7edb177,86be9a55762d316a3026c2836d044f5fc76e34da10e1b45feee5f18be7edb177,"{""basis"":""ordered source-target formula atom"",""kind"":""source-target-formula-map""}"
1.1.0,formula,O007-FREMLIN-V2-APP-2A3-FORMULA-0725,O007-FREMLIN-V2-APP-2A3,O007-RIGHTS-FREMLIN-DSL,O007-FREMLIN-V2-APP-2A3-SEG-2A3R,725,2A3R,2A3R,701,713,29665,29720,31872,31927,(E\cap F)\cup\bigcup(\Cal G_1\cup\Cal G_2)\supseteq K,(E\cap F)\cup\bigcup(\Cal G_1\cup\Cal G_2)\supseteq K,4be3746b0d23a720b18a5b8d6a1d08aefbc23a9063dc7a1a40975802fb5cdf12,4be3746b0d23a720b18a5b8d6a1d08aefbc23a9063dc7a1a40975802fb5cdf12,54147f2da7f21c5ab03b874e76598b0e7917d99c6493eadb2efb1144e82a7073,$,,54147f2da7f21c5ab03b874e76598b0e7917d99c6493eadb2efb1144e82a7073,54147f2da7f21c5ab03b874e76598b0e7917d99c6493eadb2efb1144e82a7073,"{""basis"":""ordered source-target formula atom"",""kind"":""source-target-formula-map""}"
1.1.0,formula,O007-FREMLIN-V2-APP-2A3-FORMULA-0726,O007-FREMLIN-V2-APP-2A3,O007-RIGHTS-FREMLIN-DSL,O007-FREMLIN-V2-APP-2A3-SEG-2A3R,726,2A3R,2A3R,702,714,29724,29742,31933,31951,E\cap F\in\Cal F,E\cap F\in\Cal F,971e5d514c70949d7f21a456f512a24f22bf2404dd27f50e06392b659dba642a,971e5d514c70949d7f21a456f512a24f22bf2404dd27f50e06392b659dba642a,70de6cfbaf9892da1153cd3cbc166512b3b3861bf1e3142c8d4230d192c8a62c,$,,70de6cfbaf9892da1153cd3cbc166512b3b3861bf1e3142c8d4230d192c8a62c,70de6cfbaf9892da1153cd3cbc166512b3b3861bf1e3142c8d4230d192c8a62c,"{""basis"":""ordered source-target formula atom"",""kind"":""source-target-formula-map""}"
1.1.0,formula,O007-FREMLIN-V2-APP-2A3-FORMULA-0727,O007-FREMLIN-V2-APP-2A3,O007-RIGHTS-FREMLIN-DSL,O007-FREMLIN-V2-APP-2A3-SEG-2A3R,727,2A3R,2A3R,703,715,29755,29789,31966,32000,X\supseteq E\supseteq F\in\Cal F,X\supseteq E\supseteq F\in\Cal F,2676a68a39900ca216eca9b769be574288954b8bace7ac67d78f89a0af972753,2676a68a39900ca216eca9b769be574288954b8bace7ac67d78f89a0af972753,982a8b6f526ae61b52125f3082970cfb4d8fa28c22fc0b44a1f8a2b2e79c346d,$,,982a8b6f526ae61b52125f3082970cfb4d8fa28c22fc0b44a1f8a2b2e79c346d,982a8b6f526ae61b52125f3082970cfb4d8fa28c22fc0b44a1f8a2b2e79c346d,"{""basis"":""ordered source-target formula atom"",""kind"":""source-target-formula-map""}"
1.1.0,formula,O007-FREMLIN-V2-APP-2A3-FORMULA-0728,O007-FREMLIN-V2-APP-2A3,O007-RIGHTS-FREMLIN-DSL,O007-FREMLIN-V2-APP-2A3-SEG-2A3R,728,2A3R,2A3R,704,716,29813,29838,32015,32040,\Cal G_0\subseteq\Cal G,\Cal G_0\subseteq\Cal G,a88b45bc5d0b0baa924bb31b45d0ae8d41723734192a6f537b712f2adb7a7c00,a88b45bc5d0b0baa924bb31b45d0ae8d41723734192a6f537b712f2adb7a7c00,384452ea9492d1dab99f4ca0b4a491ae086af5ec0f7b7637ce664db202c65da6,$,,384452ea9492d1dab99f4ca0b4a491ae086af5ec0f7b7637ce664db202c65da6,384452ea9492d1dab99f4ca0b4a491ae086af5ec0f7b7637ce664db202c65da6,"{""basis"":""ordered source-target formula atom"",""kind"":""source-target-formula-map""}"
1.1.0,formula,O007-FREMLIN-V2-APP-2A3-FORMULA-0729,O007-FREMLIN-V2-APP-2A3,O007-RIGHTS-FREMLIN-DSL,O007-FREMLIN-V2-APP-2A3-SEG-2A3R,729,2A3R,2A3R,704,717,29849,29875,32060,32093,F\cup\Cal G_0\supseteq K,F\cup\bigcup\Cal G_0\supseteq K,815d690d6afab24f181703b204e862fc4ee3f35767a7f4d5b295b514e1690626,6dfcc53e41691a0dfe6fdd35bcd26acea0255982c8a2f42d975ffb2ef1437abd,bffb8ce3e08af93f9dec880c278102a250865344efe196d2b6ec87c497467750,$,"[""O007-CORR-0381""]",4d05985379a75bf5ec689bc96092e58ba9bf6490893bfc6039c3c5b5b79e8035,bffb8ce3e08af93f9dec880c278102a250865344efe196d2b6ec87c497467750,"{""basis"":""ordered formula atom; correction bound by receipt exception union"",""kind"":""source-target-formula-map""}"
1.1.0,formula,O007-FREMLIN-V2-APP-2A3-FORMULA-0730,O007-FREMLIN-V2-APP-2A3,O007-RIGHTS-FREMLIN-DSL,O007-FREMLIN-V2-APP-2A3-SEG-2A3R,730,2A3R,2A3R,705,718,29882,29915,32104,32137,E\cup\bigcup\Cal G_0\supseteq K,E\cup\bigcup\Cal G_0\supseteq K,97fb84d53fcb7f7eb6fa59c6a74f6d07c906358c88a83381df04571dc919c457,97fb84d53fcb7f7eb6fa59c6a74f6d07c906358c88a83381df04571dc919c457,1d37506ff2cd73979919afab6030c4dbde7506cd546cd89ddd06c50678eadf72,$,,1d37506ff2cd73979919afab6030c4dbde7506cd546cd89ddd06c50678eadf72,1d37506ff2cd73979919afab6030c4dbde7506cd546cd89ddd06c50678eadf72,"{""basis"":""ordered source-target formula atom"",""kind"":""source-target-formula-map""}"
1.1.0,formula,O007-FREMLIN-V2-APP-2A3-FORMULA-0731,O007-FREMLIN-V2-APP-2A3,O007-RIGHTS-FREMLIN-DSL,O007-FREMLIN-V2-APP-2A3-SEG-2A3R,731,2A3R,2A3R,705,718,29920,29932,32142,32154,E\in\Cal F,E\in\Cal F,1b5e72baac87785e8d741cc9bdcf2c01c48c6b688fe0cf9f8e029327b1b9f798,1b5e72baac87785e8d741cc9bdcf2c01c48c6b688fe0cf9f8e029327b1b9f798,745e7a30324631cb22610c401f79fe2f6142a0cf6daf420e710b64dd4c439947,$,,745e7a30324631cb22610c401f79fe2f6142a0cf6daf420e710b64dd4c439947,745e7a30324631cb22610c401f79fe2f6142a0cf6daf420e710b64dd4c439947,"{""basis"":""ordered source-target formula atom"",""kind"":""source-target-formula-map""}"
1.1.0,formula,O007-FREMLIN-V2-APP-2A3-FORMULA-0732,O007-FREMLIN-V2-APP-2A3,O007-RIGHTS-FREMLIN-DSL,O007-FREMLIN-V2-APP-2A3-SEG-2A3R,732,2A3R,2A3R,707,720,30000,30010,32220,32230,\Cal F^*,\Cal F^*,2f2c22624fe2e7f94eb510b4dd8ce0bc15570c1c2cb04b8f61db43dc092adad2,2f2c22624fe2e7f94eb510b4dd8ce0bc15570c1c2cb04b8f61db43dc092adad2,de246532fe098595f566f39bc4e6a9f613df33c0fdd98e537a0f8791bb00c42a,$,,de246532fe098595f566f39bc4e6a9f613df33c0fdd98e537a0f8791bb00c42a,de246532fe098595f566f39bc4e6a9f613df33c0fdd98e537a0f8791bb00c42a,"{""basis"":""ordered source-target formula atom"",""kind"":""source-target-formula-map""}"
1.1.0,formula,O007-FREMLIN-V2-APP-2A3-FORMULA-0733,O007-FREMLIN-V2-APP-2A3,O007-RIGHTS-FREMLIN-DSL,O007-FREMLIN-V2-APP-2A3-SEG-2A3R,733,2A3R,2A3R,708,721,30014,30017,32236,32239,X,X,4b68ab3847feda7d6c62c1fbcbeebfa35eab7351ed5e78f4ddadea5df64b8015,4b68ab3847feda7d6c62c1fbcbeebfa35eab7351ed5e78f4ddadea5df64b8015,4b68ab3847feda7d6c62c1fbcbeebfa35eab7351ed5e78f4ddadea5df64b8015,$,,4b68ab3847feda7d6c62c1fbcbeebfa35eab7351ed5e78f4ddadea5df64b8015,4b68ab3847feda7d6c62c1fbcbeebfa35eab7351ed5e78f4ddadea5df64b8015,"{""basis"":""ordered source-target formula atom"",""kind"":""source-target-formula-map""}"
1.1.0,formula,O007-FREMLIN-V2-APP-2A3-FORMULA-0734,O007-FREMLIN-V2-APP-2A3,O007-RIGHTS-FREMLIN-DSL,O007-FREMLIN-V2-APP-2A3-SEG-2A3R,734,2A3R,2A3R,708,721,30028,30036,32252,32260,\Cal F,\Cal F,9363924beed26a6b3024d2639aded7fd78e4442982973410c843f5ca8b42c29f,9363924beed26a6b3024d2639aded7fd78e4442982973410c843f5ca8b42c29f,5b7978629932e36cc708d0acc1fa79ef221d2b463df15ea614fc931ca4779310,$,,5b7978629932e36cc708d0acc1fa79ef221d2b463df15ea614fc931ca4779310,5b7978629932e36cc708d0acc1fa79ef221d2b463df15ea614fc931ca4779310,"{""basis"":""ordered source-target formula atom"",""kind"":""source-target-formula-map""}"
1.1.0,formula,O007-FREMLIN-V2-APP-2A3-FORMULA-0735,O007-FREMLIN-V2-APP-2A3,O007-RIGHTS-FREMLIN-DSL,O007-FREMLIN-V2-APP-2A3-SEG-2A3R,735,2A3R,2A3R,708,721,30050,30053,32273,32276,K,K,86be9a55762d316a3026c2836d044f5fc76e34da10e1b45feee5f18be7edb177,86be9a55762d316a3026c2836d044f5fc76e34da10e1b45feee5f18be7edb177,86be9a55762d316a3026c2836d044f5fc76e34da10e1b45feee5f18be7edb177,$,,86be9a55762d316a3026c2836d044f5fc76e34da10e1b45feee5f18be7edb177,86be9a55762d316a3026c2836d044f5fc76e34da10e1b45feee5f18be7edb177,"{""basis"":""ordered source-target formula atom"",""kind"":""source-target-formula-map""}"
1.1.0,formula,O007-FREMLIN-V2-APP-2A3-FORMULA-0736,O007-FREMLIN-V2-APP-2A3,O007-RIGHTS-FREMLIN-DSL,O007-FREMLIN-V2-APP-2A3-SEG-2A3R,736,2A3R,2A3R,708,722,30072,30080,32303,32311,\Cal F,\Cal F,9363924beed26a6b3024d2639aded7fd78e4442982973410c843f5ca8b42c29f,9363924beed26a6b3024d2639aded7fd78e4442982973410c843f5ca8b42c29f,5b7978629932e36cc708d0acc1fa79ef221d2b463df15ea614fc931ca4779310,$,,5b7978629932e36cc708d0acc1fa79ef221d2b463df15ea614fc931ca4779310,5b7978629932e36cc708d0acc1fa79ef221d2b463df15ea614fc931ca4779310,"{""basis"":""ordered source-target formula atom"",""kind"":""source-target-formula-map""}"
1.1.0,formula,O007-FREMLIN-V2-APP-2A3-FORMULA-0737,O007-FREMLIN-V2-APP-2A3,O007-RIGHTS-FREMLIN-DSL,O007-FREMLIN-V2-APP-2A3-SEG-2A3R,737,2A3R,2A3R,709,722,30085,30099,32322,32336,K\in\Cal F^*,K\in\Cal F^*,69c1070ec80340449e0be832b19996ad435d5aa016b30dd32e21ca332bb80440,69c1070ec80340449e0be832b19996ad435d5aa016b30dd32e21ca332bb80440,bb05afd89da8d08ed0f6a31331a91c757fda9d086f3fe04fda93ac21e806a1aa,$,,bb05afd89da8d08ed0f6a31331a91c757fda9d086f3fe04fda93ac21e806a1aa,bb05afd89da8d08ed0f6a31331a91c757fda9d086f3fe04fda93ac21e806a1aa,"{""basis"":""ordered source-target formula atom"",""kind"":""source-target-formula-map""}"
1.1.0,formula,O007-FREMLIN-V2-APP-2A3-FORMULA-0738,O007-FREMLIN-V2-APP-2A3,O007-RIGHTS-FREMLIN-DSL,O007-FREMLIN-V2-APP-2A3-SEG-2A3R,738,2A3R,2A3R,709,722,30118,30128,32357,32367,\Cal F^*,\Cal F^*,2f2c22624fe2e7f94eb510b4dd8ce0bc15570c1c2cb04b8f61db43dc092adad2,2f2c22624fe2e7f94eb510b4dd8ce0bc15570c1c2cb04b8f61db43dc092adad2,de246532fe098595f566f39bc4e6a9f613df33c0fdd98e537a0f8791bb00c42a,$,,de246532fe098595f566f39bc4e6a9f613df33c0fdd98e537a0f8791bb00c42a,de246532fe098595f566f39bc4e6a9f613df33c0fdd98e537a0f8791bb00c42a,"{""basis"":""ordered source-target formula atom"",""kind"":""source-target-formula-map""}"
1.1.0,formula,O007-FREMLIN-V2-APP-2A3-FORMULA-0739,O007-FREMLIN-V2-APP-2A3,O007-RIGHTS-FREMLIN-DSL,O007-FREMLIN-V2-APP-2A3-SEG-2A3R,739,2A3R,2A3R,709,723,30141,30149,32384,32392,x\in K,x\in K,09d64d6d4996a5844e8683481ee51e8dccbac5d5aa0f9fbcde851aa10361febd,09d64d6d4996a5844e8683481ee51e8dccbac5d5aa0f9fbcde851aa10361febd,da56e4b0381c93014c914ac3d3ef54b25b3e645d7cf5bed885832d2552362f24,$,,da56e4b0381c93014c914ac3d3ef54b25b3e645d7cf5bed885832d2552362f24,da56e4b0381c93014c914ac3d3ef54b25b3e645d7cf5bed885832d2552362f24,"{""basis"":""ordered source-target formula atom"",""kind"":""source-target-formula-map""}"
1.1.0,formula,O007-FREMLIN-V2-APP-2A3-FORMULA-0740,O007-FREMLIN-V2-APP-2A3,O007-RIGHTS-FREMLIN-DSL,O007-FREMLIN-V2-APP-2A3-SEG-2A3R,740,2A3R,2A3R,710,723,30176,30188,32428,32440,G\in\Cal G,G\in\Cal G,c5dae8a4230c5d15e237e3b2d350f2a21c3d1aa979865019da9c5e122559fa95,c5dae8a4230c5d15e237e3b2d350f2a21c3d1aa979865019da9c5e122559fa95,76d1246043873da263fd79ebfd39b29cad50e366c1d4bcc3e40c70b9436a0f27,$,,76d1246043873da263fd79ebfd39b29cad50e366c1d4bcc3e40c70b9436a0f27,76d1246043873da263fd79ebfd39b29cad50e366c1d4bcc3e40c70b9436a0f27,"{""basis"":""ordered source-target formula atom"",""kind"":""source-target-formula-map""}"
1.1.0,formula,O007-FREMLIN-V2-APP-2A3-FORMULA-0741,O007-FREMLIN-V2-APP-2A3,O007-RIGHTS-FREMLIN-DSL,O007-FREMLIN-V2-APP-2A3-SEG-2A3R,741,2A3R,2A3R,710,724,30200,30203,32453,32456,x,x,2d711642b726b04401627ca9fbac32f5c8530fb1903cc4db02258717921a4881,2d711642b726b04401627ca9fbac32f5c8530fb1903cc4db02258717921a4881,2d711642b726b04401627ca9fbac32f5c8530fb1903cc4db02258717921a4881,$,,2d711642b726b04401627ca9fbac32f5c8530fb1903cc4db02258717921a4881,2d711642b726b04401627ca9fbac32f5c8530fb1903cc4db02258717921a4881,"{""basis"":""ordered source-target formula atom"",""kind"":""source-target-formula-map""}"
1.1.0,formula,O007-FREMLIN-V2-APP-2A3-FORMULA-0742,O007-FREMLIN-V2-APP-2A3,O007-RIGHTS-FREMLIN-DSL,O007-FREMLIN-V2-APP-2A3-SEG-2A3R,742,2A3R,2A3R,711,725,30209,30242,32462,32495,(X\setminus G)\cup G\supseteq K,(X\setminus G)\cup G\supseteq K,7fc229bbde919f42feb5fd0352859c50041e8e38cf86b821b976321f356b3c80,7fc229bbde919f42feb5fd0352859c50041e8e38cf86b821b976321f356b3c80,c945a6b1d05e03c7ed7de5b95416c9859dd25cfb0420adaf13db7ef15254867f,$,,c945a6b1d05e03c7ed7de5b95416c9859dd25cfb0420adaf13db7ef15254867f,c945a6b1d05e03c7ed7de5b95416c9859dd25cfb0420adaf13db7ef15254867f,"{""basis"":""ordered source-target formula atom"",""kind"":""source-target-formula-map""}"
1.1.0,formula,O007-FREMLIN-V2-APP-2A3-FORMULA-0743,O007-FREMLIN-V2-APP-2A3,O007-RIGHTS-FREMLIN-DSL,O007-FREMLIN-V2-APP-2A3-SEG-2A3R,743,2A3R,2A3R,712,726,30247,30287,32502,32542,X\setminus G\in\Cal F\subseteq\Cal F^*,X\setminus G\in\Cal F\subseteq\Cal F^*,4d400ee25c7e7d76140408853c5338425b083217297d54a1c580c0d514bccd75,4d400ee25c7e7d76140408853c5338425b083217297d54a1c580c0d514bccd75,7ed6e38b33e820493f973142089fc2f07806cea14f74331a248603324d757ef4,$,,7ed6e38b33e820493f973142089fc2f07806cea14f74331a248603324d757ef4,7ed6e38b33e820493f973142089fc2f07806cea14f74331a248603324d757ef4,"{""basis"":""ordered source-target formula atom"",""kind"":""source-target-formula-map""}"
1.1.0,formula,O007-FREMLIN-V2-APP-2A3-FORMULA-0744,O007-FREMLIN-V2-APP-2A3,O007-RIGHTS-FREMLIN-DSL,O007-FREMLIN-V2-APP-2A3-SEG-2A3R,744,2A3R,2A3R,713,727,30307,30310,32564,32567,G,G,333e0a1e27815d0ceee55c473fe3dc93d56c63e3bee2b3b4aee8eed6d70191a3,333e0a1e27815d0ceee55c473fe3dc93d56c63e3bee2b3b4aee8eed6d70191a3,333e0a1e27815d0ceee55c473fe3dc93d56c63e3bee2b3b4aee8eed6d70191a3,$,,333e0a1e27815d0ceee55c473fe3dc93d56c63e3bee2b3b4aee8eed6d70191a3,333e0a1e27815d0ceee55c473fe3dc93d56c63e3bee2b3b4aee8eed6d70191a3,"{""basis"":""ordered source-target formula atom"",""kind"":""source-target-formula-map""}"
1.1.0,formula,O007-FREMLIN-V2-APP-2A3-FORMULA-0745,O007-FREMLIN-V2-APP-2A3,O007-RIGHTS-FREMLIN-DSL,O007-FREMLIN-V2-APP-2A3-SEG-2A3R,745,2A3R,2A3R,713,727,30328,30338,32598,32608,\Cal F^*,\Cal F^*,2f2c22624fe2e7f94eb510b4dd8ce0bc15570c1c2cb04b8f61db43dc092adad2,2f2c22624fe2e7f94eb510b4dd8ce0bc15570c1c2cb04b8f61db43dc092adad2,de246532fe098595f566f39bc4e6a9f613df33c0fdd98e537a0f8791bb00c42a,$,,de246532fe098595f566f39bc4e6a9f613df33c0fdd98e537a0f8791bb00c42a,de246532fe098595f566f39bc4e6a9f613df33c0fdd98e537a0f8791bb00c42a,"{""basis"":""ordered source-target formula atom"",""kind"":""source-target-formula-map""}"
1.1.0,formula,O007-FREMLIN-V2-APP-2A3-FORMULA-0746,O007-FREMLIN-V2-APP-2A3,O007-RIGHTS-FREMLIN-DSL,O007-FREMLIN-V2-APP-2A3-SEG-2A3R,746,2A3R,2A3R,713,727,30344,30347,32614,32617,x,x,2d711642b726b04401627ca9fbac32f5c8530fb1903cc4db02258717921a4881,2d711642b726b04401627ca9fbac32f5c8530fb1903cc4db02258717921a4881,2d711642b726b04401627ca9fbac32f5c8530fb1903cc4db02258717921a4881,$,,2d711642b726b04401627ca9fbac32f5c8530fb1903cc4db02258717921a4881,2d711642b726b04401627ca9fbac32f5c8530fb1903cc4db02258717921a4881,"{""basis"":""ordered source-target formula atom"",""kind"":""source-target-formula-map""}"
1.1.0,formula,O007-FREMLIN-V2-APP-2A3-FORMULA-0747,O007-FREMLIN-V2-APP-2A3,O007-RIGHTS-FREMLIN-DSL,O007-FREMLIN-V2-APP-2A3-SEG-2A3R,747,2A3R,2A3R,714,728,30369,30379,32649,32659,\Cal F^*,\Cal F^*,2f2c22624fe2e7f94eb510b4dd8ce0bc15570c1c2cb04b8f61db43dc092adad2,2f2c22624fe2e7f94eb510b4dd8ce0bc15570c1c2cb04b8f61db43dc092adad2,de246532fe098595f566f39bc4e6a9f613df33c0fdd98e537a0f8791bb00c42a,$,,de246532fe098595f566f39bc4e6a9f613df33c0fdd98e537a0f8791bb00c42a,de246532fe098595f566f39bc4e6a9f613df33c0fdd98e537a0f8791bb00c42a,"{""basis"":""ordered source-target formula atom"",""kind"":""source-target-formula-map""}"
1.1.0,formula,O007-FREMLIN-V2-APP-2A3-FORMULA-0748,O007-FREMLIN-V2-APP-2A3,O007-RIGHTS-FREMLIN-DSL,O007-FREMLIN-V2-APP-2A3-SEG-2A3R,748,2A3R,2A3R,716,730,30393,30401,32673,32681,\Cal G,\Cal G,e780f02ac3d8349327da24c389bd24847b98abc1b10ce849d80ac4b9046fc326,e780f02ac3d8349327da24c389bd24847b98abc1b10ce849d80ac4b9046fc326,41221f9f44e357ae4ee9309b669e95124e392fd3f8db159f16d4d155cb4f5739,$,,41221f9f44e357ae4ee9309b669e95124e392fd3f8db159f16d4d155cb4f5739,41221f9f44e357ae4ee9309b669e95124e392fd3f8db159f16d4d155cb4f5739,"{""basis"":""ordered source-target formula atom"",""kind"":""source-target-formula-map""}"
1.1.0,formula,O007-FREMLIN-V2-APP-2A3-FORMULA-0749,O007-FREMLIN-V2-APP-2A3,O007-RIGHTS-FREMLIN-DSL,O007-FREMLIN-V2-APP-2A3-SEG-2A3R,749,2A3R,2A3R,716,730,30430,30438,32721,32729,\Cal G,\Cal G,e780f02ac3d8349327da24c389bd24847b98abc1b10ce849d80ac4b9046fc326,e780f02ac3d8349327da24c389bd24847b98abc1b10ce849d80ac4b9046fc326,41221f9f44e357ae4ee9309b669e95124e392fd3f8db159f16d4d155cb4f5739,$,,41221f9f44e357ae4ee9309b669e95124e392fd3f8db159f16d4d155cb4f5739,41221f9f44e357ae4ee9309b669e95124e392fd3f8db159f16d4d155cb4f5739,"{""basis"":""ordered source-target formula atom"",""kind"":""source-target-formula-map""}"
1.1.0,formula,O007-FREMLIN-V2-APP-2A3-FORMULA-0750,O007-FREMLIN-V2-APP-2A3,O007-RIGHTS-FREMLIN-DSL,O007-FREMLIN-V2-APP-2A3-SEG-2A3R,750,2A3R,2A3R,716,731,30453,30456,32740,32743,K,K,86be9a55762d316a3026c2836d044f5fc76e34da10e1b45feee5f18be7edb177,86be9a55762d316a3026c2836d044f5fc76e34da10e1b45feee5f18be7edb177,86be9a55762d316a3026c2836d044f5fc76e34da10e1b45feee5f18be7edb177,$,,86be9a55762d316a3026c2836d044f5fc76e34da10e1b45feee5f18be7edb177,86be9a55762d316a3026c2836d044f5fc76e34da10e1b45feee5f18be7edb177,"{""basis"":""ordered source-target formula atom"",""kind"":""source-target-formula-map""}"
1.1.0,formula,O007-FREMLIN-V2-APP-2A3-FORMULA-0751,O007-FREMLIN-V2-APP-2A3,O007-RIGHTS-FREMLIN-DSL,O007-FREMLIN-V2-APP-2A3-SEG-2A3S,751,2A3S,2A3S,732,746,30884,30897,33194,33207,"(X,\frak T)","(X,\frak T)",e61a78818f95155816c51558053b207746d21d984f7d96e50144d5c403fa9916,e61a78818f95155816c51558053b207746d21d984f7d96e50144d5c403fa9916,cafba6d9a47dfea2abf87370a28228acfbc03058933dce9166c4573d1628cd2c,$,,cafba6d9a47dfea2abf87370a28228acfbc03058933dce9166c4573d1628cd2c,cafba6d9a47dfea2abf87370a28228acfbc03058933dce9166c4573d1628cd2c,"{""basis"":""ordered source-target formula atom"",""kind"":""source-target-formula-map""}"
1.1.0,formula,O007-FREMLIN-V2-APP-2A3-FORMULA-0752,O007-FREMLIN-V2-APP-2A3,O007-RIGHTS-FREMLIN-DSL,O007-FREMLIN-V2-APP-2A3-SEG-2A3S,752,2A3S,2A3S,732,746,30916,30919,33230,33233,x,x,2d711642b726b04401627ca9fbac32f5c8530fb1903cc4db02258717921a4881,2d711642b726b04401627ca9fbac32f5c8530fb1903cc4db02258717921a4881,2d711642b726b04401627ca9fbac32f5c8530fb1903cc4db02258717921a4881,$,,2d711642b726b04401627ca9fbac32f5c8530fb1903cc4db02258717921a4881,2d711642b726b04401627ca9fbac32f5c8530fb1903cc4db02258717921a4881,"{""basis"":""ordered source-target formula atom"",""kind"":""source-target-formula-map""}"
1.1.0,formula,O007-FREMLIN-V2-APP-2A3-FORMULA-0753,O007-FREMLIN-V2-APP-2A3,O007-RIGHTS-FREMLIN-DSL,O007-FREMLIN-V2-APP-2A3-SEG-2A3S,753,2A3S,2A3S,733,747,30921,30924,33235,33238,y,y,a1fce4363854ff888cff4b8e7875d600c2682390412a8cf79b37d0b11148b0fa,a1fce4363854ff888cff4b8e7875d600c2682390412a8cf79b37d0b11148b0fa,a1fce4363854ff888cff4b8e7875d600c2682390412a8cf79b37d0b11148b0fa,$,,a1fce4363854ff888cff4b8e7875d600c2682390412a8cf79b37d0b11148b0fa,a1fce4363854ff888cff4b8e7875d600c2682390412a8cf79b37d0b11148b0fa,"{""basis"":""ordered source-target formula atom"",""kind"":""source-target-formula-map""}"
1.1.0,formula,O007-FREMLIN-V2-APP-2A3-FORMULA-0754,O007-FREMLIN-V2-APP-2A3,O007-RIGHTS-FREMLIN-DSL,O007-FREMLIN-V2-APP-2A3-SEG-2A3S,754,2A3S,2A3S,733,747,30948,30951,33266,33269,X,X,4b68ab3847feda7d6c62c1fbcbeebfa35eab7351ed5e78f4ddadea5df64b8015,4b68ab3847feda7d6c62c1fbcbeebfa35eab7351ed5e78f4ddadea5df64b8015,4b68ab3847feda7d6c62c1fbcbeebfa35eab7351ed5e78f4ddadea5df64b8015,$,,4b68ab3847feda7d6c62c1fbcbeebfa35eab7351ed5e78f4ddadea5df64b8015,4b68ab3847feda7d6c62c1fbcbeebfa35eab7351ed5e78f4ddadea5df64b8015,"{""basis"":""ordered source-target formula atom"",""kind"":""source-target-formula-map""}"
1.1.0,formula,O007-FREMLIN-V2-APP-2A3-FORMULA-0755,O007-FREMLIN-V2-APP-2A3,O007-RIGHTS-FREMLIN-DSL,O007-FREMLIN-V2-APP-2A3-SEG-2A3S,755,2A3S,2A3S,733,748,30982,30985,33319,33322,G,G,333e0a1e27815d0ceee55c473fe3dc93d56c63e3bee2b3b4aee8eed6d70191a3,333e0a1e27815d0ceee55c473fe3dc93d56c63e3bee2b3b4aee8eed6d70191a3,333e0a1e27815d0ceee55c473fe3dc93d56c63e3bee2b3b4aee8eed6d70191a3,$,,333e0a1e27815d0ceee55c473fe3dc93d56c63e3bee2b3b4aee8eed6d70191a3,333e0a1e27815d0ceee55c473fe3dc93d56c63e3bee2b3b4aee8eed6d70191a3,"{""basis"":""ordered source-target formula atom"",""kind"":""source-target-formula-map""}"
1.1.0,formula,O007-FREMLIN-V2-APP-2A3-FORMULA-0756,O007-FREMLIN-V2-APP-2A3,O007-RIGHTS-FREMLIN-DSL,O007-FREMLIN-V2-APP-2A3-SEG-2A3S,756,2A3S,2A3S,733,748,30987,30990,33324,33327,H,H,44bd7ae60f478fae1061e11a7739f4b94d1daf917982d33b6fc8a01a63f89c21,44bd7ae60f478fae1061e11a7739f4b94d1daf917982d33b6fc8a01a63f89c21,44bd7ae60f478fae1061e11a7739f4b94d1daf917982d33b6fc8a01a63f89c21,$,,44bd7ae60f478fae1061e11a7739f4b94d1daf917982d33b6fc8a01a63f89c21,44bd7ae60f478fae1061e11a7739f4b94d1daf917982d33b6fc8a01a63f89c21,"{""basis"":""ordered source-target formula atom"",""kind"":""source-target-formula-map""}"
1.1.0,formula,O007-FREMLIN-V2-APP-2A3-FORMULA-0757,O007-FREMLIN-V2-APP-2A3,O007-RIGHTS-FREMLIN-DSL,O007-FREMLIN-V2-APP-2A3-SEG-2A3S,757,2A3S,2A3S,734,749,31001,31009,33337,33345,x\in G,x\in G,3faccb525a29c5c66379ad205d954d7822aa6ecb75b815bd94d489678ce6aa50,3faccb525a29c5c66379ad205d954d7822aa6ecb75b815bd94d489678ce6aa50,f890bd8a169841a8e4c425e62d012427d5ad44ba0a41eee342be8094ad1fd32f,$,,f890bd8a169841a8e4c425e62d012427d5ad44ba0a41eee342be8094ad1fd32f,f890bd8a169841a8e4c425e62d012427d5ad44ba0a41eee342be8094ad1fd32f,"{""basis"":""ordered source-target formula atom"",""kind"":""source-target-formula-map""}"
1.1.0,formula,O007-FREMLIN-V2-APP-2A3-FORMULA-0758,O007-FREMLIN-V2-APP-2A3,O007-RIGHTS-FREMLIN-DSL,O007-FREMLIN-V2-APP-2A3-SEG-2A3S,758,2A3S,2A3S,734,749,31014,31022,33350,33358,y\in H,y\in H,df0c7bc79ea0df2a98e65cf1697829a251059cf0f3d2fdec814874e92fee8966,df0c7bc79ea0df2a98e65cf1697829a251059cf0f3d2fdec814874e92fee8966,15d0df3d1b15bb84c7d22fd3d0803c2cc820a00259b0a67dca6b0bb91f5241da,$,,15d0df3d1b15bb84c7d22fd3d0803c2cc820a00259b0a67dca6b0bb91f5241da,15d0df3d1b15bb84c7d22fd3d0803c2cc820a00259b0a67dca6b0bb91f5241da,"{""basis"":""ordered source-target formula atom"",""kind"":""source-target-formula-map""}"
1.1.0,formula,O007-FREMLIN-V2-APP-2A3-FORMULA-0759,O007-FREMLIN-V2-APP-2A3,O007-RIGHTS-FREMLIN-DSL,O007-FREMLIN-V2-APP-2A3-SEG-2A3S,759,2A3S,2A3S,734,749,31042,31050,33383,33391,\Cal F,\Cal F,9363924beed26a6b3024d2639aded7fd78e4442982973410c843f5ca8b42c29f,9363924beed26a6b3024d2639aded7fd78e4442982973410c843f5ca8b42c29f,5b7978629932e36cc708d0acc1fa79ef221d2b463df15ea614fc931ca4779310,$,,5b7978629932e36cc708d0acc1fa79ef221d2b463df15ea614fc931ca4779310,5b7978629932e36cc708d0acc1fa79ef221d2b463df15ea614fc931ca4779310,"{""basis"":""ordered source-target formula atom"",""kind"":""source-target-formula-map""}"
1.1.0,formula,O007-FREMLIN-V2-APP-2A3-FORMULA-0760,O007-FREMLIN-V2-APP-2A3,O007-RIGHTS-FREMLIN-DSL,O007-FREMLIN-V2-APP-2A3-SEG-2A3S,760,2A3S,2A3S,734,749,31054,31057,33395,33398,X,X,4b68ab3847feda7d6c62c1fbcbeebfa35eab7351ed5e78f4ddadea5df64b8015,4b68ab3847feda7d6c62c1fbcbeebfa35eab7351ed5e78f4ddadea5df64b8015,4b68ab3847feda7d6c62c1fbcbeebfa35eab7351ed5e78f4ddadea5df64b8015,$,,4b68ab3847feda7d6c62c1fbcbeebfa35eab7351ed5e78f4ddadea5df64b8015,4b68ab3847feda7d6c62c1fbcbeebfa35eab7351ed5e78f4ddadea5df64b8015,"{""basis"":""ordered source-target formula atom"",""kind"":""source-target-formula-map""}"
1.1.0,formula,O007-FREMLIN-V2-APP-2A3-FORMULA-0761,O007-FREMLIN-V2-APP-2A3,O007-RIGHTS-FREMLIN-DSL,O007-FREMLIN-V2-APP-2A3-SEG-2A3S,761,2A3S,2A3S,736,751,31071,31074,33410,33413,x,x,2d711642b726b04401627ca9fbac32f5c8530fb1903cc4db02258717921a4881,2d711642b726b04401627ca9fbac32f5c8530fb1903cc4db02258717921a4881,2d711642b726b04401627ca9fbac32f5c8530fb1903cc4db02258717921a4881,$,,2d711642b726b04401627ca9fbac32f5c8530fb1903cc4db02258717921a4881,2d711642b726b04401627ca9fbac32f5c8530fb1903cc4db02258717921a4881,"{""basis"":""ordered source-target formula atom"",""kind"":""source-target-formula-map""}"
1.1.0,formula,O007-FREMLIN-V2-APP-2A3-FORMULA-0762,O007-FREMLIN-V2-APP-2A3,O007-RIGHTS-FREMLIN-DSL,O007-FREMLIN-V2-APP-2A3-SEG-2A3S,762,2A3S,2A3S,736,751,31076,31088,33420,33432,G\in\Cal F,G\in\Cal F,a1b2a550e2cb0bfb65342eb522a91cf5065429f88ced2e2c482a326a9a7d752f,a1b2a550e2cb0bfb65342eb522a91cf5065429f88ced2e2c482a326a9a7d752f,5ef9fff171e0f9d2f49cf6f4a03a9293a3ac1b0096215858eab767004fa92990,$,,5ef9fff171e0f9d2f49cf6f4a03a9293a3ac1b0096215858eab767004fa92990,5ef9fff171e0f9d2f49cf6f4a03a9293a3ac1b0096215858eab767004fa92990,"{""basis"":""ordered source-target formula atom"",""kind"":""source-target-formula-map""}"
1.1.0,formula,O007-FREMLIN-V2-APP-2A3-FORMULA-0763,O007-FREMLIN-V2-APP-2A3,O007-RIGHTS-FREMLIN-DSL,O007-FREMLIN-V2-APP-2A3-SEG-2A3S,763,2A3S,2A3S,736,751,31092,31107,33443,33458,H\notin\Cal F,H\notin\Cal F,ad2d8b7c1736371fc738744a4fbd84864d58c5b97083905b8dadf6f7b7afcc60,ad2d8b7c1736371fc738744a4fbd84864d58c5b97083905b8dadf6f7b7afcc60,b53be84c351b2c4ed456893f6286afa7c07b5932b5b823dfc2ad1622c910db16,$,,b53be84c351b2c4ed456893f6286afa7c07b5932b5b823dfc2ad1622c910db16,b53be84c351b2c4ed456893f6286afa7c07b5932b5b823dfc2ad1622c910db16,"{""basis"":""ordered source-target formula atom"",""kind"":""source-target-formula-map""}"
1.1.0,formula,O007-FREMLIN-V2-APP-2A3-FORMULA-0764,O007-FREMLIN-V2-APP-2A3,O007-RIGHTS-FREMLIN-DSL,O007-FREMLIN-V2-APP-2A3-SEG-2A3S,764,2A3S,2A3S,736,751,31112,31120,33463,33471,\Cal F,\Cal F,9363924beed26a6b3024d2639aded7fd78e4442982973410c843f5ca8b42c29f,9363924beed26a6b3024d2639aded7fd78e4442982973410c843f5ca8b42c29f,5b7978629932e36cc708d0acc1fa79ef221d2b463df15ea614fc931ca4779310,$,,5b7978629932e36cc708d0acc1fa79ef221d2b463df15ea614fc931ca4779310,5b7978629932e36cc708d0acc1fa79ef221d2b463df15ea614fc931ca4779310,"{""basis"":""ordered source-target formula atom"",""kind"":""source-target-formula-map""}"
1.1.0,formula,O007-FREMLIN-V2-APP-2A3-FORMULA-0765,O007-FREMLIN-V2-APP-2A3,O007-RIGHTS-FREMLIN-DSL,O007-FREMLIN-V2-APP-2A3-SEG-2A3S,765,2A3S,2A3S,737,753,31142,31145,33491,33494,y,y,a1fce4363854ff888cff4b8e7875d600c2682390412a8cf79b37d0b11148b0fa,a1fce4363854ff888cff4b8e7875d600c2682390412a8cf79b37d0b11148b0fa,a1fce4363854ff888cff4b8e7875d600c2682390412a8cf79b37d0b11148b0fa,$,,a1fce4363854ff888cff4b8e7875d600c2682390412a8cf79b37d0b11148b0fa,a1fce4363854ff888cff4b8e7875d600c2682390412a8cf79b37d0b11148b0fa,"{""basis"":""ordered source-target formula atom"",""kind"":""source-target-formula-map""}"
1.1.0,formula,O007-FREMLIN-V2-APP-2A3-FORMULA-0766,O007-FREMLIN-V2-APP-2A3,O007-RIGHTS-FREMLIN-DSL,O007-FREMLIN-V2-APP-2A3-SEG-2A3S,766,2A3S,2A3S,739,755,31187,31201,33538,33552,x=\lim\Cal F,x=\lim\Cal F,a12863112d1b76cd0ec9edb140cbd73e24a03454a126cb2ec920052e00d17cfe,a12863112d1b76cd0ec9edb140cbd73e24a03454a126cb2ec920052e00d17cfe,e53be4eafe245dc1276343e82c5ce52c9ffc780a6ad39bba7bf929362a75fd52,$,,e53be4eafe245dc1276343e82c5ce52c9ffc780a6ad39bba7bf929362a75fd52,e53be4eafe245dc1276343e82c5ce52c9ffc780a6ad39bba7bf929362a75fd52,"{""basis"":""ordered source-target formula atom"",""kind"":""source-target-formula-map""}"
1.1.0,formula,O007-FREMLIN-V2-APP-2A3-FORMULA-0767,O007-FREMLIN-V2-APP-2A3,O007-RIGHTS-FREMLIN-DSL,O007-FREMLIN-V2-APP-2A3-SEG-2A3S,767,2A3S,2A3S,739,756,31207,31220,33572,33585,\Cal F\to x,\Cal F\to x,6fd341aea48b4d78fc6735aaafa6d7a2622b847f7593d1e8de50023ad56aeb90,6fd341aea48b4d78fc6735aaafa6d7a2622b847f7593d1e8de50023ad56aeb90,985975db2aab9bca572e57a499e8228db81b15a90301999b1e7c17f01cf3fcf7,$,,985975db2aab9bca572e57a499e8228db81b15a90301999b1e7c17f01cf3fcf7,985975db2aab9bca572e57a499e8228db81b15a90301999b1e7c17f01cf3fcf7,"{""basis"":""ordered source-target formula atom"",""kind"":""source-target-formula-map""}"
1.1.0,formula,O007-FREMLIN-V2-APP-2A3-FORMULA-0768,O007-FREMLIN-V2-APP-2A3,O007-RIGHTS-FREMLIN-DSL,O007-FREMLIN-V2-APP-2A3-SEG-2A3SB,768,2A3Sb,2A3Sb,742,758,31277,31280,33644,33647,X,X,4b68ab3847feda7d6c62c1fbcbeebfa35eab7351ed5e78f4ddadea5df64b8015,4b68ab3847feda7d6c62c1fbcbeebfa35eab7351ed5e78f4ddadea5df64b8015,4b68ab3847feda7d6c62c1fbcbeebfa35eab7351ed5e78f4ddadea5df64b8015,$,,4b68ab3847feda7d6c62c1fbcbeebfa35eab7351ed5e78f4ddadea5df64b8015,4b68ab3847feda7d6c62c1fbcbeebfa35eab7351ed5e78f4ddadea5df64b8015,"{""basis"":""ordered source-target formula atom"",""kind"":""source-target-formula-map""}"
1.1.0,formula,O007-FREMLIN-V2-APP-2A3-FORMULA-0769,O007-FREMLIN-V2-APP-2A3,O007-RIGHTS-FREMLIN-DSL,O007-FREMLIN-V2-APP-2A3-SEG-2A3SB,769,2A3Sb,2A3Sb,742,758,31291,31299,33665,33673,\Cal F,\Cal F,9363924beed26a6b3024d2639aded7fd78e4442982973410c843f5ca8b42c29f,9363924beed26a6b3024d2639aded7fd78e4442982973410c843f5ca8b42c29f,5b7978629932e36cc708d0acc1fa79ef221d2b463df15ea614fc931ca4779310,$,,5b7978629932e36cc708d0acc1fa79ef221d2b463df15ea614fc931ca4779310,5b7978629932e36cc708d0acc1fa79ef221d2b463df15ea614fc931ca4779310,"{""basis"":""ordered source-target formula atom"",""kind"":""source-target-formula-map""}"
1.1.0,formula,O007-FREMLIN-V2-APP-2A3-FORMULA-0770,O007-FREMLIN-V2-APP-2A3,O007-RIGHTS-FREMLIN-DSL,O007-FREMLIN-V2-APP-2A3-SEG-2A3SB,770,2A3Sb,2A3Sb,743,759,31315,31318,33686,33689,X,X,4b68ab3847feda7d6c62c1fbcbeebfa35eab7351ed5e78f4ddadea5df64b8015,4b68ab3847feda7d6c62c1fbcbeebfa35eab7351ed5e78f4ddadea5df64b8015,4b68ab3847feda7d6c62c1fbcbeebfa35eab7351ed5e78f4ddadea5df64b8015,$,,4b68ab3847feda7d6c62c1fbcbeebfa35eab7351ed5e78f4ddadea5df64b8015,4b68ab3847feda7d6c62c1fbcbeebfa35eab7351ed5e78f4ddadea5df64b8015,"{""basis"":""ordered source-target formula atom"",""kind"":""source-target-formula-map""}"
1.1.0,formula,O007-FREMLIN-V2-APP-2A3-FORMULA-0771,O007-FREMLIN-V2-APP-2A3,O007-RIGHTS-FREMLIN-DSL,O007-FREMLIN-V2-APP-2A3-SEG-2A3SB,771,2A3Sb,2A3Sb,743,759,31320,31333,33691,33704,"(Y,\frak S)","(Y,\frak S)",24d922db39ebf7493e184d085b1af56463424b56f8fc7f4d9213b9840c6e4f9c,24d922db39ebf7493e184d085b1af56463424b56f8fc7f4d9213b9840c6e4f9c,ff360fb1373ff061931764fc324cfd9227979a40812defeedf190c9278b10559,$,,ff360fb1373ff061931764fc324cfd9227979a40812defeedf190c9278b10559,ff360fb1373ff061931764fc324cfd9227979a40812defeedf190c9278b10559,"{""basis"":""ordered source-target formula atom"",""kind"":""source-target-formula-map""}"
1.1.0,formula,O007-FREMLIN-V2-APP-2A3-FORMULA-0772,O007-FREMLIN-V2-APP-2A3,O007-RIGHTS-FREMLIN-DSL,O007-FREMLIN-V2-APP-2A3-SEG-2A3SB,772,2A3Sb,2A3Sb,743,759,31356,31368,33722,33734,D\in\Cal F,D\in\Cal F,9953a1a8d237761cd6fa1fda2cdc2dd5ee2edd38e81826a362707ac0cd958eee,9953a1a8d237761cd6fa1fda2cdc2dd5ee2edd38e81826a362707ac0cd958eee,84a5eb711cdc06fdfb95e4eb8ce26d54847ead04db169711867ba8792d993a17,$,,84a5eb711cdc06fdfb95e4eb8ce26d54847ead04db169711867ba8792d993a17,84a5eb711cdc06fdfb95e4eb8ce26d54847ead04db169711867ba8792d993a17,"{""basis"":""ordered source-target formula atom"",""kind"":""source-target-formula-map""}"
1.1.0,formula,O007-FREMLIN-V2-APP-2A3-FORMULA-0773,O007-FREMLIN-V2-APP-2A3,O007-RIGHTS-FREMLIN-DSL,O007-FREMLIN-V2-APP-2A3-SEG-2A3SB,773,2A3Sb,2A3Sb,743,760,31373,31386,33740,33753,\phi:D\to Y,\phi:D\to Y,1a9c92c20f41ef15ac0d8de06ffda3cc73df3bef59ca4590d0efa805c6d2dd0b,1a9c92c20f41ef15ac0d8de06ffda3cc73df3bef59ca4590d0efa805c6d2dd0b,5225ee681df40bc150f2151bceb1c7fe119b85e1de668bbec1436e98b62f71be,$,,5225ee681df40bc150f2151bceb1c7fe119b85e1de668bbec1436e98b62f71be,5225ee681df40bc150f2151bceb1c7fe119b85e1de668bbec1436e98b62f71be,"{""basis"":""ordered source-target formula atom"",""kind"":""source-target-formula-map""}"
1.1.0,formula,O007-FREMLIN-V2-APP-2A3-FORMULA-0774,O007-FREMLIN-V2-APP-2A3,O007-RIGHTS-FREMLIN-DSL,O007-FREMLIN-V2-APP-2A3-SEG-2A3SB,774,2A3Sb,2A3Sb,744,761,31418,31444,33785,33811,\lim_{x\to\Cal F}\phi(x),\lim_{x\to\Cal F}\phi(x),98010e64b99647948d81cbe4550c7020ad6a32c5b15e909cfbf4b90d7375a95d,98010e64b99647948d81cbe4550c7020ad6a32c5b15e909cfbf4b90d7375a95d,690b1696c3dfd798fd7455f2dd0285b47e2f0f39274a7df4c202ddde990e231d,$,,690b1696c3dfd798fd7455f2dd0285b47e2f0f39274a7df4c202ddde990e231d,690b1696c3dfd798fd7455f2dd0285b47e2f0f39274a7df4c202ddde990e231d,"{""basis"":""ordered source-target formula atom"",""kind"":""source-target-formula-map""}"
1.1.0,formula,O007-FREMLIN-V2-APP-2A3-FORMULA-0775,O007-FREMLIN-V2-APP-2A3,O007-RIGHTS-FREMLIN-DSL,O007-FREMLIN-V2-APP-2A3-SEG-2A3SB,775,2A3Sb,2A3Sb,745,761,31449,31469,33818,33838,\lim\phi[[\Cal F]],\lim\phi[[\Cal F]],a1cc463f2998517bd42349617e70e07e10d026f56f2bde09c115a67c10c516d8,a1cc463f2998517bd42349617e70e07e10d026f56f2bde09c115a67c10c516d8,b11f6642dca0456437263de96049a8864bc180d2a92b4e6cd05a4a5ecc6a7ab2,$,,b11f6642dca0456437263de96049a8864bc180d2a92b4e6cd05a4a5ecc6a7ab2,b11f6642dca0456437263de96049a8864bc180d2a92b4e6cd05a4a5ecc6a7ab2,"{""basis"":""ordered source-target formula atom"",""kind"":""source-target-formula-map""}"
1.1.0,formula,O007-FREMLIN-V2-APP-2A3-FORMULA-0776,O007-FREMLIN-V2-APP-2A3,O007-RIGHTS-FREMLIN-DSL,O007-FREMLIN-V2-APP-2A3-SEG-2A3SB,776,2A3Sb,2A3Sb,745,762,31492,31495,33872,33875,Y,Y,18f5384d58bcb1bba0bcd9e6a6781d1a6ac2cc280c330ecbab6cb7931b721552,18f5384d58bcb1bba0bcd9e6a6781d1a6ac2cc280c330ecbab6cb7931b721552,18f5384d58bcb1bba0bcd9e6a6781d1a6ac2cc280c330ecbab6cb7931b721552,$,,18f5384d58bcb1bba0bcd9e6a6781d1a6ac2cc280c330ecbab6cb7931b721552,18f5384d58bcb1bba0bcd9e6a6781d1a6ac2cc280c330ecbab6cb7931b721552,"{""basis"":""ordered source-target formula atom"",""kind"":""source-target-formula-map""}"
1.1.0,formula,O007-FREMLIN-V2-APP-2A3-FORMULA-0777,O007-FREMLIN-V2-APP-2A3,O007-RIGHTS-FREMLIN-DSL,O007-FREMLIN-V2-APP-2A3-SEG-2A3SB,777,2A3Sb,2A3Sb,746,762,31507,31535,33883,33911,\lim_{x\to\Cal F}\phi(x)=y,\lim_{x\to\Cal F}\phi(x)=y,7febc4b803701fc3ae4981ff8e26a3e2824b207cc8e68298cb656191adda4c70,7febc4b803701fc3ae4981ff8e26a3e2824b207cc8e68298cb656191adda4c70,3aec622afa60a89a0fa63ec6ef85e9b8ca656ece708f2f979971b7d1b50bb686,$,,3aec622afa60a89a0fa63ec6ef85e9b8ca656ece708f2f979971b7d1b50bb686,3aec622afa60a89a0fa63ec6ef85e9b8ca656ece708f2f979971b7d1b50bb686,"{""basis"":""ordered source-target formula atom"",""kind"":""source-target-formula-map""}"
1.1.0,formula,O007-FREMLIN-V2-APP-2A3-FORMULA-0778,O007-FREMLIN-V2-APP-2A3,O007-RIGHTS-FREMLIN-DSL,O007-FREMLIN-V2-APP-2A3-SEG-2A3SB,778,2A3Sb,2A3Sb,746,763,31540,31563,33932,33955,\phi^{-1}[H]\in\Cal F,\phi^{-1}[H]\in\Cal F,4bacb01e19a5b95f7013197be49798f91a208ffda9e7cdab5db8db25bd7d4bb5,4bacb01e19a5b95f7013197be49798f91a208ffda9e7cdab5db8db25bd7d4bb5,166cffb46ade4d05ca4d405b0bcf799641c885583d6b2a7d0ce805a7655f6282,$,,166cffb46ade4d05ca4d405b0bcf799641c885583d6b2a7d0ce805a7655f6282,166cffb46ade4d05ca4d405b0bcf799641c885583d6b2a7d0ce805a7655f6282,"{""basis"":""ordered source-target formula atom"",""kind"":""source-target-formula-map""}"
1.1.0,formula,O007-FREMLIN-V2-APP-2A3-FORMULA-0779,O007-FREMLIN-V2-APP-2A3,O007-RIGHTS-FREMLIN-DSL,O007-FREMLIN-V2-APP-2A3-SEG-2A3SB,779,2A3Sb,2A3Sb,747,763,31583,31586,33986,33989,H,H,44bd7ae60f478fae1061e11a7739f4b94d1daf917982d33b6fc8a01a63f89c21,44bd7ae60f478fae1061e11a7739f4b94d1daf917982d33b6fc8a01a63f89c21,44bd7ae60f478fae1061e11a7739f4b94d1daf917982d33b6fc8a01a63f89c21,$,,44bd7ae60f478fae1061e11a7739f4b94d1daf917982d33b6fc8a01a63f89c21,44bd7ae60f478fae1061e11a7739f4b94d1daf917982d33b6fc8a01a63f89c21,"{""basis"":""ordered source-target formula atom"",""kind"":""source-target-formula-map""}"
1.1.0,formula,O007-FREMLIN-V2-APP-2A3-FORMULA-0780,O007-FREMLIN-V2-APP-2A3,O007-RIGHTS-FREMLIN-DSL,O007-FREMLIN-V2-APP-2A3-SEG-2A3SB,780,2A3Sb,2A3Sb,747,764,31598,31601,34002,34005,y,y,a1fce4363854ff888cff4b8e7875d600c2682390412a8cf79b37d0b11148b0fa,a1fce4363854ff888cff4b8e7875d600c2682390412a8cf79b37d0b11148b0fa,a1fce4363854ff888cff4b8e7875d600c2682390412a8cf79b37d0b11148b0fa,$,,a1fce4363854ff888cff4b8e7875d600c2682390412a8cf79b37d0b11148b0fa,a1fce4363854ff888cff4b8e7875d600c2682390412a8cf79b37d0b11148b0fa,"{""basis"":""ordered source-target formula atom"",""kind"":""source-target-formula-map""}"
1.1.0,formula,O007-FREMLIN-V2-APP-2A3-FORMULA-0781,O007-FREMLIN-V2-APP-2A3,O007-RIGHTS-FREMLIN-DSL,O007-FREMLIN-V2-APP-2A3-SEG-2A3SB,781,2A3Sb,2A3Sb,749,766,31620,31623,34026,34029,Z,Z,bbeebd879e1dff6918546dc0c179fdde505f2a21591c9a9c96e36b054ec5af83,bbeebd879e1dff6918546dc0c179fdde505f2a21591c9a9c96e36b054ec5af83,bbeebd879e1dff6918546dc0c179fdde505f2a21591c9a9c96e36b054ec5af83,$,,bbeebd879e1dff6918546dc0c179fdde505f2a21591c9a9c96e36b054ec5af83,bbeebd879e1dff6918546dc0c179fdde505f2a21591c9a9c96e36b054ec5af83,"{""basis"":""ordered source-target formula atom"",""kind"":""source-target-formula-map""}"
1.1.0,formula,O007-FREMLIN-V2-APP-2A3-FORMULA-0782,O007-FREMLIN-V2-APP-2A3,O007-RIGHTS-FREMLIN-DSL,O007-FREMLIN-V2-APP-2A3-SEG-2A3SB,782,2A3Sb,2A3Sb,749,766,31640,31648,34052,34060,\Cal G,\Cal G,e780f02ac3d8349327da24c389bd24847b98abc1b10ce849d80ac4b9046fc326,e780f02ac3d8349327da24c389bd24847b98abc1b10ce849d80ac4b9046fc326,41221f9f44e357ae4ee9309b669e95124e392fd3f8db159f16d4d155cb4f5739,$,,41221f9f44e357ae4ee9309b669e95124e392fd3f8db159f16d4d155cb4f5739,41221f9f44e357ae4ee9309b669e95124e392fd3f8db159f16d4d155cb4f5739,"{""basis"":""ordered source-target formula atom"",""kind"":""source-target-formula-map""}"
1.1.0,formula,O007-FREMLIN-V2-APP-2A3-FORMULA-0783,O007-FREMLIN-V2-APP-2A3,O007-RIGHTS-FREMLIN-DSL,O007-FREMLIN-V2-APP-2A3-SEG-2A3SB,783,2A3Sb,2A3Sb,749,766,31664,31667,34073,34076,Z,Z,bbeebd879e1dff6918546dc0c179fdde505f2a21591c9a9c96e36b054ec5af83,bbeebd879e1dff6918546dc0c179fdde505f2a21591c9a9c96e36b054ec5af83,bbeebd879e1dff6918546dc0c179fdde505f2a21591c9a9c96e36b054ec5af83,$,,bbeebd879e1dff6918546dc0c179fdde505f2a21591c9a9c96e36b054ec5af83,bbeebd879e1dff6918546dc0c179fdde505f2a21591c9a9c96e36b054ec5af83,"{""basis"":""ordered source-target formula atom"",""kind"":""source-target-formula-map""}"
1.1.0,formula,O007-FREMLIN-V2-APP-2A3-FORMULA-0784,O007-FREMLIN-V2-APP-2A3,O007-RIGHTS-FREMLIN-DSL,O007-FREMLIN-V2-APP-2A3-SEG-2A3SB,784,2A3Sb,2A3Sb,750,767,31673,31686,34082,34095,\psi:Z\to X,\psi:Z\to X,d83f15df951f3bd289122b638064132e48bba6cedfa098d4b74e671edf9745eb,d83f15df951f3bd289122b638064132e48bba6cedfa098d4b74e671edf9745eb,d69b74eba1710d4ddf28d60c0ea2b65207a01406e5f19d961dbf182cb14addaa,$,,d69b74eba1710d4ddf28d60c0ea2b65207a01406e5f19d961dbf182cb14addaa,d69b74eba1710d4ddf28d60c0ea2b65207a01406e5f19d961dbf182cb14addaa,"{""basis"":""ordered source-target formula atom"",""kind"":""source-target-formula-map""}"
1.1.0,formula,O007-FREMLIN-V2-APP-2A3-FORMULA-0785,O007-FREMLIN-V2-APP-2A3,O007-RIGHTS-FREMLIN-DSL,O007-FREMLIN-V2-APP-2A3-SEG-2A3SB,785,2A3Sb,2A3Sb,750,767,31700,31723,34116,34139,\Cal F=\psi[[\Cal G]],\Cal F=\psi[[\Cal G]],ae2018945a0385d423fa1db8d0420d1cdb232a50fb16c87cf52b4a8049d2788a,ae2018945a0385d423fa1db8d0420d1cdb232a50fb16c87cf52b4a8049d2788a,28d43f5639b26a9c938d461e0a4fbe5bf1ec1743afdb3d481ba1d8ef5f0e5271,$,,28d43f5639b26a9c938d461e0a4fbe5bf1ec1743afdb3d481ba1d8ef5f0e5271,28d43f5639b26a9c938d461e0a4fbe5bf1ec1743afdb3d481ba1d8ef5f0e5271,"{""basis"":""ordered source-target formula atom"",""kind"":""source-target-formula-map""}"
1.1.0,formula,O007-FREMLIN-V2-APP-2A3-FORMULA-0786,O007-FREMLIN-V2-APP-2A3,O007-RIGHTS-FREMLIN-DSL,O007-FREMLIN-V2-APP-2A3-SEG-2A3SB,786,2A3Sb,2A3Sb,751,768,31747,31757,34156,34166,\phi\psi,\phi\psi,e14239d620a115ee532d96a7b26470707d5ba78018b6bcbbbda82ea931413950,e14239d620a115ee532d96a7b26470707d5ba78018b6bcbbbda82ea931413950,e14239d620a115ee532d96a7b26470707d5ba78018b6bcbbbda82ea931413950,$,,e14239d620a115ee532d96a7b26470707d5ba78018b6bcbbbda82ea931413950,e14239d620a115ee532d96a7b26470707d5ba78018b6bcbbbda82ea931413950,"{""basis"":""ordered source-target formula atom"",""kind"":""source-target-formula-map""}"
1.1.0,formula,O007-FREMLIN-V2-APP-2A3-FORMULA-0787,O007-FREMLIN-V2-APP-2A3,O007-RIGHTS-FREMLIN-DSL,O007-FREMLIN-V2-APP-2A3-SEG-2A3SB,787,2A3Sb,2A3Sb,751,768,31772,31795,34184,34207,\psi^{-1}[D]\in\Cal G,\psi^{-1}[D]\in\Cal G,ae568f6a93542e0c4618dd384a6678b669c6bb391b16cd9ee8caa57776ba9af9,ae568f6a93542e0c4618dd384a6678b669c6bb391b16cd9ee8caa57776ba9af9,885a8486a1b23af3910dbd0eca29a2cfec9a4449fcb1ffdc8ef5c57775a3cf22,$,,885a8486a1b23af3910dbd0eca29a2cfec9a4449fcb1ffdc8ef5c57775a3cf22,885a8486a1b23af3910dbd0eca29a2cfec9a4449fcb1ffdc8ef5c57775a3cf22,"{""basis"":""ordered source-target formula atom"",""kind"":""source-target-formula-map""}"
1.1.0,formula,O007-FREMLIN-V2-APP-2A3-FORMULA-0788,O007-FREMLIN-V2-APP-2A3,O007-RIGHTS-FREMLIN-DSL,O007-FREMLIN-V2-APP-2A3-SEG-2A3SB,788,2A3Sb,2A3Sb,752,769,31822,31848,34236,34262,\lim_{x\to\Cal F}\phi(x),\lim_{x\to\Cal F}\phi(x),98010e64b99647948d81cbe4550c7020ad6a32c5b15e909cfbf4b90d7375a95d,98010e64b99647948d81cbe4550c7020ad6a32c5b15e909cfbf4b90d7375a95d,690b1696c3dfd798fd7455f2dd0285b47e2f0f39274a7df4c202ddde990e231d,$,,690b1696c3dfd798fd7455f2dd0285b47e2f0f39274a7df4c202ddde990e231d,690b1696c3dfd798fd7455f2dd0285b47e2f0f39274a7df4c202ddde990e231d,"{""basis"":""ordered source-target formula atom"",""kind"":""source-target-formula-map""}"
1.1.0,formula,O007-FREMLIN-V2-APP-2A3-FORMULA-0789,O007-FREMLIN-V2-APP-2A3,O007-RIGHTS-FREMLIN-DSL,O007-FREMLIN-V2-APP-2A3-SEG-2A3SB,789,2A3Sb,2A3Sb,753,770,31851,31881,34267,34297,\lim_{z\to\Cal G}\phi\psi(z),\lim_{z\to\Cal G}\phi\psi(z),14504f18b36e1bfae06f3871ab0d451e3c7052064c333c962888cdc851da4572,14504f18b36e1bfae06f3871ab0d451e3c7052064c333c962888cdc851da4572,81ce431bfce031bb3c70eff5df455c5cfbec43b9ddc3db9dc0d86f4d47d14234,$,,81ce431bfce031bb3c70eff5df455c5cfbec43b9ddc3db9dc0d86f4d47d14234,81ce431bfce031bb3c70eff5df455c5cfbec43b9ddc3db9dc0d86f4d47d14234,"{""basis"":""ordered source-target formula atom"",""kind"":""source-target-formula-map""}"
1.1.0,formula,O007-FREMLIN-V2-APP-2A3-FORMULA-0790,O007-FREMLIN-V2-APP-2A3,O007-RIGHTS-FREMLIN-DSL,O007-FREMLIN-V2-APP-2A3-SEG-2A3SB,790,2A3Sb,2A3Sb,753,770,31896,31899,34316,34319,Y,Y,18f5384d58bcb1bba0bcd9e6a6781d1a6ac2cc280c330ecbab6cb7931b721552,18f5384d58bcb1bba0bcd9e6a6781d1a6ac2cc280c330ecbab6cb7931b721552,18f5384d58bcb1bba0bcd9e6a6781d1a6ac2cc280c330ecbab6cb7931b721552,$,,18f5384d58bcb1bba0bcd9e6a6781d1a6ac2cc280c330ecbab6cb7931b721552,18f5384d58bcb1bba0bcd9e6a6781d1a6ac2cc280c330ecbab6cb7931b721552,"{""basis"":""ordered source-target formula atom"",""kind"":""source-target-formula-map""}"
1.1.0,formula,O007-FREMLIN-V2-APP-2A3-FORMULA-0791,O007-FREMLIN-V2-APP-2A3,O007-RIGHTS-FREMLIN-DSL,O007-FREMLIN-V2-APP-2A3-SEG-2A3SB,791,2A3Sb,2A3Sb,754,771,31973,31981,34398,34406,y\in Y,y\in Y,c76b82c564cfb13bac045d3e91da35a31149bb13a717570c367bddb2df4d4705,c76b82c564cfb13bac045d3e91da35a31149bb13a717570c367bddb2df4d4705,59658b5ce5616e6341fe7a309807e9a95939e2e750c66b046fba006e73cb2efb,$,,59658b5ce5616e6341fe7a309807e9a95939e2e750c66b046fba006e73cb2efb,59658b5ce5616e6341fe7a309807e9a95939e2e750c66b046fba006e73cb2efb,"{""basis"":""ordered source-target formula atom"",""kind"":""source-target-formula-map""}"
1.1.0,formula,O007-FREMLIN-V2-APP-2A3-FORMULA-0792,O007-FREMLIN-V2-APP-2A3,O007-RIGHTS-FREMLIN-DSL,O007-FREMLIN-V2-APP-2A3-SEG-2A3SB,792,2A3Sb,2A3Sb,755,772,31991,31999,34411,34419,\Cal U,\Cal U,53cae0dcb2a590e05d6ffbebe6ae322b701e7bf4c169c7dbbc7e1648bb1c62a3,53cae0dcb2a590e05d6ffbebe6ae322b701e7bf4c169c7dbbc7e1648bb1c62a3,6829824d9caa70d46447d05ee48007f2ed35f2ca795d15d3f99c841cdd81da8e,$,,6829824d9caa70d46447d05ee48007f2ed35f2ca795d15d3f99c841cdd81da8e,6829824d9caa70d46447d05ee48007f2ed35f2ca795d15d3f99c841cdd81da8e,"{""basis"":""ordered source-target formula atom"",""kind"":""source-target-formula-map""}"
1.1.0,formula,O007-FREMLIN-V2-APP-2A3-FORMULA-0793,O007-FREMLIN-V2-APP-2A3,O007-RIGHTS-FREMLIN-DSL,O007-FREMLIN-V2-APP-2A3-SEG-2A3SB,793,2A3Sb,2A3Sb,755,772,32033,32036,34458,34461,Y,Y,18f5384d58bcb1bba0bcd9e6a6781d1a6ac2cc280c330ecbab6cb7931b721552,18f5384d58bcb1bba0bcd9e6a6781d1a6ac2cc280c330ecbab6cb7931b721552,18f5384d58bcb1bba0bcd9e6a6781d1a6ac2cc280c330ecbab6cb7931b721552,$,,18f5384d58bcb1bba0bcd9e6a6781d1a6ac2cc280c330ecbab6cb7931b721552,18f5384d58bcb1bba0bcd9e6a6781d1a6ac2cc280c330ecbab6cb7931b721552,"{""basis"":""ordered source-target formula atom"",""kind"":""source-target-formula-map""}"
1.1.0,formula,O007-FREMLIN-V2-APP-2A3-FORMULA-0794,O007-FREMLIN-V2-APP-2A3,O007-RIGHTS-FREMLIN-DSL,O007-FREMLIN-V2-APP-2A3-SEG-2A3SB,794,2A3Sb,2A3Sb,755,772,32048,32051,34474,34477,y,y,a1fce4363854ff888cff4b8e7875d600c2682390412a8cf79b37d0b11148b0fa,a1fce4363854ff888cff4b8e7875d600c2682390412a8cf79b37d0b11148b0fa,a1fce4363854ff888cff4b8e7875d600c2682390412a8cf79b37d0b11148b0fa,$,,a1fce4363854ff888cff4b8e7875d600c2682390412a8cf79b37d0b11148b0fa,a1fce4363854ff888cff4b8e7875d600c2682390412a8cf79b37d0b11148b0fa,"{""basis"":""ordered source-target formula atom"",""kind"":""source-target-formula-map""}"
1.1.0,formula,O007-FREMLIN-V2-APP-2A3-FORMULA-0795,O007-FREMLIN-V2-APP-2A3,O007-RIGHTS-FREMLIN-DSL,O007-FREMLIN-V2-APP-2A3-SEG-2A3SB,795,2A3Sb,2A3Sb,757,774,32061,32341,34485,34774,"\eqalign{\lim_{x\to\Cal F}\phi(x)=y
&\iff\phi^{-1}[G]\in\Cal F\text{ for every }G\in\Cal U
\cr&\iff\psi^{-1}[\phi^{-1}[G]]\in\Cal G\text{ for every }G\in\Cal U
\cr&\iff(\phi\psi)^{-1}[G]\in\Cal G\text{ for every }G\in\Cal U
\iff\lim_{z\to\Cal G}\phi\psi(z)=y. \text{ \Qed}\cr}","\eqalign{\lim_{x\to\Cal F}\phi(x)=y
&\iff\phi^{-1}[G]\in\Cal F\text{ untuk setiap }G\in\Cal U
\cr&\iff\psi^{-1}[\phi^{-1}[G]]\in\Cal G\text{ untuk setiap }G\in\Cal U
\cr&\iff(\phi\psi)^{-1}[G]\in\Cal G\text{ untuk setiap }G\in\Cal U
\iff\lim_{z\to\Cal G}\phi\psi(z)=y. \text{ \Qed}\cr}",afde6924a9dd527a0c99df68da89e2f8e2740a3301b9488d7de43c5612ffe95b,20ddc223feb885f16c5646f818d3afee6329134cdd60f11497df9eba03890df4,1d6002976956333dd58877778790ab52b353f4ca7aca0e124abaf76ee835122e,$$,,1d6002976956333dd58877778790ab52b353f4ca7aca0e124abaf76ee835122e,1d6002976956333dd58877778790ab52b353f4ca7aca0e124abaf76ee835122e,"{""basis"":""ordered source-target formula atom"",""kind"":""source-target-formula-map""}"
1.1.0,formula,O007-FREMLIN-V2-APP-2A3-FORMULA-0796,O007-FREMLIN-V2-APP-2A3,O007-RIGHTS-FREMLIN-DSL,O007-FREMLIN-V2-APP-2A3-SEG-2A3SB,796,2A3Sb,2A3Sb,763,780,32364,32374,34796,34806,Y=\Bbb R,Y=\Bbb R,bfb227c28cbbbd6a2c754cc3460b9e2ad9cb1b865128b6178a0348bc544ad808,bfb227c28cbbbd6a2c754cc3460b9e2ad9cb1b865128b6178a0348bc544ad808,f76ca752f1fc80101e3f14224b76c5328ac40c711916a1bf1d4b9fe9ec6e8c53,$,,f76ca752f1fc80101e3f14224b76c5328ac40c711916a1bf1d4b9fe9ec6e8c53,f76ca752f1fc80101e3f14224b76c5328ac40c711916a1bf1d4b9fe9ec6e8c53,"{""basis"":""ordered source-target formula atom"",""kind"":""source-target-formula-map""}"
1.1.0,formula,O007-FREMLIN-V2-APP-2A3-FORMULA-0797,O007-FREMLIN-V2-APP-2A3,O007-RIGHTS-FREMLIN-DSL,O007-FREMLIN-V2-APP-2A3-SEG-2A3SB,797,2A3Sb,2A3Sb,763,780,32376,32404,34808,34836,\lim_{x\to\Cal F}\phi(x)=a,\lim_{x\to\Cal F}\phi(x)=a,f0569015c4d2f7f6c53cbc339e25550d112af500228ce4a81e97a3dfcabcd27e,f0569015c4d2f7f6c53cbc339e25550d112af500228ce4a81e97a3dfcabcd27e,e982411081b15a99dc9a861c8a7dae03d25d160283c8aaec9cad5ab0f1306199,$,,e982411081b15a99dc9a861c8a7dae03d25d160283c8aaec9cad5ab0f1306199,e982411081b15a99dc9a861c8a7dae03d25d160283c8aaec9cad5ab0f1306199,"{""basis"":""ordered source-target formula atom"",""kind"":""source-target-formula-map""}"
1.1.0,formula,O007-FREMLIN-V2-APP-2A3-FORMULA-0798,O007-FREMLIN-V2-APP-2A3,O007-RIGHTS-FREMLIN-DSL,O007-FREMLIN-V2-APP-2A3-SEG-2A3SB,798,2A3Sb,2A3Sb,764,782,32409,32448,34857,34896,\{x:|\phi(x)-a|\le\epsilon\}\in\Cal F,\{x:|\phi(x)-a|\le\epsilon\}\in\Cal F,1ded0c9189531524a7fc839e1aff0c3f9a0efffce0a7e49612d0e6b6ce61b00e,1ded0c9189531524a7fc839e1aff0c3f9a0efffce0a7e49612d0e6b6ce61b00e,89bfd9c9934ab3f54e375fc0cc6e26027f24a9ded9e051986941255caacc9962,$,,89bfd9c9934ab3f54e375fc0cc6e26027f24a9ded9e051986941255caacc9962,89bfd9c9934ab3f54e375fc0cc6e26027f24a9ded9e051986941255caacc9962,"{""basis"":""ordered source-target formula atom"",""kind"":""source-target-formula-map""}"
1.1.0,formula,O007-FREMLIN-V2-APP-2A3-FORMULA-0799,O007-FREMLIN-V2-APP-2A3,O007-RIGHTS-FREMLIN-DSL,O007-FREMLIN-V2-APP-2A3-SEG-2A3SB,799,2A3Sb,2A3Sb,765,783,32459,32471,34910,34922,\epsilon>0,\epsilon>0,4c7785f41b6ba845fbf6fe3db625563505eedd141a7e6a016df047b5d14c0cc7,4c7785f41b6ba845fbf6fe3db625563505eedd141a7e6a016df047b5d14c0cc7,4c7785f41b6ba845fbf6fe3db625563505eedd141a7e6a016df047b5d14c0cc7,$,,4c7785f41b6ba845fbf6fe3db625563505eedd141a7e6a016df047b5d14c0cc7,4c7785f41b6ba845fbf6fe3db625563505eedd141a7e6a016df047b5d14c0cc7,"{""basis"":""ordered source-target formula atom"",""kind"":""source-target-formula-map""}"
1.1.0,formula,O007-FREMLIN-V2-APP-2A3-FORMULA-0800,O007-FREMLIN-V2-APP-2A3,O007-RIGHTS-FREMLIN-DSL,O007-FREMLIN-V2-APP-2A3-SEG-2A3SB,800,2A3Sb,2A3Sb,765,783,32517,32520,34977,34980,a,a,ca978112ca1bbdcafac231b39a23dc4da786eff8147c4e72b9807785afee48bb,ca978112ca1bbdcafac231b39a23dc4da786eff8147c4e72b9807785afee48bb,ca978112ca1bbdcafac231b39a23dc4da786eff8147c4e72b9807785afee48bb,$,,ca978112ca1bbdcafac231b39a23dc4da786eff8147c4e72b9807785afee48bb,ca978112ca1bbdcafac231b39a23dc4da786eff8147c4e72b9807785afee48bb,"{""basis"":""ordered source-target formula atom"",""kind"":""source-target-formula-map""}"
1.1.0,formula,O007-FREMLIN-V2-APP-2A3-FORMULA-0801,O007-FREMLIN-V2-APP-2A3,O007-RIGHTS-FREMLIN-DSL,O007-FREMLIN-V2-APP-2A3-SEG-2A3SB,801,2A3Sb,2A3Sb,766,784,32548,32573,35013,35038,"[a-\epsilon,a+\epsilon]","[a-\epsilon,a+\epsilon]",0690218a52506728bf986bac875ed4bfdbbe58b3ce9f268d0bda3d825db39867,0690218a52506728bf986bac875ed4bfdbbe58b3ce9f268d0bda3d825db39867,0690218a52506728bf986bac875ed4bfdbbe58b3ce9f268d0bda3d825db39867,$,,0690218a52506728bf986bac875ed4bfdbbe58b3ce9f268d0bda3d825db39867,0690218a52506728bf986bac875ed4bfdbbe58b3ce9f268d0bda3d825db39867,"{""basis"":""ordered source-target formula atom"",""kind"":""source-target-formula-map""}"
1.1.0,formula,O007-FREMLIN-V2-APP-2A3-FORMULA-0802,O007-FREMLIN-V2-APP-2A3,O007-RIGHTS-FREMLIN-DSL,O007-FREMLIN-V2-APP-2A3-SEG-2A3SB,802,2A3Sb,2A3Sb,767,786,32611,32642,35086,35117,"\ooint{a-\epsilon,a+\epsilon}","\ooint{a-\epsilon,a+\epsilon}",e1f5515d7357a2657d04a848726c702356b46249e9efa3de509532ba2aa83d00,e1f5515d7357a2657d04a848726c702356b46249e9efa3de509532ba2aa83d00,e1f5515d7357a2657d04a848726c702356b46249e9efa3de509532ba2aa83d00,$,,e1f5515d7357a2657d04a848726c702356b46249e9efa3de509532ba2aa83d00,e1f5515d7357a2657d04a848726c702356b46249e9efa3de509532ba2aa83d00,"{""basis"":""ordered source-target formula atom"",""kind"":""source-target-formula-map""}"
1.1.0,formula,O007-FREMLIN-V2-APP-2A3-FORMULA-0803,O007-FREMLIN-V2-APP-2A3,O007-RIGHTS-FREMLIN-DSL,O007-FREMLIN-V2-APP-2A3-SEG-2A3SC,803,2A3Sc,2A3Sc,769,788,32676,32679,35147,35150,X,X,4b68ab3847feda7d6c62c1fbcbeebfa35eab7351ed5e78f4ddadea5df64b8015,4b68ab3847feda7d6c62c1fbcbeebfa35eab7351ed5e78f4ddadea5df64b8015,4b68ab3847feda7d6c62c1fbcbeebfa35eab7351ed5e78f4ddadea5df64b8015,$,,4b68ab3847feda7d6c62c1fbcbeebfa35eab7351ed5e78f4ddadea5df64b8015,4b68ab3847feda7d6c62c1fbcbeebfa35eab7351ed5e78f4ddadea5df64b8015,"{""basis"":""ordered source-target formula atom"",""kind"":""source-target-formula-map""}"
1.1.0,formula,O007-FREMLIN-V2-APP-2A3-FORMULA-0804,O007-FREMLIN-V2-APP-2A3,O007-RIGHTS-FREMLIN-DSL,O007-FREMLIN-V2-APP-2A3-SEG-2A3SC,804,2A3Sc,2A3Sc,769,788,32684,32687,35155,35158,Y,Y,18f5384d58bcb1bba0bcd9e6a6781d1a6ac2cc280c330ecbab6cb7931b721552,18f5384d58bcb1bba0bcd9e6a6781d1a6ac2cc280c330ecbab6cb7931b721552,18f5384d58bcb1bba0bcd9e6a6781d1a6ac2cc280c330ecbab6cb7931b721552,$,,18f5384d58bcb1bba0bcd9e6a6781d1a6ac2cc280c330ecbab6cb7931b721552,18f5384d58bcb1bba0bcd9e6a6781d1a6ac2cc280c330ecbab6cb7931b721552,"{""basis"":""ordered source-target formula atom"",""kind"":""source-target-formula-map""}"
1.1.0,formula,O007-FREMLIN-V2-APP-2A3-FORMULA-0805,O007-FREMLIN-V2-APP-2A3,O007-RIGHTS-FREMLIN-DSL,O007-FREMLIN-V2-APP-2A3-SEG-2A3SC,805,2A3Sc,2A3Sc,769,788,32698,32706,35169,35177,\Cal F,\Cal F,9363924beed26a6b3024d2639aded7fd78e4442982973410c843f5ca8b42c29f,9363924beed26a6b3024d2639aded7fd78e4442982973410c843f5ca8b42c29f,5b7978629932e36cc708d0acc1fa79ef221d2b463df15ea614fc931ca4779310,$,,5b7978629932e36cc708d0acc1fa79ef221d2b463df15ea614fc931ca4779310,5b7978629932e36cc708d0acc1fa79ef221d2b463df15ea614fc931ca4779310,"{""basis"":""ordered source-target formula atom"",""kind"":""source-target-formula-map""}"
1.1.0,formula,O007-FREMLIN-V2-APP-2A3-FORMULA-0806,O007-FREMLIN-V2-APP-2A3,O007-RIGHTS-FREMLIN-DSL,O007-FREMLIN-V2-APP-2A3-SEG-2A3SC,806,2A3Sc,2A3Sc,770,789,32722,32725,35190,35193,X,X,4b68ab3847feda7d6c62c1fbcbeebfa35eab7351ed5e78f4ddadea5df64b8015,4b68ab3847feda7d6c62c1fbcbeebfa35eab7351ed5e78f4ddadea5df64b8015,4b68ab3847feda7d6c62c1fbcbeebfa35eab7351ed5e78f4ddadea5df64b8015,$,,4b68ab3847feda7d6c62c1fbcbeebfa35eab7351ed5e78f4ddadea5df64b8015,4b68ab3847feda7d6c62c1fbcbeebfa35eab7351ed5e78f4ddadea5df64b8015,"{""basis"":""ordered source-target formula atom"",""kind"":""source-target-formula-map""}"
1.1.0,formula,O007-FREMLIN-V2-APP-2A3-FORMULA-0807,O007-FREMLIN-V2-APP-2A3,O007-RIGHTS-FREMLIN-DSL,O007-FREMLIN-V2-APP-2A3-SEG-2A3SC,807,2A3Sc,2A3Sc,770,789,32727,32735,35195,35203,\Theta,\Theta,c7b34ab03e848fc4d0ac7ab8e6cfa3f4feff1b8afbcb890fd8be803d123f8f8d,c7b34ab03e848fc4d0ac7ab8e6cfa3f4feff1b8afbcb890fd8be803d123f8f8d,c7b34ab03e848fc4d0ac7ab8e6cfa3f4feff1b8afbcb890fd8be803d123f8f8d,$,,c7b34ab03e848fc4d0ac7ab8e6cfa3f4feff1b8afbcb890fd8be803d123f8f8d,c7b34ab03e848fc4d0ac7ab8e6cfa3f4feff1b8afbcb890fd8be803d123f8f8d,"{""basis"":""ordered source-target formula atom"",""kind"":""source-target-formula-map""}"
1.1.0,formula,O007-FREMLIN-V2-APP-2A3-FORMULA-0808,O007-FREMLIN-V2-APP-2A3,O007-RIGHTS-FREMLIN-DSL,O007-FREMLIN-V2-APP-2A3-SEG-2A3SC,808,2A3Sc,2A3Sc,771,789,32778,32781,35247,35250,Y,Y,18f5384d58bcb1bba0bcd9e6a6781d1a6ac2cc280c330ecbab6cb7931b721552,18f5384d58bcb1bba0bcd9e6a6781d1a6ac2cc280c330ecbab6cb7931b721552,18f5384d58bcb1bba0bcd9e6a6781d1a6ac2cc280c330ecbab6cb7931b721552,$,,18f5384d58bcb1bba0bcd9e6a6781d1a6ac2cc280c330ecbab6cb7931b721552,18f5384d58bcb1bba0bcd9e6a6781d1a6ac2cc280c330ecbab6cb7931b721552,"{""basis"":""ordered source-target formula atom"",""kind"":""source-target-formula-map""}"
1.1.0,formula,O007-FREMLIN-V2-APP-2A3-FORMULA-0809,O007-FREMLIN-V2-APP-2A3,O007-RIGHTS-FREMLIN-DSL,O007-FREMLIN-V2-APP-2A3-SEG-2A3SC,809,2A3Sc,2A3Sc,771,790,32802,32811,35280,35289,\frak S,\frak S,c4247956c1371b73a7c187175dba4591aaad37b616647acc0b6a1c213c8a20e3,c4247956c1371b73a7c187175dba4591aaad37b616647acc0b6a1c213c8a20e3,b5bbac7e088cdf6fbe81db176e29ad3bf3d82167cc08b48d3895d95b1be3f167,$,,b5bbac7e088cdf6fbe81db176e29ad3bf3d82167cc08b48d3895d95b1be3f167,b5bbac7e088cdf6fbe81db176e29ad3bf3d82167cc08b48d3895d95b1be3f167,"{""basis"":""ordered source-target formula atom"",""kind"":""source-target-formula-map""}"
1.1.0,formula,O007-FREMLIN-V2-APP-2A3-FORMULA-0810,O007-FREMLIN-V2-APP-2A3,O007-RIGHTS-FREMLIN-DSL,O007-FREMLIN-V2-APP-2A3-SEG-2A3SC,810,2A3Sc,2A3Sc,772,790,32815,32818,35295,35298,Y,Y,18f5384d58bcb1bba0bcd9e6a6781d1a6ac2cc280c330ecbab6cb7931b721552,18f5384d58bcb1bba0bcd9e6a6781d1a6ac2cc280c330ecbab6cb7931b721552,18f5384d58bcb1bba0bcd9e6a6781d1a6ac2cc280c330ecbab6cb7931b721552,$,,18f5384d58bcb1bba0bcd9e6a6781d1a6ac2cc280c330ecbab6cb7931b721552,18f5384d58bcb1bba0bcd9e6a6781d1a6ac2cc280c330ecbab6cb7931b721552,"{""basis"":""ordered source-target formula atom"",""kind"":""source-target-formula-map""}"
1.1.0,formula,O007-FREMLIN-V2-APP-2A3-FORMULA-0811,O007-FREMLIN-V2-APP-2A3,O007-RIGHTS-FREMLIN-DSL,O007-FREMLIN-V2-APP-2A3-SEG-2A3SC,811,2A3Sc,2A3Sc,773,790,32824,32837,35304,35317,\phi:X\to Y,\phi:X\to Y,13bd91bfe4efd20d71a6b34c7581ddd8571b38f73d5e0bdd9de604c7badbba99,13bd91bfe4efd20d71a6b34c7581ddd8571b38f73d5e0bdd9de604c7badbba99,ff574878676958526aeff476d34e96ebf519db9f8a28e89cc9e76db0b39b4ebc,$,,ff574878676958526aeff476d34e96ebf519db9f8a28e89cc9e76db0b39b4ebc,ff574878676958526aeff476d34e96ebf519db9f8a28e89cc9e76db0b39b4ebc,"{""basis"":""ordered source-target formula atom"",""kind"":""source-target-formula-map""}"
1.1.0,formula,O007-FREMLIN-V2-APP-2A3-FORMULA-0812,O007-FREMLIN-V2-APP-2A3,O007-RIGHTS-FREMLIN-DSL,O007-FREMLIN-V2-APP-2A3-SEG-2A3SC,812,2A3Sc,2A3Sc,773,791,32877,32893,35351,35367,\phi[[\Cal F]],\phi[[\Cal F]],65a6751e4feb908480ca7b6bc44ef2c5039360dba3118f398f3bf474af000da2,65a6751e4feb908480ca7b6bc44ef2c5039360dba3118f398f3bf474af000da2,db9e342c3ba827fba073d819b3c65c3738a12b25f6b1b771ec7243b64cb97241,$,,db9e342c3ba827fba073d819b3c65c3738a12b25f6b1b771ec7243b64cb97241,db9e342c3ba827fba073d819b3c65c3738a12b25f6b1b771ec7243b64cb97241,"{""basis"":""ordered source-target formula atom"",""kind"":""source-target-formula-map""}"
1.1.0,formula,O007-FREMLIN-V2-APP-2A3-FORMULA-0813,O007-FREMLIN-V2-APP-2A3,O007-RIGHTS-FREMLIN-DSL,O007-FREMLIN-V2-APP-2A3-SEG-2A3SC,813,2A3Sc,2A3Sc,774,791,32907,32915,35381,35389,y\in Y,y\in Y,c76b82c564cfb13bac045d3e91da35a31149bb13a717570c367bddb2df4d4705,c76b82c564cfb13bac045d3e91da35a31149bb13a717570c367bddb2df4d4705,59658b5ce5616e6341fe7a309807e9a95939e2e750c66b046fba006e73cb2efb,$,,59658b5ce5616e6341fe7a309807e9a95939e2e750c66b046fba006e73cb2efb,59658b5ce5616e6341fe7a309807e9a95939e2e750c66b046fba006e73cb2efb,"{""basis"":""ordered source-target formula atom"",""kind"":""source-target-formula-map""}"
1.1.0,formula,O007-FREMLIN-V2-APP-2A3-FORMULA-0814,O007-FREMLIN-V2-APP-2A3,O007-RIGHTS-FREMLIN-DSL,O007-FREMLIN-V2-APP-2A3-SEG-2A3SC,814,2A3Sc,2A3Sc,774,792,32920,32958,35410,35448,"\lim_{x\to\Cal F}\theta(\phi(x),y)=0","\lim_{x\to\Cal F}\theta(\phi(x),y)=0",816f26490f9bd0077ae0632e527ae9dfc302188d40d079673be33d15fac0d9d2,816f26490f9bd0077ae0632e527ae9dfc302188d40d079673be33d15fac0d9d2,9dd8f9bec555b9cc250d44c3380575a7b55c00cf4c865b364b61d5adde724436,$,,9dd8f9bec555b9cc250d44c3380575a7b55c00cf4c865b364b61d5adde724436,9dd8f9bec555b9cc250d44c3380575a7b55c00cf4c865b364b61d5adde724436,"{""basis"":""ordered source-target formula atom"",""kind"":""source-target-formula-map""}"
1.1.0,formula,O007-FREMLIN-V2-APP-2A3-FORMULA-0815,O007-FREMLIN-V2-APP-2A3,O007-RIGHTS-FREMLIN-DSL,O007-FREMLIN-V2-APP-2A3-SEG-2A3SC,815,2A3Sc,2A3Sc,775,793,32962,32970,35455,35463,\Bbb R,\Bbb R,f9d62b077eddf72778fc05527c5aa4d2352f16a46a94808294fdc2cb7e406580,f9d62b077eddf72778fc05527c5aa4d2352f16a46a94808294fdc2cb7e406580,22316cdc991b42844c0fcdb72f227b6d4c0e8457a736e325af2845b7b3df7f6c,$,,22316cdc991b42844c0fcdb72f227b6d4c0e8457a736e325af2845b7b3df7f6c,22316cdc991b42844c0fcdb72f227b6d4c0e8457a736e325af2845b7b3df7f6c,"{""basis"":""ordered source-target formula atom"",""kind"":""source-target-formula-map""}"
1.1.0,formula,O007-FREMLIN-V2-APP-2A3-FORMULA-0816,O007-FREMLIN-V2-APP-2A3,O007-RIGHTS-FREMLIN-DSL,O007-FREMLIN-V2-APP-2A3-SEG-2A3SC,816,2A3Sc,2A3Sc,776,794,32981,32998,35477,35494,\theta\in\Theta,\theta\in\Theta,76466bd4b2463fe28b0349c92109169b7a3db50b22063f5da241f8c75eac04dd,76466bd4b2463fe28b0349c92109169b7a3db50b22063f5da241f8c75eac04dd,76466bd4b2463fe28b0349c92109169b7a3db50b22063f5da241f8c75eac04dd,$,,76466bd4b2463fe28b0349c92109169b7a3db50b22063f5da241f8c75eac04dd,76466bd4b2463fe28b0349c92109169b7a3db50b22063f5da241f8c75eac04dd,"{""basis"":""ordered source-target formula atom"",""kind"":""source-target-formula-map""}"
1.1.0,formula,O007-FREMLIN-V2-APP-2A3-FORMULA-0817,O007-FREMLIN-V2-APP-2A3,O007-RIGHTS-FREMLIN-DSL,O007-FREMLIN-V2-APP-2A3-SEG-2A3SC,817,2A3Sc,2A3Sc,777,795,33041,33062,35533,35554,"\phi[[\Cal F]]\to
y","\phi[[\Cal F]]\to
y",11ebacb2b0f5d8242891fb791aa95e1b4411b85dd212555564a845cc47ce3c9b,11ebacb2b0f5d8242891fb791aa95e1b4411b85dd212555564a845cc47ce3c9b,551fe8cd530ab30951236bd03963da4d32f3349e7e545e7d55bcc540fd19025f,$,,551fe8cd530ab30951236bd03963da4d32f3349e7e545e7d55bcc540fd19025f,551fe8cd530ab30951236bd03963da4d32f3349e7e545e7d55bcc540fd19025f,"{""basis"":""ordered source-target formula atom"",""kind"":""source-target-formula-map""}"
1.1.0,formula,O007-FREMLIN-V2-APP-2A3-FORMULA-0818,O007-FREMLIN-V2-APP-2A3,O007-RIGHTS-FREMLIN-DSL,O007-FREMLIN-V2-APP-2A3-SEG-2A3SC,818,2A3Sc,2A3Sc,778,796,33076,33093,35571,35588,\theta\in\Theta,\theta\in\Theta,76466bd4b2463fe28b0349c92109169b7a3db50b22063f5da241f8c75eac04dd,76466bd4b2463fe28b0349c92109169b7a3db50b22063f5da241f8c75eac04dd,76466bd4b2463fe28b0349c92109169b7a3db50b22063f5da241f8c75eac04dd,$,,76466bd4b2463fe28b0349c92109169b7a3db50b22063f5da241f8c75eac04dd,76466bd4b2463fe28b0349c92109169b7a3db50b22063f5da241f8c75eac04dd,"{""basis"":""ordered source-target formula atom"",""kind"":""source-target-formula-map""}"
1.1.0,formula,O007-FREMLIN-V2-APP-2A3-FORMULA-0819,O007-FREMLIN-V2-APP-2A3,O007-RIGHTS-FREMLIN-DSL,O007-FREMLIN-V2-APP-2A3-SEG-2A3SC,819,2A3Sc,2A3Sc,778,796,33098,33110,35593,35605,\epsilon>0,\epsilon>0,4c7785f41b6ba845fbf6fe3db625563505eedd141a7e6a016df047b5d14c0cc7,4c7785f41b6ba845fbf6fe3db625563505eedd141a7e6a016df047b5d14c0cc7,4c7785f41b6ba845fbf6fe3db625563505eedd141a7e6a016df047b5d14c0cc7,$,,4c7785f41b6ba845fbf6fe3db625563505eedd141a7e6a016df047b5d14c0cc7,4c7785f41b6ba845fbf6fe3db625563505eedd141a7e6a016df047b5d14c0cc7,"{""basis"":""ordered source-target formula atom"",""kind"":""source-target-formula-map""}"
1.1.0,formula,O007-FREMLIN-V2-APP-2A3-FORMULA-0820,O007-FREMLIN-V2-APP-2A3,O007-RIGHTS-FREMLIN-DSL,O007-FREMLIN-V2-APP-2A3-SEG-2A3SC,820,2A3Sc,2A3Sc,779,797,33112,33161,35607,35656,"U(y;\theta;\epsilon)=\{z:\theta(z,y)<\epsilon\}","U(y;\theta;\epsilon)=\{z:\theta(z,y)<\epsilon\}",5cd29313acbde91d03dc36a46922487c02f54f264af09f6988d265bbb9c19cf1,5cd29313acbde91d03dc36a46922487c02f54f264af09f6988d265bbb9c19cf1,5cd29313acbde91d03dc36a46922487c02f54f264af09f6988d265bbb9c19cf1,$,,5cd29313acbde91d03dc36a46922487c02f54f264af09f6988d265bbb9c19cf1,5cd29313acbde91d03dc36a46922487c02f54f264af09f6988d265bbb9c19cf1,"{""basis"":""ordered source-target formula atom"",""kind"":""source-target-formula-map""}"
1.1.0,formula,O007-FREMLIN-V2-APP-2A3-FORMULA-0821,O007-FREMLIN-V2-APP-2A3,O007-RIGHTS-FREMLIN-DSL,O007-FREMLIN-V2-APP-2A3-SEG-2A3SC,821,2A3Sc,2A3Sc,780,798,33188,33191,35693,35696,y,y,a1fce4363854ff888cff4b8e7875d600c2682390412a8cf79b37d0b11148b0fa,a1fce4363854ff888cff4b8e7875d600c2682390412a8cf79b37d0b11148b0fa,a1fce4363854ff888cff4b8e7875d600c2682390412a8cf79b37d0b11148b0fa,$,,a1fce4363854ff888cff4b8e7875d600c2682390412a8cf79b37d0b11148b0fa,a1fce4363854ff888cff4b8e7875d600c2682390412a8cf79b37d0b11148b0fa,"{""basis"":""ordered source-target formula atom"",""kind"":""source-target-formula-map""}"
1.1.0,formula,O007-FREMLIN-V2-APP-2A3-FORMULA-0822,O007-FREMLIN-V2-APP-2A3,O007-RIGHTS-FREMLIN-DSL,O007-FREMLIN-V2-APP-2A3-SEG-2A3SC,822,2A3Sc,2A3Sc,780,798,33214,33230,35716,35732,\phi[[\Cal F]],\phi[[\Cal F]],65a6751e4feb908480ca7b6bc44ef2c5039360dba3118f398f3bf474af000da2,65a6751e4feb908480ca7b6bc44ef2c5039360dba3118f398f3bf474af000da2,db9e342c3ba827fba073d819b3c65c3738a12b25f6b1b771ec7243b64cb97241,$,,db9e342c3ba827fba073d819b3c65c3738a12b25f6b1b771ec7243b64cb97241,db9e342c3ba827fba073d819b3c65c3738a12b25f6b1b771ec7243b64cb97241,"{""basis"":""ordered source-target formula atom"",""kind"":""source-target-formula-map""}"
1.1.0,formula,O007-FREMLIN-V2-APP-2A3-FORMULA-0823,O007-FREMLIN-V2-APP-2A3,O007-RIGHTS-FREMLIN-DSL,O007-FREMLIN-V2-APP-2A3-SEG-2A3SC,823,2A3Sc,2A3Sc,781,799,33254,33292,35758,35796,"\{x:0\le\theta(\phi(x),y)<\epsilon\}","\{x:0\le\theta(\phi(x),y)<\epsilon\}",85bd9f3555f6c3c74c901dd4ddf0b2f00d4d5ac8e23928bdfc7e2a7e33dfdcd4,85bd9f3555f6c3c74c901dd4ddf0b2f00d4d5ac8e23928bdfc7e2a7e33dfdcd4,85bd9f3555f6c3c74c901dd4ddf0b2f00d4d5ac8e23928bdfc7e2a7e33dfdcd4,$,,85bd9f3555f6c3c74c901dd4ddf0b2f00d4d5ac8e23928bdfc7e2a7e33dfdcd4,85bd9f3555f6c3c74c901dd4ddf0b2f00d4d5ac8e23928bdfc7e2a7e33dfdcd4,"{""basis"":""ordered source-target formula atom"",""kind"":""source-target-formula-map""}"
1.1.0,formula,O007-FREMLIN-V2-APP-2A3-FORMULA-0824,O007-FREMLIN-V2-APP-2A3,O007-RIGHTS-FREMLIN-DSL,O007-FREMLIN-V2-APP-2A3-SEG-2A3SC,824,2A3Sc,2A3Sc,781,799,33304,33312,35803,35811,\Cal F,\Cal F,9363924beed26a6b3024d2639aded7fd78e4442982973410c843f5ca8b42c29f,9363924beed26a6b3024d2639aded7fd78e4442982973410c843f5ca8b42c29f,5b7978629932e36cc708d0acc1fa79ef221d2b463df15ea614fc931ca4779310,$,,5b7978629932e36cc708d0acc1fa79ef221d2b463df15ea614fc931ca4779310,5b7978629932e36cc708d0acc1fa79ef221d2b463df15ea614fc931ca4779310,"{""basis"":""ordered source-target formula atom"",""kind"":""source-target-formula-map""}"
1.1.0,formula,O007-FREMLIN-V2-APP-2A3-FORMULA-0825,O007-FREMLIN-V2-APP-2A3,O007-RIGHTS-FREMLIN-DSL,O007-FREMLIN-V2-APP-2A3-SEG-2A3SC,825,2A3Sc,2A3Sc,782,800,33317,33327,35820,35830,\epsilon,\epsilon,8bc4bfc2bdebfaac14a98cde1deb3cf75202e7908905efb95c939c0481951f77,8bc4bfc2bdebfaac14a98cde1deb3cf75202e7908905efb95c939c0481951f77,8bc4bfc2bdebfaac14a98cde1deb3cf75202e7908905efb95c939c0481951f77,$,,8bc4bfc2bdebfaac14a98cde1deb3cf75202e7908905efb95c939c0481951f77,8bc4bfc2bdebfaac14a98cde1deb3cf75202e7908905efb95c939c0481951f77,"{""basis"":""ordered source-target formula atom"",""kind"":""source-target-formula-map""}"
1.1.0,formula,O007-FREMLIN-V2-APP-2A3-FORMULA-0826,O007-FREMLIN-V2-APP-2A3,O007-RIGHTS-FREMLIN-DSL,O007-FREMLIN-V2-APP-2A3-SEG-2A3SC,826,2A3Sc,2A3Sc,782,800,33342,33380,35850,35888,"\lim_{x\to\Cal F}\theta(\phi(x),y)=0","\lim_{x\to\Cal F}\theta(\phi(x),y)=0",816f26490f9bd0077ae0632e527ae9dfc302188d40d079673be33d15fac0d9d2,816f26490f9bd0077ae0632e527ae9dfc302188d40d079673be33d15fac0d9d2,9dd8f9bec555b9cc250d44c3380575a7b55c00cf4c865b364b61d5adde724436,$,,9dd8f9bec555b9cc250d44c3380575a7b55c00cf4c865b364b61d5adde724436,9dd8f9bec555b9cc250d44c3380575a7b55c00cf4c865b364b61d5adde724436,"{""basis"":""ordered source-target formula atom"",""kind"":""source-target-formula-map""}"
1.1.0,formula,O007-FREMLIN-V2-APP-2A3-FORMULA-0827,O007-FREMLIN-V2-APP-2A3,O007-RIGHTS-FREMLIN-DSL,O007-FREMLIN-V2-APP-2A3-SEG-2A3SC,827,2A3Sc,2A3Sc,783,801,33385,33393,35897,35905,\theta,\theta,2b4af44cb17349bb9452292a447fe70d48c9ce08e68dd2f74e9628cf8ac625b8,2b4af44cb17349bb9452292a447fe70d48c9ce08e68dd2f74e9628cf8ac625b8,2b4af44cb17349bb9452292a447fe70d48c9ce08e68dd2f74e9628cf8ac625b8,$,,2b4af44cb17349bb9452292a447fe70d48c9ce08e68dd2f74e9628cf8ac625b8,2b4af44cb17349bb9452292a447fe70d48c9ce08e68dd2f74e9628cf8ac625b8,"{""basis"":""ordered source-target formula atom"",""kind"":""source-target-formula-map""}"
1.1.0,formula,O007-FREMLIN-V2-APP-2A3-FORMULA-0828,O007-FREMLIN-V2-APP-2A3,O007-RIGHTS-FREMLIN-DSL,O007-FREMLIN-V2-APP-2A3-SEG-2A3SC,828,2A3Sc,2A3Sc,783,801,33408,33414,35932,35938,\phi,\phi,10ce0200b450ea955833553e717821c7721818b8a95cffd7e54b46e08918b512,10ce0200b450ea955833553e717821c7721818b8a95cffd7e54b46e08918b512,10ce0200b450ea955833553e717821c7721818b8a95cffd7e54b46e08918b512,$,,10ce0200b450ea955833553e717821c7721818b8a95cffd7e54b46e08918b512,10ce0200b450ea955833553e717821c7721818b8a95cffd7e54b46e08918b512,"{""basis"":""ordered source-target formula atom"",""kind"":""source-target-formula-map""}"
1.1.0,formula,O007-FREMLIN-V2-APP-2A3-FORMULA-0829,O007-FREMLIN-V2-APP-2A3,O007-RIGHTS-FREMLIN-DSL,O007-FREMLIN-V2-APP-2A3-SEG-2A3SC,829,2A3Sc,2A3Sc,785,803,33470,33508,35999,36037,"\lim_{x\to\Cal F}\theta(\phi(x),y)=0","\lim_{x\to\Cal F}\theta(\phi(x),y)=0",816f26490f9bd0077ae0632e527ae9dfc302188d40d079673be33d15fac0d9d2,816f26490f9bd0077ae0632e527ae9dfc302188d40d079673be33d15fac0d9d2,9dd8f9bec555b9cc250d44c3380575a7b55c00cf4c865b364b61d5adde724436,$,,9dd8f9bec555b9cc250d44c3380575a7b55c00cf4c865b364b61d5adde724436,9dd8f9bec555b9cc250d44c3380575a7b55c00cf4c865b364b61d5adde724436,"{""basis"":""ordered source-target formula atom"",""kind"":""source-target-formula-map""}"
1.1.0,formula,O007-FREMLIN-V2-APP-2A3-FORMULA-0830,O007-FREMLIN-V2-APP-2A3,O007-RIGHTS-FREMLIN-DSL,O007-FREMLIN-V2-APP-2A3-SEG-2A3SC,830,2A3Sc,2A3Sc,786,804,33519,33536,36051,36068,\theta\in\Theta,\theta\in\Theta,76466bd4b2463fe28b0349c92109169b7a3db50b22063f5da241f8c75eac04dd,76466bd4b2463fe28b0349c92109169b7a3db50b22063f5da241f8c75eac04dd,76466bd4b2463fe28b0349c92109169b7a3db50b22063f5da241f8c75eac04dd,$,,76466bd4b2463fe28b0349c92109169b7a3db50b22063f5da241f8c75eac04dd,76466bd4b2463fe28b0349c92109169b7a3db50b22063f5da241f8c75eac04dd,"{""basis"":""ordered source-target formula atom"",""kind"":""source-target-formula-map""}"
1.1.0,formula,O007-FREMLIN-V2-APP-2A3-FORMULA-0831,O007-FREMLIN-V2-APP-2A3,O007-RIGHTS-FREMLIN-DSL,O007-FREMLIN-V2-APP-2A3-SEG-2A3SC,831,2A3Sc,2A3Sc,786,804,33544,33547,36081,36084,G,G,333e0a1e27815d0ceee55c473fe3dc93d56c63e3bee2b3b4aee8eed6d70191a3,333e0a1e27815d0ceee55c473fe3dc93d56c63e3bee2b3b4aee8eed6d70191a3,333e0a1e27815d0ceee55c473fe3dc93d56c63e3bee2b3b4aee8eed6d70191a3,$,,333e0a1e27815d0ceee55c473fe3dc93d56c63e3bee2b3b4aee8eed6d70191a3,333e0a1e27815d0ceee55c473fe3dc93d56c63e3bee2b3b4aee8eed6d70191a3,"{""basis"":""ordered source-target formula atom"",""kind"":""source-target-formula-map""}"
1.1.0,formula,O007-FREMLIN-V2-APP-2A3-FORMULA-0832,O007-FREMLIN-V2-APP-2A3,O007-RIGHTS-FREMLIN-DSL,O007-FREMLIN-V2-APP-2A3-SEG-2A3SC,832,2A3Sc,2A3Sc,786,804,33567,33570,36121,36124,Y,Y,18f5384d58bcb1bba0bcd9e6a6781d1a6ac2cc280c330ecbab6cb7931b721552,18f5384d58bcb1bba0bcd9e6a6781d1a6ac2cc280c330ecbab6cb7931b721552,18f5384d58bcb1bba0bcd9e6a6781d1a6ac2cc280c330ecbab6cb7931b721552,$,,18f5384d58bcb1bba0bcd9e6a6781d1a6ac2cc280c330ecbab6cb7931b721552,18f5384d58bcb1bba0bcd9e6a6781d1a6ac2cc280c330ecbab6cb7931b721552,"{""basis"":""ordered source-target formula atom"",""kind"":""source-target-formula-map""}"
1.1.0,formula,O007-FREMLIN-V2-APP-2A3-FORMULA-0833,O007-FREMLIN-V2-APP-2A3,O007-RIGHTS-FREMLIN-DSL,O007-FREMLIN-V2-APP-2A3-SEG-2A3SC,833,2A3Sc,2A3Sc,786,804,33582,33585,36137,36140,y,y,a1fce4363854ff888cff4b8e7875d600c2682390412a8cf79b37d0b11148b0fa,a1fce4363854ff888cff4b8e7875d600c2682390412a8cf79b37d0b11148b0fa,a1fce4363854ff888cff4b8e7875d600c2682390412a8cf79b37d0b11148b0fa,$,,a1fce4363854ff888cff4b8e7875d600c2682390412a8cf79b37d0b11148b0fa,a1fce4363854ff888cff4b8e7875d600c2682390412a8cf79b37d0b11148b0fa,"{""basis"":""ordered source-target formula atom"",""kind"":""source-target-formula-map""}"
1.1.0,formula,O007-FREMLIN-V2-APP-2A3-FORMULA-0834,O007-FREMLIN-V2-APP-2A3,O007-RIGHTS-FREMLIN-DSL,O007-FREMLIN-V2-APP-2A3-SEG-2A3SC,834,2A3Sc,2A3Sc,787,805,33602,33637,36151,36186,"\theta_0,\ldots,\theta_n\in\Theta","\theta_0,\ldots,\theta_n\in\Theta",5869cd06bfa5a93aca89f460f615a07e8484b08c30c0fa36c2bee35f10c80794,5869cd06bfa5a93aca89f460f615a07e8484b08c30c0fa36c2bee35f10c80794,5869cd06bfa5a93aca89f460f615a07e8484b08c30c0fa36c2bee35f10c80794,$,,5869cd06bfa5a93aca89f460f615a07e8484b08c30c0fa36c2bee35f10c80794,5869cd06bfa5a93aca89f460f615a07e8484b08c30c0fa36c2bee35f10c80794,"{""basis"":""ordered source-target formula atom"",""kind"":""source-target-formula-map""}"
1.1.0,formula,O007-FREMLIN-V2-APP-2A3-FORMULA-0835,O007-FREMLIN-V2-APP-2A3,O007-RIGHTS-FREMLIN-DSL,O007-FREMLIN-V2-APP-2A3-SEG-2A3SC,835,2A3Sc,2A3Sc,787,805,33642,33654,36191,36203,\epsilon>0,\epsilon>0,4c7785f41b6ba845fbf6fe3db625563505eedd141a7e6a016df047b5d14c0cc7,4c7785f41b6ba845fbf6fe3db625563505eedd141a7e6a016df047b5d14c0cc7,4c7785f41b6ba845fbf6fe3db625563505eedd141a7e6a016df047b5d14c0cc7,$,,4c7785f41b6ba845fbf6fe3db625563505eedd141a7e6a016df047b5d14c0cc7,4c7785f41b6ba845fbf6fe3db625563505eedd141a7e6a016df047b5d14c0cc7,"{""basis"":""ordered source-target formula atom"",""kind"":""source-target-formula-map""}"
1.1.0,formula,O007-FREMLIN-V2-APP-2A3-FORMULA-0836,O007-FREMLIN-V2-APP-2A3,O007-RIGHTS-FREMLIN-DSL,O007-FREMLIN-V2-APP-2A3-SEG-2A3SC,836,2A3Sc,2A3Sc,790,808,33678,33769,36230,36321,"U(y;\theta_0,\ldots,\theta_n;\epsilon)
=\bigcap_{i\le n}U(y;\theta_i;\epsilon)\subseteq G","U(y;\theta_0,\ldots,\theta_n;\epsilon)
=\bigcap_{i\le n}U(y;\theta_i;\epsilon)\subseteq G",464dbba1e2a9a903b66561dc8100598c6290ded65de64fff9a328793f9f288b4,464dbba1e2a9a903b66561dc8100598c6290ded65de64fff9a328793f9f288b4,d0df7790342b53d444dc7b2e05c593569123d0bfe8901b94317013c7e94ea1ab,$,,d0df7790342b53d444dc7b2e05c593569123d0bfe8901b94317013c7e94ea1ab,d0df7790342b53d444dc7b2e05c593569123d0bfe8901b94317013c7e94ea1ab,"{""basis"":""ordered source-target formula atom"",""kind"":""source-target-formula-map""}"
1.1.0,formula,O007-FREMLIN-V2-APP-2A3-FORMULA-0837,O007-FREMLIN-V2-APP-2A3,O007-RIGHTS-FREMLIN-DSL,O007-FREMLIN-V2-APP-2A3-SEG-2A3SC,837,2A3Sc,2A3Sc,793,811,33792,33800,36348,36356,i\le n,i\le n,887bc49071bf972eddc5a6b2384eea3df940ca184a00c89336fa83a08d8adfdd,887bc49071bf972eddc5a6b2384eea3df940ca184a00c89336fa83a08d8adfdd,32216077c4c6f4a2029062d219371e4522ef1b0109d20c708da9a57b47bf5822,$,,32216077c4c6f4a2029062d219371e4522ef1b0109d20c708da9a57b47bf5822,32216077c4c6f4a2029062d219371e4522ef1b0109d20c708da9a57b47bf5822,"{""basis"":""ordered source-target formula atom"",""kind"":""source-target-formula-map""}"
1.1.0,formula,O007-FREMLIN-V2-APP-2A3-FORMULA-0838,O007-FREMLIN-V2-APP-2A3,O007-RIGHTS-FREMLIN-DSL,O007-FREMLIN-V2-APP-2A3-SEG-2A3SC,838,2A3Sc,2A3Sc,795,813,33815,33884,36371,36442,"\phi^{-1}[U(y;\theta_i;\epsilon)]
=\{x:\theta(\phi(x),y)<\epsilon\}","\phi^{-1}[U(y;\theta_i;\epsilon)]
=\{x:\theta_i(\phi(x),y)<\epsilon\}",641edf690e47626e0486f0ab1d30686163438963d6c94453a8f3415ab77c6a0e,77dc938b58a80c978214b7b692f8587cc7372ec3799d6b0a5a9758164722e273,cf5e7d809ddbed02f6765670a3f7b8efb7269f63368ab5c6efdcb1edb2a33075,$,"[""O007-CORR-0382""]",696ac8232ef8ce045ff89b50edd70be1e493658949be24e2a9364ba79bd00001,cf5e7d809ddbed02f6765670a3f7b8efb7269f63368ab5c6efdcb1edb2a33075,"{""basis"":""ordered formula atom; correction bound by receipt exception union"",""kind"":""source-target-formula-map""}"
1.1.0,formula,O007-FREMLIN-V2-APP-2A3-FORMULA-0839,O007-FREMLIN-V2-APP-2A3,O007-RIGHTS-FREMLIN-DSL,O007-FREMLIN-V2-APP-2A3-SEG-2A3SC,839,2A3Sc,2A3Sc,798,816,33908,33916,36473,36481,\Cal F,\Cal F,9363924beed26a6b3024d2639aded7fd78e4442982973410c843f5ca8b42c29f,9363924beed26a6b3024d2639aded7fd78e4442982973410c843f5ca8b42c29f,5b7978629932e36cc708d0acc1fa79ef221d2b463df15ea614fc931ca4779310,$,,5b7978629932e36cc708d0acc1fa79ef221d2b463df15ea614fc931ca4779310,5b7978629932e36cc708d0acc1fa79ef221d2b463df15ea614fc931ca4779310,"{""basis"":""ordered source-target formula atom"",""kind"":""source-target-formula-map""}"
1.1.0,formula,O007-FREMLIN-V2-APP-2A3-FORMULA-0840,O007-FREMLIN-V2-APP-2A3,O007-RIGHTS-FREMLIN-DSL,O007-FREMLIN-V2-APP-2A3-SEG-2A3SC,840,2A3Sc,2A3Sc,798,816,33927,33935,36490,36498,\Cal F,\Cal F,9363924beed26a6b3024d2639aded7fd78e4442982973410c843f5ca8b42c29f,9363924beed26a6b3024d2639aded7fd78e4442982973410c843f5ca8b42c29f,5b7978629932e36cc708d0acc1fa79ef221d2b463df15ea614fc931ca4779310,$,,5b7978629932e36cc708d0acc1fa79ef221d2b463df15ea614fc931ca4779310,5b7978629932e36cc708d0acc1fa79ef221d2b463df15ea614fc931ca4779310,"{""basis"":""ordered source-target formula atom"",""kind"":""source-target-formula-map""}"
1.1.0,formula,O007-FREMLIN-V2-APP-2A3-FORMULA-0841,O007-FREMLIN-V2-APP-2A3,O007-RIGHTS-FREMLIN-DSL,O007-FREMLIN-V2-APP-2A3-SEG-2A3SC,841,2A3Sc,2A3Sc,800,818,33980,34031,36549,36600,"\phi^{-1}[U(y;\theta_0,\ldots,\theta_n;\epsilon)]","\phi^{-1}[U(y;\theta_0,\ldots,\theta_n;\epsilon)]",e4751dd2be8ce83e4b2f7adf20080437709f2ed95dd3169b68031d9c21024112,e4751dd2be8ce83e4b2f7adf20080437709f2ed95dd3169b68031d9c21024112,e4751dd2be8ce83e4b2f7adf20080437709f2ed95dd3169b68031d9c21024112,$,,e4751dd2be8ce83e4b2f7adf20080437709f2ed95dd3169b68031d9c21024112,e4751dd2be8ce83e4b2f7adf20080437709f2ed95dd3169b68031d9c21024112,"{""basis"":""ordered source-target formula atom"",""kind"":""source-target-formula-map""}"
1.1.0,formula,O007-FREMLIN-V2-APP-2A3-FORMULA-0842,O007-FREMLIN-V2-APP-2A3,O007-RIGHTS-FREMLIN-DSL,O007-FREMLIN-V2-APP-2A3-SEG-2A3SC,842,2A3Sc,2A3Sc,801,819,34049,34063,36622,36636,\phi^{-1}[G],\phi^{-1}[G],c19231ab18b9da88407badc5b551a176da5f4f7831887d2f070336869cedf33e,c19231ab18b9da88407badc5b551a176da5f4f7831887d2f070336869cedf33e,c19231ab18b9da88407badc5b551a176da5f4f7831887d2f070336869cedf33e,$,,c19231ab18b9da88407badc5b551a176da5f4f7831887d2f070336869cedf33e,c19231ab18b9da88407badc5b551a176da5f4f7831887d2f070336869cedf33e,"{""basis"":""ordered source-target formula atom"",""kind"":""source-target-formula-map""}"
1.1.0,formula,O007-FREMLIN-V2-APP-2A3-FORMULA-0843,O007-FREMLIN-V2-APP-2A3,O007-RIGHTS-FREMLIN-DSL,O007-FREMLIN-V2-APP-2A3-SEG-2A3SC,843,2A3Sc,2A3Sc,801,819,34072,34092,36643,36663,G\in\phi[[\Cal F]],G\in\phi[[\Cal F]],0722b1142144040d0d5deb93df4286ab9ce2daab6e2783f29337b7a2c9c8ac2f,0722b1142144040d0d5deb93df4286ab9ce2daab6e2783f29337b7a2c9c8ac2f,c527f2b6bfe2b62ad67099466b66ce5e65347fdb8710cdbdf3139b130c6a4107,$,,c527f2b6bfe2b62ad67099466b66ce5e65347fdb8710cdbdf3139b130c6a4107,c527f2b6bfe2b62ad67099466b66ce5e65347fdb8710cdbdf3139b130c6a4107,"{""basis"":""ordered source-target formula atom"",""kind"":""source-target-formula-map""}"
1.1.0,formula,O007-FREMLIN-V2-APP-2A3-FORMULA-0844,O007-FREMLIN-V2-APP-2A3,O007-RIGHTS-FREMLIN-DSL,O007-FREMLIN-V2-APP-2A3-SEG-2A3SC,844,2A3Sc,2A3Sc,801,819,34099,34102,36672,36675,G,G,333e0a1e27815d0ceee55c473fe3dc93d56c63e3bee2b3b4aee8eed6d70191a3,333e0a1e27815d0ceee55c473fe3dc93d56c63e3bee2b3b4aee8eed6d70191a3,333e0a1e27815d0ceee55c473fe3dc93d56c63e3bee2b3b4aee8eed6d70191a3,$,,333e0a1e27815d0ceee55c473fe3dc93d56c63e3bee2b3b4aee8eed6d70191a3,333e0a1e27815d0ceee55c473fe3dc93d56c63e3bee2b3b4aee8eed6d70191a3,"{""basis"":""ordered source-target formula atom"",""kind"":""source-target-formula-map""}"
1.1.0,formula,O007-FREMLIN-V2-APP-2A3-FORMULA-0845,O007-FREMLIN-V2-APP-2A3,O007-RIGHTS-FREMLIN-DSL,O007-FREMLIN-V2-APP-2A3-SEG-2A3SC,845,2A3Sc,2A3Sc,802,820,34117,34138,36686,36707,\phi[[\Cal F]]\to y,\phi[[\Cal F]]\to y,8ec11db222d87a18b40f5e00845333888567d1ad0eb3f06c0fb76acccc3dc528,8ec11db222d87a18b40f5e00845333888567d1ad0eb3f06c0fb76acccc3dc528,551fe8cd530ab30951236bd03963da4d32f3349e7e545e7d55bcc540fd19025f,$,,551fe8cd530ab30951236bd03963da4d32f3349e7e545e7d55bcc540fd19025f,551fe8cd530ab30951236bd03963da4d32f3349e7e545e7d55bcc540fd19025f,"{""basis"":""ordered source-target formula atom"",""kind"":""source-target-formula-map""}"
1.1.0,formula,O007-FREMLIN-V2-APP-2A3-FORMULA-0846,O007-FREMLIN-V2-APP-2A3,O007-RIGHTS-FREMLIN-DSL,O007-FREMLIN-V2-APP-2A3-SEG-2A3SD,846,2A3Sd,2A3Sd,806,824,34200,34205,36779,36784,X=Y,X=Y,56fc0d4bb94b7df6972b1d0e57de0fbd77863f2d36fb8ce1512fca651cd14c69,56fc0d4bb94b7df6972b1d0e57de0fbd77863f2d36fb8ce1512fca651cd14c69,56fc0d4bb94b7df6972b1d0e57de0fbd77863f2d36fb8ce1512fca651cd14c69,$,,56fc0d4bb94b7df6972b1d0e57de0fbd77863f2d36fb8ce1512fca651cd14c69,56fc0d4bb94b7df6972b1d0e57de0fbd77863f2d36fb8ce1512fca651cd14c69,"{""basis"":""ordered source-target formula atom"",""kind"":""source-target-formula-map""}"
1.1.0,formula,O007-FREMLIN-V2-APP-2A3-FORMULA-0847,O007-FREMLIN-V2-APP-2A3,O007-RIGHTS-FREMLIN-DSL,O007-FREMLIN-V2-APP-2A3-SEG-2A3SD,847,2A3Sd,2A3Sd,806,824,34210,34216,36789,36795,\phi,\phi,10ce0200b450ea955833553e717821c7721818b8a95cffd7e54b46e08918b512,10ce0200b450ea955833553e717821c7721818b8a95cffd7e54b46e08918b512,10ce0200b450ea955833553e717821c7721818b8a95cffd7e54b46e08918b512,$,,10ce0200b450ea955833553e717821c7721818b8a95cffd7e54b46e08918b512,10ce0200b450ea955833553e717821c7721818b8a95cffd7e54b46e08918b512,"{""basis"":""ordered source-target formula atom"",""kind"":""source-target-formula-map""}"
1.1.0,formula,O007-FREMLIN-V2-APP-2A3-FORMULA-0848,O007-FREMLIN-V2-APP-2A3,O007-RIGHTS-FREMLIN-DSL,O007-FREMLIN-V2-APP-2A3-SEG-2A3SD,848,2A3Sd,2A3Sd,808,825,34239,34242,36826,36829,X,X,4b68ab3847feda7d6c62c1fbcbeebfa35eab7351ed5e78f4ddadea5df64b8015,4b68ab3847feda7d6c62c1fbcbeebfa35eab7351ed5e78f4ddadea5df64b8015,4b68ab3847feda7d6c62c1fbcbeebfa35eab7351ed5e78f4ddadea5df64b8015,$,,4b68ab3847feda7d6c62c1fbcbeebfa35eab7351ed5e78f4ddadea5df64b8015,4b68ab3847feda7d6c62c1fbcbeebfa35eab7351ed5e78f4ddadea5df64b8015,"{""basis"":""ordered source-target formula atom"",""kind"":""source-target-formula-map""}"
1.1.0,formula,O007-FREMLIN-V2-APP-2A3-FORMULA-0849,O007-FREMLIN-V2-APP-2A3,O007-RIGHTS-FREMLIN-DSL,O007-FREMLIN-V2-APP-2A3-SEG-2A3SD,849,2A3Sd,2A3Sd,808,825,34258,34267,36849,36858,\frak T,\frak T,0647f8d3ad6092ab3a9c92fd71ee29d66b86e14d9c9582db084142bee077c226,0647f8d3ad6092ab3a9c92fd71ee29d66b86e14d9c9582db084142bee077c226,44c7e1dba9432c4271c4d22b9a844dc7f447c4cb30f1129ac0c3db3f54646d4b,$,,44c7e1dba9432c4271c4d22b9a844dc7f447c4cb30f1129ac0c3db3f54646d4b,44c7e1dba9432c4271c4d22b9a844dc7f447c4cb30f1129ac0c3db3f54646d4b,"{""basis"":""ordered source-target formula atom"",""kind"":""source-target-formula-map""}"
1.1.0,formula,O007-FREMLIN-V2-APP-2A3-FORMULA-0850,O007-FREMLIN-V2-APP-2A3,O007-RIGHTS-FREMLIN-DSL,O007-FREMLIN-V2-APP-2A3-SEG-2A3SD,850,2A3Sd,2A3Sd,808,826,34298,34304,36903,36909,\Rho,\Rho,52096aaef22267b537a019d25e49b90abcbbc43f2e8a636d73f93baeb39efa3e,52096aaef22267b537a019d25e49b90abcbbc43f2e8a636d73f93baeb39efa3e,52096aaef22267b537a019d25e49b90abcbbc43f2e8a636d73f93baeb39efa3e,$,,52096aaef22267b537a019d25e49b90abcbbc43f2e8a636d73f93baeb39efa3e,52096aaef22267b537a019d25e49b90abcbbc43f2e8a636d73f93baeb39efa3e,"{""basis"":""ordered source-target formula atom"",""kind"":""source-target-formula-map""}"
1.1.0,formula,O007-FREMLIN-V2-APP-2A3-FORMULA-0851,O007-FREMLIN-V2-APP-2A3,O007-RIGHTS-FREMLIN-DSL,O007-FREMLIN-V2-APP-2A3-SEG-2A3SD,851,2A3Sd,2A3Sd,809,827,34337,34345,36941,36949,\Cal F,\Cal F,9363924beed26a6b3024d2639aded7fd78e4442982973410c843f5ca8b42c29f,9363924beed26a6b3024d2639aded7fd78e4442982973410c843f5ca8b42c29f,5b7978629932e36cc708d0acc1fa79ef221d2b463df15ea614fc931ca4779310,$,,5b7978629932e36cc708d0acc1fa79ef221d2b463df15ea614fc931ca4779310,5b7978629932e36cc708d0acc1fa79ef221d2b463df15ea614fc931ca4779310,"{""basis"":""ordered source-target formula atom"",""kind"":""source-target-formula-map""}"
1.1.0,formula,O007-FREMLIN-V2-APP-2A3-FORMULA-0852,O007-FREMLIN-V2-APP-2A3,O007-RIGHTS-FREMLIN-DSL,O007-FREMLIN-V2-APP-2A3-SEG-2A3SD,852,2A3Sd,2A3Sd,809,827,34349,34352,36955,36958,X,X,4b68ab3847feda7d6c62c1fbcbeebfa35eab7351ed5e78f4ddadea5df64b8015,4b68ab3847feda7d6c62c1fbcbeebfa35eab7351ed5e78f4ddadea5df64b8015,4b68ab3847feda7d6c62c1fbcbeebfa35eab7351ed5e78f4ddadea5df64b8015,$,,4b68ab3847feda7d6c62c1fbcbeebfa35eab7351ed5e78f4ddadea5df64b8015,4b68ab3847feda7d6c62c1fbcbeebfa35eab7351ed5e78f4ddadea5df64b8015,"{""basis"":""ordered source-target formula atom"",""kind"":""source-target-formula-map""}"
1.1.0,formula,O007-FREMLIN-V2-APP-2A3-FORMULA-0853,O007-FREMLIN-V2-APP-2A3,O007-RIGHTS-FREMLIN-DSL,O007-FREMLIN-V2-APP-2A3-SEG-2A3SD,853,2A3Sd,2A3Sd,809,827,34366,34374,36972,36980,x\in X,x\in X,d9448dfd3954dd39c12d483afd23d561b1b7d735af5f430b5dc457e6fa9ef99b,d9448dfd3954dd39c12d483afd23d561b1b7d735af5f430b5dc457e6fa9ef99b,858979f0c33c5f45e30780b82e2fa00184311296fbb7ef6bf3f4a6007c9b9cb1,$,,858979f0c33c5f45e30780b82e2fa00184311296fbb7ef6bf3f4a6007c9b9cb1,858979f0c33c5f45e30780b82e2fa00184311296fbb7ef6bf3f4a6007c9b9cb1,"{""basis"":""ordered source-target formula atom"",""kind"":""source-target-formula-map""}"
1.1.0,formula,O007-FREMLIN-V2-APP-2A3-FORMULA-0854,O007-FREMLIN-V2-APP-2A3,O007-RIGHTS-FREMLIN-DSL,O007-FREMLIN-V2-APP-2A3-SEG-2A3SD,854,2A3Sd,2A3Sd,810,828,34379,34409,37001,37031,"\lim_{y\to\Cal F}\rho(y,x)=0","\lim_{y\to\Cal F}\rho(y,x)=0",aaa86fd9b0c640c6bc28f838e7e7ec7cb522b648b82062c629a4eeb39b8989b7,aaa86fd9b0c640c6bc28f838e7e7ec7cb522b648b82062c629a4eeb39b8989b7,e99c686566d0f5d8baacc7f6f7774cb82e962246636192471a0bd18faf4e53a4,$,,e99c686566d0f5d8baacc7f6f7774cb82e962246636192471a0bd18faf4e53a4,e99c686566d0f5d8baacc7f6f7774cb82e962246636192471a0bd18faf4e53a4,"{""basis"":""ordered source-target formula atom"",""kind"":""source-target-formula-map""}"
1.1.0,formula,O007-FREMLIN-V2-APP-2A3-FORMULA-0855,O007-FREMLIN-V2-APP-2A3,O007-RIGHTS-FREMLIN-DSL,O007-FREMLIN-V2-APP-2A3-SEG-2A3SD,855,2A3Sd,2A3Sd,810,828,34420,34433,37045,37058,\rho\in\Rho,\rho\in\Rho,8f853d2ba3f0bf80588547d671fbbae17aa4f82425d3a0398f916de3b62b8abe,8f853d2ba3f0bf80588547d671fbbae17aa4f82425d3a0398f916de3b62b8abe,8f853d2ba3f0bf80588547d671fbbae17aa4f82425d3a0398f916de3b62b8abe,$,,8f853d2ba3f0bf80588547d671fbbae17aa4f82425d3a0398f916de3b62b8abe,8f853d2ba3f0bf80588547d671fbbae17aa4f82425d3a0398f916de3b62b8abe,"{""basis"":""ordered source-target formula atom"",""kind"":""source-target-formula-map""}"
1.1.0,formula,O007-FREMLIN-V2-APP-2A3-FORMULA-0856,O007-FREMLIN-V2-APP-2A3,O007-RIGHTS-FREMLIN-DSL,O007-FREMLIN-V2-APP-2A3-SEG-2A3SE,856,2A3Se,2A3Se,812,830,34464,34467,37091,37094,X,X,4b68ab3847feda7d6c62c1fbcbeebfa35eab7351ed5e78f4ddadea5df64b8015,4b68ab3847feda7d6c62c1fbcbeebfa35eab7351ed5e78f4ddadea5df64b8015,4b68ab3847feda7d6c62c1fbcbeebfa35eab7351ed5e78f4ddadea5df64b8015,$,,4b68ab3847feda7d6c62c1fbcbeebfa35eab7351ed5e78f4ddadea5df64b8015,4b68ab3847feda7d6c62c1fbcbeebfa35eab7351ed5e78f4ddadea5df64b8015,"{""basis"":""ordered source-target formula atom"",""kind"":""source-target-formula-map""}"
1.1.0,formula,O007-FREMLIN-V2-APP-2A3-FORMULA-0857,O007-FREMLIN-V2-APP-2A3,O007-RIGHTS-FREMLIN-DSL,O007-FREMLIN-V2-APP-2A3-SEG-2A3SE,857,2A3Se,2A3Se,812,830,34480,34488,37120,37128,\Cal F,\Cal F,9363924beed26a6b3024d2639aded7fd78e4442982973410c843f5ca8b42c29f,9363924beed26a6b3024d2639aded7fd78e4442982973410c843f5ca8b42c29f,5b7978629932e36cc708d0acc1fa79ef221d2b463df15ea614fc931ca4779310,$,,5b7978629932e36cc708d0acc1fa79ef221d2b463df15ea614fc931ca4779310,5b7978629932e36cc708d0acc1fa79ef221d2b463df15ea614fc931ca4779310,"{""basis"":""ordered source-target formula atom"",""kind"":""source-target-formula-map""}"
1.1.0,formula,O007-FREMLIN-V2-APP-2A3-FORMULA-0858,O007-FREMLIN-V2-APP-2A3,O007-RIGHTS-FREMLIN-DSL,O007-FREMLIN-V2-APP-2A3-SEG-2A3SE,858,2A3Se,2A3Se,813,831,34510,34513,37153,37156,X,X,4b68ab3847feda7d6c62c1fbcbeebfa35eab7351ed5e78f4ddadea5df64b8015,4b68ab3847feda7d6c62c1fbcbeebfa35eab7351ed5e78f4ddadea5df64b8015,4b68ab3847feda7d6c62c1fbcbeebfa35eab7351ed5e78f4ddadea5df64b8015,$,,4b68ab3847feda7d6c62c1fbcbeebfa35eab7351ed5e78f4ddadea5df64b8015,4b68ab3847feda7d6c62c1fbcbeebfa35eab7351ed5e78f4ddadea5df64b8015,"{""basis"":""ordered source-target formula atom"",""kind"":""source-target-formula-map""}"
1.1.0,formula,O007-FREMLIN-V2-APP-2A3-FORMULA-0859,O007-FREMLIN-V2-APP-2A3,O007-RIGHTS-FREMLIN-DSL,O007-FREMLIN-V2-APP-2A3-SEG-2A3SE,859,2A3Se,2A3Se,813,831,34515,34528,37158,37171,"(Y,\frak S)","(Y,\frak S)",24d922db39ebf7493e184d085b1af56463424b56f8fc7f4d9213b9840c6e4f9c,24d922db39ebf7493e184d085b1af56463424b56f8fc7f4d9213b9840c6e4f9c,ff360fb1373ff061931764fc324cfd9227979a40812defeedf190c9278b10559,$,,ff360fb1373ff061931764fc324cfd9227979a40812defeedf190c9278b10559,ff360fb1373ff061931764fc324cfd9227979a40812defeedf190c9278b10559,"{""basis"":""ordered source-target formula atom"",""kind"":""source-target-formula-map""}"
1.1.0,formula,O007-FREMLIN-V2-APP-2A3-FORMULA-0860,O007-FREMLIN-V2-APP-2A3,O007-RIGHTS-FREMLIN-DSL,O007-FREMLIN-V2-APP-2A3-SEG-2A3SE,860,2A3Se,2A3Se,814,832,34555,34565,37200,37210,h:X\to Y,h:X\to Y,77f565a43fb83a89704fa2ed8c9700e88e1d86d5250a0f72eea7b32578a1cfad,77f565a43fb83a89704fa2ed8c9700e88e1d86d5250a0f72eea7b32578a1cfad,00005e85dd45a940e03a8ad7b8d00acafbc3b4ea21a468e25440ef4a81bc8ee1,$,,00005e85dd45a940e03a8ad7b8d00acafbc3b4ea21a468e25440ef4a81bc8ee1,00005e85dd45a940e03a8ad7b8d00acafbc3b4ea21a468e25440ef4a81bc8ee1,"{""basis"":""ordered source-target formula atom"",""kind"":""source-target-formula-map""}"
1.1.0,formula,O007-FREMLIN-V2-APP-2A3-FORMULA-0861,O007-FREMLIN-V2-APP-2A3,O007-RIGHTS-FREMLIN-DSL,O007-FREMLIN-V2-APP-2A3-SEG-2A3SE,861,2A3Se,2A3Se,814,832,34590,34596,37245,37251,h[F],h[F],d1eda2361dd98a2c8b0e530b3000be30a1d41a93bc5c62fd5595d529b2ba7d2a,d1eda2361dd98a2c8b0e530b3000be30a1d41a93bc5c62fd5595d529b2ba7d2a,d1eda2361dd98a2c8b0e530b3000be30a1d41a93bc5c62fd5595d529b2ba7d2a,$,,d1eda2361dd98a2c8b0e530b3000be30a1d41a93bc5c62fd5595d529b2ba7d2a,d1eda2361dd98a2c8b0e530b3000be30a1d41a93bc5c62fd5595d529b2ba7d2a,"{""basis"":""ordered source-target formula atom"",""kind"":""source-target-formula-map""}"
1.1.0,formula,O007-FREMLIN-V2-APP-2A3-FORMULA-0862,O007-FREMLIN-V2-APP-2A3,O007-RIGHTS-FREMLIN-DSL,O007-FREMLIN-V2-APP-2A3-SEG-2A3SE,862,2A3Se,2A3Se,814,833,34622,34625,37273,37276,Y,Y,18f5384d58bcb1bba0bcd9e6a6781d1a6ac2cc280c330ecbab6cb7931b721552,18f5384d58bcb1bba0bcd9e6a6781d1a6ac2cc280c330ecbab6cb7931b721552,18f5384d58bcb1bba0bcd9e6a6781d1a6ac2cc280c330ecbab6cb7931b721552,$,,18f5384d58bcb1bba0bcd9e6a6781d1a6ac2cc280c330ecbab6cb7931b721552,18f5384d58bcb1bba0bcd9e6a6781d1a6ac2cc280c330ecbab6cb7931b721552,"{""basis"":""ordered source-target formula atom"",""kind"":""source-target-formula-map""}"
1.1.0,formula,O007-FREMLIN-V2-APP-2A3-FORMULA-0863,O007-FREMLIN-V2-APP-2A3,O007-RIGHTS-FREMLIN-DSL,O007-FREMLIN-V2-APP-2A3-SEG-2A3SE,863,2A3Se,2A3Se,815,833,34635,34647,37289,37301,F\in\Cal F,F\in\Cal F,b175aab2db7faf179eb3931e42199aeeab66ec86548a220083f44d0e67d59263,b175aab2db7faf179eb3931e42199aeeab66ec86548a220083f44d0e67d59263,7dd4f5e0928d6c98d20fba59ffea613cd66f6709bebc521036b8e405faedfc72,$,,7dd4f5e0928d6c98d20fba59ffea613cd66f6709bebc521036b8e405faedfc72,7dd4f5e0928d6c98d20fba59ffea613cd66f6709bebc521036b8e405faedfc72,"{""basis"":""ordered source-target formula atom"",""kind"":""source-target-formula-map""}"
1.1.0,formula,O007-FREMLIN-V2-APP-2A3-FORMULA-0864,O007-FREMLIN-V2-APP-2A3,O007-RIGHTS-FREMLIN-DSL,O007-FREMLIN-V2-APP-2A3-SEG-2A3SE,864,2A3Se,2A3Se,815,833,34654,34677,37308,37331,\lim_{x\to\Cal F}h(x),\lim_{x\to\Cal F}h(x),20c9397d3631956c2fed8204e365197cfb4ca75c12eb0053d907e0df509abdc7,20c9397d3631956c2fed8204e365197cfb4ca75c12eb0053d907e0df509abdc7,277453ba6a75417d1ae980b2bdcfb9cd7417c7161cd88aa21ab3a2e93308e527,$,,277453ba6a75417d1ae980b2bdcfb9cd7417c7161cd88aa21ab3a2e93308e527,277453ba6a75417d1ae980b2bdcfb9cd7417c7161cd88aa21ab3a2e93308e527,"{""basis"":""ordered source-target formula atom"",""kind"":""source-target-formula-map""}"
1.1.0,formula,O007-FREMLIN-V2-APP-2A3-FORMULA-0865,O007-FREMLIN-V2-APP-2A3,O007-RIGHTS-FREMLIN-DSL,O007-FREMLIN-V2-APP-2A3-SEG-2A3SE,865,2A3Se,2A3Se,815,834,34692,34695,37350,37353,Y,Y,18f5384d58bcb1bba0bcd9e6a6781d1a6ac2cc280c330ecbab6cb7931b721552,18f5384d58bcb1bba0bcd9e6a6781d1a6ac2cc280c330ecbab6cb7931b721552,18f5384d58bcb1bba0bcd9e6a6781d1a6ac2cc280c330ecbab6cb7931b721552,$,,18f5384d58bcb1bba0bcd9e6a6781d1a6ac2cc280c330ecbab6cb7931b721552,18f5384d58bcb1bba0bcd9e6a6781d1a6ac2cc280c330ecbab6cb7931b721552,"{""basis"":""ordered source-target formula atom"",""kind"":""source-target-formula-map""}"
1.1.0,formula,O007-FREMLIN-V2-APP-2A3-FORMULA-0866,O007-FREMLIN-V2-APP-2A3,O007-RIGHTS-FREMLIN-DSL,O007-FREMLIN-V2-APP-2A3-SEG-2A3SE,866,2A3Se,2A3Se,816,834,34717,34731,37380,37394,K\subseteq Y,K\subseteq Y,06662b7bb0fcbc6bff3b3d5a8db45d926416ce3e2aa304ee705b915ea2d8171e,06662b7bb0fcbc6bff3b3d5a8db45d926416ce3e2aa304ee705b915ea2d8171e,c1dcdf317ffcae279c80d1ffd76637b77dd1a9591f853f886d8360732b4911c0,$,,c1dcdf317ffcae279c80d1ffd76637b77dd1a9591f853f886d8360732b4911c0,c1dcdf317ffcae279c80d1ffd76637b77dd1a9591f853f886d8360732b4911c0,"{""basis"":""ordered source-target formula atom"",""kind"":""source-target-formula-map""}"
1.1.0,formula,O007-FREMLIN-V2-APP-2A3-FORMULA-0867,O007-FREMLIN-V2-APP-2A3,O007-RIGHTS-FREMLIN-DSL,O007-FREMLIN-V2-APP-2A3-SEG-2A3SE,867,2A3Se,2A3Se,816,835,34759,34765,37423,37429,h[F],h[F],d1eda2361dd98a2c8b0e530b3000be30a1d41a93bc5c62fd5595d529b2ba7d2a,d1eda2361dd98a2c8b0e530b3000be30a1d41a93bc5c62fd5595d529b2ba7d2a,d1eda2361dd98a2c8b0e530b3000be30a1d41a93bc5c62fd5595d529b2ba7d2a,$,,d1eda2361dd98a2c8b0e530b3000be30a1d41a93bc5c62fd5595d529b2ba7d2a,d1eda2361dd98a2c8b0e530b3000be30a1d41a93bc5c62fd5595d529b2ba7d2a,"{""basis"":""ordered source-target formula atom"",""kind"":""source-target-formula-map""}"
1.1.0,formula,O007-FREMLIN-V2-APP-2A3-FORMULA-0868,O007-FREMLIN-V2-APP-2A3,O007-RIGHTS-FREMLIN-DSL,O007-FREMLIN-V2-APP-2A3-SEG-2A3SE,868,2A3Se,2A3Se,817,835,34772,34790,37436,37454,K\in h[[\Cal F]],K\in h[[\Cal F]],2aaad9b74b64f27a457d8977076478fc36a53591dd77412986081e214e69360f,2aaad9b74b64f27a457d8977076478fc36a53591dd77412986081e214e69360f,6f9949ab3cb07a677d0b3edff18545b36b1ddfbb57bc2c25fbbf3495b906c283,$,,6f9949ab3cb07a677d0b3edff18545b36b1ddfbb57bc2c25fbbf3495b906c283,6f9949ab3cb07a677d0b3edff18545b36b1ddfbb57bc2c25fbbf3495b906c283,"{""basis"":""ordered source-target formula atom"",""kind"":""source-target-formula-map""}"
1.1.0,formula,O007-FREMLIN-V2-APP-2A3-FORMULA-0869,O007-FREMLIN-V2-APP-2A3,O007-RIGHTS-FREMLIN-DSL,O007-FREMLIN-V2-APP-2A3-SEG-2A3SE,869,2A3Se,2A3Se,818,836,34827,34840,37500,37513,h[[\Cal F]],h[[\Cal F]],24daa555a3a91320f7db900e596fa83ca3a5a59b57ab4ccc83b7891cb118a059,24daa555a3a91320f7db900e596fa83ca3a5a59b57ab4ccc83b7891cb118a059,489f79678848525e4836e6c966d7492346b49bfb352083a4b7a3ab44464328a1,$,,489f79678848525e4836e6c966d7492346b49bfb352083a4b7a3ab44464328a1,489f79678848525e4836e6c966d7492346b49bfb352083a4b7a3ab44464328a1,"{""basis"":""ordered source-target formula atom"",""kind"":""source-target-formula-map""}"
1.1.0,formula,O007-FREMLIN-V2-APP-2A3-FORMULA-0870,O007-FREMLIN-V2-APP-2A3,O007-RIGHTS-FREMLIN-DSL,O007-FREMLIN-V2-APP-2A3-SEG-2A3SE,870,2A3Se,2A3Se,818,836,34856,34859,37536,37539,Y,Y,18f5384d58bcb1bba0bcd9e6a6781d1a6ac2cc280c330ecbab6cb7931b721552,18f5384d58bcb1bba0bcd9e6a6781d1a6ac2cc280c330ecbab6cb7931b721552,18f5384d58bcb1bba0bcd9e6a6781d1a6ac2cc280c330ecbab6cb7931b721552,$,,18f5384d58bcb1bba0bcd9e6a6781d1a6ac2cc280c330ecbab6cb7931b721552,18f5384d58bcb1bba0bcd9e6a6781d1a6ac2cc280c330ecbab6cb7931b721552,"{""basis"":""ordered source-target formula atom"",""kind"":""source-target-formula-map""}"
1.1.0,formula,O007-FREMLIN-V2-APP-2A3-FORMULA-0871,O007-FREMLIN-V2-APP-2A3,O007-RIGHTS-FREMLIN-DSL,O007-FREMLIN-V2-APP-2A3-SEG-2A3SE,871,2A3Se,2A3Se,819,837,34877,34900,37554,37577,\lim_{x\to\Cal F}h(x),\lim_{x\to\Cal F}h(x),20c9397d3631956c2fed8204e365197cfb4ca75c12eb0053d907e0df509abdc7,20c9397d3631956c2fed8204e365197cfb4ca75c12eb0053d907e0df509abdc7,277453ba6a75417d1ae980b2bdcfb9cd7417c7161cd88aa21ab3a2e93308e527,$,,277453ba6a75417d1ae980b2bdcfb9cd7417c7161cd88aa21ab3a2e93308e527,277453ba6a75417d1ae980b2bdcfb9cd7417c7161cd88aa21ab3a2e93308e527,"{""basis"":""ordered source-target formula atom"",""kind"":""source-target-formula-map""}"
1.1.0,formula,O007-FREMLIN-V2-APP-2A3-FORMULA-0872,O007-FREMLIN-V2-APP-2A3,O007-RIGHTS-FREMLIN-DSL,O007-FREMLIN-V2-APP-2A3-SEG-2A3SE,872,2A3Se,2A3Se,823,841,34939,34942,37618,37621,X,X,4b68ab3847feda7d6c62c1fbcbeebfa35eab7351ed5e78f4ddadea5df64b8015,4b68ab3847feda7d6c62c1fbcbeebfa35eab7351ed5e78f4ddadea5df64b8015,4b68ab3847feda7d6c62c1fbcbeebfa35eab7351ed5e78f4ddadea5df64b8015,$,,4b68ab3847feda7d6c62c1fbcbeebfa35eab7351ed5e78f4ddadea5df64b8015,4b68ab3847feda7d6c62c1fbcbeebfa35eab7351ed5e78f4ddadea5df64b8015,"{""basis"":""ordered source-target formula atom"",""kind"":""source-target-formula-map""}"
1.1.0,formula,O007-FREMLIN-V2-APP-2A3-FORMULA-0873,O007-FREMLIN-V2-APP-2A3,O007-RIGHTS-FREMLIN-DSL,O007-FREMLIN-V2-APP-2A3-SEG-2A3SE,873,2A3Se,2A3Se,823,841,34955,34963,37647,37655,\Cal F,\Cal F,9363924beed26a6b3024d2639aded7fd78e4442982973410c843f5ca8b42c29f,9363924beed26a6b3024d2639aded7fd78e4442982973410c843f5ca8b42c29f,5b7978629932e36cc708d0acc1fa79ef221d2b463df15ea614fc931ca4779310,$,,5b7978629932e36cc708d0acc1fa79ef221d2b463df15ea614fc931ca4779310,5b7978629932e36cc708d0acc1fa79ef221d2b463df15ea614fc931ca4779310,"{""basis"":""ordered source-target formula atom"",""kind"":""source-target-formula-map""}"
1.1.0,formula,O007-FREMLIN-V2-APP-2A3-FORMULA-0874,O007-FREMLIN-V2-APP-2A3,O007-RIGHTS-FREMLIN-DSL,O007-FREMLIN-V2-APP-2A3-SEG-2A3SE,874,2A3Se,2A3Se,823,841,34985,34988,37680,37683,X,X,4b68ab3847feda7d6c62c1fbcbeebfa35eab7351ed5e78f4ddadea5df64b8015,4b68ab3847feda7d6c62c1fbcbeebfa35eab7351ed5e78f4ddadea5df64b8015,4b68ab3847feda7d6c62c1fbcbeebfa35eab7351ed5e78f4ddadea5df64b8015,$,,4b68ab3847feda7d6c62c1fbcbeebfa35eab7351ed5e78f4ddadea5df64b8015,4b68ab3847feda7d6c62c1fbcbeebfa35eab7351ed5e78f4ddadea5df64b8015,"{""basis"":""ordered source-target formula atom"",""kind"":""source-target-formula-map""}"
1.1.0,formula,O007-FREMLIN-V2-APP-2A3-FORMULA-0875,O007-FREMLIN-V2-APP-2A3,O007-RIGHTS-FREMLIN-DSL,O007-FREMLIN-V2-APP-2A3-SEG-2A3SE,875,2A3Se,2A3Se,824,842,34994,35008,37689,37703,h:X\to\Bbb R,h:X\to\Bbb R,7b1afe673693bed4c8a4cf4635cf37dcaa34af0dcb12a008665e7c9374fbcad4,7b1afe673693bed4c8a4cf4635cf37dcaa34af0dcb12a008665e7c9374fbcad4,2a6c55b2f810d7705666e7c2b1d4e92dec3d72995179b87590395c580fb3152e,$,,2a6c55b2f810d7705666e7c2b1d4e92dec3d72995179b87590395c580fb3152e,2a6c55b2f810d7705666e7c2b1d4e92dec3d72995179b87590395c580fb3152e,"{""basis"":""ordered source-target formula atom"",""kind"":""source-target-formula-map""}"
1.1.0,formula,O007-FREMLIN-V2-APP-2A3-FORMULA-0876,O007-FREMLIN-V2-APP-2A3,O007-RIGHTS-FREMLIN-DSL,O007-FREMLIN-V2-APP-2A3-SEG-2A3SE,876,2A3Se,2A3Se,824,842,35033,35039,37727,37733,h[F],h[F],d1eda2361dd98a2c8b0e530b3000be30a1d41a93bc5c62fd5595d529b2ba7d2a,d1eda2361dd98a2c8b0e530b3000be30a1d41a93bc5c62fd5595d529b2ba7d2a,d1eda2361dd98a2c8b0e530b3000be30a1d41a93bc5c62fd5595d529b2ba7d2a,$,,d1eda2361dd98a2c8b0e530b3000be30a1d41a93bc5c62fd5595d529b2ba7d2a,d1eda2361dd98a2c8b0e530b3000be30a1d41a93bc5c62fd5595d529b2ba7d2a,"{""basis"":""ordered source-target formula atom"",""kind"":""source-target-formula-map""}"
1.1.0,formula,O007-FREMLIN-V2-APP-2A3-FORMULA-0877,O007-FREMLIN-V2-APP-2A3,O007-RIGHTS-FREMLIN-DSL,O007-FREMLIN-V2-APP-2A3-SEG-2A3SE,877,2A3Se,2A3Se,824,842,35054,35062,37749,37757,\Bbb R,\Bbb R,f9d62b077eddf72778fc05527c5aa4d2352f16a46a94808294fdc2cb7e406580,f9d62b077eddf72778fc05527c5aa4d2352f16a46a94808294fdc2cb7e406580,22316cdc991b42844c0fcdb72f227b6d4c0e8457a736e325af2845b7b3df7f6c,$,,22316cdc991b42844c0fcdb72f227b6d4c0e8457a736e325af2845b7b3df7f6c,22316cdc991b42844c0fcdb72f227b6d4c0e8457a736e325af2845b7b3df7f6c,"{""basis"":""ordered source-target formula atom"",""kind"":""source-target-formula-map""}"
1.1.0,formula,O007-FREMLIN-V2-APP-2A3-FORMULA-0878,O007-FREMLIN-V2-APP-2A3,O007-RIGHTS-FREMLIN-DSL,O007-FREMLIN-V2-APP-2A3-SEG-2A3SE,878,2A3Se,2A3Se,825,843,35076,35088,37779,37791,F\in\Cal F,F\in\Cal F,b175aab2db7faf179eb3931e42199aeeab66ec86548a220083f44d0e67d59263,b175aab2db7faf179eb3931e42199aeeab66ec86548a220083f44d0e67d59263,7dd4f5e0928d6c98d20fba59ffea613cd66f6709bebc521036b8e405faedfc72,$,,7dd4f5e0928d6c98d20fba59ffea613cd66f6709bebc521036b8e405faedfc72,7dd4f5e0928d6c98d20fba59ffea613cd66f6709bebc521036b8e405faedfc72,"{""basis"":""ordered source-target formula atom"",""kind"":""source-target-formula-map""}"
1.1.0,formula,O007-FREMLIN-V2-APP-2A3-FORMULA-0879,O007-FREMLIN-V2-APP-2A3,O007-RIGHTS-FREMLIN-DSL,O007-FREMLIN-V2-APP-2A3-SEG-2A3SE,879,2A3Se,2A3Se,825,843,35095,35118,37798,37821,\lim_{x\to\Cal F}h(x),\lim_{x\to\Cal F}h(x),20c9397d3631956c2fed8204e365197cfb4ca75c12eb0053d907e0df509abdc7,20c9397d3631956c2fed8204e365197cfb4ca75c12eb0053d907e0df509abdc7,277453ba6a75417d1ae980b2bdcfb9cd7417c7161cd88aa21ab3a2e93308e527,$,,277453ba6a75417d1ae980b2bdcfb9cd7417c7161cd88aa21ab3a2e93308e527,277453ba6a75417d1ae980b2bdcfb9cd7417c7161cd88aa21ab3a2e93308e527,"{""basis"":""ordered source-target formula atom"",""kind"":""source-target-formula-map""}"
1.1.0,formula,O007-FREMLIN-V2-APP-2A3-FORMULA-0880,O007-FREMLIN-V2-APP-2A3,O007-RIGHTS-FREMLIN-DSL,O007-FREMLIN-V2-APP-2A3-SEG-2A3SE,880,2A3Se,2A3Se,826,844,35129,35137,37832,37840,\Bbb R,\Bbb R,f9d62b077eddf72778fc05527c5aa4d2352f16a46a94808294fdc2cb7e406580,f9d62b077eddf72778fc05527c5aa4d2352f16a46a94808294fdc2cb7e406580,22316cdc991b42844c0fcdb72f227b6d4c0e8457a736e325af2845b7b3df7f6c,$,,22316cdc991b42844c0fcdb72f227b6d4c0e8457a736e325af2845b7b3df7f6c,22316cdc991b42844c0fcdb72f227b6d4c0e8457a736e325af2845b7b3df7f6c,"{""basis"":""ordered source-target formula atom"",""kind"":""source-target-formula-map""}"
1.1.0,formula,O007-FREMLIN-V2-APP-2A3-FORMULA-0881,O007-FREMLIN-V2-APP-2A3,O007-RIGHTS-FREMLIN-DSL,O007-FREMLIN-V2-APP-2A3-SEG-2A3SE,881,2A3Se,2A3Se,827,845,35155,35172,37858,37875,\overline{h[F]},\overline{h[F]},4a36c659a1afbf40c2afbc2257fc42733fd39e3d385f8a1d0abc41d300a86a59,4a36c659a1afbf40c2afbc2257fc42733fd39e3d385f8a1d0abc41d300a86a59,4a36c659a1afbf40c2afbc2257fc42733fd39e3d385f8a1d0abc41d300a86a59,$,,4a36c659a1afbf40c2afbc2257fc42733fd39e3d385f8a1d0abc41d300a86a59,4a36c659a1afbf40c2afbc2257fc42733fd39e3d385f8a1d0abc41d300a86a59,"{""basis"":""ordered source-target formula atom"",""kind"":""source-target-formula-map""}"
1.1.0,formula,O007-FREMLIN-V2-APP-2A3-FORMULA-0882,O007-FREMLIN-V2-APP-2A3,O007-RIGHTS-FREMLIN-DSL,O007-FREMLIN-V2-APP-2A3-SEG-2A3SE,882,2A3Se,2A3Se,828,846,35225,35231,37948,37954,h[F],h[F],d1eda2361dd98a2c8b0e530b3000be30a1d41a93bc5c62fd5595d529b2ba7d2a,d1eda2361dd98a2c8b0e530b3000be30a1d41a93bc5c62fd5595d529b2ba7d2a,d1eda2361dd98a2c8b0e530b3000be30a1d41a93bc5c62fd5595d529b2ba7d2a,$,,d1eda2361dd98a2c8b0e530b3000be30a1d41a93bc5c62fd5595d529b2ba7d2a,d1eda2361dd98a2c8b0e530b3000be30a1d41a93bc5c62fd5595d529b2ba7d2a,"{""basis"":""ordered source-target formula atom"",""kind"":""source-target-formula-map""}"
1.1.0,formula,O007-FREMLIN-V2-APP-2A3-FORMULA-0883,O007-FREMLIN-V2-APP-2A3,O007-RIGHTS-FREMLIN-DSL,O007-FREMLIN-V2-APP-2A3-SEG-2A3SF,883,2A3Sf,2A3Sf,831,849,35322,35331,38041,38050,\limsup,\limsup,3a6c7a18f061eb442de799c88abed13cabf30cc2d19f5564ebe1e6e360fd6034,3a6c7a18f061eb442de799c88abed13cabf30cc2d19f5564ebe1e6e360fd6034,3a6c7a18f061eb442de799c88abed13cabf30cc2d19f5564ebe1e6e360fd6034,$,,3a6c7a18f061eb442de799c88abed13cabf30cc2d19f5564ebe1e6e360fd6034,3a6c7a18f061eb442de799c88abed13cabf30cc2d19f5564ebe1e6e360fd6034,"{""basis"":""ordered source-target formula atom"",""kind"":""source-target-formula-map""}"
1.1.0,formula,O007-FREMLIN-V2-APP-2A3-FORMULA-0884,O007-FREMLIN-V2-APP-2A3,O007-RIGHTS-FREMLIN-DSL,O007-FREMLIN-V2-APP-2A3-SEG-2A3SF,884,2A3Sf,2A3Sf,831,849,35333,35342,38052,38061,\liminf,\liminf,e5c19d75887aa542b44c956486f792f99831437b874579839f99e6cf2a04c402,e5c19d75887aa542b44c956486f792f99831437b874579839f99e6cf2a04c402,e5c19d75887aa542b44c956486f792f99831437b874579839f99e6cf2a04c402,$,,e5c19d75887aa542b44c956486f792f99831437b874579839f99e6cf2a04c402,e5c19d75887aa542b44c956486f792f99831437b874579839f99e6cf2a04c402,"{""basis"":""ordered source-target formula atom"",""kind"":""source-target-formula-map""}"
1.1.0,formula,O007-FREMLIN-V2-APP-2A3-FORMULA-0885,O007-FREMLIN-V2-APP-2A3,O007-RIGHTS-FREMLIN-DSL,O007-FREMLIN-V2-APP-2A3-SEG-2A3SF,885,2A3Sf,2A3Sf,832,850,35385,35393,38101,38109,\Cal F,\Cal F,9363924beed26a6b3024d2639aded7fd78e4442982973410c843f5ca8b42c29f,9363924beed26a6b3024d2639aded7fd78e4442982973410c843f5ca8b42c29f,5b7978629932e36cc708d0acc1fa79ef221d2b463df15ea614fc931ca4779310,$,,5b7978629932e36cc708d0acc1fa79ef221d2b463df15ea614fc931ca4779310,5b7978629932e36cc708d0acc1fa79ef221d2b463df15ea614fc931ca4779310,"{""basis"":""ordered source-target formula atom"",""kind"":""source-target-formula-map""}"
1.1.0,formula,O007-FREMLIN-V2-APP-2A3-FORMULA-0886,O007-FREMLIN-V2-APP-2A3,O007-RIGHTS-FREMLIN-DSL,O007-FREMLIN-V2-APP-2A3-SEG-2A3SF,886,2A3Sf,2A3Sf,832,850,35415,35418,38138,38141,X,X,4b68ab3847feda7d6c62c1fbcbeebfa35eab7351ed5e78f4ddadea5df64b8015,4b68ab3847feda7d6c62c1fbcbeebfa35eab7351ed5e78f4ddadea5df64b8015,4b68ab3847feda7d6c62c1fbcbeebfa35eab7351ed5e78f4ddadea5df64b8015,$,,4b68ab3847feda7d6c62c1fbcbeebfa35eab7351ed5e78f4ddadea5df64b8015,4b68ab3847feda7d6c62c1fbcbeebfa35eab7351ed5e78f4ddadea5df64b8015,"{""basis"":""ordered source-target formula atom"",""kind"":""source-target-formula-map""}"
1.1.0,formula,O007-FREMLIN-V2-APP-2A3-FORMULA-0887,O007-FREMLIN-V2-APP-2A3,O007-RIGHTS-FREMLIN-DSL,O007-FREMLIN-V2-APP-2A3-SEG-2A3SF,887,2A3Sf,2A3Sf,833,851,35429,35453,38147,38171,"f:X\to[-\infty,\infty]","f:X\to[-\infty,\infty]",fa6fe531a3fc9bb121856f4bfa09d9edd8631aaaef7b0ad00ff6080603c8a0ab,fa6fe531a3fc9bb121856f4bfa09d9edd8631aaaef7b0ad00ff6080603c8a0ab,fa6fe531a3fc9bb121856f4bfa09d9edd8631aaaef7b0ad00ff6080603c8a0ab,$,,fa6fe531a3fc9bb121856f4bfa09d9edd8631aaaef7b0ad00ff6080603c8a0ab,fa6fe531a3fc9bb121856f4bfa09d9edd8631aaaef7b0ad00ff6080603c8a0ab,"{""basis"":""ordered source-target formula atom"",""kind"":""source-target-formula-map""}"
1.1.0,formula,O007-FREMLIN-V2-APP-2A3-FORMULA-0888,O007-FREMLIN-V2-APP-2A3,O007-RIGHTS-FREMLIN-DSL,O007-FREMLIN-V2-APP-2A3-SEG-2A3SF,888,2A3Sf,2A3Sf,835,853,35485,35584,38213,38312,"\eqalign{\limsup_{x\to\Cal F}f(x)
&=\inf_{F\in\Cal F}\sup_{x\in F}f(x)
\in[-\infty,\infty],\cr}","\eqalign{\limsup_{x\to\Cal F}f(x)
&=\inf_{F\in\Cal F}\sup_{x\in F}f(x)
\in[-\infty,\infty],\cr}",6bfcc1efab0bc162e9ba04b05673c2994dba0edf965ceb60ac4ed1085f0a9062,6bfcc1efab0bc162e9ba04b05673c2994dba0edf965ceb60ac4ed1085f0a9062,fa47c843fa60b7fea43113d8df74e801022aff7c2620e3ff8ac8866c99716f8f,$$,,fa47c843fa60b7fea43113d8df74e801022aff7c2620e3ff8ac8866c99716f8f,fa47c843fa60b7fea43113d8df74e801022aff7c2620e3ff8ac8866c99716f8f,"{""basis"":""ordered source-target formula atom"",""kind"":""source-target-formula-map""}"
1.1.0,formula,O007-FREMLIN-V2-APP-2A3-FORMULA-0889,O007-FREMLIN-V2-APP-2A3,O007-RIGHTS-FREMLIN-DSL,O007-FREMLIN-V2-APP-2A3-SEG-2A3SF,889,2A3Sf,2A3Sf,838,856,35587,35749,38315,38477,"\eqalign{\limsup_{x\to\Cal F}f(x)
&=\inf\{u:u\in[-\infty,\infty],\,\{x:f(x)\le u\}\in\Cal F\}\cr
&=\inf_{F\in\Cal F}\sup_{x\in F}f(x)
\in[-\infty,\infty],\cr}","\eqalign{\limsup_{x\to\Cal F}f(x)
&=\inf\{u:u\in[-\infty,\infty],\,\{x:f(x)\le u\}\in\Cal F\}\cr
&=\inf_{F\in\Cal F}\sup_{x\in F}f(x)
\in[-\infty,\infty],\cr}",631704c2ffb702c059fc0d0138c08c761e99d0ee07f91bf31279393e54a76876,631704c2ffb702c059fc0d0138c08c761e99d0ee07f91bf31279393e54a76876,ae7c20835cc9de83e4d488de074be9ef5224aae7923eda01b672a22f56679a1f,$$,,ae7c20835cc9de83e4d488de074be9ef5224aae7923eda01b672a22f56679a1f,ae7c20835cc9de83e4d488de074be9ef5224aae7923eda01b672a22f56679a1f,"{""basis"":""ordered source-target formula atom"",""kind"":""source-target-formula-map""}"
1.1.0,formula,O007-FREMLIN-V2-APP-2A3-FORMULA-0890,O007-FREMLIN-V2-APP-2A3,O007-RIGHTS-FREMLIN-DSL,O007-FREMLIN-V2-APP-2A3-SEG-2A3SF,890,2A3Sf,2A3Sf,843,861,35758,35837,38486,38565,"\eqalign{\liminf_{x\to\Cal F}f(x)
&=\sup_{F\in\Cal F}\inf_{x\in F}f(x).\cr}","\eqalign{\liminf_{x\to\Cal F}f(x)
&=\sup_{F\in\Cal F}\inf_{x\in F}f(x).\cr}",9a8124668fcbfb8ae812eab666920a838cbb592b69ef351800281128ea05179b,9a8124668fcbfb8ae812eab666920a838cbb592b69ef351800281128ea05179b,2716bfae18c945ae3a79737604b1aa7802b1bf8ac0f13a039007f9f96c99a347,$$,,2716bfae18c945ae3a79737604b1aa7802b1bf8ac0f13a039007f9f96c99a347,2716bfae18c945ae3a79737604b1aa7802b1bf8ac0f13a039007f9f96c99a347,"{""basis"":""ordered source-target formula atom"",""kind"":""source-target-formula-map""}"
1.1.0,formula,O007-FREMLIN-V2-APP-2A3-FORMULA-0891,O007-FREMLIN-V2-APP-2A3,O007-RIGHTS-FREMLIN-DSL,O007-FREMLIN-V2-APP-2A3-SEG-2A3SF,891,2A3Sf,2A3Sf,845,863,35840,35982,38568,38710,"\eqalign{\liminf_{x\to\Cal F}f(x)
&=\sup\{u:u\in[-\infty,\infty],\,\{x:f(x)\ge u\}\in\Cal F\}\cr
&=\sup_{F\in\Cal F}\inf_{x\in F}f(x).\cr}","\eqalign{\liminf_{x\to\Cal F}f(x)
&=\sup\{u:u\in[-\infty,\infty],\,\{x:f(x)\ge u\}\in\Cal F\}\cr
&=\sup_{F\in\Cal F}\inf_{x\in F}f(x).\cr}",0a3436433299c4743a1fe381900196026fb5ab2a3b767b87c9d89fe564f4c39a,0a3436433299c4743a1fe381900196026fb5ab2a3b767b87c9d89fe564f4c39a,271b5b0ef9889a6c791a0c23558a0c6918065c828940a8bc5c46d42130714c32,$$,,271b5b0ef9889a6c791a0c23558a0c6918065c828940a8bc5c46d42130714c32,271b5b0ef9889a6c791a0c23558a0c6918065c828940a8bc5c46d42130714c32,"{""basis"":""ordered source-target formula atom"",""kind"":""source-target-formula-map""}"
1.1.0,formula,O007-FREMLIN-V2-APP-2A3-FORMULA-0892,O007-FREMLIN-V2-APP-2A3,O007-RIGHTS-FREMLIN-DSL,O007-FREMLIN-V2-APP-2A3-SEG-2A3SF,892,2A3Sf,2A3Sf,849,867,36052,36055,38783,38786,f,f,252f10c83610ebca1a059c0bae8255eba2f95be4d1d7bcfa89d7248a82d9f111,252f10c83610ebca1a059c0bae8255eba2f95be4d1d7bcfa89d7248a82d9f111,252f10c83610ebca1a059c0bae8255eba2f95be4d1d7bcfa89d7248a82d9f111,$,,252f10c83610ebca1a059c0bae8255eba2f95be4d1d7bcfa89d7248a82d9f111,252f10c83610ebca1a059c0bae8255eba2f95be4d1d7bcfa89d7248a82d9f111,"{""basis"":""ordered source-target formula atom"",""kind"":""source-target-formula-map""}"
1.1.0,formula,O007-FREMLIN-V2-APP-2A3-FORMULA-0893,O007-FREMLIN-V2-APP-2A3,O007-RIGHTS-FREMLIN-DSL,O007-FREMLIN-V2-APP-2A3-SEG-2A3SF,893,2A3Sf,2A3Sf,850,868,36057,36071,38788,38802,g:X\to\Bbb R,g:X\to\Bbb R,ae67e09930dfed9786f0602088c85bffce1c1e0aaef972caff1a6a2339955493,ae67e09930dfed9786f0602088c85bffce1c1e0aaef972caff1a6a2339955493,4d26ac84228ca066440b7f110976cbabed7896bf76f2b4b46e99f81082491f9f,$,,4d26ac84228ca066440b7f110976cbabed7896bf76f2b4b46e99f81082491f9f,4d26ac84228ca066440b7f110976cbabed7896bf76f2b4b46e99f81082491f9f,"{""basis"":""ordered source-target formula atom"",""kind"":""source-target-formula-map""}"
1.1.0,formula,O007-FREMLIN-V2-APP-2A3-FORMULA-0894,O007-FREMLIN-V2-APP-2A3,O007-RIGHTS-FREMLIN-DSL,O007-FREMLIN-V2-APP-2A3-SEG-2A3SF,894,2A3Sf,2A3Sf,852,870,36086,36111,38817,38842,\lim_{x\to\Cal F}f(x)=a,\lim_{x\to\Cal F}f(x)=a,9833ac2ae2d4c955a38c3af4d510d50d928a4beee770ffc276bc3e9af07925c2,9833ac2ae2d4c955a38c3af4d510d50d928a4beee770ffc276bc3e9af07925c2,909fb6b088c1df2a2221bb95e72845a0a557282bc4f433f5ce7385d3d0bdcaf0,$,,909fb6b088c1df2a2221bb95e72845a0a557282bc4f433f5ce7385d3d0bdcaf0,909fb6b088c1df2a2221bb95e72845a0a557282bc4f433f5ce7385d3d0bdcaf0,"{""basis"":""ordered source-target formula atom"",""kind"":""source-target-formula-map""}"
1.1.0,formula,O007-FREMLIN-V2-APP-2A3-FORMULA-0895,O007-FREMLIN-V2-APP-2A3,O007-RIGHTS-FREMLIN-DSL,O007-FREMLIN-V2-APP-2A3-SEG-2A3SF,895,2A3Sf,2A3Sf,853,871,36126,36179,38873,38926,a=\limsup_{x\to\Cal F}f(x)=\liminf_{x\to\Cal F}f(x),a=\limsup_{x\to\Cal F}f(x)=\liminf_{x\to\Cal F}f(x),48c80718c943920edcac7f539f80a79a7e976810e0883c7ab413bf63a7028671,48c80718c943920edcac7f539f80a79a7e976810e0883c7ab413bf63a7028671,f68d20c909120687352b4e3d811a3707665d5cc14c27d44ea5ee44e3592c43e9,$,,f68d20c909120687352b4e3d811a3707665d5cc14c27d44ea5ee44e3592c43e9,f68d20c909120687352b4e3d811a3707665d5cc14c27d44ea5ee44e3592c43e9,"{""basis"":""ordered source-target formula atom"",""kind"":""source-target-formula-map""}"
1.1.0,formula,O007-FREMLIN-V2-APP-2A3-FORMULA-0896,O007-FREMLIN-V2-APP-2A3,O007-RIGHTS-FREMLIN-DSL,O007-FREMLIN-V2-APP-2A3-SEG-2A3SF,896,2A3Sf,2A3Sf,857,875,36210,36294,38957,39043,"\limsup_{x\to\Cal F}f(x)+g(x)
\le\limsup_{x\to\Cal F}f(x)+\limsup_{x\to\Cal F}g(x)","\limsup_{x\to\Cal F}(f(x)+g(x))
\le\limsup_{x\to\Cal F}f(x)+\limsup_{x\to\Cal F}g(x)",951b7475f7c8eaaad5d539c5e6400d2be8bb317cef8697996bb60f89f4cab36c,7235d116b6739d6b2aa35bb65450336bae504e939c3441a7633003d9993f8762,443fa2c6ae71387d5b92ddda5a9b50b595ad787c45ccfad17dcfc4549be51454,$,"[""O007-CORR-0383""]",84beb4638646f8cd00c08a46d78b4603f3b617d0f35d08bb66a788b6daa1c234,443fa2c6ae71387d5b92ddda5a9b50b595ad787c45ccfad17dcfc4549be51454,"{""basis"":""ordered formula atom; correction bound by receipt exception union"",""kind"":""source-target-formula-map""}"
1.1.0,formula,O007-FREMLIN-V2-APP-2A3-FORMULA-0897,O007-FREMLIN-V2-APP-2A3,O007-RIGHTS-FREMLIN-DSL,O007-FREMLIN-V2-APP-2A3-SEG-2A3SF,897,2A3Sf,2A3Sf,860,878,36310,36394,39059,39145,"\liminf_{x\to\Cal F}f(x)+g(x)
\ge\liminf_{x\to\Cal F}f(x)+\liminf_{x\to\Cal F}g(x)","\liminf_{x\to\Cal F}(f(x)+g(x))
\ge\liminf_{x\to\Cal F}f(x)+\liminf_{x\to\Cal F}g(x)",e04a807bb72cb5f3c838f840edc6d148bce87a60161ead278ba6f4f0b4e80f2a,bc3d21bba0e686299548087de5776b9c0750044d864d0067a39cc48c47ef6f50,18d5cd114585f7e7bece09cef34ae6202f13cee50125b807c6ad2f1e6a787ca1,$,"[""O007-CORR-0384""]",52389081b4763933049f5f57988f77f80ff1365a3ce493022b7277afc14edce6,18d5cd114585f7e7bece09cef34ae6202f13cee50125b807c6ad2f1e6a787ca1,"{""basis"":""ordered formula atom; correction bound by receipt exception union"",""kind"":""source-target-formula-map""}"
1.1.0,formula,O007-FREMLIN-V2-APP-2A3-FORMULA-0898,O007-FREMLIN-V2-APP-2A3,O007-RIGHTS-FREMLIN-DSL,O007-FREMLIN-V2-APP-2A3-SEG-2A3SF,898,2A3Sf,2A3Sf,863,881,36410,36465,39161,39216,\liminf_{x\to\Cal F}(-f(x))=-\limsup_{x\to\Cal F}f(x),\liminf_{x\to\Cal F}(-f(x))=-\limsup_{x\to\Cal F}f(x),e31b5e6cb5c3cfabb604fbc5f6b5cc530fdd3ceb565a21a69ecdebfe0dcfa4d3,e31b5e6cb5c3cfabb604fbc5f6b5cc530fdd3ceb565a21a69ecdebfe0dcfa4d3,893a66ac8194ebc7d6a7f80d246d66614910a8873552dd978db1542323ca441a,$,,893a66ac8194ebc7d6a7f80d246d66614910a8873552dd978db1542323ca441a,893a66ac8194ebc7d6a7f80d246d66614910a8873552dd978db1542323ca441a,"{""basis"":""ordered source-target formula atom"",""kind"":""source-target-formula-map""}"
1.1.0,formula,O007-FREMLIN-V2-APP-2A3-FORMULA-0899,O007-FREMLIN-V2-APP-2A3,O007-RIGHTS-FREMLIN-DSL,O007-FREMLIN-V2-APP-2A3-SEG-2A3SF,899,2A3Sf,2A3Sf,864,882,36472,36527,39223,39278,\limsup_{x\to\Cal F}(-f(x))=-\liminf_{x\to\Cal F}f(x),\limsup_{x\to\Cal F}(-f(x))=-\liminf_{x\to\Cal F}f(x),8faab2fc6539584d081475daaedd070b823c99cb898e2626e59422565db58c9d,8faab2fc6539584d081475daaedd070b823c99cb898e2626e59422565db58c9d,2ca0226ab73349d1390dbd6c0b8cd1ca0bd01b90adb2d5948153a4c30b2779cc,$,,2ca0226ab73349d1390dbd6c0b8cd1ca0bd01b90adb2d5948153a4c30b2779cc,2ca0226ab73349d1390dbd6c0b8cd1ca0bd01b90adb2d5948153a4c30b2779cc,"{""basis"":""ordered source-target formula atom"",""kind"":""source-target-formula-map""}"
1.1.0,formula,O007-FREMLIN-V2-APP-2A3-FORMULA-0900,O007-FREMLIN-V2-APP-2A3,O007-RIGHTS-FREMLIN-DSL,O007-FREMLIN-V2-APP-2A3-SEG-2A3SF,900,2A3Sf,2A3Sf,866,884,36543,36596,39294,39347,\liminf_{x\to\Cal F}cf(x)=c\liminf_{x\to\Cal F}f(x),\liminf_{x\to\Cal F}cf(x)=c\liminf_{x\to\Cal F}f(x),2fadedf95dc7880f4c785778f856364e985079e655d7ec4ccc4dfefc15150866,2fadedf95dc7880f4c785778f856364e985079e655d7ec4ccc4dfefc15150866,9294492b259babdad7b559ac6b03654d473d5c8f0e3cc611294f68c6fbbce5d8,$,,9294492b259babdad7b559ac6b03654d473d5c8f0e3cc611294f68c6fbbce5d8,9294492b259babdad7b559ac6b03654d473d5c8f0e3cc611294f68c6fbbce5d8,"{""basis"":""ordered source-target formula atom"",""kind"":""source-target-formula-map""}"
1.1.0,formula,O007-FREMLIN-V2-APP-2A3-FORMULA-0901,O007-FREMLIN-V2-APP-2A3,O007-RIGHTS-FREMLIN-DSL,O007-FREMLIN-V2-APP-2A3-SEG-2A3SF,901,2A3Sf,2A3Sf,867,885,36603,36656,39354,39407,\limsup_{x\to\Cal F}cf(x)=c\limsup_{x\to\Cal F}f(x),\limsup_{x\to\Cal F}cf(x)=c\limsup_{x\to\Cal F}f(x),49410274f983ad468ca3775cbb91ddc7809509d01d483dac1d1cd7d03d84ed89,49410274f983ad468ca3775cbb91ddc7809509d01d483dac1d1cd7d03d84ed89,394af2695531fd43c3169bf34cf354c1fadefd0ef4779d155f10525f50db9a1e,$,,394af2695531fd43c3169bf34cf354c1fadefd0ef4779d155f10525f50db9a1e,394af2695531fd43c3169bf34cf354c1fadefd0ef4779d155f10525f50db9a1e,"{""basis"":""ordered source-target formula atom"",""kind"":""source-target-formula-map""}"
1.1.0,formula,O007-FREMLIN-V2-APP-2A3-FORMULA-0902,O007-FREMLIN-V2-APP-2A3,O007-RIGHTS-FREMLIN-DSL,O007-FREMLIN-V2-APP-2A3-SEG-2A3SF,902,2A3Sf,2A3Sf,870,888,36714,36732,39457,39475,"[-\infty,\infty]","[-\infty,\infty]",b9a80fe63c5d371855c3764a54c8212f8d13b84d0bdbed9c55e5192fdb73b145,b9a80fe63c5d371855c3764a54c8212f8d13b84d0bdbed9c55e5192fdb73b145,b9a80fe63c5d371855c3764a54c8212f8d13b84d0bdbed9c55e5192fdb73b145,$,,b9a80fe63c5d371855c3764a54c8212f8d13b84d0bdbed9c55e5192fdb73b145,b9a80fe63c5d371855c3764a54c8212f8d13b84d0bdbed9c55e5192fdb73b145,"{""basis"":""ordered source-target formula atom"",""kind"":""source-target-formula-map""}"
1.1.0,formula,O007-FREMLIN-V2-APP-2A3-FORMULA-0903,O007-FREMLIN-V2-APP-2A3,O007-RIGHTS-FREMLIN-DSL,O007-FREMLIN-V2-APP-2A3-SEG-2A3SF,903,2A3Sf,2A3Sf,870,888,36737,36745,39480,39488,c\ge 0,c\ge 0,4528173f8e41970f7790f95dc820d19c11a386c385d888e6daa55325475e6ed0,4528173f8e41970f7790f95dc820d19c11a386c385d888e6daa55325475e6ed0,0cb5c758eaa4b58e4abab6bc350c0f7a0f07216d0c9906b84975219a39534341,$,,0cb5c758eaa4b58e4abab6bc350c0f7a0f07216d0c9906b84975219a39534341,0cb5c758eaa4b58e4abab6bc350c0f7a0f07216d0c9906b84975219a39534341,"{""basis"":""ordered source-target formula atom"",""kind"":""source-target-formula-map""}"
1.1.0,formula,O007-FREMLIN-V2-APP-2A3-FORMULA-0904,O007-FREMLIN-V2-APP-2A3,O007-RIGHTS-FREMLIN-DSL,O007-FREMLIN-V2-APP-2A3-SEG-2A3SF,904,2A3Sf,2A3Sf,870,888,36755,36780,39502,39527,a=\lim_{x\to\Cal F}f(x),a=\lim_{x\to\Cal F}f(x),6e7ecd2d7f70419e5f9e165d08472ff075fa7fb488d8a8d9138a609573b40375,6e7ecd2d7f70419e5f9e165d08472ff075fa7fb488d8a8d9138a609573b40375,6c3d249826479a1fdaeb41fa4984a3b1510a011b44fcd6a61b3a29dcf041c846,$,,6c3d249826479a1fdaeb41fa4984a3b1510a011b44fcd6a61b3a29dcf041c846,6c3d249826479a1fdaeb41fa4984a3b1510a011b44fcd6a61b3a29dcf041c846,"{""basis"":""ordered source-target formula atom"",""kind"":""source-target-formula-map""}"
1.1.0,formula,O007-FREMLIN-V2-APP-2A3-FORMULA-0905,O007-FREMLIN-V2-APP-2A3,O007-RIGHTS-FREMLIN-DSL,O007-FREMLIN-V2-APP-2A3-SEG-2A3SF,905,2A3Sf,2A3Sf,871,889,36785,36809,39532,39557,b=\lim_{x\to\Cal F}(x),b=\lim_{x\to\Cal F}g(x),df90908b074fa79de96206a65c984e5fcbc8f53784b81f3df5d4687ba36ceb91,f7d846ac74b0ce8ce3f5bf9d20686af4e3721698fe4413cb85faa34fef67a1e9,6633dcdacb353a19bfdb00ff80a734ad6fe6c49f77ac959cc6b9ce53e8d5d6a0,$,"[""O007-CORR-0385""]",0219cd9010c9415be10b419df7268c56fef6b6b89a9975810db0c8447deb2dcf,6633dcdacb353a19bfdb00ff80a734ad6fe6c49f77ac959cc6b9ce53e8d5d6a0,"{""basis"":""ordered formula atom; correction bound by receipt exception union"",""kind"":""source-target-formula-map""}"
1.1.0,formula,O007-FREMLIN-V2-APP-2A3-FORMULA-0906,O007-FREMLIN-V2-APP-2A3,O007-RIGHTS-FREMLIN-DSL,O007-FREMLIN-V2-APP-2A3-SEG-2A3SF,906,2A3Sf,2A3Sf,871,889,36819,36827,39568,39576,\Bbb R,\Bbb R,f9d62b077eddf72778fc05527c5aa4d2352f16a46a94808294fdc2cb7e406580,f9d62b077eddf72778fc05527c5aa4d2352f16a46a94808294fdc2cb7e406580,22316cdc991b42844c0fcdb72f227b6d4c0e8457a736e325af2845b7b3df7f6c,$,,22316cdc991b42844c0fcdb72f227b6d4c0e8457a736e325af2845b7b3df7f6c,22316cdc991b42844c0fcdb72f227b6d4c0e8457a736e325af2845b7b3df7f6c,"{""basis"":""ordered source-target formula atom"",""kind"":""source-target-formula-map""}"
1.1.0,formula,O007-FREMLIN-V2-APP-2A3-FORMULA-0907,O007-FREMLIN-V2-APP-2A3,O007-RIGHTS-FREMLIN-DSL,O007-FREMLIN-V2-APP-2A3-SEG-2A3SF,907,2A3Sf,2A3Sf,871,890,36829,36857,39583,39613,\lim_{x\to\Cal F}f(x)+g(x),\lim_{x\to\Cal F}(f(x)+g(x)),9316ef059ab1369c564a303e843f452f566db35a9434e944c6fd52279b0cfaae,ae951fabe1b2e105ff05372e138e37cecd704e9637e36000cfa8f0ec2175ef5f,6cc28411fe2d9db5f8f9b0776b24737fa0fc52abdc458c0fe5bee53782240aab,$,"[""O007-CORR-0386""]",21b5a9a9b6d20dbeea55433f9deb352b3250e1283dd5d08652c86524c4945105,6cc28411fe2d9db5f8f9b0776b24737fa0fc52abdc458c0fe5bee53782240aab,"{""basis"":""ordered formula atom; correction bound by receipt exception union"",""kind"":""source-target-formula-map""}"
1.1.0,formula,O007-FREMLIN-V2-APP-2A3-FORMULA-0908,O007-FREMLIN-V2-APP-2A3,O007-RIGHTS-FREMLIN-DSL,O007-FREMLIN-V2-APP-2A3-SEG-2A3SF,908,2A3Sf,2A3Sf,872,890,36881,36886,39634,39639,a+b,a+b,300273daf0bb57c239f83585d71ced54ce6b3b5fb81615abbeeb3f9cf5fae92f,300273daf0bb57c239f83585d71ced54ce6b3b5fb81615abbeeb3f9cf5fae92f,300273daf0bb57c239f83585d71ced54ce6b3b5fb81615abbeeb3f9cf5fae92f,$,,300273daf0bb57c239f83585d71ced54ce6b3b5fb81615abbeeb3f9cf5fae92f,300273daf0bb57c239f83585d71ced54ce6b3b5fb81615abbeeb3f9cf5fae92f,"{""basis"":""ordered source-target formula atom"",""kind"":""source-target-formula-map""}"
1.1.0,formula,O007-FREMLIN-V2-APP-2A3-FORMULA-0909,O007-FREMLIN-V2-APP-2A3,O007-RIGHTS-FREMLIN-DSL,O007-FREMLIN-V2-APP-2A3-SEG-2A3SF,909,2A3Sf,2A3Sf,872,891,36891,36915,39651,39675,\lim_{x\to\Cal F}cf(x),\lim_{x\to\Cal F}cf(x),ef959b2091e67d2ed493fb98169fe33cb3a3ca90ea2b6de1c80b48ab634dc243,ef959b2091e67d2ed493fb98169fe33cb3a3ca90ea2b6de1c80b48ab634dc243,de336a8e019e1ace9a493f4c403a0c5790ce9d2172f0b6ff6c576a626707432b,$,,de336a8e019e1ace9a493f4c403a0c5790ce9d2172f0b6ff6c576a626707432b,de336a8e019e1ace9a493f4c403a0c5790ce9d2172f0b6ff6c576a626707432b,"{""basis"":""ordered source-target formula atom"",""kind"":""source-target-formula-map""}"
1.1.0,formula,O007-FREMLIN-V2-APP-2A3-FORMULA-0910,O007-FREMLIN-V2-APP-2A3,O007-RIGHTS-FREMLIN-DSL,O007-FREMLIN-V2-APP-2A3-SEG-2A3SF,910,2A3Sf,2A3Sf,873,892,36939,36963,39696,39720,c\lim_{x\to\Cal F}f(x),c\lim_{x\to\Cal F}f(x),be757a2f50ee782395d08feac08d312ac95994f7f0a02a0510350a289750f1a0,be757a2f50ee782395d08feac08d312ac95994f7f0a02a0510350a289750f1a0,85bfe30a6e867237fa3414cd5ac26ef95d4c0bbf3d85c0b98c0396865085f349,$,,85bfe30a6e867237fa3414cd5ac26ef95d4c0bbf3d85c0b98c0396865085f349,85bfe30a6e867237fa3414cd5ac26ef95d4c0bbf3d85c0b98c0396865085f349,"{""basis"":""ordered source-target formula atom"",""kind"":""source-target-formula-map""}"
1.1.0,formula,O007-FREMLIN-V2-APP-2A3-FORMULA-0911,O007-FREMLIN-V2-APP-2A3,O007-RIGHTS-FREMLIN-DSL,O007-FREMLIN-V2-APP-2A3-SEG-2A3SF,911,2A3Sf,2A3Sf,873,892,36974,36986,39734,39746,c\in\Bbb R,c\in\Bbb R,365f5ce487f10d724b33ca913e9f2aff3456a3c2ba87d35652de7cf350ca3be0,365f5ce487f10d724b33ca913e9f2aff3456a3c2ba87d35652de7cf350ca3be0,94bc9d92c15c2e8afaebffdcd5145690aa18e8d3436bad14ca833f19d17e6977,$,,94bc9d92c15c2e8afaebffdcd5145690aa18e8d3436bad14ca833f19d17e6977,94bc9d92c15c2e8afaebffdcd5145690aa18e8d3436bad14ca833f19d17e6977,"{""basis"":""ordered source-target formula atom"",""kind"":""source-target-formula-map""}"
1.1.0,formula,O007-FREMLIN-V2-APP-2A3-FORMULA-0912,O007-FREMLIN-V2-APP-2A3,O007-RIGHTS-FREMLIN-DSL,O007-FREMLIN-V2-APP-2A3-SEG-2A3SF,912,2A3Sf,2A3Sf,875,894,37020,37034,39791,39805,f:X\to\Bbb R,f:X\to\Bbb R,564e5fad9d398fff5ba7e458f4bc761268933bfaa302509696e8931a04ec4c82,564e5fad9d398fff5ba7e458f4bc761268933bfaa302509696e8931a04ec4c82,1b750548c79710486bd23507981d4846fc7bc5f36df548fd7d56f6ecbe748722,$,,1b750548c79710486bd23507981d4846fc7bc5f36df548fd7d56f6ecbe748722,1b750548c79710486bd23507981d4846fc7bc5f36df548fd7d56f6ecbe748722,"{""basis"":""ordered source-target formula atom"",""kind"":""source-target-formula-map""}"
1.1.0,formula,O007-FREMLIN-V2-APP-2A3-FORMULA-0913,O007-FREMLIN-V2-APP-2A3,O007-RIGHTS-FREMLIN-DSL,O007-FREMLIN-V2-APP-2A3-SEG-2A3SF,913,2A3Sf,2A3Sf,877,896,37071,37083,39852,39864,\epsilon>0,\epsilon>0,4c7785f41b6ba845fbf6fe3db625563505eedd141a7e6a016df047b5d14c0cc7,4c7785f41b6ba845fbf6fe3db625563505eedd141a7e6a016df047b5d14c0cc7,4c7785f41b6ba845fbf6fe3db625563505eedd141a7e6a016df047b5d14c0cc7,$,,4c7785f41b6ba845fbf6fe3db625563505eedd141a7e6a016df047b5d14c0cc7,4c7785f41b6ba845fbf6fe3db625563505eedd141a7e6a016df047b5d14c0cc7,"{""basis"":""ordered source-target formula atom"",""kind"":""source-target-formula-map""}"
1.1.0,formula,O007-FREMLIN-V2-APP-2A3-FORMULA-0914,O007-FREMLIN-V2-APP-2A3,O007-RIGHTS-FREMLIN-DSL,O007-FREMLIN-V2-APP-2A3-SEG-2A3SF,914,2A3Sf,2A3Sf,877,896,37096,37108,39874,39886,F\in\Cal F,F\in\Cal F,b175aab2db7faf179eb3931e42199aeeab66ec86548a220083f44d0e67d59263,b175aab2db7faf179eb3931e42199aeeab66ec86548a220083f44d0e67d59263,7dd4f5e0928d6c98d20fba59ffea613cd66f6709bebc521036b8e405faedfc72,$,,7dd4f5e0928d6c98d20fba59ffea613cd66f6709bebc521036b8e405faedfc72,7dd4f5e0928d6c98d20fba59ffea613cd66f6709bebc521036b8e405faedfc72,"{""basis"":""ordered source-target formula atom"",""kind"":""source-target-formula-map""}"
1.1.0,formula,O007-FREMLIN-V2-APP-2A3-FORMULA-0915,O007-FREMLIN-V2-APP-2A3,O007-RIGHTS-FREMLIN-DSL,O007-FREMLIN-V2-APP-2A3-SEG-2A3SF,915,2A3Sf,2A3Sf,878,897,37119,37167,39907,39955,\sup_{x\in F}f(x)\le\epsilon+\inf_{x\in F}f(x),\sup_{x\in F}f(x)\le\epsilon+\inf_{x\in F}f(x),84ef402d3b568747f8102757320db29fb1835b0aa9115dac35d9629b72333ce6,84ef402d3b568747f8102757320db29fb1835b0aa9115dac35d9629b72333ce6,098951ca58572cd72d16fa865a9181a69f9e1a431490281f7f12b2025a213608,$,,098951ca58572cd72d16fa865a9181a69f9e1a431490281f7f12b2025a213608,098951ca58572cd72d16fa865a9181a69f9e1a431490281f7f12b2025a213608,"{""basis"":""ordered source-target formula atom"",""kind"":""source-target-formula-map""}"
1.1.0,formula,O007-FREMLIN-V2-APP-2A3-FORMULA-0916,O007-FREMLIN-V2-APP-2A3,O007-RIGHTS-FREMLIN-DSL,O007-FREMLIN-V2-APP-2A3-SEG-2A3SF,916,2A3Sf,2A3Sf,881,900,37193,37255,39981,40043,\limsup_{x\to\Cal F}f(x)\le\epsilon+\liminf_{x\to\Cal F}f(x),\limsup_{x\to\Cal F}f(x)\le\epsilon+\liminf_{x\to\Cal F}f(x),50882e019fcfebb16b09a01f240e15a2f2b7b5deaf6322e6d9844a8f4f56c989,50882e019fcfebb16b09a01f240e15a2f2b7b5deaf6322e6d9844a8f4f56c989,8850dd15040429b8dd0e87e6d246c0f4565aa3ba58cc91648542c2de3e8357c1,$,,8850dd15040429b8dd0e87e6d246c0f4565aa3ba58cc91648542c2de3e8357c1,8850dd15040429b8dd0e87e6d246c0f4565aa3ba58cc91648542c2de3e8357c1,"{""basis"":""ordered source-target formula atom"",""kind"":""source-target-formula-map""}"
1.1.0,formula,O007-FREMLIN-V2-APP-2A3-FORMULA-0917,O007-FREMLIN-V2-APP-2A3,O007-RIGHTS-FREMLIN-DSL,O007-FREMLIN-V2-APP-2A3-SEG-2A3SF,917,2A3Sf,2A3Sf,882,901,37266,37278,40057,40069,\epsilon>0,\epsilon>0,4c7785f41b6ba845fbf6fe3db625563505eedd141a7e6a016df047b5d14c0cc7,4c7785f41b6ba845fbf6fe3db625563505eedd141a7e6a016df047b5d14c0cc7,4c7785f41b6ba845fbf6fe3db625563505eedd141a7e6a016df047b5d14c0cc7,$,,4c7785f41b6ba845fbf6fe3db625563505eedd141a7e6a016df047b5d14c0cc7,4c7785f41b6ba845fbf6fe3db625563505eedd141a7e6a016df047b5d14c0cc7,"{""basis"":""ordered source-target formula atom"",""kind"":""source-target-formula-map""}"
1.1.0,formula,O007-FREMLIN-V2-APP-2A3-FORMULA-0918,O007-FREMLIN-V2-APP-2A3,O007-RIGHTS-FREMLIN-DSL,O007-FREMLIN-V2-APP-2A3-SEG-2A3SF,918,2A3Sf,2A3Sf,882,901,37289,37312,40081,40104,\lim_{x\to\Cal F}f(x),\lim_{x\to\Cal F}f(x),6c9f8630917ecf7b9f254767d1b37a37230e2007e2c0760d521c786334e4d2a1,6c9f8630917ecf7b9f254767d1b37a37230e2007e2c0760d521c786334e4d2a1,62e3b31a0cc45faa65c184aebc630c818177d73aa7d6ea86e74a5a361af632af,$,,62e3b31a0cc45faa65c184aebc630c818177d73aa7d6ea86e74a5a361af632af,62e3b31a0cc45faa65c184aebc630c818177d73aa7d6ea86e74a5a361af632af,"{""basis"":""ordered source-target formula atom"",""kind"":""source-target-formula-map""}"
1.1.0,formula,O007-FREMLIN-V2-APP-2A3-FORMULA-0919,O007-FREMLIN-V2-APP-2A3,O007-RIGHTS-FREMLIN-DSL,O007-FREMLIN-V2-APP-2A3-SEG-2A3SF,919,2A3Sf,2A3Sf,883,902,37327,37345,40125,40143,"[-\infty,\infty]","[-\infty,\infty]",b9a80fe63c5d371855c3764a54c8212f8d13b84d0bdbed9c55e5192fdb73b145,b9a80fe63c5d371855c3764a54c8212f8d13b84d0bdbed9c55e5192fdb73b145,b9a80fe63c5d371855c3764a54c8212f8d13b84d0bdbed9c55e5192fdb73b145,$,,b9a80fe63c5d371855c3764a54c8212f8d13b84d0bdbed9c55e5192fdb73b145,b9a80fe63c5d371855c3764a54c8212f8d13b84d0bdbed9c55e5192fdb73b145,"{""basis"":""ordered source-target formula atom"",""kind"":""source-target-formula-map""}"
1.1.0,formula,O007-FREMLIN-V2-APP-2A3-FORMULA-0920,O007-FREMLIN-V2-APP-2A3,O007-RIGHTS-FREMLIN-DSL,O007-FREMLIN-V2-APP-2A3-SEG-2A3SG,920,2A3Sg,2A3Sg,887,906,37482,37501,40291,40310,\lim_{n\to\infty},\lim_{n\to\infty},eb514d3fcefe767dd0d08fab38fb5ae189e2e4afad0fef68591891c94f2205e1,eb514d3fcefe767dd0d08fab38fb5ae189e2e4afad0fef68591891c94f2205e1,eb514d3fcefe767dd0d08fab38fb5ae189e2e4afad0fef68591891c94f2205e1,$,,eb514d3fcefe767dd0d08fab38fb5ae189e2e4afad0fef68591891c94f2205e1,eb514d3fcefe767dd0d08fab38fb5ae189e2e4afad0fef68591891c94f2205e1,"{""basis"":""ordered source-target formula atom"",""kind"":""source-target-formula-map""}"
1.1.0,formula,O007-FREMLIN-V2-APP-2A3-FORMULA-0921,O007-FREMLIN-V2-APP-2A3,O007-RIGHTS-FREMLIN-DSL,O007-FREMLIN-V2-APP-2A3-SEG-2A3SG,921,2A3Sg,2A3Sg,887,906,37503,37525,40312,40334,\limsup_{n\to\infty},\limsup_{n\to\infty},3e2f995f3f54e41306e8a1177a3baaec3bfa7efc9fc6e483ac6618ebb84178e4,3e2f995f3f54e41306e8a1177a3baaec3bfa7efc9fc6e483ac6618ebb84178e4,3e2f995f3f54e41306e8a1177a3baaec3bfa7efc9fc6e483ac6618ebb84178e4,$,,3e2f995f3f54e41306e8a1177a3baaec3bfa7efc9fc6e483ac6618ebb84178e4,3e2f995f3f54e41306e8a1177a3baaec3bfa7efc9fc6e483ac6618ebb84178e4,"{""basis"":""ordered source-target formula atom"",""kind"":""source-target-formula-map""}"
1.1.0,formula,O007-FREMLIN-V2-APP-2A3-FORMULA-0922,O007-FREMLIN-V2-APP-2A3,O007-RIGHTS-FREMLIN-DSL,O007-FREMLIN-V2-APP-2A3-SEG-2A3SG,922,2A3Sg,2A3Sg,887,906,37527,37549,40336,40358,\liminf_{n\to\infty},\liminf_{n\to\infty},f4b683e95c67f073e9e50580ccdfcaf486912559399dc4a3150bb8905a89d247,f4b683e95c67f073e9e50580ccdfcaf486912559399dc4a3150bb8905a89d247,f4b683e95c67f073e9e50580ccdfcaf486912559399dc4a3150bb8905a89d247,$,,f4b683e95c67f073e9e50580ccdfcaf486912559399dc4a3150bb8905a89d247,f4b683e95c67f073e9e50580ccdfcaf486912559399dc4a3150bb8905a89d247,"{""basis"":""ordered source-target formula atom"",""kind"":""source-target-formula-map""}"
1.1.0,formula,O007-FREMLIN-V2-APP-2A3-FORMULA-0923,O007-FREMLIN-V2-APP-2A3,O007-RIGHTS-FREMLIN-DSL,O007-FREMLIN-V2-APP-2A3-SEG-2A3SG,923,2A3Sg,2A3Sg,888,907,37564,37583,40378,40397,\lim_{n\to\CalFr},\lim_{n\to\CalFr},f100029d93f7e1759ee3adb936f0f05ea12d3e76cc77435c17548ed7340ec09d,f100029d93f7e1759ee3adb936f0f05ea12d3e76cc77435c17548ed7340ec09d,f100029d93f7e1759ee3adb936f0f05ea12d3e76cc77435c17548ed7340ec09d,$,,f100029d93f7e1759ee3adb936f0f05ea12d3e76cc77435c17548ed7340ec09d,f100029d93f7e1759ee3adb936f0f05ea12d3e76cc77435c17548ed7340ec09d,"{""basis"":""ordered source-target formula atom"",""kind"":""source-target-formula-map""}"
1.1.0,formula,O007-FREMLIN-V2-APP-2A3-FORMULA-0924,O007-FREMLIN-V2-APP-2A3,O007-RIGHTS-FREMLIN-DSL,O007-FREMLIN-V2-APP-2A3-SEG-2A3SG,924,2A3Sg,2A3Sg,888,907,37585,37607,40399,40421,\limsup_{n\to\CalFr},\limsup_{n\to\CalFr},c5fe59f8bb0b8a08940a5b14b314d0688ee693c6af71e2250e2d19b69ff46844,c5fe59f8bb0b8a08940a5b14b314d0688ee693c6af71e2250e2d19b69ff46844,c5fe59f8bb0b8a08940a5b14b314d0688ee693c6af71e2250e2d19b69ff46844,$,,c5fe59f8bb0b8a08940a5b14b314d0688ee693c6af71e2250e2d19b69ff46844,c5fe59f8bb0b8a08940a5b14b314d0688ee693c6af71e2250e2d19b69ff46844,"{""basis"":""ordered source-target formula atom"",""kind"":""source-target-formula-map""}"
1.1.0,formula,O007-FREMLIN-V2-APP-2A3-FORMULA-0925,O007-FREMLIN-V2-APP-2A3,O007-RIGHTS-FREMLIN-DSL,O007-FREMLIN-V2-APP-2A3-SEG-2A3SG,925,2A3Sg,2A3Sg,889,908,37609,37631,40423,40445,\liminf_{n\to\CalFr},\liminf_{n\to\CalFr},803df44b96175bd65e259f4ed6ab2c14df3810dbf4bf7e36e4ccaf05263f6101,803df44b96175bd65e259f4ed6ab2c14df3810dbf4bf7e36e4ccaf05263f6101,803df44b96175bd65e259f4ed6ab2c14df3810dbf4bf7e36e4ccaf05263f6101,$,,803df44b96175bd65e259f4ed6ab2c14df3810dbf4bf7e36e4ccaf05263f6101,803df44b96175bd65e259f4ed6ab2c14df3810dbf4bf7e36e4ccaf05263f6101,"{""basis"":""ordered source-target formula atom"",""kind"":""source-target-formula-map""}"
1.1.0,formula,O007-FREMLIN-V2-APP-2A3-FORMULA-0926,O007-FREMLIN-V2-APP-2A3,O007-RIGHTS-FREMLIN-DSL,O007-FREMLIN-V2-APP-2A3-SEG-2A3SG,926,2A3Sg,2A3Sg,889,908,37638,37646,40454,40462,\CalFr,\CalFr,0f5dc66455a65e95d0f203bb4423c63b2da30aaa8415ca3b5920c3734e504591,0f5dc66455a65e95d0f203bb4423c63b2da30aaa8415ca3b5920c3734e504591,0f5dc66455a65e95d0f203bb4423c63b2da30aaa8415ca3b5920c3734e504591,$,,0f5dc66455a65e95d0f203bb4423c63b2da30aaa8415ca3b5920c3734e504591,0f5dc66455a65e95d0f203bb4423c63b2da30aaa8415ca3b5920c3734e504591,"{""basis"":""ordered source-target formula atom"",""kind"":""source-target-formula-map""}"
1.1.0,formula,O007-FREMLIN-V2-APP-2A3-FORMULA-0927,O007-FREMLIN-V2-APP-2A3,O007-RIGHTS-FREMLIN-DSL,O007-FREMLIN-V2-APP-2A3-SEG-2A3SG,927,2A3Sg,2A3Sg,890,909,37680,37688,40498,40506,\Bbb N,\Bbb N,83cf45f141bcc461fe374a41478f34683805f99cdd68774c39adbb540a1867e8,83cf45f141bcc461fe374a41478f34683805f99cdd68774c39adbb540a1867e8,7a5c8f64045b98184eb0aeb0e75d1f7fc2976b2635d0b631b4b1da04dff5a457,$,,7a5c8f64045b98184eb0aeb0e75d1f7fc2976b2635d0b631b4b1da04dff5a457,7a5c8f64045b98184eb0aeb0e75d1f7fc2976b2635d0b631b4b1da04dff5a457,"{""basis"":""ordered source-target formula atom"",""kind"":""source-target-formula-map""}"
1.1.0,formula,O007-FREMLIN-V2-APP-2A3-FORMULA-0928,O007-FREMLIN-V2-APP-2A3,O007-RIGHTS-FREMLIN-DSL,O007-FREMLIN-V2-APP-2A3-SEG-2A3SG,928,2A3Sg,2A3Sg,890,909,37701,37739,40521,40559,\{\Bbb N\setminus A:A\subseteq\Bbb N,\{\Bbb N\setminus A:A\subseteq\Bbb N,c56ab67843565de1c2b5b5e5bf615ac59c108f739fd5049c435c81135a0a562c,c56ab67843565de1c2b5b5e5bf615ac59c108f739fd5049c435c81135a0a562c,143324b908093a93445f29961575bcd61e7ee70f7657ac6c494261b7aa74438a,$,,143324b908093a93445f29961575bcd61e7ee70f7657ac6c494261b7aa74438a,143324b908093a93445f29961575bcd61e7ee70f7657ac6c494261b7aa74438a,"{""basis"":""ordered source-target formula atom"",""kind"":""source-target-formula-map""}"
1.1.0,formula,O007-FREMLIN-V2-APP-2A3-FORMULA-0929,O007-FREMLIN-V2-APP-2A3,O007-RIGHTS-FREMLIN-DSL,O007-FREMLIN-V2-APP-2A3-SEG-2A3SG,929,2A3Sg,2A3Sg,891,910,37749,37753,40569,40573,\},\},c7354723e6131b5ec74c8f01425bec37d342f01160f79fdc915ad7c57dcce262,c7354723e6131b5ec74c8f01425bec37d342f01160f79fdc915ad7c57dcce262,c7354723e6131b5ec74c8f01425bec37d342f01160f79fdc915ad7c57dcce262,$,,c7354723e6131b5ec74c8f01425bec37d342f01160f79fdc915ad7c57dcce262,c7354723e6131b5ec74c8f01425bec37d342f01160f79fdc915ad7c57dcce262,"{""basis"":""ordered source-target formula atom"",""kind"":""source-target-formula-map""}"
1.1.0,formula,O007-FREMLIN-V2-APP-2A3-FORMULA-0930,O007-FREMLIN-V2-APP-2A3,O007-RIGHTS-FREMLIN-DSL,O007-FREMLIN-V2-APP-2A3-SEG-2A3SG,930,2A3Sg,2A3Sg,891,910,37777,37785,40604,40612,\Bbb N,\Bbb N,83cf45f141bcc461fe374a41478f34683805f99cdd68774c39adbb540a1867e8,83cf45f141bcc461fe374a41478f34683805f99cdd68774c39adbb540a1867e8,7a5c8f64045b98184eb0aeb0e75d1f7fc2976b2635d0b631b4b1da04dff5a457,$,,7a5c8f64045b98184eb0aeb0e75d1f7fc2976b2635d0b631b4b1da04dff5a457,7a5c8f64045b98184eb0aeb0e75d1f7fc2976b2635d0b631b4b1da04dff5a457,"{""basis"":""ordered source-target formula atom"",""kind"":""source-target-formula-map""}"
1.1.0,formula,O007-FREMLIN-V2-APP-2A3-FORMULA-0931,O007-FREMLIN-V2-APP-2A3,O007-RIGHTS-FREMLIN-DSL,O007-FREMLIN-V2-APP-2A3-SEG-2A3SG,931,2A3Sg,2A3Sg,892,912,37800,37827,40657,40684,\lim_{\delta\downarrow a},\lim_{\delta\downarrow a},7a84f9a39e5350c9d3469f2d6ac7c3a0275725727f02d421ae2d9c41274e3883,7a84f9a39e5350c9d3469f2d6ac7c3a0275725727f02d421ae2d9c41274e3883,2203d97715583a6ac1401109fa5170d24926d4a937a5171706f1cdbde6e4ac86,$,,2203d97715583a6ac1401109fa5170d24926d4a937a5171706f1cdbde6e4ac86,2203d97715583a6ac1401109fa5170d24926d4a937a5171706f1cdbde6e4ac86,"{""basis"":""ordered source-target formula atom"",""kind"":""source-target-formula-map""}"
1.1.0,formula,O007-FREMLIN-V2-APP-2A3-FORMULA-0932,O007-FREMLIN-V2-APP-2A3,O007-RIGHTS-FREMLIN-DSL,O007-FREMLIN-V2-APP-2A3-SEG-2A3SG,932,2A3Sg,2A3Sg,892,912,37829,37859,40686,40716,\limsup_{\delta\downarrow a},\limsup_{\delta\downarrow a},872d51b47f35dc3cdb5d7fa8693ff4dba82233af948f20cc2112b26c3998a35d,872d51b47f35dc3cdb5d7fa8693ff4dba82233af948f20cc2112b26c3998a35d,df077761b2a3c3b640b0cf362f3a5868813034b1e442305ce89f931c2a8f015b,$,,df077761b2a3c3b640b0cf362f3a5868813034b1e442305ce89f931c2a8f015b,df077761b2a3c3b640b0cf362f3a5868813034b1e442305ce89f931c2a8f015b,"{""basis"":""ordered source-target formula atom"",""kind"":""source-target-formula-map""}"
1.1.0,formula,O007-FREMLIN-V2-APP-2A3-FORMULA-0933,O007-FREMLIN-V2-APP-2A3,O007-RIGHTS-FREMLIN-DSL,O007-FREMLIN-V2-APP-2A3-SEG-2A3SG,933,2A3Sg,2A3Sg,893,913,37861,37891,40718,40748,\liminf_{\delta\downarrow a},\liminf_{\delta\downarrow a},a1f12f9c1bfc291731e29d9052668b0a868790d85bd6e289caefd4aa2d182bcf,a1f12f9c1bfc291731e29d9052668b0a868790d85bd6e289caefd4aa2d182bcf,ea80320b8aa09812830b7545b391fdb83b006ac419306a080044deb51d1b39b7,$,,ea80320b8aa09812830b7545b391fdb83b006ac419306a080044deb51d1b39b7,ea80320b8aa09812830b7545b391fdb83b006ac419306a080044deb51d1b39b7,"{""basis"":""ordered source-target formula atom"",""kind"":""source-target-formula-map""}"
1.1.0,formula,O007-FREMLIN-V2-APP-2A3-FORMULA-0934,O007-FREMLIN-V2-APP-2A3,O007-RIGHTS-FREMLIN-DSL,O007-FREMLIN-V2-APP-2A3-SEG-2A3SG,934,2A3Sg,2A3Sg,893,913,37906,37930,40768,40792,\lim_{\delta\to\Cal F},\lim_{\delta\to\Cal F},75543010cb56b479dd869291efb7f0686682e486a8923f44c0d86b79f14241ba,75543010cb56b479dd869291efb7f0686682e486a8923f44c0d86b79f14241ba,969d361e41f982d86bbed9094cb29ddc5e7e91af631b615e801a0b95286f9bff,$,,969d361e41f982d86bbed9094cb29ddc5e7e91af631b615e801a0b95286f9bff,969d361e41f982d86bbed9094cb29ddc5e7e91af631b615e801a0b95286f9bff,"{""basis"":""ordered source-target formula atom"",""kind"":""source-target-formula-map""}"
1.1.0,formula,O007-FREMLIN-V2-APP-2A3-FORMULA-0935,O007-FREMLIN-V2-APP-2A3,O007-RIGHTS-FREMLIN-DSL,O007-FREMLIN-V2-APP-2A3-SEG-2A3SG,935,2A3Sg,2A3Sg,894,914,37932,37959,40794,40821,\limsup_{\delta\to\Cal F},\limsup_{\delta\to\Cal F},f48f1d84bffb4e0c35c8a0cf43ba91415011600fcf8613666b1c8decd163213c,f48f1d84bffb4e0c35c8a0cf43ba91415011600fcf8613666b1c8decd163213c,1732b89809fdc24fc2a2fc2c02288c42e2ed9ba7b6bdfad993ee09278687826d,$,,1732b89809fdc24fc2a2fc2c02288c42e2ed9ba7b6bdfad993ee09278687826d,1732b89809fdc24fc2a2fc2c02288c42e2ed9ba7b6bdfad993ee09278687826d,"{""basis"":""ordered source-target formula atom"",""kind"":""source-target-formula-map""}"
1.1.0,formula,O007-FREMLIN-V2-APP-2A3-FORMULA-0936,O007-FREMLIN-V2-APP-2A3,O007-RIGHTS-FREMLIN-DSL,O007-FREMLIN-V2-APP-2A3-SEG-2A3SG,936,2A3Sg,2A3Sg,894,914,37961,37988,40823,40850,\liminf_{\delta\to\Cal F},\liminf_{\delta\to\Cal F},3d5cad13779a20a8f77f6aa8995394240623e4e7b72c6b73a6304597c4d820e7,3d5cad13779a20a8f77f6aa8995394240623e4e7b72c6b73a6304597c4d820e7,d9ba3e6e19d7f02245ca396e8366525d17e51cf54eb2c9665140d376ae2e1f1b,$,,d9ba3e6e19d7f02245ca396e8366525d17e51cf54eb2c9665140d376ae2e1f1b,d9ba3e6e19d7f02245ca396e8366525d17e51cf54eb2c9665140d376ae2e1f1b,"{""basis"":""ordered source-target formula atom"",""kind"":""source-target-formula-map""}"
1.1.0,formula,O007-FREMLIN-V2-APP-2A3-FORMULA-0937,O007-FREMLIN-V2-APP-2A3,O007-RIGHTS-FREMLIN-DSL,O007-FREMLIN-V2-APP-2A3-SEG-2A3SG,937,2A3Sg,2A3Sg,896,916,38008,38052,40872,40916,"\Cal F=\{A:A\subseteq\Bbb R,\,\exists\,h>0","\Cal F=\{A:A\subseteq\Bbb R,\,\exists\,h>0",10d7ee5ee293e2565ac95113f77846ccb0d61cf4e0a62a95ee9915254712202b,10d7ee5ee293e2565ac95113f77846ccb0d61cf4e0a62a95ee9915254712202b,7d9db48b0bc6c04002c090ce974554f3f6a38ebc14fd0402c4cbdcfe1bed388a,$,,7d9db48b0bc6c04002c090ce974554f3f6a38ebc14fd0402c4cbdcfe1bed388a,7d9db48b0bc6c04002c090ce974554f3f6a38ebc14fd0402c4cbdcfe1bed388a,"{""basis"":""ordered source-target formula atom"",""kind"":""source-target-formula-map""}"
1.1.0,formula,O007-FREMLIN-V2-APP-2A3-FORMULA-0938,O007-FREMLIN-V2-APP-2A3,O007-RIGHTS-FREMLIN-DSL,O007-FREMLIN-V2-APP-2A3-SEG-2A3SG,938,2A3Sg,2A3Sg,897,917,38063,38091,40937,40965,"\ocint{a,a+h}\subseteq A\}","\ocint{a,a+h}\subseteq A\}",ab7828f72f2b5a74333e73c2fa873c5de1159bac1a0d31f7731a0d9fa337653b,ab7828f72f2b5a74333e73c2fa873c5de1159bac1a0d31f7731a0d9fa337653b,38a3c38ae39b5020f0a8160018538ea6fbeff9475014c7a83adac2cdbced7c28,$,,38a3c38ae39b5020f0a8160018538ea6fbeff9475014c7a83adac2cdbced7c28,38a3c38ae39b5020f0a8160018538ea6fbeff9475014c7a83adac2cdbced7c28,"{""basis"":""ordered source-target formula atom"",""kind"":""source-target-formula-map""}"
1.1.0,formula,O007-FREMLIN-V2-APP-2A3-FORMULA-0939,O007-FREMLIN-V2-APP-2A3,O007-RIGHTS-FREMLIN-DSL,O007-FREMLIN-V2-APP-2A3-SEG-2A3T,939,2A3T,2A3T,905,925,38237,38250,41127,41140,"(X,\frak T)","(X,\frak T)",e61a78818f95155816c51558053b207746d21d984f7d96e50144d5c403fa9916,e61a78818f95155816c51558053b207746d21d984f7d96e50144d5c403fa9916,cafba6d9a47dfea2abf87370a28228acfbc03058933dce9166c4573d1628cd2c,$,,cafba6d9a47dfea2abf87370a28228acfbc03058933dce9166c4573d1628cd2c,cafba6d9a47dfea2abf87370a28228acfbc03058933dce9166c4573d1628cd2c,"{""basis"":""ordered source-target formula atom"",""kind"":""source-target-formula-map""}"
1.1.0,formula,O007-FREMLIN-V2-APP-2A3-FORMULA-0940,O007-FREMLIN-V2-APP-2A3,O007-RIGHTS-FREMLIN-DSL,O007-FREMLIN-V2-APP-2A3-SEG-2A3T,940,2A3T,2A3T,905,925,38255,38268,41145,41158,"(Y,\frak S)","(Y,\frak S)",24d922db39ebf7493e184d085b1af56463424b56f8fc7f4d9213b9840c6e4f9c,24d922db39ebf7493e184d085b1af56463424b56f8fc7f4d9213b9840c6e4f9c,ff360fb1373ff061931764fc324cfd9227979a40812defeedf190c9278b10559,$,,ff360fb1373ff061931764fc324cfd9227979a40812defeedf190c9278b10559,ff360fb1373ff061931764fc324cfd9227979a40812defeedf190c9278b10559,"{""basis"":""ordered source-target formula atom"",""kind"":""source-target-formula-map""}"
1.1.0,formula,O007-FREMLIN-V2-APP-2A3-FORMULA-0941,O007-FREMLIN-V2-APP-2A3,O007-RIGHTS-FREMLIN-DSL,O007-FREMLIN-V2-APP-2A3-SEG-2A3T,941,2A3T,2A3T,907,926,38296,38305,41192,41201,\frak U,\frak U,4ee36ec24b23e7fda0b586d3c176b9c071fd43b658f2a71091b2af4e83be517d,4ee36ec24b23e7fda0b586d3c176b9c071fd43b658f2a71091b2af4e83be517d,9cbf24775043175cf29f449b61fe4a3eb136b3aa14aab6941501708c4caa76fe,$,,9cbf24775043175cf29f449b61fe4a3eb136b3aa14aab6941501708c4caa76fe,9cbf24775043175cf29f449b61fe4a3eb136b3aa14aab6941501708c4caa76fe,"{""basis"":""ordered source-target formula atom"",""kind"":""source-target-formula-map""}"
1.1.0,formula,O007-FREMLIN-V2-APP-2A3-FORMULA-0942,O007-FREMLIN-V2-APP-2A3,O007-RIGHTS-FREMLIN-DSL,O007-FREMLIN-V2-APP-2A3-SEG-2A3T,942,2A3T,2A3T,907,926,38328,38331,41240,41243,U,U,a25513c7e0f6eaa80a3337ee18081b9e2ed09e00af8531c8f7bb2542764027e7,a25513c7e0f6eaa80a3337ee18081b9e2ed09e00af8531c8f7bb2542764027e7,a25513c7e0f6eaa80a3337ee18081b9e2ed09e00af8531c8f7bb2542764027e7,$,,a25513c7e0f6eaa80a3337ee18081b9e2ed09e00af8531c8f7bb2542764027e7,a25513c7e0f6eaa80a3337ee18081b9e2ed09e00af8531c8f7bb2542764027e7,"{""basis"":""ordered source-target formula atom"",""kind"":""source-target-formula-map""}"
1.1.0,formula,O007-FREMLIN-V2-APP-2A3-FORMULA-0943,O007-FREMLIN-V2-APP-2A3,O007-RIGHTS-FREMLIN-DSL,O007-FREMLIN-V2-APP-2A3-SEG-2A3T,943,2A3T,2A3T,907,926,38335,38346,41249,41260,X\times Y,X\times Y,378b544574e931ef8d4f5db0a10cfe62b505e2478573467f9bf2c7855b28bf0f,378b544574e931ef8d4f5db0a10cfe62b505e2478573467f9bf2c7855b28bf0f,e3dabb3cfd0ded25c062400af266ca186420b02a61aa2057c7c2bfe7c3763f6d,$,,e3dabb3cfd0ded25c062400af266ca186420b02a61aa2057c7c2bfe7c3763f6d,e3dabb3cfd0ded25c062400af266ca186420b02a61aa2057c7c2bfe7c3763f6d,"{""basis"":""ordered source-target formula atom"",""kind"":""source-target-formula-map""}"
1.1.0,formula,O007-FREMLIN-V2-APP-2A3-FORMULA-0944,O007-FREMLIN-V2-APP-2A3,O007-RIGHTS-FREMLIN-DSL,O007-FREMLIN-V2-APP-2A3-SEG-2A3T,944,2A3T,2A3T,908,927,38367,38379,41294,41306,"(x,y)\in U","(x,y)\in U",fa1eeb526ae6b90aff04e8f26a5145f66187aa007a34400b9b007ea82f24d190,fa1eeb526ae6b90aff04e8f26a5145f66187aa007a34400b9b007ea82f24d190,3cb6a582775338b2de196dd1b97c783cf88cf192ae3e57d36e5eb6538600cef4,$,,3cb6a582775338b2de196dd1b97c783cf88cf192ae3e57d36e5eb6538600cef4,3cb6a582775338b2de196dd1b97c783cf88cf192ae3e57d36e5eb6538600cef4,"{""basis"":""ordered source-target formula atom"",""kind"":""source-target-formula-map""}"
1.1.0,formula,O007-FREMLIN-V2-APP-2A3-FORMULA-0945,O007-FREMLIN-V2-APP-2A3,O007-RIGHTS-FREMLIN-DSL,O007-FREMLIN-V2-APP-2A3-SEG-2A3T,945,2A3T,2A3T,908,927,38390,38403,41316,41329,G\in\frak T,G\in\frak T,b82a50f81f936c4f7466606f362478a4d3098bbc6711c7101a72a6440d09f8c0,b82a50f81f936c4f7466606f362478a4d3098bbc6711c7101a72a6440d09f8c0,346a784641a12c5fc5326734b09c843f9c8d79b03b700a450a8a2b9f932edf77,$,,346a784641a12c5fc5326734b09c843f9c8d79b03b700a450a8a2b9f932edf77,346a784641a12c5fc5326734b09c843f9c8d79b03b700a450a8a2b9f932edf77,"{""basis"":""ordered source-target formula atom"",""kind"":""source-target-formula-map""}"
1.1.0,formula,O007-FREMLIN-V2-APP-2A3-FORMULA-0946,O007-FREMLIN-V2-APP-2A3,O007-RIGHTS-FREMLIN-DSL,O007-FREMLIN-V2-APP-2A3-SEG-2A3T,946,2A3T,2A3T,908,928,38405,38418,41334,41347,H\in\frak S,H\in\frak S,9a828ec3ee657251fc3e0a9bfb797969ac4b493ba5533334eb3ee699598d7485,9a828ec3ee657251fc3e0a9bfb797969ac4b493ba5533334eb3ee699598d7485,a6916f049003819a40c0b67f6dc5b30822d6c8a58a135180b35bcea877bad9d5,$,,a6916f049003819a40c0b67f6dc5b30822d6c8a58a135180b35bcea877bad9d5,a6916f049003819a40c0b67f6dc5b30822d6c8a58a135180b35bcea877bad9d5,"{""basis"":""ordered source-target formula atom"",""kind"":""source-target-formula-map""}"
1.1.0,formula,O007-FREMLIN-V2-APP-2A3-FORMULA-0947,O007-FREMLIN-V2-APP-2A3,O007-RIGHTS-FREMLIN-DSL,O007-FREMLIN-V2-APP-2A3-SEG-2A3T,947,2A3T,2A3T,909,929,38429,38460,41355,41386,"(x,y)\in G\times H\subseteq U","(x,y)\in G\times H\subseteq U",22be1c2a7fd76682975ded14b84a5781e025c418365c19ef1229439979f5be3e,22be1c2a7fd76682975ded14b84a5781e025c418365c19ef1229439979f5be3e,2f59e038c9babfa83dd92af5bd6e3591eb22dcd8cd1e5cba01e5844733390726,$,,2f59e038c9babfa83dd92af5bd6e3591eb22dcd8cd1e5cba01e5844733390726,2f59e038c9babfa83dd92af5bd6e3591eb22dcd8cd1e5cba01e5844733390726,"{""basis"":""ordered source-target formula atom"",""kind"":""source-target-formula-map""}"
1.1.0,formula,O007-FREMLIN-V2-APP-2A3-FORMULA-0948,O007-FREMLIN-V2-APP-2A3,O007-RIGHTS-FREMLIN-DSL,O007-FREMLIN-V2-APP-2A3-SEG-2A3T,948,2A3T,2A3T,909,929,38469,38478,41395,41404,\frak U,\frak U,4ee36ec24b23e7fda0b586d3c176b9c071fd43b658f2a71091b2af4e83be517d,4ee36ec24b23e7fda0b586d3c176b9c071fd43b658f2a71091b2af4e83be517d,9cbf24775043175cf29f449b61fe4a3eb136b3aa14aab6941501708c4caa76fe,$,,9cbf24775043175cf29f449b61fe4a3eb136b3aa14aab6941501708c4caa76fe,9cbf24775043175cf29f449b61fe4a3eb136b3aa14aab6941501708c4caa76fe,"{""basis"":""ordered source-target formula atom"",""kind"":""source-target-formula-map""}"
1.1.0,formula,O007-FREMLIN-V2-APP-2A3-FORMULA-0949,O007-FREMLIN-V2-APP-2A3,O007-RIGHTS-FREMLIN-DSL,O007-FREMLIN-V2-APP-2A3-SEG-2A3T,949,2A3T,2A3T,910,930,38496,38507,41429,41440,X\times Y,X\times Y,378b544574e931ef8d4f5db0a10cfe62b505e2478573467f9bf2c7855b28bf0f,378b544574e931ef8d4f5db0a10cfe62b505e2478573467f9bf2c7855b28bf0f,e3dabb3cfd0ded25c062400af266ca186420b02a61aa2057c7c2bfe7c3763f6d,$,,e3dabb3cfd0ded25c062400af266ca186420b02a61aa2057c7c2bfe7c3763f6d,e3dabb3cfd0ded25c062400af266ca186420b02a61aa2057c7c2bfe7c3763f6d,"{""basis"":""ordered source-target formula atom"",""kind"":""source-target-formula-map""}"
1.1.0,formula,O007-FREMLIN-V2-APP-2A3-FORMULA-0950,O007-FREMLIN-V2-APP-2A3,O007-RIGHTS-FREMLIN-DSL,O007-FREMLIN-V2-APP-2A3-SEG-2A3T,950,2A3T,2A3T,910,930,38531,38552,41464,41485,\emptyset\in\frak U,\emptyset\in\frak U,f62b58017207e9c880f4195b92241bfc8831416033eb52bd5ad020872ba3061c,f62b58017207e9c880f4195b92241bfc8831416033eb52bd5ad020872ba3061c,6b6c6cff6eb1a9f4e7096399cb4ab1046cf65c619fb94dc977bebfea878475ec,$,,6b6c6cff6eb1a9f4e7096399cb4ab1046cf65c619fb94dc977bebfea878475ec,6b6c6cff6eb1a9f4e7096399cb4ab1046cf65c619fb94dc977bebfea878475ec,"{""basis"":""ordered source-target formula atom"",""kind"":""source-target-formula-map""}"
1.1.0,formula,O007-FREMLIN-V2-APP-2A3-FORMULA-0951,O007-FREMLIN-V2-APP-2A3,O007-RIGHTS-FREMLIN-DSL,O007-FREMLIN-V2-APP-2A3-SEG-2A3T,951,2A3T,2A3T,912,931,38593,38602,41518,41527,\frak U,\frak U,4ee36ec24b23e7fda0b586d3c176b9c071fd43b658f2a71091b2af4e83be517d,4ee36ec24b23e7fda0b586d3c176b9c071fd43b658f2a71091b2af4e83be517d,9cbf24775043175cf29f449b61fe4a3eb136b3aa14aab6941501708c4caa76fe,$,,9cbf24775043175cf29f449b61fe4a3eb136b3aa14aab6941501708c4caa76fe,9cbf24775043175cf29f449b61fe4a3eb136b3aa14aab6941501708c4caa76fe,"{""basis"":""ordered source-target formula atom"",""kind"":""source-target-formula-map""}"
1.1.0,formula,O007-FREMLIN-V2-APP-2A3-FORMULA-0952,O007-FREMLIN-V2-APP-2A3,O007-RIGHTS-FREMLIN-DSL,O007-FREMLIN-V2-APP-2A3-SEG-2A3T,952,2A3T,2A3T,912,931,38629,38650,41554,41575,X\times Y\in\frak U,X\times Y\in\frak U,91c5d5844e0b29b9dab385e0dc49f7367d1e9f22cc4ed4442e80f253f393778a,91c5d5844e0b29b9dab385e0dc49f7367d1e9f22cc4ed4442e80f253f393778a,a21185ff2ea0211a2d2c9c262d20746ae2af742bfe6a3fc997d73d7b18877375,$,,a21185ff2ea0211a2d2c9c262d20746ae2af742bfe6a3fc997d73d7b18877375,a21185ff2ea0211a2d2c9c262d20746ae2af742bfe6a3fc997d73d7b18877375,"{""basis"":""ordered source-target formula atom"",""kind"":""source-target-formula-map""}"
1.1.0,formula,O007-FREMLIN-V2-APP-2A3-FORMULA-0953,O007-FREMLIN-V2-APP-2A3,O007-RIGHTS-FREMLIN-DSL,O007-FREMLIN-V2-APP-2A3-SEG-2A3T,953,2A3T,2A3T,913,932,38659,38672,41583,41596,X\in\frak T,X\in\frak T,8d58ece5224c0e895ee1b94c2041f71db778ae0b18b5ca2ac5eacb224a0eeef7,8d58ece5224c0e895ee1b94c2041f71db778ae0b18b5ca2ac5eacb224a0eeef7,a9e24e9ef8a680b75129e949299198750e2f8b24e265ffee8a203d6d57a652a4,$,,a9e24e9ef8a680b75129e949299198750e2f8b24e265ffee8a203d6d57a652a4,a9e24e9ef8a680b75129e949299198750e2f8b24e265ffee8a203d6d57a652a4,"{""basis"":""ordered source-target formula atom"",""kind"":""source-target-formula-map""}"
1.1.0,formula,O007-FREMLIN-V2-APP-2A3-FORMULA-0954,O007-FREMLIN-V2-APP-2A3,O007-RIGHTS-FREMLIN-DSL,O007-FREMLIN-V2-APP-2A3-SEG-2A3T,954,2A3T,2A3T,913,932,38674,38687,41598,41611,Y\in\frak S,Y\in\frak S,8f1037bd339c21ce26403b905e2bd1fd9adbd56589bedaa312f5f19d11ed5c2c,8f1037bd339c21ce26403b905e2bd1fd9adbd56589bedaa312f5f19d11ed5c2c,73e8024894025adf077413f2bc1f6ad741ef42aa460f970915a03a9813f1e149,$,,73e8024894025adf077413f2bc1f6ad741ef42aa460f970915a03a9813f1e149,73e8024894025adf077413f2bc1f6ad741ef42aa460f970915a03a9813f1e149,"{""basis"":""ordered source-target formula atom"",""kind"":""source-target-formula-map""}"
1.1.0,formula,O007-FREMLIN-V2-APP-2A3-FORMULA-0955,O007-FREMLIN-V2-APP-2A3,O007-RIGHTS-FREMLIN-DSL,O007-FREMLIN-V2-APP-2A3-SEG-2A3T,955,2A3T,2A3T,913,932,38692,38731,41616,41655,"(x,y)\in X\times Y\subseteq
X\times Y","(x,y)\in X\times Y\subseteq
X\times Y",2693ed7bd9ba849b227e7e6bf38b998f09b5d9f8d9f947c11d61d96126654ca1,2693ed7bd9ba849b227e7e6bf38b998f09b5d9f8d9f947c11d61d96126654ca1,18492ac66854cb0e1f8cc9ba7b3bc07ea6d2a0bcde06edca4773a8c63de9afdd,$,,18492ac66854cb0e1f8cc9ba7b3bc07ea6d2a0bcde06edca4773a8c63de9afdd,18492ac66854cb0e1f8cc9ba7b3bc07ea6d2a0bcde06edca4773a8c63de9afdd,"{""basis"":""ordered source-target formula atom"",""kind"":""source-target-formula-map""}"
1.1.0,formula,O007-FREMLIN-V2-APP-2A3-FORMULA-0956,O007-FREMLIN-V2-APP-2A3,O007-RIGHTS-FREMLIN-DSL,O007-FREMLIN-V2-APP-2A3-SEG-2A3T,956,2A3T,2A3T,914,933,38742,38762,41669,41689,"(x,y)\in X\times Y","(x,y)\in X\times Y",88d5f7d2d66d92ca8806bca78811e1c047334bd31d3b026e8a1377e2443e757d,88d5f7d2d66d92ca8806bca78811e1c047334bd31d3b026e8a1377e2443e757d,e2fc6eb90d2be7e84bbf905ee967e20926c012592c5807c8c92f32d0bf77d704,$,,e2fc6eb90d2be7e84bbf905ee967e20926c012592c5807c8c92f32d0bf77d704,e2fc6eb90d2be7e84bbf905ee967e20926c012592c5807c8c92f32d0bf77d704,"{""basis"":""ordered source-target formula atom"",""kind"":""source-target-formula-map""}"
1.1.0,formula,O007-FREMLIN-V2-APP-2A3-FORMULA-0957,O007-FREMLIN-V2-APP-2A3,O007-RIGHTS-FREMLIN-DSL,O007-FREMLIN-V2-APP-2A3-SEG-2A3T,957,2A3T,2A3T,914,933,38774,38777,41703,41706,U,U,a25513c7e0f6eaa80a3337ee18081b9e2ed09e00af8531c8f7bb2542764027e7,a25513c7e0f6eaa80a3337ee18081b9e2ed09e00af8531c8f7bb2542764027e7,a25513c7e0f6eaa80a3337ee18081b9e2ed09e00af8531c8f7bb2542764027e7,$,,a25513c7e0f6eaa80a3337ee18081b9e2ed09e00af8531c8f7bb2542764027e7,a25513c7e0f6eaa80a3337ee18081b9e2ed09e00af8531c8f7bb2542764027e7,"{""basis"":""ordered source-target formula atom"",""kind"":""source-target-formula-map""}"
1.1.0,formula,O007-FREMLIN-V2-APP-2A3-FORMULA-0958,O007-FREMLIN-V2-APP-2A3,O007-RIGHTS-FREMLIN-DSL,O007-FREMLIN-V2-APP-2A3-SEG-2A3T,958,2A3T,2A3T,914,933,38779,38792,41708,41721,V\in\frak U,V\in\frak U,e8ce09fd7cfc1ce6b8768bd6f132ed3c1ff54d101e17175252de5f30a94f7cae,e8ce09fd7cfc1ce6b8768bd6f132ed3c1ff54d101e17175252de5f30a94f7cae,7c08b6935ed585c10eefde9cc87de930940c00cd750e42553e474b9290d301ec,$,,7c08b6935ed585c10eefde9cc87de930940c00cd750e42553e474b9290d301ec,7c08b6935ed585c10eefde9cc87de930940c00cd750e42553e474b9290d301ec,"{""basis"":""ordered source-target formula atom"",""kind"":""source-target-formula-map""}"
1.1.0,formula,O007-FREMLIN-V2-APP-2A3-FORMULA-0959,O007-FREMLIN-V2-APP-2A3,O007-RIGHTS-FREMLIN-DSL,O007-FREMLIN-V2-APP-2A3-SEG-2A3T,959,2A3T,2A3T,915,934,38797,38815,41726,41744,"(x,y)\in U\cap V","(x,y)\in U\cap V",8c493ec04c20367b0435709960017b6d455c894a381e81db53e64bd63ff28352,8c493ec04c20367b0435709960017b6d455c894a381e81db53e64bd63ff28352,dc79fc8e61617edd7a40742f01d151cb0c483e4db4feb52713a61066f4548c1b,$,,dc79fc8e61617edd7a40742f01d151cb0c483e4db4feb52713a61066f4548c1b,dc79fc8e61617edd7a40742f01d151cb0c483e4db4feb52713a61066f4548c1b,"{""basis"":""ordered source-target formula atom"",""kind"":""source-target-formula-map""}"
1.1.0,formula,O007-FREMLIN-V2-APP-2A3-FORMULA-0960,O007-FREMLIN-V2-APP-2A3,O007-RIGHTS-FREMLIN-DSL,O007-FREMLIN-V2-APP-2A3-SEG-2A3T,960,2A3T,2A3T,915,934,38832,38835,41760,41763,G,G,333e0a1e27815d0ceee55c473fe3dc93d56c63e3bee2b3b4aee8eed6d70191a3,333e0a1e27815d0ceee55c473fe3dc93d56c63e3bee2b3b4aee8eed6d70191a3,333e0a1e27815d0ceee55c473fe3dc93d56c63e3bee2b3b4aee8eed6d70191a3,$,,333e0a1e27815d0ceee55c473fe3dc93d56c63e3bee2b3b4aee8eed6d70191a3,333e0a1e27815d0ceee55c473fe3dc93d56c63e3bee2b3b4aee8eed6d70191a3,"{""basis"":""ordered source-target formula atom"",""kind"":""source-target-formula-map""}"
1.1.0,formula,O007-FREMLIN-V2-APP-2A3-FORMULA-0961,O007-FREMLIN-V2-APP-2A3,O007-RIGHTS-FREMLIN-DSL,O007-FREMLIN-V2-APP-2A3-SEG-2A3T,961,2A3T,2A3T,915,934,38837,38851,41765,41779,G'\in\frak T,G'\in\frak T,b1a44e74b480b4f9284e879a52f16abc26f1e99a694853623a7b511fe79f5b8b,b1a44e74b480b4f9284e879a52f16abc26f1e99a694853623a7b511fe79f5b8b,ed78cd9be488171a8e699717e3b61d173f4171c150bbf1b37a5a2a50e23512d9,$,,ed78cd9be488171a8e699717e3b61d173f4171c150bbf1b37a5a2a50e23512d9,ed78cd9be488171a8e699717e3b61d173f4171c150bbf1b37a5a2a50e23512d9,"{""basis"":""ordered source-target formula atom"",""kind"":""source-target-formula-map""}"
1.1.0,formula,O007-FREMLIN-V2-APP-2A3-FORMULA-0962,O007-FREMLIN-V2-APP-2A3,O007-RIGHTS-FREMLIN-DSL,O007-FREMLIN-V2-APP-2A3-SEG-2A3T,962,2A3T,2A3T,915,934,38853,38856,41781,41784,H,H,44bd7ae60f478fae1061e11a7739f4b94d1daf917982d33b6fc8a01a63f89c21,44bd7ae60f478fae1061e11a7739f4b94d1daf917982d33b6fc8a01a63f89c21,44bd7ae60f478fae1061e11a7739f4b94d1daf917982d33b6fc8a01a63f89c21,$,,44bd7ae60f478fae1061e11a7739f4b94d1daf917982d33b6fc8a01a63f89c21,44bd7ae60f478fae1061e11a7739f4b94d1daf917982d33b6fc8a01a63f89c21,"{""basis"":""ordered source-target formula atom"",""kind"":""source-target-formula-map""}"
1.1.0,formula,O007-FREMLIN-V2-APP-2A3-FORMULA-0963,O007-FREMLIN-V2-APP-2A3,O007-RIGHTS-FREMLIN-DSL,O007-FREMLIN-V2-APP-2A3-SEG-2A3T,963,2A3T,2A3T,916,935,38858,38872,41786,41800,H'\in\frak S,H'\in\frak S,c318396b819300b16ba6985c60a845d5d8d876f5983ed0d536b0966c5faef905,c318396b819300b16ba6985c60a845d5d8d876f5983ed0d536b0966c5faef905,54a15a39a6602dd082ede8dfbd43120a4e3f7dac597886b2eeb7d752f934f35d,$,,54a15a39a6602dd082ede8dfbd43120a4e3f7dac597886b2eeb7d752f934f35d,54a15a39a6602dd082ede8dfbd43120a4e3f7dac597886b2eeb7d752f934f35d,"{""basis"":""ordered source-target formula atom"",""kind"":""source-target-formula-map""}"
1.1.0,formula,O007-FREMLIN-V2-APP-2A3-FORMULA-0964,O007-FREMLIN-V2-APP-2A3,O007-RIGHTS-FREMLIN-DSL,O007-FREMLIN-V2-APP-2A3-SEG-2A3T,964,2A3T,2A3T,918,937,38896,38927,41823,41854,"(x,y)\in G\times H\subseteq U","(x,y)\in G\times H\subseteq U",22be1c2a7fd76682975ded14b84a5781e025c418365c19ef1229439979f5be3e,22be1c2a7fd76682975ded14b84a5781e025c418365c19ef1229439979f5be3e,2f59e038c9babfa83dd92af5bd6e3591eb22dcd8cd1e5cba01e5844733390726,$,,2f59e038c9babfa83dd92af5bd6e3591eb22dcd8cd1e5cba01e5844733390726,2f59e038c9babfa83dd92af5bd6e3591eb22dcd8cd1e5cba01e5844733390726,"{""basis"":""ordered source-target formula atom"",""kind"":""source-target-formula-map""}"
1.1.0,formula,O007-FREMLIN-V2-APP-2A3-FORMULA-0965,O007-FREMLIN-V2-APP-2A3,O007-RIGHTS-FREMLIN-DSL,O007-FREMLIN-V2-APP-2A3-SEG-2A3T,965,2A3T,2A3T,919,938,38935,38968,41862,41895,"(x,y)\in G'\times H'\subseteq V","(x,y)\in G'\times H'\subseteq V",1f402954d47e36a253e2c96d8a2d5524d71ec4205dfca092a76372b9692bcaa3,1f402954d47e36a253e2c96d8a2d5524d71ec4205dfca092a76372b9692bcaa3,7a385c439a5e4bdd6b6dd0ede35fb7b1095e7f887f708e65ce68d26227dcda3c,$,,7a385c439a5e4bdd6b6dd0ede35fb7b1095e7f887f708e65ce68d26227dcda3c,7a385c439a5e4bdd6b6dd0ede35fb7b1095e7f887f708e65ce68d26227dcda3c,"{""basis"":""ordered source-target formula atom"",""kind"":""source-target-formula-map""}"
1.1.0,formula,O007-FREMLIN-V2-APP-2A3-FORMULA-0966,O007-FREMLIN-V2-APP-2A3,O007-RIGHTS-FREMLIN-DSL,O007-FREMLIN-V2-APP-2A3-SEG-2A3T,966,2A3T,2A3T,921,940,38986,39007,41918,41939,G\cap G'\in \frak T,G\cap G'\in \frak T,44923c9ce63c0296bc203ec080973fc30b7c4668ee0f4ee9cce53a7c310490d0,44923c9ce63c0296bc203ec080973fc30b7c4668ee0f4ee9cce53a7c310490d0,53c5c0dc8ccd2458fb7f06b4a2b1c6f6fd38100e045b86b8c829f14da1ab385f,$,,53c5c0dc8ccd2458fb7f06b4a2b1c6f6fd38100e045b86b8c829f14da1ab385f,53c5c0dc8ccd2458fb7f06b4a2b1c6f6fd38100e045b86b8c829f14da1ab385f,"{""basis"":""ordered source-target formula atom"",""kind"":""source-target-formula-map""}"
1.1.0,formula,O007-FREMLIN-V2-APP-2A3-FORMULA-0967,O007-FREMLIN-V2-APP-2A3,O007-RIGHTS-FREMLIN-DSL,O007-FREMLIN-V2-APP-2A3-SEG-2A3T,967,2A3T,2A3T,921,940,39009,39029,41941,41961,H\cap H'\in\frak S,H\cap H'\in\frak S,f1cf4ecc03075183010415a4d04cb197c5b90fa76ecdf3efb3c29f48bec20f19,f1cf4ecc03075183010415a4d04cb197c5b90fa76ecdf3efb3c29f48bec20f19,85b95fb0fcbb37fe201329a5fe144ee3fc4cdf7751a43400f4017bb59153b1af,$,,85b95fb0fcbb37fe201329a5fe144ee3fc4cdf7751a43400f4017bb59153b1af,85b95fb0fcbb37fe201329a5fe144ee3fc4cdf7751a43400f4017bb59153b1af,"{""basis"":""ordered source-target formula atom"",""kind"":""source-target-formula-map""}"
1.1.0,formula,O007-FREMLIN-V2-APP-2A3-FORMULA-0968,O007-FREMLIN-V2-APP-2A3,O007-RIGHTS-FREMLIN-DSL,O007-FREMLIN-V2-APP-2A3-SEG-2A3T,968,2A3T,2A3T,923,942,39047,39100,41979,42032,"(x,y)\in(G\cap G')\times(H\cap H')\subseteq U\cap V","(x,y)\in(G\cap G')\times(H\cap H')\subseteq U\cap V",6ab0dde47685cdd5b451fbe842f568df0367a221fd54f8f000cebfbadcef1c41,6ab0dde47685cdd5b451fbe842f568df0367a221fd54f8f000cebfbadcef1c41,358793eab66141e3d9cf226b64e5d66b4180935842388934dfaed4167305819e,$,,358793eab66141e3d9cf226b64e5d66b4180935842388934dfaed4167305819e,358793eab66141e3d9cf226b64e5d66b4180935842388934dfaed4167305819e,"{""basis"":""ordered source-target formula atom"",""kind"":""source-target-formula-map""}"
1.1.0,formula,O007-FREMLIN-V2-APP-2A3-FORMULA-0969,O007-FREMLIN-V2-APP-2A3,O007-RIGHTS-FREMLIN-DSL,O007-FREMLIN-V2-APP-2A3-SEG-2A3T,969,2A3T,2A3T,925,944,39117,39124,42053,42060,"(x,y)","(x,y)",b74f62c467a208ca071c641a83ad7fb24e3366d8883a56e9bdde43ad6cfa5522,b74f62c467a208ca071c641a83ad7fb24e3366d8883a56e9bdde43ad6cfa5522,b74f62c467a208ca071c641a83ad7fb24e3366d8883a56e9bdde43ad6cfa5522,$,,b74f62c467a208ca071c641a83ad7fb24e3366d8883a56e9bdde43ad6cfa5522,b74f62c467a208ca071c641a83ad7fb24e3366d8883a56e9bdde43ad6cfa5522,"{""basis"":""ordered source-target formula atom"",""kind"":""source-target-formula-map""}"
1.1.0,formula,O007-FREMLIN-V2-APP-2A3-FORMULA-0970,O007-FREMLIN-V2-APP-2A3,O007-RIGHTS-FREMLIN-DSL,O007-FREMLIN-V2-APP-2A3-SEG-2A3T,970,2A3T,2A3T,925,944,39139,39158,42071,42090,U\cap V\in\frak U,U\cap V\in\frak U,a76669fc949dff6cab39570be4a748d851a50c25cfa330cb37527699e6e3134d,a76669fc949dff6cab39570be4a748d851a50c25cfa330cb37527699e6e3134d,d267dee8dd6112c31391560a8df94537d7cbd27af15e4a16f269309da3ba2cc4,$,,d267dee8dd6112c31391560a8df94537d7cbd27af15e4a16f269309da3ba2cc4,d267dee8dd6112c31391560a8df94537d7cbd27af15e4a16f269309da3ba2cc4,"{""basis"":""ordered source-target formula atom"",""kind"":""source-target-formula-map""}"
1.1.0,formula,O007-FREMLIN-V2-APP-2A3-FORMULA-0971,O007-FREMLIN-V2-APP-2A3,O007-RIGHTS-FREMLIN-DSL,O007-FREMLIN-V2-APP-2A3-SEG-2A3T,971,2A3T,2A3T,926,945,39171,39195,42105,42129,\Cal U\subseteq\frak U,\Cal U\subseteq\frak U,013742539116cd79ececf790bde32ad2346c66cd17fce05227ec849f826187ce,013742539116cd79ececf790bde32ad2346c66cd17fce05227ec849f826187ce,6d21df1fc6bcde7e113a890093657ef03a1e075d9903850c56e917054d4ac5ef,$,,6d21df1fc6bcde7e113a890093657ef03a1e075d9903850c56e917054d4ac5ef,6d21df1fc6bcde7e113a890093657ef03a1e075d9903850c56e917054d4ac5ef,"{""basis"":""ordered source-target formula atom"",""kind"":""source-target-formula-map""}"
1.1.0,formula,O007-FREMLIN-V2-APP-2A3-FORMULA-0972,O007-FREMLIN-V2-APP-2A3,O007-RIGHTS-FREMLIN-DSL,O007-FREMLIN-V2-APP-2A3-SEG-2A3T,972,2A3T,2A3T,926,945,39200,39223,42134,42157,"(x,y)\in\bigcup\Cal U","(x,y)\in\bigcup\Cal U",e88dca4ee03312802ac86a580e43b3885d2c74316ef108a59198cf4405463ae0,e88dca4ee03312802ac86a580e43b3885d2c74316ef108a59198cf4405463ae0,9f8c5757ac96f61d5e41b3570d9ed256b8ee6fe606fb77d8b9b4b89eee416d56,$,,9f8c5757ac96f61d5e41b3570d9ed256b8ee6fe606fb77d8b9b4b89eee416d56,9f8c5757ac96f61d5e41b3570d9ed256b8ee6fe606fb77d8b9b4b89eee416d56,"{""basis"":""ordered source-target formula atom"",""kind"":""source-target-formula-map""}"
1.1.0,formula,O007-FREMLIN-V2-APP-2A3-FORMULA-0973,O007-FREMLIN-V2-APP-2A3,O007-RIGHTS-FREMLIN-DSL,O007-FREMLIN-V2-APP-2A3-SEG-2A3T,973,2A3T,2A3T,927,946,39241,39253,42173,42185,U\in\Cal U,U\in\Cal U,c3dd6dd54821bd6bc9c4300e5a4c99bb2751b3f80c44150d0b357cceb37c9346,c3dd6dd54821bd6bc9c4300e5a4c99bb2751b3f80c44150d0b357cceb37c9346,cda4ba48b975546124fe96a010b338a1f8e14e9e2304d00e010d64da51ffbb52,$,,cda4ba48b975546124fe96a010b338a1f8e14e9e2304d00e010d64da51ffbb52,cda4ba48b975546124fe96a010b338a1f8e14e9e2304d00e010d64da51ffbb52,"{""basis"":""ordered source-target formula atom"",""kind"":""source-target-formula-map""}"
1.1.0,formula,O007-FREMLIN-V2-APP-2A3-FORMULA-0974,O007-FREMLIN-V2-APP-2A3,O007-RIGHTS-FREMLIN-DSL,O007-FREMLIN-V2-APP-2A3-SEG-2A3T,974,2A3T,2A3T,927,946,39264,39276,42195,42207,"(x,y)\in U","(x,y)\in U",fa1eeb526ae6b90aff04e8f26a5145f66187aa007a34400b9b007ea82f24d190,fa1eeb526ae6b90aff04e8f26a5145f66187aa007a34400b9b007ea82f24d190,3cb6a582775338b2de196dd1b97c783cf88cf192ae3e57d36e5eb6538600cef4,$,,3cb6a582775338b2de196dd1b97c783cf88cf192ae3e57d36e5eb6538600cef4,3cb6a582775338b2de196dd1b97c783cf88cf192ae3e57d36e5eb6538600cef4,"{""basis"":""ordered source-target formula atom"",""kind"":""source-target-formula-map""}"
1.1.0,formula,O007-FREMLIN-V2-APP-2A3-FORMULA-0975,O007-FREMLIN-V2-APP-2A3,O007-RIGHTS-FREMLIN-DSL,O007-FREMLIN-V2-APP-2A3-SEG-2A3T,975,2A3T,2A3T,927,946,39293,39306,42223,42236,G\in\frak T,G\in\frak T,b82a50f81f936c4f7466606f362478a4d3098bbc6711c7101a72a6440d09f8c0,b82a50f81f936c4f7466606f362478a4d3098bbc6711c7101a72a6440d09f8c0,346a784641a12c5fc5326734b09c843f9c8d79b03b700a450a8a2b9f932edf77,$,,346a784641a12c5fc5326734b09c843f9c8d79b03b700a450a8a2b9f932edf77,346a784641a12c5fc5326734b09c843f9c8d79b03b700a450a8a2b9f932edf77,"{""basis"":""ordered source-target formula atom"",""kind"":""source-target-formula-map""}"
1.1.0,formula,O007-FREMLIN-V2-APP-2A3-FORMULA-0976,O007-FREMLIN-V2-APP-2A3,O007-RIGHTS-FREMLIN-DSL,O007-FREMLIN-V2-APP-2A3-SEG-2A3T,976,2A3T,2A3T,928,947,39308,39321,42238,42251,H\in\frak S,H\in\frak S,9a828ec3ee657251fc3e0a9bfb797969ac4b493ba5533334eb3ee699598d7485,9a828ec3ee657251fc3e0a9bfb797969ac4b493ba5533334eb3ee699598d7485,a6916f049003819a40c0b67f6dc5b30822d6c8a58a135180b35bcea877bad9d5,$,,a6916f049003819a40c0b67f6dc5b30822d6c8a58a135180b35bcea877bad9d5,a6916f049003819a40c0b67f6dc5b30822d6c8a58a135180b35bcea877bad9d5,"{""basis"":""ordered source-target formula atom"",""kind"":""source-target-formula-map""}"
1.1.0,formula,O007-FREMLIN-V2-APP-2A3-FORMULA-0977,O007-FREMLIN-V2-APP-2A3,O007-RIGHTS-FREMLIN-DSL,O007-FREMLIN-V2-APP-2A3-SEG-2A3T,977,2A3T,2A3T,928,947,39332,39385,42272,42325,"(x,y)\in G\times H\subseteq
U\subseteq\bigcup\Cal U","(x,y)\in G\times H\subseteq
U\subseteq\bigcup\Cal U",235b55686891b68fe98f95852c5623b712bf29c6ea291e25544d736141b7612f,235b55686891b68fe98f95852c5623b712bf29c6ea291e25544d736141b7612f,086a8984762954d65784dd4996670655d39a8185d00426687584f27024317989,$,,086a8984762954d65784dd4996670655d39a8185d00426687584f27024317989,086a8984762954d65784dd4996670655d39a8185d00426687584f27024317989,"{""basis"":""ordered source-target formula atom"",""kind"":""source-target-formula-map""}"
1.1.0,formula,O007-FREMLIN-V2-APP-2A3-FORMULA-0978,O007-FREMLIN-V2-APP-2A3,O007-RIGHTS-FREMLIN-DSL,O007-FREMLIN-V2-APP-2A3-SEG-2A3T,978,2A3T,2A3T,929,948,39392,39399,42336,42343,"(x,y)","(x,y)",b74f62c467a208ca071c641a83ad7fb24e3366d8883a56e9bdde43ad6cfa5522,b74f62c467a208ca071c641a83ad7fb24e3366d8883a56e9bdde43ad6cfa5522,b74f62c467a208ca071c641a83ad7fb24e3366d8883a56e9bdde43ad6cfa5522,$,,b74f62c467a208ca071c641a83ad7fb24e3366d8883a56e9bdde43ad6cfa5522,b74f62c467a208ca071c641a83ad7fb24e3366d8883a56e9bdde43ad6cfa5522,"{""basis"":""ordered source-target formula atom"",""kind"":""source-target-formula-map""}"
1.1.0,formula,O007-FREMLIN-V2-APP-2A3-FORMULA-0979,O007-FREMLIN-V2-APP-2A3,O007-RIGHTS-FREMLIN-DSL,O007-FREMLIN-V2-APP-2A3-SEG-2A3T,979,2A3T,2A3T,929,948,39414,39439,42363,42388,"\bigcup\Cal
U\in\frak U","\bigcup\Cal
U\in\frak U",0946661036fa99d743cec3a5daa42e72429de47de6e3ecc5ba7909c517accfe9,0946661036fa99d743cec3a5daa42e72429de47de6e3ecc5ba7909c517accfe9,f0ce4bbca21c4caee199981ec651e5d84cd6c9a55c81a875836eb3f7b185fa3a,$,,f0ce4bbca21c4caee199981ec651e5d84cd6c9a55c81a875836eb3f7b185fa3a,f0ce4bbca21c4caee199981ec651e5d84cd6c9a55c81a875836eb3f7b185fa3a,"{""basis"":""ordered source-target formula atom"",""kind"":""source-target-formula-map""}"
1.1.0,formula,O007-FREMLIN-V2-APP-2A3-FORMULA-0980,O007-FREMLIN-V2-APP-2A3,O007-RIGHTS-FREMLIN-DSL,O007-FREMLIN-V2-APP-2A3-SEG-2A3T,980,2A3T,2A3T,932,951,39449,39458,42398,42407,\frak U,\frak U,4ee36ec24b23e7fda0b586d3c176b9c071fd43b658f2a71091b2af4e83be517d,4ee36ec24b23e7fda0b586d3c176b9c071fd43b658f2a71091b2af4e83be517d,9cbf24775043175cf29f449b61fe4a3eb136b3aa14aab6941501708c4caa76fe,$,,9cbf24775043175cf29f449b61fe4a3eb136b3aa14aab6941501708c4caa76fe,9cbf24775043175cf29f449b61fe4a3eb136b3aa14aab6941501708c4caa76fe,"{""basis"":""ordered source-target formula atom"",""kind"":""source-target-formula-map""}"
1.1.0,formula,O007-FREMLIN-V2-APP-2A3-FORMULA-0981,O007-FREMLIN-V2-APP-2A3,O007-RIGHTS-FREMLIN-DSL,O007-FREMLIN-V2-APP-2A3-SEG-2A3T,981,2A3T,2A3T,932,951,39499,39510,42443,42454,X\times Y,X\times Y,378b544574e931ef8d4f5db0a10cfe62b505e2478573467f9bf2c7855b28bf0f,378b544574e931ef8d4f5db0a10cfe62b505e2478573467f9bf2c7855b28bf0f,e3dabb3cfd0ded25c062400af266ca186420b02a61aa2057c7c2bfe7c3763f6d,$,,e3dabb3cfd0ded25c062400af266ca186420b02a61aa2057c7c2bfe7c3763f6d,e3dabb3cfd0ded25c062400af266ca186420b02a61aa2057c7c2bfe7c3763f6d,"{""basis"":""ordered source-target formula atom"",""kind"":""source-target-formula-map""}"
1.1.0,formula,O007-FREMLIN-V2-APP-2A3-FORMULA-0982,O007-FREMLIN-V2-APP-2A3,O007-RIGHTS-FREMLIN-DSL,O007-FREMLIN-V2-APP-2A3-SEG-2A3TB,982,2A3Tb,2A3Tb,935,954,39552,39561,42495,42504,\frak T,\frak T,0647f8d3ad6092ab3a9c92fd71ee29d66b86e14d9c9582db084142bee077c226,0647f8d3ad6092ab3a9c92fd71ee29d66b86e14d9c9582db084142bee077c226,44c7e1dba9432c4271c4d22b9a844dc7f447c4cb30f1129ac0c3db3f54646d4b,$,,44c7e1dba9432c4271c4d22b9a844dc7f447c4cb30f1129ac0c3db3f54646d4b,44c7e1dba9432c4271c4d22b9a844dc7f447c4cb30f1129ac0c3db3f54646d4b,"{""basis"":""ordered source-target formula atom"",""kind"":""source-target-formula-map""}"
1.1.0,formula,O007-FREMLIN-V2-APP-2A3-FORMULA-0983,O007-FREMLIN-V2-APP-2A3,O007-RIGHTS-FREMLIN-DSL,O007-FREMLIN-V2-APP-2A3-SEG-2A3TB,983,2A3Tb,2A3Tb,935,954,39566,39575,42509,42518,\frak S,\frak S,c4247956c1371b73a7c187175dba4591aaad37b616647acc0b6a1c213c8a20e3,c4247956c1371b73a7c187175dba4591aaad37b616647acc0b6a1c213c8a20e3,b5bbac7e088cdf6fbe81db176e29ad3bf3d82167cc08b48d3895d95b1be3f167,$,,b5bbac7e088cdf6fbe81db176e29ad3bf3d82167cc08b48d3895d95b1be3f167,b5bbac7e088cdf6fbe81db176e29ad3bf3d82167cc08b48d3895d95b1be3f167,"{""basis"":""ordered source-target formula atom"",""kind"":""source-target-formula-map""}"
1.1.0,formula,O007-FREMLIN-V2-APP-2A3-FORMULA-0984,O007-FREMLIN-V2-APP-2A3,O007-RIGHTS-FREMLIN-DSL,O007-FREMLIN-V2-APP-2A3-SEG-2A3TB,984,2A3Tb,2A3Tb,937,955,39610,39616,42555,42561,\Rho,\Rho,52096aaef22267b537a019d25e49b90abcbbc43f2e8a636d73f93baeb39efa3e,52096aaef22267b537a019d25e49b90abcbbc43f2e8a636d73f93baeb39efa3e,52096aaef22267b537a019d25e49b90abcbbc43f2e8a636d73f93baeb39efa3e,$,,52096aaef22267b537a019d25e49b90abcbbc43f2e8a636d73f93baeb39efa3e,52096aaef22267b537a019d25e49b90abcbbc43f2e8a636d73f93baeb39efa3e,"{""basis"":""ordered source-target formula atom"",""kind"":""source-target-formula-map""}"
1.1.0,formula,O007-FREMLIN-V2-APP-2A3-FORMULA-0985,O007-FREMLIN-V2-APP-2A3,O007-RIGHTS-FREMLIN-DSL,O007-FREMLIN-V2-APP-2A3-SEG-2A3TB,985,2A3Tb,2A3Tb,937,955,39618,39626,42566,42574,\Theta,\Theta,c7b34ab03e848fc4d0ac7ab8e6cfa3f4feff1b8afbcb890fd8be803d123f8f8d,c7b34ab03e848fc4d0ac7ab8e6cfa3f4feff1b8afbcb890fd8be803d123f8f8d,c7b34ab03e848fc4d0ac7ab8e6cfa3f4feff1b8afbcb890fd8be803d123f8f8d,$,,c7b34ab03e848fc4d0ac7ab8e6cfa3f4feff1b8afbcb890fd8be803d123f8f8d,c7b34ab03e848fc4d0ac7ab8e6cfa3f4feff1b8afbcb890fd8be803d123f8f8d,"{""basis"":""ordered source-target formula atom"",""kind"":""source-target-formula-map""}"
1.1.0,formula,O007-FREMLIN-V2-APP-2A3-FORMULA-0986,O007-FREMLIN-V2-APP-2A3,O007-RIGHTS-FREMLIN-DSL,O007-FREMLIN-V2-APP-2A3-SEG-2A3TB,986,2A3Tb,2A3Tb,937,956,39682,39691,42626,42635,\frak U,\frak U,4ee36ec24b23e7fda0b586d3c176b9c071fd43b658f2a71091b2af4e83be517d,4ee36ec24b23e7fda0b586d3c176b9c071fd43b658f2a71091b2af4e83be517d,9cbf24775043175cf29f449b61fe4a3eb136b3aa14aab6941501708c4caa76fe,$,,9cbf24775043175cf29f449b61fe4a3eb136b3aa14aab6941501708c4caa76fe,9cbf24775043175cf29f449b61fe4a3eb136b3aa14aab6941501708c4caa76fe,"{""basis"":""ordered source-target formula atom"",""kind"":""source-target-formula-map""}"
1.1.0,formula,O007-FREMLIN-V2-APP-2A3-FORMULA-0987,O007-FREMLIN-V2-APP-2A3,O007-RIGHTS-FREMLIN-DSL,O007-FREMLIN-V2-APP-2A3-SEG-2A3TB,987,2A3Tb,2A3Tb,938,957,39717,39788,42661,42732,\Upsilon=\{\tilde\rho:\rho\in\Rho\}\cup\{\bar\theta:\theta\in\Theta\},\Upsilon=\{\tilde\rho:\rho\in\Rho\}\cup\{\bar\theta:\theta\in\Theta\},99a00fedf9cd3e72e07d2a4aa32a3fd2c53a96cf157104da70710e30b1695ecf,99a00fedf9cd3e72e07d2a4aa32a3fd2c53a96cf157104da70710e30b1695ecf,99a00fedf9cd3e72e07d2a4aa32a3fd2c53a96cf157104da70710e30b1695ecf,$,,99a00fedf9cd3e72e07d2a4aa32a3fd2c53a96cf157104da70710e30b1695ecf,99a00fedf9cd3e72e07d2a4aa32a3fd2c53a96cf157104da70710e30b1695ecf,"{""basis"":""ordered source-target formula atom"",""kind"":""source-target-formula-map""}"
1.1.0,formula,O007-FREMLIN-V2-APP-2A3-FORMULA-0988,O007-FREMLIN-V2-APP-2A3,O007-RIGHTS-FREMLIN-DSL,O007-FREMLIN-V2-APP-2A3-SEG-2A3TB,988,2A3Tb,2A3Tb,939,958,39809,39820,42751,42762,X\times Y,X\times Y,378b544574e931ef8d4f5db0a10cfe62b505e2478573467f9bf2c7855b28bf0f,378b544574e931ef8d4f5db0a10cfe62b505e2478573467f9bf2c7855b28bf0f,e3dabb3cfd0ded25c062400af266ca186420b02a61aa2057c7c2bfe7c3763f6d,$,,e3dabb3cfd0ded25c062400af266ca186420b02a61aa2057c7c2bfe7c3763f6d,e3dabb3cfd0ded25c062400af266ca186420b02a61aa2057c7c2bfe7c3763f6d,"{""basis"":""ordered source-target formula atom"",""kind"":""source-target-formula-map""}"
1.1.0,formula,O007-FREMLIN-V2-APP-2A3-FORMULA-0989,O007-FREMLIN-V2-APP-2A3,O007-RIGHTS-FREMLIN-DSL,O007-FREMLIN-V2-APP-2A3-SEG-2A3TB,989,2A3Tb,2A3Tb,941,960,39841,39879,42784,42822,"\tilde\rho((x,y),(x',y'))=\rho(x,x')","\tilde\rho((x,y),(x',y'))=\rho(x,x')",2758582eb3241f2199a357bc1c48e318239b336b25cd4aadf1ed82412e0eefbb,2758582eb3241f2199a357bc1c48e318239b336b25cd4aadf1ed82412e0eefbb,2758582eb3241f2199a357bc1c48e318239b336b25cd4aadf1ed82412e0eefbb,$,,2758582eb3241f2199a357bc1c48e318239b336b25cd4aadf1ed82412e0eefbb,2758582eb3241f2199a357bc1c48e318239b336b25cd4aadf1ed82412e0eefbb,"{""basis"":""ordered source-target formula atom"",""kind"":""source-target-formula-map""}"
1.1.0,formula,O007-FREMLIN-V2-APP-2A3-FORMULA-0990,O007-FREMLIN-V2-APP-2A3,O007-RIGHTS-FREMLIN-DSL,O007-FREMLIN-V2-APP-2A3-SEG-2A3TB,990,2A3Tb,2A3Tb,942,961,39886,39926,42829,42869,"\bar\theta((x,y),(x',y'))=\theta(y,y')","\bar\theta((x,y),(x',y'))=\theta(y,y')",eb5c36b8ba3ab4698699d6ae9df815a4a43fe1bef468edda9ff726e62c3615f9,eb5c36b8ba3ab4698699d6ae9df815a4a43fe1bef468edda9ff726e62c3615f9,eb5c36b8ba3ab4698699d6ae9df815a4a43fe1bef468edda9ff726e62c3615f9,$,,eb5c36b8ba3ab4698699d6ae9df815a4a43fe1bef468edda9ff726e62c3615f9,eb5c36b8ba3ab4698699d6ae9df815a4a43fe1bef468edda9ff726e62c3615f9,"{""basis"":""ordered source-target formula atom"",""kind"":""source-target-formula-map""}"
1.1.0,formula,O007-FREMLIN-V2-APP-2A3-FORMULA-0991,O007-FREMLIN-V2-APP-2A3,O007-RIGHTS-FREMLIN-DSL,O007-FREMLIN-V2-APP-2A3-SEG-2A3TB,991,2A3Tb,2A3Tb,944,963,39948,39951,42894,42897,x,x,2d711642b726b04401627ca9fbac32f5c8530fb1903cc4db02258717921a4881,2d711642b726b04401627ca9fbac32f5c8530fb1903cc4db02258717921a4881,2d711642b726b04401627ca9fbac32f5c8530fb1903cc4db02258717921a4881,$,,2d711642b726b04401627ca9fbac32f5c8530fb1903cc4db02258717921a4881,2d711642b726b04401627ca9fbac32f5c8530fb1903cc4db02258717921a4881,"{""basis"":""ordered source-target formula atom"",""kind"":""source-target-formula-map""}"
1.1.0,formula,O007-FREMLIN-V2-APP-2A3-FORMULA-0992,O007-FREMLIN-V2-APP-2A3,O007-RIGHTS-FREMLIN-DSL,O007-FREMLIN-V2-APP-2A3-SEG-2A3TB,992,2A3Tb,2A3Tb,944,963,39953,39962,42899,42908,x'\in X,x'\in X,3d32df7aa351121c1341dfffc7c264fa6ba57802d095f8f4bb91f3c9bc4904cc,3d32df7aa351121c1341dfffc7c264fa6ba57802d095f8f4bb91f3c9bc4904cc,3454fffe8adef13d91e928478f17a89cf0357ce76dd16f5cab98f9ea1b978210,$,,3454fffe8adef13d91e928478f17a89cf0357ce76dd16f5cab98f9ea1b978210,3454fffe8adef13d91e928478f17a89cf0357ce76dd16f5cab98f9ea1b978210,"{""basis"":""ordered source-target formula atom"",""kind"":""source-target-formula-map""}"
1.1.0,formula,O007-FREMLIN-V2-APP-2A3-FORMULA-0993,O007-FREMLIN-V2-APP-2A3,O007-RIGHTS-FREMLIN-DSL,O007-FREMLIN-V2-APP-2A3-SEG-2A3TB,993,2A3Tb,2A3Tb,944,963,39964,39967,42910,42913,y,y,a1fce4363854ff888cff4b8e7875d600c2682390412a8cf79b37d0b11148b0fa,a1fce4363854ff888cff4b8e7875d600c2682390412a8cf79b37d0b11148b0fa,a1fce4363854ff888cff4b8e7875d600c2682390412a8cf79b37d0b11148b0fa,$,,a1fce4363854ff888cff4b8e7875d600c2682390412a8cf79b37d0b11148b0fa,a1fce4363854ff888cff4b8e7875d600c2682390412a8cf79b37d0b11148b0fa,"{""basis"":""ordered source-target formula atom"",""kind"":""source-target-formula-map""}"
1.1.0,formula,O007-FREMLIN-V2-APP-2A3-FORMULA-0994,O007-FREMLIN-V2-APP-2A3,O007-RIGHTS-FREMLIN-DSL,O007-FREMLIN-V2-APP-2A3-SEG-2A3TB,994,2A3Tb,2A3Tb,944,963,39969,39978,42915,42924,y'\in Y,y'\in Y,1809e27fefefe05369ea75e645331c35fe180bb7fe0310806b8e53a368f02d1c,1809e27fefefe05369ea75e645331c35fe180bb7fe0310806b8e53a368f02d1c,23e20e56558c54bc451f04d4816d6ecfa7b4ff7c776f814137ae477cd38c0b50,$,,23e20e56558c54bc451f04d4816d6ecfa7b4ff7c776f814137ae477cd38c0b50,23e20e56558c54bc451f04d4816d6ecfa7b4ff7c776f814137ae477cd38c0b50,"{""basis"":""ordered source-target formula atom"",""kind"":""source-target-formula-map""}"
1.1.0,formula,O007-FREMLIN-V2-APP-2A3-FORMULA-0995,O007-FREMLIN-V2-APP-2A3,O007-RIGHTS-FREMLIN-DSL,O007-FREMLIN-V2-APP-2A3-SEG-2A3TB,995,2A3Tb,2A3Tb,944,963,39980,39993,42926,42939,\rho\in\Rho,\rho\in\Rho,8f853d2ba3f0bf80588547d671fbbae17aa4f82425d3a0398f916de3b62b8abe,8f853d2ba3f0bf80588547d671fbbae17aa4f82425d3a0398f916de3b62b8abe,8f853d2ba3f0bf80588547d671fbbae17aa4f82425d3a0398f916de3b62b8abe,$,,8f853d2ba3f0bf80588547d671fbbae17aa4f82425d3a0398f916de3b62b8abe,8f853d2ba3f0bf80588547d671fbbae17aa4f82425d3a0398f916de3b62b8abe,"{""basis"":""ordered source-target formula atom"",""kind"":""source-target-formula-map""}"
1.1.0,formula,O007-FREMLIN-V2-APP-2A3-FORMULA-0996,O007-FREMLIN-V2-APP-2A3,O007-RIGHTS-FREMLIN-DSL,O007-FREMLIN-V2-APP-2A3-SEG-2A3TB,996,2A3Tb,2A3Tb,945,964,39998,40015,42944,42961,\theta\in\Theta,\theta\in\Theta,76466bd4b2463fe28b0349c92109169b7a3db50b22063f5da241f8c75eac04dd,76466bd4b2463fe28b0349c92109169b7a3db50b22063f5da241f8c75eac04dd,76466bd4b2463fe28b0349c92109169b7a3db50b22063f5da241f8c75eac04dd,$,,76466bd4b2463fe28b0349c92109169b7a3db50b22063f5da241f8c75eac04dd,76466bd4b2463fe28b0349c92109169b7a3db50b22063f5da241f8c75eac04dd,"{""basis"":""ordered source-target formula atom"",""kind"":""source-target-formula-map""}"
1.1.0,formula,O007-FREMLIN-V2-APP-2A3-FORMULA-0997,O007-FREMLIN-V2-APP-2A3,O007-RIGHTS-FREMLIN-DSL,O007-FREMLIN-V2-APP-2A3-SEG-2A3TB,997,2A3Tb,2A3Tb,948,967,40082,40094,43035,43047,\tilde\rho,\tilde\rho,2731dfffa37eeeaae50b313061305657548717eec770d10092c1a13e8e28ecb6,2731dfffa37eeeaae50b313061305657548717eec770d10092c1a13e8e28ecb6,2731dfffa37eeeaae50b313061305657548717eec770d10092c1a13e8e28ecb6,$,,2731dfffa37eeeaae50b313061305657548717eec770d10092c1a13e8e28ecb6,2731dfffa37eeeaae50b313061305657548717eec770d10092c1a13e8e28ecb6,"{""basis"":""ordered source-target formula atom"",""kind"":""source-target-formula-map""}"
1.1.0,formula,O007-FREMLIN-V2-APP-2A3-FORMULA-0998,O007-FREMLIN-V2-APP-2A3,O007-RIGHTS-FREMLIN-DSL,O007-FREMLIN-V2-APP-2A3-SEG-2A3TB,998,2A3Tb,2A3Tb,948,967,40096,40108,43049,43061,\bar\theta,\bar\theta,5a09e5c7348f308688d2b9e1a33682eaa07b08e8d1733c6b50f2d9366782c069,5a09e5c7348f308688d2b9e1a33682eaa07b08e8d1733c6b50f2d9366782c069,5a09e5c7348f308688d2b9e1a33682eaa07b08e8d1733c6b50f2d9366782c069,$,,5a09e5c7348f308688d2b9e1a33682eaa07b08e8d1733c6b50f2d9366782c069,5a09e5c7348f308688d2b9e1a33682eaa07b08e8d1733c6b50f2d9366782c069,"{""basis"":""ordered source-target formula atom"",""kind"":""source-target-formula-map""}"
1.1.0,formula,O007-FREMLIN-V2-APP-2A3-FORMULA-0999,O007-FREMLIN-V2-APP-2A3,O007-RIGHTS-FREMLIN-DSL,O007-FREMLIN-V2-APP-2A3-SEG-2A3TB,999,2A3Tb,2A3Tb,948,967,40130,40141,43087,43098,X\times Y,X\times Y,378b544574e931ef8d4f5db0a10cfe62b505e2478573467f9bf2c7855b28bf0f,378b544574e931ef8d4f5db0a10cfe62b505e2478573467f9bf2c7855b28bf0f,e3dabb3cfd0ded25c062400af266ca186420b02a61aa2057c7c2bfe7c3763f6d,$,,e3dabb3cfd0ded25c062400af266ca186420b02a61aa2057c7c2bfe7c3763f6d,e3dabb3cfd0ded25c062400af266ca186420b02a61aa2057c7c2bfe7c3763f6d,"{""basis"":""ordered source-target formula atom"",""kind"":""source-target-formula-map""}"
1.1.0,formula,O007-FREMLIN-V2-APP-2A3-FORMULA-1000,O007-FREMLIN-V2-APP-2A3,O007-RIGHTS-FREMLIN-DSL,O007-FREMLIN-V2-APP-2A3-SEG-2A3TB,1000,2A3Tb,2A3Tb,950,969,40163,40176,43122,43135,U\in\frak U,U\in\frak U,ab2fe485d90f48b987d78d682770420d65ca95413b62d9f56ed4fbeb7fa5e8d4,ab2fe485d90f48b987d78d682770420d65ca95413b62d9f56ed4fbeb7fa5e8d4,e39f324808d009d355d4bbbed4d8726956c9592c724a59de053db82380e89fe3,$,,e39f324808d009d355d4bbbed4d8726956c9592c724a59de053db82380e89fe3,e39f324808d009d355d4bbbed4d8726956c9592c724a59de053db82380e89fe3,"{""basis"":""ordered source-target formula atom"",""kind"":""source-target-formula-map""}"
1.1.0,formula,O007-FREMLIN-V2-APP-2A3-FORMULA-1001,O007-FREMLIN-V2-APP-2A3,O007-RIGHTS-FREMLIN-DSL,O007-FREMLIN-V2-APP-2A3-SEG-2A3TB,1001,2A3Tb,2A3Tb,950,969,40181,40193,43140,43152,"(x,y)\in U","(x,y)\in U",fa1eeb526ae6b90aff04e8f26a5145f66187aa007a34400b9b007ea82f24d190,fa1eeb526ae6b90aff04e8f26a5145f66187aa007a34400b9b007ea82f24d190,3cb6a582775338b2de196dd1b97c783cf88cf192ae3e57d36e5eb6538600cef4,$,,3cb6a582775338b2de196dd1b97c783cf88cf192ae3e57d36e5eb6538600cef4,3cb6a582775338b2de196dd1b97c783cf88cf192ae3e57d36e5eb6538600cef4,"{""basis"":""ordered source-target formula atom"",""kind"":""source-target-formula-map""}"
1.1.0,formula,O007-FREMLIN-V2-APP-2A3-FORMULA-1002,O007-FREMLIN-V2-APP-2A3,O007-RIGHTS-FREMLIN-DSL,O007-FREMLIN-V2-APP-2A3-SEG-2A3TB,1002,2A3Tb,2A3Tb,951,970,40210,40223,43163,43176,G\in\frak T,G\in\frak T,b82a50f81f936c4f7466606f362478a4d3098bbc6711c7101a72a6440d09f8c0,b82a50f81f936c4f7466606f362478a4d3098bbc6711c7101a72a6440d09f8c0,346a784641a12c5fc5326734b09c843f9c8d79b03b700a450a8a2b9f932edf77,$,,346a784641a12c5fc5326734b09c843f9c8d79b03b700a450a8a2b9f932edf77,346a784641a12c5fc5326734b09c843f9c8d79b03b700a450a8a2b9f932edf77,"{""basis"":""ordered source-target formula atom"",""kind"":""source-target-formula-map""}"
1.1.0,formula,O007-FREMLIN-V2-APP-2A3-FORMULA-1003,O007-FREMLIN-V2-APP-2A3,O007-RIGHTS-FREMLIN-DSL,O007-FREMLIN-V2-APP-2A3-SEG-2A3TB,1003,2A3Tb,2A3Tb,951,970,40225,40238,43178,43191,H\in\frak S,H\in\frak S,9a828ec3ee657251fc3e0a9bfb797969ac4b493ba5533334eb3ee699598d7485,9a828ec3ee657251fc3e0a9bfb797969ac4b493ba5533334eb3ee699598d7485,a6916f049003819a40c0b67f6dc5b30822d6c8a58a135180b35bcea877bad9d5,$,,a6916f049003819a40c0b67f6dc5b30822d6c8a58a135180b35bcea877bad9d5,a6916f049003819a40c0b67f6dc5b30822d6c8a58a135180b35bcea877bad9d5,"{""basis"":""ordered source-target formula atom"",""kind"":""source-target-formula-map""}"
1.1.0,formula,O007-FREMLIN-V2-APP-2A3-FORMULA-1004,O007-FREMLIN-V2-APP-2A3,O007-RIGHTS-FREMLIN-DSL,O007-FREMLIN-V2-APP-2A3-SEG-2A3TB,1004,2A3Tb,2A3Tb,951,970,40249,40280,43201,43232,"(x,y)\in G\times H\subseteq U","(x,y)\in G\times H\subseteq U",22be1c2a7fd76682975ded14b84a5781e025c418365c19ef1229439979f5be3e,22be1c2a7fd76682975ded14b84a5781e025c418365c19ef1229439979f5be3e,2f59e038c9babfa83dd92af5bd6e3591eb22dcd8cd1e5cba01e5844733390726,$,,2f59e038c9babfa83dd92af5bd6e3591eb22dcd8cd1e5cba01e5844733390726,2f59e038c9babfa83dd92af5bd6e3591eb22dcd8cd1e5cba01e5844733390726,"{""basis"":""ordered source-target formula atom"",""kind"":""source-target-formula-map""}"
1.1.0,formula,O007-FREMLIN-V2-APP-2A3-FORMULA-1005,O007-FREMLIN-V2-APP-2A3,O007-RIGHTS-FREMLIN-DSL,O007-FREMLIN-V2-APP-2A3-SEG-2A3TB,1005,2A3Tb,2A3Tb,952,971,40292,40321,43238,43267,"\rho_0,\ldots,\rho_m\in\Rho","\rho_0,\ldots,\rho_m\in\Rho",5a94e5730f74b21790c4cb35e423b5cc8af24a404ddffcbabb6693e70eb0a1cf,5a94e5730f74b21790c4cb35e423b5cc8af24a404ddffcbabb6693e70eb0a1cf,5a94e5730f74b21790c4cb35e423b5cc8af24a404ddffcbabb6693e70eb0a1cf,$,,5a94e5730f74b21790c4cb35e423b5cc8af24a404ddffcbabb6693e70eb0a1cf,5a94e5730f74b21790c4cb35e423b5cc8af24a404ddffcbabb6693e70eb0a1cf,"{""basis"":""ordered source-target formula atom"",""kind"":""source-target-formula-map""}"
1.1.0,formula,O007-FREMLIN-V2-APP-2A3-FORMULA-1006,O007-FREMLIN-V2-APP-2A3,O007-RIGHTS-FREMLIN-DSL,O007-FREMLIN-V2-APP-2A3-SEG-2A3TB,1006,2A3Tb,2A3Tb,953,972,40323,40358,43269,43304,"\theta_0,\ldots,\theta_n\in\Theta","\theta_0,\ldots,\theta_n\in\Theta",5869cd06bfa5a93aca89f460f615a07e8484b08c30c0fa36c2bee35f10c80794,5869cd06bfa5a93aca89f460f615a07e8484b08c30c0fa36c2bee35f10c80794,5869cd06bfa5a93aca89f460f615a07e8484b08c30c0fa36c2bee35f10c80794,$,,5869cd06bfa5a93aca89f460f615a07e8484b08c30c0fa36c2bee35f10c80794,5869cd06bfa5a93aca89f460f615a07e8484b08c30c0fa36c2bee35f10c80794,"{""basis"":""ordered source-target formula atom"",""kind"":""source-target-formula-map""}"
1.1.0,formula,O007-FREMLIN-V2-APP-2A3-FORMULA-1007,O007-FREMLIN-V2-APP-2A3,O007-RIGHTS-FREMLIN-DSL,O007-FREMLIN-V2-APP-2A3-SEG-2A3TB,1007,2A3Tb,2A3Tb,953,972,40360,40368,43306,43314,\delta,\delta,d203ba01eef4198ca268a62391076e5080e260b3fcb9b05b334d66206a893936,d203ba01eef4198ca268a62391076e5080e260b3fcb9b05b334d66206a893936,d203ba01eef4198ca268a62391076e5080e260b3fcb9b05b334d66206a893936,$,,d203ba01eef4198ca268a62391076e5080e260b3fcb9b05b334d66206a893936,d203ba01eef4198ca268a62391076e5080e260b3fcb9b05b334d66206a893936,"{""basis"":""ordered source-target formula atom"",""kind"":""source-target-formula-map""}"
1.1.0,formula,O007-FREMLIN-V2-APP-2A3-FORMULA-1008,O007-FREMLIN-V2-APP-2A3,O007-RIGHTS-FREMLIN-DSL,O007-FREMLIN-V2-APP-2A3-SEG-2A3TB,1008,2A3Tb,2A3Tb,953,972,40370,40381,43316,43327,\delta'>0,\delta'>0,4c9f0f1262a06db1831b6c791223c605ee900d22b3ddfdd5adb3c2749546fd25,4c9f0f1262a06db1831b6c791223c605ee900d22b3ddfdd5adb3c2749546fd25,4c9f0f1262a06db1831b6c791223c605ee900d22b3ddfdd5adb3c2749546fd25,$,,4c9f0f1262a06db1831b6c791223c605ee900d22b3ddfdd5adb3c2749546fd25,4c9f0f1262a06db1831b6c791223c605ee900d22b3ddfdd5adb3c2749546fd25,"{""basis"":""ordered source-target formula atom"",""kind"":""source-target-formula-map""}"
1.1.0,formula,O007-FREMLIN-V2-APP-2A3-FORMULA-1009,O007-FREMLIN-V2-APP-2A3,O007-RIGHTS-FREMLIN-DSL,O007-FREMLIN-V2-APP-2A3-SEG-2A3TB,1009,2A3Tb,2A3Tb,954,973,40419,40464,43369,43414,"U(x;\rho_0,\ldots,\rho_m;\delta)\subseteq G","U(x;\rho_0,\ldots,\rho_m;\delta)\subseteq G",abd8f100bcb83ce297c41180a11594533871035dbb3f9ca79aa5a14c0765f3fd,abd8f100bcb83ce297c41180a11594533871035dbb3f9ca79aa5a14c0765f3fd,53d1fe74e412e5896f1c280e51fb6267d728d2564f1f57dbb3f1b3823baf1df0,$,,53d1fe74e412e5896f1c280e51fb6267d728d2564f1f57dbb3f1b3823baf1df0,53d1fe74e412e5896f1c280e51fb6267d728d2564f1f57dbb3f1b3823baf1df0,"{""basis"":""ordered source-target formula atom"",""kind"":""source-target-formula-map""}"
1.1.0,formula,O007-FREMLIN-V2-APP-2A3-FORMULA-1010,O007-FREMLIN-V2-APP-2A3,O007-RIGHTS-FREMLIN-DSL,O007-FREMLIN-V2-APP-2A3-SEG-2A3TB,1010,2A3Tb,2A3Tb,955,974,40466,40515,43416,43466,"U(x;\theta_0,\ldots,\theta_n;\delta)\subseteq H","U(y;\theta_0,\ldots,\theta_n;\delta')\subseteq H",ead13bb0c506787f67258b2f5281e0de9d48cf97f317d7cc710c47163d211b87,3dd816c1e18c79c2277796938291c7aba42442c74c719b60e769860e4a1cacc5,b37184b366581cc8fafb221e81667555d50708fb7a55fab35790d1f2a5c9551a,$,"[""O007-CORR-0387""]",d7fed8a237127039017eac7b8ef2a56266e25275b101058d69bb206ccb58bc05,b37184b366581cc8fafb221e81667555d50708fb7a55fab35790d1f2a5c9551a,"{""basis"":""ordered formula atom; correction bound by receipt exception union"",""kind"":""source-target-formula-map""}"
1.1.0,formula,O007-FREMLIN-V2-APP-2A3-FORMULA-1011,O007-FREMLIN-V2-APP-2A3,O007-RIGHTS-FREMLIN-DSL,O007-FREMLIN-V2-APP-2A3-SEG-2A3TB,1011,2A3Tb,2A3Tb,957,976,40536,40645,43492,43601,"U((x,y);\tilde\rho_0,\ldots,\tilde\rho_m,
\bar\theta_0,\ldots,\bar\theta_n;\min(\delta,\delta'))\subseteq U","U((x,y);\tilde\rho_0,\ldots,\tilde\rho_m,
\bar\theta_0,\ldots,\bar\theta_n;\min(\delta,\delta'))\subseteq U",98890477b52eecd03138c6f8d14b9eeb125dcdc1c91f778d402074c26be97721,98890477b52eecd03138c6f8d14b9eeb125dcdc1c91f778d402074c26be97721,2e369451a018490488910df81163c2dc044dbc2f0b6ca5d0a2426f3186eacc89,$,,2e369451a018490488910df81163c2dc044dbc2f0b6ca5d0a2426f3186eacc89,2e369451a018490488910df81163c2dc044dbc2f0b6ca5d0a2426f3186eacc89,"{""basis"":""ordered source-target formula atom"",""kind"":""source-target-formula-map""}"
1.1.0,formula,O007-FREMLIN-V2-APP-2A3-FORMULA-1012,O007-FREMLIN-V2-APP-2A3,O007-RIGHTS-FREMLIN-DSL,O007-FREMLIN-V2-APP-2A3-SEG-2A3TB,1012,2A3Tb,2A3Tb,960,979,40662,40669,43622,43629,"(x,y)","(x,y)",b74f62c467a208ca071c641a83ad7fb24e3366d8883a56e9bdde43ad6cfa5522,b74f62c467a208ca071c641a83ad7fb24e3366d8883a56e9bdde43ad6cfa5522,b74f62c467a208ca071c641a83ad7fb24e3366d8883a56e9bdde43ad6cfa5522,$,,b74f62c467a208ca071c641a83ad7fb24e3366d8883a56e9bdde43ad6cfa5522,b74f62c467a208ca071c641a83ad7fb24e3366d8883a56e9bdde43ad6cfa5522,"{""basis"":""ordered source-target formula atom"",""kind"":""source-target-formula-map""}"
1.1.0,formula,O007-FREMLIN-V2-APP-2A3-FORMULA-1013,O007-FREMLIN-V2-APP-2A3,O007-RIGHTS-FREMLIN-DSL,O007-FREMLIN-V2-APP-2A3-SEG-2A3TB,1013,2A3Tb,2A3Tb,960,979,40684,40687,43640,43643,U,U,a25513c7e0f6eaa80a3337ee18081b9e2ed09e00af8531c8f7bb2542764027e7,a25513c7e0f6eaa80a3337ee18081b9e2ed09e00af8531c8f7bb2542764027e7,a25513c7e0f6eaa80a3337ee18081b9e2ed09e00af8531c8f7bb2542764027e7,$,,a25513c7e0f6eaa80a3337ee18081b9e2ed09e00af8531c8f7bb2542764027e7,a25513c7e0f6eaa80a3337ee18081b9e2ed09e00af8531c8f7bb2542764027e7,"{""basis"":""ordered source-target formula atom"",""kind"":""source-target-formula-map""}"
1.1.0,formula,O007-FREMLIN-V2-APP-2A3-FORMULA-1014,O007-FREMLIN-V2-APP-2A3,O007-RIGHTS-FREMLIN-DSL,O007-FREMLIN-V2-APP-2A3-SEG-2A3TB,1014,2A3Tb,2A3Tb,961,980,40726,40736,43688,43698,\Upsilon,\Upsilon,acaa4a40f8e9e551131f89624170cbef4cc0b4f3af5c34a25569f5afffbf8214,acaa4a40f8e9e551131f89624170cbef4cc0b4f3af5c34a25569f5afffbf8214,acaa4a40f8e9e551131f89624170cbef4cc0b4f3af5c34a25569f5afffbf8214,$,,acaa4a40f8e9e551131f89624170cbef4cc0b4f3af5c34a25569f5afffbf8214,acaa4a40f8e9e551131f89624170cbef4cc0b4f3af5c34a25569f5afffbf8214,"{""basis"":""ordered source-target formula atom"",""kind"":""source-target-formula-map""}"
1.1.0,formula,O007-FREMLIN-V2-APP-2A3-FORMULA-1015,O007-FREMLIN-V2-APP-2A3,O007-RIGHTS-FREMLIN-DSL,O007-FREMLIN-V2-APP-2A3-SEG-2A3TB,1015,2A3Tb,2A3Tb,963,982,40759,40781,43723,43745,U\subseteq X\times Y,U\subseteq X\times Y,12e6b697015415ae0cfc15a99df1fa16acf7233e0d8ec1664fa57802961e739f,12e6b697015415ae0cfc15a99df1fa16acf7233e0d8ec1664fa57802961e739f,e00e102a09b2bf8853eb140b01e4e6cee8c8bd73f4eedcb7fe6a531a09fd1ff9,$,,e00e102a09b2bf8853eb140b01e4e6cee8c8bd73f4eedcb7fe6a531a09fd1ff9,e00e102a09b2bf8853eb140b01e4e6cee8c8bd73f4eedcb7fe6a531a09fd1ff9,"{""basis"":""ordered source-target formula atom"",""kind"":""source-target-formula-map""}"
1.1.0,formula,O007-FREMLIN-V2-APP-2A3-FORMULA-1016,O007-FREMLIN-V2-APP-2A3,O007-RIGHTS-FREMLIN-DSL,O007-FREMLIN-V2-APP-2A3-SEG-2A3TB,1016,2A3Tb,2A3Tb,964,983,40818,40828,43790,43800,\Upsilon,\Upsilon,acaa4a40f8e9e551131f89624170cbef4cc0b4f3af5c34a25569f5afffbf8214,acaa4a40f8e9e551131f89624170cbef4cc0b4f3af5c34a25569f5afffbf8214,acaa4a40f8e9e551131f89624170cbef4cc0b4f3af5c34a25569f5afffbf8214,$,,acaa4a40f8e9e551131f89624170cbef4cc0b4f3af5c34a25569f5afffbf8214,acaa4a40f8e9e551131f89624170cbef4cc0b4f3af5c34a25569f5afffbf8214,"{""basis"":""ordered source-target formula atom"",""kind"":""source-target-formula-map""}"
1.1.0,formula,O007-FREMLIN-V2-APP-2A3-FORMULA-1017,O007-FREMLIN-V2-APP-2A3,O007-RIGHTS-FREMLIN-DSL,O007-FREMLIN-V2-APP-2A3-SEG-2A3TB,1017,2A3Tb,2A3Tb,964,983,40839,40851,43817,43829,"(x,y)\in U","(x,y)\in U",fa1eeb526ae6b90aff04e8f26a5145f66187aa007a34400b9b007ea82f24d190,fa1eeb526ae6b90aff04e8f26a5145f66187aa007a34400b9b007ea82f24d190,3cb6a582775338b2de196dd1b97c783cf88cf192ae3e57d36e5eb6538600cef4,$,,3cb6a582775338b2de196dd1b97c783cf88cf192ae3e57d36e5eb6538600cef4,3cb6a582775338b2de196dd1b97c783cf88cf192ae3e57d36e5eb6538600cef4,"{""basis"":""ordered source-target formula atom"",""kind"":""source-target-formula-map""}"
1.1.0,formula,O007-FREMLIN-V2-APP-2A3-FORMULA-1018,O007-FREMLIN-V2-APP-2A3,O007-RIGHTS-FREMLIN-DSL,O007-FREMLIN-V2-APP-2A3-SEG-2A3TB,1018,2A3Tb,2A3Tb,965,984,40870,40911,43842,43883,"\upsilon_0,\ldots,\upsilon_k\in\Upsilon","\upsilon_0,\ldots,\upsilon_k\in\Upsilon",b6e7c97f9372a038a6ecd009c6f489ee6ce48d7e1e9f0fc56bb76b38d9dba699,b6e7c97f9372a038a6ecd009c6f489ee6ce48d7e1e9f0fc56bb76b38d9dba699,b6e7c97f9372a038a6ecd009c6f489ee6ce48d7e1e9f0fc56bb76b38d9dba699,$,,b6e7c97f9372a038a6ecd009c6f489ee6ce48d7e1e9f0fc56bb76b38d9dba699,b6e7c97f9372a038a6ecd009c6f489ee6ce48d7e1e9f0fc56bb76b38d9dba699,"{""basis"":""ordered source-target formula atom"",""kind"":""source-target-formula-map""}"
1.1.0,formula,O007-FREMLIN-V2-APP-2A3-FORMULA-1019,O007-FREMLIN-V2-APP-2A3,O007-RIGHTS-FREMLIN-DSL,O007-FREMLIN-V2-APP-2A3-SEG-2A3TB,1019,2A3Tb,2A3Tb,965,984,40916,40926,43888,43898,\delta>0,\delta>0,28c5f4f559bc00a49055a369c53d2382bf799ab5fa662c1b53944e9762606ec9,28c5f4f559bc00a49055a369c53d2382bf799ab5fa662c1b53944e9762606ec9,28c5f4f559bc00a49055a369c53d2382bf799ab5fa662c1b53944e9762606ec9,$,,28c5f4f559bc00a49055a369c53d2382bf799ab5fa662c1b53944e9762606ec9,28c5f4f559bc00a49055a369c53d2382bf799ab5fa662c1b53944e9762606ec9,"{""basis"":""ordered source-target formula atom"",""kind"":""source-target-formula-map""}"
1.1.0,formula,O007-FREMLIN-V2-APP-2A3-FORMULA-1020,O007-FREMLIN-V2-APP-2A3,O007-RIGHTS-FREMLIN-DSL,O007-FREMLIN-V2-APP-2A3-SEG-2A3TB,1020,2A3Tb,2A3Tb,966,985,40937,40994,43908,43965,"U((x,y);\upsilon_0,\ldots,\upsilon_k;\delta)\subseteq U","U((x,y);\upsilon_0,\ldots,\upsilon_k;\delta)\subseteq U",2ba3520572cc8bacb3cbe5594f39b604f2256f641303c56f51911489c6da344f,2ba3520572cc8bacb3cbe5594f39b604f2256f641303c56f51911489c6da344f,a9a9add7250927b0d31642a03d7dbb19f31ec90e02fc7a78cc9bb5243352fc59,$,,a9a9add7250927b0d31642a03d7dbb19f31ec90e02fc7a78cc9bb5243352fc59,a9a9add7250927b0d31642a03d7dbb19f31ec90e02fc7a78cc9bb5243352fc59,"{""basis"":""ordered source-target formula atom"",""kind"":""source-target-formula-map""}"
1.1.0,formula,O007-FREMLIN-V2-APP-2A3-FORMULA-1021,O007-FREMLIN-V2-APP-2A3,O007-RIGHTS-FREMLIN-DSL,O007-FREMLIN-V2-APP-2A3-SEG-2A3TB,1021,2A3Tb,2A3Tb,967,986,41003,41032,43975,44004,"\rho_0,\ldots,\rho_m\in\Rho","\rho_0,\ldots,\rho_m\in\Rho",5a94e5730f74b21790c4cb35e423b5cc8af24a404ddffcbabb6693e70eb0a1cf,5a94e5730f74b21790c4cb35e423b5cc8af24a404ddffcbabb6693e70eb0a1cf,5a94e5730f74b21790c4cb35e423b5cc8af24a404ddffcbabb6693e70eb0a1cf,$,,5a94e5730f74b21790c4cb35e423b5cc8af24a404ddffcbabb6693e70eb0a1cf,5a94e5730f74b21790c4cb35e423b5cc8af24a404ddffcbabb6693e70eb0a1cf,"{""basis"":""ordered source-target formula atom"",""kind"":""source-target-formula-map""}"
1.1.0,formula,O007-FREMLIN-V2-APP-2A3-FORMULA-1022,O007-FREMLIN-V2-APP-2A3,O007-RIGHTS-FREMLIN-DSL,O007-FREMLIN-V2-APP-2A3-SEG-2A3TB,1022,2A3Tb,2A3Tb,967,986,41037,41072,44009,44044,"\theta_0,\ldots,\theta_n\in\Theta","\theta_0,\ldots,\theta_n\in\Theta",5869cd06bfa5a93aca89f460f615a07e8484b08c30c0fa36c2bee35f10c80794,5869cd06bfa5a93aca89f460f615a07e8484b08c30c0fa36c2bee35f10c80794,5869cd06bfa5a93aca89f460f615a07e8484b08c30c0fa36c2bee35f10c80794,$,,5869cd06bfa5a93aca89f460f615a07e8484b08c30c0fa36c2bee35f10c80794,5869cd06bfa5a93aca89f460f615a07e8484b08c30c0fa36c2bee35f10c80794,"{""basis"":""ordered source-target formula atom"",""kind"":""source-target-formula-map""}"
1.1.0,formula,O007-FREMLIN-V2-APP-2A3-FORMULA-1023,O007-FREMLIN-V2-APP-2A3,O007-RIGHTS-FREMLIN-DSL,O007-FREMLIN-V2-APP-2A3-SEG-2A3TB,1023,2A3Tb,2A3Tb,968,987,41083,41197,44054,44168,"\{\upsilon_0,\ldots,\upsilon_k\}
\subseteq\{\tilde\rho_0,\ldots,\tilde\rho_m,
\bar\theta_0,\ldots,\bar\theta_n\}","\{\upsilon_0,\ldots,\upsilon_k\}
\subseteq\{\tilde\rho_0,\ldots,\tilde\rho_m,
\bar\theta_0,\ldots,\bar\theta_n\}",514f93b438cec10e7efbc15fb53bd8f28955f29b2f46018051e7d9d80015035b,514f93b438cec10e7efbc15fb53bd8f28955f29b2f46018051e7d9d80015035b,7c77a1b5cd5c687fc132fc4f95c0e4b286bcfb6b86f973d784d29c8b66199aef,$,,7c77a1b5cd5c687fc132fc4f95c0e4b286bcfb6b86f973d784d29c8b66199aef,7c77a1b5cd5c687fc132fc4f95c0e4b286bcfb6b86f973d784d29c8b66199aef,"{""basis"":""ordered source-target formula atom"",""kind"":""source-target-formula-map""}"
1.1.0,formula,O007-FREMLIN-V2-APP-2A3-FORMULA-1024,O007-FREMLIN-V2-APP-2A3,O007-RIGHTS-FREMLIN-DSL,O007-FREMLIN-V2-APP-2A3-SEG-2A3TB,1024,2A3Tb,2A3Tb,971,990,41207,41253,44178,44224,"G=U(x;\rho_0,\ldots,\rho_m;\delta)\in\frak T","G=U(x;\rho_0,\ldots,\rho_m;\delta)\in\frak T",39cbf37c520259b0f73bd9eadc761f16bffe37dc6ffabb210b6913a3542cfb72,39cbf37c520259b0f73bd9eadc761f16bffe37dc6ffabb210b6913a3542cfb72,b2b67b15d1a023898162378d3a8553cd53e585a287051c6c8b6eab15eb0d36b6,$,,b2b67b15d1a023898162378d3a8553cd53e585a287051c6c8b6eab15eb0d36b6,b2b67b15d1a023898162378d3a8553cd53e585a287051c6c8b6eab15eb0d36b6,"{""basis"":""ordered source-target formula atom"",""kind"":""source-target-formula-map""}"
1.1.0,formula,O007-FREMLIN-V2-APP-2A3-FORMULA-1025,O007-FREMLIN-V2-APP-2A3,O007-RIGHTS-FREMLIN-DSL,O007-FREMLIN-V2-APP-2A3-SEG-2A3TB,1025,2A3Tb,2A3Tb,972,991,41262,41312,44233,44283,"H=U(y;\theta_0,\ldots,\theta_n;\delta)\in\frak S","H=U(y;\theta_0,\ldots,\theta_n;\delta)\in\frak S",e71a762bab841cd18d6e06c8f448c8dd6f4d2190ffc3b8c82bfe2d00a3f5927a,e71a762bab841cd18d6e06c8f448c8dd6f4d2190ffc3b8c82bfe2d00a3f5927a,073b059323ac6b07d57c8d364742b73f8ae4c90562538d6198e562fe4102b183,$,,073b059323ac6b07d57c8d364742b73f8ae4c90562538d6198e562fe4102b183,073b059323ac6b07d57c8d364742b73f8ae4c90562538d6198e562fe4102b183,"{""basis"":""ordered source-target formula atom"",""kind"":""source-target-formula-map""}"
1.1.0,formula,O007-FREMLIN-V2-APP-2A3-FORMULA-1026,O007-FREMLIN-V2-APP-2A3,O007-RIGHTS-FREMLIN-DSL,O007-FREMLIN-V2-APP-2A3-SEG-2A3TB,1026,2A3Tb,2A3Tb,974,993,41331,41495,44302,44472,"(x,y)\in G\times H
=U((x,y);\tilde\rho_0,\ldots,\rho_m,
\bar\theta_0,\ldots,\bar\theta_n;\delta)
\subseteq U((x,y);\upsilon_0,\ldots,\upsilon_k;\delta)\subseteq U","(x,y)\in G\times H
=U((x,y);\tilde\rho_0,\ldots,\tilde\rho_m,
\bar\theta_0,\ldots,\bar\theta_n;\delta)
\subseteq U((x,y);\upsilon_0,\ldots,\upsilon_k;\delta)\subseteq U",711e0fd6172d21bf36e181e69cd779233cfdcbd2910de9a25640bc3939cecbdd,f07eb8cb1f15a6d01f1c27b129019ccdd15fa835ab8ee1ae04b3da55732e9de8,902046186355487c3464dbd2101c44a96eb1fd92e6682aa2e86ee382514fc823,$,"[""O007-CORR-0388""]",077d10213caeea2f2d435494f643f7a687953234a1d04ef050414b93b0fe5f5c,902046186355487c3464dbd2101c44a96eb1fd92e6682aa2e86ee382514fc823,"{""basis"":""ordered formula atom; correction bound by receipt exception union"",""kind"":""source-target-formula-map""}"
1.1.0,formula,O007-FREMLIN-V2-APP-2A3-FORMULA-1027,O007-FREMLIN-V2-APP-2A3,O007-RIGHTS-FREMLIN-DSL,O007-FREMLIN-V2-APP-2A3-SEG-2A3TB,1027,2A3Tb,2A3Tb,979,998,41512,41519,44493,44500,"(x,y)","(x,y)",b74f62c467a208ca071c641a83ad7fb24e3366d8883a56e9bdde43ad6cfa5522,b74f62c467a208ca071c641a83ad7fb24e3366d8883a56e9bdde43ad6cfa5522,b74f62c467a208ca071c641a83ad7fb24e3366d8883a56e9bdde43ad6cfa5522,$,,b74f62c467a208ca071c641a83ad7fb24e3366d8883a56e9bdde43ad6cfa5522,b74f62c467a208ca071c641a83ad7fb24e3366d8883a56e9bdde43ad6cfa5522,"{""basis"":""ordered source-target formula atom"",""kind"":""source-target-formula-map""}"
1.1.0,formula,O007-FREMLIN-V2-APP-2A3-FORMULA-1028,O007-FREMLIN-V2-APP-2A3,O007-RIGHTS-FREMLIN-DSL,O007-FREMLIN-V2-APP-2A3-SEG-2A3TB,1028,2A3Tb,2A3Tb,979,998,41534,41547,44511,44524,U\in\frak U,U\in\frak U,ab2fe485d90f48b987d78d682770420d65ca95413b62d9f56ed4fbeb7fa5e8d4,ab2fe485d90f48b987d78d682770420d65ca95413b62d9f56ed4fbeb7fa5e8d4,e39f324808d009d355d4bbbed4d8726956c9592c724a59de053db82380e89fe3,$,,e39f324808d009d355d4bbbed4d8726956c9592c724a59de053db82380e89fe3,e39f324808d009d355d4bbbed4d8726956c9592c724a59de053db82380e89fe3,"{""basis"":""ordered source-target formula atom"",""kind"":""source-target-formula-map""}"
1.1.0,formula,O007-FREMLIN-V2-APP-2A3-FORMULA-1029,O007-FREMLIN-V2-APP-2A3,O007-RIGHTS-FREMLIN-DSL,O007-FREMLIN-V2-APP-2A3-SEG-2A3TB,1029,2A3Tb,2A3Tb,980,999,41581,41590,44555,44564,\frak U,\frak U,4ee36ec24b23e7fda0b586d3c176b9c071fd43b658f2a71091b2af4e83be517d,4ee36ec24b23e7fda0b586d3c176b9c071fd43b658f2a71091b2af4e83be517d,9cbf24775043175cf29f449b61fe4a3eb136b3aa14aab6941501708c4caa76fe,$,,9cbf24775043175cf29f449b61fe4a3eb136b3aa14aab6941501708c4caa76fe,9cbf24775043175cf29f449b61fe4a3eb136b3aa14aab6941501708c4caa76fe,"{""basis"":""ordered source-target formula atom"",""kind"":""source-target-formula-map""}"
1.1.0,formula,O007-FREMLIN-V2-APP-2A3-FORMULA-1030,O007-FREMLIN-V2-APP-2A3,O007-RIGHTS-FREMLIN-DSL,O007-FREMLIN-V2-APP-2A3-SEG-2A3TB,1030,2A3Tb,2A3Tb,980,999,41618,41628,44602,44612,\Upsilon,\Upsilon,acaa4a40f8e9e551131f89624170cbef4cc0b4f3af5c34a25569f5afffbf8214,acaa4a40f8e9e551131f89624170cbef4cc0b4f3af5c34a25569f5afffbf8214,acaa4a40f8e9e551131f89624170cbef4cc0b4f3af5c34a25569f5afffbf8214,$,,acaa4a40f8e9e551131f89624170cbef4cc0b4f3af5c34a25569f5afffbf8214,acaa4a40f8e9e551131f89624170cbef4cc0b4f3af5c34a25569f5afffbf8214,"{""basis"":""ordered source-target formula atom"",""kind"":""source-target-formula-map""}"
1.1.0,formula,O007-FREMLIN-V2-APP-2A3-FORMULA-1031,O007-FREMLIN-V2-APP-2A3,O007-RIGHTS-FREMLIN-DSL,O007-FREMLIN-V2-APP-2A3-SEG-2A3TC,1031,2A3Tc,2A3Tc,983,1002,41693,41715,44674,44696,\BbbR^r\times\BbbR^s,\BbbR^r\times\BbbR^s,da2b59baab044427b4d370604327e07685e8c1c797b61b76d26d59408b88fe04,da2b59baab044427b4d370604327e07685e8c1c797b61b76d26d59408b88fe04,da2b59baab044427b4d370604327e07685e8c1c797b61b76d26d59408b88fe04,$,,da2b59baab044427b4d370604327e07685e8c1c797b61b76d26d59408b88fe04,da2b59baab044427b4d370604327e07685e8c1c797b61b76d26d59408b88fe04,"{""basis"":""ordered source-target formula atom"",""kind"":""source-target-formula-map""}"
1.1.0,formula,O007-FREMLIN-V2-APP-2A3-FORMULA-1032,O007-FREMLIN-V2-APP-2A3,O007-RIGHTS-FREMLIN-DSL,O007-FREMLIN-V2-APP-2A3-SEG-2A3TC,1032,2A3Tc,2A3Tc,984,1003,41757,41779,44749,44771,\BbbR^r\times\BbbR^s,\BbbR^r\times\BbbR^s,da2b59baab044427b4d370604327e07685e8c1c797b61b76d26d59408b88fe04,da2b59baab044427b4d370604327e07685e8c1c797b61b76d26d59408b88fe04,da2b59baab044427b4d370604327e07685e8c1c797b61b76d26d59408b88fe04,$,,da2b59baab044427b4d370604327e07685e8c1c797b61b76d26d59408b88fe04,da2b59baab044427b4d370604327e07685e8c1c797b61b76d26d59408b88fe04,"{""basis"":""ordered source-target formula atom"",""kind"":""source-target-formula-map""}"
1.1.0,formula,O007-FREMLIN-V2-APP-2A3-FORMULA-1033,O007-FREMLIN-V2-APP-2A3,O007-RIGHTS-FREMLIN-DSL,O007-FREMLIN-V2-APP-2A3-SEG-2A3TC,1033,2A3Tc,2A3Tc,984,1003,41785,41798,44779,44792,\BbbR^{r+s},\BbbR^{r+s},883a0f16cab7f6e97036354338f9ccdd1439d8af38499f652498a2c99b2c3c28,883a0f16cab7f6e97036354338f9ccdd1439d8af38499f652498a2c99b2c3c28,883a0f16cab7f6e97036354338f9ccdd1439d8af38499f652498a2c99b2c3c28,$,,883a0f16cab7f6e97036354338f9ccdd1439d8af38499f652498a2c99b2c3c28,883a0f16cab7f6e97036354338f9ccdd1439d8af38499f652498a2c99b2c3c28,"{""basis"":""ordered source-target formula atom"",""kind"":""source-target-formula-map""}"
1.1.0,formula,O007-FREMLIN-V2-APP-2A3-FORMULA-1034,O007-FREMLIN-V2-APP-2A3,O007-RIGHTS-FREMLIN-DSL,O007-FREMLIN-V2-APP-2A3-SEG-2A3TC,1034,2A3Tc,2A3Tc,985,1004,41874,41886,44860,44872,\upsilon_1,\upsilon_1,0e2ecdaa01512ee60a188faefeee2f4064655056bc8ff31ec3e8a29436a4bebb,0e2ecdaa01512ee60a188faefeee2f4064655056bc8ff31ec3e8a29436a4bebb,0e2ecdaa01512ee60a188faefeee2f4064655056bc8ff31ec3e8a29436a4bebb,$,,0e2ecdaa01512ee60a188faefeee2f4064655056bc8ff31ec3e8a29436a4bebb,0e2ecdaa01512ee60a188faefeee2f4064655056bc8ff31ec3e8a29436a4bebb,"{""basis"":""ordered source-target formula atom"",""kind"":""source-target-formula-map""}"
1.1.0,formula,O007-FREMLIN-V2-APP-2A3-FORMULA-1035,O007-FREMLIN-V2-APP-2A3,O007-RIGHTS-FREMLIN-DSL,O007-FREMLIN-V2-APP-2A3-SEG-2A3TC,1035,2A3Tc,2A3Tc,985,1004,41888,41900,44877,44889,\upsilon_2,\upsilon_2,9dc6453bf9e8c11d7323ea2e67f530e65722079c270fc7c997e8928cb65bf806,9dc6453bf9e8c11d7323ea2e67f530e65722079c270fc7c997e8928cb65bf806,9dc6453bf9e8c11d7323ea2e67f530e65722079c270fc7c997e8928cb65bf806,$,,9dc6453bf9e8c11d7323ea2e67f530e65722079c270fc7c997e8928cb65bf806,9dc6453bf9e8c11d7323ea2e67f530e65722079c270fc7c997e8928cb65bf806,"{""basis"":""ordered source-target formula atom"",""kind"":""source-target-formula-map""}"
1.1.0,formula,O007-FREMLIN-V2-APP-2A3-FORMULA-1036,O007-FREMLIN-V2-APP-2A3,O007-RIGHTS-FREMLIN-DSL,O007-FREMLIN-V2-APP-2A3-SEG-2A3TC,1036,2A3Tc,2A3Tc,986,1004,41912,41915,44897,44900,x,x,2d711642b726b04401627ca9fbac32f5c8530fb1903cc4db02258717921a4881,2d711642b726b04401627ca9fbac32f5c8530fb1903cc4db02258717921a4881,2d711642b726b04401627ca9fbac32f5c8530fb1903cc4db02258717921a4881,$,,2d711642b726b04401627ca9fbac32f5c8530fb1903cc4db02258717921a4881,2d711642b726b04401627ca9fbac32f5c8530fb1903cc4db02258717921a4881,"{""basis"":""ordered source-target formula atom"",""kind"":""source-target-formula-map""}"
1.1.0,formula,O007-FREMLIN-V2-APP-2A3-FORMULA-1037,O007-FREMLIN-V2-APP-2A3,O007-RIGHTS-FREMLIN-DSL,O007-FREMLIN-V2-APP-2A3-SEG-2A3TC,1037,2A3Tc,2A3Tc,986,1005,41917,41932,44902,44917,x'\in \BbbR^r,x'\in \BbbR^r,993b0bf5ea676b43dcf383c1fe56e3f3fcc0658bd282f510b996b0723db0e196,993b0bf5ea676b43dcf383c1fe56e3f3fcc0658bd282f510b996b0723db0e196,cc005eef0b2db03a992b51d7761be889dff166703219c1f8c2cb9ccde4faa14c,$,,cc005eef0b2db03a992b51d7761be889dff166703219c1f8c2cb9ccde4faa14c,cc005eef0b2db03a992b51d7761be889dff166703219c1f8c2cb9ccde4faa14c,"{""basis"":""ordered source-target formula atom"",""kind"":""source-target-formula-map""}"
1.1.0,formula,O007-FREMLIN-V2-APP-2A3-FORMULA-1038,O007-FREMLIN-V2-APP-2A3,O007-RIGHTS-FREMLIN-DSL,O007-FREMLIN-V2-APP-2A3-SEG-2A3TC,1038,2A3Tc,2A3Tc,986,1005,41937,41940,44922,44925,y,y,a1fce4363854ff888cff4b8e7875d600c2682390412a8cf79b37d0b11148b0fa,a1fce4363854ff888cff4b8e7875d600c2682390412a8cf79b37d0b11148b0fa,a1fce4363854ff888cff4b8e7875d600c2682390412a8cf79b37d0b11148b0fa,$,,a1fce4363854ff888cff4b8e7875d600c2682390412a8cf79b37d0b11148b0fa,a1fce4363854ff888cff4b8e7875d600c2682390412a8cf79b37d0b11148b0fa,"{""basis"":""ordered source-target formula atom"",""kind"":""source-target-formula-map""}"
1.1.0,formula,O007-FREMLIN-V2-APP-2A3-FORMULA-1039,O007-FREMLIN-V2-APP-2A3,O007-RIGHTS-FREMLIN-DSL,O007-FREMLIN-V2-APP-2A3-SEG-2A3TC,1039,2A3Tc,2A3Tc,986,1005,41942,41956,44927,44941,y'\in\BbbR^s,y'\in\BbbR^s,e4a11c56acce4c7efe64414f8e3d388d260254667a85ce0c6488811da32d8c09,e4a11c56acce4c7efe64414f8e3d388d260254667a85ce0c6488811da32d8c09,e4a11c56acce4c7efe64414f8e3d388d260254667a85ce0c6488811da32d8c09,$,,e4a11c56acce4c7efe64414f8e3d388d260254667a85ce0c6488811da32d8c09,e4a11c56acce4c7efe64414f8e3d388d260254667a85ce0c6488811da32d8c09,"{""basis"":""ordered source-target formula atom"",""kind"":""source-target-formula-map""}"
1.1.0,formula,O007-FREMLIN-V2-APP-2A3-FORMULA-1040,O007-FREMLIN-V2-APP-2A3,O007-RIGHTS-FREMLIN-DSL,O007-FREMLIN-V2-APP-2A3-SEG-2A3TC,1040,2A3Tc,2A3Tc,988,1007,41978,42014,44967,45003,"\upsilon_1((x,y),(x',y'))=\|x-x'\|","\upsilon_1((x,y),(x',y'))=\|x-x'\|",5d4a3fec3a9f367592e7bc9937211f07573cdb1ab5dde457c4613f3c2891571f,5d4a3fec3a9f367592e7bc9937211f07573cdb1ab5dde457c4613f3c2891571f,5d4a3fec3a9f367592e7bc9937211f07573cdb1ab5dde457c4613f3c2891571f,$,,5d4a3fec3a9f367592e7bc9937211f07573cdb1ab5dde457c4613f3c2891571f,5d4a3fec3a9f367592e7bc9937211f07573cdb1ab5dde457c4613f3c2891571f,"{""basis"":""ordered source-target formula atom"",""kind"":""source-target-formula-map""}"
1.1.0,formula,O007-FREMLIN-V2-APP-2A3-FORMULA-1041,O007-FREMLIN-V2-APP-2A3,O007-RIGHTS-FREMLIN-DSL,O007-FREMLIN-V2-APP-2A3-SEG-2A3TC,1041,2A3Tc,2A3Tc,989,1008,42021,42057,45010,45046,"\upsilon_2((x,y),(x',y'))=\|y-y'\|","\upsilon_2((x,y),(x',y'))=\|y-y'\|",9588487cca13d9391cc6f36a8dfeef5b036f30c0f260f107822eea9fcbd10667,9588487cca13d9391cc6f36a8dfeef5b036f30c0f260f107822eea9fcbd10667,9588487cca13d9391cc6f36a8dfeef5b036f30c0f260f107822eea9fcbd10667,$,,9588487cca13d9391cc6f36a8dfeef5b036f30c0f260f107822eea9fcbd10667,9588487cca13d9391cc6f36a8dfeef5b036f30c0f260f107822eea9fcbd10667,"{""basis"":""ordered source-target formula atom"",""kind"":""source-target-formula-map""}"
1.1.0,formula,O007-FREMLIN-V2-APP-2A3-FORMULA-1042,O007-FREMLIN-V2-APP-2A3,O007-RIGHTS-FREMLIN-DSL,O007-FREMLIN-V2-APP-2A3-SEG-2A3TC,1042,2A3Tc,2A3Tc,992,1011,42123,42161,45113,45151,\BbbR^r\times\BbbR^s\cong\BbbR^{r+s},\BbbR^r\times\BbbR^s\cong\BbbR^{r+s},e3e14fb160edd708bb74a439ad6d0ce8e8b2a974872bb08266f01578650ea0d6,e3e14fb160edd708bb74a439ad6d0ce8e8b2a974872bb08266f01578650ea0d6,e3e14fb160edd708bb74a439ad6d0ce8e8b2a974872bb08266f01578650ea0d6,$,,e3e14fb160edd708bb74a439ad6d0ce8e8b2a974872bb08266f01578650ea0d6,e3e14fb160edd708bb74a439ad6d0ce8e8b2a974872bb08266f01578650ea0d6,"{""basis"":""ordered source-target formula atom"",""kind"":""source-target-formula-map""}"
1.1.0,formula,O007-FREMLIN-V2-APP-2A3-FORMULA-1043,O007-FREMLIN-V2-APP-2A3,O007-RIGHTS-FREMLIN-DSL,O007-FREMLIN-V2-APP-2A3-SEG-2A3TC,1043,2A3Tc,2A3Tc,992,1011,42187,42193,45175,45181,\rho,\rho,dabec2cdc19c316749385782948e50b66047b4aac5b8cd44e6f5037d11109ac0,dabec2cdc19c316749385782948e50b66047b4aac5b8cd44e6f5037d11109ac0,dabec2cdc19c316749385782948e50b66047b4aac5b8cd44e6f5037d11109ac0,$,,dabec2cdc19c316749385782948e50b66047b4aac5b8cd44e6f5037d11109ac0,dabec2cdc19c316749385782948e50b66047b4aac5b8cd44e6f5037d11109ac0,"{""basis"":""ordered source-target formula atom"",""kind"":""source-target-formula-map""}"
1.1.0,formula,O007-FREMLIN-V2-APP-2A3-FORMULA-1044,O007-FREMLIN-V2-APP-2A3,O007-RIGHTS-FREMLIN-DSL,O007-FREMLIN-V2-APP-2A3-SEG-2A3TC,1044,2A3Tc,2A3Tc,995,1014,42214,42283,45204,45273,"\rho((x,y),(x',y'))=\|(x-y)-(x',y')\|
=\sqrt{\|x-x'\|^2+\|y-y'\|^2}","\rho((x,y),(x',y'))=\|(x,y)-(x',y')\|
=\sqrt{\|x-x'\|^2+\|y-y'\|^2}",c3d57efc9f456eeb7a873d50a501290b3b349ae4a420e153f1da3a077207927f,6a4b3d6cf793a1923fdc6eb5a7bb07c701053c2be6471ff045520f0b91cb84fb,3b63eb7d29fa6fec77e7ff27ed07236ade74952677611ba4f427d05c80e41fc6,$,"[""O007-CORR-0389""]",9038b9e23b97bfa38a01b7f32e33638c075fa920bd691dea240674ed45104050,3b63eb7d29fa6fec77e7ff27ed07236ade74952677611ba4f427d05c80e41fc6,"{""basis"":""ordered formula atom; correction bound by receipt exception union"",""kind"":""source-target-formula-map""}"
1.1.0,formula,O007-FREMLIN-V2-APP-2A3-FORMULA-1045,O007-FREMLIN-V2-APP-2A3,O007-RIGHTS-FREMLIN-DSL,O007-FREMLIN-V2-APP-2A3-SEG-2A3TC,1045,2A3Tc,2A3Tc,998,1017,42304,42334,45301,45331,"(x,y)\in\BbbR^r\times\BbbR^s","(x,y)\in\BbbR^r\times\BbbR^s",5ee4b199ba26b84e508b291200e7ab3cb07da4a60187801382009457817be33b,5ee4b199ba26b84e508b291200e7ab3cb07da4a60187801382009457817be33b,5ee4b199ba26b84e508b291200e7ab3cb07da4a60187801382009457817be33b,$,,5ee4b199ba26b84e508b291200e7ab3cb07da4a60187801382009457817be33b,5ee4b199ba26b84e508b291200e7ab3cb07da4a60187801382009457817be33b,"{""basis"":""ordered source-target formula atom"",""kind"":""source-target-formula-map""}"
1.1.0,formula,O007-FREMLIN-V2-APP-2A3-FORMULA-1046,O007-FREMLIN-V2-APP-2A3,O007-RIGHTS-FREMLIN-DSL,O007-FREMLIN-V2-APP-2A3-SEG-2A3TC,1046,2A3Tc,2A3Tc,998,1017,42339,42351,45336,45348,\epsilon>0,\epsilon>0,4c7785f41b6ba845fbf6fe3db625563505eedd141a7e6a016df047b5d14c0cc7,4c7785f41b6ba845fbf6fe3db625563505eedd141a7e6a016df047b5d14c0cc7,4c7785f41b6ba845fbf6fe3db625563505eedd141a7e6a016df047b5d14c0cc7,$,,4c7785f41b6ba845fbf6fe3db625563505eedd141a7e6a016df047b5d14c0cc7,4c7785f41b6ba845fbf6fe3db625563505eedd141a7e6a016df047b5d14c0cc7,"{""basis"":""ordered source-target formula atom"",""kind"":""source-target-formula-map""}"
1.1.0,formula,O007-FREMLIN-V2-APP-2A3-FORMULA-1047,O007-FREMLIN-V2-APP-2A3,O007-RIGHTS-FREMLIN-DSL,O007-FREMLIN-V2-APP-2A3-SEG-2A3TC,1047,2A3Tc,2A3Tc,1000,1019,42371,42434,45368,45431,"U((x,y);\rho;\epsilon)
\subseteq U((x,y);\upsilon_j;\epsilon)","U((x,y);\rho;\epsilon)
\subseteq U((x,y);\upsilon_j;\epsilon)",e5c58d63a56fe4983761b8992037359aadf1eee623d4323ae03b43b2fde0b2df,e5c58d63a56fe4983761b8992037359aadf1eee623d4323ae03b43b2fde0b2df,655bfe310e65ee038112843d14aea0dd3752e6d1860c639f4cdc3fef377ade5f,$,,655bfe310e65ee038112843d14aea0dd3752e6d1860c639f4cdc3fef377ade5f,655bfe310e65ee038112843d14aea0dd3752e6d1860c639f4cdc3fef377ade5f,"{""basis"":""ordered source-target formula atom"",""kind"":""source-target-formula-map""}"
1.1.0,formula,O007-FREMLIN-V2-APP-2A3-FORMULA-1048,O007-FREMLIN-V2-APP-2A3,O007-RIGHTS-FREMLIN-DSL,O007-FREMLIN-V2-APP-2A3-SEG-2A3TC,1048,2A3Tc,2A3Tc,1003,1022,42456,42459,45462,45465,j,j,189f40034be7a199f1fa9891668ee3ab6049f82d38c68be70f596eab2e1857b7,189f40034be7a199f1fa9891668ee3ab6049f82d38c68be70f596eab2e1857b7,189f40034be7a199f1fa9891668ee3ab6049f82d38c68be70f596eab2e1857b7,$,,189f40034be7a199f1fa9891668ee3ab6049f82d38c68be70f596eab2e1857b7,189f40034be7a199f1fa9891668ee3ab6049f82d38c68be70f596eab2e1857b7,"{""basis"":""ordered source-target formula atom"",""kind"":""source-target-formula-map""}"
1.1.0,formula,O007-FREMLIN-V2-APP-2A3-FORMULA-1049,O007-FREMLIN-V2-APP-2A3,O007-RIGHTS-FREMLIN-DSL,O007-FREMLIN-V2-APP-2A3-SEG-2A3TC,1049,2A3Tc,2A3Tc,1005,1024,42480,42570,45490,45580,"U((x,y);\upsilon_1,\upsilon_2;\Bover{\epsilon}{\sqrt2})
\subseteq U((x,y);\rho;\epsilon)","U((x,y);\upsilon_1,\upsilon_2;\Bover{\epsilon}{\sqrt2})
\subseteq U((x,y);\rho;\epsilon)",9bca2b3717300fc1f72205c29e0c4eda3ff4688c1f6cac289b1be11528424b12,9bca2b3717300fc1f72205c29e0c4eda3ff4688c1f6cac289b1be11528424b12,a53e762e445bbaa4947046335b527971f9354c2b3e64cec56327ea759d0622cf,$,,a53e762e445bbaa4947046335b527971f9354c2b3e64cec56327ea759d0622cf,a53e762e445bbaa4947046335b527971f9354c2b3e64cec56327ea759d0622cf,"{""basis"":""ordered source-target formula atom"",""kind"":""source-target-formula-map""}"
1.1.0,formula,O007-FREMLIN-V2-APP-2A3-FORMULA-1050,O007-FREMLIN-V2-APP-2A3,O007-RIGHTS-FREMLIN-DSL,O007-FREMLIN-V2-APP-2A3-SEG-2A3U,1050,2A3U,2A3U,1011,1030,42716,42719,45752,45755,X,X,4b68ab3847feda7d6c62c1fbcbeebfa35eab7351ed5e78f4ddadea5df64b8015,4b68ab3847feda7d6c62c1fbcbeebfa35eab7351ed5e78f4ddadea5df64b8015,4b68ab3847feda7d6c62c1fbcbeebfa35eab7351ed5e78f4ddadea5df64b8015,$,,4b68ab3847feda7d6c62c1fbcbeebfa35eab7351ed5e78f4ddadea5df64b8015,4b68ab3847feda7d6c62c1fbcbeebfa35eab7351ed5e78f4ddadea5df64b8015,"{""basis"":""ordered source-target formula atom"",""kind"":""source-target-formula-map""}"
1.1.0,formula,O007-FREMLIN-V2-APP-2A3-FORMULA-1051,O007-FREMLIN-V2-APP-2A3,O007-RIGHTS-FREMLIN-DSL,O007-FREMLIN-V2-APP-2A3-SEG-2A3U,1051,2A3U,2A3U,1012,1031,42750,42764,45789,45803,D\subseteq X,D\subseteq X,7a62ec31827282fc59fc4a0d143eeb68fbf4feeb037f4d51ad920dd1f9c58cea,7a62ec31827282fc59fc4a0d143eeb68fbf4feeb037f4d51ad920dd1f9c58cea,0467d64924e4b95728dd6d29c26dd432a0f0d53f2ee00af4a19c4cd33dcbcf93,$,,0467d64924e4b95728dd6d29c26dd432a0f0d53f2ee00af4a19c4cd33dcbcf93,0467d64924e4b95728dd6d29c26dd432a0f0d53f2ee00af4a19c4cd33dcbcf93,"{""basis"":""ordered source-target formula atom"",""kind"":""source-target-formula-map""}"
1.1.0,formula,O007-FREMLIN-V2-APP-2A3-FORMULA-1052,O007-FREMLIN-V2-APP-2A3,O007-RIGHTS-FREMLIN-DSL,O007-FREMLIN-V2-APP-2A3-SEG-2A3U,1052,2A3U,2A3U,1012,1031,42783,42786,45830,45833,X,X,4b68ab3847feda7d6c62c1fbcbeebfa35eab7351ed5e78f4ddadea5df64b8015,4b68ab3847feda7d6c62c1fbcbeebfa35eab7351ed5e78f4ddadea5df64b8015,4b68ab3847feda7d6c62c1fbcbeebfa35eab7351ed5e78f4ddadea5df64b8015,$,,4b68ab3847feda7d6c62c1fbcbeebfa35eab7351ed5e78f4ddadea5df64b8015,4b68ab3847feda7d6c62c1fbcbeebfa35eab7351ed5e78f4ddadea5df64b8015,"{""basis"":""ordered source-target formula atom"",""kind"":""source-target-formula-map""}"
1.1.0,formula,O007-FREMLIN-V2-APP-2A3-FORMULA-1053,O007-FREMLIN-V2-APP-2A3,O007-RIGHTS-FREMLIN-DSL,O007-FREMLIN-V2-APP-2A3-SEG-2A3U,1053,2A3U,2A3U,1012,1031,42790,42806,45839,45855,\overline{D}=X,\overline{D}=X,cd0b8407818c42488990f128b7aa47fb64efb478fe80b8f3689baaa578554185,cd0b8407818c42488990f128b7aa47fb64efb478fe80b8f3689baaa578554185,cd0b8407818c42488990f128b7aa47fb64efb478fe80b8f3689baaa578554185,$,,cd0b8407818c42488990f128b7aa47fb64efb478fe80b8f3689baaa578554185,cd0b8407818c42488990f128b7aa47fb64efb478fe80b8f3689baaa578554185,"{""basis"":""ordered source-target formula atom"",""kind"":""source-target-formula-map""}"
1.1.0,formula,O007-FREMLIN-V2-APP-2A3-FORMULA-1054,O007-FREMLIN-V2-APP-2A3,O007-RIGHTS-FREMLIN-DSL,O007-FREMLIN-V2-APP-2A3-SEG-2A3U,1054,2A3U,2A3U,1013,1032,42858,42861,45927,45930,D,D,3f39d5c348e5b79d06e842c114e6cc571583bbf44e4b0ebfda1a01ec05745d43,3f39d5c348e5b79d06e842c114e6cc571583bbf44e4b0ebfda1a01ec05745d43,3f39d5c348e5b79d06e842c114e6cc571583bbf44e4b0ebfda1a01ec05745d43,$,,3f39d5c348e5b79d06e842c114e6cc571583bbf44e4b0ebfda1a01ec05745d43,3f39d5c348e5b79d06e842c114e6cc571583bbf44e4b0ebfda1a01ec05745d43,"{""basis"":""ordered source-target formula atom"",""kind"":""source-target-formula-map""}"
1.1.0,formula,O007-FREMLIN-V2-APP-2A3-FORMULA-1055,O007-FREMLIN-V2-APP-2A3,O007-RIGHTS-FREMLIN-DSL,O007-FREMLIN-V2-APP-2A3-SEG-2A3U,1055,2A3U,2A3U,1014,1033,42885,42910,45959,45984,D\subseteq A\subseteq X,D\subseteq A\subseteq X,bc8cf41fcc91a3a3464c30ed894485d57e963af940f9af55a49522f66dee52b0,bc8cf41fcc91a3a3464c30ed894485d57e963af940f9af55a49522f66dee52b0,9062fa427887c204566a316033d4d1002fbd06523ecd01d8d8690cf861d22315,$,,9062fa427887c204566a316033d4d1002fbd06523ecd01d8d8690cf861d22315,9062fa427887c204566a316033d4d1002fbd06523ecd01d8d8690cf861d22315,"{""basis"":""ordered source-target formula atom"",""kind"":""source-target-formula-map""}"
1.1.0,formula,O007-FREMLIN-V2-APP-2A3-FORMULA-1056,O007-FREMLIN-V2-APP-2A3,O007-RIGHTS-FREMLIN-DSL,O007-FREMLIN-V2-APP-2A3-SEG-2A3U,1056,2A3U,2A3U,1014,1033,42917,42920,45991,45994,D,D,3f39d5c348e5b79d06e842c114e6cc571583bbf44e4b0ebfda1a01ec05745d43,3f39d5c348e5b79d06e842c114e6cc571583bbf44e4b0ebfda1a01ec05745d43,3f39d5c348e5b79d06e842c114e6cc571583bbf44e4b0ebfda1a01ec05745d43,$,,3f39d5c348e5b79d06e842c114e6cc571583bbf44e4b0ebfda1a01ec05745d43,3f39d5c348e5b79d06e842c114e6cc571583bbf44e4b0ebfda1a01ec05745d43,"{""basis"":""ordered source-target formula atom"",""kind"":""source-target-formula-map""}"
1.1.0,formula,O007-FREMLIN-V2-APP-2A3-FORMULA-1057,O007-FREMLIN-V2-APP-2A3,O007-RIGHTS-FREMLIN-DSL,O007-FREMLIN-V2-APP-2A3-SEG-2A3U,1057,2A3U,2A3U,1014,1033,42933,42936,46007,46010,A,A,559aead08264d5795d3909718cdd05abd49572e84fe55590eef31a88a08fdffd,559aead08264d5795d3909718cdd05abd49572e84fe55590eef31a88a08fdffd,559aead08264d5795d3909718cdd05abd49572e84fe55590eef31a88a08fdffd,$,,559aead08264d5795d3909718cdd05abd49572e84fe55590eef31a88a08fdffd,559aead08264d5795d3909718cdd05abd49572e84fe55590eef31a88a08fdffd,"{""basis"":""ordered source-target formula atom"",""kind"":""source-target-formula-map""}"
1.1.0,formula,O007-FREMLIN-V2-APP-2A3-FORMULA-1058,O007-FREMLIN-V2-APP-2A3,O007-RIGHTS-FREMLIN-DSL,O007-FREMLIN-V2-APP-2A3-SEG-2A3U,1058,2A3U,2A3U,1015,1034,42981,42984,46064,46067,A,A,559aead08264d5795d3909718cdd05abd49572e84fe55590eef31a88a08fdffd,559aead08264d5795d3909718cdd05abd49572e84fe55590eef31a88a08fdffd,559aead08264d5795d3909718cdd05abd49572e84fe55590eef31a88a08fdffd,$,,559aead08264d5795d3909718cdd05abd49572e84fe55590eef31a88a08fdffd,559aead08264d5795d3909718cdd05abd49572e84fe55590eef31a88a08fdffd,"{""basis"":""ordered source-target formula atom"",""kind"":""source-target-formula-map""}"
1.1.0,formula,O007-FREMLIN-V2-APP-2A3-FORMULA-1059,O007-FREMLIN-V2-APP-2A3,O007-RIGHTS-FREMLIN-DSL,O007-FREMLIN-V2-APP-2A3-SEG-2A3U,1059,2A3U,2A3U,1016,1035,43012,43036,46094,46118,A\subseteq\overline{D},A\subseteq\overline{D},1ea03df28edf23703253e30141e5fc7f30499cfeb75d9242e81c29795ac76865,1ea03df28edf23703253e30141e5fc7f30499cfeb75d9242e81c29795ac76865,1ea03df28edf23703253e30141e5fc7f30499cfeb75d9242e81c29795ac76865,$,,1ea03df28edf23703253e30141e5fc7f30499cfeb75d9242e81c29795ac76865,1ea03df28edf23703253e30141e5fc7f30499cfeb75d9242e81c29795ac76865,"{""basis"":""ordered source-target formula atom"",""kind"":""source-target-formula-map""}"
1.1.0,formula,O007-FREMLIN-V2-APP-2A3-FORMULA-1060,O007-FREMLIN-V2-APP-2A3,O007-RIGHTS-FREMLIN-DSL,O007-FREMLIN-V2-APP-2A3-SEG-2A3UB,1060,2A3Ub,2A3Ub,1018,1037,43070,43079,46154,46163,\frak T,\frak T,0647f8d3ad6092ab3a9c92fd71ee29d66b86e14d9c9582db084142bee077c226,0647f8d3ad6092ab3a9c92fd71ee29d66b86e14d9c9582db084142bee077c226,44c7e1dba9432c4271c4d22b9a844dc7f447c4cb30f1129ac0c3db3f54646d4b,$,,44c7e1dba9432c4271c4d22b9a844dc7f447c4cb30f1129ac0c3db3f54646d4b,44c7e1dba9432c4271c4d22b9a844dc7f447c4cb30f1129ac0c3db3f54646d4b,"{""basis"":""ordered source-target formula atom"",""kind"":""source-target-formula-map""}"
1.1.0,formula,O007-FREMLIN-V2-APP-2A3-FORMULA-1061,O007-FREMLIN-V2-APP-2A3,O007-RIGHTS-FREMLIN-DSL,O007-FREMLIN-V2-APP-2A3-SEG-2A3UB,1061,2A3Ub,2A3Ub,1018,1037,43113,43119,46200,46206,\Rho,\Rho,52096aaef22267b537a019d25e49b90abcbbc43f2e8a636d73f93baeb39efa3e,52096aaef22267b537a019d25e49b90abcbbc43f2e8a636d73f93baeb39efa3e,52096aaef22267b537a019d25e49b90abcbbc43f2e8a636d73f93baeb39efa3e,$,,52096aaef22267b537a019d25e49b90abcbbc43f2e8a636d73f93baeb39efa3e,52096aaef22267b537a019d25e49b90abcbbc43f2e8a636d73f93baeb39efa3e,"{""basis"":""ordered source-target formula atom"",""kind"":""source-target-formula-map""}"
1.1.0,formula,O007-FREMLIN-V2-APP-2A3-FORMULA-1062,O007-FREMLIN-V2-APP-2A3,O007-RIGHTS-FREMLIN-DSL,O007-FREMLIN-V2-APP-2A3-SEG-2A3UB,1062,2A3Ub,2A3Ub,1019,1038,43140,43143,46230,46233,X,X,4b68ab3847feda7d6c62c1fbcbeebfa35eab7351ed5e78f4ddadea5df64b8015,4b68ab3847feda7d6c62c1fbcbeebfa35eab7351ed5e78f4ddadea5df64b8015,4b68ab3847feda7d6c62c1fbcbeebfa35eab7351ed5e78f4ddadea5df64b8015,$,,4b68ab3847feda7d6c62c1fbcbeebfa35eab7351ed5e78f4ddadea5df64b8015,4b68ab3847feda7d6c62c1fbcbeebfa35eab7351ed5e78f4ddadea5df64b8015,"{""basis"":""ordered source-target formula atom"",""kind"":""source-target-formula-map""}"
1.1.0,formula,O007-FREMLIN-V2-APP-2A3-FORMULA-1063,O007-FREMLIN-V2-APP-2A3,O007-RIGHTS-FREMLIN-DSL,O007-FREMLIN-V2-APP-2A3-SEG-2A3UB,1063,2A3Ub,2A3Ub,1019,1038,43150,43164,46240,46254,D\subseteq X,D\subseteq X,7a62ec31827282fc59fc4a0d143eeb68fbf4feeb037f4d51ad920dd1f9c58cea,7a62ec31827282fc59fc4a0d143eeb68fbf4feeb037f4d51ad920dd1f9c58cea,0467d64924e4b95728dd6d29c26dd432a0f0d53f2ee00af4a19c4cd33dcbcf93,$,,0467d64924e4b95728dd6d29c26dd432a0f0d53f2ee00af4a19c4cd33dcbcf93,0467d64924e4b95728dd6d29c26dd432a0f0d53f2ee00af4a19c4cd33dcbcf93,"{""basis"":""ordered source-target formula atom"",""kind"":""source-target-formula-map""}"
1.1.0,formula,O007-FREMLIN-V2-APP-2A3-FORMULA-1064,O007-FREMLIN-V2-APP-2A3,O007-RIGHTS-FREMLIN-DSL,O007-FREMLIN-V2-APP-2A3-SEG-2A3UB,1064,2A3Ub,2A3Ub,1021,1040,43199,43251,46302,46354,"U(x;\rho_0,\ldots,\rho_n;\delta)\cap D\ne\emptyset","U(x;\rho_0,\ldots,\rho_n;\delta)\cap D\ne\emptyset",ef6e59b11fa9f030ea615ed6620ea8875be2babc5793113a64c6a8d723ddf782,ef6e59b11fa9f030ea615ed6620ea8875be2babc5793113a64c6a8d723ddf782,de2c3125e73aebd5fc9e703fab47b24475fe715dbc7d69b166ca0a5ac065ab69,$,,de2c3125e73aebd5fc9e703fab47b24475fe715dbc7d69b166ca0a5ac065ab69,de2c3125e73aebd5fc9e703fab47b24475fe715dbc7d69b166ca0a5ac065ab69,"{""basis"":""ordered source-target formula atom"",""kind"":""source-target-formula-map""}"
1.1.0,formula,O007-FREMLIN-V2-APP-2A3-FORMULA-1065,O007-FREMLIN-V2-APP-2A3,O007-RIGHTS-FREMLIN-DSL,O007-FREMLIN-V2-APP-2A3-SEG-2A3UB,1065,2A3Ub,2A3Ub,1022,1041,43262,43270,46368,46376,x\in X,x\in X,d9448dfd3954dd39c12d483afd23d561b1b7d735af5f430b5dc457e6fa9ef99b,d9448dfd3954dd39c12d483afd23d561b1b7d735af5f430b5dc457e6fa9ef99b,858979f0c33c5f45e30780b82e2fa00184311296fbb7ef6bf3f4a6007c9b9cb1,$,,858979f0c33c5f45e30780b82e2fa00184311296fbb7ef6bf3f4a6007c9b9cb1,858979f0c33c5f45e30780b82e2fa00184311296fbb7ef6bf3f4a6007c9b9cb1,"{""basis"":""ordered source-target formula atom"",""kind"":""source-target-formula-map""}"
1.1.0,formula,O007-FREMLIN-V2-APP-2A3-FORMULA-1066,O007-FREMLIN-V2-APP-2A3,O007-RIGHTS-FREMLIN-DSL,O007-FREMLIN-V2-APP-2A3-SEG-2A3UB,1066,2A3Ub,2A3Ub,1022,1041,43272,43301,46378,46407,"\rho_0,\ldots,\rho_n\in\Rho","\rho_0,\ldots,\rho_n\in\Rho",b55830b91ca404291e3addf0094f1ede412b26874c329e0e39dca7ed465e03c0,b55830b91ca404291e3addf0094f1ede412b26874c329e0e39dca7ed465e03c0,b55830b91ca404291e3addf0094f1ede412b26874c329e0e39dca7ed465e03c0,$,,b55830b91ca404291e3addf0094f1ede412b26874c329e0e39dca7ed465e03c0,b55830b91ca404291e3addf0094f1ede412b26874c329e0e39dca7ed465e03c0,"{""basis"":""ordered source-target formula atom"",""kind"":""source-target-formula-map""}"
1.1.0,formula,O007-FREMLIN-V2-APP-2A3-FORMULA-1067,O007-FREMLIN-V2-APP-2A3,O007-RIGHTS-FREMLIN-DSL,O007-FREMLIN-V2-APP-2A3-SEG-2A3UB,1067,2A3Ub,2A3Ub,1022,1041,43306,43316,46412,46422,\delta>0,\delta>0,28c5f4f559bc00a49055a369c53d2382bf799ab5fa662c1b53944e9762606ec9,28c5f4f559bc00a49055a369c53d2382bf799ab5fa662c1b53944e9762606ec9,28c5f4f559bc00a49055a369c53d2382bf799ab5fa662c1b53944e9762606ec9,$,,28c5f4f559bc00a49055a369c53d2382bf799ab5fa662c1b53944e9762606ec9,28c5f4f559bc00a49055a369c53d2382bf799ab5fa662c1b53944e9762606ec9,"{""basis"":""ordered source-target formula atom"",""kind"":""source-target-formula-map""}"
1.1.0,formula,O007-FREMLIN-V2-APP-2A3-FORMULA-1068,O007-FREMLIN-V2-APP-2A3,O007-RIGHTS-FREMLIN-DSL,O007-FREMLIN-V2-APP-2A3-SEG-2A3UC,1068,2A3Uc,2A3Uc,1024,1043,43338,43351,46446,46459,"(X,\frak T)","(X,\frak T)",e61a78818f95155816c51558053b207746d21d984f7d96e50144d5c403fa9916,e61a78818f95155816c51558053b207746d21d984f7d96e50144d5c403fa9916,cafba6d9a47dfea2abf87370a28228acfbc03058933dce9166c4573d1628cd2c,$,,cafba6d9a47dfea2abf87370a28228acfbc03058933dce9166c4573d1628cd2c,cafba6d9a47dfea2abf87370a28228acfbc03058933dce9166c4573d1628cd2c,"{""basis"":""ordered source-target formula atom"",""kind"":""source-target-formula-map""}"
1.1.0,formula,O007-FREMLIN-V2-APP-2A3-FORMULA-1069,O007-FREMLIN-V2-APP-2A3,O007-RIGHTS-FREMLIN-DSL,O007-FREMLIN-V2-APP-2A3-SEG-2A3UC,1069,2A3Uc,2A3Uc,1024,1043,43353,43366,46464,46477,"(Y,\frak S)","(Y,\frak S)",24d922db39ebf7493e184d085b1af56463424b56f8fc7f4d9213b9840c6e4f9c,24d922db39ebf7493e184d085b1af56463424b56f8fc7f4d9213b9840c6e4f9c,ff360fb1373ff061931764fc324cfd9227979a40812defeedf190c9278b10559,$,,ff360fb1373ff061931764fc324cfd9227979a40812defeedf190c9278b10559,ff360fb1373ff061931764fc324cfd9227979a40812defeedf190c9278b10559,"{""basis"":""ordered source-target formula atom"",""kind"":""source-target-formula-map""}"
1.1.0,formula,O007-FREMLIN-V2-APP-2A3-FORMULA-1070,O007-FREMLIN-V2-APP-2A3,O007-RIGHTS-FREMLIN-DSL,O007-FREMLIN-V2-APP-2A3-SEG-2A3UC,1070,2A3Uc,2A3Uc,1025,1044,43400,43403,46509,46512,Y,Y,18f5384d58bcb1bba0bcd9e6a6781d1a6ac2cc280c330ecbab6cb7931b721552,18f5384d58bcb1bba0bcd9e6a6781d1a6ac2cc280c330ecbab6cb7931b721552,18f5384d58bcb1bba0bcd9e6a6781d1a6ac2cc280c330ecbab6cb7931b721552,$,,18f5384d58bcb1bba0bcd9e6a6781d1a6ac2cc280c330ecbab6cb7931b721552,18f5384d58bcb1bba0bcd9e6a6781d1a6ac2cc280c330ecbab6cb7931b721552,"{""basis"":""ordered source-target formula atom"",""kind"":""source-target-formula-map""}"
1.1.0,formula,O007-FREMLIN-V2-APP-2A3-FORMULA-1071,O007-FREMLIN-V2-APP-2A3,O007-RIGHTS-FREMLIN-DSL,O007-FREMLIN-V2-APP-2A3-SEG-2A3UC,1071,2A3Uc,2A3Uc,1025,1044,43436,43446,46540,46550,"(X,\rho)","(X,\rho)",fa8ed0d32b9aa95e8d7080f6670875ed1d3ef17778b8ab3e5df1bf04da4e5c0d,fa8ed0d32b9aa95e8d7080f6670875ed1d3ef17778b8ab3e5df1bf04da4e5c0d,fa8ed0d32b9aa95e8d7080f6670875ed1d3ef17778b8ab3e5df1bf04da4e5c0d,$,,fa8ed0d32b9aa95e8d7080f6670875ed1d3ef17778b8ab3e5df1bf04da4e5c0d,fa8ed0d32b9aa95e8d7080f6670875ed1d3ef17778b8ab3e5df1bf04da4e5c0d,"{""basis"":""ordered source-target formula atom"",""kind"":""source-target-formula-map""}"
1.1.0,formula,O007-FREMLIN-V2-APP-2A3-FORMULA-1072,O007-FREMLIN-V2-APP-2A3,O007-RIGHTS-FREMLIN-DSL,O007-FREMLIN-V2-APP-2A3-SEG-2A3UC,1072,2A3Uc,2A3Uc,1026,1045,43451,43463,46555,46567,"(Y,\theta)","(Y,\theta)",6efbd0421aa67a7383f938aff7fa222d1195db8b918bd71304fde032d90b7a0d,6efbd0421aa67a7383f938aff7fa222d1195db8b918bd71304fde032d90b7a0d,6efbd0421aa67a7383f938aff7fa222d1195db8b918bd71304fde032d90b7a0d,$,,6efbd0421aa67a7383f938aff7fa222d1195db8b918bd71304fde032d90b7a0d,6efbd0421aa67a7383f938aff7fa222d1195db8b918bd71304fde032d90b7a0d,"{""basis"":""ordered source-target formula atom"",""kind"":""source-target-formula-map""}"
1.1.0,formula,O007-FREMLIN-V2-APP-2A3-FORMULA-1073,O007-FREMLIN-V2-APP-2A3,O007-RIGHTS-FREMLIN-DSL,O007-FREMLIN-V2-APP-2A3-SEG-2A3UC,1073,2A3Uc,2A3Uc,1027,1046,43488,43491,46594,46597,f,f,252f10c83610ebca1a059c0bae8255eba2f95be4d1d7bcfa89d7248a82d9f111,252f10c83610ebca1a059c0bae8255eba2f95be4d1d7bcfa89d7248a82d9f111,252f10c83610ebca1a059c0bae8255eba2f95be4d1d7bcfa89d7248a82d9f111,$,,252f10c83610ebca1a059c0bae8255eba2f95be4d1d7bcfa89d7248a82d9f111,252f10c83610ebca1a059c0bae8255eba2f95be4d1d7bcfa89d7248a82d9f111,"{""basis"":""ordered source-target formula atom"",""kind"":""source-target-formula-map""}"
1.1.0,formula,O007-FREMLIN-V2-APP-2A3-FORMULA-1074,O007-FREMLIN-V2-APP-2A3,O007-RIGHTS-FREMLIN-DSL,O007-FREMLIN-V2-APP-2A3-SEG-2A3UC,1074,2A3Uc,2A3Uc,1027,1046,43493,43503,46599,46609,g:X\to Y,g:X\to Y,5e2c18caedaacf80bf8984c40cf2d10e7a5acddb230625e24537cd1ac214b5fb,5e2c18caedaacf80bf8984c40cf2d10e7a5acddb230625e24537cd1ac214b5fb,1a35fb1765a6d4e37cf4cd7ba9836087643374a0d122f1d5afdd3a67108e6c77,$,,1a35fb1765a6d4e37cf4cd7ba9836087643374a0d122f1d5afdd3a67108e6c77,1a35fb1765a6d4e37cf4cd7ba9836087643374a0d122f1d5afdd3a67108e6c77,"{""basis"":""ordered source-target formula atom"",""kind"":""source-target-formula-map""}"
1.1.0,formula,O007-FREMLIN-V2-APP-2A3-FORMULA-1075,O007-FREMLIN-V2-APP-2A3,O007-RIGHTS-FREMLIN-DSL,O007-FREMLIN-V2-APP-2A3-SEG-2A3UC,1075,2A3Uc,2A3Uc,1028,1047,43562,43565,46684,46687,D,D,3f39d5c348e5b79d06e842c114e6cc571583bbf44e4b0ebfda1a01ec05745d43,3f39d5c348e5b79d06e842c114e6cc571583bbf44e4b0ebfda1a01ec05745d43,3f39d5c348e5b79d06e842c114e6cc571583bbf44e4b0ebfda1a01ec05745d43,$,,3f39d5c348e5b79d06e842c114e6cc571583bbf44e4b0ebfda1a01ec05745d43,3f39d5c348e5b79d06e842c114e6cc571583bbf44e4b0ebfda1a01ec05745d43,"{""basis"":""ordered source-target formula atom"",""kind"":""source-target-formula-map""}"
1.1.0,formula,O007-FREMLIN-V2-APP-2A3-FORMULA-1076,O007-FREMLIN-V2-APP-2A3,O007-RIGHTS-FREMLIN-DSL,O007-FREMLIN-V2-APP-2A3-SEG-2A3UC,1076,2A3Uc,2A3Uc,1028,1047,43569,43572,46693,46696,X,X,4b68ab3847feda7d6c62c1fbcbeebfa35eab7351ed5e78f4ddadea5df64b8015,4b68ab3847feda7d6c62c1fbcbeebfa35eab7351ed5e78f4ddadea5df64b8015,4b68ab3847feda7d6c62c1fbcbeebfa35eab7351ed5e78f4ddadea5df64b8015,$,,4b68ab3847feda7d6c62c1fbcbeebfa35eab7351ed5e78f4ddadea5df64b8015,4b68ab3847feda7d6c62c1fbcbeebfa35eab7351ed5e78f4ddadea5df64b8015,"{""basis"":""ordered source-target formula atom"",""kind"":""source-target-formula-map""}"
1.1.0,formula,O007-FREMLIN-V2-APP-2A3-FORMULA-1077,O007-FREMLIN-V2-APP-2A3,O007-RIGHTS-FREMLIN-DSL,O007-FREMLIN-V2-APP-2A3-SEG-2A3UC,1077,2A3Uc,2A3Uc,1028,1047,43579,43584,46703,46708,f=g,f=g,263b26c3863f213442adaa4d8bffceaf652b9b0d4bd952a361905b3ffe334823,263b26c3863f213442adaa4d8bffceaf652b9b0d4bd952a361905b3ffe334823,263b26c3863f213442adaa4d8bffceaf652b9b0d4bd952a361905b3ffe334823,$,,263b26c3863f213442adaa4d8bffceaf652b9b0d4bd952a361905b3ffe334823,263b26c3863f213442adaa4d8bffceaf652b9b0d4bd952a361905b3ffe334823,"{""basis"":""ordered source-target formula atom"",""kind"":""source-target-formula-map""}"
1.1.0,formula,O007-FREMLIN-V2-APP-2A3-FORMULA-1078,O007-FREMLIN-V2-APP-2A3,O007-RIGHTS-FREMLIN-DSL,O007-FREMLIN-V2-APP-2A3-SEG-2A3UC,1078,2A3Uc,2A3Uc,1029,1048,43646,43654,46769,46777,x\in X,x\in X,d9448dfd3954dd39c12d483afd23d561b1b7d735af5f430b5dc457e6fa9ef99b,d9448dfd3954dd39c12d483afd23d561b1b7d735af5f430b5dc457e6fa9ef99b,858979f0c33c5f45e30780b82e2fa00184311296fbb7ef6bf3f4a6007c9b9cb1,$,,858979f0c33c5f45e30780b82e2fa00184311296fbb7ef6bf3f4a6007c9b9cb1,858979f0c33c5f45e30780b82e2fa00184311296fbb7ef6bf3f4a6007c9b9cb1,"{""basis"":""ordered source-target formula atom"",""kind"":""source-target-formula-map""}"
1.1.0,formula,O007-FREMLIN-V2-APP-2A3-FORMULA-1079,O007-FREMLIN-V2-APP-2A3,O007-RIGHTS-FREMLIN-DSL,O007-FREMLIN-V2-APP-2A3-SEG-2A3UC,1079,2A3Uc,2A3Uc,1030,1049,43665,43679,46787,46801,f(x)\ne g(x),f(x)\ne g(x),64d1f657b6e165254c6264a81396b1b40a0e4578c234426863f425d40a4daf7a,64d1f657b6e165254c6264a81396b1b40a0e4578c234426863f425d40a4daf7a,c722a44811c8a50c5f0ffd4ea0633d0f70204a90dc34bbf36032227cfcc2a73d,$,,c722a44811c8a50c5f0ffd4ea0633d0f70204a90dc34bbf36032227cfcc2a73d,c722a44811c8a50c5f0ffd4ea0633d0f70204a90dc34bbf36032227cfcc2a73d,"{""basis"":""ordered source-target formula atom"",""kind"":""source-target-formula-map""}"
1.1.0,formula,O007-FREMLIN-V2-APP-2A3-FORMULA-1080,O007-FREMLIN-V2-APP-2A3,O007-RIGHTS-FREMLIN-DSL,O007-FREMLIN-V2-APP-2A3-SEG-2A3UC,1080,2A3Uc,2A3Uc,1030,1049,43708,43711,46831,46834,G,G,333e0a1e27815d0ceee55c473fe3dc93d56c63e3bee2b3b4aee8eed6d70191a3,333e0a1e27815d0ceee55c473fe3dc93d56c63e3bee2b3b4aee8eed6d70191a3,333e0a1e27815d0ceee55c473fe3dc93d56c63e3bee2b3b4aee8eed6d70191a3,$,,333e0a1e27815d0ceee55c473fe3dc93d56c63e3bee2b3b4aee8eed6d70191a3,333e0a1e27815d0ceee55c473fe3dc93d56c63e3bee2b3b4aee8eed6d70191a3,"{""basis"":""ordered source-target formula atom"",""kind"":""source-target-formula-map""}"
1.1.0,formula,O007-FREMLIN-V2-APP-2A3-FORMULA-1081,O007-FREMLIN-V2-APP-2A3,O007-RIGHTS-FREMLIN-DSL,O007-FREMLIN-V2-APP-2A3-SEG-2A3UC,1081,2A3Uc,2A3Uc,1030,1049,43713,43727,46836,46850,H\subseteq Y,H\subseteq Y,553fe2b5a2b6a38e1519b0f7a38f1484b22adfbe42e3a839792622c5655a76b5,553fe2b5a2b6a38e1519b0f7a38f1484b22adfbe42e3a839792622c5655a76b5,e3ef2cc513c58012571d8ae761411764c90dde10bcd2f18cd741ff0a9606e3a2,$,,e3ef2cc513c58012571d8ae761411764c90dde10bcd2f18cd741ff0a9606e3a2,e3ef2cc513c58012571d8ae761411764c90dde10bcd2f18cd741ff0a9606e3a2,"{""basis"":""ordered source-target formula atom"",""kind"":""source-target-formula-map""}"
1.1.0,formula,O007-FREMLIN-V2-APP-2A3-FORMULA-1082,O007-FREMLIN-V2-APP-2A3,O007-RIGHTS-FREMLIN-DSL,O007-FREMLIN-V2-APP-2A3-SEG-2A3UC,1082,2A3Uc,2A3Uc,1031,1050,43738,43749,46871,46882,f(x)\in G,f(x)\in G,4dd3284d0e50e12f450a8f9b8858609fb7b10a1bb31d0d2ce799bbd2aa5de76f,4dd3284d0e50e12f450a8f9b8858609fb7b10a1bb31d0d2ce799bbd2aa5de76f,6c9484a0446ffe642f9c7dba6910b814cb3ae7af729434ee87f39a37925fe271,$,,6c9484a0446ffe642f9c7dba6910b814cb3ae7af729434ee87f39a37925fe271,6c9484a0446ffe642f9c7dba6910b814cb3ae7af729434ee87f39a37925fe271,"{""basis"":""ordered source-target formula atom"",""kind"":""source-target-formula-map""}"
1.1.0,formula,O007-FREMLIN-V2-APP-2A3-FORMULA-1083,O007-FREMLIN-V2-APP-2A3,O007-RIGHTS-FREMLIN-DSL,O007-FREMLIN-V2-APP-2A3-SEG-2A3UC,1083,2A3Uc,2A3Uc,1031,1050,43751,43762,46884,46895,g(x)\in H,g(x)\in H,4d6bc737b4798e3543956c4ecec052381ed4de323b23765c60d333e4c92a8a40,4d6bc737b4798e3543956c4ecec052381ed4de323b23765c60d333e4c92a8a40,1fd52a5a0a5f8df4d756e9131215f97ec3b148a57be0922b22bde4b5dd7e3291,$,,1fd52a5a0a5f8df4d756e9131215f97ec3b148a57be0922b22bde4b5dd7e3291,1fd52a5a0a5f8df4d756e9131215f97ec3b148a57be0922b22bde4b5dd7e3291,"{""basis"":""ordered source-target formula atom"",""kind"":""source-target-formula-map""}"
1.1.0,formula,O007-FREMLIN-V2-APP-2A3-FORMULA-1084,O007-FREMLIN-V2-APP-2A3,O007-RIGHTS-FREMLIN-DSL,O007-FREMLIN-V2-APP-2A3-SEG-2A3UC,1084,2A3Uc,2A3Uc,1031,1050,43767,43786,46900,46919,G\cap H=\emptyset,G\cap H=\emptyset,4532e9661152f73439c2bf8618dd941f1cad3b68740b55cf287fbeebdccea1f9,4532e9661152f73439c2bf8618dd941f1cad3b68740b55cf287fbeebdccea1f9,d2f61d193640b6f0c03b2591fbbc51abb374807f53d843072ca54bb22bdbf01e,$,,d2f61d193640b6f0c03b2591fbbc51abb374807f53d843072ca54bb22bdbf01e,d2f61d193640b6f0c03b2591fbbc51abb374807f53d843072ca54bb22bdbf01e,"{""basis"":""ordered source-target formula atom"",""kind"":""source-target-formula-map""}"
1.1.0,formula,O007-FREMLIN-V2-APP-2A3-FORMULA-1085,O007-FREMLIN-V2-APP-2A3,O007-RIGHTS-FREMLIN-DSL,O007-FREMLIN-V2-APP-2A3-SEG-2A3UC,1085,2A3Uc,2A3Uc,1032,1051,43794,43819,46930,46955,f^{-1}[G]\cap g^{-1}[H],f^{-1}[G]\cap g^{-1}[H],db1184f335ccd0f6badae2829556f53ff07948fac56106896c1c88b4d35d4ce4,db1184f335ccd0f6badae2829556f53ff07948fac56106896c1c88b4d35d4ce4,7fbd91f55cbe773e59e6598d79c2ba5784c936d352adb4c961e10161fdea438d,$,,7fbd91f55cbe773e59e6598d79c2ba5784c936d352adb4c961e10161fdea438d,7fbd91f55cbe773e59e6598d79c2ba5784c936d352adb4c961e10161fdea438d,"{""basis"":""ordered source-target formula atom"",""kind"":""source-target-formula-map""}"
1.1.0,formula,O007-FREMLIN-V2-APP-2A3-FORMULA-1086,O007-FREMLIN-V2-APP-2A3,O007-RIGHTS-FREMLIN-DSL,O007-FREMLIN-V2-APP-2A3-SEG-2A3UC,1086,2A3Uc,2A3Uc,1032,1051,43847,43850,46992,46995,x,x,2d711642b726b04401627ca9fbac32f5c8530fb1903cc4db02258717921a4881,2d711642b726b04401627ca9fbac32f5c8530fb1903cc4db02258717921a4881,2d711642b726b04401627ca9fbac32f5c8530fb1903cc4db02258717921a4881,$,,2d711642b726b04401627ca9fbac32f5c8530fb1903cc4db02258717921a4881,2d711642b726b04401627ca9fbac32f5c8530fb1903cc4db02258717921a4881,"{""basis"":""ordered source-target formula atom"",""kind"":""source-target-formula-map""}"
1.1.0,formula,O007-FREMLIN-V2-APP-2A3-FORMULA-1087,O007-FREMLIN-V2-APP-2A3,O007-RIGHTS-FREMLIN-DSL,O007-FREMLIN-V2-APP-2A3-SEG-2A3UC,1087,2A3Uc,2A3Uc,1033,1052,43895,43898,47053,47056,D,D,3f39d5c348e5b79d06e842c114e6cc571583bbf44e4b0ebfda1a01ec05745d43,3f39d5c348e5b79d06e842c114e6cc571583bbf44e4b0ebfda1a01ec05745d43,3f39d5c348e5b79d06e842c114e6cc571583bbf44e4b0ebfda1a01ec05745d43,$,,3f39d5c348e5b79d06e842c114e6cc571583bbf44e4b0ebfda1a01ec05745d43,3f39d5c348e5b79d06e842c114e6cc571583bbf44e4b0ebfda1a01ec05745d43,"{""basis"":""ordered source-target formula atom"",""kind"":""source-target-formula-map""}"
1.1.0,formula,O007-FREMLIN-V2-APP-2A3-FORMULA-1088,O007-FREMLIN-V2-APP-2A3,O007-RIGHTS-FREMLIN-DSL,O007-FREMLIN-V2-APP-2A3-SEG-2A3UC,1088,2A3Uc,2A3Uc,1033,1053,43903,43924,47063,47084,x\notin\overline{D},x\notin\overline{D},620b98f050e39cda41d8196c988f1882f67e0af4f1107b7a6bc57fe6b531dac3,620b98f050e39cda41d8196c988f1882f67e0af4f1107b7a6bc57fe6b531dac3,620b98f050e39cda41d8196c988f1882f67e0af4f1107b7a6bc57fe6b531dac3,$,,620b98f050e39cda41d8196c988f1882f67e0af4f1107b7a6bc57fe6b531dac3,620b98f050e39cda41d8196c988f1882f67e0af4f1107b7a6bc57fe6b531dac3,"{""basis"":""ordered source-target formula atom"",""kind"":""source-target-formula-map""}"
1.1.0,formula,O007-FREMLIN-V2-APP-2A3-FORMULA-1089,O007-FREMLIN-V2-APP-2A3,O007-RIGHTS-FREMLIN-DSL,O007-FREMLIN-V2-APP-2A3-SEG-2A3UC,1089,2A3Uc,2A3Uc,1033,1053,43929,43932,47089,47092,D,D,3f39d5c348e5b79d06e842c114e6cc571583bbf44e4b0ebfda1a01ec05745d43,3f39d5c348e5b79d06e842c114e6cc571583bbf44e4b0ebfda1a01ec05745d43,3f39d5c348e5b79d06e842c114e6cc571583bbf44e4b0ebfda1a01ec05745d43,$,,3f39d5c348e5b79d06e842c114e6cc571583bbf44e4b0ebfda1a01ec05745d43,3f39d5c348e5b79d06e842c114e6cc571583bbf44e4b0ebfda1a01ec05745d43,"{""basis"":""ordered source-target formula atom"",""kind"":""source-target-formula-map""}"
1.1.0,formula,O007-FREMLIN-V2-APP-2A3-FORMULA-1090,O007-FREMLIN-V2-APP-2A3,O007-RIGHTS-FREMLIN-DSL,O007-FREMLIN-V2-APP-2A3-SEG-2A3UD,1090,2A3Ud,2A3Ud,1037,1056,44081,44090,47246,47255,\BbbR^r,\BbbR^r,6a5173578402ab704fe0e78c24a3f6f09fe9ed2c7ea0fbe574d688249eb91ed7,6a5173578402ab704fe0e78c24a3f6f09fe9ed2c7ea0fbe574d688249eb91ed7,6a5173578402ab704fe0e78c24a3f6f09fe9ed2c7ea0fbe574d688249eb91ed7,$,,6a5173578402ab704fe0e78c24a3f6f09fe9ed2c7ea0fbe574d688249eb91ed7,6a5173578402ab704fe0e78c24a3f6f09fe9ed2c7ea0fbe574d688249eb91ed7,"{""basis"":""ordered source-target formula atom"",""kind"":""source-target-formula-map""}"
1.1.0,formula,O007-FREMLIN-V2-APP-2A3-FORMULA-1091,O007-FREMLIN-V2-APP-2A3,O007-RIGHTS-FREMLIN-DSL,O007-FREMLIN-V2-APP-2A3-SEG-2A3UD,1091,2A3Ud,2A3Ud,1038,1057,44114,44122,47279,47287,r\ge 1,r\ge 1,10bc42d96f51887ea400533a0f6b343406ae6bb4aac04938120632d6289e30dc,10bc42d96f51887ea400533a0f6b343406ae6bb4aac04938120632d6289e30dc,48d931adc78b0f862d3435fd812b0154451317701e4ee6ece3563bbd6d25a196,$,,48d931adc78b0f862d3435fd812b0154451317701e4ee6ece3563bbd6d25a196,48d931adc78b0f862d3435fd812b0154451317701e4ee6ece3563bbd6d25a196,"{""basis"":""ordered source-target formula atom"",""kind"":""source-target-formula-map""}"
1.1.0,formula,O007-FREMLIN-V2-APP-2A3-FORMULA-1092,O007-FREMLIN-V2-APP-2A3,O007-RIGHTS-FREMLIN-DSL,O007-FREMLIN-V2-APP-2A3-SEG-2A3UD,1092,2A3Ud,2A3Ud,1038,1057,44130,44144,47296,47310,\varBbb{Q}^r,\varBbb{Q}^r,7222c1ef4e09c6e18bf2538b838ff8b77d1773cc1becf62ecd71c519df3a410e,7222c1ef4e09c6e18bf2538b838ff8b77d1773cc1becf62ecd71c519df3a410e,7222c1ef4e09c6e18bf2538b838ff8b77d1773cc1becf62ecd71c519df3a410e,$,,7222c1ef4e09c6e18bf2538b838ff8b77d1773cc1becf62ecd71c519df3a410e,7222c1ef4e09c6e18bf2538b838ff8b77d1773cc1becf62ecd71c519df3a410e,"{""basis"":""ordered source-target formula atom"",""kind"":""source-target-formula-map""}"
