schema_version,record_type,id,unit_id,rights_id,segment_id,order,source_anchor,target_anchor,source_line_start,target_line_start,source_char_start,source_char_end,target_char_start,target_char_end,source_raw_tex,target_raw_tex,source_raw_tex_sha256,target_raw_tex_sha256,normalized_symbolic_sha256,math_delimiter,correction_ids,source_normalized_sha256,target_normalized_sha256,provenance
1.1.0,formula,O007-FREMLIN-V2-S265-FORMULA-0001,O007-FREMLIN-V2-S265,O007-RIGHTS-FREMLIN-DSL,O007-FREMLIN-V2-S265-SEG-265-INTRO,1,265-intro,265-intro,13,13,392,395,406,409,r,r,454349e422f05297191ead13e21d3db520e5abef52055e4964b82fb213f593a1,454349e422f05297191ead13e21d3db520e5abef52055e4964b82fb213f593a1,454349e422f05297191ead13e21d3db520e5abef52055e4964b82fb213f593a1,$,,454349e422f05297191ead13e21d3db520e5abef52055e4964b82fb213f593a1,454349e422f05297191ead13e21d3db520e5abef52055e4964b82fb213f593a1,"{""basis"":""ordered source-target formula atom"",""kind"":""source-target-formula-map""}"
1.1.0,formula,O007-FREMLIN-V2-S265-FORMULA-0002,O007-FREMLIN-V2-S265,O007-RIGHTS-FREMLIN-DSL,O007-FREMLIN-V2-S265-SEG-265-INTRO,2,265-intro,265-intro,13,13,428,431,442,445,r,r,454349e422f05297191ead13e21d3db520e5abef52055e4964b82fb213f593a1,454349e422f05297191ead13e21d3db520e5abef52055e4964b82fb213f593a1,454349e422f05297191ead13e21d3db520e5abef52055e4964b82fb213f593a1,$,,454349e422f05297191ead13e21d3db520e5abef52055e4964b82fb213f593a1,454349e422f05297191ead13e21d3db520e5abef52055e4964b82fb213f593a1,"{""basis"":""ordered source-target formula atom"",""kind"":""source-target-formula-map""}"
1.1.0,formula,O007-FREMLIN-V2-S265-FORMULA-0003,O007-FREMLIN-V2-S265,O007-RIGHTS-FREMLIN-DSL,O007-FREMLIN-V2-S265-SEG-265-INTRO,3,265-intro,265-intro,14,14,458,461,469,472,s,s,043a718774c572bd8a25adbeb1bfcd5c0256ae11cecf9f9c3f925d0e52beaf89,043a718774c572bd8a25adbeb1bfcd5c0256ae11cecf9f9c3f925d0e52beaf89,043a718774c572bd8a25adbeb1bfcd5c0256ae11cecf9f9c3f925d0e52beaf89,$,,043a718774c572bd8a25adbeb1bfcd5c0256ae11cecf9f9c3f925d0e52beaf89,043a718774c572bd8a25adbeb1bfcd5c0256ae11cecf9f9c3f925d0e52beaf89,"{""basis"":""ordered source-target formula atom"",""kind"":""source-target-formula-map""}"
1.1.0,formula,O007-FREMLIN-V2-S265-FORMULA-0004,O007-FREMLIN-V2-S265,O007-RIGHTS-FREMLIN-DSL,O007-FREMLIN-V2-S265-SEG-265-INTRO,4,265-intro,265-intro,14,14,517,522,512,517,r=2,r=2,0b6c19fb95ede4042a15946cfcaf06799c4dd7f83bc6c5d98a51a9ff334903de,0b6c19fb95ede4042a15946cfcaf06799c4dd7f83bc6c5d98a51a9ff334903de,0b6c19fb95ede4042a15946cfcaf06799c4dd7f83bc6c5d98a51a9ff334903de,$,,0b6c19fb95ede4042a15946cfcaf06799c4dd7f83bc6c5d98a51a9ff334903de,0b6c19fb95ede4042a15946cfcaf06799c4dd7f83bc6c5d98a51a9ff334903de,"{""basis"":""ordered source-target formula atom"",""kind"":""source-target-formula-map""}"
1.1.0,formula,O007-FREMLIN-V2-S265-FORMULA-0005,O007-FREMLIN-V2-S265,O007-RIGHTS-FREMLIN-DSL,O007-FREMLIN-V2-S265-SEG-265-INTRO,5,265-intro,265-intro,15,14,524,529,519,524,s=3,s=3,e067dad14d8022341d35d6b488bfb855d85ec68661b192bea68fa421a2901523,e067dad14d8022341d35d6b488bfb855d85ec68661b192bea68fa421a2901523,e067dad14d8022341d35d6b488bfb855d85ec68661b192bea68fa421a2901523,$,,e067dad14d8022341d35d6b488bfb855d85ec68661b192bea68fa421a2901523,e067dad14d8022341d35d6b488bfb855d85ec68661b192bea68fa421a2901523,"{""basis"":""ordered source-target formula atom"",""kind"":""source-target-formula-map""}"
1.1.0,formula,O007-FREMLIN-V2-S265-FORMULA-0006,O007-FREMLIN-V2-S265,O007-RIGHTS-FREMLIN-DSL,O007-FREMLIN-V2-S265-SEG-265-INTRO,6,265-intro,265-intro,18,18,731,734,733,736,r,r,454349e422f05297191ead13e21d3db520e5abef52055e4964b82fb213f593a1,454349e422f05297191ead13e21d3db520e5abef52055e4964b82fb213f593a1,454349e422f05297191ead13e21d3db520e5abef52055e4964b82fb213f593a1,$,,454349e422f05297191ead13e21d3db520e5abef52055e4964b82fb213f593a1,454349e422f05297191ead13e21d3db520e5abef52055e4964b82fb213f593a1,"{""basis"":""ordered source-target formula atom"",""kind"":""source-target-formula-map""}"
1.1.0,formula,O007-FREMLIN-V2-S265-FORMULA-0007,O007-FREMLIN-V2-S265,O007-RIGHTS-FREMLIN-DSL,O007-FREMLIN-V2-S265-SEG-265-INTRO,7,265-intro,265-intro,18,18,771,774,775,778,s,s,043a718774c572bd8a25adbeb1bfcd5c0256ae11cecf9f9c3f925d0e52beaf89,043a718774c572bd8a25adbeb1bfcd5c0256ae11cecf9f9c3f925d0e52beaf89,043a718774c572bd8a25adbeb1bfcd5c0256ae11cecf9f9c3f925d0e52beaf89,$,,043a718774c572bd8a25adbeb1bfcd5c0256ae11cecf9f9c3f925d0e52beaf89,043a718774c572bd8a25adbeb1bfcd5c0256ae11cecf9f9c3f925d0e52beaf89,"{""basis"":""ordered source-target formula atom"",""kind"":""source-target-formula-map""}"
1.1.0,formula,O007-FREMLIN-V2-S265-FORMULA-0008,O007-FREMLIN-V2-S265,O007-RIGHTS-FREMLIN-DSL,O007-FREMLIN-V2-S265-SEG-265-INTRO,8,265-intro,265-intro,20,20,906,909,900,903,r,r,454349e422f05297191ead13e21d3db520e5abef52055e4964b82fb213f593a1,454349e422f05297191ead13e21d3db520e5abef52055e4964b82fb213f593a1,454349e422f05297191ead13e21d3db520e5abef52055e4964b82fb213f593a1,$,,454349e422f05297191ead13e21d3db520e5abef52055e4964b82fb213f593a1,454349e422f05297191ead13e21d3db520e5abef52055e4964b82fb213f593a1,"{""basis"":""ordered source-target formula atom"",""kind"":""source-target-formula-map""}"
1.1.0,formula,O007-FREMLIN-V2-S265-FORMULA-0009,O007-FREMLIN-V2-S265,O007-RIGHTS-FREMLIN-DSL,O007-FREMLIN-V2-S265-SEG-265A,9,265A,265A,28,27,1229,1258,1282,1311,\nu_r=2^{-r}\beta_r\mu_{Hr},\nu_r=2^{-r}\beta_r\mu_{Hr},1ed16e4f7273fce617cb8c4f9f7843ccfdde5e3408b2869c17d1a7fa285f7331,1ed16e4f7273fce617cb8c4f9f7843ccfdde5e3408b2869c17d1a7fa285f7331,1ed16e4f7273fce617cb8c4f9f7843ccfdde5e3408b2869c17d1a7fa285f7331,$,,1ed16e4f7273fce617cb8c4f9f7843ccfdde5e3408b2869c17d1a7fa285f7331,1ed16e4f7273fce617cb8c4f9f7843ccfdde5e3408b2869c17d1a7fa285f7331,"{""basis"":""ordered source-target formula atom"",""kind"":""source-target-formula-map""}"
1.1.0,formula,O007-FREMLIN-V2-S265-FORMULA-0010,O007-FREMLIN-V2-S265,O007-RIGHTS-FREMLIN-DSL,O007-FREMLIN-V2-S265-SEG-265A,10,265A,265A,28,27,1266,1276,1320,1330,\mu_{Hr},\mu_{Hr},e743fe8316fcff8f2d9538efb00d23bbd8328edc5fe4cd44d96c16d433de340e,e743fe8316fcff8f2d9538efb00d23bbd8328edc5fe4cd44d96c16d433de340e,e743fe8316fcff8f2d9538efb00d23bbd8328edc5fe4cd44d96c16d433de340e,$,,e743fe8316fcff8f2d9538efb00d23bbd8328edc5fe4cd44d96c16d433de340e,e743fe8316fcff8f2d9538efb00d23bbd8328edc5fe4cd44d96c16d433de340e,"{""basis"":""ordered source-target formula atom"",""kind"":""source-target-formula-map""}"
1.1.0,formula,O007-FREMLIN-V2-S265-FORMULA-0011,O007-FREMLIN-V2-S265,O007-RIGHTS-FREMLIN-DSL,O007-FREMLIN-V2-S265-SEG-265A,11,265A,265A,28,28,1280,1283,1359,1362,r,r,454349e422f05297191ead13e21d3db520e5abef52055e4964b82fb213f593a1,454349e422f05297191ead13e21d3db520e5abef52055e4964b82fb213f593a1,454349e422f05297191ead13e21d3db520e5abef52055e4964b82fb213f593a1,$,,454349e422f05297191ead13e21d3db520e5abef52055e4964b82fb213f593a1,454349e422f05297191ead13e21d3db520e5abef52055e4964b82fb213f593a1,"{""basis"":""ordered source-target formula atom"",""kind"":""source-target-formula-map""}"
1.1.0,formula,O007-FREMLIN-V2-S265-FORMULA-0012,O007-FREMLIN-V2-S265,O007-RIGHTS-FREMLIN-DSL,O007-FREMLIN-V2-S265-SEG-265A,12,265A,265A,31,29,1382,1409,1431,1458,"\beta_r=\mu_rB(\tbf{0},1)","\beta_r=\mu_rB(\tbf{0},1)",d529f6259d582d483a1c6e24c1b6843519cd01a8e6f1a66bb39d9cf9bed4c2d3,d529f6259d582d483a1c6e24c1b6843519cd01a8e6f1a66bb39d9cf9bed4c2d3,d529f6259d582d483a1c6e24c1b6843519cd01a8e6f1a66bb39d9cf9bed4c2d3,$,,d529f6259d582d483a1c6e24c1b6843519cd01a8e6f1a66bb39d9cf9bed4c2d3,d529f6259d582d483a1c6e24c1b6843519cd01a8e6f1a66bb39d9cf9bed4c2d3,"{""basis"":""ordered source-target formula atom"",""kind"":""source-target-formula-map""}"
1.1.0,formula,O007-FREMLIN-V2-S265-FORMULA-0013,O007-FREMLIN-V2-S265,O007-RIGHTS-FREMLIN-DSL,O007-FREMLIN-V2-S265-SEG-265A,13,265A,265A,32,30,1456,1459,1505,1508,1,1,6b86b273ff34fce19d6b804eff5a3f5747ada4eaa22f1d49c01e52ddb7875b4b,6b86b273ff34fce19d6b804eff5a3f5747ada4eaa22f1d49c01e52ddb7875b4b,6b86b273ff34fce19d6b804eff5a3f5747ada4eaa22f1d49c01e52ddb7875b4b,$,,6b86b273ff34fce19d6b804eff5a3f5747ada4eaa22f1d49c01e52ddb7875b4b,6b86b273ff34fce19d6b804eff5a3f5747ada4eaa22f1d49c01e52ddb7875b4b,"{""basis"":""ordered source-target formula atom"",""kind"":""source-target-formula-map""}"
1.1.0,formula,O007-FREMLIN-V2-S265-FORMULA-0014,O007-FREMLIN-V2-S265,O007-RIGHTS-FREMLIN-DSL,O007-FREMLIN-V2-S265-SEG-265A,14,265A,265A,32,30,1463,1472,1515,1524,\BbbR^r,\BbbR^r,6a5173578402ab704fe0e78c24a3f6f09fe9ed2c7ea0fbe574d688249eb91ed7,6a5173578402ab704fe0e78c24a3f6f09fe9ed2c7ea0fbe574d688249eb91ed7,6a5173578402ab704fe0e78c24a3f6f09fe9ed2c7ea0fbe574d688249eb91ed7,$,,6a5173578402ab704fe0e78c24a3f6f09fe9ed2c7ea0fbe574d688249eb91ed7,6a5173578402ab704fe0e78c24a3f6f09fe9ed2c7ea0fbe574d688249eb91ed7,"{""basis"":""ordered source-target formula atom"",""kind"":""source-target-formula-map""}"
1.1.0,formula,O007-FREMLIN-V2-S265-FORMULA-0015,O007-FREMLIN-V2-S265,O007-RIGHTS-FREMLIN-DSL,O007-FREMLIN-V2-S265-SEG-265A,15,265A,265A,33,31,1513,1524,1569,1580,\beta_0=1,\beta_0=1,2e0c6f148f1e82daf62355babc2e15cee75f91b3ef28b3231176f15afa1ec8a3,2e0c6f148f1e82daf62355babc2e15cee75f91b3ef28b3231176f15afa1ec8a3,2e0c6f148f1e82daf62355babc2e15cee75f91b3ef28b3231176f15afa1ec8a3,$,,2e0c6f148f1e82daf62355babc2e15cee75f91b3ef28b3231176f15afa1ec8a3,2e0c6f148f1e82daf62355babc2e15cee75f91b3ef28b3231176f15afa1ec8a3,"{""basis"":""ordered source-target formula atom"",""kind"":""source-target-formula-map""}"
1.1.0,formula,O007-FREMLIN-V2-S265-FORMULA-0016,O007-FREMLIN-V2-S265,O007-RIGHTS-FREMLIN-DSL,O007-FREMLIN-V2-S265-SEG-265A,16,265A,265A,34,32,1590,1597,1668,1675,\nu_r,\nu_r,e8b3832b298d6101b15e3586330ba9623983dd4b8f502aadc70f38d121108a53,e8b3832b298d6101b15e3586330ba9623983dd4b8f502aadc70f38d121108a53,e8b3832b298d6101b15e3586330ba9623983dd4b8f502aadc70f38d121108a53,$,,e8b3832b298d6101b15e3586330ba9623983dd4b8f502aadc70f38d121108a53,e8b3832b298d6101b15e3586330ba9623983dd4b8f502aadc70f38d121108a53,"{""basis"":""ordered source-target formula atom"",""kind"":""source-target-formula-map""}"
1.1.0,formula,O007-FREMLIN-V2-S265-FORMULA-0017,O007-FREMLIN-V2-S265,O007-RIGHTS-FREMLIN-DSL,O007-FREMLIN-V2-S265-SEG-265A,17,265A,265A,34,33,1601,1610,1681,1690,\BbbR^r,\BbbR^r,6a5173578402ab704fe0e78c24a3f6f09fe9ed2c7ea0fbe574d688249eb91ed7,6a5173578402ab704fe0e78c24a3f6f09fe9ed2c7ea0fbe574d688249eb91ed7,6a5173578402ab704fe0e78c24a3f6f09fe9ed2c7ea0fbe574d688249eb91ed7,$,,6a5173578402ab704fe0e78c24a3f6f09fe9ed2c7ea0fbe574d688249eb91ed7,6a5173578402ab704fe0e78c24a3f6f09fe9ed2c7ea0fbe574d688249eb91ed7,"{""basis"":""ordered source-target formula atom"",""kind"":""source-target-formula-map""}"
1.1.0,formula,O007-FREMLIN-V2-S265-FORMULA-0018,O007-FREMLIN-V2-S265,O007-RIGHTS-FREMLIN-DSL,O007-FREMLIN-V2-S265-SEG-265A,18,265A,265A,34,33,1639,1646,1719,1726,\mu_r,\mu_r,22d0564d0934fa50a036d1a1a19205b73b08bd642cd02246cedd243103436145,22d0564d0934fa50a036d1a1a19205b73b08bd642cd02246cedd243103436145,22d0564d0934fa50a036d1a1a19205b73b08bd642cd02246cedd243103436145,$,,22d0564d0934fa50a036d1a1a19205b73b08bd642cd02246cedd243103436145,22d0564d0934fa50a036d1a1a19205b73b08bd642cd02246cedd243103436145,"{""basis"":""ordered source-target formula atom"",""kind"":""source-target-formula-map""}"
1.1.0,formula,O007-FREMLIN-V2-S265-FORMULA-0019,O007-FREMLIN-V2-S265,O007-RIGHTS-FREMLIN-DSL,O007-FREMLIN-V2-S265-SEG-265A,19,265A,265A,36,35,1679,1712,1764,1797,\nu_r^*=2^{-r}\beta_r\mu_{Hr}^*,\nu_r^*=2^{-r}\beta_r\mu_{Hr}^*,d3d9cd15dcb224f8b76b412134b80a0d93a2ba9b462401514e799cf48828fe96,d3d9cd15dcb224f8b76b412134b80a0d93a2ba9b462401514e799cf48828fe96,d3d9cd15dcb224f8b76b412134b80a0d93a2ba9b462401514e799cf48828fe96,$,,d3d9cd15dcb224f8b76b412134b80a0d93a2ba9b462401514e799cf48828fe96,d3d9cd15dcb224f8b76b412134b80a0d93a2ba9b462401514e799cf48828fe96,"{""basis"":""ordered source-target formula atom"",""kind"":""source-target-formula-map""}"
1.1.0,formula,O007-FREMLIN-V2-S265-FORMULA-0020,O007-FREMLIN-V2-S265,O007-RIGHTS-FREMLIN-DSL,O007-FREMLIN-V2-S265-SEG-265B,20,265B,265B,43,42,1897,1900,1987,1990,r,r,454349e422f05297191ead13e21d3db520e5abef52055e4964b82fb213f593a1,454349e422f05297191ead13e21d3db520e5abef52055e4964b82fb213f593a1,454349e422f05297191ead13e21d3db520e5abef52055e4964b82fb213f593a1,$,,454349e422f05297191ead13e21d3db520e5abef52055e4964b82fb213f593a1,454349e422f05297191ead13e21d3db520e5abef52055e4964b82fb213f593a1,"{""basis"":""ordered source-target formula atom"",""kind"":""source-target-formula-map""}"
1.1.0,formula,O007-FREMLIN-V2-S265-FORMULA-0021,O007-FREMLIN-V2-S265,O007-RIGHTS-FREMLIN-DSL,O007-FREMLIN-V2-S265-SEG-265B,21,265B,265B,43,42,1902,1905,1992,1995,s,s,043a718774c572bd8a25adbeb1bfcd5c0256ae11cecf9f9c3f925d0e52beaf89,043a718774c572bd8a25adbeb1bfcd5c0256ae11cecf9f9c3f925d0e52beaf89,043a718774c572bd8a25adbeb1bfcd5c0256ae11cecf9f9c3f925d0e52beaf89,$,,043a718774c572bd8a25adbeb1bfcd5c0256ae11cecf9f9c3f925d0e52beaf89,043a718774c572bd8a25adbeb1bfcd5c0256ae11cecf9f9c3f925d0e52beaf89,"{""basis"":""ordered source-target formula atom"",""kind"":""source-target-formula-map""}"
1.1.0,formula,O007-FREMLIN-V2-S265-FORMULA-0022,O007-FREMLIN-V2-S265,O007-RIGHTS-FREMLIN-DSL,O007-FREMLIN-V2-S265-SEG-265B,22,265B,265B,44,43,1924,1937,2025,2038,1\le r\le s,1\le r\le s,15ce78821bfec3fefc672c9007ecdd78d8e379e0ae449f509cd9976c6e4cf832,15ce78821bfec3fefc672c9007ecdd78d8e379e0ae449f509cd9976c6e4cf832,7c8fa503a935a11af3e1daec09533ce680161d66e99ab9f15103e6e838cfa2d7,$,,7c8fa503a935a11af3e1daec09533ce680161d66e99ab9f15103e6e838cfa2d7,7c8fa503a935a11af3e1daec09533ce680161d66e99ab9f15103e6e838cfa2d7,"{""basis"":""ordered source-target formula atom"",""kind"":""source-target-formula-map""}"
1.1.0,formula,O007-FREMLIN-V2-S265-FORMULA-0023,O007-FREMLIN-V2-S265,O007-RIGHTS-FREMLIN-DSL,O007-FREMLIN-V2-S265-SEG-265B,23,265B,265B,44,43,1948,1951,2044,2047,T,T,e632b7095b0bf32c260fa4c539e9fd7b852d0de454e9be26f24d0d6f91d069d3,e632b7095b0bf32c260fa4c539e9fd7b852d0de454e9be26f24d0d6f91d069d3,e632b7095b0bf32c260fa4c539e9fd7b852d0de454e9be26f24d0d6f91d069d3,$,,e632b7095b0bf32c260fa4c539e9fd7b852d0de454e9be26f24d0d6f91d069d3,e632b7095b0bf32c260fa4c539e9fd7b852d0de454e9be26f24d0d6f91d069d3,"{""basis"":""ordered source-target formula atom"",""kind"":""source-target-formula-map""}"
1.1.0,formula,O007-FREMLIN-V2-S265-FORMULA-0024,O007-FREMLIN-V2-S265,O007-RIGHTS-FREMLIN-DSL,O007-FREMLIN-V2-S265-SEG-265B,24,265B,265B,44,43,1962,1973,2078,2089,s\times r,s\times r,5b8faa3f3a53e3fd999980f2733db97c06c336e3307055f98839effee93567e2,5b8faa3f3a53e3fd999980f2733db97c06c336e3307055f98839effee93567e2,8d324e5b67828b33b22c560bdce540b90196231865b8e7532a1c1318ac39f193,$,,8d324e5b67828b33b22c560bdce540b90196231865b8e7532a1c1318ac39f193,8d324e5b67828b33b22c560bdce540b90196231865b8e7532a1c1318ac39f193,"{""basis"":""ordered source-target formula atom"",""kind"":""source-target-formula-map""}"
1.1.0,formula,O007-FREMLIN-V2-S265-FORMULA-0025,O007-FREMLIN-V2-S265,O007-RIGHTS-FREMLIN-DSL,O007-FREMLIN-V2-S265-SEG-265B,25,265B,265B,44,44,1990,1993,2099,2102,T,T,e632b7095b0bf32c260fa4c539e9fd7b852d0de454e9be26f24d0d6f91d069d3,e632b7095b0bf32c260fa4c539e9fd7b852d0de454e9be26f24d0d6f91d069d3,e632b7095b0bf32c260fa4c539e9fd7b852d0de454e9be26f24d0d6f91d069d3,$,,e632b7095b0bf32c260fa4c539e9fd7b852d0de454e9be26f24d0d6f91d069d3,e632b7095b0bf32c260fa4c539e9fd7b852d0de454e9be26f24d0d6f91d069d3,"{""basis"":""ordered source-target formula atom"",""kind"":""source-target-formula-map""}"
1.1.0,formula,O007-FREMLIN-V2-S265-FORMULA-0026,O007-FREMLIN-V2-S265,O007-RIGHTS-FREMLIN-DSL,O007-FREMLIN-V2-S265-SEG-265B,26,265B,265B,46,44,2020,2029,2132,2141,\BbbR^r,\BbbR^r,6a5173578402ab704fe0e78c24a3f6f09fe9ed2c7ea0fbe574d688249eb91ed7,6a5173578402ab704fe0e78c24a3f6f09fe9ed2c7ea0fbe574d688249eb91ed7,6a5173578402ab704fe0e78c24a3f6f09fe9ed2c7ea0fbe574d688249eb91ed7,$,,6a5173578402ab704fe0e78c24a3f6f09fe9ed2c7ea0fbe574d688249eb91ed7,6a5173578402ab704fe0e78c24a3f6f09fe9ed2c7ea0fbe574d688249eb91ed7,"{""basis"":""ordered source-target formula atom"",""kind"":""source-target-formula-map""}"
1.1.0,formula,O007-FREMLIN-V2-S265-FORMULA-0027,O007-FREMLIN-V2-S265,O007-RIGHTS-FREMLIN-DSL,O007-FREMLIN-V2-S265-SEG-265B,27,265B,265B,46,44,2033,2042,2145,2154,\BbbR^s,\BbbR^s,f842dcf194f3bd592805e21690cbc1fd0be53369425775f92b41b968a18cb018,f842dcf194f3bd592805e21690cbc1fd0be53369425775f92b41b968a18cb018,f842dcf194f3bd592805e21690cbc1fd0be53369425775f92b41b968a18cb018,$,,f842dcf194f3bd592805e21690cbc1fd0be53369425775f92b41b968a18cb018,f842dcf194f3bd592805e21690cbc1fd0be53369425775f92b41b968a18cb018,"{""basis"":""ordered source-target formula atom"",""kind"":""source-target-formula-map""}"
1.1.0,formula,O007-FREMLIN-V2-S265-FORMULA-0028,O007-FREMLIN-V2-S265,O007-RIGHTS-FREMLIN-DSL,O007-FREMLIN-V2-S265-SEG-265B,28,265B,265B,47,45,2050,2073,2165,2188,J=\sqrt{\det T\trs T},J=\sqrt{\det T\trs T},5841463b090bddb054e0b0e6de169460d002a58c16d451520a8c285cc9aa8064,5841463b090bddb054e0b0e6de169460d002a58c16d451520a8c285cc9aa8064,6a3b0b1de9552bb7ff142ef0438bf05b14b432b6789c6adae14c9af7a73fab93,$,,6a3b0b1de9552bb7ff142ef0438bf05b14b432b6789c6adae14c9af7a73fab93,6a3b0b1de9552bb7ff142ef0438bf05b14b432b6789c6adae14c9af7a73fab93,"{""basis"":""ordered source-target formula atom"",""kind"":""source-target-formula-map""}"
1.1.0,formula,O007-FREMLIN-V2-S265-FORMULA-0029,O007-FREMLIN-V2-S265,O007-RIGHTS-FREMLIN-DSL,O007-FREMLIN-V2-S265-SEG-265B,29,265B,265B,48,45,2081,2089,2197,2205,T\trs ,T\trs ,4c20d2f81891092af1f6970b244eec94e7b3feaf5baab042a769e1d37a5ab91f,4c20d2f81891092af1f6970b244eec94e7b3feaf5baab042a769e1d37a5ab91f,e36f0052457d55ff2dac77e6d4935d7d5665245fee242d456ab9818ea2ecd21d,$,,e36f0052457d55ff2dac77e6d4935d7d5665245fee242d456ab9818ea2ecd21d,e36f0052457d55ff2dac77e6d4935d7d5665245fee242d456ab9818ea2ecd21d,"{""basis"":""ordered source-target formula atom"",""kind"":""source-target-formula-map""}"
1.1.0,formula,O007-FREMLIN-V2-S265-FORMULA-0030,O007-FREMLIN-V2-S265,O007-RIGHTS-FREMLIN-DSL,O007-FREMLIN-V2-S265-SEG-265B,30,265B,265B,48,45,2110,2113,2220,2223,T,T,e632b7095b0bf32c260fa4c539e9fd7b852d0de454e9be26f24d0d6f91d069d3,e632b7095b0bf32c260fa4c539e9fd7b852d0de454e9be26f24d0d6f91d069d3,e632b7095b0bf32c260fa4c539e9fd7b852d0de454e9be26f24d0d6f91d069d3,$,,e632b7095b0bf32c260fa4c539e9fd7b852d0de454e9be26f24d0d6f91d069d3,e632b7095b0bf32c260fa4c539e9fd7b852d0de454e9be26f24d0d6f91d069d3,"{""basis"":""ordered source-target formula atom"",""kind"":""source-target-formula-map""}"
1.1.0,formula,O007-FREMLIN-V2-S265-FORMULA-0031,O007-FREMLIN-V2-S265,O007-RIGHTS-FREMLIN-DSL,O007-FREMLIN-V2-S265-SEG-265B,31,265B,265B,48,46,2123,2130,2234,2241,\nu_r,\nu_r,e8b3832b298d6101b15e3586330ba9623983dd4b8f502aadc70f38d121108a53,e8b3832b298d6101b15e3586330ba9623983dd4b8f502aadc70f38d121108a53,e8b3832b298d6101b15e3586330ba9623983dd4b8f502aadc70f38d121108a53,$,,e8b3832b298d6101b15e3586330ba9623983dd4b8f502aadc70f38d121108a53,e8b3832b298d6101b15e3586330ba9623983dd4b8f502aadc70f38d121108a53,"{""basis"":""ordered source-target formula atom"",""kind"":""source-target-formula-map""}"
1.1.0,formula,O007-FREMLIN-V2-S265-FORMULA-0032,O007-FREMLIN-V2-S265,O007-RIGHTS-FREMLIN-DSL,O007-FREMLIN-V2-S265-SEG-265B,32,265B,265B,49,46,2146,2149,2291,2294,r,r,454349e422f05297191ead13e21d3db520e5abef52055e4964b82fb213f593a1,454349e422f05297191ead13e21d3db520e5abef52055e4964b82fb213f593a1,454349e422f05297191ead13e21d3db520e5abef52055e4964b82fb213f593a1,$,,454349e422f05297191ead13e21d3db520e5abef52055e4964b82fb213f593a1,454349e422f05297191ead13e21d3db520e5abef52055e4964b82fb213f593a1,"{""basis"":""ordered source-target formula atom"",""kind"":""source-target-formula-map""}"
1.1.0,formula,O007-FREMLIN-V2-S265-FORMULA-0033,O007-FREMLIN-V2-S265,O007-RIGHTS-FREMLIN-DSL,O007-FREMLIN-V2-S265-SEG-265B,33,265B,265B,49,47,2183,2192,2300,2309,\BbbR^s,\BbbR^s,f842dcf194f3bd592805e21690cbc1fd0be53369425775f92b41b968a18cb018,f842dcf194f3bd592805e21690cbc1fd0be53369425775f92b41b968a18cb018,f842dcf194f3bd592805e21690cbc1fd0be53369425775f92b41b968a18cb018,$,,f842dcf194f3bd592805e21690cbc1fd0be53369425775f92b41b968a18cb018,f842dcf194f3bd592805e21690cbc1fd0be53369425775f92b41b968a18cb018,"{""basis"":""ordered source-target formula atom"",""kind"":""source-target-formula-map""}"
1.1.0,formula,O007-FREMLIN-V2-S265-FORMULA-0034,O007-FREMLIN-V2-S265,O007-RIGHTS-FREMLIN-DSL,O007-FREMLIN-V2-S265-SEG-265B,34,265B,265B,49,47,2194,2202,2311,2319,\Tau_r,\Tau_r,35585838a5fd965a400cd2c3b5b90bb8f0a180beb2d4f1ab1b19ca1cf258e9a6,35585838a5fd965a400cd2c3b5b90bb8f0a180beb2d4f1ab1b19ca1cf258e9a6,35585838a5fd965a400cd2c3b5b90bb8f0a180beb2d4f1ab1b19ca1cf258e9a6,$,,35585838a5fd965a400cd2c3b5b90bb8f0a180beb2d4f1ab1b19ca1cf258e9a6,35585838a5fd965a400cd2c3b5b90bb8f0a180beb2d4f1ab1b19ca1cf258e9a6,"{""basis"":""ordered source-target formula atom"",""kind"":""source-target-formula-map""}"
1.1.0,formula,O007-FREMLIN-V2-S265-FORMULA-0035,O007-FREMLIN-V2-S265,O007-RIGHTS-FREMLIN-DSL,O007-FREMLIN-V2-S265-SEG-265B,35,265B,265B,51,47,2223,2230,2341,2348,\mu_r,\mu_r,22d0564d0934fa50a036d1a1a19205b73b08bd642cd02246cedd243103436145,22d0564d0934fa50a036d1a1a19205b73b08bd642cd02246cedd243103436145,22d0564d0934fa50a036d1a1a19205b73b08bd642cd02246cedd243103436145,$,,22d0564d0934fa50a036d1a1a19205b73b08bd642cd02246cedd243103436145,22d0564d0934fa50a036d1a1a19205b73b08bd642cd02246cedd243103436145,"{""basis"":""ordered source-target formula atom"",""kind"":""source-target-formula-map""}"
1.1.0,formula,O007-FREMLIN-V2-S265-FORMULA-0036,O007-FREMLIN-V2-S265,O007-RIGHTS-FREMLIN-DSL,O007-FREMLIN-V2-S265-SEG-265B,36,265B,265B,51,48,2255,2264,2376,2385,\BbbR^r,\BbbR^r,6a5173578402ab704fe0e78c24a3f6f09fe9ed2c7ea0fbe574d688249eb91ed7,6a5173578402ab704fe0e78c24a3f6f09fe9ed2c7ea0fbe574d688249eb91ed7,6a5173578402ab704fe0e78c24a3f6f09fe9ed2c7ea0fbe574d688249eb91ed7,$,,6a5173578402ab704fe0e78c24a3f6f09fe9ed2c7ea0fbe574d688249eb91ed7,6a5173578402ab704fe0e78c24a3f6f09fe9ed2c7ea0fbe574d688249eb91ed7,"{""basis"":""ordered source-target formula atom"",""kind"":""source-target-formula-map""}"
1.1.0,formula,O007-FREMLIN-V2-S265-FORMULA-0037,O007-FREMLIN-V2-S265,O007-RIGHTS-FREMLIN-DSL,O007-FREMLIN-V2-S265-SEG-265B,37,265B,265B,53,50,2286,2306,2405,2425,\nu_r T[E]=J\mu_rE,\nu_r T[E]=J\mu_rE,7eb39929e665f434e7a85397aa1dc8ef091ff8d85a51a88b7371aa556468248e,7eb39929e665f434e7a85397aa1dc8ef091ff8d85a51a88b7371aa556468248e,6acb073493093ed070aa65efcf672f7ab01f164f5febc5a8a5c51636f391675d,$,,6acb073493093ed070aa65efcf672f7ab01f164f5febc5a8a5c51636f391675d,6acb073493093ed070aa65efcf672f7ab01f164f5febc5a8a5c51636f391675d,"{""basis"":""ordered source-target formula atom"",""kind"":""source-target-formula-map""}"
1.1.0,formula,O007-FREMLIN-V2-S265-FORMULA-0038,O007-FREMLIN-V2-S265,O007-RIGHTS-FREMLIN-DSL,O007-FREMLIN-V2-S265-SEG-265B,38,265B,265B,55,52,2344,2363,2468,2487,E\subseteq\BbbR^r,E\subseteq\BbbR^r,954f89af45ec4ad029bc32837e86fb50d51a2e1ff828eb481146f1fdb42adb99,954f89af45ec4ad029bc32837e86fb50d51a2e1ff828eb481146f1fdb42adb99,954f89af45ec4ad029bc32837e86fb50d51a2e1ff828eb481146f1fdb42adb99,$,,954f89af45ec4ad029bc32837e86fb50d51a2e1ff828eb481146f1fdb42adb99,954f89af45ec4ad029bc32837e86fb50d51a2e1ff828eb481146f1fdb42adb99,"{""basis"":""ordered source-target formula atom"",""kind"":""source-target-formula-map""}"
1.1.0,formula,O007-FREMLIN-V2-S265-FORMULA-0039,O007-FREMLIN-V2-S265,O007-RIGHTS-FREMLIN-DSL,O007-FREMLIN-V2-S265-SEG-265B,39,265B,265B,55,52,2370,2373,2494,2497,T,T,e632b7095b0bf32c260fa4c539e9fd7b852d0de454e9be26f24d0d6f91d069d3,e632b7095b0bf32c260fa4c539e9fd7b852d0de454e9be26f24d0d6f91d069d3,e632b7095b0bf32c260fa4c539e9fd7b852d0de454e9be26f24d0d6f91d069d3,$,,e632b7095b0bf32c260fa4c539e9fd7b852d0de454e9be26f24d0d6f91d069d3,e632b7095b0bf32c260fa4c539e9fd7b852d0de454e9be26f24d0d6f91d069d3,"{""basis"":""ordered source-target formula atom"",""kind"":""source-target-formula-map""}"
1.1.0,formula,O007-FREMLIN-V2-S265-FORMULA-0040,O007-FREMLIN-V2-S265,O007-RIGHTS-FREMLIN-DSL,O007-FREMLIN-V2-S265-SEG-265B,40,265B,265B,56,53,2400,2408,2519,2527,J\ne 0,J\ne 0,a0b963f80f7dba09a6b9b4d2dd8151424c2311c2c466fc39b22bfeddca995352,a0b963f80f7dba09a6b9b4d2dd8151424c2311c2c466fc39b22bfeddca995352,c5d83150711d9f25ee6d1727dce605da09bf10630c839d3bdd80ad584ef7db32,$,,c5d83150711d9f25ee6d1727dce605da09bf10630c839d3bdd80ad584ef7db32,c5d83150711d9f25ee6d1727dce605da09bf10630c839d3bdd80ad584ef7db32,"{""basis"":""ordered source-target formula atom"",""kind"":""source-target-formula-map""}"
1.1.0,formula,O007-FREMLIN-V2-S265-FORMULA-0041,O007-FREMLIN-V2-S265,O007-RIGHTS-FREMLIN-DSL,O007-FREMLIN-V2-S265-SEG-265B,41,265B,265B,58,55,2429,2453,2548,2572,\nu_rF=J\mu_rT^{-1}[F],\nu_rF=J\mu_rT^{-1}[F],ca599b0c646006de8bb6bc1e26ce22b9bd89733527b6f10b04f914d2c64cdcf4,ca599b0c646006de8bb6bc1e26ce22b9bd89733527b6f10b04f914d2c64cdcf4,ca599b0c646006de8bb6bc1e26ce22b9bd89733527b6f10b04f914d2c64cdcf4,$,,ca599b0c646006de8bb6bc1e26ce22b9bd89733527b6f10b04f914d2c64cdcf4,ca599b0c646006de8bb6bc1e26ce22b9bd89733527b6f10b04f914d2c64cdcf4,"{""basis"":""ordered source-target formula atom"",""kind"":""source-target-formula-map""}"
1.1.0,formula,O007-FREMLIN-V2-S265-FORMULA-0042,O007-FREMLIN-V2-S265,O007-RIGHTS-FREMLIN-DSL,O007-FREMLIN-V2-S265-SEG-265B,42,265B,265B,60,57,2475,2487,2595,2607,F\in\Tau_r,F\in\Tau_r,4c9ca7b6429575e712f68857a1aa2dc0b765302101e7c361a6b39faee5897a43,4c9ca7b6429575e712f68857a1aa2dc0b765302101e7c361a6b39faee5897a43,4c9ca7b6429575e712f68857a1aa2dc0b765302101e7c361a6b39faee5897a43,$,,4c9ca7b6429575e712f68857a1aa2dc0b765302101e7c361a6b39faee5897a43,4c9ca7b6429575e712f68857a1aa2dc0b765302101e7c361a6b39faee5897a43,"{""basis"":""ordered source-target formula atom"",""kind"":""source-target-formula-map""}"
1.1.0,formula,O007-FREMLIN-V2-S265-FORMULA-0043,O007-FREMLIN-V2-S265,O007-RIGHTS-FREMLIN-DSL,O007-FREMLIN-V2-S265-SEG-265B,43,265B,265B,60,57,2492,2515,2612,2635,F\subseteq T[\BbbR^r],F\subseteq T[\BbbR^r],df935e93efcc9ea71226bf976ff4fa75035e7320fa90b41f914ffe6fdbb696f5,df935e93efcc9ea71226bf976ff4fa75035e7320fa90b41f914ffe6fdbb696f5,740887c1447e76fafacd423d7199b5b076f1fed259dc146b7f7a438cc856e71b,$,,740887c1447e76fafacd423d7199b5b076f1fed259dc146b7f7a438cc856e71b,740887c1447e76fafacd423d7199b5b076f1fed259dc146b7f7a438cc856e71b,"{""basis"":""ordered source-target formula atom"",""kind"":""source-target-formula-map""}"
1.1.0,formula,O007-FREMLIN-V2-S265-FORMULA-0044,O007-FREMLIN-V2-S265,O007-RIGHTS-FREMLIN-DSL,O007-FREMLIN-V2-S265-SEG-265B,44,265B,265B,62,59,2542,2545,2658,2661,J,J,6da43b944e494e885e69af021f93c6d9331c78aa228084711429160a5bbd15b5,6da43b944e494e885e69af021f93c6d9331c78aa228084711429160a5bbd15b5,6da43b944e494e885e69af021f93c6d9331c78aa228084711429160a5bbd15b5,$,,6da43b944e494e885e69af021f93c6d9331c78aa228084711429160a5bbd15b5,6da43b944e494e885e69af021f93c6d9331c78aa228084711429160a5bbd15b5,"{""basis"":""ordered source-target formula atom"",""kind"":""source-target-formula-map""}"
1.1.0,formula,O007-FREMLIN-V2-S265-FORMULA-0045,O007-FREMLIN-V2-S265,O007-RIGHTS-FREMLIN-DSL,O007-FREMLIN-V2-S265-SEG-265B,45,265B,265B,62,59,2559,2573,2681,2695,\det T\trs T,\det T\trs T,665416a9426fd9ac6fc13b73997ddd3cab92a4bb364a1908cccba39d4efd7188,665416a9426fd9ac6fc13b73997ddd3cab92a4bb364a1908cccba39d4efd7188,959e7ac35142ce17cc4d74d7b0a4dab719bdc23cd4a630a17c64d4f9a8abcfbd,$,,959e7ac35142ce17cc4d74d7b0a4dab719bdc23cd4a630a17c64d4f9a8abcfbd,959e7ac35142ce17cc4d74d7b0a4dab719bdc23cd4a630a17c64d4f9a8abcfbd,"{""basis"":""ordered source-target formula atom"",""kind"":""source-target-formula-map""}"
1.1.0,formula,O007-FREMLIN-V2-S265-FORMULA-0046,O007-FREMLIN-V2-S265,O007-RIGHTS-FREMLIN-DSL,O007-FREMLIN-V2-S265-SEG-265B,46,265B,265B,66,63,2706,2709,2827,2830,V,V,de5a6f78116eca62d7fc5ce159d23ae6b889b365a1739ad2cf36f925a140d0cc,de5a6f78116eca62d7fc5ce159d23ae6b889b365a1739ad2cf36f925a140d0cc,de5a6f78116eca62d7fc5ce159d23ae6b889b365a1739ad2cf36f925a140d0cc,$,,de5a6f78116eca62d7fc5ce159d23ae6b889b365a1739ad2cf36f925a140d0cc,de5a6f78116eca62d7fc5ce159d23ae6b889b365a1739ad2cf36f925a140d0cc,"{""basis"":""ordered source-target formula atom"",""kind"":""source-target-formula-map""}"
1.1.0,formula,O007-FREMLIN-V2-S265-FORMULA-0047,O007-FREMLIN-V2-S265,O007-RIGHTS-FREMLIN-DSL,O007-FREMLIN-V2-S265-SEG-265B,47,265B,265B,66,63,2736,2745,2859,2868,\BbbR^s,\BbbR^s,f842dcf194f3bd592805e21690cbc1fd0be53369425775f92b41b968a18cb018,f842dcf194f3bd592805e21690cbc1fd0be53369425775f92b41b968a18cb018,f842dcf194f3bd592805e21690cbc1fd0be53369425775f92b41b968a18cb018,$,,f842dcf194f3bd592805e21690cbc1fd0be53369425775f92b41b968a18cb018,f842dcf194f3bd592805e21690cbc1fd0be53369425775f92b41b968a18cb018,"{""basis"":""ordered source-target formula atom"",""kind"":""source-target-formula-map""}"
1.1.0,formula,O007-FREMLIN-V2-S265-FORMULA-0048,O007-FREMLIN-V2-S265,O007-RIGHTS-FREMLIN-DSL,O007-FREMLIN-V2-S265-SEG-265B,48,265B,265B,67,64,2768,2794,2894,2920,"y=(\eta_1,\ldots,\eta_s)","y=(\eta_1,\ldots,\eta_s)",a6afe25f8e49c90e0144e5d59cf75cc3d9c55a613232d11ea39503d12c739871,a6afe25f8e49c90e0144e5d59cf75cc3d9c55a613232d11ea39503d12c739871,a6afe25f8e49c90e0144e5d59cf75cc3d9c55a613232d11ea39503d12c739871,$,,a6afe25f8e49c90e0144e5d59cf75cc3d9c55a613232d11ea39503d12c739871,a6afe25f8e49c90e0144e5d59cf75cc3d9c55a613232d11ea39503d12c739871,"{""basis"":""ordered source-target formula atom"",""kind"":""source-target-formula-map""}"
1.1.0,formula,O007-FREMLIN-V2-S265-FORMULA-0049,O007-FREMLIN-V2-S265,O007-RIGHTS-FREMLIN-DSL,O007-FREMLIN-V2-S265-SEG-265B,49,265B,265B,67,65,2805,2815,2941,2951,\eta_i=0,\eta_i=0,75fe89777b3093a37f895816f3500e069baa9ad5cc6997ae984c882a0bf946d0,75fe89777b3093a37f895816f3500e069baa9ad5cc6997ae984c882a0bf946d0,75fe89777b3093a37f895816f3500e069baa9ad5cc6997ae984c882a0bf946d0,$,,75fe89777b3093a37f895816f3500e069baa9ad5cc6997ae984c882a0bf946d0,75fe89777b3093a37f895816f3500e069baa9ad5cc6997ae984c882a0bf946d0,"{""basis"":""ordered source-target formula atom"",""kind"":""source-target-formula-map""}"
1.1.0,formula,O007-FREMLIN-V2-S265-FORMULA-0050,O007-FREMLIN-V2-S265,O007-RIGHTS-FREMLIN-DSL,O007-FREMLIN-V2-S265-SEG-265B,50,265B,265B,68,65,2825,2835,2962,2972,"r<i\le
s",r<i\le s,decc107260e23bbd34fb5f1e8e8d5ee8184d57a2f16645f1f1e6ec74348897bb,f3dee94d3f8ba00a90f694e1263c6a0a2f47ebb7c02fed1bf86197657aab1c09,962798721f0fc47f18524429bb2c5db385d5326993ab891d859931689dd5a38b,$,,962798721f0fc47f18524429bb2c5db385d5326993ab891d859931689dd5a38b,962798721f0fc47f18524429bb2c5db385d5326993ab891d859931689dd5a38b,"{""basis"":""ordered source-target formula atom"",""kind"":""source-target-formula-map""}"
1.1.0,formula,O007-FREMLIN-V2-S265-FORMULA-0051,O007-FREMLIN-V2-S265,O007-RIGHTS-FREMLIN-DSL,O007-FREMLIN-V2-S265-SEG-265B,51,265B,265B,69,65,2843,2846,2983,2986,R,R,8c2574892063f995fdf756bce07f46c1a5193e54cd52837ed91e32008ccf41ac,8c2574892063f995fdf756bce07f46c1a5193e54cd52837ed91e32008ccf41ac,8c2574892063f995fdf756bce07f46c1a5193e54cd52837ed91e32008ccf41ac,$,,8c2574892063f995fdf756bce07f46c1a5193e54cd52837ed91e32008ccf41ac,8c2574892063f995fdf756bce07f46c1a5193e54cd52837ed91e32008ccf41ac,"{""basis"":""ordered source-target formula atom"",""kind"":""source-target-formula-map""}"
1.1.0,formula,O007-FREMLIN-V2-S265-FORMULA-0052,O007-FREMLIN-V2-S265,O007-RIGHTS-FREMLIN-DSL,O007-FREMLIN-V2-S265-SEG-265B,52,265B,265B,69,66,2854,2865,3002,3013,r\times s,r\times s,a2e9b26216c1d10c0a798f64ece1f137235733d25f6c6456c818ce56a2eb0354,a2e9b26216c1d10c0a798f64ece1f137235733d25f6c6456c818ce56a2eb0354,e3fc2256d98089d4ae79059fb4e49e54a4a26b9bad8ab83c468b61795c02fe16,$,,e3fc2256d98089d4ae79059fb4e49e54a4a26b9bad8ab83c468b61795c02fe16,e3fc2256d98089d4ae79059fb4e49e54a4a26b9bad8ab83c468b61795c02fe16,"{""basis"":""ordered source-target formula atom"",""kind"":""source-target-formula-map""}"
1.1.0,formula,O007-FREMLIN-V2-S265-FORMULA-0053,O007-FREMLIN-V2-S265,O007-RIGHTS-FREMLIN-DSL,O007-FREMLIN-V2-S265-SEG-265B,53,265B,265B,69,66,2873,2915,3015,3056,"\langle
\rho_{ij}\rangle_{i\le
r,j\le s}","\langle\rho_{ij}\rangle_{i\le r,j\le s}",1870f07b3599f37f080b286c32c1c34aecd4ffdb4cbe2c9c3dffc86f07b117d4,7265be4311f4059528643fa8e693431b20b9f9667af6023612a2c9bbcdbb8e65,91235286678c9eba0cbc34ca13d62b42fc894c12ce999fe4f207b90e97b2014f,$,,91235286678c9eba0cbc34ca13d62b42fc894c12ce999fe4f207b90e97b2014f,91235286678c9eba0cbc34ca13d62b42fc894c12ce999fe4f207b90e97b2014f,"{""basis"":""ordered source-target formula atom"",""kind"":""source-target-formula-map""}"
1.1.0,formula,O007-FREMLIN-V2-S265-FORMULA-0054,O007-FREMLIN-V2-S265,O007-RIGHTS-FREMLIN-DSL,O007-FREMLIN-V2-S265-SEG-265B,54,265B,265B,71,67,2923,2936,3065,3078,\rho_{ij}=1,\rho_{ij}=1,f6dc059a2fdccec3de98839319d50478fe65b5a070126c2233c9bf1eaead07d8,f6dc059a2fdccec3de98839319d50478fe65b5a070126c2233c9bf1eaead07d8,f6dc059a2fdccec3de98839319d50478fe65b5a070126c2233c9bf1eaead07d8,$,,f6dc059a2fdccec3de98839319d50478fe65b5a070126c2233c9bf1eaead07d8,f6dc059a2fdccec3de98839319d50478fe65b5a070126c2233c9bf1eaead07d8,"{""basis"":""ordered source-target formula atom"",""kind"":""source-target-formula-map""}"
1.1.0,formula,O007-FREMLIN-V2-S265-FORMULA-0055,O007-FREMLIN-V2-S265,O007-RIGHTS-FREMLIN-DSL,O007-FREMLIN-V2-S265-SEG-265B,55,265B,265B,71,67,2940,2950,3084,3094,i=j\le r,i=j\le r,ce8143adbd3c7158079e6e43a24bbe8fc52c6f05d510903617168fbc16956f3b,ce8143adbd3c7158079e6e43a24bbe8fc52c6f05d510903617168fbc16956f3b,6e2c4d0c7e565514abdf6b9b5d4dc880614b7ec2fa1defb5b79bf43f6f08812f,$,,6e2c4d0c7e565514abdf6b9b5d4dc880614b7ec2fa1defb5b79bf43f6f08812f,6e2c4d0c7e565514abdf6b9b5d4dc880614b7ec2fa1defb5b79bf43f6f08812f,"{""basis"":""ordered source-target formula atom"",""kind"":""source-target-formula-map""}"
1.1.0,formula,O007-FREMLIN-V2-S265-FORMULA-0056,O007-FREMLIN-V2-S265,O007-RIGHTS-FREMLIN-DSL,O007-FREMLIN-V2-S265-SEG-265B,56,265B,265B,71,67,2952,2955,3100,3103,0,0,5feceb66ffc86f38d952786c6d696c79c2dbc239dd4e91b46729d73a27fb57e9,5feceb66ffc86f38d952786c6d696c79c2dbc239dd4e91b46729d73a27fb57e9,5feceb66ffc86f38d952786c6d696c79c2dbc239dd4e91b46729d73a27fb57e9,$,,5feceb66ffc86f38d952786c6d696c79c2dbc239dd4e91b46729d73a27fb57e9,5feceb66ffc86f38d952786c6d696c79c2dbc239dd4e91b46729d73a27fb57e9,"{""basis"":""ordered source-target formula atom"",""kind"":""source-target-formula-map""}"
1.1.0,formula,O007-FREMLIN-V2-S265-FORMULA-0057,O007-FREMLIN-V2-S265,O007-RIGHTS-FREMLIN-DSL,O007-FREMLIN-V2-S265-SEG-265B,57,265B,265B,73,68,2977,2988,3129,3140,s\times r,s\times r,5b8faa3f3a53e3fd999980f2733db97c06c336e3307055f98839effee93567e2,5b8faa3f3a53e3fd999980f2733db97c06c336e3307055f98839effee93567e2,8d324e5b67828b33b22c560bdce540b90196231865b8e7532a1c1318ac39f193,$,,8d324e5b67828b33b22c560bdce540b90196231865b8e7532a1c1318ac39f193,8d324e5b67828b33b22c560bdce540b90196231865b8e7532a1c1318ac39f193,"{""basis"":""ordered source-target formula atom"",""kind"":""source-target-formula-map""}"
1.1.0,formula,O007-FREMLIN-V2-S265-FORMULA-0058,O007-FREMLIN-V2-S265,O007-RIGHTS-FREMLIN-DSL,O007-FREMLIN-V2-S265-SEG-265B,58,265B,265B,73,68,2996,3004,3141,3149,R\trs ,R\trs ,f6e725d652ef6f3c49d550f1b82ea5fdf032bbffc4dcaaeebfb001673596450e,f6e725d652ef6f3c49d550f1b82ea5fdf032bbffc4dcaaeebfb001673596450e,71aeec9306e8ba31b12df5a985014e01adeb077a5249820268f42073e07db011,$,,71aeec9306e8ba31b12df5a985014e01adeb077a5249820268f42073e07db011,71aeec9306e8ba31b12df5a985014e01adeb077a5249820268f42073e07db011,"{""basis"":""ordered source-target formula atom"",""kind"":""source-target-formula-map""}"
1.1.0,formula,O007-FREMLIN-V2-S265-FORMULA-0059,O007-FREMLIN-V2-S265,O007-RIGHTS-FREMLIN-DSL,O007-FREMLIN-V2-S265-SEG-265B,59,265B,265B,74,68,3041,3050,3187,3196,\BbbR^r,\BbbR^r,6a5173578402ab704fe0e78c24a3f6f09fe9ed2c7ea0fbe574d688249eb91ed7,6a5173578402ab704fe0e78c24a3f6f09fe9ed2c7ea0fbe574d688249eb91ed7,6a5173578402ab704fe0e78c24a3f6f09fe9ed2c7ea0fbe574d688249eb91ed7,$,,6a5173578402ab704fe0e78c24a3f6f09fe9ed2c7ea0fbe574d688249eb91ed7,6a5173578402ab704fe0e78c24a3f6f09fe9ed2c7ea0fbe574d688249eb91ed7,"{""basis"":""ordered source-target formula atom"",""kind"":""source-target-formula-map""}"
1.1.0,formula,O007-FREMLIN-V2-S265-FORMULA-0060,O007-FREMLIN-V2-S265,O007-RIGHTS-FREMLIN-DSL,O007-FREMLIN-V2-S265-SEG-265B,60,265B,265B,74,69,3054,3057,3200,3203,V,V,de5a6f78116eca62d7fc5ce159d23ae6b889b365a1739ad2cf36f925a140d0cc,de5a6f78116eca62d7fc5ce159d23ae6b889b365a1739ad2cf36f925a140d0cc,de5a6f78116eca62d7fc5ce159d23ae6b889b365a1739ad2cf36f925a140d0cc,$,,de5a6f78116eca62d7fc5ce159d23ae6b889b365a1739ad2cf36f925a140d0cc,de5a6f78116eca62d7fc5ce159d23ae6b889b365a1739ad2cf36f925a140d0cc,"{""basis"":""ordered source-target formula atom"",""kind"":""source-target-formula-map""}"
1.1.0,formula,O007-FREMLIN-V2-S265-FORMULA-0061,O007-FREMLIN-V2-S265,O007-RIGHTS-FREMLIN-DSL,O007-FREMLIN-V2-S265-SEG-265B,61,265B,265B,74,69,3065,3068,3214,3217,W,W,fcb5f40df9be6bae66c1d77a6c15968866a9e6cbd7314ca432b019d17392f6f4,fcb5f40df9be6bae66c1d77a6c15968866a9e6cbd7314ca432b019d17392f6f4,fcb5f40df9be6bae66c1d77a6c15968866a9e6cbd7314ca432b019d17392f6f4,$,,fcb5f40df9be6bae66c1d77a6c15968866a9e6cbd7314ca432b019d17392f6f4,fcb5f40df9be6bae66c1d77a6c15968866a9e6cbd7314ca432b019d17392f6f4,"{""basis"":""ordered source-target formula atom"",""kind"":""source-target-formula-map""}"
1.1.0,formula,O007-FREMLIN-V2-S265-FORMULA-0062,O007-FREMLIN-V2-S265,O007-RIGHTS-FREMLIN-DSL,O007-FREMLIN-V2-S265-SEG-265B,62,265B,265B,75,69,3075,3078,3252,3255,r,r,454349e422f05297191ead13e21d3db520e5abef52055e4964b82fb213f593a1,454349e422f05297191ead13e21d3db520e5abef52055e4964b82fb213f593a1,454349e422f05297191ead13e21d3db520e5abef52055e4964b82fb213f593a1,$,,454349e422f05297191ead13e21d3db520e5abef52055e4964b82fb213f593a1,454349e422f05297191ead13e21d3db520e5abef52055e4964b82fb213f593a1,"{""basis"":""ordered source-target formula atom"",""kind"":""source-target-formula-map""}"
1.1.0,formula,O007-FREMLIN-V2-S265-FORMULA-0063,O007-FREMLIN-V2-S265,O007-RIGHTS-FREMLIN-DSL,O007-FREMLIN-V2-S265-SEG-265B,63,265B,265B,75,70,3110,3119,3261,3270,\BbbR^s,\BbbR^s,f842dcf194f3bd592805e21690cbc1fd0be53369425775f92b41b968a18cb018,f842dcf194f3bd592805e21690cbc1fd0be53369425775f92b41b968a18cb018,f842dcf194f3bd592805e21690cbc1fd0be53369425775f92b41b968a18cb018,$,,f842dcf194f3bd592805e21690cbc1fd0be53369425775f92b41b968a18cb018,f842dcf194f3bd592805e21690cbc1fd0be53369425775f92b41b968a18cb018,"{""basis"":""ordered source-target formula atom"",""kind"":""source-target-formula-map""}"
1.1.0,formula,O007-FREMLIN-V2-S265-FORMULA-0064,O007-FREMLIN-V2-S265,O007-RIGHTS-FREMLIN-DSL,O007-FREMLIN-V2-S265-SEG-265B,64,265B,265B,75,70,3130,3142,3283,3295,T[\BbbR^r],T[\BbbR^r],6539fe6df38c03cc85e12cf92aef00b83021199e28edb18ec3d0b261f6c511a3,6539fe6df38c03cc85e12cf92aef00b83021199e28edb18ec3d0b261f6c511a3,6539fe6df38c03cc85e12cf92aef00b83021199e28edb18ec3d0b261f6c511a3,$,,6539fe6df38c03cc85e12cf92aef00b83021199e28edb18ec3d0b261f6c511a3,6539fe6df38c03cc85e12cf92aef00b83021199e28edb18ec3d0b261f6c511a3,"{""basis"":""ordered source-target formula atom"",""kind"":""source-target-formula-map""}"
1.1.0,formula,O007-FREMLIN-V2-S265-FORMULA-0065,O007-FREMLIN-V2-S265,O007-RIGHTS-FREMLIN-DSL,O007-FREMLIN-V2-S265-SEG-265B,65,265B,265B,76,70,3152,3155,3310,3313,P,P,5c62e091b8c0565f1bafad0dad5934276143ae2ccef7a5381e8ada5b1a8d26d2,5c62e091b8c0565f1bafad0dad5934276143ae2ccef7a5381e8ada5b1a8d26d2,5c62e091b8c0565f1bafad0dad5934276143ae2ccef7a5381e8ada5b1a8d26d2,$,,5c62e091b8c0565f1bafad0dad5934276143ae2ccef7a5381e8ada5b1a8d26d2,5c62e091b8c0565f1bafad0dad5934276143ae2ccef7a5381e8ada5b1a8d26d2,"{""basis"":""ordered source-target formula atom"",""kind"":""source-target-formula-map""}"
1.1.0,formula,O007-FREMLIN-V2-S265-FORMULA-0066,O007-FREMLIN-V2-S265,O007-RIGHTS-FREMLIN-DSL,O007-FREMLIN-V2-S265-SEG-265B,66,265B,265B,76,71,3173,3184,3339,3350,s\times s,s\times s,ce57a8955a5278836cfc00efb2da6f227efefa8f1e7300b6180585dadd30de3b,ce57a8955a5278836cfc00efb2da6f227efefa8f1e7300b6180585dadd30de3b,8341670d362bce3773105de0c981baa4404744e48ebd8a205e1928c573a281ad,$,,8341670d362bce3773105de0c981baa4404744e48ebd8a205e1928c573a281ad,8341670d362bce3773105de0c981baa4404744e48ebd8a205e1928c573a281ad,"{""basis"":""ordered source-target formula atom"",""kind"":""source-target-formula-map""}"
1.1.0,formula,O007-FREMLIN-V2-S265-FORMULA-0067,O007-FREMLIN-V2-S265,O007-RIGHTS-FREMLIN-DSL,O007-FREMLIN-V2-S265-SEG-265B,67,265B,265B,76,71,3202,3210,3371,3379,P[W]=V,P[W]=V,4440e2385d206279580a7095f3d7285290ac2d94ebf85c0f787325e1e6d6690b,4440e2385d206279580a7095f3d7285290ac2d94ebf85c0f787325e1e6d6690b,4440e2385d206279580a7095f3d7285290ac2d94ebf85c0f787325e1e6d6690b,$,,4440e2385d206279580a7095f3d7285290ac2d94ebf85c0f787325e1e6d6690b,4440e2385d206279580a7095f3d7285290ac2d94ebf85c0f787325e1e6d6690b,"{""basis"":""ordered source-target formula atom"",""kind"":""source-target-formula-map""}"
1.1.0,formula,O007-FREMLIN-V2-S265-FORMULA-0068,O007-FREMLIN-V2-S265,O007-RIGHTS-FREMLIN-DSL,O007-FREMLIN-V2-S265-SEG-265B,68,265B,265B,77,71,3217,3224,3386,3393,S=RPT,S=RPT,22390ea432efb2917bf3fa85e7c3694b026ca4657427f8ad8e9ed01b49bcb84a,22390ea432efb2917bf3fa85e7c3694b026ca4657427f8ad8e9ed01b49bcb84a,22390ea432efb2917bf3fa85e7c3694b026ca4657427f8ad8e9ed01b49bcb84a,$,,22390ea432efb2917bf3fa85e7c3694b026ca4657427f8ad8e9ed01b49bcb84a,22390ea432efb2917bf3fa85e7c3694b026ca4657427f8ad8e9ed01b49bcb84a,"{""basis"":""ordered source-target formula atom"",""kind"":""source-target-formula-map""}"
1.1.0,formula,O007-FREMLIN-V2-S265-FORMULA-0069,O007-FREMLIN-V2-S265,O007-RIGHTS-FREMLIN-DSL,O007-FREMLIN-V2-S265-SEG-265B,69,265B,265B,77,72,3231,3242,3409,3420,r\times r,r\times r,9ee1ac0dea32efb0e12f4547c26a3ca0c1286f660c0d7814320dcca70fc8a3e5,9ee1ac0dea32efb0e12f4547c26a3ca0c1286f660c0d7814320dcca70fc8a3e5,0beaf518c84db75843bc5b6d53866f1a11b33be1bfee919b37481ebf013af9a1,$,,0beaf518c84db75843bc5b6d53866f1a11b33be1bfee919b37481ebf013af9a1,0beaf518c84db75843bc5b6d53866f1a11b33be1bfee919b37481ebf013af9a1,"{""basis"":""ordered source-target formula atom"",""kind"":""source-target-formula-map""}"
1.1.0,formula,O007-FREMLIN-V2-S265-FORMULA-0070,O007-FREMLIN-V2-S265,O007-RIGHTS-FREMLIN-DSL,O007-FREMLIN-V2-S265-SEG-265B,70,265B,265B,77,72,3261,3273,3437,3449,R\trs Ry=y,R\trs Ry=y,32689737b066cfc5b68d398c84dd9594b70ee62b3a50de19e0857381c4c66201,32689737b066cfc5b68d398c84dd9594b70ee62b3a50de19e0857381c4c66201,d4ed8911464f635f9e04f64619b18a15a0bbfc9469e7811c16e73ac9ed5258df,$,,d4ed8911464f635f9e04f64619b18a15a0bbfc9469e7811c16e73ac9ed5258df,d4ed8911464f635f9e04f64619b18a15a0bbfc9469e7811c16e73ac9ed5258df,"{""basis"":""ordered source-target formula atom"",""kind"":""source-target-formula-map""}"
1.1.0,formula,O007-FREMLIN-V2-S265-FORMULA-0071,O007-FREMLIN-V2-S265,O007-RIGHTS-FREMLIN-DSL,O007-FREMLIN-V2-S265-SEG-265B,71,265B,265B,77,72,3278,3286,3456,3464,"y\in
V",y\in V,11efd1a566b72a2957e9c8628e412fc2dcab01b08a3db50174e098017f43ffe9,d62395f200213ce4f586303930cfa9f9439658a6bd629d9ab16174e8564c9723,5064de514e09525b49413bf513d93541b93568a26b497300e199feb968814e6c,$,,5064de514e09525b49413bf513d93541b93568a26b497300e199feb968814e6c,5064de514e09525b49413bf513d93541b93568a26b497300e199feb968814e6c,"{""basis"":""ordered source-target formula atom"",""kind"":""source-target-formula-map""}"
1.1.0,formula,O007-FREMLIN-V2-S265-FORMULA-0072,O007-FREMLIN-V2-S265,O007-RIGHTS-FREMLIN-DSL,O007-FREMLIN-V2-S265-SEG-265B,72,265B,265B,79,73,3291,3305,3475,3489,R\trs RPT=PT,R\trs RPT=PT,abfc59b95fbcdb981349e21c49a49cc4f424862f55f1320cf5bbe916a3515f62,abfc59b95fbcdb981349e21c49a49cc4f424862f55f1320cf5bbe916a3515f62,df4036ee80543570c5a5b59ed055f07e45d461c3366b44a5e6a848792f0fe2a1,$,,df4036ee80543570c5a5b59ed055f07e45d461c3366b44a5e6a848792f0fe2a1,df4036ee80543570c5a5b59ed055f07e45d461c3366b44a5e6a848792f0fe2a1,"{""basis"":""ordered source-target formula atom"",""kind"":""source-target-formula-map""}"
1.1.0,formula,O007-FREMLIN-V2-S265-FORMULA-0073,O007-FREMLIN-V2-S265,O007-RIGHTS-FREMLIN-DSL,O007-FREMLIN-V2-S265-SEG-265B,73,265B,265B,81,75,3323,3377,3507,3561,S\trs S=T\trs P\trs R\trs RPT=T\trs P\trs PT=T\trs T,S\trs S=T\trs P\trs R\trs RPT=T\trs P\trs PT=T\trs T,1624d7fa96e158a5d06afdf5b69d2203154113ded36c50ea72edfb1627bcb28e,1624d7fa96e158a5d06afdf5b69d2203154113ded36c50ea72edfb1627bcb28e,dd585494f65c61e1dd4dbaf639c7c5fd8bf98ace32749c34e0fd0e3d14af8030,$,,dd585494f65c61e1dd4dbaf639c7c5fd8bf98ace32749c34e0fd0e3d14af8030,dd585494f65c61e1dd4dbaf639c7c5fd8bf98ace32749c34e0fd0e3d14af8030,"{""basis"":""ordered source-target formula atom"",""kind"":""source-target-formula-map""}"
1.1.0,formula,O007-FREMLIN-V2-S265-FORMULA-0074,O007-FREMLIN-V2-S265,O007-RIGHTS-FREMLIN-DSL,O007-FREMLIN-V2-S265-SEG-265B,74,265B,265B,85,79,3416,3459,3593,3636,\det T\trs T=\det S\trs S=(\det S)^2\ge 0,\det T\trs T=\det S\trs S=(\det S)^2\ge 0,8cbf3ebfcc576f11c89850a0bc8eda0417f850ed01c689c26fcdabff2b8a26f0,8cbf3ebfcc576f11c89850a0bc8eda0417f850ed01c689c26fcdabff2b8a26f0,603fff88145a4c0bfaa5ff26faae6516eaed96736369d8a4bb201e86e5716c6a,$,,603fff88145a4c0bfaa5ff26faae6516eaed96736369d8a4bb201e86e5716c6a,603fff88145a4c0bfaa5ff26faae6516eaed96736369d8a4bb201e86e5716c6a,"{""basis"":""ordered source-target formula atom"",""kind"":""source-target-formula-map""}"
1.1.0,formula,O007-FREMLIN-V2-S265-FORMULA-0075,O007-FREMLIN-V2-S265,O007-RIGHTS-FREMLIN-DSL,O007-FREMLIN-V2-S265-SEG-265B,75,265B,265B,87,81,3476,3488,3653,3665,J=|\det S|,J=|\det S|,31581819cf325a2f0f29cac92296c603e066c9961c3564b3887f2b11d7d498ae,31581819cf325a2f0f29cac92296c603e066c9961c3564b3887f2b11d7d498ae,297d376057a2d6455a17a9bbeb9816a107712d73df56e611881489f2fb96b598,$,,297d376057a2d6455a17a9bbeb9816a107712d73df56e611881489f2fb96b598,297d376057a2d6455a17a9bbeb9816a107712d73df56e611881489f2fb96b598,"{""basis"":""ordered source-target formula atom"",""kind"":""source-target-formula-map""}"
1.1.0,formula,O007-FREMLIN-V2-S265-FORMULA-0076,O007-FREMLIN-V2-S265,O007-RIGHTS-FREMLIN-DSL,O007-FREMLIN-V2-S265-SEG-265B,76,265B,265B,89,83,3523,3565,3701,3743,P\trs R\trs S=P\trs R\trs RPT=P\trs PT=T,P\trs R\trs S=P\trs R\trs RPT=P\trs PT=T,eea372059c0531c73a9df3292f100bc0953e867e03dca2c1a9e0aace6bd1cc18,eea372059c0531c73a9df3292f100bc0953e867e03dca2c1a9e0aace6bd1cc18,7531d99dbe496268f11fb49d032ad5cd44309bb9751ac6258a28724a9c455440,$,,7531d99dbe496268f11fb49d032ad5cd44309bb9751ac6258a28724a9c455440,7531d99dbe496268f11fb49d032ad5cd44309bb9751ac6258a28724a9c455440,"{""basis"":""ordered source-target formula atom"",""kind"":""source-target-formula-map""}"
1.1.0,formula,O007-FREMLIN-V2-S265-FORMULA-0077,O007-FREMLIN-V2-S265,O007-RIGHTS-FREMLIN-DSL,O007-FREMLIN-V2-S265-SEG-265B,77,265B,265B,91,85,3592,3597,3774,3779,J=0,J=0,1a77b7240bb8153099664e75e8dd5b3c572d42a65d6ddf23260a458791991af0,1a77b7240bb8153099664e75e8dd5b3c572d42a65d6ddf23260a458791991af0,1a77b7240bb8153099664e75e8dd5b3c572d42a65d6ddf23260a458791991af0,$,,1a77b7240bb8153099664e75e8dd5b3c572d42a65d6ddf23260a458791991af0,1a77b7240bb8153099664e75e8dd5b3c572d42a65d6ddf23260a458791991af0,"{""basis"":""ordered source-target formula atom"",""kind"":""source-target-formula-map""}"
1.1.0,formula,O007-FREMLIN-V2-S265-FORMULA-0078,O007-FREMLIN-V2-S265,O007-RIGHTS-FREMLIN-DSL,O007-FREMLIN-V2-S265-SEG-265B,78,265B,265B,91,85,3602,3605,3800,3803,S,S,8de0b3c47f112c59745f717a626932264c422a7563954872e237b223af4ad643,8de0b3c47f112c59745f717a626932264c422a7563954872e237b223af4ad643,8de0b3c47f112c59745f717a626932264c422a7563954872e237b223af4ad643,$,,8de0b3c47f112c59745f717a626932264c422a7563954872e237b223af4ad643,8de0b3c47f112c59745f717a626932264c422a7563954872e237b223af4ad643,"{""basis"":""ordered source-target formula atom"",""kind"":""source-target-formula-map""}"
1.1.0,formula,O007-FREMLIN-V2-S265-FORMULA-0079,O007-FREMLIN-V2-S265,O007-RIGHTS-FREMLIN-DSL,O007-FREMLIN-V2-S265-SEG-265B,79,265B,265B,91,86,3633,3636,3846,3849,T,T,e632b7095b0bf32c260fa4c539e9fd7b852d0de454e9be26f24d0d6f91d069d3,e632b7095b0bf32c260fa4c539e9fd7b852d0de454e9be26f24d0d6f91d069d3,e632b7095b0bf32c260fa4c539e9fd7b852d0de454e9be26f24d0d6f91d069d3,$,,e632b7095b0bf32c260fa4c539e9fd7b852d0de454e9be26f24d0d6f91d069d3,e632b7095b0bf32c260fa4c539e9fd7b852d0de454e9be26f24d0d6f91d069d3,"{""basis"":""ordered source-target formula atom"",""kind"":""source-target-formula-map""}"
1.1.0,formula,O007-FREMLIN-V2-S265-FORMULA-0080,O007-FREMLIN-V2-S265,O007-RIGHTS-FREMLIN-DSL,O007-FREMLIN-V2-S265-SEG-265B,80,265B,265B,96,90,3695,3706,3915,3926,s\times r,s\times r,5b8faa3f3a53e3fd999980f2733db97c06c336e3307055f98839effee93567e2,5b8faa3f3a53e3fd999980f2733db97c06c336e3307055f98839effee93567e2,8d324e5b67828b33b22c560bdce540b90196231865b8e7532a1c1318ac39f193,$,,8d324e5b67828b33b22c560bdce540b90196231865b8e7532a1c1318ac39f193,8d324e5b67828b33b22c560bdce540b90196231865b8e7532a1c1318ac39f193,"{""basis"":""ordered source-target formula atom"",""kind"":""source-target-formula-map""}"
1.1.0,formula,O007-FREMLIN-V2-S265-FORMULA-0081,O007-FREMLIN-V2-S265,O007-RIGHTS-FREMLIN-DSL,O007-FREMLIN-V2-S265-SEG-265B,81,265B,265B,96,90,3714,3728,3927,3941,P\trs R\trs ,P\trs R\trs ,c62980823afd2da5b503510d2df6d50e72e67383f27b60e7ea5e77588853bf6f,c62980823afd2da5b503510d2df6d50e72e67383f27b60e7ea5e77588853bf6f,800fedbf907321cf055524a28d151f31d44f56a7ac18666b95fe19fc5262f4a6,$,,800fedbf907321cf055524a28d151f31d44f56a7ac18666b95fe19fc5262f4a6,800fedbf907321cf055524a28d151f31d44f56a7ac18666b95fe19fc5262f4a6,"{""basis"":""ordered source-target formula atom"",""kind"":""source-target-formula-map""}"
1.1.0,formula,O007-FREMLIN-V2-S265-FORMULA-0082,O007-FREMLIN-V2-S265,O007-RIGHTS-FREMLIN-DSL,O007-FREMLIN-V2-S265-SEG-265B,82,265B,265B,97,91,3743,3752,3964,3973,\BbbR^r,\BbbR^r,6a5173578402ab704fe0e78c24a3f6f09fe9ed2c7ea0fbe574d688249eb91ed7,6a5173578402ab704fe0e78c24a3f6f09fe9ed2c7ea0fbe574d688249eb91ed7,6a5173578402ab704fe0e78c24a3f6f09fe9ed2c7ea0fbe574d688249eb91ed7,$,,6a5173578402ab704fe0e78c24a3f6f09fe9ed2c7ea0fbe574d688249eb91ed7,6a5173578402ab704fe0e78c24a3f6f09fe9ed2c7ea0fbe574d688249eb91ed7,"{""basis"":""ordered source-target formula atom"",""kind"":""source-target-formula-map""}"
1.1.0,formula,O007-FREMLIN-V2-S265-FORMULA-0083,O007-FREMLIN-V2-S265,O007-RIGHTS-FREMLIN-DSL,O007-FREMLIN-V2-S265-SEG-265B,83,265B,265B,97,91,3756,3765,3977,3986,\BbbR^s,\BbbR^s,f842dcf194f3bd592805e21690cbc1fd0be53369425775f92b41b968a18cb018,f842dcf194f3bd592805e21690cbc1fd0be53369425775f92b41b968a18cb018,f842dcf194f3bd592805e21690cbc1fd0be53369425775f92b41b968a18cb018,$,,f842dcf194f3bd592805e21690cbc1fd0be53369425775f92b41b968a18cb018,f842dcf194f3bd592805e21690cbc1fd0be53369425775f92b41b968a18cb018,"{""basis"":""ordered source-target formula atom"",""kind"":""source-target-formula-map""}"
1.1.0,formula,O007-FREMLIN-V2-S265-FORMULA-0084,O007-FREMLIN-V2-S265,O007-RIGHTS-FREMLIN-DSL,O007-FREMLIN-V2-S265-SEG-265B,84,265B,265B,97,92,3779,3798,4001,4020,\phi=P\trs R\trs ,\phi=P\trs R\trs ,baf5eaee386e1fc14ebd0d5853737457cd5de01d8fd6d157c63a888d4b841c6a,baf5eaee386e1fc14ebd0d5853737457cd5de01d8fd6d157c63a888d4b841c6a,5677562525c2cafdb6b20cc3e553729a7968afed230a317966ebce0f96088bc8,$,,5677562525c2cafdb6b20cc3e553729a7968afed230a317966ebce0f96088bc8,5677562525c2cafdb6b20cc3e553729a7968afed230a317966ebce0f96088bc8,"{""basis"":""ordered source-target formula atom"",""kind"":""source-target-formula-map""}"
1.1.0,formula,O007-FREMLIN-V2-S265-FORMULA-0085,O007-FREMLIN-V2-S265,O007-RIGHTS-FREMLIN-DSL,O007-FREMLIN-V2-S265-SEG-265B,85,265B,265B,98,92,3822,3831,4044,4053,\BbbR^r,\BbbR^r,6a5173578402ab704fe0e78c24a3f6f09fe9ed2c7ea0fbe574d688249eb91ed7,6a5173578402ab704fe0e78c24a3f6f09fe9ed2c7ea0fbe574d688249eb91ed7,6a5173578402ab704fe0e78c24a3f6f09fe9ed2c7ea0fbe574d688249eb91ed7,$,,6a5173578402ab704fe0e78c24a3f6f09fe9ed2c7ea0fbe574d688249eb91ed7,6a5173578402ab704fe0e78c24a3f6f09fe9ed2c7ea0fbe574d688249eb91ed7,"{""basis"":""ordered source-target formula atom"",""kind"":""source-target-formula-map""}"
1.1.0,formula,O007-FREMLIN-V2-S265-FORMULA-0086,O007-FREMLIN-V2-S265,O007-RIGHTS-FREMLIN-DSL,O007-FREMLIN-V2-S265-SEG-265B,86,265B,265B,98,92,3836,3839,4058,4061,W,W,fcb5f40df9be6bae66c1d77a6c15968866a9e6cbd7314ca432b019d17392f6f4,fcb5f40df9be6bae66c1d77a6c15968866a9e6cbd7314ca432b019d17392f6f4,fcb5f40df9be6bae66c1d77a6c15968866a9e6cbd7314ca432b019d17392f6f4,$,,fcb5f40df9be6bae66c1d77a6c15968866a9e6cbd7314ca432b019d17392f6f4,fcb5f40df9be6bae66c1d77a6c15968866a9e6cbd7314ca432b019d17392f6f4,"{""basis"":""ordered source-target formula atom"",""kind"":""source-target-formula-map""}"
1.1.0,formula,O007-FREMLIN-V2-S265-FORMULA-0087,O007-FREMLIN-V2-S265,O007-RIGHTS-FREMLIN-DSL,O007-FREMLIN-V2-S265-SEG-265B,87,265B,265B,98,93,3854,3877,4077,4100,\phi^{-1}=RP\restrp W,\phi^{-1}=RP\restrp W,60af6e5c0b9056548f9b4099999a317c36418500877ed9c07ac09f2ceecec477,60af6e5c0b9056548f9b4099999a317c36418500877ed9c07ac09f2ceecec477,255fd080bc86242f230c431ed8f03e232e5b4bf91106e8d44bde4f0a78db2365,$,,255fd080bc86242f230c431ed8f03e232e5b4bf91106e8d44bde4f0a78db2365,255fd080bc86242f230c431ed8f03e232e5b4bf91106e8d44bde4f0a78db2365,"{""basis"":""ordered source-target formula atom"",""kind"":""source-target-formula-map""}"
1.1.0,formula,O007-FREMLIN-V2-S265-FORMULA-0088,O007-FREMLIN-V2-S265,O007-RIGHTS-FREMLIN-DSL,O007-FREMLIN-V2-S265-SEG-265B,88,265B,265B,99,93,3897,3903,4113,4119,\phi,\phi,10ce0200b450ea955833553e717821c7721818b8a95cffd7e54b46e08918b512,10ce0200b450ea955833553e717821c7721818b8a95cffd7e54b46e08918b512,10ce0200b450ea955833553e717821c7721818b8a95cffd7e54b46e08918b512,$,,10ce0200b450ea955833553e717821c7721818b8a95cffd7e54b46e08918b512,10ce0200b450ea955833553e717821c7721818b8a95cffd7e54b46e08918b512,"{""basis"":""ordered source-target formula atom"",""kind"":""source-target-formula-map""}"
1.1.0,formula,O007-FREMLIN-V2-S265-FORMULA-0089,O007-FREMLIN-V2-S265,O007-RIGHTS-FREMLIN-DSL,O007-FREMLIN-V2-S265-SEG-265B,89,265B,265B,100,94,3949,3976,4157,4184,"(\Bbb R^r,\mu_{Hr}^{(r)})","(\Bbb R^r,\mu_{Hr}^{(r)})",aed83017028f26878ba19813bb0822542b029e57f0fe1af3ed74cf3f790347cf,aed83017028f26878ba19813bb0822542b029e57f0fe1af3ed74cf3f790347cf,a6f8ffadddc638cfcaee4495f5424e7e3655926a526ce793f2a117e5b619fea3,$,,a6f8ffadddc638cfcaee4495f5424e7e3655926a526ce793f2a117e5b619fea3,a6f8ffadddc638cfcaee4495f5424e7e3655926a526ce793f2a117e5b619fea3,"{""basis"":""ordered source-target formula atom"",""kind"":""source-target-formula-map""}"
1.1.0,formula,O007-FREMLIN-V2-S265-FORMULA-0090,O007-FREMLIN-V2-S265,O007-RIGHTS-FREMLIN-DSL,O007-FREMLIN-V2-S265-SEG-265B,90,265B,265B,100,95,3981,4002,4189,4210,"(W,\mu_{HrW}^{(s)})","(W,\mu_{HrW}^{(s)})",f5e2f5d3c54b03fe400bbbc3e65fce315c010ef6513acae3ad2b3a8555346ef7,f5e2f5d3c54b03fe400bbbc3e65fce315c010ef6513acae3ad2b3a8555346ef7,f5e2f5d3c54b03fe400bbbc3e65fce315c010ef6513acae3ad2b3a8555346ef7,$,,f5e2f5d3c54b03fe400bbbc3e65fce315c010ef6513acae3ad2b3a8555346ef7,f5e2f5d3c54b03fe400bbbc3e65fce315c010ef6513acae3ad2b3a8555346ef7,"{""basis"":""ordered source-target formula atom"",""kind"":""source-target-formula-map""}"
1.1.0,formula,O007-FREMLIN-V2-S265-FORMULA-0091,O007-FREMLIN-V2-S265,O007-RIGHTS-FREMLIN-DSL,O007-FREMLIN-V2-S265-SEG-265B,91,265B,265B,101,95,4010,4026,4219,4235,\mu_{Hr}^{(r)},\mu_{Hr}^{(r)},cc78f4fcf433434edd925341c606065153212c4520a42ee30ebe290cea610ba1,cc78f4fcf433434edd925341c606065153212c4520a42ee30ebe290cea610ba1,cc78f4fcf433434edd925341c606065153212c4520a42ee30ebe290cea610ba1,$,,cc78f4fcf433434edd925341c606065153212c4520a42ee30ebe290cea610ba1,cc78f4fcf433434edd925341c606065153212c4520a42ee30ebe290cea610ba1,"{""basis"":""ordered source-target formula atom"",""kind"":""source-target-formula-map""}"
1.1.0,formula,O007-FREMLIN-V2-S265-FORMULA-0092,O007-FREMLIN-V2-S265,O007-RIGHTS-FREMLIN-DSL,O007-FREMLIN-V2-S265-SEG-265B,92,265B,265B,102,96,4030,4033,4264,4267,r,r,454349e422f05297191ead13e21d3db520e5abef52055e4964b82fb213f593a1,454349e422f05297191ead13e21d3db520e5abef52055e4964b82fb213f593a1,454349e422f05297191ead13e21d3db520e5abef52055e4964b82fb213f593a1,$,,454349e422f05297191ead13e21d3db520e5abef52055e4964b82fb213f593a1,454349e422f05297191ead13e21d3db520e5abef52055e4964b82fb213f593a1,"{""basis"":""ordered source-target formula atom"",""kind"":""source-target-formula-map""}"
1.1.0,formula,O007-FREMLIN-V2-S265-FORMULA-0093,O007-FREMLIN-V2-S265,O007-RIGHTS-FREMLIN-DSL,O007-FREMLIN-V2-S265-SEG-265B,93,265B,265B,102,96,4067,4076,4273,4282,\BbbR^r,\BbbR^r,6a5173578402ab704fe0e78c24a3f6f09fe9ed2c7ea0fbe574d688249eb91ed7,6a5173578402ab704fe0e78c24a3f6f09fe9ed2c7ea0fbe574d688249eb91ed7,6a5173578402ab704fe0e78c24a3f6f09fe9ed2c7ea0fbe574d688249eb91ed7,$,,6a5173578402ab704fe0e78c24a3f6f09fe9ed2c7ea0fbe574d688249eb91ed7,6a5173578402ab704fe0e78c24a3f6f09fe9ed2c7ea0fbe574d688249eb91ed7,"{""basis"":""ordered source-target formula atom"",""kind"":""source-target-formula-map""}"
1.1.0,formula,O007-FREMLIN-V2-S265-FORMULA-0094,O007-FREMLIN-V2-S265,O007-RIGHTS-FREMLIN-DSL,O007-FREMLIN-V2-S265-SEG-265B,94,265B,265B,102,96,4081,4098,4287,4304,\mu_{HrW}^{(s)},\mu_{HrW}^{(s)},8068c230b38ac9bf272185f0e89bc18525b65c566fc0229756c51db584ff68cb,8068c230b38ac9bf272185f0e89bc18525b65c566fc0229756c51db584ff68cb,8068c230b38ac9bf272185f0e89bc18525b65c566fc0229756c51db584ff68cb,$,,8068c230b38ac9bf272185f0e89bc18525b65c566fc0229756c51db584ff68cb,8068c230b38ac9bf272185f0e89bc18525b65c566fc0229756c51db584ff68cb,"{""basis"":""ordered source-target formula atom"",""kind"":""source-target-formula-map""}"
1.1.0,formula,O007-FREMLIN-V2-S265-FORMULA-0095,O007-FREMLIN-V2-S265,O007-RIGHTS-FREMLIN-DSL,O007-FREMLIN-V2-S265-SEG-265B,95,265B,265B,104,97,4126,4129,4326,4329,W,W,fcb5f40df9be6bae66c1d77a6c15968866a9e6cbd7314ca432b019d17392f6f4,fcb5f40df9be6bae66c1d77a6c15968866a9e6cbd7314ca432b019d17392f6f4,fcb5f40df9be6bae66c1d77a6c15968866a9e6cbd7314ca432b019d17392f6f4,$,,fcb5f40df9be6bae66c1d77a6c15968866a9e6cbd7314ca432b019d17392f6f4,fcb5f40df9be6bae66c1d77a6c15968866a9e6cbd7314ca432b019d17392f6f4,"{""basis"":""ordered source-target formula atom"",""kind"":""source-target-formula-map""}"
1.1.0,formula,O007-FREMLIN-V2-S265-FORMULA-0096,O007-FREMLIN-V2-S265,O007-RIGHTS-FREMLIN-DSL,O007-FREMLIN-V2-S265-SEG-265B,96,265B,265B,104,97,4141,4144,4378,4381,r,r,454349e422f05297191ead13e21d3db520e5abef52055e4964b82fb213f593a1,454349e422f05297191ead13e21d3db520e5abef52055e4964b82fb213f593a1,454349e422f05297191ead13e21d3db520e5abef52055e4964b82fb213f593a1,$,,454349e422f05297191ead13e21d3db520e5abef52055e4964b82fb213f593a1,454349e422f05297191ead13e21d3db520e5abef52055e4964b82fb213f593a1,"{""basis"":""ordered source-target formula atom"",""kind"":""source-target-formula-map""}"
1.1.0,formula,O007-FREMLIN-V2-S265-FORMULA-0097,O007-FREMLIN-V2-S265,O007-RIGHTS-FREMLIN-DSL,O007-FREMLIN-V2-S265-SEG-265B,97,265B,265B,105,98,4175,4191,4382,4398,\mu_{Hr}^{(s)},\mu_{Hr}^{(s)},bbecd1a86a7b538ed052de59689fef87ad2f5a373a0fa567ed5c3993fd9f9bfc,bbecd1a86a7b538ed052de59689fef87ad2f5a373a0fa567ed5c3993fd9f9bfc,bbecd1a86a7b538ed052de59689fef87ad2f5a373a0fa567ed5c3993fd9f9bfc,$,,bbecd1a86a7b538ed052de59689fef87ad2f5a373a0fa567ed5c3993fd9f9bfc,bbecd1a86a7b538ed052de59689fef87ad2f5a373a0fa567ed5c3993fd9f9bfc,"{""basis"":""ordered source-target formula atom"",""kind"":""source-target-formula-map""}"
1.1.0,formula,O007-FREMLIN-V2-S265-FORMULA-0098,O007-FREMLIN-V2-S265,O007-RIGHTS-FREMLIN-DSL,O007-FREMLIN-V2-S265-SEG-265B,98,265B,265B,105,98,4195,4204,4404,4413,\BbbR^s,\BbbR^s,f842dcf194f3bd592805e21690cbc1fd0be53369425775f92b41b968a18cb018,f842dcf194f3bd592805e21690cbc1fd0be53369425775f92b41b968a18cb018,f842dcf194f3bd592805e21690cbc1fd0be53369425775f92b41b968a18cb018,$,,f842dcf194f3bd592805e21690cbc1fd0be53369425775f92b41b968a18cb018,f842dcf194f3bd592805e21690cbc1fd0be53369425775f92b41b968a18cb018,"{""basis"":""ordered source-target formula atom"",""kind"":""source-target-formula-map""}"
1.1.0,formula,O007-FREMLIN-V2-S265-FORMULA-0099,O007-FREMLIN-V2-S265,O007-RIGHTS-FREMLIN-DSL,O007-FREMLIN-V2-S265-SEG-265B,99,265B,265B,109,102,4236,4255,4447,4466,A\subseteq\BbbR^r,A\subseteq\BbbR^r,f93528f6e6f940f332b7f5b14441d9d25ee7316d8c957e06b6bce3ed6d36e7ab,f93528f6e6f940f332b7f5b14441d9d25ee7316d8c957e06b6bce3ed6d36e7ab,f93528f6e6f940f332b7f5b14441d9d25ee7316d8c957e06b6bce3ed6d36e7ab,$,,f93528f6e6f940f332b7f5b14441d9d25ee7316d8c957e06b6bce3ed6d36e7ab,f93528f6e6f940f332b7f5b14441d9d25ee7316d8c957e06b6bce3ed6d36e7ab,"{""basis"":""ordered source-target formula atom"",""kind"":""source-target-formula-map""}"
1.1.0,formula,O007-FREMLIN-V2-S265-FORMULA-0100,O007-FREMLIN-V2-S265,O007-RIGHTS-FREMLIN-DSL,O007-FREMLIN-V2-S265-SEG-265B,100,265B,265B,109,102,4260,4275,4471,4486,A'\subseteq W,A'\subseteq W,b4b91c679cbe4ba01bac105360e02f471b02cd0ea8af18ee331662f18d3bb6d2,b4b91c679cbe4ba01bac105360e02f471b02cd0ea8af18ee331662f18d3bb6d2,abe2ff4c0417663a24ee69d7c1137087a4417267a35060b88807d61ac3df9934,$,,abe2ff4c0417663a24ee69d7c1137087a4417267a35060b88807d61ac3df9934,abe2ff4c0417663a24ee69d7c1137087a4417267a35060b88807d61ac3df9934,"{""basis"":""ordered source-target formula atom"",""kind"":""source-target-formula-map""}"
1.1.0,formula,O007-FREMLIN-V2-S265-FORMULA-0101,O007-FREMLIN-V2-S265,O007-RIGHTS-FREMLIN-DSL,O007-FREMLIN-V2-S265-SEG-265B,101,265B,265B,111,104,4290,4337,4501,4548,\mu_{Hr}^{(s)*}(\phi[A])\le\mu_{Hr}^{(r)*}(A),\mu_{Hr}^{(s)*}(\phi[A])\le\mu_{Hr}^{(r)*}(A),11275cc0b46df1b3e393271b079072c3e0942351a9678c45c5b3630c0e609bdb,11275cc0b46df1b3e393271b079072c3e0942351a9678c45c5b3630c0e609bdb,11275cc0b46df1b3e393271b079072c3e0942351a9678c45c5b3630c0e609bdb,$,,11275cc0b46df1b3e393271b079072c3e0942351a9678c45c5b3630c0e609bdb,11275cc0b46df1b3e393271b079072c3e0942351a9678c45c5b3630c0e609bdb,"{""basis"":""ordered source-target formula atom"",""kind"":""source-target-formula-map""}"
1.1.0,formula,O007-FREMLIN-V2-S265-FORMULA-0102,O007-FREMLIN-V2-S265,O007-RIGHTS-FREMLIN-DSL,O007-FREMLIN-V2-S265-SEG-265B,102,265B,265B,112,105,4345,4399,4556,4610,\mu_{Hr}^{(r)*}(\phi^{-1}[A'])\le\mu_{Hr}^{(s)*}(A'),\mu_{Hr}^{(r)*}(\phi^{-1}[A'])\le\mu_{Hr}^{(s)*}(A'),31c49d377745adacd6232cbc6d103de7b2c4d78a35cb4ab6c7f601fa2a240617,31c49d377745adacd6232cbc6d103de7b2c4d78a35cb4ab6c7f601fa2a240617,31c49d377745adacd6232cbc6d103de7b2c4d78a35cb4ab6c7f601fa2a240617,$,,31c49d377745adacd6232cbc6d103de7b2c4d78a35cb4ab6c7f601fa2a240617,31c49d377745adacd6232cbc6d103de7b2c4d78a35cb4ab6c7f601fa2a240617,"{""basis"":""ordered source-target formula atom"",""kind"":""source-target-formula-map""}"
1.1.0,formula,O007-FREMLIN-V2-S265-FORMULA-0103,O007-FREMLIN-V2-S265,O007-RIGHTS-FREMLIN-DSL,O007-FREMLIN-V2-S265-SEG-265B,103,265B,265B,115,108,4438,4483,4663,4708,\mu_{Hr}^{(s)*}(\phi[A])=\mu_{Hr}^{(r)*}(A),\mu_{Hr}^{(s)*}(\phi[A])=\mu_{Hr}^{(r)*}(A),bf62aea5fdb4419b25d15e3c74ce61b8fce9ce58d4ad51d314c64f9a8a20f70c,bf62aea5fdb4419b25d15e3c74ce61b8fce9ce58d4ad51d314c64f9a8a20f70c,bf62aea5fdb4419b25d15e3c74ce61b8fce9ce58d4ad51d314c64f9a8a20f70c,$,,bf62aea5fdb4419b25d15e3c74ce61b8fce9ce58d4ad51d314c64f9a8a20f70c,bf62aea5fdb4419b25d15e3c74ce61b8fce9ce58d4ad51d314c64f9a8a20f70c,"{""basis"":""ordered source-target formula atom"",""kind"":""source-target-formula-map""}"
1.1.0,formula,O007-FREMLIN-V2-S265-FORMULA-0104,O007-FREMLIN-V2-S265,O007-RIGHTS-FREMLIN-DSL,O007-FREMLIN-V2-S265-SEG-265B,104,265B,265B,116,109,4494,4514,4722,4742,A\subseteq \BbbR^r,A\subseteq \BbbR^r,29447be2f28dcd8c08f8e1a2f4417149a26c44e80abbf01c1a7065c0b49d2172,29447be2f28dcd8c08f8e1a2f4417149a26c44e80abbf01c1a7065c0b49d2172,f93528f6e6f940f332b7f5b14441d9d25ee7316d8c957e06b6bce3ed6d36e7ab,$,,f93528f6e6f940f332b7f5b14441d9d25ee7316d8c957e06b6bce3ed6d36e7ab,f93528f6e6f940f332b7f5b14441d9d25ee7316d8c957e06b6bce3ed6d36e7ab,"{""basis"":""ordered source-target formula atom"",""kind"":""source-target-formula-map""}"
1.1.0,formula,O007-FREMLIN-V2-S265-FORMULA-0105,O007-FREMLIN-V2-S265,O007-RIGHTS-FREMLIN-DSL,O007-FREMLIN-V2-S265-SEG-265B,105,265B,265B,120,113,4555,4558,4788,4791,W,W,fcb5f40df9be6bae66c1d77a6c15968866a9e6cbd7314ca432b019d17392f6f4,fcb5f40df9be6bae66c1d77a6c15968866a9e6cbd7314ca432b019d17392f6f4,fcb5f40df9be6bae66c1d77a6c15968866a9e6cbd7314ca432b019d17392f6f4,$,,fcb5f40df9be6bae66c1d77a6c15968866a9e6cbd7314ca432b019d17392f6f4,fcb5f40df9be6bae66c1d77a6c15968866a9e6cbd7314ca432b019d17392f6f4,"{""basis"":""ordered source-target formula atom"",""kind"":""source-target-formula-map""}"
1.1.0,formula,O007-FREMLIN-V2-S265-FORMULA-0106,O007-FREMLIN-V2-S265,O007-RIGHTS-FREMLIN-DSL,O007-FREMLIN-V2-S265-SEG-265B,106,265B,265B,121,114,4597,4613,4841,4857,\mu_{Hr}^{(s)},\mu_{Hr}^{(s)},bbecd1a86a7b538ed052de59689fef87ad2f5a373a0fa567ed5c3993fd9f9bfc,bbecd1a86a7b538ed052de59689fef87ad2f5a373a0fa567ed5c3993fd9f9bfc,bbecd1a86a7b538ed052de59689fef87ad2f5a373a0fa567ed5c3993fd9f9bfc,$,,bbecd1a86a7b538ed052de59689fef87ad2f5a373a0fa567ed5c3993fd9f9bfc,bbecd1a86a7b538ed052de59689fef87ad2f5a373a0fa567ed5c3993fd9f9bfc,"{""basis"":""ordered source-target formula atom"",""kind"":""source-target-formula-map""}"
1.1.0,formula,O007-FREMLIN-V2-S265-FORMULA-0107,O007-FREMLIN-V2-S265,O007-RIGHTS-FREMLIN-DSL,O007-FREMLIN-V2-S265-SEG-265B,107,265B,265B,121,115,4643,4660,4882,4899,\mu_{HrW}^{(s)},\mu_{HrW}^{(s)},8068c230b38ac9bf272185f0e89bc18525b65c566fc0229756c51db584ff68cb,8068c230b38ac9bf272185f0e89bc18525b65c566fc0229756c51db584ff68cb,8068c230b38ac9bf272185f0e89bc18525b65c566fc0229756c51db584ff68cb,$,,8068c230b38ac9bf272185f0e89bc18525b65c566fc0229756c51db584ff68cb,8068c230b38ac9bf272185f0e89bc18525b65c566fc0229756c51db584ff68cb,"{""basis"":""ordered source-target formula atom"",""kind"":""source-target-formula-map""}"
1.1.0,formula,O007-FREMLIN-V2-S265-FORMULA-0108,O007-FREMLIN-V2-S265,O007-RIGHTS-FREMLIN-DSL,O007-FREMLIN-V2-S265-SEG-265B,108,265B,265B,123,116,4692,4718,4943,4969,\mu_{Hr}^{(s)*}\restrp W,\mu_{Hr}^{(s)*}\restrp W,9f4af1757322ab403839d2c67c23ba8d23d5c751e3de7d324b57c819e69bd505,9f4af1757322ab403839d2c67c23ba8d23d5c751e3de7d324b57c819e69bd505,dd08b4d3f04f405cc544c94b196a84e8e324c717e48f7b0a5745763d3d09d330,$,,dd08b4d3f04f405cc544c94b196a84e8e324c717e48f7b0a5745763d3d09d330,dd08b4d3f04f405cc544c94b196a84e8e324c717e48f7b0a5745763d3d09d330,"{""basis"":""ordered source-target formula atom"",""kind"":""source-target-formula-map""}"
1.1.0,formula,O007-FREMLIN-V2-S265-FORMULA-0109,O007-FREMLIN-V2-S265,O007-RIGHTS-FREMLIN-DSL,O007-FREMLIN-V2-S265-SEG-265B,109,265B,265B,124,117,4769,4775,5021,5027,\phi,\phi,10ce0200b450ea955833553e717821c7721818b8a95cffd7e54b46e08918b512,10ce0200b450ea955833553e717821c7721818b8a95cffd7e54b46e08918b512,10ce0200b450ea955833553e717821c7721818b8a95cffd7e54b46e08918b512,$,,10ce0200b450ea955833553e717821c7721818b8a95cffd7e54b46e08918b512,10ce0200b450ea955833553e717821c7721818b8a95cffd7e54b46e08918b512,"{""basis"":""ordered source-target formula atom"",""kind"":""source-target-formula-map""}"
1.1.0,formula,O007-FREMLIN-V2-S265-FORMULA-0110,O007-FREMLIN-V2-S265,O007-RIGHTS-FREMLIN-DSL,O007-FREMLIN-V2-S265-SEG-265B,110,265B,265B,125,118,4802,4830,5054,5082,"(\Bbb R^r,\mu_{Hr}^{(r)*})","(\Bbb R^r,\mu_{Hr}^{(r)*})",4b2b870f6b551b00b63d40983a81d062dc369469b571df363a1bfd7a96f3dd91,4b2b870f6b551b00b63d40983a81d062dc369469b571df363a1bfd7a96f3dd91,06ce9a4a28ca5d699bb7456a02fa7b3f1d3d514f0dbf46a43b154e10c3c13c39,$,,06ce9a4a28ca5d699bb7456a02fa7b3f1d3d514f0dbf46a43b154e10c3c13c39,06ce9a4a28ca5d699bb7456a02fa7b3f1d3d514f0dbf46a43b154e10c3c13c39,"{""basis"":""ordered source-target formula atom"",""kind"":""source-target-formula-map""}"
1.1.0,formula,O007-FREMLIN-V2-S265-FORMULA-0111,O007-FREMLIN-V2-S265,O007-RIGHTS-FREMLIN-DSL,O007-FREMLIN-V2-S265-SEG-265B,111,265B,265B,125,119,4835,4865,5087,5117,"(W,\mu_{Hr}^{(s)*}\restrp W)","(W,\mu_{Hr}^{(s)*}\restrp W)",ce6551cef6917a312194a9df4f23c276f4dbcb8656acb50339998cf1a27d7d2f,ce6551cef6917a312194a9df4f23c276f4dbcb8656acb50339998cf1a27d7d2f,4e80f92cdc1a649cff35b5d3208b18c7fb20b25fbc8809ecfb677fea8c22c52b,$,,4e80f92cdc1a649cff35b5d3208b18c7fb20b25fbc8809ecfb677fea8c22c52b,4e80f92cdc1a649cff35b5d3208b18c7fb20b25fbc8809ecfb677fea8c22c52b,"{""basis"":""ordered source-target formula atom"",""kind"":""source-target-formula-map""}"
1.1.0,formula,O007-FREMLIN-V2-S265-FORMULA-0112,O007-FREMLIN-V2-S265,O007-RIGHTS-FREMLIN-DSL,O007-FREMLIN-V2-S265-SEG-265B,112,265B,265B,127,120,4896,4922,5151,5177,"(\BbbR^r,\mu_{Hr}^{(r)})","(\BbbR^r,\mu_{Hr}^{(r)})",a6f8ffadddc638cfcaee4495f5424e7e3655926a526ce793f2a117e5b619fea3,a6f8ffadddc638cfcaee4495f5424e7e3655926a526ce793f2a117e5b619fea3,a6f8ffadddc638cfcaee4495f5424e7e3655926a526ce793f2a117e5b619fea3,$,,a6f8ffadddc638cfcaee4495f5424e7e3655926a526ce793f2a117e5b619fea3,a6f8ffadddc638cfcaee4495f5424e7e3655926a526ce793f2a117e5b619fea3,"{""basis"":""ordered source-target formula atom"",""kind"":""source-target-formula-map""}"
1.1.0,formula,O007-FREMLIN-V2-S265-FORMULA-0113,O007-FREMLIN-V2-S265,O007-RIGHTS-FREMLIN-DSL,O007-FREMLIN-V2-S265-SEG-265B,113,265B,265B,128,120,4927,4948,5182,5203,"(W,\mu_{HrW}^{(s)})","(W,\mu_{HrW}^{(s)})",f5e2f5d3c54b03fe400bbbc3e65fce315c010ef6513acae3ad2b3a8555346ef7,f5e2f5d3c54b03fe400bbbc3e65fce315c010ef6513acae3ad2b3a8555346ef7,f5e2f5d3c54b03fe400bbbc3e65fce315c010ef6513acae3ad2b3a8555346ef7,$,,f5e2f5d3c54b03fe400bbbc3e65fce315c010ef6513acae3ad2b3a8555346ef7,f5e2f5d3c54b03fe400bbbc3e65fce315c010ef6513acae3ad2b3a8555346ef7,"{""basis"":""ordered source-target formula atom"",""kind"":""source-target-formula-map""}"
1.1.0,formula,O007-FREMLIN-V2-S265-FORMULA-0114,O007-FREMLIN-V2-S265,O007-RIGHTS-FREMLIN-DSL,O007-FREMLIN-V2-S265-SEG-265B,114,265B,265B,133,125,4993,4999,5242,5248,\phi,\phi,10ce0200b450ea955833553e717821c7721818b8a95cffd7e54b46e08918b512,10ce0200b450ea955833553e717821c7721818b8a95cffd7e54b46e08918b512,10ce0200b450ea955833553e717821c7721818b8a95cffd7e54b46e08918b512,$,,10ce0200b450ea955833553e717821c7721818b8a95cffd7e54b46e08918b512,10ce0200b450ea955833553e717821c7721818b8a95cffd7e54b46e08918b512,"{""basis"":""ordered source-target formula atom"",""kind"":""source-target-formula-map""}"
1.1.0,formula,O007-FREMLIN-V2-S265-FORMULA-0115,O007-FREMLIN-V2-S265,O007-RIGHTS-FREMLIN-DSL,O007-FREMLIN-V2-S265-SEG-265B,115,265B,265B,134,126,5055,5072,5304,5321,"(\BbbR^r,\mu_r)","(\BbbR^r,\mu_r)",9c4a74ee4b44e65f86469e0524f818bca017e13b1f060bf5d9201c3d701edf0d,9c4a74ee4b44e65f86469e0524f818bca017e13b1f060bf5d9201c3d701edf0d,9c4a74ee4b44e65f86469e0524f818bca017e13b1f060bf5d9201c3d701edf0d,$,,9c4a74ee4b44e65f86469e0524f818bca017e13b1f060bf5d9201c3d701edf0d,9c4a74ee4b44e65f86469e0524f818bca017e13b1f060bf5d9201c3d701edf0d,"{""basis"":""ordered source-target formula atom"",""kind"":""source-target-formula-map""}"
1.1.0,formula,O007-FREMLIN-V2-S265-FORMULA-0116,O007-FREMLIN-V2-S265,O007-RIGHTS-FREMLIN-DSL,O007-FREMLIN-V2-S265-SEG-265B,116,265B,265B,134,126,5077,5091,5326,5340,"(W,\nu_{rW})","(W,\nu_{rW})",e2e0d444a83ecfaeeb53a5040a4f246c4477005f55ec7d43d5afe82ea323de14,e2e0d444a83ecfaeeb53a5040a4f246c4477005f55ec7d43d5afe82ea323de14,e2e0d444a83ecfaeeb53a5040a4f246c4477005f55ec7d43d5afe82ea323de14,$,,e2e0d444a83ecfaeeb53a5040a4f246c4477005f55ec7d43d5afe82ea323de14,e2e0d444a83ecfaeeb53a5040a4f246c4477005f55ec7d43d5afe82ea323de14,"{""basis"":""ordered source-target formula atom"",""kind"":""source-target-formula-map""}"
1.1.0,formula,O007-FREMLIN-V2-S265-FORMULA-0117,O007-FREMLIN-V2-S265,O007-RIGHTS-FREMLIN-DSL,O007-FREMLIN-V2-S265-SEG-265B,117,265B,265B,135,127,5101,5111,5349,5359,\nu_{rW},\nu_{rW},458a20d91d12ecc2ab9bc4d03ea55f8fab5725370a4ad02cb0d5ba8f0f4bf12f,458a20d91d12ecc2ab9bc4d03ea55f8fab5725370a4ad02cb0d5ba8f0f4bf12f,458a20d91d12ecc2ab9bc4d03ea55f8fab5725370a4ad02cb0d5ba8f0f4bf12f,$,,458a20d91d12ecc2ab9bc4d03ea55f8fab5725370a4ad02cb0d5ba8f0f4bf12f,458a20d91d12ecc2ab9bc4d03ea55f8fab5725370a4ad02cb0d5ba8f0f4bf12f,"{""basis"":""ordered source-target formula atom"",""kind"":""source-target-formula-map""}"
1.1.0,formula,O007-FREMLIN-V2-S265-FORMULA-0118,O007-FREMLIN-V2-S265,O007-RIGHTS-FREMLIN-DSL,O007-FREMLIN-V2-S265-SEG-265B,118,265B,265B,135,127,5140,5143,5381,5384,W,W,fcb5f40df9be6bae66c1d77a6c15968866a9e6cbd7314ca432b019d17392f6f4,fcb5f40df9be6bae66c1d77a6c15968866a9e6cbd7314ca432b019d17392f6f4,fcb5f40df9be6bae66c1d77a6c15968866a9e6cbd7314ca432b019d17392f6f4,$,,fcb5f40df9be6bae66c1d77a6c15968866a9e6cbd7314ca432b019d17392f6f4,fcb5f40df9be6bae66c1d77a6c15968866a9e6cbd7314ca432b019d17392f6f4,"{""basis"":""ordered source-target formula atom"",""kind"":""source-target-formula-map""}"
1.1.0,formula,O007-FREMLIN-V2-S265-FORMULA-0119,O007-FREMLIN-V2-S265,O007-RIGHTS-FREMLIN-DSL,O007-FREMLIN-V2-S265-SEG-265B,119,265B,265B,135,127,5155,5162,5405,5412,\nu_r,\nu_r,e8b3832b298d6101b15e3586330ba9623983dd4b8f502aadc70f38d121108a53,e8b3832b298d6101b15e3586330ba9623983dd4b8f502aadc70f38d121108a53,e8b3832b298d6101b15e3586330ba9623983dd4b8f502aadc70f38d121108a53,$,,e8b3832b298d6101b15e3586330ba9623983dd4b8f502aadc70f38d121108a53,e8b3832b298d6101b15e3586330ba9623983dd4b8f502aadc70f38d121108a53,"{""basis"":""ordered source-target formula atom"",""kind"":""source-target-formula-map""}"
1.1.0,formula,O007-FREMLIN-V2-S265-FORMULA-0120,O007-FREMLIN-V2-S265,O007-RIGHTS-FREMLIN-DSL,O007-FREMLIN-V2-S265-SEG-265B,120,265B,265B,137,129,5172,5191,5430,5449,E\subseteq\BbbR^r,E\subseteq\BbbR^r,954f89af45ec4ad029bc32837e86fb50d51a2e1ff828eb481146f1fdb42adb99,954f89af45ec4ad029bc32837e86fb50d51a2e1ff828eb481146f1fdb42adb99,954f89af45ec4ad029bc32837e86fb50d51a2e1ff828eb481146f1fdb42adb99,$,,954f89af45ec4ad029bc32837e86fb50d51a2e1ff828eb481146f1fdb42adb99,954f89af45ec4ad029bc32837e86fb50d51a2e1ff828eb481146f1fdb42adb99,"{""basis"":""ordered source-target formula atom"",""kind"":""source-target-formula-map""}"
1.1.0,formula,O007-FREMLIN-V2-S265-FORMULA-0121,O007-FREMLIN-V2-S265,O007-RIGHTS-FREMLIN-DSL,O007-FREMLIN-V2-S265-SEG-265B,121,265B,265B,138,130,5225,5244,5500,5519,\mu_rS[E]=J\mu_rE,\mu_rS[E]=J\mu_rE,4a0b105cfb4e22b2f011ea5063e8c14ab91b8b6f22911f58cef2c7186f43060a,4a0b105cfb4e22b2f011ea5063e8c14ab91b8b6f22911f58cef2c7186f43060a,4a0b105cfb4e22b2f011ea5063e8c14ab91b8b6f22911f58cef2c7186f43060a,$,,4a0b105cfb4e22b2f011ea5063e8c14ab91b8b6f22911f58cef2c7186f43060a,4a0b105cfb4e22b2f011ea5063e8c14ab91b8b6f22911f58cef2c7186f43060a,"{""basis"":""ordered source-target formula atom"",""kind"":""source-target-formula-map""}"
1.1.0,formula,O007-FREMLIN-V2-S265-FORMULA-0122,O007-FREMLIN-V2-S265,O007-RIGHTS-FREMLIN-DSL,O007-FREMLIN-V2-S265-SEG-265B,122,265B,265B,140,132,5277,5351,5543,5617,"\nu_rT[E]=\nu_r(P\trs R\trs [S[E]])=\nu_r(\phi[S[E]])
=\mu_rS[E]=J\mu_rE","\nu_rT[E]=\nu_r(P\trs R\trs [S[E]])=\nu_r(\phi[S[E]])
=\mu_rS[E]=J\mu_rE",eff61200df61a60f989393e18285233b4f7d968fdb7e5afb43f7df474558e098,eff61200df61a60f989393e18285233b4f7d968fdb7e5afb43f7df474558e098,46f1d83cf030afe233d45f4dca2e812fd8132780b670e7bb0df4128b9e663975,$,,46f1d83cf030afe233d45f4dca2e812fd8132780b670e7bb0df4128b9e663975,46f1d83cf030afe233d45f4dca2e812fd8132780b670e7bb0df4128b9e663975,"{""basis"":""ordered source-target formula atom"",""kind"":""source-target-formula-map""}"
1.1.0,formula,O007-FREMLIN-V2-S265-FORMULA-0123,O007-FREMLIN-V2-S265,O007-RIGHTS-FREMLIN-DSL,O007-FREMLIN-V2-S265-SEG-265B,123,265B,265B,143,135,5368,5371,5636,5639,T,T,e632b7095b0bf32c260fa4c539e9fd7b852d0de454e9be26f24d0d6f91d069d3,e632b7095b0bf32c260fa4c539e9fd7b852d0de454e9be26f24d0d6f91d069d3,e632b7095b0bf32c260fa4c539e9fd7b852d0de454e9be26f24d0d6f91d069d3,$,,e632b7095b0bf32c260fa4c539e9fd7b852d0de454e9be26f24d0d6f91d069d3,e632b7095b0bf32c260fa4c539e9fd7b852d0de454e9be26f24d0d6f91d069d3,"{""basis"":""ordered source-target formula atom"",""kind"":""source-target-formula-map""}"
1.1.0,formula,O007-FREMLIN-V2-S265-FORMULA-0124,O007-FREMLIN-V2-S265,O007-RIGHTS-FREMLIN-DSL,O007-FREMLIN-V2-S265-SEG-265B,124,265B,265B,143,135,5391,5405,5655,5669,S=\phi^{-1}T,S=\phi^{-1}T,cc890e5017e90a39c9dde297c22d7a7972e72f9a2eb5ffccd2dc038782cfa7e1,cc890e5017e90a39c9dde297c22d7a7972e72f9a2eb5ffccd2dc038782cfa7e1,cc890e5017e90a39c9dde297c22d7a7972e72f9a2eb5ffccd2dc038782cfa7e1,$,,cc890e5017e90a39c9dde297c22d7a7972e72f9a2eb5ffccd2dc038782cfa7e1,cc890e5017e90a39c9dde297c22d7a7972e72f9a2eb5ffccd2dc038782cfa7e1,"{""basis"":""ordered source-target formula atom"",""kind"":""source-target-formula-map""}"
1.1.0,formula,O007-FREMLIN-V2-S265-FORMULA-0125,O007-FREMLIN-V2-S265,O007-RIGHTS-FREMLIN-DSL,O007-FREMLIN-V2-S265-SEG-265B,125,265B,265B,144,136,5438,5446,5700,5708,J\ne 0,J\ne 0,a0b963f80f7dba09a6b9b4d2dd8151424c2311c2c466fc39b22bfeddca995352,a0b963f80f7dba09a6b9b4d2dd8151424c2311c2c466fc39b22bfeddca995352,c5d83150711d9f25ee6d1727dce605da09bf10630c839d3bdd80ad584ef7db32,$,,c5d83150711d9f25ee6d1727dce605da09bf10630c839d3bdd80ad584ef7db32,c5d83150711d9f25ee6d1727dce605da09bf10630c839d3bdd80ad584ef7db32,"{""basis"":""ordered source-target formula atom"",""kind"":""source-target-formula-map""}"
1.1.0,formula,O007-FREMLIN-V2-S265-FORMULA-0126,O007-FREMLIN-V2-S265,O007-RIGHTS-FREMLIN-DSL,O007-FREMLIN-V2-S265-SEG-265B,126,265B,265B,146,138,5464,5538,5726,5800,"\nu_rF=\mu_r(\phi^{-1}[F])
=J\mu_r(S^{-1}[\phi^{-1}[F]])=J\mu_rT^{-1}[F]","\nu_rF=\mu_r(\phi^{-1}[F])
=J\mu_r(S^{-1}[\phi^{-1}[F]])=J\mu_rT^{-1}[F]",c7a683c681cb11171f4f7e69d2d3fe9edfaa5398ad22f33174a860a8986f97c6,c7a683c681cb11171f4f7e69d2d3fe9edfaa5398ad22f33174a860a8986f97c6,7fc0894e8774a7cdfbb70f0e97a0791ad130508d71d949da6edf0adfdd963612,$,,7fc0894e8774a7cdfbb70f0e97a0791ad130508d71d949da6edf0adfdd963612,7fc0894e8774a7cdfbb70f0e97a0791ad130508d71d949da6edf0adfdd963612,"{""basis"":""ordered source-target formula atom"",""kind"":""source-target-formula-map""}"
1.1.0,formula,O007-FREMLIN-V2-S265-FORMULA-0127,O007-FREMLIN-V2-S265,O007-RIGHTS-FREMLIN-DSL,O007-FREMLIN-V2-S265-SEG-265B,127,265B,265B,149,141,5560,5572,5823,5835,F\in\Tau_r,F\in\Tau_r,4c9ca7b6429575e712f68857a1aa2dc0b765302101e7c361a6b39faee5897a43,4c9ca7b6429575e712f68857a1aa2dc0b765302101e7c361a6b39faee5897a43,4c9ca7b6429575e712f68857a1aa2dc0b765302101e7c361a6b39faee5897a43,$,,4c9ca7b6429575e712f68857a1aa2dc0b765302101e7c361a6b39faee5897a43,4c9ca7b6429575e712f68857a1aa2dc0b765302101e7c361a6b39faee5897a43,"{""basis"":""ordered source-target formula atom"",""kind"":""source-target-formula-map""}"
1.1.0,formula,O007-FREMLIN-V2-S265-FORMULA-0128,O007-FREMLIN-V2-S265,O007-RIGHTS-FREMLIN-DSL,O007-FREMLIN-V2-S265-SEG-265B,128,265B,265B,149,141,5577,5602,5840,5865,F\subseteq W=T[\BbbR^r],F\subseteq W=T[\BbbR^r],15a9f0e0f51d10c417f9cf7d72e549c807165fc55ac5ca18b40404809bce273b,15a9f0e0f51d10c417f9cf7d72e549c807165fc55ac5ca18b40404809bce273b,d1c4e2fd9dd45b455ab4cdacd39d62dd04888ee38f229dd333951e2bd1da0dc1,$,,d1c4e2fd9dd45b455ab4cdacd39d62dd04888ee38f229dd333951e2bd1da0dc1,d1c4e2fd9dd45b455ab4cdacd39d62dd04888ee38f229dd333951e2bd1da0dc1,"{""basis"":""ordered source-target formula atom"",""kind"":""source-target-formula-map""}"
1.1.0,formula,O007-FREMLIN-V2-S265-FORMULA-0129,O007-FREMLIN-V2-S265,O007-RIGHTS-FREMLIN-DSL,O007-FREMLIN-V2-S265-SEG-265C,129,265C,265C,154,146,5696,5719,5955,5978,\nu_r^*T[A]=J\mu_r^*A,\nu_r^*T[A]=J\mu_r^*A,b78a8a565c52297e9480edc10f63c6c1457790c6293cc235302ac9c1309c2c60,b78a8a565c52297e9480edc10f63c6c1457790c6293cc235302ac9c1309c2c60,b78a8a565c52297e9480edc10f63c6c1457790c6293cc235302ac9c1309c2c60,$,,b78a8a565c52297e9480edc10f63c6c1457790c6293cc235302ac9c1309c2c60,b78a8a565c52297e9480edc10f63c6c1457790c6293cc235302ac9c1309c2c60,"{""basis"":""ordered source-target formula atom"",""kind"":""source-target-formula-map""}"
1.1.0,formula,O007-FREMLIN-V2-S265-FORMULA-0130,O007-FREMLIN-V2-S265,O007-RIGHTS-FREMLIN-DSL,O007-FREMLIN-V2-S265-SEG-265C,130,265C,265C,156,148,5742,5761,6004,6023,A\subseteq\BbbR^r,A\subseteq\BbbR^r,f93528f6e6f940f332b7f5b14441d9d25ee7316d8c957e06b6bce3ed6d36e7ab,f93528f6e6f940f332b7f5b14441d9d25ee7316d8c957e06b6bce3ed6d36e7ab,f93528f6e6f940f332b7f5b14441d9d25ee7316d8c957e06b6bce3ed6d36e7ab,$,,f93528f6e6f940f332b7f5b14441d9d25ee7316d8c957e06b6bce3ed6d36e7ab,f93528f6e6f940f332b7f5b14441d9d25ee7316d8c957e06b6bce3ed6d36e7ab,"{""basis"":""ordered source-target formula atom"",""kind"":""source-target-formula-map""}"
1.1.0,formula,O007-FREMLIN-V2-S265-FORMULA-0131,O007-FREMLIN-V2-S265,O007-RIGHTS-FREMLIN-DSL,O007-FREMLIN-V2-S265-SEG-265C,131,265C,265C,158,150,5784,5787,6048,6051,E,E,a9f51566bd6705f7ea6ad54bb9deb449f795582d6529a0e22207b8981233ec58,a9f51566bd6705f7ea6ad54bb9deb449f795582d6529a0e22207b8981233ec58,a9f51566bd6705f7ea6ad54bb9deb449f795582d6529a0e22207b8981233ec58,$,,a9f51566bd6705f7ea6ad54bb9deb449f795582d6529a0e22207b8981233ec58,a9f51566bd6705f7ea6ad54bb9deb449f795582d6529a0e22207b8981233ec58,"{""basis"":""ordered source-target formula atom"",""kind"":""source-target-formula-map""}"
1.1.0,formula,O007-FREMLIN-V2-S265-FORMULA-0132,O007-FREMLIN-V2-S265,O007-RIGHTS-FREMLIN-DSL,O007-FREMLIN-V2-S265-SEG-265C,132,265C,265C,158,150,5816,5830,6073,6087,A\subseteq E,A\subseteq E,62d71233f7e816fa8bb8d5948299deee4336cdc73550f53d365ecf3dadbad9cc,62d71233f7e816fa8bb8d5948299deee4336cdc73550f53d365ecf3dadbad9cc,d5bf78a980b0494ca4f99b4ab4510d05ed1ade5be3cd9bac8f89ff21a6ad47a2,$,,d5bf78a980b0494ca4f99b4ab4510d05ed1ade5be3cd9bac8f89ff21a6ad47a2,d5bf78a980b0494ca4f99b4ab4510d05ed1ade5be3cd9bac8f89ff21a6ad47a2,"{""basis"":""ordered source-target formula atom"",""kind"":""source-target-formula-map""}"
1.1.0,formula,O007-FREMLIN-V2-S265-FORMULA-0133,O007-FREMLIN-V2-S265,O007-RIGHTS-FREMLIN-DSL,O007-FREMLIN-V2-S265-SEG-265C,133,265C,265C,160,151,5837,5857,6094,6114,T[A]\subseteq T[E],T[A]\subseteq T[E],e53302d1420d30fe1f6306a81bee5cb91c131f8918390ef5455b51fc19f17198,e53302d1420d30fe1f6306a81bee5cb91c131f8918390ef5455b51fc19f17198,39af44583cc238c47f8b29ab1127be7950a55303d09f5c85e72862cf91ddec9c,$,,39af44583cc238c47f8b29ab1127be7950a55303d09f5c85e72862cf91ddec9c,39af44583cc238c47f8b29ab1127be7950a55303d09f5c85e72862cf91ddec9c,"{""basis"":""ordered source-target formula atom"",""kind"":""source-target-formula-map""}"
1.1.0,formula,O007-FREMLIN-V2-S265-FORMULA-0134,O007-FREMLIN-V2-S265,O007-RIGHTS-FREMLIN-DSL,O007-FREMLIN-V2-S265-SEG-265C,134,265C,265C,162,153,5875,5909,6138,6172,\nu_r^*T[A]\le \nu_rT[E]=J\mu_rE,\nu_r^*T[A]\le \nu_rT[E]=J\mu_rE,7104caefcc12ba79a5ab03752c22cc5dc5a52665c1770a16f1033de836ae9e71,7104caefcc12ba79a5ab03752c22cc5dc5a52665c1770a16f1033de836ae9e71,a5ccd3936cabc4a7a07e0d70fc86389a8b408b45d1cf880e28aac69071e2c55e,$,,a5ccd3936cabc4a7a07e0d70fc86389a8b408b45d1cf880e28aac69071e2c55e,a5ccd3936cabc4a7a07e0d70fc86389a8b408b45d1cf880e28aac69071e2c55e,"{""basis"":""ordered source-target formula atom"",""kind"":""source-target-formula-map""}"
1.1.0,formula,O007-FREMLIN-V2-S265-FORMULA-0135,O007-FREMLIN-V2-S265,O007-RIGHTS-FREMLIN-DSL,O007-FREMLIN-V2-S265-SEG-265C,135,265C,265C,164,155,5926,5929,6193,6196,E,E,a9f51566bd6705f7ea6ad54bb9deb449f795582d6529a0e22207b8981233ec58,a9f51566bd6705f7ea6ad54bb9deb449f795582d6529a0e22207b8981233ec58,a9f51566bd6705f7ea6ad54bb9deb449f795582d6529a0e22207b8981233ec58,$,,a9f51566bd6705f7ea6ad54bb9deb449f795582d6529a0e22207b8981233ec58,a9f51566bd6705f7ea6ad54bb9deb449f795582d6529a0e22207b8981233ec58,"{""basis"":""ordered source-target formula atom"",""kind"":""source-target-formula-map""}"
1.1.0,formula,O007-FREMLIN-V2-S265-FORMULA-0136,O007-FREMLIN-V2-S265,O007-RIGHTS-FREMLIN-DSL,O007-FREMLIN-V2-S265-SEG-265C,136,265C,265C,164,155,5944,5970,6207,6233,\nu_r^*T[A]\le J\mu_r^*A,\nu_r^*T[A]\le J\mu_r^*A,8790df8ca632bb6e5dd3eee07ddaa3dd98fd30b0b1743576c3dec37924281ea3,8790df8ca632bb6e5dd3eee07ddaa3dd98fd30b0b1743576c3dec37924281ea3,c231fef481b19e9066a199d49a4da022b1aeae515cd53b751764b4a73bf0e6c3,$,,c231fef481b19e9066a199d49a4da022b1aeae515cd53b751764b4a73bf0e6c3,c231fef481b19e9066a199d49a4da022b1aeae515cd53b751764b4a73bf0e6c3,"{""basis"":""ordered source-target formula atom"",""kind"":""source-target-formula-map""}"
1.1.0,formula,O007-FREMLIN-V2-S265-FORMULA-0137,O007-FREMLIN-V2-S265,O007-RIGHTS-FREMLIN-DSL,O007-FREMLIN-V2-S265-SEG-265C,137,265C,265C,168,159,5996,6001,6261,6266,J=0,J=0,1a77b7240bb8153099664e75e8dd5b3c572d42a65d6ddf23260a458791991af0,1a77b7240bb8153099664e75e8dd5b3c572d42a65d6ddf23260a458791991af0,1a77b7240bb8153099664e75e8dd5b3c572d42a65d6ddf23260a458791991af0,$,,1a77b7240bb8153099664e75e8dd5b3c572d42a65d6ddf23260a458791991af0,1a77b7240bb8153099664e75e8dd5b3c572d42a65d6ddf23260a458791991af0,"{""basis"":""ordered source-target formula atom"",""kind"":""source-target-formula-map""}"
1.1.0,formula,O007-FREMLIN-V2-S265-FORMULA-0138,O007-FREMLIN-V2-S265,O007-RIGHTS-FREMLIN-DSL,O007-FREMLIN-V2-S265-SEG-265C,138,265C,265C,168,159,6020,6028,6287,6295,J\ne 0,J\ne 0,a0b963f80f7dba09a6b9b4d2dd8151424c2311c2c466fc39b22bfeddca995352,a0b963f80f7dba09a6b9b4d2dd8151424c2311c2c466fc39b22bfeddca995352,c5d83150711d9f25ee6d1727dce605da09bf10630c839d3bdd80ad584ef7db32,$,,c5d83150711d9f25ee6d1727dce605da09bf10630c839d3bdd80ad584ef7db32,c5d83150711d9f25ee6d1727dce605da09bf10630c839d3bdd80ad584ef7db32,"{""basis"":""ordered source-target formula atom"",""kind"":""source-target-formula-map""}"
1.1.0,formula,O007-FREMLIN-V2-S265-FORMULA-0139,O007-FREMLIN-V2-S265,O007-RIGHTS-FREMLIN-DSL,O007-FREMLIN-V2-S265-SEG-265C,139,265C,265C,168,159,6034,6037,6302,6305,T,T,e632b7095b0bf32c260fa4c539e9fd7b852d0de454e9be26f24d0d6f91d069d3,e632b7095b0bf32c260fa4c539e9fd7b852d0de454e9be26f24d0d6f91d069d3,e632b7095b0bf32c260fa4c539e9fd7b852d0de454e9be26f24d0d6f91d069d3,$,,e632b7095b0bf32c260fa4c539e9fd7b852d0de454e9be26f24d0d6f91d069d3,e632b7095b0bf32c260fa4c539e9fd7b852d0de454e9be26f24d0d6f91d069d3,"{""basis"":""ordered source-target formula atom"",""kind"":""source-target-formula-map""}"
1.1.0,formula,O007-FREMLIN-V2-S265-FORMULA-0140,O007-FREMLIN-V2-S265,O007-RIGHTS-FREMLIN-DSL,O007-FREMLIN-V2-S265-SEG-265C,140,265C,265C,170,160,6058,6070,6330,6342,F\in\Tau_r,F\in\Tau_r,4c9ca7b6429575e712f68857a1aa2dc0b765302101e7c361a6b39faee5897a43,4c9ca7b6429575e712f68857a1aa2dc0b765302101e7c361a6b39faee5897a43,4c9ca7b6429575e712f68857a1aa2dc0b765302101e7c361a6b39faee5897a43,$,,4c9ca7b6429575e712f68857a1aa2dc0b765302101e7c361a6b39faee5897a43,4c9ca7b6429575e712f68857a1aa2dc0b765302101e7c361a6b39faee5897a43,"{""basis"":""ordered source-target formula atom"",""kind"":""source-target-formula-map""}"
1.1.0,formula,O007-FREMLIN-V2-S265-FORMULA-0141,O007-FREMLIN-V2-S265,O007-RIGHTS-FREMLIN-DSL,O007-FREMLIN-V2-S265-SEG-265C,141,265C,265C,170,160,6075,6092,6347,6364,T[A]\subseteq F,T[A]\subseteq F,ed72866ad1a776f60c97f47fe3835aee16e083ef6155605e8d6e7a11b9554855,ed72866ad1a776f60c97f47fe3835aee16e083ef6155605e8d6e7a11b9554855,fa323a214f4dcf8db03df18d144e58d2a88ab2201d597ab3facec7d3d3491d89,$,,fa323a214f4dcf8db03df18d144e58d2a88ab2201d597ab3facec7d3d3491d89,fa323a214f4dcf8db03df18d144e58d2a88ab2201d597ab3facec7d3d3491d89,"{""basis"":""ordered source-target formula atom"",""kind"":""source-target-formula-map""}"
1.1.0,formula,O007-FREMLIN-V2-S265-FORMULA-0142,O007-FREMLIN-V2-S265,O007-RIGHTS-FREMLIN-DSL,O007-FREMLIN-V2-S265-SEG-265C,142,265C,265C,172,162,6120,6199,6399,6478,"J\mu_r^*A\le J\mu_rT^{-1}[F\cap T[\BbbR^r]]
=\nu_r(F\cap T[\BbbR^r])\le\nu_rF","J\mu_r^*A\le J\mu_rT^{-1}[F\cap T[\BbbR^r]]
=\nu_r(F\cap T[\BbbR^r])\le\nu_rF",3987755a235b298826dfae01909bc16ce0e5b4eeee5284df030fb14553e18708,3987755a235b298826dfae01909bc16ce0e5b4eeee5284df030fb14553e18708,3e466b0e899141e26782a1ad11447b0a7273739f952e3eb59126a8afcf7d7977,$,,3e466b0e899141e26782a1ad11447b0a7273739f952e3eb59126a8afcf7d7977,3e466b0e899141e26782a1ad11447b0a7273739f952e3eb59126a8afcf7d7977,"{""basis"":""ordered source-target formula atom"",""kind"":""source-target-formula-map""}"
1.1.0,formula,O007-FREMLIN-V2-S265-FORMULA-0143,O007-FREMLIN-V2-S265,O007-RIGHTS-FREMLIN-DSL,O007-FREMLIN-V2-S265-SEG-265C,143,265C,265C,175,165,6216,6219,6499,6502,F,F,f67ab10ad4e4c53121b6a5fe4da9c10ddee905b978d3788d2723d7bfacbe28a9,f67ab10ad4e4c53121b6a5fe4da9c10ddee905b978d3788d2723d7bfacbe28a9,f67ab10ad4e4c53121b6a5fe4da9c10ddee905b978d3788d2723d7bfacbe28a9,$,,f67ab10ad4e4c53121b6a5fe4da9c10ddee905b978d3788d2723d7bfacbe28a9,f67ab10ad4e4c53121b6a5fe4da9c10ddee905b978d3788d2723d7bfacbe28a9,"{""basis"":""ordered source-target formula atom"",""kind"":""source-target-formula-map""}"
1.1.0,formula,O007-FREMLIN-V2-S265-FORMULA-0144,O007-FREMLIN-V2-S265,O007-RIGHTS-FREMLIN-DSL,O007-FREMLIN-V2-S265-SEG-265C,144,265C,265C,175,165,6234,6259,6513,6538,J\mu_r^*A\le\nu_r^*T[A],J\mu_r^*A\le\nu_r^*T[A],a423b562a67be35d6c04f2ae796233b6f60899a8fdf481eaa15d994e35ede18e,a423b562a67be35d6c04f2ae796233b6f60899a8fdf481eaa15d994e35ede18e,a423b562a67be35d6c04f2ae796233b6f60899a8fdf481eaa15d994e35ede18e,$,,a423b562a67be35d6c04f2ae796233b6f60899a8fdf481eaa15d994e35ede18e,a423b562a67be35d6c04f2ae796233b6f60899a8fdf481eaa15d994e35ede18e,"{""basis"":""ordered source-target formula atom"",""kind"":""source-target-formula-map""}"
1.1.0,formula,O007-FREMLIN-V2-S265-FORMULA-0145,O007-FREMLIN-V2-S265,O007-RIGHTS-FREMLIN-DSL,O007-FREMLIN-V2-S265-SEG-265D,145,265D,265D,183,173,6404,6417,6688,6701,1\le r\le s,1\le r\le s,15ce78821bfec3fefc672c9007ecdd78d8e379e0ae449f509cd9976c6e4cf832,15ce78821bfec3fefc672c9007ecdd78d8e379e0ae449f509cd9976c6e4cf832,7c8fa503a935a11af3e1daec09533ce680161d66e99ab9f15103e6e838cfa2d7,$,,7c8fa503a935a11af3e1daec09533ce680161d66e99ab9f15103e6e838cfa2d7,7c8fa503a935a11af3e1daec09533ce680161d66e99ab9f15103e6e838cfa2d7,"{""basis"":""ordered source-target formula atom"",""kind"":""source-target-formula-map""}"
1.1.0,formula,O007-FREMLIN-V2-S265-FORMULA-0146,O007-FREMLIN-V2-S265,O007-RIGHTS-FREMLIN-DSL,O007-FREMLIN-V2-S265-SEG-265D,146,265D,265D,183,173,6427,6430,6706,6709,T,T,e632b7095b0bf32c260fa4c539e9fd7b852d0de454e9be26f24d0d6f91d069d3,e632b7095b0bf32c260fa4c539e9fd7b852d0de454e9be26f24d0d6f91d069d3,e632b7095b0bf32c260fa4c539e9fd7b852d0de454e9be26f24d0d6f91d069d3,$,,e632b7095b0bf32c260fa4c539e9fd7b852d0de454e9be26f24d0d6f91d069d3,e632b7095b0bf32c260fa4c539e9fd7b852d0de454e9be26f24d0d6f91d069d3,"{""basis"":""ordered source-target formula atom"",""kind"":""source-target-formula-map""}"
1.1.0,formula,O007-FREMLIN-V2-S265-FORMULA-0147,O007-FREMLIN-V2-S265,O007-RIGHTS-FREMLIN-DSL,O007-FREMLIN-V2-S265-SEG-265D,147,265D,265D,184,174,6437,6448,6725,6736,s\times r,s\times r,5b8faa3f3a53e3fd999980f2733db97c06c336e3307055f98839effee93567e2,5b8faa3f3a53e3fd999980f2733db97c06c336e3307055f98839effee93567e2,8d324e5b67828b33b22c560bdce540b90196231865b8e7532a1c1318ac39f193,$,,8d324e5b67828b33b22c560bdce540b90196231865b8e7532a1c1318ac39f193,8d324e5b67828b33b22c560bdce540b90196231865b8e7532a1c1318ac39f193,"{""basis"":""ordered source-target formula atom"",""kind"":""source-target-formula-map""}"
1.1.0,formula,O007-FREMLIN-V2-S265-FORMULA-0148,O007-FREMLIN-V2-S265,O007-RIGHTS-FREMLIN-DSL,O007-FREMLIN-V2-S265-SEG-265D,148,265D,265D,184,174,6462,6485,6747,6770,J=\sqrt{\det T\trs T},J=\sqrt{\det T\trs T},5841463b090bddb054e0b0e6de169460d002a58c16d451520a8c285cc9aa8064,5841463b090bddb054e0b0e6de169460d002a58c16d451520a8c285cc9aa8064,6a3b0b1de9552bb7ff142ef0438bf05b14b432b6789c6adae14c9af7a73fab93,$,,6a3b0b1de9552bb7ff142ef0438bf05b14b432b6789c6adae14c9af7a73fab93,6a3b0b1de9552bb7ff142ef0438bf05b14b432b6789c6adae14c9af7a73fab93,"{""basis"":""ordered source-target formula atom"",""kind"":""source-target-formula-map""}"
1.1.0,formula,O007-FREMLIN-V2-S265-FORMULA-0149,O007-FREMLIN-V2-S265,O007-RIGHTS-FREMLIN-DSL,O007-FREMLIN-V2-S265-SEG-265D,149,265D,265D,185,174,6505,6513,6785,6793,J\ne 0,J\ne 0,a0b963f80f7dba09a6b9b4d2dd8151424c2311c2c466fc39b22bfeddca995352,a0b963f80f7dba09a6b9b4d2dd8151424c2311c2c466fc39b22bfeddca995352,c5d83150711d9f25ee6d1727dce605da09bf10630c839d3bdd80ad584ef7db32,$,,c5d83150711d9f25ee6d1727dce605da09bf10630c839d3bdd80ad584ef7db32,c5d83150711d9f25ee6d1727dce605da09bf10630c839d3bdd80ad584ef7db32,"{""basis"":""ordered source-target formula atom"",""kind"":""source-target-formula-map""}"
1.1.0,formula,O007-FREMLIN-V2-S265-FORMULA-0150,O007-FREMLIN-V2-S265,O007-RIGHTS-FREMLIN-DSL,O007-FREMLIN-V2-S265-SEG-265D,150,265D,265D,186,175,6528,6540,6813,6825,\epsilon>0,\epsilon>0,4c7785f41b6ba845fbf6fe3db625563505eedd141a7e6a016df047b5d14c0cc7,4c7785f41b6ba845fbf6fe3db625563505eedd141a7e6a016df047b5d14c0cc7,4c7785f41b6ba845fbf6fe3db625563505eedd141a7e6a016df047b5d14c0cc7,$,,4c7785f41b6ba845fbf6fe3db625563505eedd141a7e6a016df047b5d14c0cc7,4c7785f41b6ba845fbf6fe3db625563505eedd141a7e6a016df047b5d14c0cc7,"{""basis"":""ordered source-target formula atom"",""kind"":""source-target-formula-map""}"
1.1.0,formula,O007-FREMLIN-V2-S265-FORMULA-0151,O007-FREMLIN-V2-S265,O007-RIGHTS-FREMLIN-DSL,O007-FREMLIN-V2-S265-SEG-265D,151,265D,265D,186,176,6552,6579,6835,6862,"\zeta=\zeta(T,\epsilon)>0","\zeta=\zeta(T,\epsilon)>0",80ebe60a923992cec3144478ff6023086e1fa436ea9477b0293b3cb5692a43eb,80ebe60a923992cec3144478ff6023086e1fa436ea9477b0293b3cb5692a43eb,80ebe60a923992cec3144478ff6023086e1fa436ea9477b0293b3cb5692a43eb,$,,80ebe60a923992cec3144478ff6023086e1fa436ea9477b0293b3cb5692a43eb,80ebe60a923992cec3144478ff6023086e1fa436ea9477b0293b3cb5692a43eb,"{""basis"":""ordered source-target formula atom"",""kind"":""source-target-formula-map""}"
1.1.0,formula,O007-FREMLIN-V2-S265-FORMULA-0152,O007-FREMLIN-V2-S265,O007-RIGHTS-FREMLIN-DSL,O007-FREMLIN-V2-S265-SEG-265D,152,265D,265D,189,178,6595,6631,6888,6924,|\sqrt{\det S\trs S}-J|\le\epsilon,|\sqrt{\det S\trs S}-J|\le\epsilon,1cb0e96cca22628423a6ddbef181b7cff66f3f2dd009c417f2f146728e4ee9e8,1cb0e96cca22628423a6ddbef181b7cff66f3f2dd009c417f2f146728e4ee9e8,deec852684d81a3bceac4caaf5ebfe7b861ac2f0de349223ee5fd6c9614cef17,$,,deec852684d81a3bceac4caaf5ebfe7b861ac2f0de349223ee5fd6c9614cef17,deec852684d81a3bceac4caaf5ebfe7b861ac2f0de349223ee5fd6c9614cef17,"{""basis"":""ordered source-target formula atom"",""kind"":""source-target-formula-map""}"
1.1.0,formula,O007-FREMLIN-V2-S265-FORMULA-0153,O007-FREMLIN-V2-S265,O007-RIGHTS-FREMLIN-DSL,O007-FREMLIN-V2-S265-SEG-265D,153,265D,265D,189,178,6641,6644,6935,6938,S,S,8de0b3c47f112c59745f717a626932264c422a7563954872e237b223af4ad643,8de0b3c47f112c59745f717a626932264c422a7563954872e237b223af4ad643,8de0b3c47f112c59745f717a626932264c422a7563954872e237b223af4ad643,$,,8de0b3c47f112c59745f717a626932264c422a7563954872e237b223af4ad643,8de0b3c47f112c59745f717a626932264c422a7563954872e237b223af4ad643,"{""basis"":""ordered source-target formula atom"",""kind"":""source-target-formula-map""}"
1.1.0,formula,O007-FREMLIN-V2-S265-FORMULA-0154,O007-FREMLIN-V2-S265,O007-RIGHTS-FREMLIN-DSL,O007-FREMLIN-V2-S265-SEG-265D,154,265D,265D,189,179,6651,6662,6954,6965,s\times r,s\times r,5b8faa3f3a53e3fd999980f2733db97c06c336e3307055f98839effee93567e2,5b8faa3f3a53e3fd999980f2733db97c06c336e3307055f98839effee93567e2,8d324e5b67828b33b22c560bdce540b90196231865b8e7532a1c1318ac39f193,$,,8d324e5b67828b33b22c560bdce540b90196231865b8e7532a1c1318ac39f193,8d324e5b67828b33b22c560bdce540b90196231865b8e7532a1c1318ac39f193,"{""basis"":""ordered source-target formula atom"",""kind"":""source-target-formula-map""}"
1.1.0,formula,O007-FREMLIN-V2-S265-FORMULA-0155,O007-FREMLIN-V2-S265,O007-RIGHTS-FREMLIN-DSL,O007-FREMLIN-V2-S265-SEG-265D,155,265D,265D,190,179,6674,6691,6970,6987,\|S-T\|\le\zeta,\|S-T\|\le\zeta,0951688a987ed409c21e8ca6e55af1d15344b74197f4c9faca47db88d179a630,0951688a987ed409c21e8ca6e55af1d15344b74197f4c9faca47db88d179a630,0951688a987ed409c21e8ca6e55af1d15344b74197f4c9faca47db88d179a630,$,,0951688a987ed409c21e8ca6e55af1d15344b74197f4c9faca47db88d179a630,0951688a987ed409c21e8ca6e55af1d15344b74197f4c9faca47db88d179a630,"{""basis"":""ordered source-target formula atom"",""kind"":""source-target-formula-map""}"
1.1.0,formula,O007-FREMLIN-V2-S265-FORMULA-0156,O007-FREMLIN-V2-S265,O007-RIGHTS-FREMLIN-DSL,O007-FREMLIN-V2-S265-SEG-265D,156,265D,265D,193,182,6758,6777,7068,7087,D\subseteq\BbbR^r,D\subseteq\BbbR^r,ee048a02a79ad2679b7bafa5fc8bba0f12daf6f2eb5f3e40603f25c183aaadc5,ee048a02a79ad2679b7bafa5fc8bba0f12daf6f2eb5f3e40603f25c183aaadc5,ee048a02a79ad2679b7bafa5fc8bba0f12daf6f2eb5f3e40603f25c183aaadc5,$,,ee048a02a79ad2679b7bafa5fc8bba0f12daf6f2eb5f3e40603f25c183aaadc5,ee048a02a79ad2679b7bafa5fc8bba0f12daf6f2eb5f3e40603f25c183aaadc5,"{""basis"":""ordered source-target formula atom"",""kind"":""source-target-formula-map""}"
1.1.0,formula,O007-FREMLIN-V2-S265-FORMULA-0157,O007-FREMLIN-V2-S265,O007-RIGHTS-FREMLIN-DSL,O007-FREMLIN-V2-S265-SEG-265D,157,265D,265D,193,183,6799,6818,7117,7136,"\phi:D\to\Bbb
R^s",\phi:D\to\Bbb R^s,1ced1b303acfefff5faaf0ad201b2811e3914478ffb99cfae4f8334cd9b44aea,32083a319b652a16e2cc0a85537f2ec2546c99bed2e0899dfd642f8011d2767d,72415c69d09b0aa4031146a5b0b420d6cc58794c88b7e7e91ba28902f60eecd6,$,,72415c69d09b0aa4031146a5b0b420d6cc58794c88b7e7e91ba28902f60eecd6,72415c69d09b0aa4031146a5b0b420d6cc58794c88b7e7e91ba28902f60eecd6,"{""basis"":""ordered source-target formula atom"",""kind"":""source-target-formula-map""}"
1.1.0,formula,O007-FREMLIN-V2-S265-FORMULA-0158,O007-FREMLIN-V2-S265,O007-RIGHTS-FREMLIN-DSL,O007-FREMLIN-V2-S265-SEG-265D,158,265D,265D,195,184,6843,6886,7171,7214,\|\phi(x)-\phi(y)-T(x-y)\|\le\zeta\|x-y\|,\|\phi(x)-\phi(y)-T(x-y)\|\le\zeta\|x-y\|,a506333c6ecd46b9ca498ee2429df084be8cc2510cbb3c53c56e87e2c81686e3,a506333c6ecd46b9ca498ee2429df084be8cc2510cbb3c53c56e87e2c81686e3,a506333c6ecd46b9ca498ee2429df084be8cc2510cbb3c53c56e87e2c81686e3,$,,a506333c6ecd46b9ca498ee2429df084be8cc2510cbb3c53c56e87e2c81686e3,a506333c6ecd46b9ca498ee2429df084be8cc2510cbb3c53c56e87e2c81686e3,"{""basis"":""ordered source-target formula atom"",""kind"":""source-target-formula-map""}"
1.1.0,formula,O007-FREMLIN-V2-S265-FORMULA-0159,O007-FREMLIN-V2-S265,O007-RIGHTS-FREMLIN-DSL,O007-FREMLIN-V2-S265-SEG-265D,159,265D,265D,196,184,6895,6898,7227,7230,x,x,2d711642b726b04401627ca9fbac32f5c8530fb1903cc4db02258717921a4881,2d711642b726b04401627ca9fbac32f5c8530fb1903cc4db02258717921a4881,2d711642b726b04401627ca9fbac32f5c8530fb1903cc4db02258717921a4881,$,,2d711642b726b04401627ca9fbac32f5c8530fb1903cc4db02258717921a4881,2d711642b726b04401627ca9fbac32f5c8530fb1903cc4db02258717921a4881,"{""basis"":""ordered source-target formula atom"",""kind"":""source-target-formula-map""}"
1.1.0,formula,O007-FREMLIN-V2-S265-FORMULA-0160,O007-FREMLIN-V2-S265,O007-RIGHTS-FREMLIN-DSL,O007-FREMLIN-V2-S265-SEG-265D,160,265D,265D,196,184,6900,6908,7232,7240,y\in D,y\in D,223baf1e4e89a2565f1491f4bc482f726daed58ca7736688f45d6515c2f07f68,223baf1e4e89a2565f1491f4bc482f726daed58ca7736688f45d6515c2f07f68,ea0f76ad67856b92170ce21390810232ba7ec7055b6c9643bba3b61dc886ccd5,$,,ea0f76ad67856b92170ce21390810232ba7ec7055b6c9643bba3b61dc886ccd5,ea0f76ad67856b92170ce21390810232ba7ec7055b6c9643bba3b61dc886ccd5,"{""basis"":""ordered source-target formula atom"",""kind"":""source-target-formula-map""}"
1.1.0,formula,O007-FREMLIN-V2-S265-FORMULA-0161,O007-FREMLIN-V2-S265,O007-RIGHTS-FREMLIN-DSL,O007-FREMLIN-V2-S265-SEG-265D,161,265D,265D,197,185,6915,6962,7247,7294,|\nu_r^*\phi[D]-J\mu_r^*D|\le\epsilon\mu_r^*D,|\nu_r^*\phi[D]-J\mu_r^*D|\le\epsilon\mu_r^*D,1f878c188e762f1ac802acafddb0cb7caa670535b3eb49b8c8c9acb04772a6fd,1f878c188e762f1ac802acafddb0cb7caa670535b3eb49b8c8c9acb04772a6fd,1f878c188e762f1ac802acafddb0cb7caa670535b3eb49b8c8c9acb04772a6fd,$,,1f878c188e762f1ac802acafddb0cb7caa670535b3eb49b8c8c9acb04772a6fd,1f878c188e762f1ac802acafddb0cb7caa670535b3eb49b8c8c9acb04772a6fd,"{""basis"":""ordered source-target formula atom"",""kind"":""source-target-formula-map""}"
1.1.0,formula,O007-FREMLIN-V2-S265-FORMULA-0162,O007-FREMLIN-V2-S265,O007-RIGHTS-FREMLIN-DSL,O007-FREMLIN-V2-S265-SEG-265D,162,265D,265D,199,187,6990,7004,7321,7335,\det S\trs S,\det S\trs S,ba7af1b046d5b650649b8813f5086185ba33db3f73c5695089a854bdc808ed76,ba7af1b046d5b650649b8813f5086185ba33db3f73c5695089a854bdc808ed76,c5454a2348f2a0a5da03059073fbeaaafa1384dfd0a89c3831ca685600376e41,$,,c5454a2348f2a0a5da03059073fbeaaafa1384dfd0a89c3831ca685600376e41,c5454a2348f2a0a5da03059073fbeaaafa1384dfd0a89c3831ca685600376e41,"{""basis"":""ordered source-target formula atom"",""kind"":""source-target-formula-map""}"
1.1.0,formula,O007-FREMLIN-V2-S265-FORMULA-0163,O007-FREMLIN-V2-S265,O007-RIGHTS-FREMLIN-DSL,O007-FREMLIN-V2-S265-SEG-265D,163,265D,265D,200,188,7053,7056,7383,7386,S,S,8de0b3c47f112c59745f717a626932264c422a7563954872e237b223af4ad643,8de0b3c47f112c59745f717a626932264c422a7563954872e237b223af4ad643,8de0b3c47f112c59745f717a626932264c422a7563954872e237b223af4ad643,$,,8de0b3c47f112c59745f717a626932264c422a7563954872e237b223af4ad643,8de0b3c47f112c59745f717a626932264c422a7563954872e237b223af4ad643,"{""basis"":""ordered source-target formula atom"",""kind"":""source-target-formula-map""}"
1.1.0,formula,O007-FREMLIN-V2-S265-FORMULA-0164,O007-FREMLIN-V2-S265,O007-RIGHTS-FREMLIN-DSL,O007-FREMLIN-V2-S265-SEG-265D,164,265D,265D,200,189,7094,7105,7428,7439,\zeta_0>0,\zeta_0>0,3f10f4a1db85d4389df7705391c652f1888cb584efc21bb32878dbd36f706e78,3f10f4a1db85d4389df7705391c652f1888cb584efc21bb32878dbd36f706e78,3f10f4a1db85d4389df7705391c652f1888cb584efc21bb32878dbd36f706e78,$,,3f10f4a1db85d4389df7705391c652f1888cb584efc21bb32878dbd36f706e78,3f10f4a1db85d4389df7705391c652f1888cb584efc21bb32878dbd36f706e78,"{""basis"":""ordered source-target formula atom"",""kind"":""source-target-formula-map""}"
1.1.0,formula,O007-FREMLIN-V2-S265-FORMULA-0165,O007-FREMLIN-V2-S265,O007-RIGHTS-FREMLIN-DSL,O007-FREMLIN-V2-S265-SEG-265D,165,265D,265D,201,190,7116,7152,7460,7496,|J-\sqrt{\det S\trs S}|\le\epsilon,|J-\sqrt{\det S\trs S}|\le\epsilon,e25c52b74510beb8b716702ee2f7bdccc42ba8799849c60f14b58206efe62fb5,e25c52b74510beb8b716702ee2f7bdccc42ba8799849c60f14b58206efe62fb5,c46bfc90da5f56f65b0aa4b20b6d90d9a5d62438df1eb6462c90a54ff1cdd41b,$,,c46bfc90da5f56f65b0aa4b20b6d90d9a5d62438df1eb6462c90a54ff1cdd41b,c46bfc90da5f56f65b0aa4b20b6d90d9a5d62438df1eb6462c90a54ff1cdd41b,"{""basis"":""ordered source-target formula atom"",""kind"":""source-target-formula-map""}"
1.1.0,formula,O007-FREMLIN-V2-S265-FORMULA-0166,O007-FREMLIN-V2-S265,O007-RIGHTS-FREMLIN-DSL,O007-FREMLIN-V2-S265-SEG-265D,166,265D,265D,202,191,7162,7181,7507,7526,\|S-T\|\le\zeta_0,\|S-T\|\le\zeta_0,8a734564b1004c357c4140a4676f75a2bc42225f0de792c7fddf6def6a6d9a33,8a734564b1004c357c4140a4676f75a2bc42225f0de792c7fddf6def6a6d9a33,8a734564b1004c357c4140a4676f75a2bc42225f0de792c7fddf6def6a6d9a33,$,,8a734564b1004c357c4140a4676f75a2bc42225f0de792c7fddf6def6a6d9a33,8a734564b1004c357c4140a4676f75a2bc42225f0de792c7fddf6def6a6d9a33,"{""basis"":""ordered source-target formula atom"",""kind"":""source-target-formula-map""}"
1.1.0,formula,O007-FREMLIN-V2-S265-FORMULA-0167,O007-FREMLIN-V2-S265,O007-RIGHTS-FREMLIN-DSL,O007-FREMLIN-V2-S265-SEG-265D,167,265D,265D,206,195,7212,7220,7556,7564,J\ne 0,J\ne 0,a0b963f80f7dba09a6b9b4d2dd8151424c2311c2c466fc39b22bfeddca995352,a0b963f80f7dba09a6b9b4d2dd8151424c2311c2c466fc39b22bfeddca995352,c5d83150711d9f25ee6d1727dce605da09bf10630c839d3bdd80ad584ef7db32,$,,c5d83150711d9f25ee6d1727dce605da09bf10630c839d3bdd80ad584ef7db32,c5d83150711d9f25ee6d1727dce605da09bf10630c839d3bdd80ad584ef7db32,"{""basis"":""ordered source-target formula atom"",""kind"":""source-target-formula-map""}"
1.1.0,formula,O007-FREMLIN-V2-S265-FORMULA-0168,O007-FREMLIN-V2-S265,O007-RIGHTS-FREMLIN-DSL,O007-FREMLIN-V2-S265-SEG-265D,168,265D,265D,206,195,7222,7225,7566,7569,T,T,e632b7095b0bf32c260fa4c539e9fd7b852d0de454e9be26f24d0d6f91d069d3,e632b7095b0bf32c260fa4c539e9fd7b852d0de454e9be26f24d0d6f91d069d3,e632b7095b0bf32c260fa4c539e9fd7b852d0de454e9be26f24d0d6f91d069d3,$,,e632b7095b0bf32c260fa4c539e9fd7b852d0de454e9be26f24d0d6f91d069d3,e632b7095b0bf32c260fa4c539e9fd7b852d0de454e9be26f24d0d6f91d069d3,"{""basis"":""ordered source-target formula atom"",""kind"":""source-target-formula-map""}"
1.1.0,formula,O007-FREMLIN-V2-S265-FORMULA-0169,O007-FREMLIN-V2-S265,O007-RIGHTS-FREMLIN-DSL,O007-FREMLIN-V2-S265-SEG-265D,169,265D,265D,207,196,7256,7267,7601,7612,r\times s,r\times s,a2e9b26216c1d10c0a798f64ece1f137235733d25f6c6456c818ce56a2eb0354,a2e9b26216c1d10c0a798f64ece1f137235733d25f6c6456c818ce56a2eb0354,e3fc2256d98089d4ae79059fb4e49e54a4a26b9bad8ab83c468b61795c02fe16,$,,e3fc2256d98089d4ae79059fb4e49e54a4a26b9bad8ab83c468b61795c02fe16,e3fc2256d98089d4ae79059fb4e49e54a4a26b9bad8ab83c468b61795c02fe16,"{""basis"":""ordered source-target formula atom"",""kind"":""source-target-formula-map""}"
1.1.0,formula,O007-FREMLIN-V2-S265-FORMULA-0170,O007-FREMLIN-V2-S265,O007-RIGHTS-FREMLIN-DSL,O007-FREMLIN-V2-S265-SEG-265D,170,265D,265D,207,196,7275,7280,7613,7618,T^*,T^*,10d6fa1215b924bff942c7c993dadb253b8fc3812e56bf3dbf810444a84c392f,10d6fa1215b924bff942c7c993dadb253b8fc3812e56bf3dbf810444a84c392f,10d6fa1215b924bff942c7c993dadb253b8fc3812e56bf3dbf810444a84c392f,$,,10d6fa1215b924bff942c7c993dadb253b8fc3812e56bf3dbf810444a84c392f,10d6fa1215b924bff942c7c993dadb253b8fc3812e56bf3dbf810444a84c392f,"{""basis"":""ordered source-target formula atom"",""kind"":""source-target-formula-map""}"
1.1.0,formula,O007-FREMLIN-V2-S265-FORMULA-0171,O007-FREMLIN-V2-S265,O007-RIGHTS-FREMLIN-DSL,O007-FREMLIN-V2-S265-SEG-265D,171,265D,265D,208,196,7291,7297,7639,7645,T^*T,T^*T,fca7a5cda69877c5af1f4ca6fdae2fc1a68f332e01c4bec3cc59ff2aa2234658,fca7a5cda69877c5af1f4ca6fdae2fc1a68f332e01c4bec3cc59ff2aa2234658,fca7a5cda69877c5af1f4ca6fdae2fc1a68f332e01c4bec3cc59ff2aa2234658,$,,fca7a5cda69877c5af1f4ca6fdae2fc1a68f332e01c4bec3cc59ff2aa2234658,fca7a5cda69877c5af1f4ca6fdae2fc1a68f332e01c4bec3cc59ff2aa2234658,"{""basis"":""ordered source-target formula atom"",""kind"":""source-target-formula-map""}"
1.1.0,formula,O007-FREMLIN-V2-S265-FORMULA-0172,O007-FREMLIN-V2-S265,O007-RIGHTS-FREMLIN-DSL,O007-FREMLIN-V2-S265-SEG-265D,172,265D,265D,208,197,7314,7325,7671,7682,r\times r,r\times r,9ee1ac0dea32efb0e12f4547c26a3ca0c1286f660c0d7814320dcca70fc8a3e5,9ee1ac0dea32efb0e12f4547c26a3ca0c1286f660c0d7814320dcca70fc8a3e5,0beaf518c84db75843bc5b6d53866f1a11b33be1bfee919b37481ebf013af9a1,$,,0beaf518c84db75843bc5b6d53866f1a11b33be1bfee919b37481ebf013af9a1,0beaf518c84db75843bc5b6d53866f1a11b33be1bfee919b37481ebf013af9a1,"{""basis"":""ordered source-target formula atom"",""kind"":""source-target-formula-map""}"
1.1.0,formula,O007-FREMLIN-V2-S265-FORMULA-0173,O007-FREMLIN-V2-S265,O007-RIGHTS-FREMLIN-DSL,O007-FREMLIN-V2-S265-SEG-265D,173,265D,265D,208,197,7341,7350,7690,7699,\zeta>0,\zeta>0,8c87efbb270556c5685d50b4955a80e37d90ea1322f4b2a01e50f2ce3c78aa1d,8c87efbb270556c5685d50b4955a80e37d90ea1322f4b2a01e50f2ce3c78aa1d,8c87efbb270556c5685d50b4955a80e37d90ea1322f4b2a01e50f2ce3c78aa1d,$,,8c87efbb270556c5685d50b4955a80e37d90ea1322f4b2a01e50f2ce3c78aa1d,8c87efbb270556c5685d50b4955a80e37d90ea1322f4b2a01e50f2ce3c78aa1d,"{""basis"":""ordered source-target formula atom"",""kind"":""source-target-formula-map""}"
1.1.0,formula,O007-FREMLIN-V2-S265-FORMULA-0174,O007-FREMLIN-V2-S265,O007-RIGHTS-FREMLIN-DSL,O007-FREMLIN-V2-S265-SEG-265D,174,265D,265D,209,198,7361,7378,7720,7737,\zeta\le\zeta_0,\zeta\le\zeta_0,a979a8dc7f3008465b2280b5fc69d0da2e0f16573352d6b0eacb5d112ae743d5,a979a8dc7f3008465b2280b5fc69d0da2e0f16573352d6b0eacb5d112ae743d5,a979a8dc7f3008465b2280b5fc69d0da2e0f16573352d6b0eacb5d112ae743d5,$,,a979a8dc7f3008465b2280b5fc69d0da2e0f16573352d6b0eacb5d112ae743d5,a979a8dc7f3008465b2280b5fc69d0da2e0f16573352d6b0eacb5d112ae743d5,"{""basis"":""ordered source-target formula atom"",""kind"":""source-target-formula-map""}"
1.1.0,formula,O007-FREMLIN-V2-S265-FORMULA-0175,O007-FREMLIN-V2-S265,O007-RIGHTS-FREMLIN-DSL,O007-FREMLIN-V2-S265-SEG-265D,175,265D,265D,210,198,7380,7396,7739,7755,\zeta\|T^*\|<1,\zeta\|T^*\|<1,fc9ebe6984e5fadea7049866391a0c66aa0edf8248104a770ea8665c0b223f9f,fc9ebe6984e5fadea7049866391a0c66aa0edf8248104a770ea8665c0b223f9f,fc9ebe6984e5fadea7049866391a0c66aa0edf8248104a770ea8665c0b223f9f,$,,fc9ebe6984e5fadea7049866391a0c66aa0edf8248104a770ea8665c0b223f9f,fc9ebe6984e5fadea7049866391a0c66aa0edf8248104a770ea8665c0b223f9f,"{""basis"":""ordered source-target formula atom"",""kind"":""source-target-formula-map""}"
1.1.0,formula,O007-FREMLIN-V2-S265-FORMULA-0176,O007-FREMLIN-V2-S265,O007-RIGHTS-FREMLIN-DSL,O007-FREMLIN-V2-S265-SEG-265D,176,265D,265D,210,199,7398,7433,7757,7792,J(1+\zeta\|T^*\|)^r\le J+\epsilon,J(1+\zeta\|T^*\|)^r\le J+\epsilon,527c6ead1631f41801723aeb13631872fd0f961e8e35600d56543fc8550f7aa9,527c6ead1631f41801723aeb13631872fd0f961e8e35600d56543fc8550f7aa9,c3392958d52587efd1b8c0d64be5f4f05a1b19b74e550c51c7cee450dade3a51,$,,c3392958d52587efd1b8c0d64be5f4f05a1b19b74e550c51c7cee450dade3a51,c3392958d52587efd1b8c0d64be5f4f05a1b19b74e550c51c7cee450dade3a51,"{""basis"":""ordered source-target formula atom"",""kind"":""source-target-formula-map""}"
1.1.0,formula,O007-FREMLIN-V2-S265-FORMULA-0177,O007-FREMLIN-V2-S265,O007-RIGHTS-FREMLIN-DSL,O007-FREMLIN-V2-S265-SEG-265D,177,265D,265D,211,200,7438,7477,7798,7837,1-J^{-1}\epsilon\le(1-\zeta\|T^*\|)^r,1-J^{-1}\epsilon\le(1-\zeta\|T^*\|)^r,2968e58a6f60d277480f75f228094164068463f041ccb78acd784fb75f844678,2968e58a6f60d277480f75f228094164068463f041ccb78acd784fb75f844678,2968e58a6f60d277480f75f228094164068463f041ccb78acd784fb75f844678,$,,2968e58a6f60d277480f75f228094164068463f041ccb78acd784fb75f844678,2968e58a6f60d277480f75f228094164068463f041ccb78acd784fb75f844678,"{""basis"":""ordered source-target formula atom"",""kind"":""source-target-formula-map""}"
1.1.0,formula,O007-FREMLIN-V2-S265-FORMULA-0178,O007-FREMLIN-V2-S265,O007-RIGHTS-FREMLIN-DSL,O007-FREMLIN-V2-S265-SEG-265D,178,265D,265D,213,202,7484,7502,7849,7867,\phi:D\to\BbbR^s,\phi:D\to\BbbR^s,72415c69d09b0aa4031146a5b0b420d6cc58794c88b7e7e91ba28902f60eecd6,72415c69d09b0aa4031146a5b0b420d6cc58794c88b7e7e91ba28902f60eecd6,72415c69d09b0aa4031146a5b0b420d6cc58794c88b7e7e91ba28902f60eecd6,$,,72415c69d09b0aa4031146a5b0b420d6cc58794c88b7e7e91ba28902f60eecd6,72415c69d09b0aa4031146a5b0b420d6cc58794c88b7e7e91ba28902f60eecd6,"{""basis"":""ordered source-target formula atom"",""kind"":""source-target-formula-map""}"
1.1.0,formula,O007-FREMLIN-V2-S265-FORMULA-0179,O007-FREMLIN-V2-S265,O007-RIGHTS-FREMLIN-DSL,O007-FREMLIN-V2-S265-SEG-265D,179,265D,265D,214,203,7516,7559,7888,7931,\|\phi(x)-\phi(y)-T(x-y)\|\le\zeta\|x-y\|,\|\phi(x)-\phi(y)-T(x-y)\|\le\zeta\|x-y\|,a506333c6ecd46b9ca498ee2429df084be8cc2510cbb3c53c56e87e2c81686e3,a506333c6ecd46b9ca498ee2429df084be8cc2510cbb3c53c56e87e2c81686e3,a506333c6ecd46b9ca498ee2429df084be8cc2510cbb3c53c56e87e2c81686e3,$,,a506333c6ecd46b9ca498ee2429df084be8cc2510cbb3c53c56e87e2c81686e3,a506333c6ecd46b9ca498ee2429df084be8cc2510cbb3c53c56e87e2c81686e3,"{""basis"":""ordered source-target formula atom"",""kind"":""source-target-formula-map""}"
1.1.0,formula,O007-FREMLIN-V2-S265-FORMULA-0180,O007-FREMLIN-V2-S265,O007-RIGHTS-FREMLIN-DSL,O007-FREMLIN-V2-S265-SEG-265D,180,265D,265D,214,203,7569,7572,7942,7945,x,x,2d711642b726b04401627ca9fbac32f5c8530fb1903cc4db02258717921a4881,2d711642b726b04401627ca9fbac32f5c8530fb1903cc4db02258717921a4881,2d711642b726b04401627ca9fbac32f5c8530fb1903cc4db02258717921a4881,$,,2d711642b726b04401627ca9fbac32f5c8530fb1903cc4db02258717921a4881,2d711642b726b04401627ca9fbac32f5c8530fb1903cc4db02258717921a4881,"{""basis"":""ordered source-target formula atom"",""kind"":""source-target-formula-map""}"
1.1.0,formula,O007-FREMLIN-V2-S265-FORMULA-0181,O007-FREMLIN-V2-S265,O007-RIGHTS-FREMLIN-DSL,O007-FREMLIN-V2-S265-SEG-265D,181,265D,265D,214,203,7574,7582,7947,7955,y\in D,y\in D,223baf1e4e89a2565f1491f4bc482f726daed58ca7736688f45d6515c2f07f68,223baf1e4e89a2565f1491f4bc482f726daed58ca7736688f45d6515c2f07f68,ea0f76ad67856b92170ce21390810232ba7ec7055b6c9643bba3b61dc886ccd5,$,,ea0f76ad67856b92170ce21390810232ba7ec7055b6c9643bba3b61dc886ccd5,ea0f76ad67856b92170ce21390810232ba7ec7055b6c9643bba3b61dc886ccd5,"{""basis"":""ordered source-target formula atom"",""kind"":""source-target-formula-map""}"
1.1.0,formula,O007-FREMLIN-V2-S265-FORMULA-0182,O007-FREMLIN-V2-S265,O007-RIGHTS-FREMLIN-DSL,O007-FREMLIN-V2-S265-SEG-265D,182,265D,265D,215,204,7588,7603,7966,7981,\psi=\phi T^*,\psi=\phi T^*,7476c3817239554c4893e57400368355c829cf100c1cbd74d33169597afcc379,7476c3817239554c4893e57400368355c829cf100c1cbd74d33169597afcc379,e1bff5ccf73b62e5a80b09840684f4f24ae097da647385eb2638cb558dfe76fb,$,,e1bff5ccf73b62e5a80b09840684f4f24ae097da647385eb2638cb558dfe76fb,e1bff5ccf73b62e5a80b09840684f4f24ae097da647385eb2638cb558dfe76fb,"{""basis"":""ordered source-target formula atom"",""kind"":""source-target-formula-map""}"
1.1.0,formula,O007-FREMLIN-V2-S265-FORMULA-0183,O007-FREMLIN-V2-S265,O007-RIGHTS-FREMLIN-DSL,O007-FREMLIN-V2-S265-SEG-265D,183,265D,265D,215,204,7613,7626,7992,8005,\phi=\psi T,\phi=\psi T,19560b3f404e5f10c65aa573dc4bbd59af2329803bf5b228856d06aada4f4694,19560b3f404e5f10c65aa573dc4bbd59af2329803bf5b228856d06aada4f4694,b8a1e8a64f096b3801ce0837d70adc8b2104cd47b64b34e6d12cf2106487915e,$,,b8a1e8a64f096b3801ce0837d70adc8b2104cd47b64b34e6d12cf2106487915e,b8a1e8a64f096b3801ce0837d70adc8b2104cd47b64b34e6d12cf2106487915e,"{""basis"":""ordered source-target formula atom"",""kind"":""source-target-formula-map""}"
1.1.0,formula,O007-FREMLIN-V2-S265-FORMULA-0184,O007-FREMLIN-V2-S265,O007-RIGHTS-FREMLIN-DSL,O007-FREMLIN-V2-S265-SEG-265D,184,265D,265D,217,206,7648,7695,8025,8072,\|\psi(u)-\psi(v)\|\le(1+\zeta\|T^*\|)\|u-v\|,\|\psi(u)-\psi(v)\|\le(1+\zeta\|T^*\|)\|u-v\|,1257c32849a571f1dc88d9275c412803eaa2228da5410bdba0c0f078e8ba51bb,1257c32849a571f1dc88d9275c412803eaa2228da5410bdba0c0f078e8ba51bb,1257c32849a571f1dc88d9275c412803eaa2228da5410bdba0c0f078e8ba51bb,$,,1257c32849a571f1dc88d9275c412803eaa2228da5410bdba0c0f078e8ba51bb,1257c32849a571f1dc88d9275c412803eaa2228da5410bdba0c0f078e8ba51bb,"{""basis"":""ordered source-target formula atom"",""kind"":""source-target-formula-map""}"
1.1.0,formula,O007-FREMLIN-V2-S265-FORMULA-0185,O007-FREMLIN-V2-S265,O007-RIGHTS-FREMLIN-DSL,O007-FREMLIN-V2-S265-SEG-265D,185,265D,265D,218,207,7702,7754,8079,8131,\|u-v\|\le(1-\zeta\|T^*\|)^{-1}\|\psi(u)-\psi(v)\|,\|u-v\|\le(1-\zeta\|T^*\|)^{-1}\|\psi(u)-\psi(v)\|,49bbf3b0d7eacd2df65926947e78d7c3684406db9b1901f0c2cf80eba6b87b1c,49bbf3b0d7eacd2df65926947e78d7c3684406db9b1901f0c2cf80eba6b87b1c,49bbf3b0d7eacd2df65926947e78d7c3684406db9b1901f0c2cf80eba6b87b1c,$,,49bbf3b0d7eacd2df65926947e78d7c3684406db9b1901f0c2cf80eba6b87b1c,49bbf3b0d7eacd2df65926947e78d7c3684406db9b1901f0c2cf80eba6b87b1c,"{""basis"":""ordered source-target formula atom"",""kind"":""source-target-formula-map""}"
1.1.0,formula,O007-FREMLIN-V2-S265-FORMULA-0186,O007-FREMLIN-V2-S265,O007-RIGHTS-FREMLIN-DSL,O007-FREMLIN-V2-S265-SEG-265D,186,265D,265D,220,209,7776,7779,8154,8157,u,u,0bfe935e70c321c7ca3afc75ce0d0ca2f98b5422e008bb31c00c6d7f1f1c0ad6,0bfe935e70c321c7ca3afc75ce0d0ca2f98b5422e008bb31c00c6d7f1f1c0ad6,0bfe935e70c321c7ca3afc75ce0d0ca2f98b5422e008bb31c00c6d7f1f1c0ad6,$,,0bfe935e70c321c7ca3afc75ce0d0ca2f98b5422e008bb31c00c6d7f1f1c0ad6,0bfe935e70c321c7ca3afc75ce0d0ca2f98b5422e008bb31c00c6d7f1f1c0ad6,"{""basis"":""ordered source-target formula atom"",""kind"":""source-target-formula-map""}"
1.1.0,formula,O007-FREMLIN-V2-S265-FORMULA-0187,O007-FREMLIN-V2-S265,O007-RIGHTS-FREMLIN-DSL,O007-FREMLIN-V2-S265-SEG-265D,187,265D,265D,220,209,7781,7792,8159,8170,v\in T[D],v\in T[D],2a563c6d2c76663977d547d26a937d025f07206955d6debb9d72a119b0e761f6,2a563c6d2c76663977d547d26a937d025f07206955d6debb9d72a119b0e761f6,2817b1c030f2a64f86d670d82ac290b4cb62314970a362a0fb4ae91e06d68898,$,,2817b1c030f2a64f86d670d82ac290b4cb62314970a362a0fb4ae91e06d68898,2817b1c030f2a64f86d670d82ac290b4cb62314970a362a0fb4ae91e06d68898,"{""basis"":""ordered source-target formula atom"",""kind"":""source-target-formula-map""}"
1.1.0,formula,O007-FREMLIN-V2-S265-FORMULA-0188,O007-FREMLIN-V2-S265,O007-RIGHTS-FREMLIN-DSL,O007-FREMLIN-V2-S265-SEG-265D,188,265D,265D,221,210,7805,7808,8184,8187,x,x,2d711642b726b04401627ca9fbac32f5c8530fb1903cc4db02258717921a4881,2d711642b726b04401627ca9fbac32f5c8530fb1903cc4db02258717921a4881,2d711642b726b04401627ca9fbac32f5c8530fb1903cc4db02258717921a4881,$,,2d711642b726b04401627ca9fbac32f5c8530fb1903cc4db02258717921a4881,2d711642b726b04401627ca9fbac32f5c8530fb1903cc4db02258717921a4881,"{""basis"":""ordered source-target formula atom"",""kind"":""source-target-formula-map""}"
1.1.0,formula,O007-FREMLIN-V2-S265-FORMULA-0189,O007-FREMLIN-V2-S265,O007-RIGHTS-FREMLIN-DSL,O007-FREMLIN-V2-S265-SEG-265D,189,265D,265D,221,210,7810,7818,8189,8197,y\in D,y\in D,223baf1e4e89a2565f1491f4bc482f726daed58ca7736688f45d6515c2f07f68,223baf1e4e89a2565f1491f4bc482f726daed58ca7736688f45d6515c2f07f68,ea0f76ad67856b92170ce21390810232ba7ec7055b6c9643bba3b61dc886ccd5,$,,ea0f76ad67856b92170ce21390810232ba7ec7055b6c9643bba3b61dc886ccd5,ea0f76ad67856b92170ce21390810232ba7ec7055b6c9643bba3b61dc886ccd5,"{""basis"":""ordered source-target formula atom"",""kind"":""source-target-formula-map""}"
1.1.0,formula,O007-FREMLIN-V2-S265-FORMULA-0190,O007-FREMLIN-V2-S265,O007-RIGHTS-FREMLIN-DSL,O007-FREMLIN-V2-S265-SEG-265D,190,265D,265D,221,210,7829,7835,8218,8224,u=Tx,u=Tx,af1c158eb452e16629dc188177563c27cac3a85b185478af8dd876a5e38bc98b,af1c158eb452e16629dc188177563c27cac3a85b185478af8dd876a5e38bc98b,af1c158eb452e16629dc188177563c27cac3a85b185478af8dd876a5e38bc98b,$,,af1c158eb452e16629dc188177563c27cac3a85b185478af8dd876a5e38bc98b,af1c158eb452e16629dc188177563c27cac3a85b185478af8dd876a5e38bc98b,"{""basis"":""ordered source-target formula atom"",""kind"":""source-target-formula-map""}"
1.1.0,formula,O007-FREMLIN-V2-S265-FORMULA-0191,O007-FREMLIN-V2-S265,O007-RIGHTS-FREMLIN-DSL,O007-FREMLIN-V2-S265-SEG-265D,191,265D,265D,221,210,7837,7843,8226,8232,v=Ty,v=Ty,e322d40d0b8f338a6d995ec5a7c3416c75886743ffa5dfeb27de1b73d4802ca7,e322d40d0b8f338a6d995ec5a7c3416c75886743ffa5dfeb27de1b73d4802ca7,e322d40d0b8f338a6d995ec5a7c3416c75886743ffa5dfeb27de1b73d4802ca7,$,,e322d40d0b8f338a6d995ec5a7c3416c75886743ffa5dfeb27de1b73d4802ca7,e322d40d0b8f338a6d995ec5a7c3416c75886743ffa5dfeb27de1b73d4802ca7,"{""basis"":""ordered source-target formula atom"",""kind"":""source-target-formula-map""}"
1.1.0,formula,O007-FREMLIN-V2-S265-FORMULA-0192,O007-FREMLIN-V2-S265,O007-RIGHTS-FREMLIN-DSL,O007-FREMLIN-V2-S265-SEG-265D,192,265D,265D,222,211,7856,7864,8245,8253,x=T^*u,x=T^*u,5dc117d921b3fb98b4ebfba06d4ba62dd8354fa990c9408a87c91614d86a28cf,5dc117d921b3fb98b4ebfba06d4ba62dd8354fa990c9408a87c91614d86a28cf,5dc117d921b3fb98b4ebfba06d4ba62dd8354fa990c9408a87c91614d86a28cf,$,,5dc117d921b3fb98b4ebfba06d4ba62dd8354fa990c9408a87c91614d86a28cf,5dc117d921b3fb98b4ebfba06d4ba62dd8354fa990c9408a87c91614d86a28cf,"{""basis"":""ordered source-target formula atom"",""kind"":""source-target-formula-map""}"
1.1.0,formula,O007-FREMLIN-V2-S265-FORMULA-0193,O007-FREMLIN-V2-S265,O007-RIGHTS-FREMLIN-DSL,O007-FREMLIN-V2-S265-SEG-265D,193,265D,265D,222,211,7866,7874,8255,8263,y=T^*v,y=T^*v,213676c67f11035633f602aba1251d070ea5cc76181b6e3fea8f85a5b9208ba4,213676c67f11035633f602aba1251d070ea5cc76181b6e3fea8f85a5b9208ba4,213676c67f11035633f602aba1251d070ea5cc76181b6e3fea8f85a5b9208ba4,$,,213676c67f11035633f602aba1251d070ea5cc76181b6e3fea8f85a5b9208ba4,213676c67f11035633f602aba1251d070ea5cc76181b6e3fea8f85a5b9208ba4,"{""basis"":""ordered source-target formula atom"",""kind"":""source-target-formula-map""}"
1.1.0,formula,O007-FREMLIN-V2-S265-FORMULA-0194,O007-FREMLIN-V2-S265,O007-RIGHTS-FREMLIN-DSL,O007-FREMLIN-V2-S265-SEG-265D,194,265D,265D,224,213,7884,8060,8271,8447,"\eqalign{\|\psi(u)-\psi(v)\|
&=\|\phi(T^*u)-\phi(T^*v)\|
=\|\phi(x)-\phi(y)\|\cr
&\le\|T(x-y)\|+\zeta\|x-y\|\cr
&=\|u-v\|+\zeta\|T^*u-T^*v\|
\le\|u-v\|(1+\zeta\|T^*\|).\cr}","\eqalign{\|\psi(u)-\psi(v)\|
&=\|\phi(T^*u)-\phi(T^*v)\|
=\|\phi(x)-\phi(y)\|\cr
&\le\|T(x-y)\|+\zeta\|x-y\|\cr
&=\|u-v\|+\zeta\|T^*u-T^*v\|
\le\|u-v\|(1+\zeta\|T^*\|).\cr}",4d2b5f92f0d24975df0552f4bc8aebab8dbc83c680ea9e0fb9a4c56455594792,4d2b5f92f0d24975df0552f4bc8aebab8dbc83c680ea9e0fb9a4c56455594792,a38f22a39fbe9bc118307c0c37ef06e88dbfdcb2b3ba72aea768f40bd6280800,$$,,a38f22a39fbe9bc118307c0c37ef06e88dbfdcb2b3ba72aea768f40bd6280800,a38f22a39fbe9bc118307c0c37ef06e88dbfdcb2b3ba72aea768f40bd6280800,"{""basis"":""ordered source-target formula atom"",""kind"":""source-target-formula-map""}"
1.1.0,formula,O007-FREMLIN-V2-S265-FORMULA-0195,O007-FREMLIN-V2-S265,O007-RIGHTS-FREMLIN-DSL,O007-FREMLIN-V2-S265-SEG-265D,195,265D,265D,233,222,8079,8243,8473,8637,"\eqalign{\|u-v\|
&=\|Tx-Ty\|
\le\|\phi(x)-\phi(y)\|+\zeta\|x-y\|\cr
&=\|\psi(u)-\psi(v)\|+\zeta\|T^*u-T^*v\|\cr
&\le\|\psi(u)-\psi(v)\|+\zeta\|T^*\|\|u-v\|,\cr}","\eqalign{\|u-v\|
&=\|Tx-Ty\|
\le\|\phi(x)-\phi(y)\|+\zeta\|x-y\|\cr
&=\|\psi(u)-\psi(v)\|+\zeta\|T^*u-T^*v\|\cr
&\le\|\psi(u)-\psi(v)\|+\zeta\|T^*\|\|u-v\|,\cr}",0cf8dcc2c28399ed17cbc16ff22d41ec31ec142fe1a5e7b7088abda93131e2cb,0cf8dcc2c28399ed17cbc16ff22d41ec31ec142fe1a5e7b7088abda93131e2cb,29e9b9cad9f03c88868fe81f418677a94182867ba58b6be5d3b5266a62011d78,$$,,29e9b9cad9f03c88868fe81f418677a94182867ba58b6be5d3b5266a62011d78,29e9b9cad9f03c88868fe81f418677a94182867ba58b6be5d3b5266a62011d78,"{""basis"":""ordered source-target formula atom"",""kind"":""source-target-formula-map""}"
1.1.0,formula,O007-FREMLIN-V2-S265-FORMULA-0196,O007-FREMLIN-V2-S265,O007-RIGHTS-FREMLIN-DSL,O007-FREMLIN-V2-S265-SEG-265D,196,265D,265D,239,229,8263,8310,8658,8705,(1-\zeta\|T^*\|)\|u-v\|\le\|\psi(u)-\psi(v)\|,(1-\zeta\|T^*\|)\|u-v\|\le\|\psi(u)-\psi(v)\|,54a4d3fe85b9dc1188f65044aa79d7ab1e1480db5dbc6c256b42d89661b33943,54a4d3fe85b9dc1188f65044aa79d7ab1e1480db5dbc6c256b42d89661b33943,54a4d3fe85b9dc1188f65044aa79d7ab1e1480db5dbc6c256b42d89661b33943,$,,54a4d3fe85b9dc1188f65044aa79d7ab1e1480db5dbc6c256b42d89661b33943,54a4d3fe85b9dc1188f65044aa79d7ab1e1480db5dbc6c256b42d89661b33943,"{""basis"":""ordered source-target formula atom"",""kind"":""source-target-formula-map""}"
1.1.0,formula,O007-FREMLIN-V2-S265-FORMULA-0197,O007-FREMLIN-V2-S265,O007-RIGHTS-FREMLIN-DSL,O007-FREMLIN-V2-S265-SEG-265D,197,265D,265D,240,230,8315,8367,8710,8762,\|u-v\|\le(1-\zeta\|T^*\|)^{-1}\|\psi(u)-\psi(v)\|,\|u-v\|\le(1-\zeta\|T^*\|)^{-1}\|\psi(u)-\psi(v)\|,49bbf3b0d7eacd2df65926947e78d7c3684406db9b1901f0c2cf80eba6b87b1c,49bbf3b0d7eacd2df65926947e78d7c3684406db9b1901f0c2cf80eba6b87b1c,49bbf3b0d7eacd2df65926947e78d7c3684406db9b1901f0c2cf80eba6b87b1c,$,,49bbf3b0d7eacd2df65926947e78d7c3684406db9b1901f0c2cf80eba6b87b1c,49bbf3b0d7eacd2df65926947e78d7c3684406db9b1901f0c2cf80eba6b87b1c,"{""basis"":""ordered source-target formula atom"",""kind"":""source-target-formula-map""}"
1.1.0,formula,O007-FREMLIN-V2-S265-FORMULA-0198,O007-FREMLIN-V2-S265,O007-RIGHTS-FREMLIN-DSL,O007-FREMLIN-V2-S265-SEG-265D,198,265D,265D,246,236,8445,8566,8851,8972,"\nu^*_r\phi[D]
=\nu_r^*\psi[T[D]]
\le(1+\zeta\|T^*\|)^r\nu_r^*T[D]
=(1+\zeta\|T^*\|)^rJ\mu_r^*D
\le(J+\epsilon)\mu_r^*D","\nu^*_r\phi[D]
=\nu_r^*\psi[T[D]]
\le(1+\zeta\|T^*\|)^r\nu_r^*T[D]
=(1+\zeta\|T^*\|)^rJ\mu_r^*D
\le(J+\epsilon)\mu_r^*D",9249e4f1b5ac86c9361fdd35d1f4c99bced96f8838d1e3a726e4613300d92fe0,9249e4f1b5ac86c9361fdd35d1f4c99bced96f8838d1e3a726e4613300d92fe0,0fe4162a5e3aeda67263cc6e24ada2bd4e43478b0d853f28bb6e58b7726d701c,$,,0fe4162a5e3aeda67263cc6e24ada2bd4e43478b0d853f28bb6e58b7726d701c,0fe4162a5e3aeda67263cc6e24ada2bd4e43478b0d853f28bb6e58b7726d701c,"{""basis"":""ordered source-target formula atom"",""kind"":""source-target-formula-map""}"
1.1.0,formula,O007-FREMLIN-V2-S265-FORMULA-0199,O007-FREMLIN-V2-S265,O007-RIGHTS-FREMLIN-DSL,O007-FREMLIN-V2-S265-SEG-265D,199,265D,265D,252,242,8594,8609,8999,9014,\epsilon\le J,\epsilon\le J,597f2d18ed03f456423bcc357bd82618591a9ab4114a56593ae6ba1e8fe5384e,597f2d18ed03f456423bcc357bd82618591a9ab4114a56593ae6ba1e8fe5384e,8e3f55b47cca7b9dc1add21361714414ca944d512d1b13b1835b30df8296d331,$,,8e3f55b47cca7b9dc1add21361714414ca944d512d1b13b1835b30df8296d331,8e3f55b47cca7b9dc1add21361714414ca944d512d1b13b1835b30df8296d331,"{""basis"":""ordered source-target formula atom"",""kind"":""source-target-formula-map""}"
1.1.0,formula,O007-FREMLIN-V2-S265-FORMULA-0200,O007-FREMLIN-V2-S265,O007-RIGHTS-FREMLIN-DSL,O007-FREMLIN-V2-S265-SEG-265D,200,265D,265D,254,244,8612,8848,9017,9264,"\eqalignno{(J-\epsilon)\mu_r^*D
&=(1-J^{-1}\epsilon)\nu_r^*T[D]
\le(1-J^{-1}\epsilon)(1-\zeta\|T^*\|)^{-r}\nu_r^*\psi[T[D]]\cr
\displaycause{applying 264G to $\psi^{-1}:\psi[T[D]]\to T[D]$}
&\le\nu_r^*\psi[T[D]]
=\nu_r^*\phi[D].\cr}","\eqalignno{(J-\epsilon)\mu_r^*D
&=(1-J^{-1}\epsilon)\nu_r^*T[D]
\le(1-J^{-1}\epsilon)(1-\zeta\|T^*\|)^{-r}\nu_r^*\psi[T[D]]\cr
\displaycause{dengan menerapkan 264G pada $\psi^{-1}:\psi[T[D]]\to T[D]$}
&\le\nu_r^*\psi[T[D]]
=\nu_r^*\phi[D].\cr}",b4b93e7d897e8bb343a477ed1f5f067611098a68dd822a1cf686e11d0f8422b0,a746dbacd1d8e4e933c251d184c015e5f96335b4fcdf4cbf8b6f810a146d694d,ff6db8ec8d365f63e528c7c943b6eca18fa2a5909adf9601b49c0c07ef85f1e5,$$,,e5e4a027257547d473350fb05c93f33e77c20f00d1b07cd68b416560967f6dde,ff6db8ec8d365f63e528c7c943b6eca18fa2a5909adf9601b49c0c07ef85f1e5,"{""basis"":""ordered source-target formula atom"",""kind"":""source-target-formula-map""}"
1.1.0,formula,O007-FREMLIN-V2-S265-FORMULA-0201,O007-FREMLIN-V2-S265,O007-RIGHTS-FREMLIN-DSL,O007-FREMLIN-V2-S265-SEG-265D,201,265D,265D,261,251,8875,8890,9294,9309,\epsilon\ge J,\epsilon\ge J,c13656968174878039fdcad0e84cadd7dc577b243669f11aa2a7c79a1a23550c,c13656968174878039fdcad0e84cadd7dc577b243669f11aa2a7c79a1a23550c,f065f0d451c6e0f567aec2e96692c64c38ca132ae1d47fd9879dfc2f8fdfe043,$,,f065f0d451c6e0f567aec2e96692c64c38ca132ae1d47fd9879dfc2f8fdfe043,f065f0d451c6e0f567aec2e96692c64c38ca132ae1d47fd9879dfc2f8fdfe043,"{""basis"":""ordered source-target formula atom"",""kind"":""source-target-formula-map""}"
1.1.0,formula,O007-FREMLIN-V2-S265-FORMULA-0202,O007-FREMLIN-V2-S265,O007-RIGHTS-FREMLIN-DSL,O007-FREMLIN-V2-S265-SEG-265D,202,265D,265D,262,252,8904,8943,9322,9361,(J-\epsilon)\mu_r^*D\le\nu_r^*\phi[D],(J-\epsilon)\mu_r^*D\le\nu_r^*\phi[D],9e117a137ad594a18a35f0902cae36e6cf904c5f77566f64f00d9127e467de87,9e117a137ad594a18a35f0902cae36e6cf904c5f77566f64f00d9127e467de87,9e117a137ad594a18a35f0902cae36e6cf904c5f77566f64f00d9127e467de87,$,,9e117a137ad594a18a35f0902cae36e6cf904c5f77566f64f00d9127e467de87,9e117a137ad594a18a35f0902cae36e6cf904c5f77566f64f00d9127e467de87,"{""basis"":""ordered source-target formula atom"",""kind"":""source-target-formula-map""}"
1.1.0,formula,O007-FREMLIN-V2-S265-FORMULA-0203,O007-FREMLIN-V2-S265,O007-RIGHTS-FREMLIN-DSL,O007-FREMLIN-V2-S265-SEG-265D,203,265D,265D,263,253,8965,9028,9381,9444,"(J-\epsilon)\mu_r^*D\le\nu_r^*\phi[D]
\le(J+\epsilon)\mu_r^*D","(J-\epsilon)\mu_r^*D\le\nu_r^*\phi[D]
\le(J+\epsilon)\mu_r^*D",18ab7a04531f357b6473b662f7ffa417adf4e767ab57427cda8c3c0f00b7428e,18ab7a04531f357b6473b662f7ffa417adf4e767ab57427cda8c3c0f00b7428e,b2bf056f64f0ed476d7ad2ebfa99e546e1c570d68d81c2549bd931c9e59db542,$,,b2bf056f64f0ed476d7ad2ebfa99e546e1c570d68d81c2549bd931c9e59db542,b2bf056f64f0ed476d7ad2ebfa99e546e1c570d68d81c2549bd931c9e59db542,"{""basis"":""ordered source-target formula atom"",""kind"":""source-target-formula-map""}"
1.1.0,formula,O007-FREMLIN-V2-S265-FORMULA-0204,O007-FREMLIN-V2-S265,O007-RIGHTS-FREMLIN-DSL,O007-FREMLIN-V2-S265-SEG-265D,204,265D,265D,266,256,9081,9088,9501,9508,\zeta,\zeta,d8696536d4d7a2d6e9398163dd69c0c4409c5691807411a512822c9ffc0837cd,d8696536d4d7a2d6e9398163dd69c0c4409c5691807411a512822c9ffc0837cd,d8696536d4d7a2d6e9398163dd69c0c4409c5691807411a512822c9ffc0837cd,$,,d8696536d4d7a2d6e9398163dd69c0c4409c5691807411a512822c9ffc0837cd,d8696536d4d7a2d6e9398163dd69c0c4409c5691807411a512822c9ffc0837cd,"{""basis"":""ordered source-target formula atom"",""kind"":""source-target-formula-map""}"
1.1.0,formula,O007-FREMLIN-V2-S265-FORMULA-0205,O007-FREMLIN-V2-S265,O007-RIGHTS-FREMLIN-DSL,O007-FREMLIN-V2-S265-SEG-265E,205,265E,265E,269,260,9150,9163,9578,9591,1\le r\le s,1\le r\le s,15ce78821bfec3fefc672c9007ecdd78d8e379e0ae449f509cd9976c6e4cf832,15ce78821bfec3fefc672c9007ecdd78d8e379e0ae449f509cd9976c6e4cf832,7c8fa503a935a11af3e1daec09533ce680161d66e99ab9f15103e6e838cfa2d7,$,,7c8fa503a935a11af3e1daec09533ce680161d66e99ab9f15103e6e838cfa2d7,7c8fa503a935a11af3e1daec09533ce680161d66e99ab9f15103e6e838cfa2d7,"{""basis"":""ordered source-target formula atom"",""kind"":""source-target-formula-map""}"
1.1.0,formula,O007-FREMLIN-V2-S265-FORMULA-0206,O007-FREMLIN-V2-S265,O007-RIGHTS-FREMLIN-DSL,O007-FREMLIN-V2-S265-SEG-265E,206,265E,265E,269,260,9172,9179,9602,9609,\mu_r,\mu_r,22d0564d0934fa50a036d1a1a19205b73b08bd642cd02246cedd243103436145,22d0564d0934fa50a036d1a1a19205b73b08bd642cd02246cedd243103436145,22d0564d0934fa50a036d1a1a19205b73b08bd642cd02246cedd243103436145,$,,22d0564d0934fa50a036d1a1a19205b73b08bd642cd02246cedd243103436145,22d0564d0934fa50a036d1a1a19205b73b08bd642cd02246cedd243103436145,"{""basis"":""ordered source-target formula atom"",""kind"":""source-target-formula-map""}"
1.1.0,formula,O007-FREMLIN-V2-S265-FORMULA-0207,O007-FREMLIN-V2-S265,O007-RIGHTS-FREMLIN-DSL,O007-FREMLIN-V2-S265-SEG-265E,207,265E,265E,270,261,9204,9213,9637,9646,\BbbR^r,\BbbR^r,6a5173578402ab704fe0e78c24a3f6f09fe9ed2c7ea0fbe574d688249eb91ed7,6a5173578402ab704fe0e78c24a3f6f09fe9ed2c7ea0fbe574d688249eb91ed7,6a5173578402ab704fe0e78c24a3f6f09fe9ed2c7ea0fbe574d688249eb91ed7,$,,6a5173578402ab704fe0e78c24a3f6f09fe9ed2c7ea0fbe574d688249eb91ed7,6a5173578402ab704fe0e78c24a3f6f09fe9ed2c7ea0fbe574d688249eb91ed7,"{""basis"":""ordered source-target formula atom"",""kind"":""source-target-formula-map""}"
1.1.0,formula,O007-FREMLIN-V2-S265-FORMULA-0208,O007-FREMLIN-V2-S265,O007-RIGHTS-FREMLIN-DSL,O007-FREMLIN-V2-S265-SEG-265E,208,265E,265E,270,261,9215,9222,9648,9655,\nu_r,\nu_r,e8b3832b298d6101b15e3586330ba9623983dd4b8f502aadc70f38d121108a53,e8b3832b298d6101b15e3586330ba9623983dd4b8f502aadc70f38d121108a53,e8b3832b298d6101b15e3586330ba9623983dd4b8f502aadc70f38d121108a53,$,,e8b3832b298d6101b15e3586330ba9623983dd4b8f502aadc70f38d121108a53,e8b3832b298d6101b15e3586330ba9623983dd4b8f502aadc70f38d121108a53,"{""basis"":""ordered source-target formula atom"",""kind"":""source-target-formula-map""}"
1.1.0,formula,O007-FREMLIN-V2-S265-FORMULA-0209,O007-FREMLIN-V2-S265,O007-RIGHTS-FREMLIN-DSL,O007-FREMLIN-V2-S265-SEG-265E,209,265E,265E,271,262,9259,9268,9699,9708,\BbbR^s,\BbbR^s,f842dcf194f3bd592805e21690cbc1fd0be53369425775f92b41b968a18cb018,f842dcf194f3bd592805e21690cbc1fd0be53369425775f92b41b968a18cb018,f842dcf194f3bd592805e21690cbc1fd0be53369425775f92b41b968a18cb018,$,,f842dcf194f3bd592805e21690cbc1fd0be53369425775f92b41b968a18cb018,f842dcf194f3bd592805e21690cbc1fd0be53369425775f92b41b968a18cb018,"{""basis"":""ordered source-target formula atom"",""kind"":""source-target-formula-map""}"
1.1.0,formula,O007-FREMLIN-V2-S265-FORMULA-0210,O007-FREMLIN-V2-S265,O007-RIGHTS-FREMLIN-DSL,O007-FREMLIN-V2-S265-SEG-265E,210,265E,265E,271,262,9274,9282,9714,9722,\Tau_r,\Tau_r,35585838a5fd965a400cd2c3b5b90bb8f0a180beb2d4f1ab1b19ca1cf258e9a6,35585838a5fd965a400cd2c3b5b90bb8f0a180beb2d4f1ab1b19ca1cf258e9a6,35585838a5fd965a400cd2c3b5b90bb8f0a180beb2d4f1ab1b19ca1cf258e9a6,$,,35585838a5fd965a400cd2c3b5b90bb8f0a180beb2d4f1ab1b19ca1cf258e9a6,35585838a5fd965a400cd2c3b5b90bb8f0a180beb2d4f1ab1b19ca1cf258e9a6,"{""basis"":""ordered source-target formula atom"",""kind"":""source-target-formula-map""}"
1.1.0,formula,O007-FREMLIN-V2-S265-FORMULA-0211,O007-FREMLIN-V2-S265,O007-RIGHTS-FREMLIN-DSL,O007-FREMLIN-V2-S265-SEG-265E,211,265E,265E,271,262,9301,9308,9736,9743,\nu_r,\nu_r,e8b3832b298d6101b15e3586330ba9623983dd4b8f502aadc70f38d121108a53,e8b3832b298d6101b15e3586330ba9623983dd4b8f502aadc70f38d121108a53,e8b3832b298d6101b15e3586330ba9623983dd4b8f502aadc70f38d121108a53,$,,e8b3832b298d6101b15e3586330ba9623983dd4b8f502aadc70f38d121108a53,e8b3832b298d6101b15e3586330ba9623983dd4b8f502aadc70f38d121108a53,"{""basis"":""ordered source-target formula atom"",""kind"":""source-target-formula-map""}"
1.1.0,formula,O007-FREMLIN-V2-S265-FORMULA-0212,O007-FREMLIN-V2-S265,O007-RIGHTS-FREMLIN-DSL,O007-FREMLIN-V2-S265-SEG-265E,212,265E,265E,272,263,9316,9335,9754,9773,D\subseteq\BbbR^r,D\subseteq\BbbR^r,ee048a02a79ad2679b7bafa5fc8bba0f12daf6f2eb5f3e40603f25c183aaadc5,ee048a02a79ad2679b7bafa5fc8bba0f12daf6f2eb5f3e40603f25c183aaadc5,ee048a02a79ad2679b7bafa5fc8bba0f12daf6f2eb5f3e40603f25c183aaadc5,$,,ee048a02a79ad2679b7bafa5fc8bba0f12daf6f2eb5f3e40603f25c183aaadc5,ee048a02a79ad2679b7bafa5fc8bba0f12daf6f2eb5f3e40603f25c183aaadc5,"{""basis"":""ordered source-target formula atom"",""kind"":""source-target-formula-map""}"
1.1.0,formula,O007-FREMLIN-V2-S265-FORMULA-0213,O007-FREMLIN-V2-S265,O007-RIGHTS-FREMLIN-DSL,O007-FREMLIN-V2-S265-SEG-265E,213,265E,265E,273,264,9352,9370,9788,9806,\phi:D\to\BbbR^s,\phi:D\to\BbbR^s,72415c69d09b0aa4031146a5b0b420d6cc58794c88b7e7e91ba28902f60eecd6,72415c69d09b0aa4031146a5b0b420d6cc58794c88b7e7e91ba28902f60eecd6,72415c69d09b0aa4031146a5b0b420d6cc58794c88b7e7e91ba28902f60eecd6,$,,72415c69d09b0aa4031146a5b0b420d6cc58794c88b7e7e91ba28902f60eecd6,72415c69d09b0aa4031146a5b0b420d6cc58794c88b7e7e91ba28902f60eecd6,"{""basis"":""ordered source-target formula atom"",""kind"":""source-target-formula-map""}"
1.1.0,formula,O007-FREMLIN-V2-S265-FORMULA-0214,O007-FREMLIN-V2-S265,O007-RIGHTS-FREMLIN-DSL,O007-FREMLIN-V2-S265-SEG-265E,214,265E,265E,274,265,9437,9440,9895,9898,D,D,3f39d5c348e5b79d06e842c114e6cc571583bbf44e4b0ebfda1a01ec05745d43,3f39d5c348e5b79d06e842c114e6cc571583bbf44e4b0ebfda1a01ec05745d43,3f39d5c348e5b79d06e842c114e6cc571583bbf44e4b0ebfda1a01ec05745d43,$,,3f39d5c348e5b79d06e842c114e6cc571583bbf44e4b0ebfda1a01ec05745d43,3f39d5c348e5b79d06e842c114e6cc571583bbf44e4b0ebfda1a01ec05745d43,"{""basis"":""ordered source-target formula atom"",""kind"":""source-target-formula-map""}"
1.1.0,formula,O007-FREMLIN-V2-S265-FORMULA-0215,O007-FREMLIN-V2-S265,O007-RIGHTS-FREMLIN-DSL,O007-FREMLIN-V2-S265-SEG-265E,215,265E,265E,274,265,9453,9461,9913,9921,x\in D,x\in D,0cafff6d90bae55b0f35519bd070c867cf69022bfe6eb57f4ac0bb6ce2cfbd01,0cafff6d90bae55b0f35519bd070c867cf69022bfe6eb57f4ac0bb6ce2cfbd01,02660a526ff739e877b2593af5302507a9ff0fe767c3c51b1239ff488215ee23,$,,02660a526ff739e877b2593af5302507a9ff0fe767c3c51b1239ff488215ee23,02660a526ff739e877b2593af5302507a9ff0fe767c3c51b1239ff488215ee23,"{""basis"":""ordered source-target formula atom"",""kind"":""source-target-formula-map""}"
1.1.0,formula,O007-FREMLIN-V2-S265-FORMULA-0216,O007-FREMLIN-V2-S265,O007-RIGHTS-FREMLIN-DSL,O007-FREMLIN-V2-S265-SEG-265E,216,265E,265E,274,265,9466,9472,9932,9938,T(x),T(x),1165c59bb9054e7ba04d42c67986abc5aaf662e9dae09a67b4a776451d150ac2,1165c59bb9054e7ba04d42c67986abc5aaf662e9dae09a67b4a776451d150ac2,1165c59bb9054e7ba04d42c67986abc5aaf662e9dae09a67b4a776451d150ac2,$,,1165c59bb9054e7ba04d42c67986abc5aaf662e9dae09a67b4a776451d150ac2,1165c59bb9054e7ba04d42c67986abc5aaf662e9dae09a67b4a776451d150ac2,"{""basis"":""ordered source-target formula atom"",""kind"":""source-target-formula-map""}"
1.1.0,formula,O007-FREMLIN-V2-S265-FORMULA-0217,O007-FREMLIN-V2-S265,O007-RIGHTS-FREMLIN-DSL,O007-FREMLIN-V2-S265-SEG-265E,217,265E,265E,275,266,9492,9498,9965,9971,\phi,\phi,10ce0200b450ea955833553e717821c7721818b8a95cffd7e54b46e08918b512,10ce0200b450ea955833553e717821c7721818b8a95cffd7e54b46e08918b512,10ce0200b450ea955833553e717821c7721818b8a95cffd7e54b46e08918b512,$,,10ce0200b450ea955833553e717821c7721818b8a95cffd7e54b46e08918b512,10ce0200b450ea955833553e717821c7721818b8a95cffd7e54b46e08918b512,"{""basis"":""ordered source-target formula atom"",""kind"":""source-target-formula-map""}"
1.1.0,formula,O007-FREMLIN-V2-S265-FORMULA-0218,O007-FREMLIN-V2-S265,O007-RIGHTS-FREMLIN-DSL,O007-FREMLIN-V2-S265-SEG-265E,218,265E,265E,275,266,9502,9505,9975,9978,x,x,2d711642b726b04401627ca9fbac32f5c8530fb1903cc4db02258717921a4881,2d711642b726b04401627ca9fbac32f5c8530fb1903cc4db02258717921a4881,2d711642b726b04401627ca9fbac32f5c8530fb1903cc4db02258717921a4881,$,,2d711642b726b04401627ca9fbac32f5c8530fb1903cc4db02258717921a4881,2d711642b726b04401627ca9fbac32f5c8530fb1903cc4db02258717921a4881,"{""basis"":""ordered source-target formula atom"",""kind"":""source-target-formula-map""}"
1.1.0,formula,O007-FREMLIN-V2-S265-FORMULA-0219,O007-FREMLIN-V2-S265,O007-RIGHTS-FREMLIN-DSL,O007-FREMLIN-V2-S265-SEG-265E,219,265E,265E,275,266,9518,9521,9996,9999,D,D,3f39d5c348e5b79d06e842c114e6cc571583bbf44e4b0ebfda1a01ec05745d43,3f39d5c348e5b79d06e842c114e6cc571583bbf44e4b0ebfda1a01ec05745d43,3f39d5c348e5b79d06e842c114e6cc571583bbf44e4b0ebfda1a01ec05745d43,$,,3f39d5c348e5b79d06e842c114e6cc571583bbf44e4b0ebfda1a01ec05745d43,3f39d5c348e5b79d06e842c114e6cc571583bbf44e4b0ebfda1a01ec05745d43,"{""basis"":""ordered source-target formula atom"",""kind"":""source-target-formula-map""}"
1.1.0,formula,O007-FREMLIN-V2-S265-FORMULA-0220,O007-FREMLIN-V2-S265,O007-RIGHTS-FREMLIN-DSL,O007-FREMLIN-V2-S265-SEG-265E,220,265E,265E,275,267,9531,9563,10014,10046,J(x)=\sqrt{\det T(x)\trs T(x)},J(x)=\sqrt{\det T(x)\trs T(x)},6148b1fe14f9ff3efda3c78f9d4223f4c65df07ad8a943d671621d06e000deb1,6148b1fe14f9ff3efda3c78f9d4223f4c65df07ad8a943d671621d06e000deb1,f8831b1a559483611f0b268691d22d87998bd59ca9b5cc718f7dcf05dd3a604d,$,,f8831b1a559483611f0b268691d22d87998bd59ca9b5cc718f7dcf05dd3a604d,f8831b1a559483611f0b268691d22d87998bd59ca9b5cc718f7dcf05dd3a604d,"{""basis"":""ordered source-target formula atom"",""kind"":""source-target-formula-map""}"
1.1.0,formula,O007-FREMLIN-V2-S265-FORMULA-0221,O007-FREMLIN-V2-S265,O007-RIGHTS-FREMLIN-DSL,O007-FREMLIN-V2-S265-SEG-265E,221,265E,265E,276,268,9569,9595,10057,10083,"D'=\{x:x\in D,\,J(x)>0\}","D'=\{x:x\in D,\,J(x)>0\}",8a3516946009fb838300120bd31800fe62c666a1d2a5529b8ef9e07324fc7e17,8a3516946009fb838300120bd31800fe62c666a1d2a5529b8ef9e07324fc7e17,72d633397706c5ef5641df2bb8ec5e154f8a8500dea1defc1e36a053cb6baa62,$,,72d633397706c5ef5641df2bb8ec5e154f8a8500dea1defc1e36a053cb6baa62,72d633397706c5ef5641df2bb8ec5e154f8a8500dea1defc1e36a053cb6baa62,"{""basis"":""ordered source-target formula atom"",""kind"":""source-target-formula-map""}"
1.1.0,formula,O007-FREMLIN-V2-S265-FORMULA-0222,O007-FREMLIN-V2-S265,O007-RIGHTS-FREMLIN-DSL,O007-FREMLIN-V2-S265-SEG-265E,222,265E,265E,278,270,9615,9639,10101,10125,"J:D\to\coint{0,\infty}","J:D\to\coint{0,\infty}",7bf5e94b63f6ac83bfbbd3dfc7d8baf638d2c6772658cd9a4edd4329b4b7dc9f,7bf5e94b63f6ac83bfbbd3dfc7d8baf638d2c6772658cd9a4edd4329b4b7dc9f,7bf5e94b63f6ac83bfbbd3dfc7d8baf638d2c6772658cd9a4edd4329b4b7dc9f,$,,7bf5e94b63f6ac83bfbbd3dfc7d8baf638d2c6772658cd9a4edd4329b4b7dc9f,7bf5e94b63f6ac83bfbbd3dfc7d8baf638d2c6772658cd9a4edd4329b4b7dc9f,"{""basis"":""ordered source-target formula atom"",""kind"":""source-target-formula-map""}"
1.1.0,formula,O007-FREMLIN-V2-S265-FORMULA-0223,O007-FREMLIN-V2-S265,O007-RIGHTS-FREMLIN-DSL,O007-FREMLIN-V2-S265-SEG-265E,223,265E,265E,280,272,9678,9716,10161,10199,\nu_r^*\phi[D]\le\int_DJ(x)\mu_r(dx),\nu_r^*\phi[D]\le\int_DJ(x)\mu_r(dx),8241ac397605f1064a701586c5545e428c196f53f9ad59440081610794bc83bb,8241ac397605f1064a701586c5545e428c196f53f9ad59440081610794bc83bb,8241ac397605f1064a701586c5545e428c196f53f9ad59440081610794bc83bb,$,,8241ac397605f1064a701586c5545e428c196f53f9ad59440081610794bc83bb,8241ac397605f1064a701586c5545e428c196f53f9ad59440081610794bc83bb,"{""basis"":""ordered source-target formula atom"",""kind"":""source-target-formula-map""}"
1.1.0,formula,O007-FREMLIN-V2-S265-FORMULA-0224,O007-FREMLIN-V2-S265,O007-RIGHTS-FREMLIN-DSL,O007-FREMLIN-V2-S265-SEG-265E,224,265E,265E,282,274,9738,9746,10234,10242,\infty,\infty,db8e84427c2e1e02f2b2c74d337ab8d69d80cbb28224cd7f85e0174f1f5ed5c7,db8e84427c2e1e02f2b2c74d337ab8d69d80cbb28224cd7f85e0174f1f5ed5c7,db8e84427c2e1e02f2b2c74d337ab8d69d80cbb28224cd7f85e0174f1f5ed5c7,$,,db8e84427c2e1e02f2b2c74d337ab8d69d80cbb28224cd7f85e0174f1f5ed5c7,db8e84427c2e1e02f2b2c74d337ab8d69d80cbb28224cd7f85e0174f1f5ed5c7,"{""basis"":""ordered source-target formula atom"",""kind"":""source-target-formula-map""}"
1.1.0,formula,O007-FREMLIN-V2-S265-FORMULA-0225,O007-FREMLIN-V2-S265,O007-RIGHTS-FREMLIN-DSL,O007-FREMLIN-V2-S265-SEG-265E,225,265E,265E,284,276,9790,9820,10280,10310,\nu_r^*\phi[D\setminus D']=0,\nu_r^*\phi[D\setminus D']=0,c84cc84d1f8e142e0568f05a0ed61a69e877b1a04f262b63f3b43b16668688bd,c84cc84d1f8e142e0568f05a0ed61a69e877b1a04f262b63f3b43b16668688bd,5f985a3de936f08969da1a627cdef0e5df8589e45e1958a9a6f2941d4b1ea8c4,$,,5f985a3de936f08969da1a627cdef0e5df8589e45e1958a9a6f2941d4b1ea8c4,5f985a3de936f08969da1a627cdef0e5df8589e45e1958a9a6f2941d4b1ea8c4,"{""basis"":""ordered source-target formula atom"",""kind"":""source-target-formula-map""}"
1.1.0,formula,O007-FREMLIN-V2-S265-FORMULA-0226,O007-FREMLIN-V2-S265,O007-RIGHTS-FREMLIN-DSL,O007-FREMLIN-V2-S265-SEG-265E,226,265E,265E,286,278,9836,9839,10328,10331,D,D,3f39d5c348e5b79d06e842c114e6cc571583bbf44e4b0ebfda1a01ec05745d43,3f39d5c348e5b79d06e842c114e6cc571583bbf44e4b0ebfda1a01ec05745d43,3f39d5c348e5b79d06e842c114e6cc571583bbf44e4b0ebfda1a01ec05745d43,$,,3f39d5c348e5b79d06e842c114e6cc571583bbf44e4b0ebfda1a01ec05745d43,3f39d5c348e5b79d06e842c114e6cc571583bbf44e4b0ebfda1a01ec05745d43,"{""basis"":""ordered source-target formula atom"",""kind"":""source-target-formula-map""}"
1.1.0,formula,O007-FREMLIN-V2-S265-FORMULA-0227,O007-FREMLIN-V2-S265,O007-RIGHTS-FREMLIN-DSL,O007-FREMLIN-V2-S265-SEG-265E,227,265E,265E,288,280,9881,9899,10367,10385,\phi[D]\in\Tau_r,\phi[D]\in\Tau_r,c6f4278c55fd42c665fa8d6dcf5d1afbbdd83a080b5eca833da8126ee0c75b5e,c6f4278c55fd42c665fa8d6dcf5d1afbbdd83a080b5eca833da8126ee0c75b5e,c6f4278c55fd42c665fa8d6dcf5d1afbbdd83a080b5eca833da8126ee0c75b5e,$,,c6f4278c55fd42c665fa8d6dcf5d1afbbdd83a080b5eca833da8126ee0c75b5e,c6f4278c55fd42c665fa8d6dcf5d1afbbdd83a080b5eca833da8126ee0c75b5e,"{""basis"":""ordered source-target formula atom"",""kind"":""source-target-formula-map""}"
1.1.0,formula,O007-FREMLIN-V2-S265-FORMULA-0228,O007-FREMLIN-V2-S265,O007-RIGHTS-FREMLIN-DSL,O007-FREMLIN-V2-S265-SEG-265E,228,265E,265E,290,282,9915,9918,10403,10406,D,D,3f39d5c348e5b79d06e842c114e6cc571583bbf44e4b0ebfda1a01ec05745d43,3f39d5c348e5b79d06e842c114e6cc571583bbf44e4b0ebfda1a01ec05745d43,3f39d5c348e5b79d06e842c114e6cc571583bbf44e4b0ebfda1a01ec05745d43,$,,3f39d5c348e5b79d06e842c114e6cc571583bbf44e4b0ebfda1a01ec05745d43,3f39d5c348e5b79d06e842c114e6cc571583bbf44e4b0ebfda1a01ec05745d43,"{""basis"":""ordered source-target formula atom"",""kind"":""source-target-formula-map""}"
1.1.0,formula,O007-FREMLIN-V2-S265-FORMULA-0229,O007-FREMLIN-V2-S265,O007-RIGHTS-FREMLIN-DSL,O007-FREMLIN-V2-S265-SEG-265E,229,265E,265E,290,282,9937,9943,10419,10425,\phi,\phi,10ce0200b450ea955833553e717821c7721818b8a95cffd7e54b46e08918b512,10ce0200b450ea955833553e717821c7721818b8a95cffd7e54b46e08918b512,10ce0200b450ea955833553e717821c7721818b8a95cffd7e54b46e08918b512,$,,10ce0200b450ea955833553e717821c7721818b8a95cffd7e54b46e08918b512,10ce0200b450ea955833553e717821c7721818b8a95cffd7e54b46e08918b512,"{""basis"":""ordered source-target formula atom"",""kind"":""source-target-formula-map""}"
1.1.0,formula,O007-FREMLIN-V2-S265-FORMULA-0230,O007-FREMLIN-V2-S265,O007-RIGHTS-FREMLIN-DSL,O007-FREMLIN-V2-S265-SEG-265E,230,265E,265E,292,284,9974,10004,10452,10482,"\nu_r\phi[D]=\int_DJ\,d\mu_r","\nu_r\phi[D]=\int_DJ\,d\mu_r",891ffb0d04f57c29bec0d712722edd274cc2d92924299a8308a8c9fdced1eb4f,891ffb0d04f57c29bec0d712722edd274cc2d92924299a8308a8c9fdced1eb4f,891ffb0d04f57c29bec0d712722edd274cc2d92924299a8308a8c9fdced1eb4f,$,,891ffb0d04f57c29bec0d712722edd274cc2d92924299a8308a8c9fdced1eb4f,891ffb0d04f57c29bec0d712722edd274cc2d92924299a8308a8c9fdced1eb4f,"{""basis"":""ordered source-target formula atom"",""kind"":""source-target-formula-map""}"
1.1.0,formula,O007-FREMLIN-V2-S265-FORMULA-0231,O007-FREMLIN-V2-S265,O007-RIGHTS-FREMLIN-DSL,O007-FREMLIN-V2-S265-SEG-265E,231,265E,265E,294,286,10030,10049,10518,10537,E\subseteq\phi[D],E\subseteq\phi[D],9eb01b33cada64378c43f6b5f1791ed91edf02affad0e2bf4ee40c34519c165b,9eb01b33cada64378c43f6b5f1791ed91edf02affad0e2bf4ee40c34519c165b,9eb01b33cada64378c43f6b5f1791ed91edf02affad0e2bf4ee40c34519c165b,$,,9eb01b33cada64378c43f6b5f1791ed91edf02affad0e2bf4ee40c34519c165b,9eb01b33cada64378c43f6b5f1791ed91edf02affad0e2bf4ee40c34519c165b,"{""basis"":""ordered source-target formula atom"",""kind"":""source-target-formula-map""}"
1.1.0,formula,O007-FREMLIN-V2-S265-FORMULA-0232,O007-FREMLIN-V2-S265,O007-RIGHTS-FREMLIN-DSL,O007-FREMLIN-V2-S265-SEG-265E,232,265E,265E,294,286,10051,10063,10539,10551,E\in\Tau_r,E\in\Tau_r,18a2a7aed3000fe88559e8e78ed5823c62e296c8476c594ccd423b373431f7a5,18a2a7aed3000fe88559e8e78ed5823c62e296c8476c594ccd423b373431f7a5,18a2a7aed3000fe88559e8e78ed5823c62e296c8476c594ccd423b373431f7a5,$,,18a2a7aed3000fe88559e8e78ed5823c62e296c8476c594ccd423b373431f7a5,18a2a7aed3000fe88559e8e78ed5823c62e296c8476c594ccd423b373431f7a5,"{""basis"":""ordered source-target formula atom"",""kind"":""source-target-formula-map""}"
1.1.0,formula,O007-FREMLIN-V2-S265-FORMULA-0233,O007-FREMLIN-V2-S265,O007-RIGHTS-FREMLIN-DSL,O007-FREMLIN-V2-S265-SEG-265E,233,265E,265E,295,287,10068,10089,10572,10593,\phi^{-1}[E]\cap D',\phi^{-1}[E]\cap D',ae5b75ed151d08feef1a2638438dce2f2da68043fffe8e3fe7f3d452e4cf0e80,ae5b75ed151d08feef1a2638438dce2f2da68043fffe8e3fe7f3d452e4cf0e80,8332035698144efc331bfecae0893735ef35256e24855c1f11ac308b3dc0bc5b,$,,8332035698144efc331bfecae0893735ef35256e24855c1f11ac308b3dc0bc5b,8332035698144efc331bfecae0893735ef35256e24855c1f11ac308b3dc0bc5b,"{""basis"":""ordered source-target formula atom"",""kind"":""source-target-formula-map""}"
1.1.0,formula,O007-FREMLIN-V2-S265-FORMULA-0234,O007-FREMLIN-V2-S265,O007-RIGHTS-FREMLIN-DSL,O007-FREMLIN-V2-S265-SEG-265E,234,265E,265E,297,290,10145,10226,10643,10724,"\nu_rE
=\int_{\phi^{-1}[E]}J(x)\mu_r(dx)
=\int_DJ\times\chi(\phi^{-1}[E])d\mu_r","\nu_rE
=\int_{\phi^{-1}[E]}J(x)\mu_r(dx)
=\int_DJ\times\chi(\phi^{-1}[E])d\mu_r",6decdb28c8826f3a821d5ddbc5b8929a3d8f49138c3f52b1dde071db6244d465,6decdb28c8826f3a821d5ddbc5b8929a3d8f49138c3f52b1dde071db6244d465,3a45410945be82b3b03b2f78886e6a2ac9bb883d1a61295312756bc5fc1a671b,$,,3a45410945be82b3b03b2f78886e6a2ac9bb883d1a61295312756bc5fc1a671b,3a45410945be82b3b03b2f78886e6a2ac9bb883d1a61295312756bc5fc1a671b,"{""basis"":""ordered source-target formula atom"",""kind"":""source-target-formula-map""}"
1.1.0,formula,O007-FREMLIN-V2-S265-FORMULA-0235,O007-FREMLIN-V2-S265,O007-RIGHTS-FREMLIN-DSL,O007-FREMLIN-V2-S265-SEG-265E,235,265E,265E,301,294,10273,10276,10774,10777,g,g,cd0aa9856147b6c5b4ff2b7dfee5da20aa38253099ef1b4a64aced233c9afe29,cd0aa9856147b6c5b4ff2b7dfee5da20aa38253099ef1b4a64aced233c9afe29,cd0aa9856147b6c5b4ff2b7dfee5da20aa38253099ef1b4a64aced233c9afe29,$,,cd0aa9856147b6c5b4ff2b7dfee5da20aa38253099ef1b4a64aced233c9afe29,cd0aa9856147b6c5b4ff2b7dfee5da20aa38253099ef1b4a64aced233c9afe29,"{""basis"":""ordered source-target formula atom"",""kind"":""source-target-formula-map""}"
1.1.0,formula,O007-FREMLIN-V2-S265-FORMULA-0236,O007-FREMLIN-V2-S265,O007-RIGHTS-FREMLIN-DSL,O007-FREMLIN-V2-S265-SEG-265E,236,265E,265E,302,295,10300,10309,10829,10838,\phi[D],\phi[D],c8e46b8d4b28aa05b911c674eed410f2249788e37d830dd0ab829312968f18d0,c8e46b8d4b28aa05b911c674eed410f2249788e37d830dd0ab829312968f18d0,c8e46b8d4b28aa05b911c674eed410f2249788e37d830dd0ab829312968f18d0,$,,c8e46b8d4b28aa05b911c674eed410f2249788e37d830dd0ab829312968f18d0,c8e46b8d4b28aa05b911c674eed410f2249788e37d830dd0ab829312968f18d0,"{""basis"":""ordered source-target formula atom"",""kind"":""source-target-formula-map""}"
1.1.0,formula,O007-FREMLIN-V2-S265-FORMULA-0237,O007-FREMLIN-V2-S265,O007-RIGHTS-FREMLIN-DSL,O007-FREMLIN-V2-S265-SEG-265E,237,265E,265E,304,297,10324,10377,10853,10906,"\int_{\phi[D]}g\,d\nu_r=\int_DJ\times g\phi\,d\mu_r","\int_{\phi[D]}g\,d\nu_r=\int_DJ\times g\phi\,d\mu_r",bf914c869a3838bcb095a3f4043d6308782114f73de048435d8ec64d66a5a9e7,bf914c869a3838bcb095a3f4043d6308782114f73de048435d8ec64d66a5a9e7,e5a9183b47e1f97ee4097da1c4ea43e725ce635f83b5634629869d965bd55925,$,,e5a9183b47e1f97ee4097da1c4ea43e725ce635f83b5634629869d965bd55925,e5a9183b47e1f97ee4097da1c4ea43e725ce635f83b5634629869d965bd55925,"{""basis"":""ordered source-target formula atom"",""kind"":""source-target-formula-map""}"
1.1.0,formula,O007-FREMLIN-V2-S265-FORMULA-0238,O007-FREMLIN-V2-S265,O007-RIGHTS-FREMLIN-DSL,O007-FREMLIN-V2-S265-SEG-265E,238,265E,265E,306,300,10423,10441,10962,10980,"[-\infty,\infty]","[-\infty,\infty]",b9a80fe63c5d371855c3764a54c8212f8d13b84d0bdbed9c55e5192fdb73b145,b9a80fe63c5d371855c3764a54c8212f8d13b84d0bdbed9c55e5192fdb73b145,b9a80fe63c5d371855c3764a54c8212f8d13b84d0bdbed9c55e5192fdb73b145,$,,b9a80fe63c5d371855c3764a54c8212f8d13b84d0bdbed9c55e5192fdb73b145,b9a80fe63c5d371855c3764a54c8212f8d13b84d0bdbed9c55e5192fdb73b145,"{""basis"":""ordered source-target formula atom"",""kind"":""source-target-formula-map""}"
1.1.0,formula,O007-FREMLIN-V2-S265-FORMULA-0239,O007-FREMLIN-V2-S265,O007-RIGHTS-FREMLIN-DSL,O007-FREMLIN-V2-S265-SEG-265E,239,265E,265E,308,301,10465,10481,11022,11038,J(x)g(\phi(x)),J(x)g(\phi(x)),86c7022422063b07e9473e9ffb9aee0a6f2c5ceb10e7dd8c43031392992e07a0,86c7022422063b07e9473e9ffb9aee0a6f2c5ceb10e7dd8c43031392992e07a0,86c7022422063b07e9473e9ffb9aee0a6f2c5ceb10e7dd8c43031392992e07a0,$,,86c7022422063b07e9473e9ffb9aee0a6f2c5ceb10e7dd8c43031392992e07a0,86c7022422063b07e9473e9ffb9aee0a6f2c5ceb10e7dd8c43031392992e07a0,"{""basis"":""ordered source-target formula atom"",""kind"":""source-target-formula-map""}"
1.1.0,formula,O007-FREMLIN-V2-S265-FORMULA-0240,O007-FREMLIN-V2-S265,O007-RIGHTS-FREMLIN-DSL,O007-FREMLIN-V2-S265-SEG-265E,240,265E,265E,308,301,10495,10503,11058,11066,J(x)=0,J(x)=0,f172902b9de7e07aa0d2b679e5a9f852a52d9109555823040b5dc629a13a4417,f172902b9de7e07aa0d2b679e5a9f852a52d9109555823040b5dc629a13a4417,f172902b9de7e07aa0d2b679e5a9f852a52d9109555823040b5dc629a13a4417,$,,f172902b9de7e07aa0d2b679e5a9f852a52d9109555823040b5dc629a13a4417,f172902b9de7e07aa0d2b679e5a9f852a52d9109555823040b5dc629a13a4417,"{""basis"":""ordered source-target formula atom"",""kind"":""source-target-formula-map""}"
1.1.0,formula,O007-FREMLIN-V2-S265-FORMULA-0241,O007-FREMLIN-V2-S265,O007-RIGHTS-FREMLIN-DSL,O007-FREMLIN-V2-S265-SEG-265E,241,265E,265E,308,301,10508,10520,11071,11083,g(\phi(x)),g(\phi(x)),6b069bdd27d696e246f87153b1af32780f3a2e0ad103cd156b6b04abf8c41153,6b069bdd27d696e246f87153b1af32780f3a2e0ad103cd156b6b04abf8c41153,6b069bdd27d696e246f87153b1af32780f3a2e0ad103cd156b6b04abf8c41153,$,,6b069bdd27d696e246f87153b1af32780f3a2e0ad103cd156b6b04abf8c41153,6b069bdd27d696e246f87153b1af32780f3a2e0ad103cd156b6b04abf8c41153,"{""basis"":""ordered source-target formula atom"",""kind"":""source-target-formula-map""}"
1.1.0,formula,O007-FREMLIN-V2-S265-FORMULA-0242,O007-FREMLIN-V2-S265,O007-RIGHTS-FREMLIN-DSL,O007-FREMLIN-V2-S265-SEG-265E,242,265E,265E,315,308,10652,10666,11233,11247,J:D\to\Bbb R,J:D\to\Bbb R,a2e0a4535e871e582d334fbb6f59776221a0482662bacd0c6a446eb66af12204,a2e0a4535e871e582d334fbb6f59776221a0482662bacd0c6a446eb66af12204,4d8bac1f640392a3e24407eb353533e73f62da0e2020d6bd91786e04cd457e3d,$,,4d8bac1f640392a3e24407eb353533e73f62da0e2020d6bd91786e04cd457e3d,4d8bac1f640392a3e24407eb353533e73f62da0e2020d6bd91786e04cd457e3d,"{""basis"":""ordered source-target formula atom"",""kind"":""source-target-formula-map""}"
1.1.0,formula,O007-FREMLIN-V2-S265-FORMULA-0243,O007-FREMLIN-V2-S265,O007-RIGHTS-FREMLIN-DSL,O007-FREMLIN-V2-S265-SEG-265E,243,265E,265E,316,309,10688,10694,11263,11269,J(x),J(x),f6c345b44e5098e57263cfbdec1826109355a86ad9b9dd1456b59c2d4bf9be1e,f6c345b44e5098e57263cfbdec1826109355a86ad9b9dd1456b59c2d4bf9be1e,f6c345b44e5098e57263cfbdec1826109355a86ad9b9dd1456b59c2d4bf9be1e,$,,f6c345b44e5098e57263cfbdec1826109355a86ad9b9dd1456b59c2d4bf9be1e,f6c345b44e5098e57263cfbdec1826109355a86ad9b9dd1456b59c2d4bf9be1e,"{""basis"":""ordered source-target formula atom"",""kind"":""source-target-formula-map""}"
1.1.0,formula,O007-FREMLIN-V2-S265-FORMULA-0244,O007-FREMLIN-V2-S265,O007-RIGHTS-FREMLIN-DSL,O007-FREMLIN-V2-S265-SEG-265E,244,265E,265E,316,310,10743,10749,11317,11323,T(x),T(x),1165c59bb9054e7ba04d42c67986abc5aaf662e9dae09a67b4a776451d150ac2,1165c59bb9054e7ba04d42c67986abc5aaf662e9dae09a67b4a776451d150ac2,1165c59bb9054e7ba04d42c67986abc5aaf662e9dae09a67b4a776451d150ac2,$,,1165c59bb9054e7ba04d42c67986abc5aaf662e9dae09a67b4a776451d150ac2,1165c59bb9054e7ba04d42c67986abc5aaf662e9dae09a67b4a776451d150ac2,"{""basis"":""ordered source-target formula atom"",""kind"":""source-target-formula-map""}"
1.1.0,formula,O007-FREMLIN-V2-S265-FORMULA-0245,O007-FREMLIN-V2-S265,O007-RIGHTS-FREMLIN-DSL,O007-FREMLIN-V2-S265-SEG-265E,245,265E,265E,317,310,10794,10797,11370,11373,D,D,3f39d5c348e5b79d06e842c114e6cc571583bbf44e4b0ebfda1a01ec05745d43,3f39d5c348e5b79d06e842c114e6cc571583bbf44e4b0ebfda1a01ec05745d43,3f39d5c348e5b79d06e842c114e6cc571583bbf44e4b0ebfda1a01ec05745d43,$,,3f39d5c348e5b79d06e842c114e6cc571583bbf44e4b0ebfda1a01ec05745d43,3f39d5c348e5b79d06e842c114e6cc571583bbf44e4b0ebfda1a01ec05745d43,"{""basis"":""ordered source-target formula atom"",""kind"":""source-target-formula-map""}"
1.1.0,formula,O007-FREMLIN-V2-S265-FORMULA-0246,O007-FREMLIN-V2-S265,O007-RIGHTS-FREMLIN-DSL,O007-FREMLIN-V2-S265-SEG-265E,246,265E,265E,318,311,10847,10864,11409,11426,\sequencen{F_n},\sequencen{F_n},fead6c8cacdd1c9cef112c5a75fcef0c9ff0ac741ae939b6c38010019d969f5c,fead6c8cacdd1c9cef112c5a75fcef0c9ff0ac741ae939b6c38010019d969f5c,fead6c8cacdd1c9cef112c5a75fcef0c9ff0ac741ae939b6c38010019d969f5c,$,,fead6c8cacdd1c9cef112c5a75fcef0c9ff0ac741ae939b6c38010019d969f5c,fead6c8cacdd1c9cef112c5a75fcef0c9ff0ac741ae939b6c38010019d969f5c,"{""basis"":""ordered source-target formula atom"",""kind"":""source-target-formula-map""}"
1.1.0,formula,O007-FREMLIN-V2-S265-FORMULA-0247,O007-FREMLIN-V2-S265,O007-RIGHTS-FREMLIN-DSL,O007-FREMLIN-V2-S265-SEG-265E,247,265E,265E,318,312,10887,10890,11455,11458,D,D,3f39d5c348e5b79d06e842c114e6cc571583bbf44e4b0ebfda1a01ec05745d43,3f39d5c348e5b79d06e842c114e6cc571583bbf44e4b0ebfda1a01ec05745d43,3f39d5c348e5b79d06e842c114e6cc571583bbf44e4b0ebfda1a01ec05745d43,$,,3f39d5c348e5b79d06e842c114e6cc571583bbf44e4b0ebfda1a01ec05745d43,3f39d5c348e5b79d06e842c114e6cc571583bbf44e4b0ebfda1a01ec05745d43,"{""basis"":""ordered source-target formula atom"",""kind"":""source-target-formula-map""}"
1.1.0,formula,O007-FREMLIN-V2-S265-FORMULA-0248,O007-FREMLIN-V2-S265,O007-RIGHTS-FREMLIN-DSL,O007-FREMLIN-V2-S265-SEG-265E,248,265E,265E,319,312,10901,10936,11479,11514,D\setminus\bigcup_{n\in\Bbb N}F_n,D\setminus\bigcup_{n\in\Bbb N}F_n,5a29ce10de9348e9f82f88d303d6e588b1f7b3f7eb410d7cc484e92557d20cfe,5a29ce10de9348e9f82f88d303d6e588b1f7b3f7eb410d7cc484e92557d20cfe,c251683be4c69a73f79511a62ffc40da8903dc13ac81e7c842215a1bfe549f1b,$,,c251683be4c69a73f79511a62ffc40da8903dc13ac81e7c842215a1bfe549f1b,c251683be4c69a73f79511a62ffc40da8903dc13ac81e7c842215a1bfe549f1b,"{""basis"":""ordered source-target formula atom"",""kind"":""source-target-formula-map""}"
1.1.0,formula,O007-FREMLIN-V2-S265-FORMULA-0249,O007-FREMLIN-V2-S265,O007-RIGHTS-FREMLIN-DSL,O007-FREMLIN-V2-S265-SEG-265E,249,265E,265E,319,313,10940,10947,11535,11542,\mu_r,\mu_r,22d0564d0934fa50a036d1a1a19205b73b08bd642cd02246cedd243103436145,22d0564d0934fa50a036d1a1a19205b73b08bd642cd02246cedd243103436145,22d0564d0934fa50a036d1a1a19205b73b08bd642cd02246cedd243103436145,$,,22d0564d0934fa50a036d1a1a19205b73b08bd642cd02246cedd243103436145,22d0564d0934fa50a036d1a1a19205b73b08bd642cd02246cedd243103436145,"{""basis"":""ordered source-target formula atom"",""kind"":""source-target-formula-map""}"
1.1.0,formula,O007-FREMLIN-V2-S265-FORMULA-0250,O007-FREMLIN-V2-S265,O007-RIGHTS-FREMLIN-DSL,O007-FREMLIN-V2-S265-SEG-265E,250,265E,265E,320,313,10966,10977,11553,11564,\phi[F_n],\phi[F_n],0f684f3535b0fb644ccc87bc7e677bb0f33e20a2376c29c2cbb3d43d234665bd,0f684f3535b0fb644ccc87bc7e677bb0f33e20a2376c29c2cbb3d43d234665bd,0f684f3535b0fb644ccc87bc7e677bb0f33e20a2376c29c2cbb3d43d234665bd,$,,0f684f3535b0fb644ccc87bc7e677bb0f33e20a2376c29c2cbb3d43d234665bd,0f684f3535b0fb644ccc87bc7e677bb0f33e20a2376c29c2cbb3d43d234665bd,"{""basis"":""ordered source-target formula atom"",""kind"":""source-target-formula-map""}"
1.1.0,formula,O007-FREMLIN-V2-S265-FORMULA-0251,O007-FREMLIN-V2-S265,O007-RIGHTS-FREMLIN-DSL,O007-FREMLIN-V2-S265-SEG-265E,251,265E,265E,320,314,11011,11019,11597,11605,\Tau_r,\Tau_r,35585838a5fd965a400cd2c3b5b90bb8f0a180beb2d4f1ab1b19ca1cf258e9a6,35585838a5fd965a400cd2c3b5b90bb8f0a180beb2d4f1ab1b19ca1cf258e9a6,35585838a5fd965a400cd2c3b5b90bb8f0a180beb2d4f1ab1b19ca1cf258e9a6,$,,35585838a5fd965a400cd2c3b5b90bb8f0a180beb2d4f1ab1b19ca1cf258e9a6,35585838a5fd965a400cd2c3b5b90bb8f0a180beb2d4f1ab1b19ca1cf258e9a6,"{""basis"":""ordered source-target formula atom"",""kind"":""source-target-formula-map""}"
1.1.0,formula,O007-FREMLIN-V2-S265-FORMULA-0252,O007-FREMLIN-V2-S265,O007-RIGHTS-FREMLIN-DSL,O007-FREMLIN-V2-S265-SEG-265E,252,265E,265E,321,314,11030,11042,11620,11632,n\in\Bbb N,n\in\Bbb N,d213946df59f2b85be55436de61a489b7c24c216dfb26056fc2946b32c730709,d213946df59f2b85be55436de61a489b7c24c216dfb26056fc2946b32c730709,02bb197ae0de627eb1861382dcf81826f92f1895770d739be7f05b2435488186,$,,02bb197ae0de627eb1861382dcf81826f92f1895770d739be7f05b2435488186,02bb197ae0de627eb1861382dcf81826f92f1895770d739be7f05b2435488186,"{""basis"":""ordered source-target formula atom"",""kind"":""source-target-formula-map""}"
1.1.0,formula,O007-FREMLIN-V2-S265-FORMULA-0253,O007-FREMLIN-V2-S265,O007-RIGHTS-FREMLIN-DSL,O007-FREMLIN-V2-S265-SEG-265E,253,265E,265E,321,315,11053,11094,11641,11682,\phi[D\setminus\bigcup_{n\in\Bbb N}F_n],\phi[D\setminus\bigcup_{n\in\Bbb N}F_n],7f9435e003b22bae11e58c26b8ad2323cd1942a901c15d32c5f7e70d545a1816,7f9435e003b22bae11e58c26b8ad2323cd1942a901c15d32c5f7e70d545a1816,f98f6f2d558d79730d71788aa2591bf61bb7349eb75acac20b1e47c4d8d3551e,$,,f98f6f2d558d79730d71788aa2591bf61bb7349eb75acac20b1e47c4d8d3551e,f98f6f2d558d79730d71788aa2591bf61bb7349eb75acac20b1e47c4d8d3551e,"{""basis"":""ordered source-target formula atom"",""kind"":""source-target-formula-map""}"
1.1.0,formula,O007-FREMLIN-V2-S265-FORMULA-0254,O007-FREMLIN-V2-S265,O007-RIGHTS-FREMLIN-DSL,O007-FREMLIN-V2-S265-SEG-265E,254,265E,265E,322,316,11109,11116,11723,11730,\nu_r,\nu_r,e8b3832b298d6101b15e3586330ba9623983dd4b8f502aadc70f38d121108a53,e8b3832b298d6101b15e3586330ba9623983dd4b8f502aadc70f38d121108a53,e8b3832b298d6101b15e3586330ba9623983dd4b8f502aadc70f38d121108a53,$,,e8b3832b298d6101b15e3586330ba9623983dd4b8f502aadc70f38d121108a53,e8b3832b298d6101b15e3586330ba9623983dd4b8f502aadc70f38d121108a53,"{""basis"":""ordered source-target formula atom"",""kind"":""source-target-formula-map""}"
1.1.0,formula,O007-FREMLIN-V2-S265-FORMULA-0255,O007-FREMLIN-V2-S265,O007-RIGHTS-FREMLIN-DSL,O007-FREMLIN-V2-S265-SEG-265E,255,265E,265E,322,316,11145,11151,11756,11762,\phi,\phi,10ce0200b450ea955833553e717821c7721818b8a95cffd7e54b46e08918b512,10ce0200b450ea955833553e717821c7721818b8a95cffd7e54b46e08918b512,10ce0200b450ea955833553e717821c7721818b8a95cffd7e54b46e08918b512,$,,10ce0200b450ea955833553e717821c7721818b8a95cffd7e54b46e08918b512,10ce0200b450ea955833553e717821c7721818b8a95cffd7e54b46e08918b512,"{""basis"":""ordered source-target formula atom"",""kind"":""source-target-formula-map""}"
1.1.0,formula,O007-FREMLIN-V2-S265-FORMULA-0256,O007-FREMLIN-V2-S265,O007-RIGHTS-FREMLIN-DSL,O007-FREMLIN-V2-S265-SEG-265E,256,265E,265E,325,319,11222,11316,11847,11941,"\phi[D]=\bigcup_{n\in\Bbb N}
  \phi[F_n]\cup\phi[D\setminus\bigcup_{n\in\Bbb N}F_n]\in\Tau_r","\phi[D]=\bigcup_{n\in\Bbb N}
  \phi[F_n]\cup\phi[D\setminus\bigcup_{n\in\Bbb N}F_n]\in\Tau_r",4f89cfb20cf1a9a3932afae035b5adf70ae3bedee910ac85d4c03b30af66f6fc,4f89cfb20cf1a9a3932afae035b5adf70ae3bedee910ac85d4c03b30af66f6fc,1130f4ef31c6c80c9c1e5cd5b3826e8804f8fefa0d2e4c3d0a20db5dab89bbd0,$,,1130f4ef31c6c80c9c1e5cd5b3826e8804f8fefa0d2e4c3d0a20db5dab89bbd0,1130f4ef31c6c80c9c1e5cd5b3826e8804f8fefa0d2e4c3d0a20db5dab89bbd0,"{""basis"":""ordered source-target formula atom"",""kind"":""source-target-formula-map""}"
1.1.0,formula,O007-FREMLIN-V2-S265-FORMULA-0257,O007-FREMLIN-V2-S265,O007-RIGHTS-FREMLIN-DSL,O007-FREMLIN-V2-S265-SEG-265E,257,265E,265E,332,326,11409,11412,12030,12033,D,D,3f39d5c348e5b79d06e842c114e6cc571583bbf44e4b0ebfda1a01ec05745d43,3f39d5c348e5b79d06e842c114e6cc571583bbf44e4b0ebfda1a01ec05745d43,3f39d5c348e5b79d06e842c114e6cc571583bbf44e4b0ebfda1a01ec05745d43,$,,3f39d5c348e5b79d06e842c114e6cc571583bbf44e4b0ebfda1a01ec05745d43,3f39d5c348e5b79d06e842c114e6cc571583bbf44e4b0ebfda1a01ec05745d43,"{""basis"":""ordered source-target formula atom"",""kind"":""source-target-formula-map""}"
1.1.0,formula,O007-FREMLIN-V2-S265-FORMULA-0258,O007-FREMLIN-V2-S265,O007-RIGHTS-FREMLIN-DSL,O007-FREMLIN-V2-S265-SEG-265E,258,265E,265E,332,326,11433,11441,12047,12055,J(x)>0,J(x)>0,274e2fd6f37004f1f4c7f95e2de45a7f9a0ca6e02077982599c0006589a0b803,274e2fd6f37004f1f4c7f95e2de45a7f9a0ca6e02077982599c0006589a0b803,274e2fd6f37004f1f4c7f95e2de45a7f9a0ca6e02077982599c0006589a0b803,$,,274e2fd6f37004f1f4c7f95e2de45a7f9a0ca6e02077982599c0006589a0b803,274e2fd6f37004f1f4c7f95e2de45a7f9a0ca6e02077982599c0006589a0b803,"{""basis"":""ordered source-target formula atom"",""kind"":""source-target-formula-map""}"
1.1.0,formula,O007-FREMLIN-V2-S265-FORMULA-0259,O007-FREMLIN-V2-S265,O007-RIGHTS-FREMLIN-DSL,O007-FREMLIN-V2-S265-SEG-265E,259,265E,265E,333,327,11452,11460,12069,12077,x\in D,x\in D,0cafff6d90bae55b0f35519bd070c867cf69022bfe6eb57f4ac0bb6ce2cfbd01,0cafff6d90bae55b0f35519bd070c867cf69022bfe6eb57f4ac0bb6ce2cfbd01,02660a526ff739e877b2593af5302507a9ff0fe767c3c51b1239ff488215ee23,$,,02660a526ff739e877b2593af5302507a9ff0fe767c3c51b1239ff488215ee23,02660a526ff739e877b2593af5302507a9ff0fe767c3c51b1239ff488215ee23,"{""basis"":""ordered source-target formula atom"",""kind"":""source-target-formula-map""}"
1.1.0,formula,O007-FREMLIN-V2-S265-FORMULA-0260,O007-FREMLIN-V2-S265,O007-RIGHTS-FREMLIN-DSL,O007-FREMLIN-V2-S265-SEG-265E,260,265E,265E,333,327,11470,11482,12094,12106,\epsilon>0,\epsilon>0,4c7785f41b6ba845fbf6fe3db625563505eedd141a7e6a016df047b5d14c0cc7,4c7785f41b6ba845fbf6fe3db625563505eedd141a7e6a016df047b5d14c0cc7,4c7785f41b6ba845fbf6fe3db625563505eedd141a7e6a016df047b5d14c0cc7,$,,4c7785f41b6ba845fbf6fe3db625563505eedd141a7e6a016df047b5d14c0cc7,4c7785f41b6ba845fbf6fe3db625563505eedd141a7e6a016df047b5d14c0cc7,"{""basis"":""ordered source-target formula atom"",""kind"":""source-target-formula-map""}"
1.1.0,formula,O007-FREMLIN-V2-S265-FORMULA-0261,O007-FREMLIN-V2-S265,O007-RIGHTS-FREMLIN-DSL,O007-FREMLIN-V2-S265-SEG-265E,261,265E,265E,333,327,11490,11500,12117,12127,M^*_{sr},M^*_{sr},cb721583a5f2fd91fce7e5abed41722e51f156dd5a0c661fa6b2f3a2f0bbdb93,cb721583a5f2fd91fce7e5abed41722e51f156dd5a0c661fa6b2f3a2f0bbdb93,cb721583a5f2fd91fce7e5abed41722e51f156dd5a0c661fa6b2f3a2f0bbdb93,$,,cb721583a5f2fd91fce7e5abed41722e51f156dd5a0c661fa6b2f3a2f0bbdb93,cb721583a5f2fd91fce7e5abed41722e51f156dd5a0c661fa6b2f3a2f0bbdb93,"{""basis"":""ordered source-target formula atom"",""kind"":""source-target-formula-map""}"
1.1.0,formula,O007-FREMLIN-V2-S265-FORMULA-0262,O007-FREMLIN-V2-S265,O007-RIGHTS-FREMLIN-DSL,O007-FREMLIN-V2-S265-SEG-265E,262,265E,265E,334,328,11515,11526,12152,12163,s\times r,s\times r,5b8faa3f3a53e3fd999980f2733db97c06c336e3307055f98839effee93567e2,5b8faa3f3a53e3fd999980f2733db97c06c336e3307055f98839effee93567e2,8d324e5b67828b33b22c560bdce540b90196231865b8e7532a1c1318ac39f193,$,,8d324e5b67828b33b22c560bdce540b90196231865b8e7532a1c1318ac39f193,8d324e5b67828b33b22c560bdce540b90196231865b8e7532a1c1318ac39f193,"{""basis"":""ordered source-target formula atom"",""kind"":""source-target-formula-map""}"
1.1.0,formula,O007-FREMLIN-V2-S265-FORMULA-0263,O007-FREMLIN-V2-S265,O007-RIGHTS-FREMLIN-DSL,O007-FREMLIN-V2-S265-SEG-265E,263,265E,265E,334,328,11536,11539,12164,12167,T,T,e632b7095b0bf32c260fa4c539e9fd7b852d0de454e9be26f24d0d6f91d069d3,e632b7095b0bf32c260fa4c539e9fd7b852d0de454e9be26f24d0d6f91d069d3,e632b7095b0bf32c260fa4c539e9fd7b852d0de454e9be26f24d0d6f91d069d3,$,,e632b7095b0bf32c260fa4c539e9fd7b852d0de454e9be26f24d0d6f91d069d3,e632b7095b0bf32c260fa4c539e9fd7b852d0de454e9be26f24d0d6f91d069d3,"{""basis"":""ordered source-target formula atom"",""kind"":""source-target-formula-map""}"
1.1.0,formula,O007-FREMLIN-V2-S265-FORMULA-0264,O007-FREMLIN-V2-S265,O007-RIGHTS-FREMLIN-DSL,O007-FREMLIN-V2-S265-SEG-265E,264,265E,265E,334,329,11550,11569,12188,12207,\det T\trs T\ne 0,\det T\trs T\ne 0,e927ab83a7e8dbe9921bead192d8beabc5a790c39e189256e792b6e315d7e234,e927ab83a7e8dbe9921bead192d8beabc5a790c39e189256e792b6e315d7e234,8b94e53a99ba4a7dc7fbbe729d86ce85c4b85ffd123f2e604b5ec05cbfb4cfd7,$,,8b94e53a99ba4a7dc7fbbe729d86ce85c4b85ffd123f2e604b5ec05cbfb4cfd7,8b94e53a99ba4a7dc7fbbe729d86ce85c4b85ffd123f2e604b5ec05cbfb4cfd7,"{""basis"":""ordered source-target formula atom"",""kind"":""source-target-formula-map""}"
1.1.0,formula,O007-FREMLIN-V2-S265-FORMULA-0265,O007-FREMLIN-V2-S265,O007-RIGHTS-FREMLIN-DSL,O007-FREMLIN-V2-S265-SEG-265E,265,265E,265E,335,330,11602,11623,12241,12262,T:\BbbR^r\to\BbbR^s,T:\BbbR^r\to\BbbR^s,e7a0b6928750279dcdef98c1f4a66f5cac68ec7d6b952297bc365e62be948779,e7a0b6928750279dcdef98c1f4a66f5cac68ec7d6b952297bc365e62be948779,e7a0b6928750279dcdef98c1f4a66f5cac68ec7d6b952297bc365e62be948779,$,,e7a0b6928750279dcdef98c1f4a66f5cac68ec7d6b952297bc365e62be948779,e7a0b6928750279dcdef98c1f4a66f5cac68ec7d6b952297bc365e62be948779,"{""basis"":""ordered source-target formula atom"",""kind"":""source-target-formula-map""}"
1.1.0,formula,O007-FREMLIN-V2-S265-FORMULA-0266,O007-FREMLIN-V2-S265,O007-RIGHTS-FREMLIN-DSL,O007-FREMLIN-V2-S265-SEG-265E,266,265E,265E,336,330,11646,11661,12279,12294,T\in M_{sr}^*,T\in M_{sr}^*,168968e36b8766e3228f96f3dd52ec18771498bb439337fa240b7ae792e9c3d8,168968e36b8766e3228f96f3dd52ec18771498bb439337fa240b7ae792e9c3d8,8444c9d71d1224be875113423ce581ca6b932a8c8fb7d3efd8eb5ddd18bd242b,$,,8444c9d71d1224be875113423ce581ca6b932a8c8fb7d3efd8eb5ddd18bd242b,8444c9d71d1224be875113423ce581ca6b932a8c8fb7d3efd8eb5ddd18bd242b,"{""basis"":""ordered source-target formula atom"",""kind"":""source-target-formula-map""}"
1.1.0,formula,O007-FREMLIN-V2-S265-FORMULA-0267,O007-FREMLIN-V2-S265,O007-RIGHTS-FREMLIN-DSL,O007-FREMLIN-V2-S265-SEG-265E,267,265E,265E,336,331,11667,11688,12302,12323,"\zeta(T,\epsilon)>0","\zeta(T,\epsilon)>0",87d0f366a7294fcb8e96f1484a58d4a52d9c1852d0e87ed04b93d2c30501a775,87d0f366a7294fcb8e96f1484a58d4a52d9c1852d0e87ed04b93d2c30501a775,87d0f366a7294fcb8e96f1484a58d4a52d9c1852d0e87ed04b93d2c30501a775,$,,87d0f366a7294fcb8e96f1484a58d4a52d9c1852d0e87ed04b93d2c30501a775,87d0f366a7294fcb8e96f1484a58d4a52d9c1852d0e87ed04b93d2c30501a775,"{""basis"":""ordered source-target formula atom"",""kind"":""source-target-formula-map""}"
1.1.0,formula,O007-FREMLIN-V2-S265-FORMULA-0268,O007-FREMLIN-V2-S265,O007-RIGHTS-FREMLIN-DSL,O007-FREMLIN-V2-S265-SEG-265E,268,265E,265E,338,333,11707,11724,12351,12368,\sequencen{D_n},\sequencen{D_n},e6bfb7ef48f3f91e84a098a616ec09c75dfafc45d11fff9ef92464f44c707c5e,e6bfb7ef48f3f91e84a098a616ec09c75dfafc45d11fff9ef92464f44c707c5e,e6bfb7ef48f3f91e84a098a616ec09c75dfafc45d11fff9ef92464f44c707c5e,$,,e6bfb7ef48f3f91e84a098a616ec09c75dfafc45d11fff9ef92464f44c707c5e,e6bfb7ef48f3f91e84a098a616ec09c75dfafc45d11fff9ef92464f44c707c5e,"{""basis"":""ordered source-target formula atom"",""kind"":""source-target-formula-map""}"
1.1.0,formula,O007-FREMLIN-V2-S265-FORMULA-0269,O007-FREMLIN-V2-S265,O007-RIGHTS-FREMLIN-DSL,O007-FREMLIN-V2-S265-SEG-265E,269,265E,265E,338,333,11726,11743,12370,12387,\sequencen{T_n},\sequencen{T_n},7432d22209ded62602b10e2d6204fa9eb526d809ddb73e3c902ccee44d2ffb55,7432d22209ded62602b10e2d6204fa9eb526d809ddb73e3c902ccee44d2ffb55,7432d22209ded62602b10e2d6204fa9eb526d809ddb73e3c902ccee44d2ffb55,$,,7432d22209ded62602b10e2d6204fa9eb526d809ddb73e3c902ccee44d2ffb55,7432d22209ded62602b10e2d6204fa9eb526d809ddb73e3c902ccee44d2ffb55,"{""basis"":""ordered source-target formula atom"",""kind"":""source-target-formula-map""}"
1.1.0,formula,O007-FREMLIN-V2-S265-FORMULA-0270,O007-FREMLIN-V2-S265,O007-RIGHTS-FREMLIN-DSL,O007-FREMLIN-V2-S265-SEG-265E,270,265E,265E,338,334,11761,11773,12415,12427,A=M^*_{sr},A=M^*_{sr},78ca60c8a943098a2b36f9619e64cddc9240635ad743499bceecf76b2fee6db8,78ca60c8a943098a2b36f9619e64cddc9240635ad743499bceecf76b2fee6db8,78ca60c8a943098a2b36f9619e64cddc9240635ad743499bceecf76b2fee6db8,$,,78ca60c8a943098a2b36f9619e64cddc9240635ad743499bceecf76b2fee6db8,78ca60c8a943098a2b36f9619e64cddc9240635ad743499bceecf76b2fee6db8,"{""basis"":""ordered source-target formula atom"",""kind"":""source-target-formula-map""}"
1.1.0,formula,O007-FREMLIN-V2-S265-FORMULA-0271,O007-FREMLIN-V2-S265,O007-RIGHTS-FREMLIN-DSL,O007-FREMLIN-V2-S265-SEG-265E,271,265E,265E,339,334,11783,11800,12438,12455,\sequencen{D_n},\sequencen{D_n},e6bfb7ef48f3f91e84a098a616ec09c75dfafc45d11fff9ef92464f44c707c5e,e6bfb7ef48f3f91e84a098a616ec09c75dfafc45d11fff9ef92464f44c707c5e,e6bfb7ef48f3f91e84a098a616ec09c75dfafc45d11fff9ef92464f44c707c5e,$,,e6bfb7ef48f3f91e84a098a616ec09c75dfafc45d11fff9ef92464f44c707c5e,e6bfb7ef48f3f91e84a098a616ec09c75dfafc45d11fff9ef92464f44c707c5e,"{""basis"":""ordered source-target formula atom"",""kind"":""source-target-formula-map""}"
1.1.0,formula,O007-FREMLIN-V2-S265-FORMULA-0272,O007-FREMLIN-V2-S265,O007-RIGHTS-FREMLIN-DSL,O007-FREMLIN-V2-S265-SEG-265E,272,265E,265E,339,334,11819,11822,12471,12474,D,D,3f39d5c348e5b79d06e842c114e6cc571583bbf44e4b0ebfda1a01ec05745d43,3f39d5c348e5b79d06e842c114e6cc571583bbf44e4b0ebfda1a01ec05745d43,3f39d5c348e5b79d06e842c114e6cc571583bbf44e4b0ebfda1a01ec05745d43,$,,3f39d5c348e5b79d06e842c114e6cc571583bbf44e4b0ebfda1a01ec05745d43,3f39d5c348e5b79d06e842c114e6cc571583bbf44e4b0ebfda1a01ec05745d43,"{""basis"":""ordered source-target formula atom"",""kind"":""source-target-formula-map""}"
1.1.0,formula,O007-FREMLIN-V2-S265-FORMULA-0273,O007-FREMLIN-V2-S265,O007-RIGHTS-FREMLIN-DSL,O007-FREMLIN-V2-S265-SEG-265E,273,265E,265E,340,335,11868,11871,12528,12531,D,D,3f39d5c348e5b79d06e842c114e6cc571583bbf44e4b0ebfda1a01ec05745d43,3f39d5c348e5b79d06e842c114e6cc571583bbf44e4b0ebfda1a01ec05745d43,3f39d5c348e5b79d06e842c114e6cc571583bbf44e4b0ebfda1a01ec05745d43,$,,3f39d5c348e5b79d06e842c114e6cc571583bbf44e4b0ebfda1a01ec05745d43,3f39d5c348e5b79d06e842c114e6cc571583bbf44e4b0ebfda1a01ec05745d43,"{""basis"":""ordered source-target formula atom"",""kind"":""source-target-formula-map""}"
1.1.0,formula,O007-FREMLIN-V2-S265-FORMULA-0274,O007-FREMLIN-V2-S265,O007-RIGHTS-FREMLIN-DSL,O007-FREMLIN-V2-S265-SEG-265E,274,265E,265E,340,335,11882,11887,12544,12549,T_n,T_n,64afaf0ed6cbcadc27756185f84a76252235db16b8ea13fa23dbfab584a1b1c2,64afaf0ed6cbcadc27756185f84a76252235db16b8ea13fa23dbfab584a1b1c2,64afaf0ed6cbcadc27756185f84a76252235db16b8ea13fa23dbfab584a1b1c2,$,,64afaf0ed6cbcadc27756185f84a76252235db16b8ea13fa23dbfab584a1b1c2,64afaf0ed6cbcadc27756185f84a76252235db16b8ea13fa23dbfab584a1b1c2,"{""basis"":""ordered source-target formula atom"",""kind"":""source-target-formula-map""}"
1.1.0,formula,O007-FREMLIN-V2-S265-FORMULA-0275,O007-FREMLIN-V2-S265,O007-RIGHTS-FREMLIN-DSL,O007-FREMLIN-V2-S265-SEG-265E,275,265E,265E,340,336,11894,11905,12565,12576,s\times r,s\times r,5b8faa3f3a53e3fd999980f2733db97c06c336e3307055f98839effee93567e2,5b8faa3f3a53e3fd999980f2733db97c06c336e3307055f98839effee93567e2,8d324e5b67828b33b22c560bdce540b90196231865b8e7532a1c1318ac39f193,$,,8d324e5b67828b33b22c560bdce540b90196231865b8e7532a1c1318ac39f193,8d324e5b67828b33b22c560bdce540b90196231865b8e7532a1c1318ac39f193,"{""basis"":""ordered source-target formula atom"",""kind"":""source-target-formula-map""}"
1.1.0,formula,O007-FREMLIN-V2-S265-FORMULA-0276,O007-FREMLIN-V2-S265,O007-RIGHTS-FREMLIN-DSL,O007-FREMLIN-V2-S265-SEG-265E,276,265E,265E,343,338,11936,11972,12610,12646,"\|T(x)-T_n\|\le\zeta(T_n,\epsilon)","\|T(x)-T_n\|\le\zeta(T_n,\epsilon)",76f646ac653c309899757e675bcd387e0e0448ae4abfa2255ff76b09260923a9,76f646ac653c309899757e675bcd387e0e0448ae4abfa2255ff76b09260923a9,76f646ac653c309899757e675bcd387e0e0448ae4abfa2255ff76b09260923a9,$,,76f646ac653c309899757e675bcd387e0e0448ae4abfa2255ff76b09260923a9,76f646ac653c309899757e675bcd387e0e0448ae4abfa2255ff76b09260923a9,"{""basis"":""ordered source-target formula atom"",""kind"":""source-target-formula-map""}"
1.1.0,formula,O007-FREMLIN-V2-S265-FORMULA-0277,O007-FREMLIN-V2-S265,O007-RIGHTS-FREMLIN-DSL,O007-FREMLIN-V2-S265-SEG-265E,277,265E,265E,343,338,11982,11992,12657,12667,x\in D_n,x\in D_n,26588abf17fa892b95a7614184df5bffc357ac92890d7a166347159545da7738,26588abf17fa892b95a7614184df5bffc357ac92890d7a166347159545da7738,443536bd9c47bd3258337c22ea55b6d951b49000ce7cb0f41cbf1a6c7ddd72f5,$,,443536bd9c47bd3258337c22ea55b6d951b49000ce7cb0f41cbf1a6c7ddd72f5,443536bd9c47bd3258337c22ea55b6d951b49000ce7cb0f41cbf1a6c7ddd72f5,"{""basis"":""ordered source-target formula atom"",""kind"":""source-target-formula-map""}"
1.1.0,formula,O007-FREMLIN-V2-S265-FORMULA-0278,O007-FREMLIN-V2-S265,O007-RIGHTS-FREMLIN-DSL,O007-FREMLIN-V2-S265-SEG-265E,278,265E,265E,345,340,12008,12067,12683,12742,"\|\phi(x)-\phi(y)-T_n(x-y)\|\le\zeta(T_n,\epsilon)\|x-y\|","\|\phi(x)-\phi(y)-T_n(x-y)\|\le\zeta(T_n,\epsilon)\|x-y\|",6ae61605fd1462be81e1f1198747c1ff7a18757f86b261e54a01d688463605ed,6ae61605fd1462be81e1f1198747c1ff7a18757f86b261e54a01d688463605ed,6ae61605fd1462be81e1f1198747c1ff7a18757f86b261e54a01d688463605ed,$,,6ae61605fd1462be81e1f1198747c1ff7a18757f86b261e54a01d688463605ed,6ae61605fd1462be81e1f1198747c1ff7a18757f86b261e54a01d688463605ed,"{""basis"":""ordered source-target formula atom"",""kind"":""source-target-formula-map""}"
1.1.0,formula,O007-FREMLIN-V2-S265-FORMULA-0279,O007-FREMLIN-V2-S265,O007-RIGHTS-FREMLIN-DSL,O007-FREMLIN-V2-S265-SEG-265E,279,265E,265E,346,341,12076,12079,12755,12758,x,x,2d711642b726b04401627ca9fbac32f5c8530fb1903cc4db02258717921a4881,2d711642b726b04401627ca9fbac32f5c8530fb1903cc4db02258717921a4881,2d711642b726b04401627ca9fbac32f5c8530fb1903cc4db02258717921a4881,$,,2d711642b726b04401627ca9fbac32f5c8530fb1903cc4db02258717921a4881,2d711642b726b04401627ca9fbac32f5c8530fb1903cc4db02258717921a4881,"{""basis"":""ordered source-target formula atom"",""kind"":""source-target-formula-map""}"
1.1.0,formula,O007-FREMLIN-V2-S265-FORMULA-0280,O007-FREMLIN-V2-S265,O007-RIGHTS-FREMLIN-DSL,O007-FREMLIN-V2-S265-SEG-265E,280,265E,265E,346,341,12081,12091,12760,12770,y\in D_n,y\in D_n,893e1f2afb7d6133d4063f3ede77b440019c2fb8efc54d187e054250f1e5d688,893e1f2afb7d6133d4063f3ede77b440019c2fb8efc54d187e054250f1e5d688,dac0c7b1693a4561e4684a63d0f8506fd02137b3b29292d43dad7f596191362c,$,,dac0c7b1693a4561e4684a63d0f8506fd02137b3b29292d43dad7f596191362c,dac0c7b1693a4561e4684a63d0f8506fd02137b3b29292d43dad7f596191362c,"{""basis"":""ordered source-target formula atom"",""kind"":""source-target-formula-map""}"
1.1.0,formula,O007-FREMLIN-V2-S265-FORMULA-0281,O007-FREMLIN-V2-S265,O007-RIGHTS-FREMLIN-DSL,O007-FREMLIN-V2-S265-SEG-265E,281,265E,265E,348,344,12119,12148,12812,12841,J_n=\sqrt{\det T_n\trs T_n},J_n=\sqrt{\det T_n\trs T_n},42376f445b6f2777dc372446909b2e574cee1d997128f1f85b3d6ac3ea0e5a80,42376f445b6f2777dc372446909b2e574cee1d997128f1f85b3d6ac3ea0e5a80,bd9190c4f332767b812e68b38e9cf3bbbeb1ef0def1a67ee25260de029fd4250,$,,bd9190c4f332767b812e68b38e9cf3bbbeb1ef0def1a67ee25260de029fd4250,bd9190c4f332767b812e68b38e9cf3bbbeb1ef0def1a67ee25260de029fd4250,"{""basis"":""ordered source-target formula atom"",""kind"":""source-target-formula-map""}"
1.1.0,formula,O007-FREMLIN-V2-S265-FORMULA-0282,O007-FREMLIN-V2-S265,O007-RIGHTS-FREMLIN-DSL,O007-FREMLIN-V2-S265-SEG-265E,282,265E,265E,350,346,12171,12194,12871,12894,|J(x)-J_n|\le\epsilon,|J(x)-J_n|\le\epsilon,061debab730ee061c0a4bdb060bd4c8acf9a9dc8b32e0b8844080fae3f32b9fc,061debab730ee061c0a4bdb060bd4c8acf9a9dc8b32e0b8844080fae3f32b9fc,061debab730ee061c0a4bdb060bd4c8acf9a9dc8b32e0b8844080fae3f32b9fc,$,,061debab730ee061c0a4bdb060bd4c8acf9a9dc8b32e0b8844080fae3f32b9fc,061debab730ee061c0a4bdb060bd4c8acf9a9dc8b32e0b8844080fae3f32b9fc,"{""basis"":""ordered source-target formula atom"",""kind"":""source-target-formula-map""}"
1.1.0,formula,O007-FREMLIN-V2-S265-FORMULA-0283,O007-FREMLIN-V2-S265,O007-RIGHTS-FREMLIN-DSL,O007-FREMLIN-V2-S265-SEG-265E,283,265E,265E,350,346,12205,12215,12908,12918,x\in D_n,x\in D_n,26588abf17fa892b95a7614184df5bffc357ac92890d7a166347159545da7738,26588abf17fa892b95a7614184df5bffc357ac92890d7a166347159545da7738,443536bd9c47bd3258337c22ea55b6d951b49000ce7cb0f41cbf1a6c7ddd72f5,$,,443536bd9c47bd3258337c22ea55b6d951b49000ce7cb0f41cbf1a6c7ddd72f5,443536bd9c47bd3258337c22ea55b6d951b49000ce7cb0f41cbf1a6c7ddd72f5,"{""basis"":""ordered source-target formula atom"",""kind"":""source-target-formula-map""}"
1.1.0,formula,O007-FREMLIN-V2-S265-FORMULA-0284,O007-FREMLIN-V2-S265,O007-RIGHTS-FREMLIN-DSL,O007-FREMLIN-V2-S265-SEG-265E,284,265E,265E,352,348,12231,12286,12934,12989,|\nu_r^*\phi[D_n]-J_n\mu_r^*D_n|\le\epsilon\mu_r^*D_n,|\nu_r^*\phi[D_n]-J_n\mu_r^*D_n|\le\epsilon\mu_r^*D_n,c11184bc5cdc59a88c050785260bc746e3b052a6beffdcc9a02ad7cd0dce90e5,c11184bc5cdc59a88c050785260bc746e3b052a6beffdcc9a02ad7cd0dce90e5,c11184bc5cdc59a88c050785260bc746e3b052a6beffdcc9a02ad7cd0dce90e5,$,,c11184bc5cdc59a88c050785260bc746e3b052a6beffdcc9a02ad7cd0dce90e5,c11184bc5cdc59a88c050785260bc746e3b052a6beffdcc9a02ad7cd0dce90e5,"{""basis"":""ordered source-target formula atom"",""kind"":""source-target-formula-map""}"
1.1.0,formula,O007-FREMLIN-V2-S265-FORMULA-0285,O007-FREMLIN-V2-S265,O007-RIGHTS-FREMLIN-DSL,O007-FREMLIN-V2-S265-SEG-265E,285,265E,265E,354,350,12317,12338,13025,13046,"\zeta(T_n,\epsilon)","\zeta(T_n,\epsilon)",9dcdbf3ba1d8812746489c466b67a7daeea493ea519d291ae168e10f66bcc3a8,9dcdbf3ba1d8812746489c466b67a7daeea493ea519d291ae168e10f66bcc3a8,9dcdbf3ba1d8812746489c466b67a7daeea493ea519d291ae168e10f66bcc3a8,$,,9dcdbf3ba1d8812746489c466b67a7daeea493ea519d291ae168e10f66bcc3a8,9dcdbf3ba1d8812746489c466b67a7daeea493ea519d291ae168e10f66bcc3a8,"{""basis"":""ordered source-target formula atom"",""kind"":""source-target-formula-map""}"
1.1.0,formula,O007-FREMLIN-V2-S265-FORMULA-0286,O007-FREMLIN-V2-S265,O007-RIGHTS-FREMLIN-DSL,O007-FREMLIN-V2-S265-SEG-265E,286,265E,265E,356,352,12346,12825,13054,13528,"\eqalignno{\nu_r^*\phi[D]
&\le\sum_{n=0}^{\infty}\nu_r^*\phi[D_n]\cr
\displaycause{because $\phi[D]=\bigcup_{n\in\Bbb N}\phi[D_n]$}
&\le\sum_{n=0}^{\infty}J_n\mu_r^*D_n+\epsilon\mu_r^*D_n
\le\epsilon\mu_r^*D+\sum_{n=0}^{\infty}J_n\mu_r^*D_n\cr
\displaycause{because the $D_n$ are disjoint and relatively measurable
in $D$}
&=\epsilon\mu_r^*D+\int_D\sum_{n=0}^{\infty}J_n\chi D_nd\mu\cr
&\le\epsilon\mu_r^*D+\int_DJ(x)+\epsilon\mu_r(dx)
=2\epsilon\mu_r^*D+\int_DJ\,d\mu_r.\cr}","\eqalignno{\nu_r^*\phi[D]
&\le\sum_{n=0}^{\infty}\nu_r^*\phi[D_n]\cr
\displaycause{karena $\phi[D]=\bigcup_{n\in\Bbb N}\phi[D_n]$}
&\le\sum_{n=0}^{\infty}(J_n\mu_r^*D_n+\epsilon\mu_r^*D_n)
\le\epsilon\mu_r^*D+\sum_{n=0}^{\infty}J_n\mu_r^*D_n\cr
\displaycause{karena $D_n$ saling lepas dan relatif terukur dalam $D$}
&=\epsilon\mu_r^*D+\int_D\sum_{n=0}^{\infty}J_n\chi D_nd\mu_r\cr
&\le\epsilon\mu_r^*D+\int_DJ(x)+\epsilon\mu_r(dx)
=2\epsilon\mu_r^*D+\int_DJ\,d\mu_r.\cr}",c9a79e5b00dde0e8dfc263016b810c53b26e4459a65dcfffa85c81577f78c019,b2363c13310d31f5f258d85f5fb75f448ef4e827aff9b06078d28c90240ae6e8,444f9623782713af7d551b2fbb1f08a8921c6958ed4ea4645b95b70ed301edab,$$,"[""O007-CORR-0281"",""O007-CORR-0282""]",12d6e3fecebcb342f6a38157f5c0b2a33bc5051ae53591134fc6ca478be4f5d7,444f9623782713af7d551b2fbb1f08a8921c6958ed4ea4645b95b70ed301edab,"{""basis"":""ordered formula atom; correction bound by receipt exception union"",""kind"":""source-target-formula-map""}"
1.1.0,formula,O007-FREMLIN-V2-S265-FORMULA-0287,O007-FREMLIN-V2-S265,O007-RIGHTS-FREMLIN-DSL,O007-FREMLIN-V2-S265-SEG-265E,287,265E,265E,367,362,12830,12833,13535,13538,D,D,3f39d5c348e5b79d06e842c114e6cc571583bbf44e4b0ebfda1a01ec05745d43,3f39d5c348e5b79d06e842c114e6cc571583bbf44e4b0ebfda1a01ec05745d43,3f39d5c348e5b79d06e842c114e6cc571583bbf44e4b0ebfda1a01ec05745d43,$,,3f39d5c348e5b79d06e842c114e6cc571583bbf44e4b0ebfda1a01ec05745d43,3f39d5c348e5b79d06e842c114e6cc571583bbf44e4b0ebfda1a01ec05745d43,"{""basis"":""ordered source-target formula atom"",""kind"":""source-target-formula-map""}"
1.1.0,formula,O007-FREMLIN-V2-S265-FORMULA-0288,O007-FREMLIN-V2-S265,O007-RIGHTS-FREMLIN-DSL,O007-FREMLIN-V2-S265-SEG-265E,288,265E,265E,367,362,12852,12858,13551,13557,\phi,\phi,10ce0200b450ea955833553e717821c7721818b8a95cffd7e54b46e08918b512,10ce0200b450ea955833553e717821c7721818b8a95cffd7e54b46e08918b512,10ce0200b450ea955833553e717821c7721818b8a95cffd7e54b46e08918b512,$,,10ce0200b450ea955833553e717821c7721818b8a95cffd7e54b46e08918b512,10ce0200b450ea955833553e717821c7721818b8a95cffd7e54b46e08918b512,"{""basis"":""ordered source-target formula atom"",""kind"":""source-target-formula-map""}"
1.1.0,formula,O007-FREMLIN-V2-S265-FORMULA-0289,O007-FREMLIN-V2-S265,O007-RIGHTS-FREMLIN-DSL,O007-FREMLIN-V2-S265-SEG-265E,289,265E,265E,367,362,12886,12891,13579,13584,D_n,D_n,d3405c1cc6903854841046c3b03515f62cd30457a70b89f4aa6dd85e87df99f7,d3405c1cc6903854841046c3b03515f62cd30457a70b89f4aa6dd85e87df99f7,d3405c1cc6903854841046c3b03515f62cd30457a70b89f4aa6dd85e87df99f7,$,,d3405c1cc6903854841046c3b03515f62cd30457a70b89f4aa6dd85e87df99f7,d3405c1cc6903854841046c3b03515f62cd30457a70b89f4aa6dd85e87df99f7,"{""basis"":""ordered source-target formula atom"",""kind"":""source-target-formula-map""}"
1.1.0,formula,O007-FREMLIN-V2-S265-FORMULA-0290,O007-FREMLIN-V2-S265,O007-RIGHTS-FREMLIN-DSL,O007-FREMLIN-V2-S265-SEG-265E,290,265E,265E,368,363,12927,12936,13608,13617,\BbbR^r,\BbbR^r,6a5173578402ab704fe0e78c24a3f6f09fe9ed2c7ea0fbe574d688249eb91ed7,6a5173578402ab704fe0e78c24a3f6f09fe9ed2c7ea0fbe574d688249eb91ed7,6a5173578402ab704fe0e78c24a3f6f09fe9ed2c7ea0fbe574d688249eb91ed7,$,,6a5173578402ab704fe0e78c24a3f6f09fe9ed2c7ea0fbe574d688249eb91ed7,6a5173578402ab704fe0e78c24a3f6f09fe9ed2c7ea0fbe574d688249eb91ed7,"{""basis"":""ordered source-target formula atom"",""kind"":""source-target-formula-map""}"
1.1.0,formula,O007-FREMLIN-V2-S265-FORMULA-0291,O007-FREMLIN-V2-S265,O007-RIGHTS-FREMLIN-DSL,O007-FREMLIN-V2-S265-SEG-265E,291,265E,265E,368,364,12949,12960,13656,13667,\phi[D_n],\phi[D_n],26661f7fe6278e4b9eba5d128222839158e10bf0e48f802b92a0b497b19a4159,26661f7fe6278e4b9eba5d128222839158e10bf0e48f802b92a0b497b19a4159,26661f7fe6278e4b9eba5d128222839158e10bf0e48f802b92a0b497b19a4159,$,,26661f7fe6278e4b9eba5d128222839158e10bf0e48f802b92a0b497b19a4159,26661f7fe6278e4b9eba5d128222839158e10bf0e48f802b92a0b497b19a4159,"{""basis"":""ordered source-target formula atom"",""kind"":""source-target-formula-map""}"
1.1.0,formula,O007-FREMLIN-V2-S265-FORMULA-0292,O007-FREMLIN-V2-S265,O007-RIGHTS-FREMLIN-DSL,O007-FREMLIN-V2-S265-SEG-265E,292,265E,265E,369,364,12977,12984,13680,13687,\nu_r,\nu_r,e8b3832b298d6101b15e3586330ba9623983dd4b8f502aadc70f38d121108a53,e8b3832b298d6101b15e3586330ba9623983dd4b8f502aadc70f38d121108a53,e8b3832b298d6101b15e3586330ba9623983dd4b8f502aadc70f38d121108a53,$,,e8b3832b298d6101b15e3586330ba9623983dd4b8f502aadc70f38d121108a53,e8b3832b298d6101b15e3586330ba9623983dd4b8f502aadc70f38d121108a53,"{""basis"":""ordered source-target formula atom"",""kind"":""source-target-formula-map""}"
1.1.0,formula,O007-FREMLIN-V2-S265-FORMULA-0293,O007-FREMLIN-V2-S265,O007-RIGHTS-FREMLIN-DSL,O007-FREMLIN-V2-S265-SEG-265E,293,265E,265E,371,367,13029,13224,13751,13948,"\eqalign{\int_{D}J\,d\mu
&\le\sum_{n=0}^{\infty}J_n\mu_r D_n+\epsilon\mu_r D\cr
&\le\sum_{n=0}^{\infty}(\nu_r\phi[D_n]
   +\epsilon\mu_r D_n)+\epsilon\mu_rD
=\nu_r\phi[D]+2\epsilon\mu_rD.\cr}","\eqalign{\int_{D}J\,d\mu_r
&\le\sum_{n=0}^{\infty}J_n\mu_r D_n+\epsilon\mu_r D\cr
&\le\sum_{n=0}^{\infty}(\nu_r\phi[D_n]
   +\epsilon\mu_r D_n)+\epsilon\mu_rD
=\nu_r\phi[D]+2\epsilon\mu_rD.\cr}",49aeafc290ec14b733a2ff5093ca4fdc9b3589310015dc0266bcf6ae8bce2697,3d5c07a4a5584c0d0b678b827ba7bd4d0f851af968f2979fb84d07653ce9b098,1e5b58421132b004a039b560d2e258b3e3bbb8c488eb0ac5899e447e7e0dbfa1,$$,"[""O007-CORR-0283""]",453eb713db4ba032a9e7976bc409ba39f401c12bcaffc47f4e3e28aa84de0782,1e5b58421132b004a039b560d2e258b3e3bbb8c488eb0ac5899e447e7e0dbfa1,"{""basis"":""ordered formula atom; correction bound by receipt exception union"",""kind"":""source-target-formula-map""}"
1.1.0,formula,O007-FREMLIN-V2-S265-FORMULA-0294,O007-FREMLIN-V2-S265,O007-RIGHTS-FREMLIN-DSL,O007-FREMLIN-V2-S265-SEG-265E,294,265E,265E,377,373,13242,13252,13967,13977,\epsilon,\epsilon,8bc4bfc2bdebfaac14a98cde1deb3cf75202e7908905efb95c939c0481951f77,8bc4bfc2bdebfaac14a98cde1deb3cf75202e7908905efb95c939c0481951f77,8bc4bfc2bdebfaac14a98cde1deb3cf75202e7908905efb95c939c0481951f77,$,,8bc4bfc2bdebfaac14a98cde1deb3cf75202e7908905efb95c939c0481951f77,8bc4bfc2bdebfaac14a98cde1deb3cf75202e7908905efb95c939c0481951f77,"{""basis"":""ordered source-target formula atom"",""kind"":""source-target-formula-map""}"
1.1.0,formula,O007-FREMLIN-V2-S265-FORMULA-0295,O007-FREMLIN-V2-S265,O007-RIGHTS-FREMLIN-DSL,O007-FREMLIN-V2-S265-SEG-265E,295,265E,265E,379,375,13287,13321,14017,14051,"\nu_r^*\phi[D]\le\int_DJ\,d\mu_r","\nu_r^*\phi[D]\le\int_DJ\,d\mu_r",6fc45ae1f822d368a034f09cc908ccd1d6173fe9dad4d4f9c776a61dc5d8861f,6fc45ae1f822d368a034f09cc908ccd1d6173fe9dad4d4f9c776a61dc5d8861f,6fc45ae1f822d368a034f09cc908ccd1d6173fe9dad4d4f9c776a61dc5d8861f,$,,6fc45ae1f822d368a034f09cc908ccd1d6173fe9dad4d4f9c776a61dc5d8861f,6fc45ae1f822d368a034f09cc908ccd1d6173fe9dad4d4f9c776a61dc5d8861f,"{""basis"":""ordered source-target formula atom"",""kind"":""source-target-formula-map""}"
1.1.0,formula,O007-FREMLIN-V2-S265-FORMULA-0296,O007-FREMLIN-V2-S265,O007-RIGHTS-FREMLIN-DSL,O007-FREMLIN-V2-S265-SEG-265E,296,265E,265E,381,377,13342,13345,14074,14077,D,D,3f39d5c348e5b79d06e842c114e6cc571583bbf44e4b0ebfda1a01ec05745d43,3f39d5c348e5b79d06e842c114e6cc571583bbf44e4b0ebfda1a01ec05745d43,3f39d5c348e5b79d06e842c114e6cc571583bbf44e4b0ebfda1a01ec05745d43,$,,3f39d5c348e5b79d06e842c114e6cc571583bbf44e4b0ebfda1a01ec05745d43,3f39d5c348e5b79d06e842c114e6cc571583bbf44e4b0ebfda1a01ec05745d43,"{""basis"":""ordered source-target formula atom"",""kind"":""source-target-formula-map""}"
1.1.0,formula,O007-FREMLIN-V2-S265-FORMULA-0297,O007-FREMLIN-V2-S265,O007-RIGHTS-FREMLIN-DSL,O007-FREMLIN-V2-S265-SEG-265E,297,265E,265E,381,377,13364,13370,14092,14098,\phi,\phi,10ce0200b450ea955833553e717821c7721818b8a95cffd7e54b46e08918b512,10ce0200b450ea955833553e717821c7721818b8a95cffd7e54b46e08918b512,10ce0200b450ea955833553e717821c7721818b8a95cffd7e54b46e08918b512,$,,10ce0200b450ea955833553e717821c7721818b8a95cffd7e54b46e08918b512,10ce0200b450ea955833553e717821c7721818b8a95cffd7e54b46e08918b512,"{""basis"":""ordered source-target formula atom"",""kind"":""source-target-formula-map""}"
1.1.0,formula,O007-FREMLIN-V2-S265-FORMULA-0298,O007-FREMLIN-V2-S265,O007-RIGHTS-FREMLIN-DSL,O007-FREMLIN-V2-S265-SEG-265E,298,265E,265E,383,379,13398,13430,14122,14154,"\int_DJ\,d\mu_r\le\nu_r\phi[D]","\int_DJ\,d\mu_r\le\nu_r\phi[D]",79b7061c3b26c33118733072754d51dccdd2edf34c9a728fccb5170217102276,79b7061c3b26c33118733072754d51dccdd2edf34c9a728fccb5170217102276,79b7061c3b26c33118733072754d51dccdd2edf34c9a728fccb5170217102276,$,,79b7061c3b26c33118733072754d51dccdd2edf34c9a728fccb5170217102276,79b7061c3b26c33118733072754d51dccdd2edf34c9a728fccb5170217102276,"{""basis"":""ordered source-target formula atom"",""kind"":""source-target-formula-map""}"
1.1.0,formula,O007-FREMLIN-V2-S265-FORMULA-0299,O007-FREMLIN-V2-S265,O007-RIGHTS-FREMLIN-DSL,O007-FREMLIN-V2-S265-SEG-265E,299,265E,265E,385,381,13494,13497,14223,14226,D,D,3f39d5c348e5b79d06e842c114e6cc571583bbf44e4b0ebfda1a01ec05745d43,3f39d5c348e5b79d06e842c114e6cc571583bbf44e4b0ebfda1a01ec05745d43,3f39d5c348e5b79d06e842c114e6cc571583bbf44e4b0ebfda1a01ec05745d43,$,,3f39d5c348e5b79d06e842c114e6cc571583bbf44e4b0ebfda1a01ec05745d43,3f39d5c348e5b79d06e842c114e6cc571583bbf44e4b0ebfda1a01ec05745d43,"{""basis"":""ordered source-target formula atom"",""kind"":""source-target-formula-map""}"
1.1.0,formula,O007-FREMLIN-V2-S265-FORMULA-0300,O007-FREMLIN-V2-S265,O007-RIGHTS-FREMLIN-DSL,O007-FREMLIN-V2-S265-SEG-265E,300,265E,265E,386,382,13513,13518,14240,14245,J>0,J>0,29719683f0f43c36172275c76a9ddd61a37a0ed0bbc011773e379550eb4857c7,29719683f0f43c36172275c76a9ddd61a37a0ed0bbc011773e379550eb4857c7,29719683f0f43c36172275c76a9ddd61a37a0ed0bbc011773e379550eb4857c7,$,,29719683f0f43c36172275c76a9ddd61a37a0ed0bbc011773e379550eb4857c7,29719683f0f43c36172275c76a9ddd61a37a0ed0bbc011773e379550eb4857c7,"{""basis"":""ordered source-target formula atom"",""kind"":""source-target-formula-map""}"
1.1.0,formula,O007-FREMLIN-V2-S265-FORMULA-0301,O007-FREMLIN-V2-S265,O007-RIGHTS-FREMLIN-DSL,O007-FREMLIN-V2-S265-SEG-265E,301,265E,265E,386,382,13533,13536,14270,14273,D,D,3f39d5c348e5b79d06e842c114e6cc571583bbf44e4b0ebfda1a01ec05745d43,3f39d5c348e5b79d06e842c114e6cc571583bbf44e4b0ebfda1a01ec05745d43,3f39d5c348e5b79d06e842c114e6cc571583bbf44e4b0ebfda1a01ec05745d43,$,,3f39d5c348e5b79d06e842c114e6cc571583bbf44e4b0ebfda1a01ec05745d43,3f39d5c348e5b79d06e842c114e6cc571583bbf44e4b0ebfda1a01ec05745d43,"{""basis"":""ordered source-target formula atom"",""kind"":""source-target-formula-map""}"
1.1.0,formula,O007-FREMLIN-V2-S265-FORMULA-0302,O007-FREMLIN-V2-S265,O007-RIGHTS-FREMLIN-DSL,O007-FREMLIN-V2-S265-SEG-265E,302,265E,265E,391,387,13626,13629,14371,14374,D,D,3f39d5c348e5b79d06e842c114e6cc571583bbf44e4b0ebfda1a01ec05745d43,3f39d5c348e5b79d06e842c114e6cc571583bbf44e4b0ebfda1a01ec05745d43,3f39d5c348e5b79d06e842c114e6cc571583bbf44e4b0ebfda1a01ec05745d43,$,,3f39d5c348e5b79d06e842c114e6cc571583bbf44e4b0ebfda1a01ec05745d43,3f39d5c348e5b79d06e842c114e6cc571583bbf44e4b0ebfda1a01ec05745d43,"{""basis"":""ordered source-target formula atom"",""kind"":""source-target-formula-map""}"
1.1.0,formula,O007-FREMLIN-V2-S265-FORMULA-0303,O007-FREMLIN-V2-S265,O007-RIGHTS-FREMLIN-DSL,O007-FREMLIN-V2-S265-SEG-265E,303,265E,265E,392,388,13656,13690,14400,14434,"B_k=B(\tbf{0},k)\subseteq\BbbR^r","B_k=B(\tbf{0},k)\subseteq\BbbR^r",355da64beb3f233b89ff3eb87aa0e3541150b69561cd96b4d81deb68fd9944d0,355da64beb3f233b89ff3eb87aa0e3541150b69561cd96b4d81deb68fd9944d0,355da64beb3f233b89ff3eb87aa0e3541150b69561cd96b4d81deb68fd9944d0,$,,355da64beb3f233b89ff3eb87aa0e3541150b69561cd96b4d81deb68fd9944d0,355da64beb3f233b89ff3eb87aa0e3541150b69561cd96b4d81deb68fd9944d0,"{""basis"":""ordered source-target formula atom"",""kind"":""source-target-formula-map""}"
1.1.0,formula,O007-FREMLIN-V2-S265-FORMULA-0304,O007-FREMLIN-V2-S265,O007-RIGHTS-FREMLIN-DSL,O007-FREMLIN-V2-S265-SEG-265E,304,265E,265E,393,388,13702,13707,14444,14449,J>0,J>0,29719683f0f43c36172275c76a9ddd61a37a0ed0bbc011773e379550eb4857c7,29719683f0f43c36172275c76a9ddd61a37a0ed0bbc011773e379550eb4857c7,29719683f0f43c36172275c76a9ddd61a37a0ed0bbc011773e379550eb4857c7,$,,29719683f0f43c36172275c76a9ddd61a37a0ed0bbc011773e379550eb4857c7,29719683f0f43c36172275c76a9ddd61a37a0ed0bbc011773e379550eb4857c7,"{""basis"":""ordered source-target formula atom"",""kind"":""source-target-formula-map""}"
1.1.0,formula,O007-FREMLIN-V2-S265-FORMULA-0305,O007-FREMLIN-V2-S265,O007-RIGHTS-FREMLIN-DSL,O007-FREMLIN-V2-S265-SEG-265E,305,265E,265E,393,388,13722,13725,14474,14477,D,D,3f39d5c348e5b79d06e842c114e6cc571583bbf44e4b0ebfda1a01ec05745d43,3f39d5c348e5b79d06e842c114e6cc571583bbf44e4b0ebfda1a01ec05745d43,3f39d5c348e5b79d06e842c114e6cc571583bbf44e4b0ebfda1a01ec05745d43,$,,3f39d5c348e5b79d06e842c114e6cc571583bbf44e4b0ebfda1a01ec05745d43,3f39d5c348e5b79d06e842c114e6cc571583bbf44e4b0ebfda1a01ec05745d43,"{""basis"":""ordered source-target formula atom"",""kind"":""source-target-formula-map""}"
1.1.0,formula,O007-FREMLIN-V2-S265-FORMULA-0306,O007-FREMLIN-V2-S265,O007-RIGHTS-FREMLIN-DSL,O007-FREMLIN-V2-S265-SEG-265E,306,265E,265E,395,391,13747,13867,14508,14628,"\nu_r^*\phi[D]
=\lim_{k\to\infty}\nu_r^*\phi[D\cap B_k]
\le\lim_{k\to\infty}\int_{D\cap B_k}J\,d\mu_r
=\int_DJ\,d\mu_r","\nu_r^*\phi[D]
=\lim_{k\to\infty}\nu_r^*\phi[D\cap B_k]
\le\lim_{k\to\infty}\int_{D\cap B_k}J\,d\mu_r
=\int_DJ\,d\mu_r",f61eae4311052314512762a6b6c21314ef35ccbe4dbd2fa4cd590e5f06226c4e,f61eae4311052314512762a6b6c21314ef35ccbe4dbd2fa4cd590e5f06226c4e,508d3f7b993b0311fe6ec4a264a8a024faedcc01df4ddd36d39462e515610d15,$,,508d3f7b993b0311fe6ec4a264a8a024faedcc01df4ddd36d39462e515610d15,508d3f7b993b0311fe6ec4a264a8a024faedcc01df4ddd36d39462e515610d15,"{""basis"":""ordered source-target formula atom"",""kind"":""source-target-formula-map""}"
1.1.0,formula,O007-FREMLIN-V2-S265-FORMULA-0307,O007-FREMLIN-V2-S265,O007-RIGHTS-FREMLIN-DSL,O007-FREMLIN-V2-S265-SEG-265E,307,265E,265E,400,396,13898,13901,14663,14666,D,D,3f39d5c348e5b79d06e842c114e6cc571583bbf44e4b0ebfda1a01ec05745d43,3f39d5c348e5b79d06e842c114e6cc571583bbf44e4b0ebfda1a01ec05745d43,3f39d5c348e5b79d06e842c114e6cc571583bbf44e4b0ebfda1a01ec05745d43,$,,3f39d5c348e5b79d06e842c114e6cc571583bbf44e4b0ebfda1a01ec05745d43,3f39d5c348e5b79d06e842c114e6cc571583bbf44e4b0ebfda1a01ec05745d43,"{""basis"":""ordered source-target formula atom"",""kind"":""source-target-formula-map""}"
1.1.0,formula,O007-FREMLIN-V2-S265-FORMULA-0308,O007-FREMLIN-V2-S265,O007-RIGHTS-FREMLIN-DSL,O007-FREMLIN-V2-S265-SEG-265E,308,265E,265E,400,396,13920,13926,14679,14685,\phi,\phi,10ce0200b450ea955833553e717821c7721818b8a95cffd7e54b46e08918b512,10ce0200b450ea955833553e717821c7721818b8a95cffd7e54b46e08918b512,10ce0200b450ea955833553e717821c7721818b8a95cffd7e54b46e08918b512,$,,10ce0200b450ea955833553e717821c7721818b8a95cffd7e54b46e08918b512,10ce0200b450ea955833553e717821c7721818b8a95cffd7e54b46e08918b512,"{""basis"":""ordered source-target formula atom"",""kind"":""source-target-formula-map""}"
1.1.0,formula,O007-FREMLIN-V2-S265-FORMULA-0309,O007-FREMLIN-V2-S265,O007-RIGHTS-FREMLIN-DSL,O007-FREMLIN-V2-S265-SEG-265E,309,265E,265E,404,401,13979,14009,14747,14777,\nu_r^*\phi[D\setminus D']=0,\nu_r^*\phi[D\setminus D']=0,c84cc84d1f8e142e0568f05a0ed61a69e877b1a04f262b63f3b43b16668688bd,c84cc84d1f8e142e0568f05a0ed61a69e877b1a04f262b63f3b43b16668688bd,5f985a3de936f08969da1a627cdef0e5df8589e45e1958a9a6f2941d4b1ea8c4,$,,5f985a3de936f08969da1a627cdef0e5df8589e45e1958a9a6f2941d4b1ea8c4,5f985a3de936f08969da1a627cdef0e5df8589e45e1958a9a6f2941d4b1ea8c4,"{""basis"":""ordered source-target formula atom"",""kind"":""source-target-formula-map""}"
1.1.0,formula,O007-FREMLIN-V2-S265-FORMULA-0310,O007-FREMLIN-V2-S265,O007-RIGHTS-FREMLIN-DSL,O007-FREMLIN-V2-S265-SEG-265E,310,265E,265E,408,405,14040,14060,14813,14833,"\eta\in\ocint{0,1}","\eta\in\ocint{0,1}",1c8742f5fb966728a6eda2a0da7eaab619b3e48a5b4f3d4381b1af18f7adda21,1c8742f5fb966728a6eda2a0da7eaab619b3e48a5b4f3d4381b1af18f7adda21,1c8742f5fb966728a6eda2a0da7eaab619b3e48a5b4f3d4381b1af18f7adda21,$,,1c8742f5fb966728a6eda2a0da7eaab619b3e48a5b4f3d4381b1af18f7adda21,1c8742f5fb966728a6eda2a0da7eaab619b3e48a5b4f3d4381b1af18f7adda21,"{""basis"":""ordered source-target formula atom"",""kind"":""source-target-formula-map""}"
1.1.0,formula,O007-FREMLIN-V2-S265-FORMULA-0311,O007-FREMLIN-V2-S265,O007-RIGHTS-FREMLIN-DSL,O007-FREMLIN-V2-S265-SEG-265E,311,265E,265E,409,406,14071,14100,14847,14876,\psi_{\eta}:D\to\BbbR^{s+r},\psi_{\eta}:D\to\BbbR^{s+r},2dcb30c6e639a76321b550e0b210c74c16d9634e8c1612935746f9ac5f2e8114,2dcb30c6e639a76321b550e0b210c74c16d9634e8c1612935746f9ac5f2e8114,2dcb30c6e639a76321b550e0b210c74c16d9634e8c1612935746f9ac5f2e8114,$,,2dcb30c6e639a76321b550e0b210c74c16d9634e8c1612935746f9ac5f2e8114,2dcb30c6e639a76321b550e0b210c74c16d9634e8c1612935746f9ac5f2e8114,"{""basis"":""ordered source-target formula atom"",""kind"":""source-target-formula-map""}"
1.1.0,formula,O007-FREMLIN-V2-S265-FORMULA-0312,O007-FREMLIN-V2-S265,O007-RIGHTS-FREMLIN-DSL,O007-FREMLIN-V2-S265-SEG-265E,312,265E,265E,409,407,14112,14145,14895,14928,"\psi_{\eta}(x)=(\phi(x),\eta x)","\psi_{\eta}(x)=(\phi(x),\eta x)",e7074af54097b2b7ab603db30323560fd7f826b982bc2a33451ea75376ca6ee7,e7074af54097b2b7ab603db30323560fd7f826b982bc2a33451ea75376ca6ee7,ca7de9bc2e2f01fe401571883d32bde9eb8af8a1a9f6d21de9ea983a5632028e,$,,ca7de9bc2e2f01fe401571883d32bde9eb8af8a1a9f6d21de9ea983a5632028e,ca7de9bc2e2f01fe401571883d32bde9eb8af8a1a9f6d21de9ea983a5632028e,"{""basis"":""ordered source-target formula atom"",""kind"":""source-target-formula-map""}"
1.1.0,formula,O007-FREMLIN-V2-S265-FORMULA-0313,O007-FREMLIN-V2-S265,O007-RIGHTS-FREMLIN-DSL,O007-FREMLIN-V2-S265-SEG-265E,313,265E,265E,410,407,14159,14172,14950,14963,\BbbR^{s+r},\BbbR^{s+r},9bc3e29921f1cc81c451dd49f07f0789c61734b69a8d24359f84ed1971d6590b,9bc3e29921f1cc81c451dd49f07f0789c61734b69a8d24359f84ed1971d6590b,9bc3e29921f1cc81c451dd49f07f0789c61734b69a8d24359f84ed1971d6590b,$,,9bc3e29921f1cc81c451dd49f07f0789c61734b69a8d24359f84ed1971d6590b,9bc3e29921f1cc81c451dd49f07f0789c61734b69a8d24359f84ed1971d6590b,"{""basis"":""ordered source-target formula atom"",""kind"":""source-target-formula-map""}"
1.1.0,formula,O007-FREMLIN-V2-S265-FORMULA-0314,O007-FREMLIN-V2-S265,O007-RIGHTS-FREMLIN-DSL,O007-FREMLIN-V2-S265-SEG-265E,314,265E,265E,410,408,14178,14200,14971,14993,\BbbR^s\times\BbbR^r,\BbbR^s\times\BbbR^r,8bf9b8bb72276dba9f8b9eecd3ec84a6bc54916d3963f2050923bac2beb130b1,8bf9b8bb72276dba9f8b9eecd3ec84a6bc54916d3963f2050923bac2beb130b1,8bf9b8bb72276dba9f8b9eecd3ec84a6bc54916d3963f2050923bac2beb130b1,$,,8bf9b8bb72276dba9f8b9eecd3ec84a6bc54916d3963f2050923bac2beb130b1,8bf9b8bb72276dba9f8b9eecd3ec84a6bc54916d3963f2050923bac2beb130b1,"{""basis"":""ordered source-target formula atom"",""kind"":""source-target-formula-map""}"
1.1.0,formula,O007-FREMLIN-V2-S265-FORMULA-0315,O007-FREMLIN-V2-S265,O007-RIGHTS-FREMLIN-DSL,O007-FREMLIN-V2-S265-SEG-265E,315,265E,265E,410,408,14204,14217,14995,15008,\psi_{\eta},\psi_{\eta},27f8a22b1fc406e89a2d6761dee0d83a9d7402ad2a803e4b6770eda9ac41027f,27f8a22b1fc406e89a2d6761dee0d83a9d7402ad2a803e4b6770eda9ac41027f,27f8a22b1fc406e89a2d6761dee0d83a9d7402ad2a803e4b6770eda9ac41027f,$,,27f8a22b1fc406e89a2d6761dee0d83a9d7402ad2a803e4b6770eda9ac41027f,27f8a22b1fc406e89a2d6761dee0d83a9d7402ad2a803e4b6770eda9ac41027f,"{""basis"":""ordered source-target formula atom"",""kind"":""source-target-formula-map""}"
1.1.0,formula,O007-FREMLIN-V2-S265-FORMULA-0316,O007-FREMLIN-V2-S265,O007-RIGHTS-FREMLIN-DSL,O007-FREMLIN-V2-S265-SEG-265E,316,265E,265E,411,409,14276,14279,15078,15081,D,D,3f39d5c348e5b79d06e842c114e6cc571583bbf44e4b0ebfda1a01ec05745d43,3f39d5c348e5b79d06e842c114e6cc571583bbf44e4b0ebfda1a01ec05745d43,3f39d5c348e5b79d06e842c114e6cc571583bbf44e4b0ebfda1a01ec05745d43,$,,3f39d5c348e5b79d06e842c114e6cc571583bbf44e4b0ebfda1a01ec05745d43,3f39d5c348e5b79d06e842c114e6cc571583bbf44e4b0ebfda1a01ec05745d43,"{""basis"":""ordered source-target formula atom"",""kind"":""source-target-formula-map""}"
1.1.0,formula,O007-FREMLIN-V2-S265-FORMULA-0317,O007-FREMLIN-V2-S265,O007-RIGHTS-FREMLIN-DSL,O007-FREMLIN-V2-S265-SEG-265E,317,265E,265E,412,410,14297,14317,15098,15118,\tilde T_{\eta}(x),\tilde T_{\eta}(x),a16d343f1954a427b40b7472246fb92969ea2dadb8a6b2d5e3ff01c410309ece,a16d343f1954a427b40b7472246fb92969ea2dadb8a6b2d5e3ff01c410309ece,ecfcb600421a3017dea6b861d7bef88868894ffe2bbf8149811f76a315d58982,$,,ecfcb600421a3017dea6b861d7bef88868894ffe2bbf8149811f76a315d58982,ecfcb600421a3017dea6b861d7bef88868894ffe2bbf8149811f76a315d58982,"{""basis"":""ordered source-target formula atom"",""kind"":""source-target-formula-map""}"
1.1.0,formula,O007-FREMLIN-V2-S265-FORMULA-0318,O007-FREMLIN-V2-S265,O007-RIGHTS-FREMLIN-DSL,O007-FREMLIN-V2-S265-SEG-265E,318,265E,265E,412,410,14329,14344,15134,15149,(s+r)\times r,(s+r)\times r,014e8c51192ca3b284f3d11cc0c93aea581770559ef268eb24db0c031cdf0ffe,014e8c51192ca3b284f3d11cc0c93aea581770559ef268eb24db0c031cdf0ffe,94bf4710699f83d8c5f3184dce25d7473a69e089278c6f7b5e77740ee8cff8ba,$,,94bf4710699f83d8c5f3184dce25d7473a69e089278c6f7b5e77740ee8cff8ba,94bf4710699f83d8c5f3184dce25d7473a69e089278c6f7b5e77740ee8cff8ba,"{""basis"":""ordered source-target formula atom"",""kind"":""source-target-formula-map""}"
1.1.0,formula,O007-FREMLIN-V2-S265-FORMULA-0319,O007-FREMLIN-V2-S265,O007-RIGHTS-FREMLIN-DSL,O007-FREMLIN-V2-S265-SEG-265E,319,265E,265E,413,410,14369,14372,15155,15158,s,s,043a718774c572bd8a25adbeb1bfcd5c0256ae11cecf9f9c3f925d0e52beaf89,043a718774c572bd8a25adbeb1bfcd5c0256ae11cecf9f9c3f925d0e52beaf89,043a718774c572bd8a25adbeb1bfcd5c0256ae11cecf9f9c3f925d0e52beaf89,$,,043a718774c572bd8a25adbeb1bfcd5c0256ae11cecf9f9c3f925d0e52beaf89,043a718774c572bd8a25adbeb1bfcd5c0256ae11cecf9f9c3f925d0e52beaf89,"{""basis"":""ordered source-target formula atom"",""kind"":""source-target-formula-map""}"
1.1.0,formula,O007-FREMLIN-V2-S265-FORMULA-0320,O007-FREMLIN-V2-S265,O007-RIGHTS-FREMLIN-DSL,O007-FREMLIN-V2-S265-SEG-265E,320,265E,265E,413,411,14393,14404,15194,15205,s\times r,s\times r,5b8faa3f3a53e3fd999980f2733db97c06c336e3307055f98839effee93567e2,5b8faa3f3a53e3fd999980f2733db97c06c336e3307055f98839effee93567e2,8d324e5b67828b33b22c560bdce540b90196231865b8e7532a1c1318ac39f193,$,,8d324e5b67828b33b22c560bdce540b90196231865b8e7532a1c1318ac39f193,8d324e5b67828b33b22c560bdce540b90196231865b8e7532a1c1318ac39f193,"{""basis"":""ordered source-target formula atom"",""kind"":""source-target-formula-map""}"
1.1.0,formula,O007-FREMLIN-V2-S265-FORMULA-0321,O007-FREMLIN-V2-S265,O007-RIGHTS-FREMLIN-DSL,O007-FREMLIN-V2-S265-SEG-265E,321,265E,265E,413,411,14412,14418,15206,15212,T(x),T(x),1165c59bb9054e7ba04d42c67986abc5aaf662e9dae09a67b4a776451d150ac2,1165c59bb9054e7ba04d42c67986abc5aaf662e9dae09a67b4a776451d150ac2,1165c59bb9054e7ba04d42c67986abc5aaf662e9dae09a67b4a776451d150ac2,$,,1165c59bb9054e7ba04d42c67986abc5aaf662e9dae09a67b4a776451d150ac2,1165c59bb9054e7ba04d42c67986abc5aaf662e9dae09a67b4a776451d150ac2,"{""basis"":""ordered source-target formula atom"",""kind"":""source-target-formula-map""}"
1.1.0,formula,O007-FREMLIN-V2-S265-FORMULA-0322,O007-FREMLIN-V2-S265,O007-RIGHTS-FREMLIN-DSL,O007-FREMLIN-V2-S265-SEG-265E,322,265E,265E,414,411,14435,14438,15218,15221,r,r,454349e422f05297191ead13e21d3db520e5abef52055e4964b82fb213f593a1,454349e422f05297191ead13e21d3db520e5abef52055e4964b82fb213f593a1,454349e422f05297191ead13e21d3db520e5abef52055e4964b82fb213f593a1,$,,454349e422f05297191ead13e21d3db520e5abef52055e4964b82fb213f593a1,454349e422f05297191ead13e21d3db520e5abef52055e4964b82fb213f593a1,"{""basis"":""ordered source-target formula atom"",""kind"":""source-target-formula-map""}"
1.1.0,formula,O007-FREMLIN-V2-S265-FORMULA-0323,O007-FREMLIN-V2-S265,O007-RIGHTS-FREMLIN-DSL,O007-FREMLIN-V2-S265-SEG-265E,323,265E,265E,414,412,14448,14458,15244,15254,\eta I_r,\eta I_r,faf1da8c8900811ae7a580acd0296738c27a0fc50023a0b03c66918f295933ab,faf1da8c8900811ae7a580acd0296738c27a0fc50023a0b03c66918f295933ab,f78e5a811c961d95c719dff4465fe5df0941128b83133f623fac6ac251454e66,$,,f78e5a811c961d95c719dff4465fe5df0941128b83133f623fac6ac251454e66,f78e5a811c961d95c719dff4465fe5df0941128b83133f623fac6ac251454e66,"{""basis"":""ordered source-target formula atom"",""kind"":""source-target-formula-map""}"
1.1.0,formula,O007-FREMLIN-V2-S265-FORMULA-0324,O007-FREMLIN-V2-S265,O007-RIGHTS-FREMLIN-DSL,O007-FREMLIN-V2-S265-SEG-265E,324,265E,265E,414,412,14468,14473,15263,15268,I_r,I_r,e9855187f190ff7022f2b730d9db1d90c26baf605db697a1b3ca928313dae0b9,e9855187f190ff7022f2b730d9db1d90c26baf605db697a1b3ca928313dae0b9,e9855187f190ff7022f2b730d9db1d90c26baf605db697a1b3ca928313dae0b9,$,,e9855187f190ff7022f2b730d9db1d90c26baf605db697a1b3ca928313dae0b9,e9855187f190ff7022f2b730d9db1d90c26baf605db697a1b3ca928313dae0b9,"{""basis"":""ordered source-target formula atom"",""kind"":""source-target-formula-map""}"
1.1.0,formula,O007-FREMLIN-V2-S265-FORMULA-0325,O007-FREMLIN-V2-S265,O007-RIGHTS-FREMLIN-DSL,O007-FREMLIN-V2-S265-SEG-265E,325,265E,265E,414,412,14482,14493,15287,15298,r\times r,r\times r,9ee1ac0dea32efb0e12f4547c26a3ca0c1286f660c0d7814320dcca70fc8a3e5,9ee1ac0dea32efb0e12f4547c26a3ca0c1286f660c0d7814320dcca70fc8a3e5,0beaf518c84db75843bc5b6d53866f1a11b33be1bfee919b37481ebf013af9a1,$,,0beaf518c84db75843bc5b6d53866f1a11b33be1bfee919b37481ebf013af9a1,0beaf518c84db75843bc5b6d53866f1a11b33be1bfee919b37481ebf013af9a1,"{""basis"":""ordered source-target formula atom"",""kind"":""source-target-formula-map""}"
1.1.0,formula,O007-FREMLIN-V2-S265-FORMULA-0326,O007-FREMLIN-V2-S265,O007-RIGHTS-FREMLIN-DSL,O007-FREMLIN-V2-S265-SEG-265E,326,265E,265E,415,413,14542,14562,15328,15348,\tilde T_{\eta}(x),\tilde T_{\eta}(x),a16d343f1954a427b40b7472246fb92969ea2dadb8a6b2d5e3ff01c410309ece,a16d343f1954a427b40b7472246fb92969ea2dadb8a6b2d5e3ff01c410309ece,ecfcb600421a3017dea6b861d7bef88868894ffe2bbf8149811f76a315d58982,$,,ecfcb600421a3017dea6b861d7bef88868894ffe2bbf8149811f76a315d58982,ecfcb600421a3017dea6b861d7bef88868894ffe2bbf8149811f76a315d58982,"{""basis"":""ordered source-target formula atom"",""kind"":""source-target-formula-map""}"
1.1.0,formula,O007-FREMLIN-V2-S265-FORMULA-0327,O007-FREMLIN-V2-S265,O007-RIGHTS-FREMLIN-DSL,O007-FREMLIN-V2-S265-SEG-265E,327,265E,265E,416,414,14587,14596,15382,15391,\BbbR^r,\BbbR^r,6a5173578402ab704fe0e78c24a3f6f09fe9ed2c7ea0fbe574d688249eb91ed7,6a5173578402ab704fe0e78c24a3f6f09fe9ed2c7ea0fbe574d688249eb91ed7,6a5173578402ab704fe0e78c24a3f6f09fe9ed2c7ea0fbe574d688249eb91ed7,$,,6a5173578402ab704fe0e78c24a3f6f09fe9ed2c7ea0fbe574d688249eb91ed7,6a5173578402ab704fe0e78c24a3f6f09fe9ed2c7ea0fbe574d688249eb91ed7,"{""basis"":""ordered source-target formula atom"",""kind"":""source-target-formula-map""}"
1.1.0,formula,O007-FREMLIN-V2-S265-FORMULA-0328,O007-FREMLIN-V2-S265,O007-RIGHTS-FREMLIN-DSL,O007-FREMLIN-V2-S265-SEG-265E,328,265E,265E,416,414,14600,14613,15395,15408,\BbbR^{s+r},\BbbR^{s+r},9bc3e29921f1cc81c451dd49f07f0789c61734b69a8d24359f84ed1971d6590b,9bc3e29921f1cc81c451dd49f07f0789c61734b69a8d24359f84ed1971d6590b,9bc3e29921f1cc81c451dd49f07f0789c61734b69a8d24359f84ed1971d6590b,$,,9bc3e29921f1cc81c451dd49f07f0789c61734b69a8d24359f84ed1971d6590b,9bc3e29921f1cc81c451dd49f07f0789c61734b69a8d24359f84ed1971d6590b,"{""basis"":""ordered source-target formula atom"",""kind"":""source-target-formula-map""}"
1.1.0,formula,O007-FREMLIN-V2-S265-FORMULA-0329,O007-FREMLIN-V2-S265,O007-RIGHTS-FREMLIN-DSL,O007-FREMLIN-V2-S265-SEG-265E,329,265E,265E,418,416,14645,14757,15442,15554,"\tilde J_{\eta}(x)
=\sqrt{\det\tilde T_{\eta}(x)\trs \tilde T_{\eta}(x)}
=\sqrt{\det(T(x)\trs T(x)+\eta^2I)}>0","\tilde J_{\eta}(x)
=\sqrt{\det\tilde T_{\eta}(x)\trs \tilde T_{\eta}(x)}
=\sqrt{\det(T(x)\trs T(x)+\eta^2I)}>0",d81f03a600e20886eecb22b760d1bef627faeb054d7e20e38f017a67ef49eef7,d81f03a600e20886eecb22b760d1bef627faeb054d7e20e38f017a67ef49eef7,777774926bdb7d42378233d8c35117ac660c8562897e208e7e52e07535f5cf1f,$,,777774926bdb7d42378233d8c35117ac660c8562897e208e7e52e07535f5cf1f,777774926bdb7d42378233d8c35117ac660c8562897e208e7e52e07535f5cf1f,"{""basis"":""ordered source-target formula atom"",""kind"":""source-target-formula-map""}"
1.1.0,formula,O007-FREMLIN-V2-S265-FORMULA-0330,O007-FREMLIN-V2-S265,O007-RIGHTS-FREMLIN-DSL,O007-FREMLIN-V2-S265-SEG-265E,330,265E,265E,422,421,14781,14831,15583,15633,\lim_{\eta\downarrow 0}\tilde J_{\eta}(x)=J(x)=0,\lim_{\eta\downarrow 0}\tilde J_{\eta}(x)=J(x)=0,a4af5bea8c1ca4c8bc30208735f7c8ce3d22414f501ac30623356dd8244608e9,a4af5bea8c1ca4c8bc30208735f7c8ce3d22414f501ac30623356dd8244608e9,91e93919e4d0776a06877a976fa610e7122801fbbbcaa04027f2097054e13381,$,,91e93919e4d0776a06877a976fa610e7122801fbbbcaa04027f2097054e13381,91e93919e4d0776a06877a976fa610e7122801fbbbcaa04027f2097054e13381,"{""basis"":""ordered source-target formula atom"",""kind"":""source-target-formula-map""}"
1.1.0,formula,O007-FREMLIN-V2-S265-FORMULA-0331,O007-FREMLIN-V2-S265,O007-RIGHTS-FREMLIN-DSL,O007-FREMLIN-V2-S265-SEG-265E,331,265E,265E,423,422,14836,14856,15640,15660,x\in D\setminus D',x\in D\setminus D',69ddd16ac18afffbea155fadb218c86200bc0fa6496f10a1aa49ead9a24827fc,69ddd16ac18afffbea155fadb218c86200bc0fa6496f10a1aa49ead9a24827fc,84db610932a35c7d9e2f47cbb2781b8fb11b0bf0d411603f5305da680c5890fe,$,,84db610932a35c7d9e2f47cbb2781b8fb11b0bf0d411603f5305da680c5890fe,84db610932a35c7d9e2f47cbb2781b8fb11b0bf0d411603f5305da680c5890fe,"{""basis"":""ordered source-target formula atom"",""kind"":""source-target-formula-map""}"
1.1.0,formula,O007-FREMLIN-V2-S265-FORMULA-0332,O007-FREMLIN-V2-S265,O007-RIGHTS-FREMLIN-DSL,O007-FREMLIN-V2-S265-SEG-265E,332,265E,265E,427,426,14892,14898,15697,15703,T(x),T(x),1165c59bb9054e7ba04d42c67986abc5aaf662e9dae09a67b4a776451d150ac2,1165c59bb9054e7ba04d42c67986abc5aaf662e9dae09a67b4a776451d150ac2,1165c59bb9054e7ba04d42c67986abc5aaf662e9dae09a67b4a776451d150ac2,$,,1165c59bb9054e7ba04d42c67986abc5aaf662e9dae09a67b4a776451d150ac2,1165c59bb9054e7ba04d42c67986abc5aaf662e9dae09a67b4a776451d150ac2,"{""basis"":""ordered source-target formula atom"",""kind"":""source-target-formula-map""}"
1.1.0,formula,O007-FREMLIN-V2-S265-FORMULA-0333,O007-FREMLIN-V2-S265,O007-RIGHTS-FREMLIN-DSL,O007-FREMLIN-V2-S265-SEG-265E,333,265E,265E,428,427,14902,14946,15712,15756,"\langle\tau_{ij}(x)\rangle_{i\le s,j\le r}","\langle\tau_{ij}(x)\rangle_{i\le s,j\le r}",a4ee4014e0cb0837e741971c6877ab40a39196259453c71aa602d1eed28f76c1,a4ee4014e0cb0837e741971c6877ab40a39196259453c71aa602d1eed28f76c1,52e7206f72f0f0d63ba96e5352be188cc4c3b0e999b55c384acba54b62c6a995,$,,52e7206f72f0f0d63ba96e5352be188cc4c3b0e999b55c384acba54b62c6a995,52e7206f72f0f0d63ba96e5352be188cc4c3b0e999b55c384acba54b62c6a995,"{""basis"":""ordered source-target formula atom"",""kind"":""source-target-formula-map""}"
1.1.0,formula,O007-FREMLIN-V2-S265-FORMULA-0334,O007-FREMLIN-V2-S265,O007-RIGHTS-FREMLIN-DSL,O007-FREMLIN-V2-S265-SEG-265E,334,265E,265E,428,427,14956,14964,15770,15778,x\in D,x\in D,0cafff6d90bae55b0f35519bd070c867cf69022bfe6eb57f4ac0bb6ce2cfbd01,0cafff6d90bae55b0f35519bd070c867cf69022bfe6eb57f4ac0bb6ce2cfbd01,02660a526ff739e877b2593af5302507a9ff0fe767c3c51b1239ff488215ee23,$,,02660a526ff739e877b2593af5302507a9ff0fe767c3c51b1239ff488215ee23,02660a526ff739e877b2593af5302507a9ff0fe767c3c51b1239ff488215ee23,"{""basis"":""ordered source-target formula atom"",""kind"":""source-target-formula-map""}"
1.1.0,formula,O007-FREMLIN-V2-S265-FORMULA-0335,O007-FREMLIN-V2-S265,O007-RIGHTS-FREMLIN-DSL,O007-FREMLIN-V2-S265-SEG-265E,335,265E,265E,430,430,14985,15036,15802,15853,"C_m=\{x:x\in D,\,\|x\|\le m,\,|\tau_{ij}(x)|\le m","C_m=\{x:x\in D,\,\|x\|\le m,\,|\tau_{ij}(x)|\le m",b60a4345af34a1c87bc09369de74450ac9a42a034dfb618fccc26cc95b7ed02a,b60a4345af34a1c87bc09369de74450ac9a42a034dfb618fccc26cc95b7ed02a,06afa3b136b846370b21aa0b59feb0b53da6edc28ff01f26ebf5e3001fe909e4,$,,06afa3b136b846370b21aa0b59feb0b53da6edc28ff01f26ebf5e3001fe909e4,06afa3b136b846370b21aa0b59feb0b53da6edc28ff01f26ebf5e3001fe909e4,"{""basis"":""ordered source-target formula atom"",""kind"":""source-target-formula-map""}"
1.1.0,formula,O007-FREMLIN-V2-S265-FORMULA-0336,O007-FREMLIN-V2-S265,O007-RIGHTS-FREMLIN-DSL,O007-FREMLIN-V2-S265-SEG-265E,336,265E,265E,431,431,15045,15064,15866,15885,"i\le s,\,j\le r\}","i\le s,\,j\le r\}",febee2094672532430bfe962d9164ca14f49ff2b87ca7554d5d90c0f87841fa3,febee2094672532430bfe962d9164ca14f49ff2b87ca7554d5d90c0f87841fa3,36e53e8964aa4512ff91c7e4cfc89557f12576e50ea65d746ab14f09306dbd55,$,,36e53e8964aa4512ff91c7e4cfc89557f12576e50ea65d746ab14f09306dbd55,36e53e8964aa4512ff91c7e4cfc89557f12576e50ea65d746ab14f09306dbd55,"{""basis"":""ordered source-target formula atom"",""kind"":""source-target-formula-map""}"
1.1.0,formula,O007-FREMLIN-V2-S265-FORMULA-0337,O007-FREMLIN-V2-S265,O007-RIGHTS-FREMLIN-DSL,O007-FREMLIN-V2-S265-SEG-265E,337,265E,265E,433,433,15086,15094,15911,15919,m\ge 1,m\ge 1,58af4d11097bb73b26c61aada7d46185512c0d986963b04f59920c78b54ddca1,58af4d11097bb73b26c61aada7d46185512c0d986963b04f59920c78b54ddca1,50887f0ae25252e1e918ab7399414b934f06f5e545033a2bb4347f2e22b82639,$,,50887f0ae25252e1e918ab7399414b934f06f5e545033a2bb4347f2e22b82639,50887f0ae25252e1e918ab7399414b934f06f5e545033a2bb4347f2e22b82639,"{""basis"":""ordered source-target formula atom"",""kind"":""source-target-formula-map""}"
1.1.0,formula,O007-FREMLIN-V2-S265-FORMULA-0338,O007-FREMLIN-V2-S265,O007-RIGHTS-FREMLIN-DSL,O007-FREMLIN-V2-S265-SEG-265E,338,265E,265E,433,433,15102,15112,15927,15937,x\in C_m,x\in C_m,0f1f04eb3d588982ebfa8558420880957b4e76dfd73bc3caed107b4ec52f4c3f,0f1f04eb3d588982ebfa8558420880957b4e76dfd73bc3caed107b4ec52f4c3f,de6b6280c9fa56188a16f54f84e15777d06cdcb6b2758a39201c2e6bb758ce53,$,,de6b6280c9fa56188a16f54f84e15777d06cdcb6b2758a39201c2e6bb758ce53,de6b6280c9fa56188a16f54f84e15777d06cdcb6b2758a39201c2e6bb758ce53,"{""basis"":""ordered source-target formula atom"",""kind"":""source-target-formula-map""}"
1.1.0,formula,O007-FREMLIN-V2-S265-FORMULA-0339,O007-FREMLIN-V2-S265,O007-RIGHTS-FREMLIN-DSL,O007-FREMLIN-V2-S265-SEG-265E,339,265E,265E,434,434,15138,15158,15955,15975,\tilde T_{\eta}(x),\tilde T_{\eta}(x),a16d343f1954a427b40b7472246fb92969ea2dadb8a6b2d5e3ff01c410309ece,a16d343f1954a427b40b7472246fb92969ea2dadb8a6b2d5e3ff01c410309ece,ecfcb600421a3017dea6b861d7bef88868894ffe2bbf8149811f76a315d58982,$,,ecfcb600421a3017dea6b861d7bef88868894ffe2bbf8149811f76a315d58982,ecfcb600421a3017dea6b861d7bef88868894ffe2bbf8149811f76a315d58982,"{""basis"":""ordered source-target formula atom"",""kind"":""source-target-formula-map""}"
1.1.0,formula,O007-FREMLIN-V2-S265-FORMULA-0340,O007-FREMLIN-V2-S265,O007-RIGHTS-FREMLIN-DSL,O007-FREMLIN-V2-S265-SEG-265E,340,265E,265E,434,434,15179,15182,16007,16010,m,m,62c66a7a5dd70c3146618063c344e531e6d4b59e379808443ce962b3abd63c5a,62c66a7a5dd70c3146618063c344e531e6d4b59e379808443ce962b3abd63c5a,62c66a7a5dd70c3146618063c344e531e6d4b59e379808443ce962b3abd63c5a,$,,62c66a7a5dd70c3146618063c344e531e6d4b59e379808443ce962b3abd63c5a,62c66a7a5dd70c3146618063c344e531e6d4b59e379808443ce962b3abd63c5a,"{""basis"":""ordered source-target formula atom"",""kind"":""source-target-formula-map""}"
1.1.0,formula,O007-FREMLIN-V2-S265-FORMULA-0341,O007-FREMLIN-V2-S265,O007-RIGHTS-FREMLIN-DSL,O007-FREMLIN-V2-S265-SEG-265E,341,265E,265E,436,436,15287,15330,16106,16149,\tilde T_{\eta}(x)\trs \tilde T_{\eta}(x),\tilde T_{\eta}(x)\trs \tilde T_{\eta}(x),4cbd9dce018213109d2f457770f99207fa8764d10a255b752d4dd27dbf56e3e4,4cbd9dce018213109d2f457770f99207fa8764d10a255b752d4dd27dbf56e3e4,bb7ca0e4ccba708ad0e4ec536f7b086dbe97dd3d404498a6bfbaba835730cfbc,$,,bb7ca0e4ccba708ad0e4ec536f7b086dbe97dd3d404498a6bfbaba835730cfbc,bb7ca0e4ccba708ad0e4ec536f7b086dbe97dd3d404498a6bfbaba835730cfbc,"{""basis"":""ordered source-target formula atom"",""kind"":""source-target-formula-map""}"
1.1.0,formula,O007-FREMLIN-V2-S265-FORMULA-0342,O007-FREMLIN-V2-S265,O007-RIGHTS-FREMLIN-DSL,O007-FREMLIN-V2-S265-SEG-265E,342,265E,265E,437,437,15351,15361,16181,16191,(r+s)m^2,(r+s)m^2,b78da5dbf6379c20b693b26fb02dbf7f3846bf3314d4ff35caaeba6ea79da29c,b78da5dbf6379c20b693b26fb02dbf7f3846bf3314d4ff35caaeba6ea79da29c,b78da5dbf6379c20b693b26fb02dbf7f3846bf3314d4ff35caaeba6ea79da29c,$,,b78da5dbf6379c20b693b26fb02dbf7f3846bf3314d4ff35caaeba6ea79da29c,b78da5dbf6379c20b693b26fb02dbf7f3846bf3314d4ff35caaeba6ea79da29c,"{""basis"":""ordered source-target formula atom"",""kind"":""source-target-formula-map""}"
1.1.0,formula,O007-FREMLIN-V2-S265-FORMULA-0343,O007-FREMLIN-V2-S265,O007-RIGHTS-FREMLIN-DSL,O007-FREMLIN-V2-S265-SEG-265E,343,265E,265E,437,438,15366,15408,16196,16238,\tilde J_{\eta}(x)\le\sqrt{r!(s+r)^r}m^r,\tilde J_{\eta}(x)\le\sqrt{r!(s+r)^r}m^r,e9c92d4b10eb432586c6e2a02e651fb7ce8ccf1595fa614bdde7c3dce148f693,e9c92d4b10eb432586c6e2a02e651fb7ce8ccf1595fa614bdde7c3dce148f693,dedf465f0c19175a16edf2320ed7091468e9dd973febd91bb8f84b8b870575a8,$,,dedf465f0c19175a16edf2320ed7091468e9dd973febd91bb8f84b8b870575a8,dedf465f0c19175a16edf2320ed7091468e9dd973febd91bb8f84b8b870575a8,"{""basis"":""ordered source-target formula atom"",""kind"":""source-target-formula-map""}"
1.1.0,formula,O007-FREMLIN-V2-S265-FORMULA-0344,O007-FREMLIN-V2-S265,O007-RIGHTS-FREMLIN-DSL,O007-FREMLIN-V2-S265-SEG-265E,344,265E,265E,441,441,15500,15570,16348,16418,"\lim_{\eta\downarrow 0}\int_{C_m\setminus D'}\tilde
J_{\eta}d\mu_r=0","\lim_{\eta\downarrow 0}\int_{C_m\setminus D'}\tilde
J_{\eta}d\mu_r=0",3066ad7b3cea2e06238f6e8c400264cbacb661fb10e3ba84d4912f09d87e110a,3066ad7b3cea2e06238f6e8c400264cbacb661fb10e3ba84d4912f09d87e110a,d68eed8e64badf744fc15cb7da20c5b04f080384861324305c8a4965d6841945,$,,d68eed8e64badf744fc15cb7da20c5b04f080384861324305c8a4965d6841945,d68eed8e64badf744fc15cb7da20c5b04f080384861324305c8a4965d6841945,"{""basis"":""ordered source-target formula atom"",""kind"":""source-target-formula-map""}"
1.1.0,formula,O007-FREMLIN-V2-S265-FORMULA-0345,O007-FREMLIN-V2-S265,O007-RIGHTS-FREMLIN-DSL,O007-FREMLIN-V2-S265-SEG-265E,345,265E,265E,446,446,15603,15616,16456,16469,\tilde\nu_r,\tilde\nu_r,095a7327d206b5c1ed5ac97667884ba31d6bffde1939a811539a0b869a234fcc,095a7327d206b5c1ed5ac97667884ba31d6bffde1939a811539a0b869a234fcc,095a7327d206b5c1ed5ac97667884ba31d6bffde1939a811539a0b869a234fcc,$,,095a7327d206b5c1ed5ac97667884ba31d6bffde1939a811539a0b869a234fcc,095a7327d206b5c1ed5ac97667884ba31d6bffde1939a811539a0b869a234fcc,"{""basis"":""ordered source-target formula atom"",""kind"":""source-target-formula-map""}"
1.1.0,formula,O007-FREMLIN-V2-S265-FORMULA-0346,O007-FREMLIN-V2-S265,O007-RIGHTS-FREMLIN-DSL,O007-FREMLIN-V2-S265-SEG-265E,346,265E,265E,447,447,15641,15644,16520,16523,r,r,454349e422f05297191ead13e21d3db520e5abef52055e4964b82fb213f593a1,454349e422f05297191ead13e21d3db520e5abef52055e4964b82fb213f593a1,454349e422f05297191ead13e21d3db520e5abef52055e4964b82fb213f593a1,$,,454349e422f05297191ead13e21d3db520e5abef52055e4964b82fb213f593a1,454349e422f05297191ead13e21d3db520e5abef52055e4964b82fb213f593a1,"{""basis"":""ordered source-target formula atom"",""kind"":""source-target-formula-map""}"
1.1.0,formula,O007-FREMLIN-V2-S265-FORMULA-0347,O007-FREMLIN-V2-S265,O007-RIGHTS-FREMLIN-DSL,O007-FREMLIN-V2-S265-SEG-265E,347,265E,265E,447,447,15668,15681,16529,16542,\BbbR^{s+r},\BbbR^{s+r},9bc3e29921f1cc81c451dd49f07f0789c61734b69a8d24359f84ed1971d6590b,9bc3e29921f1cc81c451dd49f07f0789c61734b69a8d24359f84ed1971d6590b,9bc3e29921f1cc81c451dd49f07f0789c61734b69a8d24359f84ed1971d6590b,$,,9bc3e29921f1cc81c451dd49f07f0789c61734b69a8d24359f84ed1971d6590b,9bc3e29921f1cc81c451dd49f07f0789c61734b69a8d24359f84ed1971d6590b,"{""basis"":""ordered source-target formula atom"",""kind"":""source-target-formula-map""}"
1.1.0,formula,O007-FREMLIN-V2-S265-FORMULA-0348,O007-FREMLIN-V2-S265,O007-RIGHTS-FREMLIN-DSL,O007-FREMLIN-V2-S265-SEG-265E,348,265E,265E,448,448,15715,15750,16588,16623,\psi_{\eta}\restr C_m\setminus D',\psi_{\eta}\restr C_m\setminus D',d4d06e052b5135169ec6b1b520461cb89c51ac394f969078abbc4af387ed900c,d4d06e052b5135169ec6b1b520461cb89c51ac394f969078abbc4af387ed900c,fdc04a226f0050fa6a11fc8349d1bab44325e8851057e522bf1d257ab0672b16,$,,fdc04a226f0050fa6a11fc8349d1bab44325e8851057e522bf1d257ab0672b16,fdc04a226f0050fa6a11fc8349d1bab44325e8851057e522bf1d257ab0672b16,"{""basis"":""ordered source-target formula atom"",""kind"":""source-target-formula-map""}"
1.1.0,formula,O007-FREMLIN-V2-S265-FORMULA-0349,O007-FREMLIN-V2-S265,O007-RIGHTS-FREMLIN-DSL,O007-FREMLIN-V2-S265-SEG-265E,349,265E,265E,450,451,15777,15867,16657,16747,"\tilde\nu_r^*\psi_{\eta}[C_m\setminus D']
\le\int_{C_m\setminus D'}\tilde J_{\eta}d\mu_r","\tilde\nu_r^*\psi_{\eta}[C_m\setminus D']
\le\int_{C_m\setminus D'}\tilde J_{\eta}d\mu_r",9f27c16b353a82276520336a05d1d8782751751dd42c420ed8469cf8fabd4dee,9f27c16b353a82276520336a05d1d8782751751dd42c420ed8469cf8fabd4dee,65a83bdb95139536d4303c3ea61c25dca3e883532e1230cee35070e22ee6f94c,$,,65a83bdb95139536d4303c3ea61c25dca3e883532e1230cee35070e22ee6f94c,65a83bdb95139536d4303c3ea61c25dca3e883532e1230cee35070e22ee6f94c,"{""basis"":""ordered source-target formula atom"",""kind"":""source-target-formula-map""}"
1.1.0,formula,O007-FREMLIN-V2-S265-FORMULA-0350,O007-FREMLIN-V2-S265,O007-RIGHTS-FREMLIN-DSL,O007-FREMLIN-V2-S265-SEG-265E,350,265E,265E,453,455,15907,15932,16800,16825,P:\BbbR^{s+r}\to\BbbR^s,P:\BbbR^{s+r}\to\BbbR^s,e90b38731c6a7e1036ca557629d2fc14108034cc114744d5397c4590c34f1801,e90b38731c6a7e1036ca557629d2fc14108034cc114744d5397c4590c34f1801,e90b38731c6a7e1036ca557629d2fc14108034cc114744d5397c4590c34f1801,$,,e90b38731c6a7e1036ca557629d2fc14108034cc114744d5397c4590c34f1801,e90b38731c6a7e1036ca557629d2fc14108034cc114744d5397c4590c34f1801,"{""basis"":""ordered source-target formula atom"",""kind"":""source-target-formula-map""}"
1.1.0,formula,O007-FREMLIN-V2-S265-FORMULA-0351,O007-FREMLIN-V2-S265,O007-RIGHTS-FREMLIN-DSL,O007-FREMLIN-V2-S265-SEG-265E,351,265E,265E,454,456,15950,15998,16859,16907,"P(\xi_1,\ldots,\xi_{s+r})=(\xi_1,\ldots,\xi_s)","P(\xi_1,\ldots,\xi_{s+r})=(\xi_1,\ldots,\xi_s)",6dd352dc6e599a31a22d723edddfb1b20fda25538a6fa03bd77e1395e8c0abe4,6dd352dc6e599a31a22d723edddfb1b20fda25538a6fa03bd77e1395e8c0abe4,6dd352dc6e599a31a22d723edddfb1b20fda25538a6fa03bd77e1395e8c0abe4,$,,6dd352dc6e599a31a22d723edddfb1b20fda25538a6fa03bd77e1395e8c0abe4,6dd352dc6e599a31a22d723edddfb1b20fda25538a6fa03bd77e1395e8c0abe4,"{""basis"":""ordered source-target formula atom"",""kind"":""source-target-formula-map""}"
1.1.0,formula,O007-FREMLIN-V2-S265-FORMULA-0352,O007-FREMLIN-V2-S265,O007-RIGHTS-FREMLIN-DSL,O007-FREMLIN-V2-S265-SEG-265E,352,265E,265E,454,456,16004,16007,16913,16916,P,P,5c62e091b8c0565f1bafad0dad5934276143ae2ccef7a5381e8ada5b1a8d26d2,5c62e091b8c0565f1bafad0dad5934276143ae2ccef7a5381e8ada5b1a8d26d2,5c62e091b8c0565f1bafad0dad5934276143ae2ccef7a5381e8ada5b1a8d26d2,$,,5c62e091b8c0565f1bafad0dad5934276143ae2ccef7a5381e8ada5b1a8d26d2,5c62e091b8c0565f1bafad0dad5934276143ae2ccef7a5381e8ada5b1a8d26d2,"{""basis"":""ordered source-target formula atom"",""kind"":""source-target-formula-map""}"
1.1.0,formula,O007-FREMLIN-V2-S265-FORMULA-0353,O007-FREMLIN-V2-S265,O007-RIGHTS-FREMLIN-DSL,O007-FREMLIN-V2-S265-SEG-265E,353,265E,265E,455,457,16011,16014,16926,16929,1,1,6b86b273ff34fce19d6b804eff5a3f5747ada4eaa22f1d49c01e52ddb7875b4b,6b86b273ff34fce19d6b804eff5a3f5747ada4eaa22f1d49c01e52ddb7875b4b,6b86b273ff34fce19d6b804eff5a3f5747ada4eaa22f1d49c01e52ddb7875b4b,$,,6b86b273ff34fce19d6b804eff5a3f5747ada4eaa22f1d49c01e52ddb7875b4b,6b86b273ff34fce19d6b804eff5a3f5747ada4eaa22f1d49c01e52ddb7875b4b,"{""basis"":""ordered source-target formula atom"",""kind"":""source-target-formula-map""}"
1.1.0,formula,O007-FREMLIN-V2-S265-FORMULA-0354,O007-FREMLIN-V2-S265,O007-RIGHTS-FREMLIN-DSL,O007-FREMLIN-V2-S265-SEG-265E,354,265E,265E,456,458,16095,16110,17035,17050,2^{-r}\beta_r,2^{-r}\beta_r,4132e4051667d96406fc4ea1e9d3df40ecc61e57649b245650400dd1972eae6c,4132e4051667d96406fc4ea1e9d3df40ecc61e57649b245650400dd1972eae6c,4132e4051667d96406fc4ea1e9d3df40ecc61e57649b245650400dd1972eae6c,$,,4132e4051667d96406fc4ea1e9d3df40ecc61e57649b245650400dd1972eae6c,4132e4051667d96406fc4ea1e9d3df40ecc61e57649b245650400dd1972eae6c,"{""basis"":""ordered source-target formula atom"",""kind"":""source-target-formula-map""}"
1.1.0,formula,O007-FREMLIN-V2-S265-FORMULA-0355,O007-FREMLIN-V2-S265,O007-RIGHTS-FREMLIN-DSL,O007-FREMLIN-V2-S265-SEG-265E,355,265E,265E,458,460,16125,16155,17065,17095,\nu_r^*P[A]\le\tilde\nu_r^*A,\nu_r^*P[A]\le\tilde\nu_r^*A,16697f5483b01f13ad0da2172c808ca7f78a12a6c69e1398d9998441cdc12417,16697f5483b01f13ad0da2172c808ca7f78a12a6c69e1398d9998441cdc12417,16697f5483b01f13ad0da2172c808ca7f78a12a6c69e1398d9998441cdc12417,$,,16697f5483b01f13ad0da2172c808ca7f78a12a6c69e1398d9998441cdc12417,16697f5483b01f13ad0da2172c808ca7f78a12a6c69e1398d9998441cdc12417,"{""basis"":""ordered source-target formula atom"",""kind"":""source-target-formula-map""}"
1.1.0,formula,O007-FREMLIN-V2-S265-FORMULA-0356,O007-FREMLIN-V2-S265,O007-RIGHTS-FREMLIN-DSL,O007-FREMLIN-V2-S265-SEG-265E,356,265E,265E,460,462,16178,16201,17121,17144,A\subseteq\BbbR^{s+r},A\subseteq\BbbR^{s+r},59377b3f98960914f8e776fcf200953f514fb454087c71b79925411d36d25bf2,59377b3f98960914f8e776fcf200953f514fb454087c71b79925411d36d25bf2,59377b3f98960914f8e776fcf200953f514fb454087c71b79925411d36d25bf2,$,,59377b3f98960914f8e776fcf200953f514fb454087c71b79925411d36d25bf2,59377b3f98960914f8e776fcf200953f514fb454087c71b79925411d36d25bf2,"{""basis"":""ordered source-target formula atom"",""kind"":""source-target-formula-map""}"
1.1.0,formula,O007-FREMLIN-V2-S265-FORMULA-0357,O007-FREMLIN-V2-S265,O007-RIGHTS-FREMLIN-DSL,O007-FREMLIN-V2-S265-SEG-265E,357,265E,265E,462,464,16233,16401,17170,17338,"\nu_r^*\phi[C_m\setminus D']
=\nu_r^*P[\psi_{\eta}[C_m\setminus D']]
\le\tilde\nu_r^*\psi_{\eta}[C_m\setminus D']
\le\int_{C_m\setminus D'}\tilde J_{\eta}d\mu_r
\to 0","\nu_r^*\phi[C_m\setminus D']
=\nu_r^*P[\psi_{\eta}[C_m\setminus D']]
\le\tilde\nu_r^*\psi_{\eta}[C_m\setminus D']
\le\int_{C_m\setminus D'}\tilde J_{\eta}d\mu_r
\to 0",1817752f21790fbd06df1025fdc7a28d60417909191d7e599676d528c6a86ddf,1817752f21790fbd06df1025fdc7a28d60417909191d7e599676d528c6a86ddf,2b1e99d9bde395e9d2647e9edfb23dd82e9e34929ba54d83fc592af390e0669b,$,,2b1e99d9bde395e9d2647e9edfb23dd82e9e34929ba54d83fc592af390e0669b,2b1e99d9bde395e9d2647e9edfb23dd82e9e34929ba54d83fc592af390e0669b,"{""basis"":""ordered source-target formula atom"",""kind"":""source-target-formula-map""}"
1.1.0,formula,O007-FREMLIN-V2-S265-FORMULA-0358,O007-FREMLIN-V2-S265,O007-RIGHTS-FREMLIN-DSL,O007-FREMLIN-V2-S265-SEG-265E,358,265E,265E,468,470,16417,16435,17358,17376,\eta\downarrow 0,\eta\downarrow 0,6dc0df2b58d3e0294856822c61c544d47f70242315e2b9f851e511ada2275bfb,6dc0df2b58d3e0294856822c61c544d47f70242315e2b9f851e511ada2275bfb,a07b741910723aa49637999fa5f28321027029e8df758d53f2abf9fbe6c5efc7,$,,a07b741910723aa49637999fa5f28321027029e8df758d53f2abf9fbe6c5efc7,a07b741910723aa49637999fa5f28321027029e8df758d53f2abf9fbe6c5efc7,"{""basis"":""ordered source-target formula atom"",""kind"":""source-target-formula-map""}"
1.1.0,formula,O007-FREMLIN-V2-S265-FORMULA-0359,O007-FREMLIN-V2-S265,O007-RIGHTS-FREMLIN-DSL,O007-FREMLIN-V2-S265-SEG-265E,359,265E,265E,469,471,16459,16491,17396,17428,\nu_r^*\phi[C_m\setminus D']=0,\nu_r^*\phi[C_m\setminus D']=0,c60d7d719cd5eb769326984226c2f36af218b0021297888d039366d90ad1850a,c60d7d719cd5eb769326984226c2f36af218b0021297888d039366d90ad1850a,1db4ab8fba63d8c8038d270e638401984a807aa572fd9faed909cb96275a5e03,$,,1db4ab8fba63d8c8038d270e638401984a807aa572fd9faed909cb96275a5e03,1db4ab8fba63d8c8038d270e638401984a807aa572fd9faed909cb96275a5e03,"{""basis"":""ordered source-target formula atom"",""kind"":""source-target-formula-map""}"
1.1.0,formula,O007-FREMLIN-V2-S265-FORMULA-0360,O007-FREMLIN-V2-S265,O007-RIGHTS-FREMLIN-DSL,O007-FREMLIN-V2-S265-SEG-265E,360,265E,265E,469,472,16498,16521,17437,17460,D=\bigcup_{m\ge 1}C_m,D=\bigcup_{m\ge 1}C_m,1187b19da95958834ce0ec89b2b67dbf3d6a11a011effa0876040f0ccc37d7b6,1187b19da95958834ce0ec89b2b67dbf3d6a11a011effa0876040f0ccc37d7b6,6a3e28705bf7780e0c79cb6b23d92ab68bb111c048ba592a24089bf55e3c5256,$,,6a3e28705bf7780e0c79cb6b23d92ab68bb111c048ba592a24089bf55e3c5256,6a3e28705bf7780e0c79cb6b23d92ab68bb111c048ba592a24089bf55e3c5256,"{""basis"":""ordered source-target formula atom"",""kind"":""source-target-formula-map""}"
1.1.0,formula,O007-FREMLIN-V2-S265-FORMULA-0361,O007-FREMLIN-V2-S265,O007-RIGHTS-FREMLIN-DSL,O007-FREMLIN-V2-S265-SEG-265E,361,265E,265E,470,472,16523,16553,17462,17492,\nu_r^*\phi[D\setminus D']=0,\nu_r^*\phi[D\setminus D']=0,c84cc84d1f8e142e0568f05a0ed61a69e877b1a04f262b63f3b43b16668688bd,c84cc84d1f8e142e0568f05a0ed61a69e877b1a04f262b63f3b43b16668688bd,5f985a3de936f08969da1a627cdef0e5df8589e45e1958a9a6f2941d4b1ea8c4,$,,5f985a3de936f08969da1a627cdef0e5df8589e45e1958a9a6f2941d4b1ea8c4,5f985a3de936f08969da1a627cdef0e5df8589e45e1958a9a6f2941d4b1ea8c4,"{""basis"":""ordered source-target formula atom"",""kind"":""source-target-formula-map""}"
1.1.0,formula,O007-FREMLIN-V2-S265-FORMULA-0362,O007-FREMLIN-V2-S265,O007-RIGHTS-FREMLIN-DSL,O007-FREMLIN-V2-S265-SEG-265E,362,265E,265E,475,479,16711,16726,17669,17684,\phi\restr D',\phi\restr D',879395ac67de3cbaf6c9073cf2072f0b0b6c797891b9966b5d5fdbbaeccc98c2,879395ac67de3cbaf6c9073cf2072f0b0b6c797891b9966b5d5fdbbaeccc98c2,ecd34aa20d4a65fa8aa8ef307efc1d4d96d0e6061455b4987c963c2bb6ab6969,$,,ecd34aa20d4a65fa8aa8ef307efc1d4d96d0e6061455b4987c963c2bb6ab6969,ecd34aa20d4a65fa8aa8ef307efc1d4d96d0e6061455b4987c963c2bb6ab6969,"{""basis"":""ordered source-target formula atom"",""kind"":""source-target-formula-map""}"
1.1.0,formula,O007-FREMLIN-V2-S265-FORMULA-0363,O007-FREMLIN-V2-S265,O007-RIGHTS-FREMLIN-DSL,O007-FREMLIN-V2-S265-SEG-265E,363,265E,265E,478,481,16754,16826,17720,17792,"\nu_r^*\phi[D]
=\nu_r^*\phi[D']
\le\int_{D'}J\,d\mu_r
=\int_DJ\,d\mu_r","\nu_r^*\phi[D]
=\nu_r^*\phi[D']
\le\int_{D'}J\,d\mu_r
=\int_DJ\,d\mu_r",a86fea6c23a31a0c2b580d2ba2a4282ddd241e20b3d6afe1f77a72cdaea64abf,a86fea6c23a31a0c2b580d2ba2a4282ddd241e20b3d6afe1f77a72cdaea64abf,7cae82a7c977b6fb231b48af738deeb3bac5767ae37662e1fe3b0aebf0c2236d,$,,7cae82a7c977b6fb231b48af738deeb3bac5767ae37662e1fe3b0aebf0c2236d,7cae82a7c977b6fb231b48af738deeb3bac5767ae37662e1fe3b0aebf0c2236d,"{""basis"":""ordered source-target formula atom"",""kind"":""source-target-formula-map""}"
1.1.0,formula,O007-FREMLIN-V2-S265-FORMULA-0364,O007-FREMLIN-V2-S265,O007-RIGHTS-FREMLIN-DSL,O007-FREMLIN-V2-S265-SEG-265E,364,265E,265E,483,486,16857,16860,17827,17830,D,D,3f39d5c348e5b79d06e842c114e6cc571583bbf44e4b0ebfda1a01ec05745d43,3f39d5c348e5b79d06e842c114e6cc571583bbf44e4b0ebfda1a01ec05745d43,3f39d5c348e5b79d06e842c114e6cc571583bbf44e4b0ebfda1a01ec05745d43,$,,3f39d5c348e5b79d06e842c114e6cc571583bbf44e4b0ebfda1a01ec05745d43,3f39d5c348e5b79d06e842c114e6cc571583bbf44e4b0ebfda1a01ec05745d43,"{""basis"":""ordered source-target formula atom"",""kind"":""source-target-formula-map""}"
1.1.0,formula,O007-FREMLIN-V2-S265-FORMULA-0365,O007-FREMLIN-V2-S265,O007-RIGHTS-FREMLIN-DSL,O007-FREMLIN-V2-S265-SEG-265E,365,265E,265E,483,486,16881,16885,17852,17856,D',D',27513713e8c146a07f6780d76f70c1b937880e6b271241b6c0140cd01deffc1e,27513713e8c146a07f6780d76f70c1b937880e6b271241b6c0140cd01deffc1e,27513713e8c146a07f6780d76f70c1b937880e6b271241b6c0140cd01deffc1e,$,,27513713e8c146a07f6780d76f70c1b937880e6b271241b6c0140cd01deffc1e,27513713e8c146a07f6780d76f70c1b937880e6b271241b6c0140cd01deffc1e,"{""basis"":""ordered source-target formula atom"",""kind"":""source-target-formula-map""}"
1.1.0,formula,O007-FREMLIN-V2-S265-FORMULA-0366,O007-FREMLIN-V2-S265,O007-RIGHTS-FREMLIN-DSL,O007-FREMLIN-V2-S265-SEG-265E,366,265E,265E,484,487,16905,16911,17870,17876,\phi,\phi,10ce0200b450ea955833553e717821c7721818b8a95cffd7e54b46e08918b512,10ce0200b450ea955833553e717821c7721818b8a95cffd7e54b46e08918b512,10ce0200b450ea955833553e717821c7721818b8a95cffd7e54b46e08918b512,$,,10ce0200b450ea955833553e717821c7721818b8a95cffd7e54b46e08918b512,10ce0200b450ea955833553e717821c7721818b8a95cffd7e54b46e08918b512,"{""basis"":""ordered source-target formula atom"",""kind"":""source-target-formula-map""}"
1.1.0,formula,O007-FREMLIN-V2-S265-FORMULA-0367,O007-FREMLIN-V2-S265,O007-RIGHTS-FREMLIN-DSL,O007-FREMLIN-V2-S265-SEG-265E,367,265E,265E,488,491,16990,16993,17960,17963,D,D,3f39d5c348e5b79d06e842c114e6cc571583bbf44e4b0ebfda1a01ec05745d43,3f39d5c348e5b79d06e842c114e6cc571583bbf44e4b0ebfda1a01ec05745d43,3f39d5c348e5b79d06e842c114e6cc571583bbf44e4b0ebfda1a01ec05745d43,$,,3f39d5c348e5b79d06e842c114e6cc571583bbf44e4b0ebfda1a01ec05745d43,3f39d5c348e5b79d06e842c114e6cc571583bbf44e4b0ebfda1a01ec05745d43,"{""basis"":""ordered source-target formula atom"",""kind"":""source-target-formula-map""}"
1.1.0,formula,O007-FREMLIN-V2-S265-FORMULA-0368,O007-FREMLIN-V2-S265,O007-RIGHTS-FREMLIN-DSL,O007-FREMLIN-V2-S265-SEG-265E,368,265E,265E,489,492,17017,17023,17976,17982,\phi,\phi,10ce0200b450ea955833553e717821c7721818b8a95cffd7e54b46e08918b512,10ce0200b450ea955833553e717821c7721818b8a95cffd7e54b46e08918b512,10ce0200b450ea955833553e717821c7721818b8a95cffd7e54b46e08918b512,$,,10ce0200b450ea955833553e717821c7721818b8a95cffd7e54b46e08918b512,10ce0200b450ea955833553e717821c7721818b8a95cffd7e54b46e08918b512,"{""basis"":""ordered source-target formula atom"",""kind"":""source-target-formula-map""}"
1.1.0,formula,O007-FREMLIN-V2-S265-FORMULA-0369,O007-FREMLIN-V2-S265,O007-RIGHTS-FREMLIN-DSL,O007-FREMLIN-V2-S265-SEG-265E,369,265E,265E,493,496,17077,17096,18028,18047,E\subseteq\phi[D],E\subseteq\phi[D],9eb01b33cada64378c43f6b5f1791ed91edf02affad0e2bf4ee40c34519c165b,9eb01b33cada64378c43f6b5f1791ed91edf02affad0e2bf4ee40c34519c165b,9eb01b33cada64378c43f6b5f1791ed91edf02affad0e2bf4ee40c34519c165b,$,,9eb01b33cada64378c43f6b5f1791ed91edf02affad0e2bf4ee40c34519c165b,9eb01b33cada64378c43f6b5f1791ed91edf02affad0e2bf4ee40c34519c165b,"{""basis"":""ordered source-target formula atom"",""kind"":""source-target-formula-map""}"
1.1.0,formula,O007-FREMLIN-V2-S265-FORMULA-0370,O007-FREMLIN-V2-S265,O007-RIGHTS-FREMLIN-DSL,O007-FREMLIN-V2-S265-SEG-265E,370,265E,265E,493,496,17108,17116,18063,18071,\Tau_r,\Tau_r,35585838a5fd965a400cd2c3b5b90bb8f0a180beb2d4f1ab1b19ca1cf258e9a6,35585838a5fd965a400cd2c3b5b90bb8f0a180beb2d4f1ab1b19ca1cf258e9a6,35585838a5fd965a400cd2c3b5b90bb8f0a180beb2d4f1ab1b19ca1cf258e9a6,$,,35585838a5fd965a400cd2c3b5b90bb8f0a180beb2d4f1ab1b19ca1cf258e9a6,35585838a5fd965a400cd2c3b5b90bb8f0a180beb2d4f1ab1b19ca1cf258e9a6,"{""basis"":""ordered source-target formula atom"",""kind"":""source-target-formula-map""}"
1.1.0,formula,O007-FREMLIN-V2-S265-FORMULA-0371,O007-FREMLIN-V2-S265,O007-RIGHTS-FREMLIN-DSL,O007-FREMLIN-V2-S265-SEG-265E,371,265E,265E,496,499,17135,17178,18095,18138,"H_k=\{x:x\in D,\,\|x\|\le k,\,J(x)\le k\}","H_k=\{x:x\in D,\,\|x\|\le k,\,J(x)\le k\}",d470e0ba7bfd00fe6fc8ec066105ad911bddb05b8a414e694b6a5e3dc030298e,d470e0ba7bfd00fe6fc8ec066105ad911bddb05b8a414e694b6a5e3dc030298e,1fde01415582b5eb16a81902986c609c78d51c7ae70b9804c18e5cc16be88265,$,,1fde01415582b5eb16a81902986c609c78d51c7ae70b9804c18e5cc16be88265,1fde01415582b5eb16a81902986c609c78d51c7ae70b9804c18e5cc16be88265,"{""basis"":""ordered source-target formula atom"",""kind"":""source-target-formula-map""}"
1.1.0,formula,O007-FREMLIN-V2-S265-FORMULA-0372,O007-FREMLIN-V2-S265,O007-RIGHTS-FREMLIN-DSL,O007-FREMLIN-V2-S265-SEG-265E,372,265E,265E,498,501,17200,17203,18164,18167,k,k,8254c329a92850f6d539dd376f4816ee2764517da5e0235514af433164480d7a,8254c329a92850f6d539dd376f4816ee2764517da5e0235514af433164480d7a,8254c329a92850f6d539dd376f4816ee2764517da5e0235514af433164480d7a,$,,8254c329a92850f6d539dd376f4816ee2764517da5e0235514af433164480d7a,8254c329a92850f6d539dd376f4816ee2764517da5e0235514af433164480d7a,"{""basis"":""ordered source-target formula atom"",""kind"":""source-target-formula-map""}"
1.1.0,formula,O007-FREMLIN-V2-S265-FORMULA-0373,O007-FREMLIN-V2-S265,O007-RIGHTS-FREMLIN-DSL,O007-FREMLIN-V2-S265-SEG-265E,373,265E,265E,498,501,17216,17221,18181,18186,H_k,H_k,0231a655bf13a98d746f80acf9893696a0a7449a8935651b2427f5b0f355d573,0231a655bf13a98d746f80acf9893696a0a7449a8935651b2427f5b0f355d573,0231a655bf13a98d746f80acf9893696a0a7449a8935651b2427f5b0f355d573,$,,0231a655bf13a98d746f80acf9893696a0a7449a8935651b2427f5b0f355d573,0231a655bf13a98d746f80acf9893696a0a7449a8935651b2427f5b0f355d573,"{""basis"":""ordered source-target formula atom"",""kind"":""source-target-formula-map""}"
1.1.0,formula,O007-FREMLIN-V2-S265-FORMULA-0374,O007-FREMLIN-V2-S265,O007-RIGHTS-FREMLIN-DSL,O007-FREMLIN-V2-S265-SEG-265E,374,265E,265E,499,502,17268,17284,18243,18259,\phi\restr H_k,\phi\restr H_k,2a914d6b01ad230975e830cefa00dc35eac4b77fca4280106278ae0d3901109e,2a914d6b01ad230975e830cefa00dc35eac4b77fca4280106278ae0d3901109e,16cf5405a327582dcc43e553013efa963f6ad4c409d36b23bb6a204f036b4997,$,,16cf5405a327582dcc43e553013efa963f6ad4c409d36b23bb6a204f036b4997,16cf5405a327582dcc43e553013efa963f6ad4c409d36b23bb6a204f036b4997,"{""basis"":""ordered source-target formula atom"",""kind"":""source-target-formula-map""}"
1.1.0,formula,O007-FREMLIN-V2-S265-FORMULA-0375,O007-FREMLIN-V2-S265,O007-RIGHTS-FREMLIN-DSL,O007-FREMLIN-V2-S265-SEG-265E,375,265E,265E,499,503,17286,17306,18261,18281,\phi[H_k]\in\Tau_r,\phi[H_k]\in\Tau_r,d3b9c2f26be2db227c5b3508a3d80c8eb022916e35b0df1084bb7a089b755bba,d3b9c2f26be2db227c5b3508a3d80c8eb022916e35b0df1084bb7a089b755bba,d3b9c2f26be2db227c5b3508a3d80c8eb022916e35b0df1084bb7a089b755bba,$,,d3b9c2f26be2db227c5b3508a3d80c8eb022916e35b0df1084bb7a089b755bba,d3b9c2f26be2db227c5b3508a3d80c8eb022916e35b0df1084bb7a089b755bba,"{""basis"":""ordered source-target formula atom"",""kind"":""source-target-formula-map""}"
1.1.0,formula,O007-FREMLIN-V2-S265-FORMULA-0376,O007-FREMLIN-V2-S265,O007-RIGHTS-FREMLIN-DSL,O007-FREMLIN-V2-S265-SEG-265E,376,265E,265E,501,505,17325,17361,18300,18336,\nu_r\phi[H_k]\le k\mu_rH_k<\infty,\nu_r\phi[H_k]\le k\mu_rH_k<\infty,054a690808e7fb5a7b53110ed5b2e78a56fd9a0086e8ab9cef0a3e5797b075d0,054a690808e7fb5a7b53110ed5b2e78a56fd9a0086e8ab9cef0a3e5797b075d0,13984f735f5d92c3a0af6139520949d60a57fbeec7e0b8659f8d7c3f0d93a443,$,,13984f735f5d92c3a0af6139520949d60a57fbeec7e0b8659f8d7c3f0d93a443,13984f735f5d92c3a0af6139520949d60a57fbeec7e0b8659f8d7c3f0d93a443,"{""basis"":""ordered source-target formula atom"",""kind"":""source-target-formula-map""}"
1.1.0,formula,O007-FREMLIN-V2-S265-FORMULA-0377,O007-FREMLIN-V2-S265,O007-RIGHTS-FREMLIN-DSL,O007-FREMLIN-V2-S265-SEG-265E,377,265E,265E,503,507,17380,17389,18355,18364,\phi[D],\phi[D],c8e46b8d4b28aa05b911c674eed410f2249788e37d830dd0ab829312968f18d0,c8e46b8d4b28aa05b911c674eed410f2249788e37d830dd0ab829312968f18d0,c8e46b8d4b28aa05b911c674eed410f2249788e37d830dd0ab829312968f18d0,$,,c8e46b8d4b28aa05b911c674eed410f2249788e37d830dd0ab829312968f18d0,c8e46b8d4b28aa05b911c674eed410f2249788e37d830dd0ab829312968f18d0,"{""basis"":""ordered source-target formula atom"",""kind"":""source-target-formula-map""}"
1.1.0,formula,O007-FREMLIN-V2-S265-FORMULA-0378,O007-FREMLIN-V2-S265,O007-RIGHTS-FREMLIN-DSL,O007-FREMLIN-V2-S265-SEG-265E,378,265E,265E,504,508,17449,17456,18437,18444,\nu_r,\nu_r,e8b3832b298d6101b15e3586330ba9623983dd4b8f502aadc70f38d121108a53,e8b3832b298d6101b15e3586330ba9623983dd4b8f502aadc70f38d121108a53,e8b3832b298d6101b15e3586330ba9623983dd4b8f502aadc70f38d121108a53,$,,e8b3832b298d6101b15e3586330ba9623983dd4b8f502aadc70f38d121108a53,e8b3832b298d6101b15e3586330ba9623983dd4b8f502aadc70f38d121108a53,"{""basis"":""ordered source-target formula atom"",""kind"":""source-target-formula-map""}"
1.1.0,formula,O007-FREMLIN-V2-S265-FORMULA-0379,O007-FREMLIN-V2-S265,O007-RIGHTS-FREMLIN-DSL,O007-FREMLIN-V2-S265-SEG-265E,379,265E,265E,505,509,17500,17503,18524,18527,r,r,454349e422f05297191ead13e21d3db520e5abef52055e4964b82fb213f593a1,454349e422f05297191ead13e21d3db520e5abef52055e4964b82fb213f593a1,454349e422f05297191ead13e21d3db520e5abef52055e4964b82fb213f593a1,$,,454349e422f05297191ead13e21d3db520e5abef52055e4964b82fb213f593a1,454349e422f05297191ead13e21d3db520e5abef52055e4964b82fb213f593a1,"{""basis"":""ordered source-target formula atom"",""kind"":""source-target-formula-map""}"
1.1.0,formula,O007-FREMLIN-V2-S265-FORMULA-0380,O007-FREMLIN-V2-S265,O007-RIGHTS-FREMLIN-DSL,O007-FREMLIN-V2-S265-SEG-265E,380,265E,265E,505,509,17537,17546,18533,18542,\BbbR^s,\BbbR^s,f842dcf194f3bd592805e21690cbc1fd0be53369425775f92b41b968a18cb018,f842dcf194f3bd592805e21690cbc1fd0be53369425775f92b41b968a18cb018,f842dcf194f3bd592805e21690cbc1fd0be53369425775f92b41b968a18cb018,$,,f842dcf194f3bd592805e21690cbc1fd0be53369425775f92b41b968a18cb018,f842dcf194f3bd592805e21690cbc1fd0be53369425775f92b41b968a18cb018,"{""basis"":""ordered source-target formula atom"",""kind"":""source-target-formula-map""}"
1.1.0,formula,O007-FREMLIN-V2-S265-FORMULA-0381,O007-FREMLIN-V2-S265,O007-RIGHTS-FREMLIN-DSL,O007-FREMLIN-V2-S265-SEG-265E,381,265E,265E,506,511,17581,17586,18587,18592,E_1,E_1,a6ee72f7ee077722a77fa76f87dc214aadea355e5b68498a012b46d435d243a6,a6ee72f7ee077722a77fa76f87dc214aadea355e5b68498a012b46d435d243a6,a6ee72f7ee077722a77fa76f87dc214aadea355e5b68498a012b46d435d243a6,$,,a6ee72f7ee077722a77fa76f87dc214aadea355e5b68498a012b46d435d243a6,a6ee72f7ee077722a77fa76f87dc214aadea355e5b68498a012b46d435d243a6,"{""basis"":""ordered source-target formula atom"",""kind"":""source-target-formula-map""}"
1.1.0,formula,O007-FREMLIN-V2-S265-FORMULA-0382,O007-FREMLIN-V2-S265,O007-RIGHTS-FREMLIN-DSL,O007-FREMLIN-V2-S265-SEG-265E,382,265E,265E,506,511,17588,17609,18594,18615,E_2\subseteq\BbbR^s,E_2\subseteq\BbbR^s,9e156c84609f51538b6807191e6e8710f876a07b4c06138dc11f174479bd60ee,9e156c84609f51538b6807191e6e8710f876a07b4c06138dc11f174479bd60ee,9e156c84609f51538b6807191e6e8710f876a07b4c06138dc11f174479bd60ee,$,,9e156c84609f51538b6807191e6e8710f876a07b4c06138dc11f174479bd60ee,9e156c84609f51538b6807191e6e8710f876a07b4c06138dc11f174479bd60ee,"{""basis"":""ordered source-target formula atom"",""kind"":""source-target-formula-map""}"
1.1.0,formula,O007-FREMLIN-V2-S265-FORMULA-0383,O007-FREMLIN-V2-S265,O007-RIGHTS-FREMLIN-DSL,O007-FREMLIN-V2-S265-SEG-265E,383,265E,265E,507,512,17620,17649,18636,18665,E_1\subseteq E\subseteq E_2,E_1\subseteq E\subseteq E_2,497cc7a02c6b173cab56ed24d35551582e9509ed22303a51540c1323f0822c98,497cc7a02c6b173cab56ed24d35551582e9509ed22303a51540c1323f0822c98,144a6d79ae9c54f9ca29cf4451f601607f953b47ca1fd3a235e95a15bc24ca13,$,,144a6d79ae9c54f9ca29cf4451f601607f953b47ca1fd3a235e95a15bc24ca13,144a6d79ae9c54f9ca29cf4451f601607f953b47ca1fd3a235e95a15bc24ca13,"{""basis"":""ordered source-target formula atom"",""kind"":""source-target-formula-map""}"
1.1.0,formula,O007-FREMLIN-V2-S265-FORMULA-0384,O007-FREMLIN-V2-S265,O007-RIGHTS-FREMLIN-DSL,O007-FREMLIN-V2-S265-SEG-265E,384,265E,265E,507,512,17654,17681,18670,18697,\nu_r(E_2\setminus E_1)=0,\nu_r(E_2\setminus E_1)=0,dbda4f37ea76f9c7cca29851891daad5045e2d221205f1d8e6cfd9feba2da08e,dbda4f37ea76f9c7cca29851891daad5045e2d221205f1d8e6cfd9feba2da08e,bd35f60e0f884842187f73610fae22281b27e74b417b330d571713e3c6407c91,$,,bd35f60e0f884842187f73610fae22281b27e74b417b330d571713e3c6407c91,bd35f60e0f884842187f73610fae22281b27e74b417b330d571713e3c6407c91,"{""basis"":""ordered source-target formula atom"",""kind"":""source-target-formula-map""}"
1.1.0,formula,O007-FREMLIN-V2-S265-FORMULA-0385,O007-FREMLIN-V2-S265,O007-RIGHTS-FREMLIN-DSL,O007-FREMLIN-V2-S265-SEG-265E,385,265E,265E,508,513,17687,17707,18708,18728,F_1=\phi^{-1}[E_1],F_1=\phi^{-1}[E_1],be2ee673af205bd29f2ce3f3444a716a6c2ba437b45de489d0be33f8bcc1bb6f,be2ee673af205bd29f2ce3f3444a716a6c2ba437b45de489d0be33f8bcc1bb6f,be2ee673af205bd29f2ce3f3444a716a6c2ba437b45de489d0be33f8bcc1bb6f,$,,be2ee673af205bd29f2ce3f3444a716a6c2ba437b45de489d0be33f8bcc1bb6f,be2ee673af205bd29f2ce3f3444a716a6c2ba437b45de489d0be33f8bcc1bb6f,"{""basis"":""ordered source-target formula atom"",""kind"":""source-target-formula-map""}"
1.1.0,formula,O007-FREMLIN-V2-S265-FORMULA-0386,O007-FREMLIN-V2-S265,O007-RIGHTS-FREMLIN-DSL,O007-FREMLIN-V2-S265-SEG-265E,386,265E,265E,508,513,17709,17729,18730,18750,F_2=\phi^{-1}[E_2],F_2=\phi^{-1}[E_2],2f5e6b74a6fafe0ce8e8bae3527da9ee7db47ef3916ccc80103e62ddaaff79a6,2f5e6b74a6fafe0ce8e8bae3527da9ee7db47ef3916ccc80103e62ddaaff79a6,2f5e6b74a6fafe0ce8e8bae3527da9ee7db47ef3916ccc80103e62ddaaff79a6,$,,2f5e6b74a6fafe0ce8e8bae3527da9ee7db47ef3916ccc80103e62ddaaff79a6,2f5e6b74a6fafe0ce8e8bae3527da9ee7db47ef3916ccc80103e62ddaaff79a6,"{""basis"":""ordered source-target formula atom"",""kind"":""source-target-formula-map""}"
1.1.0,formula,O007-FREMLIN-V2-S265-FORMULA-0387,O007-FREMLIN-V2-S265,O007-RIGHTS-FREMLIN-DSL,O007-FREMLIN-V2-S265-SEG-265E,387,265E,265E,509,514,17765,17768,18796,18799,D,D,3f39d5c348e5b79d06e842c114e6cc571583bbf44e4b0ebfda1a01ec05745d43,3f39d5c348e5b79d06e842c114e6cc571583bbf44e4b0ebfda1a01ec05745d43,3f39d5c348e5b79d06e842c114e6cc571583bbf44e4b0ebfda1a01ec05745d43,$,,3f39d5c348e5b79d06e842c114e6cc571583bbf44e4b0ebfda1a01ec05745d43,3f39d5c348e5b79d06e842c114e6cc571583bbf44e4b0ebfda1a01ec05745d43,"{""basis"":""ordered source-target formula atom"",""kind"":""source-target-formula-map""}"
1.1.0,formula,O007-FREMLIN-V2-S265-FORMULA-0388,O007-FREMLIN-V2-S265,O007-RIGHTS-FREMLIN-DSL,O007-FREMLIN-V2-S265-SEG-265E,388,265E,265E,511,516,17787,17887,18818,18918,"\int_{F_2\setminus F_1}J\,d\mu_r=\nu_r\phi[F_2\setminus
F_1]=\nu_r(\phi[D]\cap E_2\setminus E_1)=0","\int_{F_2\setminus F_1}J\,d\mu_r=\nu_r\phi[F_2\setminus
F_1]=\nu_r(\phi[D]\cap E_2\setminus E_1)=0",ff614d533918d8739df0f51df698597bd6504e2bbfcb1da5867663b6ab1aab95,ff614d533918d8739df0f51df698597bd6504e2bbfcb1da5867663b6ab1aab95,2f21d752034f03f9cf7da80d2266e3330b9294bdfe9d7319ae4f32ea1b5a6921,$,,2f21d752034f03f9cf7da80d2266e3330b9294bdfe9d7319ae4f32ea1b5a6921,2f21d752034f03f9cf7da80d2266e3330b9294bdfe9d7319ae4f32ea1b5a6921,"{""basis"":""ordered source-target formula atom"",""kind"":""source-target-formula-map""}"
1.1.0,formula,O007-FREMLIN-V2-S265-FORMULA-0389,O007-FREMLIN-V2-S265,O007-RIGHTS-FREMLIN-DSL,O007-FREMLIN-V2-S265-SEG-265E,389,265E,265E,514,519,17913,17948,18943,18978,\mu_r(D'\cap(F_2\setminus F_1))=0,\mu_r(D'\cap(F_2\setminus F_1))=0,59d304dbc0347ec8daee3a3fd75c84abd75b464459ec80f2467a4ffea9e5f24a,59d304dbc0347ec8daee3a3fd75c84abd75b464459ec80f2467a4ffea9e5f24a,98ccab20779323d7df037e8b3f9fa56b60f83805eeeac4b6b8230b6b4ed01736,$,,98ccab20779323d7df037e8b3f9fa56b60f83805eeeac4b6b8230b6b4ed01736,98ccab20779323d7df037e8b3f9fa56b60f83805eeeac4b6b8230b6b4ed01736,"{""basis"":""ordered source-target formula atom"",""kind"":""source-target-formula-map""}"
1.1.0,formula,O007-FREMLIN-V2-S265-FORMULA-0390,O007-FREMLIN-V2-S265,O007-RIGHTS-FREMLIN-DSL,O007-FREMLIN-V2-S265-SEG-265E,390,265E,265E,516,521,17972,18033,19006,19067,"D'\cap F_1\subseteq D'\cap\phi^{-1}[E]
\subseteq D'\cap F_2","D'\cap F_1\subseteq D'\cap\phi^{-1}[E]
\subseteq D'\cap F_2",b38c1a33e3c7e1eb59a78f6ab2ca076f177c26aab43327441d161ab3c53186a8,b38c1a33e3c7e1eb59a78f6ab2ca076f177c26aab43327441d161ab3c53186a8,163059349e8591a959c3ac38259d5dc87ccc5f9c47a9a37077b2db2c5540cc62,$,,163059349e8591a959c3ac38259d5dc87ccc5f9c47a9a37077b2db2c5540cc62,163059349e8591a959c3ac38259d5dc87ccc5f9c47a9a37077b2db2c5540cc62,"{""basis"":""ordered source-target formula atom"",""kind"":""source-target-formula-map""}"
1.1.0,formula,O007-FREMLIN-V2-S265-FORMULA-0391,O007-FREMLIN-V2-S265,O007-RIGHTS-FREMLIN-DSL,O007-FREMLIN-V2-S265-SEG-265E,391,265E,265E,519,524,18063,18083,19097,19117,D'\cap\phi^{-1}[E],D'\cap\phi^{-1}[E],657f5da4222be36e7cddaa0cc726f2f9deec8dda1ba1b00ceade7701984f7365,657f5da4222be36e7cddaa0cc726f2f9deec8dda1ba1b00ceade7701984f7365,657f5da4222be36e7cddaa0cc726f2f9deec8dda1ba1b00ceade7701984f7365,$,,657f5da4222be36e7cddaa0cc726f2f9deec8dda1ba1b00ceade7701984f7365,657f5da4222be36e7cddaa0cc726f2f9deec8dda1ba1b00ceade7701984f7365,"{""basis"":""ordered source-target formula atom"",""kind"":""source-target-formula-map""}"
1.1.0,formula,O007-FREMLIN-V2-S265-FORMULA-0392,O007-FREMLIN-V2-S265,O007-RIGHTS-FREMLIN-DSL,O007-FREMLIN-V2-S265-SEG-265E,392,265E,265E,521,526,18109,18291,19138,19320,"\eqalign{\int_{\phi^{-1}[E]}J\,d\mu_r
&=\int_{D'\cap\phi^{-1}[E]}J\,d\mu_r
=\int_{D'\cap F_1}J\,d\mu_r\cr
&=\int_{D\cap F_1}J\,d\mu_r
=\nu_r\phi[D\cap F_1]
=\nu_rE_1
=\nu_rE.\cr}","\eqalign{\int_{\phi^{-1}[E]}J\,d\mu_r
&=\int_{D'\cap\phi^{-1}[E]}J\,d\mu_r
=\int_{D'\cap F_1}J\,d\mu_r\cr
&=\int_{D\cap F_1}J\,d\mu_r
=\nu_r\phi[D\cap F_1]
=\nu_rE_1
=\nu_rE.\cr}",444bcfec93e5572d5077b10f128cef01846ffbf39e983383d38aedaf5bad51bd,444bcfec93e5572d5077b10f128cef01846ffbf39e983383d38aedaf5bad51bd,871ca5b67db552bd8e5d7642260caf308012140be37f6a198b3ccf876c35c738,$$,,871ca5b67db552bd8e5d7642260caf308012140be37f6a198b3ccf876c35c738,871ca5b67db552bd8e5d7642260caf308012140be37f6a198b3ccf876c35c738,"{""basis"":""ordered source-target formula atom"",""kind"":""source-target-formula-map""}"
1.1.0,formula,O007-FREMLIN-V2-S265-FORMULA-0393,O007-FREMLIN-V2-S265,O007-RIGHTS-FREMLIN-DSL,O007-FREMLIN-V2-S265-SEG-265E,393,265E,265E,529,534,18313,18373,19344,19404,"J\times\chi(\phi^{-1}[E])
=J\times\chi(D'\cap\phi^{-1}[E])","J\times\chi(\phi^{-1}[E])
=J\times\chi(D'\cap\phi^{-1}[E])",643e7d1aba14b9dac4792ce69420225c28c93c311097e5752959b4f921989b1e,643e7d1aba14b9dac4792ce69420225c28c93c311097e5752959b4f921989b1e,df3aaebbfcdefdd303aa39c5db88b57bd51f65807e976cf2c924378a83c9c3c5,$,,df3aaebbfcdefdd303aa39c5db88b57bd51f65807e976cf2c924378a83c9c3c5,df3aaebbfcdefdd303aa39c5db88b57bd51f65807e976cf2c924378a83c9c3c5,"{""basis"":""ordered source-target formula atom"",""kind"":""source-target-formula-map""}"
1.1.0,formula,O007-FREMLIN-V2-S265-FORMULA-0394,O007-FREMLIN-V2-S265,O007-RIGHTS-FREMLIN-DSL,O007-FREMLIN-V2-S265-SEG-265E,394,265E,265E,531,536,18406,18438,19442,19474,\int J\times\chi(\phi^{-1}[E]),\int J\times\chi(\phi^{-1}[E]),a3726e6c98118a8ea8a876c459560179764170322caa3cb99ddb84477e3358b2,a3726e6c98118a8ea8a876c459560179764170322caa3cb99ddb84477e3358b2,0ee75af17d19e4ec16f1ae87f66e2e4f27f9fb7e837390404bd98a4ba9e0a13a,$,,0ee75af17d19e4ec16f1ae87f66e2e4f27f9fb7e837390404bd98a4ba9e0a13a,0ee75af17d19e4ec16f1ae87f66e2e4f27f9fb7e837390404bd98a4ba9e0a13a,"{""basis"":""ordered source-target formula atom"",""kind"":""source-target-formula-map""}"
1.1.0,formula,O007-FREMLIN-V2-S265-FORMULA-0395,O007-FREMLIN-V2-S265,O007-RIGHTS-FREMLIN-DSL,O007-FREMLIN-V2-S265-SEG-265E,395,265E,265E,531,537,18451,18473,19493,19515,\int_{\phi^{-1}[E]}J,\int_{\phi^{-1}[E]}J,78ae52c67ed2b82558ce7712386be6c2b80d55af7c58f6848bc498cf422a8a2a,78ae52c67ed2b82558ce7712386be6c2b80d55af7c58f6848bc498cf422a8a2a,78ae52c67ed2b82558ce7712386be6c2b80d55af7c58f6848bc498cf422a8a2a,$,,78ae52c67ed2b82558ce7712386be6c2b80d55af7c58f6848bc498cf422a8a2a,78ae52c67ed2b82558ce7712386be6c2b80d55af7c58f6848bc498cf422a8a2a,"{""basis"":""ordered source-target formula atom"",""kind"":""source-target-formula-map""}"
1.1.0,formula,O007-FREMLIN-V2-S265-FORMULA-0396,O007-FREMLIN-V2-S265,O007-RIGHTS-FREMLIN-DSL,O007-FREMLIN-V2-S265-SEG-265E,396,265E,265E,535,541,18504,18523,19548,19567,E\subseteq\phi[D],E\subseteq\phi[D],9eb01b33cada64378c43f6b5f1791ed91edf02affad0e2bf4ee40c34519c165b,9eb01b33cada64378c43f6b5f1791ed91edf02affad0e2bf4ee40c34519c165b,9eb01b33cada64378c43f6b5f1791ed91edf02affad0e2bf4ee40c34519c165b,$,,9eb01b33cada64378c43f6b5f1791ed91edf02affad0e2bf4ee40c34519c165b,9eb01b33cada64378c43f6b5f1791ed91edf02affad0e2bf4ee40c34519c165b,"{""basis"":""ordered source-target formula atom"",""kind"":""source-target-formula-map""}"
1.1.0,formula,O007-FREMLIN-V2-S265-FORMULA-0397,O007-FREMLIN-V2-S265,O007-RIGHTS-FREMLIN-DSL,O007-FREMLIN-V2-S265-SEG-265E,397,265E,265E,535,542,18528,18548,19572,19592,D'\cap\phi^{-1}[E],D'\cap\phi^{-1}[E],657f5da4222be36e7cddaa0cc726f2f9deec8dda1ba1b00ceade7701984f7365,657f5da4222be36e7cddaa0cc726f2f9deec8dda1ba1b00ceade7701984f7365,657f5da4222be36e7cddaa0cc726f2f9deec8dda1ba1b00ceade7701984f7365,$,,657f5da4222be36e7cddaa0cc726f2f9deec8dda1ba1b00ceade7701984f7365,657f5da4222be36e7cddaa0cc726f2f9deec8dda1ba1b00ceade7701984f7365,"{""basis"":""ordered source-target formula atom"",""kind"":""source-target-formula-map""}"
1.1.0,formula,O007-FREMLIN-V2-S265-FORMULA-0398,O007-FREMLIN-V2-S265,O007-RIGHTS-FREMLIN-DSL,O007-FREMLIN-V2-S265-SEG-265E,398,265E,265E,538,544,18592,18673,19631,19712,"E=\phi[D'\cap\phi^{-1}[E]]
  \cup\phi[(D\setminus D')\cap\phi^{-1}[E]]\in\Tau_r","E=\phi[D'\cap\phi^{-1}[E]]
  \cup\phi[(D\setminus D')\cap\phi^{-1}[E]]\in\Tau_r",cc9632e01dafc48f251bd54578ff51dc2d3303aba5578d61e4c0b2d6bd91164d,cc9632e01dafc48f251bd54578ff51dc2d3303aba5578d61e4c0b2d6bd91164d,90f8f76f98be0a1a4a21df4fa575b900faca9ac9825a04f41734b4603f8cc5c7,$,,90f8f76f98be0a1a4a21df4fa575b900faca9ac9825a04f41734b4603f8cc5c7,90f8f76f98be0a1a4a21df4fa575b900faca9ac9825a04f41734b4603f8cc5c7,"{""basis"":""ordered source-target formula atom"",""kind"":""source-target-formula-map""}"
1.1.0,formula,O007-FREMLIN-V2-S265-FORMULA-0399,O007-FREMLIN-V2-S265,O007-RIGHTS-FREMLIN-DSL,O007-FREMLIN-V2-S265-SEG-265E,399,265E,265E,541,547,18695,18713,19733,19751,\phi[G]\in\Tau_r,\phi[G]\in\Tau_r,557625a072437763869eec4abf0bf41b1e9a363f3829722c1f6c5744dda56a4b,557625a072437763869eec4abf0bf41b1e9a363f3829722c1f6c5744dda56a4b,557625a072437763869eec4abf0bf41b1e9a363f3829722c1f6c5744dda56a4b,$,,557625a072437763869eec4abf0bf41b1e9a363f3829722c1f6c5744dda56a4b,557625a072437763869eec4abf0bf41b1e9a363f3829722c1f6c5744dda56a4b,"{""basis"":""ordered source-target formula atom"",""kind"":""source-target-formula-map""}"
1.1.0,formula,O007-FREMLIN-V2-S265-FORMULA-0400,O007-FREMLIN-V2-S265,O007-RIGHTS-FREMLIN-DSL,O007-FREMLIN-V2-S265-SEG-265E,400,265E,265E,541,548,18735,18749,19782,19796,G\subseteq D,G\subseteq D,3f742132706811579cd03bcffd9adaed41702d2ec3b4cdcc7323237e93bfb152,3f742132706811579cd03bcffd9adaed41702d2ec3b4cdcc7323237e93bfb152,4430b3bc97cbbebd5c61ba49cbb276254b1d125e4c7b440fd67d36a1dc6f0a68,$,,4430b3bc97cbbebd5c61ba49cbb276254b1d125e4c7b440fd67d36a1dc6f0a68,4430b3bc97cbbebd5c61ba49cbb276254b1d125e4c7b440fd67d36a1dc6f0a68,"{""basis"":""ordered source-target formula atom"",""kind"":""source-target-formula-map""}"
1.1.0,formula,O007-FREMLIN-V2-S265-FORMULA-0401,O007-FREMLIN-V2-S265,O007-RIGHTS-FREMLIN-DSL,O007-FREMLIN-V2-S265-SEG-265E,401,265E,265E,542,548,18754,18775,19801,19822,\phi[D\setminus D'],\phi[D\setminus D'],0396ab78d9db1e9192d8575eb0786ca6866bdf7edc604f31cb6fe8a68e1debee,0396ab78d9db1e9192d8575eb0786ca6866bdf7edc604f31cb6fe8a68e1debee,f1e5033ce41718183ce1f465480af02dfd1980a41cf35650b0452e8817501046,$,,f1e5033ce41718183ce1f465480af02dfd1980a41cf35650b0452e8817501046,f1e5033ce41718183ce1f465480af02dfd1980a41cf35650b0452e8817501046,"{""basis"":""ordered source-target formula atom"",""kind"":""source-target-formula-map""}"
1.1.0,formula,O007-FREMLIN-V2-S265-FORMULA-0402,O007-FREMLIN-V2-S265,O007-RIGHTS-FREMLIN-DSL,O007-FREMLIN-V2-S265-SEG-265E,402,265E,265E,542,549,18779,18786,19843,19850,\nu_r,\nu_r,e8b3832b298d6101b15e3586330ba9623983dd4b8f502aadc70f38d121108a53,e8b3832b298d6101b15e3586330ba9623983dd4b8f502aadc70f38d121108a53,e8b3832b298d6101b15e3586330ba9623983dd4b8f502aadc70f38d121108a53,$,,e8b3832b298d6101b15e3586330ba9623983dd4b8f502aadc70f38d121108a53,e8b3832b298d6101b15e3586330ba9623983dd4b8f502aadc70f38d121108a53,"{""basis"":""ordered source-target formula atom"",""kind"":""source-target-formula-map""}"
1.1.0,formula,O007-FREMLIN-V2-S265-FORMULA-0403,O007-FREMLIN-V2-S265,O007-RIGHTS-FREMLIN-DSL,O007-FREMLIN-V2-S265-SEG-265E,403,265E,265E,547,554,18879,18886,19945,19952,\mu_r,\mu_r,22d0564d0934fa50a036d1a1a19205b73b08bd642cd02246cedd243103436145,22d0564d0934fa50a036d1a1a19205b73b08bd642cd02246cedd243103436145,22d0564d0934fa50a036d1a1a19205b73b08bd642cd02246cedd243103436145,$,,22d0564d0934fa50a036d1a1a19205b73b08bd642cd02246cedd243103436145,22d0564d0934fa50a036d1a1a19205b73b08bd642cd02246cedd243103436145,"{""basis"":""ordered source-target formula atom"",""kind"":""source-target-formula-map""}"
1.1.0,formula,O007-FREMLIN-V2-S265-FORMULA-0404,O007-FREMLIN-V2-S265,O007-RIGHTS-FREMLIN-DSL,O007-FREMLIN-V2-S265-SEG-265E,404,265E,265E,547,555,18923,18930,19993,20000,\nu_r,\nu_r,e8b3832b298d6101b15e3586330ba9623983dd4b8f502aadc70f38d121108a53,e8b3832b298d6101b15e3586330ba9623983dd4b8f502aadc70f38d121108a53,e8b3832b298d6101b15e3586330ba9623983dd4b8f502aadc70f38d121108a53,$,,e8b3832b298d6101b15e3586330ba9623983dd4b8f502aadc70f38d121108a53,e8b3832b298d6101b15e3586330ba9623983dd4b8f502aadc70f38d121108a53,"{""basis"":""ordered source-target formula atom"",""kind"":""source-target-formula-map""}"
1.1.0,formula,O007-FREMLIN-V2-S265-FORMULA-0405,O007-FREMLIN-V2-S265,O007-RIGHTS-FREMLIN-DSL,O007-FREMLIN-V2-S265-SEG-265E,405,265E,265E,547,555,18934,18943,20006,20015,\phi[D],\phi[D],c8e46b8d4b28aa05b911c674eed410f2249788e37d830dd0ab829312968f18d0,c8e46b8d4b28aa05b911c674eed410f2249788e37d830dd0ab829312968f18d0,c8e46b8d4b28aa05b911c674eed410f2249788e37d830dd0ab829312968f18d0,$,,c8e46b8d4b28aa05b911c674eed410f2249788e37d830dd0ab829312968f18d0,c8e46b8d4b28aa05b911c674eed410f2249788e37d830dd0ab829312968f18d0,"{""basis"":""ordered source-target formula atom"",""kind"":""source-target-formula-map""}"
1.1.0,formula,O007-FREMLIN-V2-S265-FORMULA-0406,O007-FREMLIN-V2-S265,O007-RIGHTS-FREMLIN-DSL,O007-FREMLIN-V2-S265-SEG-265F,406,265F,265F,552,561,19155,19158,20270,20273,s,s,043a718774c572bd8a25adbeb1bfcd5c0256ae11cecf9f9c3f925d0e52beaf89,043a718774c572bd8a25adbeb1bfcd5c0256ae11cecf9f9c3f925d0e52beaf89,043a718774c572bd8a25adbeb1bfcd5c0256ae11cecf9f9c3f925d0e52beaf89,$,,043a718774c572bd8a25adbeb1bfcd5c0256ae11cecf9f9c3f925d0e52beaf89,043a718774c572bd8a25adbeb1bfcd5c0256ae11cecf9f9c3f925d0e52beaf89,"{""basis"":""ordered source-target formula atom"",""kind"":""source-target-formula-map""}"
1.1.0,formula,O007-FREMLIN-V2-S265-FORMULA-0407,O007-FREMLIN-V2-S265,O007-RIGHTS-FREMLIN-DSL,O007-FREMLIN-V2-S265-SEG-265F,407,265F,265F,553,561,19183,19191,20281,20289,r\ge 1,r\ge 1,10bc42d96f51887ea400533a0f6b343406ae6bb4aac04938120632d6289e30dc,10bc42d96f51887ea400533a0f6b343406ae6bb4aac04938120632d6289e30dc,48d931adc78b0f862d3435fd812b0154451317701e4ee6ece3563bbd6d25a196,$,,48d931adc78b0f862d3435fd812b0154451317701e4ee6ece3563bbd6d25a196,48d931adc78b0f862d3435fd812b0154451317701e4ee6ece3563bbd6d25a196,"{""basis"":""ordered source-target formula atom"",""kind"":""source-target-formula-map""}"
1.1.0,formula,O007-FREMLIN-V2-S265-FORMULA-0408,O007-FREMLIN-V2-S265,O007-RIGHTS-FREMLIN-DSL,O007-FREMLIN-V2-S265-SEG-265F,408,265F,265F,553,561,19196,19203,20294,20301,s=r+1,s=r+1,3bd9d1195ff4daa7f1e92728fe375fa351909e2966e7affbb83b2217378f40ac,3bd9d1195ff4daa7f1e92728fe375fa351909e2966e7affbb83b2217378f40ac,3bd9d1195ff4daa7f1e92728fe375fa351909e2966e7affbb83b2217378f40ac,$,,3bd9d1195ff4daa7f1e92728fe375fa351909e2966e7affbb83b2217378f40ac,3bd9d1195ff4daa7f1e92728fe375fa351909e2966e7affbb83b2217378f40ac,"{""basis"":""ordered source-target formula atom"",""kind"":""source-target-formula-map""}"
1.1.0,formula,O007-FREMLIN-V2-S265-FORMULA-0409,O007-FREMLIN-V2-S265,O007-RIGHTS-FREMLIN-DSL,O007-FREMLIN-V2-S265-SEG-265F,409,265F,265F,553,562,19214,19219,20313,20318,S_r,S_r,b37e9083bef6f61452abe87640eae9835be1e607ec37bff6b484f60f56d1b4e9,b37e9083bef6f61452abe87640eae9835be1e607ec37bff6b484f60f56d1b4e9,b37e9083bef6f61452abe87640eae9835be1e607ec37bff6b484f60f56d1b4e9,$,,b37e9083bef6f61452abe87640eae9835be1e607ec37bff6b484f60f56d1b4e9,b37e9083bef6f61452abe87640eae9835be1e607ec37bff6b484f60f56d1b4e9,"{""basis"":""ordered source-target formula atom"",""kind"":""source-target-formula-map""}"
1.1.0,formula,O007-FREMLIN-V2-S265-FORMULA-0410,O007-FREMLIN-V2-S265,O007-RIGHTS-FREMLIN-DSL,O007-FREMLIN-V2-S265-SEG-265F,410,265F,265F,554,562,19224,19258,20325,20359,"\{z:z\in\Bbb R^{r+1},\,\|z\|=1\}","\{z:z\in\Bbb R^{r+1},\,\|z\|=1\}",29067a33d02b2d714b0eb6ee4628f235d0752f0f3cd7c9c3f29e44e91d97a84e,29067a33d02b2d714b0eb6ee4628f235d0752f0f3cd7c9c3f29e44e91d97a84e,d78de2b9274c4d51a6294c2627639d10d3f25988519baa9e2491a6d6935edc2a,$,,d78de2b9274c4d51a6294c2627639d10d3f25988519baa9e2491a6d6935edc2a,d78de2b9274c4d51a6294c2627639d10d3f25988519baa9e2491a6d6935edc2a,"{""basis"":""ordered source-target formula atom"",""kind"":""source-target-formula-map""}"
1.1.0,formula,O007-FREMLIN-V2-S265-FORMULA-0411,O007-FREMLIN-V2-S265,O007-RIGHTS-FREMLIN-DSL,O007-FREMLIN-V2-S265-SEG-265F,411,265F,265F,554,563,19264,19267,20387,20390,r,r,454349e422f05297191ead13e21d3db520e5abef52055e4964b82fb213f593a1,454349e422f05297191ead13e21d3db520e5abef52055e4964b82fb213f593a1,454349e422f05297191ead13e21d3db520e5abef52055e4964b82fb213f593a1,$,,454349e422f05297191ead13e21d3db520e5abef52055e4964b82fb213f593a1,454349e422f05297191ead13e21d3db520e5abef52055e4964b82fb213f593a1,"{""basis"":""ordered source-target formula atom"",""kind"":""source-target-formula-map""}"
1.1.0,formula,O007-FREMLIN-V2-S265-FORMULA-0412,O007-FREMLIN-V2-S265,O007-RIGHTS-FREMLIN-DSL,O007-FREMLIN-V2-S265-SEG-265F,412,265F,265F,555,564,19302,19305,20446,20449,r,r,454349e422f05297191ead13e21d3db520e5abef52055e4964b82fb213f593a1,454349e422f05297191ead13e21d3db520e5abef52055e4964b82fb213f593a1,454349e422f05297191ead13e21d3db520e5abef52055e4964b82fb213f593a1,$,,454349e422f05297191ead13e21d3db520e5abef52055e4964b82fb213f593a1,454349e422f05297191ead13e21d3db520e5abef52055e4964b82fb213f593a1,"{""basis"":""ordered source-target formula atom"",""kind"":""source-target-formula-map""}"
1.1.0,formula,O007-FREMLIN-V2-S265-FORMULA-0413,O007-FREMLIN-V2-S265,O007-RIGHTS-FREMLIN-DSL,O007-FREMLIN-V2-S265-SEG-265F,413,265F,265F,555,564,19339,19344,20455,20460,S_r,S_r,b37e9083bef6f61452abe87640eae9835be1e607ec37bff6b484f60f56d1b4e9,b37e9083bef6f61452abe87640eae9835be1e607ec37bff6b484f60f56d1b4e9,b37e9083bef6f61452abe87640eae9835be1e607ec37bff6b484f60f56d1b4e9,$,,b37e9083bef6f61452abe87640eae9835be1e607ec37bff6b484f60f56d1b4e9,b37e9083bef6f61452abe87640eae9835be1e607ec37bff6b484f60f56d1b4e9,"{""basis"":""ordered source-target formula atom"",""kind"":""source-target-formula-map""}"
1.1.0,formula,O007-FREMLIN-V2-S265-FORMULA-0414,O007-FREMLIN-V2-S265,O007-RIGHTS-FREMLIN-DSL,O007-FREMLIN-V2-S265-SEG-265F,414,265F,265F,556,565,19348,19365,20468,20485,2\pi\beta_{r-1},2\pi\beta_{r-1},c6225c43f7140ea0e41af52640073f52019391f315fa5d8d2cb47a69e3886510,c6225c43f7140ea0e41af52640073f52019391f315fa5d8d2cb47a69e3886510,c6225c43f7140ea0e41af52640073f52019391f315fa5d8d2cb47a69e3886510,$,,c6225c43f7140ea0e41af52640073f52019391f315fa5d8d2cb47a69e3886510,c6225c43f7140ea0e41af52640073f52019391f315fa5d8d2cb47a69e3886510,"{""basis"":""ordered source-target formula atom"",""kind"":""source-target-formula-map""}"
1.1.0,formula,O007-FREMLIN-V2-S265-FORMULA-0415,O007-FREMLIN-V2-S265,O007-RIGHTS-FREMLIN-DSL,O007-FREMLIN-V2-S265-SEG-265F,415,265F,265F,556,565,19373,19386,20494,20507,\beta_{r-1},\beta_{r-1},3844bf17717fb48b1f3ccfbdc9610b97757c5f86450c0540b29b8cfb6dd41c02,3844bf17717fb48b1f3ccfbdc9610b97757c5f86450c0540b29b8cfb6dd41c02,3844bf17717fb48b1f3ccfbdc9610b97757c5f86450c0540b29b8cfb6dd41c02,$,,3844bf17717fb48b1f3ccfbdc9610b97757c5f86450c0540b29b8cfb6dd41c02,3844bf17717fb48b1f3ccfbdc9610b97757c5f86450c0540b29b8cfb6dd41c02,"{""basis"":""ordered source-target formula atom"",""kind"":""source-target-formula-map""}"
1.1.0,formula,O007-FREMLIN-V2-S265-FORMULA-0416,O007-FREMLIN-V2-S265,O007-RIGHTS-FREMLIN-DSL,O007-FREMLIN-V2-S265-SEG-265F,416,265F,265F,557,566,19421,19434,20532,20545,\BbbR^{r-1},\BbbR^{r-1},e829903e8d15e37c9da8161b6c94e80858aba2f0f1be793291aad7f25bcba965,e829903e8d15e37c9da8161b6c94e80858aba2f0f1be793291aad7f25bcba965,e829903e8d15e37c9da8161b6c94e80858aba2f0f1be793291aad7f25bcba965,$,,e829903e8d15e37c9da8161b6c94e80858aba2f0f1be793291aad7f25bcba965,e829903e8d15e37c9da8161b6c94e80858aba2f0f1be793291aad7f25bcba965,"{""basis"":""ordered source-target formula atom"",""kind"":""source-target-formula-map""}"
1.1.0,formula,O007-FREMLIN-V2-S265-FORMULA-0417,O007-FREMLIN-V2-S265,O007-RIGHTS-FREMLIN-DSL,O007-FREMLIN-V2-S265-SEG-265F,417,265F,265F,557,566,19449,19458,20566,20575,\beta_0,\beta_0,24182df1bf8329b92eb3ac739fea48424263060660f09e8742874238e4d822ad,24182df1bf8329b92eb3ac739fea48424263060660f09e8742874238e4d822ad,24182df1bf8329b92eb3ac739fea48424263060660f09e8742874238e4d822ad,$,,24182df1bf8329b92eb3ac739fea48424263060660f09e8742874238e4d822ad,24182df1bf8329b92eb3ac739fea48424263060660f09e8742874238e4d822ad,"{""basis"":""ordered source-target formula atom"",""kind"":""source-target-formula-map""}"
1.1.0,formula,O007-FREMLIN-V2-S265-FORMULA-0418,O007-FREMLIN-V2-S265,O007-RIGHTS-FREMLIN-DSL,O007-FREMLIN-V2-S265-SEG-265F,418,265F,265F,557,566,19462,19465,20584,20587,1,1,6b86b273ff34fce19d6b804eff5a3f5747ada4eaa22f1d49c01e52ddb7875b4b,6b86b273ff34fce19d6b804eff5a3f5747ada4eaa22f1d49c01e52ddb7875b4b,6b86b273ff34fce19d6b804eff5a3f5747ada4eaa22f1d49c01e52ddb7875b4b,$,,6b86b273ff34fce19d6b804eff5a3f5747ada4eaa22f1d49c01e52ddb7875b4b,6b86b273ff34fce19d6b804eff5a3f5747ada4eaa22f1d49c01e52ddb7875b4b,"{""basis"":""ordered source-target formula atom"",""kind"":""source-target-formula-map""}"
1.1.0,formula,O007-FREMLIN-V2-S265-FORMULA-0419,O007-FREMLIN-V2-S265,O007-RIGHTS-FREMLIN-DSL,O007-FREMLIN-V2-S265-SEG-265F,419,265F,265F,559,567,19501,19509,20626,20634,\phi_r,\phi_r,4f21d9503d51d4572b76661f96e2eb039e69894e65743805a8a203dd6c1ad405,4f21d9503d51d4572b76661f96e2eb039e69894e65743805a8a203dd6c1ad405,4f21d9503d51d4572b76661f96e2eb039e69894e65743805a8a203dd6c1ad405,$,,4f21d9503d51d4572b76661f96e2eb039e69894e65743805a8a203dd6c1ad405,4f21d9503d51d4572b76661f96e2eb039e69894e65743805a8a203dd6c1ad405,"{""basis"":""ordered source-target formula atom"",""kind"":""source-target-formula-map""}"
1.1.0,formula,O007-FREMLIN-V2-S265-FORMULA-0420,O007-FREMLIN-V2-S265,O007-RIGHTS-FREMLIN-DSL,O007-FREMLIN-V2-S265-SEG-265F,420,265F,265F,559,567,19513,19518,20640,20645,S_r,S_r,b37e9083bef6f61452abe87640eae9835be1e607ec37bff6b484f60f56d1b4e9,b37e9083bef6f61452abe87640eae9835be1e607ec37bff6b484f60f56d1b4e9,b37e9083bef6f61452abe87640eae9835be1e607ec37bff6b484f60f56d1b4e9,$,,b37e9083bef6f61452abe87640eae9835be1e607ec37bff6b484f60f56d1b4e9,b37e9083bef6f61452abe87640eae9835be1e607ec37bff6b484f60f56d1b4e9,"{""basis"":""ordered source-target formula atom"",""kind"":""source-target-formula-map""}"
1.1.0,formula,O007-FREMLIN-V2-S265-FORMULA-0421,O007-FREMLIN-V2-S265,O007-RIGHTS-FREMLIN-DSL,O007-FREMLIN-V2-S265-SEG-265F,421,265F,265F,561,570,19537,19825,20680,20968,"\phi_r\Matrix{\xi_1\\ \xi_2\\ \ldots \\ \ldots \\ \ldots\\ \xi_r}
=\Matrix{\sin\xi_1\sin\xi_2\sin\xi_3\ldots\sin\xi_r\\
\cos\xi_1\sin\xi_2\sin\xi_3\ldots\sin\xi_r\\
\cos\xi_2\sin\xi_3\ldots\sin\xi_r\\
\ldots\\
\cos\xi_{r-2}\sin\xi_{r-1}\sin\xi_r\\
\cos\xi_{r-1}\sin\xi_r\\
\cos\xi_r}.","\phi_r\Matrix{\xi_1\\ \xi_2\\ \ldots \\ \ldots \\ \ldots\\ \xi_r}
=\Matrix{\sin\xi_1\sin\xi_2\sin\xi_3\ldots\sin\xi_r\\
\cos\xi_1\sin\xi_2\sin\xi_3\ldots\sin\xi_r\\
\cos\xi_2\sin\xi_3\ldots\sin\xi_r\\
\ldots\\
\cos\xi_{r-2}\sin\xi_{r-1}\sin\xi_r\\
\cos\xi_{r-1}\sin\xi_r\\
\cos\xi_r}.",996f301f73e5d04baa7174dca453d9397e1a47869aea7326fea54bbcb9904dc0,996f301f73e5d04baa7174dca453d9397e1a47869aea7326fea54bbcb9904dc0,891c28e998317831172fcd9c08ac07bf5b33c0599a581b051fb6871b85ebe0ce,$$,,891c28e998317831172fcd9c08ac07bf5b33c0599a581b051fb6871b85ebe0ce,891c28e998317831172fcd9c08ac07bf5b33c0599a581b051fb6871b85ebe0ce,"{""basis"":""ordered source-target formula atom"",""kind"":""source-target-formula-map""}"
1.1.0,formula,O007-FREMLIN-V2-S265-FORMULA-0422,O007-FREMLIN-V2-S265,O007-RIGHTS-FREMLIN-DSL,O007-FREMLIN-V2-S265-SEG-265F,422,265F,265F,573,582,19943,20010,21104,21171,"\phi_{r+1}\Matrix{x\\ \xi}
=\Matrix{\sin\xi\,\phi_r(x)\\ \cos\xi}","\phi_{r+1}\Matrix{x\\ \xi}
=\Matrix{\sin\xi\,\phi_r(x)\\ \cos\xi}",56d8752a58bdfd55dbff18243c892bf85d95af5dc668ababfb8431a35e48c768,56d8752a58bdfd55dbff18243c892bf85d95af5dc668ababfb8431a35e48c768,eb39b66ddcfa9142576544ddec09e05e128cee122ce575902cb00a5baef68142,$,,eb39b66ddcfa9142576544ddec09e05e128cee122ce575902cb00a5baef68142,eb39b66ddcfa9142576544ddec09e05e128cee122ce575902cb00a5baef68142,"{""basis"":""ordered source-target formula atom"",""kind"":""source-target-formula-map""}"
1.1.0,formula,O007-FREMLIN-V2-S265-FORMULA-0423,O007-FREMLIN-V2-S265,O007-RIGHTS-FREMLIN-DSL,O007-FREMLIN-V2-S265-SEG-265F,423,265F,265F,575,584,20026,20039,21189,21202,x\in\BbbR^r,x\in\BbbR^r,28a5c24eff3f773cb7f1b8cb06abe0257fd7f24074f24012e181e6e939b1a5cc,28a5c24eff3f773cb7f1b8cb06abe0257fd7f24074f24012e181e6e939b1a5cc,28a5c24eff3f773cb7f1b8cb06abe0257fd7f24074f24012e181e6e939b1a5cc,$,,28a5c24eff3f773cb7f1b8cb06abe0257fd7f24074f24012e181e6e939b1a5cc,28a5c24eff3f773cb7f1b8cb06abe0257fd7f24074f24012e181e6e939b1a5cc,"{""basis"":""ordered source-target formula atom"",""kind"":""source-target-formula-map""}"
1.1.0,formula,O007-FREMLIN-V2-S265-FORMULA-0424,O007-FREMLIN-V2-S265,O007-RIGHTS-FREMLIN-DSL,O007-FREMLIN-V2-S265-SEG-265F,424,265F,265F,575,584,20041,20055,21204,21218,\xi\in\Bbb R,\xi\in\Bbb R,36ce32365a0580c0dc1d08c6f19309f5c2f234ac8cd77000645fcef36cdc5408,36ce32365a0580c0dc1d08c6f19309f5c2f234ac8cd77000645fcef36cdc5408,aaf33b8c6b33194d274d2a194119ae7874471c9a52e4fb5c4b918fc87dffb10b,$,,aaf33b8c6b33194d274d2a194119ae7874471c9a52e4fb5c4b918fc87dffb10b,aaf33b8c6b33194d274d2a194119ae7874471c9a52e4fb5c4b918fc87dffb10b,"{""basis"":""ordered source-target formula atom"",""kind"":""source-target-formula-map""}"
1.1.0,formula,O007-FREMLIN-V2-S265-FORMULA-0425,O007-FREMLIN-V2-S265,O007-RIGHTS-FREMLIN-DSL,O007-FREMLIN-V2-S265-SEG-265F,425,265F,265F,575,584,20065,20073,21227,21235,\phi_r,\phi_r,4f21d9503d51d4572b76661f96e2eb039e69894e65743805a8a203dd6c1ad405,4f21d9503d51d4572b76661f96e2eb039e69894e65743805a8a203dd6c1ad405,4f21d9503d51d4572b76661f96e2eb039e69894e65743805a8a203dd6c1ad405,$,,4f21d9503d51d4572b76661f96e2eb039e69894e65743805a8a203dd6c1ad405,4f21d9503d51d4572b76661f96e2eb039e69894e65743805a8a203dd6c1ad405,"{""basis"":""ordered source-target formula atom"",""kind"":""source-target-formula-map""}"
1.1.0,formula,O007-FREMLIN-V2-S265-FORMULA-0426,O007-FREMLIN-V2-S265,O007-RIGHTS-FREMLIN-DSL,O007-FREMLIN-V2-S265-SEG-265F,426,265F,265F,578,587,20116,20273,21296,21457,"\eqalign{D_r
=\{x:\xi_1&\in\ocint{-\pi,\pi},\,\xi_2,\ldots,\xi_r\in[0,\pi],\cr
&\text{ if }\xi_j\in\{0,\pi\}\text{ then }
  \xi_i=0\text{ for }i<j\},\cr}","\eqalign{D_r
=\{x:\xi_1&\in\ocint{-\pi,\pi},\,\xi_2,\ldots,\xi_r\in[0,\pi],\cr
&\text{ jika }\xi_j\in\{0,\pi\}\text{ maka }
  \xi_i=0\text{ untuk }i<j\},\cr}",bfc8cb29ca75217fb77c5f4e88da15847ad8b1926837e93470b900c1e8263496,f3c060ab5bd31de2e1b7aed7089f37968e04dc26616b08f8ef3291a5b5f6395e,a57801b0ae1342a53d22b1a3913b78742500474dbe436a0c2762d8562544e7cf,$$,,a57801b0ae1342a53d22b1a3913b78742500474dbe436a0c2762d8562544e7cf,a57801b0ae1342a53d22b1a3913b78742500474dbe436a0c2762d8562544e7cf,"{""basis"":""ordered source-target formula atom"",""kind"":""source-target-formula-map""}"
1.1.0,formula,O007-FREMLIN-V2-S265-FORMULA-0427,O007-FREMLIN-V2-S265,O007-RIGHTS-FREMLIN-DSL,O007-FREMLIN-V2-S265-SEG-265F,427,265F,265F,583,592,20315,20320,21496,21501,D_r,D_r,237fc9015f157bd3c68a7bc02d02934ff8a7d2aa185a067a9dd43a36e8589257,237fc9015f157bd3c68a7bc02d02934ff8a7d2aa185a067a9dd43a36e8589257,237fc9015f157bd3c68a7bc02d02934ff8a7d2aa185a067a9dd43a36e8589257,$,,237fc9015f157bd3c68a7bc02d02934ff8a7d2aa185a067a9dd43a36e8589257,237fc9015f157bd3c68a7bc02d02934ff8a7d2aa185a067a9dd43a36e8589257,"{""basis"":""ordered source-target formula atom"",""kind"":""source-target-formula-map""}"
1.1.0,formula,O007-FREMLIN-V2-S265-FORMULA-0428,O007-FREMLIN-V2-S265,O007-RIGHTS-FREMLIN-DSL,O007-FREMLIN-V2-S265-SEG-265F,428,265F,265F,584,593,20342,20352,21536,21546,\Bbb R^r,\Bbb R^r,3f1a406096643473870c1e6e22d1a9a801f64f617cc58150f3ee86fba15dffe4,3f1a406096643473870c1e6e22d1a9a801f64f617cc58150f3ee86fba15dffe4,6a5173578402ab704fe0e78c24a3f6f09fe9ed2c7ea0fbe574d688249eb91ed7,$,,6a5173578402ab704fe0e78c24a3f6f09fe9ed2c7ea0fbe574d688249eb91ed7,6a5173578402ab704fe0e78c24a3f6f09fe9ed2c7ea0fbe574d688249eb91ed7,"{""basis"":""ordered source-target formula atom"",""kind"":""source-target-formula-map""}"
1.1.0,formula,O007-FREMLIN-V2-S265-FORMULA-0429,O007-FREMLIN-V2-S265,O007-RIGHTS-FREMLIN-DSL,O007-FREMLIN-V2-S265-SEG-265F,429,265F,265F,584,593,20362,20380,21551,21569,\phi_r\restr D_r,\phi_r\restr D_r,cb4dbb263e14a6408835f40098a9cd501cd3d56c5dca84e92b95e5e785690fdb,cb4dbb263e14a6408835f40098a9cd501cd3d56c5dca84e92b95e5e785690fdb,f7c7cdd86d59e1285ad5b7481214f001a8f2ad0b18bdcebedc7651e4f826589b,$,,f7c7cdd86d59e1285ad5b7481214f001a8f2ad0b18bdcebedc7651e4f826589b,f7c7cdd86d59e1285ad5b7481214f001a8f2ad0b18bdcebedc7651e4f826589b,"{""basis"":""ordered source-target formula atom"",""kind"":""source-target-formula-map""}"
1.1.0,formula,O007-FREMLIN-V2-S265-FORMULA-0430,O007-FREMLIN-V2-S265,O007-RIGHTS-FREMLIN-DSL,O007-FREMLIN-V2-S265-SEG-265F,430,265F,265F,584,593,20404,20409,21592,21597,D_r,D_r,237fc9015f157bd3c68a7bc02d02934ff8a7d2aa185a067a9dd43a36e8589257,237fc9015f157bd3c68a7bc02d02934ff8a7d2aa185a067a9dd43a36e8589257,237fc9015f157bd3c68a7bc02d02934ff8a7d2aa185a067a9dd43a36e8589257,$,,237fc9015f157bd3c68a7bc02d02934ff8a7d2aa185a067a9dd43a36e8589257,237fc9015f157bd3c68a7bc02d02934ff8a7d2aa185a067a9dd43a36e8589257,"{""basis"":""ordered source-target formula atom"",""kind"":""source-target-formula-map""}"
1.1.0,formula,O007-FREMLIN-V2-S265-FORMULA-0431,O007-FREMLIN-V2-S265,O007-RIGHTS-FREMLIN-DSL,O007-FREMLIN-V2-S265-SEG-265F,431,265F,265F,586,594,20414,20419,21602,21607,S_r,S_r,b37e9083bef6f61452abe87640eae9835be1e607ec37bff6b484f60f56d1b4e9,b37e9083bef6f61452abe87640eae9835be1e607ec37bff6b484f60f56d1b4e9,b37e9083bef6f61452abe87640eae9835be1e607ec37bff6b484f60f56d1b4e9,$,,b37e9083bef6f61452abe87640eae9835be1e607ec37bff6b484f60f56d1b4e9,b37e9083bef6f61452abe87640eae9835be1e607ec37bff6b484f60f56d1b4e9,"{""basis"":""ordered source-target formula atom"",""kind"":""source-target-formula-map""}"
1.1.0,formula,O007-FREMLIN-V2-S265-FORMULA-0432,O007-FREMLIN-V2-S265,O007-RIGHTS-FREMLIN-DSL,O007-FREMLIN-V2-S265-SEG-265F,432,265F,265F,586,594,20429,20437,21627,21635,T_r(x),T_r(x),a4aedee6a869f1dc0833c0ade2aa87866f4ed19878f3ad0d770c4329365ef38e,a4aedee6a869f1dc0833c0ade2aa87866f4ed19878f3ad0d770c4329365ef38e,a4aedee6a869f1dc0833c0ade2aa87866f4ed19878f3ad0d770c4329365ef38e,$,,a4aedee6a869f1dc0833c0ade2aa87866f4ed19878f3ad0d770c4329365ef38e,a4aedee6a869f1dc0833c0ade2aa87866f4ed19878f3ad0d770c4329365ef38e,"{""basis"":""ordered source-target formula atom"",""kind"":""source-target-formula-map""}"
1.1.0,formula,O007-FREMLIN-V2-S265-FORMULA-0433,O007-FREMLIN-V2-S265,O007-RIGHTS-FREMLIN-DSL,O007-FREMLIN-V2-S265-SEG-265F,433,265F,265F,586,594,20445,20460,21651,21666,(r+1)\times r,(r+1)\times r,7226c3baa868ac4b69bc67892be7eff321fb50c1848cca8d09d0a63829365040,7226c3baa868ac4b69bc67892be7eff321fb50c1848cca8d09d0a63829365040,dfb8088a3245a70156f05ce0f9c26ced8469fc6f9efc232608402379ade9dff1,$,,dfb8088a3245a70156f05ce0f9c26ced8469fc6f9efc232608402379ade9dff1,dfb8088a3245a70156f05ce0f9c26ced8469fc6f9efc232608402379ade9dff1,"{""basis"":""ordered source-target formula atom"",""kind"":""source-target-formula-map""}"
1.1.0,formula,O007-FREMLIN-V2-S265-FORMULA-0434,O007-FREMLIN-V2-S265,O007-RIGHTS-FREMLIN-DSL,O007-FREMLIN-V2-S265-SEG-265F,434,265F,265F,586,595,20468,20480,21667,21679,\phi_r'(x),\phi_r'(x),72d4029bfa9829cb45912d78d5edaac29f800769f9332de040dde0db822da058,72d4029bfa9829cb45912d78d5edaac29f800769f9332de040dde0db822da058,72d4029bfa9829cb45912d78d5edaac29f800769f9332de040dde0db822da058,$,,72d4029bfa9829cb45912d78d5edaac29f800769f9332de040dde0db822da058,72d4029bfa9829cb45912d78d5edaac29f800769f9332de040dde0db822da058,"{""basis"":""ordered source-target formula atom"",""kind"":""source-target-formula-map""}"
1.1.0,formula,O007-FREMLIN-V2-S265-FORMULA-0435,O007-FREMLIN-V2-S265,O007-RIGHTS-FREMLIN-DSL,O007-FREMLIN-V2-S265-SEG-265F,435,265F,265F,589,597,20488,20613,21687,21812,"T_{r+1}\Matrix{x\\ \xi}=\Matrix{\sin\xi\,T_r(x)&\cos\xi\,\phi_r(x)\\
                                  \tbf{0}&-\sin\xi}.","T_{r+1}\Matrix{x\\ \xi}=\Matrix{\sin\xi\,T_r(x)&\cos\xi\,\phi_r(x)\\
                                  \tbf{0}&-\sin\xi}.",ffa3800239e3902cd701c5bccbed0ae35b2741448ea58fc4c621f4e9bcfd721d,ffa3800239e3902cd701c5bccbed0ae35b2741448ea58fc4c621f4e9bcfd721d,6564c2ecf3dcf05f6309fd92d8705210f5664d357e2570443265cfd060dd2a16,$$,,6564c2ecf3dcf05f6309fd92d8705210f5664d357e2570443265cfd060dd2a16,6564c2ecf3dcf05f6309fd92d8705210f5664d357e2570443265cfd060dd2a16,"{""basis"":""ordered source-target formula atom"",""kind"":""source-target-formula-map""}"
1.1.0,formula,O007-FREMLIN-V2-S265-FORMULA-0436,O007-FREMLIN-V2-S265,O007-RIGHTS-FREMLIN-DSL,O007-FREMLIN-V2-S265-SEG-265F,436,265F,265F,594,602,20629,20846,21830,22047,"(T_{r+1}\Matrix{x\\ \xi})\trs T_{r+1}\Matrix{x\\ \xi}
=\Matrix{\sin^2\xi\,T_r(x)\trs T_r(x)&\sin\xi\cos\xi\,T_r(x)\trs \phi_r(x)\\
\cos\xi\sin\xi\,\phi_r(x)\trs T_r(x)&\cos^2\xi\phi_r(x)\trs \phi_r(x)+\sin^2\xi}
.","(T_{r+1}\Matrix{x\\ \xi})\trs T_{r+1}\Matrix{x\\ \xi}
=\Matrix{\sin^2\xi\,T_r(x)\trs T_r(x)&\sin\xi\cos\xi\,T_r(x)\trs \phi_r(x)\\
\cos\xi\sin\xi\,\phi_r(x)\trs T_r(x)&\cos^2\xi\phi_r(x)\trs \phi_r(x)+\sin^2\xi}
.",8c9ce6ca050da1c6e81dec9220ee6717cc5c8fec637fd5ba8972c7722f2c24f5,8c9ce6ca050da1c6e81dec9220ee6717cc5c8fec637fd5ba8972c7722f2c24f5,490cb01896da9f2499cc6edcf844baf7b75374756b410d953ded9fe675083b9e,$$,,490cb01896da9f2499cc6edcf844baf7b75374756b410d953ded9fe675083b9e,490cb01896da9f2499cc6edcf844baf7b75374756b410d953ded9fe675083b9e,"{""basis"":""ordered source-target formula atom"",""kind"":""source-target-formula-map""}"
1.1.0,formula,O007-FREMLIN-V2-S265-FORMULA-0437,O007-FREMLIN-V2-S265,O007-RIGHTS-FREMLIN-DSL,O007-FREMLIN-V2-S265-SEG-265F,437,265F,265F,599,608,20872,20915,22076,22119,\phi_r(x)\trs \phi_r(x)=\|\phi_r(x)\|^2=1,\phi_r(x)\trs \phi_r(x)=\|\phi_r(x)\|^2=1,a199d24a54843deb193d34da8c28398915b8e0a2db9bb1049980e782369fd3cc,a199d24a54843deb193d34da8c28398915b8e0a2db9bb1049980e782369fd3cc,5e100619b3ac114f0321699109e9d643606e77a0707fdc784e617558661d696f,$,,5e100619b3ac114f0321699109e9d643606e77a0707fdc784e617558661d696f,5e100619b3ac114f0321699109e9d643606e77a0707fdc784e617558661d696f,"{""basis"":""ordered source-target formula atom"",""kind"":""source-target-formula-map""}"
1.1.0,formula,O007-FREMLIN-V2-S265-FORMULA-0438,O007-FREMLIN-V2-S265,O007-RIGHTS-FREMLIN-DSL,O007-FREMLIN-V2-S265-SEG-265F,438,265F,265F,600,608,20926,20929,22133,22136,x,x,2d711642b726b04401627ca9fbac32f5c8530fb1903cc4db02258717921a4881,2d711642b726b04401627ca9fbac32f5c8530fb1903cc4db02258717921a4881,2d711642b726b04401627ca9fbac32f5c8530fb1903cc4db02258717921a4881,$,,2d711642b726b04401627ca9fbac32f5c8530fb1903cc4db02258717921a4881,2d711642b726b04401627ca9fbac32f5c8530fb1903cc4db02258717921a4881,"{""basis"":""ordered source-target formula atom"",""kind"":""source-target-formula-map""}"
1.1.0,formula,O007-FREMLIN-V2-S265-FORMULA-0439,O007-FREMLIN-V2-S265,O007-RIGHTS-FREMLIN-DSL,O007-FREMLIN-V2-S265-SEG-265F,439,265F,265F,600,609,20987,20990,22194,22197,x,x,2d711642b726b04401627ca9fbac32f5c8530fb1903cc4db02258717921a4881,2d711642b726b04401627ca9fbac32f5c8530fb1903cc4db02258717921a4881,2d711642b726b04401627ca9fbac32f5c8530fb1903cc4db02258717921a4881,$,,2d711642b726b04401627ca9fbac32f5c8530fb1903cc4db02258717921a4881,2d711642b726b04401627ca9fbac32f5c8530fb1903cc4db02258717921a4881,"{""basis"":""ordered source-target formula atom"",""kind"":""source-target-formula-map""}"
1.1.0,formula,O007-FREMLIN-V2-S265-FORMULA-0440,O007-FREMLIN-V2-S265,O007-RIGHTS-FREMLIN-DSL,O007-FREMLIN-V2-S265-SEG-265F,440,265F,265F,601,610,21005,21035,22216,22246,T_r(x)\trs \phi_r(x)=\tbf{0},T_r(x)\trs \phi_r(x)=\tbf{0},45461c6d23186a446be101499ea9a7fcf4960e8c2c29b9b6bc1964156a519224,45461c6d23186a446be101499ea9a7fcf4960e8c2c29b9b6bc1964156a519224,b69e7acb14e2750fab52401995622b0409a7f48b7d3a6ab2bcff72229e13eb9c,$,,b69e7acb14e2750fab52401995622b0409a7f48b7d3a6ab2bcff72229e13eb9c,b69e7acb14e2750fab52401995622b0409a7f48b7d3a6ab2bcff72229e13eb9c,"{""basis"":""ordered source-target formula atom"",""kind"":""source-target-formula-map""}"
1.1.0,formula,O007-FREMLIN-V2-S265-FORMULA-0441,O007-FREMLIN-V2-S265,O007-RIGHTS-FREMLIN-DSL,O007-FREMLIN-V2-S265-SEG-265F,441,265F,265F,601,611,21037,21067,22248,22278,\phi_r(x)\trs T_r(x)=\tbf{0},\phi_r(x)\trs T_r(x)=\tbf{0},01bdb1c7154465153bdceff2b749b3592f1bec3b685cc756dbc43dc8b5477ad4,01bdb1c7154465153bdceff2b749b3592f1bec3b685cc756dbc43dc8b5477ad4,d96c7512c2343430927d536f8801fc5fb54a26585a17808d383cb9d4ce06fa7e,$,,d96c7512c2343430927d536f8801fc5fb54a26585a17808d383cb9d4ce06fa7e,d96c7512c2343430927d536f8801fc5fb54a26585a17808d383cb9d4ce06fa7e,"{""basis"":""ordered source-target formula atom"",""kind"":""source-target-formula-map""}"
1.1.0,formula,O007-FREMLIN-V2-S265-FORMULA-0442,O007-FREMLIN-V2-S265,O007-RIGHTS-FREMLIN-DSL,O007-FREMLIN-V2-S265-SEG-265F,442,265F,265F,603,613,21082,21199,22302,22419,"(T_{r+1}\Matrix{x\\ \xi})\trs T_{r+1}\Matrix{x\\ \xi}
=\Matrix{\sin^2\xi\,T_r(x)\trs T_r(x)&\tbf{0}\\
\tbf{0}&1},","(T_{r+1}\Matrix{x\\ \xi})\trs T_{r+1}\Matrix{x\\ \xi}
=\Matrix{\sin^2\xi\,T_r(x)\trs T_r(x)&\tbf{0}\\
\tbf{0}&1},",df5bf9ba7241cb8f8224aa9e025d9747b6376ec81229e4803fcafc4d1ff9a47d,df5bf9ba7241cb8f8224aa9e025d9747b6376ec81229e4803fcafc4d1ff9a47d,ef62a874a1f24c116b3ba8e79f042ef77c3769e5e16ff0f98b02d83f2d2a8d4f,$$,,ef62a874a1f24c116b3ba8e79f042ef77c3769e5e16ff0f98b02d83f2d2a8d4f,ef62a874a1f24c116b3ba8e79f042ef77c3769e5e16ff0f98b02d83f2d2a8d4f,"{""basis"":""ordered source-target formula atom"",""kind"":""source-target-formula-map""}"
1.1.0,formula,O007-FREMLIN-V2-S265-FORMULA-0443,O007-FREMLIN-V2-S265,O007-RIGHTS-FREMLIN-DSL,O007-FREMLIN-V2-S265-SEG-265F,443,265F,265F,607,618,21223,21261,22451,22489,J_r(x)=\sqrt{\det T_r(x)\trs T_r(x)},J_r(x)=\sqrt{\det T_r(x)\trs T_r(x)},b13c4d79d9847958e4fc326ca059325369e24fac2e0206dbed96170a324719b0,b13c4d79d9847958e4fc326ca059325369e24fac2e0206dbed96170a324719b0,fde5371721c7f81a25b594b9e7d1b727304ac64f14fca1ece2bb273b2a037dac,$,,fde5371721c7f81a25b594b9e7d1b727304ac64f14fca1ece2bb273b2a037dac,fde5371721c7f81a25b594b9e7d1b727304ac64f14fca1ece2bb273b2a037dac,"{""basis"":""ordered source-target formula atom"",""kind"":""source-target-formula-map""}"
1.1.0,formula,O007-FREMLIN-V2-S265-FORMULA-0444,O007-FREMLIN-V2-S265,O007-RIGHTS-FREMLIN-DSL,O007-FREMLIN-V2-S265-SEG-265F,444,265F,265F,609,620,21264,21310,22492,22538,J_{r+1}\Matrix{x\\ \xi}=|\sin^r\xi|J_r(x).,J_{r+1}\Matrix{x\\ \xi}=|\sin^r\xi|J_r(x).,42d8bd633a95f0c212e95888622bb94607c67aa36791cd5e477701ab096d7c24,42d8bd633a95f0c212e95888622bb94607c67aa36791cd5e477701ab096d7c24,0851bfe34aa81f1799ab42f55a7350b9a54ae8e365675ac50fb140910da5055a,$$,,0851bfe34aa81f1799ab42f55a7350b9a54ae8e365675ac50fb140910da5055a,0851bfe34aa81f1799ab42f55a7350b9a54ae8e365675ac50fb140910da5055a,"{""basis"":""ordered source-target formula atom"",""kind"":""source-target-formula-map""}"
1.1.0,formula,O007-FREMLIN-V2-S265-FORMULA-0445,O007-FREMLIN-V2-S265,O007-RIGHTS-FREMLIN-DSL,O007-FREMLIN-V2-S265-SEG-265F,445,265F,265F,611,622,21339,21342,22583,22586,r,r,454349e422f05297191ead13e21d3db520e5abef52055e4964b82fb213f593a1,454349e422f05297191ead13e21d3db520e5abef52055e4964b82fb213f593a1,454349e422f05297191ead13e21d3db520e5abef52055e4964b82fb213f593a1,$,,454349e422f05297191ead13e21d3db520e5abef52055e4964b82fb213f593a1,454349e422f05297191ead13e21d3db520e5abef52055e4964b82fb213f593a1,"{""basis"":""ordered source-target formula atom"",""kind"":""source-target-formula-map""}"
1.1.0,formula,O007-FREMLIN-V2-S265-FORMULA-0446,O007-FREMLIN-V2-S265,O007-RIGHTS-FREMLIN-DSL,O007-FREMLIN-V2-S265-SEG-265F,446,265F,265F,613,624,21368,21429,22620,22681,"J_r(x)
=|\sin^{r-1}\xi_r\sin^{r-2}\xi_{r-1}\ldots\sin\xi_2|","J_r(x)
=|\sin^{r-1}\xi_r\sin^{r-2}\xi_{r-1}\ldots\sin\xi_2|",6d8c526621488987e2e2f7cecab428b127f0fa1bbe179029d7894a037246802c,6d8c526621488987e2e2f7cecab428b127f0fa1bbe179029d7894a037246802c,4d57d55d9cd781bd37bc33abe9a06a6ec37c935ffded9f7b52774328ed906af8,$,,4d57d55d9cd781bd37bc33abe9a06a6ec37c935ffded9f7b52774328ed906af8,4d57d55d9cd781bd37bc33abe9a06a6ec37c935ffded9f7b52774328ed906af8,"{""basis"":""ordered source-target formula atom"",""kind"":""source-target-formula-map""}"
1.1.0,formula,O007-FREMLIN-V2-S265-FORMULA-0447,O007-FREMLIN-V2-S265,O007-RIGHTS-FREMLIN-DSL,O007-FREMLIN-V2-S265-SEG-265F,447,265F,265F,616,627,21494,21499,22742,22747,r=1,r=1,55f8fe51377aded4d32f31b7033560ff8f87458387f40b16b9cb58d9c268f443,55f8fe51377aded4d32f31b7033560ff8f87458387f40b16b9cb58d9c268f443,55f8fe51377aded4d32f31b7033560ff8f87458387f40b16b9cb58d9c268f443,$,,55f8fe51377aded4d32f31b7033560ff8f87458387f40b16b9cb58d9c268f443,55f8fe51377aded4d32f31b7033560ff8f87458387f40b16b9cb58d9c268f443,"{""basis"":""ordered source-target formula atom"",""kind"":""source-target-formula-map""}"
1.1.0,formula,O007-FREMLIN-V2-S265-FORMULA-0448,O007-FREMLIN-V2-S265,O007-RIGHTS-FREMLIN-DSL,O007-FREMLIN-V2-S265-SEG-265F,448,265F,265F,617,628,21521,21557,22769,22805,\phi_1(x)=\Matrix{\sin x\\ \cos x},\phi_1(x)=\Matrix{\sin x\\ \cos x},e348ef2e5235369be21ed550706a6225ce559e103275766b97640f944aabb888,e348ef2e5235369be21ed550706a6225ce559e103275766b97640f944aabb888,7fb12d0bd15a6527890e552a482e15e6bcb61d2958dfe8aaf3c68492f4803170,$,,7fb12d0bd15a6527890e552a482e15e6bcb61d2958dfe8aaf3c68492f4803170,7fb12d0bd15a6527890e552a482e15e6bcb61d2958dfe8aaf3c68492f4803170,"{""basis"":""ordered source-target formula atom"",""kind"":""source-target-formula-map""}"
1.1.0,formula,O007-FREMLIN-V2-S265-FORMULA-0449,O007-FREMLIN-V2-S265,O007-RIGHTS-FREMLIN-DSL,O007-FREMLIN-V2-S265-SEG-265F,449,265F,265F,619,630,21590,21624,22838,22872,T_1(x)=\Matrix{\cos x\\ -\sin x},T_1(x)=\Matrix{\cos x\\ -\sin x},0f0a9717558e528f87fd898f710f62d8729027470e6ff202641db7ff82978574,0f0a9717558e528f87fd898f710f62d8729027470e6ff202641db7ff82978574,9afbb20437abddc7f7c571bd0e8658499c668ebe07d29df3a7184ccf50ed8904,$,,9afbb20437abddc7f7c571bd0e8658499c668ebe07d29df3a7184ccf50ed8904,9afbb20437abddc7f7c571bd0e8658499c668ebe07d29df3a7184ccf50ed8904,"{""basis"":""ordered source-target formula atom"",""kind"":""source-target-formula-map""}"
1.1.0,formula,O007-FREMLIN-V2-S265-FORMULA-0450,O007-FREMLIN-V2-S265,O007-RIGHTS-FREMLIN-DSL,O007-FREMLIN-V2-S265-SEG-265F,450,265F,265F,621,632,21657,21678,22905,22926,T_1(x)\trs T_1(x)=1,T_1(x)\trs T_1(x)=1,51fb521158ad90ca7410e4ae825746fb35d7e4d7c228c5e5b00a34fbca31dbc5,51fb521158ad90ca7410e4ae825746fb35d7e4d7c228c5e5b00a34fbca31dbc5,4b4ddaee458a2f0ee15a733a674d0ac8e83d963793fd1bb291aac234281278f2,$,,4b4ddaee458a2f0ee15a733a674d0ac8e83d963793fd1bb291aac234281278f2,4b4ddaee458a2f0ee15a733a674d0ac8e83d963793fd1bb291aac234281278f2,"{""basis"":""ordered source-target formula atom"",""kind"":""source-target-formula-map""}"
1.1.0,formula,O007-FREMLIN-V2-S265-FORMULA-0451,O007-FREMLIN-V2-S265,O007-RIGHTS-FREMLIN-DSL,O007-FREMLIN-V2-S265-SEG-265F,451,265F,265F,623,634,21711,21721,22959,22969,J_1(x)=1,J_1(x)=1,1956d1be7b8015316e8688d015c81dbcf1eb5dba4cca4bdebdae86382d3db651,1956d1be7b8015316e8688d015c81dbcf1eb5dba4cca4bdebdae86382d3db651,1956d1be7b8015316e8688d015c81dbcf1eb5dba4cca4bdebdae86382d3db651,$,,1956d1be7b8015316e8688d015c81dbcf1eb5dba4cca4bdebdae86382d3db651,1956d1be7b8015316e8688d015c81dbcf1eb5dba4cca4bdebdae86382d3db651,"{""basis"":""ordered source-target formula atom"",""kind"":""source-target-formula-map""}"
1.1.0,formula,O007-FREMLIN-V2-S265-FORMULA-0452,O007-FREMLIN-V2-S265,O007-RIGHTS-FREMLIN-DSL,O007-FREMLIN-V2-S265-SEG-265F,452,265F,265F,625,636,21757,21762,23005,23010,S_r,S_r,b37e9083bef6f61452abe87640eae9835be1e607ec37bff6b484f60f56d1b4e9,b37e9083bef6f61452abe87640eae9835be1e607ec37bff6b484f60f56d1b4e9,b37e9083bef6f61452abe87640eae9835be1e607ec37bff6b484f60f56d1b4e9,$,,b37e9083bef6f61452abe87640eae9835be1e607ec37bff6b484f60f56d1b4e9,b37e9083bef6f61452abe87640eae9835be1e607ec37bff6b484f60f56d1b4e9,"{""basis"":""ordered source-target formula atom"",""kind"":""source-target-formula-map""}"
1.1.0,formula,O007-FREMLIN-V2-S265-FORMULA-0453,O007-FREMLIN-V2-S265,O007-RIGHTS-FREMLIN-DSL,O007-FREMLIN-V2-S265-SEG-265F,453,265F,265F,627,638,21786,22036,23035,23285,"\eqalignno{\int_{D_r}J_rd\mu_r
&=\int_0^{\pi}\ldots\int_0^{\pi}\int_{-\pi}^{\pi}
\sin^{r-1}\xi_r\ldots\sin\xi_2
d\xi_1d\xi_2\ldots d\xi_r\cr
&=2\pi\prod_{k=2}^r\int_0^{\pi}\sin^{k-1}t\,dt
=2\pi\prod_{k=1}^{r-1}\int_{-\pi/2}^{\pi/2}\cos^kt\,dt\cr}","\eqalignno{\int_{D_r}J_rd\mu_r
&=\int_0^{\pi}\ldots\int_0^{\pi}\int_{-\pi}^{\pi}
\sin^{r-1}\xi_r\ldots\sin\xi_2
d\xi_1d\xi_2\ldots d\xi_r\cr
&=2\pi\prod_{k=2}^r\int_0^{\pi}\sin^{k-1}t\,dt
=2\pi\prod_{k=1}^{r-1}\int_{-\pi/2}^{\pi/2}\cos^kt\,dt\cr}",2643702dba1b294c033bc132984c31ff3570f0589a47f234948b662894c4c4a5,2643702dba1b294c033bc132984c31ff3570f0589a47f234948b662894c4c4a5,678e36fd20369faca75270e4c2585a1cbf1aa6fb603ca553252822a3606ac0e3,$$,,678e36fd20369faca75270e4c2585a1cbf1aa6fb603ca553252822a3606ac0e3,678e36fd20369faca75270e4c2585a1cbf1aa6fb603ca553252822a3606ac0e3,"{""basis"":""ordered source-target formula atom"",""kind"":""source-target-formula-map""}"
1.1.0,formula,O007-FREMLIN-V2-S265-FORMULA-0454,O007-FREMLIN-V2-S265,O007-RIGHTS-FREMLIN-DSL,O007-FREMLIN-V2-S265-SEG-265F,454,265F,265F,634,645,22062,22080,23322,23340,\bover{\pi}{2}-t,\bover{\pi}{2}-t,5ed76ccff888dbf61f02c6a6c25db84eab97335cab97335e66333eb3520f3c01,5ed76ccff888dbf61f02c6a6c25db84eab97335cab97335e66333eb3520f3c01,5ed76ccff888dbf61f02c6a6c25db84eab97335cab97335e66333eb3520f3c01,$,,5ed76ccff888dbf61f02c6a6c25db84eab97335cab97335e66333eb3520f3c01,5ed76ccff888dbf61f02c6a6c25db84eab97335cab97335e66333eb3520f3c01,"{""basis"":""ordered source-target formula atom"",""kind"":""source-target-formula-map""}"
1.1.0,formula,O007-FREMLIN-V2-S265-FORMULA-0455,O007-FREMLIN-V2-S265,O007-RIGHTS-FREMLIN-DSL,O007-FREMLIN-V2-S265-SEG-265F,455,265F,265F,634,645,22085,22088,23347,23350,t,t,e3b98a4da31a127d4bde6e43033f66ba274cab0eb7eb1c70ec41402bf6273dd8,e3b98a4da31a127d4bde6e43033f66ba274cab0eb7eb1c70ec41402bf6273dd8,e3b98a4da31a127d4bde6e43033f66ba274cab0eb7eb1c70ec41402bf6273dd8,$,,e3b98a4da31a127d4bde6e43033f66ba274cab0eb7eb1c70ec41402bf6273dd8,e3b98a4da31a127d4bde6e43033f66ba274cab0eb7eb1c70ec41402bf6273dd8,"{""basis"":""ordered source-target formula atom"",""kind"":""source-target-formula-map""}"
1.1.0,formula,O007-FREMLIN-V2-S265-FORMULA-0456,O007-FREMLIN-V2-S265,O007-RIGHTS-FREMLIN-DSL,O007-FREMLIN-V2-S265-SEG-265F,456,265F,265F,637,648,22148,22190,23414,23456,2\pi\prod_{k=1}^{r-1}I_k=2\pi\beta_{r-1},2\pi\prod_{k=1}^{r-1}I_k=2\pi\beta_{r-1},6c33ca68120be791e956d38245f1a550c221fe0598f353cdb2c66966ca69dc4c,6c33ca68120be791e956d38245f1a550c221fe0598f353cdb2c66966ca69dc4c,6c33ca68120be791e956d38245f1a550c221fe0598f353cdb2c66966ca69dc4c,$,,6c33ca68120be791e956d38245f1a550c221fe0598f353cdb2c66966ca69dc4c,6c33ca68120be791e956d38245f1a550c221fe0598f353cdb2c66966ca69dc4c,"{""basis"":""ordered source-target formula atom"",""kind"":""source-target-formula-map""}"
1.1.0,formula,O007-FREMLIN-V2-S265-FORMULA-0457,O007-FREMLIN-V2-S265,O007-RIGHTS-FREMLIN-DSL,O007-FREMLIN-V2-S265-SEG-265F,457,265F,265F,639,650,22210,22223,23477,23490,\beta_{r-1},\beta_{r-1},3844bf17717fb48b1f3ccfbdc9610b97757c5f86450c0540b29b8cfb6dd41c02,3844bf17717fb48b1f3ccfbdc9610b97757c5f86450c0540b29b8cfb6dd41c02,3844bf17717fb48b1f3ccfbdc9610b97757c5f86450c0540b29b8cfb6dd41c02,$,,3844bf17717fb48b1f3ccfbdc9610b97757c5f86450c0540b29b8cfb6dd41c02,3844bf17717fb48b1f3ccfbdc9610b97757c5f86450c0540b29b8cfb6dd41c02,"{""basis"":""ordered source-target formula atom"",""kind"":""source-target-formula-map""}"
1.1.0,formula,O007-FREMLIN-V2-S265-FORMULA-0458,O007-FREMLIN-V2-S265,O007-RIGHTS-FREMLIN-DSL,O007-FREMLIN-V2-S265-SEG-265F,458,265F,265F,640,651,22258,22271,23515,23528,\BbbR^{r-1},\BbbR^{r-1},e829903e8d15e37c9da8161b6c94e80858aba2f0f1be793291aad7f25bcba965,e829903e8d15e37c9da8161b6c94e80858aba2f0f1be793291aad7f25bcba965,e829903e8d15e37c9da8161b6c94e80858aba2f0f1be793291aad7f25bcba965,$,,e829903e8d15e37c9da8161b6c94e80858aba2f0f1be793291aad7f25bcba965,e829903e8d15e37c9da8161b6c94e80858aba2f0f1be793291aad7f25bcba965,"{""basis"":""ordered source-target formula atom"",""kind"":""source-target-formula-map""}"
1.1.0,formula,O007-FREMLIN-V2-S265-FORMULA-0459,O007-FREMLIN-V2-S265,O007-RIGHTS-FREMLIN-DSL,O007-FREMLIN-V2-S265-SEG-265F,459,265F,265F,640,651,22293,22302,23556,23565,\beta_0,\beta_0,24182df1bf8329b92eb3ac739fea48424263060660f09e8742874238e4d822ad,24182df1bf8329b92eb3ac739fea48424263060660f09e8742874238e4d822ad,24182df1bf8329b92eb3ac739fea48424263060660f09e8742874238e4d822ad,$,,24182df1bf8329b92eb3ac739fea48424263060660f09e8742874238e4d822ad,24182df1bf8329b92eb3ac739fea48424263060660f09e8742874238e4d822ad,"{""basis"":""ordered source-target formula atom"",""kind"":""source-target-formula-map""}"
1.1.0,formula,O007-FREMLIN-V2-S265-FORMULA-0460,O007-FREMLIN-V2-S265,O007-RIGHTS-FREMLIN-DSL,O007-FREMLIN-V2-S265-SEG-265F,460,265F,265F,640,651,22306,22309,23574,23577,1,1,6b86b273ff34fce19d6b804eff5a3f5747ada4eaa22f1d49c01e52ddb7875b4b,6b86b273ff34fce19d6b804eff5a3f5747ada4eaa22f1d49c01e52ddb7875b4b,6b86b273ff34fce19d6b804eff5a3f5747ada4eaa22f1d49c01e52ddb7875b4b,$,,6b86b273ff34fce19d6b804eff5a3f5747ada4eaa22f1d49c01e52ddb7875b4b,6b86b273ff34fce19d6b804eff5a3f5747ada4eaa22f1d49c01e52ddb7875b4b,"{""basis"":""ordered source-target formula atom"",""kind"":""source-target-formula-map""}"
1.1.0,formula,O007-FREMLIN-V2-S265-FORMULA-0461,O007-FREMLIN-V2-S265,O007-RIGHTS-FREMLIN-DSL,O007-FREMLIN-V2-S265-SEG-265G,461,265G,265G,648,660,22485,22496,23741,23752,\mu_{r+1},\mu_{r+1},a5a62eec6519be8ec9be0b578bcc77a9824d0d4d9c9fbd2faca8cc294abe24b2,a5a62eec6519be8ec9be0b578bcc77a9824d0d4d9c9fbd2faca8cc294abe24b2,a5a62eec6519be8ec9be0b578bcc77a9824d0d4d9c9fbd2faca8cc294abe24b2,$,,a5a62eec6519be8ec9be0b578bcc77a9824d0d4d9c9fbd2faca8cc294abe24b2,a5a62eec6519be8ec9be0b578bcc77a9824d0d4d9c9fbd2faca8cc294abe24b2,"{""basis"":""ordered source-target formula atom"",""kind"":""source-target-formula-map""}"
1.1.0,formula,O007-FREMLIN-V2-S265-FORMULA-0462,O007-FREMLIN-V2-S265,O007-RIGHTS-FREMLIN-DSL,O007-FREMLIN-V2-S265-SEG-265G,462,265G,265G,649,661,22520,22533,23781,23794,\BbbR^{r+1},\BbbR^{r+1},bd4408baacfe9840b30da660f0f0b49e5bf27f33379b3d9768c1cad150f82fff,bd4408baacfe9840b30da660f0f0b49e5bf27f33379b3d9768c1cad150f82fff,bd4408baacfe9840b30da660f0f0b49e5bf27f33379b3d9768c1cad150f82fff,$,,bd4408baacfe9840b30da660f0f0b49e5bf27f33379b3d9768c1cad150f82fff,bd4408baacfe9840b30da660f0f0b49e5bf27f33379b3d9768c1cad150f82fff,"{""basis"":""ordered source-target formula atom"",""kind"":""source-target-formula-map""}"
1.1.0,formula,O007-FREMLIN-V2-S265-FORMULA-0463,O007-FREMLIN-V2-S265,O007-RIGHTS-FREMLIN-DSL,O007-FREMLIN-V2-S265-SEG-265G,463,265G,265G,649,661,22539,22546,23800,23807,\nu_r,\nu_r,e8b3832b298d6101b15e3586330ba9623983dd4b8f502aadc70f38d121108a53,e8b3832b298d6101b15e3586330ba9623983dd4b8f502aadc70f38d121108a53,e8b3832b298d6101b15e3586330ba9623983dd4b8f502aadc70f38d121108a53,$,,e8b3832b298d6101b15e3586330ba9623983dd4b8f502aadc70f38d121108a53,e8b3832b298d6101b15e3586330ba9623983dd4b8f502aadc70f38d121108a53,"{""basis"":""ordered source-target formula atom"",""kind"":""source-target-formula-map""}"
1.1.0,formula,O007-FREMLIN-V2-S265-FORMULA-0464,O007-FREMLIN-V2-S265,O007-RIGHTS-FREMLIN-DSL,O007-FREMLIN-V2-S265-SEG-265G,464,265G,265G,649,662,22558,22561,23851,23854,r,r,454349e422f05297191ead13e21d3db520e5abef52055e4964b82fb213f593a1,454349e422f05297191ead13e21d3db520e5abef52055e4964b82fb213f593a1,454349e422f05297191ead13e21d3db520e5abef52055e4964b82fb213f593a1,$,,454349e422f05297191ead13e21d3db520e5abef52055e4964b82fb213f593a1,454349e422f05297191ead13e21d3db520e5abef52055e4964b82fb213f593a1,"{""basis"":""ordered source-target formula atom"",""kind"":""source-target-formula-map""}"
1.1.0,formula,O007-FREMLIN-V2-S265-FORMULA-0465,O007-FREMLIN-V2-S265,O007-RIGHTS-FREMLIN-DSL,O007-FREMLIN-V2-S265-SEG-265G,465,265G,265G,651,662,22595,22608,23860,23873,\BbbR^{r+1},\BbbR^{r+1},bd4408baacfe9840b30da660f0f0b49e5bf27f33379b3d9768c1cad150f82fff,bd4408baacfe9840b30da660f0f0b49e5bf27f33379b3d9768c1cad150f82fff,bd4408baacfe9840b30da660f0f0b49e5bf27f33379b3d9768c1cad150f82fff,$,,bd4408baacfe9840b30da660f0f0b49e5bf27f33379b3d9768c1cad150f82fff,bd4408baacfe9840b30da660f0f0b49e5bf27f33379b3d9768c1cad150f82fff,"{""basis"":""ordered source-target formula atom"",""kind"":""source-target-formula-map""}"
1.1.0,formula,O007-FREMLIN-V2-S265-FORMULA-0466,O007-FREMLIN-V2-S265,O007-RIGHTS-FREMLIN-DSL,O007-FREMLIN-V2-S265-SEG-265G,466,265G,265G,651,662,22615,22618,23880,23883,f,f,252f10c83610ebca1a059c0bae8255eba2f95be4d1d7bcfa89d7248a82d9f111,252f10c83610ebca1a059c0bae8255eba2f95be4d1d7bcfa89d7248a82d9f111,252f10c83610ebca1a059c0bae8255eba2f95be4d1d7bcfa89d7248a82d9f111,$,,252f10c83610ebca1a059c0bae8255eba2f95be4d1d7bcfa89d7248a82d9f111,252f10c83610ebca1a059c0bae8255eba2f95be4d1d7bcfa89d7248a82d9f111,"{""basis"":""ordered source-target formula atom"",""kind"":""source-target-formula-map""}"
1.1.0,formula,O007-FREMLIN-V2-S265-FORMULA-0467,O007-FREMLIN-V2-S265,O007-RIGHTS-FREMLIN-DSL,O007-FREMLIN-V2-S265-SEG-265G,467,265G,265G,651,663,22632,22643,23954,23965,\mu_{r+1},\mu_{r+1},a5a62eec6519be8ec9be0b578bcc77a9824d0d4d9c9fbd2faca8cc294abe24b2,a5a62eec6519be8ec9be0b578bcc77a9824d0d4d9c9fbd2faca8cc294abe24b2,a5a62eec6519be8ec9be0b578bcc77a9824d0d4d9c9fbd2faca8cc294abe24b2,$,,a5a62eec6519be8ec9be0b578bcc77a9824d0d4d9c9fbd2faca8cc294abe24b2,a5a62eec6519be8ec9be0b578bcc77a9824d0d4d9c9fbd2faca8cc294abe24b2,"{""basis"":""ordered source-target formula atom"",""kind"":""source-target-formula-map""}"
1.1.0,formula,O007-FREMLIN-V2-S265-FORMULA-0468,O007-FREMLIN-V2-S265,O007-RIGHTS-FREMLIN-DSL,O007-FREMLIN-V2-S265-SEG-265G,468,265G,265G,652,664,22677,22694,23967,23984,y\in\BbbR^{r+1},y\in\BbbR^{r+1},884f1961032eb568837ee43d8398065d5d6a3df7969a97b43b6b837fccd933d5,884f1961032eb568837ee43d8398065d5d6a3df7969a97b43b6b837fccd933d5,884f1961032eb568837ee43d8398065d5d6a3df7969a97b43b6b837fccd933d5,$,,884f1961032eb568837ee43d8398065d5d6a3df7969a97b43b6b837fccd933d5,884f1961032eb568837ee43d8398065d5d6a3df7969a97b43b6b837fccd933d5,"{""basis"":""ordered source-target formula atom"",""kind"":""source-target-formula-map""}"
1.1.0,formula,O007-FREMLIN-V2-S265-FORMULA-0469,O007-FREMLIN-V2-S265,O007-RIGHTS-FREMLIN-DSL,O007-FREMLIN-V2-S265-SEG-265G,469,265G,265G,652,664,22699,22709,23990,24000,\delta>0,\delta>0,28c5f4f559bc00a49055a369c53d2382bf799ab5fa662c1b53944e9762606ec9,28c5f4f559bc00a49055a369c53d2382bf799ab5fa662c1b53944e9762606ec9,28c5f4f559bc00a49055a369c53d2382bf799ab5fa662c1b53944e9762606ec9,$,,28c5f4f559bc00a49055a369c53d2382bf799ab5fa662c1b53944e9762606ec9,28c5f4f559bc00a49055a369c53d2382bf799ab5fa662c1b53944e9762606ec9,"{""basis"":""ordered source-target formula atom"",""kind"":""source-target-formula-map""}"
1.1.0,formula,O007-FREMLIN-V2-S265-FORMULA-0470,O007-FREMLIN-V2-S265,O007-RIGHTS-FREMLIN-DSL,O007-FREMLIN-V2-S265-SEG-265G,470,265G,265G,654,666,22724,22803,24015,24094,"\int_{B(y,\delta)}fd\mu_{r+1}
=\int_0^{\delta}\int_{\partial B(y,t)}fd\nu_rdt","\int_{B(y,\delta)}fd\mu_{r+1}
=\int_0^{\delta}\int_{\partial B(y,t)}fd\nu_rdt",01a283e2444b8492981b4b84601fb9657e36e75cc827c3bc905cfa4488999cb0,01a283e2444b8492981b4b84601fb9657e36e75cc827c3bc905cfa4488999cb0,2ba3ef1f9637c7d83eb81a9c30f9ff1f6d0a02229da9ab48fd2f3d6a4fc9f317,$,,2ba3ef1f9637c7d83eb81a9c30f9ff1f6d0a02229da9ab48fd2f3d6a4fc9f317,2ba3ef1f9637c7d83eb81a9c30f9ff1f6d0a02229da9ab48fd2f3d6a4fc9f317,"{""basis"":""ordered source-target formula atom"",""kind"":""source-target-formula-map""}"
1.1.0,formula,O007-FREMLIN-V2-S265-FORMULA-0471,O007-FREMLIN-V2-S265,O007-RIGHTS-FREMLIN-DSL,O007-FREMLIN-V2-S265-SEG-265G,471,265G,265G,657,669,22831,22848,24115,24132,"\partial B(y,t)","\partial B(y,t)",6be23cfafd9f0079f395c0d0653fadb95c0e0ececb7acf2e2149868db37b2d5f,6be23cfafd9f0079f395c0d0653fadb95c0e0ececb7acf2e2149868db37b2d5f,534bbf3681446a1d779862e5c7fcbde49c8bfcef2a23fe2e807f49477bd1a517,$,,534bbf3681446a1d779862e5c7fcbde49c8bfcef2a23fe2e807f49477bd1a517,534bbf3681446a1d779862e5c7fcbde49c8bfcef2a23fe2e807f49477bd1a517,"{""basis"":""ordered source-target formula atom"",""kind"":""source-target-formula-map""}"
1.1.0,formula,O007-FREMLIN-V2-S265-FORMULA-0472,O007-FREMLIN-V2-S265,O007-RIGHTS-FREMLIN-DSL,O007-FREMLIN-V2-S265-SEG-265G,472,265G,265G,658,670,22864,22881,24159,24176,\{x:\|x-y\|=t\},\{x:\|x-y\|=t\},a8c1824df75ee8cea9212630395827a6ef6a5d37c14cfa8e753297b47586f82a,a8c1824df75ee8cea9212630395827a6ef6a5d37c14cfa8e753297b47586f82a,a8c1824df75ee8cea9212630395827a6ef6a5d37c14cfa8e753297b47586f82a,$,,a8c1824df75ee8cea9212630395827a6ef6a5d37c14cfa8e753297b47586f82a,a8c1824df75ee8cea9212630395827a6ef6a5d37c14cfa8e753297b47586f82a,"{""basis"":""ordered source-target formula atom"",""kind"":""source-target-formula-map""}"
1.1.0,formula,O007-FREMLIN-V2-S265-FORMULA-0473,O007-FREMLIN-V2-S265,O007-RIGHTS-FREMLIN-DSL,O007-FREMLIN-V2-S265-SEG-265G,473,265G,265G,658,670,22906,22921,24197,24212,\int\ldots dt,\int\ldots dt,dfc39563ade0e9d280af2ffae22ce02a17e5f272209407e8cc90f53163f4c713,dfc39563ade0e9d280af2ffae22ce02a17e5f272209407e8cc90f53163f4c713,311f0bac501e0b2ebad824f50174ee1f4904ce0178390277af351f3601c21c2a,$,,311f0bac501e0b2ebad824f50174ee1f4904ce0178390277af351f3601c21c2a,311f0bac501e0b2ebad824f50174ee1f4904ce0178390277af351f3601c21c2a,"{""basis"":""ordered source-target formula atom"",""kind"":""source-target-formula-map""}"
1.1.0,formula,O007-FREMLIN-V2-S265-FORMULA-0474,O007-FREMLIN-V2-S265,O007-RIGHTS-FREMLIN-DSL,O007-FREMLIN-V2-S265-SEG-265G,474,265G,265G,659,671,22973,22981,24251,24259,\Bbb R,\Bbb R,f9d62b077eddf72778fc05527c5aa4d2352f16a46a94808294fdc2cb7e406580,f9d62b077eddf72778fc05527c5aa4d2352f16a46a94808294fdc2cb7e406580,22316cdc991b42844c0fcdb72f227b6d4c0e8457a736e325af2845b7b3df7f6c,$,,22316cdc991b42844c0fcdb72f227b6d4c0e8457a736e325af2845b7b3df7f6c,22316cdc991b42844c0fcdb72f227b6d4c0e8457a736e325af2845b7b3df7f6c,"{""basis"":""ordered source-target formula atom"",""kind"":""source-target-formula-map""}"
1.1.0,formula,O007-FREMLIN-V2-S265-FORMULA-0475,O007-FREMLIN-V2-S265,O007-RIGHTS-FREMLIN-DSL,O007-FREMLIN-V2-S265-SEG-265G,475,265G,265G,662,674,23026,23047,24312,24333,\phi:\BbbR^r\to S_r,\phi:\BbbR^r\to S_r,6bf771cf2a8ac9a91262a9e3f557bae7de8bd92d27bc4c3fe7b7e00e26aa836a,6bf771cf2a8ac9a91262a9e3f557bae7de8bd92d27bc4c3fe7b7e00e26aa836a,1371639197ae5f2ea21f22a8b1daf9a146c2567fd37e835ee03713d46dbf05a4,$,,1371639197ae5f2ea21f22a8b1daf9a146c2567fd37e835ee03713d46dbf05a4,1371639197ae5f2ea21f22a8b1daf9a146c2567fd37e835ee03713d46dbf05a4,"{""basis"":""ordered source-target formula atom"",""kind"":""source-target-formula-map""}"
1.1.0,formula,O007-FREMLIN-V2-S265-FORMULA-0476,O007-FREMLIN-V2-S265,O007-RIGHTS-FREMLIN-DSL,O007-FREMLIN-V2-S265-SEG-265G,476,265G,265G,663,674,23065,23084,24357,24376,F\subseteq\BbbR^r,F\subseteq\BbbR^r,06f32e8c025719f80a3322a70d5d01e93387288bbdae4fb0c627f33aab6f8944,06f32e8c025719f80a3322a70d5d01e93387288bbdae4fb0c627f33aab6f8944,06f32e8c025719f80a3322a70d5d01e93387288bbdae4fb0c627f33aab6f8944,$,,06f32e8c025719f80a3322a70d5d01e93387288bbdae4fb0c627f33aab6f8944,06f32e8c025719f80a3322a70d5d01e93387288bbdae4fb0c627f33aab6f8944,"{""basis"":""ordered source-target formula atom"",""kind"":""source-target-formula-map""}"
1.1.0,formula,O007-FREMLIN-V2-S265-FORMULA-0477,O007-FREMLIN-V2-S265,O007-RIGHTS-FREMLIN-DSL,O007-FREMLIN-V2-S265-SEG-265G,477,265G,265G,663,675,23095,23109,24397,24411,\phi\restr F,\phi\restr F,2a8cbafc56726e6ec283fc19d4ce79ead34b1da2358f6f6f03c173f85c196f6c,2a8cbafc56726e6ec283fc19d4ce79ead34b1da2358f6f6f03c173f85c196f6c,c740447bdcd3b0a61d46d170a25d278d40bf15ab6be7f5480cb294ae4b30c5f1,$,,c740447bdcd3b0a61d46d170a25d278d40bf15ab6be7f5480cb294ae4b30c5f1,c740447bdcd3b0a61d46d170a25d278d40bf15ab6be7f5480cb294ae4b30c5f1,"{""basis"":""ordered source-target formula atom"",""kind"":""source-target-formula-map""}"
1.1.0,formula,O007-FREMLIN-V2-S265-FORMULA-0478,O007-FREMLIN-V2-S265,O007-RIGHTS-FREMLIN-DSL,O007-FREMLIN-V2-S265-SEG-265G,478,265G,265G,664,675,23133,23136,24437,24440,F,F,f67ab10ad4e4c53121b6a5fe4da9c10ddee905b978d3788d2723d7bfacbe28a9,f67ab10ad4e4c53121b6a5fe4da9c10ddee905b978d3788d2723d7bfacbe28a9,f67ab10ad4e4c53121b6a5fe4da9c10ddee905b978d3788d2723d7bfacbe28a9,$,,f67ab10ad4e4c53121b6a5fe4da9c10ddee905b978d3788d2723d7bfacbe28a9,f67ab10ad4e4c53121b6a5fe4da9c10ddee905b978d3788d2723d7bfacbe28a9,"{""basis"":""ordered source-target formula atom"",""kind"":""source-target-formula-map""}"
1.1.0,formula,O007-FREMLIN-V2-S265-FORMULA-0479,O007-FREMLIN-V2-S265,O007-RIGHTS-FREMLIN-DSL,O007-FREMLIN-V2-S265-SEG-265G,479,265G,265G,664,676,23141,23146,24445,24450,S_r,S_r,b37e9083bef6f61452abe87640eae9835be1e607ec37bff6b484f60f56d1b4e9,b37e9083bef6f61452abe87640eae9835be1e607ec37bff6b484f60f56d1b4e9,b37e9083bef6f61452abe87640eae9835be1e607ec37bff6b484f60f56d1b4e9,$,,b37e9083bef6f61452abe87640eae9835be1e607ec37bff6b484f60f56d1b4e9,b37e9083bef6f61452abe87640eae9835be1e607ec37bff6b484f60f56d1b4e9,"{""basis"":""ordered source-target formula atom"",""kind"":""source-target-formula-map""}"
1.1.0,formula,O007-FREMLIN-V2-S265-FORMULA-0480,O007-FREMLIN-V2-S265,O007-RIGHTS-FREMLIN-DSL,O007-FREMLIN-V2-S265-SEG-265G,480,265G,265G,664,676,23161,23171,24461,24471,"(\phi,F)","(\phi,F)",1d46310f7e5bde2a10c0df52ce27454ca75cc125bac81cb04c48c38e5b6b5ffe,1d46310f7e5bde2a10c0df52ce27454ca75cc125bac81cb04c48c38e5b6b5ffe,1d46310f7e5bde2a10c0df52ce27454ca75cc125bac81cb04c48c38e5b6b5ffe,$,,1d46310f7e5bde2a10c0df52ce27454ca75cc125bac81cb04c48c38e5b6b5ffe,1d46310f7e5bde2a10c0df52ce27454ca75cc125bac81cb04c48c38e5b6b5ffe,"{""basis"":""ordered source-target formula atom"",""kind"":""source-target-formula-map""}"
1.1.0,formula,O007-FREMLIN-V2-S265-FORMULA-0481,O007-FREMLIN-V2-S265,O007-RIGHTS-FREMLIN-DSL,O007-FREMLIN-V2-S265-SEG-265G,481,265G,265G,666,677,23203,23243,24523,24563,\psi:\BbbR^r\times\Bbb R\to\BbbR^{r+1},\psi:\BbbR^r\times\Bbb R\to\BbbR^{r+1},305e39a3f75bad9d60b760965ba7197c8ed4e12c7b87a40f222f83099eeeecdf,305e39a3f75bad9d60b760965ba7197c8ed4e12c7b87a40f222f83099eeeecdf,444154fe2db7fa8cf3055c3ff1eac56e6ad704ed32fa06d731c97aa821c264ef,$,,444154fe2db7fa8cf3055c3ff1eac56e6ad704ed32fa06d731c97aa821c264ef,444154fe2db7fa8cf3055c3ff1eac56e6ad704ed32fa06d731c97aa821c264ef,"{""basis"":""ordered source-target formula atom"",""kind"":""source-target-formula-map""}"
1.1.0,formula,O007-FREMLIN-V2-S265-FORMULA-0482,O007-FREMLIN-V2-S265,O007-RIGHTS-FREMLIN-DSL,O007-FREMLIN-V2-S265-SEG-265G,482,265G,265G,667,678,23255,23277,24582,24604,"\psi(z,t)=y+t\phi(z)","\psi(z,t)=y+t\phi(z)",337ea4101d723f68e3bf6c0f2b4b981260da1760ec079f7d0947196b117c7d50,337ea4101d723f68e3bf6c0f2b4b981260da1760ec079f7d0947196b117c7d50,337ea4101d723f68e3bf6c0f2b4b981260da1760ec079f7d0947196b117c7d50,$,,337ea4101d723f68e3bf6c0f2b4b981260da1760ec079f7d0947196b117c7d50,337ea4101d723f68e3bf6c0f2b4b981260da1760ec079f7d0947196b117c7d50,"{""basis"":""ordered source-target formula atom"",""kind"":""source-target-formula-map""}"
1.1.0,formula,O007-FREMLIN-V2-S265-FORMULA-0483,O007-FREMLIN-V2-S265,O007-RIGHTS-FREMLIN-DSL,O007-FREMLIN-V2-S265-SEG-265G,483,265G,265G,667,678,23285,23291,24611,24617,\psi,\psi,f301f970eb09c336d31954a22511ffad807e5a02b0371810267307048c281891,f301f970eb09c336d31954a22511ffad807e5a02b0371810267307048c281891,f301f970eb09c336d31954a22511ffad807e5a02b0371810267307048c281891,$,,f301f970eb09c336d31954a22511ffad807e5a02b0371810267307048c281891,f301f970eb09c336d31954a22511ffad807e5a02b0371810267307048c281891,"{""basis"":""ordered source-target formula atom"",""kind"":""source-target-formula-map""}"
1.1.0,formula,O007-FREMLIN-V2-S265-FORMULA-0484,O007-FREMLIN-V2-S265,O007-RIGHTS-FREMLIN-DSL,O007-FREMLIN-V2-S265-SEG-265G,484,265G,265G,668,679,23314,23350,24640,24676,"\psi\restr F\times\ocint{0,\delta}","\psi\restr F\times\ocint{0,\delta}",bdac897dc7ce333902607ec4b6588034c95d48d0bc8e3ee5c91be8b380c2e644,bdac897dc7ce333902607ec4b6588034c95d48d0bc8e3ee5c91be8b380c2e644,8482da61428bb127d84700a26eab58d998fb59b2b5203fb3a210697e228ab5fa,$,,8482da61428bb127d84700a26eab58d998fb59b2b5203fb3a210697e228ab5fa,8482da61428bb127d84700a26eab58d998fb59b2b5203fb3a210697e228ab5fa,"{""basis"":""ordered source-target formula atom"",""kind"":""source-target-formula-map""}"
1.1.0,formula,O007-FREMLIN-V2-S265-FORMULA-0485,O007-FREMLIN-V2-S265,O007-RIGHTS-FREMLIN-DSL,O007-FREMLIN-V2-S265-SEG-265G,485,265G,265G,669,680,23374,23399,24702,24727,"F\times\ocint{0,\delta}","F\times\ocint{0,\delta}",81d8c41f08ae81b29dfecbeb93812c9b6cb4031003a6124ff2b3e4d0857064e1,81d8c41f08ae81b29dfecbeb93812c9b6cb4031003a6124ff2b3e4d0857064e1,81d8c41f08ae81b29dfecbeb93812c9b6cb4031003a6124ff2b3e4d0857064e1,$,,81d8c41f08ae81b29dfecbeb93812c9b6cb4031003a6124ff2b3e4d0857064e1,81d8c41f08ae81b29dfecbeb93812c9b6cb4031003a6124ff2b3e4d0857064e1,"{""basis"":""ordered source-target formula atom"",""kind"":""source-target-formula-map""}"
1.1.0,formula,O007-FREMLIN-V2-S265-FORMULA-0486,O007-FREMLIN-V2-S265,O007-RIGHTS-FREMLIN-DSL,O007-FREMLIN-V2-S265-SEG-265G,486,265G,265G,669,680,23404,23431,24732,24759,"B(y,\delta)\setminus\{y\}","B(y,\delta)\setminus\{y\}",ce92525fbde3c6fe1a32b9bb06da64257581304d335e001d8750658f0cc76e2d,ce92525fbde3c6fe1a32b9bb06da64257581304d335e001d8750658f0cc76e2d,ce92525fbde3c6fe1a32b9bb06da64257581304d335e001d8750658f0cc76e2d,$,,ce92525fbde3c6fe1a32b9bb06da64257581304d335e001d8750658f0cc76e2d,ce92525fbde3c6fe1a32b9bb06da64257581304d335e001d8750658f0cc76e2d,"{""basis"":""ordered source-target formula atom"",""kind"":""source-target-formula-map""}"
1.1.0,formula,O007-FREMLIN-V2-S265-FORMULA-0487,O007-FREMLIN-V2-S265,O007-RIGHTS-FREMLIN-DSL,O007-FREMLIN-V2-S265-SEG-265G,487,265G,265G,670,681,23439,23461,24767,24789,"t\in\ocint{0,\delta}","t\in\ocint{0,\delta}",747b63596d5a977149b894b9c289f587bdacecabdf0ede84ff8065f5844b699a,747b63596d5a977149b894b9c289f587bdacecabdf0ede84ff8065f5844b699a,747b63596d5a977149b894b9c289f587bdacecabdf0ede84ff8065f5844b699a,$,,747b63596d5a977149b894b9c289f587bdacecabdf0ede84ff8065f5844b699a,747b63596d5a977149b894b9c289f587bdacecabdf0ede84ff8065f5844b699a,"{""basis"":""ordered source-target formula atom"",""kind"":""source-target-formula-map""}"
1.1.0,formula,O007-FREMLIN-V2-S265-FORMULA-0488,O007-FREMLIN-V2-S265,O007-RIGHTS-FREMLIN-DSL,O007-FREMLIN-V2-S265-SEG-265G,488,265G,265G,670,681,23463,23476,24791,24804,z\in\BbbR^r,z\in\BbbR^r,0b03c848504cb8d4519d7d3ad8866189dab6e5c70bc41cc321c6f0d0c1986f26,0b03c848504cb8d4519d7d3ad8866189dab6e5c70bc41cc321c6f0d0c1986f26,0b03c848504cb8d4519d7d3ad8866189dab6e5c70bc41cc321c6f0d0c1986f26,$,,0b03c848504cb8d4519d7d3ad8866189dab6e5c70bc41cc321c6f0d0c1986f26,0b03c848504cb8d4519d7d3ad8866189dab6e5c70bc41cc321c6f0d0c1986f26,"{""basis"":""ordered source-target formula atom"",""kind"":""source-target-formula-map""}"
1.1.0,formula,O007-FREMLIN-V2-S265-FORMULA-0489,O007-FREMLIN-V2-S265,O007-RIGHTS-FREMLIN-DSL,O007-FREMLIN-V2-S265-SEG-265G,489,265G,265G,670,682,23481,23502,24815,24836,"\psi_t(z)=\psi(z,t)","\psi_t(z)=\psi(z,t)",e354818d94338c1639e304c64bd67afd41dbddf00d312ab2429a4a4f581f25c1,e354818d94338c1639e304c64bd67afd41dbddf00d312ab2429a4a4f581f25c1,e354818d94338c1639e304c64bd67afd41dbddf00d312ab2429a4a4f581f25c1,$,,e354818d94338c1639e304c64bd67afd41dbddf00d312ab2429a4a4f581f25c1,e354818d94338c1639e304c64bd67afd41dbddf00d312ab2429a4a4f581f25c1,"{""basis"":""ordered source-target formula atom"",""kind"":""source-target-formula-map""}"
1.1.0,formula,O007-FREMLIN-V2-S265-FORMULA-0490,O007-FREMLIN-V2-S265,O007-RIGHTS-FREMLIN-DSL,O007-FREMLIN-V2-S265-SEG-265G,490,265G,265G,671,682,23509,23525,24843,24859,\psi_t\restr F,\psi_t\restr F,e1ac92d2d108d98de3372f9ab7c08ad9bb3ee4510b6ccc344778eae9b56d8f18,e1ac92d2d108d98de3372f9ab7c08ad9bb3ee4510b6ccc344778eae9b56d8f18,79404934dc894f49c67a90e2425b37f1d832980ee21203c77ce4fc368af636d0,$,,79404934dc894f49c67a90e2425b37f1d832980ee21203c77ce4fc368af636d0,79404934dc894f49c67a90e2425b37f1d832980ee21203c77ce4fc368af636d0,"{""basis"":""ordered source-target formula atom"",""kind"":""source-target-formula-map""}"
1.1.0,formula,O007-FREMLIN-V2-S265-FORMULA-0491,O007-FREMLIN-V2-S265,O007-RIGHTS-FREMLIN-DSL,O007-FREMLIN-V2-S265-SEG-265G,491,265G,265G,671,683,23549,23552,24885,24888,F,F,f67ab10ad4e4c53121b6a5fe4da9c10ddee905b978d3788d2723d7bfacbe28a9,f67ab10ad4e4c53121b6a5fe4da9c10ddee905b978d3788d2723d7bfacbe28a9,f67ab10ad4e4c53121b6a5fe4da9c10ddee905b978d3788d2723d7bfacbe28a9,$,,f67ab10ad4e4c53121b6a5fe4da9c10ddee905b978d3788d2723d7bfacbe28a9,f67ab10ad4e4c53121b6a5fe4da9c10ddee905b978d3788d2723d7bfacbe28a9,"{""basis"":""ordered source-target formula atom"",""kind"":""source-target-formula-map""}"
1.1.0,formula,O007-FREMLIN-V2-S265-FORMULA-0492,O007-FREMLIN-V2-S265,O007-RIGHTS-FREMLIN-DSL,O007-FREMLIN-V2-S265-SEG-265G,492,265G,265G,672,683,23568,23601,24908,24941,"\{x:\|x-y\|=t\}=\partial B(y,t)","\{x:\|x-y\|=t\}=\partial B(y,t)",710a475775f66264a1a2c73537ad6906f497469c666215b33c629dd93bf26df0,710a475775f66264a1a2c73537ad6906f497469c666215b33c629dd93bf26df0,7f724ddb200a00e882a6531c629d6347b5732be7de62b3f45ed801454d4cb1f2,$,,7f724ddb200a00e882a6531c629d6347b5732be7de62b3f45ed801454d4cb1f2,7f724ddb200a00e882a6531c629d6347b5732be7de62b3f45ed801454d4cb1f2,"{""basis"":""ordered source-target formula atom"",""kind"":""source-target-formula-map""}"
1.1.0,formula,O007-FREMLIN-V2-S265-FORMULA-0493,O007-FREMLIN-V2-S265,O007-RIGHTS-FREMLIN-DSL,O007-FREMLIN-V2-S265-SEG-265G,493,265G,265G,674,685,23622,23628,24952,24958,\phi,\phi,10ce0200b450ea955833553e717821c7721818b8a95cffd7e54b46e08918b512,10ce0200b450ea955833553e717821c7721818b8a95cffd7e54b46e08918b512,10ce0200b450ea955833553e717821c7721818b8a95cffd7e54b46e08918b512,$,,10ce0200b450ea955833553e717821c7721818b8a95cffd7e54b46e08918b512,10ce0200b450ea955833553e717821c7721818b8a95cffd7e54b46e08918b512,"{""basis"":""ordered source-target formula atom"",""kind"":""source-target-formula-map""}"
1.1.0,formula,O007-FREMLIN-V2-S265-FORMULA-0494,O007-FREMLIN-V2-S265,O007-RIGHTS-FREMLIN-DSL,O007-FREMLIN-V2-S265-SEG-265G,494,265G,265G,674,685,23632,23635,24962,24965,z,z,594e519ae499312b29433b7dd8a97ff068defcba9755b6d5d00e84c524d67b06,594e519ae499312b29433b7dd8a97ff068defcba9755b6d5d00e84c524d67b06,594e519ae499312b29433b7dd8a97ff068defcba9755b6d5d00e84c524d67b06,$,,594e519ae499312b29433b7dd8a97ff068defcba9755b6d5d00e84c524d67b06,594e519ae499312b29433b7dd8a97ff068defcba9755b6d5d00e84c524d67b06,"{""basis"":""ordered source-target formula atom"",""kind"":""source-target-formula-map""}"
1.1.0,formula,O007-FREMLIN-V2-S265-FORMULA-0495,O007-FREMLIN-V2-S265,O007-RIGHTS-FREMLIN-DSL,O007-FREMLIN-V2-S265-SEG-265G,495,265G,265G,674,685,23642,23657,24981,24996,(r+1)\times r,(r+1)\times r,7226c3baa868ac4b69bc67892be7eff321fb50c1848cca8d09d0a63829365040,7226c3baa868ac4b69bc67892be7eff321fb50c1848cca8d09d0a63829365040,dfb8088a3245a70156f05ce0f9c26ced8469fc6f9efc232608402379ade9dff1,$,,dfb8088a3245a70156f05ce0f9c26ced8469fc6f9efc232608402379ade9dff1,dfb8088a3245a70156f05ce0f9c26ced8469fc6f9efc232608402379ade9dff1,"{""basis"":""ordered source-target formula atom"",""kind"":""source-target-formula-map""}"
1.1.0,formula,O007-FREMLIN-V2-S265-FORMULA-0496,O007-FREMLIN-V2-S265,O007-RIGHTS-FREMLIN-DSL,O007-FREMLIN-V2-S265-SEG-265G,496,265G,265G,674,686,23665,23673,25009,25017,T_1(z),T_1(z),bbf182274051850b209a8233b68786069f52bd26af24e9a183c00fd1c5df3dcd,bbf182274051850b209a8233b68786069f52bd26af24e9a183c00fd1c5df3dcd,bbf182274051850b209a8233b68786069f52bd26af24e9a183c00fd1c5df3dcd,$,,bbf182274051850b209a8233b68786069f52bd26af24e9a183c00fd1c5df3dcd,bbf182274051850b209a8233b68786069f52bd26af24e9a183c00fd1c5df3dcd,"{""basis"":""ordered source-target formula atom"",""kind"":""source-target-formula-map""}"
1.1.0,formula,O007-FREMLIN-V2-S265-FORMULA-0497,O007-FREMLIN-V2-S265,O007-RIGHTS-FREMLIN-DSL,O007-FREMLIN-V2-S265-SEG-265G,497,265G,265G,675,686,23698,23706,25031,25039,T_t(z),T_t(z),2a99bbac56417ce5602e3273d9c1498173755f57a99f85f3573d47f8b179b138,2a99bbac56417ce5602e3273d9c1498173755f57a99f85f3573d47f8b179b138,2a99bbac56417ce5602e3273d9c1498173755f57a99f85f3573d47f8b179b138,$,,2a99bbac56417ce5602e3273d9c1498173755f57a99f85f3573d47f8b179b138,2a99bbac56417ce5602e3273d9c1498173755f57a99f85f3573d47f8b179b138,"{""basis"":""ordered source-target formula atom"",""kind"":""source-target-formula-map""}"
1.1.0,formula,O007-FREMLIN-V2-S265-FORMULA-0498,O007-FREMLIN-V2-S265,O007-RIGHTS-FREMLIN-DSL,O007-FREMLIN-V2-S265-SEG-265G,498,265G,265G,675,686,23710,23718,25045,25053,\psi_t,\psi_t,db624dbd058b53b64bdb624187fdae0f2eeeb5cb022fa30c58e59b6d94ae6504,db624dbd058b53b64bdb624187fdae0f2eeeb5cb022fa30c58e59b6d94ae6504,db624dbd058b53b64bdb624187fdae0f2eeeb5cb022fa30c58e59b6d94ae6504,$,,db624dbd058b53b64bdb624187fdae0f2eeeb5cb022fa30c58e59b6d94ae6504,db624dbd058b53b64bdb624187fdae0f2eeeb5cb022fa30c58e59b6d94ae6504,"{""basis"":""ordered source-target formula atom"",""kind"":""source-target-formula-map""}"
1.1.0,formula,O007-FREMLIN-V2-S265-FORMULA-0499,O007-FREMLIN-V2-S265,O007-RIGHTS-FREMLIN-DSL,O007-FREMLIN-V2-S265-SEG-265G,499,265G,265G,675,686,23722,23725,25057,25060,z,z,594e519ae499312b29433b7dd8a97ff068defcba9755b6d5d00e84c524d67b06,594e519ae499312b29433b7dd8a97ff068defcba9755b6d5d00e84c524d67b06,594e519ae499312b29433b7dd8a97ff068defcba9755b6d5d00e84c524d67b06,$,,594e519ae499312b29433b7dd8a97ff068defcba9755b6d5d00e84c524d67b06,594e519ae499312b29433b7dd8a97ff068defcba9755b6d5d00e84c524d67b06,"{""basis"":""ordered source-target formula atom"",""kind"":""source-target-formula-map""}"
1.1.0,formula,O007-FREMLIN-V2-S265-FORMULA-0500,O007-FREMLIN-V2-S265,O007-RIGHTS-FREMLIN-DSL,O007-FREMLIN-V2-S265-SEG-265G,500,265G,265G,675,686,23734,23743,25067,25076,tT_1(z),tT_1(z),e3d195c6052276632d1ad867575e614037040ffa44d4c50dd4f248182f265af5,e3d195c6052276632d1ad867575e614037040ffa44d4c50dd4f248182f265af5,e3d195c6052276632d1ad867575e614037040ffa44d4c50dd4f248182f265af5,$,,e3d195c6052276632d1ad867575e614037040ffa44d4c50dd4f248182f265af5,e3d195c6052276632d1ad867575e614037040ffa44d4c50dd4f248182f265af5,"{""basis"":""ordered source-target formula atom"",""kind"":""source-target-formula-map""}"
1.1.0,formula,O007-FREMLIN-V2-S265-FORMULA-0501,O007-FREMLIN-V2-S265,O007-RIGHTS-FREMLIN-DSL,O007-FREMLIN-V2-S265-SEG-265G,501,265G,265G,676,687,23768,23774,25086,25092,\psi,\psi,f301f970eb09c336d31954a22511ffad807e5a02b0371810267307048c281891,f301f970eb09c336d31954a22511ffad807e5a02b0371810267307048c281891,f301f970eb09c336d31954a22511ffad807e5a02b0371810267307048c281891,$,,f301f970eb09c336d31954a22511ffad807e5a02b0371810267307048c281891,f301f970eb09c336d31954a22511ffad807e5a02b0371810267307048c281891,"{""basis"":""ordered source-target formula atom"",""kind"":""source-target-formula-map""}"
1.1.0,formula,O007-FREMLIN-V2-S265-FORMULA-0502,O007-FREMLIN-V2-S265,O007-RIGHTS-FREMLIN-DSL,O007-FREMLIN-V2-S265-SEG-265G,502,265G,265G,676,687,23778,23785,25096,25103,"(z,t)","(z,t)",1579c671cd6bdbbdd96e3c33bd8113a871fdf8b60beaea271c085ce3c771809f,1579c671cd6bdbbdd96e3c33bd8113a871fdf8b60beaea271c085ce3c771809f,1579c671cd6bdbbdd96e3c33bd8113a871fdf8b60beaea271c085ce3c771809f,$,,1579c671cd6bdbbdd96e3c33bd8113a871fdf8b60beaea271c085ce3c771809f,1579c671cd6bdbbdd96e3c33bd8113a871fdf8b60beaea271c085ce3c771809f,"{""basis"":""ordered source-target formula atom"",""kind"":""source-target-formula-map""}"
1.1.0,formula,O007-FREMLIN-V2-S265-FORMULA-0503,O007-FREMLIN-V2-S265,O007-RIGHTS-FREMLIN-DSL,O007-FREMLIN-V2-S265-SEG-265G,503,265G,265G,676,687,23797,23815,25119,25137,(r+1)\times(r+1),(r+1)\times(r+1),fd96e17e9383eebbf9d67d081899ae61a2d19f382e35b059e87a7354354fe36a,fd96e17e9383eebbf9d67d081899ae61a2d19f382e35b059e87a7354354fe36a,fd96e17e9383eebbf9d67d081899ae61a2d19f382e35b059e87a7354354fe36a,$,,fd96e17e9383eebbf9d67d081899ae61a2d19f382e35b059e87a7354354fe36a,fd96e17e9383eebbf9d67d081899ae61a2d19f382e35b059e87a7354354fe36a,"{""basis"":""ordered source-target formula atom"",""kind"":""source-target-formula-map""}"
1.1.0,formula,O007-FREMLIN-V2-S265-FORMULA-0504,O007-FREMLIN-V2-S265,O007-RIGHTS-FREMLIN-DSL,O007-FREMLIN-V2-S265-SEG-265G,504,265G,265G,677,688,23823,23856,25138,25171,"T(z,t)=\Matrix{tT_1(z)&\phi(z)}","T(z,t)=\Matrix{tT_1(z)&\phi(z)}",ce50eca47b2b753e8b46988460890be343ddcd1a7fbd307d36c46288631defcc,ce50eca47b2b753e8b46988460890be343ddcd1a7fbd307d36c46288631defcc,ce50eca47b2b753e8b46988460890be343ddcd1a7fbd307d36c46288631defcc,$,,ce50eca47b2b753e8b46988460890be343ddcd1a7fbd307d36c46288631defcc,ce50eca47b2b753e8b46988460890be343ddcd1a7fbd307d36c46288631defcc,"{""basis"":""ordered source-target formula atom"",""kind"":""source-target-formula-map""}"
1.1.0,formula,O007-FREMLIN-V2-S265-FORMULA-0505,O007-FREMLIN-V2-S265,O007-RIGHTS-FREMLIN-DSL,O007-FREMLIN-V2-S265-SEG-265G,505,265G,265G,677,688,23864,23873,25180,25189,\phi(z),\phi(z),0dd402fc2c3f973d2ae1c4d6d4df0d2dedc60daade2642e0933ece64ecd6eeec,0dd402fc2c3f973d2ae1c4d6d4df0d2dedc60daade2642e0933ece64ecd6eeec,0dd402fc2c3f973d2ae1c4d6d4df0d2dedc60daade2642e0933ece64ecd6eeec,$,,0dd402fc2c3f973d2ae1c4d6d4df0d2dedc60daade2642e0933ece64ecd6eeec,0dd402fc2c3f973d2ae1c4d6d4df0d2dedc60daade2642e0933ece64ecd6eeec,"{""basis"":""ordered source-target formula atom"",""kind"":""source-target-formula-map""}"
1.1.0,formula,O007-FREMLIN-V2-S265-FORMULA-0506,O007-FREMLIN-V2-S265,O007-RIGHTS-FREMLIN-DSL,O007-FREMLIN-V2-S265-SEG-265G,506,265G,265G,681,691,23934,23972,25258,25296,J_t(z)=\sqrt{\det T_t(z)\trs T_t(z)},J_t(z)=\sqrt{\det T_t(z)\trs T_t(z)},a6acd288c7071f71fb6724a394c1996564becb022ac5a57df93ff2ccb2c001b7,a6acd288c7071f71fb6724a394c1996564becb022ac5a57df93ff2ccb2c001b7,0aff182f7e32d6fbe376c667b9fd940cda381c3a0e51a5a09852e0af7a23b7a7,$,,0aff182f7e32d6fbe376c667b9fd940cda381c3a0e51a5a09852e0af7a23b7a7,0aff182f7e32d6fbe376c667b9fd940cda381c3a0e51a5a09852e0af7a23b7a7,"{""basis"":""ordered source-target formula atom"",""kind"":""source-target-formula-map""}"
1.1.0,formula,O007-FREMLIN-V2-S265-FORMULA-0507,O007-FREMLIN-V2-S265,O007-RIGHTS-FREMLIN-DSL,O007-FREMLIN-V2-S265-SEG-265G,507,265G,265G,682,692,23979,24001,25303,25325,"J(z,t)=|\det T(z,t)|","J(z,t)=|\det T(z,t)|",bb1a0c1cecd5c1aef46d2f826d0a5d4157df49136644dacab74a469b7f8c3333,bb1a0c1cecd5c1aef46d2f826d0a5d4157df49136644dacab74a469b7f8c3333,e60364e035285b8577b9cbb155f49c9865f5747cde9050a4da484b35974ce312,$,,e60364e035285b8577b9cbb155f49c9865f5747cde9050a4da484b35974ce312,e60364e035285b8577b9cbb155f49c9865f5747cde9050a4da484b35974ce312,"{""basis"":""ordered source-target formula atom"",""kind"":""source-target-formula-map""}"
1.1.0,formula,O007-FREMLIN-V2-S265-FORMULA-0508,O007-FREMLIN-V2-S265,O007-RIGHTS-FREMLIN-DSL,O007-FREMLIN-V2-S265-SEG-265G,508,265G,265G,686,696,24021,24207,25345,25531,"\eqalign{J(z,t)^2
=\det T(z,t)\trs T(z,t)
&=\det\Matrix{tT_1(z)\trs \\ \phi(z)\trs }\Matrix{tT_1(z)&\phi(z)}\cr
&=\det\Matrix{t^2T_1(z)\trs T_1(z)&\tbf{0}\\ \tbf{0}&1}
=J_t(z)^2,\cr}","\eqalign{J(z,t)^2
=\det T(z,t)\trs T(z,t)
&=\det\Matrix{tT_1(z)\trs \\ \phi(z)\trs }\Matrix{tT_1(z)&\phi(z)}\cr
&=\det\Matrix{t^2T_1(z)\trs T_1(z)&\tbf{0}\\ \tbf{0}&1}
=J_t(z)^2,\cr}",acc9d3eb24d758ac39ed4344fe27a1c11b630a0ad66873d1e8b8387f1c3162bf,acc9d3eb24d758ac39ed4344fe27a1c11b630a0ad66873d1e8b8387f1c3162bf,d1d1fa3b5b626530b07b8bd5a0f79fb7367a382cb38b251c42f903af8e7e4dbd,$$,,d1d1fa3b5b626530b07b8bd5a0f79fb7367a382cb38b251c42f903af8e7e4dbd,d1d1fa3b5b626530b07b8bd5a0f79fb7367a382cb38b251c42f903af8e7e4dbd,"{""basis"":""ordered source-target formula atom"",""kind"":""source-target-formula-map""}"
1.1.0,formula,O007-FREMLIN-V2-S265-FORMULA-0509,O007-FREMLIN-V2-S265,O007-RIGHTS-FREMLIN-DSL,O007-FREMLIN-V2-S265-SEG-265G,509,265G,265G,692,702,24257,24266,25582,25591,"(i,r+1)","(i,r+1)",dd89fa44dfd52c0b65740ec6438cac81e0a62fc1344f4332706b9b71a36e7530,dd89fa44dfd52c0b65740ec6438cac81e0a62fc1344f4332706b9b71a36e7530,dd89fa44dfd52c0b65740ec6438cac81e0a62fc1344f4332706b9b71a36e7530,$,,dd89fa44dfd52c0b65740ec6438cac81e0a62fc1344f4332706b9b71a36e7530,dd89fa44dfd52c0b65740ec6438cac81e0a62fc1344f4332706b9b71a36e7530,"{""basis"":""ordered source-target formula atom"",""kind"":""source-target-formula-map""}"
1.1.0,formula,O007-FREMLIN-V2-S265-FORMULA-0510,O007-FREMLIN-V2-S265,O007-RIGHTS-FREMLIN-DSL,O007-FREMLIN-V2-S265-SEG-265G,510,265G,265G,694,703,24282,24301,25597,25616,"T(z,t)\trs T(z,t)","T(z,t)\trs T(z,t)",d8aabccb684d7c902d12c3f12f3216180022eb7fb97071d81783329acc453d3b,d8aabccb684d7c902d12c3f12f3216180022eb7fb97071d81783329acc453d3b,258e47be6091bcfd23454235cfb17c1ce3ddcf31d4f48365dad9254bb3abc44e,$,,258e47be6091bcfd23454235cfb17c1ce3ddcf31d4f48365dad9254bb3abc44e,258e47be6091bcfd23454235cfb17c1ce3ddcf31d4f48365dad9254bb3abc44e,"{""basis"":""ordered source-target formula atom"",""kind"":""source-target-formula-map""}"
1.1.0,formula,O007-FREMLIN-V2-S265-FORMULA-0511,O007-FREMLIN-V2-S265,O007-RIGHTS-FREMLIN-DSL,O007-FREMLIN-V2-S265-SEG-265G,511,265G,265G,694,703,24307,24320,25624,25637,1\le i\le r,1\le i\le r,fb722ed4960a89786469e54c755b2a0c6b0639bb736a8df2392ba5cff2b29f87,fb722ed4960a89786469e54c755b2a0c6b0639bb736a8df2392ba5cff2b29f87,d45f6894a6050418136b97ba91a0df103ff50d53f54d302c99ddcadf8b1073b1,$,,d45f6894a6050418136b97ba91a0df103ff50d53f54d302c99ddcadf8b1073b1,d45f6894a6050418136b97ba91a0df103ff50d53f54d302c99ddcadf8b1073b1,"{""basis"":""ordered source-target formula atom"",""kind"":""source-target-formula-map""}"
1.1.0,formula,O007-FREMLIN-V2-S265-FORMULA-0512,O007-FREMLIN-V2-S265,O007-RIGHTS-FREMLIN-DSL,O007-FREMLIN-V2-S265-SEG-265G,512,265G,265G,696,705,24341,24450,25673,25782,"\sum_{j=1}^{r+1}t\Pd{\phi_j}{\zeta_i}(z)\phi_j(z)
=\Bover{t}2\Pd{}{\zeta_i}(\sum_{j=1}^{r+1}\phi_j(z)^2)
=0","\sum_{j=1}^{r+1}t\Pd{\phi_j}{\zeta_i}(z)\phi_j(z)
=\Bover{t}2\Pd{}{\zeta_i}(\sum_{j=1}^{r+1}\phi_j(z)^2)
=0",d61a14d85ce2fb335ab8804d6b372371fa9d22417cadae1c59d3b77066988f91,d61a14d85ce2fb335ab8804d6b372371fa9d22417cadae1c59d3b77066988f91,92431b03a38d0de90ccb660387ba848757a2326ec6ce5a600fc01a070c54b20d,$,,92431b03a38d0de90ccb660387ba848757a2326ec6ce5a600fc01a070c54b20d,92431b03a38d0de90ccb660387ba848757a2326ec6ce5a600fc01a070c54b20d,"{""basis"":""ordered source-target formula atom"",""kind"":""source-target-formula-map""}"
1.1.0,formula,O007-FREMLIN-V2-S265-FORMULA-0513,O007-FREMLIN-V2-S265,O007-RIGHTS-FREMLIN-DSL,O007-FREMLIN-V2-S265-SEG-265G,513,265G,265G,700,709,24470,24478,25803,25811,\phi_j,\phi_j,96e36242d8809b05e16b0632cb83cc44ff63c76d1424b355cdd0adc772c9421b,96e36242d8809b05e16b0632cb83cc44ff63c76d1424b355cdd0adc772c9421b,96e36242d8809b05e16b0632cb83cc44ff63c76d1424b355cdd0adc772c9421b,$,,96e36242d8809b05e16b0632cb83cc44ff63c76d1424b355cdd0adc772c9421b,96e36242d8809b05e16b0632cb83cc44ff63c76d1424b355cdd0adc772c9421b,"{""basis"":""ordered source-target formula atom"",""kind"":""source-target-formula-map""}"
1.1.0,formula,O007-FREMLIN-V2-S265-FORMULA-0514,O007-FREMLIN-V2-S265,O007-RIGHTS-FREMLIN-DSL,O007-FREMLIN-V2-S265-SEG-265G,514,265G,265G,700,709,24486,24489,25825,25828,j,j,189f40034be7a199f1fa9891668ee3ab6049f82d38c68be70f596eab2e1857b7,189f40034be7a199f1fa9891668ee3ab6049f82d38c68be70f596eab2e1857b7,189f40034be7a199f1fa9891668ee3ab6049f82d38c68be70f596eab2e1857b7,$,,189f40034be7a199f1fa9891668ee3ab6049f82d38c68be70f596eab2e1857b7,189f40034be7a199f1fa9891668ee3ab6049f82d38c68be70f596eab2e1857b7,"{""basis"":""ordered source-target formula atom"",""kind"":""source-target-formula-map""}"
1.1.0,formula,O007-FREMLIN-V2-S265-FORMULA-0515,O007-FREMLIN-V2-S265,O007-RIGHTS-FREMLIN-DSL,O007-FREMLIN-V2-S265-SEG-265G,515,265G,265G,700,709,24506,24512,25834,25840,\phi,\phi,10ce0200b450ea955833553e717821c7721818b8a95cffd7e54b46e08918b512,10ce0200b450ea955833553e717821c7721818b8a95cffd7e54b46e08918b512,10ce0200b450ea955833553e717821c7721818b8a95cffd7e54b46e08918b512,$,,10ce0200b450ea955833553e717821c7721818b8a95cffd7e54b46e08918b512,10ce0200b450ea955833553e717821c7721818b8a95cffd7e54b46e08918b512,"{""basis"":""ordered source-target formula atom"",""kind"":""source-target-formula-map""}"
1.1.0,formula,O007-FREMLIN-V2-S265-FORMULA-0516,O007-FREMLIN-V2-S265,O007-RIGHTS-FREMLIN-DSL,O007-FREMLIN-V2-S265-SEG-265G,516,265G,265G,701,710,24525,24536,25862,25873,"(r+1,r+1)","(r+1,r+1)",990a192cd5758a0b254e1c4ebb5454e81475442b54b14d2064d520e89af05bb1,990a192cd5758a0b254e1c4ebb5454e81475442b54b14d2064d520e89af05bb1,990a192cd5758a0b254e1c4ebb5454e81475442b54b14d2064d520e89af05bb1,$,,990a192cd5758a0b254e1c4ebb5454e81475442b54b14d2064d520e89af05bb1,990a192cd5758a0b254e1c4ebb5454e81475442b54b14d2064d520e89af05bb1,"{""basis"":""ordered source-target formula atom"",""kind"":""source-target-formula-map""}"
1.1.0,formula,O007-FREMLIN-V2-S265-FORMULA-0517,O007-FREMLIN-V2-S265,O007-RIGHTS-FREMLIN-DSL,O007-FREMLIN-V2-S265-SEG-265G,517,265G,265G,701,710,24552,24571,25879,25898,"T(z,t)\trs T(z,t)","T(z,t)\trs T(z,t)",d8aabccb684d7c902d12c3f12f3216180022eb7fb97071d81783329acc453d3b,d8aabccb684d7c902d12c3f12f3216180022eb7fb97071d81783329acc453d3b,258e47be6091bcfd23454235cfb17c1ce3ddcf31d4f48365dad9254bb3abc44e,$,,258e47be6091bcfd23454235cfb17c1ce3ddcf31d4f48365dad9254bb3abc44e,258e47be6091bcfd23454235cfb17c1ce3ddcf31d4f48365dad9254bb3abc44e,"{""basis"":""ordered source-target formula atom"",""kind"":""source-target-formula-map""}"
1.1.0,formula,O007-FREMLIN-V2-S265-FORMULA-0518,O007-FREMLIN-V2-S265,O007-RIGHTS-FREMLIN-DSL,O007-FREMLIN-V2-S265-SEG-265G,518,265G,265G,702,711,24580,24611,25905,25936,\sum_{j=1}^{r+1}\phi_j(z)^2=1,\sum_{j=1}^{r+1}\phi_j(z)^2=1,9de2ff82cf1671b54444f5092ac787d438c650baa24b2e39c11186cdb359ef79,9de2ff82cf1671b54444f5092ac787d438c650baa24b2e39c11186cdb359ef79,9de2ff82cf1671b54444f5092ac787d438c650baa24b2e39c11186cdb359ef79,$,,9de2ff82cf1671b54444f5092ac787d438c650baa24b2e39c11186cdb359ef79,9de2ff82cf1671b54444f5092ac787d438c650baa24b2e39c11186cdb359ef79,"{""basis"":""ordered source-target formula atom"",""kind"":""source-target-formula-map""}"
1.1.0,formula,O007-FREMLIN-V2-S265-FORMULA-0519,O007-FREMLIN-V2-S265,O007-RIGHTS-FREMLIN-DSL,O007-FREMLIN-V2-S265-SEG-265G,519,265G,265G,703,712,24624,24639,25954,25969,"J(z,t)=J_t(z)","J(z,t)=J_t(z)",c66cfce69e7326935fb6c0f3453d0760fdd991886ad1a2ac9c88ecfbd2e7b0a5,c66cfce69e7326935fb6c0f3453d0760fdd991886ad1a2ac9c88ecfbd2e7b0a5,c66cfce69e7326935fb6c0f3453d0760fdd991886ad1a2ac9c88ecfbd2e7b0a5,$,,c66cfce69e7326935fb6c0f3453d0760fdd991886ad1a2ac9c88ecfbd2e7b0a5,c66cfce69e7326935fb6c0f3453d0760fdd991886ad1a2ac9c88ecfbd2e7b0a5,"{""basis"":""ordered source-target formula atom"",""kind"":""source-target-formula-map""}"
1.1.0,formula,O007-FREMLIN-V2-S265-FORMULA-0520,O007-FREMLIN-V2-S265,O007-RIGHTS-FREMLIN-DSL,O007-FREMLIN-V2-S265-SEG-265G,520,265G,265G,703,712,24648,24661,25982,25995,z\in\BbbR^r,z\in\BbbR^r,0b03c848504cb8d4519d7d3ad8866189dab6e5c70bc41cc321c6f0d0c1986f26,0b03c848504cb8d4519d7d3ad8866189dab6e5c70bc41cc321c6f0d0c1986f26,0b03c848504cb8d4519d7d3ad8866189dab6e5c70bc41cc321c6f0d0c1986f26,$,,0b03c848504cb8d4519d7d3ad8866189dab6e5c70bc41cc321c6f0d0c1986f26,0b03c848504cb8d4519d7d3ad8866189dab6e5c70bc41cc321c6f0d0c1986f26,"{""basis"":""ordered source-target formula atom"",""kind"":""source-target-formula-map""}"
1.1.0,formula,O007-FREMLIN-V2-S265-FORMULA-0521,O007-FREMLIN-V2-S265,O007-RIGHTS-FREMLIN-DSL,O007-FREMLIN-V2-S265-SEG-265G,521,265G,265G,703,712,24663,24668,25997,26002,t>0,t>0,953c0794968549f7f8580d93fc444696c0aec372099eb60533896c15fecb81a3,953c0794968549f7f8580d93fc444696c0aec372099eb60533896c15fecb81a3,953c0794968549f7f8580d93fc444696c0aec372099eb60533896c15fecb81a3,$,,953c0794968549f7f8580d93fc444696c0aec372099eb60533896c15fecb81a3,953c0794968549f7f8580d93fc444696c0aec372099eb60533896c15fecb81a3,"{""basis"":""ordered source-target formula atom"",""kind"":""source-target-formula-map""}"
1.1.0,formula,O007-FREMLIN-V2-S265-FORMULA-0522,O007-FREMLIN-V2-S265,O007-RIGHTS-FREMLIN-DSL,O007-FREMLIN-V2-S265-SEG-265G,522,265G,265G,705,714,24682,24708,26021,26047,f\in\eusm L^1(\mu_{r+1}),f\in\eusm L^1(\mu_{r+1}),1f3f17b4c737c317556871993ad4647fe676b15b849be66eb54f9f272a6cc918,1f3f17b4c737c317556871993ad4647fe676b15b849be66eb54f9f272a6cc918,7dc68c4c70347dc1c8a7be72e2fd45df5f7fd0a0219cde03397cf18d2887a328,$,,7dc68c4c70347dc1c8a7be72e2fd45df5f7fd0a0219cde03397cf18d2887a328,7dc68c4c70347dc1c8a7be72e2fd45df5f7fd0a0219cde03397cf18d2887a328,"{""basis"":""ordered source-target formula atom"",""kind"":""source-target-formula-map""}"
1.1.0,formula,O007-FREMLIN-V2-S265-FORMULA-0523,O007-FREMLIN-V2-S265,O007-RIGHTS-FREMLIN-DSL,O007-FREMLIN-V2-S265-SEG-265G,523,265G,265G,707,716,24728,25113,26072,26472,"\eqalignno{\int_{B(y,\delta)}fd\mu_{r+1}
&=\int_{B(y,\delta)\setminus\{y\}}fd\mu_{r+1}\cr
&=\int_{F\times\ocint{0,\delta}}f(\psi(z,t))J(z,t)\mu_{r+1}(d(z,t))\cr
\displaycause{by 263D}
&=\int_0^{\delta}\int_Ff(\psi_t(z))J_t(z)\mu_r(dz)dt\cr
\displaycause{where $\mu_r$ is Lebesgue measure on $\BbbR^r$,
by Fubini's theorem, 252B}
&=\int_0^{\delta}\int_{\partial B(y,t)}fd\nu_rdt\cr}","\eqalignno{\int_{B(y,\delta)}fd\mu_{r+1}
&=\int_{B(y,\delta)\setminus\{y\}}fd\mu_{r+1}\cr
&=\int_{F\times\ocint{0,\delta}}f(\psi(z,t))J(z,t)\mu_{r+1}(d(z,t))\cr
\displaycause{berdasarkan 263D}
&=\int_0^{\delta}\int_Ff(\psi_t(z))J_t(z)\mu_r(dz)dt\cr
\displaycause{dengan $\mu_r$ ukuran Lebesgue pada $\BbbR^r$,
berdasarkan teorema Fubini, 252B}
&=\int_0^{\delta}\int_{\partial B(y,t)}fd\nu_rdt\cr}",e1b9bcdea030b24a035464542c5af342b21af8e6e1d3759e72db72dbf2cac0f0,7128426dee26cee68b2665ad90c84bcf8981fe9d1baea9812b80ead2c849ae59,2371cb38574fc3ff80ed791d84ecb7aa7e40fe2187917d7f92f17ad303d3ef1e,$$,,8fb14aca99256d7b3bb0f31a48451655b31fecad87da2dfdf7434a3d46bbc2cc,2371cb38574fc3ff80ed791d84ecb7aa7e40fe2187917d7f92f17ad303d3ef1e,"{""basis"":""ordered source-target formula atom"",""kind"":""source-target-formula-map""}"
1.1.0,formula,O007-FREMLIN-V2-S265-FORMULA-0524,O007-FREMLIN-V2-S265,O007-RIGHTS-FREMLIN-DSL,O007-FREMLIN-V2-S265-SEG-265H,524,265H,265H,719,728,25191,25198,26558,26565,\nu_r,\nu_r,e8b3832b298d6101b15e3586330ba9623983dd4b8f502aadc70f38d121108a53,e8b3832b298d6101b15e3586330ba9623983dd4b8f502aadc70f38d121108a53,e8b3832b298d6101b15e3586330ba9623983dd4b8f502aadc70f38d121108a53,$,,e8b3832b298d6101b15e3586330ba9623983dd4b8f502aadc70f38d121108a53,e8b3832b298d6101b15e3586330ba9623983dd4b8f502aadc70f38d121108a53,"{""basis"":""ordered source-target formula atom"",""kind"":""source-target-formula-map""}"
1.1.0,formula,O007-FREMLIN-V2-S265-FORMULA-0525,O007-FREMLIN-V2-S265,O007-RIGHTS-FREMLIN-DSL,O007-FREMLIN-V2-S265-SEG-265H,525,265H,265H,719,729,25213,25216,26616,26619,r,r,454349e422f05297191ead13e21d3db520e5abef52055e4964b82fb213f593a1,454349e422f05297191ead13e21d3db520e5abef52055e4964b82fb213f593a1,454349e422f05297191ead13e21d3db520e5abef52055e4964b82fb213f593a1,$,,454349e422f05297191ead13e21d3db520e5abef52055e4964b82fb213f593a1,454349e422f05297191ead13e21d3db520e5abef52055e4964b82fb213f593a1,"{""basis"":""ordered source-target formula atom"",""kind"":""source-target-formula-map""}"
1.1.0,formula,O007-FREMLIN-V2-S265-FORMULA-0526,O007-FREMLIN-V2-S265,O007-RIGHTS-FREMLIN-DSL,O007-FREMLIN-V2-S265-SEG-265H,526,265H,265H,720,729,25250,25263,26625,26638,\BbbR^{r+1},\BbbR^{r+1},bd4408baacfe9840b30da660f0f0b49e5bf27f33379b3d9768c1cad150f82fff,bd4408baacfe9840b30da660f0f0b49e5bf27f33379b3d9768c1cad150f82fff,bd4408baacfe9840b30da660f0f0b49e5bf27f33379b3d9768c1cad150f82fff,$,,bd4408baacfe9840b30da660f0f0b49e5bf27f33379b3d9768c1cad150f82fff,bd4408baacfe9840b30da660f0f0b49e5bf27f33379b3d9768c1cad150f82fff,"{""basis"":""ordered source-target formula atom"",""kind"":""source-target-formula-map""}"
1.1.0,formula,O007-FREMLIN-V2-S265-FORMULA-0527,O007-FREMLIN-V2-S265,O007-RIGHTS-FREMLIN-DSL,O007-FREMLIN-V2-S265-SEG-265H,527,265H,265H,720,730,25270,25297,26645,26672,\nu_rS_r=(r+1)\beta_{r+1},\nu_rS_r=(r+1)\beta_{r+1},cd365e30085da2e8cc8c0c4ace4c5ded1c4ad25e1b2f1f8e1ee1a9316fe45501,cd365e30085da2e8cc8c0c4ace4c5ded1c4ad25e1b2f1f8e1ee1a9316fe45501,cd365e30085da2e8cc8c0c4ace4c5ded1c4ad25e1b2f1f8e1ee1a9316fe45501,$,,cd365e30085da2e8cc8c0c4ace4c5ded1c4ad25e1b2f1f8e1ee1a9316fe45501,cd365e30085da2e8cc8c0c4ace4c5ded1c4ad25e1b2f1f8e1ee1a9316fe45501,"{""basis"":""ordered source-target formula atom"",""kind"":""source-target-formula-map""}"
1.1.0,formula,O007-FREMLIN-V2-S265-FORMULA-0528,O007-FREMLIN-V2-S265,O007-RIGHTS-FREMLIN-DSL,O007-FREMLIN-V2-S265-SEG-265H,528,265H,265H,722,732,25322,25333,26701,26712,y=\tbf{0},y=\tbf{0},bcaaeca9993ed9fb141bc12c83a73fda42060893c846a3c517e934ffb67d88e9,bcaaeca9993ed9fb141bc12c83a73fda42060893c846a3c517e934ffb67d88e9,bcaaeca9993ed9fb141bc12c83a73fda42060893c846a3c517e934ffb67d88e9,$,,bcaaeca9993ed9fb141bc12c83a73fda42060893c846a3c517e934ffb67d88e9,bcaaeca9993ed9fb141bc12c83a73fda42060893c846a3c517e934ffb67d88e9,"{""basis"":""ordered source-target formula atom"",""kind"":""source-target-formula-map""}"
1.1.0,formula,O007-FREMLIN-V2-S265-FORMULA-0529,O007-FREMLIN-V2-S265,O007-RIGHTS-FREMLIN-DSL,O007-FREMLIN-V2-S265-SEG-265H,529,265H,265H,722,732,25335,25345,26714,26724,\delta=1,\delta=1,3c4af9860a7948f35e66d792e21f304ff28491ddbbd0883698e45f0cc0ab1bbf,3c4af9860a7948f35e66d792e21f304ff28491ddbbd0883698e45f0cc0ab1bbf,3c4af9860a7948f35e66d792e21f304ff28491ddbbd0883698e45f0cc0ab1bbf,$,,3c4af9860a7948f35e66d792e21f304ff28491ddbbd0883698e45f0cc0ab1bbf,3c4af9860a7948f35e66d792e21f304ff28491ddbbd0883698e45f0cc0ab1bbf,"{""basis"":""ordered source-target formula atom"",""kind"":""source-target-formula-map""}"
1.1.0,formula,O007-FREMLIN-V2-S265-FORMULA-0530,O007-FREMLIN-V2-S265,O007-RIGHTS-FREMLIN-DSL,O007-FREMLIN-V2-S265-SEG-265H,530,265H,265H,723,733,25351,25372,26730,26751,"f=\chi B(\tbf{0},1)","f=\chi B(\tbf{0},1)",12e4c6c4828ffa5a0122496544b51962f2b4756f721819cd9c6b1cf538a8c2e7,12e4c6c4828ffa5a0122496544b51962f2b4756f721819cd9c6b1cf538a8c2e7,ccdd0b88f48766329fc71e0d24c40ee34fed7892de589becf80d1a92b57d5346,$,,ccdd0b88f48766329fc71e0d24c40ee34fed7892de589becf80d1a92b57d5346,ccdd0b88f48766329fc71e0d24c40ee34fed7892de589becf80d1a92b57d5346,"{""basis"":""ordered source-target formula atom"",""kind"":""source-target-formula-map""}"
1.1.0,formula,O007-FREMLIN-V2-S265-FORMULA-0531,O007-FREMLIN-V2-S265,O007-RIGHTS-FREMLIN-DSL,O007-FREMLIN-V2-S265-SEG-265H,531,265H,265H,725,735,25393,25507,26771,26885,"\beta_{r+1}=\int fd\mu_{r+1}
=\int_0^1\nu_r(\partial B(\tbf{0},t))dt=\int_0^1t^r\nu_rS_rdt
=\Bover1{r+1}\nu_rS_r","\beta_{r+1}=\int fd\mu_{r+1}
=\int_0^1\nu_r(\partial B(\tbf{0},t))dt=\int_0^1t^r\nu_rS_rdt
=\Bover1{r+1}\nu_rS_r",14111003ae0ce9d549f680c4b9fb6afa4c75f3114946bdd236588fa43209c052,14111003ae0ce9d549f680c4b9fb6afa4c75f3114946bdd236588fa43209c052,7ee894e8373375fb084d0df75e8bb9efe8624b5cbd58cf8bd2d089691958746b,$,,7ee894e8373375fb084d0df75e8bb9efe8624b5cbd58cf8bd2d089691958746b,7ee894e8373375fb084d0df75e8bb9efe8624b5cbd58cf8bd2d089691958746b,"{""basis"":""ordered source-target formula atom"",""kind"":""source-target-formula-map""}"
1.1.0,formula,O007-FREMLIN-V2-S265-FORMULA-0532,O007-FREMLIN-V2-S265,O007-RIGHTS-FREMLIN-DSL,O007-FREMLIN-V2-S265-SEG-265H,532,265H,265H,730,740,25557,25570,26945,26958,x\mapsto tx,x\mapsto tx,6753a29b54b1407ab17bdd979eb9837750134afeb81a31820f6911dcfcee0bf8,6753a29b54b1407ab17bdd979eb9837750134afeb81a31820f6911dcfcee0bf8,7cfaeb1d0999cc5099b47f180d2a8205519fb4d440ea46977e3eaab55d3182df,$,,7cfaeb1d0999cc5099b47f180d2a8205519fb4d440ea46977e3eaab55d3182df,7cfaeb1d0999cc5099b47f180d2a8205519fb4d440ea46977e3eaab55d3182df,"{""basis"":""ordered source-target formula atom"",""kind"":""source-target-formula-map""}"
1.1.0,formula,O007-FREMLIN-V2-S265-FORMULA-0533,O007-FREMLIN-V2-S265,O007-RIGHTS-FREMLIN-DSL,O007-FREMLIN-V2-S265-SEG-265H,533,265H,265H,730,740,25572,25591,26960,26979,x\mapsto\bover1tx,x\mapsto\bover1tx,824a1c3cad5ec0c188091d5c0c3245e8a1e55b99b89f2fbe797d8855ee20f3ce,824a1c3cad5ec0c188091d5c0c3245e8a1e55b99b89f2fbe797d8855ee20f3ce,824a1c3cad5ec0c188091d5c0c3245e8a1e55b99b89f2fbe797d8855ee20f3ce,$,,824a1c3cad5ec0c188091d5c0c3245e8a1e55b99b89f2fbe797d8855ee20f3ce,824a1c3cad5ec0c188091d5c0c3245e8a1e55b99b89f2fbe797d8855ee20f3ce,"{""basis"":""ordered source-target formula atom"",""kind"":""source-target-formula-map""}"
1.1.0,formula,O007-FREMLIN-V2-S265-FORMULA-0534,O007-FREMLIN-V2-S265,O007-RIGHTS-FREMLIN-DSL,O007-FREMLIN-V2-S265-SEG-265H,534,265H,265H,731,740,25597,25610,26985,26998,\BbbR^{r+1},\BbbR^{r+1},bd4408baacfe9840b30da660f0f0b49e5bf27f33379b3d9768c1cad150f82fff,bd4408baacfe9840b30da660f0f0b49e5bf27f33379b3d9768c1cad150f82fff,bd4408baacfe9840b30da660f0f0b49e5bf27f33379b3d9768c1cad150f82fff,$,,bd4408baacfe9840b30da660f0f0b49e5bf27f33379b3d9768c1cad150f82fff,bd4408baacfe9840b30da660f0f0b49e5bf27f33379b3d9768c1cad150f82fff,"{""basis"":""ordered source-target formula atom"",""kind"":""source-target-formula-map""}"
1.1.0,formula,O007-FREMLIN-V2-S265-FORMULA-0535,O007-FREMLIN-V2-S265,O007-RIGHTS-FREMLIN-DSL,O007-FREMLIN-V2-S265-SEG-265H,535,265H,265H,732,742,25633,25675,27038,27080,"\nu_r(\partial B(\tbf{0},t))=t^r\nu_rS_r","\nu_r(\partial B(\tbf{0},t))=t^r\nu_rS_r",cb6510de205214b86e44ee77f3eb022624b960ea0c24ef8c8dfcc094aef97023,cb6510de205214b86e44ee77f3eb022624b960ea0c24ef8c8dfcc094aef97023,73899f4a580b002d6079b3f327f6ba19849bdae85aaed2e1704a8ac34a533694,$,,73899f4a580b002d6079b3f327f6ba19849bdae85aaed2e1704a8ac34a533694,73899f4a580b002d6079b3f327f6ba19849bdae85aaed2e1704a8ac34a533694,"{""basis"":""ordered source-target formula atom"",""kind"":""source-target-formula-map""}"
1.1.0,formula,O007-FREMLIN-V2-S265-FORMULA-0536,O007-FREMLIN-V2-S265,O007-RIGHTS-FREMLIN-DSL,O007-FREMLIN-V2-S265-SEG-265H,536,265H,265H,732,742,25680,25685,27087,27092,t>0,t>0,953c0794968549f7f8580d93fc444696c0aec372099eb60533896c15fecb81a3,953c0794968549f7f8580d93fc444696c0aec372099eb60533896c15fecb81a3,953c0794968549f7f8580d93fc444696c0aec372099eb60533896c15fecb81a3,$,,953c0794968549f7f8580d93fc444696c0aec372099eb60533896c15fecb81a3,953c0794968549f7f8580d93fc444696c0aec372099eb60533896c15fecb81a3,"{""basis"":""ordered source-target formula atom"",""kind"":""source-target-formula-map""}"
1.1.0,formula,O007-FREMLIN-V2-S265-FORMULA-0537,O007-FREMLIN-V2-S265,O007-RIGHTS-FREMLIN-DSL,O007-FREMLIN-V2-S265-SEG-265X,537,265X,265X,736,746,25762,25770,27172,27180,r\ge 1,r\ge 1,10bc42d96f51887ea400533a0f6b343406ae6bb4aac04938120632d6289e30dc,10bc42d96f51887ea400533a0f6b343406ae6bb4aac04938120632d6289e30dc,48d931adc78b0f862d3435fd812b0154451317701e4ee6ece3563bbd6d25a196,$,,48d931adc78b0f862d3435fd812b0154451317701e4ee6ece3563bbd6d25a196,48d931adc78b0f862d3435fd812b0154451317701e4ee6ece3563bbd6d25a196,"{""basis"":""ordered source-target formula atom"",""kind"":""source-target-formula-map""}"
1.1.0,formula,O007-FREMLIN-V2-S265-FORMULA-0538,O007-FREMLIN-V2-S265,O007-RIGHTS-FREMLIN-DSL,O007-FREMLIN-V2-S265-SEG-265X,538,265X,265X,737,747,25780,25830,27195,27245,"S_r(\alpha)=\{z:z\in\BbbR^{r+1},\,\|z\|=\alpha\}","S_r(\alpha)=\{z:z\in\BbbR^{r+1},\,\|z\|=\alpha\}",21a94a7bf153360bc9922d0c597212044be29dae3e17efb1530ff1ddd8895369,21a94a7bf153360bc9922d0c597212044be29dae3e17efb1530ff1ddd8895369,21a94a7bf153360bc9922d0c597212044be29dae3e17efb1530ff1ddd8895369,$,,21a94a7bf153360bc9922d0c597212044be29dae3e17efb1530ff1ddd8895369,21a94a7bf153360bc9922d0c597212044be29dae3e17efb1530ff1ddd8895369,"{""basis"":""ordered source-target formula atom"",""kind"":""source-target-formula-map""}"
1.1.0,formula,O007-FREMLIN-V2-S265-FORMULA-0539,O007-FREMLIN-V2-S265,O007-RIGHTS-FREMLIN-DSL,O007-FREMLIN-V2-S265-SEG-265X,539,265X,265X,738,748,25838,25841,27279,27282,r,r,454349e422f05297191ead13e21d3db520e5abef52055e4964b82fb213f593a1,454349e422f05297191ead13e21d3db520e5abef52055e4964b82fb213f593a1,454349e422f05297191ead13e21d3db520e5abef52055e4964b82fb213f593a1,$,,454349e422f05297191ead13e21d3db520e5abef52055e4964b82fb213f593a1,454349e422f05297191ead13e21d3db520e5abef52055e4964b82fb213f593a1,"{""basis"":""ordered source-target formula atom"",""kind"":""source-target-formula-map""}"
1.1.0,formula,O007-FREMLIN-V2-S265-FORMULA-0540,O007-FREMLIN-V2-S265,O007-RIGHTS-FREMLIN-DSL,O007-FREMLIN-V2-S265-SEG-265X,540,265X,265X,738,748,25859,25867,27300,27308,\alpha,\alpha,4893e9df8b5496ebe7a0f1c2cc92a39fb6df03085030e3b97cfcc4d45136db5a,4893e9df8b5496ebe7a0f1c2cc92a39fb6df03085030e3b97cfcc4d45136db5a,4893e9df8b5496ebe7a0f1c2cc92a39fb6df03085030e3b97cfcc4d45136db5a,$,,4893e9df8b5496ebe7a0f1c2cc92a39fb6df03085030e3b97cfcc4d45136db5a,4893e9df8b5496ebe7a0f1c2cc92a39fb6df03085030e3b97cfcc4d45136db5a,"{""basis"":""ordered source-target formula atom"",""kind"":""source-target-formula-map""}"
1.1.0,formula,O007-FREMLIN-V2-S265-FORMULA-0541,O007-FREMLIN-V2-S265,O007-RIGHTS-FREMLIN-DSL,O007-FREMLIN-V2-S265-SEG-265X,541,265X,265X,739,749,25881,25948,27326,27393,\nu_rS_r(\alpha)=2\pi\beta_{r-1}\alpha^r=(r+1)\beta_{r+1}\alpha^r,\nu_rS_r(\alpha)=2\pi\beta_{r-1}\alpha^r=(r+1)\beta_{r+1}\alpha^r,d201c911934f4bc2fe7077bd4cc5bdc92f01dc6c7719ea1a7c7948f59af9cef1,d201c911934f4bc2fe7077bd4cc5bdc92f01dc6c7719ea1a7c7948f59af9cef1,d201c911934f4bc2fe7077bd4cc5bdc92f01dc6c7719ea1a7c7948f59af9cef1,$,,d201c911934f4bc2fe7077bd4cc5bdc92f01dc6c7719ea1a7c7948f59af9cef1,d201c911934f4bc2fe7077bd4cc5bdc92f01dc6c7719ea1a7c7948f59af9cef1,"{""basis"":""ordered source-target formula atom"",""kind"":""source-target-formula-map""}"
1.1.0,formula,O007-FREMLIN-V2-S265-FORMULA-0542,O007-FREMLIN-V2-S265,O007-RIGHTS-FREMLIN-DSL,O007-FREMLIN-V2-S265-SEG-265X,542,265X,265X,741,750,25959,25972,27407,27420,\alpha\ge 0,\alpha\ge 0,92e264b5e0ac6be7bd191f0ace4a1313c10a144d4ead587adad64a324e4f886d,92e264b5e0ac6be7bd191f0ace4a1313c10a144d4ead587adad64a324e4f886d,a5aa09bdceb3a9e08fd21e65a6d25f95b44edf58cf86878ba34f9e85724b18c6,$,,a5aa09bdceb3a9e08fd21e65a6d25f95b44edf58cf86878ba34f9e85724b18c6,a5aa09bdceb3a9e08fd21e65a6d25f95b44edf58cf86878ba34f9e85724b18c6,"{""basis"":""ordered source-target formula atom"",""kind"":""source-target-formula-map""}"
1.1.0,formula,O007-FREMLIN-V2-S265-FORMULA-0543,O007-FREMLIN-V2-S265,O007-RIGHTS-FREMLIN-DSL,O007-FREMLIN-V2-S265-SEG-265XB,543,265Xb,265Xb,743,752,25995,26003,27448,27456,r\ge 1,r\ge 1,10bc42d96f51887ea400533a0f6b343406ae6bb4aac04938120632d6289e30dc,10bc42d96f51887ea400533a0f6b343406ae6bb4aac04938120632d6289e30dc,48d931adc78b0f862d3435fd812b0154451317701e4ee6ece3563bbd6d25a196,$,,48d931adc78b0f862d3435fd812b0154451317701e4ee6ece3563bbd6d25a196,48d931adc78b0f862d3435fd812b0154451317701e4ee6ece3563bbd6d25a196,"{""basis"":""ordered source-target formula atom"",""kind"":""source-target-formula-map""}"
1.1.0,formula,O007-FREMLIN-V2-S265-FORMULA-0544,O007-FREMLIN-V2-S265,O007-RIGHTS-FREMLIN-DSL,O007-FREMLIN-V2-S265-SEG-265XB,544,265Xb,265Xb,743,752,26013,26025,27468,27480,"a\in[-1,1]","a\in[-1,1]",623cd13db063cb5193bdee697dc26bbb1777d5c21f0f28d31399137075be4b40,623cd13db063cb5193bdee697dc26bbb1777d5c21f0f28d31399137075be4b40,623cd13db063cb5193bdee697dc26bbb1777d5c21f0f28d31399137075be4b40,$,,623cd13db063cb5193bdee697dc26bbb1777d5c21f0f28d31399137075be4b40,623cd13db063cb5193bdee697dc26bbb1777d5c21f0f28d31399137075be4b40,"{""basis"":""ordered source-target formula atom"",""kind"":""source-target-formula-map""}"
1.1.0,formula,O007-FREMLIN-V2-S265-FORMULA-0545,O007-FREMLIN-V2-S265,O007-RIGHTS-FREMLIN-DSL,O007-FREMLIN-V2-S265-SEG-265XB,545,265Xb,265Xb,744,753,26030,26086,27490,27546,"C_a=\{z:z\in\BbbR^{r+1},\,\|z\|=1,\,\zeta_{r+1}\ge a\}","C_a=\{z:z\in\BbbR^{r+1},\,\|z\|=1,\,\zeta_{r+1}\ge a\}",f34d28c83685b05ba9b6910e850d850169c06d116f7cd4b099bf93c97f6f63b6,f34d28c83685b05ba9b6910e850d850169c06d116f7cd4b099bf93c97f6f63b6,8213eb53d461c495e558745e446ee982b3c4a13348670c5e3e740d21611629dc,$,,8213eb53d461c495e558745e446ee982b3c4a13348670c5e3e740d21611629dc,8213eb53d461c495e558745e446ee982b3c4a13348670c5e3e740d21611629dc,"{""basis"":""ordered source-target formula atom"",""kind"":""source-target-formula-map""}"
1.1.0,formula,O007-FREMLIN-V2-S265-FORMULA-0546,O007-FREMLIN-V2-S265,O007-RIGHTS-FREMLIN-DSL,O007-FREMLIN-V2-S265-SEG-265XB,546,265Xb,265Xb,745,754,26096,26128,27555,27587,"z=(\zeta_1,\ldots,\zeta_{r+1})","z=(\zeta_1,\ldots,\zeta_{r+1})",16386710473200e2144a7bf68f33365844f18b8fa90dcd550a21d1679bf52b8c,16386710473200e2144a7bf68f33365844f18b8fa90dcd550a21d1679bf52b8c,16386710473200e2144a7bf68f33365844f18b8fa90dcd550a21d1679bf52b8c,$,,16386710473200e2144a7bf68f33365844f18b8fa90dcd550a21d1679bf52b8c,16386710473200e2144a7bf68f33365844f18b8fa90dcd550a21d1679bf52b8c,"{""basis"":""ordered source-target formula atom"",""kind"":""source-target-formula-map""}"
1.1.0,formula,O007-FREMLIN-V2-S265-FORMULA-0547,O007-FREMLIN-V2-S265,O007-RIGHTS-FREMLIN-DSL,O007-FREMLIN-V2-S265-SEG-265XB,547,265Xb,265Xb,747,756,26168,26220,27636,27688,"\nu_rC_a=r\beta_r\int_0^{\arccos a}\sin^{r-1}t\,dt","\nu_rC_a=r\beta_r\int_0^{\arccos a}\sin^{r-1}t\,dt",b2aaf89486cd786938b078875e8a11da5aa8c3be38264cb9a7ab10977ca8453c,b2aaf89486cd786938b078875e8a11da5aa8c3be38264cb9a7ab10977ca8453c,7f16d371e076833bda7f3a2022d48c669725e012e75fbf1762cd08979db244d5,$,,7f16d371e076833bda7f3a2022d48c669725e012e75fbf1762cd08979db244d5,7f16d371e076833bda7f3a2022d48c669725e012e75fbf1762cd08979db244d5,"{""basis"":""ordered source-target formula atom"",""kind"":""source-target-formula-map""}"
1.1.0,formula,O007-FREMLIN-V2-S265-FORMULA-0548,O007-FREMLIN-V2-S265,O007-RIGHTS-FREMLIN-DSL,O007-FREMLIN-V2-S265-SEG-265XB,548,265Xb,265Xb,750,759,26287,26292,27757,27762,r=2,r=2,0b6c19fb95ede4042a15946cfcaf06799c4dd7f83bc6c5d98a51a9ff334903de,0b6c19fb95ede4042a15946cfcaf06799c4dd7f83bc6c5d98a51a9ff334903de,0b6c19fb95ede4042a15946cfcaf06799c4dd7f83bc6c5d98a51a9ff334903de,$,,0b6c19fb95ede4042a15946cfcaf06799c4dd7f83bc6c5d98a51a9ff334903de,0b6c19fb95ede4042a15946cfcaf06799c4dd7f83bc6c5d98a51a9ff334903de,"{""basis"":""ordered source-target formula atom"",""kind"":""source-target-formula-map""}"
1.1.0,formula,O007-FREMLIN-V2-S265-FORMULA-0549,O007-FREMLIN-V2-S265,O007-RIGHTS-FREMLIN-DSL,O007-FREMLIN-V2-S265-SEG-265XB,549,265Xb,265Xb,750,759,26294,26299,27764,27769,r=4,r=4,54290b18fe323f90b19979a55fdb0e73256286bb8c913d43fdf2bc6e00c93695,54290b18fe323f90b19979a55fdb0e73256286bb8c913d43fdf2bc6e00c93695,54290b18fe323f90b19979a55fdb0e73256286bb8c913d43fdf2bc6e00c93695,$,,54290b18fe323f90b19979a55fdb0e73256286bb8c913d43fdf2bc6e00c93695,54290b18fe323f90b19979a55fdb0e73256286bb8c913d43fdf2bc6e00c93695,"{""basis"":""ordered source-target formula atom"",""kind"":""source-target-formula-map""}"
1.1.0,formula,O007-FREMLIN-V2-S265-FORMULA-0550,O007-FREMLIN-V2-S265,O007-RIGHTS-FREMLIN-DSL,O007-FREMLIN-V2-S265-SEG-265XC,550,265Xc,265Xc,753,762,26330,26369,27802,27841,"C_a=\{z:z\in S_r,\,\zeta_{r+1}\ge a\}","C_a=\{z:z\in S_r,\,\zeta_{r+1}\ge a\}",db40fc8af2afc69cf14f3cdf2749eb0c8cda97873f91cbd73f4730357f583834,db40fc8af2afc69cf14f3cdf2749eb0c8cda97873f91cbd73f4730357f583834,a039d8744fa480b17259c01d05d691f749152381af3d9ca08a216c3b6e3bf84b,$,,a039d8744fa480b17259c01d05d691f749152381af3d9ca08a216c3b6e3bf84b,a039d8744fa480b17259c01d05d691f749152381af3d9ca08a216c3b6e3bf84b,"{""basis"":""ordered source-target formula atom"",""kind"":""source-target-formula-map""}"
1.1.0,formula,O007-FREMLIN-V2-S265-FORMULA-0551,O007-FREMLIN-V2-S265,O007-RIGHTS-FREMLIN-DSL,O007-FREMLIN-V2-S265-SEG-265XC,551,265Xc,265Xc,753,763,26377,26402,27850,27875,S_r\subseteq\BbbR^{r+1},S_r\subseteq\BbbR^{r+1},4765dddc15f9776386d014b6cad8d4bc3da2cf69da3c558ed170cf8ad9d774be,4765dddc15f9776386d014b6cad8d4bc3da2cf69da3c558ed170cf8ad9d774be,4765dddc15f9776386d014b6cad8d4bc3da2cf69da3c558ed170cf8ad9d774be,$,,4765dddc15f9776386d014b6cad8d4bc3da2cf69da3c558ed170cf8ad9d774be,4765dddc15f9776386d014b6cad8d4bc3da2cf69da3c558ed170cf8ad9d774be,"{""basis"":""ordered source-target formula atom"",""kind"":""source-target-formula-map""}"
1.1.0,formula,O007-FREMLIN-V2-S265-FORMULA-0552,O007-FREMLIN-V2-S265,O007-RIGHTS-FREMLIN-DSL,O007-FREMLIN-V2-S265-SEG-265XC,552,265Xc,265Xc,754,764,26444,26461,27929,27946,"a\in\ocint{0,1}","a\in\ocint{0,1}",9ad0e7d1e1983f64d92a888289a201306bf02a039ef9e8e28d7884da5e15ce02,9ad0e7d1e1983f64d92a888289a201306bf02a039ef9e8e28d7884da5e15ce02,9ad0e7d1e1983f64d92a888289a201306bf02a039ef9e8e28d7884da5e15ce02,$,,9ad0e7d1e1983f64d92a888289a201306bf02a039ef9e8e28d7884da5e15ce02,9ad0e7d1e1983f64d92a888289a201306bf02a039ef9e8e28d7884da5e15ce02,"{""basis"":""ordered source-target formula atom"",""kind"":""source-target-formula-map""}"
1.1.0,formula,O007-FREMLIN-V2-S265-FORMULA-0553,O007-FREMLIN-V2-S265,O007-RIGHTS-FREMLIN-DSL,O007-FREMLIN-V2-S265-SEG-265XC,553,265Xc,265Xc,755,765,26463,26503,27948,27988,\nu_rC_a\le\Bover{\nu_rS_r}{2(r+1)a^2},\nu_rC_a\le\Bover{\nu_rS_r}{2(r+1)a^2},eb0199d91c077ab2b8dd6535cda25a07b16200f0f95c5fd5bfaf1829db316718,eb0199d91c077ab2b8dd6535cda25a07b16200f0f95c5fd5bfaf1829db316718,eb0199d91c077ab2b8dd6535cda25a07b16200f0f95c5fd5bfaf1829db316718,$,,eb0199d91c077ab2b8dd6535cda25a07b16200f0f95c5fd5bfaf1829db316718,eb0199d91c077ab2b8dd6535cda25a07b16200f0f95c5fd5bfaf1829db316718,"{""basis"":""ordered source-target formula atom"",""kind"":""source-target-formula-map""}"
1.1.0,formula,O007-FREMLIN-V2-S265-FORMULA-0554,O007-FREMLIN-V2-S265,O007-RIGHTS-FREMLIN-DSL,O007-FREMLIN-V2-S265-SEG-265XC,554,265Xc,265Xc,756,766,26523,26571,28003,28051,\sum_{i=1}^{r+1}\int_{S_r}\|\xi_i\|^2\nu_r(dx),\sum_{i=1}^{r+1}\int_{S_r}\|\xi_i\|^2\nu_r(dx),6746c65edc054c02603ac14c47af2802f5315d56aebcc20c2d5a3af997031457,6746c65edc054c02603ac14c47af2802f5315d56aebcc20c2d5a3af997031457,6746c65edc054c02603ac14c47af2802f5315d56aebcc20c2d5a3af997031457,$,,6746c65edc054c02603ac14c47af2802f5315d56aebcc20c2d5a3af997031457,6746c65edc054c02603ac14c47af2802f5315d56aebcc20c2d5a3af997031457,"{""basis"":""ordered source-target formula atom"",""kind"":""source-target-formula-map""}"
1.1.0,formula,O007-FREMLIN-V2-S265-FORMULA-0555,O007-FREMLIN-V2-S265,O007-RIGHTS-FREMLIN-DSL,O007-FREMLIN-V2-S265-SEG-265XD,555,265Xd,265Xd,759,769,26601,26629,28086,28114,"\phi:\ooint{0,1}\to\BbbR^r","\phi:\ooint{0,1}\to\BbbR^r",abd8cbdb2487b1a7c81d2522eed3b01dcaca352ef4d6f3394b73e823b442b998,abd8cbdb2487b1a7c81d2522eed3b01dcaca352ef4d6f3394b73e823b442b998,abd8cbdb2487b1a7c81d2522eed3b01dcaca352ef4d6f3394b73e823b442b998,$,,abd8cbdb2487b1a7c81d2522eed3b01dcaca352ef4d6f3394b73e823b442b998,abd8cbdb2487b1a7c81d2522eed3b01dcaca352ef4d6f3394b73e823b442b998,"{""basis"":""ordered source-target formula atom"",""kind"":""source-target-formula-map""}"
1.1.0,formula,O007-FREMLIN-V2-S265-FORMULA-0556,O007-FREMLIN-V2-S265,O007-RIGHTS-FREMLIN-DSL,O007-FREMLIN-V2-S265-SEG-265XD,556,265Xd,265Xd,761,771,26736,26759,28228,28251,"\phi[\,\ooint{0,1}\,]","\phi[\,\ooint{0,1}\,]",95aaf3becd965ab59bfefe25dac404c23d00a0f318206eb53e900f97b24fd433,95aaf3becd965ab59bfefe25dac404c23d00a0f318206eb53e900f97b24fd433,95aaf3becd965ab59bfefe25dac404c23d00a0f318206eb53e900f97b24fd433,$,,95aaf3becd965ab59bfefe25dac404c23d00a0f318206eb53e900f97b24fd433,95aaf3becd965ab59bfefe25dac404c23d00a0f318206eb53e900f97b24fd433,"{""basis"":""ordered source-target formula atom"",""kind"":""source-target-formula-map""}"
1.1.0,formula,O007-FREMLIN-V2-S265-FORMULA-0557,O007-FREMLIN-V2-S265,O007-RIGHTS-FREMLIN-DSL,O007-FREMLIN-V2-S265-SEG-265XD,557,265Xd,265Xd,762,772,26768,26792,28270,28294,\int_0^1\|\phi'(t)\|dt,\int_0^1\|\phi'(t)\|dt,962536147c9dd071e6a28e541c29c64e36dbe27f774f5642f6b1fb0cd5bdc959,962536147c9dd071e6a28e541c29c64e36dbe27f774f5642f6b1fb0cd5bdc959,962536147c9dd071e6a28e541c29c64e36dbe27f774f5642f6b1fb0cd5bdc959,$,,962536147c9dd071e6a28e541c29c64e36dbe27f774f5642f6b1fb0cd5bdc959,962536147c9dd071e6a28e541c29c64e36dbe27f774f5642f6b1fb0cd5bdc959,"{""basis"":""ordered source-target formula atom"",""kind"":""source-target-formula-map""}"
1.1.0,formula,O007-FREMLIN-V2-S265-FORMULA-0558,O007-FREMLIN-V2-S265,O007-RIGHTS-FREMLIN-DSL,O007-FREMLIN-V2-S265-SEG-265XE,558,265Xe,265Xe,764,774,26827,26830,28337,28340,I,I,a83dd0ccbffe39d071cc317ddf6e97f5c6b1c87af91919271f9fa140b0508c6c,a83dd0ccbffe39d071cc317ddf6e97f5c6b1c87af91919271f9fa140b0508c6c,a83dd0ccbffe39d071cc317ddf6e97f5c6b1c87af91919271f9fa140b0508c6c,$,,a83dd0ccbffe39d071cc317ddf6e97f5c6b1c87af91919271f9fa140b0508c6c,a83dd0ccbffe39d071cc317ddf6e97f5c6b1c87af91919271f9fa140b0508c6c,"{""basis"":""ordered source-target formula atom"",""kind"":""source-target-formula-map""}"
1.1.0,formula,O007-FREMLIN-V2-S265-FORMULA-0559,O007-FREMLIN-V2-S265,O007-RIGHTS-FREMLIN-DSL,O007-FREMLIN-V2-S265-SEG-265XE,559,265Xe,265Xe,764,775,26847,26858,28366,28377,r\times r,r\times r,9ee1ac0dea32efb0e12f4547c26a3ca0c1286f660c0d7814320dcca70fc8a3e5,9ee1ac0dea32efb0e12f4547c26a3ca0c1286f660c0d7814320dcca70fc8a3e5,0beaf518c84db75843bc5b6d53866f1a11b33be1bfee919b37481ebf013af9a1,$,,0beaf518c84db75843bc5b6d53866f1a11b33be1bfee919b37481ebf013af9a1,0beaf518c84db75843bc5b6d53866f1a11b33be1bfee919b37481ebf013af9a1,"{""basis"":""ordered source-target formula atom"",""kind"":""source-target-formula-map""}"
1.1.0,formula,O007-FREMLIN-V2-S265-FORMULA-0560,O007-FREMLIN-V2-S265,O007-RIGHTS-FREMLIN-DSL,O007-FREMLIN-V2-S265-SEG-265XE,560,265Xe,265Xe,765,775,26870,26883,28382,28395,z\in\BbbR^r,z\in\BbbR^r,0b03c848504cb8d4519d7d3ad8866189dab6e5c70bc41cc321c6f0d0c1986f26,0b03c848504cb8d4519d7d3ad8866189dab6e5c70bc41cc321c6f0d0c1986f26,0b03c848504cb8d4519d7d3ad8866189dab6e5c70bc41cc321c6f0d0c1986f26,$,,0b03c848504cb8d4519d7d3ad8866189dab6e5c70bc41cc321c6f0d0c1986f26,0b03c848504cb8d4519d7d3ad8866189dab6e5c70bc41cc321c6f0d0c1986f26,"{""basis"":""ordered source-target formula atom"",""kind"":""source-target-formula-map""}"
1.1.0,formula,O007-FREMLIN-V2-S265-FORMULA-0561,O007-FREMLIN-V2-S265,O007-RIGHTS-FREMLIN-DSL,O007-FREMLIN-V2-S265-SEG-265XE,561,265Xe,265Xe,765,776,26890,26917,28402,28429,\det(I+zz\trs )=1+\|z\|^2,\det(I+zz\trs )=1+\|z\|^2,3c56fd41586ae36d92d81aa029e0dfcaaecbc66c3a349be3292d1348227bc437,3c56fd41586ae36d92d81aa029e0dfcaaecbc66c3a349be3292d1348227bc437,52520e6fd480d16399a96b4c28be76756659ebe4e89ea4113f68718dbb708775,$,,52520e6fd480d16399a96b4c28be76756659ebe4e89ea4113f68718dbb708775,52520e6fd480d16399a96b4c28be76756659ebe4e89ea4113f68718dbb708775,"{""basis"":""ordered source-target formula atom"",""kind"":""source-target-formula-map""}"
1.1.0,formula,O007-FREMLIN-V2-S265-FORMULA-0562,O007-FREMLIN-V2-S265,O007-RIGHTS-FREMLIN-DSL,O007-FREMLIN-V2-S265-SEG-265XE,562,265Xe,265Xe,766,776,26937,26940,28458,28461,r,r,454349e422f05297191ead13e21d3db520e5abef52055e4964b82fb213f593a1,454349e422f05297191ead13e21d3db520e5abef52055e4964b82fb213f593a1,454349e422f05297191ead13e21d3db520e5abef52055e4964b82fb213f593a1,$,,454349e422f05297191ead13e21d3db520e5abef52055e4964b82fb213f593a1,454349e422f05297191ead13e21d3db520e5abef52055e4964b82fb213f593a1,"{""basis"":""ordered source-target formula atom"",""kind"":""source-target-formula-map""}"
1.1.0,formula,O007-FREMLIN-V2-S265-FORMULA-0563,O007-FREMLIN-V2-S265,O007-RIGHTS-FREMLIN-DSL,O007-FREMLIN-V2-S265-SEG-265XE,563,265Xe,265Xe,767,777,26954,26963,28478,28487,U_{r-1},U_{r-1},d5627a11dad78b64cd0ad38ac3d5b507d16fe955740a189a89f4305db50de54e,d5627a11dad78b64cd0ad38ac3d5b507d16fe955740a189a89f4305db50de54e,d5627a11dad78b64cd0ad38ac3d5b507d16fe955740a189a89f4305db50de54e,$,,d5627a11dad78b64cd0ad38ac3d5b507d16fe955740a189a89f4305db50de54e,d5627a11dad78b64cd0ad38ac3d5b507d16fe955740a189a89f4305db50de54e,"{""basis"":""ordered source-target formula atom"",""kind"":""source-target-formula-map""}"
1.1.0,formula,O007-FREMLIN-V2-S265-FORMULA-0564,O007-FREMLIN-V2-S265,O007-RIGHTS-FREMLIN-DSL,O007-FREMLIN-V2-S265-SEG-265XE,564,265Xe,265Xe,767,777,26990,27003,28520,28533,\BbbR^{r-1},\BbbR^{r-1},e829903e8d15e37c9da8161b6c94e80858aba2f0f1be793291aad7f25bcba965,e829903e8d15e37c9da8161b6c94e80858aba2f0f1be793291aad7f25bcba965,e829903e8d15e37c9da8161b6c94e80858aba2f0f1be793291aad7f25bcba965,$,,e829903e8d15e37c9da8161b6c94e80858aba2f0f1be793291aad7f25bcba965,e829903e8d15e37c9da8161b6c94e80858aba2f0f1be793291aad7f25bcba965,"{""basis"":""ordered source-target formula atom"",""kind"":""source-target-formula-map""}"
1.1.0,formula,O007-FREMLIN-V2-S265-FORMULA-0565,O007-FREMLIN-V2-S265,O007-RIGHTS-FREMLIN-DSL,O007-FREMLIN-V2-S265-SEG-265XE,565,265Xe,265Xe,768,778,27011,27019,28542,28550,r\ge 2,r\ge 2,df23a372902d7f66067637ffc5fecc8dd227ce0b12b1a1a0205b10b4e8dac3f3,df23a372902d7f66067637ffc5fecc8dd227ce0b12b1a1a0205b10b4e8dac3f3,0e41d6ffe4a47ced90506dd7ba50cf1e011ca04e9fa806f44d41e4302694800b,$,,0e41d6ffe4a47ced90506dd7ba50cf1e011ca04e9fa806f44d41e4302694800b,0e41d6ffe4a47ced90506dd7ba50cf1e011ca04e9fa806f44d41e4302694800b,"{""basis"":""ordered source-target formula atom"",""kind"":""source-target-formula-map""}"
1.1.0,formula,O007-FREMLIN-V2-S265-FORMULA-0566,O007-FREMLIN-V2-S265,O007-RIGHTS-FREMLIN-DSL,O007-FREMLIN-V2-S265-SEG-265XE,566,265Xe,265Xe,768,779,27030,27063,28564,28597,\phi:U_{r-1}\times\Bbb R\to S_r,\phi:U_{r-1}\times\Bbb R\to S_r,5a0c8855c88b72a7bbdbafc5995887f72209b415c23bce3963f35f491432e827,5a0c8855c88b72a7bbdbafc5995887f72209b415c23bce3963f35f491432e827,d084d338ee6590639679daaeda73fd531be5e4c76dfdafd9f0607ad319142afe,$,,d084d338ee6590639679daaeda73fd531be5e4c76dfdafd9f0607ad319142afe,d084d338ee6590639679daaeda73fd531be5e4c76dfdafd9f0607ad319142afe,"{""basis"":""ordered source-target formula atom"",""kind"":""source-target-formula-map""}"
1.1.0,formula,O007-FREMLIN-V2-S265-FORMULA-0567,O007-FREMLIN-V2-S265,O007-RIGHTS-FREMLIN-DSL,O007-FREMLIN-V2-S265-SEG-265XE,567,265Xe,265Xe,770,781,27076,27151,28617,28692,"\phi\Matrix{x\\ \xi}=\Matrix{x\\ \theta(x)\cos\xi \\
\theta(x)\sin\xi},","\phi\Matrix{x\\ \xi}=\Matrix{x\\ \theta(x)\cos\xi \\
\theta(x)\sin\xi},",ceeae6071b997dbd686f354e199f2965b652c17e92cd30efea865ccf764b36c2,ceeae6071b997dbd686f354e199f2965b652c17e92cd30efea865ccf764b36c2,f4c7263b8f404bcf787e33d9af78a7cf9e1dfba4906166ddff62fce46b330266,$$,,f4c7263b8f404bcf787e33d9af78a7cf9e1dfba4906166ddff62fce46b330266,f4c7263b8f404bcf787e33d9af78a7cf9e1dfba4906166ddff62fce46b330266,"{""basis"":""ordered source-target formula atom"",""kind"":""source-target-formula-map""}"
1.1.0,formula,O007-FREMLIN-V2-S265-FORMULA-0568,O007-FREMLIN-V2-S265,O007-RIGHTS-FREMLIN-DSL,O007-FREMLIN-V2-S265-SEG-265XE,568,265Xe,265Xe,773,784,27169,27197,28711,28739,\theta(x)=\sqrt{1-\|x\|^2},\theta(x)=\sqrt{1-\|x\|^2},56ede8a6a6911394bd13a0718876be541e15c0eb96630f1516007cd3c9134b72,56ede8a6a6911394bd13a0718876be541e15c0eb96630f1516007cd3c9134b72,56ede8a6a6911394bd13a0718876be541e15c0eb96630f1516007cd3c9134b72,$,,56ede8a6a6911394bd13a0718876be541e15c0eb96630f1516007cd3c9134b72,56ede8a6a6911394bd13a0718876be541e15c0eb96630f1516007cd3c9134b72,"{""basis"":""ordered source-target formula atom"",""kind"":""source-target-formula-map""}"
1.1.0,formula,O007-FREMLIN-V2-S265-FORMULA-0569,O007-FREMLIN-V2-S265,O007-RIGHTS-FREMLIN-DSL,O007-FREMLIN-V2-S265-SEG-265XE,569,265Xe,265Xe,775,786,27212,27346,28758,28892,"\phi'\Matrix{x\\ \xi}\trs \phi'\Matrix{x\\ \xi}
=\Matrix{I+\Bover1{\theta(x)^2}xx\trs  & \tbf{0}\\
        \tbf{0} & \theta(x)^2},","\phi'\Matrix{x\\ \xi}\trs \phi'\Matrix{x\\ \xi}
=\Matrix{I+\Bover1{\theta(x)^2}xx\trs  & \tbf{0}\\
        \tbf{0} & \theta(x)^2},",30e96bf78e398da3a08efc77d66634624881af02ecae0aedfa0648c4b5c9b703,30e96bf78e398da3a08efc77d66634624881af02ecae0aedfa0648c4b5c9b703,b01fd682188b996d752142da5164f4ea62303818ba7c7d97a86f61e0c911cba3,$$,,b01fd682188b996d752142da5164f4ea62303818ba7c7d97a86f61e0c911cba3,b01fd682188b996d752142da5164f4ea62303818ba7c7d97a86f61e0c911cba3,"{""basis"":""ordered source-target formula atom"",""kind"":""source-target-formula-map""}"
1.1.0,formula,O007-FREMLIN-V2-S265-FORMULA-0570,O007-FREMLIN-V2-S265,O007-RIGHTS-FREMLIN-DSL,O007-FREMLIN-V2-S265-SEG-265XE,570,265Xe,265Xe,779,790,27366,27387,28913,28934,J\Matrix{x\\ \xi}=1,J\Matrix{x\\ \xi}=1,1fe16e2cc6e87328f6fe7716af820e77aabcbf0904ce9f107d336249e9bfcd0c,1fe16e2cc6e87328f6fe7716af820e77aabcbf0904ce9f107d336249e9bfcd0c,a3257394d15a3594a4fdb08ed81c9c16e97dbd368911b026f4d428a4a85e30d8,$,,a3257394d15a3594a4fdb08ed81c9c16e97dbd368911b026f4d428a4a85e30d8,a3257394d15a3594a4fdb08ed81c9c16e97dbd368911b026f4d428a4a85e30d8,"{""basis"":""ordered source-target formula atom"",""kind"":""source-target-formula-map""}"
1.1.0,formula,O007-FREMLIN-V2-S265-FORMULA-0571,O007-FREMLIN-V2-S265,O007-RIGHTS-FREMLIN-DSL,O007-FREMLIN-V2-S265-SEG-265XE,571,265Xe,265Xe,779,791,27396,27410,28947,28961,x\in U_{r-1},x\in U_{r-1},78bb7831f450b8f045417a14b2e6040c6852f1d17c2b8fb82567f0e4740dcb28,78bb7831f450b8f045417a14b2e6040c6852f1d17c2b8fb82567f0e4740dcb28,8ace04d00edba712bf77c2cad6e7a2bd24187d1b7eea7a50bb03e5851cab0a54,$,,8ace04d00edba712bf77c2cad6e7a2bd24187d1b7eea7a50bb03e5851cab0a54,8ace04d00edba712bf77c2cad6e7a2bd24187d1b7eea7a50bb03e5851cab0a54,"{""basis"":""ordered source-target formula atom"",""kind"":""source-target-formula-map""}"
1.1.0,formula,O007-FREMLIN-V2-S265-FORMULA-0572,O007-FREMLIN-V2-S265,O007-RIGHTS-FREMLIN-DSL,O007-FREMLIN-V2-S265-SEG-265XE,572,265Xe,265Xe,780,791,27412,27426,28963,28977,\xi\in\Bbb R,\xi\in\Bbb R,36ce32365a0580c0dc1d08c6f19309f5c2f234ac8cd77000645fcef36cdc5408,36ce32365a0580c0dc1d08c6f19309f5c2f234ac8cd77000645fcef36cdc5408,aaf33b8c6b33194d274d2a194119ae7874471c9a52e4fb5c4b918fc87dffb10b,$,,aaf33b8c6b33194d274d2a194119ae7874471c9a52e4fb5c4b918fc87dffb10b,aaf33b8c6b33194d274d2a194119ae7874471c9a52e4fb5c4b918fc87dffb10b,"{""basis"":""ordered source-target formula atom"",""kind"":""source-target-formula-map""}"
1.1.0,formula,O007-FREMLIN-V2-S265-FORMULA-0573,O007-FREMLIN-V2-S265,O007-RIGHTS-FREMLIN-DSL,O007-FREMLIN-V2-S265-SEG-265XE,573,265Xe,265Xe,780,792,27467,27470,29056,29059,r,r,454349e422f05297191ead13e21d3db520e5abef52055e4964b82fb213f593a1,454349e422f05297191ead13e21d3db520e5abef52055e4964b82fb213f593a1,454349e422f05297191ead13e21d3db520e5abef52055e4964b82fb213f593a1,$,,454349e422f05297191ead13e21d3db520e5abef52055e4964b82fb213f593a1,454349e422f05297191ead13e21d3db520e5abef52055e4964b82fb213f593a1,"{""basis"":""ordered source-target formula atom"",""kind"":""source-target-formula-map""}"
1.1.0,formula,O007-FREMLIN-V2-S265-FORMULA-0574,O007-FREMLIN-V2-S265,O007-RIGHTS-FREMLIN-DSL,O007-FREMLIN-V2-S265-SEG-265XE,574,265Xe,265Xe,781,793,27504,27549,29065,29110,"\{y:y\in S_r,\,\sum_{i=1}^{r-1}\eta_i^2<1\}","\{y:y\in S_r,\,\sum_{i=1}^{r-1}\eta_i^2<1\}",d2a9d8e5039ee485010e98f1125115298d224235ca89989ea6cddf9667b4b5bc,d2a9d8e5039ee485010e98f1125115298d224235ca89989ea6cddf9667b4b5bc,457720f8d1a8478bd882471210e99f4b3b96ff074667bd4de0d31c42d4578281,$,,457720f8d1a8478bd882471210e99f4b3b96ff074667bd4de0d31c42d4578281,457720f8d1a8478bd882471210e99f4b3b96ff074667bd4de0d31c42d4578281,"{""basis"":""ordered source-target formula atom"",""kind"":""source-target-formula-map""}"
1.1.0,formula,O007-FREMLIN-V2-S265-FORMULA-0575,O007-FREMLIN-V2-S265,O007-RIGHTS-FREMLIN-DSL,O007-FREMLIN-V2-S265-SEG-265XE,575,265Xe,265Xe,782,794,27558,27575,29117,29134,2\pi\beta_{r-1},2\pi\beta_{r-1},c6225c43f7140ea0e41af52640073f52019391f315fa5d8d2cb47a69e3886510,c6225c43f7140ea0e41af52640073f52019391f315fa5d8d2cb47a69e3886510,c6225c43f7140ea0e41af52640073f52019391f315fa5d8d2cb47a69e3886510,$,,c6225c43f7140ea0e41af52640073f52019391f315fa5d8d2cb47a69e3886510,c6225c43f7140ea0e41af52640073f52019391f315fa5d8d2cb47a69e3886510,"{""basis"":""ordered source-target formula atom"",""kind"":""source-target-formula-map""}"
1.1.0,formula,O007-FREMLIN-V2-S265-FORMULA-0576,O007-FREMLIN-V2-S265,O007-RIGHTS-FREMLIN-DSL,O007-FREMLIN-V2-S265-SEG-265XE,576,265Xe,265Xe,782,794,27583,27596,29143,29156,\beta_{r-1},\beta_{r-1},3844bf17717fb48b1f3ccfbdc9610b97757c5f86450c0540b29b8cfb6dd41c02,3844bf17717fb48b1f3ccfbdc9610b97757c5f86450c0540b29b8cfb6dd41c02,3844bf17717fb48b1f3ccfbdc9610b97757c5f86450c0540b29b8cfb6dd41c02,$,,3844bf17717fb48b1f3ccfbdc9610b97757c5f86450c0540b29b8cfb6dd41c02,3844bf17717fb48b1f3ccfbdc9610b97757c5f86450c0540b29b8cfb6dd41c02,"{""basis"":""ordered source-target formula atom"",""kind"":""source-target-formula-map""}"
1.1.0,formula,O007-FREMLIN-V2-S265-FORMULA-0577,O007-FREMLIN-V2-S265,O007-RIGHTS-FREMLIN-DSL,O007-FREMLIN-V2-S265-SEG-265XE,577,265Xe,265Xe,783,795,27624,27633,29178,29187,U_{r-1},U_{r-1},d5627a11dad78b64cd0ad38ac3d5b507d16fe955740a189a89f4305db50de54e,d5627a11dad78b64cd0ad38ac3d5b507d16fe955740a189a89f4305db50de54e,d5627a11dad78b64cd0ad38ac3d5b507d16fe955740a189a89f4305db50de54e,$,,d5627a11dad78b64cd0ad38ac3d5b507d16fe955740a189a89f4305db50de54e,d5627a11dad78b64cd0ad38ac3d5b507d16fe955740a189a89f4305db50de54e,"{""basis"":""ordered source-target formula atom"",""kind"":""source-target-formula-map""}"
1.1.0,formula,O007-FREMLIN-V2-S265-FORMULA-0578,O007-FREMLIN-V2-S265,O007-RIGHTS-FREMLIN-DSL,O007-FREMLIN-V2-S265-SEG-265XE,578,265Xe,265Xe,783,796,27657,27684,29210,29237,\psi z=\Matrix{z\\ 0\\ 0},\psi z=\Matrix{z\\ 0\\ 0},91a7cc74b7d5ee71986b11af3095746669bc28787027dc6b6d611984e59ebbcf,91a7cc74b7d5ee71986b11af3095746669bc28787027dc6b6d611984e59ebbcf,16916da5c64e69973b77a2a5896cfb725f061272934ff8ac8e4845bf78884dd9,$,,16916da5c64e69973b77a2a5896cfb725f061272934ff8ac8e4845bf78884dd9,16916da5c64e69973b77a2a5896cfb725f061272934ff8ac8e4845bf78884dd9,"{""basis"":""ordered source-target formula atom"",""kind"":""source-target-formula-map""}"
1.1.0,formula,O007-FREMLIN-V2-S265-FORMULA-0579,O007-FREMLIN-V2-S265,O007-RIGHTS-FREMLIN-DSL,O007-FREMLIN-V2-S265-SEG-265XE,579,265Xe,265Xe,784,796,27689,27703,29244,29258,z\in S_{r-2},z\in S_{r-2},96bf39f4e14faadd844658920d121e58eaa700b9bb14d6325536877eb62ba007,96bf39f4e14faadd844658920d121e58eaa700b9bb14d6325536877eb62ba007,ce65ae90f3b99a8fc9260796049aedf35ca3e5caab179d2e234eb1158d688e04,$,,ce65ae90f3b99a8fc9260796049aedf35ca3e5caab179d2e234eb1158d688e04,ce65ae90f3b99a8fc9260796049aedf35ca3e5caab179d2e234eb1158d688e04,"{""basis"":""ordered source-target formula atom"",""kind"":""source-target-formula-map""}"
1.1.0,formula,O007-FREMLIN-V2-S265-FORMULA-0580,O007-FREMLIN-V2-S265,O007-RIGHTS-FREMLIN-DSL,O007-FREMLIN-V2-S265-SEG-265XE,580,265Xe,265Xe,784,797,27744,27747,29342,29345,r,r,454349e422f05297191ead13e21d3db520e5abef52055e4964b82fb213f593a1,454349e422f05297191ead13e21d3db520e5abef52055e4964b82fb213f593a1,454349e422f05297191ead13e21d3db520e5abef52055e4964b82fb213f593a1,$,,454349e422f05297191ead13e21d3db520e5abef52055e4964b82fb213f593a1,454349e422f05297191ead13e21d3db520e5abef52055e4964b82fb213f593a1,"{""basis"":""ordered source-target formula atom"",""kind"":""source-target-formula-map""}"
1.1.0,formula,O007-FREMLIN-V2-S265-FORMULA-0581,O007-FREMLIN-V2-S265,O007-RIGHTS-FREMLIN-DSL,O007-FREMLIN-V2-S265-SEG-265XE,581,265Xe,265Xe,785,798,27781,27786,29351,29356,S_r,S_r,b37e9083bef6f61452abe87640eae9835be1e607ec37bff6b484f60f56d1b4e9,b37e9083bef6f61452abe87640eae9835be1e607ec37bff6b484f60f56d1b4e9,b37e9083bef6f61452abe87640eae9835be1e607ec37bff6b484f60f56d1b4e9,$,,b37e9083bef6f61452abe87640eae9835be1e607ec37bff6b484f60f56d1b4e9,b37e9083bef6f61452abe87640eae9835be1e607ec37bff6b484f60f56d1b4e9,"{""basis"":""ordered source-target formula atom"",""kind"":""source-target-formula-map""}"
1.1.0,formula,O007-FREMLIN-V2-S265-FORMULA-0582,O007-FREMLIN-V2-S265,O007-RIGHTS-FREMLIN-DSL,O007-FREMLIN-V2-S265-SEG-265XE,582,265Xe,265Xe,785,798,27790,27807,29364,29381,2\pi\beta_{r-1},2\pi\beta_{r-1},c6225c43f7140ea0e41af52640073f52019391f315fa5d8d2cb47a69e3886510,c6225c43f7140ea0e41af52640073f52019391f315fa5d8d2cb47a69e3886510,c6225c43f7140ea0e41af52640073f52019391f315fa5d8d2cb47a69e3886510,$,,c6225c43f7140ea0e41af52640073f52019391f315fa5d8d2cb47a69e3886510,c6225c43f7140ea0e41af52640073f52019391f315fa5d8d2cb47a69e3886510,"{""basis"":""ordered source-target formula atom"",""kind"":""source-target-formula-map""}"
1.1.0,formula,O007-FREMLIN-V2-S265-FORMULA-0583,O007-FREMLIN-V2-S265,O007-RIGHTS-FREMLIN-DSL,O007-FREMLIN-V2-S265-SEG-265XE,583,265Xe,265Xe,786,799,27833,27885,29414,29466,"C_a=\{z:z\in\BbbR^{r+1},\,\|z\|=1,\,\zeta_1\ge a\}","C_a=\{z:z\in\BbbR^{r+1},\,\|z\|=1,\,\zeta_1\ge a\}",321063f14a103ff22b2de5c2ae75c28ba65adad33d77a5216b88342d7f9c9585,321063f14a103ff22b2de5c2ae75c28ba65adad33d77a5216b88342d7f9c9585,1bad437be543348df863d35f1a91394facd84577616326d36c456236d26f0255,$,,1bad437be543348df863d35f1a91394facd84577616326d36c456236d26f0255,1bad437be543348df863d35f1a91394facd84577616326d36c456236d26f0255,"{""basis"":""ordered source-target formula atom"",""kind"":""source-target-formula-map""}"
1.1.0,formula,O007-FREMLIN-V2-S265-FORMULA-0584,O007-FREMLIN-V2-S265,O007-RIGHTS-FREMLIN-DSL,O007-FREMLIN-V2-S265-SEG-265XE,584,265Xe,265Xe,787,800,27897,27968,29484,29555,"\nu_rC_a=2\pi\mu_{r-1}\{x:x\in\BbbR^{r-1},\,\|x\|\le 1,\,\xi_1\ge a\}","\nu_rC_a=2\pi\mu_{r-1}\{x:x\in\BbbR^{r-1},\,\|x\|\le 1,\,\xi_1\ge a\}",9559d58a2ffb6e7e25b0e234cc9ac06068c4c2b16b96addcaa1f15e73d219409,9559d58a2ffb6e7e25b0e234cc9ac06068c4c2b16b96addcaa1f15e73d219409,f1d067a2088e18baa4ad2e50bbd448ed0a262869285e8bc78f15aaed56a33a46,$,,f1d067a2088e18baa4ad2e50bbd448ed0a262869285e8bc78f15aaed56a33a46,f1d067a2088e18baa4ad2e50bbd448ed0a262869285e8bc78f15aaed56a33a46,"{""basis"":""ordered source-target formula atom"",""kind"":""source-target-formula-map""}"
1.1.0,formula,O007-FREMLIN-V2-S265-FORMULA-0585,O007-FREMLIN-V2-S265,O007-RIGHTS-FREMLIN-DSL,O007-FREMLIN-V2-S265-SEG-265XE,585,265Xe,265Xe,788,801,27979,27991,29569,29581,"a\in[-1,1]","a\in[-1,1]",623cd13db063cb5193bdee697dc26bbb1777d5c21f0f28d31399137075be4b40,623cd13db063cb5193bdee697dc26bbb1777d5c21f0f28d31399137075be4b40,623cd13db063cb5193bdee697dc26bbb1777d5c21f0f28d31399137075be4b40,$,,623cd13db063cb5193bdee697dc26bbb1777d5c21f0f28d31399137075be4b40,623cd13db063cb5193bdee697dc26bbb1777d5c21f0f28d31399137075be4b40,"{""basis"":""ordered source-target formula atom"",""kind"":""source-target-formula-map""}"
1.1.0,formula,O007-FREMLIN-V2-S265-FORMULA-0586,O007-FREMLIN-V2-S265,O007-RIGHTS-FREMLIN-DSL,O007-FREMLIN-V2-S265-SEG-265XF,586,265Xf,265Xf,791,804,28042,28050,29628,29636,r\ge 2,r\ge 2,df23a372902d7f66067637ffc5fecc8dd227ce0b12b1a1a0205b10b4e8dac3f3,df23a372902d7f66067637ffc5fecc8dd227ce0b12b1a1a0205b10b4e8dac3f3,0e41d6ffe4a47ced90506dd7ba50cf1e011ca04e9fa806f44d41e4302694800b,$,,0e41d6ffe4a47ced90506dd7ba50cf1e011ca04e9fa806f44d41e4302694800b,0e41d6ffe4a47ced90506dd7ba50cf1e011ca04e9fa806f44d41e4302694800b,"{""basis"":""ordered source-target formula atom"",""kind"":""source-target-formula-map""}"
1.1.0,formula,O007-FREMLIN-V2-S265-FORMULA-0587,O007-FREMLIN-V2-S265,O007-RIGHTS-FREMLIN-DSL,O007-FREMLIN-V2-S265-SEG-265XF,587,265Xf,265Xf,792,805,28066,28075,29665,29674,\BbbR^r,\BbbR^r,6a5173578402ab704fe0e78c24a3f6f09fe9ed2c7ea0fbe574d688249eb91ed7,6a5173578402ab704fe0e78c24a3f6f09fe9ed2c7ea0fbe574d688249eb91ed7,6a5173578402ab704fe0e78c24a3f6f09fe9ed2c7ea0fbe574d688249eb91ed7,$,,6a5173578402ab704fe0e78c24a3f6f09fe9ed2c7ea0fbe574d688249eb91ed7,6a5173578402ab704fe0e78c24a3f6f09fe9ed2c7ea0fbe574d688249eb91ed7,"{""basis"":""ordered source-target formula atom"",""kind"":""source-target-formula-map""}"
1.1.0,formula,O007-FREMLIN-V2-S265-FORMULA-0588,O007-FREMLIN-V2-S265,O007-RIGHTS-FREMLIN-DSL,O007-FREMLIN-V2-S265-SEG-265XF,588,265Xf,265Xf,792,805,28081,28106,29682,29707,\BbbR^{r-1}\times\Bbb R,\BbbR^{r-1}\times\Bbb R,1c578817bb37230f3965536b9d88e9c7f0e6834b16a3eb71f6a7079ab18eaa1f,1c578817bb37230f3965536b9d88e9c7f0e6834b16a3eb71f6a7079ab18eaa1f,0df54f69704fd023dc54a4a15309ee6ac1390f589738a10477a13f8ea693a7a2,$,,0df54f69704fd023dc54a4a15309ee6ac1390f589738a10477a13f8ea693a7a2,0df54f69704fd023dc54a4a15309ee6ac1390f589738a10477a13f8ea693a7a2,"{""basis"":""ordered source-target formula atom"",""kind"":""source-target-formula-map""}"
1.1.0,formula,O007-FREMLIN-V2-S265-FORMULA-0589,O007-FREMLIN-V2-S265,O007-RIGHTS-FREMLIN-DSL,O007-FREMLIN-V2-S265-SEG-265XF,589,265Xf,265Xf,792,806,28112,28117,29718,29723,C_r,C_r,746a0fca633468464be105a110b1b169e6e3d240e245a9adc7b0bc91aa60bb58,746a0fca633468464be105a110b1b169e6e3d240e245a9adc7b0bc91aa60bb58,746a0fca633468464be105a110b1b169e6e3d240e245a9adc7b0bc91aa60bb58,$,,746a0fca633468464be105a110b1b169e6e3d240e245a9adc7b0bc91aa60bb58,746a0fca633468464be105a110b1b169e6e3d240e245a9adc7b0bc91aa60bb58,"{""basis"":""ordered source-target formula atom"",""kind"":""source-target-formula-map""}"
1.1.0,formula,O007-FREMLIN-V2-S265-FORMULA-0590,O007-FREMLIN-V2-S265,O007-RIGHTS-FREMLIN-DSL,O007-FREMLIN-V2-S265-SEG-265XF,590,265Xf,265Xf,793,807,28134,28168,29740,29774,"B_{r-1}\times[-1,1]\supseteq B_r","B_{r-1}\times[-1,1]\supseteq B_r",ac85f32b43df101c41830408d4af472226e9f54fa5f56ad97aa9f96d0994982a,ac85f32b43df101c41830408d4af472226e9f54fa5f56ad97aa9f96d0994982a,a62885debe44a81b17bcceffae1166ebbc567ba8aa7597dfa1ebdcbfb85f4d13,$,,a62885debe44a81b17bcceffae1166ebbc567ba8aa7597dfa1ebdcbfb85f4d13,a62885debe44a81b17bcceffae1166ebbc567ba8aa7597dfa1ebdcbfb85f4d13,"{""basis"":""ordered source-target formula atom"",""kind"":""source-target-formula-map""}"
1.1.0,formula,O007-FREMLIN-V2-S265-FORMULA-0591,O007-FREMLIN-V2-S265,O007-RIGHTS-FREMLIN-DSL,O007-FREMLIN-V2-S265-SEG-265XF,591,265Xf,265Xf,794,808,28175,28238,29780,29843,"\partial C_r=(B_{r-1}\times\{-1,1\})\cup(S_{r-2}\times[-1,1])","\partial C_r=(B_{r-1}\times\{-1,1\})\cup(S_{r-2}\times[-1,1])",bf991bf32e65620123bff6cda09210ad7b1d9fecb54e02eea48586faf2b339f9,bf991bf32e65620123bff6cda09210ad7b1d9fecb54e02eea48586faf2b339f9,8ded1cb854341b58a847a6eaabb0e4a5750ab6f8af4b55acd9f17cc909f11ed8,$,,8ded1cb854341b58a847a6eaabb0e4a5750ab6f8af4b55acd9f17cc909f11ed8,8ded1cb854341b58a847a6eaabb0e4a5750ab6f8af4b55acd9f17cc909f11ed8,"{""basis"":""ordered source-target formula atom"",""kind"":""source-target-formula-map""}"
1.1.0,formula,O007-FREMLIN-V2-S265-FORMULA-0592,O007-FREMLIN-V2-S265,O007-RIGHTS-FREMLIN-DSL,O007-FREMLIN-V2-S265-SEG-265XF,592,265Xf,265Xf,797,811,28280,28359,29883,29962,"\Bover{\mu_rB_r}{\mu_rC_r}
=\Bover{\nu_{r-1}S_{r-1}}{\nu_{r-1}(\partial C_r)}","\Bover{\mu_rB_r}{\mu_rC_r}
=\Bover{\nu_{r-1}S_{r-1}}{\nu_{r-1}(\partial C_r)}",ee95831ceeb3f89772d68b1d4356548e18df8804cb6a9972b8e1ad7df6e1875f,ee95831ceeb3f89772d68b1d4356548e18df8804cb6a9972b8e1ad7df6e1875f,a5fc9a5eb72965683f9ad6464ddcebb9d9b1ae9d64f678b978f72480a20d314e,$,,a5fc9a5eb72965683f9ad6464ddcebb9d9b1ae9d64f678b978f72480a20d314e,a5fc9a5eb72965683f9ad6464ddcebb9d9b1ae9d64f678b978f72480a20d314e,"{""basis"":""ordered source-target formula atom"",""kind"":""source-target-formula-map""}"
1.1.0,formula,O007-FREMLIN-V2-S265-FORMULA-0593,O007-FREMLIN-V2-S265,O007-RIGHTS-FREMLIN-DSL,O007-FREMLIN-V2-S265-SEG-265XF,593,265Xf,265Xf,800,814,28382,28387,29982,29987,r=3,r=3,486b0278ddb50af549b5e4ffd9a98fb09117a4a9c9f9dffc816827c8b5df16e6,486b0278ddb50af549b5e4ffd9a98fb09117a4a9c9f9dffc816827c8b5df16e6,486b0278ddb50af549b5e4ffd9a98fb09117a4a9c9f9dffc816827c8b5df16e6,$,,486b0278ddb50af549b5e4ffd9a98fb09117a4a9c9f9dffc816827c8b5df16e6,486b0278ddb50af549b5e4ffd9a98fb09117a4a9c9f9dffc816827c8b5df16e6,"{""basis"":""ordered source-target formula atom"",""kind"":""source-target-formula-map""}"
1.1.0,formula,O007-FREMLIN-V2-S265-FORMULA-0594,O007-FREMLIN-V2-S265,O007-RIGHTS-FREMLIN-DSL,O007-FREMLIN-V2-S265-SEG-265Y,594,265Y,265Y,805,819,28478,28483,30080,30085,a<b,a<b,4a826aacf580757c5183b8f0677ee58f4a983a9ffa50be4994ed9f741373d25f,4a826aacf580757c5183b8f0677ee58f4a983a9ffa50be4994ed9f741373d25f,4a826aacf580757c5183b8f0677ee58f4a983a9ffa50be4994ed9f741373d25f,$,,4a826aacf580757c5183b8f0677ee58f4a983a9ffa50be4994ed9f741373d25f,4a826aacf580757c5183b8f0677ee58f4a983a9ffa50be4994ed9f741373d25f,"{""basis"":""ordered source-target formula atom"",""kind"":""source-target-formula-map""}"
1.1.0,formula,O007-FREMLIN-V2-S265-FORMULA-0595,O007-FREMLIN-V2-S265,O007-RIGHTS-FREMLIN-DSL,O007-FREMLIN-V2-S265-SEG-265Y,595,265Y,265Y,805,819,28487,28495,30092,30100,\Bbb R,\Bbb R,f9d62b077eddf72778fc05527c5aa4d2352f16a46a94808294fdc2cb7e406580,f9d62b077eddf72778fc05527c5aa4d2352f16a46a94808294fdc2cb7e406580,22316cdc991b42844c0fcdb72f227b6d4c0e8457a736e325af2845b7b3df7f6c,$,,22316cdc991b42844c0fcdb72f227b6d4c0e8457a736e325af2845b7b3df7f6c,22316cdc991b42844c0fcdb72f227b6d4c0e8457a736e325af2845b7b3df7f6c,"{""basis"":""ordered source-target formula atom"",""kind"":""source-target-formula-map""}"
1.1.0,formula,O007-FREMLIN-V2-S265-FORMULA-0596,O007-FREMLIN-V2-S265,O007-RIGHTS-FREMLIN-DSL,O007-FREMLIN-V2-S265-SEG-265Y,596,265Y,265Y,806,820,28513,28535,30122,30144,"\phi:[a,b]\to\BbbR^r","\phi:[a,b]\to\BbbR^r",f04d5413147695c565770aa5ece158705ab6e4a9e495c3dc5754585ff894aa15,f04d5413147695c565770aa5ece158705ab6e4a9e495c3dc5754585ff894aa15,f04d5413147695c565770aa5ece158705ab6e4a9e495c3dc5754585ff894aa15,$,,f04d5413147695c565770aa5ece158705ab6e4a9e495c3dc5754585ff894aa15,f04d5413147695c565770aa5ece158705ab6e4a9e495c3dc5754585ff894aa15,"{""basis"":""ordered source-target formula atom"",""kind"":""source-target-formula-map""}"
1.1.0,formula,O007-FREMLIN-V2-S265-FORMULA-0597,O007-FREMLIN-V2-S265,O007-RIGHTS-FREMLIN-DSL,O007-FREMLIN-V2-S265-SEG-265Y,597,265Y,265Y,808,821,28607,28630,30222,30245,"\phi_i:[a,b]\to\Bbb R","\phi_i:[a,b]\to\Bbb R",b8183bb4205b7cd7d5f3d7663b86807d5ba8da2431d1efa93a0ceaab20fa03c9,b8183bb4205b7cd7d5f3d7663b86807d5ba8da2431d1efa93a0ceaab20fa03c9,be0c51555f61d553ede641ae4d743a3c39a9429db1d9db8c18523ec67758847c,$,,be0c51555f61d553ede641ae4d743a3c39a9429db1d9db8c18523ec67758847c,be0c51555f61d553ede641ae4d743a3c39a9429db1d9db8c18523ec67758847c,"{""basis"":""ordered source-target formula atom"",""kind"":""source-target-formula-map""}"
1.1.0,formula,O007-FREMLIN-V2-S265-FORMULA-0598,O007-FREMLIN-V2-S265,O007-RIGHTS-FREMLIN-DSL,O007-FREMLIN-V2-S265-SEG-265Y,598,265Y,265Y,808,821,28636,28644,30253,30261,i\le r,i\le r,17ef4c622b72c973574bdda36eea912d4f86aaba5821cb9e28fe0c9ad2499d8d,17ef4c622b72c973574bdda36eea912d4f86aaba5821cb9e28fe0c9ad2499d8d,e38d86dce614cc03439cf94f6191ebabcdc6f3e52e315264c3f8c02355247bf7,$,,e38d86dce614cc03439cf94f6191ebabcdc6f3e52e315264c3f8c02355247bf7,e38d86dce614cc03439cf94f6191ebabcdc6f3e52e315264c3f8c02355247bf7,"{""basis"":""ordered source-target formula atom"",""kind"":""source-target-formula-map""}"
1.1.0,formula,O007-FREMLIN-V2-S265-FORMULA-0599,O007-FREMLIN-V2-S265,O007-RIGHTS-FREMLIN-DSL,O007-FREMLIN-V2-S265-SEG-265Y,599,265Y,265Y,809,823,28706,28728,30316,30338,"\phi:[a,b]\to\BbbR^r","\phi:[a,b]\to\BbbR^r",f04d5413147695c565770aa5ece158705ab6e4a9e495c3dc5754585ff894aa15,f04d5413147695c565770aa5ece158705ab6e4a9e495c3dc5754585ff894aa15,f04d5413147695c565770aa5ece158705ab6e4a9e495c3dc5754585ff894aa15,$,,f04d5413147695c565770aa5ece158705ab6e4a9e495c3dc5754585ff894aa15,f04d5413147695c565770aa5ece158705ab6e4a9e495c3dc5754585ff894aa15,"{""basis"":""ordered source-target formula atom"",""kind"":""source-target-formula-map""}"
1.1.0,formula,O007-FREMLIN-V2-S265-FORMULA-0600,O007-FREMLIN-V2-S265,O007-RIGHTS-FREMLIN-DSL,O007-FREMLIN-V2-S265-SEG-265Y,600,265Y,265Y,810,824,28763,28793,30375,30405,"F=\{x:x\in\ooint{a,b},\,\phi","F=\{x:x\in\ooint{a,b},\,\phi",d438557ac4bb21e4f128426d8352aaa2813539cb654a74111c496a96f36e1351,d438557ac4bb21e4f128426d8352aaa2813539cb654a74111c496a96f36e1351,d438557ac4bb21e4f128426d8352aaa2813539cb654a74111c496a96f36e1351,$,,d438557ac4bb21e4f128426d8352aaa2813539cb654a74111c496a96f36e1351,d438557ac4bb21e4f128426d8352aaa2813539cb654a74111c496a96f36e1351,"{""basis"":""ordered source-target formula atom"",""kind"":""source-target-formula-map""}"
1.1.0,formula,O007-FREMLIN-V2-S265-FORMULA-0601,O007-FREMLIN-V2-S265,O007-RIGHTS-FREMLIN-DSL,O007-FREMLIN-V2-S265-SEG-265Y,601,265Y,265Y,811,824,28815,28820,30427,30432,x\},x\},c3265dbd75f19c04b682282aeb6f1bfaef7902546bd9f4561bbfe564252d49e0,c3265dbd75f19c04b682282aeb6f1bfaef7902546bd9f4561bbfe564252d49e0,c3265dbd75f19c04b682282aeb6f1bfaef7902546bd9f4561bbfe564252d49e0,$,,c3265dbd75f19c04b682282aeb6f1bfaef7902546bd9f4561bbfe564252d49e0,c3265dbd75f19c04b682282aeb6f1bfaef7902546bd9f4561bbfe564252d49e0,"{""basis"":""ordered source-target formula atom"",""kind"":""source-target-formula-map""}"
1.1.0,formula,O007-FREMLIN-V2-S265-FORMULA-0602,O007-FREMLIN-V2-S265,O007-RIGHTS-FREMLIN-DSL,O007-FREMLIN-V2-S265-SEG-265Y,602,265Y,265Y,811,825,28835,28841,30450,30456,\phi,\phi,10ce0200b450ea955833553e717821c7721818b8a95cffd7e54b46e08918b512,10ce0200b450ea955833553e717821c7721818b8a95cffd7e54b46e08918b512,10ce0200b450ea955833553e717821c7721818b8a95cffd7e54b46e08918b512,$,,10ce0200b450ea955833553e717821c7721818b8a95cffd7e54b46e08918b512,10ce0200b450ea955833553e717821c7721818b8a95cffd7e54b46e08918b512,"{""basis"":""ordered source-target formula atom"",""kind"":""source-target-formula-map""}"
1.1.0,formula,O007-FREMLIN-V2-S265-FORMULA-0603,O007-FREMLIN-V2-S265,O007-RIGHTS-FREMLIN-DSL,O007-FREMLIN-V2-S265-SEG-265Y,603,265Y,265Y,812,826,28871,28893,30492,30514,\int_F\|\phi'(x)\|dx,\int_F\|\phi'(x)\|dx,2fc13d5ef547b4af3b1682136b84019875b0528cee796f5b2fa60ac7d5f205b0,2fc13d5ef547b4af3b1682136b84019875b0528cee796f5b2fa60ac7d5f205b0,2fc13d5ef547b4af3b1682136b84019875b0528cee796f5b2fa60ac7d5f205b0,$,,2fc13d5ef547b4af3b1682136b84019875b0528cee796f5b2fa60ac7d5f205b0,2fc13d5ef547b4af3b1682136b84019875b0528cee796f5b2fa60ac7d5f205b0,"{""basis"":""ordered source-target formula atom"",""kind"":""source-target-formula-map""}"
1.1.0,formula,O007-FREMLIN-V2-S265-FORMULA-0604,O007-FREMLIN-V2-S265,O007-RIGHTS-FREMLIN-DSL,O007-FREMLIN-V2-S265-SEG-265Y,604,265Y,265Y,813,827,28908,28941,30529,30562,"\nu_1(\phi[[a,b]\setminus F])=0","\nu_1(\phi[[a,b]\setminus F])=0",6d95d7a063994948414faef194ddc5b4c688aa2deb8270433b64595b271c0a80,6d95d7a063994948414faef194ddc5b4c688aa2deb8270433b64595b271c0a80,0fec8eaa7c6c773c81cb2d28f9a82f57170b7072164fc06360e7aa746c365a0e,$,,0fec8eaa7c6c773c81cb2d28f9a82f57170b7072164fc06360e7aa746c365a0e,0fec8eaa7c6c773c81cb2d28f9a82f57170b7072164fc06360e7aa746c365a0e,"{""basis"":""ordered source-target formula atom"",""kind"":""source-target-formula-map""}"
1.1.0,formula,O007-FREMLIN-V2-S265-FORMULA-0605,O007-FREMLIN-V2-S265,O007-RIGHTS-FREMLIN-DSL,O007-FREMLIN-V2-S265-SEG-265Y,605,265Y,265Y,813,827,28949,28956,30571,30578,\nu_1,\nu_1,e994cd49def5eda18cd2881a88bfdebfa33778ffc9b2645c3f2f6d4811d3826a,e994cd49def5eda18cd2881a88bfdebfa33778ffc9b2645c3f2f6d4811d3826a,e994cd49def5eda18cd2881a88bfdebfa33778ffc9b2645c3f2f6d4811d3826a,$,,e994cd49def5eda18cd2881a88bfdebfa33778ffc9b2645c3f2f6d4811d3826a,e994cd49def5eda18cd2881a88bfdebfa33778ffc9b2645c3f2f6d4811d3826a,"{""basis"":""ordered source-target formula atom"",""kind"":""source-target-formula-map""}"
1.1.0,formula,O007-FREMLIN-V2-S265-FORMULA-0606,O007-FREMLIN-V2-S265,O007-RIGHTS-FREMLIN-DSL,O007-FREMLIN-V2-S265-SEG-265Y,606,265Y,265Y,814,828,29010,29019,30631,30640,\BbbR^r,\BbbR^r,6a5173578402ab704fe0e78c24a3f6f09fe9ed2c7ea0fbe574d688249eb91ed7,6a5173578402ab704fe0e78c24a3f6f09fe9ed2c7ea0fbe574d688249eb91ed7,6a5173578402ab704fe0e78c24a3f6f09fe9ed2c7ea0fbe574d688249eb91ed7,$,,6a5173578402ab704fe0e78c24a3f6f09fe9ed2c7ea0fbe574d688249eb91ed7,6a5173578402ab704fe0e78c24a3f6f09fe9ed2c7ea0fbe574d688249eb91ed7,"{""basis"":""ordered source-target formula atom"",""kind"":""source-target-formula-map""}"
1.1.0,formula,O007-FREMLIN-V2-S265-FORMULA-0607,O007-FREMLIN-V2-S265,O007-RIGHTS-FREMLIN-DSL,O007-FREMLIN-V2-S265-SEG-265Y,607,265Y,265Y,815,829,29066,29088,30695,30717,"\phi:[a,b]\to\BbbR^r","\phi:[a,b]\to\BbbR^r",f04d5413147695c565770aa5ece158705ab6e4a9e495c3dc5754585ff894aa15,f04d5413147695c565770aa5ece158705ab6e4a9e495c3dc5754585ff894aa15,f04d5413147695c565770aa5ece158705ab6e4a9e495c3dc5754585ff894aa15,$,,f04d5413147695c565770aa5ece158705ab6e4a9e495c3dc5754585ff894aa15,f04d5413147695c565770aa5ece158705ab6e4a9e495c3dc5754585ff894aa15,"{""basis"":""ordered source-target formula atom"",""kind"":""source-target-formula-map""}"
1.1.0,formula,O007-FREMLIN-V2-S265-FORMULA-0608,O007-FREMLIN-V2-S265,O007-RIGHTS-FREMLIN-DSL,O007-FREMLIN-V2-S265-SEG-265Y,608,265Y,265Y,816,830,29119,29160,30739,30780,\nu_1^*(\phi[D])\le\int_D\|\phi'(x)\|dx,\nu_1^*(\phi[D])\le\int_D\|\phi'(x)\|dx,b4caf919f17fd89bf9ecd140697d33a7d81d72a91fb57604ef182fe953f7d47e,b4caf919f17fd89bf9ecd140697d33a7d81d72a91fb57604ef182fe953f7d47e,b4caf919f17fd89bf9ecd140697d33a7d81d72a91fb57604ef182fe953f7d47e,$,,b4caf919f17fd89bf9ecd140697d33a7d81d72a91fb57604ef182fe953f7d47e,b4caf919f17fd89bf9ecd140697d33a7d81d72a91fb57604ef182fe953f7d47e,"{""basis"":""ordered source-target formula atom"",""kind"":""source-target-formula-map""}"
1.1.0,formula,O007-FREMLIN-V2-S265-FORMULA-0609,O007-FREMLIN-V2-S265,O007-RIGHTS-FREMLIN-DSL,O007-FREMLIN-V2-S265-SEG-265Y,609,265Y,265Y,818,831,29171,29188,30794,30811,"D\subseteq[a,b]","D\subseteq[a,b]",6d4a9583dff4a94df1749a8f897003f13750872aa4c3796db09eea401dc0cd83,6d4a9583dff4a94df1749a8f897003f13750872aa4c3796db09eea401dc0cd83,6d4a9583dff4a94df1749a8f897003f13750872aa4c3796db09eea401dc0cd83,$,,6d4a9583dff4a94df1749a8f897003f13750872aa4c3796db09eea401dc0cd83,6d4a9583dff4a94df1749a8f897003f13750872aa4c3796db09eea401dc0cd83,"{""basis"":""ordered source-target formula atom"",""kind"":""source-target-formula-map""}"
1.1.0,formula,O007-FREMLIN-V2-S265-FORMULA-0610,O007-FREMLIN-V2-S265,O007-RIGHTS-FREMLIN-DSL,O007-FREMLIN-V2-S265-SEG-265Y,610,265Y,265Y,818,831,29207,29210,30834,30837,D,D,3f39d5c348e5b79d06e842c114e6cc571583bbf44e4b0ebfda1a01ec05745d43,3f39d5c348e5b79d06e842c114e6cc571583bbf44e4b0ebfda1a01ec05745d43,3f39d5c348e5b79d06e842c114e6cc571583bbf44e4b0ebfda1a01ec05745d43,$,,3f39d5c348e5b79d06e842c114e6cc571583bbf44e4b0ebfda1a01ec05745d43,3f39d5c348e5b79d06e842c114e6cc571583bbf44e4b0ebfda1a01ec05745d43,"{""basis"":""ordered source-target formula atom"",""kind"":""source-target-formula-map""}"
1.1.0,formula,O007-FREMLIN-V2-S265-FORMULA-0611,O007-FREMLIN-V2-S265,O007-RIGHTS-FREMLIN-DSL,O007-FREMLIN-V2-S265-SEG-265Y,611,265Y,265Y,819,832,29229,29243,30850,30864,\phi\restr D,\phi\restr D,61579f463904736beba9cc765aa139740787a6dcc8a82684382ccd4fc9940e84,61579f463904736beba9cc765aa139740787a6dcc8a82684382ccd4fc9940e84,8039f04fb6d5e5433d099b57ca2b6cadb0a5d9f38cb398ba9c4298b5a91b6c6b,$,,8039f04fb6d5e5433d099b57ca2b6cadb0a5d9f38cb398ba9c4298b5a91b6c6b,8039f04fb6d5e5433d099b57ca2b6cadb0a5d9f38cb398ba9c4298b5a91b6c6b,"{""basis"":""ordered source-target formula atom"",""kind"":""source-target-formula-map""}"
1.1.0,formula,O007-FREMLIN-V2-S265-FORMULA-0612,O007-FREMLIN-V2-S265,O007-RIGHTS-FREMLIN-DSL,O007-FREMLIN-V2-S265-SEG-265YB,612,265Yb,265Yb,821,834,29288,29296,30901,30909,a\le b,a\le b,b43517e3fed322f89a0af496194d832bf388dca217264fc030b250244af099e5,b43517e3fed322f89a0af496194d832bf388dca217264fc030b250244af099e5,570e0e13ad0275ad4cbffe5f8d461aefc907a8b4c8f6ba5017ceb16a2eaea039,$,,570e0e13ad0275ad4cbffe5f8d461aefc907a8b4c8f6ba5017ceb16a2eaea039,570e0e13ad0275ad4cbffe5f8d461aefc907a8b4c8f6ba5017ceb16a2eaea039,"{""basis"":""ordered source-target formula atom"",""kind"":""source-target-formula-map""}"
1.1.0,formula,O007-FREMLIN-V2-S265-FORMULA-0613,O007-FREMLIN-V2-S265,O007-RIGHTS-FREMLIN-DSL,O007-FREMLIN-V2-S265-SEG-265YB,613,265Yb,265Yb,821,834,29300,29308,30916,30924,\Bbb R,\Bbb R,f9d62b077eddf72778fc05527c5aa4d2352f16a46a94808294fdc2cb7e406580,f9d62b077eddf72778fc05527c5aa4d2352f16a46a94808294fdc2cb7e406580,22316cdc991b42844c0fcdb72f227b6d4c0e8457a736e325af2845b7b3df7f6c,$,,22316cdc991b42844c0fcdb72f227b6d4c0e8457a736e325af2845b7b3df7f6c,22316cdc991b42844c0fcdb72f227b6d4c0e8457a736e325af2845b7b3df7f6c,"{""basis"":""ordered source-target formula atom"",""kind"":""source-target-formula-map""}"
1.1.0,formula,O007-FREMLIN-V2-S265-FORMULA-0614,O007-FREMLIN-V2-S265,O007-RIGHTS-FREMLIN-DSL,O007-FREMLIN-V2-S265-SEG-265YB,614,265Yb,265Yb,822,835,29319,29337,30930,30948,"f:[a,b]\to\Bbb R","f:[a,b]\to\Bbb R",14124891d4c39a0409f7ade3939ab63484b8eadab7004cf6839f6c894a533a8c,14124891d4c39a0409f7ade3939ab63484b8eadab7004cf6839f6c894a533a8c,b267f35fa22d18fe4d931ce9fd5b813e0cc6b09c144bbbb4b70d8387dbe5fde5,$,,b267f35fa22d18fe4d931ce9fd5b813e0cc6b09c144bbbb4b70d8387dbe5fde5,b267f35fa22d18fe4d931ce9fd5b813e0cc6b09c144bbbb4b70d8387dbe5fde5,"{""basis"":""ordered source-target formula atom"",""kind"":""source-target-formula-map""}"
1.1.0,formula,O007-FREMLIN-V2-S265-FORMULA-0615,O007-FREMLIN-V2-S265,O007-RIGHTS-FREMLIN-DSL,O007-FREMLIN-V2-S265-SEG-265YB,615,265Yb,265Yb,823,836,29395,29405,31005,31015,\Gamma_f,\Gamma_f,e5e2347167ec97cffbc5c45d05d29896bd33f3bcbcc696a0e2abaad4fa2f260b,e5e2347167ec97cffbc5c45d05d29896bd33f3bcbcc696a0e2abaad4fa2f260b,e5e2347167ec97cffbc5c45d05d29896bd33f3bcbcc696a0e2abaad4fa2f260b,$,,e5e2347167ec97cffbc5c45d05d29896bd33f3bcbcc696a0e2abaad4fa2f260b,e5e2347167ec97cffbc5c45d05d29896bd33f3bcbcc696a0e2abaad4fa2f260b,"{""basis"":""ordered source-target formula atom"",""kind"":""source-target-formula-map""}"
1.1.0,formula,O007-FREMLIN-V2-S265-FORMULA-0616,O007-FREMLIN-V2-S265,O007-RIGHTS-FREMLIN-DSL,O007-FREMLIN-V2-S265-SEG-265YB,616,265Yb,265Yb,824,837,29460,29470,31068,31078,\Gamma_f,\Gamma_f,e5e2347167ec97cffbc5c45d05d29896bd33f3bcbcc696a0e2abaad4fa2f260b,e5e2347167ec97cffbc5c45d05d29896bd33f3bcbcc696a0e2abaad4fa2f260b,e5e2347167ec97cffbc5c45d05d29896bd33f3bcbcc696a0e2abaad4fa2f260b,$,,e5e2347167ec97cffbc5c45d05d29896bd33f3bcbcc696a0e2abaad4fa2f260b,e5e2347167ec97cffbc5c45d05d29896bd33f3bcbcc696a0e2abaad4fa2f260b,"{""basis"":""ordered source-target formula atom"",""kind"":""source-target-formula-map""}"
1.1.0,formula,O007-FREMLIN-V2-S265-FORMULA-0617,O007-FREMLIN-V2-S265,O007-RIGHTS-FREMLIN-DSL,O007-FREMLIN-V2-S265-SEG-265YB,617,265Yb,265Yb,824,838,29474,29522,31086,31134,"\Var_{[a,b]}(f)+\int_a^b(\sqrt{1+(f')^2}-|f'|)","\Var_{[a,b]}(f)+\int_a^b(\sqrt{1+(f')^2}-|f'|)",51b475116b733676d30c38fa5a7efa595bbafa663fb223d6b59bebe1a97aad6e,51b475116b733676d30c38fa5a7efa595bbafa663fb223d6b59bebe1a97aad6e,51b475116b733676d30c38fa5a7efa595bbafa663fb223d6b59bebe1a97aad6e,$,,51b475116b733676d30c38fa5a7efa595bbafa663fb223d6b59bebe1a97aad6e,51b475116b733676d30c38fa5a7efa595bbafa663fb223d6b59bebe1a97aad6e,"{""basis"":""ordered source-target formula atom"",""kind"":""source-target-formula-map""}"
1.1.0,formula,O007-FREMLIN-V2-S265-FORMULA-0618,O007-FREMLIN-V2-S265,O007-RIGHTS-FREMLIN-DSL,O007-FREMLIN-V2-S265-SEG-265,618,265,265,832,845,29722,29734,31309,31321,T[\BbbR^r],T[\BbbR^r],6539fe6df38c03cc85e12cf92aef00b83021199e28edb18ec3d0b261f6c511a3,6539fe6df38c03cc85e12cf92aef00b83021199e28edb18ec3d0b261f6c511a3,6539fe6df38c03cc85e12cf92aef00b83021199e28edb18ec3d0b261f6c511a3,$,,6539fe6df38c03cc85e12cf92aef00b83021199e28edb18ec3d0b261f6c511a3,6539fe6df38c03cc85e12cf92aef00b83021199e28edb18ec3d0b261f6c511a3,"{""basis"":""ordered source-target formula atom"",""kind"":""source-target-formula-map""}"
1.1.0,formula,O007-FREMLIN-V2-S265-FORMULA-0619,O007-FREMLIN-V2-S265,O007-RIGHTS-FREMLIN-DSL,O007-FREMLIN-V2-S265-SEG-265,619,265,265,832,845,29757,29760,31346,31349,r,r,454349e422f05297191ead13e21d3db520e5abef52055e4964b82fb213f593a1,454349e422f05297191ead13e21d3db520e5abef52055e4964b82fb213f593a1,454349e422f05297191ead13e21d3db520e5abef52055e4964b82fb213f593a1,$,,454349e422f05297191ead13e21d3db520e5abef52055e4964b82fb213f593a1,454349e422f05297191ead13e21d3db520e5abef52055e4964b82fb213f593a1,"{""basis"":""ordered source-target formula atom"",""kind"":""source-target-formula-map""}"
1.1.0,formula,O007-FREMLIN-V2-S265-FORMULA-0620,O007-FREMLIN-V2-S265,O007-RIGHTS-FREMLIN-DSL,O007-FREMLIN-V2-S265-SEG-265,620,265,265,834,846,29812,29815,31410,31413,P,P,5c62e091b8c0565f1bafad0dad5934276143ae2ccef7a5381e8ada5b1a8d26d2,5c62e091b8c0565f1bafad0dad5934276143ae2ccef7a5381e8ada5b1a8d26d2,5c62e091b8c0565f1bafad0dad5934276143ae2ccef7a5381e8ada5b1a8d26d2,$,,5c62e091b8c0565f1bafad0dad5934276143ae2ccef7a5381e8ada5b1a8d26d2,5c62e091b8c0565f1bafad0dad5934276143ae2ccef7a5381e8ada5b1a8d26d2,"{""basis"":""ordered source-target formula atom"",""kind"":""source-target-formula-map""}"
1.1.0,formula,O007-FREMLIN-V2-S265-FORMULA-0621,O007-FREMLIN-V2-S265,O007-RIGHTS-FREMLIN-DSL,O007-FREMLIN-V2-S265-SEG-265,621,265,265,835,847,29849,29852,31471,31474,r,r,454349e422f05297191ead13e21d3db520e5abef52055e4964b82fb213f593a1,454349e422f05297191ead13e21d3db520e5abef52055e4964b82fb213f593a1,454349e422f05297191ead13e21d3db520e5abef52055e4964b82fb213f593a1,$,,454349e422f05297191ead13e21d3db520e5abef52055e4964b82fb213f593a1,454349e422f05297191ead13e21d3db520e5abef52055e4964b82fb213f593a1,"{""basis"":""ordered source-target formula atom"",""kind"":""source-target-formula-map""}"
1.1.0,formula,O007-FREMLIN-V2-S265-FORMULA-0622,O007-FREMLIN-V2-S265,O007-RIGHTS-FREMLIN-DSL,O007-FREMLIN-V2-S265-SEG-265,622,265,265,835,847,29874,29877,31476,31479,V,V,de5a6f78116eca62d7fc5ce159d23ae6b889b365a1739ad2cf36f925a140d0cc,de5a6f78116eca62d7fc5ce159d23ae6b889b365a1739ad2cf36f925a140d0cc,de5a6f78116eca62d7fc5ce159d23ae6b889b365a1739ad2cf36f925a140d0cc,$,,de5a6f78116eca62d7fc5ce159d23ae6b889b365a1739ad2cf36f925a140d0cc,de5a6f78116eca62d7fc5ce159d23ae6b889b365a1739ad2cf36f925a140d0cc,"{""basis"":""ordered source-target formula atom"",""kind"":""source-target-formula-map""}"
1.1.0,formula,O007-FREMLIN-V2-S265-FORMULA-0623,O007-FREMLIN-V2-S265,O007-RIGHTS-FREMLIN-DSL,O007-FREMLIN-V2-S265-SEG-265,623,265,265,835,848,29906,29915,31515,31524,\BbbR^r,\BbbR^r,6a5173578402ab704fe0e78c24a3f6f09fe9ed2c7ea0fbe574d688249eb91ed7,6a5173578402ab704fe0e78c24a3f6f09fe9ed2c7ea0fbe574d688249eb91ed7,6a5173578402ab704fe0e78c24a3f6f09fe9ed2c7ea0fbe574d688249eb91ed7,$,,6a5173578402ab704fe0e78c24a3f6f09fe9ed2c7ea0fbe574d688249eb91ed7,6a5173578402ab704fe0e78c24a3f6f09fe9ed2c7ea0fbe574d688249eb91ed7,"{""basis"":""ordered source-target formula atom"",""kind"":""source-target-formula-map""}"
1.1.0,formula,O007-FREMLIN-V2-S265-FORMULA-0624,O007-FREMLIN-V2-S265,O007-RIGHTS-FREMLIN-DSL,O007-FREMLIN-V2-S265-SEG-265,624,265,265,836,848,29928,29931,31534,31537,R,R,8c2574892063f995fdf756bce07f46c1a5193e54cd52837ed91e32008ccf41ac,8c2574892063f995fdf756bce07f46c1a5193e54cd52837ed91e32008ccf41ac,8c2574892063f995fdf756bce07f46c1a5193e54cd52837ed91e32008ccf41ac,$,,8c2574892063f995fdf756bce07f46c1a5193e54cd52837ed91e32008ccf41ac,8c2574892063f995fdf756bce07f46c1a5193e54cd52837ed91e32008ccf41ac,"{""basis"":""ordered source-target formula atom"",""kind"":""source-target-formula-map""}"
1.1.0,formula,O007-FREMLIN-V2-S265-FORMULA-0625,O007-FREMLIN-V2-S265,O007-RIGHTS-FREMLIN-DSL,O007-FREMLIN-V2-S265-SEG-265,625,265,265,836,848,29968,29971,31579,31582,V,V,de5a6f78116eca62d7fc5ce159d23ae6b889b365a1739ad2cf36f925a140d0cc,de5a6f78116eca62d7fc5ce159d23ae6b889b365a1739ad2cf36f925a140d0cc,de5a6f78116eca62d7fc5ce159d23ae6b889b365a1739ad2cf36f925a140d0cc,$,,de5a6f78116eca62d7fc5ce159d23ae6b889b365a1739ad2cf36f925a140d0cc,de5a6f78116eca62d7fc5ce159d23ae6b889b365a1739ad2cf36f925a140d0cc,"{""basis"":""ordered source-target formula atom"",""kind"":""source-target-formula-map""}"
1.1.0,formula,O007-FREMLIN-V2-S265-FORMULA-0626,O007-FREMLIN-V2-S265,O007-RIGHTS-FREMLIN-DSL,O007-FREMLIN-V2-S265-SEG-265,626,265,265,836,849,29975,29984,31586,31595,\BbbR^r,\BbbR^r,6a5173578402ab704fe0e78c24a3f6f09fe9ed2c7ea0fbe574d688249eb91ed7,6a5173578402ab704fe0e78c24a3f6f09fe9ed2c7ea0fbe574d688249eb91ed7,6a5173578402ab704fe0e78c24a3f6f09fe9ed2c7ea0fbe574d688249eb91ed7,$,,6a5173578402ab704fe0e78c24a3f6f09fe9ed2c7ea0fbe574d688249eb91ed7,6a5173578402ab704fe0e78c24a3f6f09fe9ed2c7ea0fbe574d688249eb91ed7,"{""basis"":""ordered source-target formula atom"",""kind"":""source-target-formula-map""}"
1.1.0,formula,O007-FREMLIN-V2-S265-FORMULA-0627,O007-FREMLIN-V2-S265,O007-RIGHTS-FREMLIN-DSL,O007-FREMLIN-V2-S265-SEG-265,627,265,265,837,849,29990,29996,31601,31607,\phi,\phi,10ce0200b450ea955833553e717821c7721818b8a95cffd7e54b46e08918b512,10ce0200b450ea955833553e717821c7721818b8a95cffd7e54b46e08918b512,10ce0200b450ea955833553e717821c7721818b8a95cffd7e54b46e08918b512,$,,10ce0200b450ea955833553e717821c7721818b8a95cffd7e54b46e08918b512,10ce0200b450ea955833553e717821c7721818b8a95cffd7e54b46e08918b512,"{""basis"":""ordered source-target formula atom"",""kind"":""source-target-formula-map""}"
1.1.0,formula,O007-FREMLIN-V2-S265-FORMULA-0628,O007-FREMLIN-V2-S265,O007-RIGHTS-FREMLIN-DSL,O007-FREMLIN-V2-S265-SEG-265,628,265,265,837,849,30000,30014,31613,31627,P\trs R\trs ,P\trs R\trs ,c62980823afd2da5b503510d2df6d50e72e67383f27b60e7ea5e77588853bf6f,c62980823afd2da5b503510d2df6d50e72e67383f27b60e7ea5e77588853bf6f,800fedbf907321cf055524a28d151f31d44f56a7ac18666b95fe19fc5262f4a6,$,,800fedbf907321cf055524a28d151f31d44f56a7ac18666b95fe19fc5262f4a6,800fedbf907321cf055524a28d151f31d44f56a7ac18666b95fe19fc5262f4a6,"{""basis"":""ordered source-target formula atom"",""kind"":""source-target-formula-map""}"
1.1.0,formula,O007-FREMLIN-V2-S265-FORMULA-0629,O007-FREMLIN-V2-S265,O007-RIGHTS-FREMLIN-DSL,O007-FREMLIN-V2-S265-SEG-265,629,265,265,837,849,30028,30037,31646,31655,\BbbR^r,\BbbR^r,6a5173578402ab704fe0e78c24a3f6f09fe9ed2c7ea0fbe574d688249eb91ed7,6a5173578402ab704fe0e78c24a3f6f09fe9ed2c7ea0fbe574d688249eb91ed7,6a5173578402ab704fe0e78c24a3f6f09fe9ed2c7ea0fbe574d688249eb91ed7,$,,6a5173578402ab704fe0e78c24a3f6f09fe9ed2c7ea0fbe574d688249eb91ed7,6a5173578402ab704fe0e78c24a3f6f09fe9ed2c7ea0fbe574d688249eb91ed7,"{""basis"":""ordered source-target formula atom"",""kind"":""source-target-formula-map""}"
1.1.0,formula,O007-FREMLIN-V2-S265-FORMULA-0630,O007-FREMLIN-V2-S265,O007-RIGHTS-FREMLIN-DSL,O007-FREMLIN-V2-S265-SEG-265,630,265,265,838,850,30064,30077,31686,31699,T[\Bbb R^r],T[\Bbb R^r],f4eb5f607f2d7c7c28c9a1a34048bf7d4f1e1730c301d5552e8f21544aa2bd7d,f4eb5f607f2d7c7c28c9a1a34048bf7d4f1e1730c301d5552e8f21544aa2bd7d,6539fe6df38c03cc85e12cf92aef00b83021199e28edb18ec3d0b261f6c511a3,$,,6539fe6df38c03cc85e12cf92aef00b83021199e28edb18ec3d0b261f6c511a3,6539fe6df38c03cc85e12cf92aef00b83021199e28edb18ec3d0b261f6c511a3,"{""basis"":""ordered source-target formula atom"",""kind"":""source-target-formula-map""}"
1.1.0,formula,O007-FREMLIN-V2-S265-FORMULA-0631,O007-FREMLIN-V2-S265,O007-RIGHTS-FREMLIN-DSL,O007-FREMLIN-V2-S265-SEG-265,631,265,265,839,851,30133,30136,31759,31762,T,T,e632b7095b0bf32c260fa4c539e9fd7b852d0de454e9be26f24d0d6f91d069d3,e632b7095b0bf32c260fa4c539e9fd7b852d0de454e9be26f24d0d6f91d069d3,e632b7095b0bf32c260fa4c539e9fd7b852d0de454e9be26f24d0d6f91d069d3,$,,e632b7095b0bf32c260fa4c539e9fd7b852d0de454e9be26f24d0d6f91d069d3,e632b7095b0bf32c260fa4c539e9fd7b852d0de454e9be26f24d0d6f91d069d3,"{""basis"":""ordered source-target formula atom"",""kind"":""source-target-formula-map""}"
1.1.0,formula,O007-FREMLIN-V2-S265-FORMULA-0632,O007-FREMLIN-V2-S265,O007-RIGHTS-FREMLIN-DSL,O007-FREMLIN-V2-S265-SEG-265,632,265,265,839,852,30160,30181,31787,31808,S:\BbbR^r\to\BbbR^r,S:\BbbR^r\to\BbbR^r,0c41df4fdaaf5ee551112ba408b49e377fa2465a2e1eb5b8e8874f970006910c,0c41df4fdaaf5ee551112ba408b49e377fa2465a2e1eb5b8e8874f970006910c,0c41df4fdaaf5ee551112ba408b49e377fa2465a2e1eb5b8e8874f970006910c,$,,0c41df4fdaaf5ee551112ba408b49e377fa2465a2e1eb5b8e8874f970006910c,0c41df4fdaaf5ee551112ba408b49e377fa2465a2e1eb5b8e8874f970006910c,"{""basis"":""ordered source-target formula atom"",""kind"":""source-target-formula-map""}"
1.1.0,formula,O007-FREMLIN-V2-S265-FORMULA-0633,O007-FREMLIN-V2-S265,O007-RIGHTS-FREMLIN-DSL,O007-FREMLIN-V2-S265-SEG-265,633,265,265,845,857,30431,30436,32062,32067,s=r,s=r,5ca4fc74343ac5d108df7153bf817ec0514733b384986d034094385017b4d204,5ca4fc74343ac5d108df7153bf817ec0514733b384986d034094385017b4d204,5ca4fc74343ac5d108df7153bf817ec0514733b384986d034094385017b4d204,$,,5ca4fc74343ac5d108df7153bf817ec0514733b384986d034094385017b4d204,5ca4fc74343ac5d108df7153bf817ec0514733b384986d034094385017b4d204,"{""basis"":""ordered source-target formula atom"",""kind"":""source-target-formula-map""}"
1.1.0,formula,O007-FREMLIN-V2-S265-FORMULA-0634,O007-FREMLIN-V2-S265,O007-RIGHTS-FREMLIN-DSL,O007-FREMLIN-V2-S265-SEG-265,634,265,265,847,859,30488,30534,32123,32169,\mu_r^*\phi[D]\le J\mu_r^*D+\epsilon\mu_r^*D,\mu_r^*\phi[D]\le J\mu_r^*D+\epsilon\mu_r^*D,77efec7f664c9528a8e10da05f81076118d104cbce01f619ddd31ce946da44fa,77efec7f664c9528a8e10da05f81076118d104cbce01f619ddd31ce946da44fa,0568a041203657221c3e39357e7603425d5526bba0cae7f8161a196d902753bc,$,,0568a041203657221c3e39357e7603425d5526bba0cae7f8161a196d902753bc,0568a041203657221c3e39357e7603425d5526bba0cae7f8161a196d902753bc,"{""basis"":""ordered source-target formula atom"",""kind"":""source-target-formula-map""}"
1.1.0,formula,O007-FREMLIN-V2-S265-FORMULA-0635,O007-FREMLIN-V2-S265,O007-RIGHTS-FREMLIN-DSL,O007-FREMLIN-V2-S265-SEG-265,635,265,265,848,860,30590,30595,32209,32214,J=0,J=0,1a77b7240bb8153099664e75e8dd5b3c572d42a65d6ddf23260a458791991af0,1a77b7240bb8153099664e75e8dd5b3c572d42a65d6ddf23260a458791991af0,1a77b7240bb8153099664e75e8dd5b3c572d42a65d6ddf23260a458791991af0,$,,1a77b7240bb8153099664e75e8dd5b3c572d42a65d6ddf23260a458791991af0,1a77b7240bb8153099664e75e8dd5b3c572d42a65d6ddf23260a458791991af0,"{""basis"":""ordered source-target formula atom"",""kind"":""source-target-formula-map""}"
1.1.0,formula,O007-FREMLIN-V2-S265-FORMULA-0636,O007-FREMLIN-V2-S265,O007-RIGHTS-FREMLIN-DSL,O007-FREMLIN-V2-S265-SEG-265,636,265,265,849,860,30604,30609,32236,32241,s>r,s>r,e65e0ceca3bc6b70c05e868e40d874b267e500ac657b2a1d796642f5648ba23b,e65e0ceca3bc6b70c05e868e40d874b267e500ac657b2a1d796642f5648ba23b,e65e0ceca3bc6b70c05e868e40d874b267e500ac657b2a1d796642f5648ba23b,$,,e65e0ceca3bc6b70c05e868e40d874b267e500ac657b2a1d796642f5648ba23b,e65e0ceca3bc6b70c05e868e40d874b267e500ac657b2a1d796642f5648ba23b,"{""basis"":""ordered source-target formula atom"",""kind"":""source-target-formula-map""}"
1.1.0,formula,O007-FREMLIN-V2-S265-FORMULA-0637,O007-FREMLIN-V2-S265,O007-RIGHTS-FREMLIN-DSL,O007-FREMLIN-V2-S265-SEG-265,637,265,265,850,861,30669,30680,32306,32317,\nu_rT[B],\nu_rT[B],6daeedef1c8e443aaf404167d82cca031d07c946439f5ac62eb66c4dfb1850ce,6daeedef1c8e443aaf404167d82cca031d07c946439f5ac62eb66c4dfb1850ce,6daeedef1c8e443aaf404167d82cca031d07c946439f5ac62eb66c4dfb1850ce,$,,6daeedef1c8e443aaf404167d82cca031d07c946439f5ac62eb66c4dfb1850ce,6daeedef1c8e443aaf404167d82cca031d07c946439f5ac62eb66c4dfb1850ce,"{""basis"":""ordered source-target formula atom"",""kind"":""source-target-formula-map""}"
1.1.0,formula,O007-FREMLIN-V2-S265-FORMULA-0638,O007-FREMLIN-V2-S265,O007-RIGHTS-FREMLIN-DSL,O007-FREMLIN-V2-S265-SEG-265,638,265,265,851,861,30684,30692,32325,32333,\nu_rG,\nu_rG,4cde8738b4ecc0f3249e5262de15af1b1a8c2e6e241055c9b4ce8dd1b4ff4988,4cde8738b4ecc0f3249e5262de15af1b1a8c2e6e241055c9b4ce8dd1b4ff4988,4cde8738b4ecc0f3249e5262de15af1b1a8c2e6e241055c9b4ce8dd1b4ff4988,$,,4cde8738b4ecc0f3249e5262de15af1b1a8c2e6e241055c9b4ce8dd1b4ff4988,4cde8738b4ecc0f3249e5262de15af1b1a8c2e6e241055c9b4ce8dd1b4ff4988,"{""basis"":""ordered source-target formula atom"",""kind"":""source-target-formula-map""}"
1.1.0,formula,O007-FREMLIN-V2-S265-FORMULA-0639,O007-FREMLIN-V2-S265,O007-RIGHTS-FREMLIN-DSL,O007-FREMLIN-V2-S265-SEG-265,639,265,265,851,862,30699,30716,32340,32357,G\supseteq T[B],G\supseteq T[B],ff6510eb68e4ddd20ec961fe8285b09fb2d496dd33a32ab998040b08ffb2e756,ff6510eb68e4ddd20ec961fe8285b09fb2d496dd33a32ab998040b08ffb2e756,12baa07093edcee90cb369e08a469c54d20dcf4e3287c730eee3476bfeb3dce6,$,,12baa07093edcee90cb369e08a469c54d20dcf4e3287c730eee3476bfeb3dce6,12baa07093edcee90cb369e08a469c54d20dcf4e3287c730eee3476bfeb3dce6,"{""basis"":""ordered source-target formula atom"",""kind"":""source-target-formula-map""}"
1.1.0,formula,O007-FREMLIN-V2-S265-FORMULA-0640,O007-FREMLIN-V2-S265,O007-RIGHTS-FREMLIN-DSL,O007-FREMLIN-V2-S265-SEG-265,640,265,265,853,863,30827,30832,32467,32472,J>0,J>0,29719683f0f43c36172275c76a9ddd61a37a0ed0bbc011773e379550eb4857c7,29719683f0f43c36172275c76a9ddd61a37a0ed0bbc011773e379550eb4857c7,29719683f0f43c36172275c76a9ddd61a37a0ed0bbc011773e379550eb4857c7,$,,29719683f0f43c36172275c76a9ddd61a37a0ed0bbc011773e379550eb4857c7,29719683f0f43c36172275c76a9ddd61a37a0ed0bbc011773e379550eb4857c7,"{""basis"":""ordered source-target formula atom"",""kind"":""source-target-formula-map""}"
1.1.0,formula,O007-FREMLIN-V2-S265-FORMULA-0641,O007-FREMLIN-V2-S265,O007-RIGHTS-FREMLIN-DSL,O007-FREMLIN-V2-S265-SEG-265,641,265,265,854,865,30894,30923,32542,32571,"\{\phi(x):x\in D,\,J(x)=0\}","\{\phi(x):x\in D,\,J(x)=0\}",3d5c18b5baf110142875492a69e424ab14ea71383f3b61013fedbbd60a4c72d9,3d5c18b5baf110142875492a69e424ab14ea71383f3b61013fedbbd60a4c72d9,3925a0ce483e5511241465e4df6e3dc1fa18f56be0a3b2b38dd3eb7d3dec0f7c,$,,3925a0ce483e5511241465e4df6e3dc1fa18f56be0a3b2b38dd3eb7d3dec0f7c,3925a0ce483e5511241465e4df6e3dc1fa18f56be0a3b2b38dd3eb7d3dec0f7c,"{""basis"":""ordered source-target formula atom"",""kind"":""source-target-formula-map""}"
1.1.0,formula,O007-FREMLIN-V2-S265-FORMULA-0642,O007-FREMLIN-V2-S265,O007-RIGHTS-FREMLIN-DSL,O007-FREMLIN-V2-S265-SEG-265,642,265,265,855,865,30927,30934,32592,32599,\nu_r,\nu_r,e8b3832b298d6101b15e3586330ba9623983dd4b8f502aadc70f38d121108a53,e8b3832b298d6101b15e3586330ba9623983dd4b8f502aadc70f38d121108a53,e8b3832b298d6101b15e3586330ba9623983dd4b8f502aadc70f38d121108a53,$,,e8b3832b298d6101b15e3586330ba9623983dd4b8f502aadc70f38d121108a53,e8b3832b298d6101b15e3586330ba9623983dd4b8f502aadc70f38d121108a53,"{""basis"":""ordered source-target formula atom"",""kind"":""source-target-formula-map""}"
1.1.0,formula,O007-FREMLIN-V2-S265-FORMULA-0643,O007-FREMLIN-V2-S265,O007-RIGHTS-FREMLIN-DSL,O007-FREMLIN-V2-S265-SEG-265,643,265,265,856,866,31009,31012,32648,32651,r,r,454349e422f05297191ead13e21d3db520e5abef52055e4964b82fb213f593a1,454349e422f05297191ead13e21d3db520e5abef52055e4964b82fb213f593a1,454349e422f05297191ead13e21d3db520e5abef52055e4964b82fb213f593a1,$,,454349e422f05297191ead13e21d3db520e5abef52055e4964b82fb213f593a1,454349e422f05297191ead13e21d3db520e5abef52055e4964b82fb213f593a1,"{""basis"":""ordered source-target formula atom"",""kind"":""source-target-formula-map""}"
1.1.0,formula,O007-FREMLIN-V2-S265-FORMULA-0644,O007-FREMLIN-V2-S265,O007-RIGHTS-FREMLIN-DSL,O007-FREMLIN-V2-S265-SEG-265,644,265,265,856,866,31014,31017,32653,32656,s,s,043a718774c572bd8a25adbeb1bfcd5c0256ae11cecf9f9c3f925d0e52beaf89,043a718774c572bd8a25adbeb1bfcd5c0256ae11cecf9f9c3f925d0e52beaf89,043a718774c572bd8a25adbeb1bfcd5c0256ae11cecf9f9c3f925d0e52beaf89,$,,043a718774c572bd8a25adbeb1bfcd5c0256ae11cecf9f9c3f925d0e52beaf89,043a718774c572bd8a25adbeb1bfcd5c0256ae11cecf9f9c3f925d0e52beaf89,"{""basis"":""ordered source-target formula atom"",""kind"":""source-target-formula-map""}"
1.1.0,formula,O007-FREMLIN-V2-S265-FORMULA-0645,O007-FREMLIN-V2-S265,O007-RIGHTS-FREMLIN-DSL,O007-FREMLIN-V2-S265-SEG-265,645,265,265,856,866,31030,31038,32664,32672,r\le s,r\le s,ea3a54ba8662f35690a7d576c95805764e61841ecf76f7800c9c4b7d9011b280,ea3a54ba8662f35690a7d576c95805764e61841ecf76f7800c9c4b7d9011b280,fe4561dc39636a6c25a48bdf9e41d4910c776c023413ea7b62f1d0181f0a6442,$,,fe4561dc39636a6c25a48bdf9e41d4910c776c023413ea7b62f1d0181f0a6442,fe4561dc39636a6c25a48bdf9e41d4910c776c023413ea7b62f1d0181f0a6442,"{""basis"":""ordered source-target formula atom"",""kind"":""source-target-formula-map""}"
1.1.0,formula,O007-FREMLIN-V2-S265-FORMULA-0646,O007-FREMLIN-V2-S265,O007-RIGHTS-FREMLIN-DSL,O007-FREMLIN-V2-S265-SEG-265,646,265,265,857,867,31078,31096,32714,32732,\phi:D\to\BbbR^s,\phi:D\to\BbbR^s,72415c69d09b0aa4031146a5b0b420d6cc58794c88b7e7e91ba28902f60eecd6,72415c69d09b0aa4031146a5b0b420d6cc58794c88b7e7e91ba28902f60eecd6,72415c69d09b0aa4031146a5b0b420d6cc58794c88b7e7e91ba28902f60eecd6,$,,72415c69d09b0aa4031146a5b0b420d6cc58794c88b7e7e91ba28902f60eecd6,72415c69d09b0aa4031146a5b0b420d6cc58794c88b7e7e91ba28902f60eecd6,"{""basis"":""ordered source-target formula atom"",""kind"":""source-target-formula-map""}"
1.1.0,formula,O007-FREMLIN-V2-S265-FORMULA-0647,O007-FREMLIN-V2-S265,O007-RIGHTS-FREMLIN-DSL,O007-FREMLIN-V2-S265-SEG-265,647,265,265,857,868,31100,31129,32740,32769,\psi_{\eta}:D\to\BbbR^{s+r},\psi_{\eta}:D\to\BbbR^{s+r},2dcb30c6e639a76321b550e0b210c74c16d9634e8c1612935746f9ac5f2e8114,2dcb30c6e639a76321b550e0b210c74c16d9634e8c1612935746f9ac5f2e8114,2dcb30c6e639a76321b550e0b210c74c16d9634e8c1612935746f9ac5f2e8114,$,,2dcb30c6e639a76321b550e0b210c74c16d9634e8c1612935746f9ac5f2e8114,2dcb30c6e639a76321b550e0b210c74c16d9634e8c1612935746f9ac5f2e8114,"{""basis"":""ordered source-target formula atom"",""kind"":""source-target-formula-map""}"
1.1.0,formula,O007-FREMLIN-V2-S265-FORMULA-0648,O007-FREMLIN-V2-S265,O007-RIGHTS-FREMLIN-DSL,O007-FREMLIN-V2-S265-SEG-265,648,265,265,860,871,31215,31218,32885,32888,r,r,454349e422f05297191ead13e21d3db520e5abef52055e4964b82fb213f593a1,454349e422f05297191ead13e21d3db520e5abef52055e4964b82fb213f593a1,454349e422f05297191ead13e21d3db520e5abef52055e4964b82fb213f593a1,$,,454349e422f05297191ead13e21d3db520e5abef52055e4964b82fb213f593a1,454349e422f05297191ead13e21d3db520e5abef52055e4964b82fb213f593a1,"{""basis"":""ordered source-target formula atom"",""kind"":""source-target-formula-map""}"
1.1.0,formula,O007-FREMLIN-V2-S265-FORMULA-0649,O007-FREMLIN-V2-S265,O007-RIGHTS-FREMLIN-DSL,O007-FREMLIN-V2-S265-SEG-265,649,265,265,867,875,31522,31525,33129,33132,1,1,6b86b273ff34fce19d6b804eff5a3f5747ada4eaa22f1d49c01e52ddb7875b4b,6b86b273ff34fce19d6b804eff5a3f5747ada4eaa22f1d49c01e52ddb7875b4b,6b86b273ff34fce19d6b804eff5a3f5747ada4eaa22f1d49c01e52ddb7875b4b,$,,6b86b273ff34fce19d6b804eff5a3f5747ada4eaa22f1d49c01e52ddb7875b4b,6b86b273ff34fce19d6b804eff5a3f5747ada4eaa22f1d49c01e52ddb7875b4b,"{""basis"":""ordered source-target formula atom"",""kind"":""source-target-formula-map""}"
1.1.0,formula,O007-FREMLIN-V2-S265-FORMULA-0650,O007-FREMLIN-V2-S265,O007-RIGHTS-FREMLIN-DSL,O007-FREMLIN-V2-S265-SEG-265,650,265,265,871,877,31699,31707,33295,33303,\theta,\theta,2b4af44cb17349bb9452292a447fe70d48c9ce08e68dd2f74e9628cf8ac625b8,2b4af44cb17349bb9452292a447fe70d48c9ce08e68dd2f74e9628cf8ac625b8,2b4af44cb17349bb9452292a447fe70d48c9ce08e68dd2f74e9628cf8ac625b8,$,,2b4af44cb17349bb9452292a447fe70d48c9ce08e68dd2f74e9628cf8ac625b8,2b4af44cb17349bb9452292a447fe70d48c9ce08e68dd2f74e9628cf8ac625b8,"{""basis"":""ordered source-target formula atom"",""kind"":""source-target-formula-map""}"
