schema_version,record_type,id,unit_id,rights_id,segment_id,order,source_anchor,target_anchor,source_line_start,target_line_start,source_char_start,source_char_end,target_char_start,target_char_end,source_raw_tex,target_raw_tex,source_raw_tex_sha256,target_raw_tex_sha256,normalized_symbolic_sha256,math_delimiter,correction_ids,source_normalized_sha256,target_normalized_sha256,provenance
1.1.0,formula,O007-FREMLIN-V2-S261-FORMULA-0001,O007-FREMLIN-V2-S261,O007-RIGHTS-FREMLIN-DSL,O007-FREMLIN-V2-S261-SEG-261-INTRO,1,261-intro,261-intro,8,8,208,217,208,217,\BbbR^r,\BbbR^r,6a5173578402ab704fe0e78c24a3f6f09fe9ed2c7ea0fbe574d688249eb91ed7,6a5173578402ab704fe0e78c24a3f6f09fe9ed2c7ea0fbe574d688249eb91ed7,6a5173578402ab704fe0e78c24a3f6f09fe9ed2c7ea0fbe574d688249eb91ed7,$,,6a5173578402ab704fe0e78c24a3f6f09fe9ed2c7ea0fbe574d688249eb91ed7,6a5173578402ab704fe0e78c24a3f6f09fe9ed2c7ea0fbe574d688249eb91ed7,"{""basis"":""ordered source-target formula atom"",""kind"":""source-target-formula-map""}"
1.1.0,formula,O007-FREMLIN-V2-S261-FORMULA-0002,O007-FREMLIN-V2-S261,O007-RIGHTS-FREMLIN-DSL,O007-FREMLIN-V2-S261-SEG-261-INTRO,2,261-intro,261-intro,12,12,297,312,298,313,\eightBbb R^r,\eightBbb R^r,5b833615bf673f1db48a07fe9061e0b3d6b2e5324fba7809c52af5f40f19db02,5b833615bf673f1db48a07fe9061e0b3d6b2e5324fba7809c52af5f40f19db02,4f0e18fd08de8c6fc697952ec17db00e7c3ad3b53650043f7e9ff4646ee1d899,$,,4f0e18fd08de8c6fc697952ec17db00e7c3ad3b53650043f7e9ff4646ee1d899,4f0e18fd08de8c6fc697952ec17db00e7c3ad3b53650043f7e9ff4646ee1d899,"{""basis"":""ordered source-target formula atom"",""kind"":""source-target-formula-map""}"
1.1.0,formula,O007-FREMLIN-V2-S261-FORMULA-0003,O007-FREMLIN-V2-S261,O007-RIGHTS-FREMLIN-DSL,O007-FREMLIN-V2-S261-SEG-261-INTRO,3,261-intro,261-intro,14,14,362,365,381,384,r,r,454349e422f05297191ead13e21d3db520e5abef52055e4964b82fb213f593a1,454349e422f05297191ead13e21d3db520e5abef52055e4964b82fb213f593a1,454349e422f05297191ead13e21d3db520e5abef52055e4964b82fb213f593a1,$,,454349e422f05297191ead13e21d3db520e5abef52055e4964b82fb213f593a1,454349e422f05297191ead13e21d3db520e5abef52055e4964b82fb213f593a1,"{""basis"":""ordered source-target formula atom"",""kind"":""source-target-formula-map""}"
1.1.0,formula,O007-FREMLIN-V2-S261-FORMULA-0004,O007-FREMLIN-V2-S261,O007-RIGHTS-FREMLIN-DSL,O007-FREMLIN-V2-S261-SEG-261A,4,261A,261A,25,25,857,865,895,903,r\ge 1,r\ge 1,10bc42d96f51887ea400533a0f6b343406ae6bb4aac04938120632d6289e30dc,10bc42d96f51887ea400533a0f6b343406ae6bb4aac04938120632d6289e30dc,48d931adc78b0f862d3435fd812b0154451317701e4ee6ece3563bbd6d25a196,$,,48d931adc78b0f862d3435fd812b0154451317701e4ee6ece3563bbd6d25a196,48d931adc78b0f862d3435fd812b0154451317701e4ee6ece3563bbd6d25a196,"{""basis"":""ordered source-target formula atom"",""kind"":""source-target-formula-map""}"
1.1.0,formula,O007-FREMLIN-V2-S261-FORMULA-0005,O007-FREMLIN-V2-S261,O007-RIGHTS-FREMLIN-DSL,O007-FREMLIN-V2-S261-SEG-261A,5,261A,261A,26,26,928,937,982,991,\BbbR^r,\BbbR^r,6a5173578402ab704fe0e78c24a3f6f09fe9ed2c7ea0fbe574d688249eb91ed7,6a5173578402ab704fe0e78c24a3f6f09fe9ed2c7ea0fbe574d688249eb91ed7,6a5173578402ab704fe0e78c24a3f6f09fe9ed2c7ea0fbe574d688249eb91ed7,$,,6a5173578402ab704fe0e78c24a3f6f09fe9ed2c7ea0fbe574d688249eb91ed7,6a5173578402ab704fe0e78c24a3f6f09fe9ed2c7ea0fbe574d688249eb91ed7,"{""basis"":""ordered source-target formula atom"",""kind"":""source-target-formula-map""}"
1.1.0,formula,O007-FREMLIN-V2-S261-FORMULA-0006,O007-FREMLIN-V2-S261,O007-RIGHTS-FREMLIN-DSL,O007-FREMLIN-V2-S261-SEG-261A,6,261A,261A,28,28,989,1019,1040,1070,"a=(\alpha_1,\ldots,\alpha_r)","a=(\alpha_1,\ldots,\alpha_r)",b58b46232af062b003acf38199de4e8fc7bb7d1af794fa5035a1ba3ec3fcb0da,b58b46232af062b003acf38199de4e8fc7bb7d1af794fa5035a1ba3ec3fcb0da,b58b46232af062b003acf38199de4e8fc7bb7d1af794fa5035a1ba3ec3fcb0da,$,,b58b46232af062b003acf38199de4e8fc7bb7d1af794fa5035a1ba3ec3fcb0da,b58b46232af062b003acf38199de4e8fc7bb7d1af794fa5035a1ba3ec3fcb0da,"{""basis"":""ordered source-target formula atom"",""kind"":""source-target-formula-map""}"
1.1.0,formula,O007-FREMLIN-V2-S261-FORMULA-0007,O007-FREMLIN-V2-S261,O007-RIGHTS-FREMLIN-DSL,O007-FREMLIN-V2-S261-SEG-261A,7,261A,261A,31,31,1229,1239,1295,1305,\Bbb R^r,\Bbb R^r,3f1a406096643473870c1e6e22d1a9a801f64f617cc58150f3ee86fba15dffe4,3f1a406096643473870c1e6e22d1a9a801f64f617cc58150f3ee86fba15dffe4,6a5173578402ab704fe0e78c24a3f6f09fe9ed2c7ea0fbe574d688249eb91ed7,$,,6a5173578402ab704fe0e78c24a3f6f09fe9ed2c7ea0fbe574d688249eb91ed7,6a5173578402ab704fe0e78c24a3f6f09fe9ed2c7ea0fbe574d688249eb91ed7,"{""basis"":""ordered source-target formula atom"",""kind"":""source-target-formula-map""}"
1.1.0,formula,O007-FREMLIN-V2-S261-FORMULA-0008,O007-FREMLIN-V2-S261,O007-RIGHTS-FREMLIN-DSL,O007-FREMLIN-V2-S261-SEG-261A,8,261A,261A,31,31,1273,1278,1338,1343,\mu,\mu,492247e1bab15272d1e53b8015c042bf6fa0cb8f23ec52cad93d6ba80dafb804,492247e1bab15272d1e53b8015c042bf6fa0cb8f23ec52cad93d6ba80dafb804,492247e1bab15272d1e53b8015c042bf6fa0cb8f23ec52cad93d6ba80dafb804,$,,492247e1bab15272d1e53b8015c042bf6fa0cb8f23ec52cad93d6ba80dafb804,492247e1bab15272d1e53b8015c042bf6fa0cb8f23ec52cad93d6ba80dafb804,"{""basis"":""ordered source-target formula atom"",""kind"":""source-target-formula-map""}"
1.1.0,formula,O007-FREMLIN-V2-S261-FORMULA-0009,O007-FREMLIN-V2-S261,O007-RIGHTS-FREMLIN-DSL,O007-FREMLIN-V2-S261-SEG-261A,9,261A,261A,33,32,1328,1335,1391,1398,\mu^*,\mu^*,39bd10252b9b40b9fb5450004f5ceb3ef4f6c7eef83a768ba5a87bb9c8c5eea6,39bd10252b9b40b9fb5450004f5ceb3ef4f6c7eef83a768ba5a87bb9c8c5eea6,39bd10252b9b40b9fb5450004f5ceb3ef4f6c7eef83a768ba5a87bb9c8c5eea6,$,,39bd10252b9b40b9fb5450004f5ceb3ef4f6c7eef83a768ba5a87bb9c8c5eea6,39bd10252b9b40b9fb5450004f5ceb3ef4f6c7eef83a768ba5a87bb9c8c5eea6,"{""basis"":""ordered source-target formula atom"",""kind"":""source-target-formula-map""}"
1.1.0,formula,O007-FREMLIN-V2-S261-FORMULA-0010,O007-FREMLIN-V2-S261,O007-RIGHTS-FREMLIN-DSL,O007-FREMLIN-V2-S261-SEG-261A,10,261A,261A,34,33,1377,1392,1445,1460,\int\ldots dx,\int\ldots dx,d6286849c9edacd9d09df0b55e118e2f095dc3cee19dda6b29c1cceab4a0decf,d6286849c9edacd9d09df0b55e118e2f095dc3cee19dda6b29c1cceab4a0decf,c2a5fbe43783ab174179c215cbd19462b578a598c56cd50af396b03890fc23c1,$,,c2a5fbe43783ab174179c215cbd19462b578a598c56cd50af396b03890fc23c1,c2a5fbe43783ab174179c215cbd19462b578a598c56cd50af396b03890fc23c1,"{""basis"":""ordered source-target formula atom"",""kind"":""source-target-formula-map""}"
1.1.0,formula,O007-FREMLIN-V2-S261-FORMULA-0011,O007-FREMLIN-V2-S261,O007-RIGHTS-FREMLIN-DSL,O007-FREMLIN-V2-S261-SEG-261A,11,261A,261A,37,36,1510,1544,1572,1606,"x=(\xi_1,\ldots,\xi_r)\in\BbbR^r","x=(\xi_1,\ldots,\xi_r)\in\BbbR^r",1695884a1751a8ca357e681f84721c705478a0ff4abcaa003bedfb5c0ad3fc73,1695884a1751a8ca357e681f84721c705478a0ff4abcaa003bedfb5c0ad3fc73,1695884a1751a8ca357e681f84721c705478a0ff4abcaa003bedfb5c0ad3fc73,$,,1695884a1751a8ca357e681f84721c705478a0ff4abcaa003bedfb5c0ad3fc73,1695884a1751a8ca357e681f84721c705478a0ff4abcaa003bedfb5c0ad3fc73,"{""basis"":""ordered source-target formula atom"",""kind"":""source-target-formula-map""}"
1.1.0,formula,O007-FREMLIN-V2-S261-FORMULA-0012,O007-FREMLIN-V2-S261,O007-RIGHTS-FREMLIN-DSL,O007-FREMLIN-V2-S261-SEG-261A,12,261A,261A,38,37,1553,1590,1618,1655,\|x\|=\sqrt{\xi_1^2+\ldots+\xi_r^2},\|x\|=\sqrt{\xi_1^2+\ldots+\xi_r^2},9c656ea307c9b5ace4162a8ad3b4ab82c1d3ceedf413c5a9b2ba059639aa0855,9c656ea307c9b5ace4162a8ad3b4ab82c1d3ceedf413c5a9b2ba059639aa0855,9c656ea307c9b5ace4162a8ad3b4ab82c1d3ceedf413c5a9b2ba059639aa0855,$,,9c656ea307c9b5ace4162a8ad3b4ab82c1d3ceedf413c5a9b2ba059639aa0855,9c656ea307c9b5ace4162a8ad3b4ab82c1d3ceedf413c5a9b2ba059639aa0855,"{""basis"":""ordered source-target formula atom"",""kind"":""source-target-formula-map""}"
1.1.0,formula,O007-FREMLIN-V2-S261-FORMULA-0013,O007-FREMLIN-V2-S261,O007-RIGHTS-FREMLIN-DSL,O007-FREMLIN-V2-S261-SEG-261A,13,261A,261A,39,38,1607,1630,1670,1693,\|x+y\|\le\|x\|+\|y\|,\|x+y\|\le\|x\|+\|y\|,c3b0cddf8c6da4b73d66f8adcf6b9f63670c4e6aa7d78aea4e7dd0413d53460d,c3b0cddf8c6da4b73d66f8adcf6b9f63670c4e6aa7d78aea4e7dd0413d53460d,c3b0cddf8c6da4b73d66f8adcf6b9f63670c4e6aa7d78aea4e7dd0413d53460d,$,,c3b0cddf8c6da4b73d66f8adcf6b9f63670c4e6aa7d78aea4e7dd0413d53460d,c3b0cddf8c6da4b73d66f8adcf6b9f63670c4e6aa7d78aea4e7dd0413d53460d,"{""basis"":""ordered source-target formula atom"",""kind"":""source-target-formula-map""}"
1.1.0,formula,O007-FREMLIN-V2-S261-FORMULA-0014,O007-FREMLIN-V2-S261,O007-RIGHTS-FREMLIN-DSL,O007-FREMLIN-V2-S261-SEG-261A,14,261A,261A,39,38,1647,1675,1711,1739,\|\alpha x\|=|\alpha|\|x\|,\|\alpha x\|=|\alpha|\|x\|,d33ff860ca4b748650e9fb29cfcd0707271f8ac3314068a178ba98fd420179aa,d33ff860ca4b748650e9fb29cfcd0707271f8ac3314068a178ba98fd420179aa,a75de1a8fbb748abcd8c7ef410285a6b3f979fe5b68ddfcc8caf4eeee4602b0e,$,,a75de1a8fbb748abcd8c7ef410285a6b3f979fe5b68ddfcc8caf4eeee4602b0e,a75de1a8fbb748abcd8c7ef410285a6b3f979fe5b68ddfcc8caf4eeee4602b0e,"{""basis"":""ordered source-target formula atom"",""kind"":""source-target-formula-map""}"
1.1.0,formula,O007-FREMLIN-V2-S261-FORMULA-0015,O007-FREMLIN-V2-S261,O007-RIGHTS-FREMLIN-DSL,O007-FREMLIN-V2-S261-SEG-261A,15,261A,261A,40,39,1693,1696,1763,1766,x,x,2d711642b726b04401627ca9fbac32f5c8530fb1903cc4db02258717921a4881,2d711642b726b04401627ca9fbac32f5c8530fb1903cc4db02258717921a4881,2d711642b726b04401627ca9fbac32f5c8530fb1903cc4db02258717921a4881,$,,2d711642b726b04401627ca9fbac32f5c8530fb1903cc4db02258717921a4881,2d711642b726b04401627ca9fbac32f5c8530fb1903cc4db02258717921a4881,"{""basis"":""ordered source-target formula atom"",""kind"":""source-target-formula-map""}"
1.1.0,formula,O007-FREMLIN-V2-S261-FORMULA-0016,O007-FREMLIN-V2-S261,O007-RIGHTS-FREMLIN-DSL,O007-FREMLIN-V2-S261-SEG-261A,16,261A,261A,40,39,1698,1701,1768,1771,y,y,a1fce4363854ff888cff4b8e7875d600c2682390412a8cf79b37d0b11148b0fa,a1fce4363854ff888cff4b8e7875d600c2682390412a8cf79b37d0b11148b0fa,a1fce4363854ff888cff4b8e7875d600c2682390412a8cf79b37d0b11148b0fa,$,,a1fce4363854ff888cff4b8e7875d600c2682390412a8cf79b37d0b11148b0fa,a1fce4363854ff888cff4b8e7875d600c2682390412a8cf79b37d0b11148b0fa,"{""basis"":""ordered source-target formula atom"",""kind"":""source-target-formula-map""}"
1.1.0,formula,O007-FREMLIN-V2-S261-FORMULA-0017,O007-FREMLIN-V2-S261,O007-RIGHTS-FREMLIN-DSL,O007-FREMLIN-V2-S261-SEG-261A,17,261A,261A,40,39,1713,1721,1783,1791,\alpha,\alpha,4893e9df8b5496ebe7a0f1c2cc92a39fb6df03085030e3b97cfcc4d45136db5a,4893e9df8b5496ebe7a0f1c2cc92a39fb6df03085030e3b97cfcc4d45136db5a,4893e9df8b5496ebe7a0f1c2cc92a39fb6df03085030e3b97cfcc4d45136db5a,$,,4893e9df8b5496ebe7a0f1c2cc92a39fb6df03085030e3b97cfcc4d45136db5a,4893e9df8b5496ebe7a0f1c2cc92a39fb6df03085030e3b97cfcc4d45136db5a,"{""basis"":""ordered source-target formula atom"",""kind"":""source-target-formula-map""}"
1.1.0,formula,O007-FREMLIN-V2-S261-FORMULA-0018,O007-FREMLIN-V2-S261,O007-RIGHTS-FREMLIN-DSL,O007-FREMLIN-V2-S261-SEG-261A,18,261A,261A,45,44,1834,1894,1920,1980,"\coint{a,b} 
=\{x:\alpha_i\le\xi_i<\beta_i\Forall i\le r\}","\coint{a,b} 
=\{x:\alpha_i\le\xi_i<\beta_i\Forall i\le r\}",b63a63973aa979e25e08eeed9ef20df828637e6d00ed5a27f952a284648246bc,b63a63973aa979e25e08eeed9ef20df828637e6d00ed5a27f952a284648246bc,1d65c5a7338f7b6f06c94a8cec19d3743bd0b97cff6a72b77be3dd3819784261,$,,1d65c5a7338f7b6f06c94a8cec19d3743bd0b97cff6a72b77be3dd3819784261,1d65c5a7338f7b6f06c94a8cec19d3743bd0b97cff6a72b77be3dd3819784261,"{""basis"":""ordered source-target formula atom"",""kind"":""source-target-formula-map""}"
1.1.0,formula,O007-FREMLIN-V2-S261-FORMULA-0019,O007-FREMLIN-V2-S261,O007-RIGHTS-FREMLIN-DSL,O007-FREMLIN-V2-S261-SEG-261A,19,261A,261A,48,47,1917,1975,2003,2061,"\ooint{a,b} 
=\{x:\alpha_i<\xi_i<\beta_i\Forall i\le r\}","\ooint{a,b} 
=\{x:\alpha_i<\xi_i<\beta_i\Forall i\le r\}",e143be5c0535704de09b560e44d5bd970747d60d913ab2ecd79c2d67bfbb79f6,e143be5c0535704de09b560e44d5bd970747d60d913ab2ecd79c2d67bfbb79f6,b3e7d65d167e49cba259ea30ef94e1fe4d01f6e46ff59b7179cc11ee5e87e211,$,,b3e7d65d167e49cba259ea30ef94e1fe4d01f6e46ff59b7179cc11ee5e87e211,b3e7d65d167e49cba259ea30ef94e1fe4d01f6e46ff59b7179cc11ee5e87e211,"{""basis"":""ordered source-target formula atom"",""kind"":""source-target-formula-map""}"
1.1.0,formula,O007-FREMLIN-V2-S261-FORMULA-0020,O007-FREMLIN-V2-S261,O007-RIGHTS-FREMLIN-DSL,O007-FREMLIN-V2-S261-SEG-261A,20,261A,261A,51,50,1998,2056,2084,2142,"[a,b] 
=\{x:\alpha_i\le \xi_i\le \beta_i\Forall i\le r\}","[a,b] 
=\{x:\alpha_i\le \xi_i\le \beta_i\Forall i\le r\}",da22befb9708deccc2cfa8a1977824c962a32f7c3031c3304319fc072869c6c4,da22befb9708deccc2cfa8a1977824c962a32f7c3031c3304319fc072869c6c4,7a004c83a53b78ae54aaf7021037a73673c71d101eff360853f426a571d41b30,$,,7a004c83a53b78ae54aaf7021037a73673c71d101eff360853f426a571d41b30,7a004c83a53b78ae54aaf7021037a73673c71d101eff360853f426a571d41b30,"{""basis"":""ordered source-target formula atom"",""kind"":""source-target-formula-map""}"
1.1.0,formula,O007-FREMLIN-V2-S261-FORMULA-0021,O007-FREMLIN-V2-S261,O007-RIGHTS-FREMLIN-DSL,O007-FREMLIN-V2-S261-SEG-261A,21,261A,261A,54,53,2085,2088,2174,2177,a,a,ca978112ca1bbdcafac231b39a23dc4da786eff8147c4e72b9807785afee48bb,ca978112ca1bbdcafac231b39a23dc4da786eff8147c4e72b9807785afee48bb,ca978112ca1bbdcafac231b39a23dc4da786eff8147c4e72b9807785afee48bb,$,,ca978112ca1bbdcafac231b39a23dc4da786eff8147c4e72b9807785afee48bb,ca978112ca1bbdcafac231b39a23dc4da786eff8147c4e72b9807785afee48bb,"{""basis"":""ordered source-target formula atom"",""kind"":""source-target-formula-map""}"
1.1.0,formula,O007-FREMLIN-V2-S261-FORMULA-0022,O007-FREMLIN-V2-S261,O007-RIGHTS-FREMLIN-DSL,O007-FREMLIN-V2-S261-SEG-261A,22,261A,261A,54,53,2090,2103,2179,2192,b\in\BbbR^r,b\in\BbbR^r,3bad70fb6ec0c035015790421f17e3375282b78c3ead8638da1e18a7ed33b30f,3bad70fb6ec0c035015790421f17e3375282b78c3ead8638da1e18a7ed33b30f,3bad70fb6ec0c035015790421f17e3375282b78c3ead8638da1e18a7ed33b30f,$,,3bad70fb6ec0c035015790421f17e3375282b78c3ead8638da1e18a7ed33b30f,3bad70fb6ec0c035015790421f17e3375282b78c3ead8638da1e18a7ed33b30f,"{""basis"":""ordered source-target formula atom"",""kind"":""source-target-formula-map""}"
1.1.0,formula,O007-FREMLIN-V2-S261-FORMULA-0023,O007-FREMLIN-V2-S261,O007-RIGHTS-FREMLIN-DSL,O007-FREMLIN-V2-S261-SEG-261A,23,261A,261A,56,55,2113,2135,2202,2224,"\tbf{0}=(0,\ldots,0)","\tbf{0}=(0,\ldots,0)",d22b8344e97d6defd489c5b31e4545df28e5b28b422ce7abcd48c1c536071354,d22b8344e97d6defd489c5b31e4545df28e5b28b422ce7abcd48c1c536071354,d22b8344e97d6defd489c5b31e4545df28e5b28b422ce7abcd48c1c536071354,$,,d22b8344e97d6defd489c5b31e4545df28e5b28b422ce7abcd48c1c536071354,d22b8344e97d6defd489c5b31e4545df28e5b28b422ce7abcd48c1c536071354,"{""basis"":""ordered source-target formula atom"",""kind"":""source-target-formula-map""}"
1.1.0,formula,O007-FREMLIN-V2-S261-FORMULA-0024,O007-FREMLIN-V2-S261,O007-RIGHTS-FREMLIN-DSL,O007-FREMLIN-V2-S261-SEG-261A,24,261A,261A,56,55,2163,2172,2249,2258,\BbbR^r,\BbbR^r,6a5173578402ab704fe0e78c24a3f6f09fe9ed2c7ea0fbe574d688249eb91ed7,6a5173578402ab704fe0e78c24a3f6f09fe9ed2c7ea0fbe574d688249eb91ed7,6a5173578402ab704fe0e78c24a3f6f09fe9ed2c7ea0fbe574d688249eb91ed7,$,,6a5173578402ab704fe0e78c24a3f6f09fe9ed2c7ea0fbe574d688249eb91ed7,6a5173578402ab704fe0e78c24a3f6f09fe9ed2c7ea0fbe574d688249eb91ed7,"{""basis"":""ordered source-target formula atom"",""kind"":""source-target-formula-map""}"
1.1.0,formula,O007-FREMLIN-V2-S261-FORMULA-0025,O007-FREMLIN-V2-S261,O007-RIGHTS-FREMLIN-DSL,O007-FREMLIN-V2-S261-SEG-261A,25,261A,261A,57,56,2179,2188,2265,2274,\tbf{1},\tbf{1},9fcbfe9a3537f57f5057dfbb913b551c3107157f4631a9f2762f20b263405cbe,9fcbfe9a3537f57f5057dfbb913b551c3107157f4631a9f2762f20b263405cbe,9fcbfe9a3537f57f5057dfbb913b551c3107157f4631a9f2762f20b263405cbe,$,,9fcbfe9a3537f57f5057dfbb913b551c3107157f4631a9f2762f20b263405cbe,9fcbfe9a3537f57f5057dfbb913b551c3107157f4631a9f2762f20b263405cbe,"{""basis"":""ordered source-target formula atom"",""kind"":""source-target-formula-map""}"
1.1.0,formula,O007-FREMLIN-V2-S261-FORMULA-0026,O007-FREMLIN-V2-S261,O007-RIGHTS-FREMLIN-DSL,O007-FREMLIN-V2-S261-SEG-261A,26,261A,261A,57,56,2197,2211,2282,2296,"(1,\ldots,1)","(1,\ldots,1)",66a6e2ac337abfe08b4b62f51ee86b4faaf1d45bd4be20ce442fb25b71d988b4,66a6e2ac337abfe08b4b62f51ee86b4faaf1d45bd4be20ce442fb25b71d988b4,66a6e2ac337abfe08b4b62f51ee86b4faaf1d45bd4be20ce442fb25b71d988b4,$,,66a6e2ac337abfe08b4b62f51ee86b4faaf1d45bd4be20ce442fb25b71d988b4,66a6e2ac337abfe08b4b62f51ee86b4faaf1d45bd4be20ce442fb25b71d988b4,"{""basis"":""ordered source-target formula atom"",""kind"":""source-target-formula-map""}"
1.1.0,formula,O007-FREMLIN-V2-S261-FORMULA-0027,O007-FREMLIN-V2-S261,O007-RIGHTS-FREMLIN-DSL,O007-FREMLIN-V2-S261-SEG-261A,27,261A,261A,58,57,2219,2232,2304,2317,x\in\BbbR^r,x\in\BbbR^r,28a5c24eff3f773cb7f1b8cb06abe0257fd7f24074f24012e181e6e939b1a5cc,28a5c24eff3f773cb7f1b8cb06abe0257fd7f24074f24012e181e6e939b1a5cc,28a5c24eff3f773cb7f1b8cb06abe0257fd7f24074f24012e181e6e939b1a5cc,$,,28a5c24eff3f773cb7f1b8cb06abe0257fd7f24074f24012e181e6e939b1a5cc,28a5c24eff3f773cb7f1b8cb06abe0257fd7f24074f24012e181e6e939b1a5cc,"{""basis"":""ordered source-target formula atom"",""kind"":""source-target-formula-map""}"
1.1.0,formula,O007-FREMLIN-V2-S261-FORMULA-0028,O007-FREMLIN-V2-S261,O007-RIGHTS-FREMLIN-DSL,O007-FREMLIN-V2-S261-SEG-261A,28,261A,261A,58,57,2237,2247,2322,2332,\delta>0,\delta>0,28c5f4f559bc00a49055a369c53d2382bf799ab5fa662c1b53944e9762606ec9,28c5f4f559bc00a49055a369c53d2382bf799ab5fa662c1b53944e9762606ec9,28c5f4f559bc00a49055a369c53d2382bf799ab5fa662c1b53944e9762606ec9,$,,28c5f4f559bc00a49055a369c53d2382bf799ab5fa662c1b53944e9762606ec9,28c5f4f559bc00a49055a369c53d2382bf799ab5fa662c1b53944e9762606ec9,"{""basis"":""ordered source-target formula atom"",""kind"":""source-target-formula-map""}"
1.1.0,formula,O007-FREMLIN-V2-S261-FORMULA-0029,O007-FREMLIN-V2-S261,O007-RIGHTS-FREMLIN-DSL,O007-FREMLIN-V2-S261-SEG-261A,29,261A,261A,58,57,2249,2262,2339,2352,"B(x,\delta)","B(x,\delta)",b2217f51ef810842d4fd35019b7c71bdf535e0509a8de0c7cc8df698ae6f0bea,b2217f51ef810842d4fd35019b7c71bdf535e0509a8de0c7cc8df698ae6f0bea,b2217f51ef810842d4fd35019b7c71bdf535e0509a8de0c7cc8df698ae6f0bea,$,,b2217f51ef810842d4fd35019b7c71bdf535e0509a8de0c7cc8df698ae6f0bea,b2217f51ef810842d4fd35019b7c71bdf535e0509a8de0c7cc8df698ae6f0bea,"{""basis"":""ordered source-target formula atom"",""kind"":""source-target-formula-map""}"
1.1.0,formula,O007-FREMLIN-V2-S261-FORMULA-0030,O007-FREMLIN-V2-S261,O007-RIGHTS-FREMLIN-DSL,O007-FREMLIN-V2-S261-SEG-261A,30,261A,261A,59,58,2300,2303,2387,2390,x,x,2d711642b726b04401627ca9fbac32f5c8530fb1903cc4db02258717921a4881,2d711642b726b04401627ca9fbac32f5c8530fb1903cc4db02258717921a4881,2d711642b726b04401627ca9fbac32f5c8530fb1903cc4db02258717921a4881,$,,2d711642b726b04401627ca9fbac32f5c8530fb1903cc4db02258717921a4881,2d711642b726b04401627ca9fbac32f5c8530fb1903cc4db02258717921a4881,"{""basis"":""ordered source-target formula atom"",""kind"":""source-target-formula-map""}"
1.1.0,formula,O007-FREMLIN-V2-S261-FORMULA-0031,O007-FREMLIN-V2-S261,O007-RIGHTS-FREMLIN-DSL,O007-FREMLIN-V2-S261-SEG-261A,31,261A,261A,59,58,2315,2323,2408,2416,\delta,\delta,d203ba01eef4198ca268a62391076e5080e260b3fcb9b05b334d66206a893936,d203ba01eef4198ca268a62391076e5080e260b3fcb9b05b334d66206a893936,d203ba01eef4198ca268a62391076e5080e260b3fcb9b05b334d66206a893936,$,,d203ba01eef4198ca268a62391076e5080e260b3fcb9b05b334d66206a893936,d203ba01eef4198ca268a62391076e5080e260b3fcb9b05b334d66206a893936,"{""basis"":""ordered source-target formula atom"",""kind"":""source-target-formula-map""}"
1.1.0,formula,O007-FREMLIN-V2-S261-FORMULA-0032,O007-FREMLIN-V2-S261,O007-RIGHTS-FREMLIN-DSL,O007-FREMLIN-V2-S261-SEG-261A,32,261A,261A,60,59,2335,2373,2425,2463,"\{y:y\in\BbbR^r,\,\|y-x\|\le\delta\}","\{y:y\in\BbbR^r,\,\|y-x\|\le\delta\}",3e88edd5b98856c777b441457d7ccba163cedf887115adc0f58b78907e91387f,3e88edd5b98856c777b441457d7ccba163cedf887115adc0f58b78907e91387f,3e88edd5b98856c777b441457d7ccba163cedf887115adc0f58b78907e91387f,$,,3e88edd5b98856c777b441457d7ccba163cedf887115adc0f58b78907e91387f,3e88edd5b98856c777b441457d7ccba163cedf887115adc0f58b78907e91387f,"{""basis"":""ordered source-target formula atom"",""kind"":""source-target-formula-map""}"
1.1.0,formula,O007-FREMLIN-V2-S261-FORMULA-0033,O007-FREMLIN-V2-S261,O007-RIGHTS-FREMLIN-DSL,O007-FREMLIN-V2-S261-SEG-261A,33,261A,261A,61,60,2386,2419,2483,2516,"B(x,\delta)=x+B(\tbf{0},\delta)","B(x,\delta)=x+B(\tbf{0},\delta)",a49de71d367cd41a72cf4a6362db643bbee2732e5dc054e1523d37456f702079,a49de71d367cd41a72cf4a6362db643bbee2732e5dc054e1523d37456f702079,a49de71d367cd41a72cf4a6362db643bbee2732e5dc054e1523d37456f702079,$,,a49de71d367cd41a72cf4a6362db643bbee2732e5dc054e1523d37456f702079,a49de71d367cd41a72cf4a6362db643bbee2732e5dc054e1523d37456f702079,"{""basis"":""ordered source-target formula atom"",""kind"":""source-target-formula-map""}"
1.1.0,formula,O007-FREMLIN-V2-S261-FORMULA-0034,O007-FREMLIN-V2-S261,O007-RIGHTS-FREMLIN-DSL,O007-FREMLIN-V2-S261-SEG-261A,34,261A,261A,64,63,2509,2566,2619,2676,"\mu B(x,\delta)=\mu B(\tbf{0},\delta) 
=\beta_r\delta^r","\mu B(x,\delta)=\mu B(\tbf{0},\delta) 
=\beta_r\delta^r",b037693f5180f350423d43d78232c4279840709eb9238c007b58557f40608689,b037693f5180f350423d43d78232c4279840709eb9238c007b58557f40608689,18ada12ee1a158aa413a81005c5fc6ab4118884b1b7c6458fc7f7a612d5f4a72,$,,18ada12ee1a158aa413a81005c5fc6ab4118884b1b7c6458fc7f7a612d5f4a72,18ada12ee1a158aa413a81005c5fc6ab4118884b1b7c6458fc7f7a612d5f4a72,"{""basis"":""ordered source-target formula atom"",""kind"":""source-target-formula-map""}"
1.1.0,formula,O007-FREMLIN-V2-S261-FORMULA-0035,O007-FREMLIN-V2-S261,O007-RIGHTS-FREMLIN-DSL,O007-FREMLIN-V2-S261-SEG-261A,35,261A,261A,69,68,2601,2748,2712,2861,"\eqalign{\beta_r 
&=\Bover{1}{k!}\pi^k\text{ if }r=2k\text{ is even},\cr 
&=\Bover{2^{2k+1}k!}{(2k+1)!}\pi^k\text{ if }r=2k+1\text{ is odd}\cr}","\eqalign{\beta_r 
&=\Bover{1}{k!}\pi^k\text{ jika }r=2k\text{ genap},\cr 
&=\Bover{2^{2k+1}k!}{(2k+1)!}\pi^k\text{ jika }r=2k+1\text{ ganjil}\cr}",0c51523efd6263ef95a30a7c152cff95642e7425c3719a881b6e04fa5766c44d,a711b1999c0239a96409dde00470ed25f425f86c390efdbc2240de1bf5534cae,36b3aa113b5621c545b2541fcdc3a5cdfe3f5b68ac413f04a6e422aee2979030,$$,,36b3aa113b5621c545b2541fcdc3a5cdfe3f5b68ac413f04a6e422aee2979030,36b3aa113b5621c545b2541fcdc3a5cdfe3f5b68ac413f04a6e422aee2979030,"{""basis"":""ordered source-target formula atom"",""kind"":""source-target-formula-map""}"
1.1.0,formula,O007-FREMLIN-V2-S261-FORMULA-0036,O007-FREMLIN-V2-S261,O007-RIGHTS-FREMLIN-DSL,O007-FREMLIN-V2-S261-SEG-261B,36,261B,261B,76,75,2835,2844,2949,2958,\BbbR^r,\BbbR^r,6a5173578402ab704fe0e78c24a3f6f09fe9ed2c7ea0fbe574d688249eb91ed7,6a5173578402ab704fe0e78c24a3f6f09fe9ed2c7ea0fbe574d688249eb91ed7,6a5173578402ab704fe0e78c24a3f6f09fe9ed2c7ea0fbe574d688249eb91ed7,$,,6a5173578402ab704fe0e78c24a3f6f09fe9ed2c7ea0fbe574d688249eb91ed7,6a5173578402ab704fe0e78c24a3f6f09fe9ed2c7ea0fbe574d688249eb91ed7,"{""basis"":""ordered source-target formula atom"",""kind"":""source-target-formula-map""}"
1.1.0,formula,O007-FREMLIN-V2-S261-FORMULA-0037,O007-FREMLIN-V2-S261,O007-RIGHTS-FREMLIN-DSL,O007-FREMLIN-V2-S261-SEG-261B,37,261B,261B,76,75,2850,2869,2969,2988,A\subseteq\BbbR^r,A\subseteq\BbbR^r,f93528f6e6f940f332b7f5b14441d9d25ee7316d8c957e06b6bce3ed6d36e7ab,f93528f6e6f940f332b7f5b14441d9d25ee7316d8c957e06b6bce3ed6d36e7ab,f93528f6e6f940f332b7f5b14441d9d25ee7316d8c957e06b6bce3ed6d36e7ab,$,,f93528f6e6f940f332b7f5b14441d9d25ee7316d8c957e06b6bce3ed6d36e7ab,f93528f6e6f940f332b7f5b14441d9d25ee7316d8c957e06b6bce3ed6d36e7ab,"{""basis"":""ordered source-target formula atom"",""kind"":""source-target-formula-map""}"
1.1.0,formula,O007-FREMLIN-V2-S261-FORMULA-0038,O007-FREMLIN-V2-S261,O007-RIGHTS-FREMLIN-DSL,O007-FREMLIN-V2-S261-SEG-261B,38,261B,261B,77,76,2887,2895,3013,3021,\Cal I,\Cal I,0831b19b7d701bc369de3b9489033af676d58a27cffc082eed279c76037f0863,0831b19b7d701bc369de3b9489033af676d58a27cffc082eed279c76037f0863,6699e3b8d4cac32e8f0765749cb20c71b87c478c548f6a173cae5d235e2036d0,$,,6699e3b8d4cac32e8f0765749cb20c71b87c478c548f6a173cae5d235e2036d0,6699e3b8d4cac32e8f0765749cb20c71b87c478c548f6a173cae5d235e2036d0,"{""basis"":""ordered source-target formula atom"",""kind"":""source-target-formula-map""}"
1.1.0,formula,O007-FREMLIN-V2-S261-FORMULA-0039,O007-FREMLIN-V2-S261,O007-RIGHTS-FREMLIN-DSL,O007-FREMLIN-V2-S261-SEG-261B,39,261B,261B,79,78,3005,3014,3144,3153,\BbbR^r,\BbbR^r,6a5173578402ab704fe0e78c24a3f6f09fe9ed2c7ea0fbe574d688249eb91ed7,6a5173578402ab704fe0e78c24a3f6f09fe9ed2c7ea0fbe574d688249eb91ed7,6a5173578402ab704fe0e78c24a3f6f09fe9ed2c7ea0fbe574d688249eb91ed7,$,,6a5173578402ab704fe0e78c24a3f6f09fe9ed2c7ea0fbe574d688249eb91ed7,6a5173578402ab704fe0e78c24a3f6f09fe9ed2c7ea0fbe574d688249eb91ed7,"{""basis"":""ordered source-target formula atom"",""kind"":""source-target-formula-map""}"
1.1.0,formula,O007-FREMLIN-V2-S261-FORMULA-0040,O007-FREMLIN-V2-S261,O007-RIGHTS-FREMLIN-DSL,O007-FREMLIN-V2-S261-SEG-261B,40,261B,261B,79,78,3040,3043,3193,3196,A,A,559aead08264d5795d3909718cdd05abd49572e84fe55590eef31a88a08fdffd,559aead08264d5795d3909718cdd05abd49572e84fe55590eef31a88a08fdffd,559aead08264d5795d3909718cdd05abd49572e84fe55590eef31a88a08fdffd,$,,559aead08264d5795d3909718cdd05abd49572e84fe55590eef31a88a08fdffd,559aead08264d5795d3909718cdd05abd49572e84fe55590eef31a88a08fdffd,"{""basis"":""ordered source-target formula atom"",""kind"":""source-target-formula-map""}"
1.1.0,formula,O007-FREMLIN-V2-S261-FORMULA-0041,O007-FREMLIN-V2-S261,O007-RIGHTS-FREMLIN-DSL,O007-FREMLIN-V2-S261-SEG-261B,41,261B,261B,80,79,3090,3098,3220,3228,\Cal I,\Cal I,0831b19b7d701bc369de3b9489033af676d58a27cffc082eed279c76037f0863,0831b19b7d701bc369de3b9489033af676d58a27cffc082eed279c76037f0863,6699e3b8d4cac32e8f0765749cb20c71b87c478c548f6a173cae5d235e2036d0,$,,6699e3b8d4cac32e8f0765749cb20c71b87c478c548f6a173cae5d235e2036d0,6699e3b8d4cac32e8f0765749cb20c71b87c478c548f6a173cae5d235e2036d0,"{""basis"":""ordered source-target formula atom"",""kind"":""source-target-formula-map""}"
1.1.0,formula,O007-FREMLIN-V2-S261-FORMULA-0042,O007-FREMLIN-V2-S261,O007-RIGHTS-FREMLIN-DSL,O007-FREMLIN-V2-S261-SEG-261B,42,261B,261B,81,81,3142,3168,3322,3348,\Cal I_0\subseteq \Cal I,\Cal I_0\subseteq \Cal I,68e484c14df9272218b2dd933d78e3344b7f61594de10995997f2ad5db6f3580,68e484c14df9272218b2dd933d78e3344b7f61594de10995997f2ad5db6f3580,7fdeaa3f6a67a66280d5b8e57cd9bc15e6b721712793cf046f1b44821d65472d,$,,7fdeaa3f6a67a66280d5b8e57cd9bc15e6b721712793cf046f1b44821d65472d,7fdeaa3f6a67a66280d5b8e57cd9bc15e6b721712793cf046f1b44821d65472d,"{""basis"":""ordered source-target formula atom"",""kind"":""source-target-formula-map""}"
1.1.0,formula,O007-FREMLIN-V2-S261-FORMULA-0043,O007-FREMLIN-V2-S261,O007-RIGHTS-FREMLIN-DSL,O007-FREMLIN-V2-S261-SEG-261B,43,261B,261B,82,82,3180,3214,3370,3404,\mu(A\setminus\bigcup\Cal I_0)=0,\mu(A\setminus\bigcup\Cal I_0)=0,214af9d6128d9fc57d0f62e6b081cb9f3d397390a58f09f5bf7e74af821d5942,214af9d6128d9fc57d0f62e6b081cb9f3d397390a58f09f5bf7e74af821d5942,a884d2e1d40a0eff777adcfedbafdeb957c04acaf9f0f784de4aebd1de8c1f52,$,,a884d2e1d40a0eff777adcfedbafdeb957c04acaf9f0f784de4aebd1de8c1f52,a884d2e1d40a0eff777adcfedbafdeb957c04acaf9f0f784de4aebd1de8c1f52,"{""basis"":""ordered source-target formula atom"",""kind"":""source-target-formula-map""}"
1.1.0,formula,O007-FREMLIN-V2-S261-FORMULA-0044,O007-FREMLIN-V2-S261,O007-RIGHTS-FREMLIN-DSL,O007-FREMLIN-V2-S261-SEG-261B,44,261B,261B,85,85,3301,3310,3494,3503,\|x\|<M,\|x\|<M,317666853a823d1ab9bfa94340eed5c8360154afeae7a987fa85b36913361d26,317666853a823d1ab9bfa94340eed5c8360154afeae7a987fa85b36913361d26,317666853a823d1ab9bfa94340eed5c8360154afeae7a987fa85b36913361d26,$,,317666853a823d1ab9bfa94340eed5c8360154afeae7a987fa85b36913361d26,317666853a823d1ab9bfa94340eed5c8360154afeae7a987fa85b36913361d26,"{""basis"":""ordered source-target formula atom"",""kind"":""source-target-formula-map""}"
1.1.0,formula,O007-FREMLIN-V2-S261-FORMULA-0045,O007-FREMLIN-V2-S261,O007-RIGHTS-FREMLIN-DSL,O007-FREMLIN-V2-S261-SEG-261B,45,261B,261B,85,85,3321,3329,3517,3525,x\in A,x\in A,fac41f5df7e2995de6d6b48a0cce188696ab53b3a4ebdbcc87c451009145c802,fac41f5df7e2995de6d6b48a0cce188696ab53b3a4ebdbcc87c451009145c802,7989ed126777535080ac8d3bcdcb3c01f1a3b7cd96e6231d52ce46146820e722,$,,7989ed126777535080ac8d3bcdcb3c01f1a3b7cd96e6231d52ce46146820e722,7989ed126777535080ac8d3bcdcb3c01f1a3b7cd96e6231d52ce46146820e722,"{""basis"":""ordered source-target formula atom"",""kind"":""source-target-formula-map""}"
1.1.0,formula,O007-FREMLIN-V2-S261-FORMULA-0046,O007-FREMLIN-V2-S261,O007-RIGHTS-FREMLIN-DSL,O007-FREMLIN-V2-S261-SEG-261B,46,261B,261B,88,87,3360,3413,3560,3613,"\Cal 
I'=\{I:I\in\Cal I,\,I\subseteq B(\tbf{0},M)\}","\Cal 
I'=\{I:I\in\Cal I,\,I\subseteq B(\tbf{0},M)\}",7677f2af4b3df9de71d5011db3fcedefd427ff0543741aa182532582ec0b1355,7677f2af4b3df9de71d5011db3fcedefd427ff0543741aa182532582ec0b1355,6f0d17af8826c40cb96982105199a6889e76365d76396fb9714ff4cf441fe159,$,,6f0d17af8826c40cb96982105199a6889e76365d76396fb9714ff4cf441fe159,6f0d17af8826c40cb96982105199a6889e76365d76396fb9714ff4cf441fe159,"{""basis"":""ordered source-target formula atom"",""kind"":""source-target-formula-map""}"
1.1.0,formula,O007-FREMLIN-V2-S261-FORMULA-0047,O007-FREMLIN-V2-S261,O007-RIGHTS-FREMLIN-DSL,O007-FREMLIN-V2-S261-SEG-261B,47,261B,261B,92,91,3471,3497,3692,3718,\Cal I_0\subseteq\Cal I',\Cal I_0\subseteq\Cal I',92363977baace52c34fd2edab88ba521f54fda7a1353f8351c28b943a1c91053,92363977baace52c34fd2edab88ba521f54fda7a1353f8351c28b943a1c91053,86c715ed14d00747a50742f1b2cad018841317cfe3bde51c3f9015e50d0c56e3,$,,86c715ed14d00747a50742f1b2cad018841317cfe3bde51c3f9015e50d0c56e3,86c715ed14d00747a50742f1b2cad018841317cfe3bde51c3f9015e50d0c56e3,"{""basis"":""ordered source-target formula atom"",""kind"":""source-target-formula-map""}"
1.1.0,formula,O007-FREMLIN-V2-S261-FORMULA-0048,O007-FREMLIN-V2-S261,O007-RIGHTS-FREMLIN-DSL,O007-FREMLIN-V2-S261-SEG-261B,48,261B,261B,93,92,3509,3536,3740,3767,A\subseteq\bigcup\Cal I_0,A\subseteq\bigcup\Cal I_0,ce21a7c3a4a453ba11b5fd82b963a9cda8cdebe5e46f3ff3a128dea48beb77ee,ce21a7c3a4a453ba11b5fd82b963a9cda8cdebe5e46f3ff3a128dea48beb77ee,975a49dac5ef57ebe6a8bd896556f12c1fe2cca576978c38052a2da19598e29b,$,,975a49dac5ef57ebe6a8bd896556f12c1fe2cca576978c38052a2da19598e29b,975a49dac5ef57ebe6a8bd896556f12c1fe2cca576978c38052a2da19598e29b,"{""basis"":""ordered source-target formula atom"",""kind"":""source-target-formula-map""}"
1.1.0,formula,O007-FREMLIN-V2-S261-FORMULA-0049,O007-FREMLIN-V2-S261,O007-RIGHTS-FREMLIN-DSL,O007-FREMLIN-V2-S261-SEG-261B,49,261B,261B,94,93,3570,3592,3797,3819,A=\Cal I_0=\emptyset,A=\Cal I_0=\emptyset,5f15fd1786e020388834049d40f862eaaaea9a26e136e2baf42b9eaec3d8fd21,5f15fd1786e020388834049d40f862eaaaea9a26e136e2baf42b9eaec3d8fd21,455c9d2298831f7d9b9d336573c1b6d241b45dda3f16f3a0df5ce5cb353423cb,$,,455c9d2298831f7d9b9d336573c1b6d241b45dda3f16f3a0df5ce5cb353423cb,455c9d2298831f7d9b9d336573c1b6d241b45dda3f16f3a0df5ce5cb353423cb,"{""basis"":""ordered source-target formula atom"",""kind"":""source-target-formula-map""}"
1.1.0,formula,O007-FREMLIN-V2-S261-FORMULA-0050,O007-FREMLIN-V2-S261,O007-RIGHTS-FREMLIN-DSL,O007-FREMLIN-V2-S261-SEG-261B,50,261B,261B,95,94,3662,3672,3881,3891,\Cal I_0,\Cal I_0,5d53a8e865b45be09fb052812526da1ebd70fe07199ecba6212f3fbc56a00cc4,5d53a8e865b45be09fb052812526da1ebd70fe07199ecba6212f3fbc56a00cc4,20271abc8c3d935bc90fbabe426c9e39a7beb28a9f908e88c2fbef52418cd023,$,,20271abc8c3d935bc90fbabe426c9e39a7beb28a9f908e88c2fbef52418cd023,20271abc8c3d935bc90fbabe426c9e39a7beb28a9f908e88c2fbef52418cd023,"{""basis"":""ordered source-target formula atom"",""kind"":""source-target-formula-map""}"
1.1.0,formula,O007-FREMLIN-V2-S261-FORMULA-0051,O007-FREMLIN-V2-S261,O007-RIGHTS-FREMLIN-DSL,O007-FREMLIN-V2-S261-SEG-261B,51,261B,261B,99,98,3726,3736,3957,3967,\Cal I_0,\Cal I_0,5d53a8e865b45be09fb052812526da1ebd70fe07199ecba6212f3fbc56a00cc4,5d53a8e865b45be09fb052812526da1ebd70fe07199ecba6212f3fbc56a00cc4,20271abc8c3d935bc90fbabe426c9e39a7beb28a9f908e88c2fbef52418cd023,$,,20271abc8c3d935bc90fbabe426c9e39a7beb28a9f908e88c2fbef52418cd023,20271abc8c3d935bc90fbabe426c9e39a7beb28a9f908e88c2fbef52418cd023,"{""basis"":""ordered source-target formula atom"",""kind"":""source-target-formula-map""}"
1.1.0,formula,O007-FREMLIN-V2-S261-FORMULA-0052,O007-FREMLIN-V2-S261,O007-RIGHTS-FREMLIN-DSL,O007-FREMLIN-V2-S261-SEG-261B,52,261B,261B,100,99,3771,3780,4030,4039,\Cal I',\Cal I',7a86ab1d7ddcce800baf0f50b8be09c33b11d0d7ecdd1600c6166ade210317a6,7a86ab1d7ddcce800baf0f50b8be09c33b11d0d7ecdd1600c6166ade210317a6,cba225049adab04bae6595df7f1a76e9e7c47198e2e0b7a768f80286bd228d4a,$,,cba225049adab04bae6595df7f1a76e9e7c47198e2e0b7a768f80286bd228d4a,cba225049adab04bae6595df7f1a76e9e7c47198e2e0b7a768f80286bd228d4a,"{""basis"":""ordered source-target formula atom"",""kind"":""source-target-formula-map""}"
1.1.0,formula,O007-FREMLIN-V2-S261-FORMULA-0053,O007-FREMLIN-V2-S261,O007-RIGHTS-FREMLIN-DSL,O007-FREMLIN-V2-S261-SEG-261B,53,261B,261B,100,99,3793,3806,4050,4063,J\in\Cal I',J\in\Cal I',eb16c2809b35890f47be1c3981f4acf744633b6c390a2b291a2e9c70df165fe4,eb16c2809b35890f47be1c3981f4acf744633b6c390a2b291a2e9c70df165fe4,65719e8d843b462aca452128f8931b9257b411a76995975ff0cc0162896dbc77,$,,65719e8d843b462aca452128f8931b9257b411a76995975ff0cc0162896dbc77,65719e8d843b462aca452128f8931b9257b411a76995975ff0cc0162896dbc77,"{""basis"":""ordered source-target formula atom"",""kind"":""source-target-formula-map""}"
1.1.0,formula,O007-FREMLIN-V2-S261-FORMULA-0054,O007-FREMLIN-V2-S261,O007-RIGHTS-FREMLIN-DSL,O007-FREMLIN-V2-S261-SEG-261B,54,261B,261B,101,100,3845,3855,4103,4113,\Cal I_0,\Cal I_0,5d53a8e865b45be09fb052812526da1ebd70fe07199ecba6212f3fbc56a00cc4,5d53a8e865b45be09fb052812526da1ebd70fe07199ecba6212f3fbc56a00cc4,20271abc8c3d935bc90fbabe426c9e39a7beb28a9f908e88c2fbef52418cd023,$,,20271abc8c3d935bc90fbabe426c9e39a7beb28a9f908e88c2fbef52418cd023,20271abc8c3d935bc90fbabe426c9e39a7beb28a9f908e88c2fbef52418cd023,"{""basis"":""ordered source-target formula atom"",""kind"":""source-target-formula-map""}"
1.1.0,formula,O007-FREMLIN-V2-S261-FORMULA-0055,O007-FREMLIN-V2-S261,O007-RIGHTS-FREMLIN-DSL,O007-FREMLIN-V2-S261-SEG-261B,55,261B,261B,101,101,3870,3902,4128,4160,x\in A\setminus\bigcup\Cal I_0,x\in A\setminus\bigcup\Cal I_0,19ef7071714263d93c26f0aec9d295b148c87cd63c22b876583473fb33ee87d6,19ef7071714263d93c26f0aec9d295b148c87cd63c22b876583473fb33ee87d6,bac73611d83baa69386b331bfd3da863482a2417e99ef50002c7d22415a5aa84,$,,bac73611d83baa69386b331bfd3da863482a2417e99ef50002c7d22415a5aa84,bac73611d83baa69386b331bfd3da863482a2417e99ef50002c7d22415a5aa84,"{""basis"":""ordered source-target formula atom"",""kind"":""source-target-formula-map""}"
1.1.0,formula,O007-FREMLIN-V2-S261-FORMULA-0056,O007-FREMLIN-V2-S261,O007-RIGHTS-FREMLIN-DSL,O007-FREMLIN-V2-S261-SEG-261B,56,261B,261B,102,101,3931,3941,4184,4194,\Cal I_0,\Cal I_0,5d53a8e865b45be09fb052812526da1ebd70fe07199ecba6212f3fbc56a00cc4,5d53a8e865b45be09fb052812526da1ebd70fe07199ecba6212f3fbc56a00cc4,20271abc8c3d935bc90fbabe426c9e39a7beb28a9f908e88c2fbef52418cd023,$,,20271abc8c3d935bc90fbabe426c9e39a7beb28a9f908e88c2fbef52418cd023,20271abc8c3d935bc90fbabe426c9e39a7beb28a9f908e88c2fbef52418cd023,"{""basis"":""ordered source-target formula atom"",""kind"":""source-target-formula-map""}"
1.1.0,formula,O007-FREMLIN-V2-S261-FORMULA-0057,O007-FREMLIN-V2-S261,O007-RIGHTS-FREMLIN-DSL,O007-FREMLIN-V2-S261-SEG-261B,57,261B,261B,102,102,3964,3974,4215,4225,\delta>0,\delta>0,28c5f4f559bc00a49055a369c53d2382bf799ab5fa662c1b53944e9762606ec9,28c5f4f559bc00a49055a369c53d2382bf799ab5fa662c1b53944e9762606ec9,28c5f4f559bc00a49055a369c53d2382bf799ab5fa662c1b53944e9762606ec9,$,,28c5f4f559bc00a49055a369c53d2382bf799ab5fa662c1b53944e9762606ec9,28c5f4f559bc00a49055a369c53d2382bf799ab5fa662c1b53944e9762606ec9,"{""basis"":""ordered source-target formula atom"",""kind"":""source-target-formula-map""}"
1.1.0,formula,O007-FREMLIN-V2-S261-FORMULA-0058,O007-FREMLIN-V2-S261,O007-RIGHTS-FREMLIN-DSL,O007-FREMLIN-V2-S261-SEG-261B,58,261B,261B,103,102,3986,3999,4246,4259,"B(x,\delta)","B(x,\delta)",b2217f51ef810842d4fd35019b7c71bdf535e0509a8de0c7cc8df698ae6f0bea,b2217f51ef810842d4fd35019b7c71bdf535e0509a8de0c7cc8df698ae6f0bea,b2217f51ef810842d4fd35019b7c71bdf535e0509a8de0c7cc8df698ae6f0bea,$,,b2217f51ef810842d4fd35019b7c71bdf535e0509a8de0c7cc8df698ae6f0bea,b2217f51ef810842d4fd35019b7c71bdf535e0509a8de0c7cc8df698ae6f0bea,"{""basis"":""ordered source-target formula atom"",""kind"":""source-target-formula-map""}"
1.1.0,formula,O007-FREMLIN-V2-S261-FORMULA-0059,O007-FREMLIN-V2-S261,O007-RIGHTS-FREMLIN-DSL,O007-FREMLIN-V2-S261-SEG-261B,59,261B,261B,103,103,4028,4038,4304,4314,\Cal I_0,\Cal I_0,5d53a8e865b45be09fb052812526da1ebd70fe07199ecba6212f3fbc56a00cc4,5d53a8e865b45be09fb052812526da1ebd70fe07199ecba6212f3fbc56a00cc4,20271abc8c3d935bc90fbabe426c9e39a7beb28a9f908e88c2fbef52418cd023,$,,20271abc8c3d935bc90fbabe426c9e39a7beb28a9f908e88c2fbef52418cd023,20271abc8c3d935bc90fbabe426c9e39a7beb28a9f908e88c2fbef52418cd023,"{""basis"":""ordered source-target formula atom"",""kind"":""source-target-formula-map""}"
1.1.0,formula,O007-FREMLIN-V2-S261-FORMULA-0060,O007-FREMLIN-V2-S261,O007-RIGHTS-FREMLIN-DSL,O007-FREMLIN-V2-S261-SEG-261B,60,261B,261B,104,103,4048,4057,4327,4336,\|x\|<M,\|x\|<M,317666853a823d1ab9bfa94340eed5c8360154afeae7a987fa85b36913361d26,317666853a823d1ab9bfa94340eed5c8360154afeae7a987fa85b36913361d26,317666853a823d1ab9bfa94340eed5c8360154afeae7a987fa85b36913361d26,$,,317666853a823d1ab9bfa94340eed5c8360154afeae7a987fa85b36913361d26,317666853a823d1ab9bfa94340eed5c8360154afeae7a987fa85b36913361d26,"{""basis"":""ordered source-target formula atom"",""kind"":""source-target-formula-map""}"
1.1.0,formula,O007-FREMLIN-V2-S261-FORMULA-0061,O007-FREMLIN-V2-S261,O007-RIGHTS-FREMLIN-DSL,O007-FREMLIN-V2-S261-SEG-261B,61,261B,261B,104,104,4078,4113,4368,4403,"B(x,\delta)\subseteq B(\tbf{0},M)","B(x,\delta)\subseteq B(\tbf{0},M)",2e45920a45b13b152d615ce71dccf8e0cdef30cd6a4659f47204f0f17f4ebd5e,2e45920a45b13b152d615ce71dccf8e0cdef30cd6a4659f47204f0f17f4ebd5e,6c166ed4f3fd16190aa6565c2948a226ef0a01a64ce8b34ba14f5d85567a33e6,$,,6c166ed4f3fd16190aa6565c2948a226ef0a01a64ce8b34ba14f5d85567a33e6,6c166ed4f3fd16190aa6565c2948a226ef0a01a64ce8b34ba14f5d85567a33e6,"{""basis"":""ordered source-target formula atom"",""kind"":""source-target-formula-map""}"
1.1.0,formula,O007-FREMLIN-V2-S261-FORMULA-0062,O007-FREMLIN-V2-S261,O007-RIGHTS-FREMLIN-DSL,O007-FREMLIN-V2-S261-SEG-261B,62,261B,261B,105,104,4122,4125,4411,4414,J,J,6da43b944e494e885e69af021f93c6d9331c78aa228084711429160a5bbd15b5,6da43b944e494e885e69af021f93c6d9331c78aa228084711429160a5bbd15b5,6da43b944e494e885e69af021f93c6d9331c78aa228084711429160a5bbd15b5,$,,6da43b944e494e885e69af021f93c6d9331c78aa228084711429160a5bbd15b5,6da43b944e494e885e69af021f93c6d9331c78aa228084711429160a5bbd15b5,"{""basis"":""ordered source-target formula atom"",""kind"":""source-target-formula-map""}"
1.1.0,formula,O007-FREMLIN-V2-S261-FORMULA-0063,O007-FREMLIN-V2-S261,O007-RIGHTS-FREMLIN-DSL,O007-FREMLIN-V2-S261-SEG-261B,63,261B,261B,105,105,4141,4149,4432,4440,\Cal I,\Cal I,0831b19b7d701bc369de3b9489033af676d58a27cffc082eed279c76037f0863,0831b19b7d701bc369de3b9489033af676d58a27cffc082eed279c76037f0863,6699e3b8d4cac32e8f0765749cb20c71b87c478c548f6a173cae5d235e2036d0,$,,6699e3b8d4cac32e8f0765749cb20c71b87c478c548f6a173cae5d235e2036d0,6699e3b8d4cac32e8f0765749cb20c71b87c478c548f6a173cae5d235e2036d0,"{""basis"":""ordered source-target formula atom"",""kind"":""source-target-formula-map""}"
1.1.0,formula,O007-FREMLIN-V2-S261-FORMULA-0064,O007-FREMLIN-V2-S261,O007-RIGHTS-FREMLIN-DSL,O007-FREMLIN-V2-S261-SEG-261B,64,261B,261B,105,105,4162,4165,4453,4456,x,x,2d711642b726b04401627ca9fbac32f5c8530fb1903cc4db02258717921a4881,2d711642b726b04401627ca9fbac32f5c8530fb1903cc4db02258717921a4881,2d711642b726b04401627ca9fbac32f5c8530fb1903cc4db02258717921a4881,$,,2d711642b726b04401627ca9fbac32f5c8530fb1903cc4db02258717921a4881,2d711642b726b04401627ca9fbac32f5c8530fb1903cc4db02258717921a4881,"{""basis"":""ordered source-target formula atom"",""kind"":""source-target-formula-map""}"
1.1.0,formula,O007-FREMLIN-V2-S261-FORMULA-0065,O007-FREMLIN-V2-S261,O007-RIGHTS-FREMLIN-DSL,O007-FREMLIN-V2-S261-SEG-261B,65,261B,261B,106,105,4192,4200,4486,4494,\delta,\delta,d203ba01eef4198ca268a62391076e5080e260b3fcb9b05b334d66206a893936,d203ba01eef4198ca268a62391076e5080e260b3fcb9b05b334d66206a893936,d203ba01eef4198ca268a62391076e5080e260b3fcb9b05b334d66206a893936,$,,d203ba01eef4198ca268a62391076e5080e260b3fcb9b05b334d66206a893936,d203ba01eef4198ca268a62391076e5080e260b3fcb9b05b334d66206a893936,"{""basis"":""ordered source-target formula atom"",""kind"":""source-target-formula-map""}"
1.1.0,formula,O007-FREMLIN-V2-S261-FORMULA-0066,O007-FREMLIN-V2-S261,O007-RIGHTS-FREMLIN-DSL,O007-FREMLIN-V2-S261-SEG-261B,66,261B,261B,106,106,4208,4221,4502,4515,J\in\Cal I',J\in\Cal I',eb16c2809b35890f47be1c3981f4acf744633b6c390a2b291a2e9c70df165fe4,eb16c2809b35890f47be1c3981f4acf744633b6c390a2b291a2e9c70df165fe4,65719e8d843b462aca452128f8931b9257b411a76995975ff0cc0162896dbc77,$,,65719e8d843b462aca452128f8931b9257b411a76995975ff0cc0162896dbc77,65719e8d843b462aca452128f8931b9257b411a76995975ff0cc0162896dbc77,"{""basis"":""ordered source-target formula atom"",""kind"":""source-target-formula-map""}"
1.1.0,formula,O007-FREMLIN-V2-S261-FORMULA-0067,O007-FREMLIN-V2-S261,O007-RIGHTS-FREMLIN-DSL,O007-FREMLIN-V2-S261-SEG-261B,67,261B,261B,106,106,4226,4258,4520,4552,J\cap\bigcup\Cal I_0=\emptyset,J\cap\bigcup\Cal I_0=\emptyset,14b8be90df968593710ddf61159c66865b5d1bc9b3efec96280542af4305c579,14b8be90df968593710ddf61159c66865b5d1bc9b3efec96280542af4305c579,f55b08ca14e68ce50dbe248c868160b4407d8c2a22a5135e6502497b82382e10,$,,f55b08ca14e68ce50dbe248c868160b4407d8c2a22a5135e6502497b82382e10,f55b08ca14e68ce50dbe248c868160b4407d8c2a22a5135e6502497b82382e10,"{""basis"":""ordered source-target formula atom"",""kind"":""source-target-formula-map""}"
1.1.0,formula,O007-FREMLIN-V2-S261-FORMULA-0068,O007-FREMLIN-V2-S261,O007-RIGHTS-FREMLIN-DSL,O007-FREMLIN-V2-S261-SEG-261B,68,261B,261B,111,112,4337,4359,4656,4678,\sequencen{\gamma_n},\sequencen{\gamma_n},cfeb934fe7a2dbaf418a825e54cdafb68bc13909e1fee6b25cefffbfc61e934f,cfeb934fe7a2dbaf418a825e54cdafb68bc13909e1fee6b25cefffbfc61e934f,cfeb934fe7a2dbaf418a825e54cdafb68bc13909e1fee6b25cefffbfc61e934f,$,,cfeb934fe7a2dbaf418a825e54cdafb68bc13909e1fee6b25cefffbfc61e934f,cfeb934fe7a2dbaf418a825e54cdafb68bc13909e1fee6b25cefffbfc61e934f,"{""basis"":""ordered source-target formula atom"",""kind"":""source-target-formula-map""}"
1.1.0,formula,O007-FREMLIN-V2-S261-FORMULA-0069,O007-FREMLIN-V2-S261,O007-RIGHTS-FREMLIN-DSL,O007-FREMLIN-V2-S261-SEG-261B,69,261B,261B,112,113,4401,4418,4716,4733,\sequencen{I_n},\sequencen{I_n},d7fc96cc47abcfcd31b96774396fc46cc212d996f84284171180e05e7110053f,d7fc96cc47abcfcd31b96774396fc46cc212d996f84284171180e05e7110053f,d7fc96cc47abcfcd31b96774396fc46cc212d996f84284171180e05e7110053f,$,,d7fc96cc47abcfcd31b96774396fc46cc212d996f84284171180e05e7110053f,d7fc96cc47abcfcd31b96774396fc46cc212d996f84284171180e05e7110053f,"{""basis"":""ordered source-target formula atom"",""kind"":""source-target-formula-map""}"
1.1.0,formula,O007-FREMLIN-V2-S261-FORMULA-0070,O007-FREMLIN-V2-S261,O007-RIGHTS-FREMLIN-DSL,O007-FREMLIN-V2-S261-SEG-261B,70,261B,261B,112,113,4422,4431,4740,4749,\Cal I',\Cal I',7a86ab1d7ddcce800baf0f50b8be09c33b11d0d7ecdd1600c6166ade210317a6,7a86ab1d7ddcce800baf0f50b8be09c33b11d0d7ecdd1600c6166ade210317a6,cba225049adab04bae6595df7f1a76e9e7c47198e2e0b7a768f80286bd228d4a,$,,cba225049adab04bae6595df7f1a76e9e7c47198e2e0b7a768f80286bd228d4a,cba225049adab04bae6595df7f1a76e9e7c47198e2e0b7a768f80286bd228d4a,"{""basis"":""ordered source-target formula atom"",""kind"":""source-target-formula-map""}"
1.1.0,formula,O007-FREMLIN-V2-S261-FORMULA-0071,O007-FREMLIN-V2-S261,O007-RIGHTS-FREMLIN-DSL,O007-FREMLIN-V2-S261-SEG-261B,71,261B,261B,113,114,4466,4492,4792,4818,\langle I_j\rangle_{j<n},\langle I_j\rangle_{j<n},248a84d45dc46b74cf7d516586e14f4bdac2e0697904ea199f292fbf5d49b9c7,248a84d45dc46b74cf7d516586e14f4bdac2e0697904ea199f292fbf5d49b9c7,45b6959e19836e9960227b0fe10e1f4b89449617f9c5425ea3877d1884fa7c1f,$,,45b6959e19836e9960227b0fe10e1f4b89449617f9c5425ea3877d1884fa7c1f,45b6959e19836e9960227b0fe10e1f4b89449617f9c5425ea3877d1884fa7c1f,"{""basis"":""ordered source-target formula atom"",""kind"":""source-target-formula-map""}"
1.1.0,formula,O007-FREMLIN-V2-S261-FORMULA-0072,O007-FREMLIN-V2-S261,O007-RIGHTS-FREMLIN-DSL,O007-FREMLIN-V2-S261-SEG-261B,72,261B,261B,113,114,4497,4502,4835,4840,n=0,n=0,03a9b09b35d993ff9a6f031da89b66b46158eae60751c9fe1c424101d2f1cc3c,03a9b09b35d993ff9a6f031da89b66b46158eae60751c9fe1c424101d2f1cc3c,03a9b09b35d993ff9a6f031da89b66b46158eae60751c9fe1c424101d2f1cc3c,$,,03a9b09b35d993ff9a6f031da89b66b46158eae60751c9fe1c424101d2f1cc3c,03a9b09b35d993ff9a6f031da89b66b46158eae60751c9fe1c424101d2f1cc3c,"{""basis"":""ordered source-target formula atom"",""kind"":""source-target-formula-map""}"
1.1.0,formula,O007-FREMLIN-V2-S261-FORMULA-0073,O007-FREMLIN-V2-S261,O007-RIGHTS-FREMLIN-DSL,O007-FREMLIN-V2-S261-SEG-261B,73,261B,261B,114,115,4556,4571,4893,4908,I_j\in\Cal I',I_j\in\Cal I',5699cc5833c8e6a6d29dda91d78c64665223e70aa56fe74a144b4adea86e8f69,5699cc5833c8e6a6d29dda91d78c64665223e70aa56fe74a144b4adea86e8f69,d5c5db84190a78f75ad94a6848c0f5999e8da34d9cfee64aad7baab50acea820,$,,d5c5db84190a78f75ad94a6848c0f5999e8da34d9cfee64aad7baab50acea820,d5c5db84190a78f75ad94a6848c0f5999e8da34d9cfee64aad7baab50acea820,"{""basis"":""ordered source-target formula atom"",""kind"":""source-target-formula-map""}"
1.1.0,formula,O007-FREMLIN-V2-S261-FORMULA-0074,O007-FREMLIN-V2-S261,O007-RIGHTS-FREMLIN-DSL,O007-FREMLIN-V2-S261-SEG-261B,74,261B,261B,115,115,4582,4587,4922,4927,j<n,j<n,5263e303bb8e3bb9a70a0a9f90f1c4d73f6c6c834d61f855024575b1b4736236,5263e303bb8e3bb9a70a0a9f90f1c4d73f6c6c834d61f855024575b1b4736236,5263e303bb8e3bb9a70a0a9f90f1c4d73f6c6c834d61f855024575b1b4736236,$,,5263e303bb8e3bb9a70a0a9f90f1c4d73f6c6c834d61f855024575b1b4736236,5263e303bb8e3bb9a70a0a9f90f1c4d73f6c6c834d61f855024575b1b4736236,"{""basis"":""ordered source-target formula atom"",""kind"":""source-target-formula-map""}"
1.1.0,formula,O007-FREMLIN-V2-S261-FORMULA-0075,O007-FREMLIN-V2-S261,O007-RIGHTS-FREMLIN-DSL,O007-FREMLIN-V2-S261-SEG-261B,75,261B,261B,115,116,4593,4616,4934,4957,I_j\cap I_k=\emptyset,I_j\cap I_k=\emptyset,1062b1ffa25b5fe9d5f45314dc503bc82e14450683a04a923d9f149f70248ebe,1062b1ffa25b5fe9d5f45314dc503bc82e14450683a04a923d9f149f70248ebe,c30ba4ee091ecde3f3c50792be7e06d11e0bb8659e63ba2d8a602295b3530112,$,,c30ba4ee091ecde3f3c50792be7e06d11e0bb8659e63ba2d8a602295b3530112,c30ba4ee091ecde3f3c50792be7e06d11e0bb8659e63ba2d8a602295b3530112,"{""basis"":""ordered source-target formula atom"",""kind"":""source-target-formula-map""}"
1.1.0,formula,O007-FREMLIN-V2-S261-FORMULA-0076,O007-FREMLIN-V2-S261,O007-RIGHTS-FREMLIN-DSL,O007-FREMLIN-V2-S261-SEG-261B,76,261B,261B,115,116,4621,4628,4964,4971,j<k<n,j<k<n,d41f72d5262f14defe7c1bf3cfc2e25b098c16dbfa1d7309721288bd54c886e7,d41f72d5262f14defe7c1bf3cfc2e25b098c16dbfa1d7309721288bd54c886e7,d41f72d5262f14defe7c1bf3cfc2e25b098c16dbfa1d7309721288bd54c886e7,$,,d41f72d5262f14defe7c1bf3cfc2e25b098c16dbfa1d7309721288bd54c886e7,d41f72d5262f14defe7c1bf3cfc2e25b098c16dbfa1d7309721288bd54c886e7,"{""basis"":""ordered source-target formula atom"",""kind"":""source-target-formula-map""}"
1.1.0,formula,O007-FREMLIN-V2-S261-FORMULA-0077,O007-FREMLIN-V2-S261,O007-RIGHTS-FREMLIN-DSL,O007-FREMLIN-V2-S261-SEG-261B,77,261B,261B,115,116,4634,4683,4982,5031,"\Cal 
J_n=\{I:I\in\Cal I',\,I\cap I_j=\emptyset","\Cal 
J_n=\{I:I\in\Cal I',\,I\cap I_j=\emptyset",9672e1fb1d727e8d14c7a6acbfabdd43d49a005bfee183307d47a4c7ae120a82,9672e1fb1d727e8d14c7a6acbfabdd43d49a005bfee183307d47a4c7ae120a82,767671b642da037476dc489dc1915a0250a98febb01ffa22fc164d9ee6288864,$,,767671b642da037476dc489dc1915a0250a98febb01ffa22fc164d9ee6288864,767671b642da037476dc489dc1915a0250a98febb01ffa22fc164d9ee6288864,"{""basis"":""ordered source-target formula atom"",""kind"":""source-target-formula-map""}"
1.1.0,formula,O007-FREMLIN-V2-S261-FORMULA-0078,O007-FREMLIN-V2-S261,O007-RIGHTS-FREMLIN-DSL,O007-FREMLIN-V2-S261-SEG-261B,78,261B,261B,116,117,4694,4701,5045,5052,j<n\},j<n\},32dcb03c24e7b0deb3fe9e51cc37225454c5cff9580c454107a4bca284996b08,32dcb03c24e7b0deb3fe9e51cc37225454c5cff9580c454107a4bca284996b08,32dcb03c24e7b0deb3fe9e51cc37225454c5cff9580c454107a4bca284996b08,$,,32dcb03c24e7b0deb3fe9e51cc37225454c5cff9580c454107a4bca284996b08,32dcb03c24e7b0deb3fe9e51cc37225454c5cff9580c454107a4bca284996b08,"{""basis"":""ordered source-target formula atom"",""kind"":""source-target-formula-map""}"
1.1.0,formula,O007-FREMLIN-V2-S261-FORMULA-0079,O007-FREMLIN-V2-S261,O007-RIGHTS-FREMLIN-DSL,O007-FREMLIN-V2-S261-SEG-261B,79,261B,261B,117,118,4728,4750,5086,5108,\Cal J_n\ne\emptyset,\Cal J_n\ne\emptyset,7f390a4cecc49623b26af955ad553c9afda75f605ec6b8f92b74816044779266,7f390a4cecc49623b26af955ad553c9afda75f605ec6b8f92b74816044779266,d776336d2a16455b66118b73c5bf1ab14c5cb386c6d0ea99ca06f19a940c6271,$,,d776336d2a16455b66118b73c5bf1ab14c5cb386c6d0ea99ca06f19a940c6271,d776336d2a16455b66118b73c5bf1ab14c5cb386c6d0ea99ca06f19a940c6271,"{""basis"":""ordered source-target formula atom"",""kind"":""source-target-formula-map""}"
1.1.0,formula,O007-FREMLIN-V2-S261-FORMULA-0080,O007-FREMLIN-V2-S261,O007-RIGHTS-FREMLIN-DSL,O007-FREMLIN-V2-S261-SEG-261B,80,261B,261B,119,120,4778,4817,5139,5178,\gamma_n=\sup\{\diam I:I\in\Cal J_n\},\gamma_n=\sup\{\diam I:I\in\Cal J_n\},04970a1b3b7632cf0d2740bf0022eee9b850fc6c75fde68af7e00b89ce251632,04970a1b3b7632cf0d2740bf0022eee9b850fc6c75fde68af7e00b89ce251632,4a39eafd35fa09b1d5f5153206125f7ee2aae39778f84243a01f9c6ee450353c,$,,4a39eafd35fa09b1d5f5153206125f7ee2aae39778f84243a01f9c6ee450353c,4a39eafd35fa09b1d5f5153206125f7ee2aae39778f84243a01f9c6ee450353c,"{""basis"":""ordered source-target formula atom"",""kind"":""source-target-formula-map""}"
1.1.0,formula,O007-FREMLIN-V2-S261-FORMULA-0081,O007-FREMLIN-V2-S261,O007-RIGHTS-FREMLIN-DSL,O007-FREMLIN-V2-S261-SEG-261B,81,261B,261B,121,122,4843,4859,5204,5220,\gamma_n\le 2M,\gamma_n\le 2M,2e34ca437832c68d3cf1fe1078b49d23d63776cd371200e8cbb719fe03358ec0,2e34ca437832c68d3cf1fe1078b49d23d63776cd371200e8cbb719fe03358ec0,f3eac4132d6b3fd297a6e01435935fa0ec7ab9d0c178a9d3e783415225e1fb5f,$,,f3eac4132d6b3fd297a6e01435935fa0ec7ab9d0c178a9d3e783415225e1fb5f,f3eac4132d6b3fd297a6e01435935fa0ec7ab9d0c178a9d3e783415225e1fb5f,"{""basis"":""ordered source-target formula atom"",""kind"":""source-target-formula-map""}"
1.1.0,formula,O007-FREMLIN-V2-S261-FORMULA-0082,O007-FREMLIN-V2-S261,O007-RIGHTS-FREMLIN-DSL,O007-FREMLIN-V2-S261-SEG-261B,82,261B,261B,121,122,4885,4895,5244,5254,\Cal J_n,\Cal J_n,410082d5145441711373e6d443177aeda76803ced563a71f04aead563f9143aa,410082d5145441711373e6d443177aeda76803ced563a71f04aead563f9143aa,58e0cb480f6c190c190144d49a401bb5ffc54d8cacc6152b142293ad526879ed,$,,58e0cb480f6c190c190144d49a401bb5ffc54d8cacc6152b142293ad526879ed,58e0cb480f6c190c190144d49a401bb5ffc54d8cacc6152b142293ad526879ed,"{""basis"":""ordered source-target formula atom"",""kind"":""source-target-formula-map""}"
1.1.0,formula,O007-FREMLIN-V2-S261-FORMULA-0083,O007-FREMLIN-V2-S261,O007-RIGHTS-FREMLIN-DSL,O007-FREMLIN-V2-S261-SEG-261B,83,261B,261B,122,123,4912,4926,5270,5284,"B(\tbf{0},M)","B(\tbf{0},M)",ff3bf52d0a849051e698926dde9c19a43ccc4481b5f4dd416e7835eebe4603c4,ff3bf52d0a849051e698926dde9c19a43ccc4481b5f4dd416e7835eebe4603c4,ff3bf52d0a849051e698926dde9c19a43ccc4481b5f4dd416e7835eebe4603c4,$,,ff3bf52d0a849051e698926dde9c19a43ccc4481b5f4dd416e7835eebe4603c4,ff3bf52d0a849051e698926dde9c19a43ccc4481b5f4dd416e7835eebe4603c4,"{""basis"":""ordered source-target formula atom"",""kind"":""source-target-formula-map""}"
1.1.0,formula,O007-FREMLIN-V2-S261-FORMULA-0084,O007-FREMLIN-V2-S261,O007-RIGHTS-FREMLIN-DSL,O007-FREMLIN-V2-S261-SEG-261B,84,261B,261B,123,124,4959,4975,5335,5351,I_n\in\Cal J_n,I_n\in\Cal J_n,1a4d902f60c3c3fa8dcda6a852b62785d6748dba1d3ac50f5111e453cb8edc51,1a4d902f60c3c3fa8dcda6a852b62785d6748dba1d3ac50f5111e453cb8edc51,a53d507afdef1b8e19d9e226dad9cd3c74739c0150fcb179aec995d308eb7e2a,$,,a53d507afdef1b8e19d9e226dad9cd3c74739c0150fcb179aec995d308eb7e2a,a53d507afdef1b8e19d9e226dad9cd3c74739c0150fcb179aec995d308eb7e2a,"{""basis"":""ordered source-target formula atom"",""kind"":""source-target-formula-map""}"
1.1.0,formula,O007-FREMLIN-V2-S261-FORMULA-0085,O007-FREMLIN-V2-S261,O007-RIGHTS-FREMLIN-DSL,O007-FREMLIN-V2-S261-SEG-261B,85,261B,261B,123,124,4986,5018,5372,5404,\diam I_n\ge{1\over 2}\gamma_n,\diam I_n\ge{1\over 2}\gamma_n,e7fe172e93dc8c7674fd03962517c8279da393019901e85e7ce0002323a52373,e7fe172e93dc8c7674fd03962517c8279da393019901e85e7ce0002323a52373,daad9af18651c05ce11f4e9f1c5e861e173aa145738d709b41c983dfd9eb9531,$,,daad9af18651c05ce11f4e9f1c5e861e173aa145738d709b41c983dfd9eb9531,daad9af18651c05ce11f4e9f1c5e861e173aa145738d709b41c983dfd9eb9531,"{""basis"":""ordered source-target formula atom"",""kind"":""source-target-formula-map""}"
1.1.0,formula,O007-FREMLIN-V2-S261-FORMULA-0086,O007-FREMLIN-V2-S261,O007-RIGHTS-FREMLIN-DSL,O007-FREMLIN-V2-S261-SEG-261B,86,261B,261B,128,129,5102,5107,5485,5490,I_n,I_n,95d680fad2ccb816f0b688d1380249cc44b12534f8fb8bbec95e683dfd217e0b,95d680fad2ccb816f0b688d1380249cc44b12534f8fb8bbec95e683dfd217e0b,95d680fad2ccb816f0b688d1380249cc44b12534f8fb8bbec95e683dfd217e0b,$,,95d680fad2ccb816f0b688d1380249cc44b12534f8fb8bbec95e683dfd217e0b,95d680fad2ccb816f0b688d1380249cc44b12534f8fb8bbec95e683dfd217e0b,"{""basis"":""ordered source-target formula atom"",""kind"":""source-target-formula-map""}"
1.1.0,formula,O007-FREMLIN-V2-S261-FORMULA-0087,O007-FREMLIN-V2-S261,O007-RIGHTS-FREMLIN-DSL,O007-FREMLIN-V2-S261-SEG-261B,87,261B,261B,129,130,5160,5174,5563,5577,"B(\tbf{0},M)","B(\tbf{0},M)",ff3bf52d0a849051e698926dde9c19a43ccc4481b5f4dd416e7835eebe4603c4,ff3bf52d0a849051e698926dde9c19a43ccc4481b5f4dd416e7835eebe4603c4,ff3bf52d0a849051e698926dde9c19a43ccc4481b5f4dd416e7835eebe4603c4,$,,ff3bf52d0a849051e698926dde9c19a43ccc4481b5f4dd416e7835eebe4603c4,ff3bf52d0a849051e698926dde9c19a43ccc4481b5f4dd416e7835eebe4603c4,"{""basis"":""ordered source-target formula atom"",""kind"":""source-target-formula-map""}"
1.1.0,formula,O007-FREMLIN-V2-S261-FORMULA-0088,O007-FREMLIN-V2-S261,O007-RIGHTS-FREMLIN-DSL,O007-FREMLIN-V2-S261-SEG-261B,88,261B,261B,131,132,5204,5260,5614,5670,"\sum_{n=0}^{\infty}\mu I_n 
\le\mu B(\tbf{0},M)<\infty","\sum_{n=0}^{\infty}\mu I_n 
\le\mu B(\tbf{0},M)<\infty",49d53210826cd0cdc54b6f8933c9d75f4f1cfaaa3f06102beea9fa3419019f99,49d53210826cd0cdc54b6f8933c9d75f4f1cfaaa3f06102beea9fa3419019f99,ccd49729e77db40cfcf35707d19b70060a16c0175f3d2115fa9c1bb23e861a53,$,,ccd49729e77db40cfcf35707d19b70060a16c0175f3d2115fa9c1bb23e861a53,ccd49729e77db40cfcf35707d19b70060a16c0175f3d2115fa9c1bb23e861a53,"{""basis"":""ordered source-target formula atom"",""kind"":""source-target-formula-map""}"
1.1.0,formula,O007-FREMLIN-V2-S261-FORMULA-0089,O007-FREMLIN-V2-S261,O007-RIGHTS-FREMLIN-DSL,O007-FREMLIN-V2-S261-SEG-261B,89,261B,261B,134,135,5285,5313,5695,5723,\lim_{n\to\infty}\mu I_n=0,\lim_{n\to\infty}\mu I_n=0,2383c8759e22ece56fa9623ca59e4810d05ff7084d180ff7f9c683fad60601ad,2383c8759e22ece56fa9623ca59e4810d05ff7084d180ff7f9c683fad60601ad,d183ad76090bb1dc50f77d5cccaee4bb4cfefc553c124465544ce6e5ee86498c,$,,d183ad76090bb1dc50f77d5cccaee4bb4cfefc553c124465544ce6e5ee86498c,d183ad76090bb1dc50f77d5cccaee4bb4cfefc553c124465544ce6e5ee86498c,"{""basis"":""ordered source-target formula atom"",""kind"":""source-target-formula-map""}"
1.1.0,formula,O007-FREMLIN-V2-S261-FORMULA-0090,O007-FREMLIN-V2-S261,O007-RIGHTS-FREMLIN-DSL,O007-FREMLIN-V2-S261-SEG-261B,90,261B,261B,135,136,5323,5362,5732,5771,\mu I_n\ge\beta_r(\bover14\gamma_n)^r,\mu I_n\ge\beta_r(\bover14\gamma_n)^r,a8bef07f6ed56bf007e80cea8dc675ae4ccf47ce4f8515d615d888a3813a81d1,a8bef07f6ed56bf007e80cea8dc675ae4ccf47ce4f8515d615d888a3813a81d1,f1077da21191702bf6de3d76ca729790c4ac29499858d1b554a16e769733c20e,$,,f1077da21191702bf6de3d76ca729790c4ac29499858d1b554a16e769733c20e,f1077da21191702bf6de3d76ca729790c4ac29499858d1b554a16e769733c20e,"{""basis"":""ordered source-target formula atom"",""kind"":""source-target-formula-map""}"
1.1.0,formula,O007-FREMLIN-V2-S261-FORMULA-0091,O007-FREMLIN-V2-S261,O007-RIGHTS-FREMLIN-DSL,O007-FREMLIN-V2-S261-SEG-261B,91,261B,261B,135,136,5372,5375,5785,5788,n,n,1b16b1df538ba12dc3f97edbb85caa7050d46c148134290feba80f8236c83db9,1b16b1df538ba12dc3f97edbb85caa7050d46c148134290feba80f8236c83db9,1b16b1df538ba12dc3f97edbb85caa7050d46c148134290feba80f8236c83db9,$,,1b16b1df538ba12dc3f97edbb85caa7050d46c148134290feba80f8236c83db9,1b16b1df538ba12dc3f97edbb85caa7050d46c148134290feba80f8236c83db9,"{""basis"":""ordered source-target formula atom"",""kind"":""source-target-formula-map""}"
1.1.0,formula,O007-FREMLIN-V2-S261-FORMULA-0092,O007-FREMLIN-V2-S261,O007-RIGHTS-FREMLIN-DSL,O007-FREMLIN-V2-S261-SEG-261B,92,261B,261B,136,137,5381,5410,5800,5829,\lim_{n\to\infty}\gamma_n=0,\lim_{n\to\infty}\gamma_n=0,7b4b02cfb34366c0987e89c546e4a73ab1ef83d117ab099af72cce7886604da1,7b4b02cfb34366c0987e89c546e4a73ab1ef83d117ab099af72cce7886604da1,7b4b02cfb34366c0987e89c546e4a73ab1ef83d117ab099af72cce7886604da1,$,,7b4b02cfb34366c0987e89c546e4a73ab1ef83d117ab099af72cce7886604da1,7b4b02cfb34366c0987e89c546e4a73ab1ef83d117ab099af72cce7886604da1,"{""basis"":""ordered source-target formula atom"",""kind"":""source-target-formula-map""}"
1.1.0,formula,O007-FREMLIN-V2-S261-FORMULA-0093,O007-FREMLIN-V2-S261,O007-RIGHTS-FREMLIN-DSL,O007-FREMLIN-V2-S261-SEG-261B,93,261B,261B,138,143,5431,5437,5881,5887,I'_n,I'_n,9b3298b02dd1d544ee29877a701e75fcdf9c125f489088fde30c54fd38bb3bc3,9b3298b02dd1d544ee29877a701e75fcdf9c125f489088fde30c54fd38bb3bc3,9b3298b02dd1d544ee29877a701e75fcdf9c125f489088fde30c54fd38bb3bc3,$,,9b3298b02dd1d544ee29877a701e75fcdf9c125f489088fde30c54fd38bb3bc3,9b3298b02dd1d544ee29877a701e75fcdf9c125f489088fde30c54fd38bb3bc3,"{""basis"":""ordered source-target formula atom"",""kind"":""source-target-formula-map""}"
1.1.0,formula,O007-FREMLIN-V2-S261-FORMULA-0094,O007-FREMLIN-V2-S261,O007-RIGHTS-FREMLIN-DSL,O007-FREMLIN-V2-S261-SEG-261B,94,261B,261B,138,144,5484,5489,5942,5947,I_n,I_n,95d680fad2ccb816f0b688d1380249cc44b12534f8fb8bbec95e683dfd217e0b,95d680fad2ccb816f0b688d1380249cc44b12534f8fb8bbec95e683dfd217e0b,95d680fad2ccb816f0b688d1380249cc44b12534f8fb8bbec95e683dfd217e0b,$,,95d680fad2ccb816f0b688d1380249cc44b12534f8fb8bbec95e683dfd217e0b,95d680fad2ccb816f0b688d1380249cc44b12534f8fb8bbec95e683dfd217e0b,"{""basis"":""ordered source-target formula atom"",""kind"":""source-target-formula-map""}"
1.1.0,formula,O007-FREMLIN-V2-S261-FORMULA-0095,O007-FREMLIN-V2-S261,O007-RIGHTS-FREMLIN-DSL,O007-FREMLIN-V2-S261-SEG-261B,95,261B,261B,140,145,5571,5581,6054,6064,\gamma_n,\gamma_n,6a4126fda4fa99182d316fd01e89f078952bca62de221eaad0a10873f77eb917,6a4126fda4fa99182d316fd01e89f078952bca62de221eaad0a10873f77eb917,6a4126fda4fa99182d316fd01e89f078952bca62de221eaad0a10873f77eb917,$,,6a4126fda4fa99182d316fd01e89f078952bca62de221eaad0a10873f77eb917,6a4126fda4fa99182d316fd01e89f078952bca62de221eaad0a10873f77eb917,"{""basis"":""ordered source-target formula atom"",""kind"":""source-target-formula-map""}"
1.1.0,formula,O007-FREMLIN-V2-S261-FORMULA-0096,O007-FREMLIN-V2-S261,O007-RIGHTS-FREMLIN-DSL,O007-FREMLIN-V2-S261-SEG-261B,96,261B,261B,140,145,5585,5590,6070,6075,I_n,I_n,95d680fad2ccb816f0b688d1380249cc44b12534f8fb8bbec95e683dfd217e0b,95d680fad2ccb816f0b688d1380249cc44b12534f8fb8bbec95e683dfd217e0b,95d680fad2ccb816f0b688d1380249cc44b12534f8fb8bbec95e683dfd217e0b,$,,95d680fad2ccb816f0b688d1380249cc44b12534f8fb8bbec95e683dfd217e0b,95d680fad2ccb816f0b688d1380249cc44b12534f8fb8bbec95e683dfd217e0b,"{""basis"":""ordered source-target formula atom"",""kind"":""source-target-formula-map""}"
1.1.0,formula,O007-FREMLIN-V2-S261-FORMULA-0097,O007-FREMLIN-V2-S261,O007-RIGHTS-FREMLIN-DSL,O007-FREMLIN-V2-S261-SEG-261B,97,261B,261B,141,146,5617,5620,6114,6117,n,n,1b16b1df538ba12dc3f97edbb85caa7050d46c148134290feba80f8236c83db9,1b16b1df538ba12dc3f97edbb85caa7050d46c148134290feba80f8236c83db9,1b16b1df538ba12dc3f97edbb85caa7050d46c148134290feba80f8236c83db9,$,,1b16b1df538ba12dc3f97edbb85caa7050d46c148134290feba80f8236c83db9,1b16b1df538ba12dc3f97edbb85caa7050d46c148134290feba80f8236c83db9,"{""basis"":""ordered source-target formula atom"",""kind"":""source-target-formula-map""}"
1.1.0,formula,O007-FREMLIN-V2-S261-FORMULA-0098,O007-FREMLIN-V2-S261,O007-RIGHTS-FREMLIN-DSL,O007-FREMLIN-V2-S261-SEG-261B,98,261B,261B,142,147,5623,5677,6120,6174,A\subseteq\bigcup_{j<n}{I}_j\cup\bigcup_{j\ge n}I_j',A\subseteq\bigcup_{j<n}{I}_j\cup\bigcup_{j\ge n}I_j',de67937289365af03b542f598fea05cabae33f727862e1e9e720ff574820f4f5,de67937289365af03b542f598fea05cabae33f727862e1e9e720ff574820f4f5,717b726fdaf1088efb270143371390d219741287ff9dcf57580676c608f90dbe,$,,717b726fdaf1088efb270143371390d219741287ff9dcf57580676c608f90dbe,717b726fdaf1088efb270143371390d219741287ff9dcf57580676c608f90dbe,"{""basis"":""ordered source-target formula atom"",""kind"":""source-target-formula-map""}"
1.1.0,formula,O007-FREMLIN-V2-S261-FORMULA-0099,O007-FREMLIN-V2-S261,O007-RIGHTS-FREMLIN-DSL,O007-FREMLIN-V2-S261-SEG-261B,99,261B,261B,144,149,5736,5797,6240,6301,x\in A\setminus(\bigcup_{j<n}{I}_j\cup\bigcup_{j\ge n}I'_j),x\in A\setminus(\bigcup_{j<n}{I}_j\cup\bigcup_{j\ge n}I'_j),c2ae7a274024af52f9381727ab9801688f82beba02604973e4cea48464408c5d,c2ae7a274024af52f9381727ab9801688f82beba02604973e4cea48464408c5d,99aa5dbf7a3c795e74bc7a3c694c7a7e968632aec14e87853134229d7c055b0b,$,,99aa5dbf7a3c795e74bc7a3c694c7a7e968632aec14e87853134229d7c055b0b,99aa5dbf7a3c795e74bc7a3c694c7a7e968632aec14e87853134229d7c055b0b,"{""basis"":""ordered source-target formula atom"",""kind"":""source-target-formula-map""}"
1.1.0,formula,O007-FREMLIN-V2-S261-FORMULA-0100,O007-FREMLIN-V2-S261,O007-RIGHTS-FREMLIN-DSL,O007-FREMLIN-V2-S261-SEG-261B,100,261B,261B,145,150,5806,5816,6310,6320,\delta>0,\delta>0,28c5f4f559bc00a49055a369c53d2382bf799ab5fa662c1b53944e9762606ec9,28c5f4f559bc00a49055a369c53d2382bf799ab5fa662c1b53944e9762606ec9,28c5f4f559bc00a49055a369c53d2382bf799ab5fa662c1b53944e9762606ec9,$,,28c5f4f559bc00a49055a369c53d2382bf799ab5fa662c1b53944e9762606ec9,28c5f4f559bc00a49055a369c53d2382bf799ab5fa662c1b53944e9762606ec9,"{""basis"":""ordered source-target formula atom"",""kind"":""source-target-formula-map""}"
1.1.0,formula,O007-FREMLIN-V2-S261-FORMULA-0101,O007-FREMLIN-V2-S261,O007-RIGHTS-FREMLIN-DSL,O007-FREMLIN-V2-S261-SEG-261B,101,261B,261B,148,153,5857,5921,6368,6432,"B(x,\delta) 
  \subseteq B(\tbf{0},M)\setminus\bigcup_{j<n}I_j","B(x,\delta) 
  \subseteq B(\tbf{0},M)\setminus\bigcup_{j<n}I_j",7843126f240e5f72b1f6738c698d24c9f205de88c65fea40e5761752cbd71de3,7843126f240e5f72b1f6738c698d24c9f205de88c65fea40e5761752cbd71de3,55a2ea70640fb4dab41bdb088f66bd2ffcaa905c8fbff3bbac9b6ebc1484b534,$,,55a2ea70640fb4dab41bdb088f66bd2ffcaa905c8fbff3bbac9b6ebc1484b534,55a2ea70640fb4dab41bdb088f66bd2ffcaa905c8fbff3bbac9b6ebc1484b534,"{""basis"":""ordered source-target formula atom"",""kind"":""source-target-formula-map""}"
1.1.0,formula,O007-FREMLIN-V2-S261-FORMULA-0102,O007-FREMLIN-V2-S261,O007-RIGHTS-FREMLIN-DSL,O007-FREMLIN-V2-S261-SEG-261B,102,261B,261B,152,156,5951,5963,6463,6475,J\in\Cal I,J\in\Cal I,c628a85c6d688ce6a3839f8f21ceaa924cd4dfe4406cfecfd7e63bc78b05dea5,c628a85c6d688ce6a3839f8f21ceaa924cd4dfe4406cfecfd7e63bc78b05dea5,e48de544d3936f61082183ae9393ee1457117ed9c96a94117059d90e578d91f0,$,,e48de544d3936f61082183ae9393ee1457117ed9c96a94117059d90e578d91f0,e48de544d3936f61082183ae9393ee1457117ed9c96a94117059d90e578d91f0,"{""basis"":""ordered source-target formula atom"",""kind"":""source-target-formula-map""}"
1.1.0,formula,O007-FREMLIN-V2-S261-FORMULA-0103,O007-FREMLIN-V2-S261,O007-RIGHTS-FREMLIN-DSL,O007-FREMLIN-V2-S261-SEG-261B,103,261B,261B,152,157,5977,6006,6497,6526,"x\in J\subseteq B(x,\delta)","x\in J\subseteq B(x,\delta)",90fb77ea521a10e76caeafc30491c3718beeb927e539ba8ba1e233f80e33823e,90fb77ea521a10e76caeafc30491c3718beeb927e539ba8ba1e233f80e33823e,f6d7c9cfcbad3f95da2ea03ec23695050d967596af9a82cf221d425ed363e176,$,,f6d7c9cfcbad3f95da2ea03ec23695050d967596af9a82cf221d425ed363e176,f6d7c9cfcbad3f95da2ea03ec23695050d967596af9a82cf221d425ed363e176,"{""basis"":""ordered source-target formula atom"",""kind"":""source-target-formula-map""}"
1.1.0,formula,O007-FREMLIN-V2-S261-FORMULA-0104,O007-FREMLIN-V2-S261,O007-RIGHTS-FREMLIN-DSL,O007-FREMLIN-V2-S261-SEG-261B,104,261B,261B,154,159,6035,6072,6553,6590,\lim_{m\to\infty}\gamma_m=0<\diam J,\lim_{m\to\infty}\gamma_m=0<\diam J,0e493340c30901204c7d2752f134a827c62e543da32ca1e140a1344fa5043ce6,0e493340c30901204c7d2752f134a827c62e543da32ca1e140a1344fa5043ce6,f79368193a90746e1bc5fe81e8cec5f22945008d2a78818e4496375120ec0317,$,,f79368193a90746e1bc5fe81e8cec5f22945008d2a78818e4496375120ec0317,f79368193a90746e1bc5fe81e8cec5f22945008d2a78818e4496375120ec0317,"{""basis"":""ordered source-target formula atom"",""kind"":""source-target-formula-map""}"
1.1.0,formula,O007-FREMLIN-V2-S261-FORMULA-0105,O007-FREMLIN-V2-S261,O007-RIGHTS-FREMLIN-DSL,O007-FREMLIN-V2-S261-SEG-261B,105,261B,261B,157,162,6152,6160,6673,6681,\Cal I,\Cal I,0831b19b7d701bc369de3b9489033af676d58a27cffc082eed279c76037f0863,0831b19b7d701bc369de3b9489033af676d58a27cffc082eed279c76037f0863,6699e3b8d4cac32e8f0765749cb20c71b87c478c548f6a173cae5d235e2036d0,$,,6699e3b8d4cac32e8f0765749cb20c71b87c478c548f6a173cae5d235e2036d0,6699e3b8d4cac32e8f0765749cb20c71b87c478c548f6a173cae5d235e2036d0,"{""basis"":""ordered source-target formula atom"",""kind"":""source-target-formula-map""}"
1.1.0,formula,O007-FREMLIN-V2-S261-FORMULA-0106,O007-FREMLIN-V2-S261,O007-RIGHTS-FREMLIN-DSL,O007-FREMLIN-V2-S261-SEG-261B,106,261B,261B,157,162,6184,6187,6704,6707,m,m,62c66a7a5dd70c3146618063c344e531e6d4b59e379808443ce962b3abd63c5a,62c66a7a5dd70c3146618063c344e531e6d4b59e379808443ce962b3abd63c5a,62c66a7a5dd70c3146618063c344e531e6d4b59e379808443ce962b3abd63c5a,$,,62c66a7a5dd70c3146618063c344e531e6d4b59e379808443ce962b3abd63c5a,62c66a7a5dd70c3146618063c344e531e6d4b59e379808443ce962b3abd63c5a,"{""basis"":""ordered source-target formula atom"",""kind"":""source-target-formula-map""}"
1.1.0,formula,O007-FREMLIN-V2-S261-FORMULA-0107,O007-FREMLIN-V2-S261,O007-RIGHTS-FREMLIN-DSL,O007-FREMLIN-V2-S261-SEG-261B,107,261B,261B,158,163,6235,6238,6767,6770,n,n,1b16b1df538ba12dc3f97edbb85caa7050d46c148134290feba80f8236c83db9,1b16b1df538ba12dc3f97edbb85caa7050d46c148134290feba80f8236c83db9,1b16b1df538ba12dc3f97edbb85caa7050d46c148134290feba80f8236c83db9,$,,1b16b1df538ba12dc3f97edbb85caa7050d46c148134290feba80f8236c83db9,1b16b1df538ba12dc3f97edbb85caa7050d46c148134290feba80f8236c83db9,"{""basis"":""ordered source-target formula atom"",""kind"":""source-target-formula-map""}"
1.1.0,formula,O007-FREMLIN-V2-S261-FORMULA-0108,O007-FREMLIN-V2-S261,O007-RIGHTS-FREMLIN-DSL,O007-FREMLIN-V2-S261-SEG-261B,108,261B,261B,158,163,6249,6267,6791,6809,\gamma_m<\diam J,\gamma_m<\diam J,aad9d5f4959684d68668c2370f7ab8abafff8ef988aa4e24016b014c33158bee,aad9d5f4959684d68668c2370f7ab8abafff8ef988aa4e24016b014c33158bee,39dac66ae670fc49248eb003d4e2492bbe982758c961317cdf5bf403f86bc7df,$,,39dac66ae670fc49248eb003d4e2492bbe982758c961317cdf5bf403f86bc7df,39dac66ae670fc49248eb003d4e2492bbe982758c961317cdf5bf403f86bc7df,"{""basis"":""ordered source-target formula atom"",""kind"":""source-target-formula-map""}"
1.1.0,formula,O007-FREMLIN-V2-S261-FORMULA-0109,O007-FREMLIN-V2-S261,O007-RIGHTS-FREMLIN-DSL,O007-FREMLIN-V2-S261-SEG-261B,109,261B,261B,159,164,6285,6288,6826,6829,J,J,6da43b944e494e885e69af021f93c6d9331c78aa228084711429160a5bbd15b5,6da43b944e494e885e69af021f93c6d9331c78aa228084711429160a5bbd15b5,6da43b944e494e885e69af021f93c6d9331c78aa228084711429160a5bbd15b5,$,,6da43b944e494e885e69af021f93c6d9331c78aa228084711429160a5bbd15b5,6da43b944e494e885e69af021f93c6d9331c78aa228084711429160a5bbd15b5,"{""basis"":""ordered source-target formula atom"",""kind"":""source-target-formula-map""}"
1.1.0,formula,O007-FREMLIN-V2-S261-FORMULA-0110,O007-FREMLIN-V2-S261,O007-RIGHTS-FREMLIN-DSL,O007-FREMLIN-V2-S261-SEG-261B,110,261B,261B,159,164,6306,6316,6859,6869,\Cal J_m,\Cal J_m,b32f218bd861ff02bb19115db61538da571f1f9964cafcb8bc9e1c77a289f97e,b32f218bd861ff02bb19115db61538da571f1f9964cafcb8bc9e1c77a289f97e,96344e1e0f302d90d8d2864d23850f9fb2cfb8f2664cec10deba188f57147b52,$,,96344e1e0f302d90d8d2864d23850f9fb2cfb8f2664cec10deba188f57147b52,96344e1e0f302d90d8d2864d23850f9fb2cfb8f2664cec10deba188f57147b52,"{""basis"":""ordered source-target formula atom"",""kind"":""source-target-formula-map""}"
1.1.0,formula,O007-FREMLIN-V2-S261-FORMULA-0111,O007-FREMLIN-V2-S261,O007-RIGHTS-FREMLIN-DSL,O007-FREMLIN-V2-S261-SEG-261B,111,261B,261B,159,164,6340,6345,6896,6901,k<m,k<m,0b084a97ccbad8f7a2c9452bbd23dd3cde8705fe5ec6cf97f4f024981dd3f0ac,0b084a97ccbad8f7a2c9452bbd23dd3cde8705fe5ec6cf97f4f024981dd3f0ac,0b084a97ccbad8f7a2c9452bbd23dd3cde8705fe5ec6cf97f4f024981dd3f0ac,$,,0b084a97ccbad8f7a2c9452bbd23dd3cde8705fe5ec6cf97f4f024981dd3f0ac,0b084a97ccbad8f7a2c9452bbd23dd3cde8705fe5ec6cf97f4f024981dd3f0ac,"{""basis"":""ordered source-target formula atom"",""kind"":""source-target-formula-map""}"
1.1.0,formula,O007-FREMLIN-V2-S261-FORMULA-0112,O007-FREMLIN-V2-S261,O007-RIGHTS-FREMLIN-DSL,O007-FREMLIN-V2-S261-SEG-261B,112,261B,261B,160,165,6357,6380,6923,6946,J\cap I_k\ne\emptyset,J\cap I_k\ne\emptyset,0cd4bfb4ee92d29252d7afed4eb0e63b522938a82efcfe9e6beebdaca8b893db,0cd4bfb4ee92d29252d7afed4eb0e63b522938a82efcfe9e6beebdaca8b893db,63117c712916f36f7dff268dab9d98ac947adf8ab949a3e54760fd9f9c59dc7b,$,,63117c712916f36f7dff268dab9d98ac947adf8ab949a3e54760fd9f9c59dc7b,63117c712916f36f7dff268dab9d98ac947adf8ab949a3e54760fd9f9c59dc7b,"{""basis"":""ordered source-target formula atom"",""kind"":""source-target-formula-map""}"
1.1.0,formula,O007-FREMLIN-V2-S261-FORMULA-0113,O007-FREMLIN-V2-S261,O007-RIGHTS-FREMLIN-DSL,O007-FREMLIN-V2-S261-SEG-261B,113,261B,261B,160,166,6400,6413,6967,6980,J\in\Cal I',J\in\Cal I',eb16c2809b35890f47be1c3981f4acf744633b6c390a2b291a2e9c70df165fe4,eb16c2809b35890f47be1c3981f4acf744633b6c390a2b291a2e9c70df165fe4,65719e8d843b462aca452128f8931b9257b411a76995975ff0cc0162896dbc77,$,,65719e8d843b462aca452128f8931b9257b411a76995975ff0cc0162896dbc77,65719e8d843b462aca452128f8931b9257b411a76995975ff0cc0162896dbc77,"{""basis"":""ordered source-target formula atom"",""kind"":""source-target-formula-map""}"
1.1.0,formula,O007-FREMLIN-V2-S261-FORMULA-0114,O007-FREMLIN-V2-S261,O007-RIGHTS-FREMLIN-DSL,O007-FREMLIN-V2-S261-SEG-261B,114,261B,261B,161,166,6435,6443,7004,7012,\delta,\delta,d203ba01eef4198ca268a62391076e5080e260b3fcb9b05b334d66206a893936,d203ba01eef4198ca268a62391076e5080e260b3fcb9b05b334d66206a893936,d203ba01eef4198ca268a62391076e5080e260b3fcb9b05b334d66206a893936,$,,d203ba01eef4198ca268a62391076e5080e260b3fcb9b05b334d66206a893936,d203ba01eef4198ca268a62391076e5080e260b3fcb9b05b334d66206a893936,"{""basis"":""ordered source-target formula atom"",""kind"":""source-target-formula-map""}"
1.1.0,formula,O007-FREMLIN-V2-S261-FORMULA-0115,O007-FREMLIN-V2-S261,O007-RIGHTS-FREMLIN-DSL,O007-FREMLIN-V2-S261-SEG-261B,115,261B,261B,161,166,6445,6448,7014,7017,k,k,8254c329a92850f6d539dd376f4816ee2764517da5e0235514af433164480d7a,8254c329a92850f6d539dd376f4816ee2764517da5e0235514af433164480d7a,8254c329a92850f6d539dd376f4816ee2764517da5e0235514af433164480d7a,$,,8254c329a92850f6d539dd376f4816ee2764517da5e0235514af433164480d7a,8254c329a92850f6d539dd376f4816ee2764517da5e0235514af433164480d7a,"{""basis"":""ordered source-target formula atom"",""kind"":""source-target-formula-map""}"
1.1.0,formula,O007-FREMLIN-V2-S261-FORMULA-0116,O007-FREMLIN-V2-S261,O007-RIGHTS-FREMLIN-DSL,O007-FREMLIN-V2-S261-SEG-261B,116,261B,261B,161,167,6469,6472,7045,7048,n,n,1b16b1df538ba12dc3f97edbb85caa7050d46c148134290feba80f8236c83db9,1b16b1df538ba12dc3f97edbb85caa7050d46c148134290feba80f8236c83db9,1b16b1df538ba12dc3f97edbb85caa7050d46c148134290feba80f8236c83db9,$,,1b16b1df538ba12dc3f97edbb85caa7050d46c148134290feba80f8236c83db9,1b16b1df538ba12dc3f97edbb85caa7050d46c148134290feba80f8236c83db9,"{""basis"":""ordered source-target formula atom"",""kind"":""source-target-formula-map""}"
1.1.0,formula,O007-FREMLIN-V2-S261-FORMULA-0117,O007-FREMLIN-V2-S261,O007-RIGHTS-FREMLIN-DSL,O007-FREMLIN-V2-S261-SEG-261B,117,261B,261B,161,167,6477,6487,7059,7069,n\le k<m,n\le k<m,8f9df13c708bd43afd28920d86bf9ba1b29cce18262b07ef406cd2e114cdb44c,8f9df13c708bd43afd28920d86bf9ba1b29cce18262b07ef406cd2e114cdb44c,3bec7a2ddb5508547efbc53d7dfcbfe383dcd7df59b8676278c85a833f04796e,$,,3bec7a2ddb5508547efbc53d7dfcbfe383dcd7df59b8676278c85a833f04796e,3bec7a2ddb5508547efbc53d7dfcbfe383dcd7df59b8676278c85a833f04796e,"{""basis"":""ordered source-target formula atom"",""kind"":""source-target-formula-map""}"
1.1.0,formula,O007-FREMLIN-V2-S261-FORMULA-0118,O007-FREMLIN-V2-S261,O007-RIGHTS-FREMLIN-DSL,O007-FREMLIN-V2-S261-SEG-261B,118,261B,261B,162,167,6494,6514,7075,7095,\gamma_k\ge\diam J,\gamma_k\ge\diam J,244a17907cae5bbbf551ca68ef39f62e899517470bd0c131ab9ee99e782a63f5,244a17907cae5bbbf551ca68ef39f62e899517470bd0c131ab9ee99e782a63f5,46de9eac353d6abc10f9e03532ede5b087fd31bb10a32d31135ee9309a4a73c7,$,,46de9eac353d6abc10f9e03532ede5b087fd31bb10a32d31135ee9309a4a73c7,46de9eac353d6abc10f9e03532ede5b087fd31bb10a32d31135ee9309a4a73c7,"{""basis"":""ordered source-target formula atom"",""kind"":""source-target-formula-map""}"
1.1.0,formula,O007-FREMLIN-V2-S261-FORMULA-0119,O007-FREMLIN-V2-S261,O007-RIGHTS-FREMLIN-DSL,O007-FREMLIN-V2-S261-SEG-261B,119,261B,261B,162,167,6539,6542,7113,7116,x,x,2d711642b726b04401627ca9fbac32f5c8530fb1903cc4db02258717921a4881,2d711642b726b04401627ca9fbac32f5c8530fb1903cc4db02258717921a4881,2d711642b726b04401627ca9fbac32f5c8530fb1903cc4db02258717921a4881,$,,2d711642b726b04401627ca9fbac32f5c8530fb1903cc4db02258717921a4881,2d711642b726b04401627ca9fbac32f5c8530fb1903cc4db02258717921a4881,"{""basis"":""ordered source-target formula atom"",""kind"":""source-target-formula-map""}"
1.1.0,formula,O007-FREMLIN-V2-S261-FORMULA-0120,O007-FREMLIN-V2-S261,O007-RIGHTS-FREMLIN-DSL,O007-FREMLIN-V2-S261-SEG-261B,120,261B,261B,163,168,6568,6573,7136,7141,I_k,I_k,90844af211ae1183ad7606ebe9367e9835c33cd8bcf2346f68aa401aad26d778,90844af211ae1183ad7606ebe9367e9835c33cd8bcf2346f68aa401aad26d778,90844af211ae1183ad7606ebe9367e9835c33cd8bcf2346f68aa401aad26d778,$,,90844af211ae1183ad7606ebe9367e9835c33cd8bcf2346f68aa401aad26d778,90844af211ae1183ad7606ebe9367e9835c33cd8bcf2346f68aa401aad26d778,"{""basis"":""ordered source-target formula atom"",""kind"":""source-target-formula-map""}"
1.1.0,formula,O007-FREMLIN-V2-S261-FORMULA-0121,O007-FREMLIN-V2-S261,O007-RIGHTS-FREMLIN-DSL,O007-FREMLIN-V2-S261-SEG-261B,121,261B,261B,163,168,6585,6606,7155,7176,\diam J\le \gamma_k,\diam J\le \gamma_k,093686ea0a18570cf3a4b5b07b2e08860c59001ac74665f8e468e26914a90fea,093686ea0a18570cf3a4b5b07b2e08860c59001ac74665f8e468e26914a90fea,112b738e37f29b8dac7a3e0d343b7bd4e04d2460bdb3a729015051bfe8b55c40,$,,112b738e37f29b8dac7a3e0d343b7bd4e04d2460bdb3a729015051bfe8b55c40,112b738e37f29b8dac7a3e0d343b7bd4e04d2460bdb3a729015051bfe8b55c40,"{""basis"":""ordered source-target formula atom"",""kind"":""source-target-formula-map""}"
1.1.0,formula,O007-FREMLIN-V2-S261-FORMULA-0122,O007-FREMLIN-V2-S261,O007-RIGHTS-FREMLIN-DSL,O007-FREMLIN-V2-S261-SEG-261B,122,261B,261B,165,169,6632,6644,7204,7215,"x\in 
I'_k",x\in I'_k,d6ee9962d12f29c1b15d2989de809db26dfa6d3a59a8294d644b57f073c99cf0,3acfa55a51c4b74c21051125125315eda912d63bc5f2709e16a98f1ff536e807,4519f7908372b68a15dc9e1863757aa22aa405a2407eee004e62076240f4b7db,$,,4519f7908372b68a15dc9e1863757aa22aa405a2407eee004e62076240f4b7db,4519f7908372b68a15dc9e1863757aa22aa405a2407eee004e62076240f4b7db,"{""basis"":""ordered source-target formula atom"",""kind"":""source-target-formula-map""}"
1.1.0,formula,O007-FREMLIN-V2-S261-FORMULA-0123,O007-FREMLIN-V2-S261,O007-RIGHTS-FREMLIN-DSL,O007-FREMLIN-V2-S261-SEG-261B,123,261B,261B,166,169,6679,6682,7247,7250,x,x,2d711642b726b04401627ca9fbac32f5c8530fb1903cc4db02258717921a4881,2d711642b726b04401627ca9fbac32f5c8530fb1903cc4db02258717921a4881,2d711642b726b04401627ca9fbac32f5c8530fb1903cc4db02258717921a4881,$,,2d711642b726b04401627ca9fbac32f5c8530fb1903cc4db02258717921a4881,2d711642b726b04401627ca9fbac32f5c8530fb1903cc4db02258717921a4881,"{""basis"":""ordered source-target formula atom"",""kind"":""source-target-formula-map""}"
1.1.0,formula,O007-FREMLIN-V2-S261-FORMULA-0124,O007-FREMLIN-V2-S261,O007-RIGHTS-FREMLIN-DSL,O007-FREMLIN-V2-S261-SEG-261B,124,261B,261B,172,175,6766,6896,7329,7459,"\mu\sp*(A\setminus\bigcup_{j<n}I_j)\le\mu(\bigcup_{j\ge 
n}I'_j)\le\sum_{j=n}^{\infty}\mu I'_j\le 5^r\sum_{j=n}^{\infty}\mu 
I_j","\mu\sp*(A\setminus\bigcup_{j<n}I_j)\le\mu(\bigcup_{j\ge 
n}I'_j)\le\sum_{j=n}^{\infty}\mu I'_j\le 5^r\sum_{j=n}^{\infty}\mu 
I_j",ad4a3a3d6ff4d48bd02bbb82eba41ed95166c353c52f7f3be8b80a6d3ef2622f,ad4a3a3d6ff4d48bd02bbb82eba41ed95166c353c52f7f3be8b80a6d3ef2622f,9fa70ee3f09374c487ca36e35885e59ac24ad28b7806f2f669b2e438200baff8,$,,9fa70ee3f09374c487ca36e35885e59ac24ad28b7806f2f669b2e438200baff8,9fa70ee3f09374c487ca36e35885e59ac24ad28b7806f2f669b2e438200baff8,"{""basis"":""ordered source-target formula atom"",""kind"":""source-target-formula-map""}"
1.1.0,formula,O007-FREMLIN-V2-S261-FORMULA-0125,O007-FREMLIN-V2-S261,O007-RIGHTS-FREMLIN-DSL,O007-FREMLIN-V2-S261-SEG-261B,125,261B,261B,178,181,6940,6995,7507,7562,"\sum_{j=0}^{\infty}\mu I_j\le \mu B(\tbf{0},M)<\infty","\sum_{j=0}^{\infty}\mu I_j\le \mu B(\tbf{0},M)<\infty",fff08e23813eaacedca018a99144606e563c670a4f7353d803982e3ee057f80e,fff08e23813eaacedca018a99144606e563c670a4f7353d803982e3ee057f80e,01b2e88b07a97c5d30463c25358f2db64d78facb69c3d6c5b5dc37a84f60274f,$,,01b2e88b07a97c5d30463c25358f2db64d78facb69c3d6c5b5dc37a84f60274f,01b2e88b07a97c5d30463c25358f2db64d78facb69c3d6c5b5dc37a84f60274f,"{""basis"":""ordered source-target formula atom"",""kind"":""source-target-formula-map""}"
1.1.0,formula,O007-FREMLIN-V2-S261-FORMULA-0126,O007-FREMLIN-V2-S261,O007-RIGHTS-FREMLIN-DSL,O007-FREMLIN-V2-S261-SEG-261B,126,261B,261B,180,183,7016,7072,7583,7639,\lim_{n\to\infty}\mu\sp*(A\setminus\bigcup_{j<n}I_j)=0,\lim_{n\to\infty}\mu\sp*(A\setminus\bigcup_{j<n}I_j)=0,6ab78c57a16cdb6331fb425c81ceb22de423831acfa473ea0cb329456ae39dac,6ab78c57a16cdb6331fb425c81ceb22de423831acfa473ea0cb329456ae39dac,6ab78c57a16cdb6331fb425c81ceb22de423831acfa473ea0cb329456ae39dac,$,,6ab78c57a16cdb6331fb425c81ceb22de423831acfa473ea0cb329456ae39dac,6ab78c57a16cdb6331fb425c81ceb22de423831acfa473ea0cb329456ae39dac,"{""basis"":""ordered source-target formula atom"",""kind"":""source-target-formula-map""}"
1.1.0,formula,O007-FREMLIN-V2-S261-FORMULA-0127,O007-FREMLIN-V2-S261,O007-RIGHTS-FREMLIN-DSL,O007-FREMLIN-V2-S261-SEG-261B,127,261B,261B,182,185,7097,7184,7664,7751,"\mu(A\setminus\bigcup_{j\in\Bbb N}I_j)= 
\mu\sp*(A\setminus\bigcup_{j\in\Bbb N}I_j)=0","\mu(A\setminus\bigcup_{j\in\Bbb N}I_j)= 
\mu\sp*(A\setminus\bigcup_{j\in\Bbb N}I_j)=0",cb15675cad4bd7cabcbd4a74bed8f395543815360e0bf7781fc5b9f4a7c7ef44,cb15675cad4bd7cabcbd4a74bed8f395543815360e0bf7781fc5b9f4a7c7ef44,c4406acbbd73bd5f978867123dac5e2a312c0997b59acbadc2f2ba4921191538,$,,c4406acbbd73bd5f978867123dac5e2a312c0997b59acbadc2f2ba4921191538,c4406acbbd73bd5f978867123dac5e2a312c0997b59acbadc2f2ba4921191538,"{""basis"":""ordered source-target formula atom"",""kind"":""source-target-formula-map""}"
1.1.0,formula,O007-FREMLIN-V2-S261-FORMULA-0128,O007-FREMLIN-V2-S261,O007-RIGHTS-FREMLIN-DSL,O007-FREMLIN-V2-S261-SEG-261B,128,261B,261B,186,189,7231,7260,7811,7840,\Cal I_0=\{I_n:n\in\Bbb N\},\Cal I_0=\{I_n:n\in\Bbb N\},598253cc00a08db38d28a23e12c560ec3dcb08e43e4653d73ed6424e1340d31e,598253cc00a08db38d28a23e12c560ec3dcb08e43e4653d73ed6424e1340d31e,7ec5d5b79dbe963decadb93b14df5d34d2ec9a65f7402be23426b7bbb0ec8747,$,,7ec5d5b79dbe963decadb93b14df5d34d2ec9a65f7402be23426b7bbb0ec8747,7ec5d5b79dbe963decadb93b14df5d34d2ec9a65f7402be23426b7bbb0ec8747,"{""basis"":""ordered source-target formula atom"",""kind"":""source-target-formula-map""}"
1.1.0,formula,O007-FREMLIN-V2-S261-FORMULA-0129,O007-FREMLIN-V2-S261,O007-RIGHTS-FREMLIN-DSL,O007-FREMLIN-V2-S261-SEG-261B,129,261B,261B,187,190,7303,7311,7908,7916,\Cal I,\Cal I,0831b19b7d701bc369de3b9489033af676d58a27cffc082eed279c76037f0863,0831b19b7d701bc369de3b9489033af676d58a27cffc082eed279c76037f0863,6699e3b8d4cac32e8f0765749cb20c71b87c478c548f6a173cae5d235e2036d0,$,,6699e3b8d4cac32e8f0765749cb20c71b87c478c548f6a173cae5d235e2036d0,6699e3b8d4cac32e8f0765749cb20c71b87c478c548f6a173cae5d235e2036d0,"{""basis"":""ordered source-target formula atom"",""kind"":""source-target-formula-map""}"
1.1.0,formula,O007-FREMLIN-V2-S261-FORMULA-0130,O007-FREMLIN-V2-S261,O007-RIGHTS-FREMLIN-DSL,O007-FREMLIN-V2-S261-SEG-261B,130,261B,261B,187,191,7317,7353,7925,7959,"\mu(A\setminus\bigcup 
\Cal I_0)=0",\mu(A\setminus\bigcup\Cal I_0)=0,8fabcf071c032814919f7b1a155442c1034d4d2f9762982015d68ac83f90b79a,214af9d6128d9fc57d0f62e6b081cb9f3d397390a58f09f5bf7e74af821d5942,a884d2e1d40a0eff777adcfedbafdeb957c04acaf9f0f784de4aebd1de8c1f52,$,,a884d2e1d40a0eff777adcfedbafdeb957c04acaf9f0f784de4aebd1de8c1f52,a884d2e1d40a0eff777adcfedbafdeb957c04acaf9f0f784de4aebd1de8c1f52,"{""basis"":""ordered source-target formula atom"",""kind"":""source-target-formula-map""}"
1.1.0,formula,O007-FREMLIN-V2-S261-FORMULA-0131,O007-FREMLIN-V2-S261,O007-RIGHTS-FREMLIN-DSL,O007-FREMLIN-V2-S261-SEG-261B,131,261B,261B,193,196,7426,7429,8037,8040,A,A,559aead08264d5795d3909718cdd05abd49572e84fe55590eef31a88a08fdffd,559aead08264d5795d3909718cdd05abd49572e84fe55590eef31a88a08fdffd,559aead08264d5795d3909718cdd05abd49572e84fe55590eef31a88a08fdffd,$,,559aead08264d5795d3909718cdd05abd49572e84fe55590eef31a88a08fdffd,559aead08264d5795d3909718cdd05abd49572e84fe55590eef31a88a08fdffd,"{""basis"":""ordered source-target formula atom"",""kind"":""source-target-formula-map""}"
1.1.0,formula,O007-FREMLIN-V2-S261-FORMULA-0132,O007-FREMLIN-V2-S261,O007-RIGHTS-FREMLIN-DSL,O007-FREMLIN-V2-S261-SEG-261B,132,261B,261B,195,199,7480,7518,8094,8132,"U_n=\{x:x\in \BbbR^r,\,n<\|x\|<n+1\}","U_n=\{x:x\in \BbbR^r,\,n<\|x\|<n+1\}",d214998ba85cbdaa24c0fdfe347f06c1bb422da18d13d2aa8b8d99b066eeb7d3,d214998ba85cbdaa24c0fdfe347f06c1bb422da18d13d2aa8b8d99b066eeb7d3,76c111796e8666d11276ed51fd091ee814db2a57528e8cd09beb6f19497d3e22,$,,76c111796e8666d11276ed51fd091ee814db2a57528e8cd09beb6f19497d3e22,76c111796e8666d11276ed51fd091ee814db2a57528e8cd09beb6f19497d3e22,"{""basis"":""ordered source-target formula atom"",""kind"":""source-target-formula-map""}"
1.1.0,formula,O007-FREMLIN-V2-S261-FORMULA-0133,O007-FREMLIN-V2-S261,O007-RIGHTS-FREMLIN-DSL,O007-FREMLIN-V2-S261-SEG-261B,133,261B,261B,196,200,7527,7542,8141,8156,A_n=A\cap U_n,A_n=A\cap U_n,b8eb507b0c3eb16c6e201acdc2a48c4ee1422e27e5e943c5f126672d62d70738,b8eb507b0c3eb16c6e201acdc2a48c4ee1422e27e5e943c5f126672d62d70738,f3eaad0f04a481702d8216dbc1d4f5985cc9010a028218169f03b8474f05fb1e,$,,f3eaad0f04a481702d8216dbc1d4f5985cc9010a028218169f03b8474f05fb1e,f3eaad0f04a481702d8216dbc1d4f5985cc9010a028218169f03b8474f05fb1e,"{""basis"":""ordered source-target formula atom"",""kind"":""source-target-formula-map""}"
1.1.0,formula,O007-FREMLIN-V2-S261-FORMULA-0134,O007-FREMLIN-V2-S261,O007-RIGHTS-FREMLIN-DSL,O007-FREMLIN-V2-S261-SEG-261B,134,261B,261B,197,201,7550,7594,8164,8208,"\Cal J_n=\{I:I\in\Cal I,\,I\subseteq U_n\}","\Cal J_n=\{I:I\in\Cal I,\,I\subseteq U_n\}",ac4fb784c791fb40a21228a51b07fdd3492e46755f65ec8fa05d8ce7d4292963,ac4fb784c791fb40a21228a51b07fdd3492e46755f65ec8fa05d8ce7d4292963,c7882a17daac8ee4991924cf65b6a8998e99242749f863a0535223c4631b0739,$,,c7882a17daac8ee4991924cf65b6a8998e99242749f863a0535223c4631b0739,c7882a17daac8ee4991924cf65b6a8998e99242749f863a0535223c4631b0739,"{""basis"":""ordered source-target formula atom"",""kind"":""source-target-formula-map""}"
1.1.0,formula,O007-FREMLIN-V2-S261-FORMULA-0135,O007-FREMLIN-V2-S261,O007-RIGHTS-FREMLIN-DSL,O007-FREMLIN-V2-S261-SEG-261B,135,261B,261B,199,203,7624,7636,8242,8254,n\in\Bbb N,n\in\Bbb N,d213946df59f2b85be55436de61a489b7c24c216dfb26056fc2946b32c730709,d213946df59f2b85be55436de61a489b7c24c216dfb26056fc2946b32c730709,02bb197ae0de627eb1861382dcf81826f92f1895770d739be7f05b2435488186,$,,02bb197ae0de627eb1861382dcf81826f92f1895770d739be7f05b2435488186,02bb197ae0de627eb1861382dcf81826f92f1895770d739be7f05b2435488186,"{""basis"":""ordered source-target formula atom"",""kind"":""source-target-formula-map""}"
1.1.0,formula,O007-FREMLIN-V2-S261-FORMULA-0136,O007-FREMLIN-V2-S261,O007-RIGHTS-FREMLIN-DSL,O007-FREMLIN-V2-S261-SEG-261B,136,261B,261B,199,203,7654,7657,8275,8278,n,n,1b16b1df538ba12dc3f97edbb85caa7050d46c148134290feba80f8236c83db9,1b16b1df538ba12dc3f97edbb85caa7050d46c148134290feba80f8236c83db9,1b16b1df538ba12dc3f97edbb85caa7050d46c148134290feba80f8236c83db9,$,,1b16b1df538ba12dc3f97edbb85caa7050d46c148134290feba80f8236c83db9,1b16b1df538ba12dc3f97edbb85caa7050d46c148134290feba80f8236c83db9,"{""basis"":""ordered source-target formula atom"",""kind"":""source-target-formula-map""}"
1.1.0,formula,O007-FREMLIN-V2-S261-FORMULA-0137,O007-FREMLIN-V2-S261,O007-RIGHTS-FREMLIN-DSL,O007-FREMLIN-V2-S261-SEG-261B,137,261B,261B,200,204,7686,7691,8319,8324,A_n,A_n,beb14de5f7e221399c3826ef5d458e5264bd8e178b009a2d8e0dfd30dac25af1,beb14de5f7e221399c3826ef5d458e5264bd8e178b009a2d8e0dfd30dac25af1,beb14de5f7e221399c3826ef5d458e5264bd8e178b009a2d8e0dfd30dac25af1,$,,beb14de5f7e221399c3826ef5d458e5264bd8e178b009a2d8e0dfd30dac25af1,beb14de5f7e221399c3826ef5d458e5264bd8e178b009a2d8e0dfd30dac25af1,"{""basis"":""ordered source-target formula atom"",""kind"":""source-target-formula-map""}"
1.1.0,formula,O007-FREMLIN-V2-S261-FORMULA-0138,O007-FREMLIN-V2-S261,O007-RIGHTS-FREMLIN-DSL,O007-FREMLIN-V2-S261-SEG-261B,138,261B,261B,200,204,7732,7742,8348,8358,\Cal J_n,\Cal J_n,410082d5145441711373e6d443177aeda76803ced563a71f04aead563f9143aa,410082d5145441711373e6d443177aeda76803ced563a71f04aead563f9143aa,58e0cb480f6c190c190144d49a401bb5ffc54d8cacc6152b142293ad526879ed,$,,58e0cb480f6c190c190144d49a401bb5ffc54d8cacc6152b142293ad526879ed,58e0cb480f6c190c190144d49a401bb5ffc54d8cacc6152b142293ad526879ed,"{""basis"":""ordered source-target formula atom"",""kind"":""source-target-formula-map""}"
1.1.0,formula,O007-FREMLIN-V2-S261-FORMULA-0139,O007-FREMLIN-V2-S261,O007-RIGHTS-FREMLIN-DSL,O007-FREMLIN-V2-S261-SEG-261B,139,261B,261B,201,205,7778,7806,8418,8446,\Cal J'_n\subseteq\Cal J_n,\Cal J'_n\subseteq\Cal J_n,b4065b9e988363cec7bea2df5c1ddef6e2fd50578ddeb945a48d2d21c235c54a,b4065b9e988363cec7bea2df5c1ddef6e2fd50578ddeb945a48d2d21c235c54a,44b6aee20fc0bab57cca87445da958e8e18c445d749a6c353f0f0e638e74f088,$,,44b6aee20fc0bab57cca87445da958e8e18c445d749a6c353f0f0e638e74f088,44b6aee20fc0bab57cca87445da958e8e18c445d749a6c353f0f0e638e74f088,"{""basis"":""ordered source-target formula atom"",""kind"":""source-target-formula-map""}"
1.1.0,formula,O007-FREMLIN-V2-S261-FORMULA-0140,O007-FREMLIN-V2-S261,O007-RIGHTS-FREMLIN-DSL,O007-FREMLIN-V2-S261-SEG-261B,140,261B,261B,202,207,7818,7848,8501,8531,A_n\setminus\bigcup\Cal J'_n,A_n\setminus\bigcup\Cal J'_n,36a1afc8f91c37a04e9eaaeac2a3e7ca4b455286d9e371a1895d6b56c5460cb9,36a1afc8f91c37a04e9eaaeac2a3e7ca4b455286d9e371a1895d6b56c5460cb9,5c744bb2d53c88f534dc0e259c803265e0aa5d5b0191e788f5d1fa3703bd9be3,$,,5c744bb2d53c88f534dc0e259c803265e0aa5d5b0191e788f5d1fa3703bd9be3,5c744bb2d53c88f534dc0e259c803265e0aa5d5b0191e788f5d1fa3703bd9be3,"{""basis"":""ordered source-target formula atom"",""kind"":""source-target-formula-map""}"
1.1.0,formula,O007-FREMLIN-V2-S261-FORMULA-0141,O007-FREMLIN-V2-S261,O007-RIGHTS-FREMLIN-DSL,O007-FREMLIN-V2-S261-SEG-261B,141,261B,261B,202,207,7883,7888,8561,8566,U_n,U_n,167a8b5df4139bcffcb93572d0121d490755eae3300e2c93cf2e8acccb2e9f1a,167a8b5df4139bcffcb93572d0121d490755eae3300e2c93cf2e8acccb2e9f1a,167a8b5df4139bcffcb93572d0121d490755eae3300e2c93cf2e8acccb2e9f1a,$,,167a8b5df4139bcffcb93572d0121d490755eae3300e2c93cf2e8acccb2e9f1a,167a8b5df4139bcffcb93572d0121d490755eae3300e2c93cf2e8acccb2e9f1a,"{""basis"":""ordered source-target formula atom"",""kind"":""source-target-formula-map""}"
1.1.0,formula,O007-FREMLIN-V2-S261-FORMULA-0142,O007-FREMLIN-V2-S261,O007-RIGHTS-FREMLIN-DSL,O007-FREMLIN-V2-S261-SEG-261B,142,261B,261B,203,208,7904,7944,8582,8622,\Cal I_0=\bigcup_{n\in\Bbb N}\Cal J'_n,\Cal I_0=\bigcup_{n\in\Bbb N}\Cal J'_n,857d762ae0109faa7589b1e6ebb9681d79a0e53130cdbfd84a58fa2ba0327df4,857d762ae0109faa7589b1e6ebb9681d79a0e53130cdbfd84a58fa2ba0327df4,53a277b29d08f93932b25bf5779ce43bbfef7e1f034f1b917fcad31a2cd9b1d0,$,,53a277b29d08f93932b25bf5779ce43bbfef7e1f034f1b917fcad31a2cd9b1d0,53a277b29d08f93932b25bf5779ce43bbfef7e1f034f1b917fcad31a2cd9b1d0,"{""basis"":""ordered source-target formula atom"",""kind"":""source-target-formula-map""}"
1.1.0,formula,O007-FREMLIN-V2-S261-FORMULA-0143,O007-FREMLIN-V2-S261,O007-RIGHTS-FREMLIN-DSL,O007-FREMLIN-V2-S261-SEG-261B,143,261B,261B,204,209,7973,7983,8653,8663,\Cal I_0,\Cal I_0,5d53a8e865b45be09fb052812526da1ebd70fe07199ecba6212f3fbc56a00cc4,5d53a8e865b45be09fb052812526da1ebd70fe07199ecba6212f3fbc56a00cc4,20271abc8c3d935bc90fbabe426c9e39a7beb28a9f908e88c2fbef52418cd023,$,,20271abc8c3d935bc90fbabe426c9e39a7beb28a9f908e88c2fbef52418cd023,20271abc8c3d935bc90fbabe426c9e39a7beb28a9f908e88c2fbef52418cd023,"{""basis"":""ordered source-target formula atom"",""kind"":""source-target-formula-map""}"
1.1.0,formula,O007-FREMLIN-V2-S261-FORMULA-0144,O007-FREMLIN-V2-S261,O007-RIGHTS-FREMLIN-DSL,O007-FREMLIN-V2-S261-SEG-261B,144,261B,261B,204,209,8009,8017,8701,8709,\Cal I,\Cal I,0831b19b7d701bc369de3b9489033af676d58a27cffc082eed279c76037f0863,0831b19b7d701bc369de3b9489033af676d58a27cffc082eed279c76037f0863,6699e3b8d4cac32e8f0765749cb20c71b87c478c548f6a173cae5d235e2036d0,$,,6699e3b8d4cac32e8f0765749cb20c71b87c478c548f6a173cae5d235e2036d0,6699e3b8d4cac32e8f0765749cb20c71b87c478c548f6a173cae5d235e2036d0,"{""basis"":""ordered source-target formula atom"",""kind"":""source-target-formula-map""}"
1.1.0,formula,O007-FREMLIN-V2-S261-FORMULA-0145,O007-FREMLIN-V2-S261,O007-RIGHTS-FREMLIN-DSL,O007-FREMLIN-V2-S261-SEG-261B,145,261B,261B,206,211,8050,8185,8743,8878,"A\setminus\bigcup\Cal I_0 
\subseteq(\BbbR^r\setminus\bigcup_{n\in\Bbb N}U_n) 
\cup\bigcup_{n\in\Bbb N}(A_n\setminus\bigcup\Cal J'_n)","A\setminus\bigcup\Cal I_0 
\subseteq(\BbbR^r\setminus\bigcup_{n\in\Bbb N}U_n) 
\cup\bigcup_{n\in\Bbb N}(A_n\setminus\bigcup\Cal J'_n)",b891e1f2cb88a04214ea89f8ff7ace7133304d570b926b0279cb6416f75fa8bf,b891e1f2cb88a04214ea89f8ff7ace7133304d570b926b0279cb6416f75fa8bf,058557e9dfdd29f7918ea8982cbfd17b09957662347e66db9be99142b8ee0d80,$,,058557e9dfdd29f7918ea8982cbfd17b09957662347e66db9be99142b8ee0d80,058557e9dfdd29f7918ea8982cbfd17b09957662347e66db9be99142b8ee0d80,"{""basis"":""ordered source-target formula atom"",""kind"":""source-target-formula-map""}"
1.1.0,formula,O007-FREMLIN-V2-S261-FORMULA-0146,O007-FREMLIN-V2-S261,O007-RIGHTS-FREMLIN-DSL,O007-FREMLIN-V2-S261-SEG-261B,146,261B,261B,210,215,8235,8299,8931,8995,"\Bbb 
R^r\setminus\bigcup_{n\in\Bbb N}U_n=\{x:\|x\|\in\Bbb N\}","\Bbb 
R^r\setminus\bigcup_{n\in\Bbb N}U_n=\{x:\|x\|\in\Bbb N\}",a0acfdfce10bafcfc3a86c4b22df3445751fc000941f100bbdf520f60ea3552a,a0acfdfce10bafcfc3a86c4b22df3445751fc000941f100bbdf520f60ea3552a,af303d2a7104a2c1c19ee539ad70f7fc57f5ff4eead33e9da4803fe3b40ba4e9,$,,af303d2a7104a2c1c19ee539ad70f7fc57f5ff4eead33e9da4803fe3b40ba4e9,af303d2a7104a2c1c19ee539ad70f7fc57f5ff4eead33e9da4803fe3b40ba4e9,"{""basis"":""ordered source-target formula atom"",""kind"":""source-target-formula-map""}"
1.1.0,formula,O007-FREMLIN-V2-S261-FORMULA-0147,O007-FREMLIN-V2-S261,O007-RIGHTS-FREMLIN-DSL,O007-FREMLIN-V2-S261-SEG-261B,147,261B,261B,212,217,8334,8346,9039,9051,n\in\Bbb N,n\in\Bbb N,d213946df59f2b85be55436de61a489b7c24c216dfb26056fc2946b32c730709,d213946df59f2b85be55436de61a489b7c24c216dfb26056fc2946b32c730709,02bb197ae0de627eb1861382dcf81826f92f1895770d739be7f05b2435488186,$,,02bb197ae0de627eb1861382dcf81826f92f1895770d739be7f05b2435488186,02bb197ae0de627eb1861382dcf81826f92f1895770d739be7f05b2435488186,"{""basis"":""ordered source-target formula atom"",""kind"":""source-target-formula-map""}"
1.1.0,formula,O007-FREMLIN-V2-S261-FORMULA-0148,O007-FREMLIN-V2-S261,O007-RIGHTS-FREMLIN-DSL,O007-FREMLIN-V2-S261-SEG-261B,148,261B,261B,214,219,8375,8442,9081,9148,"\{x:\|x\|=n\}\subseteq B(\tbf{0},n)\setminus 
B(\tbf{0},\delta n)","\{x:\|x\|=n\}\subseteq B(\tbf{0},n)\setminus 
B(\tbf{0},\delta n)",bea27edfefbe40a69a6e1681b869bd2bfac163214cd697a58dab5436f7021058,bea27edfefbe40a69a6e1681b869bd2bfac163214cd697a58dab5436f7021058,bcb7471fe8e416c127b5b9569a8ba1249cfa530f479557b25d654d99218177bd,$,,bcb7471fe8e416c127b5b9569a8ba1249cfa530f479557b25d654d99218177bd,bcb7471fe8e416c127b5b9569a8ba1249cfa530f479557b25d654d99218177bd,"{""basis"":""ordered source-target formula atom"",""kind"":""source-target-formula-map""}"
1.1.0,formula,O007-FREMLIN-V2-S261-FORMULA-0149,O007-FREMLIN-V2-S261,O007-RIGHTS-FREMLIN-DSL,O007-FREMLIN-V2-S261-SEG-261B,149,261B,261B,217,222,8482,8514,9198,9230,\beta_rn^r-\beta_r(\delta n)^r,\beta_rn^r-\beta_r(\delta n)^r,89ffb45f9dbf634bdee1042e24129fdcd416b949ddd077f1aed8ddc5a9cab497,89ffb45f9dbf634bdee1042e24129fdcd416b949ddd077f1aed8ddc5a9cab497,74e15019358898459effc3934f597fa91ea8038208a8b2a6d80a6ce2623e0adb,$,,74e15019358898459effc3934f597fa91ea8038208a8b2a6d80a6ce2623e0adb,74e15019358898459effc3934f597fa91ea8038208a8b2a6d80a6ce2623e0adb,"{""basis"":""ordered source-target formula atom"",""kind"":""source-target-formula-map""}"
1.1.0,formula,O007-FREMLIN-V2-S261-FORMULA-0150,O007-FREMLIN-V2-S261,O007-RIGHTS-FREMLIN-DSL,O007-FREMLIN-V2-S261-SEG-261B,150,261B,261B,218,223,8526,8548,9245,9267,"\delta\in\coint{0,1}","\delta\in\coint{0,1}",71afd58caed06a598affb2e8c532aaea799b9103aa8604d95eff82380580220c,71afd58caed06a598affb2e8c532aaea799b9103aa8604d95eff82380580220c,71afd58caed06a598affb2e8c532aaea799b9103aa8604d95eff82380580220c,$,,71afd58caed06a598affb2e8c532aaea799b9103aa8604d95eff82380580220c,71afd58caed06a598affb2e8c532aaea799b9103aa8604d95eff82380580220c,"{""basis"":""ordered source-target formula atom"",""kind"":""source-target-formula-map""}"
1.1.0,formula,O007-FREMLIN-V2-S261-FORMULA-0151,O007-FREMLIN-V2-S261,O007-RIGHTS-FREMLIN-DSL,O007-FREMLIN-V2-S261-SEG-261C,151,261C,261C,223,228,8670,8673,9430,9433,r,r,454349e422f05297191ead13e21d3db520e5abef52055e4964b82fb213f593a1,454349e422f05297191ead13e21d3db520e5abef52055e4964b82fb213f593a1,454349e422f05297191ead13e21d3db520e5abef52055e4964b82fb213f593a1,$,,454349e422f05297191ead13e21d3db520e5abef52055e4964b82fb213f593a1,454349e422f05297191ead13e21d3db520e5abef52055e4964b82fb213f593a1,"{""basis"":""ordered source-target formula atom"",""kind"":""source-target-formula-map""}"
1.1.0,formula,O007-FREMLIN-V2-S261-FORMULA-0152,O007-FREMLIN-V2-S261,O007-RIGHTS-FREMLIN-DSL,O007-FREMLIN-V2-S261-SEG-261C,152,261C,261C,228,233,8841,8850,9593,9602,\BbbR^r,\BbbR^r,6a5173578402ab704fe0e78c24a3f6f09fe9ed2c7ea0fbe574d688249eb91ed7,6a5173578402ab704fe0e78c24a3f6f09fe9ed2c7ea0fbe574d688249eb91ed7,6a5173578402ab704fe0e78c24a3f6f09fe9ed2c7ea0fbe574d688249eb91ed7,$,,6a5173578402ab704fe0e78c24a3f6f09fe9ed2c7ea0fbe574d688249eb91ed7,6a5173578402ab704fe0e78c24a3f6f09fe9ed2c7ea0fbe574d688249eb91ed7,"{""basis"":""ordered source-target formula atom"",""kind"":""source-target-formula-map""}"
1.1.0,formula,O007-FREMLIN-V2-S261-FORMULA-0153,O007-FREMLIN-V2-S261,O007-RIGHTS-FREMLIN-DSL,O007-FREMLIN-V2-S261-SEG-261C,153,261C,261C,228,234,8872,8875,9631,9634,D,D,3f39d5c348e5b79d06e842c114e6cc571583bbf44e4b0ebfda1a01ec05745d43,3f39d5c348e5b79d06e842c114e6cc571583bbf44e4b0ebfda1a01ec05745d43,3f39d5c348e5b79d06e842c114e6cc571583bbf44e4b0ebfda1a01ec05745d43,$,,3f39d5c348e5b79d06e842c114e6cc571583bbf44e4b0ebfda1a01ec05745d43,3f39d5c348e5b79d06e842c114e6cc571583bbf44e4b0ebfda1a01ec05745d43,"{""basis"":""ordered source-target formula atom"",""kind"":""source-target-formula-map""}"
1.1.0,formula,O007-FREMLIN-V2-S261-FORMULA-0154,O007-FREMLIN-V2-S261,O007-RIGHTS-FREMLIN-DSL,O007-FREMLIN-V2-S261-SEG-261C,154,261C,261C,229,234,8892,8901,9653,9662,\BbbR^r,\BbbR^r,6a5173578402ab704fe0e78c24a3f6f09fe9ed2c7ea0fbe574d688249eb91ed7,6a5173578402ab704fe0e78c24a3f6f09fe9ed2c7ea0fbe574d688249eb91ed7,6a5173578402ab704fe0e78c24a3f6f09fe9ed2c7ea0fbe574d688249eb91ed7,$,,6a5173578402ab704fe0e78c24a3f6f09fe9ed2c7ea0fbe574d688249eb91ed7,6a5173578402ab704fe0e78c24a3f6f09fe9ed2c7ea0fbe574d688249eb91ed7,"{""basis"":""ordered source-target formula atom"",""kind"":""source-target-formula-map""}"
1.1.0,formula,O007-FREMLIN-V2-S261-FORMULA-0155,O007-FREMLIN-V2-S261,O007-RIGHTS-FREMLIN-DSL,O007-FREMLIN-V2-S261-SEG-261C,155,261C,261C,229,234,8907,8910,9668,9671,f,f,252f10c83610ebca1a059c0bae8255eba2f95be4d1d7bcfa89d7248a82d9f111,252f10c83610ebca1a059c0bae8255eba2f95be4d1d7bcfa89d7248a82d9f111,252f10c83610ebca1a059c0bae8255eba2f95be4d1d7bcfa89d7248a82d9f111,$,,252f10c83610ebca1a059c0bae8255eba2f95be4d1d7bcfa89d7248a82d9f111,252f10c83610ebca1a059c0bae8255eba2f95be4d1d7bcfa89d7248a82d9f111,"{""basis"":""ordered source-target formula atom"",""kind"":""source-target-formula-map""}"
1.1.0,formula,O007-FREMLIN-V2-S261-FORMULA-0156,O007-FREMLIN-V2-S261,O007-RIGHTS-FREMLIN-DSL,O007-FREMLIN-V2-S261-SEG-261C,156,261C,261C,230,235,8960,8963,9725,9728,D,D,3f39d5c348e5b79d06e842c114e6cc571583bbf44e4b0ebfda1a01ec05745d43,3f39d5c348e5b79d06e842c114e6cc571583bbf44e4b0ebfda1a01ec05745d43,3f39d5c348e5b79d06e842c114e6cc571583bbf44e4b0ebfda1a01ec05745d43,$,,3f39d5c348e5b79d06e842c114e6cc571583bbf44e4b0ebfda1a01ec05745d43,3f39d5c348e5b79d06e842c114e6cc571583bbf44e4b0ebfda1a01ec05745d43,"{""basis"":""ordered source-target formula atom"",""kind"":""source-target-formula-map""}"
1.1.0,formula,O007-FREMLIN-V2-S261-FORMULA-0157,O007-FREMLIN-V2-S261,O007-RIGHTS-FREMLIN-DSL,O007-FREMLIN-V2-S261-SEG-261C,157,261C,261C,232,237,8992,9083,9755,9846,"f(x)=\lim_{\delta\downarrow 0}\Bover{1}{\mu B(x,\delta)} 
  \int_{D\cap B(x,\delta)}fd\mu","f(x)=\lim_{\delta\downarrow 0}\Bover{1}{\mu B(x,\delta)} 
  \int_{D\cap B(x,\delta)}fd\mu",0ea1e0a113f3f240767711350fa3b0a3e26ca4459e113753b97d4173ab02222c,0ea1e0a113f3f240767711350fa3b0a3e26ca4459e113753b97d4173ab02222c,317f37530d0617e182a4b7538a0df1f855e6526eea584179fffeaff01082bc10,$,,317f37530d0617e182a4b7538a0df1f855e6526eea584179fffeaff01082bc10,317f37530d0617e182a4b7538a0df1f855e6526eea584179fffeaff01082bc10,"{""basis"":""ordered source-target formula atom"",""kind"":""source-target-formula-map""}"
1.1.0,formula,O007-FREMLIN-V2-S261-FORMULA-0158,O007-FREMLIN-V2-S261,O007-RIGHTS-FREMLIN-DSL,O007-FREMLIN-V2-S261-SEG-261C,158,261C,261C,235,240,9120,9128,9886,9894,x\in D,x\in D,0cafff6d90bae55b0f35519bd070c867cf69022bfe6eb57f4ac0bb6ce2cfbd01,0cafff6d90bae55b0f35519bd070c867cf69022bfe6eb57f4ac0bb6ce2cfbd01,02660a526ff739e877b2593af5302507a9ff0fe767c3c51b1239ff488215ee23,$,,02660a526ff739e877b2593af5302507a9ff0fe767c3c51b1239ff488215ee23,02660a526ff739e877b2593af5302507a9ff0fe767c3c51b1239ff488215ee23,"{""basis"":""ordered source-target formula atom"",""kind"":""source-target-formula-map""}"
1.1.0,formula,O007-FREMLIN-V2-S261-FORMULA-0159,O007-FREMLIN-V2-S261,O007-RIGHTS-FREMLIN-DSL,O007-FREMLIN-V2-S261-SEG-261C,159,261C,261C,238,243,9216,9234,9975,9993,D=\dom f=\BbbR^r,D=\dom f=\BbbR^r,d9d596fd7ee91f8dc6e65b225723be377746d228d58f4fc326b5358ee686101c,d9d596fd7ee91f8dc6e65b225723be377746d228d58f4fc326b5358ee686101c,04d7fbeb16a90f62f881c0872e1d4b6c21c4fa5aba8f5eb402ebc3d1fdbf6412,$,,04d7fbeb16a90f62f881c0872e1d4b6c21c4fa5aba8f5eb402ebc3d1fdbf6412,04d7fbeb16a90f62f881c0872e1d4b6c21c4fa5aba8f5eb402ebc3d1fdbf6412,"{""basis"":""ordered source-target formula atom"",""kind"":""source-target-formula-map""}"
1.1.0,formula,O007-FREMLIN-V2-S261-FORMULA-0160,O007-FREMLIN-V2-S261,O007-RIGHTS-FREMLIN-DSL,O007-FREMLIN-V2-S261-SEG-261C,160,261C,261C,240,245,9249,9261,10009,10021,n\in\Bbb N,n\in\Bbb N,d213946df59f2b85be55436de61a489b7c24c216dfb26056fc2946b32c730709,d213946df59f2b85be55436de61a489b7c24c216dfb26056fc2946b32c730709,02bb197ae0de627eb1861382dcf81826f92f1895770d739be7f05b2435488186,$,,02bb197ae0de627eb1861382dcf81826f92f1895770d739be7f05b2435488186,02bb197ae0de627eb1861382dcf81826f92f1895770d739be7f05b2435488186,"{""basis"":""ordered source-target formula atom"",""kind"":""source-target-formula-map""}"
1.1.0,formula,O007-FREMLIN-V2-S261-FORMULA-0161,O007-FREMLIN-V2-S261,O007-RIGHTS-FREMLIN-DSL,O007-FREMLIN-V2-S261-SEG-261C,161,261C,261C,240,245,9266,9269,10026,10029,q,q,8e35c2cd3bf6641bdb0e2050b76932cbb2e6034a0ddacc1d9bea82a6ba57f7cf,8e35c2cd3bf6641bdb0e2050b76932cbb2e6034a0ddacc1d9bea82a6ba57f7cf,8e35c2cd3bf6641bdb0e2050b76932cbb2e6034a0ddacc1d9bea82a6ba57f7cf,$,,8e35c2cd3bf6641bdb0e2050b76932cbb2e6034a0ddacc1d9bea82a6ba57f7cf,8e35c2cd3bf6641bdb0e2050b76932cbb2e6034a0ddacc1d9bea82a6ba57f7cf,"{""basis"":""ordered source-target formula atom"",""kind"":""source-target-formula-map""}"
1.1.0,formula,O007-FREMLIN-V2-S261-FORMULA-0162,O007-FREMLIN-V2-S261,O007-RIGHTS-FREMLIN-DSL,O007-FREMLIN-V2-S261-SEG-261C,162,261C,261C,240,245,9271,9284,10031,10044,q'\in\Bbb Q,q'\in\Bbb Q,ac359acf9cfb9bba30845d953cf1378965accd7bcdd429114afe8668eaff7571,ac359acf9cfb9bba30845d953cf1378965accd7bcdd429114afe8668eaff7571,75270feaff1b86e6ffb8388b779a29e4a1f0d40928c9d4f1375a859527c5d1ef,$,,75270feaff1b86e6ffb8388b779a29e4a1f0d40928c9d4f1375a859527c5d1ef,75270feaff1b86e6ffb8388b779a29e4a1f0d40928c9d4f1375a859527c5d1ef,"{""basis"":""ordered source-target formula atom"",""kind"":""source-target-formula-map""}"
1.1.0,formula,O007-FREMLIN-V2-S261-FORMULA-0163,O007-FREMLIN-V2-S261,O007-RIGHTS-FREMLIN-DSL,O007-FREMLIN-V2-S261-SEG-261C,163,261C,261C,240,245,9290,9296,10052,10058,q<q',q<q',844725c05d87ff83a9c9a511c0f2b9d8b2cc969489a0d49572b2ed89793db15c,844725c05d87ff83a9c9a511c0f2b9d8b2cc969489a0d49572b2ed89793db15c,844725c05d87ff83a9c9a511c0f2b9d8b2cc969489a0d49572b2ed89793db15c,$,,844725c05d87ff83a9c9a511c0f2b9d8b2cc969489a0d49572b2ed89793db15c,844725c05d87ff83a9c9a511c0f2b9d8b2cc969489a0d49572b2ed89793db15c,"{""basis"":""ordered source-target formula atom"",""kind"":""source-target-formula-map""}"
1.1.0,formula,O007-FREMLIN-V2-S261-FORMULA-0164,O007-FREMLIN-V2-S261,O007-RIGHTS-FREMLIN-DSL,O007-FREMLIN-V2-S261-SEG-261C,164,261C,261C,242,247,9326,9460,10093,10227,"A=A_{nqq'} 
=\{x:\|x\|\le n,\,f(x)\le q,\, 
  \limsup_{\delta\downarrow 0}\Bover{1}{\mu B(x,\delta)} 
  \int_{B(x,\delta)}fd\mu>q'\}","A=A_{nqq'} 
=\{x:\|x\|\le n,\,f(x)\le q,\, 
  \limsup_{\delta\downarrow 0}\Bover{1}{\mu B(x,\delta)} 
  \int_{B(x,\delta)}fd\mu>q'\}",8752b89895b4c2bfa1fb87b2eaab4893aba20d9782784e997c50f152fa9ba7f0,8752b89895b4c2bfa1fb87b2eaab4893aba20d9782784e997c50f152fa9ba7f0,5e2d08fc6881a941dc188f27f65ce0d403b6e48b0e44c8fc1392146691b071a7,$,,5e2d08fc6881a941dc188f27f65ce0d403b6e48b0e44c8fc1392146691b071a7,5e2d08fc6881a941dc188f27f65ce0d403b6e48b0e44c8fc1392146691b071a7,"{""basis"":""ordered source-target formula atom"",""kind"":""source-target-formula-map""}"
1.1.0,formula,O007-FREMLIN-V2-S261-FORMULA-0165,O007-FREMLIN-V2-S261,O007-RIGHTS-FREMLIN-DSL,O007-FREMLIN-V2-S261-SEG-261C,165,261C,261C,247,252,9514,9524,10284,10294,\mu^*A>0,\mu^*A>0,0f9404ca67daaa94a1ae71ab591b84a8a20553a2026588a42e5b22be15a33474,0f9404ca67daaa94a1ae71ab591b84a8a20553a2026588a42e5b22be15a33474,0f9404ca67daaa94a1ae71ab591b84a8a20553a2026588a42e5b22be15a33474,$,,0f9404ca67daaa94a1ae71ab591b84a8a20553a2026588a42e5b22be15a33474,0f9404ca67daaa94a1ae71ab591b84a8a20553a2026588a42e5b22be15a33474,"{""basis"":""ordered source-target formula atom"",""kind"":""source-target-formula-map""}"
1.1.0,formula,O007-FREMLIN-V2-S261-FORMULA-0166,O007-FREMLIN-V2-S261,O007-RIGHTS-FREMLIN-DSL,O007-FREMLIN-V2-S261-SEG-261C,166,261C,261C,248,253,9536,9548,10303,10315,\epsilon>0,\epsilon>0,4c7785f41b6ba845fbf6fe3db625563505eedd141a7e6a016df047b5d14c0cc7,4c7785f41b6ba845fbf6fe3db625563505eedd141a7e6a016df047b5d14c0cc7,4c7785f41b6ba845fbf6fe3db625563505eedd141a7e6a016df047b5d14c0cc7,$,,4c7785f41b6ba845fbf6fe3db625563505eedd141a7e6a016df047b5d14c0cc7,4c7785f41b6ba845fbf6fe3db625563505eedd141a7e6a016df047b5d14c0cc7,"{""basis"":""ordered source-target formula atom"",""kind"":""source-target-formula-map""}"
1.1.0,formula,O007-FREMLIN-V2-S261-FORMULA-0167,O007-FREMLIN-V2-S261,O007-RIGHTS-FREMLIN-DSL,O007-FREMLIN-V2-S261-SEG-261C,167,261C,261C,248,253,9562,9593,10336,10367,\epsilon(1+|q|)<(q'-q)\mu^* A,\epsilon(1+|q|)<(q'-q)\mu^* A,fc8b97ef24c927d01f43e9bdb1d27a2dfe6776da8e0b42b204f8f05d4b64c865,fc8b97ef24c927d01f43e9bdb1d27a2dfe6776da8e0b42b204f8f05d4b64c865,7c7f49d02bf27af14c488cb6ea4b72d6afbb0958abf85da807caf64c33f208d9,$,,7c7f49d02bf27af14c488cb6ea4b72d6afbb0958abf85da807caf64c33f208d9,7c7f49d02bf27af14c488cb6ea4b72d6afbb0958abf85da807caf64c33f208d9,"{""basis"":""ordered source-target formula atom"",""kind"":""source-target-formula-map""}"
1.1.0,formula,O007-FREMLIN-V2-S261-FORMULA-0168,O007-FREMLIN-V2-S261,O007-RIGHTS-FREMLIN-DSL,O007-FREMLIN-V2-S261-SEG-261C,168,261C,261C,249,254,9604,9631,10380,10407,"\eta\in\ocint{0,\epsilon}","\eta\in\ocint{0,\epsilon}",93cd6d2bb7e9eac1cdc07908f9663db11fc6a473327e6c419f5e5599bf53e889,93cd6d2bb7e9eac1cdc07908f9663db11fc6a473327e6c419f5e5599bf53e889,93cd6d2bb7e9eac1cdc07908f9663db11fc6a473327e6c419f5e5599bf53e889,$,,93cd6d2bb7e9eac1cdc07908f9663db11fc6a473327e6c419f5e5599bf53e889,93cd6d2bb7e9eac1cdc07908f9663db11fc6a473327e6c419f5e5599bf53e889,"{""basis"":""ordered source-target formula atom"",""kind"":""source-target-formula-map""}"
1.1.0,formula,O007-FREMLIN-V2-S261-FORMULA-0169,O007-FREMLIN-V2-S261,O007-RIGHTS-FREMLIN-DSL,O007-FREMLIN-V2-S261-SEG-261C,169,261C,261C,249,254,9645,9669,10428,10452,\int_{E}|f|\le\epsilon,\int_{E}|f|\le\epsilon,35b4b3da41ab033956f0a8b797d463ccf5e7030cac100006226f3d5d35196e99,35b4b3da41ab033956f0a8b797d463ccf5e7030cac100006226f3d5d35196e99,35b4b3da41ab033956f0a8b797d463ccf5e7030cac100006226f3d5d35196e99,$,,35b4b3da41ab033956f0a8b797d463ccf5e7030cac100006226f3d5d35196e99,35b4b3da41ab033956f0a8b797d463ccf5e7030cac100006226f3d5d35196e99,"{""basis"":""ordered source-target formula atom"",""kind"":""source-target-formula-map""}"
1.1.0,formula,O007-FREMLIN-V2-S261-FORMULA-0170,O007-FREMLIN-V2-S261,O007-RIGHTS-FREMLIN-DSL,O007-FREMLIN-V2-S261-SEG-261C,170,261C,261C,250,255,9680,9694,10466,10480,\mu E\le\eta,\mu E\le\eta,341eb193526c1a30302054e1fd1fefdccbad5e4a95ac6db6712503e4bb1507cf,341eb193526c1a30302054e1fd1fefdccbad5e4a95ac6db6712503e4bb1507cf,040ca2c91a4d1c6c47034ded497341143840d6a695ebcc5ad6339e8bd4c22c94,$,,040ca2c91a4d1c6c47034ded497341143840d6a695ebcc5ad6339e8bd4c22c94,040ca2c91a4d1c6c47034ded497341143840d6a695ebcc5ad6339e8bd4c22c94,"{""basis"":""ordered source-target formula atom"",""kind"":""source-target-formula-map""}"
1.1.0,formula,O007-FREMLIN-V2-S261-FORMULA-0171,O007-FREMLIN-V2-S261,O007-RIGHTS-FREMLIN-DSL,O007-FREMLIN-V2-S261-SEG-261C,171,261C,261C,250,255,9709,9723,10518,10532,G\supseteq A,G\supseteq A,110b069decac292736cf86d7009ed830580a514d7b2bc3c1ae8b0e299f958b44,110b069decac292736cf86d7009ed830580a514d7b2bc3c1ae8b0e299f958b44,8b054795573149344c6e48cfe547ee74de9f88033f687bbcdc22858533542ea9,$,,8b054795573149344c6e48cfe547ee74de9f88033f687bbcdc22858533542ea9,8b054795573149344c6e48cfe547ee74de9f88033f687bbcdc22858533542ea9,"{""basis"":""ordered source-target formula atom"",""kind"":""source-target-formula-map""}"
1.1.0,formula,O007-FREMLIN-V2-S261-FORMULA-0172,O007-FREMLIN-V2-S261,O007-RIGHTS-FREMLIN-DSL,O007-FREMLIN-V2-S261-SEG-261C,172,261C,261C,252,256,9760,9773,10562,10575,\mu^*A+\eta,\mu^*A+\eta,87c17d3da12500e73bea97a8f9d41019901121a1119002be1e915884be49f4ba,87c17d3da12500e73bea97a8f9d41019901121a1119002be1e915884be49f4ba,87c17d3da12500e73bea97a8f9d41019901121a1119002be1e915884be49f4ba,$,,87c17d3da12500e73bea97a8f9d41019901121a1119002be1e915884be49f4ba,87c17d3da12500e73bea97a8f9d41019901121a1119002be1e915884be49f4ba,"{""basis"":""ordered source-target formula atom"",""kind"":""source-target-formula-map""}"
1.1.0,formula,O007-FREMLIN-V2-S261-FORMULA-0173,O007-FREMLIN-V2-S261,O007-RIGHTS-FREMLIN-DSL,O007-FREMLIN-V2-S261-SEG-261C,173,261C,261C,252,256,9789,9797,10594,10602,\Cal I,\Cal I,0831b19b7d701bc369de3b9489033af676d58a27cffc082eed279c76037f0863,0831b19b7d701bc369de3b9489033af676d58a27cffc082eed279c76037f0863,6699e3b8d4cac32e8f0765749cb20c71b87c478c548f6a173cae5d235e2036d0,$,,6699e3b8d4cac32e8f0765749cb20c71b87c478c548f6a173cae5d235e2036d0,6699e3b8d4cac32e8f0765749cb20c71b87c478c548f6a173cae5d235e2036d0,"{""basis"":""ordered source-target formula atom"",""kind"":""source-target-formula-map""}"
1.1.0,formula,O007-FREMLIN-V2-S261-FORMULA-0174,O007-FREMLIN-V2-S261,O007-RIGHTS-FREMLIN-DSL,O007-FREMLIN-V2-S261-SEG-261C,174,261C,261C,254,257,9839,9853,10645,10659,B\subseteq G,B\subseteq G,52448d13095060ac9aa3346d1a2a7bdd5a70775c0a619f4637bf9a444ef3a8e2,52448d13095060ac9aa3346d1a2a7bdd5a70775c0a619f4637bf9a444ef3a8e2,71c57a77a52bf3973def826ab8d1a5547be7cf754161e8a980dd39435168eda2,$,,71c57a77a52bf3973def826ab8d1a5547be7cf754161e8a980dd39435168eda2,71c57a77a52bf3973def826ab8d1a5547be7cf754161e8a980dd39435168eda2,"{""basis"":""ordered source-target formula atom"",""kind"":""source-target-formula-map""}"
1.1.0,formula,O007-FREMLIN-V2-S261-FORMULA-0175,O007-FREMLIN-V2-S261,O007-RIGHTS-FREMLIN-DSL,O007-FREMLIN-V2-S261-SEG-261C,175,261C,261C,254,258,9864,9899,10681,10716,\bover{1}{\mu B}\int_Bfd\mu\ge q',\bover{1}{\mu B}\int_Bfd\mu\ge q',6720465e81456dfca4bf71dfa50ae7eb5b7a7434903eb09f7ae694cc908475dc,6720465e81456dfca4bf71dfa50ae7eb5b7a7434903eb09f7ae694cc908475dc,724e1dcdd10bc7012ebfa2d06078884e7bbe5babef733f395e29f26a52af21fd,$,,724e1dcdd10bc7012ebfa2d06078884e7bbe5babef733f395e29f26a52af21fd,724e1dcdd10bc7012ebfa2d06078884e7bbe5babef733f395e29f26a52af21fd,"{""basis"":""ordered source-target formula atom"",""kind"":""source-target-formula-map""}"
1.1.0,formula,O007-FREMLIN-V2-S261-FORMULA-0176,O007-FREMLIN-V2-S261,O007-RIGHTS-FREMLIN-DSL,O007-FREMLIN-V2-S261-SEG-261C,176,261C,261C,255,258,9922,9925,10742,10745,A,A,559aead08264d5795d3909718cdd05abd49572e84fe55590eef31a88a08fdffd,559aead08264d5795d3909718cdd05abd49572e84fe55590eef31a88a08fdffd,559aead08264d5795d3909718cdd05abd49572e84fe55590eef31a88a08fdffd,$,,559aead08264d5795d3909718cdd05abd49572e84fe55590eef31a88a08fdffd,559aead08264d5795d3909718cdd05abd49572e84fe55590eef31a88a08fdffd,"{""basis"":""ordered source-target formula atom"",""kind"":""source-target-formula-map""}"
1.1.0,formula,O007-FREMLIN-V2-S261-FORMULA-0177,O007-FREMLIN-V2-S261,O007-RIGHTS-FREMLIN-DSL,O007-FREMLIN-V2-S261-SEG-261C,177,261C,261C,256,259,9999,10007,10799,10807,\Cal I,\Cal I,0831b19b7d701bc369de3b9489033af676d58a27cffc082eed279c76037f0863,0831b19b7d701bc369de3b9489033af676d58a27cffc082eed279c76037f0863,6699e3b8d4cac32e8f0765749cb20c71b87c478c548f6a173cae5d235e2036d0,$,,6699e3b8d4cac32e8f0765749cb20c71b87c478c548f6a173cae5d235e2036d0,6699e3b8d4cac32e8f0765749cb20c71b87c478c548f6a173cae5d235e2036d0,"{""basis"":""ordered source-target formula atom"",""kind"":""source-target-formula-map""}"
1.1.0,formula,O007-FREMLIN-V2-S261-FORMULA-0178,O007-FREMLIN-V2-S261,O007-RIGHTS-FREMLIN-DSL,O007-FREMLIN-V2-S261-SEG-261C,178,261C,261C,257,262,10049,10074,10921,10946,\Cal I_0\subseteq\Cal I,\Cal I_0\subseteq\Cal I,01128ff72bef0ee40df887d68f7bb6dc8f3fe590583a7d98d7dc519e81655f20,01128ff72bef0ee40df887d68f7bb6dc8f3fe590583a7d98d7dc519e81655f20,7fdeaa3f6a67a66280d5b8e57cd9bc15e6b721712793cf046f1b44821d65472d,$,,7fdeaa3f6a67a66280d5b8e57cd9bc15e6b721712793cf046f1b44821d65472d,7fdeaa3f6a67a66280d5b8e57cd9bc15e6b721712793cf046f1b44821d65472d,"{""basis"":""ordered source-target formula atom"",""kind"":""source-target-formula-map""}"
1.1.0,formula,O007-FREMLIN-V2-S261-FORMULA-0179,O007-FREMLIN-V2-S261,O007-RIGHTS-FREMLIN-DSL,O007-FREMLIN-V2-S261-SEG-261C,179,261C,261C,258,263,10086,10120,10968,11002,\mu(A\setminus\bigcup\Cal I_0)=0,\mu(A\setminus\bigcup\Cal I_0)=0,214af9d6128d9fc57d0f62e6b081cb9f3d397390a58f09f5bf7e74af821d5942,214af9d6128d9fc57d0f62e6b081cb9f3d397390a58f09f5bf7e74af821d5942,a884d2e1d40a0eff777adcfedbafdeb957c04acaf9f0f784de4aebd1de8c1f52,$,,a884d2e1d40a0eff777adcfedbafdeb957c04acaf9f0f784de4aebd1de8c1f52,a884d2e1d40a0eff777adcfedbafdeb957c04acaf9f0f784de4aebd1de8c1f52,"{""basis"":""ordered source-target formula atom"",""kind"":""source-target-formula-map""}"
1.1.0,formula,O007-FREMLIN-V2-S261-FORMULA-0180,O007-FREMLIN-V2-S261,O007-RIGHTS-FREMLIN-DSL,O007-FREMLIN-V2-S261-SEG-261C,180,261C,261C,258,263,10136,10155,11013,11032,H=\bigcup\Cal I_0,H=\bigcup\Cal I_0,05a5d64730e24d87c20cbc0deea9b758f01fdca91f33e1ea392484b1902a194b,05a5d64730e24d87c20cbc0deea9b758f01fdca91f33e1ea392484b1902a194b,2514d6fde63f2460e062c3c713823d9ca4565e1073503848635128d274850ee3,$,,2514d6fde63f2460e062c3c713823d9ca4565e1073503848635128d274850ee3,2514d6fde63f2460e062c3c713823d9ca4565e1073503848635128d274850ee3,"{""basis"":""ordered source-target formula atom"",""kind"":""source-target-formula-map""}"
1.1.0,formula,O007-FREMLIN-V2-S261-FORMULA-0181,O007-FREMLIN-V2-S261,O007-RIGHTS-FREMLIN-DSL,O007-FREMLIN-V2-S261-SEG-261C,181,261C,261C,260,265,10173,10199,11049,11075,\int_{I}fd\mu\ge q'\mu I,\int_{I}fd\mu\ge q'\mu I,d14eeee8eb501c6f9264c2bfb9dcd26fbabe2d25306fcac726788ddf047c3e51,d14eeee8eb501c6f9264c2bfb9dcd26fbabe2d25306fcac726788ddf047c3e51,efb8cb043ff773523e887f0b89a6bb6087c360c0b18260345051f892b91a5899,$,,efb8cb043ff773523e887f0b89a6bb6087c360c0b18260345051f892b91a5899,efb8cb043ff773523e887f0b89a6bb6087c360c0b18260345051f892b91a5899,"{""basis"":""ordered source-target formula atom"",""kind"":""source-target-formula-map""}"
1.1.0,formula,O007-FREMLIN-V2-S261-FORMULA-0182,O007-FREMLIN-V2-S261,O007-RIGHTS-FREMLIN-DSL,O007-FREMLIN-V2-S261-SEG-261C,182,261C,261C,260,265,10209,10223,11089,11103,I\in\Cal I_0,I\in\Cal I_0,bdf44287669e65fe7d9c5c4cbba9f82854c1edb71da1ac1dfee283cb3d413a1b,bdf44287669e65fe7d9c5c4cbba9f82854c1edb71da1ac1dfee283cb3d413a1b,009a0267ca00671f411d653517297d40b45e394621b5a7da0e96482f8fd1f964,$,,009a0267ca00671f411d653517297d40b45e394621b5a7da0e96482f8fd1f964,009a0267ca00671f411d653517297d40b45e394621b5a7da0e96482f8fd1f964,"{""basis"":""ordered source-target formula atom"",""kind"":""source-target-formula-map""}"
1.1.0,formula,O007-FREMLIN-V2-S261-FORMULA-0183,O007-FREMLIN-V2-S261,O007-RIGHTS-FREMLIN-DSL,O007-FREMLIN-V2-S261-SEG-261C,183,261C,261C,263,268,10254,10353,11141,11240,"\int_{H}fd\mu=\sum_{I\in\Cal I_0}\int_Ifd\mu 
\ge q'\sum_{I\in\Cal I_0}\mu I=q'\mu H\ge q'\mu^* A","\int_{H}fd\mu=\sum_{I\in\Cal I_0}\int_Ifd\mu 
\ge q'\sum_{I\in\Cal I_0}\mu I=q'\mu H\ge q'\mu^* A",1214fdd894648ec55d42e961adede4a409397cededbca3fdb3c7c6ebce1b0217,1214fdd894648ec55d42e961adede4a409397cededbca3fdb3c7c6ebce1b0217,53d1b64ba0efc6fa906f15c1c5be5b49d2afb704aafd14186ebe5a2fbb7b84d3,$,,53d1b64ba0efc6fa906f15c1c5be5b49d2afb704aafd14186ebe5a2fbb7b84d3,53d1b64ba0efc6fa906f15c1c5be5b49d2afb704aafd14186ebe5a2fbb7b84d3,"{""basis"":""ordered source-target formula atom"",""kind"":""source-target-formula-map""}"
1.1.0,formula,O007-FREMLIN-V2-S261-FORMULA-0184,O007-FREMLIN-V2-S261,O007-RIGHTS-FREMLIN-DSL,O007-FREMLIN-V2-S261-SEG-261C,184,261C,261C,268,273,10398,10426,11290,11318,"E=\{x:x\in G,\,f(x)\le q\}","E=\{x:x\in G,\,f(x)\le q\}",dbe70e256688b398faf911fe166f66f3aff5fbebc394a739fdb89f27b6870ff6,dbe70e256688b398faf911fe166f66f3aff5fbebc394a739fdb89f27b6870ff6,6e82c693393c1483b9da4f399448a65190af6421ea369b4447989f3a960ec97a,$,,6e82c693393c1483b9da4f399448a65190af6421ea369b4447989f3a960ec97a,6e82c693393c1483b9da4f399448a65190af6421ea369b4447989f3a960ec97a,"{""basis"":""ordered source-target formula atom"",""kind"":""source-target-formula-map""}"
1.1.0,formula,O007-FREMLIN-V2-S261-FORMULA-0185,O007-FREMLIN-V2-S261,O007-RIGHTS-FREMLIN-DSL,O007-FREMLIN-V2-S261-SEG-261C,185,261C,261C,270,275,10452,10455,11344,11347,E,E,a9f51566bd6705f7ea6ad54bb9deb449f795582d6529a0e22207b8981233ec58,a9f51566bd6705f7ea6ad54bb9deb449f795582d6529a0e22207b8981233ec58,a9f51566bd6705f7ea6ad54bb9deb449f795582d6529a0e22207b8981233ec58,$,,a9f51566bd6705f7ea6ad54bb9deb449f795582d6529a0e22207b8981233ec58,a9f51566bd6705f7ea6ad54bb9deb449f795582d6529a0e22207b8981233ec58,"{""basis"":""ordered source-target formula atom"",""kind"":""source-target-formula-map""}"
1.1.0,formula,O007-FREMLIN-V2-S261-FORMULA-0186,O007-FREMLIN-V2-S261,O007-RIGHTS-FREMLIN-DSL,O007-FREMLIN-V2-S261-SEG-261C,186,261C,261C,270,275,10475,10500,11361,11386,A\subseteq E\subseteq G,A\subseteq E\subseteq G,4286c739d7a52748c9a44b60432a784b76d2829f8c892a9ada6fe9de65c290ad,4286c739d7a52748c9a44b60432a784b76d2829f8c892a9ada6fe9de65c290ad,4d3b9e0be56424f6a0df0bf584f989d33e7ee1f5ae503d5c1bcd48c02f66d22f,$,,4d3b9e0be56424f6a0df0bf584f989d33e7ee1f5ae503d5c1bcd48c02f66d22f,4d3b9e0be56424f6a0df0bf584f989d33e7ee1f5ae503d5c1bcd48c02f66d22f,"{""basis"":""ordered source-target formula atom"",""kind"":""source-target-formula-map""}"
1.1.0,formula,O007-FREMLIN-V2-S261-FORMULA-0187,O007-FREMLIN-V2-S261,O007-RIGHTS-FREMLIN-DSL,O007-FREMLIN-V2-S261-SEG-261C,187,261C,261C,273,277,10526,10587,11413,11474,"\mu^* A\le\mu E\le\mu G\le\mu^* A+\eta 
\le\mu^* A+\epsilon","\mu^* A\le\mu E\le\mu G\le\mu^* A+\eta 
\le\mu^* A+\epsilon",6c674a460283dbb09afe18bc368c9fb0a3e03b30ed70d356cd1effc4b43b259e,6c674a460283dbb09afe18bc368c9fb0a3e03b30ed70d356cd1effc4b43b259e,5ede0df8fd68ac0b37fade3858133fddec0f6fe29bebf773fd42cd355c50afd7,$,,5ede0df8fd68ac0b37fade3858133fddec0f6fe29bebf773fd42cd355c50afd7,5ede0df8fd68ac0b37fade3858133fddec0f6fe29bebf773fd42cd355c50afd7,"{""basis"":""ordered source-target formula atom"",""kind"":""source-target-formula-map""}"
1.1.0,formula,O007-FREMLIN-V2-S261-FORMULA-0188,O007-FREMLIN-V2-S261,O007-RIGHTS-FREMLIN-DSL,O007-FREMLIN-V2-S261-SEG-261C,188,261C,261C,278,282,10634,10674,11527,11567,\mu(H\setminus E)\le\mu G-\mu E\le\eta,\mu(H\setminus E)\le\mu G-\mu E\le\eta,b4f8b8dfb6cb9d9e8a1adccb3a4022bd088e10a4a94b5d3f2479a6aef21c271c,b4f8b8dfb6cb9d9e8a1adccb3a4022bd088e10a4a94b5d3f2479a6aef21c271c,ddbb7c78828627a32c9ccba4b0e15bb4f13dc4cd984391bd973907be707f0896,$,,ddbb7c78828627a32c9ccba4b0e15bb4f13dc4cd984391bd973907be707f0896,ddbb7c78828627a32c9ccba4b0e15bb4f13dc4cd984391bd973907be707f0896,"{""basis"":""ordered source-target formula atom"",""kind"":""source-target-formula-map""}"
1.1.0,formula,O007-FREMLIN-V2-S261-FORMULA-0189,O007-FREMLIN-V2-S261,O007-RIGHTS-FREMLIN-DSL,O007-FREMLIN-V2-S261-SEG-261C,189,261C,261C,281,284,10716,10722,11620,11626,\eta,\eta,59a94416a2a319caf40a348286e620ef3594226a2eac1efe842231962d1e157d,59a94416a2a319caf40a348286e620ef3594226a2eac1efe842231962d1e157d,59a94416a2a319caf40a348286e620ef3594226a2eac1efe842231962d1e157d,$,,59a94416a2a319caf40a348286e620ef3594226a2eac1efe842231962d1e157d,59a94416a2a319caf40a348286e620ef3594226a2eac1efe842231962d1e157d,"{""basis"":""ordered source-target formula atom"",""kind"":""source-target-formula-map""}"
1.1.0,formula,O007-FREMLIN-V2-S261-FORMULA-0190,O007-FREMLIN-V2-S261,O007-RIGHTS-FREMLIN-DSL,O007-FREMLIN-V2-S261-SEG-261C,190,261C,261C,281,285,10724,10757,11629,11662,\int_{H\setminus E}f\le\epsilon,\int_{H\setminus E}f\le\epsilon,aacaa4c8dc088f62f5836d75b1abb59dc182e28424fa4c9ea7dd4d6074784b53,aacaa4c8dc088f62f5836d75b1abb59dc182e28424fa4c9ea7dd4d6074784b53,e5f5c849a386c0e06efdee77dc84e9e6d63b3fa3f3bf9a4f0bc0a9dc3a40ca2d,$,,e5f5c849a386c0e06efdee77dc84e9e6d63b3fa3f3bf9a4f0bc0a9dc3a40ca2d,e5f5c849a386c0e06efdee77dc84e9e6d63b3fa3f3bf9a4f0bc0a9dc3a40ca2d,"{""basis"":""ordered source-target formula atom"",""kind"":""source-target-formula-map""}"
1.1.0,formula,O007-FREMLIN-V2-S261-FORMULA-0191,O007-FREMLIN-V2-S261,O007-RIGHTS-FREMLIN-DSL,O007-FREMLIN-V2-S261-SEG-261C,191,261C,261C,283,287,10770,11038,11675,11942,"\eqalignno{\int_{H}f 
&\le\epsilon+\int_{H\cap E}f 
\le\epsilon+q\mu(H\cap E)\cr 
&\le\epsilon+q\mu^*A+|q|(\mu(H\cap E)-\mu^* A) 
\le q\mu^* A+\epsilon(1+|q|)\cr 
\displaycause{because $\mu^*A=\mu^*(A\cap H)\le\mu(H\cap E)\le\mu E$} 
&<q'\mu^* A 
\le\int_{H}f,\cr}","\eqalignno{\int_{H}f 
&\le\epsilon+\int_{H\cap E}f 
\le\epsilon+q\mu(H\cap E)\cr 
&\le\epsilon+q\mu^*A+|q|(\mu(H\cap E)-\mu^* A) 
\le q\mu^* A+\epsilon(1+|q|)\cr 
\displaycause{karena $\mu^*A=\mu^*(A\cap H)\le\mu(H\cap E)\le\mu E$} 
&<q'\mu^* A 
\le\int_{H}f,\cr}",1467dd42f940fbf758ccf647a4fa970d46bd0138980b87182fc51681b321169f,b51de41a95ea11ed2272eebb496715fe17b38ec37d6612e9122283fb653dd149,45cc70dd7e12543be5625dff643ebc2125ae455a879e18a2f7bddb19f77550aa,$$,,4a2229d976b31e58f34735bbcb7321001427da361c60fc4e3d75c4286814c286,45cc70dd7e12543be5625dff643ebc2125ae455a879e18a2f7bddb19f77550aa,"{""basis"":""ordered source-target formula atom"",""kind"":""source-target-formula-map""}"
1.1.0,formula,O007-FREMLIN-V2-S261-FORMULA-0192,O007-FREMLIN-V2-S261,O007-RIGHTS-FREMLIN-DSL,O007-FREMLIN-V2-S261-SEG-261C,192,261C,261C,294,298,11098,11108,11996,12006,A_{nqq'},A_{nqq'},ccc8998d989c3b365e11dabd5223945eb3a618526cfb0f65c82e5b0fd5bb3a77,ccc8998d989c3b365e11dabd5223945eb3a618526cfb0f65c82e5b0fd5bb3a77,ccc8998d989c3b365e11dabd5223945eb3a618526cfb0f65c82e5b0fd5bb3a77,$,,ccc8998d989c3b365e11dabd5223945eb3a618526cfb0f65c82e5b0fd5bb3a77,ccc8998d989c3b365e11dabd5223945eb3a618526cfb0f65c82e5b0fd5bb3a77,"{""basis"":""ordered source-target formula atom"",""kind"":""source-target-formula-map""}"
1.1.0,formula,O007-FREMLIN-V2-S261-FORMULA-0193,O007-FREMLIN-V2-S261,O007-RIGHTS-FREMLIN-DSL,O007-FREMLIN-V2-S261-SEG-261C,193,261C,261C,294,298,11147,11153,12043,12049,q<q',q<q',844725c05d87ff83a9c9a511c0f2b9d8b2cc969489a0d49572b2ed89793db15c,844725c05d87ff83a9c9a511c0f2b9d8b2cc969489a0d49572b2ed89793db15c,844725c05d87ff83a9c9a511c0f2b9d8b2cc969489a0d49572b2ed89793db15c,$,,844725c05d87ff83a9c9a511c0f2b9d8b2cc969489a0d49572b2ed89793db15c,844725c05d87ff83a9c9a511c0f2b9d8b2cc969489a0d49572b2ed89793db15c,"{""basis"":""ordered source-target formula atom"",""kind"":""source-target-formula-map""}"
1.1.0,formula,O007-FREMLIN-V2-S261-FORMULA-0194,O007-FREMLIN-V2-S261,O007-RIGHTS-FREMLIN-DSL,O007-FREMLIN-V2-S261-SEG-261C,194,261C,261C,295,298,11163,11166,12060,12063,n,n,1b16b1df538ba12dc3f97edbb85caa7050d46c148134290feba80f8236c83db9,1b16b1df538ba12dc3f97edbb85caa7050d46c148134290feba80f8236c83db9,1b16b1df538ba12dc3f97edbb85caa7050d46c148134290feba80f8236c83db9,$,,1b16b1df538ba12dc3f97edbb85caa7050d46c148134290feba80f8236c83db9,1b16b1df538ba12dc3f97edbb85caa7050d46c148134290feba80f8236c83db9,"{""basis"":""ordered source-target formula atom"",""kind"":""source-target-formula-map""}"
1.1.0,formula,O007-FREMLIN-V2-S261-FORMULA-0195,O007-FREMLIN-V2-S261,O007-RIGHTS-FREMLIN-DSL,O007-FREMLIN-V2-S261-SEG-261C,195,261C,261C,297,301,11191,11257,12095,12161,"A^*=\bigcup_{q,q'\in\Bbb Q,q<q'} 
  \bigcup_{n\in\Bbb N}A_{nqq'}","A^*=\bigcup_{q,q'\in\Bbb Q,q<q'} 
  \bigcup_{n\in\Bbb N}A_{nqq'}",5e1a508b638c46597f932070b213faed145bf4c41737d2ec2e2df9807709938c,5e1a508b638c46597f932070b213faed145bf4c41737d2ec2e2df9807709938c,7c274b2cb3ec03c5661c6835f0b83a0c5ec505dfb1fa76eed08247668a1145d0,$,,7c274b2cb3ec03c5661c6835f0b83a0c5ec505dfb1fa76eed08247668a1145d0,7c274b2cb3ec03c5661c6835f0b83a0c5ec505dfb1fa76eed08247668a1145d0,"{""basis"":""ordered source-target formula atom"",""kind"":""source-target-formula-map""}"
1.1.0,formula,O007-FREMLIN-V2-S261-FORMULA-0196,O007-FREMLIN-V2-S261,O007-RIGHTS-FREMLIN-DSL,O007-FREMLIN-V2-S261-SEG-261C,196,261C,261C,302,306,11318,11406,12220,12308,"f(x) 
\ge\limsup_{\delta\downarrow 0}\Bover{1}{\mu B(x,\delta)} 
  \int_{B(x,\delta)}f","f(x) 
\ge\limsup_{\delta\downarrow 0}\Bover{1}{\mu B(x,\delta)} 
  \int_{B(x,\delta)}f",26afc0cc54b116d7e12e3a5efb452249280de61361f8edfb5518d4d1c24c29ab,26afc0cc54b116d7e12e3a5efb452249280de61361f8edfb5518d4d1c24c29ab,6c924e75ad72fbe177a986a80dc1978c75e07b414df09db1fb0f772da4e02f10,$,,6c924e75ad72fbe177a986a80dc1978c75e07b414df09db1fb0f772da4e02f10,6c924e75ad72fbe177a986a80dc1978c75e07b414df09db1fb0f772da4e02f10,"{""basis"":""ordered source-target formula atom"",""kind"":""source-target-formula-map""}"
1.1.0,formula,O007-FREMLIN-V2-S261-FORMULA-0197,O007-FREMLIN-V2-S261,O007-RIGHTS-FREMLIN-DSL,O007-FREMLIN-V2-S261-SEG-261C,197,261C,261C,306,310,11436,11462,12341,12367,x\in\BbbR^r\setminus A^*,x\in\BbbR^r\setminus A^*,144d05a22e7ebac4feaa549cebcb408c40ce4a8f555d703aa8d665dd31e23cb1,144d05a22e7ebac4feaa549cebcb408c40ce4a8f555d703aa8d665dd31e23cb1,157ae361023a2e0612d97260a6b76d567d4032dd7b01ecb2f6748086e41546f1,$,,157ae361023a2e0612d97260a6b76d567d4032dd7b01ecb2f6748086e41546f1,157ae361023a2e0612d97260a6b76d567d4032dd7b01ecb2f6748086e41546f1,"{""basis"":""ordered source-target formula atom"",""kind"":""source-target-formula-map""}"
1.1.0,formula,O007-FREMLIN-V2-S261-FORMULA-0198,O007-FREMLIN-V2-S261,O007-RIGHTS-FREMLIN-DSL,O007-FREMLIN-V2-S261-SEG-261C,198,261C,261C,307,311,11489,11503,12397,12411,x\in \BbbR^r,x\in \BbbR^r,9d1f4417a0a5923844acd041bdb1074f6a86adfc442bcd96f8ad96b85e279252,9d1f4417a0a5923844acd041bdb1074f6a86adfc442bcd96f8ad96b85e279252,28a5c24eff3f773cb7f1b8cb06abe0257fd7f24074f24012e181e6e939b1a5cc,$,,28a5c24eff3f773cb7f1b8cb06abe0257fd7f24074f24012e181e6e939b1a5cc,28a5c24eff3f773cb7f1b8cb06abe0257fd7f24074f24012e181e6e939b1a5cc,"{""basis"":""ordered source-target formula atom"",""kind"":""source-target-formula-map""}"
1.1.0,formula,O007-FREMLIN-V2-S261-FORMULA-0199,O007-FREMLIN-V2-S261,O007-RIGHTS-FREMLIN-DSL,O007-FREMLIN-V2-S261-SEG-261C,199,261C,261C,311,315,11578,11582,12506,12510,-f,-f,0e6503c1ece40e4ea7668463248ea2716eb37643f2c2c605f8bcee4d195a1705,0e6503c1ece40e4ea7668463248ea2716eb37643f2c2c605f8bcee4d195a1705,0e6503c1ece40e4ea7668463248ea2716eb37643f2c2c605f8bcee4d195a1705,$,,0e6503c1ece40e4ea7668463248ea2716eb37643f2c2c605f8bcee4d195a1705,0e6503c1ece40e4ea7668463248ea2716eb37643f2c2c605f8bcee4d195a1705,"{""basis"":""ordered source-target formula atom"",""kind"":""source-target-formula-map""}"
1.1.0,formula,O007-FREMLIN-V2-S261-FORMULA-0200,O007-FREMLIN-V2-S261,O007-RIGHTS-FREMLIN-DSL,O007-FREMLIN-V2-S261-SEG-261C,200,261C,261C,313,317,11604,11692,12532,12620,"f(x) 
\le\liminf_{\delta\downarrow 0}\Bover{1}{\mu B(x,\delta)} 
  \int_{B(x,\delta)}f","f(x) 
\le\liminf_{\delta\downarrow 0}\Bover{1}{\mu B(x,\delta)} 
  \int_{B(x,\delta)}f",d5c9776e77b1a49b54651c76bce6823557fd073f6158d6a4f504bd7c956fb52b,d5c9776e77b1a49b54651c76bce6823557fd073f6158d6a4f504bd7c956fb52b,31fac2d3bd691e0770facbe335fc5d2886224fdc4758677de1f326b34f02f202,$,,31fac2d3bd691e0770facbe335fc5d2886224fdc4758677de1f326b34f02f202,31fac2d3bd691e0770facbe335fc5d2886224fdc4758677de1f326b34f02f202,"{""basis"":""ordered source-target formula atom"",""kind"":""source-target-formula-map""}"
1.1.0,formula,O007-FREMLIN-V2-S261-FORMULA-0201,O007-FREMLIN-V2-S261,O007-RIGHTS-FREMLIN-DSL,O007-FREMLIN-V2-S261-SEG-261C,201,261C,261C,317,321,11729,11732,12660,12663,x,x,2d711642b726b04401627ca9fbac32f5c8530fb1903cc4db02258717921a4881,2d711642b726b04401627ca9fbac32f5c8530fb1903cc4db02258717921a4881,2d711642b726b04401627ca9fbac32f5c8530fb1903cc4db02258717921a4881,$,,2d711642b726b04401627ca9fbac32f5c8530fb1903cc4db02258717921a4881,2d711642b726b04401627ca9fbac32f5c8530fb1903cc4db02258717921a4881,"{""basis"":""ordered source-target formula atom"",""kind"":""source-target-formula-map""}"
1.1.0,formula,O007-FREMLIN-V2-S261-FORMULA-0202,O007-FREMLIN-V2-S261,O007-RIGHTS-FREMLIN-DSL,O007-FREMLIN-V2-S261-SEG-261C,202,261C,261C,319,323,11757,11840,12694,12777,"f(x) 
=\lim_{\delta\downarrow 0}\Bover{1}{\mu B(x,\delta)} 
  \int_{B(x,\delta)}f","f(x) 
=\lim_{\delta\downarrow 0}\Bover{1}{\mu B(x,\delta)} 
  \int_{B(x,\delta)}f",31f5a6cfb7595413b1ab690fdb66d3c6fea39758fa457afd1923bbee4b173a4e,31f5a6cfb7595413b1ab690fdb66d3c6fea39758fa457afd1923bbee4b173a4e,48fd12de95d00858cc81c7e939bd3c6812882f147a3ed3121f878bc71c0ea306,$,,48fd12de95d00858cc81c7e939bd3c6812882f147a3ed3121f878bc71c0ea306,48fd12de95d00858cc81c7e939bd3c6812882f147a3ed3121f878bc71c0ea306,"{""basis"":""ordered source-target formula atom"",""kind"":""source-target-formula-map""}"
1.1.0,formula,O007-FREMLIN-V2-S261-FORMULA-0203,O007-FREMLIN-V2-S261,O007-RIGHTS-FREMLIN-DSL,O007-FREMLIN-V2-S261-SEG-261C,203,261C,261C,323,327,11877,11880,12817,12820,x,x,2d711642b726b04401627ca9fbac32f5c8530fb1903cc4db02258717921a4881,2d711642b726b04401627ca9fbac32f5c8530fb1903cc4db02258717921a4881,2d711642b726b04401627ca9fbac32f5c8530fb1903cc4db02258717921a4881,$,,2d711642b726b04401627ca9fbac32f5c8530fb1903cc4db02258717921a4881,2d711642b726b04401627ca9fbac32f5c8530fb1903cc4db02258717921a4881,"{""basis"":""ordered source-target formula atom"",""kind"":""source-target-formula-map""}"
1.1.0,formula,O007-FREMLIN-V2-S261-FORMULA-0204,O007-FREMLIN-V2-S261,O007-RIGHTS-FREMLIN-DSL,O007-FREMLIN-V2-S261-SEG-261C,204,261C,261C,328,332,11991,12001,12951,12961,\tilde f,\tilde f,a97980bd5ea2687b95a92a20b39eb9c81e8b5f425db0e06c97f532f4b96186b2,a97980bd5ea2687b95a92a20b39eb9c81e8b5f425db0e06c97f532f4b96186b2,ce8592b31e55f9d7fdf9839cfa5eac9f2131e54b58027dc4159c14bb9b5fe3b0,$,,ce8592b31e55f9d7fdf9839cfa5eac9f2131e54b58027dc4159c14bb9b5fe3b0,ce8592b31e55f9d7fdf9839cfa5eac9f2131e54b58027dc4159c14bb9b5fe3b0,"{""basis"":""ordered source-target formula atom"",""kind"":""source-target-formula-map""}"
1.1.0,formula,O007-FREMLIN-V2-S261-FORMULA-0205,O007-FREMLIN-V2-S261,O007-RIGHTS-FREMLIN-DSL,O007-FREMLIN-V2-S261-SEG-261C,205,261C,261C,328,333,12007,12012,13005,13010,\mu,\mu,492247e1bab15272d1e53b8015c042bf6fa0cb8f23ec52cad93d6ba80dafb804,492247e1bab15272d1e53b8015c042bf6fa0cb8f23ec52cad93d6ba80dafb804,492247e1bab15272d1e53b8015c042bf6fa0cb8f23ec52cad93d6ba80dafb804,$,,492247e1bab15272d1e53b8015c042bf6fa0cb8f23ec52cad93d6ba80dafb804,492247e1bab15272d1e53b8015c042bf6fa0cb8f23ec52cad93d6ba80dafb804,"{""basis"":""ordered source-target formula atom"",""kind"":""source-target-formula-map""}"
1.1.0,formula,O007-FREMLIN-V2-S261-FORMULA-0206,O007-FREMLIN-V2-S261,O007-RIGHTS-FREMLIN-DSL,O007-FREMLIN-V2-S261-SEG-261C,206,261C,261C,329,333,12044,12055,13026,13037,f\restr D,f\restr D,5112fcadfabd608cc08d90f943f50672a80d31dfc8bd03e31c5a807552e39da0,5112fcadfabd608cc08d90f943f50672a80d31dfc8bd03e31c5a807552e39da0,2dd4f971c6c093cc22ca2ae4421e7c8e557810b92d07709d62b25970949391e3,$,,2dd4f971c6c093cc22ca2ae4421e7c8e557810b92d07709d62b25970949391e3,2dd4f971c6c093cc22ca2ae4421e7c8e557810b92d07709d62b25970949391e3,"{""basis"":""ordered source-target formula atom"",""kind"":""source-target-formula-map""}"
1.1.0,formula,O007-FREMLIN-V2-S261-FORMULA-0207,O007-FREMLIN-V2-S261,O007-RIGHTS-FREMLIN-DSL,O007-FREMLIN-V2-S261-SEG-261C,207,261C,261C,329,333,12079,12088,13062,13071,\BbbR^r,\BbbR^r,6a5173578402ab704fe0e78c24a3f6f09fe9ed2c7ea0fbe574d688249eb91ed7,6a5173578402ab704fe0e78c24a3f6f09fe9ed2c7ea0fbe574d688249eb91ed7,6a5173578402ab704fe0e78c24a3f6f09fe9ed2c7ea0fbe574d688249eb91ed7,$,,6a5173578402ab704fe0e78c24a3f6f09fe9ed2c7ea0fbe574d688249eb91ed7,6a5173578402ab704fe0e78c24a3f6f09fe9ed2c7ea0fbe574d688249eb91ed7,"{""basis"":""ordered source-target formula atom"",""kind"":""source-target-formula-map""}"
1.1.0,formula,O007-FREMLIN-V2-S261-FORMULA-0208,O007-FREMLIN-V2-S261,O007-RIGHTS-FREMLIN-DSL,O007-FREMLIN-V2-S261-SEG-261C,208,261C,261C,330,334,12105,12137,13100,13132,\int_F\tilde f=\int_{D\cap F}f,\int_F\tilde f=\int_{D\cap F}f,ae6307f2256af90463abbc6483504517f34836a862815d2435243923e484780d,ae6307f2256af90463abbc6483504517f34836a862815d2435243923e484780d,a4a4366bf9615cd5f7c5702b0ac831052b3e2ac5f7680fe7c8cbeff67d3a0c8b,$,,a4a4366bf9615cd5f7c5702b0ac831052b3e2ac5f7680fe7c8cbeff67d3a0c8b,a4a4366bf9615cd5f7c5702b0ac831052b3e2ac5f7680fe7c8cbeff67d3a0c8b,"{""basis"":""ordered source-target formula atom"",""kind"":""source-target-formula-map""}"
1.1.0,formula,O007-FREMLIN-V2-S261-FORMULA-0209,O007-FREMLIN-V2-S261,O007-RIGHTS-FREMLIN-DSL,O007-FREMLIN-V2-S261-SEG-261C,209,261C,261C,331,335,12160,12179,13164,13183,F\subseteq\BbbR^r,F\subseteq\BbbR^r,06f32e8c025719f80a3322a70d5d01e93387288bbdae4fb0c627f33aab6f8944,06f32e8c025719f80a3322a70d5d01e93387288bbdae4fb0c627f33aab6f8944,06f32e8c025719f80a3322a70d5d01e93387288bbdae4fb0c627f33aab6f8944,$,,06f32e8c025719f80a3322a70d5d01e93387288bbdae4fb0c627f33aab6f8944,06f32e8c025719f80a3322a70d5d01e93387288bbdae4fb0c627f33aab6f8944,"{""basis"":""ordered source-target formula atom"",""kind"":""source-target-formula-map""}"
1.1.0,formula,O007-FREMLIN-V2-S261-FORMULA-0210,O007-FREMLIN-V2-S261,O007-RIGHTS-FREMLIN-DSL,O007-FREMLIN-V2-S261-SEG-261C,210,261C,261C,331,335,12199,12210,13214,13225,f\restr D,f\restr D,5112fcadfabd608cc08d90f943f50672a80d31dfc8bd03e31c5a807552e39da0,5112fcadfabd608cc08d90f943f50672a80d31dfc8bd03e31c5a807552e39da0,2dd4f971c6c093cc22ca2ae4421e7c8e557810b92d07709d62b25970949391e3,$,,2dd4f971c6c093cc22ca2ae4421e7c8e557810b92d07709d62b25970949391e3,2dd4f971c6c093cc22ca2ae4421e7c8e557810b92d07709d62b25970949391e3,"{""basis"":""ordered source-target formula atom"",""kind"":""source-target-formula-map""}"
1.1.0,formula,O007-FREMLIN-V2-S261-FORMULA-0211,O007-FREMLIN-V2-S261,O007-RIGHTS-FREMLIN-DSL,O007-FREMLIN-V2-S261-SEG-261C,211,261C,261C,333,337,12240,12425,13253,13438,"f(x)=\tilde f(x) 
=\lim_{\delta\downarrow 0}\Bover{1}{\mu B(x,\delta)} 
  \int_{B(x,\delta)}\tilde f 
=\lim_{\delta\downarrow 0}\Bover{1}{\mu B(x,\delta)} 
  \int_{D\cap B(x,\delta)}f","f(x)=\tilde f(x) 
=\lim_{\delta\downarrow 0}\Bover{1}{\mu B(x,\delta)} 
  \int_{B(x,\delta)}\tilde f 
=\lim_{\delta\downarrow 0}\Bover{1}{\mu B(x,\delta)} 
  \int_{D\cap B(x,\delta)}f",0e9b46fc7a909c2e4588ed6403da207adea56781564e8f54e9d14bdefa7a00c2,0e9b46fc7a909c2e4588ed6403da207adea56781564e8f54e9d14bdefa7a00c2,e1a08d33c889b5d9707df77cb6b4c704fd79e72a037e229a356c482023e61490,$,,e1a08d33c889b5d9707df77cb6b4c704fd79e72a037e229a356c482023e61490,e1a08d33c889b5d9707df77cb6b4c704fd79e72a037e229a356c482023e61490,"{""basis"":""ordered source-target formula atom"",""kind"":""source-target-formula-map""}"
1.1.0,formula,O007-FREMLIN-V2-S261-FORMULA-0212,O007-FREMLIN-V2-S261,O007-RIGHTS-FREMLIN-DSL,O007-FREMLIN-V2-S261-SEG-261C,212,261C,261C,339,343,12462,12470,13478,13486,x\in D,x\in D,0cafff6d90bae55b0f35519bd070c867cf69022bfe6eb57f4ac0bb6ce2cfbd01,0cafff6d90bae55b0f35519bd070c867cf69022bfe6eb57f4ac0bb6ce2cfbd01,02660a526ff739e877b2593af5302507a9ff0fe767c3c51b1239ff488215ee23,$,,02660a526ff739e877b2593af5302507a9ff0fe767c3c51b1239ff488215ee23,02660a526ff739e877b2593af5302507a9ff0fe767c3c51b1239ff488215ee23,"{""basis"":""ordered source-target formula atom"",""kind"":""source-target-formula-map""}"
1.1.0,formula,O007-FREMLIN-V2-S261-FORMULA-0213,O007-FREMLIN-V2-S261,O007-RIGHTS-FREMLIN-DSL,O007-FREMLIN-V2-S261-SEG-261D,213,261D,261D,342,346,12536,12555,13551,13570,D\subseteq\BbbR^r,D\subseteq\BbbR^r,ee048a02a79ad2679b7bafa5fc8bba0f12daf6f2eb5f3e40603f25c183aaadc5,ee048a02a79ad2679b7bafa5fc8bba0f12daf6f2eb5f3e40603f25c183aaadc5,ee048a02a79ad2679b7bafa5fc8bba0f12daf6f2eb5f3e40603f25c183aaadc5,$,,ee048a02a79ad2679b7bafa5fc8bba0f12daf6f2eb5f3e40603f25c183aaadc5,ee048a02a79ad2679b7bafa5fc8bba0f12daf6f2eb5f3e40603f25c183aaadc5,"{""basis"":""ordered source-target formula atom"",""kind"":""source-target-formula-map""}"
1.1.0,formula,O007-FREMLIN-V2-S261-FORMULA-0214,O007-FREMLIN-V2-S261,O007-RIGHTS-FREMLIN-DSL,O007-FREMLIN-V2-S261-SEG-261D,214,261D,261D,344,348,12593,12673,13615,13695,"\lim_{\delta\downarrow 0}\Bover{\mu^*(D\cap B(x,\delta))} 
{\mu B(x,\delta)}=1","\lim_{\delta\downarrow 0}\Bover{\mu^*(D\cap B(x,\delta))} 
{\mu B(x,\delta)}=1",6dd0cefaa2562349a23e530905d6a764d343b53489250e4345de367f3549fafe,6dd0cefaa2562349a23e530905d6a764d343b53489250e4345de367f3549fafe,4c975ce5b7feef985e86d75aa2140efde4e2f26f26eed7ac01c98fa234752ad5,$,,4c975ce5b7feef985e86d75aa2140efde4e2f26f26eed7ac01c98fa234752ad5,4c975ce5b7feef985e86d75aa2140efde4e2f26f26eed7ac01c98fa234752ad5,"{""basis"":""ordered source-target formula atom"",""kind"":""source-target-formula-map""}"
1.1.0,formula,O007-FREMLIN-V2-S261-FORMULA-0215,O007-FREMLIN-V2-S261,O007-RIGHTS-FREMLIN-DSL,O007-FREMLIN-V2-S261-SEG-261D,215,261D,261D,347,351,12710,12718,13735,13743,x\in D,x\in D,0cafff6d90bae55b0f35519bd070c867cf69022bfe6eb57f4ac0bb6ce2cfbd01,0cafff6d90bae55b0f35519bd070c867cf69022bfe6eb57f4ac0bb6ce2cfbd01,02660a526ff739e877b2593af5302507a9ff0fe767c3c51b1239ff488215ee23,$,,02660a526ff739e877b2593af5302507a9ff0fe767c3c51b1239ff488215ee23,02660a526ff739e877b2593af5302507a9ff0fe767c3c51b1239ff488215ee23,"{""basis"":""ordered source-target formula atom"",""kind"":""source-target-formula-map""}"
1.1.0,formula,O007-FREMLIN-V2-S261-FORMULA-0216,O007-FREMLIN-V2-S261,O007-RIGHTS-FREMLIN-DSL,O007-FREMLIN-V2-S261-SEG-261D,216,261D,261D,349,353,12735,12754,13762,13781,E\subseteq\BbbR^r,E\subseteq\BbbR^r,954f89af45ec4ad029bc32837e86fb50d51a2e1ff828eb481146f1fdb42adb99,954f89af45ec4ad029bc32837e86fb50d51a2e1ff828eb481146f1fdb42adb99,954f89af45ec4ad029bc32837e86fb50d51a2e1ff828eb481146f1fdb42adb99,$,,954f89af45ec4ad029bc32837e86fb50d51a2e1ff828eb481146f1fdb42adb99,954f89af45ec4ad029bc32837e86fb50d51a2e1ff828eb481146f1fdb42adb99,"{""basis"":""ordered source-target formula atom"",""kind"":""source-target-formula-map""}"
1.1.0,formula,O007-FREMLIN-V2-S261-FORMULA-0217,O007-FREMLIN-V2-S261,O007-RIGHTS-FREMLIN-DSL,O007-FREMLIN-V2-S261-SEG-261D,217,261D,261D,351,355,12801,12887,13831,13917,"\lim_{\delta\downarrow 0}\Bover{\mu(E\cap B(x,\delta))} 
{\mu B(x,\delta)}=\chi E(x)","\lim_{\delta\downarrow 0}\Bover{\mu(E\cap B(x,\delta))} 
{\mu B(x,\delta)}=\chi E(x)",e44a78482083be111e27440c2a89c970505e5e21a265b4c35afda17ad43f7d1d,e44a78482083be111e27440c2a89c970505e5e21a265b4c35afda17ad43f7d1d,9bdc07e958a96684b8cd12e04604cfb616660c0c60f189873d3c3fbbede17adb,$,,9bdc07e958a96684b8cd12e04604cfb616660c0c60f189873d3c3fbbede17adb,9bdc07e958a96684b8cd12e04604cfb616660c0c60f189873d3c3fbbede17adb,"{""basis"":""ordered source-target formula atom"",""kind"":""source-target-formula-map""}"
1.1.0,formula,O007-FREMLIN-V2-S261-FORMULA-0218,O007-FREMLIN-V2-S261,O007-RIGHTS-FREMLIN-DSL,O007-FREMLIN-V2-S261-SEG-261D,218,261D,261D,354,358,12924,12938,13957,13971,x\in \BbbR^r,x\in \BbbR^r,9d1f4417a0a5923844acd041bdb1074f6a86adfc442bcd96f8ad96b85e279252,9d1f4417a0a5923844acd041bdb1074f6a86adfc442bcd96f8ad96b85e279252,28a5c24eff3f773cb7f1b8cb06abe0257fd7f24074f24012e181e6e939b1a5cc,$,,28a5c24eff3f773cb7f1b8cb06abe0257fd7f24074f24012e181e6e939b1a5cc,28a5c24eff3f773cb7f1b8cb06abe0257fd7f24074f24012e181e6e939b1a5cc,"{""basis"":""ordered source-target formula atom"",""kind"":""source-target-formula-map""}"
1.1.0,formula,O007-FREMLIN-V2-S261-FORMULA-0219,O007-FREMLIN-V2-S261,O007-RIGHTS-FREMLIN-DSL,O007-FREMLIN-V2-S261-SEG-261D,219,261D,261D,357,361,12962,12981,13997,14016,D\subseteq\BbbR^r,D\subseteq\BbbR^r,ee048a02a79ad2679b7bafa5fc8bba0f12daf6f2eb5f3e40603f25c183aaadc5,ee048a02a79ad2679b7bafa5fc8bba0f12daf6f2eb5f3e40603f25c183aaadc5,ee048a02a79ad2679b7bafa5fc8bba0f12daf6f2eb5f3e40603f25c183aaadc5,$,,ee048a02a79ad2679b7bafa5fc8bba0f12daf6f2eb5f3e40603f25c183aaadc5,ee048a02a79ad2679b7bafa5fc8bba0f12daf6f2eb5f3e40603f25c183aaadc5,"{""basis"":""ordered source-target formula atom"",""kind"":""source-target-formula-map""}"
1.1.0,formula,O007-FREMLIN-V2-S261-FORMULA-0220,O007-FREMLIN-V2-S261,O007-RIGHTS-FREMLIN-DSL,O007-FREMLIN-V2-S261-SEG-261D,220,261D,261D,357,361,12986,13000,14021,14035,f:D\to\Bbb R,f:D\to\Bbb R,2ac936260d4f05afc3bb86d47c92d4bb03df96e45afaea67c8522c7a2b2c2014,2ac936260d4f05afc3bb86d47c92d4bb03df96e45afaea67c8522c7a2b2c2014,bd94437f2f649daa97c71ef1df4a877d102cfeeb15ffe5e2092e297457c90cad,$,,bd94437f2f649daa97c71ef1df4a877d102cfeeb15ffe5e2092e297457c90cad,bd94437f2f649daa97c71ef1df4a877d102cfeeb15ffe5e2092e297457c90cad,"{""basis"":""ordered source-target formula atom"",""kind"":""source-target-formula-map""}"
1.1.0,formula,O007-FREMLIN-V2-S261-FORMULA-0221,O007-FREMLIN-V2-S261,O007-RIGHTS-FREMLIN-DSL,O007-FREMLIN-V2-S261-SEG-261D,221,261D,261D,358,362,13041,13049,14079,14087,x\in D,x\in D,0cafff6d90bae55b0f35519bd070c867cf69022bfe6eb57f4ac0bb6ce2cfbd01,0cafff6d90bae55b0f35519bd070c867cf69022bfe6eb57f4ac0bb6ce2cfbd01,02660a526ff739e877b2593af5302507a9ff0fe767c3c51b1239ff488215ee23,$,,02660a526ff739e877b2593af5302507a9ff0fe767c3c51b1239ff488215ee23,02660a526ff739e877b2593af5302507a9ff0fe767c3c51b1239ff488215ee23,"{""basis"":""ordered source-target formula atom"",""kind"":""source-target-formula-map""}"
1.1.0,formula,O007-FREMLIN-V2-S261-FORMULA-0222,O007-FREMLIN-V2-S261,O007-RIGHTS-FREMLIN-DSL,O007-FREMLIN-V2-S261-SEG-261D,222,261D,261D,360,364,13071,13190,14109,14228,"\lim_{\delta\downarrow 0} 
\Bover{\mu^*(\{y:y\in D,\,|f(y)-f(x)|\le\epsilon\}\cap 
B(x,\delta))} 
{\mu B(x,\delta)}=1","\lim_{\delta\downarrow 0} 
\Bover{\mu^*(\{y:y\in D,\,|f(y)-f(x)|\le\epsilon\}\cap 
B(x,\delta))} 
{\mu B(x,\delta)}=1",fce9e9550655de79e4d948ae7e381fdbb0ab8c71d3ef1e1658909184eeb11e99,fce9e9550655de79e4d948ae7e381fdbb0ab8c71d3ef1e1658909184eeb11e99,b871eebfdaa8fb5b68612d2a541353558b4e46b985cc74e3321bb49baaecb615,$,,b871eebfdaa8fb5b68612d2a541353558b4e46b985cc74e3321bb49baaecb615,b871eebfdaa8fb5b68612d2a541353558b4e46b985cc74e3321bb49baaecb615,"{""basis"":""ordered source-target formula atom"",""kind"":""source-target-formula-map""}"
1.1.0,formula,O007-FREMLIN-V2-S261-FORMULA-0223,O007-FREMLIN-V2-S261,O007-RIGHTS-FREMLIN-DSL,O007-FREMLIN-V2-S261-SEG-261D,223,261D,261D,365,369,13220,13232,14261,14273,\epsilon>0,\epsilon>0,4c7785f41b6ba845fbf6fe3db625563505eedd141a7e6a016df047b5d14c0cc7,4c7785f41b6ba845fbf6fe3db625563505eedd141a7e6a016df047b5d14c0cc7,4c7785f41b6ba845fbf6fe3db625563505eedd141a7e6a016df047b5d14c0cc7,$,,4c7785f41b6ba845fbf6fe3db625563505eedd141a7e6a016df047b5d14c0cc7,4c7785f41b6ba845fbf6fe3db625563505eedd141a7e6a016df047b5d14c0cc7,"{""basis"":""ordered source-target formula atom"",""kind"":""source-target-formula-map""}"
1.1.0,formula,O007-FREMLIN-V2-S261-FORMULA-0224,O007-FREMLIN-V2-S261,O007-RIGHTS-FREMLIN-DSL,O007-FREMLIN-V2-S261-SEG-261D,224,261D,261D,367,371,13249,13268,14292,14311,D\subseteq\BbbR^r,D\subseteq\BbbR^r,ee048a02a79ad2679b7bafa5fc8bba0f12daf6f2eb5f3e40603f25c183aaadc5,ee048a02a79ad2679b7bafa5fc8bba0f12daf6f2eb5f3e40603f25c183aaadc5,ee048a02a79ad2679b7bafa5fc8bba0f12daf6f2eb5f3e40603f25c183aaadc5,$,,ee048a02a79ad2679b7bafa5fc8bba0f12daf6f2eb5f3e40603f25c183aaadc5,ee048a02a79ad2679b7bafa5fc8bba0f12daf6f2eb5f3e40603f25c183aaadc5,"{""basis"":""ordered source-target formula atom"",""kind"":""source-target-formula-map""}"
1.1.0,formula,O007-FREMLIN-V2-S261-FORMULA-0225,O007-FREMLIN-V2-S261,O007-RIGHTS-FREMLIN-DSL,O007-FREMLIN-V2-S261-SEG-261D,225,261D,261D,367,371,13273,13287,14316,14330,f:D\to\Bbb R,f:D\to\Bbb R,2ac936260d4f05afc3bb86d47c92d4bb03df96e45afaea67c8522c7a2b2c2014,2ac936260d4f05afc3bb86d47c92d4bb03df96e45afaea67c8522c7a2b2c2014,bd94437f2f649daa97c71ef1df4a877d102cfeeb15ffe5e2092e297457c90cad,$,,bd94437f2f649daa97c71ef1df4a877d102cfeeb15ffe5e2092e297457c90cad,bd94437f2f649daa97c71ef1df4a877d102cfeeb15ffe5e2092e297457c90cad,"{""basis"":""ordered source-target formula atom"",""kind"":""source-target-formula-map""}"
1.1.0,formula,O007-FREMLIN-V2-S261-FORMULA-0226,O007-FREMLIN-V2-S261,O007-RIGHTS-FREMLIN-DSL,O007-FREMLIN-V2-S261-SEG-261D,226,261D,261D,368,372,13326,13334,14366,14374,x\in D,x\in D,0cafff6d90bae55b0f35519bd070c867cf69022bfe6eb57f4ac0bb6ce2cfbd01,0cafff6d90bae55b0f35519bd070c867cf69022bfe6eb57f4ac0bb6ce2cfbd01,02660a526ff739e877b2593af5302507a9ff0fe767c3c51b1239ff488215ee23,$,,02660a526ff739e877b2593af5302507a9ff0fe767c3c51b1239ff488215ee23,02660a526ff739e877b2593af5302507a9ff0fe767c3c51b1239ff488215ee23,"{""basis"":""ordered source-target formula atom"",""kind"":""source-target-formula-map""}"
1.1.0,formula,O007-FREMLIN-V2-S261-FORMULA-0227,O007-FREMLIN-V2-S261,O007-RIGHTS-FREMLIN-DSL,O007-FREMLIN-V2-S261-SEG-261D,227,261D,261D,370,374,13356,13475,14396,14515,"\lim_{\delta\downarrow 0} 
\Bover{\mu^*(\{y:y\in D,\,|f(y)-f(x)|\ge\epsilon\}\cap 
B(x,\delta))} 
{\mu B(x,\delta)}=0","\lim_{\delta\downarrow 0} 
\Bover{\mu^*(\{y:y\in D,\,|f(y)-f(x)|\ge\epsilon\}\cap 
B(x,\delta))} 
{\mu B(x,\delta)}=0",4e0e94d2aa2680afac5d9654b79eeca1164d6caf3f5ef3e55f0d9c9b8fa93563,4e0e94d2aa2680afac5d9654b79eeca1164d6caf3f5ef3e55f0d9c9b8fa93563,38dac5e874ee4a4c0695f1ad3bb3570a2409f5642a92f74bf31760af310921d3,$,,38dac5e874ee4a4c0695f1ad3bb3570a2409f5642a92f74bf31760af310921d3,38dac5e874ee4a4c0695f1ad3bb3570a2409f5642a92f74bf31760af310921d3,"{""basis"":""ordered source-target formula atom"",""kind"":""source-target-formula-map""}"
1.1.0,formula,O007-FREMLIN-V2-S261-FORMULA-0228,O007-FREMLIN-V2-S261,O007-RIGHTS-FREMLIN-DSL,O007-FREMLIN-V2-S261-SEG-261D,228,261D,261D,375,379,13505,13517,14548,14560,\epsilon>0,\epsilon>0,4c7785f41b6ba845fbf6fe3db625563505eedd141a7e6a016df047b5d14c0cc7,4c7785f41b6ba845fbf6fe3db625563505eedd141a7e6a016df047b5d14c0cc7,4c7785f41b6ba845fbf6fe3db625563505eedd141a7e6a016df047b5d14c0cc7,$,,4c7785f41b6ba845fbf6fe3db625563505eedd141a7e6a016df047b5d14c0cc7,4c7785f41b6ba845fbf6fe3db625563505eedd141a7e6a016df047b5d14c0cc7,"{""basis"":""ordered source-target formula atom"",""kind"":""source-target-formula-map""}"
1.1.0,formula,O007-FREMLIN-V2-S261-FORMULA-0229,O007-FREMLIN-V2-S261,O007-RIGHTS-FREMLIN-DSL,O007-FREMLIN-V2-S261-SEG-261D,229,261D,261D,377,381,13560,13581,14608,14629,"f=\chi B(\tbf{0},n)","f=\chi B(\tbf{0},n)",0836f321b9e4afe84cbf90cc497157751bf90f9762c8c8f8302fd5c70461ba92,0836f321b9e4afe84cbf90cc497157751bf90f9762c8c8f8302fd5c70461ba92,5153c0b8669c4960a453f56f29231ccbe11011d97c142168f27864c9cc4006a4,$,,5153c0b8669c4960a453f56f29231ccbe11011d97c142168f27864c9cc4006a4,5153c0b8669c4960a453f56f29231ccbe11011d97c142168f27864c9cc4006a4,"{""basis"":""ordered source-target formula atom"",""kind"":""source-target-formula-map""}"
1.1.0,formula,O007-FREMLIN-V2-S261-FORMULA-0230,O007-FREMLIN-V2-S261,O007-RIGHTS-FREMLIN-DSL,O007-FREMLIN-V2-S261-SEG-261D,230,261D,261D,378,382,13604,13616,14665,14677,n\in\Bbb N,n\in\Bbb N,d213946df59f2b85be55436de61a489b7c24c216dfb26056fc2946b32c730709,d213946df59f2b85be55436de61a489b7c24c216dfb26056fc2946b32c730709,02bb197ae0de627eb1861382dcf81826f92f1895770d739be7f05b2435488186,$,,02bb197ae0de627eb1861382dcf81826f92f1895770d739be7f05b2435488186,02bb197ae0de627eb1861382dcf81826f92f1895770d739be7f05b2435488186,"{""basis"":""ordered source-target formula atom"",""kind"":""source-target-formula-map""}"
1.1.0,formula,O007-FREMLIN-V2-S261-FORMULA-0231,O007-FREMLIN-V2-S261,O007-RIGHTS-FREMLIN-DSL,O007-FREMLIN-V2-S261-SEG-261D,231,261D,261D,380,384,13638,13718,14699,14779,"\lim_{\delta\downarrow 0}\Bover{\mu^*(D\cap B(x,\delta))} 
{\mu B(x,\delta)}=1","\lim_{\delta\downarrow 0}\Bover{\mu^*(D\cap B(x,\delta))} 
{\mu B(x,\delta)}=1",6dd0cefaa2562349a23e530905d6a764d343b53489250e4345de367f3549fafe,6dd0cefaa2562349a23e530905d6a764d343b53489250e4345de367f3549fafe,4c975ce5b7feef985e86d75aa2140efde4e2f26f26eed7ac01c98fa234752ad5,$,,4c975ce5b7feef985e86d75aa2140efde4e2f26f26eed7ac01c98fa234752ad5,4c975ce5b7feef985e86d75aa2140efde4e2f26f26eed7ac01c98fa234752ad5,"{""basis"":""ordered source-target formula atom"",""kind"":""source-target-formula-map""}"
1.1.0,formula,O007-FREMLIN-V2-S261-FORMULA-0232,O007-FREMLIN-V2-S261,O007-RIGHTS-FREMLIN-DSL,O007-FREMLIN-V2-S261-SEG-261D,232,261D,261D,383,387,13755,13763,14819,14827,x\in D,x\in D,0cafff6d90bae55b0f35519bd070c867cf69022bfe6eb57f4ac0bb6ce2cfbd01,0cafff6d90bae55b0f35519bd070c867cf69022bfe6eb57f4ac0bb6ce2cfbd01,02660a526ff739e877b2593af5302507a9ff0fe767c3c51b1239ff488215ee23,$,,02660a526ff739e877b2593af5302507a9ff0fe767c3c51b1239ff488215ee23,02660a526ff739e877b2593af5302507a9ff0fe767c3c51b1239ff488215ee23,"{""basis"":""ordered source-target formula atom"",""kind"":""source-target-formula-map""}"
1.1.0,formula,O007-FREMLIN-V2-S261-FORMULA-0233,O007-FREMLIN-V2-S261,O007-RIGHTS-FREMLIN-DSL,O007-FREMLIN-V2-S261-SEG-261D,233,261D,261D,383,387,13769,13778,14835,14844,\|x\|<n,\|x\|<n,9ebc9a7ec30195c909968f8e19207edbb58c5b5053615c5e63f9c625ffd759ba,9ebc9a7ec30195c909968f8e19207edbb58c5b5053615c5e63f9c625ffd759ba,9ebc9a7ec30195c909968f8e19207edbb58c5b5053615c5e63f9c625ffd759ba,$,,9ebc9a7ec30195c909968f8e19207edbb58c5b5053615c5e63f9c625ffd759ba,9ebc9a7ec30195c909968f8e19207edbb58c5b5053615c5e63f9c625ffd759ba,"{""basis"":""ordered source-target formula atom"",""kind"":""source-target-formula-map""}"
1.1.0,formula,O007-FREMLIN-V2-S261-FORMULA-0234,O007-FREMLIN-V2-S261,O007-RIGHTS-FREMLIN-DSL,O007-FREMLIN-V2-S261-SEG-261D,234,261D,261D,387,391,13828,13831,14899,14902,E,E,a9f51566bd6705f7ea6ad54bb9deb449f795582d6529a0e22207b8981233ec58,a9f51566bd6705f7ea6ad54bb9deb449f795582d6529a0e22207b8981233ec58,a9f51566bd6705f7ea6ad54bb9deb449f795582d6529a0e22207b8981233ec58,$,,a9f51566bd6705f7ea6ad54bb9deb449f795582d6529a0e22207b8981233ec58,a9f51566bd6705f7ea6ad54bb9deb449f795582d6529a0e22207b8981233ec58,"{""basis"":""ordered source-target formula atom"",""kind"":""source-target-formula-map""}"
1.1.0,formula,O007-FREMLIN-V2-S261-FORMULA-0235,O007-FREMLIN-V2-S261,O007-RIGHTS-FREMLIN-DSL,O007-FREMLIN-V2-S261-SEG-261D,235,261D,261D,389,393,13864,13954,14943,15033,"\liminf_{\delta\downarrow 0}\Bover{\mu(E\cap 
B(x,\delta))}{\mu B(x,\delta)}\ge\chi E(x)","\liminf_{\delta\downarrow 0}\Bover{\mu(E\cap 
B(x,\delta))}{\mu B(x,\delta)}\ge\chi E(x)",25dfa71dc3289a976e177159becd30653bcbd29f4ff5c63403fd5bde3f2ba63b,25dfa71dc3289a976e177159becd30653bcbd29f4ff5c63403fd5bde3f2ba63b,5138ad253d4c4fde7583012ab689a637f3b6df588ebd5807bad28da3b595eb8f,$,,5138ad253d4c4fde7583012ab689a637f3b6df588ebd5807bad28da3b595eb8f,5138ad253d4c4fde7583012ab689a637f3b6df588ebd5807bad28da3b595eb8f,"{""basis"":""ordered source-target formula atom"",""kind"":""source-target-formula-map""}"
1.1.0,formula,O007-FREMLIN-V2-S261-FORMULA-0236,O007-FREMLIN-V2-S261,O007-RIGHTS-FREMLIN-DSL,O007-FREMLIN-V2-S261-SEG-261D,236,261D,261D,392,396,13991,14004,15073,15086,x\in\BbbR^r,x\in\BbbR^r,28a5c24eff3f773cb7f1b8cb06abe0257fd7f24074f24012e181e6e939b1a5cc,28a5c24eff3f773cb7f1b8cb06abe0257fd7f24074f24012e181e6e939b1a5cc,28a5c24eff3f773cb7f1b8cb06abe0257fd7f24074f24012e181e6e939b1a5cc,$,,28a5c24eff3f773cb7f1b8cb06abe0257fd7f24074f24012e181e6e939b1a5cc,28a5c24eff3f773cb7f1b8cb06abe0257fd7f24074f24012e181e6e939b1a5cc,"{""basis"":""ordered source-target formula atom"",""kind"":""source-target-formula-map""}"
1.1.0,formula,O007-FREMLIN-V2-S261-FORMULA-0237,O007-FREMLIN-V2-S261,O007-RIGHTS-FREMLIN-DSL,O007-FREMLIN-V2-S261-SEG-261D,237,261D,261D,392,397,14013,14037,15098,15121,"E'=\BbbR^r\setminus 
E",E'=\BbbR^r\setminus E,26463f3b5d54e2a044c8a00415b0d41e2786184ba7de6a3539e4ecec81ff509b,a314c2c6f77f9f9a2bb57e75fd8bfff80459e368e97b57f84f578d0bf44d073c,815d247144a9f6c99f783a9bd853fff23eccab323fe525080baa8e252d96f284,$,,815d247144a9f6c99f783a9bd853fff23eccab323fe525080baa8e252d96f284,815d247144a9f6c99f783a9bd853fff23eccab323fe525080baa8e252d96f284,"{""basis"":""ordered source-target formula atom"",""kind"":""source-target-formula-map""}"
1.1.0,formula,O007-FREMLIN-V2-S261-FORMULA-0238,O007-FREMLIN-V2-S261,O007-RIGHTS-FREMLIN-DSL,O007-FREMLIN-V2-S261-SEG-261D,238,261D,261D,395,399,14070,14261,15162,15353,"\limsup_{\delta\downarrow 0}\Bover{\mu(E\cap 
B(x,\delta))}{\mu B(x,\delta)} 
=1-\liminf_{\delta\downarrow 0} 
  \Bover{\mu(E'\cap B(x,\delta))}{\mu B(x,\delta)} 
\le 1-\chi E'(x)=\chi E(x)","\limsup_{\delta\downarrow 0}\Bover{\mu(E\cap 
B(x,\delta))}{\mu B(x,\delta)} 
=1-\liminf_{\delta\downarrow 0} 
  \Bover{\mu(E'\cap B(x,\delta))}{\mu B(x,\delta)} 
\le 1-\chi E'(x)=\chi E(x)",bfd7e9e8a8a6d6b7359e5ae22d3221c8095df5ade31a89c2c922badf43787a39,bfd7e9e8a8a6d6b7359e5ae22d3221c8095df5ade31a89c2c922badf43787a39,e5e958120b91e2c7a5cc794547bc588d7425079f21836f95c5c95a98fa2e645d,$,,e5e958120b91e2c7a5cc794547bc588d7425079f21836f95c5c95a98fa2e645d,e5e958120b91e2c7a5cc794547bc588d7425079f21836f95c5c95a98fa2e645d,"{""basis"":""ordered source-target formula atom"",""kind"":""source-target-formula-map""}"
1.1.0,formula,O007-FREMLIN-V2-S261-FORMULA-0239,O007-FREMLIN-V2-S261,O007-RIGHTS-FREMLIN-DSL,O007-FREMLIN-V2-S261-SEG-261D,239,261D,261D,401,405,14298,14301,15393,15396,x,x,2d711642b726b04401627ca9fbac32f5c8530fb1903cc4db02258717921a4881,2d711642b726b04401627ca9fbac32f5c8530fb1903cc4db02258717921a4881,2d711642b726b04401627ca9fbac32f5c8530fb1903cc4db02258717921a4881,$,,2d711642b726b04401627ca9fbac32f5c8530fb1903cc4db02258717921a4881,2d711642b726b04401627ca9fbac32f5c8530fb1903cc4db02258717921a4881,"{""basis"":""ordered source-target formula atom"",""kind"":""source-target-formula-map""}"
1.1.0,formula,O007-FREMLIN-V2-S261-FORMULA-0240,O007-FREMLIN-V2-S261,O007-RIGHTS-FREMLIN-DSL,O007-FREMLIN-V2-S261-SEG-261D,240,261D,261D,405,409,14342,14345,15439,15442,q,q,8e35c2cd3bf6641bdb0e2050b76932cbb2e6034a0ddacc1d9bea82a6ba57f7cf,8e35c2cd3bf6641bdb0e2050b76932cbb2e6034a0ddacc1d9bea82a6ba57f7cf,8e35c2cd3bf6641bdb0e2050b76932cbb2e6034a0ddacc1d9bea82a6ba57f7cf,$,,8e35c2cd3bf6641bdb0e2050b76932cbb2e6034a0ddacc1d9bea82a6ba57f7cf,8e35c2cd3bf6641bdb0e2050b76932cbb2e6034a0ddacc1d9bea82a6ba57f7cf,"{""basis"":""ordered source-target formula atom"",""kind"":""source-target-formula-map""}"
1.1.0,formula,O007-FREMLIN-V2-S261-FORMULA-0241,O007-FREMLIN-V2-S261,O007-RIGHTS-FREMLIN-DSL,O007-FREMLIN-V2-S261-SEG-261D,241,261D,261D,405,409,14347,14360,15444,15457,q'\in\Bbb Q,q'\in\Bbb Q,ac359acf9cfb9bba30845d953cf1378965accd7bcdd429114afe8668eaff7571,ac359acf9cfb9bba30845d953cf1378965accd7bcdd429114afe8668eaff7571,75270feaff1b86e6ffb8388b779a29e4a1f0d40928c9d4f1375a859527c5d1ef,$,,75270feaff1b86e6ffb8388b779a29e4a1f0d40928c9d4f1375a859527c5d1ef,75270feaff1b86e6ffb8388b779a29e4a1f0d40928c9d4f1375a859527c5d1ef,"{""basis"":""ordered source-target formula atom"",""kind"":""source-target-formula-map""}"
1.1.0,formula,O007-FREMLIN-V2-S261-FORMULA-0242,O007-FREMLIN-V2-S261,O007-RIGHTS-FREMLIN-DSL,O007-FREMLIN-V2-S261-SEG-261D,242,261D,261D,407,411,14386,14426,15488,15528,"D_{qq'}=\{x:x\in D,\,q\le f(x)\le q'\}","D_{qq'}=\{x:x\in D,\,q\le f(x)\le q'\}",9ce5faaf06743ece6f0369284434670089ac9270499f10edacd6ad35e0b57fb9,9ce5faaf06743ece6f0369284434670089ac9270499f10edacd6ad35e0b57fb9,b3fd0de2d4c6d1feb009779f5bfc17c9a674bd07afbd7fb5b15eacf00fb8fb95,$,,b3fd0de2d4c6d1feb009779f5bfc17c9a674bd07afbd7fb5b15eacf00fb8fb95,b3fd0de2d4c6d1feb009779f5bfc17c9a674bd07afbd7fb5b15eacf00fb8fb95,"{""basis"":""ordered source-target formula atom"",""kind"":""source-target-formula-map""}"
1.1.0,formula,O007-FREMLIN-V2-S261-FORMULA-0243,O007-FREMLIN-V2-S261,O007-RIGHTS-FREMLIN-DSL,O007-FREMLIN-V2-S261-SEG-261D,243,261D,261D,409,413,14449,14564,15551,15666,"C_{qq'}=\{x:x\in D_{qq'},\,\lim_{\delta\downarrow 0} 
\Bover{\mu^*(D_{qq'}\cap B(x,\delta))}{\mu B(x,\delta)}=1\}","C_{qq'}=\{x:x\in D_{qq'},\,\lim_{\delta\downarrow 0} 
\Bover{\mu^*(D_{qq'}\cap B(x,\delta))}{\mu B(x,\delta)}=1\}",1061b0df419010d863b99c3d6ddab579f8a59ca80a9573dd6101d0e212e76891,1061b0df419010d863b99c3d6ddab579f8a59ca80a9573dd6101d0e212e76891,f14b5d9989af07b8b0cd8deea4ba4e8aab4c208dec589b1acf780e8051c212ab,$,,f14b5d9989af07b8b0cd8deea4ba4e8aab4c208dec589b1acf780e8051c212ab,f14b5d9989af07b8b0cd8deea4ba4e8aab4c208dec589b1acf780e8051c212ab,"{""basis"":""ordered source-target formula atom"",""kind"":""source-target-formula-map""}"
1.1.0,formula,O007-FREMLIN-V2-S261-FORMULA-0244,O007-FREMLIN-V2-S261,O007-RIGHTS-FREMLIN-DSL,O007-FREMLIN-V2-S261-SEG-261D,244,261D,261D,414,418,14613,14678,15725,15790,"C 
=D\setminus\bigcup_{q,q'\in\Bbb Q}(D_{qq'}\setminus C_{qq'})","C 
=D\setminus\bigcup_{q,q'\in\Bbb Q}(D_{qq'}\setminus C_{qq'})",cac4e69cf96c2e7d2f15d28ae0ebb85e746ceba2080a7d3c0821a01fd9679d0d,cac4e69cf96c2e7d2f15d28ae0ebb85e746ceba2080a7d3c0821a01fd9679d0d,acfea8507b64fc6e81c9a7857f0175223e0b07ecf8046b4113eca5fa4a7417ea,$,,acfea8507b64fc6e81c9a7857f0175223e0b07ecf8046b4113eca5fa4a7417ea,acfea8507b64fc6e81c9a7857f0175223e0b07ecf8046b4113eca5fa4a7417ea,"{""basis"":""ordered source-target formula atom"",""kind"":""source-target-formula-map""}"
1.1.0,formula,O007-FREMLIN-V2-S261-FORMULA-0245,O007-FREMLIN-V2-S261,O007-RIGHTS-FREMLIN-DSL,O007-FREMLIN-V2-S261-SEG-261D,245,261D,261D,417,421,14707,14721,15820,15834,D\setminus C,D\setminus C,ce14641be2a388dd2d74cdd1cc5eea8eb94578860c0454fcfd717b22d5e50b48,ce14641be2a388dd2d74cdd1cc5eea8eb94578860c0454fcfd717b22d5e50b48,0a2dc37f7f8179567a4a7cb8826769698a1ad192bd69195d19677eecbcaff8cd,$,,0a2dc37f7f8179567a4a7cb8826769698a1ad192bd69195d19677eecbcaff8cd,0a2dc37f7f8179567a4a7cb8826769698a1ad192bd69195d19677eecbcaff8cd,"{""basis"":""ordered source-target formula atom"",""kind"":""source-target-formula-map""}"
1.1.0,formula,O007-FREMLIN-V2-S261-FORMULA-0246,O007-FREMLIN-V2-S261,O007-RIGHTS-FREMLIN-DSL,O007-FREMLIN-V2-S261-SEG-261D,246,261D,261D,417,421,14742,14750,15852,15860,x\in C,x\in C,e1a89b6f62eb4929d8b9643aab407f9e2f5043adcc683f2fda3b18bb046750c3,e1a89b6f62eb4929d8b9643aab407f9e2f5043adcc683f2fda3b18bb046750c3,4a4b3d895f68f1a40d56ab5603fb7d2a37079be0b00a42e41cee23690c179258,$,,4a4b3d895f68f1a40d56ab5603fb7d2a37079be0b00a42e41cee23690c179258,4a4b3d895f68f1a40d56ab5603fb7d2a37079be0b00a42e41cee23690c179258,"{""basis"":""ordered source-target formula atom"",""kind"":""source-target-formula-map""}"
1.1.0,formula,O007-FREMLIN-V2-S261-FORMULA-0247,O007-FREMLIN-V2-S261,O007-RIGHTS-FREMLIN-DSL,O007-FREMLIN-V2-S261-SEG-261D,247,261D,261D,418,422,14756,14768,15866,15878,\epsilon>0,\epsilon>0,4c7785f41b6ba845fbf6fe3db625563505eedd141a7e6a016df047b5d14c0cc7,4c7785f41b6ba845fbf6fe3db625563505eedd141a7e6a016df047b5d14c0cc7,4c7785f41b6ba845fbf6fe3db625563505eedd141a7e6a016df047b5d14c0cc7,$,,4c7785f41b6ba845fbf6fe3db625563505eedd141a7e6a016df047b5d14c0cc7,4c7785f41b6ba845fbf6fe3db625563505eedd141a7e6a016df047b5d14c0cc7,"{""basis"":""ordered source-target formula atom"",""kind"":""source-target-formula-map""}"
1.1.0,formula,O007-FREMLIN-V2-S261-FORMULA-0248,O007-FREMLIN-V2-S261,O007-RIGHTS-FREMLIN-DSL,O007-FREMLIN-V2-S261-SEG-261D,248,261D,261D,418,422,14785,14788,15894,15897,q,q,8e35c2cd3bf6641bdb0e2050b76932cbb2e6034a0ddacc1d9bea82a6ba57f7cf,8e35c2cd3bf6641bdb0e2050b76932cbb2e6034a0ddacc1d9bea82a6ba57f7cf,8e35c2cd3bf6641bdb0e2050b76932cbb2e6034a0ddacc1d9bea82a6ba57f7cf,$,,8e35c2cd3bf6641bdb0e2050b76932cbb2e6034a0ddacc1d9bea82a6ba57f7cf,8e35c2cd3bf6641bdb0e2050b76932cbb2e6034a0ddacc1d9bea82a6ba57f7cf,"{""basis"":""ordered source-target formula atom"",""kind"":""source-target-formula-map""}"
1.1.0,formula,O007-FREMLIN-V2-S261-FORMULA-0249,O007-FREMLIN-V2-S261,O007-RIGHTS-FREMLIN-DSL,O007-FREMLIN-V2-S261-SEG-261D,249,261D,261D,418,422,14790,14803,15899,15912,q'\in\Bbb Q,q'\in\Bbb Q,ac359acf9cfb9bba30845d953cf1378965accd7bcdd429114afe8668eaff7571,ac359acf9cfb9bba30845d953cf1378965accd7bcdd429114afe8668eaff7571,75270feaff1b86e6ffb8388b779a29e4a1f0d40928c9d4f1375a859527c5d1ef,$,,75270feaff1b86e6ffb8388b779a29e4a1f0d40928c9d4f1375a859527c5d1ef,75270feaff1b86e6ffb8388b779a29e4a1f0d40928c9d4f1375a859527c5d1ef,"{""basis"":""ordered source-target formula atom"",""kind"":""source-target-formula-map""}"
1.1.0,formula,O007-FREMLIN-V2-S261-FORMULA-0250,O007-FREMLIN-V2-S261,O007-RIGHTS-FREMLIN-DSL,O007-FREMLIN-V2-S261-SEG-261D,250,261D,261D,419,423,14815,14866,15934,15985,f(x)-\epsilon\le q\le f(x)\le q'\le f(x)+\epsilon,f(x)-\epsilon\le q\le f(x)\le q'\le f(x)+\epsilon,474173a386c8d17fece4b777ce08091d27314d5d17dcd16dff3154e43d06b3f4,474173a386c8d17fece4b777ce08091d27314d5d17dcd16dff3154e43d06b3f4,74a370d3604e733290e72606438915cd4486a94988e74e508a1aae92a100596f,$,,74a370d3604e733290e72606438915cd4486a94988e74e508a1aae92a100596f,74a370d3604e733290e72606438915cd4486a94988e74e508a1aae92a100596f,"{""basis"":""ordered source-target formula atom"",""kind"":""source-target-formula-map""}"
1.1.0,formula,O007-FREMLIN-V2-S261-FORMULA-0251,O007-FREMLIN-V2-S261,O007-RIGHTS-FREMLIN-DSL,O007-FREMLIN-V2-S261-SEG-261D,251,261D,261D,420,424,14877,14891,16001,16015,x\in C_{qq'},x\in C_{qq'},2375b1f47ea6af634738d367a19969cc6e6538dfa0e976c9463d8c129723c323,2375b1f47ea6af634738d367a19969cc6e6538dfa0e976c9463d8c129723c323,ecd32511d396b1904269b7fe8d5676a8b43656813ef5b9cabcfe116b3eb929e8,$,,ecd32511d396b1904269b7fe8d5676a8b43656813ef5b9cabcfe116b3eb929e8,ecd32511d396b1904269b7fe8d5676a8b43656813ef5b9cabcfe116b3eb929e8,"{""basis"":""ordered source-target formula atom"",""kind"":""source-target-formula-map""}"
1.1.0,formula,O007-FREMLIN-V2-S261-FORMULA-0252,O007-FREMLIN-V2-S261,O007-RIGHTS-FREMLIN-DSL,O007-FREMLIN-V2-S261-SEG-261D,252,261D,261D,422,426,14925,15138,16053,16266,"\liminf_{\delta\downarrow 0} 
\Bover{\mu^*\{y:y\in D\cap B(x,\delta),\,|f(y)-f(x)|\le\epsilon\}} 
  {\mu B(x,\delta)} 
\ge\liminf_{\delta\downarrow 0} 
  \Bover{\mu^*(D_{qq'}\cap B(x,\delta))}{\mu B(x,\delta)}=1","\liminf_{\delta\downarrow 0} 
\Bover{\mu^*\{y:y\in D\cap B(x,\delta),\,|f(y)-f(x)|\le\epsilon\}} 
  {\mu B(x,\delta)} 
\ge\liminf_{\delta\downarrow 0} 
  \Bover{\mu^*(D_{qq'}\cap B(x,\delta))}{\mu B(x,\delta)}=1",c2dc23049e2dda6455317d3bd952943b1ae67073477912fb16b811b546ea35cf,c2dc23049e2dda6455317d3bd952943b1ae67073477912fb16b811b546ea35cf,1635bc4169abc752a0829e5fffbe96b62e297d4668a513bf3a5b4b70c3915265,$,,1635bc4169abc752a0829e5fffbe96b62e297d4668a513bf3a5b4b70c3915265,1635bc4169abc752a0829e5fffbe96b62e297d4668a513bf3a5b4b70c3915265,"{""basis"":""ordered source-target formula atom"",""kind"":""source-target-formula-map""}"
1.1.0,formula,O007-FREMLIN-V2-S261-FORMULA-0253,O007-FREMLIN-V2-S261,O007-RIGHTS-FREMLIN-DSL,O007-FREMLIN-V2-S261-SEG-261D,253,261D,261D,430,434,15182,15300,16316,16434,"\lim_{\delta\downarrow 0} 
\Bover{\mu^*\{y:y\in D\cap B(x,\delta),\,|f(y)-f(x)|\le\epsilon\}} 
{\mu B(x,\delta)} 
=1","\lim_{\delta\downarrow 0} 
\Bover{\mu^*\{y:y\in D\cap B(x,\delta),\,|f(y)-f(x)|\le\epsilon\}} 
{\mu B(x,\delta)} 
=1",d5631e93ec3c71580c100cc1139f858e46726f9e95241e46092afbd53d0cbc53,d5631e93ec3c71580c100cc1139f858e46726f9e95241e46092afbd53d0cbc53,f74adf23031dabb21184e9c5f28567f5179a1c65d5783601970609ff1641e703,$,,f74adf23031dabb21184e9c5f28567f5179a1c65d5783601970609ff1641e703,f74adf23031dabb21184e9c5f28567f5179a1c65d5783601970609ff1641e703,"{""basis"":""ordered source-target formula atom"",""kind"":""source-target-formula-map""}"
1.1.0,formula,O007-FREMLIN-V2-S261-FORMULA-0254,O007-FREMLIN-V2-S261,O007-RIGHTS-FREMLIN-DSL,O007-FREMLIN-V2-S261-SEG-261D,254,261D,261D,437,441,15345,15348,16484,16487,C,C,6b23c0d5f35d1b11f9b683f0b0a617355deb11277d91ae091d399c655b87940d,6b23c0d5f35d1b11f9b683f0b0a617355deb11277d91ae091d399c655b87940d,6b23c0d5f35d1b11f9b683f0b0a617355deb11277d91ae091d399c655b87940d,$,,6b23c0d5f35d1b11f9b683f0b0a617355deb11277d91ae091d399c655b87940d,6b23c0d5f35d1b11f9b683f0b0a617355deb11277d91ae091d399c655b87940d,"{""basis"":""ordered source-target formula atom"",""kind"":""source-target-formula-map""}"
1.1.0,formula,O007-FREMLIN-V2-S261-FORMULA-0255,O007-FREMLIN-V2-S261,O007-RIGHTS-FREMLIN-DSL,O007-FREMLIN-V2-S261-SEG-261D,255,261D,261D,437,442,15384,15407,16547,16569,"\mu(D\setminus 
C')=0",\mu(D\setminus C')=0,d65385e6d0b60aca5562cb173310bf63912d89e6c43e7ed0dbf752af18af268b,1dff85dea660f388110c001163b3463eb5b20fe209c61aee892c0160fb107824,4a44d177d4ce18bfb87c9804fbf4a4b7a2e1bcb3b54305dce6da62aabd87479a,$,,4a44d177d4ce18bfb87c9804fbf4a4b7a2e1bcb3b54305dce6da62aabd87479a,4a44d177d4ce18bfb87c9804fbf4a4b7a2e1bcb3b54305dce6da62aabd87479a,"{""basis"":""ordered source-target formula atom"",""kind"":""source-target-formula-map""}"
1.1.0,formula,O007-FREMLIN-V2-S261-FORMULA-0256,O007-FREMLIN-V2-S261,O007-RIGHTS-FREMLIN-DSL,O007-FREMLIN-V2-S261-SEG-261D,256,261D,261D,440,444,15435,15532,16598,16695,"C'=\{x:x\in D,\lim_{\delta\downarrow 0}\Bover{\mu^*(D\cap 
B(x,\delta))} 
{\mu B(x,\delta)}=1\}","C'=\{x:x\in D,\lim_{\delta\downarrow 0}\Bover{\mu^*(D\cap 
B(x,\delta))} 
{\mu B(x,\delta)}=1\}",082d5ab98ee563bef2c6796f8c4d3ca39d20fe4f41d16a904ed178116d7f4616,082d5ab98ee563bef2c6796f8c4d3ca39d20fe4f41d16a904ed178116d7f4616,4102a89c4323d84f741f37090fc17a6620612183b3153eedd117f681e3cfb558,$,,4102a89c4323d84f741f37090fc17a6620612183b3153eedd117f681e3cfb558,4102a89c4323d84f741f37090fc17a6620612183b3153eedd117f681e3cfb558,"{""basis"":""ordered source-target formula atom"",""kind"":""source-target-formula-map""}"
1.1.0,formula,O007-FREMLIN-V2-S261-FORMULA-0257,O007-FREMLIN-V2-S261,O007-RIGHTS-FREMLIN-DSL,O007-FREMLIN-V2-S261-SEG-261D,257,261D,261D,445,449,15558,15573,16723,16738,x\in C\cap C',x\in C\cap C',b01429814ffef2ba4427089fcdacbcac8225f28ac1fd0bc8a987506a2b6725fa,b01429814ffef2ba4427089fcdacbcac8225f28ac1fd0bc8a987506a2b6725fa,f7ebff9b5d4cadd5265d9c20bb6634e2fb0b30ca3513b7954847f5cc7ceb2060,$,,f7ebff9b5d4cadd5265d9c20bb6634e2fb0b30ca3513b7954847f5cc7ceb2060,f7ebff9b5d4cadd5265d9c20bb6634e2fb0b30ca3513b7954847f5cc7ceb2060,"{""basis"":""ordered source-target formula atom"",""kind"":""source-target-formula-map""}"
1.1.0,formula,O007-FREMLIN-V2-S261-FORMULA-0258,O007-FREMLIN-V2-S261,O007-RIGHTS-FREMLIN-DSL,O007-FREMLIN-V2-S261-SEG-261D,258,261D,261D,445,449,15578,15590,16743,16755,\epsilon>0,\epsilon>0,4c7785f41b6ba845fbf6fe3db625563505eedd141a7e6a016df047b5d14c0cc7,4c7785f41b6ba845fbf6fe3db625563505eedd141a7e6a016df047b5d14c0cc7,4c7785f41b6ba845fbf6fe3db625563505eedd141a7e6a016df047b5d14c0cc7,$,,4c7785f41b6ba845fbf6fe3db625563505eedd141a7e6a016df047b5d14c0cc7,4c7785f41b6ba845fbf6fe3db625563505eedd141a7e6a016df047b5d14c0cc7,"{""basis"":""ordered source-target formula atom"",""kind"":""source-target-formula-map""}"
1.1.0,formula,O007-FREMLIN-V2-S261-FORMULA-0259,O007-FREMLIN-V2-S261,O007-RIGHTS-FREMLIN-DSL,O007-FREMLIN-V2-S261-SEG-261D,259,261D,261D,447,452,15635,15755,16817,16937,"\lim_{\delta\downarrow 0} 
\Bover{\mu^*\{y:y\in D\cap B(x,\delta),\,|f(y)-f(x)|\le\epsilon/2\}} 
{\mu B(x,\delta)} 
=1","\lim_{\delta\downarrow 0} 
\Bover{\mu^*\{y:y\in D\cap B(x,\delta),\,|f(y)-f(x)|\le\epsilon/2\}} 
{\mu B(x,\delta)} 
=1",8ff341ebf66302bb0456b692115e9a21c45a4b4afa85416535e9d639027c8809,8ff341ebf66302bb0456b692115e9a21c45a4b4afa85416535e9d639027c8809,d1647e7f0eb5454b1c4a2a3478dd760d2162e76f1d9af84518105824c6127338,$,,d1647e7f0eb5454b1c4a2a3478dd760d2162e76f1d9af84518105824c6127338,d1647e7f0eb5454b1c4a2a3478dd760d2162e76f1d9af84518105824c6127338,"{""basis"":""ordered source-target formula atom"",""kind"":""source-target-formula-map""}"
1.1.0,formula,O007-FREMLIN-V2-S261-FORMULA-0260,O007-FREMLIN-V2-S261,O007-RIGHTS-FREMLIN-DSL,O007-FREMLIN-V2-S261-SEG-261D,260,261D,261D,452,457,15788,15791,16972,16975,f,f,252f10c83610ebca1a059c0bae8255eba2f95be4d1d7bcfa89d7248a82d9f111,252f10c83610ebca1a059c0bae8255eba2f95be4d1d7bcfa89d7248a82d9f111,252f10c83610ebca1a059c0bae8255eba2f95be4d1d7bcfa89d7248a82d9f111,$,,252f10c83610ebca1a059c0bae8255eba2f95be4d1d7bcfa89d7248a82d9f111,252f10c83610ebca1a059c0bae8255eba2f95be4d1d7bcfa89d7248a82d9f111,"{""basis"":""ordered source-target formula atom"",""kind"":""source-target-formula-map""}"
1.1.0,formula,O007-FREMLIN-V2-S261-FORMULA-0261,O007-FREMLIN-V2-S261,O007-RIGHTS-FREMLIN-DSL,O007-FREMLIN-V2-S261-SEG-261D,261,261D,261D,454,459,15823,16003,17008,17188,"\eqalign{\mu^*\{y:y\in &D\cap B(x,\delta),\, 
|f(y)-f(x)|\ge\epsilon\}\cr 
&+\mu^*\{y:y\in D\cap B(x,\delta),\,|f(y)-f(x)|\le\Bover12\epsilon\} 
\le\mu^*(D\cap B(x,\delta))\cr}","\eqalign{\mu^*\{y:y\in &D\cap B(x,\delta),\, 
|f(y)-f(x)|\ge\epsilon\}\cr 
&+\mu^*\{y:y\in D\cap B(x,\delta),\,|f(y)-f(x)|\le\Bover12\epsilon\} 
\le\mu^*(D\cap B(x,\delta))\cr}",978c4768317ea496cf6cf8cb12282d9dcd67f4faacf1a2d16b4ea9e485b52d5f,978c4768317ea496cf6cf8cb12282d9dcd67f4faacf1a2d16b4ea9e485b52d5f,64ca9fe713e34fc6deb0e2df5cb3fde52b80b7107d386b0739dfe7fba39b00f7,$$,,64ca9fe713e34fc6deb0e2df5cb3fde52b80b7107d386b0739dfe7fba39b00f7,64ca9fe713e34fc6deb0e2df5cb3fde52b80b7107d386b0739dfe7fba39b00f7,"{""basis"":""ordered source-target formula atom"",""kind"":""source-target-formula-map""}"
1.1.0,formula,O007-FREMLIN-V2-S261-FORMULA-0262,O007-FREMLIN-V2-S261,O007-RIGHTS-FREMLIN-DSL,O007-FREMLIN-V2-S261-SEG-261D,262,261D,261D,459,464,16032,16042,17220,17230,\delta>0,\delta>0,28c5f4f559bc00a49055a369c53d2382bf799ab5fa662c1b53944e9762606ec9,28c5f4f559bc00a49055a369c53d2382bf799ab5fa662c1b53944e9762606ec9,28c5f4f559bc00a49055a369c53d2382bf799ab5fa662c1b53944e9762606ec9,$,,28c5f4f559bc00a49055a369c53d2382bf799ab5fa662c1b53944e9762606ec9,28c5f4f559bc00a49055a369c53d2382bf799ab5fa662c1b53944e9762606ec9,"{""basis"":""ordered source-target formula atom"",""kind"":""source-target-formula-map""}"
1.1.0,formula,O007-FREMLIN-V2-S261-FORMULA-0263,O007-FREMLIN-V2-S261,O007-RIGHTS-FREMLIN-DSL,O007-FREMLIN-V2-S261-SEG-261D,263,261D,261D,461,466,16066,16412,17257,17603,"\eqalign{\limsup_{\delta\downarrow 0} 
&\Bover{\mu^*\{y:y\in D\cap B(x,\delta),\,|f(y)-f(x)|\ge\epsilon\}} 
{\mu B(x,\delta)}\cr 
&\le\lim_{\delta\downarrow 0} 
  \Bover{\mu^*(D\cap B(x,\delta))}{\mu B(x,\delta)} 
-\lim_{\delta\downarrow 0} 
  \Bover{\mu^*\{y:y\in D\cap B(x,\delta),\,|f(y)-f(x)|\le\epsilon/2\}} 
  {\mu B(x,\delta)} 
=0,\cr}","\eqalign{\limsup_{\delta\downarrow 0} 
&\Bover{\mu^*\{y:y\in D\cap B(x,\delta),\,|f(y)-f(x)|\ge\epsilon\}} 
{\mu B(x,\delta)}\cr 
&\le\lim_{\delta\downarrow 0} 
  \Bover{\mu^*(D\cap B(x,\delta))}{\mu B(x,\delta)} 
-\lim_{\delta\downarrow 0} 
  \Bover{\mu^*\{y:y\in D\cap B(x,\delta),\,|f(y)-f(x)|\le\epsilon/2\}} 
  {\mu B(x,\delta)} 
=0,\cr}",765a93968d2a71f258b86f500cdc3430690920490d34fd05d0b23e3c7c64b839,765a93968d2a71f258b86f500cdc3430690920490d34fd05d0b23e3c7c64b839,cc0c0072f753e7d9ba8f64d9b90b7a74c9934ac0c804704de50e2151d7d5d6be,$$,,cc0c0072f753e7d9ba8f64d9b90b7a74c9934ac0c804704de50e2151d7d5d6be,cc0c0072f753e7d9ba8f64d9b90b7a74c9934ac0c804704de50e2151d7d5d6be,"{""basis"":""ordered source-target formula atom"",""kind"":""source-target-formula-map""}"
1.1.0,formula,O007-FREMLIN-V2-S261-FORMULA-0264,O007-FREMLIN-V2-S261,O007-RIGHTS-FREMLIN-DSL,O007-FREMLIN-V2-S261-SEG-261D,264,261D,261D,473,478,16455,16571,17646,17762,"\lim_{\delta\downarrow 0} 
\Bover{\mu^*\{y:y\in D\cap B(x,\delta),\,|f(y)-f(x)|\ge\epsilon\}} 
{\mu B(x,\delta)}=0","\lim_{\delta\downarrow 0} 
\Bover{\mu^*\{y:y\in D\cap B(x,\delta),\,|f(y)-f(x)|\ge\epsilon\}} 
{\mu B(x,\delta)}=0",5b9ee69ea0e31b1d77b0881c4e96fd19c013589355601388b3a814eb6402b56d,5b9ee69ea0e31b1d77b0881c4e96fd19c013589355601388b3a814eb6402b56d,99329804ccbc59412e10cf1e4117f51ef3af593f5f746f658bfacdc402176210,$,,99329804ccbc59412e10cf1e4117f51ef3af593f5f746f658bfacdc402176210,99329804ccbc59412e10cf1e4117f51ef3af593f5f746f658bfacdc402176210,"{""basis"":""ordered source-target formula atom"",""kind"":""source-target-formula-map""}"
1.1.0,formula,O007-FREMLIN-V2-S261-FORMULA-0265,O007-FREMLIN-V2-S261,O007-RIGHTS-FREMLIN-DSL,O007-FREMLIN-V2-S261-SEG-261D,265,261D,261D,477,482,16601,16616,17795,17810,x\in C\cap C',x\in C\cap C',b01429814ffef2ba4427089fcdacbcac8225f28ac1fd0bc8a987506a2b6725fa,b01429814ffef2ba4427089fcdacbcac8225f28ac1fd0bc8a987506a2b6725fa,f7ebff9b5d4cadd5265d9c20bb6634e2fb0b30ca3513b7954847f5cc7ceb2060,$,,f7ebff9b5d4cadd5265d9c20bb6634e2fb0b30ca3513b7954847f5cc7ceb2060,f7ebff9b5d4cadd5265d9c20bb6634e2fb0b30ca3513b7954847f5cc7ceb2060,"{""basis"":""ordered source-target formula atom"",""kind"":""source-target-formula-map""}"
1.1.0,formula,O007-FREMLIN-V2-S261-FORMULA-0266,O007-FREMLIN-V2-S261,O007-RIGHTS-FREMLIN-DSL,O007-FREMLIN-V2-S261-SEG-261D,266,261D,261D,477,483,16644,16652,17840,17848,x\in D,x\in D,0cafff6d90bae55b0f35519bd070c867cf69022bfe6eb57f4ac0bb6ce2cfbd01,0cafff6d90bae55b0f35519bd070c867cf69022bfe6eb57f4ac0bb6ce2cfbd01,02660a526ff739e877b2593af5302507a9ff0fe767c3c51b1239ff488215ee23,$,,02660a526ff739e877b2593af5302507a9ff0fe767c3c51b1239ff488215ee23,02660a526ff739e877b2593af5302507a9ff0fe767c3c51b1239ff488215ee23,"{""basis"":""ordered source-target formula atom"",""kind"":""source-target-formula-map""}"
1.1.0,formula,O007-FREMLIN-V2-S261-FORMULA-0267,O007-FREMLIN-V2-S261,O007-RIGHTS-FREMLIN-DSL,O007-FREMLIN-V2-S261-SEG-261E,267,261E,261E,480,486,16713,16716,17914,17917,f,f,252f10c83610ebca1a059c0bae8255eba2f95be4d1d7bcfa89d7248a82d9f111,252f10c83610ebca1a059c0bae8255eba2f95be4d1d7bcfa89d7248a82d9f111,252f10c83610ebca1a059c0bae8255eba2f95be4d1d7bcfa89d7248a82d9f111,$,,252f10c83610ebca1a059c0bae8255eba2f95be4d1d7bcfa89d7248a82d9f111,252f10c83610ebca1a059c0bae8255eba2f95be4d1d7bcfa89d7248a82d9f111,"{""basis"":""ordered source-target formula atom"",""kind"":""source-target-formula-map""}"
1.1.0,formula,O007-FREMLIN-V2-S261-FORMULA-0268,O007-FREMLIN-V2-S261,O007-RIGHTS-FREMLIN-DSL,O007-FREMLIN-V2-S261-SEG-261E,268,261E,261E,481,487,16787,16796,18022,18031,\BbbR^r,\BbbR^r,6a5173578402ab704fe0e78c24a3f6f09fe9ed2c7ea0fbe574d688249eb91ed7,6a5173578402ab704fe0e78c24a3f6f09fe9ed2c7ea0fbe574d688249eb91ed7,6a5173578402ab704fe0e78c24a3f6f09fe9ed2c7ea0fbe574d688249eb91ed7,$,,6a5173578402ab704fe0e78c24a3f6f09fe9ed2c7ea0fbe574d688249eb91ed7,6a5173578402ab704fe0e78c24a3f6f09fe9ed2c7ea0fbe574d688249eb91ed7,"{""basis"":""ordered source-target formula atom"",""kind"":""source-target-formula-map""}"
1.1.0,formula,O007-FREMLIN-V2-S261-FORMULA-0269,O007-FREMLIN-V2-S261,O007-RIGHTS-FREMLIN-DSL,O007-FREMLIN-V2-S261-SEG-261E,269,261E,261E,483,489,16825,16911,18058,18144,"\lim_{\delta\downarrow 0}\Bover1{\mu B(x,\delta)} 
\int_{B(x,\delta)}|f(y)-f(x)|dy=0","\lim_{\delta\downarrow 0}\Bover1{\mu B(x,\delta)} 
\int_{B(x,\delta)}|f(y)-f(x)|dy=0",50ff77bc9afc3f19bcc44efb184db172e8d54ab9bf4252cc3d02b9c4afc9d931,50ff77bc9afc3f19bcc44efb184db172e8d54ab9bf4252cc3d02b9c4afc9d931,89d51b938452408eebb923bfb18e4161b25c01e7ac224b1190ace45ba4584ea7,$,,89d51b938452408eebb923bfb18e4161b25c01e7ac224b1190ace45ba4584ea7,89d51b938452408eebb923bfb18e4161b25c01e7ac224b1190ace45ba4584ea7,"{""basis"":""ordered source-target formula atom"",""kind"":""source-target-formula-map""}"
1.1.0,formula,O007-FREMLIN-V2-S261-FORMULA-0270,O007-FREMLIN-V2-S261,O007-RIGHTS-FREMLIN-DSL,O007-FREMLIN-V2-S261-SEG-261E,270,261E,261E,486,492,16948,16961,18184,18197,x\in\BbbR^r,x\in\BbbR^r,28a5c24eff3f773cb7f1b8cb06abe0257fd7f24074f24012e181e6e939b1a5cc,28a5c24eff3f773cb7f1b8cb06abe0257fd7f24074f24012e181e6e939b1a5cc,28a5c24eff3f773cb7f1b8cb06abe0257fd7f24074f24012e181e6e939b1a5cc,$,,28a5c24eff3f773cb7f1b8cb06abe0257fd7f24074f24012e181e6e939b1a5cc,28a5c24eff3f773cb7f1b8cb06abe0257fd7f24074f24012e181e6e939b1a5cc,"{""basis"":""ordered source-target formula atom"",""kind"":""source-target-formula-map""}"
1.1.0,formula,O007-FREMLIN-V2-S261-FORMULA-0271,O007-FREMLIN-V2-S261,O007-RIGHTS-FREMLIN-DSL,O007-FREMLIN-V2-S261-SEG-261E,271,261E,261E,492,498,17034,17046,18295,18307,n\in\Bbb N,n\in\Bbb N,d213946df59f2b85be55436de61a489b7c24c216dfb26056fc2946b32c730709,d213946df59f2b85be55436de61a489b7c24c216dfb26056fc2946b32c730709,02bb197ae0de627eb1861382dcf81826f92f1895770d739be7f05b2435488186,$,,02bb197ae0de627eb1861382dcf81826f92f1895770d739be7f05b2435488186,02bb197ae0de627eb1861382dcf81826f92f1895770d739be7f05b2435488186,"{""basis"":""ordered source-target formula atom"",""kind"":""source-target-formula-map""}"
1.1.0,formula,O007-FREMLIN-V2-S261-FORMULA-0272,O007-FREMLIN-V2-S261,O007-RIGHTS-FREMLIN-DSL,O007-FREMLIN-V2-S261-SEG-261E,272,261E,261E,492,499,17071,17088,18323,18340,G=\{x:\|x\|<n\},G=\{x:\|x\|<n\},0af5996c2048093b5de7a946d055a3b502bfef97096eba831ef601c73eaac4e8,0af5996c2048093b5de7a946d055a3b502bfef97096eba831ef601c73eaac4e8,0af5996c2048093b5de7a946d055a3b502bfef97096eba831ef601c73eaac4e8,$,,0af5996c2048093b5de7a946d055a3b502bfef97096eba831ef601c73eaac4e8,0af5996c2048093b5de7a946d055a3b502bfef97096eba831ef601c73eaac4e8,"{""basis"":""ordered source-target formula atom"",""kind"":""source-target-formula-map""}"
1.1.0,formula,O007-FREMLIN-V2-S261-FORMULA-0273,O007-FREMLIN-V2-S261,O007-RIGHTS-FREMLIN-DSL,O007-FREMLIN-V2-S261-SEG-261E,273,261E,261E,493,499,17100,17112,18355,18367,q\in\Bbb Q,q\in\Bbb Q,b2d53b72f8212323ba1eb1c5dfae817e6163755336844a75601a5e57ebd1fe45,b2d53b72f8212323ba1eb1c5dfae817e6163755336844a75601a5e57ebd1fe45,b6c2391330e2749fd48307c5e2335fcc5e25855d87905d447a3df38bcd2eea49,$,,b6c2391330e2749fd48307c5e2335fcc5e25855d87905d447a3df38bcd2eea49,b6c2391330e2749fd48307c5e2335fcc5e25855d87905d447a3df38bcd2eea49,"{""basis"":""ordered source-target formula atom"",""kind"":""source-target-formula-map""}"
1.1.0,formula,O007-FREMLIN-V2-S261-FORMULA-0274,O007-FREMLIN-V2-S261,O007-RIGHTS-FREMLIN-DSL,O007-FREMLIN-V2-S261-SEG-261E,274,261E,261E,493,500,17118,17135,18379,18396,g_q(x)=|f(x)-q|,g_q(x)=|f(x)-q|,e50e0144e4f71aa6aa66bf55eb97caef83397435ce88933064b2695524c60356,e50e0144e4f71aa6aa66bf55eb97caef83397435ce88933064b2695524c60356,e50e0144e4f71aa6aa66bf55eb97caef83397435ce88933064b2695524c60356,$,,e50e0144e4f71aa6aa66bf55eb97caef83397435ce88933064b2695524c60356,e50e0144e4f71aa6aa66bf55eb97caef83397435ce88933064b2695524c60356,"{""basis"":""ordered source-target formula atom"",""kind"":""source-target-formula-map""}"
1.1.0,formula,O007-FREMLIN-V2-S261-FORMULA-0275,O007-FREMLIN-V2-S261,O007-RIGHTS-FREMLIN-DSL,O007-FREMLIN-V2-S261-SEG-261E,275,261E,261E,494,500,17141,17159,18403,18421,x\in G\cap\dom f,x\in G\cap\dom f,0f9a3f691385fc929c1083be4f1c3a6666b95f75e7b5c7291d2592c8095f30f8,0f9a3f691385fc929c1083be4f1c3a6666b95f75e7b5c7291d2592c8095f30f8,bff25916f842c3848ff8960f911187d13538b7231da19209b2a2e93b0462a391,$,,bff25916f842c3848ff8960f911187d13538b7231da19209b2a2e93b0462a391,bff25916f842c3848ff8960f911187d13538b7231da19209b2a2e93b0462a391,"{""basis"":""ordered source-target formula atom"",""kind"":""source-target-formula-map""}"
1.1.0,formula,O007-FREMLIN-V2-S261-FORMULA-0276,O007-FREMLIN-V2-S261,O007-RIGHTS-FREMLIN-DSL,O007-FREMLIN-V2-S261-SEG-261E,276,261E,261E,494,500,17167,17172,18428,18433,g_q,g_q,7eadc3987326373a5981a9f1fb3ceb976210bf3011ab01054584cc0c7e0a9ffc,7eadc3987326373a5981a9f1fb3ceb976210bf3011ab01054584cc0c7e0a9ffc,7eadc3987326373a5981a9f1fb3ceb976210bf3011ab01054584cc0c7e0a9ffc,$,,7eadc3987326373a5981a9f1fb3ceb976210bf3011ab01054584cc0c7e0a9ffc,7eadc3987326373a5981a9f1fb3ceb976210bf3011ab01054584cc0c7e0a9ffc,"{""basis"":""ordered source-target formula atom"",""kind"":""source-target-formula-map""}"
1.1.0,formula,O007-FREMLIN-V2-S261-FORMULA-0277,O007-FREMLIN-V2-S261,O007-RIGHTS-FREMLIN-DSL,O007-FREMLIN-V2-S261-SEG-261E,277,261E,261E,494,501,17192,17195,18455,18458,G,G,333e0a1e27815d0ceee55c473fe3dc93d56c63e3bee2b3b4aee8eed6d70191a3,333e0a1e27815d0ceee55c473fe3dc93d56c63e3bee2b3b4aee8eed6d70191a3,333e0a1e27815d0ceee55c473fe3dc93d56c63e3bee2b3b4aee8eed6d70191a3,$,,333e0a1e27815d0ceee55c473fe3dc93d56c63e3bee2b3b4aee8eed6d70191a3,333e0a1e27815d0ceee55c473fe3dc93d56c63e3bee2b3b4aee8eed6d70191a3,"{""basis"":""ordered source-target formula atom"",""kind"":""source-target-formula-map""}"
1.1.0,formula,O007-FREMLIN-V2-S261-FORMULA-0278,O007-FREMLIN-V2-S261,O007-RIGHTS-FREMLIN-DSL,O007-FREMLIN-V2-S261-SEG-261E,278,261E,261E,496,503,17221,17308,18484,18571,"\lim_{\delta\downarrow 0}\Bover1{\mu B(x,\delta)} 
\int_{G\cap B(x,\delta)}g_q=g_q(x)","\lim_{\delta\downarrow 0}\Bover1{\mu B(x,\delta)} 
\int_{G\cap B(x,\delta)}g_q=g_q(x)",66f210726eb6a29103fcf2ee8922cf8f75e45cb984a4b855a24b3e826f6c0405,66f210726eb6a29103fcf2ee8922cf8f75e45cb984a4b855a24b3e826f6c0405,2328352a3fc33a69867f944198a35090eaee561068d2fff18f5482984b5f37ef,$,,2328352a3fc33a69867f944198a35090eaee561068d2fff18f5482984b5f37ef,2328352a3fc33a69867f944198a35090eaee561068d2fff18f5482984b5f37ef,"{""basis"":""ordered source-target formula atom"",""kind"":""source-target-formula-map""}"
1.1.0,formula,O007-FREMLIN-V2-S261-FORMULA-0279,O007-FREMLIN-V2-S261,O007-RIGHTS-FREMLIN-DSL,O007-FREMLIN-V2-S261-SEG-261E,279,261E,261E,499,506,17345,17353,18611,18619,x\in G,x\in G,3faccb525a29c5c66379ad205d954d7822aa6ecb75b815bd94d489678ce6aa50,3faccb525a29c5c66379ad205d954d7822aa6ecb75b815bd94d489678ce6aa50,f890bd8a169841a8e4c425e62d012427d5ad44ba0a41eee342be8094ad1fd32f,$,,f890bd8a169841a8e4c425e62d012427d5ad44ba0a41eee342be8094ad1fd32f,f890bd8a169841a8e4c425e62d012427d5ad44ba0a41eee342be8094ad1fd32f,"{""basis"":""ordered source-target formula atom"",""kind"":""source-target-formula-map""}"
1.1.0,formula,O007-FREMLIN-V2-S261-FORMULA-0280,O007-FREMLIN-V2-S261,O007-RIGHTS-FREMLIN-DSL,O007-FREMLIN-V2-S261-SEG-261E,280,261E,261E,501,508,17394,17510,18677,18793,"E_q=\{x:x\in G\cap\dom f,\,\lim_{\delta\downarrow 0} 
\Bover1{\mu B(x,\delta)}\int_{G\cap B(x,\delta)}g_q=g_q(x)\}","E_q=\{x:x\in G\cap\dom f,\,\lim_{\delta\downarrow 0} 
\Bover1{\mu B(x,\delta)}\int_{G\cap B(x,\delta)}g_q=g_q(x)\}",4b30a8bb5f4c4006c60c2ac462fd24a4f45e3d5df60ac9cfd9e0fed9bb48f04e,4b30a8bb5f4c4006c60c2ac462fd24a4f45e3d5df60ac9cfd9e0fed9bb48f04e,f6d4232377eb63073280ef301a9158db1c9a8c5be08fd19bfed5d6b0ce809dee,$,,f6d4232377eb63073280ef301a9158db1c9a8c5be08fd19bfed5d6b0ce809dee,f6d4232377eb63073280ef301a9158db1c9a8c5be08fd19bfed5d6b0ce809dee,"{""basis"":""ordered source-target formula atom"",""kind"":""source-target-formula-map""}"
1.1.0,formula,O007-FREMLIN-V2-S261-FORMULA-0281,O007-FREMLIN-V2-S261,O007-RIGHTS-FREMLIN-DSL,O007-FREMLIN-V2-S261-SEG-261E,281,261E,261E,504,511,17539,17555,18829,18845,G\setminus E_q,G\setminus E_q,a72ea61c5affa026dd759a0e3a0f6ae6ebae67ed7536932bbe10c57c80181f0a,a72ea61c5affa026dd759a0e3a0f6ae6ebae67ed7536932bbe10c57c80181f0a,26cb535c75fb66702cf3242580a6208bd5c0a70f4e885ddaaad3d9b6216a69fe,$,,26cb535c75fb66702cf3242580a6208bd5c0a70f4e885ddaaad3d9b6216a69fe,26cb535c75fb66702cf3242580a6208bd5c0a70f4e885ddaaad3d9b6216a69fe,"{""basis"":""ordered source-target formula atom"",""kind"":""source-target-formula-map""}"
1.1.0,formula,O007-FREMLIN-V2-S261-FORMULA-0282,O007-FREMLIN-V2-S261,O007-RIGHTS-FREMLIN-DSL,O007-FREMLIN-V2-S261-SEG-261E,282,261E,261E,504,511,17577,17580,18870,18873,q,q,8e35c2cd3bf6641bdb0e2050b76932cbb2e6034a0ddacc1d9bea82a6ba57f7cf,8e35c2cd3bf6641bdb0e2050b76932cbb2e6034a0ddacc1d9bea82a6ba57f7cf,8e35c2cd3bf6641bdb0e2050b76932cbb2e6034a0ddacc1d9bea82a6ba57f7cf,$,,8e35c2cd3bf6641bdb0e2050b76932cbb2e6034a0ddacc1d9bea82a6ba57f7cf,8e35c2cd3bf6641bdb0e2050b76932cbb2e6034a0ddacc1d9bea82a6ba57f7cf,"{""basis"":""ordered source-target formula atom"",""kind"":""source-target-formula-map""}"
1.1.0,formula,O007-FREMLIN-V2-S261-FORMULA-0283,O007-FREMLIN-V2-S261,O007-RIGHTS-FREMLIN-DSL,O007-FREMLIN-V2-S261-SEG-261E,283,261E,261E,505,512,17586,17600,18885,18899,G\setminus E,G\setminus E,b1cd1ce3df267dce573a4554150d1dd828dddb69ffb883f251adf0ae1df95391,b1cd1ce3df267dce573a4554150d1dd828dddb69ffb883f251adf0ae1df95391,db9642e051a8470e35bf793b017ae2d89020d076c6923512467d155ff1ca029a,$,,db9642e051a8470e35bf793b017ae2d89020d076c6923512467d155ff1ca029a,db9642e051a8470e35bf793b017ae2d89020d076c6923512467d155ff1ca029a,"{""basis"":""ordered source-target formula atom"",""kind"":""source-target-formula-map""}"
1.1.0,formula,O007-FREMLIN-V2-S261-FORMULA-0284,O007-FREMLIN-V2-S261,O007-RIGHTS-FREMLIN-DSL,O007-FREMLIN-V2-S261-SEG-261E,284,261E,261E,506,513,17623,17650,18920,18947,E=\bigcap_{q\in\Bbb Q}E_q,E=\bigcap_{q\in\Bbb Q}E_q,b9ce9043ba360e3b432ffa7f593157a3d3740166b3563e08a6ecc79f6496e13f,b9ce9043ba360e3b432ffa7f593157a3d3740166b3563e08a6ecc79f6496e13f,2666dc1fd385462aa2d870a74a2e35e9104489463bf2c0aa3a4ccd64f5b974b6,$,,2666dc1fd385462aa2d870a74a2e35e9104489463bf2c0aa3a4ccd64f5b974b6,2666dc1fd385462aa2d870a74a2e35e9104489463bf2c0aa3a4ccd64f5b974b6,"{""basis"":""ordered source-target formula atom"",""kind"":""source-target-formula-map""}"
1.1.0,formula,O007-FREMLIN-V2-S261-FORMULA-0285,O007-FREMLIN-V2-S261,O007-RIGHTS-FREMLIN-DSL,O007-FREMLIN-V2-S261-SEG-261E,285,261E,261E,508,515,17678,17770,18978,19070,"\lim_{\delta\downarrow 0}\Bover1{\mu B(x,\delta)} 
\int_{G\cap B(x,\delta)}|f(y)-f(x)|dy=0","\lim_{\delta\downarrow 0}\Bover1{\mu B(x,\delta)} 
\int_{G\cap B(x,\delta)}|f(y)-f(x)|dy=0",a82076e218e37bc5597199f32bbf452ba74f8608bcaf9242d874d59eb98e7f8a,a82076e218e37bc5597199f32bbf452ba74f8608bcaf9242d874d59eb98e7f8a,836848eb86da3894e44767810ca5c073156490d6a92c476de64d6258af2eb502,$,,836848eb86da3894e44767810ca5c073156490d6a92c476de64d6258af2eb502,836848eb86da3894e44767810ca5c073156490d6a92c476de64d6258af2eb502,"{""basis"":""ordered source-target formula atom"",""kind"":""source-target-formula-map""}"
1.1.0,formula,O007-FREMLIN-V2-S261-FORMULA-0286,O007-FREMLIN-V2-S261,O007-RIGHTS-FREMLIN-DSL,O007-FREMLIN-V2-S261-SEG-261E,286,261E,261E,511,518,17800,17808,19103,19111,x\in E,x\in E,8528a049598a80a4979e4f2a54a631f83384a6ab715bdae892df0383f975473b,8528a049598a80a4979e4f2a54a631f83384a6ab715bdae892df0383f975473b,66c48209e8f15f1da161cb4862c500cb2665105ccc2293d664376c39c68d3e72,$,,66c48209e8f15f1da161cb4862c500cb2665105ccc2293d664376c39c68d3e72,66c48209e8f15f1da161cb4862c500cb2665105ccc2293d664376c39c68d3e72,"{""basis"":""ordered source-target formula atom"",""kind"":""source-target-formula-map""}"
1.1.0,formula,O007-FREMLIN-V2-S261-FORMULA-0287,O007-FREMLIN-V2-S261,O007-RIGHTS-FREMLIN-DSL,O007-FREMLIN-V2-S261-SEG-261E,287,261E,261E,511,518,17823,17831,19125,19133,x\in E,x\in E,8528a049598a80a4979e4f2a54a631f83384a6ab715bdae892df0383f975473b,8528a049598a80a4979e4f2a54a631f83384a6ab715bdae892df0383f975473b,66c48209e8f15f1da161cb4862c500cb2665105ccc2293d664376c39c68d3e72,$,,66c48209e8f15f1da161cb4862c500cb2665105ccc2293d664376c39c68d3e72,66c48209e8f15f1da161cb4862c500cb2665105ccc2293d664376c39c68d3e72,"{""basis"":""ordered source-target formula atom"",""kind"":""source-target-formula-map""}"
1.1.0,formula,O007-FREMLIN-V2-S261-FORMULA-0288,O007-FREMLIN-V2-S261,O007-RIGHTS-FREMLIN-DSL,O007-FREMLIN-V2-S261-SEG-261E,288,261E,261E,511,518,17836,17848,19138,19150,\epsilon>0,\epsilon>0,4c7785f41b6ba845fbf6fe3db625563505eedd141a7e6a016df047b5d14c0cc7,4c7785f41b6ba845fbf6fe3db625563505eedd141a7e6a016df047b5d14c0cc7,4c7785f41b6ba845fbf6fe3db625563505eedd141a7e6a016df047b5d14c0cc7,$,,4c7785f41b6ba845fbf6fe3db625563505eedd141a7e6a016df047b5d14c0cc7,4c7785f41b6ba845fbf6fe3db625563505eedd141a7e6a016df047b5d14c0cc7,"{""basis"":""ordered source-target formula atom"",""kind"":""source-target-formula-map""}"
1.1.0,formula,O007-FREMLIN-V2-S261-FORMULA-0289,O007-FREMLIN-V2-S261,O007-RIGHTS-FREMLIN-DSL,O007-FREMLIN-V2-S261-SEG-261E,289,261E,261E,512,519,17867,17879,19167,19179,q\in\Bbb Q,q\in\Bbb Q,b2d53b72f8212323ba1eb1c5dfae817e6163755336844a75601a5e57ebd1fe45,b2d53b72f8212323ba1eb1c5dfae817e6163755336844a75601a5e57ebd1fe45,b6c2391330e2749fd48307c5e2335fcc5e25855d87905d447a3df38bcd2eea49,$,,b6c2391330e2749fd48307c5e2335fcc5e25855d87905d447a3df38bcd2eea49,b6c2391330e2749fd48307c5e2335fcc5e25855d87905d447a3df38bcd2eea49,"{""basis"":""ordered source-target formula atom"",""kind"":""source-target-formula-map""}"
1.1.0,formula,O007-FREMLIN-V2-S261-FORMULA-0290,O007-FREMLIN-V2-S261,O007-RIGHTS-FREMLIN-DSL,O007-FREMLIN-V2-S261-SEG-261E,290,261E,261E,512,519,17890,17911,19200,19221,|f(x)-q|\le\epsilon,|f(x)-q|\le\epsilon,92162a0f20057c8fcd7df3e4972155d60b864647fe0757877ef82b94a625c165,92162a0f20057c8fcd7df3e4972155d60b864647fe0757877ef82b94a625c165,92162a0f20057c8fcd7df3e4972155d60b864647fe0757877ef82b94a625c165,$,,92162a0f20057c8fcd7df3e4972155d60b864647fe0757877ef82b94a625c165,92162a0f20057c8fcd7df3e4972155d60b864647fe0757877ef82b94a625c165,"{""basis"":""ordered source-target formula atom"",""kind"":""source-target-formula-map""}"
1.1.0,formula,O007-FREMLIN-V2-S261-FORMULA-0291,O007-FREMLIN-V2-S261,O007-RIGHTS-FREMLIN-DSL,O007-FREMLIN-V2-S261-SEG-261E,291,261E,261E,514,522,17941,17990,19253,19302,|f(y)-f(x)|\le|f(y)-q|+\epsilon=g_q(y)+\epsilon,|f(y)-f(x)|\le|f(y)-q|+\epsilon=g_q(y)+\epsilon,4b51c7c65194a04fb2ed7dd5de675245c8eece0e635ce5f5b797229b088fe85e,4b51c7c65194a04fb2ed7dd5de675245c8eece0e635ce5f5b797229b088fe85e,4b51c7c65194a04fb2ed7dd5de675245c8eece0e635ce5f5b797229b088fe85e,$,,4b51c7c65194a04fb2ed7dd5de675245c8eece0e635ce5f5b797229b088fe85e,4b51c7c65194a04fb2ed7dd5de675245c8eece0e635ce5f5b797229b088fe85e,"{""basis"":""ordered source-target formula atom"",""kind"":""source-target-formula-map""}"
1.1.0,formula,O007-FREMLIN-V2-S261-FORMULA-0292,O007-FREMLIN-V2-S261,O007-RIGHTS-FREMLIN-DSL,O007-FREMLIN-V2-S261-SEG-261E,292,261E,261E,516,524,18020,18038,19335,19353,y\in G\cap\dom f,y\in G\cap\dom f,a23af9daa2b7f0ce18180d7e5014c1fe11771c31acbbd79f0486af882a45ce49,a23af9daa2b7f0ce18180d7e5014c1fe11771c31acbbd79f0486af882a45ce49,a63c33f1ce07edb004068b5daa75d4c16945d4e9c68fccdb3ef29e33b0b8909e,$,,a63c33f1ce07edb004068b5daa75d4c16945d4e9c68fccdb3ef29e33b0b8909e,a63c33f1ce07edb004068b5daa75d4c16945d4e9c68fccdb3ef29e33b0b8909e,"{""basis"":""ordered source-target formula atom"",""kind"":""source-target-formula-map""}"
1.1.0,formula,O007-FREMLIN-V2-S261-FORMULA-0293,O007-FREMLIN-V2-S261,O007-RIGHTS-FREMLIN-DSL,O007-FREMLIN-V2-S261-SEG-261E,293,261E,261E,518,526,18052,18301,19367,19616,"\eqalign{\limsup_{\delta\downarrow 0}\Bover1{\mu B(x,\delta)} 
\int_{G\cap B(x,\delta)}|f(y)-f(x)|dy 
&\le\limsup_{\delta\downarrow 0}\Bover1{\mu B(x,\delta)} 
\int_{G\cap B(x,\delta)}g_q(y)+\epsilon\,dy\cr 
&=\epsilon+g_q(x) 
\le 2\epsilon.\cr}","\eqalign{\limsup_{\delta\downarrow 0}\Bover1{\mu B(x,\delta)} 
\int_{G\cap B(x,\delta)}|f(y)-f(x)|dy 
&\le\limsup_{\delta\downarrow 0}\Bover1{\mu B(x,\delta)} 
\int_{G\cap B(x,\delta)}g_q(y)+\epsilon\,dy\cr 
&=\epsilon+g_q(x) 
\le 2\epsilon.\cr}",6659b92a31da83d9f558c455a2a4980a3aa39a7048086f84f405cedfee18f649,6659b92a31da83d9f558c455a2a4980a3aa39a7048086f84f405cedfee18f649,1ca9b1dad0fbbd8f8953f305c92df7ab25d019489485bc76d3734acaecf3a983,$$,,1ca9b1dad0fbbd8f8953f305c92df7ab25d019489485bc76d3734acaecf3a983,1ca9b1dad0fbbd8f8953f305c92df7ab25d019489485bc76d3734acaecf3a983,"{""basis"":""ordered source-target formula atom"",""kind"":""source-target-formula-map""}"
1.1.0,formula,O007-FREMLIN-V2-S261-FORMULA-0294,O007-FREMLIN-V2-S261,O007-RIGHTS-FREMLIN-DSL,O007-FREMLIN-V2-S261-SEG-261E,294,261E,261E,525,533,18323,18333,19642,19652,\epsilon,\epsilon,8bc4bfc2bdebfaac14a98cde1deb3cf75202e7908905efb95c939c0481951f77,8bc4bfc2bdebfaac14a98cde1deb3cf75202e7908905efb95c939c0481951f77,8bc4bfc2bdebfaac14a98cde1deb3cf75202e7908905efb95c939c0481951f77,$,,8bc4bfc2bdebfaac14a98cde1deb3cf75202e7908905efb95c939c0481951f77,8bc4bfc2bdebfaac14a98cde1deb3cf75202e7908905efb95c939c0481951f77,"{""basis"":""ordered source-target formula atom"",""kind"":""source-target-formula-map""}"
1.1.0,formula,O007-FREMLIN-V2-S261-FORMULA-0295,O007-FREMLIN-V2-S261,O007-RIGHTS-FREMLIN-DSL,O007-FREMLIN-V2-S261-SEG-261E,295,261E,261E,527,535,18368,18460,19683,19775,"\lim_{\delta\downarrow 0}\Bover1{\mu B(x,\delta)} 
\int_{G\cap B(x,\delta)}|f(y)-f(x)|dy=0","\lim_{\delta\downarrow 0}\Bover1{\mu B(x,\delta)} 
\int_{G\cap B(x,\delta)}|f(y)-f(x)|dy=0",a82076e218e37bc5597199f32bbf452ba74f8608bcaf9242d874d59eb98e7f8a,a82076e218e37bc5597199f32bbf452ba74f8608bcaf9242d874d59eb98e7f8a,836848eb86da3894e44767810ca5c073156490d6a92c476de64d6258af2eb502,$,,836848eb86da3894e44767810ca5c073156490d6a92c476de64d6258af2eb502,836848eb86da3894e44767810ca5c073156490d6a92c476de64d6258af2eb502,"{""basis"":""ordered source-target formula atom"",""kind"":""source-target-formula-map""}"
1.1.0,formula,O007-FREMLIN-V2-S261-FORMULA-0296,O007-FREMLIN-V2-S261,O007-RIGHTS-FREMLIN-DSL,O007-FREMLIN-V2-S261-SEG-261E,296,261E,261E,534,542,18543,18546,19868,19871,G,G,333e0a1e27815d0ceee55c473fe3dc93d56c63e3bee2b3b4aee8eed6d70191a3,333e0a1e27815d0ceee55c473fe3dc93d56c63e3bee2b3b4aee8eed6d70191a3,333e0a1e27815d0ceee55c473fe3dc93d56c63e3bee2b3b4aee8eed6d70191a3,$,,333e0a1e27815d0ceee55c473fe3dc93d56c63e3bee2b3b4aee8eed6d70191a3,333e0a1e27815d0ceee55c473fe3dc93d56c63e3bee2b3b4aee8eed6d70191a3,"{""basis"":""ordered source-target formula atom"",""kind"":""source-target-formula-map""}"
1.1.0,formula,O007-FREMLIN-V2-S261-FORMULA-0297,O007-FREMLIN-V2-S261,O007-RIGHTS-FREMLIN-DSL,O007-FREMLIN-V2-S261-SEG-261E,297,261E,261E,536,544,18571,18750,19896,20075,"\lim_{\delta\downarrow 0}\Bover1{\mu B(x,\delta)} 
\int_{B(x,\delta)}|f(y)-f(x)|dy 
=\lim_{\delta\downarrow 0}\Bover1{\mu B(x,\delta)} 
\int_{G\cap B(x,\delta)}|f(y)-f(x)|dy 
=0","\lim_{\delta\downarrow 0}\Bover1{\mu B(x,\delta)} 
\int_{B(x,\delta)}|f(y)-f(x)|dy 
=\lim_{\delta\downarrow 0}\Bover1{\mu B(x,\delta)} 
\int_{G\cap B(x,\delta)}|f(y)-f(x)|dy 
=0",a8f3251877a5f96be9a613cc457d015606c6da46fdfa9290f48acfbe5f7d2221,a8f3251877a5f96be9a613cc457d015606c6da46fdfa9290f48acfbe5f7d2221,242813c6160dadfec55264c684d64eb96c2e49c563aab43fbc1935609068d03b,$,,242813c6160dadfec55264c684d64eb96c2e49c563aab43fbc1935609068d03b,242813c6160dadfec55264c684d64eb96c2e49c563aab43fbc1935609068d03b,"{""basis"":""ordered source-target formula atom"",""kind"":""source-target-formula-map""}"
1.1.0,formula,O007-FREMLIN-V2-S261-FORMULA-0298,O007-FREMLIN-V2-S261,O007-RIGHTS-FREMLIN-DSL,O007-FREMLIN-V2-S261-SEG-261E,298,261E,261E,542,550,18787,18795,20115,20123,x\in G,x\in G,3faccb525a29c5c66379ad205d954d7822aa6ecb75b815bd94d489678ce6aa50,3faccb525a29c5c66379ad205d954d7822aa6ecb75b815bd94d489678ce6aa50,f890bd8a169841a8e4c425e62d012427d5ad44ba0a41eee342be8094ad1fd32f,$,,f890bd8a169841a8e4c425e62d012427d5ad44ba0a41eee342be8094ad1fd32f,f890bd8a169841a8e4c425e62d012427d5ad44ba0a41eee342be8094ad1fd32f,"{""basis"":""ordered source-target formula atom"",""kind"":""source-target-formula-map""}"
1.1.0,formula,O007-FREMLIN-V2-S261-FORMULA-0299,O007-FREMLIN-V2-S261,O007-RIGHTS-FREMLIN-DSL,O007-FREMLIN-V2-S261-SEG-261E,299,261E,261E,542,550,18802,18805,20132,20135,n,n,1b16b1df538ba12dc3f97edbb85caa7050d46c148134290feba80f8236c83db9,1b16b1df538ba12dc3f97edbb85caa7050d46c148134290feba80f8236c83db9,1b16b1df538ba12dc3f97edbb85caa7050d46c148134290feba80f8236c83db9,$,,1b16b1df538ba12dc3f97edbb85caa7050d46c148134290feba80f8236c83db9,1b16b1df538ba12dc3f97edbb85caa7050d46c148134290feba80f8236c83db9,"{""basis"":""ordered source-target formula atom"",""kind"":""source-target-formula-map""}"
1.1.0,formula,O007-FREMLIN-V2-S261-FORMULA-0300,O007-FREMLIN-V2-S261,O007-RIGHTS-FREMLIN-DSL,O007-FREMLIN-V2-S261-SEG-261E,300,261E,261E,544,552,18835,18921,20161,20247,"\lim_{\delta\downarrow 0}\Bover1{\mu B(x,\delta)} 
\int_{B(x,\delta)}|f(y)-f(x)|dy=0","\lim_{\delta\downarrow 0}\Bover1{\mu B(x,\delta)} 
\int_{B(x,\delta)}|f(y)-f(x)|dy=0",50ff77bc9afc3f19bcc44efb184db172e8d54ab9bf4252cc3d02b9c4afc9d931,50ff77bc9afc3f19bcc44efb184db172e8d54ab9bf4252cc3d02b9c4afc9d931,89d51b938452408eebb923bfb18e4161b25c01e7ac224b1190ace45ba4584ea7,$,,89d51b938452408eebb923bfb18e4161b25c01e7ac224b1190ace45ba4584ea7,89d51b938452408eebb923bfb18e4161b25c01e7ac224b1190ace45ba4584ea7,"{""basis"":""ordered source-target formula atom"",""kind"":""source-target-formula-map""}"
1.1.0,formula,O007-FREMLIN-V2-S261-FORMULA-0301,O007-FREMLIN-V2-S261,O007-RIGHTS-FREMLIN-DSL,O007-FREMLIN-V2-S261-SEG-261E,301,261E,261E,547,555,18958,18971,20287,20300,x\in\BbbR^r,x\in\BbbR^r,28a5c24eff3f773cb7f1b8cb06abe0257fd7f24074f24012e181e6e939b1a5cc,28a5c24eff3f773cb7f1b8cb06abe0257fd7f24074f24012e181e6e939b1a5cc,28a5c24eff3f773cb7f1b8cb06abe0257fd7f24074f24012e181e6e939b1a5cc,$,,28a5c24eff3f773cb7f1b8cb06abe0257fd7f24074f24012e181e6e939b1a5cc,28a5c24eff3f773cb7f1b8cb06abe0257fd7f24074f24012e181e6e939b1a5cc,"{""basis"":""ordered source-target formula atom"",""kind"":""source-target-formula-map""}"
1.1.0,formula,O007-FREMLIN-V2-S261-FORMULA-0302,O007-FREMLIN-V2-S261,O007-RIGHTS-FREMLIN-DSL,O007-FREMLIN-V2-S261-SEG-261E,302,261E,261E,553,561,19065,19174,20396,20505,"\{x:x\in\dom f,\, 
  \lim_{\delta\downarrow 0}\Bover1{\mu B(x,\delta)} 
\int_{B(x,\delta)}|f(y)-f(x)|dy=0\}","\{x:x\in\dom f,\, 
  \lim_{\delta\downarrow 0}\Bover1{\mu B(x,\delta)} 
\int_{B(x,\delta)}|f(y)-f(x)|dy=0\}",cb4118dbbfbfdd7799ced9eaa78ee6a9ef92842e17411cd305a1252dd801d5f4,cb4118dbbfbfdd7799ced9eaa78ee6a9ef92842e17411cd305a1252dd801d5f4,68bf1d16bf0b2f69b5a93bc013c41de01532d7d9b25dca7ac179e902a132b017,$,,68bf1d16bf0b2f69b5a93bc013c41de01532d7d9b25dca7ac179e902a132b017,68bf1d16bf0b2f69b5a93bc013c41de01532d7d9b25dca7ac179e902a132b017,"{""basis"":""ordered source-target formula atom"",""kind"":""source-target-formula-map""}"
1.1.0,formula,O007-FREMLIN-V2-S261-FORMULA-0303,O007-FREMLIN-V2-S261,O007-RIGHTS-FREMLIN-DSL,O007-FREMLIN-V2-S261-SEG-261E,303,261E,261E,557,565,19240,19243,20576,20579,f,f,252f10c83610ebca1a059c0bae8255eba2f95be4d1d7bcfa89d7248a82d9f111,252f10c83610ebca1a059c0bae8255eba2f95be4d1d7bcfa89d7248a82d9f111,252f10c83610ebca1a059c0bae8255eba2f95be4d1d7bcfa89d7248a82d9f111,$,,252f10c83610ebca1a059c0bae8255eba2f95be4d1d7bcfa89d7248a82d9f111,252f10c83610ebca1a059c0bae8255eba2f95be4d1d7bcfa89d7248a82d9f111,"{""basis"":""ordered source-target formula atom"",""kind"":""source-target-formula-map""}"
1.1.0,formula,O007-FREMLIN-V2-S261-FORMULA-0304,O007-FREMLIN-V2-S261,O007-RIGHTS-FREMLIN-DSL,O007-FREMLIN-V2-S261-SEG-261F,304,261F,261F,564,572,19392,19411,20739,20758,A\subseteq\BbbR^r,A\subseteq\BbbR^r,f93528f6e6f940f332b7f5b14441d9d25ee7316d8c957e06b6bce3ed6d36e7ab,f93528f6e6f940f332b7f5b14441d9d25ee7316d8c957e06b6bce3ed6d36e7ab,f93528f6e6f940f332b7f5b14441d9d25ee7316d8c957e06b6bce3ed6d36e7ab,$,,f93528f6e6f940f332b7f5b14441d9d25ee7316d8c957e06b6bce3ed6d36e7ab,f93528f6e6f940f332b7f5b14441d9d25ee7316d8c957e06b6bce3ed6d36e7ab,"{""basis"":""ordered source-target formula atom"",""kind"":""source-target-formula-map""}"
1.1.0,formula,O007-FREMLIN-V2-S261-FORMULA-0305,O007-FREMLIN-V2-S261,O007-RIGHTS-FREMLIN-DSL,O007-FREMLIN-V2-S261-SEG-261F,305,261F,261F,565,573,19429,19441,20783,20795,\epsilon>0,\epsilon>0,4c7785f41b6ba845fbf6fe3db625563505eedd141a7e6a016df047b5d14c0cc7,4c7785f41b6ba845fbf6fe3db625563505eedd141a7e6a016df047b5d14c0cc7,4c7785f41b6ba845fbf6fe3db625563505eedd141a7e6a016df047b5d14c0cc7,$,,4c7785f41b6ba845fbf6fe3db625563505eedd141a7e6a016df047b5d14c0cc7,4c7785f41b6ba845fbf6fe3db625563505eedd141a7e6a016df047b5d14c0cc7,"{""basis"":""ordered source-target formula atom"",""kind"":""source-target-formula-map""}"
1.1.0,formula,O007-FREMLIN-V2-S261-FORMULA-0306,O007-FREMLIN-V2-S261,O007-RIGHTS-FREMLIN-DSL,O007-FREMLIN-V2-S261-SEG-261F,306,261F,261F,565,573,19470,19487,20825,20842,\sequencen{B_n},\sequencen{B_n},c1443991d79d69c4022b3563b1e409c639c330fb117918139616703c296ad0bd,c1443991d79d69c4022b3563b1e409c639c330fb117918139616703c296ad0bd,c1443991d79d69c4022b3563b1e409c639c330fb117918139616703c296ad0bd,$,,c1443991d79d69c4022b3563b1e409c639c330fb117918139616703c296ad0bd,c1443991d79d69c4022b3563b1e409c639c330fb117918139616703c296ad0bd,"{""basis"":""ordered source-target formula atom"",""kind"":""source-target-formula-map""}"
1.1.0,formula,O007-FREMLIN-V2-S261-FORMULA-0307,O007-FREMLIN-V2-S261,O007-RIGHTS-FREMLIN-DSL,O007-FREMLIN-V2-S261-SEG-261F,307,261F,261F,566,574,19508,19517,20864,20873,\BbbR^r,\BbbR^r,6a5173578402ab704fe0e78c24a3f6f09fe9ed2c7ea0fbe574d688249eb91ed7,6a5173578402ab704fe0e78c24a3f6f09fe9ed2c7ea0fbe574d688249eb91ed7,6a5173578402ab704fe0e78c24a3f6f09fe9ed2c7ea0fbe574d688249eb91ed7,$,,6a5173578402ab704fe0e78c24a3f6f09fe9ed2c7ea0fbe574d688249eb91ed7,6a5173578402ab704fe0e78c24a3f6f09fe9ed2c7ea0fbe574d688249eb91ed7,"{""basis"":""ordered source-target formula atom"",""kind"":""source-target-formula-map""}"
1.1.0,formula,O007-FREMLIN-V2-S261-FORMULA-0308,O007-FREMLIN-V2-S261,O007-RIGHTS-FREMLIN-DSL,O007-FREMLIN-V2-S261-SEG-261F,308,261F,261F,566,574,19541,19551,20910,20920,\epsilon,\epsilon,8bc4bfc2bdebfaac14a98cde1deb3cf75202e7908905efb95c939c0481951f77,8bc4bfc2bdebfaac14a98cde1deb3cf75202e7908905efb95c939c0481951f77,8bc4bfc2bdebfaac14a98cde1deb3cf75202e7908905efb95c939c0481951f77,$,,8bc4bfc2bdebfaac14a98cde1deb3cf75202e7908905efb95c939c0481951f77,8bc4bfc2bdebfaac14a98cde1deb3cf75202e7908905efb95c939c0481951f77,"{""basis"":""ordered source-target formula atom"",""kind"":""source-target-formula-map""}"
1.1.0,formula,O007-FREMLIN-V2-S261-FORMULA-0309,O007-FREMLIN-V2-S261,O007-RIGHTS-FREMLIN-DSL,O007-FREMLIN-V2-S261-SEG-261F,309,261F,261F,567,575,19564,19599,20943,20978,A\subseteq\bigcup_{n\in\Bbb N}B_n,A\subseteq\bigcup_{n\in\Bbb N}B_n,2846a6d7ff6bef9591c4a7679303782c8a2c3e06e023e292761b1505186d0bb8,2846a6d7ff6bef9591c4a7679303782c8a2c3e06e023e292761b1505186d0bb8,ba3da80995cd9295d3fb59961ba6c0dbfb3d047d868c6bea6b152e6c7bf38799,$,,ba3da80995cd9295d3fb59961ba6c0dbfb3d047d868c6bea6b152e6c7bf38799,ba3da80995cd9295d3fb59961ba6c0dbfb3d047d868c6bea6b152e6c7bf38799,"{""basis"":""ordered source-target formula atom"",""kind"":""source-target-formula-map""}"
1.1.0,formula,O007-FREMLIN-V2-S261-FORMULA-0310,O007-FREMLIN-V2-S261,O007-RIGHTS-FREMLIN-DSL,O007-FREMLIN-V2-S261-SEG-261F,310,261F,261F,568,576,19605,19651,20984,21030,\sum_{n=0}^{\infty}\mu B_n\le\mu^*A+\epsilon,\sum_{n=0}^{\infty}\mu B_n\le\mu^*A+\epsilon,0fb5c85ef383ad7a65b1ec8c3aa328f126c91934320e6ea48b408b69ed17fdc9,0fb5c85ef383ad7a65b1ec8c3aa328f126c91934320e6ea48b408b69ed17fdc9,0fc40e8e1ac7da4ee82122101da9c6de054dedbad1acabbb250856f0a71ba60e,$,,0fc40e8e1ac7da4ee82122101da9c6de054dedbad1acabbb250856f0a71ba60e,0fc40e8e1ac7da4ee82122101da9c6de054dedbad1acabbb250856f0a71ba60e,"{""basis"":""ordered source-target formula atom"",""kind"":""source-target-formula-map""}"
1.1.0,formula,O007-FREMLIN-V2-S261-FORMULA-0311,O007-FREMLIN-V2-S261,O007-RIGHTS-FREMLIN-DSL,O007-FREMLIN-V2-S261-SEG-261F,311,261F,261F,570,578,19741,19744,21135,21138,A,A,559aead08264d5795d3909718cdd05abd49572e84fe55590eef31a88a08fdffd,559aead08264d5795d3909718cdd05abd49572e84fe55590eef31a88a08fdffd,559aead08264d5795d3909718cdd05abd49572e84fe55590eef31a88a08fdffd,$,,559aead08264d5795d3909718cdd05abd49572e84fe55590eef31a88a08fdffd,559aead08264d5795d3909718cdd05abd49572e84fe55590eef31a88a08fdffd,"{""basis"":""ordered source-target formula atom"",""kind"":""source-target-formula-map""}"
1.1.0,formula,O007-FREMLIN-V2-S261-FORMULA-0312,O007-FREMLIN-V2-S261,O007-RIGHTS-FREMLIN-DSL,O007-FREMLIN-V2-S261-SEG-261F,312,261F,261F,571,578,19779,19789,21175,21185,\epsilon,\epsilon,8bc4bfc2bdebfaac14a98cde1deb3cf75202e7908905efb95c939c0481951f77,8bc4bfc2bdebfaac14a98cde1deb3cf75202e7908905efb95c939c0481951f77,8bc4bfc2bdebfaac14a98cde1deb3cf75202e7908905efb95c939c0481951f77,$,,8bc4bfc2bdebfaac14a98cde1deb3cf75202e7908905efb95c939c0481951f77,8bc4bfc2bdebfaac14a98cde1deb3cf75202e7908905efb95c939c0481951f77,"{""basis"":""ordered source-target formula atom"",""kind"":""source-target-formula-map""}"
1.1.0,formula,O007-FREMLIN-V2-S261-FORMULA-0313,O007-FREMLIN-V2-S261,O007-RIGHTS-FREMLIN-DSL,O007-FREMLIN-V2-S261-SEG-261F,313,261F,261F,574,581,19862,19875,21269,21282,x\in\BbbR^r,x\in\BbbR^r,28a5c24eff3f773cb7f1b8cb06abe0257fd7f24074f24012e181e6e939b1a5cc,28a5c24eff3f773cb7f1b8cb06abe0257fd7f24074f24012e181e6e939b1a5cc,28a5c24eff3f773cb7f1b8cb06abe0257fd7f24074f24012e181e6e939b1a5cc,$,,28a5c24eff3f773cb7f1b8cb06abe0257fd7f24074f24012e181e6e939b1a5cc,28a5c24eff3f773cb7f1b8cb06abe0257fd7f24074f24012e181e6e939b1a5cc,"{""basis"":""ordered source-target formula atom"",""kind"":""source-target-formula-map""}"
1.1.0,formula,O007-FREMLIN-V2-S261-FORMULA-0314,O007-FREMLIN-V2-S261,O007-RIGHTS-FREMLIN-DSL,O007-FREMLIN-V2-S261-SEG-261F,314,261F,261F,574,581,19877,19887,21284,21294,\delta>0,\delta>0,28c5f4f559bc00a49055a369c53d2382bf799ab5fa662c1b53944e9762606ec9,28c5f4f559bc00a49055a369c53d2382bf799ab5fa662c1b53944e9762606ec9,28c5f4f559bc00a49055a369c53d2382bf799ab5fa662c1b53944e9762606ec9,$,,28c5f4f559bc00a49055a369c53d2382bf799ab5fa662c1b53944e9762606ec9,28c5f4f559bc00a49055a369c53d2382bf799ab5fa662c1b53944e9762606ec9,"{""basis"":""ordered source-target formula atom"",""kind"":""source-target-formula-map""}"
1.1.0,formula,O007-FREMLIN-V2-S261-FORMULA-0315,O007-FREMLIN-V2-S261,O007-RIGHTS-FREMLIN-DSL,O007-FREMLIN-V2-S261-SEG-261F,315,261F,261F,575,582,19913,19942,21325,21354,"I=\coint{x,x+\delta\tbf{1}}","I=\coint{x,x+\delta\tbf{1}}",1da5077380d8ad8818af9763914a0f6e09b58d7626b0fd2a3f1e7cb7b0f2620a,1da5077380d8ad8818af9763914a0f6e09b58d7626b0fd2a3f1e7cb7b0f2620a,1da5077380d8ad8818af9763914a0f6e09b58d7626b0fd2a3f1e7cb7b0f2620a,$,,1da5077380d8ad8818af9763914a0f6e09b58d7626b0fd2a3f1e7cb7b0f2620a,1da5077380d8ad8818af9763914a0f6e09b58d7626b0fd2a3f1e7cb7b0f2620a,"{""basis"":""ordered source-target formula atom"",""kind"":""source-target-formula-map""}"
1.1.0,formula,O007-FREMLIN-V2-S261-FORMULA-0316,O007-FREMLIN-V2-S261,O007-RIGHTS-FREMLIN-DSL,O007-FREMLIN-V2-S261-SEG-261F,316,261F,261F,576,583,19968,19989,21383,21404,"B(x,\delta\sqrt{r})","B(x,\delta\sqrt{r})",95ca270ed0c30d9f9f184113d7edc1b0f6756e92f527c78c311122d6661257b1,95ca270ed0c30d9f9f184113d7edc1b0f6756e92f527c78c311122d6661257b1,95ca270ed0c30d9f9f184113d7edc1b0f6756e92f527c78c311122d6661257b1,$,,95ca270ed0c30d9f9f184113d7edc1b0f6756e92f527c78c311122d6661257b1,95ca270ed0c30d9f9f184113d7edc1b0f6756e92f527c78c311122d6661257b1,"{""basis"":""ordered source-target formula atom"",""kind"":""source-target-formula-map""}"
1.1.0,formula,O007-FREMLIN-V2-S261-FORMULA-0317,O007-FREMLIN-V2-S261,O007-RIGHTS-FREMLIN-DSL,O007-FREMLIN-V2-S261-SEG-261F,317,261F,261F,577,584,20010,20042,21422,21454,\gamma_r\delta^r=\gamma_r\mu I,\gamma_r\delta^r=\gamma_r\mu I,aea9442bc2670bed56f10179c98ae52ca9859b1d4e1c8aa8e2aedd1b81258b4f,aea9442bc2670bed56f10179c98ae52ca9859b1d4e1c8aa8e2aedd1b81258b4f,ef99d50ec9d592515be3e47998b28235b1a72594d601ffe90a8dc66b12a8d8a7,$,,ef99d50ec9d592515be3e47998b28235b1a72594d601ffe90a8dc66b12a8d8a7,ef99d50ec9d592515be3e47998b28235b1a72594d601ffe90a8dc66b12a8d8a7,"{""basis"":""ordered source-target formula atom"",""kind"":""source-target-formula-map""}"
1.1.0,formula,O007-FREMLIN-V2-S261-FORMULA-0318,O007-FREMLIN-V2-S261,O007-RIGHTS-FREMLIN-DSL,O007-FREMLIN-V2-S261-SEG-261F,318,261F,261F,578,585,20051,20076,21464,21489,\gamma_r=\beta_rr^{r/2},\gamma_r=\beta_rr^{r/2},29d838715225b54fdd912e9eaad009ef76e542952cd29664442945ab4864e1b9,29d838715225b54fdd912e9eaad009ef76e542952cd29664442945ab4864e1b9,29d838715225b54fdd912e9eaad009ef76e542952cd29664442945ab4864e1b9,$,,29d838715225b54fdd912e9eaad009ef76e542952cd29664442945ab4864e1b9,29d838715225b54fdd912e9eaad009ef76e542952cd29664442945ab4864e1b9,"{""basis"":""ordered source-target formula atom"",""kind"":""source-target-formula-map""}"
1.1.0,formula,O007-FREMLIN-V2-S261-FORMULA-0319,O007-FREMLIN-V2-S261,O007-RIGHTS-FREMLIN-DSL,O007-FREMLIN-V2-S261-SEG-261F,319,261F,261F,578,585,20099,20118,21507,21526,G\subseteq\BbbR^r,G\subseteq\BbbR^r,7a20117e0086bb3ae7287fafcd5a93cbe31e116e7766d1453ad8e8e353c68236,7a20117e0086bb3ae7287fafcd5a93cbe31e116e7766d1453ad8e8e353c68236,7a20117e0086bb3ae7287fafcd5a93cbe31e116e7766d1453ad8e8e353c68236,$,,7a20117e0086bb3ae7287fafcd5a93cbe31e116e7766d1453ad8e8e353c68236,7a20117e0086bb3ae7287fafcd5a93cbe31e116e7766d1453ad8e8e353c68236,"{""basis"":""ordered source-target formula atom"",""kind"":""source-target-formula-map""}"
1.1.0,formula,O007-FREMLIN-V2-S261-FORMULA-0320,O007-FREMLIN-V2-S261,O007-RIGHTS-FREMLIN-DSL,O007-FREMLIN-V2-S261-SEG-261F,320,261F,261F,579,586,20142,20145,21560,21563,G,G,333e0a1e27815d0ceee55c473fe3dc93d56c63e3bee2b3b4aee8eed6d70191a3,333e0a1e27815d0ceee55c473fe3dc93d56c63e3bee2b3b4aee8eed6d70191a3,333e0a1e27815d0ceee55c473fe3dc93d56c63e3bee2b3b4aee8eed6d70191a3,$,,333e0a1e27815d0ceee55c473fe3dc93d56c63e3bee2b3b4aee8eed6d70191a3,333e0a1e27815d0ceee55c473fe3dc93d56c63e3bee2b3b4aee8eed6d70191a3,"{""basis"":""ordered source-target formula atom"",""kind"":""source-target-formula-map""}"
1.1.0,formula,O007-FREMLIN-V2-S261-FORMULA-0321,O007-FREMLIN-V2-S261,O007-RIGHTS-FREMLIN-DSL,O007-FREMLIN-V2-S261-SEG-261F,321,261F,261F,580,587,20210,20225,21637,21652,\gamma_r\mu G,\gamma_r\mu G,46689b82166563e9a77f04f37b516ca06f6489cfbcf638b6374fd81cafb9e42d,46689b82166563e9a77f04f37b516ca06f6489cfbcf638b6374fd81cafb9e42d,4e65fc081629b401ffddf61dc8d1a0f9d5efc62572c897e0c510668ef1bd18f4,$,,4e65fc081629b401ffddf61dc8d1a0f9d5efc62572c897e0c510668ef1bd18f4,4e65fc081629b401ffddf61dc8d1a0f9d5efc62572c897e0c510668ef1bd18f4,"{""basis"":""ordered source-target formula atom"",""kind"":""source-target-formula-map""}"
1.1.0,formula,O007-FREMLIN-V2-S261-FORMULA-0322,O007-FREMLIN-V2-S261,O007-RIGHTS-FREMLIN-DSL,O007-FREMLIN-V2-S261-SEG-261F,322,261F,261F,580,587,20238,20241,21665,21668,G,G,333e0a1e27815d0ceee55c473fe3dc93d56c63e3bee2b3b4aee8eed6d70191a3,333e0a1e27815d0ceee55c473fe3dc93d56c63e3bee2b3b4aee8eed6d70191a3,333e0a1e27815d0ceee55c473fe3dc93d56c63e3bee2b3b4aee8eed6d70191a3,$,,333e0a1e27815d0ceee55c473fe3dc93d56c63e3bee2b3b4aee8eed6d70191a3,333e0a1e27815d0ceee55c473fe3dc93d56c63e3bee2b3b4aee8eed6d70191a3,"{""basis"":""ordered source-target formula atom"",""kind"":""source-target-formula-map""}"
1.1.0,formula,O007-FREMLIN-V2-S261-FORMULA-0323,O007-FREMLIN-V2-S261,O007-RIGHTS-FREMLIN-DSL,O007-FREMLIN-V2-S261-SEG-261F,323,261F,261F,581,589,20319,20331,21765,21777,k\in\Bbb N,k\in\Bbb N,e05a0a23a093cd48136a8d33e0ea347135f4cbc0498425801982b49b06ebc1e8,e05a0a23a093cd48136a8d33e0ea347135f4cbc0498425801982b49b06ebc1e8,97ef9ca88b1013be43cf529b15b291eafc361021c6af3c169a41cabe51cbcc29,$,,97ef9ca88b1013be43cf529b15b291eafc361021c6af3c169a41cabe51cbcc29,97ef9ca88b1013be43cf529b15b291eafc361021c6af3c169a41cabe51cbcc29,"{""basis"":""ordered source-target formula atom"",""kind"":""source-target-formula-map""}"
1.1.0,formula,O007-FREMLIN-V2-S261-FORMULA-0324,O007-FREMLIN-V2-S261,O007-RIGHTS-FREMLIN-DSL,O007-FREMLIN-V2-S261-SEG-261F,324,261F,261F,583,591,20357,20431,21808,21882,"Q_k 
=\{z:z\in \Bbb Z^r,\,\coint{2^{-k}z,2^{-k}(z+\tbf{1})}\subseteq G\}","Q_k 
=\{z:z\in \Bbb Z^r,\,\coint{2^{-k}z,2^{-k}(z+\tbf{1})}\subseteq G\}",3691deafff5835b7f89c4b5f4e58aeb540e1ccf61db4d8b7d35db267e0fb3cd3,3691deafff5835b7f89c4b5f4e58aeb540e1ccf61db4d8b7d35db267e0fb3cd3,7317b3c6653c5561004456a9cbbda2aca3afd97d22f24afeda2c703748743c43,$,,7317b3c6653c5561004456a9cbbda2aca3afd97d22f24afeda2c703748743c43,7317b3c6653c5561004456a9cbbda2aca3afd97d22f24afeda2c703748743c43,"{""basis"":""ordered source-target formula atom"",""kind"":""source-target-formula-map""}"
1.1.0,formula,O007-FREMLIN-V2-S261-FORMULA-0325,O007-FREMLIN-V2-S261,O007-RIGHTS-FREMLIN-DSL,O007-FREMLIN-V2-S261-SEG-261F,325,261F,261F,586,594,20454,20513,21905,21964,"E_k 
=\bigcup_{z\in Q_k}\coint{2^{-k}z,2^{-k}(z+\tbf{1}})","E_k 
=\bigcup_{z\in Q_k}\coint{2^{-k}z,2^{-k}(z+\tbf{1})}",cc0b9f7f7233520a964597a0db6265ad104e250cc2dc67f3c5bd5aa86a8bd924,c657094b9a4ef99a341b95d0b384c1d7903df7c02b507d3edf24338496a2177b,1e9da151d1b5d5d68343526e29aae31e936f4edc61fff1b1f4310ee28e3b23f2,$,"[""O007-CORR-0254""]",19c90762ddf3bd27f95626312d1680aadfea3899aceebb980ab09f52d9313a04,1e9da151d1b5d5d68343526e29aae31e936f4edc61fff1b1f4310ee28e3b23f2,"{""basis"":""ordered formula atom; correction bound by receipt exception union"",""kind"":""source-target-formula-map""}"
1.1.0,formula,O007-FREMLIN-V2-S261-FORMULA-0326,O007-FREMLIN-V2-S261,O007-RIGHTS-FREMLIN-DSL,O007-FREMLIN-V2-S261-SEG-261F,326,261F,261F,589,597,20539,20558,21990,22009,\sequence{k}{E_k},\sequence{k}{E_k},49a18e8c3e8f0039797b33c7ae93e970fc46f8aef88ab11d6c12c2e424991a54,49a18e8c3e8f0039797b33c7ae93e970fc46f8aef88ab11d6c12c2e424991a54,49a18e8c3e8f0039797b33c7ae93e970fc46f8aef88ab11d6c12c2e424991a54,$,,49a18e8c3e8f0039797b33c7ae93e970fc46f8aef88ab11d6c12c2e424991a54,49a18e8c3e8f0039797b33c7ae93e970fc46f8aef88ab11d6c12c2e424991a54,"{""basis"":""ordered source-target formula atom"",""kind"":""source-target-formula-map""}"
1.1.0,formula,O007-FREMLIN-V2-S261-FORMULA-0327,O007-FREMLIN-V2-S261,O007-RIGHTS-FREMLIN-DSL,O007-FREMLIN-V2-S261-SEG-261F,327,261F,261F,590,598,20608,20611,22071,22074,G,G,333e0a1e27815d0ceee55c473fe3dc93d56c63e3bee2b3b4aee8eed6d70191a3,333e0a1e27815d0ceee55c473fe3dc93d56c63e3bee2b3b4aee8eed6d70191a3,333e0a1e27815d0ceee55c473fe3dc93d56c63e3bee2b3b4aee8eed6d70191a3,$,,333e0a1e27815d0ceee55c473fe3dc93d56c63e3bee2b3b4aee8eed6d70191a3,333e0a1e27815d0ceee55c473fe3dc93d56c63e3bee2b3b4aee8eed6d70191a3,"{""basis"":""ordered source-target formula atom"",""kind"":""source-target-formula-map""}"
1.1.0,formula,O007-FREMLIN-V2-S261-FORMULA-0328,O007-FREMLIN-V2-S261,O007-RIGHTS-FREMLIN-DSL,O007-FREMLIN-V2-S261-SEG-261F,328,261F,261F,590,598,20617,20622,22080,22085,E_0,E_0,535f17963fb5c472bc58dd47e05080440c3296475126ec3ff774f45259c1aeb9,535f17963fb5c472bc58dd47e05080440c3296475126ec3ff774f45259c1aeb9,535f17963fb5c472bc58dd47e05080440c3296475126ec3ff774f45259c1aeb9,$,,535f17963fb5c472bc58dd47e05080440c3296475126ec3ff774f45259c1aeb9,535f17963fb5c472bc58dd47e05080440c3296475126ec3ff774f45259c1aeb9,"{""basis"":""ordered source-target formula atom"",""kind"":""source-target-formula-map""}"
1.1.0,formula,O007-FREMLIN-V2-S261-FORMULA-0329,O007-FREMLIN-V2-S261,O007-RIGHTS-FREMLIN-DSL,O007-FREMLIN-V2-S261-SEG-261F,329,261F,261F,590,599,20651,20674,22108,22130,"E_{k+1}\setminus 
E_k",E_{k+1}\setminus E_k,e31775e246d84c96d08481d8d9d4d4604fc5efe308fc1dd42256de6c423ab9f3,1a5cd667f2837355f60f5b683b0d8c029c9d80fd2dc1a0117ab3e71ea449c28d,01d0dd457bc794cdfd22914767be3f374793196790e52b0cf39cfc03ec5d048e,$,,01d0dd457bc794cdfd22914767be3f374793196790e52b0cf39cfc03ec5d048e,01d0dd457bc794cdfd22914767be3f374793196790e52b0cf39cfc03ec5d048e,"{""basis"":""ordered source-target formula atom"",""kind"":""source-target-formula-map""}"
1.1.0,formula,O007-FREMLIN-V2-S261-FORMULA-0330,O007-FREMLIN-V2-S261,O007-RIGHTS-FREMLIN-DSL,O007-FREMLIN-V2-S261-SEG-261F,330,261F,261F,591,600,20737,20740,22236,22239,G,G,333e0a1e27815d0ceee55c473fe3dc93d56c63e3bee2b3b4aee8eed6d70191a3,333e0a1e27815d0ceee55c473fe3dc93d56c63e3bee2b3b4aee8eed6d70191a3,333e0a1e27815d0ceee55c473fe3dc93d56c63e3bee2b3b4aee8eed6d70191a3,$,,333e0a1e27815d0ceee55c473fe3dc93d56c63e3bee2b3b4aee8eed6d70191a3,333e0a1e27815d0ceee55c473fe3dc93d56c63e3bee2b3b4aee8eed6d70191a3,"{""basis"":""ordered source-target formula atom"",""kind"":""source-target-formula-map""}"
1.1.0,formula,O007-FREMLIN-V2-S261-FORMULA-0331,O007-FREMLIN-V2-S261,O007-RIGHTS-FREMLIN-DSL,O007-FREMLIN-V2-S261-SEG-261F,331,261F,261F,592,601,20796,20813,22317,22334,\sequencen{I_n},\sequencen{I_n},d7fc96cc47abcfcd31b96774396fc46cc212d996f84284171180e05e7110053f,d7fc96cc47abcfcd31b96774396fc46cc212d996f84284171180e05e7110053f,d7fc96cc47abcfcd31b96774396fc46cc212d996f84284171180e05e7110053f,$,,d7fc96cc47abcfcd31b96774396fc46cc212d996f84284171180e05e7110053f,d7fc96cc47abcfcd31b96774396fc46cc212d996f84284171180e05e7110053f,"{""basis"":""ordered source-target formula atom"",""kind"":""source-target-formula-map""}"
1.1.0,formula,O007-FREMLIN-V2-S261-FORMULA-0332,O007-FREMLIN-V2-S261,O007-RIGHTS-FREMLIN-DSL,O007-FREMLIN-V2-S261-SEG-261F,332,261F,261F,593,602,20842,20847,22367,22372,I_n,I_n,95d680fad2ccb816f0b688d1380249cc44b12534f8fb8bbec95e683dfd217e0b,95d680fad2ccb816f0b688d1380249cc44b12534f8fb8bbec95e683dfd217e0b,95d680fad2ccb816f0b688d1380249cc44b12534f8fb8bbec95e683dfd217e0b,$,,95d680fad2ccb816f0b688d1380249cc44b12534f8fb8bbec95e683dfd217e0b,95d680fad2ccb816f0b688d1380249cc44b12534f8fb8bbec95e683dfd217e0b,"{""basis"":""ordered source-target formula atom"",""kind"":""source-target-formula-map""}"
1.1.0,formula,O007-FREMLIN-V2-S261-FORMULA-0333,O007-FREMLIN-V2-S261,O007-RIGHTS-FREMLIN-DSL,O007-FREMLIN-V2-S261-SEG-261F,333,261F,261F,593,602,20869,20874,22397,22402,B_n,B_n,d6ed8162dea38ef29282dbc17ac1958a25dd9371b4a4ebb6222e0edd27de92c2,d6ed8162dea38ef29282dbc17ac1958a25dd9371b4a4ebb6222e0edd27de92c2,d6ed8162dea38ef29282dbc17ac1958a25dd9371b4a4ebb6222e0edd27de92c2,$,,d6ed8162dea38ef29282dbc17ac1958a25dd9371b4a4ebb6222e0edd27de92c2,d6ed8162dea38ef29282dbc17ac1958a25dd9371b4a4ebb6222e0edd27de92c2,"{""basis"":""ordered source-target formula atom"",""kind"":""source-target-formula-map""}"
1.1.0,formula,O007-FREMLIN-V2-S261-FORMULA-0334,O007-FREMLIN-V2-S261,O007-RIGHTS-FREMLIN-DSL,O007-FREMLIN-V2-S261-SEG-261F,334,261F,261F,594,603,20887,20904,22419,22436,\gamma_r\mu I_n,\gamma_r\mu I_n,b8c5e8b6288deaacb76e411b30f20a02c7b05c9f4395b3ab66dd629ef90bb597,b8c5e8b6288deaacb76e411b30f20a02c7b05c9f4395b3ab66dd629ef90bb597,1d5b963903dacabfb5f3cc45a5481932c57b745a95df1d8f9ce8599f38817c30,$,,1d5b963903dacabfb5f3cc45a5481932c57b745a95df1d8f9ce8599f38817c30,1d5b963903dacabfb5f3cc45a5481932c57b745a95df1d8f9ce8599f38817c30,"{""basis"":""ordered source-target formula atom"",""kind"":""source-target-formula-map""}"
1.1.0,formula,O007-FREMLIN-V2-S261-FORMULA-0335,O007-FREMLIN-V2-S261,O007-RIGHTS-FREMLIN-DSL,O007-FREMLIN-V2-S261-SEG-261F,335,261F,261F,594,603,20915,20950,22447,22482,G\subseteq\bigcup_{n\in\Bbb N}B_n,G\subseteq\bigcup_{n\in\Bbb N}B_n,3f192234a025efaf34f2b3da5057754b58e747c23ef35ea18b3bebfbba9f8d61,3f192234a025efaf34f2b3da5057754b58e747c23ef35ea18b3bebfbba9f8d61,b51b8ad25882d0ba7e604ab7112a71c320dd68955b15d9b397bae74e2aac3c38,$,,b51b8ad25882d0ba7e604ab7112a71c320dd68955b15d9b397bae74e2aac3c38,b51b8ad25882d0ba7e604ab7112a71c320dd68955b15d9b397bae74e2aac3c38,"{""basis"":""ordered source-target formula atom"",""kind"":""source-target-formula-map""}"
1.1.0,formula,O007-FREMLIN-V2-S261-FORMULA-0336,O007-FREMLIN-V2-S261,O007-RIGHTS-FREMLIN-DSL,O007-FREMLIN-V2-S261-SEG-261F,336,261F,261F,596,605,20975,21056,22507,22588,"\sum_{n=0}^{\infty}\mu B_n 
\le\gamma_r\sum_{n=0}^{\infty}\mu I_n=\gamma_r\mu G","\sum_{n=0}^{\infty}\mu B_n 
\le\gamma_r\sum_{n=0}^{\infty}\mu I_n=\gamma_r\mu G",9c2f185e812764d527af4dc987e60114fe00a4b0205d1ac1a104e9d1874eb00d,9c2f185e812764d527af4dc987e60114fe00a4b0205d1ac1a104e9d1874eb00d,7afdc0656e4b701b1b0efa97cf0ff28e051402d831b7f279b0366e33797e7cb4,$,,7afdc0656e4b701b1b0efa97cf0ff28e051402d831b7f279b0366e33797e7cb4,7afdc0656e4b701b1b0efa97cf0ff28e051402d831b7f279b0366e33797e7cb4,"{""basis"":""ordered source-target formula atom"",""kind"":""source-target-formula-map""}"
1.1.0,formula,O007-FREMLIN-V2-S261-FORMULA-0337,O007-FREMLIN-V2-S261,O007-RIGHTS-FREMLIN-DSL,O007-FREMLIN-V2-S261-SEG-261F,337,261F,261F,601,610,21128,21137,22661,22670,\mu A=0,\mu A=0,e5a2fb4accf4ce713395af3b36ff9c3f3c33004498418f610990d213e12aeb5f,e5a2fb4accf4ce713395af3b36ff9c3f3c33004498418f610990d213e12aeb5f,a3f5f75c7f6b884ac7a51923f23444efd4f2b4ac17dfbb2b4576d6a8328f42c4,$,,a3f5f75c7f6b884ac7a51923f23444efd4f2b4ac17dfbb2b4576d6a8328f42c4,a3f5f75c7f6b884ac7a51923f23444efd4f2b4ac17dfbb2b4576d6a8328f42c4,"{""basis"":""ordered source-target formula atom"",""kind"":""source-target-formula-map""}"
1.1.0,formula,O007-FREMLIN-V2-S261-FORMULA-0338,O007-FREMLIN-V2-S261,O007-RIGHTS-FREMLIN-DSL,O007-FREMLIN-V2-S261-SEG-261F,338,261F,261F,601,611,21151,21163,22691,22703,\epsilon>0,\epsilon>0,4c7785f41b6ba845fbf6fe3db625563505eedd141a7e6a016df047b5d14c0cc7,4c7785f41b6ba845fbf6fe3db625563505eedd141a7e6a016df047b5d14c0cc7,4c7785f41b6ba845fbf6fe3db625563505eedd141a7e6a016df047b5d14c0cc7,$,,4c7785f41b6ba845fbf6fe3db625563505eedd141a7e6a016df047b5d14c0cc7,4c7785f41b6ba845fbf6fe3db625563505eedd141a7e6a016df047b5d14c0cc7,"{""basis"":""ordered source-target formula atom"",""kind"":""source-target-formula-map""}"
1.1.0,formula,O007-FREMLIN-V2-S261-FORMULA-0339,O007-FREMLIN-V2-S261,O007-RIGHTS-FREMLIN-DSL,O007-FREMLIN-V2-S261-SEG-261F,339,261F,261F,602,611,21185,21202,22727,22744,\sequencen{B_n},\sequencen{B_n},c1443991d79d69c4022b3563b1e409c639c330fb117918139616703c296ad0bd,c1443991d79d69c4022b3563b1e409c639c330fb117918139616703c296ad0bd,c1443991d79d69c4022b3563b1e409c639c330fb117918139616703c296ad0bd,$,,c1443991d79d69c4022b3563b1e409c639c330fb117918139616703c296ad0bd,c1443991d79d69c4022b3563b1e409c639c330fb117918139616703c296ad0bd,"{""basis"":""ordered source-target formula atom"",""kind"":""source-target-formula-map""}"
1.1.0,formula,O007-FREMLIN-V2-S261-FORMULA-0340,O007-FREMLIN-V2-S261,O007-RIGHTS-FREMLIN-DSL,O007-FREMLIN-V2-S261-SEG-261F,340,261F,261F,602,611,21221,21224,22763,22766,A,A,559aead08264d5795d3909718cdd05abd49572e84fe55590eef31a88a08fdffd,559aead08264d5795d3909718cdd05abd49572e84fe55590eef31a88a08fdffd,559aead08264d5795d3909718cdd05abd49572e84fe55590eef31a88a08fdffd,$,,559aead08264d5795d3909718cdd05abd49572e84fe55590eef31a88a08fdffd,559aead08264d5795d3909718cdd05abd49572e84fe55590eef31a88a08fdffd,"{""basis"":""ordered source-target formula atom"",""kind"":""source-target-formula-map""}"
1.1.0,formula,O007-FREMLIN-V2-S261-FORMULA-0341,O007-FREMLIN-V2-S261,O007-RIGHTS-FREMLIN-DSL,O007-FREMLIN-V2-S261-SEG-261F,341,261F,261F,603,612,21257,21267,22802,22812,\epsilon,\epsilon,8bc4bfc2bdebfaac14a98cde1deb3cf75202e7908905efb95c939c0481951f77,8bc4bfc2bdebfaac14a98cde1deb3cf75202e7908905efb95c939c0481951f77,8bc4bfc2bdebfaac14a98cde1deb3cf75202e7908905efb95c939c0481951f77,$,,8bc4bfc2bdebfaac14a98cde1deb3cf75202e7908905efb95c939c0481951f77,8bc4bfc2bdebfaac14a98cde1deb3cf75202e7908905efb95c939c0481951f77,"{""basis"":""ordered source-target formula atom"",""kind"":""source-target-formula-map""}"
1.1.0,formula,O007-FREMLIN-V2-S261-FORMULA-0342,O007-FREMLIN-V2-S261,O007-RIGHTS-FREMLIN-DSL,O007-FREMLIN-V2-S261-SEG-261F,342,261F,261F,604,613,21319,21322,22877,22880,A,A,559aead08264d5795d3909718cdd05abd49572e84fe55590eef31a88a08fdffd,559aead08264d5795d3909718cdd05abd49572e84fe55590eef31a88a08fdffd,559aead08264d5795d3909718cdd05abd49572e84fe55590eef31a88a08fdffd,$,,559aead08264d5795d3909718cdd05abd49572e84fe55590eef31a88a08fdffd,559aead08264d5795d3909718cdd05abd49572e84fe55590eef31a88a08fdffd,"{""basis"":""ordered source-target formula atom"",""kind"":""source-target-formula-map""}"
1.1.0,formula,O007-FREMLIN-V2-S261-FORMULA-0343,O007-FREMLIN-V2-S261,O007-RIGHTS-FREMLIN-DSL,O007-FREMLIN-V2-S261-SEG-261F,343,261F,261F,604,614,21344,21363,22909,22928,\epsilon/\gamma_r,\epsilon/\gamma_r,74fb11c28e2f1b7d47d8d84998544130b2e4b442706e018f275a1521eec6cac4,74fb11c28e2f1b7d47d8d84998544130b2e4b442706e018f275a1521eec6cac4,74fb11c28e2f1b7d47d8d84998544130b2e4b442706e018f275a1521eec6cac4,$,,74fb11c28e2f1b7d47d8d84998544130b2e4b442706e018f275a1521eec6cac4,74fb11c28e2f1b7d47d8d84998544130b2e4b442706e018f275a1521eec6cac4,"{""basis"":""ordered source-target formula atom"",""kind"":""source-target-formula-map""}"
1.1.0,formula,O007-FREMLIN-V2-S261-FORMULA-0344,O007-FREMLIN-V2-S261,O007-RIGHTS-FREMLIN-DSL,O007-FREMLIN-V2-S261-SEG-261F,344,261F,261F,608,618,21417,21420,22998,23001,A,A,559aead08264d5795d3909718cdd05abd49572e84fe55590eef31a88a08fdffd,559aead08264d5795d3909718cdd05abd49572e84fe55590eef31a88a08fdffd,559aead08264d5795d3909718cdd05abd49572e84fe55590eef31a88a08fdffd,$,,559aead08264d5795d3909718cdd05abd49572e84fe55590eef31a88a08fdffd,559aead08264d5795d3909718cdd05abd49572e84fe55590eef31a88a08fdffd,"{""basis"":""ordered source-target formula atom"",""kind"":""source-target-formula-map""}"
1.1.0,formula,O007-FREMLIN-V2-S261-FORMULA-0345,O007-FREMLIN-V2-S261,O007-RIGHTS-FREMLIN-DSL,O007-FREMLIN-V2-S261-SEG-261F,345,261F,261F,608,618,21426,21438,23007,23019,\epsilon>0,\epsilon>0,4c7785f41b6ba845fbf6fe3db625563505eedd141a7e6a016df047b5d14c0cc7,4c7785f41b6ba845fbf6fe3db625563505eedd141a7e6a016df047b5d14c0cc7,4c7785f41b6ba845fbf6fe3db625563505eedd141a7e6a016df047b5d14c0cc7,$,,4c7785f41b6ba845fbf6fe3db625563505eedd141a7e6a016df047b5d14c0cc7,4c7785f41b6ba845fbf6fe3db625563505eedd141a7e6a016df047b5d14c0cc7,"{""basis"":""ordered source-target formula atom"",""kind"":""source-target-formula-map""}"
1.1.0,formula,O007-FREMLIN-V2-S261-FORMULA-0346,O007-FREMLIN-V2-S261,O007-RIGHTS-FREMLIN-DSL,O007-FREMLIN-V2-S261-SEG-261F,346,261F,261F,608,619,21446,21460,23051,23065,G\supseteq A,G\supseteq A,110b069decac292736cf86d7009ed830580a514d7b2bc3c1ae8b0e299f958b44,110b069decac292736cf86d7009ed830580a514d7b2bc3c1ae8b0e299f958b44,8b054795573149344c6e48cfe547ee74de9f88033f687bbcdc22858533542ea9,$,,8b054795573149344c6e48cfe547ee74de9f88033f687bbcdc22858533542ea9,8b054795573149344c6e48cfe547ee74de9f88033f687bbcdc22858533542ea9,"{""basis"":""ordered source-target formula atom"",""kind"":""source-target-formula-map""}"
1.1.0,formula,O007-FREMLIN-V2-S261-FORMULA-0347,O007-FREMLIN-V2-S261,O007-RIGHTS-FREMLIN-DSL,O007-FREMLIN-V2-S261-SEG-261F,347,261F,261F,609,620,21482,21515,23074,23107,\mu G\le\mu^*A+\bover12\epsilon,\mu G\le\mu^*A+\bover12\epsilon,979a0bc0c922f291c61c616b2e276561fe8a1333fc5647fecaaaf0a75503c832,979a0bc0c922f291c61c616b2e276561fe8a1333fc5647fecaaaf0a75503c832,928273121de7505b90feebde7a1bdc048f91b717a4ab5fc55999c69e95bee694,$,,928273121de7505b90feebde7a1bdc048f91b717a4ab5fc55999c69e95bee694,928273121de7505b90feebde7a1bdc048f91b717a4ab5fc55999c69e95bee694,"{""basis"":""ordered source-target formula atom"",""kind"":""source-target-formula-map""}"
1.1.0,formula,O007-FREMLIN-V2-S261-FORMULA-0348,O007-FREMLIN-V2-S261,O007-RIGHTS-FREMLIN-DSL,O007-FREMLIN-V2-S261-SEG-261F,348,261F,261F,609,620,21523,21531,23118,23126,\Cal I,\Cal I,0831b19b7d701bc369de3b9489033af676d58a27cffc082eed279c76037f0863,0831b19b7d701bc369de3b9489033af676d58a27cffc082eed279c76037f0863,6699e3b8d4cac32e8f0765749cb20c71b87c478c548f6a173cae5d235e2036d0,$,,6699e3b8d4cac32e8f0765749cb20c71b87c478c548f6a173cae5d235e2036d0,6699e3b8d4cac32e8f0765749cb20c71b87c478c548f6a173cae5d235e2036d0,"{""basis"":""ordered source-target formula atom"",""kind"":""source-target-formula-map""}"
1.1.0,formula,O007-FREMLIN-V2-S261-FORMULA-0349,O007-FREMLIN-V2-S261,O007-RIGHTS-FREMLIN-DSL,O007-FREMLIN-V2-S261-SEG-261F,349,261F,261F,610,621,21587,21590,23188,23191,G,G,333e0a1e27815d0ceee55c473fe3dc93d56c63e3bee2b3b4aee8eed6d70191a3,333e0a1e27815d0ceee55c473fe3dc93d56c63e3bee2b3b4aee8eed6d70191a3,333e0a1e27815d0ceee55c473fe3dc93d56c63e3bee2b3b4aee8eed6d70191a3,$,,333e0a1e27815d0ceee55c473fe3dc93d56c63e3bee2b3b4aee8eed6d70191a3,333e0a1e27815d0ceee55c473fe3dc93d56c63e3bee2b3b4aee8eed6d70191a3,"{""basis"":""ordered source-target formula atom"",""kind"":""source-target-formula-map""}"
1.1.0,formula,O007-FREMLIN-V2-S261-FORMULA-0350,O007-FREMLIN-V2-S261,O007-RIGHTS-FREMLIN-DSL,O007-FREMLIN-V2-S261-SEG-261F,350,261F,261F,611,622,21611,21621,23220,23230,\epsilon,\epsilon,8bc4bfc2bdebfaac14a98cde1deb3cf75202e7908905efb95c939c0481951f77,8bc4bfc2bdebfaac14a98cde1deb3cf75202e7908905efb95c939c0481951f77,8bc4bfc2bdebfaac14a98cde1deb3cf75202e7908905efb95c939c0481951f77,$,,8bc4bfc2bdebfaac14a98cde1deb3cf75202e7908905efb95c939c0481951f77,8bc4bfc2bdebfaac14a98cde1deb3cf75202e7908905efb95c939c0481951f77,"{""basis"":""ordered source-target formula atom"",""kind"":""source-target-formula-map""}"
1.1.0,formula,O007-FREMLIN-V2-S261-FORMULA-0351,O007-FREMLIN-V2-S261,O007-RIGHTS-FREMLIN-DSL,O007-FREMLIN-V2-S261-SEG-261F,351,261F,261F,611,622,21642,21645,23250,23253,A,A,559aead08264d5795d3909718cdd05abd49572e84fe55590eef31a88a08fdffd,559aead08264d5795d3909718cdd05abd49572e84fe55590eef31a88a08fdffd,559aead08264d5795d3909718cdd05abd49572e84fe55590eef31a88a08fdffd,$,,559aead08264d5795d3909718cdd05abd49572e84fe55590eef31a88a08fdffd,559aead08264d5795d3909718cdd05abd49572e84fe55590eef31a88a08fdffd,"{""basis"":""ordered source-target formula atom"",""kind"":""source-target-formula-map""}"
1.1.0,formula,O007-FREMLIN-V2-S261-FORMULA-0352,O007-FREMLIN-V2-S261,O007-RIGHTS-FREMLIN-DSL,O007-FREMLIN-V2-S261-SEG-261F,352,261F,261F,611,622,21669,21672,23279,23282,A,A,559aead08264d5795d3909718cdd05abd49572e84fe55590eef31a88a08fdffd,559aead08264d5795d3909718cdd05abd49572e84fe55590eef31a88a08fdffd,559aead08264d5795d3909718cdd05abd49572e84fe55590eef31a88a08fdffd,$,,559aead08264d5795d3909718cdd05abd49572e84fe55590eef31a88a08fdffd,559aead08264d5795d3909718cdd05abd49572e84fe55590eef31a88a08fdffd,"{""basis"":""ordered source-target formula atom"",""kind"":""source-target-formula-map""}"
1.1.0,formula,O007-FREMLIN-V2-S261-FORMULA-0353,O007-FREMLIN-V2-S261,O007-RIGHTS-FREMLIN-DSL,O007-FREMLIN-V2-S261-SEG-261F,353,261F,261F,612,623,21714,21722,23307,23315,\Cal I,\Cal I,0831b19b7d701bc369de3b9489033af676d58a27cffc082eed279c76037f0863,0831b19b7d701bc369de3b9489033af676d58a27cffc082eed279c76037f0863,6699e3b8d4cac32e8f0765749cb20c71b87c478c548f6a173cae5d235e2036d0,$,,6699e3b8d4cac32e8f0765749cb20c71b87c478c548f6a173cae5d235e2036d0,6699e3b8d4cac32e8f0765749cb20c71b87c478c548f6a173cae5d235e2036d0,"{""basis"":""ordered source-target formula atom"",""kind"":""source-target-formula-map""}"
1.1.0,formula,O007-FREMLIN-V2-S261-FORMULA-0354,O007-FREMLIN-V2-S261,O007-RIGHTS-FREMLIN-DSL,O007-FREMLIN-V2-S261-SEG-261F,354,261F,261F,613,624,21758,21783,23375,23400,\Cal I_0\subseteq\Cal I,\Cal I_0\subseteq\Cal I,01128ff72bef0ee40df887d68f7bb6dc8f3fe590583a7d98d7dc519e81655f20,01128ff72bef0ee40df887d68f7bb6dc8f3fe590583a7d98d7dc519e81655f20,7fdeaa3f6a67a66280d5b8e57cd9bc15e6b721712793cf046f1b44821d65472d,$,,7fdeaa3f6a67a66280d5b8e57cd9bc15e6b721712793cf046f1b44821d65472d,7fdeaa3f6a67a66280d5b8e57cd9bc15e6b721712793cf046f1b44821d65472d,"{""basis"":""ordered source-target formula atom"",""kind"":""source-target-formula-map""}"
1.1.0,formula,O007-FREMLIN-V2-S261-FORMULA-0355,O007-FREMLIN-V2-S261,O007-RIGHTS-FREMLIN-DSL,O007-FREMLIN-V2-S261-SEG-261F,355,261F,261F,614,625,21795,21829,23454,23488,\mu(A\setminus\bigcup\Cal I_0)=0,\mu(A\setminus\bigcup\Cal I_0)=0,214af9d6128d9fc57d0f62e6b081cb9f3d397390a58f09f5bf7e74af821d5942,214af9d6128d9fc57d0f62e6b081cb9f3d397390a58f09f5bf7e74af821d5942,a884d2e1d40a0eff777adcfedbafdeb957c04acaf9f0f784de4aebd1de8c1f52,$,,a884d2e1d40a0eff777adcfedbafdeb957c04acaf9f0f784de4aebd1de8c1f52,a884d2e1d40a0eff777adcfedbafdeb957c04acaf9f0f784de4aebd1de8c1f52,"{""basis"":""ordered source-target formula atom"",""kind"":""source-target-formula-map""}"
1.1.0,formula,O007-FREMLIN-V2-S261-FORMULA-0356,O007-FREMLIN-V2-S261,O007-RIGHTS-FREMLIN-DSL,O007-FREMLIN-V2-S261-SEG-261F,356,261F,261F,614,625,21837,21855,23499,23517,\sequencen{B'_n},\sequencen{B'_n},859bde9bcefaac62fb85e2f95c6aaa44ed9a6ba9c3527d6cd2e3372f18ea649a,859bde9bcefaac62fb85e2f95c6aaa44ed9a6ba9c3527d6cd2e3372f18ea649a,859bde9bcefaac62fb85e2f95c6aaa44ed9a6ba9c3527d6cd2e3372f18ea649a,$,,859bde9bcefaac62fb85e2f95c6aaa44ed9a6ba9c3527d6cd2e3372f18ea649a,859bde9bcefaac62fb85e2f95c6aaa44ed9a6ba9c3527d6cd2e3372f18ea649a,"{""basis"":""ordered source-target formula atom"",""kind"":""source-target-formula-map""}"
1.1.0,formula,O007-FREMLIN-V2-S261-FORMULA-0357,O007-FREMLIN-V2-S261,O007-RIGHTS-FREMLIN-DSL,O007-FREMLIN-V2-S261-SEG-261F,357,261F,261F,615,626,21889,21916,23551,23578,A\setminus\bigcup\Cal I_0,A\setminus\bigcup\Cal I_0,fa46d80cf0b5f6d0b8d90a1c3807a18d8931e7240bbbae7ba69c1e36efe12369,fa46d80cf0b5f6d0b8d90a1c3807a18d8931e7240bbbae7ba69c1e36efe12369,a42d2b45d548b5d941b4bd57538e7272561e45cc982f5c64f85176c47dd0939b,$,,a42d2b45d548b5d941b4bd57538e7272561e45cc982f5c64f85176c47dd0939b,a42d2b45d548b5d941b4bd57538e7272561e45cc982f5c64f85176c47dd0939b,"{""basis"":""ordered source-target formula atom"",""kind"":""source-target-formula-map""}"
1.1.0,formula,O007-FREMLIN-V2-S261-FORMULA-0358,O007-FREMLIN-V2-S261,O007-RIGHTS-FREMLIN-DSL,O007-FREMLIN-V2-S261-SEG-261F,358,261F,261F,616,627,21923,21996,23587,23659,"\sum_{n=0}^{\infty}\mu 
B'_n\le\min(\bover12\epsilon,\beta_r\epsilon^r)","\sum_{n=0}^{\infty}\mu B'_n\le\min(\bover12\epsilon,\beta_r\epsilon^r)",8c65cad92075e0b552492fac08f1e9216f81972b6fd790b4a420d9e6c5c10d4e,fcaa07484001bfa0fda337efc572a92abc8889f47446ce5f4d0ba0ba29b8ffdf,d0c8960834719852b8f9becd07abaf0744e8638bff247cf2b4943210b60e5f46,$,,d0c8960834719852b8f9becd07abaf0744e8638bff247cf2b4943210b60e5f46,d0c8960834719852b8f9becd07abaf0744e8638bff247cf2b4943210b60e5f46,"{""basis"":""ordered source-target formula atom"",""kind"":""source-target-formula-map""}"
1.1.0,formula,O007-FREMLIN-V2-S261-FORMULA-0359,O007-FREMLIN-V2-S261,O007-RIGHTS-FREMLIN-DSL,O007-FREMLIN-V2-S261-SEG-261F,359,261F,261F,618,628,22037,22047,23703,23713,\epsilon,\epsilon,8bc4bfc2bdebfaac14a98cde1deb3cf75202e7908905efb95c939c0481951f77,8bc4bfc2bdebfaac14a98cde1deb3cf75202e7908905efb95c939c0481951f77,8bc4bfc2bdebfaac14a98cde1deb3cf75202e7908905efb95c939c0481951f77,$,,8bc4bfc2bdebfaac14a98cde1deb3cf75202e7908905efb95c939c0481951f77,8bc4bfc2bdebfaac14a98cde1deb3cf75202e7908905efb95c939c0481951f77,"{""basis"":""ordered source-target formula atom"",""kind"":""source-target-formula-map""}"
1.1.0,formula,O007-FREMLIN-V2-S261-FORMULA-0360,O007-FREMLIN-V2-S261,O007-RIGHTS-FREMLIN-DSL,O007-FREMLIN-V2-S261-SEG-261F,360,261F,261F,618,629,22055,22072,23725,23742,\sequencen{B_n},\sequencen{B_n},c1443991d79d69c4022b3563b1e409c639c330fb117918139616703c296ad0bd,c1443991d79d69c4022b3563b1e409c639c330fb117918139616703c296ad0bd,c1443991d79d69c4022b3563b1e409c639c330fb117918139616703c296ad0bd,$,,c1443991d79d69c4022b3563b1e409c639c330fb117918139616703c296ad0bd,c1443991d79d69c4022b3563b1e409c639c330fb117918139616703c296ad0bd,"{""basis"":""ordered source-target formula atom"",""kind"":""source-target-formula-map""}"
1.1.0,formula,O007-FREMLIN-V2-S261-FORMULA-0361,O007-FREMLIN-V2-S261,O007-RIGHTS-FREMLIN-DSL,O007-FREMLIN-V2-S261-SEG-261F,361,261F,261F,619,629,22101,22111,23776,23786,\Cal I_0,\Cal I_0,5d53a8e865b45be09fb052812526da1ebd70fe07199ecba6212f3fbc56a00cc4,5d53a8e865b45be09fb052812526da1ebd70fe07199ecba6212f3fbc56a00cc4,20271abc8c3d935bc90fbabe426c9e39a7beb28a9f908e88c2fbef52418cd023,$,,20271abc8c3d935bc90fbabe426c9e39a7beb28a9f908e88c2fbef52418cd023,20271abc8c3d935bc90fbabe426c9e39a7beb28a9f908e88c2fbef52418cd023,"{""basis"":""ordered source-target formula atom"",""kind"":""source-target-formula-map""}"
1.1.0,formula,O007-FREMLIN-V2-S261-FORMULA-0362,O007-FREMLIN-V2-S261,O007-RIGHTS-FREMLIN-DSL,O007-FREMLIN-V2-S261-SEG-261F,362,261F,261F,619,630,22117,22135,23795,23813,\sequencen{B'_n},\sequencen{B'_n},859bde9bcefaac62fb85e2f95c6aaa44ed9a6ba9c3527d6cd2e3372f18ea649a,859bde9bcefaac62fb85e2f95c6aaa44ed9a6ba9c3527d6cd2e3372f18ea649a,859bde9bcefaac62fb85e2f95c6aaa44ed9a6ba9c3527d6cd2e3372f18ea649a,$,,859bde9bcefaac62fb85e2f95c6aaa44ed9a6ba9c3527d6cd2e3372f18ea649a,859bde9bcefaac62fb85e2f95c6aaa44ed9a6ba9c3527d6cd2e3372f18ea649a,"{""basis"":""ordered source-target formula atom"",""kind"":""source-target-formula-map""}"
1.1.0,formula,O007-FREMLIN-V2-S261-FORMULA-0363,O007-FREMLIN-V2-S261,O007-RIGHTS-FREMLIN-DSL,O007-FREMLIN-V2-S261-SEG-261F,363,261F,261F,620,630,22144,22179,23820,23855,A\subseteq\bigcup_{n\in\Bbb N}B_n,A\subseteq\bigcup_{n\in\Bbb N}B_n,2846a6d7ff6bef9591c4a7679303782c8a2c3e06e023e292761b1505186d0bb8,2846a6d7ff6bef9591c4a7679303782c8a2c3e06e023e292761b1505186d0bb8,ba3da80995cd9295d3fb59961ba6c0dbfb3d047d868c6bea6b152e6c7bf38799,$,,ba3da80995cd9295d3fb59961ba6c0dbfb3d047d868c6bea6b152e6c7bf38799,ba3da80995cd9295d3fb59961ba6c0dbfb3d047d868c6bea6b152e6c7bf38799,"{""basis"":""ordered source-target formula atom"",""kind"":""source-target-formula-map""}"
1.1.0,formula,O007-FREMLIN-V2-S261-FORMULA-0364,O007-FREMLIN-V2-S261,O007-RIGHTS-FREMLIN-DSL,O007-FREMLIN-V2-S261-SEG-261F,364,261F,261F,620,630,22187,22192,23864,23869,B_n,B_n,d6ed8162dea38ef29282dbc17ac1958a25dd9371b4a4ebb6222e0edd27de92c2,d6ed8162dea38ef29282dbc17ac1958a25dd9371b4a4ebb6222e0edd27de92c2,d6ed8162dea38ef29282dbc17ac1958a25dd9371b4a4ebb6222e0edd27de92c2,$,,d6ed8162dea38ef29282dbc17ac1958a25dd9371b4a4ebb6222e0edd27de92c2,d6ed8162dea38ef29282dbc17ac1958a25dd9371b4a4ebb6222e0edd27de92c2,"{""basis"":""ordered source-target formula atom"",""kind"":""source-target-formula-map""}"
1.1.0,formula,O007-FREMLIN-V2-S261-FORMULA-0365,O007-FREMLIN-V2-S261,O007-RIGHTS-FREMLIN-DSL,O007-FREMLIN-V2-S261-SEG-261F,365,261F,261F,621,631,22213,22223,23897,23907,\epsilon,\epsilon,8bc4bfc2bdebfaac14a98cde1deb3cf75202e7908905efb95c939c0481951f77,8bc4bfc2bdebfaac14a98cde1deb3cf75202e7908905efb95c939c0481951f77,8bc4bfc2bdebfaac14a98cde1deb3cf75202e7908905efb95c939c0481951f77,$,,8bc4bfc2bdebfaac14a98cde1deb3cf75202e7908905efb95c939c0481951f77,8bc4bfc2bdebfaac14a98cde1deb3cf75202e7908905efb95c939c0481951f77,"{""basis"":""ordered source-target formula atom"",""kind"":""source-target-formula-map""}"
1.1.0,formula,O007-FREMLIN-V2-S261-FORMULA-0366,O007-FREMLIN-V2-S261,O007-RIGHTS-FREMLIN-DSL,O007-FREMLIN-V2-S261-SEG-261F,366,261F,261F,623,633,22248,22377,23932,24062,"\sum_{n=0}^{\infty}\mu B_n 
=\sum_{B\in\Cal I_0}\mu B+\sum_{n=0}^{\infty}\mu B'_n 
\le\mu G+\Bover12\epsilon 
\le\mu A+\epsilon","\sum_{n=0}^{\infty}\mu B_n 
=\sum_{B\in\Cal I_0}\mu B+\sum_{n=0}^{\infty}\mu B'_n 
\le\mu G+\Bover12\epsilon 
\le\mu^*A+\epsilon",7c10aa336c868fe067fde52bf044f40a50b830719703c3a8691c4c8347205cbe,b93c8d394743cc84b4ed71e7e20afbded76549827635460a67c461db3cd2deca,f99c50b70eeffddef8e2f7ce4b6bc3aa7d6a85f82911e4e86153cc3e707db610,$,"[""O007-CORR-0255""]",f2c90179c79d834ea7a3fcaaf152d34c4a71d29a1499f45ec8411ef530cc99d5,f99c50b70eeffddef8e2f7ce4b6bc3aa7d6a85f82911e4e86153cc3e707db610,"{""basis"":""ordered formula atom; correction bound by receipt exception union"",""kind"":""source-target-formula-map""}"
1.1.0,formula,O007-FREMLIN-V2-S261-FORMULA-0367,O007-FREMLIN-V2-S261,O007-RIGHTS-FREMLIN-DSL,O007-FREMLIN-V2-S261-SEG-261F,367,261F,261F,628,638,22408,22413,24093,24098,B_n,B_n,d6ed8162dea38ef29282dbc17ac1958a25dd9371b4a4ebb6222e0edd27de92c2,d6ed8162dea38ef29282dbc17ac1958a25dd9371b4a4ebb6222e0edd27de92c2,d6ed8162dea38ef29282dbc17ac1958a25dd9371b4a4ebb6222e0edd27de92c2,$,,d6ed8162dea38ef29282dbc17ac1958a25dd9371b4a4ebb6222e0edd27de92c2,d6ed8162dea38ef29282dbc17ac1958a25dd9371b4a4ebb6222e0edd27de92c2,"{""basis"":""ordered source-target formula atom"",""kind"":""source-target-formula-map""}"
1.1.0,formula,O007-FREMLIN-V2-S261-FORMULA-0368,O007-FREMLIN-V2-S261,O007-RIGHTS-FREMLIN-DSL,O007-FREMLIN-V2-S261-SEG-261F,368,261F,261F,628,638,22442,22445,24134,24137,A,A,559aead08264d5795d3909718cdd05abd49572e84fe55590eef31a88a08fdffd,559aead08264d5795d3909718cdd05abd49572e84fe55590eef31a88a08fdffd,559aead08264d5795d3909718cdd05abd49572e84fe55590eef31a88a08fdffd,$,,559aead08264d5795d3909718cdd05abd49572e84fe55590eef31a88a08fdffd,559aead08264d5795d3909718cdd05abd49572e84fe55590eef31a88a08fdffd,"{""basis"":""ordered source-target formula atom"",""kind"":""source-target-formula-map""}"
1.1.0,formula,O007-FREMLIN-V2-S261-FORMULA-0369,O007-FREMLIN-V2-S261,O007-RIGHTS-FREMLIN-DSL,O007-FREMLIN-V2-S261-SEG-261F,369,261F,261F,629,639,22475,22493,24166,24184,\sequencen{B'_n},\sequencen{B'_n},859bde9bcefaac62fb85e2f95c6aaa44ed9a6ba9c3527d6cd2e3372f18ea649a,859bde9bcefaac62fb85e2f95c6aaa44ed9a6ba9c3527d6cd2e3372f18ea649a,859bde9bcefaac62fb85e2f95c6aaa44ed9a6ba9c3527d6cd2e3372f18ea649a,$,,859bde9bcefaac62fb85e2f95c6aaa44ed9a6ba9c3527d6cd2e3372f18ea649a,859bde9bcefaac62fb85e2f95c6aaa44ed9a6ba9c3527d6cd2e3372f18ea649a,"{""basis"":""ordered source-target formula atom"",""kind"":""source-target-formula-map""}"
1.1.0,formula,O007-FREMLIN-V2-S261-FORMULA-0370,O007-FREMLIN-V2-S261,O007-RIGHTS-FREMLIN-DSL,O007-FREMLIN-V2-S261-SEG-261F,370,261F,261F,630,640,22529,22558,24226,24255,\bover12\epsilon\le\epsilon,\bover12\epsilon\le\epsilon,fe18d3f2153f727c9d4ca3a2a8e67a3f6e2a93e2c2900bf6727c161277873145,fe18d3f2153f727c9d4ca3a2a8e67a3f6e2a93e2c2900bf6727c161277873145,fe18d3f2153f727c9d4ca3a2a8e67a3f6e2a93e2c2900bf6727c161277873145,$,,fe18d3f2153f727c9d4ca3a2a8e67a3f6e2a93e2c2900bf6727c161277873145,fe18d3f2153f727c9d4ca3a2a8e67a3f6e2a93e2c2900bf6727c161277873145,"{""basis"":""ordered source-target formula atom"",""kind"":""source-target-formula-map""}"
1.1.0,formula,O007-FREMLIN-V2-S261-FORMULA-0371,O007-FREMLIN-V2-S261,O007-RIGHTS-FREMLIN-DSL,O007-FREMLIN-V2-S261-SEG-261F,371,261F,261F,635,645,22657,22660,24364,24367,A,A,559aead08264d5795d3909718cdd05abd49572e84fe55590eef31a88a08fdffd,559aead08264d5795d3909718cdd05abd49572e84fe55590eef31a88a08fdffd,559aead08264d5795d3909718cdd05abd49572e84fe55590eef31a88a08fdffd,$,,559aead08264d5795d3909718cdd05abd49572e84fe55590eef31a88a08fdffd,559aead08264d5795d3909718cdd05abd49572e84fe55590eef31a88a08fdffd,"{""basis"":""ordered source-target formula atom"",""kind"":""source-target-formula-map""}"
1.1.0,formula,O007-FREMLIN-V2-S261-FORMULA-0372,O007-FREMLIN-V2-S261,O007-RIGHTS-FREMLIN-DSL,O007-FREMLIN-V2-S261-SEG-261F,372,261F,261F,636,646,22715,22720,24416,24421,B_n,B_n,d6ed8162dea38ef29282dbc17ac1958a25dd9371b4a4ebb6222e0edd27de92c2,d6ed8162dea38ef29282dbc17ac1958a25dd9371b4a4ebb6222e0edd27de92c2,d6ed8162dea38ef29282dbc17ac1958a25dd9371b4a4ebb6222e0edd27de92c2,$,,d6ed8162dea38ef29282dbc17ac1958a25dd9371b4a4ebb6222e0edd27de92c2,d6ed8162dea38ef29282dbc17ac1958a25dd9371b4a4ebb6222e0edd27de92c2,"{""basis"":""ordered source-target formula atom"",""kind"":""source-target-formula-map""}"
1.1.0,formula,O007-FREMLIN-V2-S261-FORMULA-0373,O007-FREMLIN-V2-S261,O007-RIGHTS-FREMLIN-DSL,O007-FREMLIN-V2-S261-SEG-261F,373,261F,261F,636,646,22732,22735,24437,24440,A,A,559aead08264d5795d3909718cdd05abd49572e84fe55590eef31a88a08fdffd,559aead08264d5795d3909718cdd05abd49572e84fe55590eef31a88a08fdffd,559aead08264d5795d3909718cdd05abd49572e84fe55590eef31a88a08fdffd,$,,559aead08264d5795d3909718cdd05abd49572e84fe55590eef31a88a08fdffd,559aead08264d5795d3909718cdd05abd49572e84fe55590eef31a88a08fdffd,"{""basis"":""ordered source-target formula atom"",""kind"":""source-target-formula-map""}"
1.1.0,formula,O007-FREMLIN-V2-S261-FORMULA-0374,O007-FREMLIN-V2-S261,O007-RIGHTS-FREMLIN-DSL,O007-FREMLIN-V2-S261-SEG-261X,374,261X,261X,642,652,22972,22975,24669,24672,f,f,252f10c83610ebca1a059c0bae8255eba2f95be4d1d7bcfa89d7248a82d9f111,252f10c83610ebca1a059c0bae8255eba2f95be4d1d7bcfa89d7248a82d9f111,252f10c83610ebca1a059c0bae8255eba2f95be4d1d7bcfa89d7248a82d9f111,$,,252f10c83610ebca1a059c0bae8255eba2f95be4d1d7bcfa89d7248a82d9f111,252f10c83610ebca1a059c0bae8255eba2f95be4d1d7bcfa89d7248a82d9f111,"{""basis"":""ordered source-target formula atom"",""kind"":""source-target-formula-map""}"
1.1.0,formula,O007-FREMLIN-V2-S261-FORMULA-0375,O007-FREMLIN-V2-S261,O007-RIGHTS-FREMLIN-DSL,O007-FREMLIN-V2-S261-SEG-261X,375,261X,261X,643,653,23002,23024,24734,24756,f\in\eusm L^p(\mu_D),f\in\eusm L^p(\mu_D),7392e9c4e54a247890e12339f15c837e7a089d70012503ab87ab4b2d7c65c238,7392e9c4e54a247890e12339f15c837e7a089d70012503ab87ab4b2d7c65c238,a0090d765e43ff0bfbe826c274bf8f3dd656859d8eb97289b6aba2bad85050b2,$,,a0090d765e43ff0bfbe826c274bf8f3dd656859d8eb97289b6aba2bad85050b2,a0090d765e43ff0bfbe826c274bf8f3dd656859d8eb97289b6aba2bad85050b2,"{""basis"":""ordered source-target formula atom"",""kind"":""source-target-formula-map""}"
1.1.0,formula,O007-FREMLIN-V2-S261-FORMULA-0376,O007-FREMLIN-V2-S261,O007-RIGHTS-FREMLIN-DSL,O007-FREMLIN-V2-S261-SEG-261X,376,261X,261X,643,653,23033,23041,24770,24778,p\ge 1,p\ge 1,dca38a6ae9404b15517faa39b60e8d59308d8d3e24de711a6886be13b2ba7c66,dca38a6ae9404b15517faa39b60e8d59308d8d3e24de711a6886be13b2ba7c66,be5f72383f78425ad1c1353829549c31ef2eddb33d158832da7a5c0006f40c2b,$,,be5f72383f78425ad1c1353829549c31ef2eddb33d158832da7a5c0006f40c2b,be5f72383f78425ad1c1353829549c31ef2eddb33d158832da7a5c0006f40c2b,"{""basis"":""ordered source-target formula atom"",""kind"":""source-target-formula-map""}"
1.1.0,formula,O007-FREMLIN-V2-S261-FORMULA-0377,O007-FREMLIN-V2-S261,O007-RIGHTS-FREMLIN-DSL,O007-FREMLIN-V2-S261-SEG-261X,377,261X,261X,643,653,23051,23058,24787,24794,\mu_D,\mu_D,729f1a23fd2b8376fee8422913144e6aec06d03387950908474e7e64f87c7d0e,729f1a23fd2b8376fee8422913144e6aec06d03387950908474e7e64f87c7d0e,729f1a23fd2b8376fee8422913144e6aec06d03387950908474e7e64f87c7d0e,$,,729f1a23fd2b8376fee8422913144e6aec06d03387950908474e7e64f87c7d0e,729f1a23fd2b8376fee8422913144e6aec06d03387950908474e7e64f87c7d0e,"{""basis"":""ordered source-target formula atom"",""kind"":""source-target-formula-map""}"
1.1.0,formula,O007-FREMLIN-V2-S261-FORMULA-0378,O007-FREMLIN-V2-S261,O007-RIGHTS-FREMLIN-DSL,O007-FREMLIN-V2-S261-SEG-261X,378,261X,261X,644,654,23088,23091,24828,24831,D,D,3f39d5c348e5b79d06e842c114e6cc571583bbf44e4b0ebfda1a01ec05745d43,3f39d5c348e5b79d06e842c114e6cc571583bbf44e4b0ebfda1a01ec05745d43,3f39d5c348e5b79d06e842c114e6cc571583bbf44e4b0ebfda1a01ec05745d43,$,,3f39d5c348e5b79d06e842c114e6cc571583bbf44e4b0ebfda1a01ec05745d43,3f39d5c348e5b79d06e842c114e6cc571583bbf44e4b0ebfda1a01ec05745d43,"{""basis"":""ordered source-target formula atom"",""kind"":""source-target-formula-map""}"
1.1.0,formula,O007-FREMLIN-V2-S261-FORMULA-0379,O007-FREMLIN-V2-S261,O007-RIGHTS-FREMLIN-DSL,O007-FREMLIN-V2-S261-SEG-261XB,379,261Xb,261Xb,648,658,23202,23205,24948,24951,f,f,252f10c83610ebca1a059c0bae8255eba2f95be4d1d7bcfa89d7248a82d9f111,252f10c83610ebca1a059c0bae8255eba2f95be4d1d7bcfa89d7248a82d9f111,252f10c83610ebca1a059c0bae8255eba2f95be4d1d7bcfa89d7248a82d9f111,$,,252f10c83610ebca1a059c0bae8255eba2f95be4d1d7bcfa89d7248a82d9f111,252f10c83610ebca1a059c0bae8255eba2f95be4d1d7bcfa89d7248a82d9f111,"{""basis"":""ordered source-target formula atom"",""kind"":""source-target-formula-map""}"
1.1.0,formula,O007-FREMLIN-V2-S261-FORMULA-0380,O007-FREMLIN-V2-S261,O007-RIGHTS-FREMLIN-DSL,O007-FREMLIN-V2-S261-SEG-261XC,380,261Xc,261Xc,652,663,23335,23338,25122,25125,R,R,8c2574892063f995fdf756bce07f46c1a5193e54cd52837ed91e32008ccf41ac,8c2574892063f995fdf756bce07f46c1a5193e54cd52837ed91e32008ccf41ac,8c2574892063f995fdf756bce07f46c1a5193e54cd52837ed91e32008ccf41ac,$,,8c2574892063f995fdf756bce07f46c1a5193e54cd52837ed91e32008ccf41ac,8c2574892063f995fdf756bce07f46c1a5193e54cd52837ed91e32008ccf41ac,"{""basis"":""ordered source-target formula atom"",""kind"":""source-target-formula-map""}"
1.1.0,formula,O007-FREMLIN-V2-S261-FORMULA-0381,O007-FREMLIN-V2-S261,O007-RIGHTS-FREMLIN-DSL,O007-FREMLIN-V2-S261-SEG-261XC,381,261Xc,261Xc,652,663,23362,23365,25158,25161,R,R,8c2574892063f995fdf756bce07f46c1a5193e54cd52837ed91e32008ccf41ac,8c2574892063f995fdf756bce07f46c1a5193e54cd52837ed91e32008ccf41ac,8c2574892063f995fdf756bce07f46c1a5193e54cd52837ed91e32008ccf41ac,$,,8c2574892063f995fdf756bce07f46c1a5193e54cd52837ed91e32008ccf41ac,8c2574892063f995fdf756bce07f46c1a5193e54cd52837ed91e32008ccf41ac,"{""basis"":""ordered source-target formula atom"",""kind"":""source-target-formula-map""}"
1.1.0,formula,O007-FREMLIN-V2-S261-FORMULA-0382,O007-FREMLIN-V2-S261,O007-RIGHTS-FREMLIN-DSL,O007-FREMLIN-V2-S261-SEG-261XC,382,261Xc,261Xc,653,663,23371,23374,25172,25175,D,D,3f39d5c348e5b79d06e842c114e6cc571583bbf44e4b0ebfda1a01ec05745d43,3f39d5c348e5b79d06e842c114e6cc571583bbf44e4b0ebfda1a01ec05745d43,3f39d5c348e5b79d06e842c114e6cc571583bbf44e4b0ebfda1a01ec05745d43,$,,3f39d5c348e5b79d06e842c114e6cc571583bbf44e4b0ebfda1a01ec05745d43,3f39d5c348e5b79d06e842c114e6cc571583bbf44e4b0ebfda1a01ec05745d43,"{""basis"":""ordered source-target formula atom"",""kind"":""source-target-formula-map""}"
1.1.0,formula,O007-FREMLIN-V2-S261-FORMULA-0383,O007-FREMLIN-V2-S261,O007-RIGHTS-FREMLIN-DSL,O007-FREMLIN-V2-S261-SEG-261XC,383,261Xc,261Xc,654,665,23435,23440,25262,25267,R_0,R_0,9eb12de9c970740e88ea78d465af598fb03eaa63ae72ffda8d8fa732612e2c8c,9eb12de9c970740e88ea78d465af598fb03eaa63ae72ffda8d8fa732612e2c8c,9eb12de9c970740e88ea78d465af598fb03eaa63ae72ffda8d8fa732612e2c8c,$,,9eb12de9c970740e88ea78d465af598fb03eaa63ae72ffda8d8fa732612e2c8c,9eb12de9c970740e88ea78d465af598fb03eaa63ae72ffda8d8fa732612e2c8c,"{""basis"":""ordered source-target formula atom"",""kind"":""source-target-formula-map""}"
1.1.0,formula,O007-FREMLIN-V2-S261-FORMULA-0384,O007-FREMLIN-V2-S261,O007-RIGHTS-FREMLIN-DSL,O007-FREMLIN-V2-S261-SEG-261XC,384,261Xc,261Xc,654,665,23442,23447,25269,25274,R_1,R_1,8996cf56d8c9d6528416dbf7ff6cd29bf19aa8ecae07ea08a4b6d507bea565ad,8996cf56d8c9d6528416dbf7ff6cd29bf19aa8ecae07ea08a4b6d507bea565ad,8996cf56d8c9d6528416dbf7ff6cd29bf19aa8ecae07ea08a4b6d507bea565ad,$,,8996cf56d8c9d6528416dbf7ff6cd29bf19aa8ecae07ea08a4b6d507bea565ad,8996cf56d8c9d6528416dbf7ff6cd29bf19aa8ecae07ea08a4b6d507bea565ad,"{""basis"":""ordered source-target formula atom"",""kind"":""source-target-formula-map""}"
1.1.0,formula,O007-FREMLIN-V2-S261-FORMULA-0385,O007-FREMLIN-V2-S261,O007-RIGHTS-FREMLIN-DSL,O007-FREMLIN-V2-S261-SEG-261XC,385,261Xc,261Xc,654,665,23449,23454,25276,25281,R_2,R_2,899fde002c2a2d10537909491b314e036831a6e8d798d0129dd950587cbbc6f8,899fde002c2a2d10537909491b314e036831a6e8d798d0129dd950587cbbc6f8,899fde002c2a2d10537909491b314e036831a6e8d798d0129dd950587cbbc6f8,$,,899fde002c2a2d10537909491b314e036831a6e8d798d0129dd950587cbbc6f8,899fde002c2a2d10537909491b314e036831a6e8d798d0129dd950587cbbc6f8,"{""basis"":""ordered source-target formula atom"",""kind"":""source-target-formula-map""}"
1.1.0,formula,O007-FREMLIN-V2-S261-FORMULA-0386,O007-FREMLIN-V2-S261,O007-RIGHTS-FREMLIN-DSL,O007-FREMLIN-V2-S261-SEG-261XC,386,261Xc,261Xc,654,665,23479,23493,25298,25312,R\setminus D,R\setminus D,64957e4f93a3166efa37f9d0851fa42ffc0629922f2de21af1494cc8b320b75f,64957e4f93a3166efa37f9d0851fa42ffc0629922f2de21af1494cc8b320b75f,1ff8bbad77aebeec90bcfa0d6b379d799a58d856980ee4ae0d48702bbda63d91,$,,1ff8bbad77aebeec90bcfa0d6b379d799a58d856980ee4ae0d48702bbda63d91,1ff8bbad77aebeec90bcfa0d6b379d799a58d856980ee4ae0d48702bbda63d91,"{""basis"":""ordered source-target formula atom"",""kind"":""source-target-formula-map""}"
1.1.0,formula,O007-FREMLIN-V2-S261-FORMULA-0387,O007-FREMLIN-V2-S261,O007-RIGHTS-FREMLIN-DSL,O007-FREMLIN-V2-S261-SEG-261XC,387,261Xc,261Xc,655,665,23506,23511,25327,25332,R_j,R_j,a03f214a14787ce802033ea67820817cb035456a33b5a940084c1ae70c499c00,a03f214a14787ce802033ea67820817cb035456a33b5a940084c1ae70c499c00,a03f214a14787ce802033ea67820817cb035456a33b5a940084c1ae70c499c00,$,,a03f214a14787ce802033ea67820817cb035456a33b5a940084c1ae70c499c00,a03f214a14787ce802033ea67820817cb035456a33b5a940084c1ae70c499c00,"{""basis"":""ordered source-target formula atom"",""kind"":""source-target-formula-map""}"
1.1.0,formula,O007-FREMLIN-V2-S261-FORMULA-0388,O007-FREMLIN-V2-S261,O007-RIGHTS-FREMLIN-DSL,O007-FREMLIN-V2-S261-SEG-261XC,388,261Xc,261Xc,655,666,23516,23521,25344,25349,D_j,D_j,b1670fb432754538f81351bf74c4a51d0bc0f5c4ee8feaee9511e2861bcbf3a1,b1670fb432754538f81351bf74c4a51d0bc0f5c4ee8feaee9511e2861bcbf3a1,b1670fb432754538f81351bf74c4a51d0bc0f5c4ee8feaee9511e2861bcbf3a1,$,,b1670fb432754538f81351bf74c4a51d0bc0f5c4ee8feaee9511e2861bcbf3a1,b1670fb432754538f81351bf74c4a51d0bc0f5c4ee8feaee9511e2861bcbf3a1,"{""basis"":""ordered source-target formula atom"",""kind"":""source-target-formula-map""}"
1.1.0,formula,O007-FREMLIN-V2-S261-FORMULA-0389,O007-FREMLIN-V2-S261,O007-RIGHTS-FREMLIN-DSL,O007-FREMLIN-V2-S261-SEG-261XC,389,261Xc,261Xc,655,667,23570,23575,25410,25415,R_j,R_j,a03f214a14787ce802033ea67820817cb035456a33b5a940084c1ae70c499c00,a03f214a14787ce802033ea67820817cb035456a33b5a940084c1ae70c499c00,a03f214a14787ce802033ea67820817cb035456a33b5a940084c1ae70c499c00,$,,a03f214a14787ce802033ea67820817cb035456a33b5a940084c1ae70c499c00,a03f214a14787ce802033ea67820817cb035456a33b5a940084c1ae70c499c00,"{""basis"":""ordered source-target formula atom"",""kind"":""source-target-formula-map""}"
1.1.0,formula,O007-FREMLIN-V2-S261-FORMULA-0390,O007-FREMLIN-V2-S261,O007-RIGHTS-FREMLIN-DSL,O007-FREMLIN-V2-S261-SEG-261XC,390,261Xc,261Xc,656,667,23582,23590,25430,25438,R_{j0},R_{j0},634e6e7b4078b2c495b69017f04d30ecfdc87cd0b1bc6a893e18b24f1582643d,634e6e7b4078b2c495b69017f04d30ecfdc87cd0b1bc6a893e18b24f1582643d,634e6e7b4078b2c495b69017f04d30ecfdc87cd0b1bc6a893e18b24f1582643d,$,,634e6e7b4078b2c495b69017f04d30ecfdc87cd0b1bc6a893e18b24f1582643d,634e6e7b4078b2c495b69017f04d30ecfdc87cd0b1bc6a893e18b24f1582643d,"{""basis"":""ordered source-target formula atom"",""kind"":""source-target-formula-map""}"
1.1.0,formula,O007-FREMLIN-V2-S261-FORMULA-0391,O007-FREMLIN-V2-S261,O007-RIGHTS-FREMLIN-DSL,O007-FREMLIN-V2-S261-SEG-261XC,391,261Xc,261Xc,656,667,23592,23600,25440,25448,R_{j1},R_{j1},76ea1d9c99ea9fa6f97ba6d4fa38da0f898e88b5885a7e1c26c0fc36b3ab3723,76ea1d9c99ea9fa6f97ba6d4fa38da0f898e88b5885a7e1c26c0fc36b3ab3723,76ea1d9c99ea9fa6f97ba6d4fa38da0f898e88b5885a7e1c26c0fc36b3ab3723,$,,76ea1d9c99ea9fa6f97ba6d4fa38da0f898e88b5885a7e1c26c0fc36b3ab3723,76ea1d9c99ea9fa6f97ba6d4fa38da0f898e88b5885a7e1c26c0fc36b3ab3723,"{""basis"":""ordered source-target formula atom"",""kind"":""source-target-formula-map""}"
1.1.0,formula,O007-FREMLIN-V2-S261-FORMULA-0392,O007-FREMLIN-V2-S261,O007-RIGHTS-FREMLIN-DSL,O007-FREMLIN-V2-S261-SEG-261XC,392,261Xc,261Xc,656,667,23602,23610,25450,25458,R_{j2},R_{j2},2ea880a1431b3b593108e3548c4a290acbccb15b3e1ff580d30d807a330559e4,2ea880a1431b3b593108e3548c4a290acbccb15b3e1ff580d30d807a330559e4,2ea880a1431b3b593108e3548c4a290acbccb15b3e1ff580d30d807a330559e4,$,,2ea880a1431b3b593108e3548c4a290acbccb15b3e1ff580d30d807a330559e4,2ea880a1431b3b593108e3548c4a290acbccb15b3e1ff580d30d807a330559e4,"{""basis"":""ordered source-target formula atom"",""kind"":""source-target-formula-map""}"
1.1.0,formula,O007-FREMLIN-V2-S261-FORMULA-0393,O007-FREMLIN-V2-S261,O007-RIGHTS-FREMLIN-DSL,O007-FREMLIN-V2-S261-SEG-261XC,393,261Xc,261Xc,656,668,23635,23654,25476,25494,"R_j\setminus 
D_j",R_j\setminus D_j,64d7f1aade2ba67262446dc4664ea2a67b4a1455a22570d2aa09872781511abe,841b31c216483221f34914b9aa634d0cc54172b25c412b6bd5fc483e4c67cb2f,a4134c6f2bc24fc9b4de863b2dd68453273edfd72d4c480714673075246f42a8,$,,a4134c6f2bc24fc9b4de863b2dd68453273edfd72d4c480714673075246f42a8,a4134c6f2bc24fc9b4de863b2dd68453273edfd72d4c480714673075246f42a8,"{""basis"":""ordered source-target formula atom"",""kind"":""source-target-formula-map""}"
1.1.0,formula,O007-FREMLIN-V2-S261-FORMULA-0394,O007-FREMLIN-V2-S261,O007-RIGHTS-FREMLIN-DSL,O007-FREMLIN-V2-S261-SEG-261YB,394,261Yb,261Yb,672,683,24234,24247,26145,26158,x\in\BbbR^r,x\in\BbbR^r,28a5c24eff3f773cb7f1b8cb06abe0257fd7f24074f24012e181e6e939b1a5cc,28a5c24eff3f773cb7f1b8cb06abe0257fd7f24074f24012e181e6e939b1a5cc,28a5c24eff3f773cb7f1b8cb06abe0257fd7f24074f24012e181e6e939b1a5cc,$,,28a5c24eff3f773cb7f1b8cb06abe0257fd7f24074f24012e181e6e939b1a5cc,28a5c24eff3f773cb7f1b8cb06abe0257fd7f24074f24012e181e6e939b1a5cc,"{""basis"":""ordered source-target formula atom"",""kind"":""source-target-formula-map""}"
1.1.0,formula,O007-FREMLIN-V2-S261-FORMULA-0395,O007-FREMLIN-V2-S261,O007-RIGHTS-FREMLIN-DSL,O007-FREMLIN-V2-S261-SEG-261YB,395,261Yb,261Yb,672,683,24249,24261,26160,26172,k\in\Bbb N,k\in\Bbb N,e05a0a23a093cd48136a8d33e0ea347135f4cbc0498425801982b49b06ebc1e8,e05a0a23a093cd48136a8d33e0ea347135f4cbc0498425801982b49b06ebc1e8,97ef9ca88b1013be43cf529b15b291eafc361021c6af3c169a41cabe51cbcc29,$,,97ef9ca88b1013be43cf529b15b291eafc361021c6af3c169a41cabe51cbcc29,97ef9ca88b1013be43cf529b15b291eafc361021c6af3c169a41cabe51cbcc29,"{""basis"":""ordered source-target formula atom"",""kind"":""source-target-formula-map""}"
1.1.0,formula,O007-FREMLIN-V2-S261-FORMULA-0396,O007-FREMLIN-V2-S261,O007-RIGHTS-FREMLIN-DSL,O007-FREMLIN-V2-S261-SEG-261YB,396,261Yb,261Yb,672,684,24266,24274,26184,26192,"C(x,k)","C(x,k)",9761a5b891e85ba926c583b6c372613cb990412285d9da237b5eef804e4daaea,9761a5b891e85ba926c583b6c372613cb990412285d9da237b5eef804e4daaea,9761a5b891e85ba926c583b6c372613cb990412285d9da237b5eef804e4daaea,$,,9761a5b891e85ba926c583b6c372613cb990412285d9da237b5eef804e4daaea,9761a5b891e85ba926c583b6c372613cb990412285d9da237b5eef804e4daaea,"{""basis"":""ordered source-target formula atom"",""kind"":""source-target-formula-map""}"
1.1.0,formula,O007-FREMLIN-V2-S261-FORMULA-0397,O007-FREMLIN-V2-S261,O007-RIGHTS-FREMLIN-DSL,O007-FREMLIN-V2-S261-SEG-261YB,397,261Yb,261Yb,674,685,24311,24346,26234,26269,"\coint{2^{-k}z,2^{-k}(z+\tbf{1})}","\coint{2^{-k}z,2^{-k}(z+\tbf{1})}",797ee7e2ff252375213ab0df93e5b80f235d004a4ed7a91867a507def515d76a,797ee7e2ff252375213ab0df93e5b80f235d004a4ed7a91867a507def515d76a,797ee7e2ff252375213ab0df93e5b80f235d004a4ed7a91867a507def515d76a,$,,797ee7e2ff252375213ab0df93e5b80f235d004a4ed7a91867a507def515d76a,797ee7e2ff252375213ab0df93e5b80f235d004a4ed7a91867a507def515d76a,"{""basis"":""ordered source-target formula atom"",""kind"":""source-target-formula-map""}"
1.1.0,formula,O007-FREMLIN-V2-S261-FORMULA-0398,O007-FREMLIN-V2-S261,O007-RIGHTS-FREMLIN-DSL,O007-FREMLIN-V2-S261-SEG-261YB,398,261Yb,261Yb,674,685,24353,24369,26278,26293,"z\in \Bbb 
Z^r",z\in \Bbb Z^r,916ab42cbda5734be5489807808ff3aaf1b6d14e194b205707c5740505ceb6c1,f4fd6c8ab7cb7b3b384ecf28e52fa59bff248e45394b081909322f2205196ebb,4db598a812e271ae4f6458552f491bf908fe37db178809a04fee39aff97eff9b,$,,4db598a812e271ae4f6458552f491bf908fe37db178809a04fee39aff97eff9b,4db598a812e271ae4f6458552f491bf908fe37db178809a04fee39aff97eff9b,"{""basis"":""ordered source-target formula atom"",""kind"":""source-target-formula-map""}"
1.1.0,formula,O007-FREMLIN-V2-S261-FORMULA-0399,O007-FREMLIN-V2-S261,O007-RIGHTS-FREMLIN-DSL,O007-FREMLIN-V2-S261-SEG-261YB,399,261Yb,261Yb,675,686,24382,24385,26308,26311,x,x,2d711642b726b04401627ca9fbac32f5c8530fb1903cc4db02258717921a4881,2d711642b726b04401627ca9fbac32f5c8530fb1903cc4db02258717921a4881,2d711642b726b04401627ca9fbac32f5c8530fb1903cc4db02258717921a4881,$,,2d711642b726b04401627ca9fbac32f5c8530fb1903cc4db02258717921a4881,2d711642b726b04401627ca9fbac32f5c8530fb1903cc4db02258717921a4881,"{""basis"":""ordered source-target formula atom"",""kind"":""source-target-formula-map""}"
1.1.0,formula,O007-FREMLIN-V2-S261-FORMULA-0400,O007-FREMLIN-V2-S261,O007-RIGHTS-FREMLIN-DSL,O007-FREMLIN-V2-S261-SEG-261YB,400,261Yb,261Yb,675,686,24402,24405,26334,26337,f,f,252f10c83610ebca1a059c0bae8255eba2f95be4d1d7bcfa89d7248a82d9f111,252f10c83610ebca1a059c0bae8255eba2f95be4d1d7bcfa89d7248a82d9f111,252f10c83610ebca1a059c0bae8255eba2f95be4d1d7bcfa89d7248a82d9f111,$,,252f10c83610ebca1a059c0bae8255eba2f95be4d1d7bcfa89d7248a82d9f111,252f10c83610ebca1a059c0bae8255eba2f95be4d1d7bcfa89d7248a82d9f111,"{""basis"":""ordered source-target formula atom"",""kind"":""source-target-formula-map""}"
1.1.0,formula,O007-FREMLIN-V2-S261-FORMULA-0401,O007-FREMLIN-V2-S261,O007-RIGHTS-FREMLIN-DSL,O007-FREMLIN-V2-S261-SEG-261YB,401,261Yb,261Yb,676,687,24436,24445,26377,26386,\BbbR^r,\BbbR^r,6a5173578402ab704fe0e78c24a3f6f09fe9ed2c7ea0fbe574d688249eb91ed7,6a5173578402ab704fe0e78c24a3f6f09fe9ed2c7ea0fbe574d688249eb91ed7,6a5173578402ab704fe0e78c24a3f6f09fe9ed2c7ea0fbe574d688249eb91ed7,$,,6a5173578402ab704fe0e78c24a3f6f09fe9ed2c7ea0fbe574d688249eb91ed7,6a5173578402ab704fe0e78c24a3f6f09fe9ed2c7ea0fbe574d688249eb91ed7,"{""basis"":""ordered source-target formula atom"",""kind"":""source-target-formula-map""}"
1.1.0,formula,O007-FREMLIN-V2-S261-FORMULA-0402,O007-FREMLIN-V2-S261,O007-RIGHTS-FREMLIN-DSL,O007-FREMLIN-V2-S261-SEG-261YB,402,261Yb,261Yb,678,689,24471,24515,26413,26457,"\lim_{k\to\infty}2^{kr}\int_{C(x,k)}f=f(x)","\lim_{k\to\infty}2^{kr}\int_{C(x,k)}f=f(x)",3b1ac451555a430aca77e7aa21a1407cf9f936ae48607b46c0b24047a578df42,3b1ac451555a430aca77e7aa21a1407cf9f936ae48607b46c0b24047a578df42,3b1ac451555a430aca77e7aa21a1407cf9f936ae48607b46c0b24047a578df42,$,,3b1ac451555a430aca77e7aa21a1407cf9f936ae48607b46c0b24047a578df42,3b1ac451555a430aca77e7aa21a1407cf9f936ae48607b46c0b24047a578df42,"{""basis"":""ordered source-target formula atom"",""kind"":""source-target-formula-map""}"
1.1.0,formula,O007-FREMLIN-V2-S261-FORMULA-0403,O007-FREMLIN-V2-S261,O007-RIGHTS-FREMLIN-DSL,O007-FREMLIN-V2-S261-SEG-261YB,403,261Yb,261Yb,680,691,24552,24565,26497,26510,x\in\BbbR^r,x\in\BbbR^r,28a5c24eff3f773cb7f1b8cb06abe0257fd7f24074f24012e181e6e939b1a5cc,28a5c24eff3f773cb7f1b8cb06abe0257fd7f24074f24012e181e6e939b1a5cc,28a5c24eff3f773cb7f1b8cb06abe0257fd7f24074f24012e181e6e939b1a5cc,$,,28a5c24eff3f773cb7f1b8cb06abe0257fd7f24074f24012e181e6e939b1a5cc,28a5c24eff3f773cb7f1b8cb06abe0257fd7f24074f24012e181e6e939b1a5cc,"{""basis"":""ordered source-target formula atom"",""kind"":""source-target-formula-map""}"
1.1.0,formula,O007-FREMLIN-V2-S261-FORMULA-0404,O007-FREMLIN-V2-S261,O007-RIGHTS-FREMLIN-DSL,O007-FREMLIN-V2-S261-SEG-261YC,404,261Yc,261Yc,682,693,24595,24598,26545,26548,f,f,252f10c83610ebca1a059c0bae8255eba2f95be4d1d7bcfa89d7248a82d9f111,252f10c83610ebca1a059c0bae8255eba2f95be4d1d7bcfa89d7248a82d9f111,252f10c83610ebca1a059c0bae8255eba2f95be4d1d7bcfa89d7248a82d9f111,$,,252f10c83610ebca1a059c0bae8255eba2f95be4d1d7bcfa89d7248a82d9f111,252f10c83610ebca1a059c0bae8255eba2f95be4d1d7bcfa89d7248a82d9f111,"{""basis"":""ordered source-target formula atom"",""kind"":""source-target-formula-map""}"
1.1.0,formula,O007-FREMLIN-V2-S261-FORMULA-0405,O007-FREMLIN-V2-S261,O007-RIGHTS-FREMLIN-DSL,O007-FREMLIN-V2-S261-SEG-261YC,405,261Yc,261Yc,683,694,24651,24660,26602,26611,\BbbR^r,\BbbR^r,6a5173578402ab704fe0e78c24a3f6f09fe9ed2c7ea0fbe574d688249eb91ed7,6a5173578402ab704fe0e78c24a3f6f09fe9ed2c7ea0fbe574d688249eb91ed7,6a5173578402ab704fe0e78c24a3f6f09fe9ed2c7ea0fbe574d688249eb91ed7,$,,6a5173578402ab704fe0e78c24a3f6f09fe9ed2c7ea0fbe574d688249eb91ed7,6a5173578402ab704fe0e78c24a3f6f09fe9ed2c7ea0fbe574d688249eb91ed7,"{""basis"":""ordered source-target formula atom"",""kind"":""source-target-formula-map""}"
1.1.0,formula,O007-FREMLIN-V2-S261-FORMULA-0406,O007-FREMLIN-V2-S261,O007-RIGHTS-FREMLIN-DSL,O007-FREMLIN-V2-S261-SEG-261YC,406,261Yc,261Yc,685,696,24694,24779,26649,26734,"\lim_{\delta\downarrow 
0}\Bover{1}{\delta^r}\int_{\coint{x,x+\delta\tbf{1}}}f=f(x)","\lim_{\delta\downarrow 
0}\Bover{1}{\delta^r}\int_{\coint{x,x+\delta\tbf{1}}}f=f(x)",59c9083b0005ab2a726941f994ae3ce728cd669c71ae42038421bd2637d259c8,59c9083b0005ab2a726941f994ae3ce728cd669c71ae42038421bd2637d259c8,6d5eed9bcfc3de41d748323cd392443b592440308120b3f16c2355164c74c035,$,,6d5eed9bcfc3de41d748323cd392443b592440308120b3f16c2355164c74c035,6d5eed9bcfc3de41d748323cd392443b592440308120b3f16c2355164c74c035,"{""basis"":""ordered source-target formula atom"",""kind"":""source-target-formula-map""}"
1.1.0,formula,O007-FREMLIN-V2-S261-FORMULA-0407,O007-FREMLIN-V2-S261,O007-RIGHTS-FREMLIN-DSL,O007-FREMLIN-V2-S261-SEG-261YC,407,261Yc,261Yc,688,699,24816,24829,26774,26787,x\in\BbbR^r,x\in\BbbR^r,28a5c24eff3f773cb7f1b8cb06abe0257fd7f24074f24012e181e6e939b1a5cc,28a5c24eff3f773cb7f1b8cb06abe0257fd7f24074f24012e181e6e939b1a5cc,28a5c24eff3f773cb7f1b8cb06abe0257fd7f24074f24012e181e6e939b1a5cc,$,,28a5c24eff3f773cb7f1b8cb06abe0257fd7f24074f24012e181e6e939b1a5cc,28a5c24eff3f773cb7f1b8cb06abe0257fd7f24074f24012e181e6e939b1a5cc,"{""basis"":""ordered source-target formula atom"",""kind"":""source-target-formula-map""}"
1.1.0,formula,O007-FREMLIN-V2-S261-FORMULA-0408,O007-FREMLIN-V2-S261,O007-RIGHTS-FREMLIN-DSL,O007-FREMLIN-V2-S261-SEG-261YD,408,261Yd,261Yd,690,701,24860,24880,26820,26840,"X=\{0,1\}^{\Bbb N}","X=\{0,1\}^{\Bbb N}",759332a731e7a4ae5433f0a0d8ff90b4e56f1ce4526b27d1398c7cf9b65c38a8,759332a731e7a4ae5433f0a0d8ff90b4e56f1ce4526b27d1398c7cf9b65c38a8,21264c9eccd83903af2d18ddd9f3a4838dc211efbd0bf3143b1c1fddcbcaa640,$,,21264c9eccd83903af2d18ddd9f3a4838dc211efbd0bf3143b1c1fddcbcaa640,21264c9eccd83903af2d18ddd9f3a4838dc211efbd0bf3143b1c1fddcbcaa640,"{""basis"":""ordered source-target formula atom"",""kind"":""source-target-formula-map""}"
1.1.0,formula,O007-FREMLIN-V2-S261-FORMULA-0409,O007-FREMLIN-V2-S261,O007-RIGHTS-FREMLIN-DSL,O007-FREMLIN-V2-S261-SEG-261YD,409,261Yd,261Yd,690,701,24899,24904,26861,26866,\nu,\nu,84eb2b123d1102b8f7c00b34116df32107cffa82d46efbac7fd9543fa7459c38,84eb2b123d1102b8f7c00b34116df32107cffa82d46efbac7fd9543fa7459c38,84eb2b123d1102b8f7c00b34116df32107cffa82d46efbac7fd9543fa7459c38,$,,84eb2b123d1102b8f7c00b34116df32107cffa82d46efbac7fd9543fa7459c38,84eb2b123d1102b8f7c00b34116df32107cffa82d46efbac7fd9543fa7459c38,"{""basis"":""ordered source-target formula atom"",""kind"":""source-target-formula-map""}"
1.1.0,formula,O007-FREMLIN-V2-S261-FORMULA-0410,O007-FREMLIN-V2-S261,O007-RIGHTS-FREMLIN-DSL,O007-FREMLIN-V2-S261-SEG-261YD,410,261Yd,261Yd,691,702,24920,24928,26882,26890,x\in X,x\in X,d9448dfd3954dd39c12d483afd23d561b1b7d735af5f430b5dc457e6fa9ef99b,d9448dfd3954dd39c12d483afd23d561b1b7d735af5f430b5dc457e6fa9ef99b,858979f0c33c5f45e30780b82e2fa00184311296fbb7ef6bf3f4a6007c9b9cb1,$,,858979f0c33c5f45e30780b82e2fa00184311296fbb7ef6bf3f4a6007c9b9cb1,858979f0c33c5f45e30780b82e2fa00184311296fbb7ef6bf3f4a6007c9b9cb1,"{""basis"":""ordered source-target formula atom"",""kind"":""source-target-formula-map""}"
1.1.0,formula,O007-FREMLIN-V2-S261-FORMULA-0411,O007-FREMLIN-V2-S261,O007-RIGHTS-FREMLIN-DSL,O007-FREMLIN-V2-S261-SEG-261YD,411,261Yd,261Yd,691,702,24930,24942,26892,26904,k\in\Bbb N,k\in\Bbb N,e05a0a23a093cd48136a8d33e0ea347135f4cbc0498425801982b49b06ebc1e8,e05a0a23a093cd48136a8d33e0ea347135f4cbc0498425801982b49b06ebc1e8,97ef9ca88b1013be43cf529b15b291eafc361021c6af3c169a41cabe51cbcc29,$,,97ef9ca88b1013be43cf529b15b291eafc361021c6af3c169a41cabe51cbcc29,97ef9ca88b1013be43cf529b15b291eafc361021c6af3c169a41cabe51cbcc29,"{""basis"":""ordered source-target formula atom"",""kind"":""source-target-formula-map""}"
1.1.0,formula,O007-FREMLIN-V2-S261-FORMULA-0412,O007-FREMLIN-V2-S261,O007-RIGHTS-FREMLIN-DSL,O007-FREMLIN-V2-S261-SEG-261YD,412,261Yd,261Yd,692,703,24948,24979,26916,26947,"C(x,k)=\{y:y\in X,\,y(i)=x(i)","C(x,k)=\{y:y\in X,\,y(i)=x(i)",0fe4dd7ffada60805328b449eba573424fcbda5928dcac2df28008299905c026,0fe4dd7ffada60805328b449eba573424fcbda5928dcac2df28008299905c026,88acbf11cd6534b7c91d92af8f15aac27f3a856ab660f45be06913a1a5393df9,$,,88acbf11cd6534b7c91d92af8f15aac27f3a856ab660f45be06913a1a5393df9,88acbf11cd6534b7c91d92af8f15aac27f3a856ab660f45be06913a1a5393df9,"{""basis"":""ordered source-target formula atom"",""kind"":""source-target-formula-map""}"
1.1.0,formula,O007-FREMLIN-V2-S261-FORMULA-0413,O007-FREMLIN-V2-S261,O007-RIGHTS-FREMLIN-DSL,O007-FREMLIN-V2-S261-SEG-261YD,413,261Yd,261Yd,692,703,24984,24991,26954,26961,i<k\},i<k\},1f9bfb2e4a1f4f7a971bdb22d7b05e0a3bc9c923643555fcd3dc3ad11b773d24,1f9bfb2e4a1f4f7a971bdb22d7b05e0a3bc9c923643555fcd3dc3ad11b773d24,1f9bfb2e4a1f4f7a971bdb22d7b05e0a3bc9c923643555fcd3dc3ad11b773d24,$,,1f9bfb2e4a1f4f7a971bdb22d7b05e0a3bc9c923643555fcd3dc3ad11b773d24,1f9bfb2e4a1f4f7a971bdb22d7b05e0a3bc9c923643555fcd3dc3ad11b773d24,"{""basis"":""ordered source-target formula atom"",""kind"":""source-target-formula-map""}"
1.1.0,formula,O007-FREMLIN-V2-S261-FORMULA-0414,O007-FREMLIN-V2-S261,O007-RIGHTS-FREMLIN-DSL,O007-FREMLIN-V2-S261-SEG-261YD,414,261Yd,261Yd,692,703,25008,25011,26984,26987,f,f,252f10c83610ebca1a059c0bae8255eba2f95be4d1d7bcfa89d7248a82d9f111,252f10c83610ebca1a059c0bae8255eba2f95be4d1d7bcfa89d7248a82d9f111,252f10c83610ebca1a059c0bae8255eba2f95be4d1d7bcfa89d7248a82d9f111,$,,252f10c83610ebca1a059c0bae8255eba2f95be4d1d7bcfa89d7248a82d9f111,252f10c83610ebca1a059c0bae8255eba2f95be4d1d7bcfa89d7248a82d9f111,"{""basis"":""ordered source-target formula atom"",""kind"":""source-target-formula-map""}"
1.1.0,formula,O007-FREMLIN-V2-S261-FORMULA-0415,O007-FREMLIN-V2-S261,O007-RIGHTS-FREMLIN-DSL,O007-FREMLIN-V2-S261-SEG-261YD,415,261Yd,261Yd,693,704,25066,25069,27044,27047,X,X,4b68ab3847feda7d6c62c1fbcbeebfa35eab7351ed5e78f4ddadea5df64b8015,4b68ab3847feda7d6c62c1fbcbeebfa35eab7351ed5e78f4ddadea5df64b8015,4b68ab3847feda7d6c62c1fbcbeebfa35eab7351ed5e78f4ddadea5df64b8015,$,,4b68ab3847feda7d6c62c1fbcbeebfa35eab7351ed5e78f4ddadea5df64b8015,4b68ab3847feda7d6c62c1fbcbeebfa35eab7351ed5e78f4ddadea5df64b8015,"{""basis"":""ordered source-target formula atom"",""kind"":""source-target-formula-map""}"
1.1.0,formula,O007-FREMLIN-V2-S261-FORMULA-0416,O007-FREMLIN-V2-S261,O007-RIGHTS-FREMLIN-DSL,O007-FREMLIN-V2-S261-SEG-261YD,416,261Yd,261Yd,694,705,25076,25121,27055,27100,"\lim_{k\to\infty}2^k\int_{C(x,k)}fd\nu=f(x)","\lim_{k\to\infty}2^k\int_{C(x,k)}fd\nu=f(x)",d36855c1a23ed59ee14f400ebd5c40ebf3dcf5e1c9928cf7f8ef2c36241a3b66,d36855c1a23ed59ee14f400ebd5c40ebf3dcf5e1c9928cf7f8ef2c36241a3b66,d36855c1a23ed59ee14f400ebd5c40ebf3dcf5e1c9928cf7f8ef2c36241a3b66,$,,d36855c1a23ed59ee14f400ebd5c40ebf3dcf5e1c9928cf7f8ef2c36241a3b66,d36855c1a23ed59ee14f400ebd5c40ebf3dcf5e1c9928cf7f8ef2c36241a3b66,"{""basis"":""ordered source-target formula atom"",""kind"":""source-target-formula-map""}"
1.1.0,formula,O007-FREMLIN-V2-S261-FORMULA-0417,O007-FREMLIN-V2-S261,O007-RIGHTS-FREMLIN-DSL,O007-FREMLIN-V2-S261-SEG-261YD,417,261Yd,261Yd,695,706,25124,25179,27106,27161,"\lim_{k\to\infty}2^k\int_{C(x,k)}|f(y)-f(x)|\nu(dy)=0","\lim_{k\to\infty}2^k\int_{C(x,k)}|f(y)-f(x)|\nu(dy)=0",5267195701d37b5d530e20c195a116006acdcb9eeaaa3bae601f883bc43bbdb2,5267195701d37b5d530e20c195a116006acdcb9eeaaa3bae601f883bc43bbdb2,5267195701d37b5d530e20c195a116006acdcb9eeaaa3bae601f883bc43bbdb2,$,,5267195701d37b5d530e20c195a116006acdcb9eeaaa3bae601f883bc43bbdb2,5267195701d37b5d530e20c195a116006acdcb9eeaaa3bae601f883bc43bbdb2,"{""basis"":""ordered source-target formula atom"",""kind"":""source-target-formula-map""}"
1.1.0,formula,O007-FREMLIN-V2-S261-FORMULA-0418,O007-FREMLIN-V2-S261,O007-RIGHTS-FREMLIN-DSL,O007-FREMLIN-V2-S261-SEG-261YD,418,261Yd,261Yd,696,707,25198,25206,27183,27191,x\in X,x\in X,d9448dfd3954dd39c12d483afd23d561b1b7d735af5f430b5dc457e6fa9ef99b,d9448dfd3954dd39c12d483afd23d561b1b7d735af5f430b5dc457e6fa9ef99b,858979f0c33c5f45e30780b82e2fa00184311296fbb7ef6bf3f4a6007c9b9cb1,$,,858979f0c33c5f45e30780b82e2fa00184311296fbb7ef6bf3f4a6007c9b9cb1,858979f0c33c5f45e30780b82e2fa00184311296fbb7ef6bf3f4a6007c9b9cb1,"{""basis"":""ordered source-target formula atom"",""kind"":""source-target-formula-map""}"
1.1.0,formula,O007-FREMLIN-V2-S261-FORMULA-0419,O007-FREMLIN-V2-S261,O007-RIGHTS-FREMLIN-DSL,O007-FREMLIN-V2-S261-SEG-261YE,419,261Ye,261Ye,698,709,25236,25239,27226,27229,f,f,252f10c83610ebca1a059c0bae8255eba2f95be4d1d7bcfa89d7248a82d9f111,252f10c83610ebca1a059c0bae8255eba2f95be4d1d7bcfa89d7248a82d9f111,252f10c83610ebca1a059c0bae8255eba2f95be4d1d7bcfa89d7248a82d9f111,$,,252f10c83610ebca1a059c0bae8255eba2f95be4d1d7bcfa89d7248a82d9f111,252f10c83610ebca1a059c0bae8255eba2f95be4d1d7bcfa89d7248a82d9f111,"{""basis"":""ordered source-target formula atom"",""kind"":""source-target-formula-map""}"
1.1.0,formula,O007-FREMLIN-V2-S261-FORMULA-0420,O007-FREMLIN-V2-S261,O007-RIGHTS-FREMLIN-DSL,O007-FREMLIN-V2-S261-SEG-261YE,420,261Ye,261Ye,699,710,25292,25301,27283,27292,\BbbR^r,\BbbR^r,6a5173578402ab704fe0e78c24a3f6f09fe9ed2c7ea0fbe574d688249eb91ed7,6a5173578402ab704fe0e78c24a3f6f09fe9ed2c7ea0fbe574d688249eb91ed7,6a5173578402ab704fe0e78c24a3f6f09fe9ed2c7ea0fbe574d688249eb91ed7,$,,6a5173578402ab704fe0e78c24a3f6f09fe9ed2c7ea0fbe574d688249eb91ed7,6a5173578402ab704fe0e78c24a3f6f09fe9ed2c7ea0fbe574d688249eb91ed7,"{""basis"":""ordered source-target formula atom"",""kind"":""source-target-formula-map""}"
1.1.0,formula,O007-FREMLIN-V2-S261-FORMULA-0421,O007-FREMLIN-V2-S261,O007-RIGHTS-FREMLIN-DSL,O007-FREMLIN-V2-S261-SEG-261YE,421,261Ye,261Ye,699,710,25307,25310,27298,27301,x,x,2d711642b726b04401627ca9fbac32f5c8530fb1903cc4db02258717921a4881,2d711642b726b04401627ca9fbac32f5c8530fb1903cc4db02258717921a4881,2d711642b726b04401627ca9fbac32f5c8530fb1903cc4db02258717921a4881,$,,2d711642b726b04401627ca9fbac32f5c8530fb1903cc4db02258717921a4881,2d711642b726b04401627ca9fbac32f5c8530fb1903cc4db02258717921a4881,"{""basis"":""ordered source-target formula atom"",""kind"":""source-target-formula-map""}"
1.1.0,formula,O007-FREMLIN-V2-S261-FORMULA-0422,O007-FREMLIN-V2-S261,O007-RIGHTS-FREMLIN-DSL,O007-FREMLIN-V2-S261-SEG-261YE,422,261Ye,261Ye,699,710,25342,25345,27343,27346,f,f,252f10c83610ebca1a059c0bae8255eba2f95be4d1d7bcfa89d7248a82d9f111,252f10c83610ebca1a059c0bae8255eba2f95be4d1d7bcfa89d7248a82d9f111,252f10c83610ebca1a059c0bae8255eba2f95be4d1d7bcfa89d7248a82d9f111,$,,252f10c83610ebca1a059c0bae8255eba2f95be4d1d7bcfa89d7248a82d9f111,252f10c83610ebca1a059c0bae8255eba2f95be4d1d7bcfa89d7248a82d9f111,"{""basis"":""ordered source-target formula atom"",""kind"":""source-target-formula-map""}"
1.1.0,formula,O007-FREMLIN-V2-S261-FORMULA-0423,O007-FREMLIN-V2-S261,O007-RIGHTS-FREMLIN-DSL,O007-FREMLIN-V2-S261-SEG-261YE,423,261Ye,261Ye,700,711,25370,25382,27378,27390,\epsilon>0,\epsilon>0,4c7785f41b6ba845fbf6fe3db625563505eedd141a7e6a016df047b5d14c0cc7,4c7785f41b6ba845fbf6fe3db625563505eedd141a7e6a016df047b5d14c0cc7,4c7785f41b6ba845fbf6fe3db625563505eedd141a7e6a016df047b5d14c0cc7,$,,4c7785f41b6ba845fbf6fe3db625563505eedd141a7e6a016df047b5d14c0cc7,4c7785f41b6ba845fbf6fe3db625563505eedd141a7e6a016df047b5d14c0cc7,"{""basis"":""ordered source-target formula atom"",""kind"":""source-target-formula-map""}"
1.1.0,formula,O007-FREMLIN-V2-S261-FORMULA-0424,O007-FREMLIN-V2-S261,O007-RIGHTS-FREMLIN-DSL,O007-FREMLIN-V2-S261-SEG-261YE,424,261Ye,261Ye,700,711,25394,25404,27400,27410,\delta>0,\delta>0,28c5f4f559bc00a49055a369c53d2382bf799ab5fa662c1b53944e9762606ec9,28c5f4f559bc00a49055a369c53d2382bf799ab5fa662c1b53944e9762606ec9,28c5f4f559bc00a49055a369c53d2382bf799ab5fa662c1b53944e9762606ec9,$,,28c5f4f559bc00a49055a369c53d2382bf799ab5fa662c1b53944e9762606ec9,28c5f4f559bc00a49055a369c53d2382bf799ab5fa662c1b53944e9762606ec9,"{""basis"":""ordered source-target formula atom"",""kind"":""source-target-formula-map""}"
1.1.0,formula,O007-FREMLIN-V2-S261-FORMULA-0425,O007-FREMLIN-V2-S261,O007-RIGHTS-FREMLIN-DSL,O007-FREMLIN-V2-S261-SEG-261YE,425,261Ye,261Ye,701,713,25436,25477,27453,27494,|f(x)-\int f(x-y)g(\|y\|)dy|\le\epsilon,|f(x)-\int f(x-y)g(\|y\|)dy|\le\epsilon,3e8ebb8f2c3f60fcac4bbcc45b6e322c544b17adf4188302b0f64e6285b2bc98,3e8ebb8f2c3f60fcac4bbcc45b6e322c544b17adf4188302b0f64e6285b2bc98,fc96d91caa03492c91bfb3a688eea95d1234e310b93ba95a6d2fc24cca2d20b8,$,,fc96d91caa03492c91bfb3a688eea95d1234e310b93ba95a6d2fc24cca2d20b8,fc96d91caa03492c91bfb3a688eea95d1234e310b93ba95a6d2fc24cca2d20b8,"{""basis"":""ordered source-target formula atom"",""kind"":""source-target-formula-map""}"
1.1.0,formula,O007-FREMLIN-V2-S261-FORMULA-0426,O007-FREMLIN-V2-S261,O007-RIGHTS-FREMLIN-DSL,O007-FREMLIN-V2-S261-SEG-261YE,426,261Ye,261Ye,702,714,25489,25528,27509,27548,"g:\coint{0,\infty}\to\coint{0,\infty}","g:\coint{0,\infty}\to\coint{0,\infty}",af2654763e07a88020437ffb211e4cf89f49733808f5918484c4c9fdb66b4990,af2654763e07a88020437ffb211e4cf89f49733808f5918484c4c9fdb66b4990,af2654763e07a88020437ffb211e4cf89f49733808f5918484c4c9fdb66b4990,$,,af2654763e07a88020437ffb211e4cf89f49733808f5918484c4c9fdb66b4990,af2654763e07a88020437ffb211e4cf89f49733808f5918484c4c9fdb66b4990,"{""basis"":""ordered source-target formula atom"",""kind"":""source-target-formula-map""}"
1.1.0,formula,O007-FREMLIN-V2-S261-FORMULA-0427,O007-FREMLIN-V2-S261,O007-RIGHTS-FREMLIN-DSL,O007-FREMLIN-V2-S261-SEG-261YE,427,261Ye,261Ye,703,715,25569,25598,27594,27623,\int_{\Bbb R^r}g(\|y\|)dy=1,\int_{\Bbb R^r}g(\|y\|)dy=1,5227bcd06265a081c8079bc70a7fa1739a6c778318edc3b7866524bc7970f082,5227bcd06265a081c8079bc70a7fa1739a6c778318edc3b7866524bc7970f082,82e2fef8338159de605f8714a74547cd5ddc1cceee86266546caeca804d49d6a,$,,82e2fef8338159de605f8714a74547cd5ddc1cceee86266546caeca804d49d6a,82e2fef8338159de605f8714a74547cd5ddc1cceee86266546caeca804d49d6a,"{""basis"":""ordered source-target formula atom"",""kind"":""source-target-formula-map""}"
1.1.0,formula,O007-FREMLIN-V2-S261-FORMULA-0428,O007-FREMLIN-V2-S261,O007-RIGHTS-FREMLIN-DSL,O007-FREMLIN-V2-S261-SEG-261YE,428,261Ye,261Ye,704,716,25604,25652,27629,27677,"\int_{B(\tbf{0},\delta)}g(\|y\|)dy\ge 1-\delta","\int_{B(\tbf{0},\delta)}g(\|y\|)dy\ge 1-\delta",9bb52256f0c44e1ca3b3b1fae57fa4cbbd63d1569e29c3fb694bff6739dfaadf,9bb52256f0c44e1ca3b3b1fae57fa4cbbd63d1569e29c3fb694bff6739dfaadf,0b4f3cc9645ea5d517c3d4c1355194e10b7320f18df129ea2c2c38079cf12c0f,$,,0b4f3cc9645ea5d517c3d4c1355194e10b7320f18df129ea2c2c38079cf12c0f,0b4f3cc9645ea5d517c3d4c1355194e10b7320f18df129ea2c2c38079cf12c0f,"{""basis"":""ordered source-target formula atom"",""kind"":""source-target-formula-map""}"
1.1.0,formula,O007-FREMLIN-V2-S261-FORMULA-0429,O007-FREMLIN-V2-S261,O007-RIGHTS-FREMLIN-DSL,O007-FREMLIN-V2-S261-SEG-261YF,429,261Yf,261Yf,706,718,25698,25707,27726,27735,\frak T,\frak T,0647f8d3ad6092ab3a9c92fd71ee29d66b86e14d9c9582db084142bee077c226,0647f8d3ad6092ab3a9c92fd71ee29d66b86e14d9c9582db084142bee077c226,44c7e1dba9432c4271c4d22b9a844dc7f447c4cb30f1129ac0c3db3f54646d4b,$,,44c7e1dba9432c4271c4d22b9a844dc7f447c4cb30f1129ac0c3db3f54646d4b,44c7e1dba9432c4271c4d22b9a844dc7f447c4cb30f1129ac0c3db3f54646d4b,"{""basis"":""ordered source-target formula atom"",""kind"":""source-target-formula-map""}"
1.1.0,formula,O007-FREMLIN-V2-S261-FORMULA-0430,O007-FREMLIN-V2-S261,O007-RIGHTS-FREMLIN-DSL,O007-FREMLIN-V2-S261-SEG-261YF,430,261Yf,261Yf,707,719,25748,25767,27763,27782,G\subseteq\BbbR^r,G\subseteq\BbbR^r,7a20117e0086bb3ae7287fafcd5a93cbe31e116e7766d1453ad8e8e353c68236,7a20117e0086bb3ae7287fafcd5a93cbe31e116e7766d1453ad8e8e353c68236,7a20117e0086bb3ae7287fafcd5a93cbe31e116e7766d1453ad8e8e353c68236,$,,7a20117e0086bb3ae7287fafcd5a93cbe31e116e7766d1453ad8e8e353c68236,7a20117e0086bb3ae7287fafcd5a93cbe31e116e7766d1453ad8e8e353c68236,"{""basis"":""ordered source-target formula atom"",""kind"":""source-target-formula-map""}"
1.1.0,formula,O007-FREMLIN-V2-S261-FORMULA-0431,O007-FREMLIN-V2-S261,O007-RIGHTS-FREMLIN-DSL,O007-FREMLIN-V2-S261-SEG-261YF,431,261Yf,261Yf,708,720,25799,25877,27824,27902,"\lim_{\delta\downarrow 0} 
\Bover{\mu(G\cap B(x,\delta))}{\mu B(x,\delta)}=1","\lim_{\delta\downarrow 0} 
\Bover{\mu(G\cap B(x,\delta))}{\mu B(x,\delta)}=1",374214411c90b1c62f4ae889d0aa4a903878ba053cbd14d9231064829af698b8,374214411c90b1c62f4ae889d0aa4a903878ba053cbd14d9231064829af698b8,7689953a3fa0257be7c29cb8e766d3aa353e8bc109455524c2cf4a0c2e1000b0,$,,7689953a3fa0257be7c29cb8e766d3aa353e8bc109455524c2cf4a0c2e1000b0,7689953a3fa0257be7c29cb8e766d3aa353e8bc109455524c2cf4a0c2e1000b0,"{""basis"":""ordered source-target formula atom"",""kind"":""source-target-formula-map""}"
1.1.0,formula,O007-FREMLIN-V2-S261-FORMULA-0432,O007-FREMLIN-V2-S261,O007-RIGHTS-FREMLIN-DSL,O007-FREMLIN-V2-S261-SEG-261YF,432,261Yf,261Yf,709,721,25889,25897,27917,27925,x\in G,x\in G,3faccb525a29c5c66379ad205d954d7822aa6ecb75b815bd94d489678ce6aa50,3faccb525a29c5c66379ad205d954d7822aa6ecb75b815bd94d489678ce6aa50,f890bd8a169841a8e4c425e62d012427d5ad44ba0a41eee342be8094ad1fd32f,$,,f890bd8a169841a8e4c425e62d012427d5ad44ba0a41eee342be8094ad1fd32f,f890bd8a169841a8e4c425e62d012427d5ad44ba0a41eee342be8094ad1fd32f,"{""basis"":""ordered source-target formula atom"",""kind"":""source-target-formula-map""}"
1.1.0,formula,O007-FREMLIN-V2-S261-FORMULA-0433,O007-FREMLIN-V2-S261,O007-RIGHTS-FREMLIN-DSL,O007-FREMLIN-V2-S261-SEG-261YF,433,261Yf,261Yf,710,722,25910,25919,27944,27953,\frak T,\frak T,0647f8d3ad6092ab3a9c92fd71ee29d66b86e14d9c9582db084142bee077c226,0647f8d3ad6092ab3a9c92fd71ee29d66b86e14d9c9582db084142bee077c226,44c7e1dba9432c4271c4d22b9a844dc7f447c4cb30f1129ac0c3db3f54646d4b,$,,44c7e1dba9432c4271c4d22b9a844dc7f447c4cb30f1129ac0c3db3f54646d4b,44c7e1dba9432c4271c4d22b9a844dc7f447c4cb30f1129ac0c3db3f54646d4b,"{""basis"":""ordered source-target formula atom"",""kind"":""source-target-formula-map""}"
1.1.0,formula,O007-FREMLIN-V2-S261-FORMULA-0434,O007-FREMLIN-V2-S261,O007-RIGHTS-FREMLIN-DSL,O007-FREMLIN-V2-S261-SEG-261YF,434,261Yf,261Yf,710,722,25937,25946,27984,27993,\BbbR^r,\BbbR^r,6a5173578402ab704fe0e78c24a3f6f09fe9ed2c7ea0fbe574d688249eb91ed7,6a5173578402ab704fe0e78c24a3f6f09fe9ed2c7ea0fbe574d688249eb91ed7,6a5173578402ab704fe0e78c24a3f6f09fe9ed2c7ea0fbe574d688249eb91ed7,$,,6a5173578402ab704fe0e78c24a3f6f09fe9ed2c7ea0fbe574d688249eb91ed7,6a5173578402ab704fe0e78c24a3f6f09fe9ed2c7ea0fbe574d688249eb91ed7,"{""basis"":""ordered source-target formula atom"",""kind"":""source-target-formula-map""}"
1.1.0,formula,O007-FREMLIN-V2-S261-FORMULA-0435,O007-FREMLIN-V2-S261,O007-RIGHTS-FREMLIN-DSL,O007-FREMLIN-V2-S261-SEG-261YF,435,261Yf,261Yf,711,723,25979,25988,28032,28041,\BbbR^r,\BbbR^r,6a5173578402ab704fe0e78c24a3f6f09fe9ed2c7ea0fbe574d688249eb91ed7,6a5173578402ab704fe0e78c24a3f6f09fe9ed2c7ea0fbe574d688249eb91ed7,6a5173578402ab704fe0e78c24a3f6f09fe9ed2c7ea0fbe574d688249eb91ed7,$,,6a5173578402ab704fe0e78c24a3f6f09fe9ed2c7ea0fbe574d688249eb91ed7,6a5173578402ab704fe0e78c24a3f6f09fe9ed2c7ea0fbe574d688249eb91ed7,"{""basis"":""ordered source-target formula atom"",""kind"":""source-target-formula-map""}"
1.1.0,formula,O007-FREMLIN-V2-S261-FORMULA-0436,O007-FREMLIN-V2-S261,O007-RIGHTS-FREMLIN-DSL,O007-FREMLIN-V2-S261-SEG-261YF,436,261Yf,261Yf,711,724,26013,26033,28073,28093,f:\BbbR^r\to\Bbb R,f:\BbbR^r\to\Bbb R,4d0119860019fec39c5490e71b8d15023dcd4ca9cb895bb6d420929d87720055,4d0119860019fec39c5490e71b8d15023dcd4ca9cb895bb6d420929d87720055,81d6f4b061450e160f3a5c01789bdf8c7b803a06bbfc59f3b013bc0885b30af7,$,,81d6f4b061450e160f3a5c01789bdf8c7b803a06bbfc59f3b013bc0885b30af7,81d6f4b061450e160f3a5c01789bdf8c7b803a06bbfc59f3b013bc0885b30af7,"{""basis"":""ordered source-target formula atom"",""kind"":""source-target-formula-map""}"
1.1.0,formula,O007-FREMLIN-V2-S261-FORMULA-0437,O007-FREMLIN-V2-S261,O007-RIGHTS-FREMLIN-DSL,O007-FREMLIN-V2-S261-SEG-261YF,437,261Yf,261Yf,712,725,26059,26068,28157,28166,\frak T,\frak T,0647f8d3ad6092ab3a9c92fd71ee29d66b86e14d9c9582db084142bee077c226,0647f8d3ad6092ab3a9c92fd71ee29d66b86e14d9c9582db084142bee077c226,44c7e1dba9432c4271c4d22b9a844dc7f447c4cb30f1129ac0c3db3f54646d4b,$,,44c7e1dba9432c4271c4d22b9a844dc7f447c4cb30f1129ac0c3db3f54646d4b,44c7e1dba9432c4271c4d22b9a844dc7f447c4cb30f1129ac0c3db3f54646d4b,"{""basis"":""ordered source-target formula atom"",""kind"":""source-target-formula-map""}"
1.1.0,formula,O007-FREMLIN-V2-S261-FORMULA-0438,O007-FREMLIN-V2-S261,O007-RIGHTS-FREMLIN-DSL,O007-FREMLIN-V2-S261-SEG-261YF,438,261Yf,261Yf,713,725,26106,26116,28198,28208,\Bbb R^r,\Bbb R^r,3f1a406096643473870c1e6e22d1a9a801f64f617cc58150f3ee86fba15dffe4,3f1a406096643473870c1e6e22d1a9a801f64f617cc58150f3ee86fba15dffe4,6a5173578402ab704fe0e78c24a3f6f09fe9ed2c7ea0fbe574d688249eb91ed7,$,,6a5173578402ab704fe0e78c24a3f6f09fe9ed2c7ea0fbe574d688249eb91ed7,6a5173578402ab704fe0e78c24a3f6f09fe9ed2c7ea0fbe574d688249eb91ed7,"{""basis"":""ordered source-target formula atom"",""kind"":""source-target-formula-map""}"
1.1.0,formula,O007-FREMLIN-V2-S261-FORMULA-0439,O007-FREMLIN-V2-S261,O007-RIGHTS-FREMLIN-DSL,O007-FREMLIN-V2-S261-SEG-261YG,439,261Yg,261Yg,715,727,26148,26167,28249,28268,A\subseteq\BbbR^r,A\subseteq\BbbR^r,f93528f6e6f940f332b7f5b14441d9d25ee7316d8c957e06b6bce3ed6d36e7ab,f93528f6e6f940f332b7f5b14441d9d25ee7316d8c957e06b6bce3ed6d36e7ab,f93528f6e6f940f332b7f5b14441d9d25ee7316d8c957e06b6bce3ed6d36e7ab,$,,f93528f6e6f940f332b7f5b14441d9d25ee7316d8c957e06b6bce3ed6d36e7ab,f93528f6e6f940f332b7f5b14441d9d25ee7316d8c957e06b6bce3ed6d36e7ab,"{""basis"":""ordered source-target formula atom"",""kind"":""source-target-formula-map""}"
1.1.0,formula,O007-FREMLIN-V2-S261-FORMULA-0440,O007-FREMLIN-V2-S261,O007-RIGHTS-FREMLIN-DSL,O007-FREMLIN-V2-S261-SEG-261YG,440,261Yg,261Yg,716,728,26199,26212,28297,28310,x\in\BbbR^r,x\in\BbbR^r,28a5c24eff3f773cb7f1b8cb06abe0257fd7f24074f24012e181e6e939b1a5cc,28a5c24eff3f773cb7f1b8cb06abe0257fd7f24074f24012e181e6e939b1a5cc,28a5c24eff3f773cb7f1b8cb06abe0257fd7f24074f24012e181e6e939b1a5cc,$,,28a5c24eff3f773cb7f1b8cb06abe0257fd7f24074f24012e181e6e939b1a5cc,28a5c24eff3f773cb7f1b8cb06abe0257fd7f24074f24012e181e6e939b1a5cc,"{""basis"":""ordered source-target formula atom"",""kind"":""source-target-formula-map""}"
1.1.0,formula,O007-FREMLIN-V2-S261-FORMULA-0441,O007-FREMLIN-V2-S261,O007-RIGHTS-FREMLIN-DSL,O007-FREMLIN-V2-S261-SEG-261YG,441,261Yg,261Yg,716,729,26216,26262,28317,28363,"\limsup_{y\to x}\Bover{\rho(y,A)}{\|y-x\|}>0","\limsup_{y\to x}\Bover{\rho(y,A)}{\|y-x\|}>0",25710523ebf9413fec64d911a3075b55992631fa7d0ad016deb03794bd2c71b1,25710523ebf9413fec64d911a3075b55992631fa7d0ad016deb03794bd2c71b1,f9dab8ad305c215ce3ac54335a8218f46261268661fa41e7bde8b25cc10e1991,$,,f9dab8ad305c215ce3ac54335a8218f46261268661fa41e7bde8b25cc10e1991,f9dab8ad305c215ce3ac54335a8218f46261268661fa41e7bde8b25cc10e1991,"{""basis"":""ordered source-target formula atom"",""kind"":""source-target-formula-map""}"
1.1.0,formula,O007-FREMLIN-V2-S261-FORMULA-0442,O007-FREMLIN-V2-S261,O007-RIGHTS-FREMLIN-DSL,O007-FREMLIN-V2-S261-SEG-261YG,442,261Yg,261Yg,717,730,26274,26306,28373,28405,"\rho(y,A)=\inf_{z\in A}\|y-z\|","\rho(y,A)=\inf_{z\in A}\|y-z\|",6a56b24ac46ffb11722fa022ace5611cdf4e4a5587571b1bd080f5a3d5764863,6a56b24ac46ffb11722fa022ace5611cdf4e4a5587571b1bd080f5a3d5764863,0d0ddfa8b028858aafaa00e432b75f6afe00fa27d4bd8ae89cadfcb842e5fe67,$,,0d0ddfa8b028858aafaa00e432b75f6afe00fa27d4bd8ae89cadfcb842e5fe67,0d0ddfa8b028858aafaa00e432b75f6afe00fa27d4bd8ae89cadfcb842e5fe67,"{""basis"":""ordered source-target formula atom"",""kind"":""source-target-formula-map""}"
1.1.0,formula,O007-FREMLIN-V2-S261-FORMULA-0443,O007-FREMLIN-V2-S261,O007-RIGHTS-FREMLIN-DSL,O007-FREMLIN-V2-S261-SEG-261YG,443,261Yg,261Yg,717,730,26311,26319,28412,28420,\infty,\infty,db8e84427c2e1e02f2b2c74d337ab8d69d80cbb28224cd7f85e0174f1f5ed5c7,db8e84427c2e1e02f2b2c74d337ab8d69d80cbb28224cd7f85e0174f1f5ed5c7,db8e84427c2e1e02f2b2c74d337ab8d69d80cbb28224cd7f85e0174f1f5ed5c7,$,,db8e84427c2e1e02f2b2c74d337ab8d69d80cbb28224cd7f85e0174f1f5ed5c7,db8e84427c2e1e02f2b2c74d337ab8d69d80cbb28224cd7f85e0174f1f5ed5c7,"{""basis"":""ordered source-target formula atom"",""kind"":""source-target-formula-map""}"
1.1.0,formula,O007-FREMLIN-V2-S261-FORMULA-0444,O007-FREMLIN-V2-S261,O007-RIGHTS-FREMLIN-DSL,O007-FREMLIN-V2-S261-SEG-261YG,444,261Yg,261Yg,717,730,26323,26326,28426,28429,A,A,559aead08264d5795d3909718cdd05abd49572e84fe55590eef31a88a08fdffd,559aead08264d5795d3909718cdd05abd49572e84fe55590eef31a88a08fdffd,559aead08264d5795d3909718cdd05abd49572e84fe55590eef31a88a08fdffd,$,,559aead08264d5795d3909718cdd05abd49572e84fe55590eef31a88a08fdffd,559aead08264d5795d3909718cdd05abd49572e84fe55590eef31a88a08fdffd,"{""basis"":""ordered source-target formula atom"",""kind"":""source-target-formula-map""}"
1.1.0,formula,O007-FREMLIN-V2-S261-FORMULA-0445,O007-FREMLIN-V2-S261,O007-RIGHTS-FREMLIN-DSL,O007-FREMLIN-V2-S261-SEG-261YG,445,261Yg,261Yg,718,731,26356,26359,28465,28468,A,A,559aead08264d5795d3909718cdd05abd49572e84fe55590eef31a88a08fdffd,559aead08264d5795d3909718cdd05abd49572e84fe55590eef31a88a08fdffd,559aead08264d5795d3909718cdd05abd49572e84fe55590eef31a88a08fdffd,$,,559aead08264d5795d3909718cdd05abd49572e84fe55590eef31a88a08fdffd,559aead08264d5795d3909718cdd05abd49572e84fe55590eef31a88a08fdffd,"{""basis"":""ordered source-target formula atom"",""kind"":""source-target-formula-map""}"
1.1.0,formula,O007-FREMLIN-V2-S261-FORMULA-0446,O007-FREMLIN-V2-S261,O007-RIGHTS-FREMLIN-DSL,O007-FREMLIN-V2-S261-SEG-261YG,446,261Yg,261Yg,720,734,26473,26500,28589,28616,A\setminus\bigcup\Cal I_0,A\setminus\bigcup\Cal I_0,fa46d80cf0b5f6d0b8d90a1c3807a18d8931e7240bbbae7ba69c1e36efe12369,fa46d80cf0b5f6d0b8d90a1c3807a18d8931e7240bbbae7ba69c1e36efe12369,a42d2b45d548b5d941b4bd57538e7272561e45cc982f5c64f85176c47dd0939b,$,,a42d2b45d548b5d941b4bd57538e7272561e45cc982f5c64f85176c47dd0939b,a42d2b45d548b5d941b4bd57538e7272561e45cc982f5c64f85176c47dd0939b,"{""basis"":""ordered source-target formula atom"",""kind"":""source-target-formula-map""}"
1.1.0,formula,O007-FREMLIN-V2-S261-FORMULA-0447,O007-FREMLIN-V2-S261,O007-RIGHTS-FREMLIN-DSL,O007-FREMLIN-V2-S261-SEG-261YH,447,261Yh,261Yh,722,736,26558,26577,28674,28693,A\subseteq\BbbR^r,A\subseteq\BbbR^r,f93528f6e6f940f332b7f5b14441d9d25ee7316d8c957e06b6bce3ed6d36e7ab,f93528f6e6f940f332b7f5b14441d9d25ee7316d8c957e06b6bce3ed6d36e7ab,f93528f6e6f940f332b7f5b14441d9d25ee7316d8c957e06b6bce3ed6d36e7ab,$,,f93528f6e6f940f332b7f5b14441d9d25ee7316d8c957e06b6bce3ed6d36e7ab,f93528f6e6f940f332b7f5b14441d9d25ee7316d8c957e06b6bce3ed6d36e7ab,"{""basis"":""ordered source-target formula atom"",""kind"":""source-target-formula-map""}"
1.1.0,formula,O007-FREMLIN-V2-S261-FORMULA-0448,O007-FREMLIN-V2-S261,O007-RIGHTS-FREMLIN-DSL,O007-FREMLIN-V2-S261-SEG-261YH,448,261Yh,261Yh,722,737,26599,26607,28723,28731,\Cal I,\Cal I,0831b19b7d701bc369de3b9489033af676d58a27cffc082eed279c76037f0863,0831b19b7d701bc369de3b9489033af676d58a27cffc082eed279c76037f0863,6699e3b8d4cac32e8f0765749cb20c71b87c478c548f6a173cae5d235e2036d0,$,,6699e3b8d4cac32e8f0765749cb20c71b87c478c548f6a173cae5d235e2036d0,6699e3b8d4cac32e8f0765749cb20c71b87c478c548f6a173cae5d235e2036d0,"{""basis"":""ordered source-target formula atom"",""kind"":""source-target-formula-map""}"
1.1.0,formula,O007-FREMLIN-V2-S261-FORMULA-0449,O007-FREMLIN-V2-S261,O007-RIGHTS-FREMLIN-DSL,O007-FREMLIN-V2-S261-SEG-261YH,449,261Yh,261Yh,723,738,26665,26668,28802,28805,A,A,559aead08264d5795d3909718cdd05abd49572e84fe55590eef31a88a08fdffd,559aead08264d5795d3909718cdd05abd49572e84fe55590eef31a88a08fdffd,559aead08264d5795d3909718cdd05abd49572e84fe55590eef31a88a08fdffd,$,,559aead08264d5795d3909718cdd05abd49572e84fe55590eef31a88a08fdffd,559aead08264d5795d3909718cdd05abd49572e84fe55590eef31a88a08fdffd,"{""basis"":""ordered source-target formula atom"",""kind"":""source-target-formula-map""}"
1.1.0,formula,O007-FREMLIN-V2-S261-FORMULA-0450,O007-FREMLIN-V2-S261,O007-RIGHTS-FREMLIN-DSL,O007-FREMLIN-V2-S261-SEG-261YH,450,261Yh,261Yh,724,738,26691,26703,28836,28848,\epsilon>0,\epsilon>0,4c7785f41b6ba845fbf6fe3db625563505eedd141a7e6a016df047b5d14c0cc7,4c7785f41b6ba845fbf6fe3db625563505eedd141a7e6a016df047b5d14c0cc7,4c7785f41b6ba845fbf6fe3db625563505eedd141a7e6a016df047b5d14c0cc7,$,,4c7785f41b6ba845fbf6fe3db625563505eedd141a7e6a016df047b5d14c0cc7,4c7785f41b6ba845fbf6fe3db625563505eedd141a7e6a016df047b5d14c0cc7,"{""basis"":""ordered source-target formula atom"",""kind"":""source-target-formula-map""}"
1.1.0,formula,O007-FREMLIN-V2-S261-FORMULA-0451,O007-FREMLIN-V2-S261,O007-RIGHTS-FREMLIN-DSL,O007-FREMLIN-V2-S261-SEG-261YH,451,261Yh,261Yh,724,739,26723,26748,28887,28912,"B_0,\ldots,B_n\in\Cal I","B_0,\ldots,B_n\in\Cal I",55dc6c49164b4918ad21b7bb63895dd2ff8f6e85ca39eb61b42c9d0597c91c76,55dc6c49164b4918ad21b7bb63895dd2ff8f6e85ca39eb61b42c9d0597c91c76,5e739ae0adcfef10e5aeb4d83e42bf131e82d91e4c74c5eff3254fa6ea4951f7,$,,5e739ae0adcfef10e5aeb4d83e42bf131e82d91e4c74c5eff3254fa6ea4951f7,5e739ae0adcfef10e5aeb4d83e42bf131e82d91e4c74c5eff3254fa6ea4951f7,"{""basis"":""ordered source-target formula atom"",""kind"":""source-target-formula-map""}"
1.1.0,formula,O007-FREMLIN-V2-S261-FORMULA-0452,O007-FREMLIN-V2-S261,O007-RIGHTS-FREMLIN-DSL,O007-FREMLIN-V2-S261-SEG-261YH,452,261Yh,261Yh,725,740,26760,26804,28934,28978,\mu^*A\le(3+\epsilon)^r\sum_{k=0}^n\mu B_k,\mu^*A\le(3+\epsilon)^r\sum_{k=0}^n\mu B_k,31c549297ab4dbd3ee61eb19071109d74ca37103b6eaee9c4279911500504409,31c549297ab4dbd3ee61eb19071109d74ca37103b6eaee9c4279911500504409,5b13005685f56f8d3a1c393b651fa26d8b00b04196a2a10894297fb1cc641082,$,,5b13005685f56f8d3a1c393b651fa26d8b00b04196a2a10894297fb1cc641082,5b13005685f56f8d3a1c393b651fa26d8b00b04196a2a10894297fb1cc641082,"{""basis"":""ordered source-target formula atom"",""kind"":""source-target-formula-map""}"
1.1.0,formula,O007-FREMLIN-V2-S261-FORMULA-0453,O007-FREMLIN-V2-S261,O007-RIGHTS-FREMLIN-DSL,O007-FREMLIN-V2-S261-SEG-261YI,453,261Yi,261Yi,727,742,26834,26844,29013,29023,"(X,\rho)","(X,\rho)",fa8ed0d32b9aa95e8d7080f6670875ed1d3ef17778b8ab3e5df1bf04da4e5c0d,fa8ed0d32b9aa95e8d7080f6670875ed1d3ef17778b8ab3e5df1bf04da4e5c0d,fa8ed0d32b9aa95e8d7080f6670875ed1d3ef17778b8ab3e5df1bf04da4e5c0d,$,,fa8ed0d32b9aa95e8d7080f6670875ed1d3ef17778b8ab3e5df1bf04da4e5c0d,fa8ed0d32b9aa95e8d7080f6670875ed1d3ef17778b8ab3e5df1bf04da4e5c0d,"{""basis"":""ordered source-target formula atom"",""kind"":""source-target-formula-map""}"
1.1.0,formula,O007-FREMLIN-V2-S261-FORMULA-0454,O007-FREMLIN-V2-S261,O007-RIGHTS-FREMLIN-DSL,O007-FREMLIN-V2-S261-SEG-261YI,454,261Yi,261Yi,727,743,26867,26881,29045,29059,A\subseteq X,A\subseteq X,1cf36e769d74cacb0248b00ea70c5fd132c50e55622b780c890e91816f726b88,1cf36e769d74cacb0248b00ea70c5fd132c50e55622b780c890e91816f726b88,d1193567821266844024558ec63a8dc1c0e6f8bbdf2948430a22df5ce80a3001,$,,d1193567821266844024558ec63a8dc1c0e6f8bbdf2948430a22df5ce80a3001,d1193567821266844024558ec63a8dc1c0e6f8bbdf2948430a22df5ce80a3001,"{""basis"":""ordered source-target formula atom"",""kind"":""source-target-formula-map""}"
1.1.0,formula,O007-FREMLIN-V2-S261-FORMULA-0455,O007-FREMLIN-V2-S261,O007-RIGHTS-FREMLIN-DSL,O007-FREMLIN-V2-S261-SEG-261YI,455,261Yi,261Yi,728,744,26892,26931,29084,29123,"x\mapsto\delta_x:A\to\coint{0,\infty}","x\mapsto\delta_x:A\to\coint{0,\infty}",a6a8844ed6ee27ea72831a21690b22bd20274df983685806c10a720b8d7ce12d,a6a8844ed6ee27ea72831a21690b22bd20274df983685806c10a720b8d7ce12d,a6a8844ed6ee27ea72831a21690b22bd20274df983685806c10a720b8d7ce12d,$,,a6a8844ed6ee27ea72831a21690b22bd20274df983685806c10a720b8d7ce12d,a6a8844ed6ee27ea72831a21690b22bd20274df983685806c10a720b8d7ce12d,"{""basis"":""ordered source-target formula atom"",""kind"":""source-target-formula-map""}"
1.1.0,formula,O007-FREMLIN-V2-S261-FORMULA-0456,O007-FREMLIN-V2-S261,O007-RIGHTS-FREMLIN-DSL,O007-FREMLIN-V2-S261-SEG-261YI,456,261Yi,261Yi,729,745,26968,26978,29172,29182,\gamma>3,\gamma>3,51613c07c960ce365d39ff83578da01d864f194957439cba688ec7658ee9c8df,51613c07c960ce365d39ff83578da01d864f194957439cba688ec7658ee9c8df,51613c07c960ce365d39ff83578da01d864f194957439cba688ec7658ee9c8df,$,,51613c07c960ce365d39ff83578da01d864f194957439cba688ec7658ee9c8df,51613c07c960ce365d39ff83578da01d864f194957439cba688ec7658ee9c8df,"{""basis"":""ordered source-target formula atom"",""kind"":""source-target-formula-map""}"
1.1.0,formula,O007-FREMLIN-V2-S261-FORMULA-0457,O007-FREMLIN-V2-S261,O007-RIGHTS-FREMLIN-DSL,O007-FREMLIN-V2-S261-SEG-261YI,457,261Yi,261Yi,729,745,26996,27011,29198,29213,A'\subseteq A,A'\subseteq A,8904b95412cd3c37b51acf0b3d1c931b6b9dffdbf341b21f17747ad929ded7e9,8904b95412cd3c37b51acf0b3d1c931b6b9dffdbf341b21f17747ad929ded7e9,f8fcaf724ee4feafc14bc50825d0191bfc5a3588ca0b1e90933b106397c49b59,$,,f8fcaf724ee4feafc14bc50825d0191bfc5a3588ca0b1e90933b106397c49b59,f8fcaf724ee4feafc14bc50825d0191bfc5a3588ca0b1e90933b106397c49b59,"{""basis"":""ordered source-target formula atom"",""kind"":""source-target-formula-map""}"
1.1.0,formula,O007-FREMLIN-V2-S261-FORMULA-0458,O007-FREMLIN-V2-S261,O007-RIGHTS-FREMLIN-DSL,O007-FREMLIN-V2-S261-SEG-261YI,458,261Yi,261Yi,730,746,27027,27056,29239,29268,"\rho(x,y)>\delta_x+\delta_y","\rho(x,y)>\delta_x+\delta_y",d935041bec74cc9a02d62c19a31de9d88f6c0d9128da4fce7b8bb7b8c126f087,d935041bec74cc9a02d62c19a31de9d88f6c0d9128da4fce7b8bb7b8c126f087,d935041bec74cc9a02d62c19a31de9d88f6c0d9128da4fce7b8bb7b8c126f087,$,,d935041bec74cc9a02d62c19a31de9d88f6c0d9128da4fce7b8bb7b8c126f087,d935041bec74cc9a02d62c19a31de9d88f6c0d9128da4fce7b8bb7b8c126f087,"{""basis"":""ordered source-target formula atom"",""kind"":""source-target-formula-map""}"
1.1.0,formula,O007-FREMLIN-V2-S261-FORMULA-0459,O007-FREMLIN-V2-S261,O007-RIGHTS-FREMLIN-DSL,O007-FREMLIN-V2-S261-SEG-261YI,459,261Yi,261Yi,730,746,27074,27077,29281,29284,x,x,2d711642b726b04401627ca9fbac32f5c8530fb1903cc4db02258717921a4881,2d711642b726b04401627ca9fbac32f5c8530fb1903cc4db02258717921a4881,2d711642b726b04401627ca9fbac32f5c8530fb1903cc4db02258717921a4881,$,,2d711642b726b04401627ca9fbac32f5c8530fb1903cc4db02258717921a4881,2d711642b726b04401627ca9fbac32f5c8530fb1903cc4db02258717921a4881,"{""basis"":""ordered source-target formula atom"",""kind"":""source-target-formula-map""}"
1.1.0,formula,O007-FREMLIN-V2-S261-FORMULA-0460,O007-FREMLIN-V2-S261,O007-RIGHTS-FREMLIN-DSL,O007-FREMLIN-V2-S261-SEG-261YI,460,261Yi,261Yi,730,746,27079,27088,29286,29295,y\in A',y\in A',b1e7b70ce9b6d96e0c40d122a375928308ba06b679a763b70b91d9c2cc6d8b7c,b1e7b70ce9b6d96e0c40d122a375928308ba06b679a763b70b91d9c2cc6d8b7c,1b5782f080123a9e7402cea64fce79a86fc0402fe80b7ff77ef55808b9aba495,$,,1b5782f080123a9e7402cea64fce79a86fc0402fe80b7ff77ef55808b9aba495,1b5782f080123a9e7402cea64fce79a86fc0402fe80b7ff77ef55808b9aba495,"{""basis"":""ordered source-target formula atom"",""kind"":""source-target-formula-map""}"
1.1.0,formula,O007-FREMLIN-V2-S261-FORMULA-0461,O007-FREMLIN-V2-S261,O007-RIGHTS-FREMLIN-DSL,O007-FREMLIN-V2-S261-SEG-261YI,461,261Yi,261Yi,731,748,27095,27173,29317,29395,"\bigcup_{x\in A}B(x,\delta_x) 
\subseteq\bigcup_{x\in A'}B(x,\gamma\delta_x)","\bigcup_{x\in A}B(x,\delta_x) 
\subseteq\bigcup_{x\in A'}B(x,\gamma\delta_x)",aa0e21a83aea93288a7ca4a751955b91f99c5cd342142c1a20dd0228a2616f33,aa0e21a83aea93288a7ca4a751955b91f99c5cd342142c1a20dd0228a2616f33,84a408dc9dde9370b8d7bafe52ed28ab08e925280cdf874bacd3b5c81cc9dc4b,$,,84a408dc9dde9370b8d7bafe52ed28ab08e925280cdf874bacd3b5c81cc9dc4b,84a408dc9dde9370b8d7bafe52ed28ab08e925280cdf874bacd3b5c81cc9dc4b,"{""basis"":""ordered source-target formula atom"",""kind"":""source-target-formula-map""}"
1.1.0,formula,O007-FREMLIN-V2-S261-FORMULA-0462,O007-FREMLIN-V2-S261,O007-RIGHTS-FREMLIN-DSL,O007-FREMLIN-V2-S261-SEG-261YI,462,261Yi,261Yi,732,749,27183,27196,29404,29417,"B(x,\alpha)","B(x,\alpha)",1a32afac9104f43f7eff17655c05960c3aa9df8f12c0eda1b6e8307df4c4f216,1a32afac9104f43f7eff17655c05960c3aa9df8f12c0eda1b6e8307df4c4f216,1a32afac9104f43f7eff17655c05960c3aa9df8f12c0eda1b6e8307df4c4f216,$,,1a32afac9104f43f7eff17655c05960c3aa9df8f12c0eda1b6e8307df4c4f216,1a32afac9104f43f7eff17655c05960c3aa9df8f12c0eda1b6e8307df4c4f216,"{""basis"":""ordered source-target formula atom"",""kind"":""source-target-formula-map""}"
1.1.0,formula,O007-FREMLIN-V2-S261-FORMULA-0463,O007-FREMLIN-V2-S261,O007-RIGHTS-FREMLIN-DSL,O007-FREMLIN-V2-S261-SEG-261YI,463,261Yi,261Yi,733,750,27218,27244,29444,29470,"\{y:\rho(y,x)\le\alpha\}","\{y:\rho(y,x)\le\alpha\}",254a2a401af962f2d6e454393c7ab8fa9ef616a6478beaa77a92482fc0a1cd05,254a2a401af962f2d6e454393c7ab8fa9ef616a6478beaa77a92482fc0a1cd05,254a2a401af962f2d6e454393c7ab8fa9ef616a6478beaa77a92482fc0a1cd05,$,,254a2a401af962f2d6e454393c7ab8fa9ef616a6478beaa77a92482fc0a1cd05,254a2a401af962f2d6e454393c7ab8fa9ef616a6478beaa77a92482fc0a1cd05,"{""basis"":""ordered source-target formula atom"",""kind"":""source-target-formula-map""}"
1.1.0,formula,O007-FREMLIN-V2-S261-FORMULA-0464,O007-FREMLIN-V2-S261,O007-RIGHTS-FREMLIN-DSL,O007-FREMLIN-V2-S261-SEG-261YJ,464,261Yj,261Yj,735,752,27277,27285,29508,29516,\Cal C,\Cal C,3728ac65b157b939d55be3d9d8bb4e63d0b72fd7708cad9ee2f756709e3afb7e,3728ac65b157b939d55be3d9d8bb4e63d0b72fd7708cad9ee2f756709e3afb7e,0a0d4e5968272f521d7965d9e2a5042b7338d6c12e5956284119eb914ada0042,$,,0a0d4e5968272f521d7965d9e2a5042b7338d6c12e5956284119eb914ada0042,0a0d4e5968272f521d7965d9e2a5042b7338d6c12e5956284119eb914ada0042,"{""basis"":""ordered source-target formula atom"",""kind"":""source-target-formula-map""}"
1.1.0,formula,O007-FREMLIN-V2-S261-FORMULA-0465,O007-FREMLIN-V2-S261,O007-RIGHTS-FREMLIN-DSL,O007-FREMLIN-V2-S261-SEG-261YJ,465,261Yj,261Yj,736,753,27326,27345,29544,29563,C\subseteq\BbbR^r,C\subseteq\BbbR^r,1c931dc4e429819f2840e09427535e9ee6aadee7616cb85390a34228c985cb80,1c931dc4e429819f2840e09427535e9ee6aadee7616cb85390a34228c985cb80,1c931dc4e429819f2840e09427535e9ee6aadee7616cb85390a34228c985cb80,$,,1c931dc4e429819f2840e09427535e9ee6aadee7616cb85390a34228c985cb80,1c931dc4e429819f2840e09427535e9ee6aadee7616cb85390a34228c985cb80,"{""basis"":""ordered source-target formula atom"",""kind"":""source-target-formula-map""}"
1.1.0,formula,O007-FREMLIN-V2-S261-FORMULA-0466,O007-FREMLIN-V2-S261,O007-RIGHTS-FREMLIN-DSL,O007-FREMLIN-V2-S261-SEG-261YJ,466,261Yj,261Yj,737,754,27377,27458,29605,29686,"\limsup_{\delta\downarrow 0} 
\Bover{\mu(C\cap B(x,\delta))}{\mu B(x,\delta)}>0","\limsup_{\delta\downarrow 0} 
\Bover{\mu(C\cap B(x,\delta))}{\mu B(x,\delta)}>0",e5ef761e3379c052bdf11e282fd32ac93b64c2dcef8c80ffcca100a0febbf8e2,e5ef761e3379c052bdf11e282fd32ac93b64c2dcef8c80ffcca100a0febbf8e2,2c03cd5a9cce6f4dafd6c635f58da6877a6e6135fd514c080e335d05332cf4f6,$,,2c03cd5a9cce6f4dafd6c635f58da6877a6e6135fd514c080e335d05332cf4f6,2c03cd5a9cce6f4dafd6c635f58da6877a6e6135fd514c080e335d05332cf4f6,"{""basis"":""ordered source-target formula atom"",""kind"":""source-target-formula-map""}"
1.1.0,formula,O007-FREMLIN-V2-S261-FORMULA-0467,O007-FREMLIN-V2-S261,O007-RIGHTS-FREMLIN-DSL,O007-FREMLIN-V2-S261-SEG-261YJ,467,261Yj,261Yj,738,755,27470,27478,29701,29709,x\in C,x\in C,e1a89b6f62eb4929d8b9643aab407f9e2f5043adcc683f2fda3b18bb046750c3,e1a89b6f62eb4929d8b9643aab407f9e2f5043adcc683f2fda3b18bb046750c3,4a4b3d895f68f1a40d56ab5603fb7d2a37079be0b00a42e41cee23690c179258,$,,4a4b3d895f68f1a40d56ab5603fb7d2a37079be0b00a42e41cee23690c179258,4a4b3d895f68f1a40d56ab5603fb7d2a37079be0b00a42e41cee23690c179258,"{""basis"":""ordered source-target formula atom"",""kind"":""source-target-formula-map""}"
1.1.0,formula,O007-FREMLIN-V2-S261-FORMULA-0468,O007-FREMLIN-V2-S261,O007-RIGHTS-FREMLIN-DSL,O007-FREMLIN-V2-S261-SEG-261YJ,468,261Yj,261Yj,739,756,27491,27517,29728,29754,\bigcup\Cal C_0\in\Cal C,\bigcup\Cal C_0\in\Cal C,0b17e88014481edcd99ec3757fc9574dddf0725b70adcc22369211b1b511c0b8,0b17e88014481edcd99ec3757fc9574dddf0725b70adcc22369211b1b511c0b8,a209a88f42165dd920f2fbf74eb755d53220ea9d37e049253c07ec5b2dbcc06c,$,,a209a88f42165dd920f2fbf74eb755d53220ea9d37e049253c07ec5b2dbcc06c,a209a88f42165dd920f2fbf74eb755d53220ea9d37e049253c07ec5b2dbcc06c,"{""basis"":""ordered source-target formula atom"",""kind"":""source-target-formula-map""}"
1.1.0,formula,O007-FREMLIN-V2-S261-FORMULA-0469,O007-FREMLIN-V2-S261,O007-RIGHTS-FREMLIN-DSL,O007-FREMLIN-V2-S261-SEG-261YJ,469,261Yj,261Yj,739,757,27528,27553,29769,29794,\Cal C_0\subseteq\Cal C,\Cal C_0\subseteq\Cal C,1d0e6e894c6087fea1bda87ee451d18fbf800184e83991bd2303269d933cee13,1d0e6e894c6087fea1bda87ee451d18fbf800184e83991bd2303269d933cee13,c13bb048dc595736e383e962bcdc92ba09e82965ccc7b3487b9f84c7b960a3dd,$,,c13bb048dc595736e383e962bcdc92ba09e82965ccc7b3487b9f84c7b960a3dd,c13bb048dc595736e383e962bcdc92ba09e82965ccc7b3487b9f84c7b960a3dd,"{""basis"":""ordered source-target formula atom"",""kind"":""source-target-formula-map""}"
1.1.0,formula,O007-FREMLIN-V2-S261-FORMULA-0470,O007-FREMLIN-V2-S261,O007-RIGHTS-FREMLIN-DSL,O007-FREMLIN-V2-S261-SEG-261YJ,470,261Yj,261Yj,742,759,27632,27641,29885,29894,\BbbR^r,\BbbR^r,6a5173578402ab704fe0e78c24a3f6f09fe9ed2c7ea0fbe574d688249eb91ed7,6a5173578402ab704fe0e78c24a3f6f09fe9ed2c7ea0fbe574d688249eb91ed7,6a5173578402ab704fe0e78c24a3f6f09fe9ed2c7ea0fbe574d688249eb91ed7,$,,6a5173578402ab704fe0e78c24a3f6f09fe9ed2c7ea0fbe574d688249eb91ed7,6a5173578402ab704fe0e78c24a3f6f09fe9ed2c7ea0fbe574d688249eb91ed7,"{""basis"":""ordered source-target formula atom"",""kind"":""source-target-formula-map""}"
1.1.0,formula,O007-FREMLIN-V2-S261-FORMULA-0471,O007-FREMLIN-V2-S261,O007-RIGHTS-FREMLIN-DSL,O007-FREMLIN-V2-S261-SEG-261YK,471,261Yk,261Yk,745,761,27735,27754,29986,30005,A\subseteq\BbbR^r,A\subseteq\BbbR^r,f93528f6e6f940f332b7f5b14441d9d25ee7316d8c957e06b6bce3ed6d36e7ab,f93528f6e6f940f332b7f5b14441d9d25ee7316d8c957e06b6bce3ed6d36e7ab,f93528f6e6f940f332b7f5b14441d9d25ee7316d8c957e06b6bce3ed6d36e7ab,$,,f93528f6e6f940f332b7f5b14441d9d25ee7316d8c957e06b6bce3ed6d36e7ab,f93528f6e6f940f332b7f5b14441d9d25ee7316d8c957e06b6bce3ed6d36e7ab,"{""basis"":""ordered source-target formula atom"",""kind"":""source-target-formula-map""}"
1.1.0,formula,O007-FREMLIN-V2-S261-FORMULA-0472,O007-FREMLIN-V2-S261,O007-RIGHTS-FREMLIN-DSL,O007-FREMLIN-V2-S261-SEG-261YK,472,261Yk,261Yk,745,761,27764,27772,30016,30024,\Cal I,\Cal I,0831b19b7d701bc369de3b9489033af676d58a27cffc082eed279c76037f0863,0831b19b7d701bc369de3b9489033af676d58a27cffc082eed279c76037f0863,6699e3b8d4cac32e8f0765749cb20c71b87c478c548f6a173cae5d235e2036d0,$,,6699e3b8d4cac32e8f0765749cb20c71b87c478c548f6a173cae5d235e2036d0,6699e3b8d4cac32e8f0765749cb20c71b87c478c548f6a173cae5d235e2036d0,"{""basis"":""ordered source-target formula atom"",""kind"":""source-target-formula-map""}"
1.1.0,formula,O007-FREMLIN-V2-S261-FORMULA-0473,O007-FREMLIN-V2-S261,O007-RIGHTS-FREMLIN-DSL,O007-FREMLIN-V2-S261-SEG-261YK,473,261Yk,261Yk,746,762,27807,27816,30077,30086,\BbbR^r,\BbbR^r,6a5173578402ab704fe0e78c24a3f6f09fe9ed2c7ea0fbe574d688249eb91ed7,6a5173578402ab704fe0e78c24a3f6f09fe9ed2c7ea0fbe574d688249eb91ed7,6a5173578402ab704fe0e78c24a3f6f09fe9ed2c7ea0fbe574d688249eb91ed7,$,,6a5173578402ab704fe0e78c24a3f6f09fe9ed2c7ea0fbe574d688249eb91ed7,6a5173578402ab704fe0e78c24a3f6f09fe9ed2c7ea0fbe574d688249eb91ed7,"{""basis"":""ordered source-target formula atom"",""kind"":""source-target-formula-map""}"
1.1.0,formula,O007-FREMLIN-V2-S261-FORMULA-0474,O007-FREMLIN-V2-S261,O007-RIGHTS-FREMLIN-DSL,O007-FREMLIN-V2-S261-SEG-261YK,474,261Yk,261Yk,748,765,27862,27870,30146,30154,x\in A,x\in A,fac41f5df7e2995de6d6b48a0cce188696ab53b3a4ebdbcc87c451009145c802,fac41f5df7e2995de6d6b48a0cce188696ab53b3a4ebdbcc87c451009145c802,7989ed126777535080ac8d3bcdcb3c01f1a3b7cd96e6231d52ce46146820e722,$,,7989ed126777535080ac8d3bcdcb3c01f1a3b7cd96e6231d52ce46146820e722,7989ed126777535080ac8d3bcdcb3c01f1a3b7cd96e6231d52ce46146820e722,"{""basis"":""ordered source-target formula atom"",""kind"":""source-target-formula-map""}"
1.1.0,formula,O007-FREMLIN-V2-S261-FORMULA-0475,O007-FREMLIN-V2-S261,O007-RIGHTS-FREMLIN-DSL,O007-FREMLIN-V2-S261-SEG-261YK,475,261Yk,261Yk,748,765,27883,27891,30164,30172,\eta>0,\eta>0,ae1c26bac5186b1653f2a3f13b645e6949e47d8e9aeced4d6dd379395702f9b1,ae1c26bac5186b1653f2a3f13b645e6949e47d8e9aeced4d6dd379395702f9b1,ae1c26bac5186b1653f2a3f13b645e6949e47d8e9aeced4d6dd379395702f9b1,$,,ae1c26bac5186b1653f2a3f13b645e6949e47d8e9aeced4d6dd379395702f9b1,ae1c26bac5186b1653f2a3f13b645e6949e47d8e9aeced4d6dd379395702f9b1,"{""basis"":""ordered source-target formula atom"",""kind"":""source-target-formula-map""}"
1.1.0,formula,O007-FREMLIN-V2-S261-FORMULA-0476,O007-FREMLIN-V2-S261,O007-RIGHTS-FREMLIN-DSL,O007-FREMLIN-V2-S261-SEG-261YK,476,261Yk,261Yk,749,766,27913,27925,30207,30219,\epsilon>0,\epsilon>0,4c7785f41b6ba845fbf6fe3db625563505eedd141a7e6a016df047b5d14c0cc7,4c7785f41b6ba845fbf6fe3db625563505eedd141a7e6a016df047b5d14c0cc7,4c7785f41b6ba845fbf6fe3db625563505eedd141a7e6a016df047b5d14c0cc7,$,,4c7785f41b6ba845fbf6fe3db625563505eedd141a7e6a016df047b5d14c0cc7,4c7785f41b6ba845fbf6fe3db625563505eedd141a7e6a016df047b5d14c0cc7,"{""basis"":""ordered source-target formula atom"",""kind"":""source-target-formula-map""}"
1.1.0,formula,O007-FREMLIN-V2-S261-FORMULA-0477,O007-FREMLIN-V2-S261,O007-RIGHTS-FREMLIN-DSL,O007-FREMLIN-V2-S261-SEG-261YK,477,261Yk,261Yk,749,766,27938,27950,30229,30241,I\in\Cal I,I\in\Cal I,800da9766561689eb53572137029465981cb779c67d1f1127cb175bea2c94d24,800da9766561689eb53572137029465981cb779c67d1f1127cb175bea2c94d24,1e28e2ab3764b899b4bd9ce4d69dddbfa26b14346ccc846a77efc96189fe7f5e,$,,1e28e2ab3764b899b4bd9ce4d69dddbfa26b14346ccc846a77efc96189fe7f5e,1e28e2ab3764b899b4bd9ce4d69dddbfa26b14346ccc846a77efc96189fe7f5e,"{""basis"":""ordered source-target formula atom"",""kind"":""source-target-formula-map""}"
1.1.0,formula,O007-FREMLIN-V2-S261-FORMULA-0478,O007-FREMLIN-V2-S261,O007-RIGHTS-FREMLIN-DSL,O007-FREMLIN-V2-S261-SEG-261YK,478,261Yk,261Yk,749,766,27961,27969,30262,30270,x\in I,x\in I,7920d1c955ea61d506f919762fa94aa015b7e86f99e3a0969c481d499eebd0cc,7920d1c955ea61d506f919762fa94aa015b7e86f99e3a0969c481d499eebd0cc,e9e133a0ddf4901ba79b03dd287a13242c401728f51e16578e1d1e848f001f71,$,,e9e133a0ddf4901ba79b03dd287a13242c401728f51e16578e1d1e848f001f71,e9e133a0ddf4901ba79b03dd287a13242c401728f51e16578e1d1e848f001f71,"{""basis"":""ordered source-target formula atom"",""kind"":""source-target-formula-map""}"
1.1.0,formula,O007-FREMLIN-V2-S261-FORMULA-0479,O007-FREMLIN-V2-S261,O007-RIGHTS-FREMLIN-DSL,O007-FREMLIN-V2-S261-SEG-261YK,479,261Yk,261Yk,750,767,27975,28013,30276,30314,0<\eta(\diam I)^r\le\mu I\le\epsilon,0<\eta(\diam I)^r\le\mu I\le\epsilon,722fcaace1b86aaffa48da5ff7449aed1ed9388291406ab8902f01f2714807a3,722fcaace1b86aaffa48da5ff7449aed1ed9388291406ab8902f01f2714807a3,5a8224d857e4416250f57efb89eaba1cbb1099d47b0279386b76de4a22dc22c5,$,,5a8224d857e4416250f57efb89eaba1cbb1099d47b0279386b76de4a22dc22c5,5a8224d857e4416250f57efb89eaba1cbb1099d47b0279386b76de4a22dc22c5,"{""basis"":""ordered source-target formula atom"",""kind"":""source-target-formula-map""}"
1.1.0,formula,O007-FREMLIN-V2-S261-FORMULA-0480,O007-FREMLIN-V2-S261,O007-RIGHTS-FREMLIN-DSL,O007-FREMLIN-V2-S261-SEG-261YK,480,261Yk,261Yk,753,770,28079,28104,30404,30429,\Cal I_0\subseteq\Cal I,\Cal I_0\subseteq\Cal I,01128ff72bef0ee40df887d68f7bb6dc8f3fe590583a7d98d7dc519e81655f20,01128ff72bef0ee40df887d68f7bb6dc8f3fe590583a7d98d7dc519e81655f20,7fdeaa3f6a67a66280d5b8e57cd9bc15e6b721712793cf046f1b44821d65472d,$,,7fdeaa3f6a67a66280d5b8e57cd9bc15e6b721712793cf046f1b44821d65472d,7fdeaa3f6a67a66280d5b8e57cd9bc15e6b721712793cf046f1b44821d65472d,"{""basis"":""ordered source-target formula atom"",""kind"":""source-target-formula-map""}"
1.1.0,formula,O007-FREMLIN-V2-S261-FORMULA-0481,O007-FREMLIN-V2-S261,O007-RIGHTS-FREMLIN-DSL,O007-FREMLIN-V2-S261-SEG-261YK,481,261Yk,261Yk,754,771,28116,28143,30451,30478,A\setminus\bigcup\Cal I_0,A\setminus\bigcup\Cal I_0,fa46d80cf0b5f6d0b8d90a1c3807a18d8931e7240bbbae7ba69c1e36efe12369,fa46d80cf0b5f6d0b8d90a1c3807a18d8931e7240bbbae7ba69c1e36efe12369,a42d2b45d548b5d941b4bd57538e7272561e45cc982f5c64f85176c47dd0939b,$,,a42d2b45d548b5d941b4bd57538e7272561e45cc982f5c64f85176c47dd0939b,a42d2b45d548b5d941b4bd57538e7272561e45cc982f5c64f85176c47dd0939b,"{""basis"":""ordered source-target formula atom"",""kind"":""source-target-formula-map""}"
1.1.0,formula,O007-FREMLIN-V2-S261-FORMULA-0482,O007-FREMLIN-V2-S261,O007-RIGHTS-FREMLIN-DSL,O007-FREMLIN-V2-S261-SEG-261YL,482,261Yl,261Yl,757,774,28189,28199,30526,30536,\frak T',\frak T',902a80211fe90e7f700acf06b685a31f7bded397a746e2dec36be83d8097f9f9,902a80211fe90e7f700acf06b685a31f7bded397a746e2dec36be83d8097f9f9,44384acda42375b03a7de617bf21160249a900173b9645c51a4c2c67bed893ac,$,,44384acda42375b03a7de617bf21160249a900173b9645c51a4c2c67bed893ac,44384acda42375b03a7de617bf21160249a900173b9645c51a4c2c67bed893ac,"{""basis"":""ordered source-target formula atom"",""kind"":""source-target-formula-map""}"
1.1.0,formula,O007-FREMLIN-V2-S261-FORMULA-0483,O007-FREMLIN-V2-S261,O007-RIGHTS-FREMLIN-DSL,O007-FREMLIN-V2-S261-SEG-261YL,483,261Yl,261Yl,758,775,28234,28253,30564,30583,G\subseteq\BbbR^r,G\subseteq\BbbR^r,7a20117e0086bb3ae7287fafcd5a93cbe31e116e7766d1453ad8e8e353c68236,7a20117e0086bb3ae7287fafcd5a93cbe31e116e7766d1453ad8e8e353c68236,7a20117e0086bb3ae7287fafcd5a93cbe31e116e7766d1453ad8e8e353c68236,$,,7a20117e0086bb3ae7287fafcd5a93cbe31e116e7766d1453ad8e8e353c68236,7a20117e0086bb3ae7287fafcd5a93cbe31e116e7766d1453ad8e8e353c68236,"{""basis"":""ordered source-target formula atom"",""kind"":""source-target-formula-map""}"
1.1.0,formula,O007-FREMLIN-V2-S261-FORMULA-0484,O007-FREMLIN-V2-S261,O007-RIGHTS-FREMLIN-DSL,O007-FREMLIN-V2-S261-SEG-261YL,484,261Yl,261Yl,758,775,28273,28281,30616,30624,x\in G,x\in G,3faccb525a29c5c66379ad205d954d7822aa6ecb75b815bd94d489678ce6aa50,3faccb525a29c5c66379ad205d954d7822aa6ecb75b815bd94d489678ce6aa50,f890bd8a169841a8e4c425e62d012427d5ad44ba0a41eee342be8094ad1fd32f,$,,f890bd8a169841a8e4c425e62d012427d5ad44ba0a41eee342be8094ad1fd32f,f890bd8a169841a8e4c425e62d012427d5ad44ba0a41eee342be8094ad1fd32f,"{""basis"":""ordered source-target formula atom"",""kind"":""source-target-formula-map""}"
1.1.0,formula,O007-FREMLIN-V2-S261-FORMULA-0485,O007-FREMLIN-V2-S261,O007-RIGHTS-FREMLIN-DSL,O007-FREMLIN-V2-S261-SEG-261YL,485,261Yl,261Yl,758,776,28286,28298,30630,30642,\epsilon>0,\epsilon>0,4c7785f41b6ba845fbf6fe3db625563505eedd141a7e6a016df047b5d14c0cc7,4c7785f41b6ba845fbf6fe3db625563505eedd141a7e6a016df047b5d14c0cc7,4c7785f41b6ba845fbf6fe3db625563505eedd141a7e6a016df047b5d14c0cc7,$,,4c7785f41b6ba845fbf6fe3db625563505eedd141a7e6a016df047b5d14c0cc7,4c7785f41b6ba845fbf6fe3db625563505eedd141a7e6a016df047b5d14c0cc7,"{""basis"":""ordered source-target formula atom"",""kind"":""source-target-formula-map""}"
1.1.0,formula,O007-FREMLIN-V2-S261-FORMULA-0486,O007-FREMLIN-V2-S261,O007-RIGHTS-FREMLIN-DSL,O007-FREMLIN-V2-S261-SEG-261YL,486,261Yl,261Yl,759,776,28311,28321,30653,30663,\delta>0,\delta>0,28c5f4f559bc00a49055a369c53d2382bf799ab5fa662c1b53944e9762606ec9,28c5f4f559bc00a49055a369c53d2382bf799ab5fa662c1b53944e9762606ec9,28c5f4f559bc00a49055a369c53d2382bf799ab5fa662c1b53944e9762606ec9,$,,28c5f4f559bc00a49055a369c53d2382bf799ab5fa662c1b53944e9762606ec9,28c5f4f559bc00a49055a369c53d2382bf799ab5fa662c1b53944e9762606ec9,"{""basis"":""ordered source-target formula atom"",""kind"":""source-target-formula-map""}"
1.1.0,formula,O007-FREMLIN-V2-S261-FORMULA-0487,O007-FREMLIN-V2-S261,O007-RIGHTS-FREMLIN-DSL,O007-FREMLIN-V2-S261-SEG-261YL,487,261Yl,261Yl,759,777,28332,28366,30685,30719,\mu(G\cap I)\ge(1-\epsilon)\mu I,\mu(G\cap I)\ge(1-\epsilon)\mu I,d191532927095c17fe38db8f4cb3afbafc825089c017c1c821c4a78c3a40504c,d191532927095c17fe38db8f4cb3afbafc825089c017c1c821c4a78c3a40504c,e89e40727e49509c20b28b1fa89c50b1a708b4e6084101b6a66ccc18752df45c,$,,e89e40727e49509c20b28b1fa89c50b1a708b4e6084101b6a66ccc18752df45c,e89e40727e49509c20b28b1fa89c50b1a708b4e6084101b6a66ccc18752df45c,"{""basis"":""ordered source-target formula atom"",""kind"":""source-target-formula-map""}"
1.1.0,formula,O007-FREMLIN-V2-S261-FORMULA-0488,O007-FREMLIN-V2-S261,O007-RIGHTS-FREMLIN-DSL,O007-FREMLIN-V2-S261-SEG-261YL,488,261Yl,261Yl,760,777,28377,28380,30732,30735,I,I,a83dd0ccbffe39d071cc317ddf6e97f5c6b1c87af91919271f9fa140b0508c6c,a83dd0ccbffe39d071cc317ddf6e97f5c6b1c87af91919271f9fa140b0508c6c,a83dd0ccbffe39d071cc317ddf6e97f5c6b1c87af91919271f9fa140b0508c6c,$,,a83dd0ccbffe39d071cc317ddf6e97f5c6b1c87af91919271f9fa140b0508c6c,a83dd0ccbffe39d071cc317ddf6e97f5c6b1c87af91919271f9fa140b0508c6c,"{""basis"":""ordered source-target formula atom"",""kind"":""source-target-formula-map""}"
1.1.0,formula,O007-FREMLIN-V2-S261-FORMULA-0489,O007-FREMLIN-V2-S261,O007-RIGHTS-FREMLIN-DSL,O007-FREMLIN-V2-S261-SEG-261YL,489,261Yl,261Yl,760,778,28407,28410,30764,30767,x,x,2d711642b726b04401627ca9fbac32f5c8530fb1903cc4db02258717921a4881,2d711642b726b04401627ca9fbac32f5c8530fb1903cc4db02258717921a4881,2d711642b726b04401627ca9fbac32f5c8530fb1903cc4db02258717921a4881,$,,2d711642b726b04401627ca9fbac32f5c8530fb1903cc4db02258717921a4881,2d711642b726b04401627ca9fbac32f5c8530fb1903cc4db02258717921a4881,"{""basis"":""ordered source-target formula atom"",""kind"":""source-target-formula-map""}"
1.1.0,formula,O007-FREMLIN-V2-S261-FORMULA-0490,O007-FREMLIN-V2-S261,O007-RIGHTS-FREMLIN-DSL,O007-FREMLIN-V2-S261-SEG-261YL,490,261Yl,261Yl,760,778,28427,28440,30786,30799,"B(x,\delta)","B(x,\delta)",b2217f51ef810842d4fd35019b7c71bdf535e0509a8de0c7cc8df698ae6f0bea,b2217f51ef810842d4fd35019b7c71bdf535e0509a8de0c7cc8df698ae6f0bea,b2217f51ef810842d4fd35019b7c71bdf535e0509a8de0c7cc8df698ae6f0bea,$,,b2217f51ef810842d4fd35019b7c71bdf535e0509a8de0c7cc8df698ae6f0bea,b2217f51ef810842d4fd35019b7c71bdf535e0509a8de0c7cc8df698ae6f0bea,"{""basis"":""ordered source-target formula atom"",""kind"":""source-target-formula-map""}"
1.1.0,formula,O007-FREMLIN-V2-S261-FORMULA-0491,O007-FREMLIN-V2-S261,O007-RIGHTS-FREMLIN-DSL,O007-FREMLIN-V2-S261-SEG-261YL,491,261Yl,261Yl,762,779,28458,28468,30818,30828,\frak T',\frak T',902a80211fe90e7f700acf06b685a31f7bded397a746e2dec36be83d8097f9f9,902a80211fe90e7f700acf06b685a31f7bded397a746e2dec36be83d8097f9f9,44384acda42375b03a7de617bf21160249a900173b9645c51a4c2c67bed893ac,$,,44384acda42375b03a7de617bf21160249a900173b9645c51a4c2c67bed893ac,44384acda42375b03a7de617bf21160249a900173b9645c51a4c2c67bed893ac,"{""basis"":""ordered source-target formula atom"",""kind"":""source-target-formula-map""}"
1.1.0,formula,O007-FREMLIN-V2-S261-FORMULA-0492,O007-FREMLIN-V2-S261,O007-RIGHTS-FREMLIN-DSL,O007-FREMLIN-V2-S261-SEG-261YL,492,261Yl,261Yl,762,779,28486,28495,30859,30868,\BbbR^r,\BbbR^r,6a5173578402ab704fe0e78c24a3f6f09fe9ed2c7ea0fbe574d688249eb91ed7,6a5173578402ab704fe0e78c24a3f6f09fe9ed2c7ea0fbe574d688249eb91ed7,6a5173578402ab704fe0e78c24a3f6f09fe9ed2c7ea0fbe574d688249eb91ed7,$,,6a5173578402ab704fe0e78c24a3f6f09fe9ed2c7ea0fbe574d688249eb91ed7,6a5173578402ab704fe0e78c24a3f6f09fe9ed2c7ea0fbe574d688249eb91ed7,"{""basis"":""ordered source-target formula atom"",""kind"":""source-target-formula-map""}"
1.1.0,formula,O007-FREMLIN-V2-S261-FORMULA-0493,O007-FREMLIN-V2-S261,O007-RIGHTS-FREMLIN-DSL,O007-FREMLIN-V2-S261-SEG-261,493,261,261,774,791,28972,28980,31358,31366,\Cal I,\Cal I,0831b19b7d701bc369de3b9489033af676d58a27cffc082eed279c76037f0863,0831b19b7d701bc369de3b9489033af676d58a27cffc082eed279c76037f0863,6699e3b8d4cac32e8f0765749cb20c71b87c478c548f6a173cae5d235e2036d0,$,,6699e3b8d4cac32e8f0765749cb20c71b87c478c548f6a173cae5d235e2036d0,6699e3b8d4cac32e8f0765749cb20c71b87c478c548f6a173cae5d235e2036d0,"{""basis"":""ordered source-target formula atom"",""kind"":""source-target-formula-map""}"
1.1.0,formula,O007-FREMLIN-V2-S261-FORMULA-0494,O007-FREMLIN-V2-S261,O007-RIGHTS-FREMLIN-DSL,O007-FREMLIN-V2-S261-SEG-261,494,261,261,775,791,29012,29015,31406,31409,K,K,86be9a55762d316a3026c2836d044f5fc76e34da10e1b45feee5f18be7edb177,86be9a55762d316a3026c2836d044f5fc76e34da10e1b45feee5f18be7edb177,86be9a55762d316a3026c2836d044f5fc76e34da10e1b45feee5f18be7edb177,$,,86be9a55762d316a3026c2836d044f5fc76e34da10e1b45feee5f18be7edb177,86be9a55762d316a3026c2836d044f5fc76e34da10e1b45feee5f18be7edb177,"{""basis"":""ordered source-target formula atom"",""kind"":""source-target-formula-map""}"
1.1.0,formula,O007-FREMLIN-V2-S261-FORMULA-0495,O007-FREMLIN-V2-S261,O007-RIGHTS-FREMLIN-DSL,O007-FREMLIN-V2-S261-SEG-261,495,261,261,777,793,29046,29064,31444,31462,\mu I'\le K\mu I,\mu I'\le K\mu I,8a2d439ef9ab6ca86363f84a10d68bff3d9d5f38f6d6041a3fce96287ff891d6,8a2d439ef9ab6ca86363f84a10d68bff3d9d5f38f6d6041a3fce96287ff891d6,985bab68584453e8bc1f329f246264375525371211df5b44429e1b9727bd176b,$,,985bab68584453e8bc1f329f246264375525371211df5b44429e1b9727bd176b,985bab68584453e8bc1f329f246264375525371211df5b44429e1b9727bd176b,"{""basis"":""ordered source-target formula atom"",""kind"":""source-target-formula-map""}"
1.1.0,formula,O007-FREMLIN-V2-S261-FORMULA-0496,O007-FREMLIN-V2-S261,O007-RIGHTS-FREMLIN-DSL,O007-FREMLIN-V2-S261-SEG-261,496,261,261,779,795,29094,29107,31495,31508,I\in \Cal I,I\in \Cal I,4bd889c97e97d05b9792d0a9ac30db1344a73649d2264ee3914857a2fb37ddf3,4bd889c97e97d05b9792d0a9ac30db1344a73649d2264ee3914857a2fb37ddf3,1e28e2ab3764b899b4bd9ce4d69dddbfa26b14346ccc846a77efc96189fe7f5e,$,,1e28e2ab3764b899b4bd9ce4d69dddbfa26b14346ccc846a77efc96189fe7f5e,1e28e2ab3764b899b4bd9ce4d69dddbfa26b14346ccc846a77efc96189fe7f5e,"{""basis"":""ordered source-target formula atom"",""kind"":""source-target-formula-map""}"
1.1.0,formula,O007-FREMLIN-V2-S261-FORMULA-0497,O007-FREMLIN-V2-S261,O007-RIGHTS-FREMLIN-DSL,O007-FREMLIN-V2-S261-SEG-261,497,261,261,781,797,29144,29186,31553,31595,I'=\{x:\inf_{y\in I}\|x-y\|\le\diam(I)\},I'=\{x:\inf_{y\in I}\|x-y\|\le\diam(I)\},de075457e16f950a425e6f25e0d263d3774e44adaca313bf2694f432ea271722,de075457e16f950a425e6f25e0d263d3774e44adaca313bf2694f432ea271722,0a3b05ee93dab544f23df2d966acf500ae6146d12904f6f2d3abc797df27bb94,$,,0a3b05ee93dab544f23df2d966acf500ae6146d12904f6f2d3abc797df27bb94,0a3b05ee93dab544f23df2d966acf500ae6146d12904f6f2d3abc797df27bb94,"{""basis"":""ordered source-target formula atom"",""kind"":""source-target-formula-map""}"
1.1.0,formula,O007-FREMLIN-V2-S261-FORMULA-0498,O007-FREMLIN-V2-S261,O007-RIGHTS-FREMLIN-DSL,O007-FREMLIN-V2-S261-SEG-261,498,261,261,783,799,29252,29260,31662,31670,\Cal I,\Cal I,0831b19b7d701bc369de3b9489033af676d58a27cffc082eed279c76037f0863,0831b19b7d701bc369de3b9489033af676d58a27cffc082eed279c76037f0863,6699e3b8d4cac32e8f0765749cb20c71b87c478c548f6a173cae5d235e2036d0,$,,6699e3b8d4cac32e8f0765749cb20c71b87c478c548f6a173cae5d235e2036d0,6699e3b8d4cac32e8f0765749cb20c71b87c478c548f6a173cae5d235e2036d0,"{""basis"":""ordered source-target formula atom"",""kind"":""source-target-formula-map""}"
1.1.0,formula,O007-FREMLIN-V2-S261-FORMULA-0499,O007-FREMLIN-V2-S261,O007-RIGHTS-FREMLIN-DSL,O007-FREMLIN-V2-S261-SEG-261,499,261,261,785,801,29328,29347,31749,31768,E\subseteq\BbbR^r,E\subseteq\BbbR^r,954f89af45ec4ad029bc32837e86fb50d51a2e1ff828eb481146f1fdb42adb99,954f89af45ec4ad029bc32837e86fb50d51a2e1ff828eb481146f1fdb42adb99,954f89af45ec4ad029bc32837e86fb50d51a2e1ff828eb481146f1fdb42adb99,$,,954f89af45ec4ad029bc32837e86fb50d51a2e1ff828eb481146f1fdb42adb99,954f89af45ec4ad029bc32837e86fb50d51a2e1ff828eb481146f1fdb42adb99,"{""basis"":""ordered source-target formula atom"",""kind"":""source-target-formula-map""}"
1.1.0,formula,O007-FREMLIN-V2-S261-FORMULA-0500,O007-FREMLIN-V2-S261,O007-RIGHTS-FREMLIN-DSL,O007-FREMLIN-V2-S261-SEG-261,500,261,261,786,802,29409,29455,31829,31875,"\Cal I=\{x+\delta E:x\in\BbbR^r,\,\delta>0\}","\Cal I=\{x+\delta E:x\in\BbbR^r,\,\delta>0\}",22de75e25790b0abc8b0c9858fbfe3055190d8bc514ce9377daa75c98e7ab9ef,22de75e25790b0abc8b0c9858fbfe3055190d8bc514ce9377daa75c98e7ab9ef,e124447c1854ff2ad24de3e337202938b3c504a458f0e997a469227f4917ac16,$,,e124447c1854ff2ad24de3e337202938b3c504a458f0e997a469227f4917ac16,e124447c1854ff2ad24de3e337202938b3c504a458f0e997a469227f4917ac16,"{""basis"":""ordered source-target formula atom"",""kind"":""source-target-formula-map""}"
1.1.0,formula,O007-FREMLIN-V2-S261-FORMULA-0501,O007-FREMLIN-V2-S261,O007-RIGHTS-FREMLIN-DSL,O007-FREMLIN-V2-S261-SEG-261,501,261,261,795,810,29853,29862,32291,32300,\BbbR^r,\BbbR^r,6a5173578402ab704fe0e78c24a3f6f09fe9ed2c7ea0fbe574d688249eb91ed7,6a5173578402ab704fe0e78c24a3f6f09fe9ed2c7ea0fbe574d688249eb91ed7,6a5173578402ab704fe0e78c24a3f6f09fe9ed2c7ea0fbe574d688249eb91ed7,$,,6a5173578402ab704fe0e78c24a3f6f09fe9ed2c7ea0fbe574d688249eb91ed7,6a5173578402ab704fe0e78c24a3f6f09fe9ed2c7ea0fbe574d688249eb91ed7,"{""basis"":""ordered source-target formula atom"",""kind"":""source-target-formula-map""}"
1.1.0,formula,O007-FREMLIN-V2-S261-FORMULA-0502,O007-FREMLIN-V2-S261,O007-RIGHTS-FREMLIN-DSL,O007-FREMLIN-V2-S261-SEG-261,502,261,261,807,821,30620,30623,33120,33123,D,D,3f39d5c348e5b79d06e842c114e6cc571583bbf44e4b0ebfda1a01ec05745d43,3f39d5c348e5b79d06e842c114e6cc571583bbf44e4b0ebfda1a01ec05745d43,3f39d5c348e5b79d06e842c114e6cc571583bbf44e4b0ebfda1a01ec05745d43,$,,3f39d5c348e5b79d06e842c114e6cc571583bbf44e4b0ebfda1a01ec05745d43,3f39d5c348e5b79d06e842c114e6cc571583bbf44e4b0ebfda1a01ec05745d43,"{""basis"":""ordered source-target formula atom"",""kind"":""source-target-formula-map""}"
1.1.0,formula,O007-FREMLIN-V2-S261-FORMULA-0503,O007-FREMLIN-V2-S261,O007-RIGHTS-FREMLIN-DSL,O007-FREMLIN-V2-S261-SEG-261,503,261,261,808,822,30629,30639,33130,33140,\Bbb R^r,\Bbb R^r,3f1a406096643473870c1e6e22d1a9a801f64f617cc58150f3ee86fba15dffe4,3f1a406096643473870c1e6e22d1a9a801f64f617cc58150f3ee86fba15dffe4,6a5173578402ab704fe0e78c24a3f6f09fe9ed2c7ea0fbe574d688249eb91ed7,$,,6a5173578402ab704fe0e78c24a3f6f09fe9ed2c7ea0fbe574d688249eb91ed7,6a5173578402ab704fe0e78c24a3f6f09fe9ed2c7ea0fbe574d688249eb91ed7,"{""basis"":""ordered source-target formula atom"",""kind"":""source-target-formula-map""}"
1.1.0,formula,O007-FREMLIN-V2-S261-FORMULA-0504,O007-FREMLIN-V2-S261,O007-RIGHTS-FREMLIN-DSL,O007-FREMLIN-V2-S261-SEG-261,504,261,261,811,825,30868,30881,33343,33356,\int_Dfd\mu,\int_Dfd\mu,cfe682acbef78586fb9be088d75465441d1be0f45a601920412d062d65361c89,cfe682acbef78586fb9be088d75465441d1be0f45a601920412d062d65361c89,cfe682acbef78586fb9be088d75465441d1be0f45a601920412d062d65361c89,$,,cfe682acbef78586fb9be088d75465441d1be0f45a601920412d062d65361c89,cfe682acbef78586fb9be088d75465441d1be0f45a601920412d062d65361c89,"{""basis"":""ordered source-target formula atom"",""kind"":""source-target-formula-map""}"
1.1.0,formula,O007-FREMLIN-V2-S261-FORMULA-0505,O007-FREMLIN-V2-S261,O007-RIGHTS-FREMLIN-DSL,O007-FREMLIN-V2-S261-SEG-261,505,261,261,813,827,31007,31010,33523,33526,f,f,252f10c83610ebca1a059c0bae8255eba2f95be4d1d7bcfa89d7248a82d9f111,252f10c83610ebca1a059c0bae8255eba2f95be4d1d7bcfa89d7248a82d9f111,252f10c83610ebca1a059c0bae8255eba2f95be4d1d7bcfa89d7248a82d9f111,$,,252f10c83610ebca1a059c0bae8255eba2f95be4d1d7bcfa89d7248a82d9f111,252f10c83610ebca1a059c0bae8255eba2f95be4d1d7bcfa89d7248a82d9f111,"{""basis"":""ordered source-target formula atom"",""kind"":""source-target-formula-map""}"
1.1.0,formula,O007-FREMLIN-V2-S261-FORMULA-0506,O007-FREMLIN-V2-S261,O007-RIGHTS-FREMLIN-DSL,O007-FREMLIN-V2-S261-SEG-261,506,261,261,813,827,31030,31033,33547,33550,D,D,3f39d5c348e5b79d06e842c114e6cc571583bbf44e4b0ebfda1a01ec05745d43,3f39d5c348e5b79d06e842c114e6cc571583bbf44e4b0ebfda1a01ec05745d43,3f39d5c348e5b79d06e842c114e6cc571583bbf44e4b0ebfda1a01ec05745d43,$,,3f39d5c348e5b79d06e842c114e6cc571583bbf44e4b0ebfda1a01ec05745d43,3f39d5c348e5b79d06e842c114e6cc571583bbf44e4b0ebfda1a01ec05745d43,"{""basis"":""ordered source-target formula atom"",""kind"":""source-target-formula-map""}"
1.1.0,formula,O007-FREMLIN-V2-S261-FORMULA-0507,O007-FREMLIN-V2-S261,O007-RIGHTS-FREMLIN-DSL,O007-FREMLIN-V2-S261-SEG-261,507,261,261,814,828,31063,31090,33595,33622,\tilde f:\BbbR^r\to\Bbb R,\tilde f:\BbbR^r\to\Bbb R,2923dc9df4d6bbefc1b35df5220b199f5ff1c5c73091f61dbf100b0f908ea44d,2923dc9df4d6bbefc1b35df5220b199f5ff1c5c73091f61dbf100b0f908ea44d,118e28258346615f184843b9e7a760af6730c89ca35a06ca6320fcd365f411db,$,,118e28258346615f184843b9e7a760af6730c89ca35a06ca6320fcd365f411db,118e28258346615f184843b9e7a760af6730c89ca35a06ca6320fcd365f411db,"{""basis"":""ordered source-target formula atom"",""kind"":""source-target-formula-map""}"
1.1.0,formula,O007-FREMLIN-V2-S261-FORMULA-0508,O007-FREMLIN-V2-S261,O007-RIGHTS-FREMLIN-DSL,O007-FREMLIN-V2-S261-SEG-261,508,261,261,815,829,31102,31134,33644,33676,\int_F\tilde f=\int_{D\cap F}f,\int_F\tilde f=\int_{D\cap F}f,ae6307f2256af90463abbc6483504517f34836a862815d2435243923e484780d,ae6307f2256af90463abbc6483504517f34836a862815d2435243923e484780d,a4a4366bf9615cd5f7c5702b0ac831052b3e2ac5f7680fe7c8cbeff67d3a0c8b,$,,a4a4366bf9615cd5f7c5702b0ac831052b3e2ac5f7680fe7c8cbeff67d3a0c8b,a4a4366bf9615cd5f7c5702b0ac831052b3e2ac5f7680fe7c8cbeff67d3a0c8b,"{""basis"":""ordered source-target formula atom"",""kind"":""source-target-formula-map""}"
1.1.0,formula,O007-FREMLIN-V2-S261-FORMULA-0509,O007-FREMLIN-V2-S261,O007-RIGHTS-FREMLIN-DSL,O007-FREMLIN-V2-S261-SEG-261,509,261,261,816,830,31157,31176,33708,33727,F\subseteq\BbbR^r,F\subseteq\BbbR^r,06f32e8c025719f80a3322a70d5d01e93387288bbdae4fb0c627f33aab6f8944,06f32e8c025719f80a3322a70d5d01e93387288bbdae4fb0c627f33aab6f8944,06f32e8c025719f80a3322a70d5d01e93387288bbdae4fb0c627f33aab6f8944,$,,06f32e8c025719f80a3322a70d5d01e93387288bbdae4fb0c627f33aab6f8944,06f32e8c025719f80a3322a70d5d01e93387288bbdae4fb0c627f33aab6f8944,"{""basis"":""ordered source-target formula atom"",""kind"":""source-target-formula-map""}"
1.1.0,formula,O007-FREMLIN-V2-S261-FORMULA-0510,O007-FREMLIN-V2-S261,O007-RIGHTS-FREMLIN-DSL,O007-FREMLIN-V2-S261-SEG-261,510,261,261,817,831,31246,31249,33812,33815,f,f,252f10c83610ebca1a059c0bae8255eba2f95be4d1d7bcfa89d7248a82d9f111,252f10c83610ebca1a059c0bae8255eba2f95be4d1d7bcfa89d7248a82d9f111,252f10c83610ebca1a059c0bae8255eba2f95be4d1d7bcfa89d7248a82d9f111,$,,252f10c83610ebca1a059c0bae8255eba2f95be4d1d7bcfa89d7248a82d9f111,252f10c83610ebca1a059c0bae8255eba2f95be4d1d7bcfa89d7248a82d9f111,"{""basis"":""ordered source-target formula atom"",""kind"":""source-target-formula-map""}"
1.1.0,formula,O007-FREMLIN-V2-S261-FORMULA-0511,O007-FREMLIN-V2-S261,O007-RIGHTS-FREMLIN-DSL,O007-FREMLIN-V2-S261-SEG-261,511,261,261,817,831,31251,31254,33817,33820,D,D,3f39d5c348e5b79d06e842c114e6cc571583bbf44e4b0ebfda1a01ec05745d43,3f39d5c348e5b79d06e842c114e6cc571583bbf44e4b0ebfda1a01ec05745d43,3f39d5c348e5b79d06e842c114e6cc571583bbf44e4b0ebfda1a01ec05745d43,$,,3f39d5c348e5b79d06e842c114e6cc571583bbf44e4b0ebfda1a01ec05745d43,3f39d5c348e5b79d06e842c114e6cc571583bbf44e4b0ebfda1a01ec05745d43,"{""basis"":""ordered source-target formula atom"",""kind"":""source-target-formula-map""}"
1.1.0,formula,O007-FREMLIN-V2-S261-FORMULA-0512,O007-FREMLIN-V2-S261,O007-RIGHTS-FREMLIN-DSL,O007-FREMLIN-V2-S261-SEG-261,512,261,261,818,831,31259,31269,33828,33838,\tilde f,\tilde f,a97980bd5ea2687b95a92a20b39eb9c81e8b5f425db0e06c97f532f4b96186b2,a97980bd5ea2687b95a92a20b39eb9c81e8b5f425db0e06c97f532f4b96186b2,ce8592b31e55f9d7fdf9839cfa5eac9f2131e54b58027dc4159c14bb9b5fe3b0,$,,ce8592b31e55f9d7fdf9839cfa5eac9f2131e54b58027dc4159c14bb9b5fe3b0,ce8592b31e55f9d7fdf9839cfa5eac9f2131e54b58027dc4159c14bb9b5fe3b0,"{""basis"":""ordered source-target formula atom"",""kind"":""source-target-formula-map""}"
1.1.0,formula,O007-FREMLIN-V2-S261-FORMULA-0513,O007-FREMLIN-V2-S261,O007-RIGHTS-FREMLIN-DSL,O007-FREMLIN-V2-S261-SEG-261,513,261,261,818,831,31271,31280,33840,33849,\BbbR^r,\BbbR^r,6a5173578402ab704fe0e78c24a3f6f09fe9ed2c7ea0fbe574d688249eb91ed7,6a5173578402ab704fe0e78c24a3f6f09fe9ed2c7ea0fbe574d688249eb91ed7,6a5173578402ab704fe0e78c24a3f6f09fe9ed2c7ea0fbe574d688249eb91ed7,$,,6a5173578402ab704fe0e78c24a3f6f09fe9ed2c7ea0fbe574d688249eb91ed7,6a5173578402ab704fe0e78c24a3f6f09fe9ed2c7ea0fbe574d688249eb91ed7,"{""basis"":""ordered source-target formula atom"",""kind"":""source-target-formula-map""}"
1.1.0,formula,O007-FREMLIN-V2-S261-FORMULA-0514,O007-FREMLIN-V2-S261,O007-RIGHTS-FREMLIN-DSL,O007-FREMLIN-V2-S261-SEG-261,514,261,261,820,833,31333,31336,33905,33908,x,x,2d711642b726b04401627ca9fbac32f5c8530fb1903cc4db02258717921a4881,2d711642b726b04401627ca9fbac32f5c8530fb1903cc4db02258717921a4881,2d711642b726b04401627ca9fbac32f5c8530fb1903cc4db02258717921a4881,$,,2d711642b726b04401627ca9fbac32f5c8530fb1903cc4db02258717921a4881,2d711642b726b04401627ca9fbac32f5c8530fb1903cc4db02258717921a4881,"{""basis"":""ordered source-target formula atom"",""kind"":""source-target-formula-map""}"
1.1.0,formula,O007-FREMLIN-V2-S261-FORMULA-0515,O007-FREMLIN-V2-S261,O007-RIGHTS-FREMLIN-DSL,O007-FREMLIN-V2-S261-SEG-261,515,261,261,820,833,31338,31344,33910,33916,f(x),f(x),259072e6c653cc56ea0e6a6031c2bbb5dede2c4066d63855fd7690ee8bd61bbc,259072e6c653cc56ea0e6a6031c2bbb5dede2c4066d63855fd7690ee8bd61bbc,259072e6c653cc56ea0e6a6031c2bbb5dede2c4066d63855fd7690ee8bd61bbc,$,,259072e6c653cc56ea0e6a6031c2bbb5dede2c4066d63855fd7690ee8bd61bbc,259072e6c653cc56ea0e6a6031c2bbb5dede2c4066d63855fd7690ee8bd61bbc,"{""basis"":""ordered source-target formula atom"",""kind"":""source-target-formula-map""}"
1.1.0,formula,O007-FREMLIN-V2-S261-FORMULA-0516,O007-FREMLIN-V2-S261,O007-RIGHTS-FREMLIN-DSL,O007-FREMLIN-V2-S261-SEG-261,516,261,261,821,834,31395,31408,33967,33980,"B(x,\delta)","B(x,\delta)",b2217f51ef810842d4fd35019b7c71bdf535e0509a8de0c7cc8df698ae6f0bea,b2217f51ef810842d4fd35019b7c71bdf535e0509a8de0c7cc8df698ae6f0bea,b2217f51ef810842d4fd35019b7c71bdf535e0509a8de0c7cc8df698ae6f0bea,$,,b2217f51ef810842d4fd35019b7c71bdf535e0509a8de0c7cc8df698ae6f0bea,b2217f51ef810842d4fd35019b7c71bdf535e0509a8de0c7cc8df698ae6f0bea,"{""basis"":""ordered source-target formula atom"",""kind"":""source-target-formula-map""}"
1.1.0,formula,O007-FREMLIN-V2-S261-FORMULA-0517,O007-FREMLIN-V2-S261,O007-RIGHTS-FREMLIN-DSL,O007-FREMLIN-V2-S261-SEG-261,517,261,261,822,835,31442,31477,34031,34066,"B(x,\delta)\setminus(D\cap\dom f)","B(x,\delta)\setminus(D\cap\dom f)",05d64b007be047bdf4e7cb28164623fcc520bcff69ff1e9290032d5f3186905f,05d64b007be047bdf4e7cb28164623fcc520bcff69ff1e9290032d5f3186905f,564a019327bcad76c29854e99696b346e61f783ef30ca6901661bfd926e11905,$,,564a019327bcad76c29854e99696b346e61f783ef30ca6901661bfd926e11905,564a019327bcad76c29854e99696b346e61f783ef30ca6901661bfd926e11905,"{""basis"":""ordered source-target formula atom"",""kind"":""source-target-formula-map""}"
1.1.0,formula,O007-FREMLIN-V2-S261-FORMULA-0518,O007-FREMLIN-V2-S261,O007-RIGHTS-FREMLIN-DSL,O007-FREMLIN-V2-S261-SEG-261,518,261,261,825,837,31583,31600,34174,34191,"\mu B(x,\delta)","\mu B(x,\delta)",7f249adab0f8a51b6dc856fe1696ecb999772a1210a94e2c5ce7753547118350,7f249adab0f8a51b6dc856fe1696ecb999772a1210a94e2c5ce7753547118350,83a3cad5232601afda2c1f9c0efd14a15648d15f09df975fcefb416ac0a9d760,$,,83a3cad5232601afda2c1f9c0efd14a15648d15f09df975fcefb416ac0a9d760,83a3cad5232601afda2c1f9c0efd14a15648d15f09df975fcefb416ac0a9d760,"{""basis"":""ordered source-target formula atom"",""kind"":""source-target-formula-map""}"
1.1.0,formula,O007-FREMLIN-V2-S261-FORMULA-0519,O007-FREMLIN-V2-S261,O007-RIGHTS-FREMLIN-DSL,O007-FREMLIN-V2-S261-SEG-261,519,261,261,825,837,31627,31644,34217,34234,\beta_r\delta^r,\beta_r\delta^r,55d36fa9b0a8f57c95038872948bcc60d1b5beda9cfc5a821019fb196848b25b,55d36fa9b0a8f57c95038872948bcc60d1b5beda9cfc5a821019fb196848b25b,55d36fa9b0a8f57c95038872948bcc60d1b5beda9cfc5a821019fb196848b25b,$,,55d36fa9b0a8f57c95038872948bcc60d1b5beda9cfc5a821019fb196848b25b,55d36fa9b0a8f57c95038872948bcc60d1b5beda9cfc5a821019fb196848b25b,"{""basis"":""ordered source-target formula atom"",""kind"":""source-target-formula-map""}"
1.1.0,formula,O007-FREMLIN-V2-S261-FORMULA-0520,O007-FREMLIN-V2-S261,O007-RIGHTS-FREMLIN-DSL,O007-FREMLIN-V2-S261-SEG-261,520,261,261,830,843,31997,32006,34645,34654,\BbbR^r,\BbbR^r,6a5173578402ab704fe0e78c24a3f6f09fe9ed2c7ea0fbe574d688249eb91ed7,6a5173578402ab704fe0e78c24a3f6f09fe9ed2c7ea0fbe574d688249eb91ed7,6a5173578402ab704fe0e78c24a3f6f09fe9ed2c7ea0fbe574d688249eb91ed7,$,,6a5173578402ab704fe0e78c24a3f6f09fe9ed2c7ea0fbe574d688249eb91ed7,6a5173578402ab704fe0e78c24a3f6f09fe9ed2c7ea0fbe574d688249eb91ed7,"{""basis"":""ordered source-target formula atom"",""kind"":""source-target-formula-map""}"
