schema_version,record_type,id,unit_id,rights_id,segment_id,order,source_anchor,target_anchor,source_line_start,target_line_start,source_char_start,source_char_end,target_char_start,target_char_end,source_raw_tex,target_raw_tex,source_raw_tex_sha256,target_raw_tex_sha256,normalized_symbolic_sha256,math_delimiter,source_normalized_sha256,target_normalized_sha256,provenance
1.1.0,formula,O007-FREMLIN-V2-S231-FORMULA-0001,O007-FREMLIN-V2-S231,O007-RIGHTS-FREMLIN-DSL,O007-FREMLIN-V2-S231-SEG-231-INTRO,1,231-intro,231-intro,14,18,494,502,754,754,\sigma,,9c3245dfb4ac54c1623a60e7b8d1fc07cb02eae1229435230c7dab5e71083a26,e3b0c44298fc1c149afbf4c8996fb92427ae41e4649b934ca495991b7852b855,9c3245dfb4ac54c1623a60e7b8d1fc07cb02eae1229435230c7dab5e71083a26,$,9c3245dfb4ac54c1623a60e7b8d1fc07cb02eae1229435230c7dab5e71083a26,e3b0c44298fc1c149afbf4c8996fb92427ae41e4649b934ca495991b7852b855,"{""basis"":""source lexical math atom localized losslessly as Indonesian prose outside math"",""kind"":""source-target-formula-map""}"
1.1.0,formula,O007-FREMLIN-V2-S231-FORMULA-0002,O007-FREMLIN-V2-S231,O007-RIGHTS-FREMLIN-DSL,O007-FREMLIN-V2-S231-SEG-231A,2,231A,231A,18,18,725,728,754,757,X,X,4b68ab3847feda7d6c62c1fbcbeebfa35eab7351ed5e78f4ddadea5df64b8015,4b68ab3847feda7d6c62c1fbcbeebfa35eab7351ed5e78f4ddadea5df64b8015,4b68ab3847feda7d6c62c1fbcbeebfa35eab7351ed5e78f4ddadea5df64b8015,$,4b68ab3847feda7d6c62c1fbcbeebfa35eab7351ed5e78f4ddadea5df64b8015,4b68ab3847feda7d6c62c1fbcbeebfa35eab7351ed5e78f4ddadea5df64b8015,"{""basis"":""ordered nested-math atom; exact symbolic replay"",""kind"":""source-target-formula-map""}"
1.1.0,formula,O007-FREMLIN-V2-S231-FORMULA-0003,O007-FREMLIN-V2-S231,O007-RIGHTS-FREMLIN-DSL,O007-FREMLIN-V2-S231-SEG-231A,3,231A,231A,18,18,742,750,777,785,\Sigma,\Sigma,d65d75b1e6562713a3936bb38fdfe6832fb5b96c946de58f7ce0992057665aa8,d65d75b1e6562713a3936bb38fdfe6832fb5b96c946de58f7ce0992057665aa8,d65d75b1e6562713a3936bb38fdfe6832fb5b96c946de58f7ce0992057665aa8,$,d65d75b1e6562713a3936bb38fdfe6832fb5b96c946de58f7ce0992057665aa8,d65d75b1e6562713a3936bb38fdfe6832fb5b96c946de58f7ce0992057665aa8,"{""basis"":""ordered nested-math atom; exact symbolic replay"",""kind"":""source-target-formula-map""}"
1.1.0,formula,O007-FREMLIN-V2-S231-FORMULA-0004,O007-FREMLIN-V2-S231,O007-RIGHTS-FREMLIN-DSL,O007-FREMLIN-V2-S231-SEG-231A,4,231A,231A,19,19,777,780,818,821,X,X,4b68ab3847feda7d6c62c1fbcbeebfa35eab7351ed5e78f4ddadea5df64b8015,4b68ab3847feda7d6c62c1fbcbeebfa35eab7351ed5e78f4ddadea5df64b8015,4b68ab3847feda7d6c62c1fbcbeebfa35eab7351ed5e78f4ddadea5df64b8015,$,4b68ab3847feda7d6c62c1fbcbeebfa35eab7351ed5e78f4ddadea5df64b8015,4b68ab3847feda7d6c62c1fbcbeebfa35eab7351ed5e78f4ddadea5df64b8015,"{""basis"":""ordered nested-math atom; exact symbolic replay"",""kind"":""source-target-formula-map""}"
1.1.0,formula,O007-FREMLIN-V2-S231-FORMULA-0005,O007-FREMLIN-V2-S231,O007-RIGHTS-FREMLIN-DSL,O007-FREMLIN-V2-S231-SEG-231A,5,231A,231A,19,20,812,833,858,879,\nu:\Sigma\to\Bbb R,\nu:\Sigma\to\Bbb R,b48108d172ca16599f53e62e3a26b2f678ad0b97498708ad930a470e49a1fc9d,b48108d172ca16599f53e62e3a26b2f678ad0b97498708ad930a470e49a1fc9d,fd3f49f41aeaeaea1640d0a8aacc1603a64230ce064f656a71783ced0e17ca63,$,fd3f49f41aeaeaea1640d0a8aacc1603a64230ce064f656a71783ced0e17ca63,fd3f49f41aeaeaea1640d0a8aacc1603a64230ce064f656a71783ced0e17ca63,"{""basis"":""ordered nested-math atom; exact symbolic replay"",""kind"":""source-target-formula-map""}"
1.1.0,formula,O007-FREMLIN-V2-S231-FORMULA-0006,O007-FREMLIN-V2-S231,O007-RIGHTS-FREMLIN-DSL,O007-FREMLIN-V2-S231-SEG-231A,6,231A,231A,21,21,891,917,948,974,\nu(E\cup F)=\nu E+\nu F,\nu(E\cup F)=\nu E+\nu F,ded4da5417faf65b8f054638557adadd71a734cece8300a4c411f6d4b2c1cb94,ded4da5417faf65b8f054638557adadd71a734cece8300a4c411f6d4b2c1cb94,aa2eff27a5a9ae5cf5ba13950ffa441aa2cddd2ff73b071731414e5b4266a793,$,aa2eff27a5a9ae5cf5ba13950ffa441aa2cddd2ff73b071731414e5b4266a793,aa2eff27a5a9ae5cf5ba13950ffa441aa2cddd2ff73b071731414e5b4266a793,"{""basis"":""ordered nested-math atom; exact symbolic replay"",""kind"":""source-target-formula-map""}"
1.1.0,formula,O007-FREMLIN-V2-S231-FORMULA-0007,O007-FREMLIN-V2-S231,O007-RIGHTS-FREMLIN-DSL,O007-FREMLIN-V2-S231-SEG-231A,7,231A,231A,21,21,927,930,985,988,E,E,a9f51566bd6705f7ea6ad54bb9deb449f795582d6529a0e22207b8981233ec58,a9f51566bd6705f7ea6ad54bb9deb449f795582d6529a0e22207b8981233ec58,a9f51566bd6705f7ea6ad54bb9deb449f795582d6529a0e22207b8981233ec58,$,a9f51566bd6705f7ea6ad54bb9deb449f795582d6529a0e22207b8981233ec58,a9f51566bd6705f7ea6ad54bb9deb449f795582d6529a0e22207b8981233ec58,"{""basis"":""ordered nested-math atom; exact symbolic replay"",""kind"":""source-target-formula-map""}"
1.1.0,formula,O007-FREMLIN-V2-S231-FORMULA-0008,O007-FREMLIN-V2-S231,O007-RIGHTS-FREMLIN-DSL,O007-FREMLIN-V2-S231-SEG-231A,8,231A,231A,22,22,933,945,991,1003,F\in\Sigma,F\in\Sigma,65b127545966720002875b7921f02a35d214624fcf61cbaceb81857933de3616,65b127545966720002875b7921f02a35d214624fcf61cbaceb81857933de3616,65b127545966720002875b7921f02a35d214624fcf61cbaceb81857933de3616,$,65b127545966720002875b7921f02a35d214624fcf61cbaceb81857933de3616,65b127545966720002875b7921f02a35d214624fcf61cbaceb81857933de3616,"{""basis"":""ordered nested-math atom; exact symbolic replay"",""kind"":""source-target-formula-map""}"
1.1.0,formula,O007-FREMLIN-V2-S231-FORMULA-0009,O007-FREMLIN-V2-S231,O007-RIGHTS-FREMLIN-DSL,O007-FREMLIN-V2-S231-SEG-231A,9,231A,231A,22,22,950,969,1008,1027,E\cap F=\emptyset,E\cap F=\emptyset,9260742689922cabac26093b7ada1e9b211a5beb5f4d782c6548e7aa0548b3c4,9260742689922cabac26093b7ada1e9b211a5beb5f4d782c6548e7aa0548b3c4,31616ed7d10cdf8c9a0582b16dd080b12bfd325179bc6cab01bba8b3122dffc6,$,31616ed7d10cdf8c9a0582b16dd080b12bfd325179bc6cab01bba8b3122dffc6,31616ed7d10cdf8c9a0582b16dd080b12bfd325179bc6cab01bba8b3122dffc6,"{""basis"":""ordered nested-math atom; exact symbolic replay"",""kind"":""source-target-formula-map""}"
1.1.0,formula,O007-FREMLIN-V2-S231-FORMULA-0010,O007-FREMLIN-V2-S231,O007-RIGHTS-FREMLIN-DSL,O007-FREMLIN-V2-S231-SEG-231B,10,231B,231B,24,24,1015,1018,1077,1080,X,X,4b68ab3847feda7d6c62c1fbcbeebfa35eab7351ed5e78f4ddadea5df64b8015,4b68ab3847feda7d6c62c1fbcbeebfa35eab7351ed5e78f4ddadea5df64b8015,4b68ab3847feda7d6c62c1fbcbeebfa35eab7351ed5e78f4ddadea5df64b8015,$,4b68ab3847feda7d6c62c1fbcbeebfa35eab7351ed5e78f4ddadea5df64b8015,4b68ab3847feda7d6c62c1fbcbeebfa35eab7351ed5e78f4ddadea5df64b8015,"{""basis"":""ordered nested-math atom; exact symbolic replay"",""kind"":""source-target-formula-map""}"
1.1.0,formula,O007-FREMLIN-V2-S231-FORMULA-0011,O007-FREMLIN-V2-S231,O007-RIGHTS-FREMLIN-DSL,O007-FREMLIN-V2-S231-SEG-231B,11,231B,231B,24,24,1029,1037,1097,1105,\Sigma,\Sigma,d65d75b1e6562713a3936bb38fdfe6832fb5b96c946de58f7ce0992057665aa8,d65d75b1e6562713a3936bb38fdfe6832fb5b96c946de58f7ce0992057665aa8,d65d75b1e6562713a3936bb38fdfe6832fb5b96c946de58f7ce0992057665aa8,$,d65d75b1e6562713a3936bb38fdfe6832fb5b96c946de58f7ce0992057665aa8,d65d75b1e6562713a3936bb38fdfe6832fb5b96c946de58f7ce0992057665aa8,"{""basis"":""ordered nested-math atom; exact symbolic replay"",""kind"":""source-target-formula-map""}"
1.1.0,formula,O007-FREMLIN-V2-S231-FORMULA-0012,O007-FREMLIN-V2-S231,O007-RIGHTS-FREMLIN-DSL,O007-FREMLIN-V2-S231-SEG-231B,12,231B,231B,25,25,1064,1067,1138,1141,X,X,4b68ab3847feda7d6c62c1fbcbeebfa35eab7351ed5e78f4ddadea5df64b8015,4b68ab3847feda7d6c62c1fbcbeebfa35eab7351ed5e78f4ddadea5df64b8015,4b68ab3847feda7d6c62c1fbcbeebfa35eab7351ed5e78f4ddadea5df64b8015,$,4b68ab3847feda7d6c62c1fbcbeebfa35eab7351ed5e78f4ddadea5df64b8015,4b68ab3847feda7d6c62c1fbcbeebfa35eab7351ed5e78f4ddadea5df64b8015,"{""basis"":""ordered nested-math atom; exact symbolic replay"",""kind"":""source-target-formula-map""}"
1.1.0,formula,O007-FREMLIN-V2-S231-FORMULA-0013,O007-FREMLIN-V2-S231,O007-RIGHTS-FREMLIN-DSL,O007-FREMLIN-V2-S231-SEG-231B,13,231B,231B,25,25,1073,1094,1147,1168,\nu:\Sigma\to\Bbb R,\nu:\Sigma\to\Bbb R,b48108d172ca16599f53e62e3a26b2f678ad0b97498708ad930a470e49a1fc9d,b48108d172ca16599f53e62e3a26b2f678ad0b97498708ad930a470e49a1fc9d,fd3f49f41aeaeaea1640d0a8aacc1603a64230ce064f656a71783ced0e17ca63,$,fd3f49f41aeaeaea1640d0a8aacc1603a64230ce064f656a71783ced0e17ca63,fd3f49f41aeaeaea1640d0a8aacc1603a64230ce064f656a71783ced0e17ca63,"{""basis"":""ordered nested-math atom; exact symbolic replay"",""kind"":""source-target-formula-map""}"
1.1.0,formula,O007-FREMLIN-V2-S231-FORMULA-0014,O007-FREMLIN-V2-S231,O007-RIGHTS-FREMLIN-DSL,O007-FREMLIN-V2-S231-SEG-231BA,14,231Ba,231Ba,28,28,1160,1176,1234,1250,\nu\emptyset=0,\nu\emptyset=0,518b6eade38c41df9c17b3d30d2e03145147986bcf25383efe55181e3af6a251,518b6eade38c41df9c17b3d30d2e03145147986bcf25383efe55181e3af6a251,518b6eade38c41df9c17b3d30d2e03145147986bcf25383efe55181e3af6a251,$,518b6eade38c41df9c17b3d30d2e03145147986bcf25383efe55181e3af6a251,518b6eade38c41df9c17b3d30d2e03145147986bcf25383efe55181e3af6a251,"{""basis"":""ordered nested-math atom; exact symbolic replay"",""kind"":""source-target-formula-map""}"
1.1.0,formula,O007-FREMLIN-V2-S231-FORMULA-0015,O007-FREMLIN-V2-S231,O007-RIGHTS-FREMLIN-DSL,O007-FREMLIN-V2-S231-SEG-231BA,15,231Ba,231Ba,29,29,1196,1264,1272,1340,\nu\emptyset=\nu(\emptyset\cup\emptyset)=\nu\emptyset+\nu\emptyset,\nu\emptyset=\nu(\emptyset\cup\emptyset)=\nu\emptyset+\nu\emptyset,23b6f4c07859b982391326978cf97ec3b1c7bc228c0d340e612a4e8818fe8d36,23b6f4c07859b982391326978cf97ec3b1c7bc228c0d340e612a4e8818fe8d36,23b6f4c07859b982391326978cf97ec3b1c7bc228c0d340e612a4e8818fe8d36,$,23b6f4c07859b982391326978cf97ec3b1c7bc228c0d340e612a4e8818fe8d36,23b6f4c07859b982391326978cf97ec3b1c7bc228c0d340e612a4e8818fe8d36,"{""basis"":""ordered nested-math atom; exact symbolic replay"",""kind"":""source-target-formula-map""}"
1.1.0,formula,O007-FREMLIN-V2-S231-FORMULA-0016,O007-FREMLIN-V2-S231,O007-RIGHTS-FREMLIN-DSL,O007-FREMLIN-V2-S231-SEG-231BB,16,231Bb,231Bb,32,32,1305,1321,1383,1399,"E_0,\ldots,E_n","E_0,\ldots,E_n",a04379b0dfad8641496306e0c15095b206a1751332301611aafbb864085889cc,a04379b0dfad8641496306e0c15095b206a1751332301611aafbb864085889cc,a04379b0dfad8641496306e0c15095b206a1751332301611aafbb864085889cc,$,a04379b0dfad8641496306e0c15095b206a1751332301611aafbb864085889cc,a04379b0dfad8641496306e0c15095b206a1751332301611aafbb864085889cc,"{""basis"":""ordered nested-math atom; exact symbolic replay"",""kind"":""source-target-formula-map""}"
1.1.0,formula,O007-FREMLIN-V2-S231-FORMULA-0017,O007-FREMLIN-V2-S231,O007-RIGHTS-FREMLIN-DSL,O007-FREMLIN-V2-S231-SEG-231BB,17,231Bb,231Bb,33,33,1347,1355,1424,1432,\Sigma,\Sigma,d65d75b1e6562713a3936bb38fdfe6832fb5b96c946de58f7ce0992057665aa8,d65d75b1e6562713a3936bb38fdfe6832fb5b96c946de58f7ce0992057665aa8,d65d75b1e6562713a3936bb38fdfe6832fb5b96c946de58f7ce0992057665aa8,$,d65d75b1e6562713a3936bb38fdfe6832fb5b96c946de58f7ce0992057665aa8,d65d75b1e6562713a3936bb38fdfe6832fb5b96c946de58f7ce0992057665aa8,"{""basis"":""ordered nested-math atom; exact symbolic replay"",""kind"":""source-target-formula-map""}"
1.1.0,formula,O007-FREMLIN-V2-S231-FORMULA-0018,O007-FREMLIN-V2-S231,O007-RIGHTS-FREMLIN-DSL,O007-FREMLIN-V2-S231-SEG-231BB,18,231Bb,231Bb,33,34,1361,1407,1458,1504,\nu(\bigcup_{i\le n}E_i)=\sum_{i=0}^n\nu E_i,\nu(\bigcup_{i\le n}E_i)=\sum_{i=0}^n\nu E_i,5eba06dc332f639149a0ff4aa5c50205b31c7f34f0d7adca86c8420b2ad864ef,5eba06dc332f639149a0ff4aa5c50205b31c7f34f0d7adca86c8420b2ad864ef,dbbc385843671c36f2307c289fcae4be7e3ef13f0febc28e6f632700362c9e9d,$,dbbc385843671c36f2307c289fcae4be7e3ef13f0febc28e6f632700362c9e9d,dbbc385843671c36f2307c289fcae4be7e3ef13f0febc28e6f632700362c9e9d,"{""basis"":""ordered nested-math atom; exact symbolic replay"",""kind"":""source-target-formula-map""}"
1.1.0,formula,O007-FREMLIN-V2-S231-FORMULA-0019,O007-FREMLIN-V2-S231,O007-RIGHTS-FREMLIN-DSL,O007-FREMLIN-V2-S231-SEG-231BC,19,231Bc,231Bc,35,36,1444,1447,1543,1546,E,E,a9f51566bd6705f7ea6ad54bb9deb449f795582d6529a0e22207b8981233ec58,a9f51566bd6705f7ea6ad54bb9deb449f795582d6529a0e22207b8981233ec58,a9f51566bd6705f7ea6ad54bb9deb449f795582d6529a0e22207b8981233ec58,$,a9f51566bd6705f7ea6ad54bb9deb449f795582d6529a0e22207b8981233ec58,a9f51566bd6705f7ea6ad54bb9deb449f795582d6529a0e22207b8981233ec58,"{""basis"":""ordered nested-math atom; exact symbolic replay"",""kind"":""source-target-formula-map""}"
1.1.0,formula,O007-FREMLIN-V2-S231-FORMULA-0020,O007-FREMLIN-V2-S231,O007-RIGHTS-FREMLIN-DSL,O007-FREMLIN-V2-S231-SEG-231BC,20,231Bc,231Bc,35,36,1449,1461,1548,1560,F\in\Sigma,F\in\Sigma,65b127545966720002875b7921f02a35d214624fcf61cbaceb81857933de3616,65b127545966720002875b7921f02a35d214624fcf61cbaceb81857933de3616,65b127545966720002875b7921f02a35d214624fcf61cbaceb81857933de3616,$,65b127545966720002875b7921f02a35d214624fcf61cbaceb81857933de3616,65b127545966720002875b7921f02a35d214624fcf61cbaceb81857933de3616,"{""basis"":""ordered nested-math atom; exact symbolic replay"",""kind"":""source-target-formula-map""}"
1.1.0,formula,O007-FREMLIN-V2-S231-FORMULA-0021,O007-FREMLIN-V2-S231,O007-RIGHTS-FREMLIN-DSL,O007-FREMLIN-V2-S231-SEG-231BC,21,231Bc,231Bc,35,36,1466,1480,1565,1579,E\subseteq F,E\subseteq F,3301fe452cb505b07df7bb1cebdbbf99857ec069cadb62eca04149c804d41241,3301fe452cb505b07df7bb1cebdbbf99857ec069cadb62eca04149c804d41241,17397f048b64f16c247c48ce56743cdf1cc23ad5f3c5ad9dd8446fe168cf6533,$,17397f048b64f16c247c48ce56743cdf1cc23ad5f3c5ad9dd8446fe168cf6533,17397f048b64f16c247c48ce56743cdf1cc23ad5f3c5ad9dd8446fe168cf6533,"{""basis"":""ordered nested-math atom; exact symbolic replay"",""kind"":""source-target-formula-map""}"
1.1.0,formula,O007-FREMLIN-V2-S231-FORMULA-0022,O007-FREMLIN-V2-S231,O007-RIGHTS-FREMLIN-DSL,O007-FREMLIN-V2-S231-SEG-231BC,22,231Bc,231Bc,36,37,1487,1520,1587,1620,\nu F=\nu E + \nu(F\setminus E),\nu F=\nu E + \nu(F\setminus E),ac1f9d131f20656b7ca86b2a7e200627fc939f55deb0ea78a971dbd9c24ee00e,ac1f9d131f20656b7ca86b2a7e200627fc939f55deb0ea78a971dbd9c24ee00e,ba28a8dff6429d37e26c6e87f99d399dc35fe12cbf0d6b1e69555290b42687cd,$,ba28a8dff6429d37e26c6e87f99d399dc35fe12cbf0d6b1e69555290b42687cd,ba28a8dff6429d37e26c6e87f99d399dc35fe12cbf0d6b1e69555290b42687cd,"{""basis"":""ordered nested-math atom; exact symbolic replay"",""kind"":""source-target-formula-map""}"
1.1.0,formula,O007-FREMLIN-V2-S231-FORMULA-0023,O007-FREMLIN-V2-S231,O007-RIGHTS-FREMLIN-DSL,O007-FREMLIN-V2-S231-SEG-231BC,23,231Bc,231Bc,36,38,1548,1551,1660,1663,E,E,a9f51566bd6705f7ea6ad54bb9deb449f795582d6529a0e22207b8981233ec58,a9f51566bd6705f7ea6ad54bb9deb449f795582d6529a0e22207b8981233ec58,a9f51566bd6705f7ea6ad54bb9deb449f795582d6529a0e22207b8981233ec58,$,a9f51566bd6705f7ea6ad54bb9deb449f795582d6529a0e22207b8981233ec58,a9f51566bd6705f7ea6ad54bb9deb449f795582d6529a0e22207b8981233ec58,"{""basis"":""ordered nested-math atom; exact symbolic replay"",""kind"":""source-target-formula-map""}"
1.1.0,formula,O007-FREMLIN-V2-S231-FORMULA-0024,O007-FREMLIN-V2-S231,O007-RIGHTS-FREMLIN-DSL,O007-FREMLIN-V2-S231-SEG-231BC,24,231Bc,231Bc,37,38,1554,1566,1665,1677,F\in\Sigma,F\in\Sigma,65b127545966720002875b7921f02a35d214624fcf61cbaceb81857933de3616,65b127545966720002875b7921f02a35d214624fcf61cbaceb81857933de3616,65b127545966720002875b7921f02a35d214624fcf61cbaceb81857933de3616,$,65b127545966720002875b7921f02a35d214624fcf61cbaceb81857933de3616,65b127545966720002875b7921f02a35d214624fcf61cbaceb81857933de3616,"{""basis"":""ordered nested-math atom; exact symbolic replay"",""kind"":""source-target-formula-map""}"
1.1.0,formula,O007-FREMLIN-V2-S231-FORMULA-0025,O007-FREMLIN-V2-S231,O007-RIGHTS-FREMLIN-DSL,O007-FREMLIN-V2-S231-SEG-231BC,25,231Bc,231Bc,39,40,1588,1626,1699,1737,\nu F=\nu(F\cap E)+\nu(F\setminus E),\nu F=\nu(F\cap E)+\nu(F\setminus E),2c574cb72d7281ce207c5d821ef6ed8bf110acbafd2640533f0142ec74a3f544,2c574cb72d7281ce207c5d821ef6ed8bf110acbafd2640533f0142ec74a3f544,e09d42dc89bbb522b2cd181e4813f7ba535f7190b249bbcf1f32a6ed5e15a5a9,$,e09d42dc89bbb522b2cd181e4813f7ba535f7190b249bbcf1f32a6ed5e15a5a9,e09d42dc89bbb522b2cd181e4813f7ba535f7190b249bbcf1f32a6ed5e15a5a9,"{""basis"":""ordered nested-math atom; exact symbolic replay"",""kind"":""source-target-formula-map""}"
1.1.0,formula,O007-FREMLIN-V2-S231-FORMULA-0026,O007-FREMLIN-V2-S231,O007-RIGHTS-FREMLIN-DSL,O007-FREMLIN-V2-S231-SEG-231BC,26,231Bc,231Bc,41,42,1642,1740,1753,1851,"\nu E+\nu F
\prooflet{\mskip5mu=\nu E+\nu(F\setminus E)+\nu(F\cap E)}
=\nu(E\cup F)+\nu(E\cap F)","\nu E+\nu F
\prooflet{\mskip5mu=\nu E+\nu(F\setminus E)+\nu(F\cap E)}
=\nu(E\cup F)+\nu(E\cap F)",a696c7bbf1a85d494dfbda94f86e2db30d329c849c49273fbf61355f1272fffa,a696c7bbf1a85d494dfbda94f86e2db30d329c849c49273fbf61355f1272fffa,d5879f017b69bb2ee4aca38d3b3d701b7009f38afe107fc4a008cdea1a58a8c0,$,d5879f017b69bb2ee4aca38d3b3d701b7009f38afe107fc4a008cdea1a58a8c0,d5879f017b69bb2ee4aca38d3b3d701b7009f38afe107fc4a008cdea1a58a8c0,"{""basis"":""ordered nested-math atom; exact symbolic replay"",""kind"":""source-target-formula-map""}"
1.1.0,formula,O007-FREMLIN-V2-S231-FORMULA-0027,O007-FREMLIN-V2-S231,O007-RIGHTS-FREMLIN-DSL,O007-FREMLIN-V2-S231-SEG-231BC,27,231Bc,231Bc,45,46,1756,1895,1867,2006,"\nu E-\nu F 
\prooflet{\mskip5mu = \nu(E\setminus F)+\nu(E\cap F) 
-\nu(E\cap F)-\nu(F\setminus E)} 
=\nu(E\setminus F)-\nu(F\setminus E)","\nu E-\nu F 
\prooflet{\mskip5mu = \nu(E\setminus F)+\nu(E\cap F) 
-\nu(E\cap F)-\nu(F\setminus E)} 
=\nu(E\setminus F)-\nu(F\setminus E)",8d75e618d3912fdab98e31a5edd8039ab67a7ea99fa6788f24dd83dc5712bc65,8d75e618d3912fdab98e31a5edd8039ab67a7ea99fa6788f24dd83dc5712bc65,c3427db498b3de4801a320356f2e87f7fa2f1fb2663ac71f405803b4d43f9bdc,$,c3427db498b3de4801a320356f2e87f7fa2f1fb2663ac71f405803b4d43f9bdc,c3427db498b3de4801a320356f2e87f7fa2f1fb2663ac71f405803b4d43f9bdc,"{""basis"":""ordered nested-math atom; exact symbolic replay"",""kind"":""source-target-formula-map""}"
1.1.0,formula,O007-FREMLIN-V2-S231-FORMULA-0028,O007-FREMLIN-V2-S231,O007-RIGHTS-FREMLIN-DSL,O007-FREMLIN-V2-S231-SEG-231C,28,231C,231C,50,51,1936,1939,2050,2053,X,X,4b68ab3847feda7d6c62c1fbcbeebfa35eab7351ed5e78f4ddadea5df64b8015,4b68ab3847feda7d6c62c1fbcbeebfa35eab7351ed5e78f4ddadea5df64b8015,4b68ab3847feda7d6c62c1fbcbeebfa35eab7351ed5e78f4ddadea5df64b8015,$,4b68ab3847feda7d6c62c1fbcbeebfa35eab7351ed5e78f4ddadea5df64b8015,4b68ab3847feda7d6c62c1fbcbeebfa35eab7351ed5e78f4ddadea5df64b8015,"{""basis"":""ordered nested-math atom; exact symbolic replay"",""kind"":""source-target-formula-map""}"
1.1.0,formula,O007-FREMLIN-V2-S231-FORMULA-0029,O007-FREMLIN-V2-S231,O007-RIGHTS-FREMLIN-DSL,O007-FREMLIN-V2-S231-SEG-231C,29,231C,231C,50,51,1953,1961,2073,2081,\Sigma,\Sigma,d65d75b1e6562713a3936bb38fdfe6832fb5b96c946de58f7ce0992057665aa8,d65d75b1e6562713a3936bb38fdfe6832fb5b96c946de58f7ce0992057665aa8,d65d75b1e6562713a3936bb38fdfe6832fb5b96c946de58f7ce0992057665aa8,$,d65d75b1e6562713a3936bb38fdfe6832fb5b96c946de58f7ce0992057665aa8,d65d75b1e6562713a3936bb38fdfe6832fb5b96c946de58f7ce0992057665aa8,"{""basis"":""ordered nested-math atom; exact symbolic replay"",""kind"":""source-target-formula-map""}"
1.1.0,formula,O007-FREMLIN-V2-S231-FORMULA-0030,O007-FREMLIN-V2-S231,O007-RIGHTS-FREMLIN-DSL,O007-FREMLIN-V2-S231-SEG-231C,30,231C,231C,51,52,1988,1991,2114,2117,X,X,4b68ab3847feda7d6c62c1fbcbeebfa35eab7351ed5e78f4ddadea5df64b8015,4b68ab3847feda7d6c62c1fbcbeebfa35eab7351ed5e78f4ddadea5df64b8015,4b68ab3847feda7d6c62c1fbcbeebfa35eab7351ed5e78f4ddadea5df64b8015,$,4b68ab3847feda7d6c62c1fbcbeebfa35eab7351ed5e78f4ddadea5df64b8015,4b68ab3847feda7d6c62c1fbcbeebfa35eab7351ed5e78f4ddadea5df64b8015,"{""basis"":""ordered nested-math atom; exact symbolic replay"",""kind"":""source-target-formula-map""}"
1.1.0,formula,O007-FREMLIN-V2-S231-FORMULA-0031,O007-FREMLIN-V2-S231,O007-RIGHTS-FREMLIN-DSL,O007-FREMLIN-V2-S231-SEG-231C,31,231C,231C,52,53,2007,2028,2135,2156,\nu:\Sigma\to\Bbb R,\nu:\Sigma\to\Bbb R,b48108d172ca16599f53e62e3a26b2f678ad0b97498708ad930a470e49a1fc9d,b48108d172ca16599f53e62e3a26b2f678ad0b97498708ad930a470e49a1fc9d,fd3f49f41aeaeaea1640d0a8aacc1603a64230ce064f656a71783ced0e17ca63,$,fd3f49f41aeaeaea1640d0a8aacc1603a64230ce064f656a71783ced0e17ca63,fd3f49f41aeaeaea1640d0a8aacc1603a64230ce064f656a71783ced0e17ca63,"{""basis"":""ordered nested-math atom; exact symbolic replay"",""kind"":""source-target-formula-map""}"
1.1.0,formula,O007-FREMLIN-V2-S231-FORMULA-0032,O007-FREMLIN-V2-S231,O007-RIGHTS-FREMLIN-DSL,O007-FREMLIN-V2-S231-SEG-231C,32,231C,231C,53,54,2066,2074,2199,2207,\sigma,\sigma,9c3245dfb4ac54c1623a60e7b8d1fc07cb02eae1229435230c7dab5e71083a26,9c3245dfb4ac54c1623a60e7b8d1fc07cb02eae1229435230c7dab5e71083a26,9c3245dfb4ac54c1623a60e7b8d1fc07cb02eae1229435230c7dab5e71083a26,$,9c3245dfb4ac54c1623a60e7b8d1fc07cb02eae1229435230c7dab5e71083a26,9c3245dfb4ac54c1623a60e7b8d1fc07cb02eae1229435230c7dab5e71083a26,"{""basis"":""ordered nested-math atom; exact symbolic replay"",""kind"":""source-target-formula-map""}"
1.1.0,formula,O007-FREMLIN-V2-S231-FORMULA-0033,O007-FREMLIN-V2-S231,O007-RIGHTS-FREMLIN-DSL,O007-FREMLIN-V2-S231-SEG-231C,33,231C,231C,53,54,2088,2116,2221,2249,\sum_{n=0}^{\infty}\nu E_n,\sum_{n=0}^{\infty}\nu E_n,ea93b394475eee8b1b465f4f4311361563c1806357773bbd03b0e0de9da5e97c,ea93b394475eee8b1b465f4f4311361563c1806357773bbd03b0e0de9da5e97c,3574f405d26435affbea52313690a5b8189febd770373de3b82567284286a895,$,3574f405d26435affbea52313690a5b8189febd770373de3b82567284286a895,3574f405d26435affbea52313690a5b8189febd770373de3b82567284286a895,"{""basis"":""ordered nested-math atom; exact symbolic replay"",""kind"":""source-target-formula-map""}"
1.1.0,formula,O007-FREMLIN-V2-S231-FORMULA-0034,O007-FREMLIN-V2-S231,O007-RIGHTS-FREMLIN-DSL,O007-FREMLIN-V2-S231-SEG-231C,34,231C,231C,53,54,2127,2136,2257,2266,"\Bbb 
R","\Bbb 
R",1eb876b02d7f7dff31c4c07903d562085c53a8101f8232455710c9fa4c95f172,1eb876b02d7f7dff31c4c07903d562085c53a8101f8232455710c9fa4c95f172,22316cdc991b42844c0fcdb72f227b6d4c0e8457a736e325af2845b7b3df7f6c,$,22316cdc991b42844c0fcdb72f227b6d4c0e8457a736e325af2845b7b3df7f6c,22316cdc991b42844c0fcdb72f227b6d4c0e8457a736e325af2845b7b3df7f6c,"{""basis"":""ordered nested-math atom; exact symbolic replay"",""kind"":""source-target-formula-map""}"
1.1.0,formula,O007-FREMLIN-V2-S231-FORMULA-0035,O007-FREMLIN-V2-S231,O007-RIGHTS-FREMLIN-DSL,O007-FREMLIN-V2-S231-SEG-231C,35,231C,231C,54,55,2153,2183,2283,2313,\nu(\bigcup_{n\in\Bbb N}E_n),\nu(\bigcup_{n\in\Bbb N}E_n),f2ea9398f68b904028be09eecc4eea190f59e48e300e8c713f1dace3cb3c58a0,f2ea9398f68b904028be09eecc4eea190f59e48e300e8c713f1dace3cb3c58a0,52d55c051aa0b2be5c0bbe334dce79f2846eac0f2ad6d0ec2c9ea9a64f904bf2,$,52d55c051aa0b2be5c0bbe334dce79f2846eac0f2ad6d0ec2c9ea9a64f904bf2,52d55c051aa0b2be5c0bbe334dce79f2846eac0f2ad6d0ec2c9ea9a64f904bf2,"{""basis"":""ordered nested-math atom; exact symbolic replay"",""kind"":""source-target-formula-map""}"
1.1.0,formula,O007-FREMLIN-V2-S231-FORMULA-0036,O007-FREMLIN-V2-S231,O007-RIGHTS-FREMLIN-DSL,O007-FREMLIN-V2-S231-SEG-231C,36,231C,231C,55,56,2213,2230,2349,2366,\sequencen{E_n},\sequencen{E_n},fb72efffaef2718f064f6738776455109a431cf083b415e4e69d96004f7fe54f,fb72efffaef2718f064f6738776455109a431cf083b415e4e69d96004f7fe54f,fb72efffaef2718f064f6738776455109a431cf083b415e4e69d96004f7fe54f,$,fb72efffaef2718f064f6738776455109a431cf083b415e4e69d96004f7fe54f,fb72efffaef2718f064f6738776455109a431cf083b415e4e69d96004f7fe54f,"{""basis"":""ordered nested-math atom; exact symbolic replay"",""kind"":""source-target-formula-map""}"
1.1.0,formula,O007-FREMLIN-V2-S231-FORMULA-0037,O007-FREMLIN-V2-S231,O007-RIGHTS-FREMLIN-DSL,O007-FREMLIN-V2-S231-SEG-231C,37,231C,231C,55,56,2234,2242,2376,2384,\Sigma,\Sigma,d65d75b1e6562713a3936bb38fdfe6832fb5b96c946de58f7ce0992057665aa8,d65d75b1e6562713a3936bb38fdfe6832fb5b96c946de58f7ce0992057665aa8,d65d75b1e6562713a3936bb38fdfe6832fb5b96c946de58f7ce0992057665aa8,$,d65d75b1e6562713a3936bb38fdfe6832fb5b96c946de58f7ce0992057665aa8,d65d75b1e6562713a3936bb38fdfe6832fb5b96c946de58f7ce0992057665aa8,"{""basis"":""ordered nested-math atom; exact symbolic replay"",""kind"":""source-target-formula-map""}"
1.1.0,formula,O007-FREMLIN-V2-S231-FORMULA-0038,O007-FREMLIN-V2-S231,O007-RIGHTS-FREMLIN-DSL,O007-FREMLIN-V2-S231-SEG-231C,38,231C,231C,56,57,2254,2288,2406,2440,\bigcup_{n\in\Bbb N}E_n\in\Sigma,\bigcup_{n\in\Bbb N}E_n\in\Sigma,d5a618ba7c593083d739e1a9db42d346ff268960da201633cdb064c5cfe5a276,d5a618ba7c593083d739e1a9db42d346ff268960da201633cdb064c5cfe5a276,6e05688cdefc79591bcde87f1f20a245c283006aba6b283457185bf0eb2447b9,$,6e05688cdefc79591bcde87f1f20a245c283006aba6b283457185bf0eb2447b9,6e05688cdefc79591bcde87f1f20a245c283006aba6b283457185bf0eb2447b9,"{""basis"":""ordered nested-math atom; exact symbolic replay"",""kind"":""source-target-formula-map""}"
1.1.0,formula,O007-FREMLIN-V2-S231-FORMULA-0039,O007-FREMLIN-V2-S231,O007-RIGHTS-FREMLIN-DSL,O007-FREMLIN-V2-S231-SEG-231C,39,231C,231C,62,63,2447,2455,2615,2623,\infty,\infty,db8e84427c2e1e02f2b2c74d337ab8d69d80cbb28224cd7f85e0174f1f5ed5c7,db8e84427c2e1e02f2b2c74d337ab8d69d80cbb28224cd7f85e0174f1f5ed5c7,db8e84427c2e1e02f2b2c74d337ab8d69d80cbb28224cd7f85e0174f1f5ed5c7,$,db8e84427c2e1e02f2b2c74d337ab8d69d80cbb28224cd7f85e0174f1f5ed5c7,db8e84427c2e1e02f2b2c74d337ab8d69d80cbb28224cd7f85e0174f1f5ed5c7,"{""basis"":""ordered nested-math atom; exact symbolic replay"",""kind"":""source-target-formula-map""}"
1.1.0,formula,O007-FREMLIN-V2-S231-FORMULA-0040,O007-FREMLIN-V2-S231,O007-RIGHTS-FREMLIN-DSL,O007-FREMLIN-V2-S231-SEG-231D,40,231D,231D,70,71,2744,2747,2989,2992,X,X,4b68ab3847feda7d6c62c1fbcbeebfa35eab7351ed5e78f4ddadea5df64b8015,4b68ab3847feda7d6c62c1fbcbeebfa35eab7351ed5e78f4ddadea5df64b8015,4b68ab3847feda7d6c62c1fbcbeebfa35eab7351ed5e78f4ddadea5df64b8015,$,4b68ab3847feda7d6c62c1fbcbeebfa35eab7351ed5e78f4ddadea5df64b8015,4b68ab3847feda7d6c62c1fbcbeebfa35eab7351ed5e78f4ddadea5df64b8015,"{""basis"":""ordered nested-math atom; exact symbolic replay"",""kind"":""source-target-formula-map""}"
1.1.0,formula,O007-FREMLIN-V2-S231-FORMULA-0041,O007-FREMLIN-V2-S231,O007-RIGHTS-FREMLIN-DSL,O007-FREMLIN-V2-S231-SEG-231D,41,231D,231D,70,71,2758,2766,3009,3017,\Sigma,\Sigma,d65d75b1e6562713a3936bb38fdfe6832fb5b96c946de58f7ce0992057665aa8,d65d75b1e6562713a3936bb38fdfe6832fb5b96c946de58f7ce0992057665aa8,d65d75b1e6562713a3936bb38fdfe6832fb5b96c946de58f7ce0992057665aa8,$,d65d75b1e6562713a3936bb38fdfe6832fb5b96c946de58f7ce0992057665aa8,d65d75b1e6562713a3936bb38fdfe6832fb5b96c946de58f7ce0992057665aa8,"{""basis"":""ordered nested-math atom; exact symbolic replay"",""kind"":""source-target-formula-map""}"
1.1.0,formula,O007-FREMLIN-V2-S231-FORMULA-0042,O007-FREMLIN-V2-S231,O007-RIGHTS-FREMLIN-DSL,O007-FREMLIN-V2-S231-SEG-231D,42,231D,231D,71,72,2770,2778,3056,3056,\sigma,,9c3245dfb4ac54c1623a60e7b8d1fc07cb02eae1229435230c7dab5e71083a26,e3b0c44298fc1c149afbf4c8996fb92427ae41e4649b934ca495991b7852b855,9c3245dfb4ac54c1623a60e7b8d1fc07cb02eae1229435230c7dab5e71083a26,$,9c3245dfb4ac54c1623a60e7b8d1fc07cb02eae1229435230c7dab5e71083a26,e3b0c44298fc1c149afbf4c8996fb92427ae41e4649b934ca495991b7852b855,"{""basis"":""source lexical math atom localized losslessly as Indonesian prose outside math"",""kind"":""source-target-formula-map""}"
1.1.0,formula,O007-FREMLIN-V2-S231-FORMULA-0043,O007-FREMLIN-V2-S231,O007-RIGHTS-FREMLIN-DSL,O007-FREMLIN-V2-S231-SEG-231D,43,231D,231D,71,72,2801,2804,3056,3059,X,X,4b68ab3847feda7d6c62c1fbcbeebfa35eab7351ed5e78f4ddadea5df64b8015,4b68ab3847feda7d6c62c1fbcbeebfa35eab7351ed5e78f4ddadea5df64b8015,4b68ab3847feda7d6c62c1fbcbeebfa35eab7351ed5e78f4ddadea5df64b8015,$,4b68ab3847feda7d6c62c1fbcbeebfa35eab7351ed5e78f4ddadea5df64b8015,4b68ab3847feda7d6c62c1fbcbeebfa35eab7351ed5e78f4ddadea5df64b8015,"{""basis"":""ordered nested-math atom; exact symbolic replay"",""kind"":""source-target-formula-map""}"
1.1.0,formula,O007-FREMLIN-V2-S231-FORMULA-0044,O007-FREMLIN-V2-S231,O007-RIGHTS-FREMLIN-DSL,O007-FREMLIN-V2-S231-SEG-231D,44,231D,231D,71,72,2809,2830,3065,3086,\nu:\Sigma\to\Bbb R,\nu:\Sigma\to\Bbb R,b48108d172ca16599f53e62e3a26b2f678ad0b97498708ad930a470e49a1fc9d,b48108d172ca16599f53e62e3a26b2f678ad0b97498708ad930a470e49a1fc9d,fd3f49f41aeaeaea1640d0a8aacc1603a64230ce064f656a71783ced0e17ca63,$,fd3f49f41aeaeaea1640d0a8aacc1603a64230ce064f656a71783ced0e17ca63,fd3f49f41aeaeaea1640d0a8aacc1603a64230ce064f656a71783ced0e17ca63,"{""basis"":""ordered nested-math atom; exact symbolic replay"",""kind"":""source-target-formula-map""}"
1.1.0,formula,O007-FREMLIN-V2-S231-FORMULA-0045,O007-FREMLIN-V2-S231,O007-RIGHTS-FREMLIN-DSL,O007-FREMLIN-V2-S231-SEG-231DA,45,231Da,231Da,74,75,2897,2902,3155,3160,\nu,\nu,84eb2b123d1102b8f7c00b34116df32107cffa82d46efbac7fd9543fa7459c38,84eb2b123d1102b8f7c00b34116df32107cffa82d46efbac7fd9543fa7459c38,84eb2b123d1102b8f7c00b34116df32107cffa82d46efbac7fd9543fa7459c38,$,84eb2b123d1102b8f7c00b34116df32107cffa82d46efbac7fd9543fa7459c38,84eb2b123d1102b8f7c00b34116df32107cffa82d46efbac7fd9543fa7459c38,"{""basis"":""ordered nested-math atom; exact symbolic replay"",""kind"":""source-target-formula-map""}"
1.1.0,formula,O007-FREMLIN-V2-S231-FORMULA-0046,O007-FREMLIN-V2-S231,O007-RIGHTS-FREMLIN-DSL,O007-FREMLIN-V2-S231-SEG-231DA,46,231Da,231Da,75,76,2956,2971,3226,3241,E_n=\emptyset,E_n=\emptyset,9e87f49922fa019a8524eb402286367018ac205b02185082064fc35eec52ba7d,9e87f49922fa019a8524eb402286367018ac205b02185082064fc35eec52ba7d,9e87f49922fa019a8524eb402286367018ac205b02185082064fc35eec52ba7d,$,9e87f49922fa019a8524eb402286367018ac205b02185082064fc35eec52ba7d,9e87f49922fa019a8524eb402286367018ac205b02185082064fc35eec52ba7d,"{""basis"":""ordered nested-math atom; exact symbolic replay"",""kind"":""source-target-formula-map""}"
1.1.0,formula,O007-FREMLIN-V2-S231-FORMULA-0047,O007-FREMLIN-V2-S231,O007-RIGHTS-FREMLIN-DSL,O007-FREMLIN-V2-S231-SEG-231DA,47,231Da,231Da,75,76,2982,2994,3255,3267,n\in\Bbb N,n\in\Bbb N,d213946df59f2b85be55436de61a489b7c24c216dfb26056fc2946b32c730709,d213946df59f2b85be55436de61a489b7c24c216dfb26056fc2946b32c730709,02bb197ae0de627eb1861382dcf81826f92f1895770d739be7f05b2435488186,$,02bb197ae0de627eb1861382dcf81826f92f1895770d739be7f05b2435488186,02bb197ae0de627eb1861382dcf81826f92f1895770d739be7f05b2435488186,"{""basis"":""ordered nested-math atom; exact symbolic replay"",""kind"":""source-target-formula-map""}"
1.1.0,formula,O007-FREMLIN-V2-S231-FORMULA-0048,O007-FREMLIN-V2-S231,O007-RIGHTS-FREMLIN-DSL,O007-FREMLIN-V2-S231-SEG-231DA,48,231Da,231Da,76,77,2997,3030,3270,3303,\sum_{n=0}^{\infty}\nu\emptyset,\sum_{n=0}^{\infty}\nu\emptyset,af4b2f8f73247127b65b9897bb75bfafd04cd475d33cb3d6bd9504157e8b403a,af4b2f8f73247127b65b9897bb75bfafd04cd475d33cb3d6bd9504157e8b403a,af4b2f8f73247127b65b9897bb75bfafd04cd475d33cb3d6bd9504157e8b403a,$,af4b2f8f73247127b65b9897bb75bfafd04cd475d33cb3d6bd9504157e8b403a,af4b2f8f73247127b65b9897bb75bfafd04cd475d33cb3d6bd9504157e8b403a,"{""basis"":""ordered nested-math atom; exact symbolic replay"",""kind"":""source-target-formula-map""}"
1.1.0,formula,O007-FREMLIN-V2-S231-FORMULA-0049,O007-FREMLIN-V2-S231,O007-RIGHTS-FREMLIN-DSL,O007-FREMLIN-V2-S231-SEG-231DA,49,231Da,231Da,76,77,3050,3058,3325,3333,\Bbb R,\Bbb R,f9d62b077eddf72778fc05527c5aa4d2352f16a46a94808294fdc2cb7e406580,f9d62b077eddf72778fc05527c5aa4d2352f16a46a94808294fdc2cb7e406580,22316cdc991b42844c0fcdb72f227b6d4c0e8457a736e325af2845b7b3df7f6c,$,22316cdc991b42844c0fcdb72f227b6d4c0e8457a736e325af2845b7b3df7f6c,22316cdc991b42844c0fcdb72f227b6d4c0e8457a736e325af2845b7b3df7f6c,"{""basis"":""ordered nested-math atom; exact symbolic replay"",""kind"":""source-target-formula-map""}"
1.1.0,formula,O007-FREMLIN-V2-S231-FORMULA-0050,O007-FREMLIN-V2-S231,O007-RIGHTS-FREMLIN-DSL,O007-FREMLIN-V2-S231-SEG-231DA,50,231Da,231Da,77,78,3063,3077,3345,3359,\nu\emptyset,\nu\emptyset,1eec294e28e80fb6a2abc1fc4afcfbe440d5e4c7b4b18837749778709cf40883,1eec294e28e80fb6a2abc1fc4afcfbe440d5e4c7b4b18837749778709cf40883,1eec294e28e80fb6a2abc1fc4afcfbe440d5e4c7b4b18837749778709cf40883,$,1eec294e28e80fb6a2abc1fc4afcfbe440d5e4c7b4b18837749778709cf40883,1eec294e28e80fb6a2abc1fc4afcfbe440d5e4c7b4b18837749778709cf40883,"{""basis"":""ordered nested-math atom; exact symbolic replay"",""kind"":""source-target-formula-map""}"
1.1.0,formula,O007-FREMLIN-V2-S231-FORMULA-0051,O007-FREMLIN-V2-S231,O007-RIGHTS-FREMLIN-DSL,O007-FREMLIN-V2-S231-SEG-231DA,51,231Da,231Da,77,78,3086,3089,3378,3381,0,0,5feceb66ffc86f38d952786c6d696c79c2dbc239dd4e91b46729d73a27fb57e9,5feceb66ffc86f38d952786c6d696c79c2dbc239dd4e91b46729d73a27fb57e9,5feceb66ffc86f38d952786c6d696c79c2dbc239dd4e91b46729d73a27fb57e9,$,5feceb66ffc86f38d952786c6d696c79c2dbc239dd4e91b46729d73a27fb57e9,5feceb66ffc86f38d952786c6d696c79c2dbc239dd4e91b46729d73a27fb57e9,"{""basis"":""ordered nested-math atom; exact symbolic replay"",""kind"":""source-target-formula-map""}"
1.1.0,formula,O007-FREMLIN-V2-S231-FORMULA-0052,O007-FREMLIN-V2-S231,O007-RIGHTS-FREMLIN-DSL,O007-FREMLIN-V2-S231-SEG-231DA,52,231Da,231Da,77,78,3105,3108,3405,3408,E,E,a9f51566bd6705f7ea6ad54bb9deb449f795582d6529a0e22207b8981233ec58,a9f51566bd6705f7ea6ad54bb9deb449f795582d6529a0e22207b8981233ec58,a9f51566bd6705f7ea6ad54bb9deb449f795582d6529a0e22207b8981233ec58,$,a9f51566bd6705f7ea6ad54bb9deb449f795582d6529a0e22207b8981233ec58,a9f51566bd6705f7ea6ad54bb9deb449f795582d6529a0e22207b8981233ec58,"{""basis"":""ordered nested-math atom; exact symbolic replay"",""kind"":""source-target-formula-map""}"
1.1.0,formula,O007-FREMLIN-V2-S231-FORMULA-0053,O007-FREMLIN-V2-S231,O007-RIGHTS-FREMLIN-DSL,O007-FREMLIN-V2-S231-SEG-231DA,53,231Da,231Da,77,79,3110,3122,3411,3423,F\in\Sigma,F\in\Sigma,65b127545966720002875b7921f02a35d214624fcf61cbaceb81857933de3616,65b127545966720002875b7921f02a35d214624fcf61cbaceb81857933de3616,65b127545966720002875b7921f02a35d214624fcf61cbaceb81857933de3616,$,65b127545966720002875b7921f02a35d214624fcf61cbaceb81857933de3616,65b127545966720002875b7921f02a35d214624fcf61cbaceb81857933de3616,"{""basis"":""ordered nested-math atom; exact symbolic replay"",""kind"":""source-target-formula-map""}"
1.1.0,formula,O007-FREMLIN-V2-S231-FORMULA-0054,O007-FREMLIN-V2-S231,O007-RIGHTS-FREMLIN-DSL,O007-FREMLIN-V2-S231-SEG-231DA,54,231Da,231Da,78,79,3128,3147,3428,3447,E\cap F=\emptyset,E\cap F=\emptyset,9260742689922cabac26093b7ada1e9b211a5beb5f4d782c6548e7aa0548b3c4,9260742689922cabac26093b7ada1e9b211a5beb5f4d782c6548e7aa0548b3c4,31616ed7d10cdf8c9a0582b16dd080b12bfd325179bc6cab01bba8b3122dffc6,$,31616ed7d10cdf8c9a0582b16dd080b12bfd325179bc6cab01bba8b3122dffc6,31616ed7d10cdf8c9a0582b16dd080b12bfd325179bc6cab01bba8b3122dffc6,"{""basis"":""ordered nested-math atom; exact symbolic replay"",""kind"":""source-target-formula-map""}"
1.1.0,formula,O007-FREMLIN-V2-S231-FORMULA-0055,O007-FREMLIN-V2-S231,O007-RIGHTS-FREMLIN-DSL,O007-FREMLIN-V2-S231-SEG-231DA,55,231Da,231Da,78,79,3159,3166,3471,3478,E_0=E,E_0=E,4c13c1aa69b974b6bd2ff9429762a05751e26bb841c55ed7e6f5c882e51a9305,4c13c1aa69b974b6bd2ff9429762a05751e26bb841c55ed7e6f5c882e51a9305,4c13c1aa69b974b6bd2ff9429762a05751e26bb841c55ed7e6f5c882e51a9305,$,4c13c1aa69b974b6bd2ff9429762a05751e26bb841c55ed7e6f5c882e51a9305,4c13c1aa69b974b6bd2ff9429762a05751e26bb841c55ed7e6f5c882e51a9305,"{""basis"":""ordered nested-math atom; exact symbolic replay"",""kind"":""source-target-formula-map""}"
1.1.0,formula,O007-FREMLIN-V2-S231-FORMULA-0056,O007-FREMLIN-V2-S231,O007-RIGHTS-FREMLIN-DSL,O007-FREMLIN-V2-S231-SEG-231DA,56,231Da,231Da,78,80,3168,3175,3481,3488,E_1=F,E_1=F,8c1e1b7913278ff1400ff70f39b9cd8e9e986462a61a66f6f65db0804fc90a7e,8c1e1b7913278ff1400ff70f39b9cd8e9e986462a61a66f6f65db0804fc90a7e,8c1e1b7913278ff1400ff70f39b9cd8e9e986462a61a66f6f65db0804fc90a7e,$,8c1e1b7913278ff1400ff70f39b9cd8e9e986462a61a66f6f65db0804fc90a7e,8c1e1b7913278ff1400ff70f39b9cd8e9e986462a61a66f6f65db0804fc90a7e,"{""basis"":""ordered nested-math atom; exact symbolic replay"",""kind"":""source-target-formula-map""}"
1.1.0,formula,O007-FREMLIN-V2-S231-FORMULA-0057,O007-FREMLIN-V2-S231,O007-RIGHTS-FREMLIN-DSL,O007-FREMLIN-V2-S231-SEG-231DA,57,231Da,231Da,78,80,3177,3192,3490,3505,E_n=\emptyset,E_n=\emptyset,9e87f49922fa019a8524eb402286367018ac205b02185082064fc35eec52ba7d,9e87f49922fa019a8524eb402286367018ac205b02185082064fc35eec52ba7d,9e87f49922fa019a8524eb402286367018ac205b02185082064fc35eec52ba7d,$,9e87f49922fa019a8524eb402286367018ac205b02185082064fc35eec52ba7d,9e87f49922fa019a8524eb402286367018ac205b02185082064fc35eec52ba7d,"{""basis"":""ordered nested-math atom; exact symbolic replay"",""kind"":""source-target-formula-map""}"
1.1.0,formula,O007-FREMLIN-V2-S231-FORMULA-0058,O007-FREMLIN-V2-S231,O007-RIGHTS-FREMLIN-DSL,O007-FREMLIN-V2-S231-SEG-231DA,58,231Da,231Da,79,80,3198,3206,3512,3520,n\ge 2,n\ge 2,040c517de2829fc793995c400baa229898d0cb0a51d2af2c69702f9b1a5c0889,040c517de2829fc793995c400baa229898d0cb0a51d2af2c69702f9b1a5c0889,a5a7af0d15530790f1c2ac5e81223e58b7179966ef7803d3b42fcd847cbe7014,$,a5a7af0d15530790f1c2ac5e81223e58b7179966ef7803d3b42fcd847cbe7014,a5a7af0d15530790f1c2ac5e81223e58b7179966ef7803d3b42fcd847cbe7014,"{""basis"":""ordered nested-math atom; exact symbolic replay"",""kind"":""source-target-formula-map""}"
1.1.0,formula,O007-FREMLIN-V2-S231-FORMULA-0059,O007-FREMLIN-V2-S231,O007-RIGHTS-FREMLIN-DSL,O007-FREMLIN-V2-S231-SEG-231DA,59,231Da,231Da,81,82,3235,3319,3556,3640,"\nu(E\cup F)=\nu(\bigcup_{n\in\Bbb N}E_n) 
=\sum_{n=0}^{\infty}\nu E_n=\nu E+\nu F","\nu(E\cup F)=\nu(\bigcup_{n\in\Bbb N}E_n) 
=\sum_{n=0}^{\infty}\nu E_n=\nu E+\nu F",1f54f0fae0b6a8e4d7038dafcd44d99f105e82dfe783f994e07318e6bbf36f3e,1f54f0fae0b6a8e4d7038dafcd44d99f105e82dfe783f994e07318e6bbf36f3e,839eef48f4265da6f9338088c773ccdeb01b93eb89da2c17d256b0729b76a942,$,839eef48f4265da6f9338088c773ccdeb01b93eb89da2c17d256b0729b76a942,839eef48f4265da6f9338088c773ccdeb01b93eb89da2c17d256b0729b76a942,"{""basis"":""ordered nested-math atom; exact symbolic replay"",""kind"":""source-target-formula-map""}"
1.1.0,formula,O007-FREMLIN-V2-S231-FORMULA-0060,O007-FREMLIN-V2-S231,O007-RIGHTS-FREMLIN-DSL,O007-FREMLIN-V2-S231-SEG-231DB,60,231Db,231Db,85,86,3366,3383,3689,3706,\sequencen{E_n},\sequencen{E_n},fb72efffaef2718f064f6738776455109a431cf083b415e4e69d96004f7fe54f,fb72efffaef2718f064f6738776455109a431cf083b415e4e69d96004f7fe54f,fb72efffaef2718f064f6738776455109a431cf083b415e4e69d96004f7fe54f,$,fb72efffaef2718f064f6738776455109a431cf083b415e4e69d96004f7fe54f,fb72efffaef2718f064f6738776455109a431cf083b415e4e69d96004f7fe54f,"{""basis"":""ordered nested-math atom; exact symbolic replay"",""kind"":""source-target-formula-map""}"
1.1.0,formula,O007-FREMLIN-V2-S231-FORMULA-0061,O007-FREMLIN-V2-S231,O007-RIGHTS-FREMLIN-DSL,O007-FREMLIN-V2-S231-SEG-231DB,61,231Db,231Db,86,87,3417,3425,3744,3752,\Sigma,\Sigma,d65d75b1e6562713a3936bb38fdfe6832fb5b96c946de58f7ce0992057665aa8,d65d75b1e6562713a3936bb38fdfe6832fb5b96c946de58f7ce0992057665aa8,d65d75b1e6562713a3936bb38fdfe6832fb5b96c946de58f7ce0992057665aa8,$,d65d75b1e6562713a3936bb38fdfe6832fb5b96c946de58f7ce0992057665aa8,d65d75b1e6562713a3936bb38fdfe6832fb5b96c946de58f7ce0992057665aa8,"{""basis"":""ordered nested-math atom; exact symbolic replay"",""kind"":""source-target-formula-map""}"
1.1.0,formula,O007-FREMLIN-V2-S231-FORMULA-0062,O007-FREMLIN-V2-S231,O007-RIGHTS-FREMLIN-DSL,O007-FREMLIN-V2-S231-SEG-231DB,62,231Db,231Db,86,87,3438,3450,3770,3782,E\in\Sigma,E\in\Sigma,afe4bbaaedba5158924d3a0bd77f0304472650e71de5aed22515cc3a0a8e1bd2,afe4bbaaedba5158924d3a0bd77f0304472650e71de5aed22515cc3a0a8e1bd2,afe4bbaaedba5158924d3a0bd77f0304472650e71de5aed22515cc3a0a8e1bd2,$,afe4bbaaedba5158924d3a0bd77f0304472650e71de5aed22515cc3a0a8e1bd2,afe4bbaaedba5158924d3a0bd77f0304472650e71de5aed22515cc3a0a8e1bd2,"{""basis"":""ordered nested-math atom; exact symbolic replay"",""kind"":""source-target-formula-map""}"
1.1.0,formula,O007-FREMLIN-V2-S231-FORMULA-0063,O007-FREMLIN-V2-S231,O007-RIGHTS-FREMLIN-DSL,O007-FREMLIN-V2-S231-SEG-231DB,63,231Db,231Db,88,89,3477,3566,3809,3898,"\nu E 
=\nu E_0+\sum_{n=0}^{\infty}\nu(E_{n+1}\setminus E_n) 
=\lim_{n\to\infty}\nu E_n","\nu E 
=\nu E_0+\sum_{n=0}^{\infty}\nu(E_{n+1}\setminus E_n) 
=\lim_{n\to\infty}\nu E_n",90880bf0d09d4c84e9f067472d7378e679576d9112e76bd4dd99afd59fa41910,90880bf0d09d4c84e9f067472d7378e679576d9112e76bd4dd99afd59fa41910,4334755d9899bfc0e33267eeae790e5fefe06dae880c9d04d859fcde085ae665,$,4334755d9899bfc0e33267eeae790e5fefe06dae880c9d04d859fcde085ae665,4334755d9899bfc0e33267eeae790e5fefe06dae880c9d04d859fcde085ae665,"{""basis"":""ordered nested-math atom; exact symbolic replay"",""kind"":""source-target-formula-map""}"
1.1.0,formula,O007-FREMLIN-V2-S231-FORMULA-0064,O007-FREMLIN-V2-S231,O007-RIGHTS-FREMLIN-DSL,O007-FREMLIN-V2-S231-SEG-231DC,64,231Dc,231Dc,92,93,3604,3621,3938,3955,\sequencen{E_n},\sequencen{E_n},fb72efffaef2718f064f6738776455109a431cf083b415e4e69d96004f7fe54f,fb72efffaef2718f064f6738776455109a431cf083b415e4e69d96004f7fe54f,fb72efffaef2718f064f6738776455109a431cf083b415e4e69d96004f7fe54f,$,fb72efffaef2718f064f6738776455109a431cf083b415e4e69d96004f7fe54f,fb72efffaef2718f064f6738776455109a431cf083b415e4e69d96004f7fe54f,"{""basis"":""ordered nested-math atom; exact symbolic replay"",""kind"":""source-target-formula-map""}"
1.1.0,formula,O007-FREMLIN-V2-S231-FORMULA-0065,O007-FREMLIN-V2-S231,O007-RIGHTS-FREMLIN-DSL,O007-FREMLIN-V2-S231-SEG-231DC,65,231Dc,231Dc,93,94,3655,3663,3995,4003,\Sigma,\Sigma,d65d75b1e6562713a3936bb38fdfe6832fb5b96c946de58f7ce0992057665aa8,d65d75b1e6562713a3936bb38fdfe6832fb5b96c946de58f7ce0992057665aa8,d65d75b1e6562713a3936bb38fdfe6832fb5b96c946de58f7ce0992057665aa8,$,d65d75b1e6562713a3936bb38fdfe6832fb5b96c946de58f7ce0992057665aa8,d65d75b1e6562713a3936bb38fdfe6832fb5b96c946de58f7ce0992057665aa8,"{""basis"":""ordered nested-math atom; exact symbolic replay"",""kind"":""source-target-formula-map""}"
1.1.0,formula,O007-FREMLIN-V2-S231-FORMULA-0066,O007-FREMLIN-V2-S231,O007-RIGHTS-FREMLIN-DSL,O007-FREMLIN-V2-S231-SEG-231DC,66,231Dc,231Dc,93,94,3682,3694,4018,4030,E\in\Sigma,E\in\Sigma,afe4bbaaedba5158924d3a0bd77f0304472650e71de5aed22515cc3a0a8e1bd2,afe4bbaaedba5158924d3a0bd77f0304472650e71de5aed22515cc3a0a8e1bd2,afe4bbaaedba5158924d3a0bd77f0304472650e71de5aed22515cc3a0a8e1bd2,$,afe4bbaaedba5158924d3a0bd77f0304472650e71de5aed22515cc3a0a8e1bd2,afe4bbaaedba5158924d3a0bd77f0304472650e71de5aed22515cc3a0a8e1bd2,"{""basis"":""ordered nested-math atom; exact symbolic replay"",""kind"":""source-target-formula-map""}"
1.1.0,formula,O007-FREMLIN-V2-S231-FORMULA-0067,O007-FREMLIN-V2-S231,O007-RIGHTS-FREMLIN-DSL,O007-FREMLIN-V2-S231-SEG-231DC,67,231Dc,231Dc,95,96,3721,3825,4057,4161,"\nu E 
\prooflet{\mskip5mu =\nu E_0-\lim_{n\to\infty}\nu(E_0\setminus E_n)} 
=\lim_{n\to\infty}\nu E_n","\nu E 
\prooflet{\mskip5mu =\nu E_0-\lim_{n\to\infty}\nu(E_0\setminus E_n)} 
=\lim_{n\to\infty}\nu E_n",5e550f7b3280401964f3a744f49a5071d8c29688f01f339c6f51e884f3c96eff,5e550f7b3280401964f3a744f49a5071d8c29688f01f339c6f51e884f3c96eff,9ba01102939a8dda81376d1cf5d941aafd37492da2cc23ca5b9cc646909424fd,$,9ba01102939a8dda81376d1cf5d941aafd37492da2cc23ca5b9cc646909424fd,9ba01102939a8dda81376d1cf5d941aafd37492da2cc23ca5b9cc646909424fd,"{""basis"":""ordered nested-math atom; exact symbolic replay"",""kind"":""source-target-formula-map""}"
1.1.0,formula,O007-FREMLIN-V2-S231-FORMULA-0068,O007-FREMLIN-V2-S231,O007-RIGHTS-FREMLIN-DSL,O007-FREMLIN-V2-S231-SEG-231DD,68,231Dd,231Dd,99,100,3863,3889,4201,4227,\nuprime:\Sigma\to\Bbb R,\nuprime:\Sigma\to\Bbb R,f608eaaa0f0a35d47f51dd45ba6edd4157fe0f990074fbae148c552d8e813187,f608eaaa0f0a35d47f51dd45ba6edd4157fe0f990074fbae148c552d8e813187,b67e13a660099609860c4aca46520a50da1b56e3a4eebce6e2293ff0af73203c,$,b67e13a660099609860c4aca46520a50da1b56e3a4eebce6e2293ff0af73203c,b67e13a660099609860c4aca46520a50da1b56e3a4eebce6e2293ff0af73203c,"{""basis"":""ordered nested-math atom; exact symbolic replay"",""kind"":""source-target-formula-map""}"
1.1.0,formula,O007-FREMLIN-V2-S231-FORMULA-0069,O007-FREMLIN-V2-S231,O007-RIGHTS-FREMLIN-DSL,O007-FREMLIN-V2-S231-SEG-231DD,69,231Dd,231Dd,100,101,3937,3949,4277,4289,c\in\Bbb R,c\in\Bbb R,365f5ce487f10d724b33ca913e9f2aff3456a3c2ba87d35652de7cf350ca3be0,365f5ce487f10d724b33ca913e9f2aff3456a3c2ba87d35652de7cf350ca3be0,94bc9d92c15c2e8afaebffdcd5145690aa18e8d3436bad14ca833f19d17e6977,$,94bc9d92c15c2e8afaebffdcd5145690aa18e8d3436bad14ca833f19d17e6977,94bc9d92c15c2e8afaebffdcd5145690aa18e8d3436bad14ca833f19d17e6977,"{""basis"":""ordered nested-math atom; exact symbolic replay"",""kind"":""source-target-formula-map""}"
1.1.0,formula,O007-FREMLIN-V2-S231-FORMULA-0070,O007-FREMLIN-V2-S231,O007-RIGHTS-FREMLIN-DSL,O007-FREMLIN-V2-S231-SEG-231DD,70,231Dd,231Dd,100,102,3956,3986,4297,4327,\nu+\nuprime:\Sigma\to\Bbb R,\nu+\nuprime:\Sigma\to\Bbb R,fe4de56ba0601e5dcf12882ca954e5ab429ec0d03e3fbf0137d187bab8ece3c7,fe4de56ba0601e5dcf12882ca954e5ab429ec0d03e3fbf0137d187bab8ece3c7,ec4f75c411453752b8aa784e54992e16ea804e908b7905d7ddd774ae9cbc9762,$,ec4f75c411453752b8aa784e54992e16ea804e908b7905d7ddd774ae9cbc9762,ec4f75c411453752b8aa784e54992e16ea804e908b7905d7ddd774ae9cbc9762,"{""basis"":""ordered nested-math atom; exact symbolic replay"",""kind"":""source-target-formula-map""}"
1.1.0,formula,O007-FREMLIN-V2-S231-FORMULA-0071,O007-FREMLIN-V2-S231,O007-RIGHTS-FREMLIN-DSL,O007-FREMLIN-V2-S231-SEG-231DD,71,231Dd,231Dd,101,102,3992,4014,4332,4354,c\nu:\Sigma\to\Bbb R,c\nu:\Sigma\to\Bbb R,613d5eb548f351814f09547314045d300e7202db755b1943b41cd34b1afbc52e,613d5eb548f351814f09547314045d300e7202db755b1943b41cd34b1afbc52e,d2d31ccb734feac17b83889e6bfe3bb52b0ff062154879bb2b6637c8d789c7b4,$,d2d31ccb734feac17b83889e6bfe3bb52b0ff062154879bb2b6637c8d789c7b4,d2d31ccb734feac17b83889e6bfe3bb52b0ff062154879bb2b6637c8d789c7b4,"{""basis"":""ordered nested-math atom; exact symbolic replay"",""kind"":""source-target-formula-map""}"
1.1.0,formula,O007-FREMLIN-V2-S231-FORMULA-0072,O007-FREMLIN-V2-S231,O007-RIGHTS-FREMLIN-DSL,O007-FREMLIN-V2-S231-SEG-231DE,72,231De,231De,103,105,4074,4086,4420,4432,H\in\Sigma,H\in\Sigma,ef7b482d82f037e159ec08791bc8b07b8fee5e6cb32261f9368973a4d7d46220,ef7b482d82f037e159ec08791bc8b07b8fee5e6cb32261f9368973a4d7d46220,ef7b482d82f037e159ec08791bc8b07b8fee5e6cb32261f9368973a4d7d46220,$,ef7b482d82f037e159ec08791bc8b07b8fee5e6cb32261f9368973a4d7d46220,ef7b482d82f037e159ec08791bc8b07b8fee5e6cb32261f9368973a4d7d46220,"{""basis"":""ordered nested-math atom; exact symbolic replay"",""kind"":""source-target-formula-map""}"
1.1.0,formula,O007-FREMLIN-V2-S231-FORMULA-0073,O007-FREMLIN-V2-S231,O007-RIGHTS-FREMLIN-DSL,O007-FREMLIN-V2-S231-SEG-231DE,73,231De,231De,104,106,4094,4117,4440,4463,\nu_H:\Sigma\to\Bbb R,\nu_H:\Sigma\to\Bbb R,c1bbaed80fe86a456f6ceda7828c37035338a9d942973f6a8ce3eab3ce7c7b03,c1bbaed80fe86a456f6ceda7828c37035338a9d942973f6a8ce3eab3ce7c7b03,cc2002eb565568714055461b9439ee32e8d7bce04f92d851ada3f75bb3c8aadf,$,cc2002eb565568714055461b9439ee32e8d7bce04f92d851ada3f75bb3c8aadf,cc2002eb565568714055461b9439ee32e8d7bce04f92d851ada3f75bb3c8aadf,"{""basis"":""ordered nested-math atom; exact symbolic replay"",""kind"":""source-target-formula-map""}"
1.1.0,formula,O007-FREMLIN-V2-S231-FORMULA-0074,O007-FREMLIN-V2-S231,O007-RIGHTS-FREMLIN-DSL,O007-FREMLIN-V2-S231-SEG-231DE,74,231De,231De,105,107,4148,4169,4499,4520,\nu_HE=\nu(E\cap H),\nu_HE=\nu(E\cap H),c6a6ee260bd24db3e74bb7278b87079cd192ce4a0b388ff496a04b1dfcd1ad98,c6a6ee260bd24db3e74bb7278b87079cd192ce4a0b388ff496a04b1dfcd1ad98,03197a4a9af786e4f25b1382c8b5448dc5e8f00ee9a3f76154eec21a755b29b2,$,03197a4a9af786e4f25b1382c8b5448dc5e8f00ee9a3f76154eec21a755b29b2,03197a4a9af786e4f25b1382c8b5448dc5e8f00ee9a3f76154eec21a755b29b2,"{""basis"":""ordered nested-math atom; exact symbolic replay"",""kind"":""source-target-formula-map""}"
1.1.0,formula,O007-FREMLIN-V2-S231-FORMULA-0075,O007-FREMLIN-V2-S231,O007-RIGHTS-FREMLIN-DSL,O007-FREMLIN-V2-S231-SEG-231DE,75,231De,231De,106,108,4181,4193,4535,4547,E\in\Sigma,E\in\Sigma,afe4bbaaedba5158924d3a0bd77f0304472650e71de5aed22515cc3a0a8e1bd2,afe4bbaaedba5158924d3a0bd77f0304472650e71de5aed22515cc3a0a8e1bd2,afe4bbaaedba5158924d3a0bd77f0304472650e71de5aed22515cc3a0a8e1bd2,$,afe4bbaaedba5158924d3a0bd77f0304472650e71de5aed22515cc3a0a8e1bd2,afe4bbaaedba5158924d3a0bd77f0304472650e71de5aed22515cc3a0a8e1bd2,"{""basis"":""ordered nested-math atom; exact symbolic replay"",""kind"":""source-target-formula-map""}"
1.1.0,formula,O007-FREMLIN-V2-S231-FORMULA-0076,O007-FREMLIN-V2-S231,O007-RIGHTS-FREMLIN-DSL,O007-FREMLIN-V2-S231-SEG-231DE,76,231De,231De,106,108,4216,4233,4572,4589,\sequencen{E_n},\sequencen{E_n},fb72efffaef2718f064f6738776455109a431cf083b415e4e69d96004f7fe54f,fb72efffaef2718f064f6738776455109a431cf083b415e4e69d96004f7fe54f,fb72efffaef2718f064f6738776455109a431cf083b415e4e69d96004f7fe54f,$,fb72efffaef2718f064f6738776455109a431cf083b415e4e69d96004f7fe54f,fb72efffaef2718f064f6738776455109a431cf083b415e4e69d96004f7fe54f,"{""basis"":""ordered nested-math atom; exact symbolic replay"",""kind"":""source-target-formula-map""}"
1.1.0,formula,O007-FREMLIN-V2-S231-FORMULA-0077,O007-FREMLIN-V2-S231,O007-RIGHTS-FREMLIN-DSL,O007-FREMLIN-V2-S231-SEG-231DE,77,231De,231De,108,110,4262,4270,4629,4637,\Sigma,\Sigma,d65d75b1e6562713a3936bb38fdfe6832fb5b96c946de58f7ce0992057665aa8,d65d75b1e6562713a3936bb38fdfe6832fb5b96c946de58f7ce0992057665aa8,d65d75b1e6562713a3936bb38fdfe6832fb5b96c946de58f7ce0992057665aa8,$,d65d75b1e6562713a3936bb38fdfe6832fb5b96c946de58f7ce0992057665aa8,d65d75b1e6562713a3936bb38fdfe6832fb5b96c946de58f7ce0992057665aa8,"{""basis"":""ordered nested-math atom; exact symbolic replay"",""kind"":""source-target-formula-map""}"
1.1.0,formula,O007-FREMLIN-V2-S231-FORMULA-0078,O007-FREMLIN-V2-S231,O007-RIGHTS-FREMLIN-DSL,O007-FREMLIN-V2-S231-SEG-231DE,78,231De,231De,108,110,4282,4294,4654,4666,E\in\Sigma,E\in\Sigma,afe4bbaaedba5158924d3a0bd77f0304472650e71de5aed22515cc3a0a8e1bd2,afe4bbaaedba5158924d3a0bd77f0304472650e71de5aed22515cc3a0a8e1bd2,afe4bbaaedba5158924d3a0bd77f0304472650e71de5aed22515cc3a0a8e1bd2,$,afe4bbaaedba5158924d3a0bd77f0304472650e71de5aed22515cc3a0a8e1bd2,afe4bbaaedba5158924d3a0bd77f0304472650e71de5aed22515cc3a0a8e1bd2,"{""basis"":""ordered nested-math atom; exact symbolic replay"",""kind"":""source-target-formula-map""}"
1.1.0,formula,O007-FREMLIN-V2-S231-FORMULA-0079,O007-FREMLIN-V2-S231,O007-RIGHTS-FREMLIN-DSL,O007-FREMLIN-V2-S231-SEG-231DE,79,231De,231De,108,110,4300,4323,4673,4696,\sequencen{E_n\cap H},\sequencen{E_n\cap H},8837bccc4e5b9c32ae0d44c0f565d5e69be0377b007a0f8824240bd66d5c1a76,8837bccc4e5b9c32ae0d44c0f565d5e69be0377b007a0f8824240bd66d5c1a76,a8376044ea0f9c63af1a09b5fd8b7e9fdee06e07565c4523d367ccf027e916ab,$,a8376044ea0f9c63af1a09b5fd8b7e9fdee06e07565c4523d367ccf027e916ab,a8376044ea0f9c63af1a09b5fd8b7e9fdee06e07565c4523d367ccf027e916ab,"{""basis"":""ordered nested-math atom; exact symbolic replay"",""kind"":""source-target-formula-map""}"
1.1.0,formula,O007-FREMLIN-V2-S231-FORMULA-0080,O007-FREMLIN-V2-S231,O007-RIGHTS-FREMLIN-DSL,O007-FREMLIN-V2-S231-SEG-231DE,80,231De,231De,109,111,4349,4358,4733,4742,E\cap H,E\cap H,5c646065e2f955c8880807649ee87e7e9e68ba8c41af1908e41bff86e263a4b9,5c646065e2f955c8880807649ee87e7e9e68ba8c41af1908e41bff86e263a4b9,406befa5de20bb54081c7c637530ffdd8c33b16df7f1d8cf016a7d6782221a52,$,406befa5de20bb54081c7c637530ffdd8c33b16df7f1d8cf016a7d6782221a52,406befa5de20bb54081c7c637530ffdd8c33b16df7f1d8cf016a7d6782221a52,"{""basis"":""ordered nested-math atom; exact symbolic replay"",""kind"":""source-target-formula-map""}"
1.1.0,formula,O007-FREMLIN-V2-S231-FORMULA-0081,O007-FREMLIN-V2-S231,O007-RIGHTS-FREMLIN-DSL,O007-FREMLIN-V2-S231-SEG-231DE,81,231De,231De,111,113,4383,4511,4773,4901,"\nu_HE 
=\nu(H\cap E) 
=\nu(\bigcup_{n\in\Bbb N}(H\cap E_n)) 
=\sum_{n=0}^{\infty}\nu(H\cap E_n) 
=\sum_{n=0}^{\infty}\nu_HE_n","\nu_HE 
=\nu(H\cap E) 
=\nu(\bigcup_{n\in\Bbb N}(H\cap E_n)) 
=\sum_{n=0}^{\infty}\nu(H\cap E_n) 
=\sum_{n=0}^{\infty}\nu_HE_n",b5fd5b29d90b6f39a8d69ae0cf9a9b246345986b644ebf12c3358d275d3ce3f3,b5fd5b29d90b6f39a8d69ae0cf9a9b246345986b644ebf12c3358d275d3ce3f3,229a4af8b25c7b9b6d64016787d5ecc1079b824a4d17446d0d6caf94dd2f3954,$,229a4af8b25c7b9b6d64016787d5ecc1079b824a4d17446d0d6caf94dd2f3954,229a4af8b25c7b9b6d64016787d5ecc1079b824a4d17446d0d6caf94dd2f3954,"{""basis"":""ordered nested-math atom; exact symbolic replay"",""kind"":""source-target-formula-map""}"
1.1.0,formula,O007-FREMLIN-V2-S231-FORMULA-0082,O007-FREMLIN-V2-S231,O007-RIGHTS-FREMLIN-DSL,O007-FREMLIN-V2-S231-SEG-231DE,82,231De,231De,120,122,4668,4676,5068,5068,\sigma,,9c3245dfb4ac54c1623a60e7b8d1fc07cb02eae1229435230c7dab5e71083a26,e3b0c44298fc1c149afbf4c8996fb92427ae41e4649b934ca495991b7852b855,9c3245dfb4ac54c1623a60e7b8d1fc07cb02eae1229435230c7dab5e71083a26,$,9c3245dfb4ac54c1623a60e7b8d1fc07cb02eae1229435230c7dab5e71083a26,e3b0c44298fc1c149afbf4c8996fb92427ae41e4649b934ca495991b7852b855,"{""basis"":""source lexical math atom localized losslessly as Indonesian prose outside math"",""kind"":""source-target-formula-map""}"
1.1.0,formula,O007-FREMLIN-V2-S231-FORMULA-0083,O007-FREMLIN-V2-S231,O007-RIGHTS-FREMLIN-DSL,O007-FREMLIN-V2-S231-SEG-231DE,83,231De,231De,120,122,4686,4694,5068,5076,\Sigma,\Sigma,d65d75b1e6562713a3936bb38fdfe6832fb5b96c946de58f7ce0992057665aa8,d65d75b1e6562713a3936bb38fdfe6832fb5b96c946de58f7ce0992057665aa8,d65d75b1e6562713a3936bb38fdfe6832fb5b96c946de58f7ce0992057665aa8,$,d65d75b1e6562713a3936bb38fdfe6832fb5b96c946de58f7ce0992057665aa8,d65d75b1e6562713a3936bb38fdfe6832fb5b96c946de58f7ce0992057665aa8,"{""basis"":""ordered nested-math atom; exact symbolic replay"",""kind"":""source-target-formula-map""}"
1.1.0,formula,O007-FREMLIN-V2-S231-FORMULA-0084,O007-FREMLIN-V2-S231,O007-RIGHTS-FREMLIN-DSL,O007-FREMLIN-V2-S231-SEG-231DE,84,231De,231De,122,124,4789,4797,5160,5168,\Sigma,\Sigma,d65d75b1e6562713a3936bb38fdfe6832fb5b96c946de58f7ce0992057665aa8,d65d75b1e6562713a3936bb38fdfe6832fb5b96c946de58f7ce0992057665aa8,d65d75b1e6562713a3936bb38fdfe6832fb5b96c946de58f7ce0992057665aa8,$,d65d75b1e6562713a3936bb38fdfe6832fb5b96c946de58f7ce0992057665aa8,d65d75b1e6562713a3936bb38fdfe6832fb5b96c946de58f7ce0992057665aa8,"{""basis"":""ordered nested-math atom; exact symbolic replay"",""kind"":""source-target-formula-map""}"
1.1.0,formula,O007-FREMLIN-V2-S231-FORMULA-0085,O007-FREMLIN-V2-S231,O007-RIGHTS-FREMLIN-DSL,O007-FREMLIN-V2-S231-SEG-231E,85,231E,231E,132,133,5078,5081,5462,5465,X,X,4b68ab3847feda7d6c62c1fbcbeebfa35eab7351ed5e78f4ddadea5df64b8015,4b68ab3847feda7d6c62c1fbcbeebfa35eab7351ed5e78f4ddadea5df64b8015,4b68ab3847feda7d6c62c1fbcbeebfa35eab7351ed5e78f4ddadea5df64b8015,$,4b68ab3847feda7d6c62c1fbcbeebfa35eab7351ed5e78f4ddadea5df64b8015,4b68ab3847feda7d6c62c1fbcbeebfa35eab7351ed5e78f4ddadea5df64b8015,"{""basis"":""ordered nested-math atom; exact symbolic replay"",""kind"":""source-target-formula-map""}"
1.1.0,formula,O007-FREMLIN-V2-S231-FORMULA-0086,O007-FREMLIN-V2-S231,O007-RIGHTS-FREMLIN-DSL,O007-FREMLIN-V2-S231-SEG-231E,86,231E,231E,132,133,5092,5100,5482,5490,\Sigma,\Sigma,d65d75b1e6562713a3936bb38fdfe6832fb5b96c946de58f7ce0992057665aa8,d65d75b1e6562713a3936bb38fdfe6832fb5b96c946de58f7ce0992057665aa8,d65d75b1e6562713a3936bb38fdfe6832fb5b96c946de58f7ce0992057665aa8,$,d65d75b1e6562713a3936bb38fdfe6832fb5b96c946de58f7ce0992057665aa8,d65d75b1e6562713a3936bb38fdfe6832fb5b96c946de58f7ce0992057665aa8,"{""basis"":""ordered nested-math atom; exact symbolic replay"",""kind"":""source-target-formula-map""}"
1.1.0,formula,O007-FREMLIN-V2-S231-FORMULA-0087,O007-FREMLIN-V2-S231,O007-RIGHTS-FREMLIN-DSL,O007-FREMLIN-V2-S231-SEG-231E,87,231E,231E,132,134,5103,5111,5529,5529,\sigma,,9c3245dfb4ac54c1623a60e7b8d1fc07cb02eae1229435230c7dab5e71083a26,e3b0c44298fc1c149afbf4c8996fb92427ae41e4649b934ca495991b7852b855,9c3245dfb4ac54c1623a60e7b8d1fc07cb02eae1229435230c7dab5e71083a26,$,9c3245dfb4ac54c1623a60e7b8d1fc07cb02eae1229435230c7dab5e71083a26,e3b0c44298fc1c149afbf4c8996fb92427ae41e4649b934ca495991b7852b855,"{""basis"":""source lexical math atom localized losslessly as Indonesian prose outside math"",""kind"":""source-target-formula-map""}"
1.1.0,formula,O007-FREMLIN-V2-S231-FORMULA-0088,O007-FREMLIN-V2-S231,O007-RIGHTS-FREMLIN-DSL,O007-FREMLIN-V2-S231-SEG-231E,88,231E,231E,133,134,5135,5138,5529,5532,X,X,4b68ab3847feda7d6c62c1fbcbeebfa35eab7351ed5e78f4ddadea5df64b8015,4b68ab3847feda7d6c62c1fbcbeebfa35eab7351ed5e78f4ddadea5df64b8015,4b68ab3847feda7d6c62c1fbcbeebfa35eab7351ed5e78f4ddadea5df64b8015,$,4b68ab3847feda7d6c62c1fbcbeebfa35eab7351ed5e78f4ddadea5df64b8015,4b68ab3847feda7d6c62c1fbcbeebfa35eab7351ed5e78f4ddadea5df64b8015,"{""basis"":""ordered nested-math atom; exact symbolic replay"",""kind"":""source-target-formula-map""}"
1.1.0,formula,O007-FREMLIN-V2-S231-FORMULA-0089,O007-FREMLIN-V2-S231,O007-RIGHTS-FREMLIN-DSL,O007-FREMLIN-V2-S231-SEG-231E,89,231E,231E,133,134,5144,5165,5538,5559,\nu:\Sigma\to\Bbb R,\nu:\Sigma\to\Bbb R,b48108d172ca16599f53e62e3a26b2f678ad0b97498708ad930a470e49a1fc9d,b48108d172ca16599f53e62e3a26b2f678ad0b97498708ad930a470e49a1fc9d,fd3f49f41aeaeaea1640d0a8aacc1603a64230ce064f656a71783ced0e17ca63,$,fd3f49f41aeaeaea1640d0a8aacc1603a64230ce064f656a71783ced0e17ca63,fd3f49f41aeaeaea1640d0a8aacc1603a64230ce064f656a71783ced0e17ca63,"{""basis"":""ordered nested-math atom; exact symbolic replay"",""kind"":""source-target-formula-map""}"
1.1.0,formula,O007-FREMLIN-V2-S231-FORMULA-0090,O007-FREMLIN-V2-S231,O007-RIGHTS-FREMLIN-DSL,O007-FREMLIN-V2-S231-SEG-231E,90,231E,231E,136,137,5219,5224,5615,5620,\nu,\nu,84eb2b123d1102b8f7c00b34116df32107cffa82d46efbac7fd9543fa7459c38,84eb2b123d1102b8f7c00b34116df32107cffa82d46efbac7fd9543fa7459c38,84eb2b123d1102b8f7c00b34116df32107cffa82d46efbac7fd9543fa7459c38,$,84eb2b123d1102b8f7c00b34116df32107cffa82d46efbac7fd9543fa7459c38,84eb2b123d1102b8f7c00b34116df32107cffa82d46efbac7fd9543fa7459c38,"{""basis"":""ordered nested-math atom; exact symbolic replay"",""kind"":""source-target-formula-map""}"
1.1.0,formula,O007-FREMLIN-V2-S231-FORMULA-0091,O007-FREMLIN-V2-S231,O007-RIGHTS-FREMLIN-DSL,O007-FREMLIN-V2-S231-SEG-231E,91,231E,231E,138,139,5264,5276,5667,5679,H\in\Sigma,H\in\Sigma,ef7b482d82f037e159ec08791bc8b07b8fee5e6cb32261f9368973a4d7d46220,ef7b482d82f037e159ec08791bc8b07b8fee5e6cb32261f9368973a4d7d46220,ef7b482d82f037e159ec08791bc8b07b8fee5e6cb32261f9368973a4d7d46220,$,ef7b482d82f037e159ec08791bc8b07b8fee5e6cb32261f9368973a4d7d46220,ef7b482d82f037e159ec08791bc8b07b8fee5e6cb32261f9368973a4d7d46220,"{""basis"":""ordered nested-math atom; exact symbolic replay"",""kind"":""source-target-formula-map""}"
1.1.0,formula,O007-FREMLIN-V2-S231-FORMULA-0092,O007-FREMLIN-V2-S231,O007-RIGHTS-FREMLIN-DSL,O007-FREMLIN-V2-S231-SEG-231E,92,231E,231E,140,141,5307,5319,5720,5732,\nu F\ge 0,\nu F\ge 0,3cd6a6ee46c2665afa9546230e80e2a7da7b7334dff13a50947b92985814265e,3cd6a6ee46c2665afa9546230e80e2a7da7b7334dff13a50947b92985814265e,ef7b4462a35db1419d42751190c8af9e42b3e1c97dd1237677c9d8dda2fbefa5,$,ef7b4462a35db1419d42751190c8af9e42b3e1c97dd1237677c9d8dda2fbefa5,ef7b4462a35db1419d42751190c8af9e42b3e1c97dd1237677c9d8dda2fbefa5,"{""basis"":""ordered nested-math atom; exact symbolic replay"",""kind"":""source-target-formula-map""}"
1.1.0,formula,O007-FREMLIN-V2-S231-FORMULA-0093,O007-FREMLIN-V2-S231,O007-RIGHTS-FREMLIN-DSL,O007-FREMLIN-V2-S231-SEG-231E,93,231E,231E,141,142,5330,5342,5744,5756,F\in\Sigma,F\in\Sigma,65b127545966720002875b7921f02a35d214624fcf61cbaceb81857933de3616,65b127545966720002875b7921f02a35d214624fcf61cbaceb81857933de3616,65b127545966720002875b7921f02a35d214624fcf61cbaceb81857933de3616,$,65b127545966720002875b7921f02a35d214624fcf61cbaceb81857933de3616,65b127545966720002875b7921f02a35d214624fcf61cbaceb81857933de3616,"{""basis"":""ordered nested-math atom; exact symbolic replay"",""kind"":""source-target-formula-map""}"
1.1.0,formula,O007-FREMLIN-V2-S231-FORMULA-0094,O007-FREMLIN-V2-S231,O007-RIGHTS-FREMLIN-DSL,O007-FREMLIN-V2-S231-SEG-231E,94,231E,231E,141,142,5347,5361,5761,5775,F\subseteq H,F\subseteq H,41ecbecb8dd8f1c74d4f58d50b5bc4ba3229995f0135d83a8e60fd9330d84b9d,41ecbecb8dd8f1c74d4f58d50b5bc4ba3229995f0135d83a8e60fd9330d84b9d,cbd81c487c4abe2881bd7562a77471b9cde3691107f525877b473753b26408c2,$,cbd81c487c4abe2881bd7562a77471b9cde3691107f525877b473753b26408c2,cbd81c487c4abe2881bd7562a77471b9cde3691107f525877b473753b26408c2,"{""basis"":""ordered nested-math atom; exact symbolic replay"",""kind"":""source-target-formula-map""}"
1.1.0,formula,O007-FREMLIN-V2-S231-FORMULA-0095,O007-FREMLIN-V2-S231,O007-RIGHTS-FREMLIN-DSL,O007-FREMLIN-V2-S231-SEG-231E,95,231E,231E,143,144,5384,5396,5798,5810,\nu F\le 0,\nu F\le 0,379d8a28e8e98fb00728aab648738cfd47a9843f1dee232682eb7a322ed99106,379d8a28e8e98fb00728aab648738cfd47a9843f1dee232682eb7a322ed99106,d5301997fd14f39a3cc677ec487dba6783cd924bec4f42eec231d50039f43023,$,d5301997fd14f39a3cc677ec487dba6783cd924bec4f42eec231d50039f43023,d5301997fd14f39a3cc677ec487dba6783cd924bec4f42eec231d50039f43023,"{""basis"":""ordered nested-math atom; exact symbolic replay"",""kind"":""source-target-formula-map""}"
1.1.0,formula,O007-FREMLIN-V2-S231-FORMULA-0096,O007-FREMLIN-V2-S231,O007-RIGHTS-FREMLIN-DSL,O007-FREMLIN-V2-S231-SEG-231E,96,231E,231E,143,144,5406,5418,5821,5833,F\in\Sigma,F\in\Sigma,65b127545966720002875b7921f02a35d214624fcf61cbaceb81857933de3616,65b127545966720002875b7921f02a35d214624fcf61cbaceb81857933de3616,65b127545966720002875b7921f02a35d214624fcf61cbaceb81857933de3616,$,65b127545966720002875b7921f02a35d214624fcf61cbaceb81857933de3616,65b127545966720002875b7921f02a35d214624fcf61cbaceb81857933de3616,"{""basis"":""ordered nested-math atom; exact symbolic replay"",""kind"":""source-target-formula-map""}"
1.1.0,formula,O007-FREMLIN-V2-S231-FORMULA-0097,O007-FREMLIN-V2-S231,O007-RIGHTS-FREMLIN-DSL,O007-FREMLIN-V2-S231-SEG-231E,97,231E,231E,144,145,5424,5443,5839,5858,F\cap H=\emptyset,F\cap H=\emptyset,c1516930100c2db2d8ca8cf311eb67a24f1c8d166ccbd691ed2501e0cddab0a8,c1516930100c2db2d8ca8cf311eb67a24f1c8d166ccbd691ed2501e0cddab0a8,0cb151b21ecd803d37204f9f78ed7c570de548feed3e8f012b5a70daefb373fd,$,0cb151b21ecd803d37204f9f78ed7c570de548feed3e8f012b5a70daefb373fd,0cb151b21ecd803d37204f9f78ed7c570de548feed3e8f012b5a70daefb373fd,"{""basis"":""ordered nested-math atom; exact symbolic replay"",""kind"":""source-target-formula-map""}"
1.1.0,formula,O007-FREMLIN-V2-S231-FORMULA-0098,O007-FREMLIN-V2-S231,O007-RIGHTS-FREMLIN-DSL,O007-FREMLIN-V2-S231-SEG-231E,98,231E,231E,148,149,5526,5538,5946,5958,E\in\Sigma,E\in\Sigma,afe4bbaaedba5158924d3a0bd77f0304472650e71de5aed22515cc3a0a8e1bd2,afe4bbaaedba5158924d3a0bd77f0304472650e71de5aed22515cc3a0a8e1bd2,afe4bbaaedba5158924d3a0bd77f0304472650e71de5aed22515cc3a0a8e1bd2,$,afe4bbaaedba5158924d3a0bd77f0304472650e71de5aed22515cc3a0a8e1bd2,afe4bbaaedba5158924d3a0bd77f0304472650e71de5aed22515cc3a0a8e1bd2,"{""basis"":""ordered nested-math atom; exact symbolic replay"",""kind"":""source-target-formula-map""}"
1.1.0,formula,O007-FREMLIN-V2-S231-FORMULA-0099,O007-FREMLIN-V2-S231,O007-RIGHTS-FREMLIN-DSL,O007-FREMLIN-V2-S231-SEG-231E,99,231E,231E,148,149,5544,5592,5969,6017,"M(E)=\sup\{|\nu F|:F\in\Sigma,\,F\subseteq E\}","M(E)=\sup\{|\nu F|:F\in\Sigma,\,F\subseteq E\}",c6722f59643a68d6d7ef9dac14eb12941c2458a1ee6a3a7a375b73f8817e9e40,c6722f59643a68d6d7ef9dac14eb12941c2458a1ee6a3a7a375b73f8817e9e40,3bb3d7bf67d01d8fd5a8e1a7bdaabb1636d76e483f5cac88ccb15f791e8a94b8,$,3bb3d7bf67d01d8fd5a8e1a7bdaabb1636d76e483f5cac88ccb15f791e8a94b8,3bb3d7bf67d01d8fd5a8e1a7bdaabb1636d76e483f5cac88ccb15f791e8a94b8,"{""basis"":""ordered nested-math atom; exact symbolic replay"",""kind"":""source-target-formula-map""}"
1.1.0,formula,O007-FREMLIN-V2-S231-FORMULA-0100,O007-FREMLIN-V2-S231,O007-RIGHTS-FREMLIN-DSL,O007-FREMLIN-V2-S231-SEG-231E,100,231E,231E,149,150,5600,5613,6025,6038,M(X)=\infty,M(X)=\infty,caaa65d8140e091b3b649c46b8aa25848c7fe44f3a8d436b50d626a5d22b1294,caaa65d8140e091b3b649c46b8aa25848c7fe44f3a8d436b50d626a5d22b1294,caaa65d8140e091b3b649c46b8aa25848c7fe44f3a8d436b50d626a5d22b1294,$,caaa65d8140e091b3b649c46b8aa25848c7fe44f3a8d436b50d626a5d22b1294,caaa65d8140e091b3b649c46b8aa25848c7fe44f3a8d436b50d626a5d22b1294,"{""basis"":""ordered nested-math atom; exact symbolic replay"",""kind"":""source-target-formula-map""}"
1.1.0,formula,O007-FREMLIN-V2-S231-FORMULA-0101,O007-FREMLIN-V2-S231,O007-RIGHTS-FREMLIN-DSL,O007-FREMLIN-V2-S231-SEG-231E,101,231E,231E,149,150,5636,5641,6064,6069,E_1,E_1,a6ee72f7ee077722a77fa76f87dc214aadea355e5b68498a012b46d435d243a6,a6ee72f7ee077722a77fa76f87dc214aadea355e5b68498a012b46d435d243a6,a6ee72f7ee077722a77fa76f87dc214aadea355e5b68498a012b46d435d243a6,$,a6ee72f7ee077722a77fa76f87dc214aadea355e5b68498a012b46d435d243a6,a6ee72f7ee077722a77fa76f87dc214aadea355e5b68498a012b46d435d243a6,"{""basis"":""ordered nested-math atom; exact symbolic replay"",""kind"":""source-target-formula-map""}"
1.1.0,formula,O007-FREMLIN-V2-S231-FORMULA-0102,O007-FREMLIN-V2-S231,O007-RIGHTS-FREMLIN-DSL,O007-FREMLIN-V2-S231-SEG-231E,102,231E,231E,149,150,5643,5648,6071,6076,E_2,E_2,98af5c47feb2b63c365d2522a5a787aee947e684bf7fdae08355dd2b2f7d612b,98af5c47feb2b63c365d2522a5a787aee947e684bf7fdae08355dd2b2f7d612b,98af5c47feb2b63c365d2522a5a787aee947e684bf7fdae08355dd2b2f7d612b,$,98af5c47feb2b63c365d2522a5a787aee947e684bf7fdae08355dd2b2f7d612b,98af5c47feb2b63c365d2522a5a787aee947e684bf7fdae08355dd2b2f7d612b,"{""basis"":""ordered nested-math atom; exact symbolic replay"",""kind"":""source-target-formula-map""}"
1.1.0,formula,O007-FREMLIN-V2-S231-FORMULA-0103,O007-FREMLIN-V2-S231,O007-RIGHTS-FREMLIN-DSL,O007-FREMLIN-V2-S231-SEG-231E,103,231E,231E,149,150,5650,5662,6078,6090,F\in\Sigma,F\in\Sigma,65b127545966720002875b7921f02a35d214624fcf61cbaceb81857933de3616,65b127545966720002875b7921f02a35d214624fcf61cbaceb81857933de3616,65b127545966720002875b7921f02a35d214624fcf61cbaceb81857933de3616,$,65b127545966720002875b7921f02a35d214624fcf61cbaceb81857933de3616,65b127545966720002875b7921f02a35d214624fcf61cbaceb81857933de3616,"{""basis"":""ordered nested-math atom; exact symbolic replay"",""kind"":""source-target-formula-map""}"
1.1.0,formula,O007-FREMLIN-V2-S231-FORMULA-0104,O007-FREMLIN-V2-S231,O007-RIGHTS-FREMLIN-DSL,O007-FREMLIN-V2-S231-SEG-231E,104,231E,231E,150,151,5668,5692,6096,6120,F\subseteq E_1\cup E_2,F\subseteq E_1\cup E_2,d1680b36e15ec633ebe334da63cb74993d3f061cc2d85a46b3d43e3224a3312f,d1680b36e15ec633ebe334da63cb74993d3f061cc2d85a46b3d43e3224a3312f,854f3613398add0aac845d5dce4e19df9e43475be59a98c47105bcad6f5ee777,$,854f3613398add0aac845d5dce4e19df9e43475be59a98c47105bcad6f5ee777,854f3613398add0aac845d5dce4e19df9e43475be59a98c47105bcad6f5ee777,"{""basis"":""ordered nested-math atom; exact symbolic replay"",""kind"":""source-target-formula-map""}"
1.1.0,formula,O007-FREMLIN-V2-S231-FORMULA-0105,O007-FREMLIN-V2-S231,O007-RIGHTS-FREMLIN-DSL,O007-FREMLIN-V2-S231-SEG-231E,105,231E,231E,152,153,5719,5825,6157,6263,"|\nu F|=|\nu(F\cap E_1)+\nu(F\setminus E_1)| 
\le|\nu(F\cap E_1)|+|\nu(F\setminus E_1)|\le M(E_1)+M(E_2)","|\nu F|=|\nu(F\cap E_1)+\nu(F\setminus E_1)| 
\le|\nu(F\cap E_1)|+|\nu(F\setminus E_1)|\le M(E_1)+M(E_2)",0d42c419bde373d450f5ef75fee9ad4f71aac3ee42a9e72d8b5ca76d101f04e3,0d42c419bde373d450f5ef75fee9ad4f71aac3ee42a9e72d8b5ca76d101f04e3,40405118227c1b9d041b13b5004c4905916e28303333d068359796cf85789fc2,$,40405118227c1b9d041b13b5004c4905916e28303333d068359796cf85789fc2,40405118227c1b9d041b13b5004c4905916e28303333d068359796cf85789fc2,"{""basis"":""ordered nested-math atom; exact symbolic replay"",""kind"":""source-target-formula-map""}"
1.1.0,formula,O007-FREMLIN-V2-S231-FORMULA-0106,O007-FREMLIN-V2-S231,O007-RIGHTS-FREMLIN-DSL,O007-FREMLIN-V2-S231-SEG-231E,106,231E,231E,155,156,5849,5883,6293,6327,"M(E_1\cup E_2)\le 
M(E_1)+M(E_2)","M(E_1\cup E_2)\le 
M(E_1)+M(E_2)",b220d5161a9749ef8403c8528a07abb69f2c61e24c8f7c202e7d854e49be5c5c,b220d5161a9749ef8403c8528a07abb69f2c61e24c8f7c202e7d854e49be5c5c,5f9362702f6a924060e04630f8f1333bf09b7b27a79998c687da402d5ddb1af7,$,5f9362702f6a924060e04630f8f1333bf09b7b27a79998c687da402d5ddb1af7,5f9362702f6a924060e04630f8f1333bf09b7b27a79998c687da402d5ddb1af7,"{""basis"":""ordered nested-math atom; exact symbolic replay"",""kind"":""source-target-formula-map""}"
1.1.0,formula,O007-FREMLIN-V2-S231-FORMULA-0107,O007-FREMLIN-V2-S231,O007-RIGHTS-FREMLIN-DSL,O007-FREMLIN-V2-S231-SEG-231E,107,231E,231E,156,157,5905,5922,6351,6368,\sequencen{E_n},\sequencen{E_n},fb72efffaef2718f064f6738776455109a431cf083b415e4e69d96004f7fe54f,fb72efffaef2718f064f6738776455109a431cf083b415e4e69d96004f7fe54f,fb72efffaef2718f064f6738776455109a431cf083b415e4e69d96004f7fe54f,$,fb72efffaef2718f064f6738776455109a431cf083b415e4e69d96004f7fe54f,fb72efffaef2718f064f6738776455109a431cf083b415e4e69d96004f7fe54f,"{""basis"":""ordered nested-math atom; exact symbolic replay"",""kind"":""source-target-formula-map""}"
1.1.0,formula,O007-FREMLIN-V2-S231-FORMULA-0108,O007-FREMLIN-V2-S231,O007-RIGHTS-FREMLIN-DSL,O007-FREMLIN-V2-S231-SEG-231E,108,231E,231E,156,157,5926,5934,6378,6386,\Sigma,\Sigma,d65d75b1e6562713a3936bb38fdfe6832fb5b96c946de58f7ce0992057665aa8,d65d75b1e6562713a3936bb38fdfe6832fb5b96c946de58f7ce0992057665aa8,d65d75b1e6562713a3936bb38fdfe6832fb5b96c946de58f7ce0992057665aa8,$,d65d75b1e6562713a3936bb38fdfe6832fb5b96c946de58f7ce0992057665aa8,d65d75b1e6562713a3936bb38fdfe6832fb5b96c946de58f7ce0992057665aa8,"{""basis"":""ordered nested-math atom; exact symbolic replay"",""kind"":""source-target-formula-map""}"
1.1.0,formula,O007-FREMLIN-V2-S231-FORMULA-0109,O007-FREMLIN-V2-S231,O007-RIGHTS-FREMLIN-DSL,O007-FREMLIN-V2-S231-SEG-231E,109,231E,231E,157,158,5950,5957,6416,6423,E_0=X,E_0=X,3fd931083260fdc57341ed9b45c99a3083d006e90c77e67e88f4874920b22e5c,3fd931083260fdc57341ed9b45c99a3083d006e90c77e67e88f4874920b22e5c,3fd931083260fdc57341ed9b45c99a3083d006e90c77e67e88f4874920b22e5c,$,3fd931083260fdc57341ed9b45c99a3083d006e90c77e67e88f4874920b22e5c,3fd931083260fdc57341ed9b45c99a3083d006e90c77e67e88f4874920b22e5c,"{""basis"":""ordered nested-math atom; exact symbolic replay"",""kind"":""source-target-formula-map""}"
1.1.0,formula,O007-FREMLIN-V2-S231-FORMULA-0110,O007-FREMLIN-V2-S231,O007-RIGHTS-FREMLIN-DSL,O007-FREMLIN-V2-S231-SEG-231E,110,231E,231E,157,158,5972,5987,6432,6447,M(E_n)=\infty,M(E_n)=\infty,be42439f4103fa1322b61e7ee3ef46f065bb226fdc61a51e15e0751e430966ac,be42439f4103fa1322b61e7ee3ef46f065bb226fdc61a51e15e0751e430966ac,be42439f4103fa1322b61e7ee3ef46f065bb226fdc61a51e15e0751e430966ac,$,be42439f4103fa1322b61e7ee3ef46f065bb226fdc61a51e15e0751e430966ac,be42439f4103fa1322b61e7ee3ef46f065bb226fdc61a51e15e0751e430966ac,"{""basis"":""ordered nested-math atom; exact symbolic replay"",""kind"":""source-target-formula-map""}"
1.1.0,formula,O007-FREMLIN-V2-S231-FORMULA-0111,O007-FREMLIN-V2-S231,O007-RIGHTS-FREMLIN-DSL,O007-FREMLIN-V2-S231-SEG-231E,111,231E,231E,157,159,5995,6007,6457,6469,n\in\Bbb N,n\in\Bbb N,d213946df59f2b85be55436de61a489b7c24c216dfb26056fc2946b32c730709,d213946df59f2b85be55436de61a489b7c24c216dfb26056fc2946b32c730709,02bb197ae0de627eb1861382dcf81826f92f1895770d739be7f05b2435488186,$,02bb197ae0de627eb1861382dcf81826f92f1895770d739be7f05b2435488186,02bb197ae0de627eb1861382dcf81826f92f1895770d739be7f05b2435488186,"{""basis"":""ordered nested-math atom; exact symbolic replay"",""kind"":""source-target-formula-map""}"
1.1.0,formula,O007-FREMLIN-V2-S231-FORMULA-0112,O007-FREMLIN-V2-S231,O007-RIGHTS-FREMLIN-DSL,O007-FREMLIN-V2-S231-SEG-231E,112,231E,231E,158,159,6034,6052,6497,6515,F_n\subseteq E_n,F_n\subseteq E_n,28b31519e9bd7b45db5a915c4e6cbc99781bbf01340b0932f5206581ba49eeb1,28b31519e9bd7b45db5a915c4e6cbc99781bbf01340b0932f5206581ba49eeb1,b7420ecae34324b57eea8bd20625a1a6539f1add647fe8da51573bf5a74a372f,$,b7420ecae34324b57eea8bd20625a1a6539f1add647fe8da51573bf5a74a372f,b7420ecae34324b57eea8bd20625a1a6539f1add647fe8da51573bf5a74a372f,"{""basis"":""ordered nested-math atom; exact symbolic replay"",""kind"":""source-target-formula-map""}"
1.1.0,formula,O007-FREMLIN-V2-S231-FORMULA-0113,O007-FREMLIN-V2-S231,O007-RIGHTS-FREMLIN-DSL,O007-FREMLIN-V2-S231-SEG-231E,113,231E,231E,159,160,6064,6090,6537,6563,|\nu F_n|\ge 1+|\nu E_n|,|\nu F_n|\ge 1+|\nu E_n|,254ff9a13f129a7d5e69823f6acc03eb12f8f4d6311b3570094d82e36015ea00,254ff9a13f129a7d5e69823f6acc03eb12f8f4d6311b3570094d82e36015ea00,a93646f54328e57de479c46e3a7b4466ba7817c4334fabec6849ad373a84a186,$,a93646f54328e57de479c46e3a7b4466ba7817c4334fabec6849ad373a84a186,a93646f54328e57de479c46e3a7b4466ba7817c4334fabec6849ad373a84a186,"{""basis"":""ordered nested-math atom; exact symbolic replay"",""kind"":""source-target-formula-map""}"
1.1.0,formula,O007-FREMLIN-V2-S231-FORMULA-0114,O007-FREMLIN-V2-S231,O007-RIGHTS-FREMLIN-DSL,O007-FREMLIN-V2-S231-SEG-231E,114,231E,231E,160,161,6107,6137,6575,6605,|\nu(E_n\setminus F_n)|\ge 1,|\nu(E_n\setminus F_n)|\ge 1,996a5aa324fece2652f2c514cda465ab4ecebc23ed561b086a30ebc5128a6f55,996a5aa324fece2652f2c514cda465ab4ecebc23ed561b086a30ebc5128a6f55,c0df13455f5dae704208a3a8eb5bf4a918fbb3b65d7039df7f78602d6a6b51b3,$,c0df13455f5dae704208a3a8eb5bf4a918fbb3b65d7039df7f78602d6a6b51b3,c0df13455f5dae704208a3a8eb5bf4a918fbb3b65d7039df7f78602d6a6b51b3,"{""basis"":""ordered nested-math atom; exact symbolic replay"",""kind"":""source-target-formula-map""}"
1.1.0,formula,O007-FREMLIN-V2-S231-FORMULA-0115,O007-FREMLIN-V2-S231,O007-RIGHTS-FREMLIN-DSL,O007-FREMLIN-V2-S231-SEG-231E,115,231E,231E,161,162,6162,6170,6654,6662,M(F_n),M(F_n),d24e34ba52795f8aaec48b3a97aa3ddf848fae850dcb43d3bf9b64b9637d4f72,d24e34ba52795f8aaec48b3a97aa3ddf848fae850dcb43d3bf9b64b9637d4f72,d24e34ba52795f8aaec48b3a97aa3ddf848fae850dcb43d3bf9b64b9637d4f72,$,d24e34ba52795f8aaec48b3a97aa3ddf848fae850dcb43d3bf9b64b9637d4f72,d24e34ba52795f8aaec48b3a97aa3ddf848fae850dcb43d3bf9b64b9637d4f72,"{""basis"":""ordered nested-math atom; exact symbolic replay"",""kind"":""source-target-formula-map""}"
1.1.0,formula,O007-FREMLIN-V2-S231-FORMULA-0116,O007-FREMLIN-V2-S231,O007-RIGHTS-FREMLIN-DSL,O007-FREMLIN-V2-S231-SEG-231E,116,231E,231E,161,162,6172,6193,6667,6688,M(E_n\setminus F_n),M(E_n\setminus F_n),06f40ea1b25d71d99e98aba4a70cd5fc2e5c459a8733d0fe469d098e647bef2a,06f40ea1b25d71d99e98aba4a70cd5fc2e5c459a8733d0fe469d098e647bef2a,429a960e8bdfc9e9750e57c9b77e90f423ef64d3318e530b5df996457602d90c,$,429a960e8bdfc9e9750e57c9b77e90f423ef64d3318e530b5df996457602d90c,429a960e8bdfc9e9750e57c9b77e90f423ef64d3318e530b5df996457602d90c,"{""basis"":""ordered nested-math atom; exact symbolic replay"",""kind"":""source-target-formula-map""}"
1.1.0,formula,O007-FREMLIN-V2-S231-FORMULA-0117,O007-FREMLIN-V2-S231,O007-RIGHTS-FREMLIN-DSL,O007-FREMLIN-V2-S231-SEG-231E,117,231E,231E,162,163,6212,6227,6710,6725,M(F_n)=\infty,M(F_n)=\infty,cabd9f80b9d4331db7de9dcadff1bfb7a1d66f7654e6460dae704e21a2eb99c5,cabd9f80b9d4331db7de9dcadff1bfb7a1d66f7654e6460dae704e21a2eb99c5,cabd9f80b9d4331db7de9dcadff1bfb7a1d66f7654e6460dae704e21a2eb99c5,$,cabd9f80b9d4331db7de9dcadff1bfb7a1d66f7654e6460dae704e21a2eb99c5,cabd9f80b9d4331db7de9dcadff1bfb7a1d66f7654e6460dae704e21a2eb99c5,"{""basis"":""ordered nested-math atom; exact symbolic replay"",""kind"":""source-target-formula-map""}"
1.1.0,formula,O007-FREMLIN-V2-S231-FORMULA-0118,O007-FREMLIN-V2-S231,O007-RIGHTS-FREMLIN-DSL,O007-FREMLIN-V2-S231-SEG-231E,118,231E,231E,162,163,6233,6246,6736,6749,E_{n+1}=F_n,E_{n+1}=F_n,96b43ef94aa53a76105cc817bc9c914d0e6b4e44b9f132ee663420932559b8fa,96b43ef94aa53a76105cc817bc9c914d0e6b4e44b9f132ee663420932559b8fa,96b43ef94aa53a76105cc817bc9c914d0e6b4e44b9f132ee663420932559b8fa,$,96b43ef94aa53a76105cc817bc9c914d0e6b4e44b9f132ee663420932559b8fa,96b43ef94aa53a76105cc817bc9c914d0e6b4e44b9f132ee663420932559b8fa,"{""basis"":""ordered nested-math atom; exact symbolic replay"",""kind"":""source-target-formula-map""}"
1.1.0,formula,O007-FREMLIN-V2-S231-FORMULA-0119,O007-FREMLIN-V2-S231,O007-RIGHTS-FREMLIN-DSL,O007-FREMLIN-V2-S231-SEG-231E,119,231E,231E,163,164,6265,6291,6773,6799,E_{n+1}=E_n\setminus F_n,E_{n+1}=E_n\setminus F_n,deb7d44ccc053a9125138a4d0f6b1229d81218da280da99135b4de45d9e426fb,deb7d44ccc053a9125138a4d0f6b1229d81218da280da99135b4de45d9e426fb,abb3d896790f0a61ad03f0efdfea75f3fc8dcbcb9da87a5965081571fdd5c21a,$,abb3d896790f0a61ad03f0efdfea75f3fc8dcbcb9da87a5965081571fdd5c21a,abb3d896790f0a61ad03f0efdfea75f3fc8dcbcb9da87a5965081571fdd5c21a,"{""basis"":""ordered nested-math atom; exact symbolic replay"",""kind"":""source-target-formula-map""}"
1.1.0,formula,O007-FREMLIN-V2-S231-FORMULA-0120,O007-FREMLIN-V2-S231,O007-RIGHTS-FREMLIN-DSL,O007-FREMLIN-V2-S231-SEG-231E,120,231E,231E,164,165,6321,6355,6838,6872,|\nu(E_n\setminus E_{n+1})|\ge 1,|\nu(E_n\setminus E_{n+1})|\ge 1,e75e07f1c44db25ca5afb371399c54956cbf966caeee3e83883686b0c1d8061c,e75e07f1c44db25ca5afb371399c54956cbf966caeee3e83883686b0c1d8061c,b00d4105049af15b672c169464322e31857d986b004328ab8f703e9358e19828,$,b00d4105049af15b672c169464322e31857d986b004328ab8f703e9358e19828,b00d4105049af15b672c169464322e31857d986b004328ab8f703e9358e19828,"{""basis"":""ordered nested-math atom; exact symbolic replay"",""kind"":""source-target-formula-map""}"
1.1.0,formula,O007-FREMLIN-V2-S231-FORMULA-0121,O007-FREMLIN-V2-S231,O007-RIGHTS-FREMLIN-DSL,O007-FREMLIN-V2-S231-SEG-231E,121,231E,231E,164,165,6360,6379,6877,6896,M(E_{n+1})=\infty,M(E_{n+1})=\infty,09ceeb39030b4354e621ed38e9539b377d53036b2fe2f984d663d2e7c8f06d90,09ceeb39030b4354e621ed38e9539b377d53036b2fe2f984d663d2e7c8f06d90,09ceeb39030b4354e621ed38e9539b377d53036b2fe2f984d663d2e7c8f06d90,$,09ceeb39030b4354e621ed38e9539b377d53036b2fe2f984d663d2e7c8f06d90,09ceeb39030b4354e621ed38e9539b377d53036b2fe2f984d663d2e7c8f06d90,"{""basis"":""ordered nested-math atom; exact symbolic replay"",""kind"":""source-target-formula-map""}"
1.1.0,formula,O007-FREMLIN-V2-S231-FORMULA-0122,O007-FREMLIN-V2-S231,O007-RIGHTS-FREMLIN-DSL,O007-FREMLIN-V2-S231-SEG-231E,122,231E,231E,167,169,6461,6487,6988,7014,G_n=E_n\setminus E_{n+1},G_n=E_n\setminus E_{n+1},0a728cfc2873a88a899677af7ad27e1c4d4524268d18d9d8f40997bf009d46e4,0a728cfc2873a88a899677af7ad27e1c4d4524268d18d9d8f40997bf009d46e4,604b5fec90e512d5349b919ff2475920ed83f9654bf8e7d803ee2a04c5a831f2,$,604b5fec90e512d5349b919ff2475920ed83f9654bf8e7d803ee2a04c5a831f2,604b5fec90e512d5349b919ff2475920ed83f9654bf8e7d803ee2a04c5a831f2,"{""basis"":""ordered nested-math atom; exact symbolic replay"",""kind"":""source-target-formula-map""}"
1.1.0,formula,O007-FREMLIN-V2-S231-FORMULA-0123,O007-FREMLIN-V2-S231,O007-RIGHTS-FREMLIN-DSL,O007-FREMLIN-V2-S231-SEG-231E,123,231E,231E,168,169,6493,6505,7021,7033,n\in\Bbb N,n\in\Bbb N,d213946df59f2b85be55436de61a489b7c24c216dfb26056fc2946b32c730709,d213946df59f2b85be55436de61a489b7c24c216dfb26056fc2946b32c730709,02bb197ae0de627eb1861382dcf81826f92f1895770d739be7f05b2435488186,$,02bb197ae0de627eb1861382dcf81826f92f1895770d739be7f05b2435488186,02bb197ae0de627eb1861382dcf81826f92f1895770d739be7f05b2435488186,"{""basis"":""ordered nested-math atom; exact symbolic replay"",""kind"":""source-target-formula-map""}"
1.1.0,formula,O007-FREMLIN-V2-S231-FORMULA-0124,O007-FREMLIN-V2-S231,O007-RIGHTS-FREMLIN-DSL,O007-FREMLIN-V2-S231-SEG-231E,124,231E,231E,168,170,6514,6531,7043,7060,\sequencen{G_n},\sequencen{G_n},a53adbb44efd30abf0021961abe66b8623b3cffbdb7859579edb1726c5a496d1,a53adbb44efd30abf0021961abe66b8623b3cffbdb7859579edb1726c5a496d1,a53adbb44efd30abf0021961abe66b8623b3cffbdb7859579edb1726c5a496d1,$,a53adbb44efd30abf0021961abe66b8623b3cffbdb7859579edb1726c5a496d1,a53adbb44efd30abf0021961abe66b8623b3cffbdb7859579edb1726c5a496d1,"{""basis"":""ordered nested-math atom; exact symbolic replay"",""kind"":""source-target-formula-map""}"
1.1.0,formula,O007-FREMLIN-V2-S231-FORMULA-0125,O007-FREMLIN-V2-S231,O007-RIGHTS-FREMLIN-DSL,O007-FREMLIN-V2-S231-SEG-231E,125,231E,231E,169,171,6559,6567,7099,7107,\Sigma,\Sigma,d65d75b1e6562713a3936bb38fdfe6832fb5b96c946de58f7ce0992057665aa8,d65d75b1e6562713a3936bb38fdfe6832fb5b96c946de58f7ce0992057665aa8,d65d75b1e6562713a3936bb38fdfe6832fb5b96c946de58f7ce0992057665aa8,$,d65d75b1e6562713a3936bb38fdfe6832fb5b96c946de58f7ce0992057665aa8,d65d75b1e6562713a3936bb38fdfe6832fb5b96c946de58f7ce0992057665aa8,"{""basis"":""ordered nested-math atom; exact symbolic replay"",""kind"":""source-target-formula-map""}"
1.1.0,formula,O007-FREMLIN-V2-S231-FORMULA-0126,O007-FREMLIN-V2-S231,O007-RIGHTS-FREMLIN-DSL,O007-FREMLIN-V2-S231-SEG-231E,126,231E,231E,169,171,6572,6600,7118,7146,\sum_{n=0}^{\infty}\nu G_n,\sum_{n=0}^{\infty}\nu G_n,721b69d273326188161f96c23a9f75f47422e5f023eadf44da4b9ccdc0310d20,721b69d273326188161f96c23a9f75f47422e5f023eadf44da4b9ccdc0310d20,ce8430c35f8f68a64bca0f090e4703fed93702ad390343467b5ce7c0b583bd60,$,ce8430c35f8f68a64bca0f090e4703fed93702ad390343467b5ce7c0b583bd60,ce8430c35f8f68a64bca0f090e4703fed93702ad390343467b5ce7c0b583bd60,"{""basis"":""ordered nested-math atom; exact symbolic replay"",""kind"":""source-target-formula-map""}"
1.1.0,formula,O007-FREMLIN-V2-S231-FORMULA-0127,O007-FREMLIN-V2-S231,O007-RIGHTS-FREMLIN-DSL,O007-FREMLIN-V2-S231-SEG-231E,127,231E,231E,169,171,6615,6623,7162,7170,\Bbb R,\Bbb R,f9d62b077eddf72778fc05527c5aa4d2352f16a46a94808294fdc2cb7e406580,f9d62b077eddf72778fc05527c5aa4d2352f16a46a94808294fdc2cb7e406580,22316cdc991b42844c0fcdb72f227b6d4c0e8457a736e325af2845b7b3df7f6c,$,22316cdc991b42844c0fcdb72f227b6d4c0e8457a736e325af2845b7b3df7f6c,22316cdc991b42844c0fcdb72f227b6d4c0e8457a736e325af2845b7b3df7f6c,"{""basis"":""ordered nested-math atom; exact symbolic replay"",""kind"":""source-target-formula-map""}"
1.1.0,formula,O007-FREMLIN-V2-S231-FORMULA-0128,O007-FREMLIN-V2-S231,O007-RIGHTS-FREMLIN-DSL,O007-FREMLIN-V2-S231-SEG-231E,128,231E,231E,170,172,6629,6657,7176,7204,\lim_{n\to\infty}\nu G_n=0,\lim_{n\to\infty}\nu G_n=0,9a0da47a1b48cfea61d4c5717e1dd04c5c00c1761fab09f2f1ada5b0b5c2a6bf,9a0da47a1b48cfea61d4c5717e1dd04c5c00c1761fab09f2f1ada5b0b5c2a6bf,88af6c64c1e87d7cc15e1728a3319e0ae3138f9ca7673a6293e3f4963b9816a2,$,88af6c64c1e87d7cc15e1728a3319e0ae3138f9ca7673a6293e3f4963b9816a2,88af6c64c1e87d7cc15e1728a3319e0ae3138f9ca7673a6293e3f4963b9816a2,"{""basis"":""ordered nested-math atom; exact symbolic replay"",""kind"":""source-target-formula-map""}"
1.1.0,formula,O007-FREMLIN-V2-S231-FORMULA-0129,O007-FREMLIN-V2-S231,O007-RIGHTS-FREMLIN-DSL,O007-FREMLIN-V2-S231-SEG-231E,129,231E,231E,170,172,6664,6680,7213,7229,|\nu G_n|\ge 1,|\nu G_n|\ge 1,d9f9ea96fc192d5b9f9ed50b0fc2ab12befbc272e02b5d35440e7472b0803000,d9f9ea96fc192d5b9f9ed50b0fc2ab12befbc272e02b5d35440e7472b0803000,0691f3c79b22cb320ed66eb675fe5128d8117b103848a2dac1dd324add080e05,$,0691f3c79b22cb320ed66eb675fe5128d8117b103848a2dac1dd324add080e05,0691f3c79b22cb320ed66eb675fe5128d8117b103848a2dac1dd324add080e05,"{""basis"":""ordered nested-math atom; exact symbolic replay"",""kind"":""source-target-formula-map""}"
1.1.0,formula,O007-FREMLIN-V2-S231-FORMULA-0130,O007-FREMLIN-V2-S231,O007-RIGHTS-FREMLIN-DSL,O007-FREMLIN-V2-S231-SEG-231E,130,231E,231E,170,172,6691,6694,7243,7246,n,n,1b16b1df538ba12dc3f97edbb85caa7050d46c148134290feba80f8236c83db9,1b16b1df538ba12dc3f97edbb85caa7050d46c148134290feba80f8236c83db9,1b16b1df538ba12dc3f97edbb85caa7050d46c148134290feba80f8236c83db9,$,1b16b1df538ba12dc3f97edbb85caa7050d46c148134290feba80f8236c83db9,1b16b1df538ba12dc3f97edbb85caa7050d46c148134290feba80f8236c83db9,"{""basis"":""ordered nested-math atom; exact symbolic replay"",""kind"":""source-target-formula-map""}"
1.1.0,formula,O007-FREMLIN-V2-S231-FORMULA-0131,O007-FREMLIN-V2-S231,O007-RIGHTS-FREMLIN-DSL,O007-FREMLIN-V2-S231-SEG-231E,131,231E,231E,175,178,6749,6789,7307,7347,\gamma=\sup\{\nu E:E\in\Sigma\}<\infty,\gamma=\sup\{\nu E:E\in\Sigma\}<\infty,d1f884f0a6b39fa9070583ab52eea0fe909497df14168f28bdbf5f11ec7950f9,d1f884f0a6b39fa9070583ab52eea0fe909497df14168f28bdbf5f11ec7950f9,de590c999398252e2a3f5db2cf25a6dd64c83323adffdf2ce47e1c3df3bfef4a,$,de590c999398252e2a3f5db2cf25a6dd64c83323adffdf2ce47e1c3df3bfef4a,de590c999398252e2a3f5db2cf25a6dd64c83323adffdf2ce47e1c3df3bfef4a,"{""basis"":""ordered nested-math atom; exact symbolic replay"",""kind"":""source-target-formula-map""}"
1.1.0,formula,O007-FREMLIN-V2-S231-FORMULA-0132,O007-FREMLIN-V2-S231,O007-RIGHTS-FREMLIN-DSL,O007-FREMLIN-V2-S231-SEG-231E,132,231E,231E,176,179,6812,6829,7372,7389,\sequencen{E_n},\sequencen{E_n},fb72efffaef2718f064f6738776455109a431cf083b415e4e69d96004f7fe54f,fb72efffaef2718f064f6738776455109a431cf083b415e4e69d96004f7fe54f,fb72efffaef2718f064f6738776455109a431cf083b415e4e69d96004f7fe54f,$,fb72efffaef2718f064f6738776455109a431cf083b415e4e69d96004f7fe54f,fb72efffaef2718f064f6738776455109a431cf083b415e4e69d96004f7fe54f,"{""basis"":""ordered nested-math atom; exact symbolic replay"",""kind"":""source-target-formula-map""}"
1.1.0,formula,O007-FREMLIN-V2-S231-FORMULA-0133,O007-FREMLIN-V2-S231,O007-RIGHTS-FREMLIN-DSL,O007-FREMLIN-V2-S231-SEG-231E,133,231E,231E,176,179,6833,6841,7399,7407,\Sigma,\Sigma,d65d75b1e6562713a3936bb38fdfe6832fb5b96c946de58f7ce0992057665aa8,d65d75b1e6562713a3936bb38fdfe6832fb5b96c946de58f7ce0992057665aa8,d65d75b1e6562713a3936bb38fdfe6832fb5b96c946de58f7ce0992057665aa8,$,d65d75b1e6562713a3936bb38fdfe6832fb5b96c946de58f7ce0992057665aa8,d65d75b1e6562713a3936bb38fdfe6832fb5b96c946de58f7ce0992057665aa8,"{""basis"":""ordered nested-math atom; exact symbolic replay"",""kind"":""source-target-formula-map""}"
1.1.0,formula,O007-FREMLIN-V2-S231-FORMULA-0134,O007-FREMLIN-V2-S231,O007-RIGHTS-FREMLIN-DSL,O007-FREMLIN-V2-S231-SEG-231E,134,231E,231E,177,180,6853,6878,7429,7454,\nu E_n\ge\gamma-2^{-n},\nu E_n\ge\gamma-2^{-n},003e4bb4bc0b4a614a3d43927fa6621f06449e776deaf8fea0ff14a623391147,003e4bb4bc0b4a614a3d43927fa6621f06449e776deaf8fea0ff14a623391147,941e6aebe4f4db1a6951654fbd3c753c8f50dc6e09e93bbd14d0f2dcb860519a,$,941e6aebe4f4db1a6951654fbd3c753c8f50dc6e09e93bbd14d0f2dcb860519a,941e6aebe4f4db1a6951654fbd3c753c8f50dc6e09e93bbd14d0f2dcb860519a,"{""basis"":""ordered nested-math atom; exact symbolic replay"",""kind"":""source-target-formula-map""}"
1.1.0,formula,O007-FREMLIN-V2-S231-FORMULA-0135,O007-FREMLIN-V2-S231,O007-RIGHTS-FREMLIN-DSL,O007-FREMLIN-V2-S231-SEG-231E,135,231E,231E,177,180,6889,6901,7468,7480,n\in\Bbb N,n\in\Bbb N,d213946df59f2b85be55436de61a489b7c24c216dfb26056fc2946b32c730709,d213946df59f2b85be55436de61a489b7c24c216dfb26056fc2946b32c730709,02bb197ae0de627eb1861382dcf81826f92f1895770d739be7f05b2435488186,$,02bb197ae0de627eb1861382dcf81826f92f1895770d739be7f05b2435488186,02bb197ae0de627eb1861382dcf81826f92f1895770d739be7f05b2435488186,"{""basis"":""ordered nested-math atom; exact symbolic replay"",""kind"":""source-target-formula-map""}"
1.1.0,formula,O007-FREMLIN-V2-S231-FORMULA-0136,O007-FREMLIN-V2-S231,O007-RIGHTS-FREMLIN-DSL,O007-FREMLIN-V2-S231-SEG-231E,136,231E,231E,178,181,6910,6927,7491,7508,m\le n\in\Bbb N,m\le n\in\Bbb N,3e2beb6bd83c65b8b788fcc847d46f6cfa2e3584c5fc1b7339bb60597ecb916c,3e2beb6bd83c65b8b788fcc847d46f6cfa2e3584c5fc1b7339bb60597ecb916c,f97840cc1bc7fbb6ab88018b6ff05ccf62cadf73597d998aa09c7015c9f01016,$,f97840cc1bc7fbb6ab88018b6ff05ccf62cadf73597d998aa09c7015c9f01016,f97840cc1bc7fbb6ab88018b6ff05ccf62cadf73597d998aa09c7015c9f01016,"{""basis"":""ordered nested-math atom; exact symbolic replay"",""kind"":""source-target-formula-map""}"
1.1.0,formula,O007-FREMLIN-V2-S231-FORMULA-0137,O007-FREMLIN-V2-S231,O007-RIGHTS-FREMLIN-DSL,O007-FREMLIN-V2-S231-SEG-231E,137,231E,231E,178,181,6933,6966,7519,7552,F_{mn}=\bigcap_{m\le i\le n}E_i,F_{mn}=\bigcap_{m\le i\le n}E_i,415115915d99f9f6d718469c87ad08e66bdb3a38f201ae748ef4d715910db6da,415115915d99f9f6d718469c87ad08e66bdb3a38f201ae748ef4d715910db6da,0574c6913c72bec7afef2d3aeb0d1a338f0eeef6cf11b2b41f74796ffcbb82c5,$,0574c6913c72bec7afef2d3aeb0d1a338f0eeef6cf11b2b41f74796ffcbb82c5,0574c6913c72bec7afef2d3aeb0d1a338f0eeef6cf11b2b41f74796ffcbb82c5,"{""basis"":""ordered nested-math atom; exact symbolic replay"",""kind"":""source-target-formula-map""}"
1.1.0,formula,O007-FREMLIN-V2-S231-FORMULA-0138,O007-FREMLIN-V2-S231,O007-RIGHTS-FREMLIN-DSL,O007-FREMLIN-V2-S231-SEG-231E,138,231E,231E,179,182,6976,7018,7562,7604,\nu F_{mn}\ge\gamma-2\cdot 2^{-m}+2^{-n},\nu F_{mn}\ge\gamma-2\cdot 2^{-m}+2^{-n},24467d3140535163a99a84be2b2339d5e51470f1fbe4f7562abbec5a429baf26,24467d3140535163a99a84be2b2339d5e51470f1fbe4f7562abbec5a429baf26,5067d9600a829ee3e4a4251e79df05e595dd1d61507f8537263974b43d55e629,$,5067d9600a829ee3e4a4251e79df05e595dd1d61507f8537263974b43d55e629,5067d9600a829ee3e4a4251e79df05e595dd1d61507f8537263974b43d55e629,"{""basis"":""ordered nested-math atom; exact symbolic replay"",""kind"":""source-target-formula-map""}"
1.1.0,formula,O007-FREMLIN-V2-S231-FORMULA-0139,O007-FREMLIN-V2-S231,O007-RIGHTS-FREMLIN-DSL,O007-FREMLIN-V2-S231-SEG-231E,139,231E,231E,179,182,7029,7037,7618,7626,n\ge m,n\ge m,be8aaf59162f0d20aed79661d277d1906ad287f351b2dc51b76f9258f71937f5,be8aaf59162f0d20aed79661d277d1906ad287f351b2dc51b76f9258f71937f5,a7e3f155cd33c9f88d4ea3687aa4c1aed789f38fa7417dcdc6cb6b3dd9807b8c,$,a7e3f155cd33c9f88d4ea3687aa4c1aed789f38fa7417dcdc6cb6b3dd9807b8c,a7e3f155cd33c9f88d4ea3687aa4c1aed789f38fa7417dcdc6cb6b3dd9807b8c,"{""basis"":""ordered nested-math atom; exact symbolic replay"",""kind"":""source-target-formula-map""}"
1.1.0,formula,O007-FREMLIN-V2-S231-FORMULA-0140,O007-FREMLIN-V2-S231,O007-RIGHTS-FREMLIN-DSL,O007-FREMLIN-V2-S231-SEG-231E,140,231E,231E,180,183,7058,7061,7658,7661,n,n,1b16b1df538ba12dc3f97edbb85caa7050d46c148134290feba80f8236c83db9,1b16b1df538ba12dc3f97edbb85caa7050d46c148134290feba80f8236c83db9,1b16b1df538ba12dc3f97edbb85caa7050d46c148134290feba80f8236c83db9,$,1b16b1df538ba12dc3f97edbb85caa7050d46c148134290feba80f8236c83db9,1b16b1df538ba12dc3f97edbb85caa7050d46c148134290feba80f8236c83db9,"{""basis"":""ordered nested-math atom; exact symbolic replay"",""kind"":""source-target-formula-map""}"
1.1.0,formula,O007-FREMLIN-V2-S231-FORMULA-0141,O007-FREMLIN-V2-S231,O007-RIGHTS-FREMLIN-DSL,O007-FREMLIN-V2-S231-SEG-231E,141,231E,231E,180,183,7069,7074,7669,7674,n=m,n=m,867ceee82006baa3b0d51ff153328cf72479fd721609fd23e3a5ac6eed2bd87d,867ceee82006baa3b0d51ff153328cf72479fd721609fd23e3a5ac6eed2bd87d,867ceee82006baa3b0d51ff153328cf72479fd721609fd23e3a5ac6eed2bd87d,$,867ceee82006baa3b0d51ff153328cf72479fd721609fd23e3a5ac6eed2bd87d,867ceee82006baa3b0d51ff153328cf72479fd721609fd23e3a5ac6eed2bd87d,"{""basis"":""ordered nested-math atom; exact symbolic replay"",""kind"":""source-target-formula-map""}"
1.1.0,formula,O007-FREMLIN-V2-S231-FORMULA-0142,O007-FREMLIN-V2-S231,O007-RIGHTS-FREMLIN-DSL,O007-FREMLIN-V2-S231-SEG-231E,142,231E,231E,180,184,7105,7117,7726,7738,E_m=F_{mm},E_m=F_{mm},701bd13f13e4895d65b717fff79e3e06bc37f9905fb935e683263c3487e76494,701bd13f13e4895d65b717fff79e3e06bc37f9905fb935e683263c3487e76494,701bd13f13e4895d65b717fff79e3e06bc37f9905fb935e683263c3487e76494,$,701bd13f13e4895d65b717fff79e3e06bc37f9905fb935e683263c3487e76494,701bd13f13e4895d65b717fff79e3e06bc37f9905fb935e683263c3487e76494,"{""basis"":""ordered nested-math atom; exact symbolic replay"",""kind"":""source-target-formula-map""}"
1.1.0,formula,O007-FREMLIN-V2-S231-FORMULA-0143,O007-FREMLIN-V2-S231,O007-RIGHTS-FREMLIN-DSL,O007-FREMLIN-V2-S231-SEG-231E,143,231E,231E,181,185,7152,7182,7779,7809,"F_{m,n+1}=F_{mn}\cap E_{n+1}","F_{m,n+1}=F_{mn}\cap E_{n+1}",96cf05c32a7c09a0e02a5aeacdede6c1942eef26c3f0390316f8f4aa54d1634b,96cf05c32a7c09a0e02a5aeacdede6c1942eef26c3f0390316f8f4aa54d1634b,94e2785e4232afb13b869da99d89ea11ff676f25fb6155089dbc74db949e41f5,$,94e2785e4232afb13b869da99d89ea11ff676f25fb6155089dbc74db949e41f5,94e2785e4232afb13b869da99d89ea11ff676f25fb6155089dbc74db949e41f5,"{""basis"":""ordered nested-math atom; exact symbolic replay"",""kind"":""source-target-formula-map""}"
1.1.0,formula,O007-FREMLIN-V2-S231-FORMULA-0144,O007-FREMLIN-V2-S231,O007-RIGHTS-FREMLIN-DSL,O007-FREMLIN-V2-S231-SEG-231E,144,231E,231E,182,186,7198,7232,7833,7867,\gamma\ge\nu(E_{n+1}\cup F_{mn}),\gamma\ge\nu(E_{n+1}\cup F_{mn}),8dc81957b88fe0124eccff485367c0877a6eec1a46d38e5562d93c9ee1429c1c,8dc81957b88fe0124eccff485367c0877a6eec1a46d38e5562d93c9ee1429c1c,6874c554da8c37a415154a60b4439d83e344595bba3997e05364d4f0859e8245,$,6874c554da8c37a415154a60b4439d83e344595bba3997e05364d4f0859e8245,6874c554da8c37a415154a60b4439d83e344595bba3997e05364d4f0859e8245,"{""basis"":""ordered nested-math atom; exact symbolic replay"",""kind"":""source-target-formula-map""}"
1.1.0,formula,O007-FREMLIN-V2-S231-FORMULA-0145,O007-FREMLIN-V2-S231,O007-RIGHTS-FREMLIN-DSL,O007-FREMLIN-V2-S231-SEG-231E,145,231E,231E,184,188,7245,7540,7886,8179,"\eqalignno{\gamma+\nu F_{m,n+1} 
&\ge\nu(E_{n+1}\cup F_{mn})+\nu(E_{n+1}\cap F_{mn})\cr&
=\nu E_{n+1}+\nu F_{mn}
\Displaycause{231Bc}
\ge\gamma-2^{-n-1}+\gamma-2\cdot 2^{-m}+2^{-n}
\Displaycause{by the choice of $E_{n+1}$ and the inductive 
hypothesis} 
=2\gamma-2\cdot 2^{-m}+2^{-n-1}.
\cr}","\eqalignno{\gamma+\nu F_{m,n+1} 
&\ge\nu(E_{n+1}\cup F_{mn})+\nu(E_{n+1}\cap F_{mn})\cr&
=\nu E_{n+1}+\nu F_{mn}
\Displaycause{231Bc}
\ge\gamma-2^{-n-1}+\gamma-2\cdot 2^{-m}+2^{-n}
\Displaycause{berdasarkan pemilihan $E_{n+1}$ dan hipotesis 
induksi} 
=2\gamma-2\cdot 2^{-m}+2^{-n-1}.
\cr}",cc751c3b7b0fa11464b5de1fb76d18f686f5a54af535113af19d9d3e468c9df5,dbf4ad9f1e4b9a81755293573e6824b91e06d3313279789034a2c9f3c7929c4b,6742e8f8d84cb04da27562a9c16c7ffb3f0648764b9def9c647a466be085d681,$$,d93829afc4f70a765484eb94e5e8bb15414ce961d8d1b35f37766e706ff5fdfb,6742e8f8d84cb04da27562a9c16c7ffb3f0648764b9def9c647a466be085d681,"{""basis"":""ordered nested-math atom; reader-text localization inside math"",""kind"":""source-target-formula-map""}"
1.1.0,formula,O007-FREMLIN-V2-S231-FORMULA-0146,O007-FREMLIN-V2-S231,O007-RIGHTS-FREMLIN-DSL,O007-FREMLIN-V2-S231-SEG-231E,146,231E,231E,194,198,7571,7579,8218,8226,\gamma,\gamma,67610b0632683369b69db194167ac4c38ed7c7cfab252970ced9e152b9b45554,67610b0632683369b69db194167ac4c38ed7c7cfab252970ced9e152b9b45554,67610b0632683369b69db194167ac4c38ed7c7cfab252970ced9e152b9b45554,$,67610b0632683369b69db194167ac4c38ed7c7cfab252970ced9e152b9b45554,67610b0632683369b69db194167ac4c38ed7c7cfab252970ced9e152b9b45554,"{""basis"":""ordered nested-math atom; exact symbolic replay"",""kind"":""source-target-formula-map""}"
1.1.0,formula,O007-FREMLIN-V2-S231-FORMULA-0147,O007-FREMLIN-V2-S231,O007-RIGHTS-FREMLIN-DSL,O007-FREMLIN-V2-S231-SEG-231E,147,231E,231E,195,199,7598,7645,8245,8292,"\nu F_{m,n+1}\ge\gamma-2\cdot 2^{-m}+2^{-n-1}","\nu F_{m,n+1}\ge\gamma-2\cdot 2^{-m}+2^{-n-1}",f68c092c323e92a254109d3b53730ea0c0dca268d63a5ff856b0308034881df4,f68c092c323e92a254109d3b53730ea0c0dca268d63a5ff856b0308034881df4,fa10ddd3210cbeb1e6f84edc31ab21ded0af5733096c076787c4811773b76d59,$,fa10ddd3210cbeb1e6f84edc31ab21ded0af5733096c076787c4811773b76d59,fa10ddd3210cbeb1e6f84edc31ab21ded0af5733096c076787c4811773b76d59,"{""basis"":""ordered nested-math atom; exact symbolic replay"",""kind"":""source-target-formula-map""}"
1.1.0,formula,O007-FREMLIN-V2-S231-FORMULA-0148,O007-FREMLIN-V2-S231,O007-RIGHTS-FREMLIN-DSL,O007-FREMLIN-V2-S231-SEG-231E,148,231E,231E,200,204,7725,7737,8369,8381,m\in\Bbb N,m\in\Bbb N,2ed9517f49c9b1454dee4d57426e748688821ffd750dd0bcd3d96fe10d808789,2ed9517f49c9b1454dee4d57426e748688821ffd750dd0bcd3d96fe10d808789,85c5d31bf8d7914c672d24fa9ab9a79e731bed9c2997906495b11ab2d6a271f6,$,85c5d31bf8d7914c672d24fa9ab9a79e731bed9c2997906495b11ab2d6a271f6,85c5d31bf8d7914c672d24fa9ab9a79e731bed9c2997906495b11ab2d6a271f6,"{""basis"":""ordered nested-math atom; exact symbolic replay"",""kind"":""source-target-formula-map""}"
1.1.0,formula,O007-FREMLIN-V2-S231-FORMULA-0149,O007-FREMLIN-V2-S231,O007-RIGHTS-FREMLIN-DSL,O007-FREMLIN-V2-S231-SEG-231E,149,231E,231E,202,206,7763,7811,8412,8460,F_m=\bigcap_{n\ge m}F_{mn}=\bigcap_{n\ge m}E_n,F_m=\bigcap_{n\ge m}F_{mn}=\bigcap_{n\ge m}E_n,42d2fcfb2ffd69cb99dc3491eb2be1d702c30086b1fb2ca1ef353fe9ca2c811f,42d2fcfb2ffd69cb99dc3491eb2be1d702c30086b1fb2ca1ef353fe9ca2c811f,dfdf5bab0afe32b0bc747a6c91d05fbb10ee65c6b4e2779f6f23f69b9d97294c,$,dfdf5bab0afe32b0bc747a6c91d05fbb10ee65c6b4e2779f6f23f69b9d97294c,dfdf5bab0afe32b0bc747a6c91d05fbb10ee65c6b4e2779f6f23f69b9d97294c,"{""basis"":""ordered nested-math atom; exact symbolic replay"",""kind"":""source-target-formula-map""}"
1.1.0,formula,O007-FREMLIN-V2-S231-FORMULA-0150,O007-FREMLIN-V2-S231,O007-RIGHTS-FREMLIN-DSL,O007-FREMLIN-V2-S231-SEG-231E,150,231E,231E,206,210,7857,7919,8506,8568,"\nu F_m 
=\lim_{n\to\infty}\nu F_{mn}\ge\gamma-2\cdot 2^{-m}","\nu F_m 
=\lim_{n\to\infty}\nu F_{mn}\ge\gamma-2\cdot 2^{-m}",2ce111849574806e86d758917c6aec75b6c0454c4e53a544099ed9e2f0ccfb86,2ce111849574806e86d758917c6aec75b6c0454c4e53a544099ed9e2f0ccfb86,d556d30d0d2d52a5c6645e394a59056dd4b495f903502a6ecf18e103294bd3b7,$,d556d30d0d2d52a5c6645e394a59056dd4b495f903502a6ecf18e103294bd3b7,d556d30d0d2d52a5c6645e394a59056dd4b495f903502a6ecf18e103294bd3b7,"{""basis"":""ordered nested-math atom; exact symbolic replay"",""kind"":""source-target-formula-map""}"
1.1.0,formula,O007-FREMLIN-V2-S231-FORMULA-0151,O007-FREMLIN-V2-S231,O007-RIGHTS-FREMLIN-DSL,O007-FREMLIN-V2-S231-SEG-231E,151,231E,231E,210,214,7957,7976,8618,8637,\sequence{m}{F_m},\sequence{m}{F_m},b6e7b7d2c70fc832f79275443c758478c656b534a61b6719027f337cf6d7075a,b6e7b7d2c70fc832f79275443c758478c656b534a61b6719027f337cf6d7075a,b6e7b7d2c70fc832f79275443c758478c656b534a61b6719027f337cf6d7075a,$,b6e7b7d2c70fc832f79275443c758478c656b534a61b6719027f337cf6d7075a,b6e7b7d2c70fc832f79275443c758478c656b534a61b6719027f337cf6d7075a,"{""basis"":""ordered nested-math atom; exact symbolic replay"",""kind"":""source-target-formula-map""}"
1.1.0,formula,O007-FREMLIN-V2-S231-FORMULA-0152,O007-FREMLIN-V2-S231,O007-RIGHTS-FREMLIN-DSL,O007-FREMLIN-V2-S231-SEG-231E,152,231E,231E,211,215,8008,8035,8679,8706,H=\bigcup_{m\in\Bbb N}F_m,H=\bigcup_{m\in\Bbb N}F_m,76accdcbc07fdbbcc2544b30623d94c7cbf5d15f822027a8a553e60418c25e4b,76accdcbc07fdbbcc2544b30623d94c7cbf5d15f822027a8a553e60418c25e4b,f52eba01718e683c2a22db0b4100109b1a557b8fa8db2365820cce2c030ea5b5,$,f52eba01718e683c2a22db0b4100109b1a557b8fa8db2365820cce2c030ea5b5,f52eba01718e683c2a22db0b4100109b1a557b8fa8db2365820cce2c030ea5b5,"{""basis"":""ordered nested-math atom; exact symbolic replay"",""kind"":""source-target-formula-map""}"
1.1.0,formula,O007-FREMLIN-V2-S231-FORMULA-0153,O007-FREMLIN-V2-S231,O007-RIGHTS-FREMLIN-DSL,O007-FREMLIN-V2-S231-SEG-231E,153,231E,231E,213,217,8064,8105,8742,8783,\nu H=\lim_{m\to\infty}\nu F_m\ge\gamma,\nu H=\lim_{m\to\infty}\nu F_m\ge\gamma,87c82523c7e35451c09ffdc8b6b2b4ddfd5af0c61accb0c9d0ec0151780c1d40,87c82523c7e35451c09ffdc8b6b2b4ddfd5af0c61accb0c9d0ec0151780c1d40,01ad64797531e94d172d7d2cb4d3f8e047983d3a2a0687422bd2e7f01ff8d92c,$,01ad64797531e94d172d7d2cb4d3f8e047983d3a2a0687422bd2e7f01ff8d92c,01ad64797531e94d172d7d2cb4d3f8e047983d3a2a0687422bd2e7f01ff8d92c,"{""basis"":""ordered nested-math atom; exact symbolic replay"",""kind"":""source-target-formula-map""}"
1.1.0,formula,O007-FREMLIN-V2-S231-FORMULA-0154,O007-FREMLIN-V2-S231,O007-RIGHTS-FREMLIN-DSL,O007-FREMLIN-V2-S231-SEG-231E,154,231E,231E,215,219,8133,8140,8811,8818,\nu H,\nu H,8c507cdd803c02592c439545f5bf8b61ded3cdfc7ea59ae0fc8caef9cc2f8439,8c507cdd803c02592c439545f5bf8b61ded3cdfc7ea59ae0fc8caef9cc2f8439,4ec49b05c0222adf7154864c48a8d70d38f2d2d84fc724641db90015857875fb,$,4ec49b05c0222adf7154864c48a8d70d38f2d2d84fc724641db90015857875fb,4ec49b05c0222adf7154864c48a8d70d38f2d2d84fc724641db90015857875fb,"{""basis"":""ordered nested-math atom; exact symbolic replay"",""kind"":""source-target-formula-map""}"
1.1.0,formula,O007-FREMLIN-V2-S231-FORMULA-0155,O007-FREMLIN-V2-S231,O007-RIGHTS-FREMLIN-DSL,O007-FREMLIN-V2-S231-SEG-231E,155,231E,231E,216,220,8174,8182,8864,8872,\gamma,\gamma,67610b0632683369b69db194167ac4c38ed7c7cfab252970ced9e152b9b45554,67610b0632683369b69db194167ac4c38ed7c7cfab252970ced9e152b9b45554,67610b0632683369b69db194167ac4c38ed7c7cfab252970ced9e152b9b45554,$,67610b0632683369b69db194167ac4c38ed7c7cfab252970ced9e152b9b45554,67610b0632683369b69db194167ac4c38ed7c7cfab252970ced9e152b9b45554,"{""basis"":""ordered nested-math atom; exact symbolic replay"",""kind"":""source-target-formula-map""}"
1.1.0,formula,O007-FREMLIN-V2-S231-FORMULA-0156,O007-FREMLIN-V2-S231,O007-RIGHTS-FREMLIN-DSL,O007-FREMLIN-V2-S231-SEG-231E,156,231E,231E,216,220,8184,8198,8879,8893,\nu H=\gamma,\nu H=\gamma,4a514a6a283a1e25f0188a6565ed39b29a088a72bf0d36041935ab7be4d7510e,4a514a6a283a1e25f0188a6565ed39b29a088a72bf0d36041935ab7be4d7510e,39bf0d13276ee15717203f7d765c5b3983955f436cd99973df4991142088bc4b,$,39bf0d13276ee15717203f7d765c5b3983955f436cd99973df4991142088bc4b,39bf0d13276ee15717203f7d765c5b3983955f436cd99973df4991142088bc4b,"{""basis"":""ordered nested-math atom; exact symbolic replay"",""kind"":""source-target-formula-map""}"
1.1.0,formula,O007-FREMLIN-V2-S231-FORMULA-0157,O007-FREMLIN-V2-S231,O007-RIGHTS-FREMLIN-DSL,O007-FREMLIN-V2-S231-SEG-231E,157,231E,231E,220,224,8238,8250,8935,8947,F\in\Sigma,F\in\Sigma,65b127545966720002875b7921f02a35d214624fcf61cbaceb81857933de3616,65b127545966720002875b7921f02a35d214624fcf61cbaceb81857933de3616,65b127545966720002875b7921f02a35d214624fcf61cbaceb81857933de3616,$,65b127545966720002875b7921f02a35d214624fcf61cbaceb81857933de3616,65b127545966720002875b7921f02a35d214624fcf61cbaceb81857933de3616,"{""basis"":""ordered nested-math atom; exact symbolic replay"",""kind"":""source-target-formula-map""}"
1.1.0,formula,O007-FREMLIN-V2-S231-FORMULA-0158,O007-FREMLIN-V2-S231,O007-RIGHTS-FREMLIN-DSL,O007-FREMLIN-V2-S231-SEG-231E,158,231E,231E,220,224,8255,8269,8952,8966,F\subseteq H,F\subseteq H,41ecbecb8dd8f1c74d4f58d50b5bc4ba3229995f0135d83a8e60fd9330d84b9d,41ecbecb8dd8f1c74d4f58d50b5bc4ba3229995f0135d83a8e60fd9330d84b9d,cbd81c487c4abe2881bd7562a77471b9cde3691107f525877b473753b26408c2,$,cbd81c487c4abe2881bd7562a77471b9cde3691107f525877b473753b26408c2,cbd81c487c4abe2881bd7562a77471b9cde3691107f525877b473753b26408c2,"{""basis"":""ordered nested-math atom; exact symbolic replay"",""kind"":""source-target-formula-map""}"
1.1.0,formula,O007-FREMLIN-V2-S231-FORMULA-0159,O007-FREMLIN-V2-S231,O007-RIGHTS-FREMLIN-DSL,O007-FREMLIN-V2-S231-SEG-231E,159,231E,231E,222,226,8296,8343,8993,9040,"\nu H-\nu F=\nu(H\setminus 
F)\le\gamma=\nu H","\nu H-\nu F=\nu(H\setminus 
F)\le\gamma=\nu H",4bb2e8a9ee0cf773a08646647834d0a80b27b36455f487501afb114fa7ba030e,4bb2e8a9ee0cf773a08646647834d0a80b27b36455f487501afb114fa7ba030e,c3a21706cedaf0d6f544dbce7ad727a92c8c0089e2513d1906ca7c511c4cbb09,$,c3a21706cedaf0d6f544dbce7ad727a92c8c0089e2513d1906ca7c511c4cbb09,c3a21706cedaf0d6f544dbce7ad727a92c8c0089e2513d1906ca7c511c4cbb09,"{""basis"":""ordered nested-math atom; exact symbolic replay"",""kind"":""source-target-formula-map""}"
1.1.0,formula,O007-FREMLIN-V2-S231-FORMULA-0160,O007-FREMLIN-V2-S231,O007-RIGHTS-FREMLIN-DSL,O007-FREMLIN-V2-S231-SEG-231E,160,231E,231E,225,229,8367,8379,9070,9082,\nu F\ge 0,\nu F\ge 0,3cd6a6ee46c2665afa9546230e80e2a7da7b7334dff13a50947b92985814265e,3cd6a6ee46c2665afa9546230e80e2a7da7b7334dff13a50947b92985814265e,ef7b4462a35db1419d42751190c8af9e42b3e1c97dd1237677c9d8dda2fbefa5,$,ef7b4462a35db1419d42751190c8af9e42b3e1c97dd1237677c9d8dda2fbefa5,ef7b4462a35db1419d42751190c8af9e42b3e1c97dd1237677c9d8dda2fbefa5,"{""basis"":""ordered nested-math atom; exact symbolic replay"",""kind"":""source-target-formula-map""}"
1.1.0,formula,O007-FREMLIN-V2-S231-FORMULA-0161,O007-FREMLIN-V2-S231,O007-RIGHTS-FREMLIN-DSL,O007-FREMLIN-V2-S231-SEG-231E,161,231E,231E,225,229,8386,8398,9091,9103,F\in\Sigma,F\in\Sigma,65b127545966720002875b7921f02a35d214624fcf61cbaceb81857933de3616,65b127545966720002875b7921f02a35d214624fcf61cbaceb81857933de3616,65b127545966720002875b7921f02a35d214624fcf61cbaceb81857933de3616,$,65b127545966720002875b7921f02a35d214624fcf61cbaceb81857933de3616,65b127545966720002875b7921f02a35d214624fcf61cbaceb81857933de3616,"{""basis"":""ordered nested-math atom; exact symbolic replay"",""kind"":""source-target-formula-map""}"
1.1.0,formula,O007-FREMLIN-V2-S231-FORMULA-0162,O007-FREMLIN-V2-S231,O007-RIGHTS-FREMLIN-DSL,O007-FREMLIN-V2-S231-SEG-231E,162,231E,231E,225,229,8403,8423,9108,9128,"F\cap 
H=\emptyset","F\cap 
H=\emptyset",1f0e519b24ef16730885c3bcc505745d470af8758d76516e820a2cf1f790bef4,1f0e519b24ef16730885c3bcc505745d470af8758d76516e820a2cf1f790bef4,0cb151b21ecd803d37204f9f78ed7c570de548feed3e8f012b5a70daefb373fd,$,0cb151b21ecd803d37204f9f78ed7c570de548feed3e8f012b5a70daefb373fd,0cb151b21ecd803d37204f9f78ed7c570de548feed3e8f012b5a70daefb373fd,"{""basis"":""ordered nested-math atom; exact symbolic replay"",""kind"":""source-target-formula-map""}"
1.1.0,formula,O007-FREMLIN-V2-S231-FORMULA-0163,O007-FREMLIN-V2-S231,O007-RIGHTS-FREMLIN-DSL,O007-FREMLIN-V2-S231-SEG-231E,163,231E,231E,228,232,8449,8490,9155,9196,\nu H+\nu F=\nu(H\cup F)\le\gamma=\nu H,\nu H+\nu F=\nu(H\cup F)\le\gamma=\nu H,c90346212b59c4cf568352ea71f80fbcace959d13a18e769b36feb5823172bd2,c90346212b59c4cf568352ea71f80fbcace959d13a18e769b36feb5823172bd2,bbbec754d8cec5e68fdbcd5c2d6211df05a2c162987df4792c80af3fed445b18,$,bbbec754d8cec5e68fdbcd5c2d6211df05a2c162987df4792c80af3fed445b18,bbbec754d8cec5e68fdbcd5c2d6211df05a2c162987df4792c80af3fed445b18,"{""basis"":""ordered nested-math atom; exact symbolic replay"",""kind"":""source-target-formula-map""}"
1.1.0,formula,O007-FREMLIN-V2-S231-FORMULA-0164,O007-FREMLIN-V2-S231,O007-RIGHTS-FREMLIN-DSL,O007-FREMLIN-V2-S231-SEG-231E,164,231E,231E,230,234,8513,8526,9225,9238,"\nu F\le 
0","\nu F\le 
0",822e85649d5689568b657d42757e2ef2b467713a7270a2390b2cb364ac681347,822e85649d5689568b657d42757e2ef2b467713a7270a2390b2cb364ac681347,d5301997fd14f39a3cc677ec487dba6783cd924bec4f42eec231d50039f43023,$,d5301997fd14f39a3cc677ec487dba6783cd924bec4f42eec231d50039f43023,d5301997fd14f39a3cc677ec487dba6783cd924bec4f42eec231d50039f43023,"{""basis"":""ordered nested-math atom; exact symbolic replay"",""kind"":""source-target-formula-map""}"
1.1.0,formula,O007-FREMLIN-V2-S231-FORMULA-0165,O007-FREMLIN-V2-S231,O007-RIGHTS-FREMLIN-DSL,O007-FREMLIN-V2-S231-SEG-231F,165,231F,231F,235,239,8624,8627,9342,9345,X,X,4b68ab3847feda7d6c62c1fbcbeebfa35eab7351ed5e78f4ddadea5df64b8015,4b68ab3847feda7d6c62c1fbcbeebfa35eab7351ed5e78f4ddadea5df64b8015,4b68ab3847feda7d6c62c1fbcbeebfa35eab7351ed5e78f4ddadea5df64b8015,$,4b68ab3847feda7d6c62c1fbcbeebfa35eab7351ed5e78f4ddadea5df64b8015,4b68ab3847feda7d6c62c1fbcbeebfa35eab7351ed5e78f4ddadea5df64b8015,"{""basis"":""ordered nested-math atom; exact symbolic replay"",""kind"":""source-target-formula-map""}"
1.1.0,formula,O007-FREMLIN-V2-S231-FORMULA-0166,O007-FREMLIN-V2-S231,O007-RIGHTS-FREMLIN-DSL,O007-FREMLIN-V2-S231-SEG-231F,166,231F,231F,235,239,8638,8646,9362,9370,\Sigma,\Sigma,d65d75b1e6562713a3936bb38fdfe6832fb5b96c946de58f7ce0992057665aa8,d65d75b1e6562713a3936bb38fdfe6832fb5b96c946de58f7ce0992057665aa8,d65d75b1e6562713a3936bb38fdfe6832fb5b96c946de58f7ce0992057665aa8,$,d65d75b1e6562713a3936bb38fdfe6832fb5b96c946de58f7ce0992057665aa8,d65d75b1e6562713a3936bb38fdfe6832fb5b96c946de58f7ce0992057665aa8,"{""basis"":""ordered nested-math atom; exact symbolic replay"",""kind"":""source-target-formula-map""}"
1.1.0,formula,O007-FREMLIN-V2-S231-FORMULA-0167,O007-FREMLIN-V2-S231,O007-RIGHTS-FREMLIN-DSL,O007-FREMLIN-V2-S231-SEG-231F,167,231F,231F,235,240,8649,8657,9409,9409,\sigma,,9c3245dfb4ac54c1623a60e7b8d1fc07cb02eae1229435230c7dab5e71083a26,e3b0c44298fc1c149afbf4c8996fb92427ae41e4649b934ca495991b7852b855,9c3245dfb4ac54c1623a60e7b8d1fc07cb02eae1229435230c7dab5e71083a26,$,9c3245dfb4ac54c1623a60e7b8d1fc07cb02eae1229435230c7dab5e71083a26,e3b0c44298fc1c149afbf4c8996fb92427ae41e4649b934ca495991b7852b855,"{""basis"":""source lexical math atom localized losslessly as Indonesian prose outside math"",""kind"":""source-target-formula-map""}"
1.1.0,formula,O007-FREMLIN-V2-S231-FORMULA-0168,O007-FREMLIN-V2-S231,O007-RIGHTS-FREMLIN-DSL,O007-FREMLIN-V2-S231-SEG-231F,168,231F,231F,236,240,8681,8684,9409,9412,X,X,4b68ab3847feda7d6c62c1fbcbeebfa35eab7351ed5e78f4ddadea5df64b8015,4b68ab3847feda7d6c62c1fbcbeebfa35eab7351ed5e78f4ddadea5df64b8015,4b68ab3847feda7d6c62c1fbcbeebfa35eab7351ed5e78f4ddadea5df64b8015,$,4b68ab3847feda7d6c62c1fbcbeebfa35eab7351ed5e78f4ddadea5df64b8015,4b68ab3847feda7d6c62c1fbcbeebfa35eab7351ed5e78f4ddadea5df64b8015,"{""basis"":""ordered nested-math atom; exact symbolic replay"",""kind"":""source-target-formula-map""}"
1.1.0,formula,O007-FREMLIN-V2-S231-FORMULA-0169,O007-FREMLIN-V2-S231,O007-RIGHTS-FREMLIN-DSL,O007-FREMLIN-V2-S231-SEG-231F,169,231F,231F,236,240,8690,8711,9418,9439,\nu:\Sigma\to\Bbb R,\nu:\Sigma\to\Bbb R,b48108d172ca16599f53e62e3a26b2f678ad0b97498708ad930a470e49a1fc9d,b48108d172ca16599f53e62e3a26b2f678ad0b97498708ad930a470e49a1fc9d,fd3f49f41aeaeaea1640d0a8aacc1603a64230ce064f656a71783ced0e17ca63,$,fd3f49f41aeaeaea1640d0a8aacc1603a64230ce064f656a71783ced0e17ca63,fd3f49f41aeaeaea1640d0a8aacc1603a64230ce064f656a71783ced0e17ca63,"{""basis"":""ordered nested-math atom; exact symbolic replay"",""kind"":""source-target-formula-map""}"
1.1.0,formula,O007-FREMLIN-V2-S231-FORMULA-0170,O007-FREMLIN-V2-S231,O007-RIGHTS-FREMLIN-DSL,O007-FREMLIN-V2-S231-SEG-231F,170,231F,231F,237,241,8753,8758,9483,9488,\nu,\nu,84eb2b123d1102b8f7c00b34116df32107cffa82d46efbac7fd9543fa7459c38,84eb2b123d1102b8f7c00b34116df32107cffa82d46efbac7fd9543fa7459c38,84eb2b123d1102b8f7c00b34116df32107cffa82d46efbac7fd9543fa7459c38,$,84eb2b123d1102b8f7c00b34116df32107cffa82d46efbac7fd9543fa7459c38,84eb2b123d1102b8f7c00b34116df32107cffa82d46efbac7fd9543fa7459c38,"{""basis"":""ordered nested-math atom; exact symbolic replay"",""kind"":""source-target-formula-map""}"
1.1.0,formula,O007-FREMLIN-V2-S231-FORMULA-0171,O007-FREMLIN-V2-S231,O007-RIGHTS-FREMLIN-DSL,O007-FREMLIN-V2-S231-SEG-231F,171,231F,231F,238,242,8838,8846,9564,9572,\Sigma,\Sigma,d65d75b1e6562713a3936bb38fdfe6832fb5b96c946de58f7ce0992057665aa8,d65d75b1e6562713a3936bb38fdfe6832fb5b96c946de58f7ce0992057665aa8,d65d75b1e6562713a3936bb38fdfe6832fb5b96c946de58f7ce0992057665aa8,$,d65d75b1e6562713a3936bb38fdfe6832fb5b96c946de58f7ce0992057665aa8,d65d75b1e6562713a3936bb38fdfe6832fb5b96c946de58f7ce0992057665aa8,"{""basis"":""ordered nested-math atom; exact symbolic replay"",""kind"":""source-target-formula-map""}"
1.1.0,formula,O007-FREMLIN-V2-S231-FORMULA-0172,O007-FREMLIN-V2-S231,O007-RIGHTS-FREMLIN-DSL,O007-FREMLIN-V2-S231-SEG-231F,172,231F,231F,240,244,8869,8881,9596,9608,H\in\Sigma,H\in\Sigma,ef7b482d82f037e159ec08791bc8b07b8fee5e6cb32261f9368973a4d7d46220,ef7b482d82f037e159ec08791bc8b07b8fee5e6cb32261f9368973a4d7d46220,ef7b482d82f037e159ec08791bc8b07b8fee5e6cb32261f9368973a4d7d46220,$,ef7b482d82f037e159ec08791bc8b07b8fee5e6cb32261f9368973a4d7d46220,ef7b482d82f037e159ec08791bc8b07b8fee5e6cb32261f9368973a4d7d46220,"{""basis"":""ordered nested-math atom; exact symbolic replay"",""kind"":""source-target-formula-map""}"
1.1.0,formula,O007-FREMLIN-V2-S231-FORMULA-0173,O007-FREMLIN-V2-S231,O007-RIGHTS-FREMLIN-DSL,O007-FREMLIN-V2-S231-SEG-231F,173,231F,231F,241,245,8912,8934,9656,9678,\nu_1 E=\nu(E\cap H),\nu_1 E=\nu(E\cap H),45e09191fc928515997831bac425ce319866770f27ef6565f0cfd62157177515,45e09191fc928515997831bac425ce319866770f27ef6565f0cfd62157177515,c4222b9334bf7440db2755871a851e4aac5f08becda8f845992a5f5649de23ce,$,c4222b9334bf7440db2755871a851e4aac5f08becda8f845992a5f5649de23ce,c4222b9334bf7440db2755871a851e4aac5f08becda8f845992a5f5649de23ce,"{""basis"":""ordered nested-math atom; exact symbolic replay"",""kind"":""source-target-formula-map""}"
1.1.0,formula,O007-FREMLIN-V2-S231-FORMULA-0174,O007-FREMLIN-V2-S231,O007-RIGHTS-FREMLIN-DSL,O007-FREMLIN-V2-S231-SEG-231F,174,231F,231F,241,245,8936,8964,9680,9708,\nu_2 E=-\nu(E\setminus H),\nu_2 E=-\nu(E\setminus H),501d3ee2e715ea74bcd605acea41c48ec26f58d437f192a62f5c7863a877bdf4,501d3ee2e715ea74bcd605acea41c48ec26f58d437f192a62f5c7863a877bdf4,becc8aee9246ca3687edf64540f1d1bc700405276b3ec379cf1766b2575f33d5,$,becc8aee9246ca3687edf64540f1d1bc700405276b3ec379cf1766b2575f33d5,becc8aee9246ca3687edf64540f1d1bc700405276b3ec379cf1766b2575f33d5,"{""basis"":""ordered nested-math atom; exact symbolic replay"",""kind"":""source-target-formula-map""}"
1.1.0,formula,O007-FREMLIN-V2-S231-FORMULA-0175,O007-FREMLIN-V2-S231,O007-RIGHTS-FREMLIN-DSL,O007-FREMLIN-V2-S231-SEG-231F,175,231F,231F,241,245,8969,8981,9715,9727,E\in\Sigma,E\in\Sigma,afe4bbaaedba5158924d3a0bd77f0304472650e71de5aed22515cc3a0a8e1bd2,afe4bbaaedba5158924d3a0bd77f0304472650e71de5aed22515cc3a0a8e1bd2,afe4bbaaedba5158924d3a0bd77f0304472650e71de5aed22515cc3a0a8e1bd2,$,afe4bbaaedba5158924d3a0bd77f0304472650e71de5aed22515cc3a0a8e1bd2,afe4bbaaedba5158924d3a0bd77f0304472650e71de5aed22515cc3a0a8e1bd2,"{""basis"":""ordered nested-math atom; exact symbolic replay"",""kind"":""source-target-formula-map""}"
1.1.0,formula,O007-FREMLIN-V2-S231-FORMULA-0176,O007-FREMLIN-V2-S231,O007-RIGHTS-FREMLIN-DSL,O007-FREMLIN-V2-S231-SEG-231F,176,231F,231F,242,246,9010,9017,9759,9766,\nu_1,\nu_1,e994cd49def5eda18cd2881a88bfdebfa33778ffc9b2645c3f2f6d4811d3826a,e994cd49def5eda18cd2881a88bfdebfa33778ffc9b2645c3f2f6d4811d3826a,e994cd49def5eda18cd2881a88bfdebfa33778ffc9b2645c3f2f6d4811d3826a,$,e994cd49def5eda18cd2881a88bfdebfa33778ffc9b2645c3f2f6d4811d3826a,e994cd49def5eda18cd2881a88bfdebfa33778ffc9b2645c3f2f6d4811d3826a,"{""basis"":""ordered nested-math atom; exact symbolic replay"",""kind"":""source-target-formula-map""}"
1.1.0,formula,O007-FREMLIN-V2-S231-FORMULA-0177,O007-FREMLIN-V2-S231,O007-RIGHTS-FREMLIN-DSL,O007-FREMLIN-V2-S231-SEG-231F,177,231F,231F,242,246,9022,9029,9771,9778,\nu_2,\nu_2,c381b1e9f2cf6895476e75dc8ad133c44cf8570dcd189a29086733491289ee94,c381b1e9f2cf6895476e75dc8ad133c44cf8570dcd189a29086733491289ee94,c381b1e9f2cf6895476e75dc8ad133c44cf8570dcd189a29086733491289ee94,$,c381b1e9f2cf6895476e75dc8ad133c44cf8570dcd189a29086733491289ee94,c381b1e9f2cf6895476e75dc8ad133c44cf8570dcd189a29086733491289ee94,"{""basis"":""ordered nested-math atom; exact symbolic replay"",""kind"":""source-target-formula-map""}"
1.1.0,formula,O007-FREMLIN-V2-S231-FORMULA-0178,O007-FREMLIN-V2-S231,O007-RIGHTS-FREMLIN-DSL,O007-FREMLIN-V2-S231-SEG-231F,178,231F,231F,243,247,9069,9077,9832,9840,\Sigma,\Sigma,d65d75b1e6562713a3936bb38fdfe6832fb5b96c946de58f7ce0992057665aa8,d65d75b1e6562713a3936bb38fdfe6832fb5b96c946de58f7ce0992057665aa8,d65d75b1e6562713a3936bb38fdfe6832fb5b96c946de58f7ce0992057665aa8,$,d65d75b1e6562713a3936bb38fdfe6832fb5b96c946de58f7ce0992057665aa8,d65d75b1e6562713a3936bb38fdfe6832fb5b96c946de58f7ce0992057665aa8,"{""basis"":""ordered nested-math atom; exact symbolic replay"",""kind"":""source-target-formula-map""}"
1.1.0,formula,O007-FREMLIN-V2-S231-FORMULA-0179,O007-FREMLIN-V2-S231,O007-RIGHTS-FREMLIN-DSL,O007-FREMLIN-V2-S231-SEG-231F,179,231F,231F,243,248,9093,9110,9858,9875,\nu=\nu_1-\nu_2,\nu=\nu_1-\nu_2,a24e1c6457632e022fe101a67883fe678efb83f5cf1b37fbafddba0b718f9064,a24e1c6457632e022fe101a67883fe678efb83f5cf1b37fbafddba0b718f9064,a24e1c6457632e022fe101a67883fe678efb83f5cf1b37fbafddba0b718f9064,$,a24e1c6457632e022fe101a67883fe678efb83f5cf1b37fbafddba0b718f9064,a24e1c6457632e022fe101a67883fe678efb83f5cf1b37fbafddba0b718f9064,"{""basis"":""ordered nested-math atom; exact symbolic replay"",""kind"":""source-target-formula-map""}"
1.1.0,formula,O007-FREMLIN-V2-S231-FORMULA-0180,O007-FREMLIN-V2-S231,O007-RIGHTS-FREMLIN-DSL,O007-FREMLIN-V2-S231-SEG-231F,180,231F,231F,244,248,9142,9145,9908,9911,H,H,44bd7ae60f478fae1061e11a7739f4b94d1daf917982d33b6fc8a01a63f89c21,44bd7ae60f478fae1061e11a7739f4b94d1daf917982d33b6fc8a01a63f89c21,44bd7ae60f478fae1061e11a7739f4b94d1daf917982d33b6fc8a01a63f89c21,$,44bd7ae60f478fae1061e11a7739f4b94d1daf917982d33b6fc8a01a63f89c21,44bd7ae60f478fae1061e11a7739f4b94d1daf917982d33b6fc8a01a63f89c21,"{""basis"":""ordered nested-math atom; exact symbolic replay"",""kind"":""source-target-formula-map""}"
1.1.0,formula,O007-FREMLIN-V2-S231-FORMULA-0181,O007-FREMLIN-V2-S231,O007-RIGHTS-FREMLIN-DSL,O007-FREMLIN-V2-S231-SEG-231F,181,231F,231F,244,248,9152,9159,9913,9920,\nu_1,\nu_1,e994cd49def5eda18cd2881a88bfdebfa33778ffc9b2645c3f2f6d4811d3826a,e994cd49def5eda18cd2881a88bfdebfa33778ffc9b2645c3f2f6d4811d3826a,e994cd49def5eda18cd2881a88bfdebfa33778ffc9b2645c3f2f6d4811d3826a,$,e994cd49def5eda18cd2881a88bfdebfa33778ffc9b2645c3f2f6d4811d3826a,e994cd49def5eda18cd2881a88bfdebfa33778ffc9b2645c3f2f6d4811d3826a,"{""basis"":""ordered nested-math atom; exact symbolic replay"",""kind"":""source-target-formula-map""}"
1.1.0,formula,O007-FREMLIN-V2-S231-FORMULA-0182,O007-FREMLIN-V2-S231,O007-RIGHTS-FREMLIN-DSL,O007-FREMLIN-V2-S231-SEG-231F,182,231F,231F,244,249,9164,9171,9926,9933,\nu_2,\nu_2,c381b1e9f2cf6895476e75dc8ad133c44cf8570dcd189a29086733491289ee94,c381b1e9f2cf6895476e75dc8ad133c44cf8570dcd189a29086733491289ee94,c381b1e9f2cf6895476e75dc8ad133c44cf8570dcd189a29086733491289ee94,$,c381b1e9f2cf6895476e75dc8ad133c44cf8570dcd189a29086733491289ee94,c381b1e9f2cf6895476e75dc8ad133c44cf8570dcd189a29086733491289ee94,"{""basis"":""ordered nested-math atom; exact symbolic replay"",""kind"":""source-target-formula-map""}"
1.1.0,formula,O007-FREMLIN-V2-S231-FORMULA-0183,O007-FREMLIN-V2-S231,O007-RIGHTS-FREMLIN-DSL,O007-FREMLIN-V2-S231-SEG-231F,183,231F,231F,252,255,9347,9352,10120,10125,\nu,\nu,84eb2b123d1102b8f7c00b34116df32107cffa82d46efbac7fd9543fa7459c38,84eb2b123d1102b8f7c00b34116df32107cffa82d46efbac7fd9543fa7459c38,84eb2b123d1102b8f7c00b34116df32107cffa82d46efbac7fd9543fa7459c38,$,84eb2b123d1102b8f7c00b34116df32107cffa82d46efbac7fd9543fa7459c38,84eb2b123d1102b8f7c00b34116df32107cffa82d46efbac7fd9543fa7459c38,"{""basis"":""ordered nested-math atom; exact symbolic replay"",""kind"":""source-target-formula-map""}"
1.1.0,formula,O007-FREMLIN-V2-S231-FORMULA-0184,O007-FREMLIN-V2-S231,O007-RIGHTS-FREMLIN-DSL,O007-FREMLIN-V2-S231-SEG-231X,184,231X,231X,259,262,9506,9514,10287,10295,\Sigma,\Sigma,d65d75b1e6562713a3936bb38fdfe6832fb5b96c946de58f7ce0992057665aa8,d65d75b1e6562713a3936bb38fdfe6832fb5b96c946de58f7ce0992057665aa8,d65d75b1e6562713a3936bb38fdfe6832fb5b96c946de58f7ce0992057665aa8,$,d65d75b1e6562713a3936bb38fdfe6832fb5b96c946de58f7ce0992057665aa8,d65d75b1e6562713a3936bb38fdfe6832fb5b96c946de58f7ce0992057665aa8,"{""basis"":""ordered nested-math atom; exact symbolic replay"",""kind"":""source-target-formula-map""}"
1.1.0,formula,O007-FREMLIN-V2-S231-FORMULA-0185,O007-FREMLIN-V2-S231,O007-RIGHTS-FREMLIN-DSL,O007-FREMLIN-V2-S231-SEG-231X,185,231X,231X,259,262,9540,9543,10324,10327,A,A,559aead08264d5795d3909718cdd05abd49572e84fe55590eef31a88a08fdffd,559aead08264d5795d3909718cdd05abd49572e84fe55590eef31a88a08fdffd,559aead08264d5795d3909718cdd05abd49572e84fe55590eef31a88a08fdffd,$,559aead08264d5795d3909718cdd05abd49572e84fe55590eef31a88a08fdffd,559aead08264d5795d3909718cdd05abd49572e84fe55590eef31a88a08fdffd,"{""basis"":""ordered nested-math atom; exact symbolic replay"",""kind"":""source-target-formula-map""}"
1.1.0,formula,O007-FREMLIN-V2-S231-FORMULA-0186,O007-FREMLIN-V2-S231,O007-RIGHTS-FREMLIN-DSL,O007-FREMLIN-V2-S231-SEG-231X,186,231X,231X,260,263,9548,9556,10334,10342,\Bbb N,\Bbb N,83cf45f141bcc461fe374a41478f34683805f99cdd68774c39adbb540a1867e8,83cf45f141bcc461fe374a41478f34683805f99cdd68774c39adbb540a1867e8,7a5c8f64045b98184eb0aeb0e75d1f7fc2976b2635d0b631b4b1da04dff5a457,$,7a5c8f64045b98184eb0aeb0e75d1f7fc2976b2635d0b631b4b1da04dff5a457,7a5c8f64045b98184eb0aeb0e75d1f7fc2976b2635d0b631b4b1da04dff5a457,"{""basis"":""ordered nested-math atom; exact symbolic replay"",""kind"":""source-target-formula-map""}"
1.1.0,formula,O007-FREMLIN-V2-S231-FORMULA-0187,O007-FREMLIN-V2-S231,O007-RIGHTS-FREMLIN-DSL,O007-FREMLIN-V2-S231-SEG-231X,187,231X,231X,260,263,9574,9577,10379,10382,A,A,559aead08264d5795d3909718cdd05abd49572e84fe55590eef31a88a08fdffd,559aead08264d5795d3909718cdd05abd49572e84fe55590eef31a88a08fdffd,559aead08264d5795d3909718cdd05abd49572e84fe55590eef31a88a08fdffd,$,559aead08264d5795d3909718cdd05abd49572e84fe55590eef31a88a08fdffd,559aead08264d5795d3909718cdd05abd49572e84fe55590eef31a88a08fdffd,"{""basis"":""ordered nested-math atom; exact symbolic replay"",""kind"":""source-target-formula-map""}"
1.1.0,formula,O007-FREMLIN-V2-S231-FORMULA-0188,O007-FREMLIN-V2-S231,O007-RIGHTS-FREMLIN-DSL,O007-FREMLIN-V2-S231-SEG-231X,188,231X,231X,260,264,9579,9598,10388,10407,\Bbb N\setminus A,\Bbb N\setminus A,37327c785e839ce11d9926a013702855d0bc7d366e7d52a4ec66e97820af5de6,37327c785e839ce11d9926a013702855d0bc7d366e7d52a4ec66e97820af5de6,f324d8640013a2440634f2a6a8f8999fe421ebc0d9c727b5ef78c72a236150f3,$,f324d8640013a2440634f2a6a8f8999fe421ebc0d9c727b5ef78c72a236150f3,f324d8640013a2440634f2a6a8f8999fe421ebc0d9c727b5ef78c72a236150f3,"{""basis"":""ordered nested-math atom; exact symbolic replay"",""kind"":""source-target-formula-map""}"
1.1.0,formula,O007-FREMLIN-V2-S231-FORMULA-0189,O007-FREMLIN-V2-S231,O007-RIGHTS-FREMLIN-DSL,O007-FREMLIN-V2-S231-SEG-231X,189,231X,231X,261,265,9623,9631,10438,10446,\Sigma,\Sigma,d65d75b1e6562713a3936bb38fdfe6832fb5b96c946de58f7ce0992057665aa8,d65d75b1e6562713a3936bb38fdfe6832fb5b96c946de58f7ce0992057665aa8,d65d75b1e6562713a3936bb38fdfe6832fb5b96c946de58f7ce0992057665aa8,$,d65d75b1e6562713a3936bb38fdfe6832fb5b96c946de58f7ce0992057665aa8,d65d75b1e6562713a3936bb38fdfe6832fb5b96c946de58f7ce0992057665aa8,"{""basis"":""ordered nested-math atom; exact symbolic replay"",""kind"":""source-target-formula-map""}"
1.1.0,formula,O007-FREMLIN-V2-S231-FORMULA-0190,O007-FREMLIN-V2-S231,O007-RIGHTS-FREMLIN-DSL,O007-FREMLIN-V2-S231-SEG-231X,190,231X,231X,261,265,9660,9668,10479,10487,\Bbb N,\Bbb N,83cf45f141bcc461fe374a41478f34683805f99cdd68774c39adbb540a1867e8,83cf45f141bcc461fe374a41478f34683805f99cdd68774c39adbb540a1867e8,7a5c8f64045b98184eb0aeb0e75d1f7fc2976b2635d0b631b4b1da04dff5a457,$,7a5c8f64045b98184eb0aeb0e75d1f7fc2976b2635d0b631b4b1da04dff5a457,7a5c8f64045b98184eb0aeb0e75d1f7fc2976b2635d0b631b4b1da04dff5a457,"{""basis"":""ordered nested-math atom; exact symbolic replay"",""kind"":""source-target-formula-map""}"
1.1.0,formula,O007-FREMLIN-V2-S231-FORMULA-0191,O007-FREMLIN-V2-S231,O007-RIGHTS-FREMLIN-DSL,O007-FREMLIN-V2-S231-SEG-231X,191,231X,231X,262,266,9730,9738,10557,10565,\Bbb N,\Bbb N,83cf45f141bcc461fe374a41478f34683805f99cdd68774c39adbb540a1867e8,83cf45f141bcc461fe374a41478f34683805f99cdd68774c39adbb540a1867e8,7a5c8f64045b98184eb0aeb0e75d1f7fc2976b2635d0b631b4b1da04dff5a457,$,7a5c8f64045b98184eb0aeb0e75d1f7fc2976b2635d0b631b4b1da04dff5a457,7a5c8f64045b98184eb0aeb0e75d1f7fc2976b2635d0b631b4b1da04dff5a457,"{""basis"":""ordered nested-math atom; exact symbolic replay"",""kind"":""source-target-formula-map""}"
1.1.0,formula,O007-FREMLIN-V2-S231-FORMULA-0192,O007-FREMLIN-V2-S231,O007-RIGHTS-FREMLIN-DSL,O007-FREMLIN-V2-S231-SEG-231XB,192,231Xb,231Xb,265,270,9792,9795,10634,10637,X,X,4b68ab3847feda7d6c62c1fbcbeebfa35eab7351ed5e78f4ddadea5df64b8015,4b68ab3847feda7d6c62c1fbcbeebfa35eab7351ed5e78f4ddadea5df64b8015,4b68ab3847feda7d6c62c1fbcbeebfa35eab7351ed5e78f4ddadea5df64b8015,$,4b68ab3847feda7d6c62c1fbcbeebfa35eab7351ed5e78f4ddadea5df64b8015,4b68ab3847feda7d6c62c1fbcbeebfa35eab7351ed5e78f4ddadea5df64b8015,"{""basis"":""ordered nested-math atom; exact symbolic replay"",""kind"":""source-target-formula-map""}"
1.1.0,formula,O007-FREMLIN-V2-S231-FORMULA-0193,O007-FREMLIN-V2-S231,O007-RIGHTS-FREMLIN-DSL,O007-FREMLIN-V2-S231-SEG-231XB,193,231Xb,231Xb,265,270,9806,9814,10654,10662,\Sigma,\Sigma,d65d75b1e6562713a3936bb38fdfe6832fb5b96c946de58f7ce0992057665aa8,d65d75b1e6562713a3936bb38fdfe6832fb5b96c946de58f7ce0992057665aa8,d65d75b1e6562713a3936bb38fdfe6832fb5b96c946de58f7ce0992057665aa8,$,d65d75b1e6562713a3936bb38fdfe6832fb5b96c946de58f7ce0992057665aa8,d65d75b1e6562713a3936bb38fdfe6832fb5b96c946de58f7ce0992057665aa8,"{""basis"":""ordered nested-math atom; exact symbolic replay"",""kind"":""source-target-formula-map""}"
1.1.0,formula,O007-FREMLIN-V2-S231-FORMULA-0194,O007-FREMLIN-V2-S231,O007-RIGHTS-FREMLIN-DSL,O007-FREMLIN-V2-S231-SEG-231XB,194,231Xb,231Xb,266,271,9841,9844,10695,10698,X,X,4b68ab3847feda7d6c62c1fbcbeebfa35eab7351ed5e78f4ddadea5df64b8015,4b68ab3847feda7d6c62c1fbcbeebfa35eab7351ed5e78f4ddadea5df64b8015,4b68ab3847feda7d6c62c1fbcbeebfa35eab7351ed5e78f4ddadea5df64b8015,$,4b68ab3847feda7d6c62c1fbcbeebfa35eab7351ed5e78f4ddadea5df64b8015,4b68ab3847feda7d6c62c1fbcbeebfa35eab7351ed5e78f4ddadea5df64b8015,"{""basis"":""ordered nested-math atom; exact symbolic replay"",""kind"":""source-target-formula-map""}"
1.1.0,formula,O007-FREMLIN-V2-S231-FORMULA-0195,O007-FREMLIN-V2-S231,O007-RIGHTS-FREMLIN-DSL,O007-FREMLIN-V2-S231-SEG-231XB,195,231Xb,231Xb,266,271,9849,9870,10704,10725,\nu:\Sigma\to\Bbb R,\nu:\Sigma\to\Bbb R,b48108d172ca16599f53e62e3a26b2f678ad0b97498708ad930a470e49a1fc9d,b48108d172ca16599f53e62e3a26b2f678ad0b97498708ad930a470e49a1fc9d,fd3f49f41aeaeaea1640d0a8aacc1603a64230ce064f656a71783ced0e17ca63,$,fd3f49f41aeaeaea1640d0a8aacc1603a64230ce064f656a71783ced0e17ca63,fd3f49f41aeaeaea1640d0a8aacc1603a64230ce064f656a71783ced0e17ca63,"{""basis"":""ordered nested-math atom; exact symbolic replay"",""kind"":""source-target-formula-map""}"
1.1.0,formula,O007-FREMLIN-V2-S231-FORMULA-0196,O007-FREMLIN-V2-S231,O007-RIGHTS-FREMLIN-DSL,O007-FREMLIN-V2-S231-SEG-231XB,196,231Xb,231Xb,267,273,9915,10013,10777,10875,"\nu(E\cup F\cup G)+\nu(E\cap F)+\nu(E\cap G)+\nu(F\cap G) 
=\nu E+\nu F+\nu G+\nu(E\cap F\cap G)","\nu(E\cup F\cup G)+\nu(E\cap F)+\nu(E\cap G)+\nu(F\cap G) 
=\nu E+\nu F+\nu G+\nu(E\cap F\cap G)",e45e8f4e85852e9f30e664e5f3d99e4c4b6543b9a0d60bde3e10c714e3d61788,e45e8f4e85852e9f30e664e5f3d99e4c4b6543b9a0d60bde3e10c714e3d61788,f2d9c8cbe7dadee2451d73227a36d52ed9d9970885e86c73a66a9518e19cb655,$,f2d9c8cbe7dadee2451d73227a36d52ed9d9970885e86c73a66a9518e19cb655,f2d9c8cbe7dadee2451d73227a36d52ed9d9970885e86c73a66a9518e19cb655,"{""basis"":""ordered nested-math atom; exact symbolic replay"",""kind"":""source-target-formula-map""}"
1.1.0,formula,O007-FREMLIN-V2-S231-FORMULA-0197,O007-FREMLIN-V2-S231,O007-RIGHTS-FREMLIN-DSL,O007-FREMLIN-V2-S231-SEG-231XB,197,231Xb,231Xb,268,274,10022,10025,10888,10891,E,E,a9f51566bd6705f7ea6ad54bb9deb449f795582d6529a0e22207b8981233ec58,a9f51566bd6705f7ea6ad54bb9deb449f795582d6529a0e22207b8981233ec58,a9f51566bd6705f7ea6ad54bb9deb449f795582d6529a0e22207b8981233ec58,$,a9f51566bd6705f7ea6ad54bb9deb449f795582d6529a0e22207b8981233ec58,a9f51566bd6705f7ea6ad54bb9deb449f795582d6529a0e22207b8981233ec58,"{""basis"":""ordered nested-math atom; exact symbolic replay"",""kind"":""source-target-formula-map""}"
1.1.0,formula,O007-FREMLIN-V2-S231-FORMULA-0198,O007-FREMLIN-V2-S231,O007-RIGHTS-FREMLIN-DSL,O007-FREMLIN-V2-S231-SEG-231XB,198,231Xb,231Xb,268,274,10027,10030,10893,10896,F,F,f67ab10ad4e4c53121b6a5fe4da9c10ddee905b978d3788d2723d7bfacbe28a9,f67ab10ad4e4c53121b6a5fe4da9c10ddee905b978d3788d2723d7bfacbe28a9,f67ab10ad4e4c53121b6a5fe4da9c10ddee905b978d3788d2723d7bfacbe28a9,$,f67ab10ad4e4c53121b6a5fe4da9c10ddee905b978d3788d2723d7bfacbe28a9,f67ab10ad4e4c53121b6a5fe4da9c10ddee905b978d3788d2723d7bfacbe28a9,"{""basis"":""ordered nested-math atom; exact symbolic replay"",""kind"":""source-target-formula-map""}"
1.1.0,formula,O007-FREMLIN-V2-S231-FORMULA-0199,O007-FREMLIN-V2-S231,O007-RIGHTS-FREMLIN-DSL,O007-FREMLIN-V2-S231-SEG-231XB,199,231Xb,231Xb,268,275,10032,10044,10899,10911,G\in\Sigma,G\in\Sigma,8d266ee4ae3c791328d655ca2733fa5af4a5f0eaf2522856157447325dc6dafa,8d266ee4ae3c791328d655ca2733fa5af4a5f0eaf2522856157447325dc6dafa,8d266ee4ae3c791328d655ca2733fa5af4a5f0eaf2522856157447325dc6dafa,$,8d266ee4ae3c791328d655ca2733fa5af4a5f0eaf2522856157447325dc6dafa,8d266ee4ae3c791328d655ca2733fa5af4a5f0eaf2522856157447325dc6dafa,"{""basis"":""ordered nested-math atom; exact symbolic replay"",""kind"":""source-target-formula-map""}"
1.1.0,formula,O007-FREMLIN-V2-S231-FORMULA-0200,O007-FREMLIN-V2-S231,O007-RIGHTS-FREMLIN-DSL,O007-FREMLIN-V2-S231-SEG-231XC,200,231Xc,231Xc,272,279,10134,10142,11018,11026,\Sigma,\Sigma,d65d75b1e6562713a3936bb38fdfe6832fb5b96c946de58f7ce0992057665aa8,d65d75b1e6562713a3936bb38fdfe6832fb5b96c946de58f7ce0992057665aa8,d65d75b1e6562713a3936bb38fdfe6832fb5b96c946de58f7ce0992057665aa8,$,d65d75b1e6562713a3936bb38fdfe6832fb5b96c946de58f7ce0992057665aa8,d65d75b1e6562713a3936bb38fdfe6832fb5b96c946de58f7ce0992057665aa8,"{""basis"":""ordered nested-math atom; exact symbolic replay"",""kind"":""source-target-formula-map""}"
1.1.0,formula,O007-FREMLIN-V2-S231-FORMULA-0201,O007-FREMLIN-V2-S231,O007-RIGHTS-FREMLIN-DSL,O007-FREMLIN-V2-S231-SEG-231XC,201,231Xc,231Xc,273,280,10189,10197,11082,11090,\Bbb N,\Bbb N,83cf45f141bcc461fe374a41478f34683805f99cdd68774c39adbb540a1867e8,83cf45f141bcc461fe374a41478f34683805f99cdd68774c39adbb540a1867e8,7a5c8f64045b98184eb0aeb0e75d1f7fc2976b2635d0b631b4b1da04dff5a457,$,7a5c8f64045b98184eb0aeb0e75d1f7fc2976b2635d0b631b4b1da04dff5a457,7a5c8f64045b98184eb0aeb0e75d1f7fc2976b2635d0b631b4b1da04dff5a457,"{""basis"":""ordered nested-math atom; exact symbolic replay"",""kind"":""source-target-formula-map""}"
1.1.0,formula,O007-FREMLIN-V2-S231-FORMULA-0202,O007-FREMLIN-V2-S231,O007-RIGHTS-FREMLIN-DSL,O007-FREMLIN-V2-S231-SEG-231XC,202,231Xc,231Xc,273,281,10221,10242,11128,11149,\nu:\Sigma\to\Bbb Z,\nu:\Sigma\to\Bbb Z,3b64235c015818bb7894ed786c83899f84c4020f729bf021f65936704556735d,3b64235c015818bb7894ed786c83899f84c4020f729bf021f65936704556735d,a1403db32bda8aeec45b9aac8a42ce60721650f50ff1a11889d776c673baabef,$,a1403db32bda8aeec45b9aac8a42ce60721650f50ff1a11889d776c673baabef,a1403db32bda8aeec45b9aac8a42ce60721650f50ff1a11889d776c673baabef,"{""basis"":""ordered nested-math atom; exact symbolic replay"",""kind"":""source-target-formula-map""}"
1.1.0,formula,O007-FREMLIN-V2-S231-FORMULA-0203,O007-FREMLIN-V2-S231,O007-RIGHTS-FREMLIN-DSL,O007-FREMLIN-V2-S231-SEG-231XC,203,231Xc,231Xc,276,283,10275,10373,11188,11286,"\nu E 
=\lim_{n\to\infty}\bigl(\#(\{i:i\le n,\,2i\in E\}) 
  -\#(\{i:i\le n,\,2i+1\in E\})\bigr)","\nu E 
=\lim_{n\to\infty}\bigl(\#(\{i:i\le n,\,2i\in E\}) 
  -\#(\{i:i\le n,\,2i+1\in E\})\bigr)",13a4216c620a3c6614f23738b4d45da2010497777ef1c825c0aa241a732a70f1,13a4216c620a3c6614f23738b4d45da2010497777ef1c825c0aa241a732a70f1,15455f8da7448cd1d798221cfe5070df03d620a48ba00cc3ea8839415243c681,$,15455f8da7448cd1d798221cfe5070df03d620a48ba00cc3ea8839415243c681,15455f8da7448cd1d798221cfe5070df03d620a48ba00cc3ea8839415243c681,"{""basis"":""ordered nested-math atom; exact symbolic replay"",""kind"":""source-target-formula-map""}"
1.1.0,formula,O007-FREMLIN-V2-S231-FORMULA-0204,O007-FREMLIN-V2-S231,O007-RIGHTS-FREMLIN-DSL,O007-FREMLIN-V2-S231-SEG-231XC,204,231Xc,231Xc,280,287,10403,10415,11319,11331,E\in\Sigma,E\in\Sigma,afe4bbaaedba5158924d3a0bd77f0304472650e71de5aed22515cc3a0a8e1bd2,afe4bbaaedba5158924d3a0bd77f0304472650e71de5aed22515cc3a0a8e1bd2,afe4bbaaedba5158924d3a0bd77f0304472650e71de5aed22515cc3a0a8e1bd2,$,afe4bbaaedba5158924d3a0bd77f0304472650e71de5aed22515cc3a0a8e1bd2,afe4bbaaedba5158924d3a0bd77f0304472650e71de5aed22515cc3a0a8e1bd2,"{""basis"":""ordered nested-math atom; exact symbolic replay"",""kind"":""source-target-formula-map""}"
1.1.0,formula,O007-FREMLIN-V2-S231-FORMULA-0205,O007-FREMLIN-V2-S231,O007-RIGHTS-FREMLIN-DSL,O007-FREMLIN-V2-S231-SEG-231XC,205,231Xc,231Xc,280,287,10429,10434,11351,11356,\nu,\nu,84eb2b123d1102b8f7c00b34116df32107cffa82d46efbac7fd9543fa7459c38,84eb2b123d1102b8f7c00b34116df32107cffa82d46efbac7fd9543fa7459c38,84eb2b123d1102b8f7c00b34116df32107cffa82d46efbac7fd9543fa7459c38,$,84eb2b123d1102b8f7c00b34116df32107cffa82d46efbac7fd9543fa7459c38,84eb2b123d1102b8f7c00b34116df32107cffa82d46efbac7fd9543fa7459c38,"{""basis"":""ordered nested-math atom; exact symbolic replay"",""kind"":""source-target-formula-map""}"
1.1.0,formula,O007-FREMLIN-V2-S231-FORMULA-0206,O007-FREMLIN-V2-S231,O007-RIGHTS-FREMLIN-DSL,O007-FREMLIN-V2-S231-SEG-231XD,206,231Xd,231Xd,284,291,10531,10534,11463,11466,X,X,4b68ab3847feda7d6c62c1fbcbeebfa35eab7351ed5e78f4ddadea5df64b8015,4b68ab3847feda7d6c62c1fbcbeebfa35eab7351ed5e78f4ddadea5df64b8015,4b68ab3847feda7d6c62c1fbcbeebfa35eab7351ed5e78f4ddadea5df64b8015,$,4b68ab3847feda7d6c62c1fbcbeebfa35eab7351ed5e78f4ddadea5df64b8015,4b68ab3847feda7d6c62c1fbcbeebfa35eab7351ed5e78f4ddadea5df64b8015,"{""basis"":""ordered nested-math atom; exact symbolic replay"",""kind"":""source-target-formula-map""}"
1.1.0,formula,O007-FREMLIN-V2-S231-FORMULA-0207,O007-FREMLIN-V2-S231,O007-RIGHTS-FREMLIN-DSL,O007-FREMLIN-V2-S231-SEG-231XD,207,231Xd,231Xd,284,291,10548,10556,11486,11494,\Sigma,\Sigma,d65d75b1e6562713a3936bb38fdfe6832fb5b96c946de58f7ce0992057665aa8,d65d75b1e6562713a3936bb38fdfe6832fb5b96c946de58f7ce0992057665aa8,d65d75b1e6562713a3936bb38fdfe6832fb5b96c946de58f7ce0992057665aa8,$,d65d75b1e6562713a3936bb38fdfe6832fb5b96c946de58f7ce0992057665aa8,d65d75b1e6562713a3936bb38fdfe6832fb5b96c946de58f7ce0992057665aa8,"{""basis"":""ordered nested-math atom; exact symbolic replay"",""kind"":""source-target-formula-map""}"
1.1.0,formula,O007-FREMLIN-V2-S231-FORMULA-0208,O007-FREMLIN-V2-S231,O007-RIGHTS-FREMLIN-DSL,O007-FREMLIN-V2-S231-SEG-231XD,208,231Xd,231Xd,285,292,10583,10586,11527,11530,X,X,4b68ab3847feda7d6c62c1fbcbeebfa35eab7351ed5e78f4ddadea5df64b8015,4b68ab3847feda7d6c62c1fbcbeebfa35eab7351ed5e78f4ddadea5df64b8015,4b68ab3847feda7d6c62c1fbcbeebfa35eab7351ed5e78f4ddadea5df64b8015,$,4b68ab3847feda7d6c62c1fbcbeebfa35eab7351ed5e78f4ddadea5df64b8015,4b68ab3847feda7d6c62c1fbcbeebfa35eab7351ed5e78f4ddadea5df64b8015,"{""basis"":""ordered nested-math atom; exact symbolic replay"",""kind"":""source-target-formula-map""}"
1.1.0,formula,O007-FREMLIN-V2-S231-FORMULA-0209,O007-FREMLIN-V2-S231,O007-RIGHTS-FREMLIN-DSL,O007-FREMLIN-V2-S231-SEG-231XD,209,231Xd,231Xd,285,293,10607,10628,11560,11581,\nu:\Sigma\to\Bbb R,\nu:\Sigma\to\Bbb R,b48108d172ca16599f53e62e3a26b2f678ad0b97498708ad930a470e49a1fc9d,b48108d172ca16599f53e62e3a26b2f678ad0b97498708ad930a470e49a1fc9d,fd3f49f41aeaeaea1640d0a8aacc1603a64230ce064f656a71783ced0e17ca63,$,fd3f49f41aeaeaea1640d0a8aacc1603a64230ce064f656a71783ced0e17ca63,fd3f49f41aeaeaea1640d0a8aacc1603a64230ce064f656a71783ced0e17ca63,"{""basis"":""ordered nested-math atom; exact symbolic replay"",""kind"":""source-target-formula-map""}"
1.1.0,formula,O007-FREMLIN-V2-S231-FORMULA-0210,O007-FREMLIN-V2-S231,O007-RIGHTS-FREMLIN-DSL,O007-FREMLIN-V2-S231-SEG-231XD,210,231Xd,231Xd,286,293,10634,10660,11586,11612,\nuprime:\Sigma\to\Bbb R,\nuprime:\Sigma\to\Bbb R,f608eaaa0f0a35d47f51dd45ba6edd4157fe0f990074fbae148c552d8e813187,f608eaaa0f0a35d47f51dd45ba6edd4157fe0f990074fbae148c552d8e813187,b67e13a660099609860c4aca46520a50da1b56e3a4eebce6e2293ff0af73203c,$,b67e13a660099609860c4aca46520a50da1b56e3a4eebce6e2293ff0af73203c,b67e13a660099609860c4aca46520a50da1b56e3a4eebce6e2293ff0af73203c,"{""basis"":""ordered nested-math atom; exact symbolic replay"",""kind"":""source-target-formula-map""}"
1.1.0,formula,O007-FREMLIN-V2-S231-FORMULA-0211,O007-FREMLIN-V2-S231,O007-RIGHTS-FREMLIN-DSL,O007-FREMLIN-V2-S231-SEG-231XD,211,231Xd,231Xd,286,294,10691,10705,11657,11671,\nu+\nuprime,\nu+\nuprime,561229791e1c87de087297391d66f7afe63fc55a290c5b4528e4a207071c9e12,561229791e1c87de087297391d66f7afe63fc55a290c5b4528e4a207071c9e12,561229791e1c87de087297391d66f7afe63fc55a290c5b4528e4a207071c9e12,$,561229791e1c87de087297391d66f7afe63fc55a290c5b4528e4a207071c9e12,561229791e1c87de087297391d66f7afe63fc55a290c5b4528e4a207071c9e12,"{""basis"":""ordered nested-math atom; exact symbolic replay"",""kind"":""source-target-formula-map""}"
1.1.0,formula,O007-FREMLIN-V2-S231-FORMULA-0212,O007-FREMLIN-V2-S231,O007-RIGHTS-FREMLIN-DSL,O007-FREMLIN-V2-S231-SEG-231XD,212,231Xd,231Xd,287,294,10711,10717,11676,11682,c\nu,c\nu,a26a185d7fed2620a8375b47e7be31ead5e3d110312c0c9103b085add2b1349c,a26a185d7fed2620a8375b47e7be31ead5e3d110312c0c9103b085add2b1349c,a26a185d7fed2620a8375b47e7be31ead5e3d110312c0c9103b085add2b1349c,$,a26a185d7fed2620a8375b47e7be31ead5e3d110312c0c9103b085add2b1349c,a26a185d7fed2620a8375b47e7be31ead5e3d110312c0c9103b085add2b1349c,"{""basis"":""ordered nested-math atom; exact symbolic replay"",""kind"":""source-target-formula-map""}"
1.1.0,formula,O007-FREMLIN-V2-S231-FORMULA-0213,O007-FREMLIN-V2-S231,O007-RIGHTS-FREMLIN-DSL,O007-FREMLIN-V2-S231-SEG-231XD,213,231Xd,231Xd,288,295,10727,10739,11700,11712,c\in\Bbb R,c\in\Bbb R,365f5ce487f10d724b33ca913e9f2aff3456a3c2ba87d35652de7cf350ca3be0,365f5ce487f10d724b33ca913e9f2aff3456a3c2ba87d35652de7cf350ca3be0,94bc9d92c15c2e8afaebffdcd5145690aa18e8d3436bad14ca833f19d17e6977,$,94bc9d92c15c2e8afaebffdcd5145690aa18e8d3436bad14ca833f19d17e6977,94bc9d92c15c2e8afaebffdcd5145690aa18e8d3436bad14ca833f19d17e6977,"{""basis"":""ordered nested-math atom; exact symbolic replay"",""kind"":""source-target-formula-map""}"
1.1.0,formula,O007-FREMLIN-V2-S231-FORMULA-0214,O007-FREMLIN-V2-S231,O007-RIGHTS-FREMLIN-DSL,O007-FREMLIN-V2-S231-SEG-231XD,214,231Xd,231Xd,288,296,10761,10782,11743,11764,\nu:\Sigma\to\Bbb R,\nu:\Sigma\to\Bbb R,b48108d172ca16599f53e62e3a26b2f678ad0b97498708ad930a470e49a1fc9d,b48108d172ca16599f53e62e3a26b2f678ad0b97498708ad930a470e49a1fc9d,fd3f49f41aeaeaea1640d0a8aacc1603a64230ce064f656a71783ced0e17ca63,$,fd3f49f41aeaeaea1640d0a8aacc1603a64230ce064f656a71783ced0e17ca63,fd3f49f41aeaeaea1640d0a8aacc1603a64230ce064f656a71783ced0e17ca63,"{""basis"":""ordered nested-math atom; exact symbolic replay"",""kind"":""source-target-formula-map""}"
1.1.0,formula,O007-FREMLIN-V2-S231-FORMULA-0215,O007-FREMLIN-V2-S231,O007-RIGHTS-FREMLIN-DSL,O007-FREMLIN-V2-S231-SEG-231XD,215,231Xd,231Xd,289,296,10809,10821,11792,11804,H\in\Sigma,H\in\Sigma,ef7b482d82f037e159ec08791bc8b07b8fee5e6cb32261f9368973a4d7d46220,ef7b482d82f037e159ec08791bc8b07b8fee5e6cb32261f9368973a4d7d46220,ef7b482d82f037e159ec08791bc8b07b8fee5e6cb32261f9368973a4d7d46220,$,ef7b482d82f037e159ec08791bc8b07b8fee5e6cb32261f9368973a4d7d46220,ef7b482d82f037e159ec08791bc8b07b8fee5e6cb32261f9368973a4d7d46220,"{""basis"":""ordered nested-math atom; exact symbolic replay"",""kind"":""source-target-formula-map""}"
1.1.0,formula,O007-FREMLIN-V2-S231-FORMULA-0216,O007-FREMLIN-V2-S231,O007-RIGHTS-FREMLIN-DSL,O007-FREMLIN-V2-S231-SEG-231XD,216,231Xd,231Xd,289,297,10828,10835,11812,11819,\nu_H,\nu_H,bb5edf7720469ad81d6eb477417eadf882fbf68e709ededc3fce37c33119ed89,bb5edf7720469ad81d6eb477417eadf882fbf68e709ededc3fce37c33119ed89,bb5edf7720469ad81d6eb477417eadf882fbf68e709ededc3fce37c33119ed89,$,bb5edf7720469ad81d6eb477417eadf882fbf68e709ededc3fce37c33119ed89,bb5edf7720469ad81d6eb477417eadf882fbf68e709ededc3fce37c33119ed89,"{""basis"":""ordered nested-math atom; exact symbolic replay"",""kind"":""source-target-formula-map""}"
1.1.0,formula,O007-FREMLIN-V2-S231-FORMULA-0217,O007-FREMLIN-V2-S231,O007-RIGHTS-FREMLIN-DSL,O007-FREMLIN-V2-S231-SEG-231XD,217,231Xd,231Xd,290,298,10865,10888,11852,11875,\nu_H(E)=\nu(H\cap E),\nu_H(E)=\nu(H\cap E),1b9c9212d443dac0ca2da629fbe336e22c2aebfad44dff4184cfe538972138fe,1b9c9212d443dac0ca2da629fbe336e22c2aebfad44dff4184cfe538972138fe,ae4c3d62e388823f9ba17816462e04a3aa99046f32a975d9b23c93fb8a78ccc7,$,ae4c3d62e388823f9ba17816462e04a3aa99046f32a975d9b23c93fb8a78ccc7,ae4c3d62e388823f9ba17816462e04a3aa99046f32a975d9b23c93fb8a78ccc7,"{""basis"":""ordered nested-math atom; exact symbolic replay"",""kind"":""source-target-formula-map""}"
1.1.0,formula,O007-FREMLIN-V2-S231-FORMULA-0218,O007-FREMLIN-V2-S231,O007-RIGHTS-FREMLIN-DSL,O007-FREMLIN-V2-S231-SEG-231XD,218,231Xd,231Xd,290,298,10899,10911,11889,11901,E\in\Sigma,E\in\Sigma,afe4bbaaedba5158924d3a0bd77f0304472650e71de5aed22515cc3a0a8e1bd2,afe4bbaaedba5158924d3a0bd77f0304472650e71de5aed22515cc3a0a8e1bd2,afe4bbaaedba5158924d3a0bd77f0304472650e71de5aed22515cc3a0a8e1bd2,$,afe4bbaaedba5158924d3a0bd77f0304472650e71de5aed22515cc3a0a8e1bd2,afe4bbaaedba5158924d3a0bd77f0304472650e71de5aed22515cc3a0a8e1bd2,"{""basis"":""ordered nested-math atom; exact symbolic replay"",""kind"":""source-target-formula-map""}"
1.1.0,formula,O007-FREMLIN-V2-S231-FORMULA-0219,O007-FREMLIN-V2-S231,O007-RIGHTS-FREMLIN-DSL,O007-FREMLIN-V2-S231-SEG-231XE,219,231Xe,231Xe,293,301,10948,10951,11943,11946,X,X,4b68ab3847feda7d6c62c1fbcbeebfa35eab7351ed5e78f4ddadea5df64b8015,4b68ab3847feda7d6c62c1fbcbeebfa35eab7351ed5e78f4ddadea5df64b8015,4b68ab3847feda7d6c62c1fbcbeebfa35eab7351ed5e78f4ddadea5df64b8015,$,4b68ab3847feda7d6c62c1fbcbeebfa35eab7351ed5e78f4ddadea5df64b8015,4b68ab3847feda7d6c62c1fbcbeebfa35eab7351ed5e78f4ddadea5df64b8015,"{""basis"":""ordered nested-math atom; exact symbolic replay"",""kind"":""source-target-formula-map""}"
1.1.0,formula,O007-FREMLIN-V2-S231-FORMULA-0220,O007-FREMLIN-V2-S231,O007-RIGHTS-FREMLIN-DSL,O007-FREMLIN-V2-S231-SEG-231XE,220,231Xe,231Xe,293,301,10962,10970,11963,11971,\Sigma,\Sigma,d65d75b1e6562713a3936bb38fdfe6832fb5b96c946de58f7ce0992057665aa8,d65d75b1e6562713a3936bb38fdfe6832fb5b96c946de58f7ce0992057665aa8,d65d75b1e6562713a3936bb38fdfe6832fb5b96c946de58f7ce0992057665aa8,$,d65d75b1e6562713a3936bb38fdfe6832fb5b96c946de58f7ce0992057665aa8,d65d75b1e6562713a3936bb38fdfe6832fb5b96c946de58f7ce0992057665aa8,"{""basis"":""ordered nested-math atom; exact symbolic replay"",""kind"":""source-target-formula-map""}"
1.1.0,formula,O007-FREMLIN-V2-S231-FORMULA-0221,O007-FREMLIN-V2-S231,O007-RIGHTS-FREMLIN-DSL,O007-FREMLIN-V2-S231-SEG-231XE,221,231Xe,231Xe,294,302,10997,11000,12004,12007,X,X,4b68ab3847feda7d6c62c1fbcbeebfa35eab7351ed5e78f4ddadea5df64b8015,4b68ab3847feda7d6c62c1fbcbeebfa35eab7351ed5e78f4ddadea5df64b8015,4b68ab3847feda7d6c62c1fbcbeebfa35eab7351ed5e78f4ddadea5df64b8015,$,4b68ab3847feda7d6c62c1fbcbeebfa35eab7351ed5e78f4ddadea5df64b8015,4b68ab3847feda7d6c62c1fbcbeebfa35eab7351ed5e78f4ddadea5df64b8015,"{""basis"":""ordered nested-math atom; exact symbolic replay"",""kind"":""source-target-formula-map""}"
1.1.0,formula,O007-FREMLIN-V2-S231-FORMULA-0222,O007-FREMLIN-V2-S231,O007-RIGHTS-FREMLIN-DSL,O007-FREMLIN-V2-S231-SEG-231XE,222,231Xe,231Xe,294,302,11005,11026,12013,12034,\nu:\Sigma\to\Bbb R,\nu:\Sigma\to\Bbb R,b48108d172ca16599f53e62e3a26b2f678ad0b97498708ad930a470e49a1fc9d,b48108d172ca16599f53e62e3a26b2f678ad0b97498708ad930a470e49a1fc9d,fd3f49f41aeaeaea1640d0a8aacc1603a64230ce064f656a71783ced0e17ca63,$,fd3f49f41aeaeaea1640d0a8aacc1603a64230ce064f656a71783ced0e17ca63,fd3f49f41aeaeaea1640d0a8aacc1603a64230ce064f656a71783ced0e17ca63,"{""basis"":""ordered nested-math atom; exact symbolic replay"",""kind"":""source-target-formula-map""}"
1.1.0,formula,O007-FREMLIN-V2-S231-FORMULA-0223,O007-FREMLIN-V2-S231,O007-RIGHTS-FREMLIN-DSL,O007-FREMLIN-V2-S231-SEG-231XE,223,231Xe,231Xe,295,303,11066,11069,12079,12082,S,S,8de0b3c47f112c59745f717a626932264c422a7563954872e237b223af4ad643,8de0b3c47f112c59745f717a626932264c422a7563954872e237b223af4ad643,8de0b3c47f112c59745f717a626932264c422a7563954872e237b223af4ad643,$,8de0b3c47f112c59745f717a626932264c422a7563954872e237b223af4ad643,8de0b3c47f112c59745f717a626932264c422a7563954872e237b223af4ad643,"{""basis"":""ordered nested-math atom; exact symbolic replay"",""kind"":""source-target-formula-map""}"
1.1.0,formula,O007-FREMLIN-V2-S231-FORMULA-0224,O007-FREMLIN-V2-S231,O007-RIGHTS-FREMLIN-DSL,O007-FREMLIN-V2-S231-SEG-231XE,224,231Xe,231Xe,295,304,11124,11127,12142,12145,X,X,4b68ab3847feda7d6c62c1fbcbeebfa35eab7351ed5e78f4ddadea5df64b8015,4b68ab3847feda7d6c62c1fbcbeebfa35eab7351ed5e78f4ddadea5df64b8015,4b68ab3847feda7d6c62c1fbcbeebfa35eab7351ed5e78f4ddadea5df64b8015,$,4b68ab3847feda7d6c62c1fbcbeebfa35eab7351ed5e78f4ddadea5df64b8015,4b68ab3847feda7d6c62c1fbcbeebfa35eab7351ed5e78f4ddadea5df64b8015,"{""basis"":""ordered nested-math atom; exact symbolic replay"",""kind"":""source-target-formula-map""}"
1.1.0,formula,O007-FREMLIN-V2-S231-FORMULA-0225,O007-FREMLIN-V2-S231,O007-RIGHTS-FREMLIN-DSL,O007-FREMLIN-V2-S231-SEG-231XE,225,231Xe,231Xe,296,304,11153,11178,12181,12206,\sum_{i=0}^na_i\chi E_i,\sum_{i=0}^na_i\chi E_i,61fd6e77a2c98ac03d2a891a5837c2a68a471dd4395b3fd0bffe29e92cd4bd15,61fd6e77a2c98ac03d2a891a5837c2a68a471dd4395b3fd0bffe29e92cd4bd15,de095ecd8178f3defae7a9cedcae494db400897cc61a7ed900bb705e502f1303,$,de095ecd8178f3defae7a9cedcae494db400897cc61a7ed900bb705e502f1303,de095ecd8178f3defae7a9cedcae494db400897cc61a7ed900bb705e502f1303,"{""basis"":""ordered nested-math atom; exact symbolic replay"",""kind"":""source-target-formula-map""}"
1.1.0,formula,O007-FREMLIN-V2-S231-FORMULA-0226,O007-FREMLIN-V2-S231,O007-RIGHTS-FREMLIN-DSL,O007-FREMLIN-V2-S231-SEG-231XE,226,231Xe,231Xe,296,305,11185,11199,12216,12230,E_i\in\Sigma,E_i\in\Sigma,24c957d3cd763f7d5ba2ae9b2d26615919e246f62350252da2d28a29663820d6,24c957d3cd763f7d5ba2ae9b2d26615919e246f62350252da2d28a29663820d6,24c957d3cd763f7d5ba2ae9b2d26615919e246f62350252da2d28a29663820d6,$,24c957d3cd763f7d5ba2ae9b2d26615919e246f62350252da2d28a29663820d6,24c957d3cd763f7d5ba2ae9b2d26615919e246f62350252da2d28a29663820d6,"{""basis"":""ordered nested-math atom; exact symbolic replay"",""kind"":""source-target-formula-map""}"
1.1.0,formula,O007-FREMLIN-V2-S231-FORMULA-0227,O007-FREMLIN-V2-S231,O007-RIGHTS-FREMLIN-DSL,O007-FREMLIN-V2-S231-SEG-231XE,227,231Xe,231Xe,297,305,11210,11213,12244,12247,i,i,de7d1b721a1e0632b7cf04edf5032c8ecffa9f9a08492152b926f1a5a7e765d7,de7d1b721a1e0632b7cf04edf5032c8ecffa9f9a08492152b926f1a5a7e765d7,de7d1b721a1e0632b7cf04edf5032c8ecffa9f9a08492152b926f1a5a7e765d7,$,de7d1b721a1e0632b7cf04edf5032c8ecffa9f9a08492152b926f1a5a7e765d7,de7d1b721a1e0632b7cf04edf5032c8ecffa9f9a08492152b926f1a5a7e765d7,"{""basis"":""ordered nested-math atom; exact symbolic replay"",""kind"":""source-target-formula-map""}"
1.1.0,formula,O007-FREMLIN-V2-S231-FORMULA-0228,O007-FREMLIN-V2-S231,O007-RIGHTS-FREMLIN-DSL,O007-FREMLIN-V2-S231-SEG-231XE,228,231Xe,231Xe,298,306,11260,11281,12311,12332,\dashint:S\to\Bbb R,\dashint:S\to\Bbb R,4adecb1f5865c13149dc5821064171fc5b5bf38fc325d02cd5847ac7f09821c2,4adecb1f5865c13149dc5821064171fc5b5bf38fc325d02cd5847ac7f09821c2,5ccd9f75afd0a9229490bf2fb75a38b88878e3f99e37187fca66ae45afb38bfd,$,5ccd9f75afd0a9229490bf2fb75a38b88878e3f99e37187fca66ae45afb38bfd,5ccd9f75afd0a9229490bf2fb75a38b88878e3f99e37187fca66ae45afb38bfd,"{""basis"":""ordered nested-math atom; exact symbolic replay"",""kind"":""source-target-formula-map""}"
1.1.0,formula,O007-FREMLIN-V2-S231-FORMULA-0229,O007-FREMLIN-V2-S231,O007-RIGHTS-FREMLIN-DSL,O007-FREMLIN-V2-S231-SEG-231XE,229,231Xe,231Xe,300,309,11319,11377,12387,12445,"\dashint\sum_{i=0}^na_i\chi E_i 
=\sum_{i=0}^na_i\nu E_i","\dashint\sum_{i=0}^na_i\chi E_i 
=\sum_{i=0}^na_i\nu E_i",e8313eb927377d168898f235a0725cb8738ff3c3695e53a46034d83765a8343c,e8313eb927377d168898f235a0725cb8738ff3c3695e53a46034d83765a8343c,da14719cd25757ad580b5bcab9fc20faf1c83bda22b7f3af2aec444c20e2bc88,$,da14719cd25757ad580b5bcab9fc20faf1c83bda22b7f3af2aec444c20e2bc88,da14719cd25757ad580b5bcab9fc20faf1c83bda22b7f3af2aec444c20e2bc88,"{""basis"":""ordered nested-math atom; exact symbolic replay"",""kind"":""source-target-formula-map""}"
1.1.0,formula,O007-FREMLIN-V2-S231-FORMULA-0230,O007-FREMLIN-V2-S231,O007-RIGHTS-FREMLIN-DSL,O007-FREMLIN-V2-S231-SEG-231XE,230,231Xe,231Xe,303,312,11406,11431,12475,12500,"a_0,\ldots,a_n\in\Bbb R","a_0,\ldots,a_n\in\Bbb R",88b8332b6711d67e9e70800189a456621af947213d8a758d7666e26b5a4aac2a,88b8332b6711d67e9e70800189a456621af947213d8a758d7666e26b5a4aac2a,a23e56c70192cddb2d4fc8947235c9ef42258248c9399bfebb874f2f1ce79268,$,a23e56c70192cddb2d4fc8947235c9ef42258248c9399bfebb874f2f1ce79268,a23e56c70192cddb2d4fc8947235c9ef42258248c9399bfebb874f2f1ce79268,"{""basis"":""ordered nested-math atom; exact symbolic replay"",""kind"":""source-target-formula-map""}"
1.1.0,formula,O007-FREMLIN-V2-S231-FORMULA-0231,O007-FREMLIN-V2-S231,O007-RIGHTS-FREMLIN-DSL,O007-FREMLIN-V2-S231-SEG-231XE,231,231Xe,231Xe,304,313,11437,11462,12506,12531,"E_0,\ldots,E_n\in\Sigma","E_0,\ldots,E_n\in\Sigma",608081ad1924c8cbd92151c55dac2b7d88e93d6d3103963048cf8c2770258a03,608081ad1924c8cbd92151c55dac2b7d88e93d6d3103963048cf8c2770258a03,608081ad1924c8cbd92151c55dac2b7d88e93d6d3103963048cf8c2770258a03,$,608081ad1924c8cbd92151c55dac2b7d88e93d6d3103963048cf8c2770258a03,608081ad1924c8cbd92151c55dac2b7d88e93d6d3103963048cf8c2770258a03,"{""basis"":""ordered nested-math atom; exact symbolic replay"",""kind"":""source-target-formula-map""}"
1.1.0,formula,O007-FREMLIN-V2-S231-FORMULA-0232,O007-FREMLIN-V2-S231,O007-RIGHTS-FREMLIN-DSL,O007-FREMLIN-V2-S231-SEG-231XE,232,231Xe,231Xe,304,313,11484,11496,12561,12573,\nu E\ge 0,\nu E\ge 0,46cfd335e7085ce8c39017bcd07f461e200a9f74f488a147906800dbe9f3fba5,46cfd335e7085ce8c39017bcd07f461e200a9f74f488a147906800dbe9f3fba5,303fa7388ae6253540c391bb58bca09e87d4ce7e4352b0c177494d53b26fcbef,$,303fa7388ae6253540c391bb58bca09e87d4ce7e4352b0c177494d53b26fcbef,303fa7388ae6253540c391bb58bca09e87d4ce7e4352b0c177494d53b26fcbef,"{""basis"":""ordered nested-math atom; exact symbolic replay"",""kind"":""source-target-formula-map""}"
1.1.0,formula,O007-FREMLIN-V2-S231-FORMULA-0233,O007-FREMLIN-V2-S231,O007-RIGHTS-FREMLIN-DSL,O007-FREMLIN-V2-S231-SEG-231XE,233,231Xe,231Xe,305,314,11508,11520,12588,12600,E\in\Sigma,E\in\Sigma,afe4bbaaedba5158924d3a0bd77f0304472650e71de5aed22515cc3a0a8e1bd2,afe4bbaaedba5158924d3a0bd77f0304472650e71de5aed22515cc3a0a8e1bd2,afe4bbaaedba5158924d3a0bd77f0304472650e71de5aed22515cc3a0a8e1bd2,$,afe4bbaaedba5158924d3a0bd77f0304472650e71de5aed22515cc3a0a8e1bd2,afe4bbaaedba5158924d3a0bd77f0304472650e71de5aed22515cc3a0a8e1bd2,"{""basis"":""ordered nested-math atom; exact symbolic replay"",""kind"":""source-target-formula-map""}"
1.1.0,formula,O007-FREMLIN-V2-S231-FORMULA-0234,O007-FREMLIN-V2-S231,O007-RIGHTS-FREMLIN-DSL,O007-FREMLIN-V2-S231-SEG-231XE,234,231Xe,231Xe,305,314,11526,11543,12607,12624,\dashint f\ge 0,\dashint f\ge 0,e05a50ee58f3cbc02c408cf3650bdf67e10c5023b66dbf6ef2bc4024d9d72ece,e05a50ee58f3cbc02c408cf3650bdf67e10c5023b66dbf6ef2bc4024d9d72ece,a8402da1b67651f70265027d35cf207ddf9a3297f703408aaf5fd8e50247cedf,$,a8402da1b67651f70265027d35cf207ddf9a3297f703408aaf5fd8e50247cedf,a8402da1b67651f70265027d35cf207ddf9a3297f703408aaf5fd8e50247cedf,"{""basis"":""ordered nested-math atom; exact symbolic replay"",""kind"":""source-target-formula-map""}"
1.1.0,formula,O007-FREMLIN-V2-S231-FORMULA-0235,O007-FREMLIN-V2-S231,O007-RIGHTS-FREMLIN-DSL,O007-FREMLIN-V2-S231-SEG-231XE,235,231Xe,231Xe,305,314,11553,11561,12635,12643,f\in S,f\in S,f7bd6308c231aa52fe28c73c1dea485fff08f6e87476fa8f284985a1b858da15,f7bd6308c231aa52fe28c73c1dea485fff08f6e87476fa8f284985a1b858da15,41a7d678161ea17c8f93e95c0d246e176346e81017865fd4e5e9461709309377,$,41a7d678161ea17c8f93e95c0d246e176346e81017865fd4e5e9461709309377,41a7d678161ea17c8f93e95c0d246e176346e81017865fd4e5e9461709309377,"{""basis"":""ordered nested-math atom; exact symbolic replay"",""kind"":""source-target-formula-map""}"
1.1.0,formula,O007-FREMLIN-V2-S231-FORMULA-0236,O007-FREMLIN-V2-S231,O007-RIGHTS-FREMLIN-DSL,O007-FREMLIN-V2-S231-SEG-231XE,236,231Xe,231Xe,305,315,11566,11577,12649,12660,f(x)\ge 0,f(x)\ge 0,4fef9ad47e83dc34c1f7b2c4c28b67f7116ede2f01c9ef0b1ce512717bf76a34,4fef9ad47e83dc34c1f7b2c4c28b67f7116ede2f01c9ef0b1ce512717bf76a34,2a2c6a204e526e19c14ac10cffcd1640e750d4119108c414f92ef9556b7aea76,$,2a2c6a204e526e19c14ac10cffcd1640e750d4119108c414f92ef9556b7aea76,2a2c6a204e526e19c14ac10cffcd1640e750d4119108c414f92ef9556b7aea76,"{""basis"":""ordered nested-math atom; exact symbolic replay"",""kind"":""source-target-formula-map""}"
1.1.0,formula,O007-FREMLIN-V2-S231-FORMULA-0237,O007-FREMLIN-V2-S231,O007-RIGHTS-FREMLIN-DSL,O007-FREMLIN-V2-S231-SEG-231XE,237,231Xe,231Xe,306,315,11589,11597,12674,12682,x\in X,x\in X,d9448dfd3954dd39c12d483afd23d561b1b7d735af5f430b5dc457e6fa9ef99b,d9448dfd3954dd39c12d483afd23d561b1b7d735af5f430b5dc457e6fa9ef99b,858979f0c33c5f45e30780b82e2fa00184311296fbb7ef6bf3f4a6007c9b9cb1,$,858979f0c33c5f45e30780b82e2fa00184311296fbb7ef6bf3f4a6007c9b9cb1,858979f0c33c5f45e30780b82e2fa00184311296fbb7ef6bf3f4a6007c9b9cb1,"{""basis"":""ordered nested-math atom; exact symbolic replay"",""kind"":""source-target-formula-map""}"
1.1.0,formula,O007-FREMLIN-V2-S231-FORMULA-0238,O007-FREMLIN-V2-S231,O007-RIGHTS-FREMLIN-DSL,O007-FREMLIN-V2-S231-SEG-231XE,238,231Xe,231Xe,306,315,11620,11625,12713,12718,\nu,\nu,84eb2b123d1102b8f7c00b34116df32107cffa82d46efbac7fd9543fa7459c38,84eb2b123d1102b8f7c00b34116df32107cffa82d46efbac7fd9543fa7459c38,84eb2b123d1102b8f7c00b34116df32107cffa82d46efbac7fd9543fa7459c38,$,84eb2b123d1102b8f7c00b34116df32107cffa82d46efbac7fd9543fa7459c38,84eb2b123d1102b8f7c00b34116df32107cffa82d46efbac7fd9543fa7459c38,"{""basis"":""ordered nested-math atom; exact symbolic replay"",""kind"":""source-target-formula-map""}"
1.1.0,formula,O007-FREMLIN-V2-S231-FORMULA-0239,O007-FREMLIN-V2-S231,O007-RIGHTS-FREMLIN-DSL,O007-FREMLIN-V2-S231-SEG-231XE,239,231Xe,231Xe,307,316,11642,11657,12733,12748,X\ne\emptyset,X\ne\emptyset,d5ac6356ad9162afbe2d413a63d5b2863a0bca4f33e9e500d8fc701ceecef85b,d5ac6356ad9162afbe2d413a63d5b2863a0bca4f33e9e500d8fc701ceecef85b,d5ac6356ad9162afbe2d413a63d5b2863a0bca4f33e9e500d8fc701ceecef85b,$,d5ac6356ad9162afbe2d413a63d5b2863a0bca4f33e9e500d8fc701ceecef85b,d5ac6356ad9162afbe2d413a63d5b2863a0bca4f33e9e500d8fc701ceecef85b,"{""basis"":""ordered nested-math atom; exact symbolic replay"",""kind"":""source-target-formula-map""}"
1.1.0,formula,O007-FREMLIN-V2-S231-FORMULA-0240,O007-FREMLIN-V2-S231,O007-RIGHTS-FREMLIN-DSL,O007-FREMLIN-V2-S231-SEG-231XE,240,231Xe,231Xe,309,318,11683,11769,12775,12861,"\sup\{|\dashint f|:f\in S,\,\|f\|_{\infty}\le 1\} 
=\sup_{E,F\in\Sigma}|\nu E-\nu F|","\sup\{|\dashint f|:f\in S,\,\|f\|_{\infty}\le 1\} 
=\sup_{E,F\in\Sigma}|\nu E-\nu F|",2a993ef9e45a4baf7afe867ba26be4193d4f0adeec1533e6b21ba1e09212c490,2a993ef9e45a4baf7afe867ba26be4193d4f0adeec1533e6b21ba1e09212c490,36e1bd85959ba9ee61151a72fd107080a71e9a1bd9e07dbf699cfef121d3084e,$,36e1bd85959ba9ee61151a72fd107080a71e9a1bd9e07dbf699cfef121d3084e,36e1bd85959ba9ee61151a72fd107080a71e9a1bd9e07dbf699cfef121d3084e,"{""basis"":""ordered nested-math atom; exact symbolic replay"",""kind"":""source-target-formula-map""}"
1.1.0,formula,O007-FREMLIN-V2-S231-FORMULA-0241,O007-FREMLIN-V2-S231,O007-RIGHTS-FREMLIN-DSL,O007-FREMLIN-V2-S231-SEG-231XE,241,231Xe,231Xe,312,322,11798,11834,12901,12937,\|f\|_{\infty}=\sup_{x\in X}|f(x)|,\|f\|_{\infty}=\sup_{x\in X}|f(x)|,f75e7d66ce1efee2851dcdfa2a9d34314e78a14dd292c3e9c08d6cd023877ca5,f75e7d66ce1efee2851dcdfa2a9d34314e78a14dd292c3e9c08d6cd023877ca5,b66559ff5e09499569bce94e4e75d610296cbdaaf120759ef52643ec8be31b06,$,b66559ff5e09499569bce94e4e75d610296cbdaaf120759ef52643ec8be31b06,b66559ff5e09499569bce94e4e75d610296cbdaaf120759ef52643ec8be31b06,"{""basis"":""ordered nested-math atom; exact symbolic replay"",""kind"":""source-target-formula-map""}"
1.1.0,formula,O007-FREMLIN-V2-S231-FORMULA-0242,O007-FREMLIN-V2-S231,O007-RIGHTS-FREMLIN-DSL,O007-FREMLIN-V2-S231-SEG-231XF,242,231Xf,231Xf,315,325,11871,11874,12979,12982,X,X,4b68ab3847feda7d6c62c1fbcbeebfa35eab7351ed5e78f4ddadea5df64b8015,4b68ab3847feda7d6c62c1fbcbeebfa35eab7351ed5e78f4ddadea5df64b8015,4b68ab3847feda7d6c62c1fbcbeebfa35eab7351ed5e78f4ddadea5df64b8015,$,4b68ab3847feda7d6c62c1fbcbeebfa35eab7351ed5e78f4ddadea5df64b8015,4b68ab3847feda7d6c62c1fbcbeebfa35eab7351ed5e78f4ddadea5df64b8015,"{""basis"":""ordered nested-math atom; exact symbolic replay"",""kind"":""source-target-formula-map""}"
1.1.0,formula,O007-FREMLIN-V2-S231-FORMULA-0243,O007-FREMLIN-V2-S231,O007-RIGHTS-FREMLIN-DSL,O007-FREMLIN-V2-S231-SEG-231XF,243,231Xf,231Xf,315,325,11885,11893,12999,13007,\Sigma,\Sigma,d65d75b1e6562713a3936bb38fdfe6832fb5b96c946de58f7ce0992057665aa8,d65d75b1e6562713a3936bb38fdfe6832fb5b96c946de58f7ce0992057665aa8,d65d75b1e6562713a3936bb38fdfe6832fb5b96c946de58f7ce0992057665aa8,$,d65d75b1e6562713a3936bb38fdfe6832fb5b96c946de58f7ce0992057665aa8,d65d75b1e6562713a3936bb38fdfe6832fb5b96c946de58f7ce0992057665aa8,"{""basis"":""ordered nested-math atom; exact symbolic replay"",""kind"":""source-target-formula-map""}"
1.1.0,formula,O007-FREMLIN-V2-S231-FORMULA-0244,O007-FREMLIN-V2-S231,O007-RIGHTS-FREMLIN-DSL,O007-FREMLIN-V2-S231-SEG-231XF,244,231Xf,231Xf,315,326,11896,11904,13046,13046,\sigma,,9c3245dfb4ac54c1623a60e7b8d1fc07cb02eae1229435230c7dab5e71083a26,e3b0c44298fc1c149afbf4c8996fb92427ae41e4649b934ca495991b7852b855,9c3245dfb4ac54c1623a60e7b8d1fc07cb02eae1229435230c7dab5e71083a26,$,9c3245dfb4ac54c1623a60e7b8d1fc07cb02eae1229435230c7dab5e71083a26,e3b0c44298fc1c149afbf4c8996fb92427ae41e4649b934ca495991b7852b855,"{""basis"":""source lexical math atom localized losslessly as Indonesian prose outside math"",""kind"":""source-target-formula-map""}"
1.1.0,formula,O007-FREMLIN-V2-S231-FORMULA-0245,O007-FREMLIN-V2-S231,O007-RIGHTS-FREMLIN-DSL,O007-FREMLIN-V2-S231-SEG-231XF,245,231Xf,231Xf,316,326,11928,11931,13046,13049,X,X,4b68ab3847feda7d6c62c1fbcbeebfa35eab7351ed5e78f4ddadea5df64b8015,4b68ab3847feda7d6c62c1fbcbeebfa35eab7351ed5e78f4ddadea5df64b8015,4b68ab3847feda7d6c62c1fbcbeebfa35eab7351ed5e78f4ddadea5df64b8015,$,4b68ab3847feda7d6c62c1fbcbeebfa35eab7351ed5e78f4ddadea5df64b8015,4b68ab3847feda7d6c62c1fbcbeebfa35eab7351ed5e78f4ddadea5df64b8015,"{""basis"":""ordered nested-math atom; exact symbolic replay"",""kind"":""source-target-formula-map""}"
1.1.0,formula,O007-FREMLIN-V2-S231-FORMULA-0246,O007-FREMLIN-V2-S231,O007-RIGHTS-FREMLIN-DSL,O007-FREMLIN-V2-S231-SEG-231XF,246,231Xf,231Xf,316,326,11936,11958,13055,13077,\nu:\Sigma\to \Bbb R,\nu:\Sigma\to \Bbb R,099c4c961a413afe180ce3461dd23ab54b98d99ada51f02efa27e7df41692e8f,099c4c961a413afe180ce3461dd23ab54b98d99ada51f02efa27e7df41692e8f,fd3f49f41aeaeaea1640d0a8aacc1603a64230ce064f656a71783ced0e17ca63,$,fd3f49f41aeaeaea1640d0a8aacc1603a64230ce064f656a71783ced0e17ca63,fd3f49f41aeaeaea1640d0a8aacc1603a64230ce064f656a71783ced0e17ca63,"{""basis"":""ordered nested-math atom; exact symbolic replay"",""kind"":""source-target-formula-map""}"
1.1.0,formula,O007-FREMLIN-V2-S231-FORMULA-0247,O007-FREMLIN-V2-S231,O007-RIGHTS-FREMLIN-DSL,O007-FREMLIN-V2-S231-SEG-231XF,247,231Xf,231Xf,319,329,12055,12060,13188,13193,\nu,\nu,84eb2b123d1102b8f7c00b34116df32107cffa82d46efbac7fd9543fa7459c38,84eb2b123d1102b8f7c00b34116df32107cffa82d46efbac7fd9543fa7459c38,84eb2b123d1102b8f7c00b34116df32107cffa82d46efbac7fd9543fa7459c38,$,84eb2b123d1102b8f7c00b34116df32107cffa82d46efbac7fd9543fa7459c38,84eb2b123d1102b8f7c00b34116df32107cffa82d46efbac7fd9543fa7459c38,"{""basis"":""ordered nested-math atom; exact symbolic replay"",""kind"":""source-target-formula-map""}"
1.1.0,formula,O007-FREMLIN-V2-S231-FORMULA-0248,O007-FREMLIN-V2-S231,O007-RIGHTS-FREMLIN-DSL,O007-FREMLIN-V2-S231-SEG-231XF,248,231Xf,231Xf,321,331,12103,12131,13240,13268,\lim_{n\to\infty}\nu E_n=0,\lim_{n\to\infty}\nu E_n=0,3dc04173d67c6d0c962c46a6f250390c413c8dff728e0e3e2080162a020f28cd,3dc04173d67c6d0c962c46a6f250390c413c8dff728e0e3e2080162a020f28cd,e83d8cec866b31c135120ec20b34cb25f55bb1c1afbfdaf9e6d4612ef0820af4,$,e83d8cec866b31c135120ec20b34cb25f55bb1c1afbfdaf9e6d4612ef0820af4,e83d8cec866b31c135120ec20b34cb25f55bb1c1afbfdaf9e6d4612ef0820af4,"{""basis"":""ordered nested-math atom; exact symbolic replay"",""kind"":""source-target-formula-map""}"
1.1.0,formula,O007-FREMLIN-V2-S231-FORMULA-0249,O007-FREMLIN-V2-S231,O007-RIGHTS-FREMLIN-DSL,O007-FREMLIN-V2-S231-SEG-231XF,249,231Xf,231Xf,321,331,12141,12158,13279,13296,\sequencen{E_n},\sequencen{E_n},fb72efffaef2718f064f6738776455109a431cf083b415e4e69d96004f7fe54f,fb72efffaef2718f064f6738776455109a431cf083b415e4e69d96004f7fe54f,fb72efffaef2718f064f6738776455109a431cf083b415e4e69d96004f7fe54f,$,fb72efffaef2718f064f6738776455109a431cf083b415e4e69d96004f7fe54f,fb72efffaef2718f064f6738776455109a431cf083b415e4e69d96004f7fe54f,"{""basis"":""ordered nested-math atom; exact symbolic replay"",""kind"":""source-target-formula-map""}"
1.1.0,formula,O007-FREMLIN-V2-S231-FORMULA-0250,O007-FREMLIN-V2-S231,O007-RIGHTS-FREMLIN-DSL,O007-FREMLIN-V2-S231-SEG-231XF,250,231Xf,231Xf,322,332,12192,12200,13336,13344,\Sigma,\Sigma,d65d75b1e6562713a3936bb38fdfe6832fb5b96c946de58f7ce0992057665aa8,d65d75b1e6562713a3936bb38fdfe6832fb5b96c946de58f7ce0992057665aa8,d65d75b1e6562713a3936bb38fdfe6832fb5b96c946de58f7ce0992057665aa8,$,d65d75b1e6562713a3936bb38fdfe6832fb5b96c946de58f7ce0992057665aa8,d65d75b1e6562713a3936bb38fdfe6832fb5b96c946de58f7ce0992057665aa8,"{""basis"":""ordered nested-math atom; exact symbolic replay"",""kind"":""source-target-formula-map""}"
1.1.0,formula,O007-FREMLIN-V2-S231-FORMULA-0251,O007-FREMLIN-V2-S231,O007-RIGHTS-FREMLIN-DSL,O007-FREMLIN-V2-S231-SEG-231XF,251,231Xf,231Xf,323,333,12206,12241,13350,13385,\bigcap_{n\in\Bbb N}E_n=\emptyset,\bigcap_{n\in\Bbb N}E_n=\emptyset,ed6606d8796cb30555335b5e9de5750da858479b2947fcdb7bdf0ce16829b664,ed6606d8796cb30555335b5e9de5750da858479b2947fcdb7bdf0ce16829b664,2ca33f95a3958866f03b1c19f2a8e79855a96748cc4846d15181d79dc528818c,$,2ca33f95a3958866f03b1c19f2a8e79855a96748cc4846d15181d79dc528818c,2ca33f95a3958866f03b1c19f2a8e79855a96748cc4846d15181d79dc528818c,"{""basis"":""ordered nested-math atom; exact symbolic replay"",""kind"":""source-target-formula-map""}"
1.1.0,formula,O007-FREMLIN-V2-S231-FORMULA-0252,O007-FREMLIN-V2-S231,O007-RIGHTS-FREMLIN-DSL,O007-FREMLIN-V2-S231-SEG-231XF,252,231Xf,231Xf,325,335,12263,12291,13407,13435,\lim_{n\to\infty}\nu E_n=0,\lim_{n\to\infty}\nu E_n=0,3dc04173d67c6d0c962c46a6f250390c413c8dff728e0e3e2080162a020f28cd,3dc04173d67c6d0c962c46a6f250390c413c8dff728e0e3e2080162a020f28cd,e83d8cec866b31c135120ec20b34cb25f55bb1c1afbfdaf9e6d4612ef0820af4,$,e83d8cec866b31c135120ec20b34cb25f55bb1c1afbfdaf9e6d4612ef0820af4,e83d8cec866b31c135120ec20b34cb25f55bb1c1afbfdaf9e6d4612ef0820af4,"{""basis"":""ordered nested-math atom; exact symbolic replay"",""kind"":""source-target-formula-map""}"
1.1.0,formula,O007-FREMLIN-V2-S231-FORMULA-0253,O007-FREMLIN-V2-S231,O007-RIGHTS-FREMLIN-DSL,O007-FREMLIN-V2-S231-SEG-231XF,253,231Xf,231Xf,325,336,12301,12318,13447,13464,\sequencen{E_n},\sequencen{E_n},fb72efffaef2718f064f6738776455109a431cf083b415e4e69d96004f7fe54f,fb72efffaef2718f064f6738776455109a431cf083b415e4e69d96004f7fe54f,fb72efffaef2718f064f6738776455109a431cf083b415e4e69d96004f7fe54f,$,fb72efffaef2718f064f6738776455109a431cf083b415e4e69d96004f7fe54f,fb72efffaef2718f064f6738776455109a431cf083b415e4e69d96004f7fe54f,"{""basis"":""ordered nested-math atom; exact symbolic replay"",""kind"":""source-target-formula-map""}"
1.1.0,formula,O007-FREMLIN-V2-S231-FORMULA-0254,O007-FREMLIN-V2-S231,O007-RIGHTS-FREMLIN-DSL,O007-FREMLIN-V2-S231-SEG-231XF,254,231Xf,231Xf,326,336,12337,12345,13495,13503,\Sigma,\Sigma,d65d75b1e6562713a3936bb38fdfe6832fb5b96c946de58f7ce0992057665aa8,d65d75b1e6562713a3936bb38fdfe6832fb5b96c946de58f7ce0992057665aa8,d65d75b1e6562713a3936bb38fdfe6832fb5b96c946de58f7ce0992057665aa8,$,d65d75b1e6562713a3936bb38fdfe6832fb5b96c946de58f7ce0992057665aa8,d65d75b1e6562713a3936bb38fdfe6832fb5b96c946de58f7ce0992057665aa8,"{""basis"":""ordered nested-math atom; exact symbolic replay"",""kind"":""source-target-formula-map""}"
1.1.0,formula,O007-FREMLIN-V2-S231-FORMULA-0255,O007-FREMLIN-V2-S231,O007-RIGHTS-FREMLIN-DSL,O007-FREMLIN-V2-S231-SEG-231XF,255,231Xf,231Xf,327,337,12351,12402,13509,13560,\bigcap_{n\in\Bbb N}\bigcup_{m\ge n}E_m=\emptyset,\bigcap_{n\in\Bbb N}\bigcup_{m\ge n}E_m=\emptyset,9b5f8561127f0fcc47939a8b881cff8cf5ffe3791578fefc79eb9d38cacb1d48,9b5f8561127f0fcc47939a8b881cff8cf5ffe3791578fefc79eb9d38cacb1d48,c60cd2e42140d3d711af5a121ebf02b9f7ed2e0f53b8f492bd53ba22e2a7349f,$,c60cd2e42140d3d711af5a121ebf02b9f7ed2e0f53b8f492bd53ba22e2a7349f,c60cd2e42140d3d711af5a121ebf02b9f7ed2e0f53b8f492bd53ba22e2a7349f,"{""basis"":""ordered nested-math atom; exact symbolic replay"",""kind"":""source-target-formula-map""}"
1.1.0,formula,O007-FREMLIN-V2-S231-FORMULA-0256,O007-FREMLIN-V2-S231,O007-RIGHTS-FREMLIN-DSL,O007-FREMLIN-V2-S231-SEG-231XF,256,231Xf,231Xf,329,339,12423,12455,13581,13613,\lim_{n\to\infty}\nu E_n=\nu E,\lim_{n\to\infty}\nu E_n=\nu E,7045069322ed3c5231ffa29eb1577669a38d9cdf8ea264a718798d75cdf5560d,7045069322ed3c5231ffa29eb1577669a38d9cdf8ea264a718798d75cdf5560d,0186b3533935eb1f1186c5b03c4561b378f9fd91260ca8d6e8166d3a59d6e0df,$,0186b3533935eb1f1186c5b03c4561b378f9fd91260ca8d6e8166d3a59d6e0df,0186b3533935eb1f1186c5b03c4561b378f9fd91260ca8d6e8166d3a59d6e0df,"{""basis"":""ordered nested-math atom; exact symbolic replay"",""kind"":""source-target-formula-map""}"
1.1.0,formula,O007-FREMLIN-V2-S231-FORMULA-0257,O007-FREMLIN-V2-S231,O007-RIGHTS-FREMLIN-DSL,O007-FREMLIN-V2-S231-SEG-231XF,257,231Xf,231Xf,329,340,12465,12482,13625,13642,\sequencen{E_n},\sequencen{E_n},fb72efffaef2718f064f6738776455109a431cf083b415e4e69d96004f7fe54f,fb72efffaef2718f064f6738776455109a431cf083b415e4e69d96004f7fe54f,fb72efffaef2718f064f6738776455109a431cf083b415e4e69d96004f7fe54f,$,fb72efffaef2718f064f6738776455109a431cf083b415e4e69d96004f7fe54f,fb72efffaef2718f064f6738776455109a431cf083b415e4e69d96004f7fe54f,"{""basis"":""ordered nested-math atom; exact symbolic replay"",""kind"":""source-target-formula-map""}"
1.1.0,formula,O007-FREMLIN-V2-S231-FORMULA-0258,O007-FREMLIN-V2-S231,O007-RIGHTS-FREMLIN-DSL,O007-FREMLIN-V2-S231-SEG-231XF,258,231Xf,231Xf,330,340,12501,12509,13673,13681,\Sigma,\Sigma,d65d75b1e6562713a3936bb38fdfe6832fb5b96c946de58f7ce0992057665aa8,d65d75b1e6562713a3936bb38fdfe6832fb5b96c946de58f7ce0992057665aa8,d65d75b1e6562713a3936bb38fdfe6832fb5b96c946de58f7ce0992057665aa8,$,d65d75b1e6562713a3936bb38fdfe6832fb5b96c946de58f7ce0992057665aa8,d65d75b1e6562713a3936bb38fdfe6832fb5b96c946de58f7ce0992057665aa8,"{""basis"":""ordered nested-math atom; exact symbolic replay"",""kind"":""source-target-formula-map""}"
1.1.0,formula,O007-FREMLIN-V2-S231-FORMULA-0259,O007-FREMLIN-V2-S231,O007-RIGHTS-FREMLIN-DSL,O007-FREMLIN-V2-S231-SEG-231XF,259,231Xf,231Xf,332,342,12534,12619,13706,13791,"E=\bigcap_{n\in\Bbb N}\bigcup_{m\ge n}E_m 
=\bigcup_{n\in\Bbb N}\bigcap_{m\ge n}E_m","E=\bigcap_{n\in\Bbb N}\bigcup_{m\ge n}E_m 
=\bigcup_{n\in\Bbb N}\bigcap_{m\ge n}E_m",0d9c24e2f29fa75e9495c6b71001fc80ba33112700ba1880d4769d159efe126f,0d9c24e2f29fa75e9495c6b71001fc80ba33112700ba1880d4769d159efe126f,9521eeccd508c7abd2ef95ac76ad498d0f197e3a16a0f47799c2133bdf10f033,$,9521eeccd508c7abd2ef95ac76ad498d0f197e3a16a0f47799c2133bdf10f033,9521eeccd508c7abd2ef95ac76ad498d0f197e3a16a0f47799c2133bdf10f033,"{""basis"":""ordered nested-math atom; exact symbolic replay"",""kind"":""source-target-formula-map""}"
1.1.0,formula,O007-FREMLIN-V2-S231-FORMULA-0260,O007-FREMLIN-V2-S231,O007-RIGHTS-FREMLIN-DSL,O007-FREMLIN-V2-S231-SEG-231XF,260,231Xf,231Xf,335,345,12660,12673,13837,13850,\Rightarrow,\Rightarrow,ae3660560a54702c0da6f894d65661096919a284e6856e4bccb04d5437844b91,ae3660560a54702c0da6f894d65661096919a284e6856e4bccb04d5437844b91,ae3660560a54702c0da6f894d65661096919a284e6856e4bccb04d5437844b91,$,ae3660560a54702c0da6f894d65661096919a284e6856e4bccb04d5437844b91,ae3660560a54702c0da6f894d65661096919a284e6856e4bccb04d5437844b91,"{""basis"":""ordered nested-math atom; exact symbolic replay"",""kind"":""source-target-formula-map""}"
1.1.0,formula,O007-FREMLIN-V2-S231-FORMULA-0261,O007-FREMLIN-V2-S231,O007-RIGHTS-FREMLIN-DSL,O007-FREMLIN-V2-S231-SEG-231XF,261,231Xf,231Xf,336,346,12702,12707,13874,13879,\nu,\nu,84eb2b123d1102b8f7c00b34116df32107cffa82d46efbac7fd9543fa7459c38,84eb2b123d1102b8f7c00b34116df32107cffa82d46efbac7fd9543fa7459c38,84eb2b123d1102b8f7c00b34116df32107cffa82d46efbac7fd9543fa7459c38,$,84eb2b123d1102b8f7c00b34116df32107cffa82d46efbac7fd9543fa7459c38,84eb2b123d1102b8f7c00b34116df32107cffa82d46efbac7fd9543fa7459c38,"{""basis"":""ordered nested-math atom; exact symbolic replay"",""kind"":""source-target-formula-map""}"
1.1.0,formula,O007-FREMLIN-V2-S231-FORMULA-0262,O007-FREMLIN-V2-S231,O007-RIGHTS-FREMLIN-DSL,O007-FREMLIN-V2-S231-SEG-231XG,262,231Xg,231Xg,339,349,12751,12754,13938,13941,X,X,4b68ab3847feda7d6c62c1fbcbeebfa35eab7351ed5e78f4ddadea5df64b8015,4b68ab3847feda7d6c62c1fbcbeebfa35eab7351ed5e78f4ddadea5df64b8015,4b68ab3847feda7d6c62c1fbcbeebfa35eab7351ed5e78f4ddadea5df64b8015,$,4b68ab3847feda7d6c62c1fbcbeebfa35eab7351ed5e78f4ddadea5df64b8015,4b68ab3847feda7d6c62c1fbcbeebfa35eab7351ed5e78f4ddadea5df64b8015,"{""basis"":""ordered nested-math atom; exact symbolic replay"",""kind"":""source-target-formula-map""}"
1.1.0,formula,O007-FREMLIN-V2-S231-FORMULA-0263,O007-FREMLIN-V2-S231,O007-RIGHTS-FREMLIN-DSL,O007-FREMLIN-V2-S231-SEG-231XG,263,231Xg,231Xg,339,349,12768,12776,13961,13969,\Sigma,\Sigma,d65d75b1e6562713a3936bb38fdfe6832fb5b96c946de58f7ce0992057665aa8,d65d75b1e6562713a3936bb38fdfe6832fb5b96c946de58f7ce0992057665aa8,d65d75b1e6562713a3936bb38fdfe6832fb5b96c946de58f7ce0992057665aa8,$,d65d75b1e6562713a3936bb38fdfe6832fb5b96c946de58f7ce0992057665aa8,d65d75b1e6562713a3936bb38fdfe6832fb5b96c946de58f7ce0992057665aa8,"{""basis"":""ordered nested-math atom; exact symbolic replay"",""kind"":""source-target-formula-map""}"
1.1.0,formula,O007-FREMLIN-V2-S231-FORMULA-0264,O007-FREMLIN-V2-S231,O007-RIGHTS-FREMLIN-DSL,O007-FREMLIN-V2-S231-SEG-231XG,264,231Xg,231Xg,339,351,12779,12787,14009,14009,\sigma,,9c3245dfb4ac54c1623a60e7b8d1fc07cb02eae1229435230c7dab5e71083a26,e3b0c44298fc1c149afbf4c8996fb92427ae41e4649b934ca495991b7852b855,9c3245dfb4ac54c1623a60e7b8d1fc07cb02eae1229435230c7dab5e71083a26,$,9c3245dfb4ac54c1623a60e7b8d1fc07cb02eae1229435230c7dab5e71083a26,e3b0c44298fc1c149afbf4c8996fb92427ae41e4649b934ca495991b7852b855,"{""basis"":""source lexical math atom localized losslessly as Indonesian prose outside math"",""kind"":""source-target-formula-map""}"
1.1.0,formula,O007-FREMLIN-V2-S231-FORMULA-0265,O007-FREMLIN-V2-S231,O007-RIGHTS-FREMLIN-DSL,O007-FREMLIN-V2-S231-SEG-231XG,265,231Xg,231Xg,341,351,12812,12815,14009,14012,X,X,4b68ab3847feda7d6c62c1fbcbeebfa35eab7351ed5e78f4ddadea5df64b8015,4b68ab3847feda7d6c62c1fbcbeebfa35eab7351ed5e78f4ddadea5df64b8015,4b68ab3847feda7d6c62c1fbcbeebfa35eab7351ed5e78f4ddadea5df64b8015,$,4b68ab3847feda7d6c62c1fbcbeebfa35eab7351ed5e78f4ddadea5df64b8015,4b68ab3847feda7d6c62c1fbcbeebfa35eab7351ed5e78f4ddadea5df64b8015,"{""basis"":""ordered nested-math atom; exact symbolic replay"",""kind"":""source-target-formula-map""}"
1.1.0,formula,O007-FREMLIN-V2-S231-FORMULA-0266,O007-FREMLIN-V2-S231,O007-RIGHTS-FREMLIN-DSL,O007-FREMLIN-V2-S231-SEG-231XG,266,231Xg,231Xg,341,351,12825,12862,14027,14064,"\nu:\Sigma\to\coint{-\infty,\infty}","\nu:\Sigma\to\coint{-\infty,\infty}",f25c3ee2239ecc679fe71a77c4b58c018f19c1094770085090777be41826e065,f25c3ee2239ecc679fe71a77c4b58c018f19c1094770085090777be41826e065,f25c3ee2239ecc679fe71a77c4b58c018f19c1094770085090777be41826e065,$,f25c3ee2239ecc679fe71a77c4b58c018f19c1094770085090777be41826e065,f25c3ee2239ecc679fe71a77c4b58c018f19c1094770085090777be41826e065,"{""basis"":""ordered nested-math atom; exact symbolic replay"",""kind"":""source-target-formula-map""}"
1.1.0,formula,O007-FREMLIN-V2-S231-FORMULA-0267,O007-FREMLIN-V2-S231,O007-RIGHTS-FREMLIN-DSL,O007-FREMLIN-V2-S231-SEG-231XG,267,231Xg,231Xg,342,352,12924,12940,14118,14134,\nu\emptyset=0,\nu\emptyset=0,518b6eade38c41df9c17b3d30d2e03145147986bcf25383efe55181e3af6a251,518b6eade38c41df9c17b3d30d2e03145147986bcf25383efe55181e3af6a251,518b6eade38c41df9c17b3d30d2e03145147986bcf25383efe55181e3af6a251,$,518b6eade38c41df9c17b3d30d2e03145147986bcf25383efe55181e3af6a251,518b6eade38c41df9c17b3d30d2e03145147986bcf25383efe55181e3af6a251,"{""basis"":""ordered nested-math atom; exact symbolic replay"",""kind"":""source-target-formula-map""}"
1.1.0,formula,O007-FREMLIN-V2-S231-FORMULA-0268,O007-FREMLIN-V2-S231,O007-RIGHTS-FREMLIN-DSL,O007-FREMLIN-V2-S231-SEG-231XG,268,231Xg,231Xg,343,353,12955,12972,14151,14168,\sequencen{E_n},\sequencen{E_n},fb72efffaef2718f064f6738776455109a431cf083b415e4e69d96004f7fe54f,fb72efffaef2718f064f6738776455109a431cf083b415e4e69d96004f7fe54f,fb72efffaef2718f064f6738776455109a431cf083b415e4e69d96004f7fe54f,$,fb72efffaef2718f064f6738776455109a431cf083b415e4e69d96004f7fe54f,fb72efffaef2718f064f6738776455109a431cf083b415e4e69d96004f7fe54f,"{""basis"":""ordered nested-math atom; exact symbolic replay"",""kind"":""source-target-formula-map""}"
1.1.0,formula,O007-FREMLIN-V2-S231-FORMULA-0269,O007-FREMLIN-V2-S231,O007-RIGHTS-FREMLIN-DSL,O007-FREMLIN-V2-S231-SEG-231XG,269,231Xg,231Xg,343,353,12999,13007,14206,14214,\Sigma,\Sigma,d65d75b1e6562713a3936bb38fdfe6832fb5b96c946de58f7ce0992057665aa8,d65d75b1e6562713a3936bb38fdfe6832fb5b96c946de58f7ce0992057665aa8,d65d75b1e6562713a3936bb38fdfe6832fb5b96c946de58f7ce0992057665aa8,$,d65d75b1e6562713a3936bb38fdfe6832fb5b96c946de58f7ce0992057665aa8,d65d75b1e6562713a3936bb38fdfe6832fb5b96c946de58f7ce0992057665aa8,"{""basis"":""ordered nested-math atom; exact symbolic replay"",""kind"":""source-target-formula-map""}"
1.1.0,formula,O007-FREMLIN-V2-S231-FORMULA-0270,O007-FREMLIN-V2-S231,O007-RIGHTS-FREMLIN-DSL,O007-FREMLIN-V2-S231-SEG-231XG,270,231Xg,231Xg,344,354,13010,13075,14217,14282,\sum_{n=0}^{\infty}\nu E_n=\lim_{n\to\infty}\sum_{i=0}^n\nu E_i,\sum_{n=0}^{\infty}\nu E_n=\lim_{n\to\infty}\sum_{i=0}^n\nu E_i,3b8a3fb9243e4534603ba47a12c9be18c9c5dc64a61c1ef0fb2e8e7989fdf4a9,3b8a3fb9243e4534603ba47a12c9be18c9c5dc64a61c1ef0fb2e8e7989fdf4a9,dc92c69788708ba6929dd29fdf4446e451721ec5e51ef8d2c4fb99839e5fe4e5,$,dc92c69788708ba6929dd29fdf4446e451721ec5e51ef8d2c4fb99839e5fe4e5,dc92c69788708ba6929dd29fdf4446e451721ec5e51ef8d2c4fb99839e5fe4e5,"{""basis"":""ordered nested-math atom; exact symbolic replay"",""kind"":""source-target-formula-map""}"
1.1.0,formula,O007-FREMLIN-V2-S231-FORMULA-0271,O007-FREMLIN-V2-S231,O007-RIGHTS-FREMLIN-DSL,O007-FREMLIN-V2-S231-SEG-231XG,271,231Xg,231Xg,345,355,13091,13115,14305,14329,"\coint{-\infty,\infty}","\coint{-\infty,\infty}",fb5d6a92fa7d37982f6bc1a91ddd9d755b5b2f1143cc9b4a549ad93458dd3ab7,fb5d6a92fa7d37982f6bc1a91ddd9d755b5b2f1143cc9b4a549ad93458dd3ab7,fb5d6a92fa7d37982f6bc1a91ddd9d755b5b2f1143cc9b4a549ad93458dd3ab7,$,fb5d6a92fa7d37982f6bc1a91ddd9d755b5b2f1143cc9b4a549ad93458dd3ab7,fb5d6a92fa7d37982f6bc1a91ddd9d755b5b2f1143cc9b4a549ad93458dd3ab7,"{""basis"":""ordered nested-math atom; exact symbolic replay"",""kind"":""source-target-formula-map""}"
1.1.0,formula,O007-FREMLIN-V2-S231-FORMULA-0272,O007-FREMLIN-V2-S231,O007-RIGHTS-FREMLIN-DSL,O007-FREMLIN-V2-S231-SEG-231XG,272,231Xg,231Xg,346,356,13133,13163,14347,14377,\nu(\bigcup_{n\in\Bbb N}E_n),\nu(\bigcup_{n\in\Bbb N}E_n),f2ea9398f68b904028be09eecc4eea190f59e48e300e8c713f1dace3cb3c58a0,f2ea9398f68b904028be09eecc4eea190f59e48e300e8c713f1dace3cb3c58a0,52d55c051aa0b2be5c0bbe334dce79f2846eac0f2ad6d0ec2c9ea9a64f904bf2,$,52d55c051aa0b2be5c0bbe334dce79f2846eac0f2ad6d0ec2c9ea9a64f904bf2,52d55c051aa0b2be5c0bbe334dce79f2846eac0f2ad6d0ec2c9ea9a64f904bf2,"{""basis"":""ordered nested-math atom; exact symbolic replay"",""kind"":""source-target-formula-map""}"
1.1.0,formula,O007-FREMLIN-V2-S231-FORMULA-0273,O007-FREMLIN-V2-S231,O007-RIGHTS-FREMLIN-DSL,O007-FREMLIN-V2-S231-SEG-231XG,273,231Xg,231Xg,346,356,13177,13182,14397,14402,\nu,\nu,84eb2b123d1102b8f7c00b34116df32107cffa82d46efbac7fd9543fa7459c38,84eb2b123d1102b8f7c00b34116df32107cffa82d46efbac7fd9543fa7459c38,84eb2b123d1102b8f7c00b34116df32107cffa82d46efbac7fd9543fa7459c38,$,84eb2b123d1102b8f7c00b34116df32107cffa82d46efbac7fd9543fa7459c38,84eb2b123d1102b8f7c00b34116df32107cffa82d46efbac7fd9543fa7459c38,"{""basis"":""ordered nested-math atom; exact symbolic replay"",""kind"":""source-target-formula-map""}"
1.1.0,formula,O007-FREMLIN-V2-S231-FORMULA-0274,O007-FREMLIN-V2-S231,O007-RIGHTS-FREMLIN-DSL,O007-FREMLIN-V2-S231-SEG-231XG,274,231Xg,231Xg,347,357,13251,13263,14471,14483,H\in\Sigma,H\in\Sigma,ef7b482d82f037e159ec08791bc8b07b8fee5e6cb32261f9368973a4d7d46220,ef7b482d82f037e159ec08791bc8b07b8fee5e6cb32261f9368973a4d7d46220,ef7b482d82f037e159ec08791bc8b07b8fee5e6cb32261f9368973a4d7d46220,$,ef7b482d82f037e159ec08791bc8b07b8fee5e6cb32261f9368973a4d7d46220,ef7b482d82f037e159ec08791bc8b07b8fee5e6cb32261f9368973a4d7d46220,"{""basis"":""ordered nested-math atom; exact symbolic replay"",""kind"":""source-target-formula-map""}"
1.1.0,formula,O007-FREMLIN-V2-S231-FORMULA-0275,O007-FREMLIN-V2-S231,O007-RIGHTS-FREMLIN-DSL,O007-FREMLIN-V2-S231-SEG-231XG,275,231Xg,231Xg,348,358,13275,13305,14505,14535,\nu H=\sup_{F\in\Sigma}\nu F,\nu H=\sup_{F\in\Sigma}\nu F,09a6a42773988f27ecd57b95ef88f584a5868716657f014c2c4ae4af57c3dbd3,09a6a42773988f27ecd57b95ef88f584a5868716657f014c2c4ae4af57c3dbd3,b21780c104226e7264668f717746ec6c1688312032c84dc84353d25d42be5f4b,$,b21780c104226e7264668f717746ec6c1688312032c84dc84353d25d42be5f4b,b21780c104226e7264668f717746ec6c1688312032c84dc84353d25d42be5f4b,"{""basis"":""ordered nested-math atom; exact symbolic replay"",""kind"":""source-target-formula-map""}"
1.1.0,formula,O007-FREMLIN-V2-S231-FORMULA-0276,O007-FREMLIN-V2-S231,O007-RIGHTS-FREMLIN-DSL,O007-FREMLIN-V2-S231-SEG-231XG,276,231Xg,231Xg,349,359,13342,13347,14593,14598,\nu,\nu,84eb2b123d1102b8f7c00b34116df32107cffa82d46efbac7fd9543fa7459c38,84eb2b123d1102b8f7c00b34116df32107cffa82d46efbac7fd9543fa7459c38,84eb2b123d1102b8f7c00b34116df32107cffa82d46efbac7fd9543fa7459c38,$,84eb2b123d1102b8f7c00b34116df32107cffa82d46efbac7fd9543fa7459c38,84eb2b123d1102b8f7c00b34116df32107cffa82d46efbac7fd9543fa7459c38,"{""basis"":""ordered nested-math atom; exact symbolic replay"",""kind"":""source-target-formula-map""}"
1.1.0,formula,O007-FREMLIN-V2-S231-FORMULA-0277,O007-FREMLIN-V2-S231,O007-RIGHTS-FREMLIN-DSL,O007-FREMLIN-V2-S231-SEG-231XG,277,231Xg,231Xg,350,361,13442,13450,14704,14712,\Sigma,\Sigma,d65d75b1e6562713a3936bb38fdfe6832fb5b96c946de58f7ce0992057665aa8,d65d75b1e6562713a3936bb38fdfe6832fb5b96c946de58f7ce0992057665aa8,d65d75b1e6562713a3936bb38fdfe6832fb5b96c946de58f7ce0992057665aa8,$,d65d75b1e6562713a3936bb38fdfe6832fb5b96c946de58f7ce0992057665aa8,d65d75b1e6562713a3936bb38fdfe6832fb5b96c946de58f7ce0992057665aa8,"{""basis"":""ordered nested-math atom; exact symbolic replay"",""kind"":""source-target-formula-map""}"
1.1.0,formula,O007-FREMLIN-V2-S231-FORMULA-0278,O007-FREMLIN-V2-S231,O007-RIGHTS-FREMLIN-DSL,O007-FREMLIN-V2-S231-SEG-231Y,278,231Y,231Y,353,364,13508,13511,14774,14777,X,X,4b68ab3847feda7d6c62c1fbcbeebfa35eab7351ed5e78f4ddadea5df64b8015,4b68ab3847feda7d6c62c1fbcbeebfa35eab7351ed5e78f4ddadea5df64b8015,4b68ab3847feda7d6c62c1fbcbeebfa35eab7351ed5e78f4ddadea5df64b8015,$,4b68ab3847feda7d6c62c1fbcbeebfa35eab7351ed5e78f4ddadea5df64b8015,4b68ab3847feda7d6c62c1fbcbeebfa35eab7351ed5e78f4ddadea5df64b8015,"{""basis"":""ordered nested-math atom; exact symbolic replay"",""kind"":""source-target-formula-map""}"
1.1.0,formula,O007-FREMLIN-V2-S231-FORMULA-0279,O007-FREMLIN-V2-S231,O007-RIGHTS-FREMLIN-DSL,O007-FREMLIN-V2-S231-SEG-231Y,279,231Y,231Y,353,365,13522,13530,14795,14803,\Sigma,\Sigma,d65d75b1e6562713a3936bb38fdfe6832fb5b96c946de58f7ce0992057665aa8,d65d75b1e6562713a3936bb38fdfe6832fb5b96c946de58f7ce0992057665aa8,d65d75b1e6562713a3936bb38fdfe6832fb5b96c946de58f7ce0992057665aa8,$,d65d75b1e6562713a3936bb38fdfe6832fb5b96c946de58f7ce0992057665aa8,d65d75b1e6562713a3936bb38fdfe6832fb5b96c946de58f7ce0992057665aa8,"{""basis"":""ordered nested-math atom; exact symbolic replay"",""kind"":""source-target-formula-map""}"
1.1.0,formula,O007-FREMLIN-V2-S231-FORMULA-0280,O007-FREMLIN-V2-S231,O007-RIGHTS-FREMLIN-DSL,O007-FREMLIN-V2-S231-SEG-231Y,280,231Y,231Y,354,365,13557,13560,14835,14838,X,X,4b68ab3847feda7d6c62c1fbcbeebfa35eab7351ed5e78f4ddadea5df64b8015,4b68ab3847feda7d6c62c1fbcbeebfa35eab7351ed5e78f4ddadea5df64b8015,4b68ab3847feda7d6c62c1fbcbeebfa35eab7351ed5e78f4ddadea5df64b8015,$,4b68ab3847feda7d6c62c1fbcbeebfa35eab7351ed5e78f4ddadea5df64b8015,4b68ab3847feda7d6c62c1fbcbeebfa35eab7351ed5e78f4ddadea5df64b8015,"{""basis"":""ordered nested-math atom; exact symbolic replay"",""kind"":""source-target-formula-map""}"
1.1.0,formula,O007-FREMLIN-V2-S231-FORMULA-0281,O007-FREMLIN-V2-S231,O007-RIGHTS-FREMLIN-DSL,O007-FREMLIN-V2-S231-SEG-231Y,281,231Y,231Y,354,365,13566,13587,14844,14865,\nu:\Sigma\to\Bbb R,\nu:\Sigma\to\Bbb R,b48108d172ca16599f53e62e3a26b2f678ad0b97498708ad930a470e49a1fc9d,b48108d172ca16599f53e62e3a26b2f678ad0b97498708ad930a470e49a1fc9d,fd3f49f41aeaeaea1640d0a8aacc1603a64230ce064f656a71783ced0e17ca63,$,fd3f49f41aeaeaea1640d0a8aacc1603a64230ce064f656a71783ced0e17ca63,fd3f49f41aeaeaea1640d0a8aacc1603a64230ce064f656a71783ced0e17ca63,"{""basis"":""ordered nested-math atom; exact symbolic replay"",""kind"":""source-target-formula-map""}"
1.1.0,formula,O007-FREMLIN-V2-S231-FORMULA-0282,O007-FREMLIN-V2-S231,O007-RIGHTS-FREMLIN-DSL,O007-FREMLIN-V2-S231-SEG-231Y,282,231Y,231Y,358,368,13656,13704,14944,14992,"\nu^+E=\sup\{\nu F:F\in\Sigma,\,F\subseteq E\}","\nu^+E=\sup\{\nu F:F\in\Sigma,\,F\subseteq E\}",4f45d8d4f50a1482d4b1c327ce3f3587be0a4fa3c68a3d9ddd04b7cc312b63c3,4f45d8d4f50a1482d4b1c327ce3f3587be0a4fa3c68a3d9ddd04b7cc312b63c3,021a2066f3907a27bb045532bd9b107351189f2bb20ca24e131155363888570b,$,021a2066f3907a27bb045532bd9b107351189f2bb20ca24e131155363888570b,021a2066f3907a27bb045532bd9b107351189f2bb20ca24e131155363888570b,"{""basis"":""ordered nested-math atom; exact symbolic replay"",""kind"":""source-target-formula-map""}"
1.1.0,formula,O007-FREMLIN-V2-S231-FORMULA-0283,O007-FREMLIN-V2-S231,O007-RIGHTS-FREMLIN-DSL,O007-FREMLIN-V2-S231-SEG-231Y,283,231Y,231Y,360,370,13727,13776,15015,15064,"\nu^-E=-\inf\{\nu F:F\in\Sigma,\,F\subseteq E\}","\nu^-E=-\inf\{\nu F:F\in\Sigma,\,F\subseteq E\}",72f48b0d4e383ae9a151cc76a2bcf455b8df8db933ce6cfb4a724a096417ca00,72f48b0d4e383ae9a151cc76a2bcf455b8df8db933ce6cfb4a724a096417ca00,78e02b3b108bdb9646aaf25f1ac5dba079ce2aaab007c3b6643c67ea65e6e426,$,78e02b3b108bdb9646aaf25f1ac5dba079ce2aaab007c3b6643c67ea65e6e426,78e02b3b108bdb9646aaf25f1ac5dba079ce2aaab007c3b6643c67ea65e6e426,"{""basis"":""ordered nested-math atom; exact symbolic replay"",""kind"":""source-target-formula-map""}"
1.1.0,formula,O007-FREMLIN-V2-S231-FORMULA-0284,O007-FREMLIN-V2-S231,O007-RIGHTS-FREMLIN-DSL,O007-FREMLIN-V2-S231-SEG-231Y,284,231Y,231Y,362,372,13799,13874,15087,15162,"|\nu|E=\sup\{\nu F_1-\nu 
F_2:F_1,\,F_2\in\Sigma,\,F_1,\,F_2\subseteq E\}","|\nu|E=\sup\{\nu F_1-\nu 
F_2:F_1,\,F_2\in\Sigma,\,F_1,\,F_2\subseteq E\}",8016548b519c6f35f430af93f96ada38b53866cd7e658f81a957aad54ad91e62,8016548b519c6f35f430af93f96ada38b53866cd7e658f81a957aad54ad91e62,0cf673804d3383e37ebd89705754d376a2bcff313973c6b623ee5726966c7afe,$,0cf673804d3383e37ebd89705754d376a2bcff313973c6b623ee5726966c7afe,0cf673804d3383e37ebd89705754d376a2bcff313973c6b623ee5726966c7afe,"{""basis"":""ordered nested-math atom; exact symbolic replay"",""kind"":""source-target-formula-map""}"
1.1.0,formula,O007-FREMLIN-V2-S231-FORMULA-0285,O007-FREMLIN-V2-S231,O007-RIGHTS-FREMLIN-DSL,O007-FREMLIN-V2-S231-SEG-231Y,285,231Y,231Y,365,375,13905,13912,15199,15206,\nu^+,\nu^+,9b45041259d177ee43c356069303901ee8f9d288b658d7da6ae546866b426f26,9b45041259d177ee43c356069303901ee8f9d288b658d7da6ae546866b426f26,9b45041259d177ee43c356069303901ee8f9d288b658d7da6ae546866b426f26,$,9b45041259d177ee43c356069303901ee8f9d288b658d7da6ae546866b426f26,9b45041259d177ee43c356069303901ee8f9d288b658d7da6ae546866b426f26,"{""basis"":""ordered nested-math atom; exact symbolic replay"",""kind"":""source-target-formula-map""}"
1.1.0,formula,O007-FREMLIN-V2-S231-FORMULA-0286,O007-FREMLIN-V2-S231,O007-RIGHTS-FREMLIN-DSL,O007-FREMLIN-V2-S231-SEG-231Y,286,231Y,231Y,365,375,13914,13921,15208,15215,\nu^-,\nu^-,cdd9b8a921bb691948b14e0e8abe1a942d1dfdcb8b466f1506e0a3a0b9f906c3,cdd9b8a921bb691948b14e0e8abe1a942d1dfdcb8b466f1506e0a3a0b9f906c3,cdd9b8a921bb691948b14e0e8abe1a942d1dfdcb8b466f1506e0a3a0b9f906c3,$,cdd9b8a921bb691948b14e0e8abe1a942d1dfdcb8b466f1506e0a3a0b9f906c3,cdd9b8a921bb691948b14e0e8abe1a942d1dfdcb8b466f1506e0a3a0b9f906c3,"{""basis"":""ordered nested-math atom; exact symbolic replay"",""kind"":""source-target-formula-map""}"
1.1.0,formula,O007-FREMLIN-V2-S231-FORMULA-0287,O007-FREMLIN-V2-S231,O007-RIGHTS-FREMLIN-DSL,O007-FREMLIN-V2-S231-SEG-231Y,287,231Y,231Y,365,375,13926,13933,15221,15228,|\nu|,|\nu|,472eafb5f576f64f95674e56fd71157f5ba114e4bc57c33b7b8b0bf9ad42e488,472eafb5f576f64f95674e56fd71157f5ba114e4bc57c33b7b8b0bf9ad42e488,472eafb5f576f64f95674e56fd71157f5ba114e4bc57c33b7b8b0bf9ad42e488,$,472eafb5f576f64f95674e56fd71157f5ba114e4bc57c33b7b8b0bf9ad42e488,472eafb5f576f64f95674e56fd71157f5ba114e4bc57c33b7b8b0bf9ad42e488,"{""basis"":""ordered nested-math atom; exact symbolic replay"",""kind"":""source-target-formula-map""}"
1.1.0,formula,O007-FREMLIN-V2-S231-FORMULA-0288,O007-FREMLIN-V2-S231,O007-RIGHTS-FREMLIN-DSL,O007-FREMLIN-V2-S231-SEG-231Y,288,231Y,231Y,366,376,13984,13992,15293,15301,\Sigma,\Sigma,d65d75b1e6562713a3936bb38fdfe6832fb5b96c946de58f7ce0992057665aa8,d65d75b1e6562713a3936bb38fdfe6832fb5b96c946de58f7ce0992057665aa8,d65d75b1e6562713a3936bb38fdfe6832fb5b96c946de58f7ce0992057665aa8,$,d65d75b1e6562713a3936bb38fdfe6832fb5b96c946de58f7ce0992057665aa8,d65d75b1e6562713a3936bb38fdfe6832fb5b96c946de58f7ce0992057665aa8,"{""basis"":""ordered nested-math atom; exact symbolic replay"",""kind"":""source-target-formula-map""}"
1.1.0,formula,O007-FREMLIN-V2-S231-FORMULA-0289,O007-FREMLIN-V2-S231,O007-RIGHTS-FREMLIN-DSL,O007-FREMLIN-V2-S231-SEG-231Y,289,231Y,231Y,366,377,14002,14019,15316,15333,\nu=\nu^+-\nu^-,\nu=\nu^+-\nu^-,dc4f251d8542579149070faaae99d64ccb858a0b7a63b8948da99e307330a15b,dc4f251d8542579149070faaae99d64ccb858a0b7a63b8948da99e307330a15b,dc4f251d8542579149070faaae99d64ccb858a0b7a63b8948da99e307330a15b,$,dc4f251d8542579149070faaae99d64ccb858a0b7a63b8948da99e307330a15b,dc4f251d8542579149070faaae99d64ccb858a0b7a63b8948da99e307330a15b,"{""basis"":""ordered nested-math atom; exact symbolic replay"",""kind"":""source-target-formula-map""}"
1.1.0,formula,O007-FREMLIN-V2-S231-FORMULA-0290,O007-FREMLIN-V2-S231,O007-RIGHTS-FREMLIN-DSL,O007-FREMLIN-V2-S231-SEG-231Y,290,231Y,231Y,367,377,14022,14041,15335,15354,|\nu|=\nu^++\nu^-,|\nu|=\nu^++\nu^-,d5bf52b8a52a3bd7f3476f7f77766d08610105f09be038e83d2ff29f8217459d,d5bf52b8a52a3bd7f3476f7f77766d08610105f09be038e83d2ff29f8217459d,d5bf52b8a52a3bd7f3476f7f77766d08610105f09be038e83d2ff29f8217459d,$,d5bf52b8a52a3bd7f3476f7f77766d08610105f09be038e83d2ff29f8217459d,d5bf52b8a52a3bd7f3476f7f77766d08610105f09be038e83d2ff29f8217459d,"{""basis"":""ordered nested-math atom; exact symbolic replay"",""kind"":""source-target-formula-map""}"
1.1.0,formula,O007-FREMLIN-V2-S231-FORMULA-0291,O007-FREMLIN-V2-S231,O007-RIGHTS-FREMLIN-DSL,O007-FREMLIN-V2-S231-SEG-231Y,291,231Y,231Y,367,377,14058,14063,15379,15384,\nu,\nu,84eb2b123d1102b8f7c00b34116df32107cffa82d46efbac7fd9543fa7459c38,84eb2b123d1102b8f7c00b34116df32107cffa82d46efbac7fd9543fa7459c38,84eb2b123d1102b8f7c00b34116df32107cffa82d46efbac7fd9543fa7459c38,$,84eb2b123d1102b8f7c00b34116df32107cffa82d46efbac7fd9543fa7459c38,84eb2b123d1102b8f7c00b34116df32107cffa82d46efbac7fd9543fa7459c38,"{""basis"":""ordered nested-math atom; exact symbolic replay"",""kind"":""source-target-formula-map""}"
1.1.0,formula,O007-FREMLIN-V2-S231-FORMULA-0292,O007-FREMLIN-V2-S231,O007-RIGHTS-FREMLIN-DSL,O007-FREMLIN-V2-S231-SEG-231Y,292,231Y,231Y,368,378,14094,14101,15427,15434,\nu^+,\nu^+,9b45041259d177ee43c356069303901ee8f9d288b658d7da6ae546866b426f26,9b45041259d177ee43c356069303901ee8f9d288b658d7da6ae546866b426f26,9b45041259d177ee43c356069303901ee8f9d288b658d7da6ae546866b426f26,$,9b45041259d177ee43c356069303901ee8f9d288b658d7da6ae546866b426f26,9b45041259d177ee43c356069303901ee8f9d288b658d7da6ae546866b426f26,"{""basis"":""ordered nested-math atom; exact symbolic replay"",""kind"":""source-target-formula-map""}"
1.1.0,formula,O007-FREMLIN-V2-S231-FORMULA-0293,O007-FREMLIN-V2-S231,O007-RIGHTS-FREMLIN-DSL,O007-FREMLIN-V2-S231-SEG-231Y,293,231Y,231Y,368,378,14103,14110,15436,15443,\nu^-,\nu^-,cdd9b8a921bb691948b14e0e8abe1a942d1dfdcb8b466f1506e0a3a0b9f906c3,cdd9b8a921bb691948b14e0e8abe1a942d1dfdcb8b466f1506e0a3a0b9f906c3,cdd9b8a921bb691948b14e0e8abe1a942d1dfdcb8b466f1506e0a3a0b9f906c3,$,cdd9b8a921bb691948b14e0e8abe1a942d1dfdcb8b466f1506e0a3a0b9f906c3,cdd9b8a921bb691948b14e0e8abe1a942d1dfdcb8b466f1506e0a3a0b9f906c3,"{""basis"":""ordered nested-math atom; exact symbolic replay"",""kind"":""source-target-formula-map""}"
1.1.0,formula,O007-FREMLIN-V2-S231-FORMULA-0294,O007-FREMLIN-V2-S231,O007-RIGHTS-FREMLIN-DSL,O007-FREMLIN-V2-S231-SEG-231Y,294,231Y,231Y,368,378,14115,14122,15449,15456,|\nu|,|\nu|,472eafb5f576f64f95674e56fd71157f5ba114e4bc57c33b7b8b0bf9ad42e488,472eafb5f576f64f95674e56fd71157f5ba114e4bc57c33b7b8b0bf9ad42e488,472eafb5f576f64f95674e56fd71157f5ba114e4bc57c33b7b8b0bf9ad42e488,$,472eafb5f576f64f95674e56fd71157f5ba114e4bc57c33b7b8b0bf9ad42e488,472eafb5f576f64f95674e56fd71157f5ba114e4bc57c33b7b8b0bf9ad42e488,"{""basis"":""ordered nested-math atom; exact symbolic replay"",""kind"":""source-target-formula-map""}"
1.1.0,formula,O007-FREMLIN-V2-S231-FORMULA-0295,O007-FREMLIN-V2-S231,O007-RIGHTS-FREMLIN-DSL,O007-FREMLIN-V2-S231-SEG-231Y,295,231Y,231Y,368,379,14127,14134,15460,15467,|\nu|,|\nu|,472eafb5f576f64f95674e56fd71157f5ba114e4bc57c33b7b8b0bf9ad42e488,472eafb5f576f64f95674e56fd71157f5ba114e4bc57c33b7b8b0bf9ad42e488,472eafb5f576f64f95674e56fd71157f5ba114e4bc57c33b7b8b0bf9ad42e488,$,472eafb5f576f64f95674e56fd71157f5ba114e4bc57c33b7b8b0bf9ad42e488,472eafb5f576f64f95674e56fd71157f5ba114e4bc57c33b7b8b0bf9ad42e488,"{""basis"":""ordered nested-math atom; exact symbolic replay"",""kind"":""source-target-formula-map""}"
1.1.0,formula,O007-FREMLIN-V2-S231-FORMULA-0296,O007-FREMLIN-V2-S231,O007-RIGHTS-FREMLIN-DSL,O007-FREMLIN-V2-S231-SEG-231Y,296,231Y,231Y,369,379,14179,14184,15509,15514,\nu,\nu,84eb2b123d1102b8f7c00b34116df32107cffa82d46efbac7fd9543fa7459c38,84eb2b123d1102b8f7c00b34116df32107cffa82d46efbac7fd9543fa7459c38,84eb2b123d1102b8f7c00b34116df32107cffa82d46efbac7fd9543fa7459c38,$,84eb2b123d1102b8f7c00b34116df32107cffa82d46efbac7fd9543fa7459c38,84eb2b123d1102b8f7c00b34116df32107cffa82d46efbac7fd9543fa7459c38,"{""basis"":""ordered nested-math atom; exact symbolic replay"",""kind"":""source-target-formula-map""}"
1.1.0,formula,O007-FREMLIN-V2-S231-FORMULA-0297,O007-FREMLIN-V2-S231,O007-RIGHTS-FREMLIN-DSL,O007-FREMLIN-V2-S231-SEG-231YB,297,231Yb,231Yb,371,381,14223,14226,15558,15561,X,X,4b68ab3847feda7d6c62c1fbcbeebfa35eab7351ed5e78f4ddadea5df64b8015,4b68ab3847feda7d6c62c1fbcbeebfa35eab7351ed5e78f4ddadea5df64b8015,4b68ab3847feda7d6c62c1fbcbeebfa35eab7351ed5e78f4ddadea5df64b8015,$,4b68ab3847feda7d6c62c1fbcbeebfa35eab7351ed5e78f4ddadea5df64b8015,4b68ab3847feda7d6c62c1fbcbeebfa35eab7351ed5e78f4ddadea5df64b8015,"{""basis"":""ordered nested-math atom; exact symbolic replay"",""kind"":""source-target-formula-map""}"
1.1.0,formula,O007-FREMLIN-V2-S231-FORMULA-0298,O007-FREMLIN-V2-S231,O007-RIGHTS-FREMLIN-DSL,O007-FREMLIN-V2-S231-SEG-231YB,298,231Yb,231Yb,371,381,14240,14248,15581,15589,\Sigma,\Sigma,d65d75b1e6562713a3936bb38fdfe6832fb5b96c946de58f7ce0992057665aa8,d65d75b1e6562713a3936bb38fdfe6832fb5b96c946de58f7ce0992057665aa8,d65d75b1e6562713a3936bb38fdfe6832fb5b96c946de58f7ce0992057665aa8,$,d65d75b1e6562713a3936bb38fdfe6832fb5b96c946de58f7ce0992057665aa8,d65d75b1e6562713a3936bb38fdfe6832fb5b96c946de58f7ce0992057665aa8,"{""basis"":""ordered nested-math atom; exact symbolic replay"",""kind"":""source-target-formula-map""}"
1.1.0,formula,O007-FREMLIN-V2-S231-FORMULA-0299,O007-FREMLIN-V2-S231,O007-RIGHTS-FREMLIN-DSL,O007-FREMLIN-V2-S231-SEG-231YB,299,231Yb,231Yb,372,382,14275,14278,15622,15625,X,X,4b68ab3847feda7d6c62c1fbcbeebfa35eab7351ed5e78f4ddadea5df64b8015,4b68ab3847feda7d6c62c1fbcbeebfa35eab7351ed5e78f4ddadea5df64b8015,4b68ab3847feda7d6c62c1fbcbeebfa35eab7351ed5e78f4ddadea5df64b8015,$,4b68ab3847feda7d6c62c1fbcbeebfa35eab7351ed5e78f4ddadea5df64b8015,4b68ab3847feda7d6c62c1fbcbeebfa35eab7351ed5e78f4ddadea5df64b8015,"{""basis"":""ordered nested-math atom; exact symbolic replay"",""kind"":""source-target-formula-map""}"
1.1.0,formula,O007-FREMLIN-V2-S231-FORMULA-0300,O007-FREMLIN-V2-S231,O007-RIGHTS-FREMLIN-DSL,O007-FREMLIN-V2-S231-SEG-231YB,300,231Yb,231Yb,372,382,14286,14293,15638,15645,\nu_1,\nu_1,e994cd49def5eda18cd2881a88bfdebfa33778ffc9b2645c3f2f6d4811d3826a,e994cd49def5eda18cd2881a88bfdebfa33778ffc9b2645c3f2f6d4811d3826a,e994cd49def5eda18cd2881a88bfdebfa33778ffc9b2645c3f2f6d4811d3826a,$,e994cd49def5eda18cd2881a88bfdebfa33778ffc9b2645c3f2f6d4811d3826a,e994cd49def5eda18cd2881a88bfdebfa33778ffc9b2645c3f2f6d4811d3826a,"{""basis"":""ordered nested-math atom; exact symbolic replay"",""kind"":""source-target-formula-map""}"
1.1.0,formula,O007-FREMLIN-V2-S231-FORMULA-0301,O007-FREMLIN-V2-S231,O007-RIGHTS-FREMLIN-DSL,O007-FREMLIN-V2-S231-SEG-231YB,301,231Yb,231Yb,372,382,14295,14302,15647,15654,\nu_2,\nu_2,c381b1e9f2cf6895476e75dc8ad133c44cf8570dcd189a29086733491289ee94,c381b1e9f2cf6895476e75dc8ad133c44cf8570dcd189a29086733491289ee94,c381b1e9f2cf6895476e75dc8ad133c44cf8570dcd189a29086733491289ee94,$,c381b1e9f2cf6895476e75dc8ad133c44cf8570dcd189a29086733491289ee94,c381b1e9f2cf6895476e75dc8ad133c44cf8570dcd189a29086733491289ee94,"{""basis"":""ordered nested-math atom; exact symbolic replay"",""kind"":""source-target-formula-map""}"
1.1.0,formula,O007-FREMLIN-V2-S231-FORMULA-0302,O007-FREMLIN-V2-S231,O007-RIGHTS-FREMLIN-DSL,O007-FREMLIN-V2-S231-SEG-231YB,302,231Yb,231Yb,373,383,14360,14368,15729,15737,\Sigma,\Sigma,d65d75b1e6562713a3936bb38fdfe6832fb5b96c946de58f7ce0992057665aa8,d65d75b1e6562713a3936bb38fdfe6832fb5b96c946de58f7ce0992057665aa8,d65d75b1e6562713a3936bb38fdfe6832fb5b96c946de58f7ce0992057665aa8,$,d65d75b1e6562713a3936bb38fdfe6832fb5b96c946de58f7ce0992057665aa8,d65d75b1e6562713a3936bb38fdfe6832fb5b96c946de58f7ce0992057665aa8,"{""basis"":""ordered nested-math atom; exact symbolic replay"",""kind"":""source-target-formula-map""}"
1.1.0,formula,O007-FREMLIN-V2-S231-FORMULA-0303,O007-FREMLIN-V2-S231,O007-RIGHTS-FREMLIN-DSL,O007-FREMLIN-V2-S231-SEG-231YB,303,231Yb,231Yb,375,386,14396,14481,15769,15854,"(\nu_1\vee\nu_2)(E) 
=\sup\{\nu_1 F+\nu_2(E\setminus F):F\in\Sigma,\,F\subseteq E\}","(\nu_1\vee\nu_2)(E) 
=\sup\{\nu_1 F+\nu_2(E\setminus F):F\in\Sigma,\,F\subseteq E\}",b5ed3005f4f2e693e80feda8e9407491f7d28f923cca7b9fe717876e2756af65,b5ed3005f4f2e693e80feda8e9407491f7d28f923cca7b9fe717876e2756af65,7a823e58aab55def6e1b4a2b5cde3896c9ee0cd1775a1156f370fa50957df273,$,7a823e58aab55def6e1b4a2b5cde3896c9ee0cd1775a1156f370fa50957df273,7a823e58aab55def6e1b4a2b5cde3896c9ee0cd1775a1156f370fa50957df273,"{""basis"":""ordered nested-math atom; exact symbolic replay"",""kind"":""source-target-formula-map""}"
1.1.0,formula,O007-FREMLIN-V2-S231-FORMULA-0304,O007-FREMLIN-V2-S231,O007-RIGHTS-FREMLIN-DSL,O007-FREMLIN-V2-S231-SEG-231YB,304,231Yb,231Yb,378,389,14504,14591,15877,15964,"(\nu_1\wedge\nu_2)(E) 
=\inf\{\nu_1 F+\nu_2(E\setminus F):F\in\Sigma,\,F\subseteq E\}","(\nu_1\wedge\nu_2)(E) 
=\inf\{\nu_1 F+\nu_2(E\setminus F):F\in\Sigma,\,F\subseteq E\}",afcd30a8bf34e13d908f067f66fc710126aef2e1a7661d5373fa585b6c71294e,afcd30a8bf34e13d908f067f66fc710126aef2e1a7661d5373fa585b6c71294e,5a795032284b80c44e8079ce5385840ea8b63c13e67e7edd5214c43ab546d83d,$,5a795032284b80c44e8079ce5385840ea8b63c13e67e7edd5214c43ab546d83d,5a795032284b80c44e8079ce5385840ea8b63c13e67e7edd5214c43ab546d83d,"{""basis"":""ordered nested-math atom; exact symbolic replay"",""kind"":""source-target-formula-map""}"
1.1.0,formula,O007-FREMLIN-V2-S231-FORMULA-0305,O007-FREMLIN-V2-S231,O007-RIGHTS-FREMLIN-DSL,O007-FREMLIN-V2-S231-SEG-231YB,305,231Yb,231Yb,381,392,14622,14638,16001,16017,\nu_1\vee\nu_2,\nu_1\vee\nu_2,7d0a67c2d7ac62e743637fc7ab119f009d6a548f53e4497efe1f3df0e64d5073,7d0a67c2d7ac62e743637fc7ab119f009d6a548f53e4497efe1f3df0e64d5073,7d0a67c2d7ac62e743637fc7ab119f009d6a548f53e4497efe1f3df0e64d5073,$,7d0a67c2d7ac62e743637fc7ab119f009d6a548f53e4497efe1f3df0e64d5073,7d0a67c2d7ac62e743637fc7ab119f009d6a548f53e4497efe1f3df0e64d5073,"{""basis"":""ordered nested-math atom; exact symbolic replay"",""kind"":""source-target-formula-map""}"
1.1.0,formula,O007-FREMLIN-V2-S231-FORMULA-0306,O007-FREMLIN-V2-S231,O007-RIGHTS-FREMLIN-DSL,O007-FREMLIN-V2-S231-SEG-231YB,306,231Yb,231Yb,381,392,14643,14661,16022,16040,\nu_1\wedge\nu_2,\nu_1\wedge\nu_2,bfeda1b6b55cc05358c990fa57325c930ae7b36e20b17effcec3c8a804202e2b,bfeda1b6b55cc05358c990fa57325c930ae7b36e20b17effcec3c8a804202e2b,bfeda1b6b55cc05358c990fa57325c930ae7b36e20b17effcec3c8a804202e2b,$,bfeda1b6b55cc05358c990fa57325c930ae7b36e20b17effcec3c8a804202e2b,bfeda1b6b55cc05358c990fa57325c930ae7b36e20b17effcec3c8a804202e2b,"{""basis"":""ordered nested-math atom; exact symbolic replay"",""kind"":""source-target-formula-map""}"
1.1.0,formula,O007-FREMLIN-V2-S231-FORMULA-0307,O007-FREMLIN-V2-S231,O007-RIGHTS-FREMLIN-DSL,O007-FREMLIN-V2-S231-SEG-231YB,307,231Yb,231Yb,383,394,14708,14753,16089,16134,\nu_1+\nu_2=\nu_1\vee\nu_2+\nu_1\wedge\nu_2,\nu_1+\nu_2=\nu_1\vee\nu_2+\nu_1\wedge\nu_2,8855f59d98ba6b8faae0e957c96917eb5654c3f58fc0ee4b868454ac347234ee,8855f59d98ba6b8faae0e957c96917eb5654c3f58fc0ee4b868454ac347234ee,8855f59d98ba6b8faae0e957c96917eb5654c3f58fc0ee4b868454ac347234ee,$,8855f59d98ba6b8faae0e957c96917eb5654c3f58fc0ee4b868454ac347234ee,8855f59d98ba6b8faae0e957c96917eb5654c3f58fc0ee4b868454ac347234ee,"{""basis"":""ordered nested-math atom; exact symbolic replay"",""kind"":""source-target-formula-map""}"
1.1.0,formula,O007-FREMLIN-V2-S231-FORMULA-0308,O007-FREMLIN-V2-S231,O007-RIGHTS-FREMLIN-DSL,O007-FREMLIN-V2-S231-SEG-231YB,308,231Yb,231Yb,386,397,14813,14830,16194,16211,\nu^+=\nu\vee 0,\nu^+=\nu\vee 0,9acf621bd565b4b33d6a8c7c0d54bea8a2191ef471f3c3ea9efeacb81e34b92e,9acf621bd565b4b33d6a8c7c0d54bea8a2191ef471f3c3ea9efeacb81e34b92e,1b8fd2ff2625fc0ef284a4c52cd30f459119ab1b0e773bb0e0568d907be72f4e,$,1b8fd2ff2625fc0ef284a4c52cd30f459119ab1b0e773bb0e0568d907be72f4e,1b8fd2ff2625fc0ef284a4c52cd30f459119ab1b0e773bb0e0568d907be72f4e,"{""basis"":""ordered nested-math atom; exact symbolic replay"",""kind"":""source-target-formula-map""}"
1.1.0,formula,O007-FREMLIN-V2-S231-FORMULA-0309,O007-FREMLIN-V2-S231,O007-RIGHTS-FREMLIN-DSL,O007-FREMLIN-V2-S231-SEG-231YB,309,231Yb,231Yb,387,398,14838,14873,16219,16254,\nu^-=(-\nu)\vee 0=-(\nu\wedge 0),\nu^-=(-\nu)\vee 0=-(\nu\wedge 0),ed98ed1edbc4e91af8a2c082e90782f7b17ae95b98c579727f659f69a351a2f3,ed98ed1edbc4e91af8a2c082e90782f7b17ae95b98c579727f659f69a351a2f3,0b76148fa24288fb25ec74f9885dac0d8a319fcf08d8a31a73536fe95fbd08b2,$,0b76148fa24288fb25ec74f9885dac0d8a319fcf08d8a31a73536fe95fbd08b2,0b76148fa24288fb25ec74f9885dac0d8a319fcf08d8a31a73536fe95fbd08b2,"{""basis"":""ordered nested-math atom; exact symbolic replay"",""kind"":""source-target-formula-map""}"
1.1.0,formula,O007-FREMLIN-V2-S231-FORMULA-0310,O007-FREMLIN-V2-S231,O007-RIGHTS-FREMLIN-DSL,O007-FREMLIN-V2-S231-SEG-231YB,310,231Yb,231Yb,388,399,14881,14929,16262,16310,|\nu|=\nu\vee(-\nu)=\nu^+\vee\nu^-=\nu^++\nu^-,|\nu|=\nu\vee(-\nu)=\nu^+\vee\nu^-=\nu^++\nu^-,3a5f89692fd4b1b23744a5c26e410eb9fc54bb844c5b5afbaf602780eca95186,3a5f89692fd4b1b23744a5c26e410eb9fc54bb844c5b5afbaf602780eca95186,3a5f89692fd4b1b23744a5c26e410eb9fc54bb844c5b5afbaf602780eca95186,$,3a5f89692fd4b1b23744a5c26e410eb9fc54bb844c5b5afbaf602780eca95186,3a5f89692fd4b1b23744a5c26e410eb9fc54bb844c5b5afbaf602780eca95186,"{""basis"":""ordered nested-math atom; exact symbolic replay"",""kind"":""source-target-formula-map""}"
1.1.0,formula,O007-FREMLIN-V2-S231-FORMULA-0311,O007-FREMLIN-V2-S231,O007-RIGHTS-FREMLIN-DSL,O007-FREMLIN-V2-S231-SEG-231YB,311,231Yb,231Yb,390,401,14952,14990,16333,16371,\nu_1\vee\nu_2=\nu_1+(\nu_2-\nu_1)^+,\nu_1\vee\nu_2=\nu_1+(\nu_2-\nu_1)^+,2a147b6ff8ecaadb395be37712bbbf4b0a726c71af6094d00f0a30f6340ef354,2a147b6ff8ecaadb395be37712bbbf4b0a726c71af6094d00f0a30f6340ef354,2a147b6ff8ecaadb395be37712bbbf4b0a726c71af6094d00f0a30f6340ef354,$,2a147b6ff8ecaadb395be37712bbbf4b0a726c71af6094d00f0a30f6340ef354,2a147b6ff8ecaadb395be37712bbbf4b0a726c71af6094d00f0a30f6340ef354,"{""basis"":""ordered nested-math atom; exact symbolic replay"",""kind"":""source-target-formula-map""}"
1.1.0,formula,O007-FREMLIN-V2-S231-FORMULA-0312,O007-FREMLIN-V2-S231,O007-RIGHTS-FREMLIN-DSL,O007-FREMLIN-V2-S231-SEG-231YB,312,231Yb,231Yb,391,402,14998,15038,16379,16419,\nu_1\wedge\nu_2=\nu_1-(\nu_1-\nu_2)^+,\nu_1\wedge\nu_2=\nu_1-(\nu_1-\nu_2)^+,6fc87ff980db9d0755ed04edd2d1deaa783f456e8127e6ffae185664610b502a,6fc87ff980db9d0755ed04edd2d1deaa783f456e8127e6ffae185664610b502a,6fc87ff980db9d0755ed04edd2d1deaa783f456e8127e6ffae185664610b502a,$,6fc87ff980db9d0755ed04edd2d1deaa783f456e8127e6ffae185664610b502a,6fc87ff980db9d0755ed04edd2d1deaa783f456e8127e6ffae185664610b502a,"{""basis"":""ordered nested-math atom; exact symbolic replay"",""kind"":""source-target-formula-map""}"
1.1.0,formula,O007-FREMLIN-V2-S231-FORMULA-0313,O007-FREMLIN-V2-S231,O007-RIGHTS-FREMLIN-DSL,O007-FREMLIN-V2-S231-SEG-231YB,313,231Yb,231Yb,393,404,15067,15083,16449,16465,\nu_1\vee\nu_2,\nu_1\vee\nu_2,7d0a67c2d7ac62e743637fc7ab119f009d6a548f53e4497efe1f3df0e64d5073,7d0a67c2d7ac62e743637fc7ab119f009d6a548f53e4497efe1f3df0e64d5073,7d0a67c2d7ac62e743637fc7ab119f009d6a548f53e4497efe1f3df0e64d5073,$,7d0a67c2d7ac62e743637fc7ab119f009d6a548f53e4497efe1f3df0e64d5073,7d0a67c2d7ac62e743637fc7ab119f009d6a548f53e4497efe1f3df0e64d5073,"{""basis"":""ordered nested-math atom; exact symbolic replay"",""kind"":""source-target-formula-map""}"
1.1.0,formula,O007-FREMLIN-V2-S231-FORMULA-0314,O007-FREMLIN-V2-S231,O007-RIGHTS-FREMLIN-DSL,O007-FREMLIN-V2-S231-SEG-231YB,314,231Yb,231Yb,393,404,15088,15106,16470,16488,\nu_1\wedge\nu_2,\nu_1\wedge\nu_2,bfeda1b6b55cc05358c990fa57325c930ae7b36e20b17effcec3c8a804202e2b,bfeda1b6b55cc05358c990fa57325c930ae7b36e20b17effcec3c8a804202e2b,bfeda1b6b55cc05358c990fa57325c930ae7b36e20b17effcec3c8a804202e2b,$,bfeda1b6b55cc05358c990fa57325c930ae7b36e20b17effcec3c8a804202e2b,bfeda1b6b55cc05358c990fa57325c930ae7b36e20b17effcec3c8a804202e2b,"{""basis"":""ordered nested-math atom; exact symbolic replay"",""kind"":""source-target-formula-map""}"
1.1.0,formula,O007-FREMLIN-V2-S231-FORMULA-0315,O007-FREMLIN-V2-S231,O007-RIGHTS-FREMLIN-DSL,O007-FREMLIN-V2-S231-SEG-231YB,315,231Yb,231Yb,394,405,15134,15141,16521,16528,\nu_1,\nu_1,e994cd49def5eda18cd2881a88bfdebfa33778ffc9b2645c3f2f6d4811d3826a,e994cd49def5eda18cd2881a88bfdebfa33778ffc9b2645c3f2f6d4811d3826a,e994cd49def5eda18cd2881a88bfdebfa33778ffc9b2645c3f2f6d4811d3826a,$,e994cd49def5eda18cd2881a88bfdebfa33778ffc9b2645c3f2f6d4811d3826a,e994cd49def5eda18cd2881a88bfdebfa33778ffc9b2645c3f2f6d4811d3826a,"{""basis"":""ordered nested-math atom; exact symbolic replay"",""kind"":""source-target-formula-map""}"
1.1.0,formula,O007-FREMLIN-V2-S231-FORMULA-0316,O007-FREMLIN-V2-S231,O007-RIGHTS-FREMLIN-DSL,O007-FREMLIN-V2-S231-SEG-231YB,316,231Yb,231Yb,394,405,15146,15153,16533,16540,\nu_2,\nu_2,c381b1e9f2cf6895476e75dc8ad133c44cf8570dcd189a29086733491289ee94,c381b1e9f2cf6895476e75dc8ad133c44cf8570dcd189a29086733491289ee94,c381b1e9f2cf6895476e75dc8ad133c44cf8570dcd189a29086733491289ee94,$,c381b1e9f2cf6895476e75dc8ad133c44cf8570dcd189a29086733491289ee94,c381b1e9f2cf6895476e75dc8ad133c44cf8570dcd189a29086733491289ee94,"{""basis"":""ordered nested-math atom; exact symbolic replay"",""kind"":""source-target-formula-map""}"
1.1.0,formula,O007-FREMLIN-V2-S231-FORMULA-0317,O007-FREMLIN-V2-S231,O007-RIGHTS-FREMLIN-DSL,O007-FREMLIN-V2-S231-SEG-231YC,317,231Yc,231Yc,396,407,15195,15198,16597,16600,X,X,4b68ab3847feda7d6c62c1fbcbeebfa35eab7351ed5e78f4ddadea5df64b8015,4b68ab3847feda7d6c62c1fbcbeebfa35eab7351ed5e78f4ddadea5df64b8015,4b68ab3847feda7d6c62c1fbcbeebfa35eab7351ed5e78f4ddadea5df64b8015,$,4b68ab3847feda7d6c62c1fbcbeebfa35eab7351ed5e78f4ddadea5df64b8015,4b68ab3847feda7d6c62c1fbcbeebfa35eab7351ed5e78f4ddadea5df64b8015,"{""basis"":""ordered nested-math atom; exact symbolic replay"",""kind"":""source-target-formula-map""}"
1.1.0,formula,O007-FREMLIN-V2-S231-FORMULA-0318,O007-FREMLIN-V2-S231,O007-RIGHTS-FREMLIN-DSL,O007-FREMLIN-V2-S231-SEG-231YC,318,231Yc,231Yc,396,407,15212,15220,16620,16628,\Sigma,\Sigma,d65d75b1e6562713a3936bb38fdfe6832fb5b96c946de58f7ce0992057665aa8,d65d75b1e6562713a3936bb38fdfe6832fb5b96c946de58f7ce0992057665aa8,d65d75b1e6562713a3936bb38fdfe6832fb5b96c946de58f7ce0992057665aa8,$,d65d75b1e6562713a3936bb38fdfe6832fb5b96c946de58f7ce0992057665aa8,d65d75b1e6562713a3936bb38fdfe6832fb5b96c946de58f7ce0992057665aa8,"{""basis"":""ordered nested-math atom; exact symbolic replay"",""kind"":""source-target-formula-map""}"
1.1.0,formula,O007-FREMLIN-V2-S231-FORMULA-0319,O007-FREMLIN-V2-S231,O007-RIGHTS-FREMLIN-DSL,O007-FREMLIN-V2-S231-SEG-231YC,319,231Yc,231Yc,397,408,15247,15250,16661,16664,X,X,4b68ab3847feda7d6c62c1fbcbeebfa35eab7351ed5e78f4ddadea5df64b8015,4b68ab3847feda7d6c62c1fbcbeebfa35eab7351ed5e78f4ddadea5df64b8015,4b68ab3847feda7d6c62c1fbcbeebfa35eab7351ed5e78f4ddadea5df64b8015,$,4b68ab3847feda7d6c62c1fbcbeebfa35eab7351ed5e78f4ddadea5df64b8015,4b68ab3847feda7d6c62c1fbcbeebfa35eab7351ed5e78f4ddadea5df64b8015,"{""basis"":""ordered nested-math atom; exact symbolic replay"",""kind"":""source-target-formula-map""}"
1.1.0,formula,O007-FREMLIN-V2-S231-FORMULA-0320,O007-FREMLIN-V2-S231,O007-RIGHTS-FREMLIN-DSL,O007-FREMLIN-V2-S231-SEG-231YC,320,231Yc,231Yc,397,408,15258,15261,16677,16680,M,M,08f271887ce94707da822d5263bae19d5519cb3614e0daedc4c7ce5dab7473f1,08f271887ce94707da822d5263bae19d5519cb3614e0daedc4c7ce5dab7473f1,08f271887ce94707da822d5263bae19d5519cb3614e0daedc4c7ce5dab7473f1,$,08f271887ce94707da822d5263bae19d5519cb3614e0daedc4c7ce5dab7473f1,08f271887ce94707da822d5263bae19d5519cb3614e0daedc4c7ce5dab7473f1,"{""basis"":""ordered nested-math atom; exact symbolic replay"",""kind"":""source-target-formula-map""}"
1.1.0,formula,O007-FREMLIN-V2-S231-FORMULA-0321,O007-FREMLIN-V2-S231,O007-RIGHTS-FREMLIN-DSL,O007-FREMLIN-V2-S231-SEG-231YC,321,231Yc,231Yc,399,409,15325,15333,16748,16756,\Sigma,\Sigma,d65d75b1e6562713a3936bb38fdfe6832fb5b96c946de58f7ce0992057665aa8,d65d75b1e6562713a3936bb38fdfe6832fb5b96c946de58f7ce0992057665aa8,d65d75b1e6562713a3936bb38fdfe6832fb5b96c946de58f7ce0992057665aa8,$,d65d75b1e6562713a3936bb38fdfe6832fb5b96c946de58f7ce0992057665aa8,d65d75b1e6562713a3936bb38fdfe6832fb5b96c946de58f7ce0992057665aa8,"{""basis"":""ordered nested-math atom; exact symbolic replay"",""kind"":""source-target-formula-map""}"
1.1.0,formula,O007-FREMLIN-V2-S231-FORMULA-0322,O007-FREMLIN-V2-S231,O007-RIGHTS-FREMLIN-DSL,O007-FREMLIN-V2-S231-SEG-231YC,322,231Yc,231Yc,399,409,15337,15345,16760,16768,\Bbb R,\Bbb R,f9d62b077eddf72778fc05527c5aa4d2352f16a46a94808294fdc2cb7e406580,f9d62b077eddf72778fc05527c5aa4d2352f16a46a94808294fdc2cb7e406580,22316cdc991b42844c0fcdb72f227b6d4c0e8457a736e325af2845b7b3df7f6c,$,22316cdc991b42844c0fcdb72f227b6d4c0e8457a736e325af2845b7b3df7f6c,22316cdc991b42844c0fcdb72f227b6d4c0e8457a736e325af2845b7b3df7f6c,"{""basis"":""ordered nested-math atom; exact symbolic replay"",""kind"":""source-target-formula-map""}"
1.1.0,formula,O007-FREMLIN-V2-S231-FORMULA-0323,O007-FREMLIN-V2-S231,O007-RIGHTS-FREMLIN-DSL,O007-FREMLIN-V2-S231-SEG-231YC,323,231Yc,231Yc,399,410,15359,15362,16787,16790,M,M,08f271887ce94707da822d5263bae19d5519cb3614e0daedc4c7ce5dab7473f1,08f271887ce94707da822d5263bae19d5519cb3614e0daedc4c7ce5dab7473f1,08f271887ce94707da822d5263bae19d5519cb3614e0daedc4c7ce5dab7473f1,$,08f271887ce94707da822d5263bae19d5519cb3614e0daedc4c7ce5dab7473f1,08f271887ce94707da822d5263bae19d5519cb3614e0daedc4c7ce5dab7473f1,"{""basis"":""ordered nested-math atom; exact symbolic replay"",""kind"":""source-target-formula-map""}"
1.1.0,formula,O007-FREMLIN-V2-S231-FORMULA-0324,O007-FREMLIN-V2-S231,O007-RIGHTS-FREMLIN-DSL,O007-FREMLIN-V2-S231-SEG-231YC,324,231Yc,231Yc,401,411,15464,15467,16887,16890,M,M,08f271887ce94707da822d5263bae19d5519cb3614e0daedc4c7ce5dab7473f1,08f271887ce94707da822d5263bae19d5519cb3614e0daedc4c7ce5dab7473f1,08f271887ce94707da822d5263bae19d5519cb3614e0daedc4c7ce5dab7473f1,$,08f271887ce94707da822d5263bae19d5519cb3614e0daedc4c7ce5dab7473f1,08f271887ce94707da822d5263bae19d5519cb3614e0daedc4c7ce5dab7473f1,"{""basis"":""ordered nested-math atom; exact symbolic replay"",""kind"":""source-target-formula-map""}"
1.1.0,formula,O007-FREMLIN-V2-S231-FORMULA-0325,O007-FREMLIN-V2-S231,O007-RIGHTS-FREMLIN-DSL,O007-FREMLIN-V2-S231-SEG-231YC,325,231Yc,231Yc,401,412,15488,15493,16922,16927,\le,\le,7a03384e6e8b85197651452d5bfaff72559b1af11aedb271b10f67c1c4e9154e,7a03384e6e8b85197651452d5bfaff72559b1af11aedb271b10f67c1c4e9154e,7a03384e6e8b85197651452d5bfaff72559b1af11aedb271b10f67c1c4e9154e,$,7a03384e6e8b85197651452d5bfaff72559b1af11aedb271b10f67c1c4e9154e,7a03384e6e8b85197651452d5bfaff72559b1af11aedb271b10f67c1c4e9154e,"{""basis"":""ordered nested-math atom; exact symbolic replay"",""kind"":""source-target-formula-map""}"
1.1.0,formula,O007-FREMLIN-V2-S231-FORMULA-0326,O007-FREMLIN-V2-S231,O007-RIGHTS-FREMLIN-DSL,O007-FREMLIN-V2-S231-SEG-231YC,326,231Yc,231Yc,403,414,15537,15553,16991,17007,\nu\le\nuprime,\nu\le\nuprime,b8c11010b2b1eaa2922660f349e9d600f03fbdab3c3e8edd86c4930de47027c3,b8c11010b2b1eaa2922660f349e9d600f03fbdab3c3e8edd86c4930de47027c3,b8c11010b2b1eaa2922660f349e9d600f03fbdab3c3e8edd86c4930de47027c3,$,b8c11010b2b1eaa2922660f349e9d600f03fbdab3c3e8edd86c4930de47027c3,b8c11010b2b1eaa2922660f349e9d600f03fbdab3c3e8edd86c4930de47027c3,"{""basis"":""ordered nested-math atom; exact symbolic replay"",""kind"":""source-target-formula-map""}"
1.1.0,formula,O007-FREMLIN-V2-S231-FORMULA-0327,O007-FREMLIN-V2-S231,O007-RIGHTS-FREMLIN-DSL,O007-FREMLIN-V2-S231-SEG-231YC,327,231Yc,231Yc,403,414,15558,15578,17028,17048,\nu E\le\nuprime E,\nu E\le\nuprime E,470d18b6b3639630062b8835805cf27c7e117b604261533d2d2797a3fb93f5ee,470d18b6b3639630062b8835805cf27c7e117b604261533d2d2797a3fb93f5ee,6e2cfb3670c69fa207518b697356aed7165c663a3b8e1e48725f0f72b175023c,$,6e2cfb3670c69fa207518b697356aed7165c663a3b8e1e48725f0f72b175023c,6e2cfb3670c69fa207518b697356aed7165c663a3b8e1e48725f0f72b175023c,"{""basis"":""ordered nested-math atom; exact symbolic replay"",""kind"":""source-target-formula-map""}"
1.1.0,formula,O007-FREMLIN-V2-S231-FORMULA-0328,O007-FREMLIN-V2-S231,O007-RIGHTS-FREMLIN-DSL,O007-FREMLIN-V2-S231-SEG-231YC,328,231Yc,231Yc,403,415,15589,15601,17063,17075,E\in\Sigma,E\in\Sigma,afe4bbaaedba5158924d3a0bd77f0304472650e71de5aed22515cc3a0a8e1bd2,afe4bbaaedba5158924d3a0bd77f0304472650e71de5aed22515cc3a0a8e1bd2,afe4bbaaedba5158924d3a0bd77f0304472650e71de5aed22515cc3a0a8e1bd2,$,afe4bbaaedba5158924d3a0bd77f0304472650e71de5aed22515cc3a0a8e1bd2,afe4bbaaedba5158924d3a0bd77f0304472650e71de5aed22515cc3a0a8e1bd2,"{""basis"":""ordered nested-math atom; exact symbolic replay"",""kind"":""source-target-formula-map""}"
1.1.0,formula,O007-FREMLIN-V2-S231-FORMULA-0329,O007-FREMLIN-V2-S231,O007-RIGHTS-FREMLIN-DSL,O007-FREMLIN-V2-S231-SEG-231YC,329,231Yc,231Yc,405,417,15654,15670,17131,17147,\nu_1\vee\nu_2,\nu_1\vee\nu_2,7d0a67c2d7ac62e743637fc7ab119f009d6a548f53e4497efe1f3df0e64d5073,7d0a67c2d7ac62e743637fc7ab119f009d6a548f53e4497efe1f3df0e64d5073,7d0a67c2d7ac62e743637fc7ab119f009d6a548f53e4497efe1f3df0e64d5073,$,7d0a67c2d7ac62e743637fc7ab119f009d6a548f53e4497efe1f3df0e64d5073,7d0a67c2d7ac62e743637fc7ab119f009d6a548f53e4497efe1f3df0e64d5073,"{""basis"":""ordered nested-math atom; exact symbolic replay"",""kind"":""source-target-formula-map""}"
1.1.0,formula,O007-FREMLIN-V2-S231-FORMULA-0330,O007-FREMLIN-V2-S231,O007-RIGHTS-FREMLIN-DSL,O007-FREMLIN-V2-S231-SEG-231YC,330,231Yc,231Yc,406,418,15673,15691,17150,17168,\nu_1\wedge\nu_2,\nu_1\wedge\nu_2,bfeda1b6b55cc05358c990fa57325c930ae7b36e20b17effcec3c8a804202e2b,bfeda1b6b55cc05358c990fa57325c930ae7b36e20b17effcec3c8a804202e2b,bfeda1b6b55cc05358c990fa57325c930ae7b36e20b17effcec3c8a804202e2b,$,bfeda1b6b55cc05358c990fa57325c930ae7b36e20b17effcec3c8a804202e2b,bfeda1b6b55cc05358c990fa57325c930ae7b36e20b17effcec3c8a804202e2b,"{""basis"":""ordered nested-math atom; exact symbolic replay"",""kind"":""source-target-formula-map""}"
1.1.0,formula,O007-FREMLIN-V2-S231-FORMULA-0331,O007-FREMLIN-V2-S231,O007-RIGHTS-FREMLIN-DSL,O007-FREMLIN-V2-S231-SEG-231YC,331,231Yc,231Yc,406,419,15718,15739,17231,17252,"\sup\{\nu_1,\nu_2\}","\sup\{\nu_1,\nu_2\}",cbe34fb21fa4cdb362a2de91ab3850da8a2ce4e17c9cad5a08ac78fff3542ec5,cbe34fb21fa4cdb362a2de91ab3850da8a2ce4e17c9cad5a08ac78fff3542ec5,cbe34fb21fa4cdb362a2de91ab3850da8a2ce4e17c9cad5a08ac78fff3542ec5,$,cbe34fb21fa4cdb362a2de91ab3850da8a2ce4e17c9cad5a08ac78fff3542ec5,cbe34fb21fa4cdb362a2de91ab3850da8a2ce4e17c9cad5a08ac78fff3542ec5,"{""basis"":""ordered nested-math atom; exact symbolic replay"",""kind"":""source-target-formula-map""}"
1.1.0,formula,O007-FREMLIN-V2-S231-FORMULA-0332,O007-FREMLIN-V2-S231,O007-RIGHTS-FREMLIN-DSL,O007-FREMLIN-V2-S231-SEG-231YC,332,231Yc,231Yc,407,419,15742,15763,17257,17278,"\inf\{\nu_1,\nu_2\}","\inf\{\nu_1,\nu_2\}",f13df70066803be204e8072891e441c302c5128e9948968fa2bb0b2ebecad4c0,f13df70066803be204e8072891e441c302c5128e9948968fa2bb0b2ebecad4c0,f13df70066803be204e8072891e441c302c5128e9948968fa2bb0b2ebecad4c0,$,f13df70066803be204e8072891e441c302c5128e9948968fa2bb0b2ebecad4c0,f13df70066803be204e8072891e441c302c5128e9948968fa2bb0b2ebecad4c0,"{""basis"":""ordered nested-math atom; exact symbolic replay"",""kind"":""source-target-formula-map""}"
1.1.0,formula,O007-FREMLIN-V2-S231-FORMULA-0333,O007-FREMLIN-V2-S231,O007-RIGHTS-FREMLIN-DSL,O007-FREMLIN-V2-S231-SEG-231YD,333,231Yd,231Yd,409,421,15801,15804,17321,17324,X,X,4b68ab3847feda7d6c62c1fbcbeebfa35eab7351ed5e78f4ddadea5df64b8015,4b68ab3847feda7d6c62c1fbcbeebfa35eab7351ed5e78f4ddadea5df64b8015,4b68ab3847feda7d6c62c1fbcbeebfa35eab7351ed5e78f4ddadea5df64b8015,$,4b68ab3847feda7d6c62c1fbcbeebfa35eab7351ed5e78f4ddadea5df64b8015,4b68ab3847feda7d6c62c1fbcbeebfa35eab7351ed5e78f4ddadea5df64b8015,"{""basis"":""ordered nested-math atom; exact symbolic replay"",""kind"":""source-target-formula-map""}"
1.1.0,formula,O007-FREMLIN-V2-S231-FORMULA-0334,O007-FREMLIN-V2-S231,O007-RIGHTS-FREMLIN-DSL,O007-FREMLIN-V2-S231-SEG-231YD,334,231Yd,231Yd,409,421,15818,15826,17344,17352,\Sigma,\Sigma,d65d75b1e6562713a3936bb38fdfe6832fb5b96c946de58f7ce0992057665aa8,d65d75b1e6562713a3936bb38fdfe6832fb5b96c946de58f7ce0992057665aa8,d65d75b1e6562713a3936bb38fdfe6832fb5b96c946de58f7ce0992057665aa8,$,d65d75b1e6562713a3936bb38fdfe6832fb5b96c946de58f7ce0992057665aa8,d65d75b1e6562713a3936bb38fdfe6832fb5b96c946de58f7ce0992057665aa8,"{""basis"":""ordered nested-math atom; exact symbolic replay"",""kind"":""source-target-formula-map""}"
1.1.0,formula,O007-FREMLIN-V2-S231-FORMULA-0335,O007-FREMLIN-V2-S231,O007-RIGHTS-FREMLIN-DSL,O007-FREMLIN-V2-S231-SEG-231YD,335,231Yd,231Yd,410,422,15853,15856,17385,17388,X,X,4b68ab3847feda7d6c62c1fbcbeebfa35eab7351ed5e78f4ddadea5df64b8015,4b68ab3847feda7d6c62c1fbcbeebfa35eab7351ed5e78f4ddadea5df64b8015,4b68ab3847feda7d6c62c1fbcbeebfa35eab7351ed5e78f4ddadea5df64b8015,$,4b68ab3847feda7d6c62c1fbcbeebfa35eab7351ed5e78f4ddadea5df64b8015,4b68ab3847feda7d6c62c1fbcbeebfa35eab7351ed5e78f4ddadea5df64b8015,"{""basis"":""ordered nested-math atom; exact symbolic replay"",""kind"":""source-target-formula-map""}"
1.1.0,formula,O007-FREMLIN-V2-S231-FORMULA-0336,O007-FREMLIN-V2-S231,O007-RIGHTS-FREMLIN-DSL,O007-FREMLIN-V2-S231-SEG-231YD,336,231Yd,231Yd,410,422,15864,15884,17401,17421,"\nu_0,\ldots,\nu_n","\nu_0,\ldots,\nu_n",36ab0354bb763d6a570aa9b77f90b0ffc6257e709f49972b30b7546fd1d39d8c,36ab0354bb763d6a570aa9b77f90b0ffc6257e709f49972b30b7546fd1d39d8c,36ab0354bb763d6a570aa9b77f90b0ffc6257e709f49972b30b7546fd1d39d8c,$,36ab0354bb763d6a570aa9b77f90b0ffc6257e709f49972b30b7546fd1d39d8c,36ab0354bb763d6a570aa9b77f90b0ffc6257e709f49972b30b7546fd1d39d8c,"{""basis"":""ordered nested-math atom; exact symbolic replay"",""kind"":""source-target-formula-map""}"
1.1.0,formula,O007-FREMLIN-V2-S231-FORMULA-0337,O007-FREMLIN-V2-S231,O007-RIGHTS-FREMLIN-DSL,O007-FREMLIN-V2-S231-SEG-231YD,337,231Yd,231Yd,411,423,15930,15938,17485,17493,\Sigma,\Sigma,d65d75b1e6562713a3936bb38fdfe6832fb5b96c946de58f7ce0992057665aa8,d65d75b1e6562713a3936bb38fdfe6832fb5b96c946de58f7ce0992057665aa8,d65d75b1e6562713a3936bb38fdfe6832fb5b96c946de58f7ce0992057665aa8,$,d65d75b1e6562713a3936bb38fdfe6832fb5b96c946de58f7ce0992057665aa8,d65d75b1e6562713a3936bb38fdfe6832fb5b96c946de58f7ce0992057665aa8,"{""basis"":""ordered nested-math atom; exact symbolic replay"",""kind"":""source-target-formula-map""}"
1.1.0,formula,O007-FREMLIN-V2-S231-FORMULA-0338,O007-FREMLIN-V2-S231,O007-RIGHTS-FREMLIN-DSL,O007-FREMLIN-V2-S231-SEG-231YD,338,231Yd,231Yd,413,425,15967,16081,17528,17642,"\check\nu 
E=\sup\{\sum_{i=0}^n\nu_iF_i:F_0,\ldots,F_n\in\Sigma,\,\bigcup_{i\le 
n}F_i=E,\,F_i\cap F_j=\emptyset","\check\nu 
E=\sup\{\sum_{i=0}^n\nu_iF_i:F_0,\ldots,F_n\in\Sigma,\,\bigcup_{i\le 
n}F_i=E,\,F_i\cap F_j=\emptyset",25d49e13e4d593b50779de23cede5c5ec64e84326c70f8b1c14bb4bc74dc6546,25d49e13e4d593b50779de23cede5c5ec64e84326c70f8b1c14bb4bc74dc6546,19ce826574b496f84a3412916bcfb836868f688c3408bba17fa03268d61e50cb,$,19ce826574b496f84a3412916bcfb836868f688c3408bba17fa03268d61e50cb,19ce826574b496f84a3412916bcfb836868f688c3408bba17fa03268d61e50cb,"{""basis"":""ordered nested-math atom; exact symbolic replay"",""kind"":""source-target-formula-map""}"
1.1.0,formula,O007-FREMLIN-V2-S231-FORMULA-0339,O007-FREMLIN-V2-S231,O007-RIGHTS-FREMLIN-DSL,O007-FREMLIN-V2-S231-SEG-231YD,339,231Yd,231Yd,415,427,16086,16096,17649,17659,i\ne j\},i\ne j\},c96aee1157d1b087f1f5be2522110c6c7781417ee5a673982ea65faa0ba98d34,c96aee1157d1b087f1f5be2522110c6c7781417ee5a673982ea65faa0ba98d34,521aac27bf5c22e7f32579dbdc3161e60fdaa59e92ac70a9a8df97fc3b340bda,$,521aac27bf5c22e7f32579dbdc3161e60fdaa59e92ac70a9a8df97fc3b340bda,521aac27bf5c22e7f32579dbdc3161e60fdaa59e92ac70a9a8df97fc3b340bda,"{""basis"":""ordered nested-math atom; exact symbolic replay"",""kind"":""source-target-formula-map""}"
1.1.0,formula,O007-FREMLIN-V2-S231-FORMULA-0340,O007-FREMLIN-V2-S231,O007-RIGHTS-FREMLIN-DSL,O007-FREMLIN-V2-S231-SEG-231YD,340,231Yd,231Yd,417,429,16119,16231,17682,17794,"\hat\nu 
E=\inf\{\sum_{i=0}^n\nu_iF_i:F_0,\ldots,F_n\in\Sigma,\,\bigcup_{i\le 
n}F_i=E,\,F_i\cap F_j=\emptyset","\hat\nu 
E=\inf\{\sum_{i=0}^n\nu_iF_i:F_0,\ldots,F_n\in\Sigma,\,\bigcup_{i\le 
n}F_i=E,\,F_i\cap F_j=\emptyset",a84ab04a7330a64cc44845344314cc33f3a692da5110d97b35f23361892ea4a0,a84ab04a7330a64cc44845344314cc33f3a692da5110d97b35f23361892ea4a0,cc24267ca8319f4989a5a9d44c659b664e468b0515eb2c434b26afe185f9dd2a,$,cc24267ca8319f4989a5a9d44c659b664e468b0515eb2c434b26afe185f9dd2a,cc24267ca8319f4989a5a9d44c659b664e468b0515eb2c434b26afe185f9dd2a,"{""basis"":""ordered nested-math atom; exact symbolic replay"",""kind"":""source-target-formula-map""}"
1.1.0,formula,O007-FREMLIN-V2-S231-FORMULA-0341,O007-FREMLIN-V2-S231,O007-RIGHTS-FREMLIN-DSL,O007-FREMLIN-V2-S231-SEG-231YD,341,231Yd,231Yd,419,431,16236,16246,17801,17811,i\ne j\},i\ne j\},c96aee1157d1b087f1f5be2522110c6c7781417ee5a673982ea65faa0ba98d34,c96aee1157d1b087f1f5be2522110c6c7781417ee5a673982ea65faa0ba98d34,521aac27bf5c22e7f32579dbdc3161e60fdaa59e92ac70a9a8df97fc3b340bda,$,521aac27bf5c22e7f32579dbdc3161e60fdaa59e92ac70a9a8df97fc3b340bda,521aac27bf5c22e7f32579dbdc3161e60fdaa59e92ac70a9a8df97fc3b340bda,"{""basis"":""ordered nested-math atom; exact symbolic replay"",""kind"":""source-target-formula-map""}"
1.1.0,formula,O007-FREMLIN-V2-S231-FORMULA-0342,O007-FREMLIN-V2-S231,O007-RIGHTS-FREMLIN-DSL,O007-FREMLIN-V2-S231-SEG-231YD,342,231Yd,231Yd,421,433,16270,16282,17837,17849,E\in\Sigma,E\in\Sigma,afe4bbaaedba5158924d3a0bd77f0304472650e71de5aed22515cc3a0a8e1bd2,afe4bbaaedba5158924d3a0bd77f0304472650e71de5aed22515cc3a0a8e1bd2,afe4bbaaedba5158924d3a0bd77f0304472650e71de5aed22515cc3a0a8e1bd2,$,afe4bbaaedba5158924d3a0bd77f0304472650e71de5aed22515cc3a0a8e1bd2,afe4bbaaedba5158924d3a0bd77f0304472650e71de5aed22515cc3a0a8e1bd2,"{""basis"":""ordered nested-math atom; exact symbolic replay"",""kind"":""source-target-formula-map""}"
1.1.0,formula,O007-FREMLIN-V2-S231-FORMULA-0343,O007-FREMLIN-V2-S231,O007-RIGHTS-FREMLIN-DSL,O007-FREMLIN-V2-S231-SEG-231YD,343,231Yd,231Yd,421,433,16296,16307,17869,17880,\check\nu,\check\nu,b37772bcf2ac2b6cc1d36fcb00f4ab79d4132cc2337f975e2e7685e5c480ec0e,b37772bcf2ac2b6cc1d36fcb00f4ab79d4132cc2337f975e2e7685e5c480ec0e,b37772bcf2ac2b6cc1d36fcb00f4ab79d4132cc2337f975e2e7685e5c480ec0e,$,b37772bcf2ac2b6cc1d36fcb00f4ab79d4132cc2337f975e2e7685e5c480ec0e,b37772bcf2ac2b6cc1d36fcb00f4ab79d4132cc2337f975e2e7685e5c480ec0e,"{""basis"":""ordered nested-math atom; exact symbolic replay"",""kind"":""source-target-formula-map""}"
1.1.0,formula,O007-FREMLIN-V2-S231-FORMULA-0344,O007-FREMLIN-V2-S231,O007-RIGHTS-FREMLIN-DSL,O007-FREMLIN-V2-S231-SEG-231YD,344,231Yd,231Yd,421,434,16312,16321,17886,17895,\hat\nu,\hat\nu,1ad8878c22824e441fb419f2a7ec4a65448cea504f330d9a6ca3db86982c15db,1ad8878c22824e441fb419f2a7ec4a65448cea504f330d9a6ca3db86982c15db,1ad8878c22824e441fb419f2a7ec4a65448cea504f330d9a6ca3db86982c15db,$,1ad8878c22824e441fb419f2a7ec4a65448cea504f330d9a6ca3db86982c15db,1ad8878c22824e441fb419f2a7ec4a65448cea504f330d9a6ca3db86982c15db,"{""basis"":""ordered nested-math atom; exact symbolic replay"",""kind"":""source-target-formula-map""}"
1.1.0,formula,O007-FREMLIN-V2-S231-FORMULA-0345,O007-FREMLIN-V2-S231,O007-RIGHTS-FREMLIN-DSL,O007-FREMLIN-V2-S231-SEG-231YD,345,231Yd,231Yd,422,435,16368,16396,17948,17976,"\sup\{\nu_0,\ldots,\nu_n\}","\sup\{\nu_0,\ldots,\nu_n\}",0f5cfb8b6cc82dafed73fa2c04d2f38c4ff40dcd326e40424ebb82cc351820bc,0f5cfb8b6cc82dafed73fa2c04d2f38c4ff40dcd326e40424ebb82cc351820bc,0f5cfb8b6cc82dafed73fa2c04d2f38c4ff40dcd326e40424ebb82cc351820bc,$,0f5cfb8b6cc82dafed73fa2c04d2f38c4ff40dcd326e40424ebb82cc351820bc,0f5cfb8b6cc82dafed73fa2c04d2f38c4ff40dcd326e40424ebb82cc351820bc,"{""basis"":""ordered nested-math atom; exact symbolic replay"",""kind"":""source-target-formula-map""}"
1.1.0,formula,O007-FREMLIN-V2-S231-FORMULA-0346,O007-FREMLIN-V2-S231,O007-RIGHTS-FREMLIN-DSL,O007-FREMLIN-V2-S231-SEG-231YD,346,231Yd,231Yd,424,436,16403,16431,17982,18010,"\inf\{\nu_0,\ldots,\nu_n\}","\inf\{\nu_0,\ldots,\nu_n\}",7f91f8da13269af6413d8484a6efd5c6901f68b6428f0b6aa4d2749b441d6462,7f91f8da13269af6413d8484a6efd5c6901f68b6428f0b6aa4d2749b441d6462,7f91f8da13269af6413d8484a6efd5c6901f68b6428f0b6aa4d2749b441d6462,$,7f91f8da13269af6413d8484a6efd5c6901f68b6428f0b6aa4d2749b441d6462,7f91f8da13269af6413d8484a6efd5c6901f68b6428f0b6aa4d2749b441d6462,"{""basis"":""ordered nested-math atom; exact symbolic replay"",""kind"":""source-target-formula-map""}"
1.1.0,formula,O007-FREMLIN-V2-S231-FORMULA-0347,O007-FREMLIN-V2-S231,O007-RIGHTS-FREMLIN-DSL,O007-FREMLIN-V2-S231-SEG-231YD,347,231Yd,231Yd,426,437,16499,16507,18092,18100,\Sigma,\Sigma,d65d75b1e6562713a3936bb38fdfe6832fb5b96c946de58f7ce0992057665aa8,d65d75b1e6562713a3936bb38fdfe6832fb5b96c946de58f7ce0992057665aa8,d65d75b1e6562713a3936bb38fdfe6832fb5b96c946de58f7ce0992057665aa8,$,d65d75b1e6562713a3936bb38fdfe6832fb5b96c946de58f7ce0992057665aa8,d65d75b1e6562713a3936bb38fdfe6832fb5b96c946de58f7ce0992057665aa8,"{""basis"":""ordered nested-math atom; exact symbolic replay"",""kind"":""source-target-formula-map""}"
1.1.0,formula,O007-FREMLIN-V2-S231-FORMULA-0348,O007-FREMLIN-V2-S231,O007-RIGHTS-FREMLIN-DSL,O007-FREMLIN-V2-S231-SEG-231YE,348,231Ye,231Ye,428,439,16545,16548,18143,18146,X,X,4b68ab3847feda7d6c62c1fbcbeebfa35eab7351ed5e78f4ddadea5df64b8015,4b68ab3847feda7d6c62c1fbcbeebfa35eab7351ed5e78f4ddadea5df64b8015,4b68ab3847feda7d6c62c1fbcbeebfa35eab7351ed5e78f4ddadea5df64b8015,$,4b68ab3847feda7d6c62c1fbcbeebfa35eab7351ed5e78f4ddadea5df64b8015,4b68ab3847feda7d6c62c1fbcbeebfa35eab7351ed5e78f4ddadea5df64b8015,"{""basis"":""ordered nested-math atom; exact symbolic replay"",""kind"":""source-target-formula-map""}"
1.1.0,formula,O007-FREMLIN-V2-S231-FORMULA-0349,O007-FREMLIN-V2-S231,O007-RIGHTS-FREMLIN-DSL,O007-FREMLIN-V2-S231-SEG-231YE,349,231Ye,231Ye,428,439,16562,16570,18163,18171,\Sigma,\Sigma,d65d75b1e6562713a3936bb38fdfe6832fb5b96c946de58f7ce0992057665aa8,d65d75b1e6562713a3936bb38fdfe6832fb5b96c946de58f7ce0992057665aa8,d65d75b1e6562713a3936bb38fdfe6832fb5b96c946de58f7ce0992057665aa8,$,d65d75b1e6562713a3936bb38fdfe6832fb5b96c946de58f7ce0992057665aa8,d65d75b1e6562713a3936bb38fdfe6832fb5b96c946de58f7ce0992057665aa8,"{""basis"":""ordered nested-math atom; exact symbolic replay"",""kind"":""source-target-formula-map""}"
1.1.0,formula,O007-FREMLIN-V2-S231-FORMULA-0350,O007-FREMLIN-V2-S231,O007-RIGHTS-FREMLIN-DSL,O007-FREMLIN-V2-S231-SEG-231YE,350,231Ye,231Ye,428,440,16573,16581,18210,18210,\sigma,,9c3245dfb4ac54c1623a60e7b8d1fc07cb02eae1229435230c7dab5e71083a26,e3b0c44298fc1c149afbf4c8996fb92427ae41e4649b934ca495991b7852b855,9c3245dfb4ac54c1623a60e7b8d1fc07cb02eae1229435230c7dab5e71083a26,$,9c3245dfb4ac54c1623a60e7b8d1fc07cb02eae1229435230c7dab5e71083a26,e3b0c44298fc1c149afbf4c8996fb92427ae41e4649b934ca495991b7852b855,"{""basis"":""source lexical math atom localized losslessly as Indonesian prose outside math"",""kind"":""source-target-formula-map""}"
1.1.0,formula,O007-FREMLIN-V2-S231-FORMULA-0351,O007-FREMLIN-V2-S231,O007-RIGHTS-FREMLIN-DSL,O007-FREMLIN-V2-S231-SEG-231YE,351,231Ye,231Ye,429,440,16605,16608,18210,18213,X,X,4b68ab3847feda7d6c62c1fbcbeebfa35eab7351ed5e78f4ddadea5df64b8015,4b68ab3847feda7d6c62c1fbcbeebfa35eab7351ed5e78f4ddadea5df64b8015,4b68ab3847feda7d6c62c1fbcbeebfa35eab7351ed5e78f4ddadea5df64b8015,$,4b68ab3847feda7d6c62c1fbcbeebfa35eab7351ed5e78f4ddadea5df64b8015,4b68ab3847feda7d6c62c1fbcbeebfa35eab7351ed5e78f4ddadea5df64b8015,"{""basis"":""ordered nested-math atom; exact symbolic replay"",""kind"":""source-target-formula-map""}"
1.1.0,formula,O007-FREMLIN-V2-S231-FORMULA-0352,O007-FREMLIN-V2-S231,O007-RIGHTS-FREMLIN-DSL,O007-FREMLIN-V2-S231-SEG-231YE,352,231Ye,231Ye,429,440,16615,16618,18224,18227,M,M,08f271887ce94707da822d5263bae19d5519cb3614e0daedc4c7ce5dab7473f1,08f271887ce94707da822d5263bae19d5519cb3614e0daedc4c7ce5dab7473f1,08f271887ce94707da822d5263bae19d5519cb3614e0daedc4c7ce5dab7473f1,$,08f271887ce94707da822d5263bae19d5519cb3614e0daedc4c7ce5dab7473f1,08f271887ce94707da822d5263bae19d5519cb3614e0daedc4c7ce5dab7473f1,"{""basis"":""ordered nested-math atom; exact symbolic replay"",""kind"":""source-target-formula-map""}"
1.1.0,formula,O007-FREMLIN-V2-S231-FORMULA-0353,O007-FREMLIN-V2-S231,O007-RIGHTS-FREMLIN-DSL,O007-FREMLIN-V2-S231-SEG-231YE,353,231Ye,231Ye,430,441,16699,16707,18316,18324,\Sigma,\Sigma,d65d75b1e6562713a3936bb38fdfe6832fb5b96c946de58f7ce0992057665aa8,d65d75b1e6562713a3936bb38fdfe6832fb5b96c946de58f7ce0992057665aa8,d65d75b1e6562713a3936bb38fdfe6832fb5b96c946de58f7ce0992057665aa8,$,d65d75b1e6562713a3936bb38fdfe6832fb5b96c946de58f7ce0992057665aa8,d65d75b1e6562713a3936bb38fdfe6832fb5b96c946de58f7ce0992057665aa8,"{""basis"":""ordered nested-math atom; exact symbolic replay"",""kind"":""source-target-formula-map""}"
1.1.0,formula,O007-FREMLIN-V2-S231-FORMULA-0354,O007-FREMLIN-V2-S231,O007-RIGHTS-FREMLIN-DSL,O007-FREMLIN-V2-S231-SEG-231YE,354,231Ye,231Ye,430,442,16711,16719,18329,18337,\Bbb R,\Bbb R,f9d62b077eddf72778fc05527c5aa4d2352f16a46a94808294fdc2cb7e406580,f9d62b077eddf72778fc05527c5aa4d2352f16a46a94808294fdc2cb7e406580,22316cdc991b42844c0fcdb72f227b6d4c0e8457a736e325af2845b7b3df7f6c,$,22316cdc991b42844c0fcdb72f227b6d4c0e8457a736e325af2845b7b3df7f6c,22316cdc991b42844c0fcdb72f227b6d4c0e8457a736e325af2845b7b3df7f6c,"{""basis"":""ordered nested-math atom; exact symbolic replay"",""kind"":""source-target-formula-map""}"
1.1.0,formula,O007-FREMLIN-V2-S231-FORMULA-0355,O007-FREMLIN-V2-S231,O007-RIGHTS-FREMLIN-DSL,O007-FREMLIN-V2-S231-SEG-231YE,355,231Ye,231Ye,431,442,16741,16755,18366,18380,A\subseteq M,A\subseteq M,74c6ae99c609363eb96b282ab55da3f50a0cd869a58e93b96c157e94771ee106,74c6ae99c609363eb96b282ab55da3f50a0cd869a58e93b96c157e94771ee106,8113e641689ce02031311ad40655ef4a6d85d18d8e3d41baa12f193f7fb0625f,$,8113e641689ce02031311ad40655ef4a6d85d18d8e3d41baa12f193f7fb0625f,8113e641689ce02031311ad40655ef4a6d85d18d8e3d41baa12f193f7fb0625f,"{""basis"":""ordered nested-math atom; exact symbolic replay"",""kind"":""source-target-formula-map""}"
1.1.0,formula,O007-FREMLIN-V2-S231-FORMULA-0356,O007-FREMLIN-V2-S231,O007-RIGHTS-FREMLIN-DSL,O007-FREMLIN-V2-S231-SEG-231YE,356,231Ye,231Ye,431,443,16791,16794,18420,18423,M,M,08f271887ce94707da822d5263bae19d5519cb3614e0daedc4c7ce5dab7473f1,08f271887ce94707da822d5263bae19d5519cb3614e0daedc4c7ce5dab7473f1,08f271887ce94707da822d5263bae19d5519cb3614e0daedc4c7ce5dab7473f1,$,08f271887ce94707da822d5263bae19d5519cb3614e0daedc4c7ce5dab7473f1,08f271887ce94707da822d5263bae19d5519cb3614e0daedc4c7ce5dab7473f1,"{""basis"":""ordered nested-math atom; exact symbolic replay"",""kind"":""source-target-formula-map""}"
1.1.0,formula,O007-FREMLIN-V2-S231-FORMULA-0357,O007-FREMLIN-V2-S231,O007-RIGHTS-FREMLIN-DSL,O007-FREMLIN-V2-S231-SEG-231YE,357,231Ye,231Ye,431,443,16801,16804,18430,18433,A,A,559aead08264d5795d3909718cdd05abd49572e84fe55590eef31a88a08fdffd,559aead08264d5795d3909718cdd05abd49572e84fe55590eef31a88a08fdffd,559aead08264d5795d3909718cdd05abd49572e84fe55590eef31a88a08fdffd,$,559aead08264d5795d3909718cdd05abd49572e84fe55590eef31a88a08fdffd,559aead08264d5795d3909718cdd05abd49572e84fe55590eef31a88a08fdffd,"{""basis"":""ordered nested-math atom; exact symbolic replay"",""kind"":""source-target-formula-map""}"
1.1.0,formula,O007-FREMLIN-V2-S231-FORMULA-0358,O007-FREMLIN-V2-S231,O007-RIGHTS-FREMLIN-DSL,O007-FREMLIN-V2-S231-SEG-231YE,358,231Ye,231Ye,432,443,16821,16832,18452,18463,\check\nu,\check\nu,b37772bcf2ac2b6cc1d36fcb00f4ab79d4132cc2337f975e2e7685e5c480ec0e,b37772bcf2ac2b6cc1d36fcb00f4ab79d4132cc2337f975e2e7685e5c480ec0e,b37772bcf2ac2b6cc1d36fcb00f4ab79d4132cc2337f975e2e7685e5c480ec0e,$,b37772bcf2ac2b6cc1d36fcb00f4ab79d4132cc2337f975e2e7685e5c480ec0e,b37772bcf2ac2b6cc1d36fcb00f4ab79d4132cc2337f975e2e7685e5c480ec0e,"{""basis"":""ordered nested-math atom; exact symbolic replay"",""kind"":""source-target-formula-map""}"
1.1.0,formula,O007-FREMLIN-V2-S231-FORMULA-0359,O007-FREMLIN-V2-S231,O007-RIGHTS-FREMLIN-DSL,O007-FREMLIN-V2-S231-SEG-231YE,359,231Ye,231Ye,432,444,16836,16839,18474,18477,M,M,08f271887ce94707da822d5263bae19d5519cb3614e0daedc4c7ce5dab7473f1,08f271887ce94707da822d5263bae19d5519cb3614e0daedc4c7ce5dab7473f1,08f271887ce94707da822d5263bae19d5519cb3614e0daedc4c7ce5dab7473f1,$,08f271887ce94707da822d5263bae19d5519cb3614e0daedc4c7ce5dab7473f1,08f271887ce94707da822d5263bae19d5519cb3614e0daedc4c7ce5dab7473f1,"{""basis"":""ordered nested-math atom; exact symbolic replay"",""kind"":""source-target-formula-map""}"
1.1.0,formula,O007-FREMLIN-V2-S231-FORMULA-0360,O007-FREMLIN-V2-S231,O007-RIGHTS-FREMLIN-DSL,O007-FREMLIN-V2-S231-SEG-231YE,360,231Ye,231Ye,434,446,16870,17064,18513,18709,"\eqalign{\check\nu E 
=\sup\{\sum_{i=0}^n\nu_iF_i:\nu_0,\ldots,\nu_n\in 
A,\,F_0,&\ldots,F_n\in\Sigma,\,\bigcup_{i\le n}F_i=E,\cr 
&\qquad\quad F_i\cap F_j=\emptyset\text{ for }i\ne j\}.\cr}","\eqalign{\check\nu E 
=\sup\{\sum_{i=0}^n\nu_iF_i:\nu_0,\ldots,\nu_n\in 
A,\,F_0,&\ldots,F_n\in\Sigma,\,\bigcup_{i\le n}F_i=E,\cr 
&\qquad\quad F_i\cap F_j=\emptyset\text{ untuk }i\ne j\}.\cr}",3563514c46a4d8dfd0fe097fd168cd3a381ca6296a9a6da97db482c35125490c,81262147648c08ac2ab469ab46f47188f5ce2f73cb27aefd8247559f24766b21,3e065c0d91de868aaf6ac49b3023ebe48de18a21334200e4f2f6b1032a05afb5,$$,3e065c0d91de868aaf6ac49b3023ebe48de18a21334200e4f2f6b1032a05afb5,3e065c0d91de868aaf6ac49b3023ebe48de18a21334200e4f2f6b1032a05afb5,"{""basis"":""ordered nested-math atom; exact symbolic replay"",""kind"":""source-target-formula-map""}"
1.1.0,formula,O007-FREMLIN-V2-S231-FORMULA-0361,O007-FREMLIN-V2-S231,O007-RIGHTS-FREMLIN-DSL,O007-FREMLIN-V2-S231-SEG-231YE,361,231Ye,231Ye,439,451,17101,17115,18754,18768,A\subseteq M,A\subseteq M,74c6ae99c609363eb96b282ab55da3f50a0cd869a58e93b96c157e94771ee106,74c6ae99c609363eb96b282ab55da3f50a0cd869a58e93b96c157e94771ee106,8113e641689ce02031311ad40655ef4a6d85d18d8e3d41baa12f193f7fb0625f,$,8113e641689ce02031311ad40655ef4a6d85d18d8e3d41baa12f193f7fb0625f,8113e641689ce02031311ad40655ef4a6d85d18d8e3d41baa12f193f7fb0625f,"{""basis"":""ordered nested-math atom; exact symbolic replay"",""kind"":""source-target-formula-map""}"
1.1.0,formula,O007-FREMLIN-V2-S231-FORMULA-0362,O007-FREMLIN-V2-S231,O007-RIGHTS-FREMLIN-DSL,O007-FREMLIN-V2-S231-SEG-231YE,362,231Ye,231Ye,440,452,17151,17154,18809,18812,M,M,08f271887ce94707da822d5263bae19d5519cb3614e0daedc4c7ce5dab7473f1,08f271887ce94707da822d5263bae19d5519cb3614e0daedc4c7ce5dab7473f1,08f271887ce94707da822d5263bae19d5519cb3614e0daedc4c7ce5dab7473f1,$,08f271887ce94707da822d5263bae19d5519cb3614e0daedc4c7ce5dab7473f1,08f271887ce94707da822d5263bae19d5519cb3614e0daedc4c7ce5dab7473f1,"{""basis"":""ordered nested-math atom; exact symbolic replay"",""kind"":""source-target-formula-map""}"
1.1.0,formula,O007-FREMLIN-V2-S231-FORMULA-0363,O007-FREMLIN-V2-S231,O007-RIGHTS-FREMLIN-DSL,O007-FREMLIN-V2-S231-SEG-231YE,363,231Ye,231Ye,440,453,17178,17192,18855,18869,\hat\nu\in M,\hat\nu\in M,9b7dfc127b39940719caed8c3932787dc73ebf9262297970537f97de34b1d3fb,9b7dfc127b39940719caed8c3932787dc73ebf9262297970537f97de34b1d3fb,c41fee6efcde92905edc159fa5cd3b6dfb7335886fabf91508d685b228d0a7a2,$,c41fee6efcde92905edc159fa5cd3b6dfb7335886fabf91508d685b228d0a7a2,c41fee6efcde92905edc159fa5cd3b6dfb7335886fabf91508d685b228d0a7a2,"{""basis"":""ordered nested-math atom; exact symbolic replay"",""kind"":""source-target-formula-map""}"
1.1.0,formula,O007-FREMLIN-V2-S231-FORMULA-0364,O007-FREMLIN-V2-S231,O007-RIGHTS-FREMLIN-DSL,O007-FREMLIN-V2-S231-SEG-231YE,364,231Ye,231Ye,442,455,17223,17415,18905,19099,"\eqalign{\hat\nu E 
=\inf\{\sum_{i=0}^n\nu_iF_i:\nu_0,\ldots,\nu_n\in 
A,\,F_0,&\ldots,F_n\in\Sigma,\,\bigcup_{i\le n}F_i=E,\cr 
&\qquad\quad F_i\cap F_j=\emptyset\text{ for }i\ne j\}.\cr}","\eqalign{\hat\nu E 
=\inf\{\sum_{i=0}^n\nu_iF_i:\nu_0,\ldots,\nu_n\in 
A,\,F_0,&\ldots,F_n\in\Sigma,\,\bigcup_{i\le n}F_i=E,\cr 
&\qquad\quad F_i\cap F_j=\emptyset\text{ untuk }i\ne j\}.\cr}",a4b52ef6fae50db27c9ffb4c2ac68e948b3b560ff60f1a91c0961d5cb7e5d751,fed3b5fa9d9ecf9f182fb4ff2b30d19537b78b2d41ea8191b6d65448c0fd3aaf,a4b152e86336cddc7632f332c22aee1fbf00c9e1aa833143c3ed18926d1a010d,$$,a4b152e86336cddc7632f332c22aee1fbf00c9e1aa833143c3ed18926d1a010d,a4b152e86336cddc7632f332c22aee1fbf00c9e1aa833143c3ed18926d1a010d,"{""basis"":""ordered nested-math atom; exact symbolic replay"",""kind"":""source-target-formula-map""}"
1.1.0,formula,O007-FREMLIN-V2-S231-FORMULA-0365,O007-FREMLIN-V2-S231,O007-RIGHTS-FREMLIN-DSL,O007-FREMLIN-V2-S231-SEG-231YF,365,231Yf,231Yf,447,460,17452,17455,19141,19144,X,X,4b68ab3847feda7d6c62c1fbcbeebfa35eab7351ed5e78f4ddadea5df64b8015,4b68ab3847feda7d6c62c1fbcbeebfa35eab7351ed5e78f4ddadea5df64b8015,4b68ab3847feda7d6c62c1fbcbeebfa35eab7351ed5e78f4ddadea5df64b8015,$,4b68ab3847feda7d6c62c1fbcbeebfa35eab7351ed5e78f4ddadea5df64b8015,4b68ab3847feda7d6c62c1fbcbeebfa35eab7351ed5e78f4ddadea5df64b8015,"{""basis"":""ordered nested-math atom; exact symbolic replay"",""kind"":""source-target-formula-map""}"
1.1.0,formula,O007-FREMLIN-V2-S231-FORMULA-0366,O007-FREMLIN-V2-S231,O007-RIGHTS-FREMLIN-DSL,O007-FREMLIN-V2-S231-SEG-231YF,366,231Yf,231Yf,447,460,17466,17474,19161,19169,\Sigma,\Sigma,d65d75b1e6562713a3936bb38fdfe6832fb5b96c946de58f7ce0992057665aa8,d65d75b1e6562713a3936bb38fdfe6832fb5b96c946de58f7ce0992057665aa8,d65d75b1e6562713a3936bb38fdfe6832fb5b96c946de58f7ce0992057665aa8,$,d65d75b1e6562713a3936bb38fdfe6832fb5b96c946de58f7ce0992057665aa8,d65d75b1e6562713a3936bb38fdfe6832fb5b96c946de58f7ce0992057665aa8,"{""basis"":""ordered nested-math atom; exact symbolic replay"",""kind"":""source-target-formula-map""}"
1.1.0,formula,O007-FREMLIN-V2-S231-FORMULA-0367,O007-FREMLIN-V2-S231,O007-RIGHTS-FREMLIN-DSL,O007-FREMLIN-V2-S231-SEG-231YF,367,231Yf,231Yf,448,461,17501,17504,19202,19205,X,X,4b68ab3847feda7d6c62c1fbcbeebfa35eab7351ed5e78f4ddadea5df64b8015,4b68ab3847feda7d6c62c1fbcbeebfa35eab7351ed5e78f4ddadea5df64b8015,4b68ab3847feda7d6c62c1fbcbeebfa35eab7351ed5e78f4ddadea5df64b8015,$,4b68ab3847feda7d6c62c1fbcbeebfa35eab7351ed5e78f4ddadea5df64b8015,4b68ab3847feda7d6c62c1fbcbeebfa35eab7351ed5e78f4ddadea5df64b8015,"{""basis"":""ordered nested-math atom; exact symbolic replay"",""kind"":""source-target-formula-map""}"
1.1.0,formula,O007-FREMLIN-V2-S231-FORMULA-0368,O007-FREMLIN-V2-S231,O007-RIGHTS-FREMLIN-DSL,O007-FREMLIN-V2-S231-SEG-231YF,368,231Yf,231Yf,448,461,17510,17531,19211,19232,\nu:\Sigma\to\Bbb R,\nu:\Sigma\to\Bbb R,b48108d172ca16599f53e62e3a26b2f678ad0b97498708ad930a470e49a1fc9d,b48108d172ca16599f53e62e3a26b2f678ad0b97498708ad930a470e49a1fc9d,fd3f49f41aeaeaea1640d0a8aacc1603a64230ce064f656a71783ced0e17ca63,$,fd3f49f41aeaeaea1640d0a8aacc1603a64230ce064f656a71783ced0e17ca63,fd3f49f41aeaeaea1640d0a8aacc1603a64230ce064f656a71783ced0e17ca63,"{""basis"":""ordered nested-math atom; exact symbolic replay"",""kind"":""source-target-formula-map""}"
1.1.0,formula,O007-FREMLIN-V2-S231-FORMULA-0369,O007-FREMLIN-V2-S231,O007-RIGHTS-FREMLIN-DSL,O007-FREMLIN-V2-S231-SEG-231YF,369,231Yf,231Yf,449,462,17584,17596,19290,19302,E\in\Sigma,E\in\Sigma,afe4bbaaedba5158924d3a0bd77f0304472650e71de5aed22515cc3a0a8e1bd2,afe4bbaaedba5158924d3a0bd77f0304472650e71de5aed22515cc3a0a8e1bd2,afe4bbaaedba5158924d3a0bd77f0304472650e71de5aed22515cc3a0a8e1bd2,$,afe4bbaaedba5158924d3a0bd77f0304472650e71de5aed22515cc3a0a8e1bd2,afe4bbaaedba5158924d3a0bd77f0304472650e71de5aed22515cc3a0a8e1bd2,"{""basis"":""ordered nested-math atom; exact symbolic replay"",""kind"":""source-target-formula-map""}"
1.1.0,formula,O007-FREMLIN-V2-S231-FORMULA-0370,O007-FREMLIN-V2-S231,O007-RIGHTS-FREMLIN-DSL,O007-FREMLIN-V2-S231-SEG-231YF,370,231Yf,231Yf,451,464,17621,17682,19333,19394,"\nu_{ca}(E)=\inf\{\sup_{n\in\Bbb N}\nu 
F_n:\sequencen{F_n}","\nu_{ca}(E)=\inf\{\sup_{n\in\Bbb N}\nu 
F_n:\sequencen{F_n}",fe5dff4441b05e7539b75b6acdd7526310eb70213e029944bd80b185ecb0d42f,fe5dff4441b05e7539b75b6acdd7526310eb70213e029944bd80b185ecb0d42f,92d002c94e59bc30cdb8257cd40ae2be00664d90d1b61cd542f3c3060c61e1c0,$,92d002c94e59bc30cdb8257cd40ae2be00664d90d1b61cd542f3c3060c61e1c0,92d002c94e59bc30cdb8257cd40ae2be00664d90d1b61cd542f3c3060c61e1c0,"{""basis"":""ordered nested-math atom; exact symbolic replay"",""kind"":""source-target-formula-map""}"
1.1.0,formula,O007-FREMLIN-V2-S231-FORMULA-0371,O007-FREMLIN-V2-S231,O007-RIGHTS-FREMLIN-DSL,O007-FREMLIN-V2-S231-SEG-231YF,371,231Yf,231Yf,452,465,17715,17723,19431,19439,\Sigma,\Sigma,d65d75b1e6562713a3936bb38fdfe6832fb5b96c946de58f7ce0992057665aa8,d65d75b1e6562713a3936bb38fdfe6832fb5b96c946de58f7ce0992057665aa8,d65d75b1e6562713a3936bb38fdfe6832fb5b96c946de58f7ce0992057665aa8,$,d65d75b1e6562713a3936bb38fdfe6832fb5b96c946de58f7ce0992057665aa8,d65d75b1e6562713a3936bb38fdfe6832fb5b96c946de58f7ce0992057665aa8,"{""basis"":""ordered nested-math atom; exact symbolic replay"",""kind"":""source-target-formula-map""}"
1.1.0,formula,O007-FREMLIN-V2-S231-FORMULA-0372,O007-FREMLIN-V2-S231,O007-RIGHTS-FREMLIN-DSL,O007-FREMLIN-V2-S231-SEG-231YF,372,231Yf,231Yf,453,466,17736,17741,19457,19462,E\},E\},13055746432d20a86759d9e917e799fe9fb55ee8cc6ddb9e0a8645364a88b24e,13055746432d20a86759d9e917e799fe9fb55ee8cc6ddb9e0a8645364a88b24e,13055746432d20a86759d9e917e799fe9fb55ee8cc6ddb9e0a8645364a88b24e,$,13055746432d20a86759d9e917e799fe9fb55ee8cc6ddb9e0a8645364a88b24e,13055746432d20a86759d9e917e799fe9fb55ee8cc6ddb9e0a8645364a88b24e,"{""basis"":""ordered nested-math atom; exact symbolic replay"",""kind"":""source-target-formula-map""}"
1.1.0,formula,O007-FREMLIN-V2-S231-FORMULA-0373,O007-FREMLIN-V2-S231,O007-RIGHTS-FREMLIN-DSL,O007-FREMLIN-V2-S231-SEG-231YF,373,231Yf,231Yf,455,468,17772,17782,19499,19509,\nu_{ca},\nu_{ca},28c125e16ce484b0e5e62320ac93e19cfa09a7d088de6bb542177b3c946a4a29,28c125e16ce484b0e5e62320ac93e19cfa09a7d088de6bb542177b3c946a4a29,28c125e16ce484b0e5e62320ac93e19cfa09a7d088de6bb542177b3c946a4a29,$,28c125e16ce484b0e5e62320ac93e19cfa09a7d088de6bb542177b3c946a4a29,28c125e16ce484b0e5e62320ac93e19cfa09a7d088de6bb542177b3c946a4a29,"{""basis"":""ordered nested-math atom; exact symbolic replay"",""kind"":""source-target-formula-map""}"
1.1.0,formula,O007-FREMLIN-V2-S231-FORMULA-0374,O007-FREMLIN-V2-S231,O007-RIGHTS-FREMLIN-DSL,O007-FREMLIN-V2-S231-SEG-231YF,374,231Yf,231Yf,456,469,17822,17830,19551,19559,\Sigma,\Sigma,d65d75b1e6562713a3936bb38fdfe6832fb5b96c946de58f7ce0992057665aa8,d65d75b1e6562713a3936bb38fdfe6832fb5b96c946de58f7ce0992057665aa8,d65d75b1e6562713a3936bb38fdfe6832fb5b96c946de58f7ce0992057665aa8,$,d65d75b1e6562713a3936bb38fdfe6832fb5b96c946de58f7ce0992057665aa8,d65d75b1e6562713a3936bb38fdfe6832fb5b96c946de58f7ce0992057665aa8,"{""basis"":""ordered nested-math atom; exact symbolic replay"",""kind"":""source-target-formula-map""}"
1.1.0,formula,O007-FREMLIN-V2-S231-FORMULA-0375,O007-FREMLIN-V2-S231,O007-RIGHTS-FREMLIN-DSL,O007-FREMLIN-V2-S231-SEG-231YF,375,231Yf,231Yf,456,469,17843,17853,19576,19586,\nuprime,\nuprime,9c4df0a86ed6bc6f44426657b989d4494ef93f04f9836f3be3632bd5bc816228,9c4df0a86ed6bc6f44426657b989d4494ef93f04f9836f3be3632bd5bc816228,9c4df0a86ed6bc6f44426657b989d4494ef93f04f9836f3be3632bd5bc816228,$,9c4df0a86ed6bc6f44426657b989d4494ef93f04f9836f3be3632bd5bc816228,9c4df0a86ed6bc6f44426657b989d4494ef93f04f9836f3be3632bd5bc816228,"{""basis"":""ordered nested-math atom; exact symbolic replay"",""kind"":""source-target-formula-map""}"
1.1.0,formula,O007-FREMLIN-V2-S231-FORMULA-0376,O007-FREMLIN-V2-S231,O007-RIGHTS-FREMLIN-DSL,O007-FREMLIN-V2-S231-SEG-231YF,376,231Yf,231Yf,457,470,17897,17913,19640,19656,\nuprime\le\nu,\nuprime\le\nu,1dba96d7a57d466113592c38f6467df610f5fb961c903213e387b64e274c77d2,1dba96d7a57d466113592c38f6467df610f5fb961c903213e387b64e274c77d2,1dba96d7a57d466113592c38f6467df610f5fb961c903213e387b64e274c77d2,$,1dba96d7a57d466113592c38f6467df610f5fb961c903213e387b64e274c77d2,1dba96d7a57d466113592c38f6467df610f5fb961c903213e387b64e274c77d2,"{""basis"":""ordered nested-math atom; exact symbolic replay"",""kind"":""source-target-formula-map""}"
1.1.0,formula,O007-FREMLIN-V2-S231-FORMULA-0377,O007-FREMLIN-V2-S231,O007-RIGHTS-FREMLIN-DSL,O007-FREMLIN-V2-S231-SEG-231YF,377,231Yf,231Yf,457,471,17919,17940,19664,19685,\nuprime\le\nu_{ca},\nuprime\le\nu_{ca},428cb00bbb24a376a4b6b0dec58102413c20ae43c843878747d326da7beb4c74,428cb00bbb24a376a4b6b0dec58102413c20ae43c843878747d326da7beb4c74,428cb00bbb24a376a4b6b0dec58102413c20ae43c843878747d326da7beb4c74,$,428cb00bbb24a376a4b6b0dec58102413c20ae43c843878747d326da7beb4c74,428cb00bbb24a376a4b6b0dec58102413c20ae43c843878747d326da7beb4c74,"{""basis"":""ordered nested-math atom; exact symbolic replay"",""kind"":""source-target-formula-map""}"
1.1.0,formula,O007-FREMLIN-V2-S231-FORMULA-0378,O007-FREMLIN-V2-S231,O007-RIGHTS-FREMLIN-DSL,O007-FREMLIN-V2-S231-SEG-231YF,378,231Yf,231Yf,458,472,17955,17987,19706,19738,\nu_{ca}\wedge(\nu-\nu_{ca})=0,\nu_{ca}\wedge(\nu-\nu_{ca})=0,6f0d6b234d66961f2d901dad011bc505bf5cdad25d332ea8b67c0fee4020dde2,6f0d6b234d66961f2d901dad011bc505bf5cdad25d332ea8b67c0fee4020dde2,6f0d6b234d66961f2d901dad011bc505bf5cdad25d332ea8b67c0fee4020dde2,$,6f0d6b234d66961f2d901dad011bc505bf5cdad25d332ea8b67c0fee4020dde2,6f0d6b234d66961f2d901dad011bc505bf5cdad25d332ea8b67c0fee4020dde2,"{""basis"":""ordered nested-math atom; exact symbolic replay"",""kind"":""source-target-formula-map""}"
1.1.0,formula,O007-FREMLIN-V2-S231-FORMULA-0379,O007-FREMLIN-V2-S231,O007-RIGHTS-FREMLIN-DSL,O007-FREMLIN-V2-S231-SEG-231YG,379,231Yg,231Yg,460,474,18025,18028,19781,19784,X,X,4b68ab3847feda7d6c62c1fbcbeebfa35eab7351ed5e78f4ddadea5df64b8015,4b68ab3847feda7d6c62c1fbcbeebfa35eab7351ed5e78f4ddadea5df64b8015,4b68ab3847feda7d6c62c1fbcbeebfa35eab7351ed5e78f4ddadea5df64b8015,$,4b68ab3847feda7d6c62c1fbcbeebfa35eab7351ed5e78f4ddadea5df64b8015,4b68ab3847feda7d6c62c1fbcbeebfa35eab7351ed5e78f4ddadea5df64b8015,"{""basis"":""ordered nested-math atom; exact symbolic replay"",""kind"":""source-target-formula-map""}"
1.1.0,formula,O007-FREMLIN-V2-S231-FORMULA-0380,O007-FREMLIN-V2-S231,O007-RIGHTS-FREMLIN-DSL,O007-FREMLIN-V2-S231-SEG-231YG,380,231Yg,231Yg,460,474,18039,18047,19801,19809,\Sigma,\Sigma,d65d75b1e6562713a3936bb38fdfe6832fb5b96c946de58f7ce0992057665aa8,d65d75b1e6562713a3936bb38fdfe6832fb5b96c946de58f7ce0992057665aa8,d65d75b1e6562713a3936bb38fdfe6832fb5b96c946de58f7ce0992057665aa8,$,d65d75b1e6562713a3936bb38fdfe6832fb5b96c946de58f7ce0992057665aa8,d65d75b1e6562713a3936bb38fdfe6832fb5b96c946de58f7ce0992057665aa8,"{""basis"":""ordered nested-math atom; exact symbolic replay"",""kind"":""source-target-formula-map""}"
1.1.0,formula,O007-FREMLIN-V2-S231-FORMULA-0381,O007-FREMLIN-V2-S231,O007-RIGHTS-FREMLIN-DSL,O007-FREMLIN-V2-S231-SEG-231YG,381,231Yg,231Yg,461,475,18074,18077,19842,19845,X,X,4b68ab3847feda7d6c62c1fbcbeebfa35eab7351ed5e78f4ddadea5df64b8015,4b68ab3847feda7d6c62c1fbcbeebfa35eab7351ed5e78f4ddadea5df64b8015,4b68ab3847feda7d6c62c1fbcbeebfa35eab7351ed5e78f4ddadea5df64b8015,$,4b68ab3847feda7d6c62c1fbcbeebfa35eab7351ed5e78f4ddadea5df64b8015,4b68ab3847feda7d6c62c1fbcbeebfa35eab7351ed5e78f4ddadea5df64b8015,"{""basis"":""ordered nested-math atom; exact symbolic replay"",""kind"":""source-target-formula-map""}"
1.1.0,formula,O007-FREMLIN-V2-S231-FORMULA-0382,O007-FREMLIN-V2-S231,O007-RIGHTS-FREMLIN-DSL,O007-FREMLIN-V2-S231-SEG-231YG,382,231Yg,231Yg,461,475,18083,18104,19851,19872,\nu:\Sigma\to\Bbb R,\nu:\Sigma\to\Bbb R,b48108d172ca16599f53e62e3a26b2f678ad0b97498708ad930a470e49a1fc9d,b48108d172ca16599f53e62e3a26b2f678ad0b97498708ad930a470e49a1fc9d,fd3f49f41aeaeaea1640d0a8aacc1603a64230ce064f656a71783ced0e17ca63,$,fd3f49f41aeaeaea1640d0a8aacc1603a64230ce064f656a71783ced0e17ca63,fd3f49f41aeaeaea1640d0a8aacc1603a64230ce064f656a71783ced0e17ca63,"{""basis"":""ordered nested-math atom; exact symbolic replay"",""kind"":""source-target-formula-map""}"
1.1.0,formula,O007-FREMLIN-V2-S231-FORMULA-0383,O007-FREMLIN-V2-S231,O007-RIGHTS-FREMLIN-DSL,O007-FREMLIN-V2-S231-SEG-231YG,383,231Yg,231Yg,462,476,18158,18163,19938,19943,\nu,\nu,84eb2b123d1102b8f7c00b34116df32107cffa82d46efbac7fd9543fa7459c38,84eb2b123d1102b8f7c00b34116df32107cffa82d46efbac7fd9543fa7459c38,84eb2b123d1102b8f7c00b34116df32107cffa82d46efbac7fd9543fa7459c38,$,84eb2b123d1102b8f7c00b34116df32107cffa82d46efbac7fd9543fa7459c38,84eb2b123d1102b8f7c00b34116df32107cffa82d46efbac7fd9543fa7459c38,"{""basis"":""ordered nested-math atom; exact symbolic replay"",""kind"":""source-target-formula-map""}"
1.1.0,formula,O007-FREMLIN-V2-S231-FORMULA-0384,O007-FREMLIN-V2-S231,O007-RIGHTS-FREMLIN-DSL,O007-FREMLIN-V2-S231-SEG-231YG,384,231Yg,231Yg,463,477,18192,18212,19985,20005,\nu_{ca}+\nu_{pfa},\nu_{ca}+\nu_{pfa},c34b6822b3c5de190d823518f110171d5472d277333cfa4e70dd29bcb94a7d2a,c34b6822b3c5de190d823518f110171d5472d277333cfa4e70dd29bcb94a7d2a,c34b6822b3c5de190d823518f110171d5472d277333cfa4e70dd29bcb94a7d2a,$,c34b6822b3c5de190d823518f110171d5472d277333cfa4e70dd29bcb94a7d2a,c34b6822b3c5de190d823518f110171d5472d277333cfa4e70dd29bcb94a7d2a,"{""basis"":""ordered nested-math atom; exact symbolic replay"",""kind"":""source-target-formula-map""}"
1.1.0,formula,O007-FREMLIN-V2-S231-FORMULA-0385,O007-FREMLIN-V2-S231,O007-RIGHTS-FREMLIN-DSL,O007-FREMLIN-V2-S231-SEG-231YG,385,231Yg,231Yg,463,477,18220,18230,20014,20024,\nu_{ca},\nu_{ca},28c125e16ce484b0e5e62320ac93e19cfa09a7d088de6bb542177b3c946a4a29,28c125e16ce484b0e5e62320ac93e19cfa09a7d088de6bb542177b3c946a4a29,28c125e16ce484b0e5e62320ac93e19cfa09a7d088de6bb542177b3c946a4a29,$,28c125e16ce484b0e5e62320ac93e19cfa09a7d088de6bb542177b3c946a4a29,28c125e16ce484b0e5e62320ac93e19cfa09a7d088de6bb542177b3c946a4a29,"{""basis"":""ordered nested-math atom; exact symbolic replay"",""kind"":""source-target-formula-map""}"
1.1.0,formula,O007-FREMLIN-V2-S231-FORMULA-0386,O007-FREMLIN-V2-S231,O007-RIGHTS-FREMLIN-DSL,O007-FREMLIN-V2-S231-SEG-231YG,386,231Yg,231Yg,464,478,18255,18266,20044,20055,\nu_{pfa},\nu_{pfa},7e82df9423fa62f4b0397ad6e2efe6e3aaef8002e0a9e9e408dd36852f23066b,7e82df9423fa62f4b0397ad6e2efe6e3aaef8002e0a9e9e408dd36852f23066b,7e82df9423fa62f4b0397ad6e2efe6e3aaef8002e0a9e9e408dd36852f23066b,$,7e82df9423fa62f4b0397ad6e2efe6e3aaef8002e0a9e9e408dd36852f23066b,7e82df9423fa62f4b0397ad6e2efe6e3aaef8002e0a9e9e408dd36852f23066b,"{""basis"":""ordered nested-math atom; exact symbolic replay"",""kind"":""source-target-formula-map""}"
1.1.0,formula,O007-FREMLIN-V2-S231-FORMULA-0387,O007-FREMLIN-V2-S231,O007-RIGHTS-FREMLIN-DSL,O007-FREMLIN-V2-S231-SEG-231YG,387,231Yg,231Yg,465,479,18296,18324,20081,20109,0\le\nuprime\le|\nu_{pfa}|,0\le\nuprime\le|\nu_{pfa}|,2e83c9d10d6b03529e8f78b67407420ab098140c6edcd4b6b722fc21f90abec7,2e83c9d10d6b03529e8f78b67407420ab098140c6edcd4b6b722fc21f90abec7,2e83c9d10d6b03529e8f78b67407420ab098140c6edcd4b6b722fc21f90abec7,$,2e83c9d10d6b03529e8f78b67407420ab098140c6edcd4b6b722fc21f90abec7,2e83c9d10d6b03529e8f78b67407420ab098140c6edcd4b6b722fc21f90abec7,"{""basis"":""ordered nested-math atom; exact symbolic replay"",""kind"":""source-target-formula-map""}"
1.1.0,formula,O007-FREMLIN-V2-S231-FORMULA-0388,O007-FREMLIN-V2-S231,O007-RIGHTS-FREMLIN-DSL,O007-FREMLIN-V2-S231-SEG-231YG,388,231Yg,231Yg,465,479,18329,18339,20116,20126,\nuprime,\nuprime,9c4df0a86ed6bc6f44426657b989d4494ef93f04f9836f3be3632bd5bc816228,9c4df0a86ed6bc6f44426657b989d4494ef93f04f9836f3be3632bd5bc816228,9c4df0a86ed6bc6f44426657b989d4494ef93f04f9836f3be3632bd5bc816228,$,9c4df0a86ed6bc6f44426657b989d4494ef93f04f9836f3be3632bd5bc816228,9c4df0a86ed6bc6f44426657b989d4494ef93f04f9836f3be3632bd5bc816228,"{""basis"":""ordered nested-math atom; exact symbolic replay"",""kind"":""source-target-formula-map""}"
1.1.0,formula,O007-FREMLIN-V2-S231-FORMULA-0389,O007-FREMLIN-V2-S231,O007-RIGHTS-FREMLIN-DSL,O007-FREMLIN-V2-S231-SEG-231YG,389,231Yg,231Yg,466,480,18368,18380,20151,20163,\nuprime=0,\nuprime=0,d6c3cf12f97c4711d61c4b6ec69ee2cff5a12fdc3dd26913515eee505dea52d4,d6c3cf12f97c4711d61c4b6ec69ee2cff5a12fdc3dd26913515eee505dea52d4,d6c3cf12f97c4711d61c4b6ec69ee2cff5a12fdc3dd26913515eee505dea52d4,$,d6c3cf12f97c4711d61c4b6ec69ee2cff5a12fdc3dd26913515eee505dea52d4,d6c3cf12f97c4711d61c4b6ec69ee2cff5a12fdc3dd26913515eee505dea52d4,"{""basis"":""ordered nested-math atom; exact symbolic replay"",""kind"":""source-target-formula-map""}"
1.1.0,formula,O007-FREMLIN-V2-S231-FORMULA-0390,O007-FREMLIN-V2-S231,O007-RIGHTS-FREMLIN-DSL,O007-FREMLIN-V2-S231-SEG-231YH,390,231Yh,231Yh,468,482,18418,18421,20206,20209,X,X,4b68ab3847feda7d6c62c1fbcbeebfa35eab7351ed5e78f4ddadea5df64b8015,4b68ab3847feda7d6c62c1fbcbeebfa35eab7351ed5e78f4ddadea5df64b8015,4b68ab3847feda7d6c62c1fbcbeebfa35eab7351ed5e78f4ddadea5df64b8015,$,4b68ab3847feda7d6c62c1fbcbeebfa35eab7351ed5e78f4ddadea5df64b8015,4b68ab3847feda7d6c62c1fbcbeebfa35eab7351ed5e78f4ddadea5df64b8015,"{""basis"":""ordered nested-math atom; exact symbolic replay"",""kind"":""source-target-formula-map""}"
1.1.0,formula,O007-FREMLIN-V2-S231-FORMULA-0391,O007-FREMLIN-V2-S231,O007-RIGHTS-FREMLIN-DSL,O007-FREMLIN-V2-S231-SEG-231YH,391,231Yh,231Yh,468,482,18435,18443,20229,20237,\Sigma,\Sigma,d65d75b1e6562713a3936bb38fdfe6832fb5b96c946de58f7ce0992057665aa8,d65d75b1e6562713a3936bb38fdfe6832fb5b96c946de58f7ce0992057665aa8,d65d75b1e6562713a3936bb38fdfe6832fb5b96c946de58f7ce0992057665aa8,$,d65d75b1e6562713a3936bb38fdfe6832fb5b96c946de58f7ce0992057665aa8,d65d75b1e6562713a3936bb38fdfe6832fb5b96c946de58f7ce0992057665aa8,"{""basis"":""ordered nested-math atom; exact symbolic replay"",""kind"":""source-target-formula-map""}"
1.1.0,formula,O007-FREMLIN-V2-S231-FORMULA-0392,O007-FREMLIN-V2-S231,O007-RIGHTS-FREMLIN-DSL,O007-FREMLIN-V2-S231-SEG-231YH,392,231Yh,231Yh,469,483,18470,18473,20270,20273,X,X,4b68ab3847feda7d6c62c1fbcbeebfa35eab7351ed5e78f4ddadea5df64b8015,4b68ab3847feda7d6c62c1fbcbeebfa35eab7351ed5e78f4ddadea5df64b8015,4b68ab3847feda7d6c62c1fbcbeebfa35eab7351ed5e78f4ddadea5df64b8015,$,4b68ab3847feda7d6c62c1fbcbeebfa35eab7351ed5e78f4ddadea5df64b8015,4b68ab3847feda7d6c62c1fbcbeebfa35eab7351ed5e78f4ddadea5df64b8015,"{""basis"":""ordered nested-math atom; exact symbolic replay"",""kind"":""source-target-formula-map""}"
1.1.0,formula,O007-FREMLIN-V2-S231-FORMULA-0393,O007-FREMLIN-V2-S231,O007-RIGHTS-FREMLIN-DSL,O007-FREMLIN-V2-S231-SEG-231YH,393,231Yh,231Yh,469,483,18481,18484,20286,20289,M,M,08f271887ce94707da822d5263bae19d5519cb3614e0daedc4c7ce5dab7473f1,08f271887ce94707da822d5263bae19d5519cb3614e0daedc4c7ce5dab7473f1,08f271887ce94707da822d5263bae19d5519cb3614e0daedc4c7ce5dab7473f1,$,08f271887ce94707da822d5263bae19d5519cb3614e0daedc4c7ce5dab7473f1,08f271887ce94707da822d5263bae19d5519cb3614e0daedc4c7ce5dab7473f1,"{""basis"":""ordered nested-math atom; exact symbolic replay"",""kind"":""source-target-formula-map""}"
1.1.0,formula,O007-FREMLIN-V2-S231-FORMULA-0394,O007-FREMLIN-V2-S231,O007-RIGHTS-FREMLIN-DSL,O007-FREMLIN-V2-S231-SEG-231YH,394,231Yh,231Yh,470,484,18550,18558,20371,20379,\Sigma,\Sigma,d65d75b1e6562713a3936bb38fdfe6832fb5b96c946de58f7ce0992057665aa8,d65d75b1e6562713a3936bb38fdfe6832fb5b96c946de58f7ce0992057665aa8,d65d75b1e6562713a3936bb38fdfe6832fb5b96c946de58f7ce0992057665aa8,$,d65d75b1e6562713a3936bb38fdfe6832fb5b96c946de58f7ce0992057665aa8,d65d75b1e6562713a3936bb38fdfe6832fb5b96c946de58f7ce0992057665aa8,"{""basis"":""ordered nested-math atom; exact symbolic replay"",""kind"":""source-target-formula-map""}"
1.1.0,formula,O007-FREMLIN-V2-S231-FORMULA-0395,O007-FREMLIN-V2-S231,O007-RIGHTS-FREMLIN-DSL,O007-FREMLIN-V2-S231-SEG-231YH,395,231Yh,231Yh,470,485,18568,18578,20392,20402,\nu\in M,\nu\in M,4f85fedaad133f8d8e2d76d016921fc506126e7a9f2452973bed9825baf36e6b,4f85fedaad133f8d8e2d76d016921fc506126e7a9f2452973bed9825baf36e6b,387bd68b5e9a24a43939821e03effeba8674d38284c4fc663e8653d6b0df2559,$,387bd68b5e9a24a43939821e03effeba8674d38284c4fc663e8653d6b0df2559,387bd68b5e9a24a43939821e03effeba8674d38284c4fc663e8653d6b0df2559,"{""basis"":""ordered nested-math atom; exact symbolic replay"",""kind"":""source-target-formula-map""}"
1.1.0,formula,O007-FREMLIN-V2-S231-FORMULA-0396,O007-FREMLIN-V2-S231,O007-RIGHTS-FREMLIN-DSL,O007-FREMLIN-V2-S231-SEG-231YH,396,231Yh,231Yh,471,485,18584,18602,20413,20431,\|\nu\|=|\nu|(X),\|\nu\|=|\nu|(X),7c753431b0422e0790277e95d6a26c42b4aa21b4e915d4f7e20604b090ba47e4,7c753431b0422e0790277e95d6a26c42b4aa21b4e915d4f7e20604b090ba47e4,7c753431b0422e0790277e95d6a26c42b4aa21b4e915d4f7e20604b090ba47e4,$,7c753431b0422e0790277e95d6a26c42b4aa21b4e915d4f7e20604b090ba47e4,7c753431b0422e0790277e95d6a26c42b4aa21b4e915d4f7e20604b090ba47e4,"{""basis"":""ordered nested-math atom; exact symbolic replay"",""kind"":""source-target-formula-map""}"
1.1.0,formula,O007-FREMLIN-V2-S231-FORMULA-0397,O007-FREMLIN-V2-S231,O007-RIGHTS-FREMLIN-DSL,O007-FREMLIN-V2-S231-SEG-231YH,397,231Yh,231Yh,471,485,18613,18620,20455,20462,|\nu|,|\nu|,472eafb5f576f64f95674e56fd71157f5ba114e4bc57c33b7b8b0bf9ad42e488,472eafb5f576f64f95674e56fd71157f5ba114e4bc57c33b7b8b0bf9ad42e488,472eafb5f576f64f95674e56fd71157f5ba114e4bc57c33b7b8b0bf9ad42e488,$,472eafb5f576f64f95674e56fd71157f5ba114e4bc57c33b7b8b0bf9ad42e488,472eafb5f576f64f95674e56fd71157f5ba114e4bc57c33b7b8b0bf9ad42e488,"{""basis"":""ordered nested-math atom; exact symbolic replay"",""kind"":""source-target-formula-map""}"
1.1.0,formula,O007-FREMLIN-V2-S231-FORMULA-0398,O007-FREMLIN-V2-S231,O007-RIGHTS-FREMLIN-DSL,O007-FREMLIN-V2-S231-SEG-231YH,398,231Yh,231Yh,471,486,18637,18646,20488,20497,\|\nu\|,\|\nu\|,be6a116a1f43747b983f2e920e69847d2ea50281d7a91deb6080d3b7a650dba5,be6a116a1f43747b983f2e920e69847d2ea50281d7a91deb6080d3b7a650dba5,be6a116a1f43747b983f2e920e69847d2ea50281d7a91deb6080d3b7a650dba5,$,be6a116a1f43747b983f2e920e69847d2ea50281d7a91deb6080d3b7a650dba5,be6a116a1f43747b983f2e920e69847d2ea50281d7a91deb6080d3b7a650dba5,"{""basis"":""ordered nested-math atom; exact symbolic replay"",""kind"":""source-target-formula-map""}"
1.1.0,formula,O007-FREMLIN-V2-S231-FORMULA-0399,O007-FREMLIN-V2-S231,O007-RIGHTS-FREMLIN-DSL,O007-FREMLIN-V2-S231-SEG-231YH,399,231Yh,231Yh,472,486,18680,18685,20530,20535,\nu,\nu,84eb2b123d1102b8f7c00b34116df32107cffa82d46efbac7fd9543fa7459c38,84eb2b123d1102b8f7c00b34116df32107cffa82d46efbac7fd9543fa7459c38,84eb2b123d1102b8f7c00b34116df32107cffa82d46efbac7fd9543fa7459c38,$,84eb2b123d1102b8f7c00b34116df32107cffa82d46efbac7fd9543fa7459c38,84eb2b123d1102b8f7c00b34116df32107cffa82d46efbac7fd9543fa7459c38,"{""basis"":""ordered nested-math atom; exact symbolic replay"",""kind"":""source-target-formula-map""}"
1.1.0,formula,O007-FREMLIN-V2-S231-FORMULA-0400,O007-FREMLIN-V2-S231,O007-RIGHTS-FREMLIN-DSL,O007-FREMLIN-V2-S231-SEG-231YH,400,231Yh,231Yh,472,487,18700,18708,20555,20563,"\|\,\|","\|\,\|",192e0027eb55382d5b85f27db6cf6d7af015b9871f97cf87fda68887b60e7f7c,192e0027eb55382d5b85f27db6cf6d7af015b9871f97cf87fda68887b60e7f7c,192e0027eb55382d5b85f27db6cf6d7af015b9871f97cf87fda68887b60e7f7c,$,192e0027eb55382d5b85f27db6cf6d7af015b9871f97cf87fda68887b60e7f7c,192e0027eb55382d5b85f27db6cf6d7af015b9871f97cf87fda68887b60e7f7c,"{""basis"":""ordered nested-math atom; exact symbolic replay"",""kind"":""source-target-formula-map""}"
1.1.0,formula,O007-FREMLIN-V2-S231-FORMULA-0401,O007-FREMLIN-V2-S231,O007-RIGHTS-FREMLIN-DSL,O007-FREMLIN-V2-S231-SEG-231YH,401,231Yh,231Yh,473,487,18723,18726,20588,20591,M,M,08f271887ce94707da822d5263bae19d5519cb3614e0daedc4c7ce5dab7473f1,08f271887ce94707da822d5263bae19d5519cb3614e0daedc4c7ce5dab7473f1,08f271887ce94707da822d5263bae19d5519cb3614e0daedc4c7ce5dab7473f1,$,08f271887ce94707da822d5263bae19d5519cb3614e0daedc4c7ce5dab7473f1,08f271887ce94707da822d5263bae19d5519cb3614e0daedc4c7ce5dab7473f1,"{""basis"":""ordered nested-math atom; exact symbolic replay"",""kind"":""source-target-formula-map""}"
1.1.0,formula,O007-FREMLIN-V2-S231-FORMULA-0402,O007-FREMLIN-V2-S231,O007-RIGHTS-FREMLIN-DSL,O007-FREMLIN-V2-S231-SEG-231YH,402,231Yh,231Yh,474,488,18740,18743,20609,20612,M,M,08f271887ce94707da822d5263bae19d5519cb3614e0daedc4c7ce5dab7473f1,08f271887ce94707da822d5263bae19d5519cb3614e0daedc4c7ce5dab7473f1,08f271887ce94707da822d5263bae19d5519cb3614e0daedc4c7ce5dab7473f1,$,08f271887ce94707da822d5263bae19d5519cb3614e0daedc4c7ce5dab7473f1,08f271887ce94707da822d5263bae19d5519cb3614e0daedc4c7ce5dab7473f1,"{""basis"":""ordered nested-math atom; exact symbolic replay"",""kind"":""source-target-formula-map""}"
1.1.0,formula,O007-FREMLIN-V2-S231-FORMULA-0403,O007-FREMLIN-V2-S231,O007-RIGHTS-FREMLIN-DSL,O007-FREMLIN-V2-S231-SEG-231YH,403,231Yh,231Yh,475,489,18831,18839,20716,20724,\Sigma,\Sigma,d65d75b1e6562713a3936bb38fdfe6832fb5b96c946de58f7ce0992057665aa8,d65d75b1e6562713a3936bb38fdfe6832fb5b96c946de58f7ce0992057665aa8,d65d75b1e6562713a3936bb38fdfe6832fb5b96c946de58f7ce0992057665aa8,$,d65d75b1e6562713a3936bb38fdfe6832fb5b96c946de58f7ce0992057665aa8,d65d75b1e6562713a3936bb38fdfe6832fb5b96c946de58f7ce0992057665aa8,"{""basis"":""ordered nested-math atom; exact symbolic replay"",""kind"":""source-target-formula-map""}"
1.1.0,formula,O007-FREMLIN-V2-S231-FORMULA-0404,O007-FREMLIN-V2-S231,O007-RIGHTS-FREMLIN-DSL,O007-FREMLIN-V2-S231-SEG-231YH,404,231Yh,231Yh,475,490,18871,18874,20763,20766,M,M,08f271887ce94707da822d5263bae19d5519cb3614e0daedc4c7ce5dab7473f1,08f271887ce94707da822d5263bae19d5519cb3614e0daedc4c7ce5dab7473f1,08f271887ce94707da822d5263bae19d5519cb3614e0daedc4c7ce5dab7473f1,$,08f271887ce94707da822d5263bae19d5519cb3614e0daedc4c7ce5dab7473f1,08f271887ce94707da822d5263bae19d5519cb3614e0daedc4c7ce5dab7473f1,"{""basis"":""ordered nested-math atom; exact symbolic replay"",""kind"":""source-target-formula-map""}"
1.1.0,formula,O007-FREMLIN-V2-S231-FORMULA-0405,O007-FREMLIN-V2-S231,O007-RIGHTS-FREMLIN-DSL,O007-FREMLIN-V2-S231-SEG-231,405,231,231,489,523,19570,19578,22382,22382,\sigma,,9c3245dfb4ac54c1623a60e7b8d1fc07cb02eae1229435230c7dab5e71083a26,e3b0c44298fc1c149afbf4c8996fb92427ae41e4649b934ca495991b7852b855,9c3245dfb4ac54c1623a60e7b8d1fc07cb02eae1229435230c7dab5e71083a26,$,9c3245dfb4ac54c1623a60e7b8d1fc07cb02eae1229435230c7dab5e71083a26,e3b0c44298fc1c149afbf4c8996fb92427ae41e4649b934ca495991b7852b855,"{""basis"":""source lexical math atom localized losslessly as Indonesian prose outside math"",""kind"":""source-target-formula-map""}"
