schema_version,record_type,id,unit_id,rights_id,segment_id,order,source_anchor,target_anchor,source_line_start,target_line_start,source_char_start,source_char_end,target_char_start,target_char_end,source_raw_tex,target_raw_tex,source_raw_tex_sha256,target_raw_tex_sha256,normalized_symbolic_sha256,math_delimiter,correction_ids,source_normalized_sha256,target_normalized_sha256,provenance
1.1.0,formula,O007-FREMLIN-V2-S244-FORMULA-0001,O007-FREMLIN-V2-S244,O007-RIGHTS-FREMLIN-DSL,O007-FREMLIN-V2-S244-SEG-244-INTRO,1,244-intro,244-intro,6,6,117,124,114,121,L^{p},L^{p},14a5ad05467670de350d8a263ea5ffc855788ddc0c0b49e95d29e2bf288f3038,14a5ad05467670de350d8a263ea5ffc855788ddc0c0b49e95d29e2bf288f3038,14a5ad05467670de350d8a263ea5ffc855788ddc0c0b49e95d29e2bf288f3038,$,,14a5ad05467670de350d8a263ea5ffc855788ddc0c0b49e95d29e2bf288f3038,14a5ad05467670de350d8a263ea5ffc855788ddc0c0b49e95d29e2bf288f3038,"{""basis"":""ordered nested-math atom; exact symbolic replay"",""kind"":""source-target-formula-map""}"
1.1.0,formula,O007-FREMLIN-V2-S244-FORMULA-0002,O007-FREMLIN-V2-S244,O007-RIGHTS-FREMLIN-DSL,O007-FREMLIN-V2-S244-SEG-244-INTRO,2,244-intro,244-intro,11,11,217,222,231,236,L^p,L^p,0de1bee007df208a54c85a6cf3aa6c06e2a922620965a43478a0496c27e05aa0,0de1bee007df208a54c85a6cf3aa6c06e2a922620965a43478a0496c27e05aa0,0de1bee007df208a54c85a6cf3aa6c06e2a922620965a43478a0496c27e05aa0,$,,0de1bee007df208a54c85a6cf3aa6c06e2a922620965a43478a0496c27e05aa0,0de1bee007df208a54c85a6cf3aa6c06e2a922620965a43478a0496c27e05aa0,"{""basis"":""ordered nested-math atom; exact symbolic replay"",""kind"":""source-target-formula-map""}"
1.1.0,formula,O007-FREMLIN-V2-S244-FORMULA-0003,O007-FREMLIN-V2-S244,O007-RIGHTS-FREMLIN-DSL,O007-FREMLIN-V2-S244-SEG-244-INTRO,3,244-intro,244-intro,11,11,234,246,243,255,1<p<\infty,1<p<\infty,46117291b662ee256185399ebb21bd380a4cb663e490557c25b6b50563214ea3,46117291b662ee256185399ebb21bd380a4cb663e490557c25b6b50563214ea3,46117291b662ee256185399ebb21bd380a4cb663e490557c25b6b50563214ea3,$,,46117291b662ee256185399ebb21bd380a4cb663e490557c25b6b50563214ea3,46117291b662ee256185399ebb21bd380a4cb663e490557c25b6b50563214ea3,"{""basis"":""ordered nested-math atom; exact symbolic replay"",""kind"":""source-target-formula-map""}"
1.1.0,formula,O007-FREMLIN-V2-S244-FORMULA-0004,O007-FREMLIN-V2-S244,O007-RIGHTS-FREMLIN-DSL,O007-FREMLIN-V2-S244-SEG-244-INTRO,4,244-intro,244-intro,11,11,259,264,263,268,p=2,p=2,b6bef5b89bc9e76e38c24d53afda7bb84a00147509248d1756b47e41078a3205,b6bef5b89bc9e76e38c24d53afda7bb84a00147509248d1756b47e41078a3205,b6bef5b89bc9e76e38c24d53afda7bb84a00147509248d1756b47e41078a3205,$,,b6bef5b89bc9e76e38c24d53afda7bb84a00147509248d1756b47e41078a3205,b6bef5b89bc9e76e38c24d53afda7bb84a00147509248d1756b47e41078a3205,"{""basis"":""ordered nested-math atom; exact symbolic replay"",""kind"":""source-target-formula-map""}"
1.1.0,formula,O007-FREMLIN-V2-S244-FORMULA-0005,O007-FREMLIN-V2-S244,O007-RIGHTS-FREMLIN-DSL,O007-FREMLIN-V2-S244-SEG-244A,5,244A,244A,18,19,576,592,603,619,"(X,\Sigma,\mu)","(X,\Sigma,\mu)",05e9b769403b4c7926a944d5aaa03f00bb216412bc3f850e41b3c28de657aa67,05e9b769403b4c7926a944d5aaa03f00bb216412bc3f850e41b3c28de657aa67,05e9b769403b4c7926a944d5aaa03f00bb216412bc3f850e41b3c28de657aa67,$,,05e9b769403b4c7926a944d5aaa03f00bb216412bc3f850e41b3c28de657aa67,05e9b769403b4c7926a944d5aaa03f00bb216412bc3f850e41b3c28de657aa67,"{""basis"":""ordered nested-math atom; exact symbolic replay"",""kind"":""source-target-formula-map""}"
1.1.0,formula,O007-FREMLIN-V2-S244-FORMULA-0006,O007-FREMLIN-V2-S244,O007-RIGHTS-FREMLIN-DSL,O007-FREMLIN-V2-S244-SEG-244A,6,244A,244A,18,20,619,641,645,667,"p\in\ooint{1,\infty}","p\in\ooint{1,\infty}",b26ec130e99a291da75f46354a0a86a5b604537ec8e83ade5c90b74f8a59770e,b26ec130e99a291da75f46354a0a86a5b604537ec8e83ade5c90b74f8a59770e,b26ec130e99a291da75f46354a0a86a5b604537ec8e83ade5c90b74f8a59770e,$,,b26ec130e99a291da75f46354a0a86a5b604537ec8e83ade5c90b74f8a59770e,b26ec130e99a291da75f46354a0a86a5b604537ec8e83ade5c90b74f8a59770e,"{""basis"":""ordered nested-math atom; exact symbolic replay"",""kind"":""source-target-formula-map""}"
1.1.0,formula,O007-FREMLIN-V2-S244-FORMULA-0007,O007-FREMLIN-V2-S244,O007-RIGHTS-FREMLIN-DSL,O007-FREMLIN-V2-S244-SEG-244A,7,244A,244A,19,20,649,675,678,704,\eusm L^p=\eusm L^p(\mu),\eusm L^p=\eusm L^p(\mu),6630d0011fd758999c186ea4f7291020d178d4642a7c1fa8506e059df3696e23,6630d0011fd758999c186ea4f7291020d178d4642a7c1fa8506e059df3696e23,8f240e6d3518a726731018b8eb52f63a663ac83c5beb60ba72d5ac9c692c1d85,$,,8f240e6d3518a726731018b8eb52f63a663ac83c5beb60ba72d5ac9c692c1d85,8f240e6d3518a726731018b8eb52f63a663ac83c5beb60ba72d5ac9c692c1d85,"{""basis"":""ordered nested-math atom; exact symbolic replay"",""kind"":""source-target-formula-map""}"
1.1.0,formula,O007-FREMLIN-V2-S244-FORMULA-0008,O007-FREMLIN-V2-S244,O007-RIGHTS-FREMLIN-DSL,O007-FREMLIN-V2-S244-SEG-244A,8,244A,244A,20,21,701,731,727,757,f\in\eusm L^0=\eusm L^0(\mu),f\in\eusm L^0=\eusm L^0(\mu),6235c32a1d0e68b74c6be9a9777096c3b118b0b46822be231daf41934bdf4147,6235c32a1d0e68b74c6be9a9777096c3b118b0b46822be231daf41934bdf4147,079eb06621e8e32646ae8271a9d4760fa2d157c664434514e6e032e7d68d272e,$,,079eb06621e8e32646ae8271a9d4760fa2d157c664434514e6e032e7d68d272e,079eb06621e8e32646ae8271a9d4760fa2d157c664434514e6e032e7d68d272e,"{""basis"":""ordered nested-math atom; exact symbolic replay"",""kind"":""source-target-formula-map""}"
1.1.0,formula,O007-FREMLIN-V2-S244-FORMULA-0009,O007-FREMLIN-V2-S244,O007-RIGHTS-FREMLIN-DSL,O007-FREMLIN-V2-S244-SEG-244A,9,244A,244A,20,22,742,749,778,785,|f|^p,|f|^p,3d59fd7edaec546fdafc1f694f53ed1ac692a534b4a2413b2e21ce6e595ddb83,3d59fd7edaec546fdafc1f694f53ed1ac692a534b4a2413b2e21ce6e595ddb83,3d59fd7edaec546fdafc1f694f53ed1ac692a534b4a2413b2e21ce6e595ddb83,$,,3d59fd7edaec546fdafc1f694f53ed1ac692a534b4a2413b2e21ce6e595ddb83,3d59fd7edaec546fdafc1f694f53ed1ac692a534b4a2413b2e21ce6e595ddb83,"{""basis"":""ordered nested-math atom; exact symbolic replay"",""kind"":""source-target-formula-map""}"
1.1.0,formula,O007-FREMLIN-V2-S244-FORMULA-0010,O007-FREMLIN-V2-S244,O007-RIGHTS-FREMLIN-DSL,O007-FREMLIN-V2-S244-SEG-244A,10,244A,244A,21,22,769,783,806,820,L^p=L^p(\mu),L^p=L^p(\mu),1ea982c00e9dad7ac8855a329033f766d411984c96df15f7be848c4de3e4f193,1ea982c00e9dad7ac8855a329033f766d411984c96df15f7be848c4de3e4f193,1ea982c00e9dad7ac8855a329033f766d411984c96df15f7be848c4de3e4f193,$,,1ea982c00e9dad7ac8855a329033f766d411984c96df15f7be848c4de3e4f193,1ea982c00e9dad7ac8855a329033f766d411984c96df15f7be848c4de3e4f193,"{""basis"":""ordered nested-math atom; exact symbolic replay"",""kind"":""source-target-formula-map""}"
1.1.0,formula,O007-FREMLIN-V2-S244-FORMULA-0011,O007-FREMLIN-V2-S244,O007-RIGHTS-FREMLIN-DSL,O007-FREMLIN-V2-S244-SEG-244A,11,244A,244A,22,23,788,843,827,882,\{f^{\ssbullet}:f\in\eusm L^p\}\subseteq L^0=L^0(\mu),\{f^{\ssbullet}:f\in\eusm L^p\}\subseteq L^0=L^0(\mu),8ac32f91f4a44c59b2f0c9ae10640043898947a4f6412f48c64ff123ece01da6,8ac32f91f4a44c59b2f0c9ae10640043898947a4f6412f48c64ff123ece01da6,9683f8c3ed28d07d81543b40de053d1be47c1772a989006c982b3aaf02ceb487,$,,9683f8c3ed28d07d81543b40de053d1be47c1772a989006c982b3aaf02ceb487,9683f8c3ed28d07d81543b40de053d1be47c1772a989006c982b3aaf02ceb487,"{""basis"":""ordered nested-math atom; exact symbolic replay"",""kind"":""source-target-formula-map""}"
1.1.0,formula,O007-FREMLIN-V2-S244-FORMULA-0012,O007-FREMLIN-V2-S244,O007-RIGHTS-FREMLIN-DSL,O007-FREMLIN-V2-S244-SEG-244A,12,244A,244A,24,25,866,881,914,929,f\in\eusm L^p,f\in\eusm L^p,3e7f6d60c2e44edcbf6d30822f4d7ea0a718edd1edcf7fd8077c0ab53cd55791,3e7f6d60c2e44edcbf6d30822f4d7ea0a718edd1edcf7fd8077c0ab53cd55791,7833071826170ae2087a6c03ab8437e0aa3edba5b705fb456eebf342fd043404,$,,7833071826170ae2087a6c03ab8437e0aa3edba5b705fb456eebf342fd043404,7833071826170ae2087a6c03ab8437e0aa3edba5b705fb456eebf342fd043404,"{""basis"":""ordered nested-math atom; exact symbolic replay"",""kind"":""source-target-formula-map""}"
1.1.0,formula,O007-FREMLIN-V2-S244-FORMULA-0013,O007-FREMLIN-V2-S244,O007-RIGHTS-FREMLIN-DSL,O007-FREMLIN-V2-S244-SEG-244A,13,244A,244A,24,25,883,898,931,946,g\in\eusm L^0,g\in\eusm L^0,ca4d2434fa769eeec35d32850aaacb6dd01821ae84167bdf03fa203de40bf8f1,ca4d2434fa769eeec35d32850aaacb6dd01821ae84167bdf03fa203de40bf8f1,d831139421b5d479221e5b0f06e80687e70b8ff9c8b25f61cf4ad5a952254fa0,$,,d831139421b5d479221e5b0f06e80687e70b8ff9c8b25f61cf4ad5a952254fa0,d831139421b5d479221e5b0f06e80687e70b8ff9c8b25f61cf4ad5a952254fa0,"{""basis"":""ordered nested-math atom; exact symbolic replay"",""kind"":""source-target-formula-map""}"
1.1.0,formula,O007-FREMLIN-V2-S244-FORMULA-0014,O007-FREMLIN-V2-S244,O007-RIGHTS-FREMLIN-DSL,O007-FREMLIN-V2-S244-SEG-244A,14,244A,244A,24,26,903,912,951,960,f\eae g,f\eae g,ae240d11c6286a4c8ba6fdb0ab6d57571c1af19711620fc7204e23974c77e68a,ae240d11c6286a4c8ba6fdb0ab6d57571c1af19711620fc7204e23974c77e68a,d1ab5c14fd4da4667f623a650c14e1f6c15f4ef3df1b2208dc8214a27eabb6d3,$,,d1ab5c14fd4da4667f623a650c14e1f6c15f4ef3df1b2208dc8214a27eabb6d3,d1ab5c14fd4da4667f623a650c14e1f6c15f4ef3df1b2208dc8214a27eabb6d3,"{""basis"":""ordered nested-math atom; exact symbolic replay"",""kind"":""source-target-formula-map""}"
1.1.0,formula,O007-FREMLIN-V2-S244-FORMULA-0015,O007-FREMLIN-V2-S244,O007-RIGHTS-FREMLIN-DSL,O007-FREMLIN-V2-S244-SEG-244A,15,244A,244A,25,26,919,935,967,983,|f|^p\eae|g|^p,|f|^p\eae|g|^p,16fccbbaeea4a134c4d30112b544edfa4945da5bbd78386c54a4829c258d47b4,16fccbbaeea4a134c4d30112b544edfa4945da5bbd78386c54a4829c258d47b4,16fccbbaeea4a134c4d30112b544edfa4945da5bbd78386c54a4829c258d47b4,$,,16fccbbaeea4a134c4d30112b544edfa4945da5bbd78386c54a4829c258d47b4,16fccbbaeea4a134c4d30112b544edfa4945da5bbd78386c54a4829c258d47b4,"{""basis"":""ordered nested-math atom; exact symbolic replay"",""kind"":""source-target-formula-map""}"
1.1.0,formula,O007-FREMLIN-V2-S244-FORMULA-0016,O007-FREMLIN-V2-S244,O007-RIGHTS-FREMLIN-DSL,O007-FREMLIN-V2-S244-SEG-244A,16,244A,244A,25,26,939,946,994,1001,|g|^p,|g|^p,b2045a70ff0f6a9e833653737c60f3eec8142761e372b7d8cc098616706cf525,b2045a70ff0f6a9e833653737c60f3eec8142761e372b7d8cc098616706cf525,b2045a70ff0f6a9e833653737c60f3eec8142761e372b7d8cc098616706cf525,$,,b2045a70ff0f6a9e833653737c60f3eec8142761e372b7d8cc098616706cf525,b2045a70ff0f6a9e833653737c60f3eec8142761e372b7d8cc098616706cf525,"{""basis"":""ordered nested-math atom; exact symbolic replay"",""kind"":""source-target-formula-map""}"
1.1.0,formula,O007-FREMLIN-V2-S244-FORMULA-0017,O007-FREMLIN-V2-S244,O007-RIGHTS-FREMLIN-DSL,O007-FREMLIN-V2-S244-SEG-244A,17,244A,244A,25,27,965,980,1021,1036,g\in\eusm L^p,g\in\eusm L^p,cc77ddb489c6961615e15e01bfeaefee4b87fd56a244e85236bf08c02f0d0dc3,cc77ddb489c6961615e15e01bfeaefee4b87fd56a244e85236bf08c02f0d0dc3,52b4d51b00d26021e055885846e84195dd1fdc6a3bfe801512cc47c928863dfd,$,,52b4d51b00d26021e055885846e84195dd1fdc6a3bfe801512cc47c928863dfd,52b4d51b00d26021e055885846e84195dd1fdc6a3bfe801512cc47c928863dfd,"{""basis"":""ordered nested-math atom; exact symbolic replay"",""kind"":""source-target-formula-map""}"
1.1.0,formula,O007-FREMLIN-V2-S244-FORMULA-0018,O007-FREMLIN-V2-S244,O007-RIGHTS-FREMLIN-DSL,O007-FREMLIN-V2-S244-SEG-244A,18,244A,244A,26,28,988,1042,1055,1109,"\eusm L^p=\{f:f\in\eusm L^0,\,f^{\ssbullet}\in L^p\}","\eusm L^p=\{f:f\in\eusm L^0,\,f^{\ssbullet}\in L^p\}",3732a0167b63f37a885808f7b94c3b9190967c0fb4cefdae5bbe11a96369ef47,3732a0167b63f37a885808f7b94c3b9190967c0fb4cefdae5bbe11a96369ef47,2023be16a36731432dafbcc52d0e2eb0384fa4560be3b0eb1d52a7461bde4d0e,$,,2023be16a36731432dafbcc52d0e2eb0384fa4560be3b0eb1d52a7461bde4d0e,2023be16a36731432dafbcc52d0e2eb0384fa4560be3b0eb1d52a7461bde4d0e,"{""basis"":""ordered nested-math atom; exact symbolic replay"",""kind"":""source-target-formula-map""}"
1.1.0,formula,O007-FREMLIN-V2-S244-FORMULA-0019,O007-FREMLIN-V2-S244,O007-RIGHTS-FREMLIN-DSL,O007-FREMLIN-V2-S244-SEG-244A,19,244A,244A,28,30,1081,1086,1165,1170,u^p,u^p,da5e436b748b454f41ddfbef3d1fe4e3ffa20dc5d71b9565057f234f3124436f,da5e436b748b454f41ddfbef3d1fe4e3ffa20dc5d71b9565057f234f3124436f,da5e436b748b454f41ddfbef3d1fe4e3ffa20dc5d71b9565057f234f3124436f,$,,da5e436b748b454f41ddfbef3d1fe4e3ffa20dc5d71b9565057f234f3124436f,da5e436b748b454f41ddfbef3d1fe4e3ffa20dc5d71b9565057f234f3124436f,"{""basis"":""ordered nested-math atom; exact symbolic replay"",""kind"":""source-target-formula-map""}"
1.1.0,formula,O007-FREMLIN-V2-S244-FORMULA-0020,O007-FREMLIN-V2-S244,O007-RIGHTS-FREMLIN-DSL,O007-FREMLIN-V2-S244-SEG-244A,20,244A,244A,28,31,1096,1106,1183,1193,u\in L^0,u\in L^0,ba1840d798a1f35ea927e7454a8c1d2c1c2131ce893fc1b608cfbfa984210846,ba1840d798a1f35ea927e7454a8c1d2c1c2131ce893fc1b608cfbfa984210846,f85392ebe6b3fab109d0ca79dfa610bac6e936703ca234a34e77921bd68ca1cb,$,,f85392ebe6b3fab109d0ca79dfa610bac6e936703ca234a34e77921bd68ca1cb,f85392ebe6b3fab109d0ca79dfa610bac6e936703ca234a34e77921bd68ca1cb,"{""basis"":""ordered nested-math atom; exact symbolic replay"",""kind"":""source-target-formula-map""}"
1.1.0,formula,O007-FREMLIN-V2-S244-FORMULA-0021,O007-FREMLIN-V2-S244,O007-RIGHTS-FREMLIN-DSL,O007-FREMLIN-V2-S244-SEG-244A,21,244A,244A,29,31,1108,1116,1195,1203,u\ge 0,u\ge 0,d10803733426f9dd2742131cc72ccefa1d1e8035f6a66da6085050e3678d0783,d10803733426f9dd2742131cc72ccefa1d1e8035f6a66da6085050e3678d0783,8a4316f560fc390b9a600e5415d9ca5598a0e249d941c0b08349b20269816764,$,,8a4316f560fc390b9a600e5415d9ca5598a0e249d941c0b08349b20269816764,8a4316f560fc390b9a600e5415d9ca5598a0e249d941c0b08349b20269816764,"{""basis"":""ordered nested-math atom; exact symbolic replay"",""kind"":""source-target-formula-map""}"
1.1.0,formula,O007-FREMLIN-V2-S244-FORMULA-0022,O007-FREMLIN-V2-S244,O007-RIGHTS-FREMLIN-DSL,O007-FREMLIN-V2-S244-SEG-244A,22,244A,244A,29,32,1128,1165,1222,1259,(f^{\ssbullet})^p=(f^p)^{\ssbullet},(f^{\ssbullet})^p=(f^p)^{\ssbullet},a33a77c8fe09005f2b5f2c0eecd1d0b84ee7d646e0095cb21cac118b9a2b4c6f,a33a77c8fe09005f2b5f2c0eecd1d0b84ee7d646e0095cb21cac118b9a2b4c6f,a33a77c8fe09005f2b5f2c0eecd1d0b84ee7d646e0095cb21cac118b9a2b4c6f,$,,a33a77c8fe09005f2b5f2c0eecd1d0b84ee7d646e0095cb21cac118b9a2b4c6f,a33a77c8fe09005f2b5f2c0eecd1d0b84ee7d646e0095cb21cac118b9a2b4c6f,"{""basis"":""ordered nested-math atom; exact symbolic replay"",""kind"":""source-target-formula-map""}"
1.1.0,formula,O007-FREMLIN-V2-S244-FORMULA-0023,O007-FREMLIN-V2-S244,O007-RIGHTS-FREMLIN-DSL,O007-FREMLIN-V2-S244-SEG-244A,23,244A,244A,30,32,1176,1191,1273,1288,f\in\eusm L^0,f\in\eusm L^0,6543e42c5f138e90eba1bced054e8c4826a26b50cd7f0bde6a49b82d0087fe7b,6543e42c5f138e90eba1bced054e8c4826a26b50cd7f0bde6a49b82d0087fe7b,5a8f974bce4387525c09d2cf266aaeaca66ee82c353a97c32ba20dab152ac7f8,$,,5a8f974bce4387525c09d2cf266aaeaca66ee82c353a97c32ba20dab152ac7f8,5a8f974bce4387525c09d2cf266aaeaca66ee82c353a97c32ba20dab152ac7f8,"{""basis"":""ordered nested-math atom; exact symbolic replay"",""kind"":""source-target-formula-map""}"
1.1.0,formula,O007-FREMLIN-V2-S244-FORMULA-0024,O007-FREMLIN-V2-S244,O007-RIGHTS-FREMLIN-DSL,O007-FREMLIN-V2-S244-SEG-244A,24,244A,244A,30,33,1202,1213,1309,1320,f(x)\ge 0,f(x)\ge 0,4fef9ad47e83dc34c1f7b2c4c28b67f7116ede2f01c9ef0b1ce512717bf76a34,4fef9ad47e83dc34c1f7b2c4c28b67f7116ede2f01c9ef0b1ce512717bf76a34,2a2c6a204e526e19c14ac10cffcd1640e750d4119108c414f92ef9556b7aea76,$,,2a2c6a204e526e19c14ac10cffcd1640e750d4119108c414f92ef9556b7aea76,2a2c6a204e526e19c14ac10cffcd1640e750d4119108c414f92ef9556b7aea76,"{""basis"":""ordered nested-math atom; exact symbolic replay"",""kind"":""source-target-formula-map""}"
1.1.0,formula,O007-FREMLIN-V2-S244-FORMULA-0025,O007-FREMLIN-V2-S244,O007-RIGHTS-FREMLIN-DSL,O007-FREMLIN-V2-S244-SEG-244A,25,244A,244A,30,33,1224,1236,1334,1346,x\in\dom f,x\in\dom f,55f803cb5de86fdafd56ab49dd92f9315c75e97319344d4378f16aba77e9e189,55f803cb5de86fdafd56ab49dd92f9315c75e97319344d4378f16aba77e9e189,43b7f41a47450dc6c12c5f2c81bc831b3e72f1fbe46bb27caf059883672be1a5,$,,43b7f41a47450dc6c12c5f2c81bc831b3e72f1fbe46bb27caf059883672be1a5,43b7f41a47450dc6c12c5f2c81bc831b3e72f1fbe46bb27caf059883672be1a5,"{""basis"":""ordered nested-math atom; exact symbolic replay"",""kind"":""source-target-formula-map""}"
1.1.0,formula,O007-FREMLIN-V2-S244-FORMULA-0026,O007-FREMLIN-V2-S244,O007-RIGHTS-FREMLIN-DSL,O007-FREMLIN-V2-S244-SEG-244A,26,244A,244A,31,35,1266,1306,1387,1427,"L^p=\{u:u\in L^0,\,|u|^p\in L^1(\mu)\}","L^p=\{u:u\in L^0,\,|u|^p\in L^1(\mu)\}",4547df64b81ebb43821715fb4e07548deebeeb3de53c0f50bc7a9adb351660e5,4547df64b81ebb43821715fb4e07548deebeeb3de53c0f50bc7a9adb351660e5,8b6501de26765dd00e6b879f064b6bb35d50b6939c311546bd551245732b2822,$,,8b6501de26765dd00e6b879f064b6bb35d50b6939c311546bd551245732b2822,8b6501de26765dd00e6b879f064b6bb35d50b6939c311546bd551245732b2822,"{""basis"":""ordered nested-math atom; exact symbolic replay"",""kind"":""source-target-formula-map""}"
1.1.0,formula,O007-FREMLIN-V2-S244-FORMULA-0027,O007-FREMLIN-V2-S244,O007-RIGHTS-FREMLIN-DSL,O007-FREMLIN-V2-S244-SEG-244B,27,244B,244B,34,38,1338,1354,1464,1480,"(X,\Sigma,\mu)","(X,\Sigma,\mu)",05e9b769403b4c7926a944d5aaa03f00bb216412bc3f850e41b3c28de657aa67,05e9b769403b4c7926a944d5aaa03f00bb216412bc3f850e41b3c28de657aa67,05e9b769403b4c7926a944d5aaa03f00bb216412bc3f850e41b3c28de657aa67,$,,05e9b769403b4c7926a944d5aaa03f00bb216412bc3f850e41b3c28de657aa67,05e9b769403b4c7926a944d5aaa03f00bb216412bc3f850e41b3c28de657aa67,"{""basis"":""ordered nested-math atom; exact symbolic replay"",""kind"":""source-target-formula-map""}"
1.1.0,formula,O007-FREMLIN-V2-S244-FORMULA-0028,O007-FREMLIN-V2-S244,O007-RIGHTS-FREMLIN-DSL,O007-FREMLIN-V2-S244-SEG-244B,28,244B,244B,35,39,1381,1397,1506,1522,"p\in[1,\infty]","p\in[1,\infty]",7d8e33c2c22d2bb3bb84f57d68b03a758a2a11e30762f389926cb8f394cb8548,7d8e33c2c22d2bb3bb84f57d68b03a758a2a11e30762f389926cb8f394cb8548,7d8e33c2c22d2bb3bb84f57d68b03a758a2a11e30762f389926cb8f394cb8548,$,,7d8e33c2c22d2bb3bb84f57d68b03a758a2a11e30762f389926cb8f394cb8548,7d8e33c2c22d2bb3bb84f57d68b03a758a2a11e30762f389926cb8f394cb8548,"{""basis"":""ordered nested-math atom; exact symbolic replay"",""kind"":""source-target-formula-map""}"
1.1.0,formula,O007-FREMLIN-V2-S244-FORMULA-0029,O007-FREMLIN-V2-S244,O007-RIGHTS-FREMLIN-DSL,O007-FREMLIN-V2-S244-SEG-244B,29,244B,244B,37,41,1404,1418,1529,1543,L^p=L^p(\mu),L^p=L^p(\mu),1ea982c00e9dad7ac8855a329033f766d411984c96df15f7be848c4de3e4f193,1ea982c00e9dad7ac8855a329033f766d411984c96df15f7be848c4de3e4f193,1ea982c00e9dad7ac8855a329033f766d411984c96df15f7be848c4de3e4f193,$,,1ea982c00e9dad7ac8855a329033f766d411984c96df15f7be848c4de3e4f193,1ea982c00e9dad7ac8855a329033f766d411984c96df15f7be848c4de3e4f193,"{""basis"":""ordered nested-math atom; exact symbolic replay"",""kind"":""source-target-formula-map""}"
1.1.0,formula,O007-FREMLIN-V2-S244-FORMULA-0030,O007-FREMLIN-V2-S244,O007-RIGHTS-FREMLIN-DSL,O007-FREMLIN-V2-S244-SEG-244B,30,244B,244B,37,41,1443,1457,1575,1589,L^0=L^0(\mu),L^0=L^0(\mu),21f408dfd160dc88319611c4285d5c35208d4be9b0afe54df8092974142f5192,21f408dfd160dc88319611c4285d5c35208d4be9b0afe54df8092974142f5192,21f408dfd160dc88319611c4285d5c35208d4be9b0afe54df8092974142f5192,$,,21f408dfd160dc88319611c4285d5c35208d4be9b0afe54df8092974142f5192,21f408dfd160dc88319611c4285d5c35208d4be9b0afe54df8092974142f5192,"{""basis"":""ordered nested-math atom; exact symbolic replay"",""kind"":""source-target-formula-map""}"
1.1.0,formula,O007-FREMLIN-V2-S244-FORMULA-0031,O007-FREMLIN-V2-S244,O007-RIGHTS-FREMLIN-DSL,O007-FREMLIN-V2-S244-SEG-244B,31,244B,244B,39,43,1467,1477,1601,1611,u\in L^p,u\in L^p,4469d02546c5a3713a6e8c8ca3450f7e0668cbbf9feecd60e8edc8273374d732,4469d02546c5a3713a6e8c8ca3450f7e0668cbbf9feecd60e8edc8273374d732,83d058857d4c97bd6f1fedebc4dcdd11ca86543e060bf49873ecc26aa8e274c1,$,,83d058857d4c97bd6f1fedebc4dcdd11ca86543e060bf49873ecc26aa8e274c1,83d058857d4c97bd6f1fedebc4dcdd11ca86543e060bf49873ecc26aa8e274c1,"{""basis"":""ordered nested-math atom; exact symbolic replay"",""kind"":""source-target-formula-map""}"
1.1.0,formula,O007-FREMLIN-V2-S244-FORMULA-0032,O007-FREMLIN-V2-S244,O007-RIGHTS-FREMLIN-DSL,O007-FREMLIN-V2-S244-SEG-244B,32,244B,244B,39,43,1479,1489,1613,1623,v\in L^0,v\in L^0,f19b89c4a2c7f7474e837d24a75e09b5c489b58e1192b06c96a34a34ce0ba6fe,f19b89c4a2c7f7474e837d24a75e09b5c489b58e1192b06c96a34a34ce0ba6fe,4ba74b005e769f6fc3b30eb7fd3273974b3ec1a6e2eb7b7bb5185492a7be12fe,$,,4ba74b005e769f6fc3b30eb7fd3273974b3ec1a6e2eb7b7bb5185492a7be12fe,4ba74b005e769f6fc3b30eb7fd3273974b3ec1a6e2eb7b7bb5185492a7be12fe,"{""basis"":""ordered nested-math atom; exact symbolic replay"",""kind"":""source-target-formula-map""}"
1.1.0,formula,O007-FREMLIN-V2-S244-FORMULA-0033,O007-FREMLIN-V2-S244,O007-RIGHTS-FREMLIN-DSL,O007-FREMLIN-V2-S244-SEG-244B,33,244B,244B,39,43,1494,1506,1628,1640,|v|\le |u|,|v|\le |u|,c3f2a7e5182bdadee90fd04601340ca84f8af61fa23ae246b424016595f02a16,c3f2a7e5182bdadee90fd04601340ca84f8af61fa23ae246b424016595f02a16,88862b29727c7a78a47c815b8ef4861a05abacd52b671fb8d0b43d6a06eb4e65,$,,88862b29727c7a78a47c815b8ef4861a05abacd52b671fb8d0b43d6a06eb4e65,88862b29727c7a78a47c815b8ef4861a05abacd52b671fb8d0b43d6a06eb4e65,"{""basis"":""ordered nested-math atom; exact symbolic replay"",""kind"":""source-target-formula-map""}"
1.1.0,formula,O007-FREMLIN-V2-S244-FORMULA-0034,O007-FREMLIN-V2-S244,O007-RIGHTS-FREMLIN-DSL,O007-FREMLIN-V2-S244-SEG-244B,34,244B,244B,39,43,1513,1523,1647,1657,v\in L^p,v\in L^p,3c5ef5c6583ebe968e935a921c4d893e86fc7b7b4dab127d701f9efa3e63f3eb,3c5ef5c6583ebe968e935a921c4d893e86fc7b7b4dab127d701f9efa3e63f3eb,104d613809fbd47a3d0f459b821b98f511de5f9b4eda48215895d5823dc18100,$,,104d613809fbd47a3d0f459b821b98f511de5f9b4eda48215895d5823dc18100,104d613809fbd47a3d0f459b821b98f511de5f9b4eda48215895d5823dc18100,"{""basis"":""ordered nested-math atom; exact symbolic replay"",""kind"":""source-target-formula-map""}"
1.1.0,formula,O007-FREMLIN-V2-S244-FORMULA-0035,O007-FREMLIN-V2-S244,O007-RIGHTS-FREMLIN-DSL,O007-FREMLIN-V2-S244-SEG-244B,35,244B,244B,40,44,1538,1543,1669,1674,|u|,|u|,376762ac9c67070c18178db34c86a162a486986f910155d9d248d77e8565f07b,376762ac9c67070c18178db34c86a162a486986f910155d9d248d77e8565f07b,376762ac9c67070c18178db34c86a162a486986f910155d9d248d77e8565f07b,$,,376762ac9c67070c18178db34c86a162a486986f910155d9d248d77e8565f07b,376762ac9c67070c18178db34c86a162a486986f910155d9d248d77e8565f07b,"{""basis"":""ordered nested-math atom; exact symbolic replay"",""kind"":""source-target-formula-map""}"
1.1.0,formula,O007-FREMLIN-V2-S244-FORMULA-0036,O007-FREMLIN-V2-S244,O007-RIGHTS-FREMLIN-DSL,O007-FREMLIN-V2-S244-SEG-244B,36,244B,244B,40,44,1545,1554,1676,1685,u\vee v,u\vee v,6c89c8d5acdcde4d0c81b754bbadfb4e41a0a9d7ede23e405053ab1287729508,6c89c8d5acdcde4d0c81b754bbadfb4e41a0a9d7ede23e405053ab1287729508,bf55ca4cf7fb593adfe8e042fe5688554441bfc8ad5c2a40d7208fca27e17194,$,,bf55ca4cf7fb593adfe8e042fe5688554441bfc8ad5c2a40d7208fca27e17194,bf55ca4cf7fb593adfe8e042fe5688554441bfc8ad5c2a40d7208fca27e17194,"{""basis"":""ordered nested-math atom; exact symbolic replay"",""kind"":""source-target-formula-map""}"
1.1.0,formula,O007-FREMLIN-V2-S244-FORMULA-0037,O007-FREMLIN-V2-S244,O007-RIGHTS-FREMLIN-DSL,O007-FREMLIN-V2-S244-SEG-244B,37,244B,244B,40,44,1559,1570,1690,1701,u\wedge v,u\wedge v,adf9277e528c179a2111391da6ab20d08647f84bfbdda1a666a700fc54b6c9b8,adf9277e528c179a2111391da6ab20d08647f84bfbdda1a666a700fc54b6c9b8,847d3b52eb9185a449a22e023404b75ff1637cc40c5ca78b5f6eafaa13acba22,$,,847d3b52eb9185a449a22e023404b75ff1637cc40c5ca78b5f6eafaa13acba22,847d3b52eb9185a449a22e023404b75ff1637cc40c5ca78b5f6eafaa13acba22,"{""basis"":""ordered nested-math atom; exact symbolic replay"",""kind"":""source-target-formula-map""}"
1.1.0,formula,O007-FREMLIN-V2-S244-FORMULA-0038,O007-FREMLIN-V2-S244,O007-RIGHTS-FREMLIN-DSL,O007-FREMLIN-V2-S244-SEG-244B,38,244B,244B,40,44,1581,1586,1717,1722,L^p,L^p,0de1bee007df208a54c85a6cf3aa6c06e2a922620965a43478a0496c27e05aa0,0de1bee007df208a54c85a6cf3aa6c06e2a922620965a43478a0496c27e05aa0,0de1bee007df208a54c85a6cf3aa6c06e2a922620965a43478a0496c27e05aa0,$,,0de1bee007df208a54c85a6cf3aa6c06e2a922620965a43478a0496c27e05aa0,0de1bee007df208a54c85a6cf3aa6c06e2a922620965a43478a0496c27e05aa0,"{""basis"":""ordered nested-math atom; exact symbolic replay"",""kind"":""source-target-formula-map""}"
1.1.0,formula,O007-FREMLIN-V2-S244-FORMULA-0039,O007-FREMLIN-V2-S244,O007-RIGHTS-FREMLIN-DSL,O007-FREMLIN-V2-S244-SEG-244B,39,244B,244B,41,45,1595,1598,1735,1738,u,u,0bfe935e70c321c7ca3afc75ce0d0ca2f98b5422e008bb31c00c6d7f1f1c0ad6,0bfe935e70c321c7ca3afc75ce0d0ca2f98b5422e008bb31c00c6d7f1f1c0ad6,0bfe935e70c321c7ca3afc75ce0d0ca2f98b5422e008bb31c00c6d7f1f1c0ad6,$,,0bfe935e70c321c7ca3afc75ce0d0ca2f98b5422e008bb31c00c6d7f1f1c0ad6,0bfe935e70c321c7ca3afc75ce0d0ca2f98b5422e008bb31c00c6d7f1f1c0ad6,"{""basis"":""ordered nested-math atom; exact symbolic replay"",""kind"":""source-target-formula-map""}"
1.1.0,formula,O007-FREMLIN-V2-S244-FORMULA-0040,O007-FREMLIN-V2-S244,O007-RIGHTS-FREMLIN-DSL,O007-FREMLIN-V2-S244-SEG-244B,40,244B,244B,41,45,1600,1610,1740,1750,v\in L^p,v\in L^p,3c5ef5c6583ebe968e935a921c4d893e86fc7b7b4dab127d701f9efa3e63f3eb,3c5ef5c6583ebe968e935a921c4d893e86fc7b7b4dab127d701f9efa3e63f3eb,104d613809fbd47a3d0f459b821b98f511de5f9b4eda48215895d5823dc18100,$,,104d613809fbd47a3d0f459b821b98f511de5f9b4eda48215895d5823dc18100,104d613809fbd47a3d0f459b821b98f511de5f9b4eda48215895d5823dc18100,"{""basis"":""ordered nested-math atom; exact symbolic replay"",""kind"":""source-target-formula-map""}"
1.1.0,formula,O007-FREMLIN-V2-S244-FORMULA-0041,O007-FREMLIN-V2-S244,O007-RIGHTS-FREMLIN-DSL,O007-FREMLIN-V2-S244-SEG-244B,41,244B,244B,43,47,1631,1636,1767,1772,p=1,p=1,791a7b3a1c84e05cbf520166fc1107eebd36ea5ed05f636222d80d2bf4183966,791a7b3a1c84e05cbf520166fc1107eebd36ea5ed05f636222d80d2bf4183966,791a7b3a1c84e05cbf520166fc1107eebd36ea5ed05f636222d80d2bf4183966,$,,791a7b3a1c84e05cbf520166fc1107eebd36ea5ed05f636222d80d2bf4183966,791a7b3a1c84e05cbf520166fc1107eebd36ea5ed05f636222d80d2bf4183966,"{""basis"":""ordered nested-math atom; exact symbolic replay"",""kind"":""source-target-formula-map""}"
1.1.0,formula,O007-FREMLIN-V2-S244-FORMULA-0042,O007-FREMLIN-V2-S244,O007-RIGHTS-FREMLIN-DSL,O007-FREMLIN-V2-S244-SEG-244B,42,244B,244B,43,47,1638,1648,1774,1784,p=\infty,p=\infty,ff3e987f14f766ccd5dd6326b1ff9f3e1163371332922ba362d77ad6ab281234,ff3e987f14f766ccd5dd6326b1ff9f3e1163371332922ba362d77ad6ab281234,ff3e987f14f766ccd5dd6326b1ff9f3e1163371332922ba362d77ad6ab281234,$,,ff3e987f14f766ccd5dd6326b1ff9f3e1163371332922ba362d77ad6ab281234,ff3e987f14f766ccd5dd6326b1ff9f3e1163371332922ba362d77ad6ab281234,"{""basis"":""ordered nested-math atom; exact symbolic replay"",""kind"":""source-target-formula-map""}"
1.1.0,formula,O007-FREMLIN-V2-S244-FORMULA-0043,O007-FREMLIN-V2-S244,O007-RIGHTS-FREMLIN-DSL,O007-FREMLIN-V2-S244-SEG-244B,43,244B,244B,44,48,1703,1715,1845,1857,1<p<\infty,1<p<\infty,46117291b662ee256185399ebb21bd380a4cb663e490557c25b6b50563214ea3,46117291b662ee256185399ebb21bd380a4cb663e490557c25b6b50563214ea3,46117291b662ee256185399ebb21bd380a4cb663e490557c25b6b50563214ea3,$,,46117291b662ee256185399ebb21bd380a4cb663e490557c25b6b50563214ea3,46117291b662ee256185399ebb21bd380a4cb663e490557c25b6b50563214ea3,"{""basis"":""ordered nested-math atom; exact symbolic replay"",""kind"":""source-target-formula-map""}"
1.1.0,formula,O007-FREMLIN-V2-S244-FORMULA-0044,O007-FREMLIN-V2-S244,O007-RIGHTS-FREMLIN-DSL,O007-FREMLIN-V2-S244-SEG-244B,44,244B,244B,48,52,1755,1758,1892,1895,f,f,252f10c83610ebca1a059c0bae8255eba2f95be4d1d7bcfa89d7248a82d9f111,252f10c83610ebca1a059c0bae8255eba2f95be4d1d7bcfa89d7248a82d9f111,252f10c83610ebca1a059c0bae8255eba2f95be4d1d7bcfa89d7248a82d9f111,$,,252f10c83610ebca1a059c0bae8255eba2f95be4d1d7bcfa89d7248a82d9f111,252f10c83610ebca1a059c0bae8255eba2f95be4d1d7bcfa89d7248a82d9f111,"{""basis"":""ordered nested-math atom; exact symbolic replay"",""kind"":""source-target-formula-map""}"
1.1.0,formula,O007-FREMLIN-V2-S244-FORMULA-0045,O007-FREMLIN-V2-S244,O007-RIGHTS-FREMLIN-DSL,O007-FREMLIN-V2-S244-SEG-244B,45,244B,244B,48,52,1760,1790,1897,1927,g\in\eusm L^p=\eusm L^p(\mu),g\in\eusm L^p=\eusm L^p(\mu),eb53f6deef004d952b7285a7e68e5cd45e6c2ea2ab1edbb91e587c49d54f48f7,eb53f6deef004d952b7285a7e68e5cd45e6c2ea2ab1edbb91e587c49d54f48f7,44ac19ef8475cf7ab8f1162c303a143810da2fe31b1235f4a46530169c8e1043,$,,44ac19ef8475cf7ab8f1162c303a143810da2fe31b1235f4a46530169c8e1043,44ac19ef8475cf7ab8f1162c303a143810da2fe31b1235f4a46530169c8e1043,"{""basis"":""ordered nested-math atom; exact symbolic replay"",""kind"":""source-target-formula-map""}"
1.1.0,formula,O007-FREMLIN-V2-S244-FORMULA-0046,O007-FREMLIN-V2-S244,O007-RIGHTS-FREMLIN-DSL,O007-FREMLIN-V2-S244-SEG-244B,46,244B,244B,49,52,1797,1800,1934,1937,a,a,ca978112ca1bbdcafac231b39a23dc4da786eff8147c4e72b9807785afee48bb,ca978112ca1bbdcafac231b39a23dc4da786eff8147c4e72b9807785afee48bb,ca978112ca1bbdcafac231b39a23dc4da786eff8147c4e72b9807785afee48bb,$,,ca978112ca1bbdcafac231b39a23dc4da786eff8147c4e72b9807785afee48bb,ca978112ca1bbdcafac231b39a23dc4da786eff8147c4e72b9807785afee48bb,"{""basis"":""ordered nested-math atom; exact symbolic replay"",""kind"":""source-target-formula-map""}"
1.1.0,formula,O007-FREMLIN-V2-S244-FORMULA-0047,O007-FREMLIN-V2-S244,O007-RIGHTS-FREMLIN-DSL,O007-FREMLIN-V2-S244-SEG-244B,47,244B,244B,49,53,1802,1814,1939,1951,b\in\Bbb R,b\in\Bbb R,e1e59af8f16ba3e6f0c913dd4c313121f218777c1013ca372ad854fa984bc0af,e1e59af8f16ba3e6f0c913dd4c313121f218777c1013ca372ad854fa984bc0af,acf1a3309af82edc7b05470aff44b905151892a4d56ab8c2a95aea53e9b64c33,$,,acf1a3309af82edc7b05470aff44b905151892a4d56ab8c2a95aea53e9b64c33,acf1a3309af82edc7b05470aff44b905151892a4d56ab8c2a95aea53e9b64c33,"{""basis"":""ordered nested-math atom; exact symbolic replay"",""kind"":""source-target-formula-map""}"
1.1.0,formula,O007-FREMLIN-V2-S244-FORMULA-0048,O007-FREMLIN-V2-S244,O007-RIGHTS-FREMLIN-DSL,O007-FREMLIN-V2-S244-SEG-244B,48,244B,244B,49,53,1820,1853,1958,1991,"|a+b|^p\le
2^p\max(|a|^p,|b|^p)","|a+b|^p\le 2^p\max(|a|^p,|b|^p)",012304a322156d243ff6e4519a227dc18e23dd2f62779076291fad706081dbd8,400d7b83fc1c111f7665c8e2a2a9c8e8c4121c89703e6ca092eb271f466633e9,ea02bc85f0fa4d7b180063f955b96c16697911de99cd0f7687d462053aec469f,$,,ea02bc85f0fa4d7b180063f955b96c16697911de99cd0f7687d462053aec469f,ea02bc85f0fa4d7b180063f955b96c16697911de99cd0f7687d462053aec469f,"{""basis"":""ordered nested-math atom; exact symbolic replay"",""kind"":""source-target-formula-map""}"
1.1.0,formula,O007-FREMLIN-V2-S244-FORMULA-0049,O007-FREMLIN-V2-S244,O007-RIGHTS-FREMLIN-DSL,O007-FREMLIN-V2-S244-SEG-244B,49,244B,244B,50,54,1858,1892,2002,2036,|f+g|^p\leae 2^p(|f|^p\vee|g|^p),|f+g|^p\leae 2^p(|f|^p\vee|g|^p),d2b8ac793158b3680e55ba5ae9dcde6ad599f871212cc3262c9c5596c337f485,d2b8ac793158b3680e55ba5ae9dcde6ad599f871212cc3262c9c5596c337f485,156fd2219b673083a70134bff10532fa349150b695a3a5b13667e9af54b9751e,$,,156fd2219b673083a70134bff10532fa349150b695a3a5b13667e9af54b9751e,156fd2219b673083a70134bff10532fa349150b695a3a5b13667e9af54b9751e,"{""basis"":""ordered nested-math atom; exact symbolic replay"",""kind"":""source-target-formula-map""}"
1.1.0,formula,O007-FREMLIN-V2-S244-FORMULA-0050,O007-FREMLIN-V2-S244,O007-RIGHTS-FREMLIN-DSL,O007-FREMLIN-V2-S244-SEG-244B,50,244B,244B,51,55,1899,1920,2047,2068,|f+g|^p\in\eusm L^0,|f+g|^p\in\eusm L^0,0d3a54c395cb211354b6e6b850733348a08fcf8fb9faac46677403057ecb761d,0d3a54c395cb211354b6e6b850733348a08fcf8fb9faac46677403057ecb761d,e211890ea6ac56b4439940ed9ab5cfb838104a84410760782ffbbc52b3add6eb,$,,e211890ea6ac56b4439940ed9ab5cfb838104a84410760782ffbbc52b3add6eb,e211890ea6ac56b4439940ed9ab5cfb838104a84410760782ffbbc52b3add6eb,"{""basis"":""ordered nested-math atom; exact symbolic replay"",""kind"":""source-target-formula-map""}"
1.1.0,formula,O007-FREMLIN-V2-S244-FORMULA-0051,O007-FREMLIN-V2-S244,O007-RIGHTS-FREMLIN-DSL,O007-FREMLIN-V2-S244-SEG-244B,51,244B,244B,52,56,1925,1958,2073,2106,2^p(|f|^p\vee|g|^p)\in\eusm L^1,2^p(|f|^p\vee|g|^p)\in\eusm L^1,ec8f4d9c64da46f2c2beb2ef25a320e8d4ee9148fb910210567176e767625716,ec8f4d9c64da46f2c2beb2ef25a320e8d4ee9148fb910210567176e767625716,06c1e1af521f773e599a7d3a1d9d8d7f5b98e2855b577f78251448a7a44138e1,$,,06c1e1af521f773e599a7d3a1d9d8d7f5b98e2855b577f78251448a7a44138e1,06c1e1af521f773e599a7d3a1d9d8d7f5b98e2855b577f78251448a7a44138e1,"{""basis"":""ordered nested-math atom; exact symbolic replay"",""kind"":""source-target-formula-map""}"
1.1.0,formula,O007-FREMLIN-V2-S244-FORMULA-0052,O007-FREMLIN-V2-S244,O007-RIGHTS-FREMLIN-DSL,O007-FREMLIN-V2-S244-SEG-244B,52,244B,244B,52,57,1962,1983,2117,2138,|f+g|^p\in\eusm L^1,|f+g|^p\in\eusm L^1,5f7e012b12b7e8112e232b424f1b438de2cc1a47c4db34795ecfff1c13dbfd1d,5f7e012b12b7e8112e232b424f1b438de2cc1a47c4db34795ecfff1c13dbfd1d,65aebddfeb78804e0cf4ce05146506cd8399ed367fef9ec621ec3599a7a8a505,$,,65aebddfeb78804e0cf4ce05146506cd8399ed367fef9ec621ec3599a7a8a505,65aebddfeb78804e0cf4ce05146506cd8399ed367fef9ec621ec3599a7a8a505,"{""basis"":""ordered nested-math atom; exact symbolic replay"",""kind"":""source-target-formula-map""}"
1.1.0,formula,O007-FREMLIN-V2-S244-FORMULA-0053,O007-FREMLIN-V2-S244,O007-RIGHTS-FREMLIN-DSL,O007-FREMLIN-V2-S244-SEG-244B,53,244B,244B,53,57,1992,2009,2145,2162,f+g\in\eusm L^p,f+g\in\eusm L^p,200dde950d4b290f2431afcced1bb3bc9e7833493212317390695f39873aab06,200dde950d4b290f2431afcced1bb3bc9e7833493212317390695f39873aab06,3181bcf33181b4b75aaac9162ad7df033da71d14dc77c832a83c101b3ef7c31e,$,,3181bcf33181b4b75aaac9162ad7df033da71d14dc77c832a83c101b3ef7c31e,3181bcf33181b4b75aaac9162ad7df033da71d14dc77c832a83c101b3ef7c31e,"{""basis"":""ordered nested-math atom; exact symbolic replay"",""kind"":""source-target-formula-map""}"
1.1.0,formula,O007-FREMLIN-V2-S244-FORMULA-0054,O007-FREMLIN-V2-S244,O007-RIGHTS-FREMLIN-DSL,O007-FREMLIN-V2-S244-SEG-244B,54,244B,244B,53,57,2018,2021,2175,2178,f,f,252f10c83610ebca1a059c0bae8255eba2f95be4d1d7bcfa89d7248a82d9f111,252f10c83610ebca1a059c0bae8255eba2f95be4d1d7bcfa89d7248a82d9f111,252f10c83610ebca1a059c0bae8255eba2f95be4d1d7bcfa89d7248a82d9f111,$,,252f10c83610ebca1a059c0bae8255eba2f95be4d1d7bcfa89d7248a82d9f111,252f10c83610ebca1a059c0bae8255eba2f95be4d1d7bcfa89d7248a82d9f111,"{""basis"":""ordered nested-math atom; exact symbolic replay"",""kind"":""source-target-formula-map""}"
1.1.0,formula,O007-FREMLIN-V2-S244-FORMULA-0055,O007-FREMLIN-V2-S244,O007-RIGHTS-FREMLIN-DSL,O007-FREMLIN-V2-S244-SEG-244B,55,244B,244B,53,58,2023,2039,2180,2196,g\in \eusm L^p,g\in \eusm L^p,2c5a500cc3a09140adfac3fab726b78d1ef2c023aa245d68121f894a3c92b225,2c5a500cc3a09140adfac3fab726b78d1ef2c023aa245d68121f894a3c92b225,52b4d51b00d26021e055885846e84195dd1fdc6a3bfe801512cc47c928863dfd,$,,52b4d51b00d26021e055885846e84195dd1fdc6a3bfe801512cc47c928863dfd,52b4d51b00d26021e055885846e84195dd1fdc6a3bfe801512cc47c928863dfd,"{""basis"":""ordered nested-math atom; exact symbolic replay"",""kind"":""source-target-formula-map""}"
1.1.0,formula,O007-FREMLIN-V2-S244-FORMULA-0056,O007-FREMLIN-V2-S244,O007-RIGHTS-FREMLIN-DSL,O007-FREMLIN-V2-S244-SEG-244B,56,244B,244B,54,58,2066,2078,2221,2233,u+v\in L^p,u+v\in L^p,5dd8313c85986321e1aa1c523bf390b477fd48e8e080471e8ce860f2c0b2b2a0,5dd8313c85986321e1aa1c523bf390b477fd48e8e080471e8ce860f2c0b2b2a0,db5c312e0f2d12b13b9f8aa16f6b571ee66fa45b3e523eed8e1cada477c0b733,$,,db5c312e0f2d12b13b9f8aa16f6b571ee66fa45b3e523eed8e1cada477c0b733,db5c312e0f2d12b13b9f8aa16f6b571ee66fa45b3e523eed8e1cada477c0b733,"{""basis"":""ordered nested-math atom; exact symbolic replay"",""kind"":""source-target-formula-map""}"
1.1.0,formula,O007-FREMLIN-V2-S244-FORMULA-0057,O007-FREMLIN-V2-S244,O007-RIGHTS-FREMLIN-DSL,O007-FREMLIN-V2-S244-SEG-244B,57,244B,244B,54,58,2087,2090,2246,2249,u,u,0bfe935e70c321c7ca3afc75ce0d0ca2f98b5422e008bb31c00c6d7f1f1c0ad6,0bfe935e70c321c7ca3afc75ce0d0ca2f98b5422e008bb31c00c6d7f1f1c0ad6,0bfe935e70c321c7ca3afc75ce0d0ca2f98b5422e008bb31c00c6d7f1f1c0ad6,$,,0bfe935e70c321c7ca3afc75ce0d0ca2f98b5422e008bb31c00c6d7f1f1c0ad6,0bfe935e70c321c7ca3afc75ce0d0ca2f98b5422e008bb31c00c6d7f1f1c0ad6,"{""basis"":""ordered nested-math atom; exact symbolic replay"",""kind"":""source-target-formula-map""}"
1.1.0,formula,O007-FREMLIN-V2-S244-FORMULA-0058,O007-FREMLIN-V2-S244,O007-RIGHTS-FREMLIN-DSL,O007-FREMLIN-V2-S244-SEG-244B,58,244B,244B,54,59,2092,2102,2251,2261,v\in L^p,v\in L^p,3c5ef5c6583ebe968e935a921c4d893e86fc7b7b4dab127d701f9efa3e63f3eb,3c5ef5c6583ebe968e935a921c4d893e86fc7b7b4dab127d701f9efa3e63f3eb,104d613809fbd47a3d0f459b821b98f511de5f9b4eda48215895d5823dc18100,$,,104d613809fbd47a3d0f459b821b98f511de5f9b4eda48215895d5823dc18100,104d613809fbd47a3d0f459b821b98f511de5f9b4eda48215895d5823dc18100,"{""basis"":""ordered nested-math atom; exact symbolic replay"",""kind"":""source-target-formula-map""}"
1.1.0,formula,O007-FREMLIN-V2-S244-FORMULA-0059,O007-FREMLIN-V2-S244,O007-RIGHTS-FREMLIN-DSL,O007-FREMLIN-V2-S244-SEG-244B,59,244B,244B,57,62,2133,2149,2294,2310,f\in \eusm L^p,f\in \eusm L^p,8053dec75753ae12f5b1c941c3b44b2f4465c81f4af1aca37373cb6acc0d6708,8053dec75753ae12f5b1c941c3b44b2f4465c81f4af1aca37373cb6acc0d6708,7833071826170ae2087a6c03ab8437e0aa3edba5b705fb456eebf342fd043404,$,,7833071826170ae2087a6c03ab8437e0aa3edba5b705fb456eebf342fd043404,7833071826170ae2087a6c03ab8437e0aa3edba5b705fb456eebf342fd043404,"{""basis"":""ordered nested-math atom; exact symbolic replay"",""kind"":""source-target-formula-map""}"
1.1.0,formula,O007-FREMLIN-V2-S244-FORMULA-0060,O007-FREMLIN-V2-S244,O007-RIGHTS-FREMLIN-DSL,O007-FREMLIN-V2-S244-SEG-244B,60,244B,244B,57,62,2154,2166,2315,2327,c\in\Bbb R,c\in\Bbb R,365f5ce487f10d724b33ca913e9f2aff3456a3c2ba87d35652de7cf350ca3be0,365f5ce487f10d724b33ca913e9f2aff3456a3c2ba87d35652de7cf350ca3be0,94bc9d92c15c2e8afaebffdcd5145690aa18e8d3436bad14ca833f19d17e6977,$,,94bc9d92c15c2e8afaebffdcd5145690aa18e8d3436bad14ca833f19d17e6977,94bc9d92c15c2e8afaebffdcd5145690aa18e8d3436bad14ca833f19d17e6977,"{""basis"":""ordered nested-math atom; exact symbolic replay"",""kind"":""source-target-formula-map""}"
1.1.0,formula,O007-FREMLIN-V2-S244-FORMULA-0061,O007-FREMLIN-V2-S244,O007-RIGHTS-FREMLIN-DSL,O007-FREMLIN-V2-S244-SEG-244B,61,244B,244B,58,63,2172,2203,2334,2365,|cf|^p=|c|^p|f|^p\in\eusm L^1,|cf|^p=|c|^p|f|^p\in\eusm L^1,9bd8291c06062b7c6aac0cf60112eb1203206704a21d616a7396513c14280a54,9bd8291c06062b7c6aac0cf60112eb1203206704a21d616a7396513c14280a54,e368c95914ad2f16012d2ab25fadbd7823d44b1cc5c0e1c53bd09c2927d8fe73,$,,e368c95914ad2f16012d2ab25fadbd7823d44b1cc5c0e1c53bd09c2927d8fe73,e368c95914ad2f16012d2ab25fadbd7823d44b1cc5c0e1c53bd09c2927d8fe73,"{""basis"":""ordered nested-math atom; exact symbolic replay"",""kind"":""source-target-formula-map""}"
1.1.0,formula,O007-FREMLIN-V2-S244-FORMULA-0062,O007-FREMLIN-V2-S244,O007-RIGHTS-FREMLIN-DSL,O007-FREMLIN-V2-S244-SEG-244B,62,244B,244B,58,63,2208,2224,2376,2392,cf\in\eusm L^p,cf\in\eusm L^p,a3aa337f7e7989999919bec459482539948d5bfca6e0649c5af6879853a51679,a3aa337f7e7989999919bec459482539948d5bfca6e0649c5af6879853a51679,d1a34f71cb73b40e2013a7465de5ef73e48cd2b237621d7fc908d281de2ed1ac,$,,d1a34f71cb73b40e2013a7465de5ef73e48cd2b237621d7fc908d281de2ed1ac,d1a34f71cb73b40e2013a7465de5ef73e48cd2b237621d7fc908d281de2ed1ac,"{""basis"":""ordered nested-math atom; exact symbolic replay"",""kind"":""source-target-formula-map""}"
1.1.0,formula,O007-FREMLIN-V2-S244-FORMULA-0063,O007-FREMLIN-V2-S244,O007-RIGHTS-FREMLIN-DSL,O007-FREMLIN-V2-S244-SEG-244B,63,244B,244B,59,64,2238,2249,2410,2421,cu\in L^p,cu\in L^p,0b9904bde846ea1b62970fe3b38205927db4c9cac8e78d129c22c70c664ea03d,0b9904bde846ea1b62970fe3b38205927db4c9cac8e78d129c22c70c664ea03d,d96adb1c483a7256a85e787cb4b35bfaebf3bc673ed0b458ebcda09522f030d8,$,,d96adb1c483a7256a85e787cb4b35bfaebf3bc673ed0b458ebcda09522f030d8,d96adb1c483a7256a85e787cb4b35bfaebf3bc673ed0b458ebcda09522f030d8,"{""basis"":""ordered nested-math atom; exact symbolic replay"",""kind"":""source-target-formula-map""}"
1.1.0,formula,O007-FREMLIN-V2-S244-FORMULA-0064,O007-FREMLIN-V2-S244,O007-RIGHTS-FREMLIN-DSL,O007-FREMLIN-V2-S244-SEG-244B,64,244B,244B,59,64,2259,2269,2434,2444,u\in L^p,u\in L^p,4469d02546c5a3713a6e8c8ca3450f7e0668cbbf9feecd60e8edc8273374d732,4469d02546c5a3713a6e8c8ca3450f7e0668cbbf9feecd60e8edc8273374d732,83d058857d4c97bd6f1fedebc4dcdd11ca86543e060bf49873ecc26aa8e274c1,$,,83d058857d4c97bd6f1fedebc4dcdd11ca86543e060bf49873ecc26aa8e274c1,83d058857d4c97bd6f1fedebc4dcdd11ca86543e060bf49873ecc26aa8e274c1,"{""basis"":""ordered nested-math atom; exact symbolic replay"",""kind"":""source-target-formula-map""}"
1.1.0,formula,O007-FREMLIN-V2-S244-FORMULA-0065,O007-FREMLIN-V2-S244,O007-RIGHTS-FREMLIN-DSL,O007-FREMLIN-V2-S244-SEG-244B,65,244B,244B,59,64,2274,2286,2449,2461,c\in\Bbb R,c\in\Bbb R,365f5ce487f10d724b33ca913e9f2aff3456a3c2ba87d35652de7cf350ca3be0,365f5ce487f10d724b33ca913e9f2aff3456a3c2ba87d35652de7cf350ca3be0,94bc9d92c15c2e8afaebffdcd5145690aa18e8d3436bad14ca833f19d17e6977,$,,94bc9d92c15c2e8afaebffdcd5145690aa18e8d3436bad14ca833f19d17e6977,94bc9d92c15c2e8afaebffdcd5145690aa18e8d3436bad14ca833f19d17e6977,"{""basis"":""ordered nested-math atom; exact symbolic replay"",""kind"":""source-target-formula-map""}"
1.1.0,formula,O007-FREMLIN-V2-S244-FORMULA-0066,O007-FREMLIN-V2-S244,O007-RIGHTS-FREMLIN-DSL,O007-FREMLIN-V2-S244-SEG-244B,66,244B,244B,63,68,2320,2323,2496,2499,u,u,0bfe935e70c321c7ca3afc75ce0d0ca2f98b5422e008bb31c00c6d7f1f1c0ad6,0bfe935e70c321c7ca3afc75ce0d0ca2f98b5422e008bb31c00c6d7f1f1c0ad6,0bfe935e70c321c7ca3afc75ce0d0ca2f98b5422e008bb31c00c6d7f1f1c0ad6,$,,0bfe935e70c321c7ca3afc75ce0d0ca2f98b5422e008bb31c00c6d7f1f1c0ad6,0bfe935e70c321c7ca3afc75ce0d0ca2f98b5422e008bb31c00c6d7f1f1c0ad6,"{""basis"":""ordered nested-math atom; exact symbolic replay"",""kind"":""source-target-formula-map""}"
1.1.0,formula,O007-FREMLIN-V2-S244-FORMULA-0067,O007-FREMLIN-V2-S244,O007-RIGHTS-FREMLIN-DSL,O007-FREMLIN-V2-S244-SEG-244B,67,244B,244B,63,68,2327,2342,2508,2523,f^{\ssbullet},f^{\ssbullet},c88b6704184d07d6ea167268aeb1cf90af08429c76b2a89c8a8a947a903bf504,c88b6704184d07d6ea167268aeb1cf90af08429c76b2a89c8a8a947a903bf504,c88b6704184d07d6ea167268aeb1cf90af08429c76b2a89c8a8a947a903bf504,$,,c88b6704184d07d6ea167268aeb1cf90af08429c76b2a89c8a8a947a903bf504,c88b6704184d07d6ea167268aeb1cf90af08429c76b2a89c8a8a947a903bf504,"{""basis"":""ordered nested-math atom; exact symbolic replay"",""kind"":""source-target-formula-map""}"
1.1.0,formula,O007-FREMLIN-V2-S244-FORMULA-0068,O007-FREMLIN-V2-S244,O007-RIGHTS-FREMLIN-DSL,O007-FREMLIN-V2-S244-SEG-244B,68,244B,244B,63,68,2347,2350,2528,2531,v,v,4c94485e0c21ae6c41ce1dfe7b6bfaceea5ab68e40a2476f50208e526f506080,4c94485e0c21ae6c41ce1dfe7b6bfaceea5ab68e40a2476f50208e526f506080,4c94485e0c21ae6c41ce1dfe7b6bfaceea5ab68e40a2476f50208e526f506080,$,,4c94485e0c21ae6c41ce1dfe7b6bfaceea5ab68e40a2476f50208e526f506080,4c94485e0c21ae6c41ce1dfe7b6bfaceea5ab68e40a2476f50208e526f506080,"{""basis"":""ordered nested-math atom; exact symbolic replay"",""kind"":""source-target-formula-map""}"
1.1.0,formula,O007-FREMLIN-V2-S244-FORMULA-0069,O007-FREMLIN-V2-S244,O007-RIGHTS-FREMLIN-DSL,O007-FREMLIN-V2-S244-SEG-244B,69,244B,244B,63,69,2354,2369,2540,2555,g^{\ssbullet},g^{\ssbullet},6d2f0d6dad6307055f463152d9d0df18b087365d9121938536ca35285adbcf48,6d2f0d6dad6307055f463152d9d0df18b087365d9121938536ca35285adbcf48,6d2f0d6dad6307055f463152d9d0df18b087365d9121938536ca35285adbcf48,$,,6d2f0d6dad6307055f463152d9d0df18b087365d9121938536ca35285adbcf48,6d2f0d6dad6307055f463152d9d0df18b087365d9121938536ca35285adbcf48,"{""basis"":""ordered nested-math atom; exact symbolic replay"",""kind"":""source-target-formula-map""}"
1.1.0,formula,O007-FREMLIN-V2-S244-FORMULA-0070,O007-FREMLIN-V2-S244,O007-RIGHTS-FREMLIN-DSL,O007-FREMLIN-V2-S244-SEG-244B,70,244B,244B,64,69,2377,2392,2564,2579,f\in\eusm L^p,f\in\eusm L^p,3e7f6d60c2e44edcbf6d30822f4d7ea0a718edd1edcf7fd8077c0ab53cd55791,3e7f6d60c2e44edcbf6d30822f4d7ea0a718edd1edcf7fd8077c0ab53cd55791,7833071826170ae2087a6c03ab8437e0aa3edba5b705fb456eebf342fd043404,$,,7833071826170ae2087a6c03ab8437e0aa3edba5b705fb456eebf342fd043404,7833071826170ae2087a6c03ab8437e0aa3edba5b705fb456eebf342fd043404,"{""basis"":""ordered nested-math atom; exact symbolic replay"",""kind"":""source-target-formula-map""}"
1.1.0,formula,O007-FREMLIN-V2-S244-FORMULA-0071,O007-FREMLIN-V2-S244,O007-RIGHTS-FREMLIN-DSL,O007-FREMLIN-V2-S244-SEG-244B,71,244B,244B,64,69,2397,2412,2584,2599,g\in\eusm L^0,g\in\eusm L^0,ca4d2434fa769eeec35d32850aaacb6dd01821ae84167bdf03fa203de40bf8f1,ca4d2434fa769eeec35d32850aaacb6dd01821ae84167bdf03fa203de40bf8f1,d831139421b5d479221e5b0f06e80687e70b8ff9c8b25f61cf4ad5a952254fa0,$,,d831139421b5d479221e5b0f06e80687e70b8ff9c8b25f61cf4ad5a952254fa0,d831139421b5d479221e5b0f06e80687e70b8ff9c8b25f61cf4ad5a952254fa0,"{""basis"":""ordered nested-math atom; exact symbolic replay"",""kind"":""source-target-formula-map""}"
1.1.0,formula,O007-FREMLIN-V2-S244-FORMULA-0072,O007-FREMLIN-V2-S244,O007-RIGHTS-FREMLIN-DSL,O007-FREMLIN-V2-S244-SEG-244B,72,244B,244B,64,70,2421,2434,2606,2619,|g|\leae|f|,|g|\leae|f|,f6257ff19fd95e2198626801cddbe0e2bbfec53fc845e67ae74903d13aac819f,f6257ff19fd95e2198626801cddbe0e2bbfec53fc845e67ae74903d13aac819f,f6257ff19fd95e2198626801cddbe0e2bbfec53fc845e67ae74903d13aac819f,$,,f6257ff19fd95e2198626801cddbe0e2bbfec53fc845e67ae74903d13aac819f,f6257ff19fd95e2198626801cddbe0e2bbfec53fc845e67ae74903d13aac819f,"{""basis"":""ordered nested-math atom; exact symbolic replay"",""kind"":""source-target-formula-map""}"
1.1.0,formula,O007-FREMLIN-V2-S244-FORMULA-0073,O007-FREMLIN-V2-S244,O007-RIGHTS-FREMLIN-DSL,O007-FREMLIN-V2-S244-SEG-244B,73,244B,244B,65,70,2439,2456,2630,2647,|g|^p\leae|f|^p,|g|^p\leae|f|^p,89ed2b489fab55464003545764614c7f346f7d8878dec5f087c30ad4263c3b69,89ed2b489fab55464003545764614c7f346f7d8878dec5f087c30ad4263c3b69,89ed2b489fab55464003545764614c7f346f7d8878dec5f087c30ad4263c3b69,$,,89ed2b489fab55464003545764614c7f346f7d8878dec5f087c30ad4263c3b69,89ed2b489fab55464003545764614c7f346f7d8878dec5f087c30ad4263c3b69,"{""basis"":""ordered nested-math atom; exact symbolic replay"",""kind"":""source-target-formula-map""}"
1.1.0,formula,O007-FREMLIN-V2-S244-FORMULA-0074,O007-FREMLIN-V2-S244,O007-RIGHTS-FREMLIN-DSL,O007-FREMLIN-V2-S244-SEG-244B,74,244B,244B,65,70,2461,2468,2652,2659,|g|^p,|g|^p,b2045a70ff0f6a9e833653737c60f3eec8142761e372b7d8cc098616706cf525,b2045a70ff0f6a9e833653737c60f3eec8142761e372b7d8cc098616706cf525,b2045a70ff0f6a9e833653737c60f3eec8142761e372b7d8cc098616706cf525,$,,b2045a70ff0f6a9e833653737c60f3eec8142761e372b7d8cc098616706cf525,b2045a70ff0f6a9e833653737c60f3eec8142761e372b7d8cc098616706cf525,"{""basis"":""ordered nested-math atom; exact symbolic replay"",""kind"":""source-target-formula-map""}"
1.1.0,formula,O007-FREMLIN-V2-S244-FORMULA-0075,O007-FREMLIN-V2-S244,O007-RIGHTS-FREMLIN-DSL,O007-FREMLIN-V2-S244-SEG-244B,75,244B,244B,66,71,2498,2513,2692,2707,"g\in\eusm
L^p",g\in\eusm L^p,a404d111bcb0491968551fe74becd2a7a6dc3625f1e56a999513c281962bbd18,cc77ddb489c6961615e15e01bfeaefee4b87fd56a244e85236bf08c02f0d0dc3,52b4d51b00d26021e055885846e84195dd1fdc6a3bfe801512cc47c928863dfd,$,,52b4d51b00d26021e055885846e84195dd1fdc6a3bfe801512cc47c928863dfd,52b4d51b00d26021e055885846e84195dd1fdc6a3bfe801512cc47c928863dfd,"{""basis"":""ordered nested-math atom; exact symbolic replay"",""kind"":""source-target-formula-map""}"
1.1.0,formula,O007-FREMLIN-V2-S244-FORMULA-0076,O007-FREMLIN-V2-S244,O007-RIGHTS-FREMLIN-DSL,O007-FREMLIN-V2-S244-SEG-244B,76,244B,244B,67,71,2518,2528,2712,2722,v\in L^p,v\in L^p,3c5ef5c6583ebe968e935a921c4d893e86fc7b7b4dab127d701f9efa3e63f3eb,3c5ef5c6583ebe968e935a921c4d893e86fc7b7b4dab127d701f9efa3e63f3eb,104d613809fbd47a3d0f459b821b98f511de5f9b4eda48215895d5823dc18100,$,,104d613809fbd47a3d0f459b821b98f511de5f9b4eda48215895d5823dc18100,104d613809fbd47a3d0f459b821b98f511de5f9b4eda48215895d5823dc18100,"{""basis"":""ordered nested-math atom; exact symbolic replay"",""kind"":""source-target-formula-map""}"
1.1.0,formula,O007-FREMLIN-V2-S244-FORMULA-0077,O007-FREMLIN-V2-S244,O007-RIGHTS-FREMLIN-DSL,O007-FREMLIN-V2-S244-SEG-244B,77,244B,244B,71,75,2561,2576,2760,2775,"|\,|u|\,|=|u|","|\,|u|\,|=|u|",09edf081577db6552a3dcfb982287df4bad7ef4cc6a89cb4d12671b660289094,09edf081577db6552a3dcfb982287df4bad7ef4cc6a89cb4d12671b660289094,09edf081577db6552a3dcfb982287df4bad7ef4cc6a89cb4d12671b660289094,$,,09edf081577db6552a3dcfb982287df4bad7ef4cc6a89cb4d12671b660289094,09edf081577db6552a3dcfb982287df4bad7ef4cc6a89cb4d12671b660289094,"{""basis"":""ordered nested-math atom; exact symbolic replay"",""kind"":""source-target-formula-map""}"
1.1.0,formula,O007-FREMLIN-V2-S244-FORMULA-0078,O007-FREMLIN-V2-S244,O007-RIGHTS-FREMLIN-DSL,O007-FREMLIN-V2-S244-SEG-244B,78,244B,244B,71,75,2580,2592,2786,2798,|u|\in L^p,|u|\in L^p,35337396f59c5f0cfc3dd1afd6ae62fd04bbd6d67c73dc67ada1b7cd88e275be,35337396f59c5f0cfc3dd1afd6ae62fd04bbd6d67c73dc67ada1b7cd88e275be,bb691699324b33ed53ecf012f019e9b874600a29bf4a81c62cf0524ba1112b6a,$,,bb691699324b33ed53ecf012f019e9b874600a29bf4a81c62cf0524ba1112b6a,bb691699324b33ed53ecf012f019e9b874600a29bf4a81c62cf0524ba1112b6a,"{""basis"":""ordered nested-math atom; exact symbolic replay"",""kind"":""source-target-formula-map""}"
1.1.0,formula,O007-FREMLIN-V2-S244-FORMULA-0079,O007-FREMLIN-V2-S244,O007-RIGHTS-FREMLIN-DSL,O007-FREMLIN-V2-S244-SEG-244B,79,244B,244B,71,76,2602,2612,2811,2821,u\in L^p,u\in L^p,4469d02546c5a3713a6e8c8ca3450f7e0668cbbf9feecd60e8edc8273374d732,4469d02546c5a3713a6e8c8ca3450f7e0668cbbf9feecd60e8edc8273374d732,83d058857d4c97bd6f1fedebc4dcdd11ca86543e060bf49873ecc26aa8e274c1,$,,83d058857d4c97bd6f1fedebc4dcdd11ca86543e060bf49873ecc26aa8e274c1,83d058857d4c97bd6f1fedebc4dcdd11ca86543e060bf49873ecc26aa8e274c1,"{""basis"":""ordered nested-math atom; exact symbolic replay"",""kind"":""source-target-formula-map""}"
1.1.0,formula,O007-FREMLIN-V2-S244-FORMULA-0080,O007-FREMLIN-V2-S244,O007-RIGHTS-FREMLIN-DSL,O007-FREMLIN-V2-S244-SEG-244B,80,244B,244B,72,77,2622,2651,2833,2862,u\vee v=\bover12(u+v+|u-v|),u\vee v=\bover12(u+v+|u-v|),f899f15e77e50b91de1a1359b37c04d494c56b4f30eaeb35066ab6d9c7e3cf8e,f899f15e77e50b91de1a1359b37c04d494c56b4f30eaeb35066ab6d9c7e3cf8e,b6c3c7d45ea4fb4dea2c88424382e493dda40c8cf7382ef68c109964a07e3e6e,$,,b6c3c7d45ea4fb4dea2c88424382e493dda40c8cf7382ef68c109964a07e3e6e,b6c3c7d45ea4fb4dea2c88424382e493dda40c8cf7382ef68c109964a07e3e6e,"{""basis"":""ordered nested-math atom; exact symbolic replay"",""kind"":""source-target-formula-map""}"
1.1.0,formula,O007-FREMLIN-V2-S244-FORMULA-0081,O007-FREMLIN-V2-S244,O007-RIGHTS-FREMLIN-DSL,O007-FREMLIN-V2-S244-SEG-244B,81,244B,244B,73,78,2656,2687,2867,2898,u\wedge v=\bover12(u+v-|u-v|),u\wedge v=\bover12(u+v-|u-v|),466b27d2bae81c731e809c5c81254e46201cd39d06fe77f25084f9c2198a37d9,466b27d2bae81c731e809c5c81254e46201cd39d06fe77f25084f9c2198a37d9,cd6c372189779e23a38c60853caabf10cea3ea5e5033a8c1043f1611f61c4640,$,,cd6c372189779e23a38c60853caabf10cea3ea5e5033a8c1043f1611f61c4640,cd6c372189779e23a38c60853caabf10cea3ea5e5033a8c1043f1611f61c4640,"{""basis"":""ordered nested-math atom; exact symbolic replay"",""kind"":""source-target-formula-map""}"
1.1.0,formula,O007-FREMLIN-V2-S244-FORMULA-0082,O007-FREMLIN-V2-S244,O007-RIGHTS-FREMLIN-DSL,O007-FREMLIN-V2-S244-SEG-244B,82,244B,244B,74,78,2698,2703,2914,2919,L^p,L^p,0de1bee007df208a54c85a6cf3aa6c06e2a922620965a43478a0496c27e05aa0,0de1bee007df208a54c85a6cf3aa6c06e2a922620965a43478a0496c27e05aa0,0de1bee007df208a54c85a6cf3aa6c06e2a922620965a43478a0496c27e05aa0,$,,0de1bee007df208a54c85a6cf3aa6c06e2a922620965a43478a0496c27e05aa0,0de1bee007df208a54c85a6cf3aa6c06e2a922620965a43478a0496c27e05aa0,"{""basis"":""ordered nested-math atom; exact symbolic replay"",""kind"":""source-target-formula-map""}"
1.1.0,formula,O007-FREMLIN-V2-S244-FORMULA-0083,O007-FREMLIN-V2-S244,O007-RIGHTS-FREMLIN-DSL,O007-FREMLIN-V2-S244-SEG-244B,83,244B,244B,74,78,2712,2715,2932,2935,u,u,0bfe935e70c321c7ca3afc75ce0d0ca2f98b5422e008bb31c00c6d7f1f1c0ad6,0bfe935e70c321c7ca3afc75ce0d0ca2f98b5422e008bb31c00c6d7f1f1c0ad6,0bfe935e70c321c7ca3afc75ce0d0ca2f98b5422e008bb31c00c6d7f1f1c0ad6,$,,0bfe935e70c321c7ca3afc75ce0d0ca2f98b5422e008bb31c00c6d7f1f1c0ad6,0bfe935e70c321c7ca3afc75ce0d0ca2f98b5422e008bb31c00c6d7f1f1c0ad6,"{""basis"":""ordered nested-math atom; exact symbolic replay"",""kind"":""source-target-formula-map""}"
1.1.0,formula,O007-FREMLIN-V2-S244-FORMULA-0084,O007-FREMLIN-V2-S244,O007-RIGHTS-FREMLIN-DSL,O007-FREMLIN-V2-S244-SEG-244B,84,244B,244B,74,79,2717,2727,2937,2947,v\in L^p,v\in L^p,3c5ef5c6583ebe968e935a921c4d893e86fc7b7b4dab127d701f9efa3e63f3eb,3c5ef5c6583ebe968e935a921c4d893e86fc7b7b4dab127d701f9efa3e63f3eb,104d613809fbd47a3d0f459b821b98f511de5f9b4eda48215895d5823dc18100,$,,104d613809fbd47a3d0f459b821b98f511de5f9b4eda48215895d5823dc18100,104d613809fbd47a3d0f459b821b98f511de5f9b4eda48215895d5823dc18100,"{""basis"":""ordered nested-math atom; exact symbolic replay"",""kind"":""source-target-formula-map""}"
1.1.0,formula,O007-FREMLIN-V2-S244-FORMULA-0085,O007-FREMLIN-V2-S244,O007-RIGHTS-FREMLIN-DSL,O007-FREMLIN-V2-S244-SEG-244C,85,244C,244C,77,82,2769,2774,2983,2988,L^p,L^p,0de1bee007df208a54c85a6cf3aa6c06e2a922620965a43478a0496c27e05aa0,0de1bee007df208a54c85a6cf3aa6c06e2a922620965a43478a0496c27e05aa0,0de1bee007df208a54c85a6cf3aa6c06e2a922620965a43478a0496c27e05aa0,$,,0de1bee007df208a54c85a6cf3aa6c06e2a922620965a43478a0496c27e05aa0,0de1bee007df208a54c85a6cf3aa6c06e2a922620965a43478a0496c27e05aa0,"{""basis"":""ordered nested-math atom; exact symbolic replay"",""kind"":""source-target-formula-map""}"
1.1.0,formula,O007-FREMLIN-V2-S244-FORMULA-0086,O007-FREMLIN-V2-S244,O007-RIGHTS-FREMLIN-DSL,O007-FREMLIN-V2-S244-SEG-244C,86,244C,244C,77,82,2780,2796,2999,3015,"(X,\Sigma,\mu)","(X,\Sigma,\mu)",05e9b769403b4c7926a944d5aaa03f00bb216412bc3f850e41b3c28de657aa67,05e9b769403b4c7926a944d5aaa03f00bb216412bc3f850e41b3c28de657aa67,05e9b769403b4c7926a944d5aaa03f00bb216412bc3f850e41b3c28de657aa67,$,,05e9b769403b4c7926a944d5aaa03f00bb216412bc3f850e41b3c28de657aa67,05e9b769403b4c7926a944d5aaa03f00bb216412bc3f850e41b3c28de657aa67,"{""basis"":""ordered nested-math atom; exact symbolic replay"",""kind"":""source-target-formula-map""}"
1.1.0,formula,O007-FREMLIN-V2-S244-FORMULA-0087,O007-FREMLIN-V2-S244,O007-RIGHTS-FREMLIN-DSL,O007-FREMLIN-V2-S244-SEG-244C,87,244C,244C,78,83,2823,2839,3041,3057,"p\in[1,\infty]","p\in[1,\infty]",7d8e33c2c22d2bb3bb84f57d68b03a758a2a11e30762f389926cb8f394cb8548,7d8e33c2c22d2bb3bb84f57d68b03a758a2a11e30762f389926cb8f394cb8548,7d8e33c2c22d2bb3bb84f57d68b03a758a2a11e30762f389926cb8f394cb8548,$,,7d8e33c2c22d2bb3bb84f57d68b03a758a2a11e30762f389926cb8f394cb8548,7d8e33c2c22d2bb3bb84f57d68b03a758a2a11e30762f389926cb8f394cb8548,"{""basis"":""ordered nested-math atom; exact symbolic replay"",""kind"":""source-target-formula-map""}"
1.1.0,formula,O007-FREMLIN-V2-S244-FORMULA-0088,O007-FREMLIN-V2-S244,O007-RIGHTS-FREMLIN-DSL,O007-FREMLIN-V2-S244-SEG-244C,88,244C,244C,79,84,2919,2929,3138,3148,L^0(\mu),L^0(\mu),7ccd5346db90a9896e104499ac3db2d66bf84facfcf695688be6ba7992022f65,7ccd5346db90a9896e104499ac3db2d66bf84facfcf695688be6ba7992022f65,7ccd5346db90a9896e104499ac3db2d66bf84facfcf695688be6ba7992022f65,$,,7ccd5346db90a9896e104499ac3db2d66bf84facfcf695688be6ba7992022f65,7ccd5346db90a9896e104499ac3db2d66bf84facfcf695688be6ba7992022f65,"{""basis"":""ordered nested-math atom; exact symbolic replay"",""kind"":""source-target-formula-map""}"
1.1.0,formula,O007-FREMLIN-V2-S244-FORMULA-0089,O007-FREMLIN-V2-S244,O007-RIGHTS-FREMLIN-DSL,O007-FREMLIN-V2-S244-SEG-244C,89,244C,244C,80,85,2936,2946,3160,3170,L^p(\mu),L^p(\mu),d849a4c2e7df7f9d2bf5ba90896603d57e64c2548b570a54255b228bda9421c7,d849a4c2e7df7f9d2bf5ba90896603d57e64c2548b570a54255b228bda9421c7,d849a4c2e7df7f9d2bf5ba90896603d57e64c2548b570a54255b228bda9421c7,$,,d849a4c2e7df7f9d2bf5ba90896603d57e64c2548b570a54255b228bda9421c7,d849a4c2e7df7f9d2bf5ba90896603d57e64c2548b570a54255b228bda9421c7,"{""basis"":""ordered nested-math atom; exact symbolic replay"",""kind"":""source-target-formula-map""}"
1.1.0,formula,O007-FREMLIN-V2-S244-FORMULA-0090,O007-FREMLIN-V2-S244,O007-RIGHTS-FREMLIN-DSL,O007-FREMLIN-V2-S244-SEG-244D,90,244D,244D,82,87,3018,3023,3243,3248,L^p,L^p,0de1bee007df208a54c85a6cf3aa6c06e2a922620965a43478a0496c27e05aa0,0de1bee007df208a54c85a6cf3aa6c06e2a922620965a43478a0496c27e05aa0,0de1bee007df208a54c85a6cf3aa6c06e2a922620965a43478a0496c27e05aa0,$,,0de1bee007df208a54c85a6cf3aa6c06e2a922620965a43478a0496c27e05aa0,0de1bee007df208a54c85a6cf3aa6c06e2a922620965a43478a0496c27e05aa0,"{""basis"":""ordered nested-math atom; exact symbolic replay"",""kind"":""source-target-formula-map""}"
1.1.0,formula,O007-FREMLIN-V2-S244-FORMULA-0091,O007-FREMLIN-V2-S244,O007-RIGHTS-FREMLIN-DSL,O007-FREMLIN-V2-S244-SEG-244D,91,244D,244D,82,87,3029,3045,3259,3275,"(X,\Sigma,\mu)","(X,\Sigma,\mu)",05e9b769403b4c7926a944d5aaa03f00bb216412bc3f850e41b3c28de657aa67,05e9b769403b4c7926a944d5aaa03f00bb216412bc3f850e41b3c28de657aa67,05e9b769403b4c7926a944d5aaa03f00bb216412bc3f850e41b3c28de657aa67,$,,05e9b769403b4c7926a944d5aaa03f00bb216412bc3f850e41b3c28de657aa67,05e9b769403b4c7926a944d5aaa03f00bb216412bc3f850e41b3c28de657aa67,"{""basis"":""ordered nested-math atom; exact symbolic replay"",""kind"":""source-target-formula-map""}"
1.1.0,formula,O007-FREMLIN-V2-S244-FORMULA-0092,O007-FREMLIN-V2-S244,O007-RIGHTS-FREMLIN-DSL,O007-FREMLIN-V2-S244-SEG-244D,92,244D,244D,83,88,3070,3092,3298,3320,"p\in\ooint{1,\infty}","p\in\ooint{1,\infty}",b26ec130e99a291da75f46354a0a86a5b604537ec8e83ade5c90b74f8a59770e,b26ec130e99a291da75f46354a0a86a5b604537ec8e83ade5c90b74f8a59770e,b26ec130e99a291da75f46354a0a86a5b604537ec8e83ade5c90b74f8a59770e,$,,b26ec130e99a291da75f46354a0a86a5b604537ec8e83ade5c90b74f8a59770e,b26ec130e99a291da75f46354a0a86a5b604537ec8e83ade5c90b74f8a59770e,"{""basis"":""ordered nested-math atom; exact symbolic replay"",""kind"":""source-target-formula-map""}"
1.1.0,formula,O007-FREMLIN-V2-S244-FORMULA-0093,O007-FREMLIN-V2-S244,O007-RIGHTS-FREMLIN-DSL,O007-FREMLIN-V2-S244-SEG-244DA,93,244Da,244Da,85,90,3115,3145,3345,3375,f\in\eusm L^p=\eusm L^p(\mu),f\in\eusm L^p=\eusm L^p(\mu),7cbf1b14811335e5cfaa68f81273b86d644664ed60fc07de57f647637cb48853,7cbf1b14811335e5cfaa68f81273b86d644664ed60fc07de57f647637cb48853,812a16b9543ec41aadfb81f079a9341834c5519100e7b34b4bd86a5dc7c79283,$,,812a16b9543ec41aadfb81f079a9341834c5519100e7b34b4bd86a5dc7c79283,812a16b9543ec41aadfb81f079a9341834c5519100e7b34b4bd86a5dc7c79283,"{""basis"":""ordered nested-math atom; exact symbolic replay"",""kind"":""source-target-formula-map""}"
1.1.0,formula,O007-FREMLIN-V2-S244-FORMULA-0094,O007-FREMLIN-V2-S244,O007-RIGHTS-FREMLIN-DSL,O007-FREMLIN-V2-S244-SEG-244DA,94,244Da,244Da,86,91,3151,3178,3386,3413,\|f\|_p=(\int|f|^p)^{1/p},\|f\|_p=(\int|f|^p)^{1/p},c6b835522114d40033525d2bc3cabddb7777bf3ea5749ee69db6be0cf596939b,c6b835522114d40033525d2bc3cabddb7777bf3ea5749ee69db6be0cf596939b,c6b835522114d40033525d2bc3cabddb7777bf3ea5749ee69db6be0cf596939b,$,,c6b835522114d40033525d2bc3cabddb7777bf3ea5749ee69db6be0cf596939b,c6b835522114d40033525d2bc3cabddb7777bf3ea5749ee69db6be0cf596939b,"{""basis"":""ordered nested-math atom; exact symbolic replay"",""kind"":""source-target-formula-map""}"
1.1.0,formula,O007-FREMLIN-V2-S244-FORMULA-0095,O007-FREMLIN-V2-S244,O007-RIGHTS-FREMLIN-DSL,O007-FREMLIN-V2-S244-SEG-244DA,95,244Da,244Da,87,92,3183,3186,3420,3423,f,f,252f10c83610ebca1a059c0bae8255eba2f95be4d1d7bcfa89d7248a82d9f111,252f10c83610ebca1a059c0bae8255eba2f95be4d1d7bcfa89d7248a82d9f111,252f10c83610ebca1a059c0bae8255eba2f95be4d1d7bcfa89d7248a82d9f111,$,,252f10c83610ebca1a059c0bae8255eba2f95be4d1d7bcfa89d7248a82d9f111,252f10c83610ebca1a059c0bae8255eba2f95be4d1d7bcfa89d7248a82d9f111,"{""basis"":""ordered nested-math atom; exact symbolic replay"",""kind"":""source-target-formula-map""}"
1.1.0,formula,O007-FREMLIN-V2-S244-FORMULA-0096,O007-FREMLIN-V2-S244,O007-RIGHTS-FREMLIN-DSL,O007-FREMLIN-V2-S244-SEG-244DA,96,244Da,244Da,87,92,3188,3203,3425,3440,g\in\eusm L^p,g\in\eusm L^p,cc77ddb489c6961615e15e01bfeaefee4b87fd56a244e85236bf08c02f0d0dc3,cc77ddb489c6961615e15e01bfeaefee4b87fd56a244e85236bf08c02f0d0dc3,52b4d51b00d26021e055885846e84195dd1fdc6a3bfe801512cc47c928863dfd,$,,52b4d51b00d26021e055885846e84195dd1fdc6a3bfe801512cc47c928863dfd,52b4d51b00d26021e055885846e84195dd1fdc6a3bfe801512cc47c928863dfd,"{""basis"":""ordered nested-math atom; exact symbolic replay"",""kind"":""source-target-formula-map""}"
1.1.0,formula,O007-FREMLIN-V2-S244-FORMULA-0097,O007-FREMLIN-V2-S244,O007-RIGHTS-FREMLIN-DSL,O007-FREMLIN-V2-S244-SEG-244DA,97,244Da,244Da,87,92,3208,3217,3445,3454,f\eae g,f\eae g,ae240d11c6286a4c8ba6fdb0ab6d57571c1af19711620fc7204e23974c77e68a,ae240d11c6286a4c8ba6fdb0ab6d57571c1af19711620fc7204e23974c77e68a,d1ab5c14fd4da4667f623a650c14e1f6c15f4ef3df1b2208dc8214a27eabb6d3,$,,d1ab5c14fd4da4667f623a650c14e1f6c15f4ef3df1b2208dc8214a27eabb6d3,d1ab5c14fd4da4667f623a650c14e1f6c15f4ef3df1b2208dc8214a27eabb6d3,"{""basis"":""ordered nested-math atom; exact symbolic replay"",""kind"":""source-target-formula-map""}"
1.1.0,formula,O007-FREMLIN-V2-S244-FORMULA-0098,O007-FREMLIN-V2-S244,O007-RIGHTS-FREMLIN-DSL,O007-FREMLIN-V2-S244-SEG-244DA,98,244Da,244Da,88,93,3223,3239,3461,3477,|f|^p\eae|g|^p,|f|^p\eae|g|^p,16fccbbaeea4a134c4d30112b544edfa4945da5bbd78386c54a4829c258d47b4,16fccbbaeea4a134c4d30112b544edfa4945da5bbd78386c54a4829c258d47b4,16fccbbaeea4a134c4d30112b544edfa4945da5bbd78386c54a4829c258d47b4,$,,16fccbbaeea4a134c4d30112b544edfa4945da5bbd78386c54a4829c258d47b4,16fccbbaeea4a134c4d30112b544edfa4945da5bbd78386c54a4829c258d47b4,"{""basis"":""ordered nested-math atom; exact symbolic replay"",""kind"":""source-target-formula-map""}"
1.1.0,formula,O007-FREMLIN-V2-S244-FORMULA-0099,O007-FREMLIN-V2-S244,O007-RIGHTS-FREMLIN-DSL,O007-FREMLIN-V2-S244-SEG-244DA,99,244Da,244Da,88,93,3243,3260,3488,3505,\|f\|_p=\|g\|_p,\|f\|_p=\|g\|_p,ce0a51a8339dc31612244dacdd08f7053961c992ec4e3e61737332b43b93c0e7,ce0a51a8339dc31612244dacdd08f7053961c992ec4e3e61737332b43b93c0e7,ce0a51a8339dc31612244dacdd08f7053961c992ec4e3e61737332b43b93c0e7,$,,ce0a51a8339dc31612244dacdd08f7053961c992ec4e3e61737332b43b93c0e7,ce0a51a8339dc31612244dacdd08f7053961c992ec4e3e61737332b43b93c0e7,"{""basis"":""ordered nested-math atom; exact symbolic replay"",""kind"":""source-target-formula-map""}"
1.1.0,formula,O007-FREMLIN-V2-S244-FORMULA-0100,O007-FREMLIN-V2-S244,O007-RIGHTS-FREMLIN-DSL,O007-FREMLIN-V2-S244-SEG-244DA,100,244Da,244Da,89,94,3290,3332,3549,3591,"\|\,\|_p:L^p=L^p(\mu)\to\coint{0,\infty}","\|\,\|_p:L^p=L^p(\mu)\to\coint{0,\infty}",c35ace6a8404ade2f14ee25274e6dc21efdd9cd8ad8518336f5baed9f2ce13c9,c35ace6a8404ade2f14ee25274e6dc21efdd9cd8ad8518336f5baed9f2ce13c9,c35ace6a8404ade2f14ee25274e6dc21efdd9cd8ad8518336f5baed9f2ce13c9,$,,c35ace6a8404ade2f14ee25274e6dc21efdd9cd8ad8518336f5baed9f2ce13c9,c35ace6a8404ade2f14ee25274e6dc21efdd9cd8ad8518336f5baed9f2ce13c9,"{""basis"":""ordered nested-math atom; exact symbolic replay"",""kind"":""source-target-formula-map""}"
1.1.0,formula,O007-FREMLIN-V2-S244-FORMULA-0101,O007-FREMLIN-V2-S244,O007-RIGHTS-FREMLIN-DSL,O007-FREMLIN-V2-S244-SEG-244DA,101,244Da,244Da,90,95,3344,3373,3610,3639,\|f^{\ssbullet}\|_p=\|f\|_p,\|f^{\ssbullet}\|_p=\|f\|_p,0c6c6531edd44835ed22c7505abea30da556a51741c46dd2847ca29ce70c3dee,0c6c6531edd44835ed22c7505abea30da556a51741c46dd2847ca29ce70c3dee,0c6c6531edd44835ed22c7505abea30da556a51741c46dd2847ca29ce70c3dee,$,,0c6c6531edd44835ed22c7505abea30da556a51741c46dd2847ca29ce70c3dee,0c6c6531edd44835ed22c7505abea30da556a51741c46dd2847ca29ce70c3dee,"{""basis"":""ordered nested-math atom; exact symbolic replay"",""kind"":""source-target-formula-map""}"
1.1.0,formula,O007-FREMLIN-V2-S244-FORMULA-0102,O007-FREMLIN-V2-S244,O007-RIGHTS-FREMLIN-DSL,O007-FREMLIN-V2-S244-SEG-244DA,102,244Da,244Da,90,95,3384,3399,3653,3668,f\in\eusm L^p,f\in\eusm L^p,3e7f6d60c2e44edcbf6d30822f4d7ea0a718edd1edcf7fd8077c0ab53cd55791,3e7f6d60c2e44edcbf6d30822f4d7ea0a718edd1edcf7fd8077c0ab53cd55791,7833071826170ae2087a6c03ab8437e0aa3edba5b705fb456eebf342fd043404,$,,7833071826170ae2087a6c03ab8437e0aa3edba5b705fb456eebf342fd043404,7833071826170ae2087a6c03ab8437e0aa3edba5b705fb456eebf342fd043404,"{""basis"":""ordered nested-math atom; exact symbolic replay"",""kind"":""source-target-formula-map""}"
1.1.0,formula,O007-FREMLIN-V2-S244-FORMULA-0103,O007-FREMLIN-V2-S244,O007-RIGHTS-FREMLIN-DSL,O007-FREMLIN-V2-S244-SEG-244DA,103,244Da,244Da,92,98,3445,3472,3731,3758,\|u\|_p=(\int|u|^p)^{1/p},\|u\|_p=(\int|u|^p)^{1/p},5b0319dc8882dcca92fc6143af2042d2095bd1611bfb7e61b5aae0ea0c29dba8,5b0319dc8882dcca92fc6143af2042d2095bd1611bfb7e61b5aae0ea0c29dba8,5b0319dc8882dcca92fc6143af2042d2095bd1611bfb7e61b5aae0ea0c29dba8,$,,5b0319dc8882dcca92fc6143af2042d2095bd1611bfb7e61b5aae0ea0c29dba8,5b0319dc8882dcca92fc6143af2042d2095bd1611bfb7e61b5aae0ea0c29dba8,"{""basis"":""ordered nested-math atom; exact symbolic replay"",""kind"":""source-target-formula-map""}"
1.1.0,formula,O007-FREMLIN-V2-S244-FORMULA-0104,O007-FREMLIN-V2-S244,O007-RIGHTS-FREMLIN-DSL,O007-FREMLIN-V2-S244-SEG-244DA,104,244Da,244Da,93,98,3483,3502,3772,3791,u\in L^p=L^p(\mu),u\in L^p=L^p(\mu),ddd9994cedef4d73d9c3178661e5d983ce58e46f27b87bd0b755320a86e7814b,ddd9994cedef4d73d9c3178661e5d983ce58e46f27b87bd0b755320a86e7814b,6709864553e029a705ad16f914495afde70eafe58f9225ca25db2f9dd0793388,$,,6709864553e029a705ad16f914495afde70eafe58f9225ca25db2f9dd0793388,6709864553e029a705ad16f914495afde70eafe58f9225ca25db2f9dd0793388,"{""basis"":""ordered nested-math atom; exact symbolic replay"",""kind"":""source-target-formula-map""}"
1.1.0,formula,O007-FREMLIN-V2-S244-FORMULA-0105,O007-FREMLIN-V2-S244,O007-RIGHTS-FREMLIN-DSL,O007-FREMLIN-V2-S244-SEG-244DB,105,244Db,244Db,95,100,3542,3552,3825,3835,"\|\,\|_p","\|\,\|_p",c8fa669e940d4d6ba37ec24bdc68193ad46c15f02e32977a6dce74241dc029f4,c8fa669e940d4d6ba37ec24bdc68193ad46c15f02e32977a6dce74241dc029f4,c8fa669e940d4d6ba37ec24bdc68193ad46c15f02e32977a6dce74241dc029f4,$,,c8fa669e940d4d6ba37ec24bdc68193ad46c15f02e32977a6dce74241dc029f4,c8fa669e940d4d6ba37ec24bdc68193ad46c15f02e32977a6dce74241dc029f4,"{""basis"":""ordered nested-math atom; exact symbolic replay"",""kind"":""source-target-formula-map""}"
1.1.0,formula,O007-FREMLIN-V2-S244-FORMULA-0106,O007-FREMLIN-V2-S244,O007-RIGHTS-FREMLIN-DSL,O007-FREMLIN-V2-S244-SEG-244DB,106,244Db,244Db,97,101,3592,3597,3880,3885,L^p,L^p,0de1bee007df208a54c85a6cf3aa6c06e2a922620965a43478a0496c27e05aa0,0de1bee007df208a54c85a6cf3aa6c06e2a922620965a43478a0496c27e05aa0,0de1bee007df208a54c85a6cf3aa6c06e2a922620965a43478a0496c27e05aa0,$,,0de1bee007df208a54c85a6cf3aa6c06e2a922620965a43478a0496c27e05aa0,0de1bee007df208a54c85a6cf3aa6c06e2a922620965a43478a0496c27e05aa0,"{""basis"":""ordered nested-math atom; exact symbolic replay"",""kind"":""source-target-formula-map""}"
1.1.0,formula,O007-FREMLIN-V2-S244-FORMULA-0107,O007-FREMLIN-V2-S244,O007-RIGHTS-FREMLIN-DSL,O007-FREMLIN-V2-S244-SEG-244DB,107,244Db,244Db,99,103,3708,3729,4012,4033,\|cu\|_p=|c|\|u\|_p,\|cu\|_p=|c|\|u\|_p,441dba35966a35190c7407f88d82bc433768f2fbbcaca13c0a041e5eca3329c3,441dba35966a35190c7407f88d82bc433768f2fbbcaca13c0a041e5eca3329c3,441dba35966a35190c7407f88d82bc433768f2fbbcaca13c0a041e5eca3329c3,$,,441dba35966a35190c7407f88d82bc433768f2fbbcaca13c0a041e5eca3329c3,441dba35966a35190c7407f88d82bc433768f2fbbcaca13c0a041e5eca3329c3,"{""basis"":""ordered nested-math atom; exact symbolic replay"",""kind"":""source-target-formula-map""}"
1.1.0,formula,O007-FREMLIN-V2-S244-FORMULA-0108,O007-FREMLIN-V2-S244,O007-RIGHTS-FREMLIN-DSL,O007-FREMLIN-V2-S244-SEG-244DB,108,244Db,244Db,100,103,3738,3748,4046,4056,u\in L^p,u\in L^p,4469d02546c5a3713a6e8c8ca3450f7e0668cbbf9feecd60e8edc8273374d732,4469d02546c5a3713a6e8c8ca3450f7e0668cbbf9feecd60e8edc8273374d732,83d058857d4c97bd6f1fedebc4dcdd11ca86543e060bf49873ecc26aa8e274c1,$,,83d058857d4c97bd6f1fedebc4dcdd11ca86543e060bf49873ecc26aa8e274c1,83d058857d4c97bd6f1fedebc4dcdd11ca86543e060bf49873ecc26aa8e274c1,"{""basis"":""ordered nested-math atom; exact symbolic replay"",""kind"":""source-target-formula-map""}"
1.1.0,formula,O007-FREMLIN-V2-S244-FORMULA-0109,O007-FREMLIN-V2-S244,O007-RIGHTS-FREMLIN-DSL,O007-FREMLIN-V2-S244-SEG-244DB,109,244Db,244Db,100,104,3753,3765,4061,4073,c\in\Bbb R,c\in\Bbb R,365f5ce487f10d724b33ca913e9f2aff3456a3c2ba87d35652de7cf350ca3be0,365f5ce487f10d724b33ca913e9f2aff3456a3c2ba87d35652de7cf350ca3be0,94bc9d92c15c2e8afaebffdcd5145690aa18e8d3436bad14ca833f19d17e6977,$,,94bc9d92c15c2e8afaebffdcd5145690aa18e8d3436bad14ca833f19d17e6977,94bc9d92c15c2e8afaebffdcd5145690aa18e8d3436bad14ca833f19d17e6977,"{""basis"":""ordered nested-math atom; exact symbolic replay"",""kind"":""source-target-formula-map""}"
1.1.0,formula,O007-FREMLIN-V2-S244-FORMULA-0110,O007-FREMLIN-V2-S244,O007-RIGHTS-FREMLIN-DSL,O007-FREMLIN-V2-S244-SEG-244DB,110,244Db,244Db,100,104,3787,3798,4098,4109,\|u\|_p=0,\|u\|_p=0,7dd690ec3bae2e63bfb12e9b196a62c62f84ad7c92f491ccc82564d503ad2d85,7dd690ec3bae2e63bfb12e9b196a62c62f84ad7c92f491ccc82564d503ad2d85,7dd690ec3bae2e63bfb12e9b196a62c62f84ad7c92f491ccc82564d503ad2d85,$,,7dd690ec3bae2e63bfb12e9b196a62c62f84ad7c92f491ccc82564d503ad2d85,7dd690ec3bae2e63bfb12e9b196a62c62f84ad7c92f491ccc82564d503ad2d85,"{""basis"":""ordered nested-math atom; exact symbolic replay"",""kind"":""source-target-formula-map""}"
1.1.0,formula,O007-FREMLIN-V2-S244-FORMULA-0111,O007-FREMLIN-V2-S244,O007-RIGHTS-FREMLIN-DSL,O007-FREMLIN-V2-S244-SEG-244DB,111,244Db,244Db,101,105,3811,3824,4123,4136,\int|u|^p=0,\int|u|^p=0,49afdca2e358ea1e342ad5938c70fd54da8bc4208b75d279a9895f28424368a1,49afdca2e358ea1e342ad5938c70fd54da8bc4208b75d279a9895f28424368a1,49afdca2e358ea1e342ad5938c70fd54da8bc4208b75d279a9895f28424368a1,$,,49afdca2e358ea1e342ad5938c70fd54da8bc4208b75d279a9895f28424368a1,49afdca2e358ea1e342ad5938c70fd54da8bc4208b75d279a9895f28424368a1,"{""basis"":""ordered nested-math atom; exact symbolic replay"",""kind"":""source-target-formula-map""}"
1.1.0,formula,O007-FREMLIN-V2-S244-FORMULA-0112,O007-FREMLIN-V2-S244,O007-RIGHTS-FREMLIN-DSL,O007-FREMLIN-V2-S244-SEG-244DB,112,244Db,244Db,101,105,3828,3837,4147,4156,|u|^p=0,|u|^p=0,9f8e159d9a558ebcfb930b145c0a6ceb55ce42dd7aa75f4d03ad1913708a07d7,9f8e159d9a558ebcfb930b145c0a6ceb55ce42dd7aa75f4d03ad1913708a07d7,9f8e159d9a558ebcfb930b145c0a6ceb55ce42dd7aa75f4d03ad1913708a07d7,$,,9f8e159d9a558ebcfb930b145c0a6ceb55ce42dd7aa75f4d03ad1913708a07d7,9f8e159d9a558ebcfb930b145c0a6ceb55ce42dd7aa75f4d03ad1913708a07d7,"{""basis"":""ordered nested-math atom; exact symbolic replay"",""kind"":""source-target-formula-map""}"
1.1.0,formula,O007-FREMLIN-V2-S244-FORMULA-0113,O007-FREMLIN-V2-S244,O007-RIGHTS-FREMLIN-DSL,O007-FREMLIN-V2-S244-SEG-244DB,113,244Db,244Db,101,105,3843,3848,4162,4167,u=0,u=0,953a947a0a53b228142b57831935a639b7fb7deae9d3192750598cd54f5cad24,953a947a0a53b228142b57831935a639b7fb7deae9d3192750598cd54f5cad24,953a947a0a53b228142b57831935a639b7fb7deae9d3192750598cd54f5cad24,$,,953a947a0a53b228142b57831935a639b7fb7deae9d3192750598cd54f5cad24,953a947a0a53b228142b57831935a639b7fb7deae9d3192750598cd54f5cad24,"{""basis"":""ordered nested-math atom; exact symbolic replay"",""kind"":""source-target-formula-map""}"
1.1.0,formula,O007-FREMLIN-V2-S244-FORMULA-0114,O007-FREMLIN-V2-S244,O007-RIGHTS-FREMLIN-DSL,O007-FREMLIN-V2-S244-SEG-244DC,114,244Dc,244Dc,103,107,3870,3882,4191,4203,|u|\le |v|,|u|\le |v|,271bf849dcf6e9a12ee463f6ef6bc5e914c419523fae7ef6ef61aa0d8d264eb8,271bf849dcf6e9a12ee463f6ef6bc5e914c419523fae7ef6ef61aa0d8d264eb8,ace5841241ccd61d6fded631d4abdf8679a6977085af950106ddc953a382114e,$,,ace5841241ccd61d6fded631d4abdf8679a6977085af950106ddc953a382114e,ace5841241ccd61d6fded631d4abdf8679a6977085af950106ddc953a382114e,"{""basis"":""ordered nested-math atom; exact symbolic replay"",""kind"":""source-target-formula-map""}"
1.1.0,formula,O007-FREMLIN-V2-S244-FORMULA-0115,O007-FREMLIN-V2-S244,O007-RIGHTS-FREMLIN-DSL,O007-FREMLIN-V2-S244-SEG-244DC,115,244Dc,244Dc,103,107,3886,3891,4210,4215,L^p,L^p,0de1bee007df208a54c85a6cf3aa6c06e2a922620965a43478a0496c27e05aa0,0de1bee007df208a54c85a6cf3aa6c06e2a922620965a43478a0496c27e05aa0,0de1bee007df208a54c85a6cf3aa6c06e2a922620965a43478a0496c27e05aa0,$,,0de1bee007df208a54c85a6cf3aa6c06e2a922620965a43478a0496c27e05aa0,0de1bee007df208a54c85a6cf3aa6c06e2a922620965a43478a0496c27e05aa0,"{""basis"":""ordered nested-math atom; exact symbolic replay"",""kind"":""source-target-formula-map""}"
1.1.0,formula,O007-FREMLIN-V2-S244-FORMULA-0116,O007-FREMLIN-V2-S244,O007-RIGHTS-FREMLIN-DSL,O007-FREMLIN-V2-S244-SEG-244DC,116,244Dc,244Dc,104,108,3897,3916,4222,4241,\|u\|_p\le\|v\|_p,\|u\|_p\le\|v\|_p,a6fe95245128044cf44fd3bf51032241bf65206a75a50907f13ee38c4504b38a,a6fe95245128044cf44fd3bf51032241bf65206a75a50907f13ee38c4504b38a,a6fe95245128044cf44fd3bf51032241bf65206a75a50907f13ee38c4504b38a,$,,a6fe95245128044cf44fd3bf51032241bf65206a75a50907f13ee38c4504b38a,a6fe95245128044cf44fd3bf51032241bf65206a75a50907f13ee38c4504b38a,"{""basis"":""ordered nested-math atom; exact symbolic replay"",""kind"":""source-target-formula-map""}"
1.1.0,formula,O007-FREMLIN-V2-S244-FORMULA-0117,O007-FREMLIN-V2-S244,O007-RIGHTS-FREMLIN-DSL,O007-FREMLIN-V2-S244-SEG-244DC,117,244Dc,244Dc,104,108,3942,3957,4261,4276,|u|^p\le|v|^p,|u|^p\le|v|^p,b06a352c5c972252efe99b936e1dd4e6e436d72398cfd486d3479b0dab2da2d6,b06a352c5c972252efe99b936e1dd4e6e436d72398cfd486d3479b0dab2da2d6,b06a352c5c972252efe99b936e1dd4e6e436d72398cfd486d3479b0dab2da2d6,$,,b06a352c5c972252efe99b936e1dd4e6e436d72398cfd486d3479b0dab2da2d6,b06a352c5c972252efe99b936e1dd4e6e436d72398cfd486d3479b0dab2da2d6,"{""basis"":""ordered nested-math atom; exact symbolic replay"",""kind"":""source-target-formula-map""}"
1.1.0,formula,O007-FREMLIN-V2-S244-FORMULA-0118,O007-FREMLIN-V2-S244,O007-RIGHTS-FREMLIN-DSL,O007-FREMLIN-V2-S244-SEG-244E,118,244E,244E,107,111,4036,4046,4379,4389,"\|\,\|_p","\|\,\|_p",c8fa669e940d4d6ba37ec24bdc68193ad46c15f02e32977a6dce74241dc029f4,c8fa669e940d4d6ba37ec24bdc68193ad46c15f02e32977a6dce74241dc029f4,c8fa669e940d4d6ba37ec24bdc68193ad46c15f02e32977a6dce74241dc029f4,$,,c8fa669e940d4d6ba37ec24bdc68193ad46c15f02e32977a6dce74241dc029f4,c8fa669e940d4d6ba37ec24bdc68193ad46c15f02e32977a6dce74241dc029f4,"{""basis"":""ordered nested-math atom; exact symbolic replay"",""kind"":""source-target-formula-map""}"
1.1.0,formula,O007-FREMLIN-V2-S244-FORMULA-0119,O007-FREMLIN-V2-S244,O007-RIGHTS-FREMLIN-DSL,O007-FREMLIN-V2-S244-SEG-244E,119,244E,244E,107,111,4060,4065,4411,4416,L^p,L^p,0de1bee007df208a54c85a6cf3aa6c06e2a922620965a43478a0496c27e05aa0,0de1bee007df208a54c85a6cf3aa6c06e2a922620965a43478a0496c27e05aa0,0de1bee007df208a54c85a6cf3aa6c06e2a922620965a43478a0496c27e05aa0,$,,0de1bee007df208a54c85a6cf3aa6c06e2a922620965a43478a0496c27e05aa0,0de1bee007df208a54c85a6cf3aa6c06e2a922620965a43478a0496c27e05aa0,"{""basis"":""ordered nested-math atom; exact symbolic replay"",""kind"":""source-target-formula-map""}"
1.1.0,formula,O007-FREMLIN-V2-S244-FORMULA-0120,O007-FREMLIN-V2-S244,O007-RIGHTS-FREMLIN-DSL,O007-FREMLIN-V2-S244-SEG-244E,120,244E,244E,108,112,4113,4118,4468,4473,L^p,L^p,0de1bee007df208a54c85a6cf3aa6c06e2a922620965a43478a0496c27e05aa0,0de1bee007df208a54c85a6cf3aa6c06e2a922620965a43478a0496c27e05aa0,0de1bee007df208a54c85a6cf3aa6c06e2a922620965a43478a0496c27e05aa0,$,,0de1bee007df208a54c85a6cf3aa6c06e2a922620965a43478a0496c27e05aa0,0de1bee007df208a54c85a6cf3aa6c06e2a922620965a43478a0496c27e05aa0,"{""basis"":""ordered nested-math atom; exact symbolic replay"",""kind"":""source-target-formula-map""}"
1.1.0,formula,O007-FREMLIN-V2-S244-FORMULA-0121,O007-FREMLIN-V2-S244,O007-RIGHTS-FREMLIN-DSL,O007-FREMLIN-V2-S244-SEG-244E,121,244E,244E,108,113,4153,4158,4502,4507,L^q,L^q,9e3d7978b29768e15913c052c640f1de1f1b752ada76b84d712e09e36b09ecbb,9e3d7978b29768e15913c052c640f1de1f1b752ada76b84d712e09e36b09ecbb,9e3d7978b29768e15913c052c640f1de1f1b752ada76b84d712e09e36b09ecbb,$,,9e3d7978b29768e15913c052c640f1de1f1b752ada76b84d712e09e36b09ecbb,9e3d7978b29768e15913c052c640f1de1f1b752ada76b84d712e09e36b09ecbb,"{""basis"":""ordered nested-math atom; exact symbolic replay"",""kind"":""source-target-formula-map""}"
1.1.0,formula,O007-FREMLIN-V2-S244-FORMULA-0122,O007-FREMLIN-V2-S244,O007-RIGHTS-FREMLIN-DSL,O007-FREMLIN-V2-S244-SEG-244E,122,244E,244E,112,117,4201,4217,4562,4578,"(X,\Sigma,\mu)","(X,\Sigma,\mu)",05e9b769403b4c7926a944d5aaa03f00bb216412bc3f850e41b3c28de657aa67,05e9b769403b4c7926a944d5aaa03f00bb216412bc3f850e41b3c28de657aa67,05e9b769403b4c7926a944d5aaa03f00bb216412bc3f850e41b3c28de657aa67,$,,05e9b769403b4c7926a944d5aaa03f00bb216412bc3f850e41b3c28de657aa67,05e9b769403b4c7926a944d5aaa03f00bb216412bc3f850e41b3c28de657aa67,"{""basis"":""ordered nested-math atom; exact symbolic replay"",""kind"":""source-target-formula-map""}"
1.1.0,formula,O007-FREMLIN-V2-S244-FORMULA-0123,O007-FREMLIN-V2-S244,O007-RIGHTS-FREMLIN-DSL,O007-FREMLIN-V2-S244-SEG-244E,123,244E,244E,114,118,4247,4250,4601,4604,p,p,148de9c5a7a44d19e56cd9ae1a554bf67847afb0c58f6e12fa29ac7ddfca9940,148de9c5a7a44d19e56cd9ae1a554bf67847afb0c58f6e12fa29ac7ddfca9940,148de9c5a7a44d19e56cd9ae1a554bf67847afb0c58f6e12fa29ac7ddfca9940,$,,148de9c5a7a44d19e56cd9ae1a554bf67847afb0c58f6e12fa29ac7ddfca9940,148de9c5a7a44d19e56cd9ae1a554bf67847afb0c58f6e12fa29ac7ddfca9940,"{""basis"":""ordered nested-math atom; exact symbolic replay"",""kind"":""source-target-formula-map""}"
1.1.0,formula,O007-FREMLIN-V2-S244-FORMULA-0124,O007-FREMLIN-V2-S244,O007-RIGHTS-FREMLIN-DSL,O007-FREMLIN-V2-S244-SEG-244E,124,244E,244E,114,118,4252,4274,4606,4628,"q\in\ooint{1,\infty}","q\in\ooint{1,\infty}",7a2d983c02d5979a360f6db1d4c2ad6e1f57593c53f9014e724525b6f51f3100,7a2d983c02d5979a360f6db1d4c2ad6e1f57593c53f9014e724525b6f51f3100,7a2d983c02d5979a360f6db1d4c2ad6e1f57593c53f9014e724525b6f51f3100,$,,7a2d983c02d5979a360f6db1d4c2ad6e1f57593c53f9014e724525b6f51f3100,7a2d983c02d5979a360f6db1d4c2ad6e1f57593c53f9014e724525b6f51f3100,"{""basis"":""ordered nested-math atom; exact symbolic replay"",""kind"":""source-target-formula-map""}"
1.1.0,formula,O007-FREMLIN-V2-S244-FORMULA-0125,O007-FREMLIN-V2-S244,O007-RIGHTS-FREMLIN-DSL,O007-FREMLIN-V2-S244-SEG-244E,125,244E,244E,114,119,4289,4314,4649,4674,{1\over p}+{1\over q}=1,{1\over p}+{1\over q}=1,f5c68ce6f398ebde00d37f791e65d562b0c9a25bfdb786bcdedef92505965991,f5c68ce6f398ebde00d37f791e65d562b0c9a25bfdb786bcdedef92505965991,f42f1319e4182abe8cbc0004f6148002d40040e5971df1f1f8743763d349c6ff,$,,f42f1319e4182abe8cbc0004f6148002d40040e5971df1f1f8743763d349c6ff,f42f1319e4182abe8cbc0004f6148002d40040e5971df1f1f8743763d349c6ff,"{""basis"":""ordered nested-math atom; exact symbolic replay"",""kind"":""source-target-formula-map""}"
1.1.0,formula,O007-FREMLIN-V2-S244-FORMULA-0126,O007-FREMLIN-V2-S244,O007-RIGHTS-FREMLIN-DSL,O007-FREMLIN-V2-S244-SEG-244E,126,244E,244E,116,121,4321,4355,4681,4715,ab\le{1\over p}a^p+{1\over q}b^q,ab\le{1\over p}a^p+{1\over q}b^q,61b2177a91bc2bc1b5bb561a11660970ffa911f61ce8192f0fad6806fb9d8f61,61b2177a91bc2bc1b5bb561a11660970ffa911f61ce8192f0fad6806fb9d8f61,f2114a299e395d368316898c849832de2065214539d6c195abf96d00185de8b6,$,,f2114a299e395d368316898c849832de2065214539d6c195abf96d00185de8b6,f2114a299e395d368316898c849832de2065214539d6c195abf96d00185de8b6,"{""basis"":""ordered nested-math atom; exact symbolic replay"",""kind"":""source-target-formula-map""}"
1.1.0,formula,O007-FREMLIN-V2-S244-FORMULA-0127,O007-FREMLIN-V2-S244,O007-RIGHTS-FREMLIN-DSL,O007-FREMLIN-V2-S244-SEG-244E,127,244E,244E,116,122,4369,4372,4742,4745,a,a,ca978112ca1bbdcafac231b39a23dc4da786eff8147c4e72b9807785afee48bb,ca978112ca1bbdcafac231b39a23dc4da786eff8147c4e72b9807785afee48bb,ca978112ca1bbdcafac231b39a23dc4da786eff8147c4e72b9807785afee48bb,$,,ca978112ca1bbdcafac231b39a23dc4da786eff8147c4e72b9807785afee48bb,ca978112ca1bbdcafac231b39a23dc4da786eff8147c4e72b9807785afee48bb,"{""basis"":""ordered nested-math atom; exact symbolic replay"",""kind"":""source-target-formula-map""}"
1.1.0,formula,O007-FREMLIN-V2-S244-FORMULA-0128,O007-FREMLIN-V2-S244,O007-RIGHTS-FREMLIN-DSL,O007-FREMLIN-V2-S244-SEG-244E,128,244E,244E,116,122,4374,4382,4747,4755,b\ge 0,b\ge 0,12c98797c0d9c9db56510bdd298849d057991f962e1f97edc5e4759f6f096bb0,12c98797c0d9c9db56510bdd298849d057991f962e1f97edc5e4759f6f096bb0,9efdaf81a6b3c62690d056781198975f2dd3df47fa9644872909a89ffd370aba,$,,9efdaf81a6b3c62690d056781198975f2dd3df47fa9644872909a89ffd370aba,9efdaf81a6b3c62690d056781198975f2dd3df47fa9644872909a89ffd370aba,"{""basis"":""ordered nested-math atom; exact symbolic replay"",""kind"":""source-target-formula-map""}"
1.1.0,formula,O007-FREMLIN-V2-S244-FORMULA-0129,O007-FREMLIN-V2-S244,O007-RIGHTS-FREMLIN-DSL,O007-FREMLIN-V2-S244-SEG-244E,129,244E,244E,118,124,4392,4403,4765,4776,f\times g,f\times g,9e64daa7506f83561f8eb6584e1863324a9af4fabca83f51a7f8e6e9502dba0b,9e64daa7506f83561f8eb6584e1863324a9af4fabca83f51a7f8e6e9502dba0b,4a7ef69155d328f6f1b198eaf6a255e20c4f49e4ee06ac01b461d237cdb91020,$,,4a7ef69155d328f6f1b198eaf6a255e20c4f49e4ee06ac01b461d237cdb91020,4a7ef69155d328f6f1b198eaf6a255e20c4f49e4ee06ac01b461d237cdb91020,"{""basis"":""ordered nested-math atom; exact symbolic replay"",""kind"":""source-target-formula-map""}"
1.1.0,formula,O007-FREMLIN-V2-S244-FORMULA-0130,O007-FREMLIN-V2-S244,O007-RIGHTS-FREMLIN-DSL,O007-FREMLIN-V2-S244-SEG-244E,130,244E,244E,120,126,4435,4488,4809,4862,|\int f\times g|\le\int|f\times g|\le\|f\|_p\|g\|_q,|\int f\times g|\le\int|f\times g|\le\|f\|_p\|g\|_q,add988b8a86fb57fdef82be5736bdf4322bba533bf5d05e8485e52925bc6928c,add988b8a86fb57fdef82be5736bdf4322bba533bf5d05e8485e52925bc6928c,b6cf10ca17d2c09e7e3a892602231f8d5941f8d7faded5377f06932ce254be67,$,,b6cf10ca17d2c09e7e3a892602231f8d5941f8d7faded5377f06932ce254be67,b6cf10ca17d2c09e7e3a892602231f8d5941f8d7faded5377f06932ce254be67,"{""basis"":""ordered nested-math atom; exact symbolic replay"",""kind"":""source-target-formula-map""}"
1.1.0,formula,O007-FREMLIN-V2-S244-FORMULA-0131,O007-FREMLIN-V2-S244,O007-RIGHTS-FREMLIN-DSL,O007-FREMLIN-V2-S244-SEG-244E,131,244E,244E,122,128,4509,4540,4887,4918,f\in \eusm L^p=\eusm L^p(\mu),f\in \eusm L^p=\eusm L^p(\mu),1fa3c79020ddaca2093b340aab8cdc3ee8e411d50dcc8444463b3e5944d7cb80,1fa3c79020ddaca2093b340aab8cdc3ee8e411d50dcc8444463b3e5944d7cb80,812a16b9543ec41aadfb81f079a9341834c5519100e7b34b4bd86a5dc7c79283,$,,812a16b9543ec41aadfb81f079a9341834c5519100e7b34b4bd86a5dc7c79283,812a16b9543ec41aadfb81f079a9341834c5519100e7b34b4bd86a5dc7c79283,"{""basis"":""ordered nested-math atom; exact symbolic replay"",""kind"":""source-target-formula-map""}"
1.1.0,formula,O007-FREMLIN-V2-S244-FORMULA-0132,O007-FREMLIN-V2-S244,O007-RIGHTS-FREMLIN-DSL,O007-FREMLIN-V2-S244-SEG-244E,132,244E,244E,123,129,4542,4572,4920,4950,g\in\eusm L^q=\eusm L^q(\mu),g\in\eusm L^q=\eusm L^q(\mu),1b8a84ec0ea71d66611afd6ccfee1d88685456436edf1cd01ecbc2fa587763c5,1b8a84ec0ea71d66611afd6ccfee1d88685456436edf1cd01ecbc2fa587763c5,4aa1f1b6bc3719fa6eae4794a53fab64187d2fc455c99b6d20dd5a28f1378664,$,,4aa1f1b6bc3719fa6eae4794a53fab64187d2fc455c99b6d20dd5a28f1378664,4aa1f1b6bc3719fa6eae4794a53fab64187d2fc455c99b6d20dd5a28f1378664,"{""basis"":""ordered nested-math atom; exact symbolic replay"",""kind"":""source-target-formula-map""}"
1.1.0,formula,O007-FREMLIN-V2-S244-FORMULA-0133,O007-FREMLIN-V2-S244,O007-RIGHTS-FREMLIN-DSL,O007-FREMLIN-V2-S244-SEG-244E,133,244E,244E,125,131,4585,4612,4963,4990,u\times v\in L^1=L^1(\mu),u\times v\in L^1=L^1(\mu),53fabe9dcf1593f539e401cb4c4d46081446c8695a033cd1af4054ce6d28cee9,53fabe9dcf1593f539e401cb4c4d46081446c8695a033cd1af4054ce6d28cee9,365fc11f101f63fd580840554ca1f1f8f8f8ae758c35fd0cd6097d404c5d82b0,$,,365fc11f101f63fd580840554ca1f1f8f8f8ae758c35fd0cd6097d404c5d82b0,365fc11f101f63fd580840554ca1f1f8f8f8ae758c35fd0cd6097d404c5d82b0,"{""basis"":""ordered nested-math atom; exact symbolic replay"",""kind"":""source-target-formula-map""}"
1.1.0,formula,O007-FREMLIN-V2-S244-FORMULA-0134,O007-FREMLIN-V2-S244,O007-RIGHTS-FREMLIN-DSL,O007-FREMLIN-V2-S244-SEG-244E,134,244E,244E,127,133,4630,4683,5008,5061,|\int u\times v|\le\|u\times v\|_1\le\|u\|_p\|v\|_q,|\int u\times v|\le\|u\times v\|_1\le\|u\|_p\|v\|_q,5c95b19a7de80ec0e68fae1f989bf6d87d9efc89507d4dc5a1cd7c00423be365,5c95b19a7de80ec0e68fae1f989bf6d87d9efc89507d4dc5a1cd7c00423be365,e178de2ca43432d83beec95659587d8939222e7aec322838f81b70a10269c3e5,$,,e178de2ca43432d83beec95659587d8939222e7aec322838f81b70a10269c3e5,e178de2ca43432d83beec95659587d8939222e7aec322838f81b70a10269c3e5,"{""basis"":""ordered nested-math atom; exact symbolic replay"",""kind"":""source-target-formula-map""}"
1.1.0,formula,O007-FREMLIN-V2-S244-FORMULA-0135,O007-FREMLIN-V2-S244,O007-RIGHTS-FREMLIN-DSL,O007-FREMLIN-V2-S244-SEG-244E,135,244E,244E,129,135,4704,4723,5086,5105,u\in L^p=L^p(\mu),u\in L^p=L^p(\mu),ddd9994cedef4d73d9c3178661e5d983ce58e46f27b87bd0b755320a86e7814b,ddd9994cedef4d73d9c3178661e5d983ce58e46f27b87bd0b755320a86e7814b,6709864553e029a705ad16f914495afde70eafe58f9225ca25db2f9dd0793388,$,,6709864553e029a705ad16f914495afde70eafe58f9225ca25db2f9dd0793388,6709864553e029a705ad16f914495afde70eafe58f9225ca25db2f9dd0793388,"{""basis"":""ordered nested-math atom; exact symbolic replay"",""kind"":""source-target-formula-map""}"
1.1.0,formula,O007-FREMLIN-V2-S244-FORMULA-0136,O007-FREMLIN-V2-S244,O007-RIGHTS-FREMLIN-DSL,O007-FREMLIN-V2-S244-SEG-244E,136,244E,244E,129,136,4725,4744,5107,5126,v\in L^q=L^q(\mu),v\in L^q=L^q(\mu),f94a63caf4d42b4da2bce7c717424b2767c6cf571ab62bde29d0271ff1c67bb7,f94a63caf4d42b4da2bce7c717424b2767c6cf571ab62bde29d0271ff1c67bb7,fec67ac9970dc4095f4f9ee433bd40098c6658d47999c2d27cac41f44ae48572,$,,fec67ac9970dc4095f4f9ee433bd40098c6658d47999c2d27cac41f44ae48572,fec67ac9970dc4095f4f9ee433bd40098c6658d47999c2d27cac41f44ae48572,"{""basis"":""ordered nested-math atom; exact symbolic replay"",""kind"":""source-target-formula-map""}"
1.1.0,formula,O007-FREMLIN-V2-S244-FORMULA-0137,O007-FREMLIN-V2-S244,O007-RIGHTS-FREMLIN-DSL,O007-FREMLIN-V2-S244-SEG-244E,137,244E,244E,132,139,4775,4778,5152,5155,a,a,ca978112ca1bbdcafac231b39a23dc4da786eff8147c4e72b9807785afee48bb,ca978112ca1bbdcafac231b39a23dc4da786eff8147c4e72b9807785afee48bb,ca978112ca1bbdcafac231b39a23dc4da786eff8147c4e72b9807785afee48bb,$,,ca978112ca1bbdcafac231b39a23dc4da786eff8147c4e72b9807785afee48bb,ca978112ca1bbdcafac231b39a23dc4da786eff8147c4e72b9807785afee48bb,"{""basis"":""ordered nested-math atom; exact symbolic replay"",""kind"":""source-target-formula-map""}"
1.1.0,formula,O007-FREMLIN-V2-S244-FORMULA-0138,O007-FREMLIN-V2-S244,O007-RIGHTS-FREMLIN-DSL,O007-FREMLIN-V2-S244-SEG-244E,138,244E,244E,132,139,4782,4785,5161,5164,b,b,3e23e8160039594a33894f6564e1b1348bbd7a0088d42c4acb73eeaed59c009d,3e23e8160039594a33894f6564e1b1348bbd7a0088d42c4acb73eeaed59c009d,3e23e8160039594a33894f6564e1b1348bbd7a0088d42c4acb73eeaed59c009d,$,,3e23e8160039594a33894f6564e1b1348bbd7a0088d42c4acb73eeaed59c009d,3e23e8160039594a33894f6564e1b1348bbd7a0088d42c4acb73eeaed59c009d,"{""basis"":""ordered nested-math atom; exact symbolic replay"",""kind"":""source-target-formula-map""}"
1.1.0,formula,O007-FREMLIN-V2-S244-FORMULA-0139,O007-FREMLIN-V2-S244,O007-RIGHTS-FREMLIN-DSL,O007-FREMLIN-V2-S244-SEG-244E,139,244E,244E,132,139,4789,4792,5174,5177,0,0,5feceb66ffc86f38d952786c6d696c79c2dbc239dd4e91b46729d73a27fb57e9,5feceb66ffc86f38d952786c6d696c79c2dbc239dd4e91b46729d73a27fb57e9,5feceb66ffc86f38d952786c6d696c79c2dbc239dd4e91b46729d73a27fb57e9,$,,5feceb66ffc86f38d952786c6d696c79c2dbc239dd4e91b46729d73a27fb57e9,5feceb66ffc86f38d952786c6d696c79c2dbc239dd4e91b46729d73a27fb57e9,"{""basis"":""ordered nested-math atom; exact symbolic replay"",""kind"":""source-target-formula-map""}"
1.1.0,formula,O007-FREMLIN-V2-S244-FORMULA-0140,O007-FREMLIN-V2-S244,O007-RIGHTS-FREMLIN-DSL,O007-FREMLIN-V2-S244-SEG-244E,140,244E,244E,134,141,4873,4917,5271,5315,"x\mapsto x^{1/p}:\coint{0,\infty}\to\Bbb R","x\mapsto x^{1/p}:\coint{0,\infty}\to\Bbb R",50adc6b9e4f8174c767494cfc523b8dd72c065917fbd38a7803898bdd8032dd7,50adc6b9e4f8174c767494cfc523b8dd72c065917fbd38a7803898bdd8032dd7,32582f9cf799fa4ebff0a362fe46b205c84dbe757f7c83a7754421fc2984baa7,$,,32582f9cf799fa4ebff0a362fe46b205c84dbe757f7c83a7754421fc2984baa7,32582f9cf799fa4ebff0a362fe46b205c84dbe757f7c83a7754421fc2984baa7,"{""basis"":""ordered nested-math atom; exact symbolic replay"",""kind"":""source-target-formula-map""}"
1.1.0,formula,O007-FREMLIN-V2-S244-FORMULA-0141,O007-FREMLIN-V2-S244,O007-RIGHTS-FREMLIN-DSL,O007-FREMLIN-V2-S244-SEG-244E,141,244E,244E,136,142,4972,4975,5375,5378,0,0,5feceb66ffc86f38d952786c6d696c79c2dbc239dd4e91b46729d73a27fb57e9,5feceb66ffc86f38d952786c6d696c79c2dbc239dd4e91b46729d73a27fb57e9,5feceb66ffc86f38d952786c6d696c79c2dbc239dd4e91b46729d73a27fb57e9,$,,5feceb66ffc86f38d952786c6d696c79c2dbc239dd4e91b46729d73a27fb57e9,5feceb66ffc86f38d952786c6d696c79c2dbc239dd4e91b46729d73a27fb57e9,"{""basis"":""ordered nested-math atom; exact symbolic replay"",""kind"":""source-target-formula-map""}"
1.1.0,formula,O007-FREMLIN-V2-S244-FORMULA-0142,O007-FREMLIN-V2-S244,O007-RIGHTS-FREMLIN-DSL,O007-FREMLIN-V2-S244-SEG-244E,142,244E,244E,137,144,5068,5075,5493,5500,"(1,1)","(1,1)",182263cc640500849cd74145a198285fe49aa9b958162bccf7a775cb64c084cd,182263cc640500849cd74145a198285fe49aa9b958162bccf7a775cb64c084cd,182263cc640500849cd74145a198285fe49aa9b958162bccf7a775cb64c084cd,$,,182263cc640500849cd74145a198285fe49aa9b958162bccf7a775cb64c084cd,182263cc640500849cd74145a198285fe49aa9b958162bccf7a775cb64c084cd,"{""basis"":""ordered nested-math atom; exact symbolic replay"",""kind"":""source-target-formula-map""}"
1.1.0,formula,O007-FREMLIN-V2-S244-FORMULA-0143,O007-FREMLIN-V2-S244,O007-RIGHTS-FREMLIN-DSL,O007-FREMLIN-V2-S244-SEG-244E,143,244E,244E,138,144,5096,5117,5527,5548,y=1+{1\over p}(x-1),y=1+{1\over p}(x-1),7387e970b4084d57f7c1a1257aab65293c220bea9ae4211624ec1a1436fb0876,7387e970b4084d57f7c1a1257aab65293c220bea9ae4211624ec1a1436fb0876,9a884df249d5294d26ef9c15d1ca0bb5cae472fcd8aa6d2d17d5b1a1c53a8231,$,,9a884df249d5294d26ef9c15d1ca0bb5cae472fcd8aa6d2d17d5b1a1c53a8231,9a884df249d5294d26ef9c15d1ca0bb5cae472fcd8aa6d2d17d5b1a1c53a8231,"{""basis"":""ordered nested-math atom; exact symbolic replay"",""kind"":""source-target-formula-map""}"
1.1.0,formula,O007-FREMLIN-V2-S244-FORMULA-0144,O007-FREMLIN-V2-S244,O007-RIGHTS-FREMLIN-DSL,O007-FREMLIN-V2-S244-SEG-244E,144,244E,244E,140,147,5147,5198,5583,5634,x^{1/p}\le\Bover1px+1-\Bover1p=\Bover1px+\Bover1q,x^{1/p}\le\Bover1px+1-\Bover1p=\Bover1px+\Bover1q,0f725371c0419df6ee9a072fdbe7c52ef7a76a2c042b8a2f166a595a31c6ce29,0f725371c0419df6ee9a072fdbe7c52ef7a76a2c042b8a2f166a595a31c6ce29,0f725371c0419df6ee9a072fdbe7c52ef7a76a2c042b8a2f166a595a31c6ce29,$,,0f725371c0419df6ee9a072fdbe7c52ef7a76a2c042b8a2f166a595a31c6ce29,0f725371c0419df6ee9a072fdbe7c52ef7a76a2c042b8a2f166a595a31c6ce29,"{""basis"":""ordered nested-math atom; exact symbolic replay"",""kind"":""source-target-formula-map""}"
1.1.0,formula,O007-FREMLIN-V2-S244-FORMULA-0145,O007-FREMLIN-V2-S244,O007-RIGHTS-FREMLIN-DSL,O007-FREMLIN-V2-S244-SEG-244E,145,244E,244E,142,149,5221,5243,5660,5682,"x\in\coint{0,\infty}","x\in\coint{0,\infty}",56f8fbec33da9417ff8f71b7855d5aaa33fbed6e2755dfa3374470a7d5332e04,56f8fbec33da9417ff8f71b7855d5aaa33fbed6e2755dfa3374470a7d5332e04,56f8fbec33da9417ff8f71b7855d5aaa33fbed6e2755dfa3374470a7d5332e04,$,,56f8fbec33da9417ff8f71b7855d5aaa33fbed6e2755dfa3374470a7d5332e04,56f8fbec33da9417ff8f71b7855d5aaa33fbed6e2755dfa3374470a7d5332e04,"{""basis"":""ordered nested-math atom; exact symbolic replay"",""kind"":""source-target-formula-map""}"
1.1.0,formula,O007-FREMLIN-V2-S244-FORMULA-0146,O007-FREMLIN-V2-S244,O007-RIGHTS-FREMLIN-DSL,O007-FREMLIN-V2-S244-SEG-244E,146,244E,244E,142,149,5253,5256,5694,5697,c,c,2e7d2c03a9507ae265ecf5b5356885a53393a2029d241394997265a1a25aefc6,2e7d2c03a9507ae265ecf5b5356885a53393a2029d241394997265a1a25aefc6,2e7d2c03a9507ae265ecf5b5356885a53393a2029d241394997265a1a25aefc6,$,,2e7d2c03a9507ae265ecf5b5356885a53393a2029d241394997265a1a25aefc6,2e7d2c03a9507ae265ecf5b5356885a53393a2029d241394997265a1a25aefc6,"{""basis"":""ordered nested-math atom; exact symbolic replay"",""kind"":""source-target-formula-map""}"
1.1.0,formula,O007-FREMLIN-V2-S244-FORMULA-0147,O007-FREMLIN-V2-S244,O007-RIGHTS-FREMLIN-DSL,O007-FREMLIN-V2-S244-SEG-244E,147,244E,244E,142,149,5258,5263,5699,5704,d>0,d>0,60f800ba88d806960ca7d3e328bcde99d9dbecd095376039a6420433ba93bfa1,60f800ba88d806960ca7d3e328bcde99d9dbecd095376039a6420433ba93bfa1,60f800ba88d806960ca7d3e328bcde99d9dbecd095376039a6420433ba93bfa1,$,,60f800ba88d806960ca7d3e328bcde99d9dbecd095376039a6420433ba93bfa1,60f800ba88d806960ca7d3e328bcde99d9dbecd095376039a6420433ba93bfa1,"{""basis"":""ordered nested-math atom; exact symbolic replay"",""kind"":""source-target-formula-map""}"
1.1.0,formula,O007-FREMLIN-V2-S244-FORMULA-0148,O007-FREMLIN-V2-S244,O007-RIGHTS-FREMLIN-DSL,O007-FREMLIN-V2-S244-SEG-244E,148,244E,244E,144,152,5283,5338,5724,5779,"(\Bover{c}{d})^{1/p}\le
\Bover1p\Bover{c}{d}+\Bover1q","(\Bover{c}{d})^{1/p}\le
\Bover1p\Bover{c}{d}+\Bover1q",bd0e50e21eb6f3a7ddf2f18d498164f5a2d1e3de2ed5ab86bf3c2aa6024fe1d5,bd0e50e21eb6f3a7ddf2f18d498164f5a2d1e3de2ed5ab86bf3c2aa6024fe1d5,bba034faa911e87d2d73846cbe27980309cc1b5986038d9b4176f5bca0d584c2,$,,bba034faa911e87d2d73846cbe27980309cc1b5986038d9b4176f5bca0d584c2,bba034faa911e87d2d73846cbe27980309cc1b5986038d9b4176f5bca0d584c2,"{""basis"":""ordered nested-math atom; exact symbolic replay"",""kind"":""source-target-formula-map""}"
1.1.0,formula,O007-FREMLIN-V2-S244-FORMULA-0149,O007-FREMLIN-V2-S244,O007-RIGHTS-FREMLIN-DSL,O007-FREMLIN-V2-S244-SEG-244E,149,244E,244E,147,155,5378,5381,5829,5832,d,d,18ac3e7343f016890c510e93f935261169d9e3f565436429830faf0934f4f8e4,18ac3e7343f016890c510e93f935261169d9e3f565436429830faf0934f4f8e4,18ac3e7343f016890c510e93f935261169d9e3f565436429830faf0934f4f8e4,$,,18ac3e7343f016890c510e93f935261169d9e3f565436429830faf0934f4f8e4,18ac3e7343f016890c510e93f935261169d9e3f565436429830faf0934f4f8e4,"{""basis"":""ordered nested-math atom; exact symbolic replay"",""kind"":""source-target-formula-map""}"
1.1.0,formula,O007-FREMLIN-V2-S244-FORMULA-0150,O007-FREMLIN-V2-S244,O007-RIGHTS-FREMLIN-DSL,O007-FREMLIN-V2-S244-SEG-244E,150,244E,244E,149,157,5396,5434,5847,5885,c^{1/p}d^{1/q}\le\Bover1pc+\Bover1qd,c^{1/p}d^{1/q}\le\Bover1pc+\Bover1qd,65cb45b2e80b1b9a8cd0a10fd6097cd8a8a9c5836ce213bcef16d0a16f8246bb,65cb45b2e80b1b9a8cd0a10fd6097cd8a8a9c5836ce213bcef16d0a16f8246bb,65cb45b2e80b1b9a8cd0a10fd6097cd8a8a9c5836ce213bcef16d0a16f8246bb,$,,65cb45b2e80b1b9a8cd0a10fd6097cd8a8a9c5836ce213bcef16d0a16f8246bb,65cb45b2e80b1b9a8cd0a10fd6097cd8a8a9c5836ce213bcef16d0a16f8246bb,"{""basis"":""ordered nested-math atom; exact symbolic replay"",""kind"":""source-target-formula-map""}"
1.1.0,formula,O007-FREMLIN-V2-S244-FORMULA-0151,O007-FREMLIN-V2-S244,O007-RIGHTS-FREMLIN-DSL,O007-FREMLIN-V2-S244-SEG-244E,151,244E,244E,151,159,5456,5463,5917,5924,c=a^p,c=a^p,de2bc77c9f82763b841aa88d660869b04f961c3e91098d04cdfbad924ba29333,de2bc77c9f82763b841aa88d660869b04f961c3e91098d04cdfbad924ba29333,de2bc77c9f82763b841aa88d660869b04f961c3e91098d04cdfbad924ba29333,$,,de2bc77c9f82763b841aa88d660869b04f961c3e91098d04cdfbad924ba29333,de2bc77c9f82763b841aa88d660869b04f961c3e91098d04cdfbad924ba29333,"{""basis"":""ordered nested-math atom; exact symbolic replay"",""kind"":""source-target-formula-map""}"
1.1.0,formula,O007-FREMLIN-V2-S244-FORMULA-0152,O007-FREMLIN-V2-S244,O007-RIGHTS-FREMLIN-DSL,O007-FREMLIN-V2-S244-SEG-244E,152,244E,244E,151,159,5468,5475,5929,5936,d=b^q,d=b^q,ff2cf486a5de025ad042903fae5913f7ef175cd6258729d59dfa4df848bdd680,ff2cf486a5de025ad042903fae5913f7ef175cd6258729d59dfa4df848bdd680,ff2cf486a5de025ad042903fae5913f7ef175cd6258729d59dfa4df848bdd680,$,,ff2cf486a5de025ad042903fae5913f7ef175cd6258729d59dfa4df848bdd680,ff2cf486a5de025ad042903fae5913f7ef175cd6258729d59dfa4df848bdd680,"{""basis"":""ordered nested-math atom; exact symbolic replay"",""kind"":""source-target-formula-map""}"
1.1.0,formula,O007-FREMLIN-V2-S244-FORMULA-0153,O007-FREMLIN-V2-S244,O007-RIGHTS-FREMLIN-DSL,O007-FREMLIN-V2-S244-SEG-244E,153,244E,244E,153,161,5497,5527,5967,5997,ab\le\Bover1pa^p+\Bover1qb^q,ab\le\Bover1pa^p+\Bover1qb^q,92ed6821cd6f7826abd817230f939f9b880356d9610e9e5616936452d6818552,92ed6821cd6f7826abd817230f939f9b880356d9610e9e5616936452d6818552,92ed6821cd6f7826abd817230f939f9b880356d9610e9e5616936452d6818552,$,,92ed6821cd6f7826abd817230f939f9b880356d9610e9e5616936452d6818552,92ed6821cd6f7826abd817230f939f9b880356d9610e9e5616936452d6818552,"{""basis"":""ordered nested-math atom; exact symbolic replay"",""kind"":""source-target-formula-map""}"
1.1.0,formula,O007-FREMLIN-V2-S244-FORMULA-0154,O007-FREMLIN-V2-S244,O007-RIGHTS-FREMLIN-DSL,O007-FREMLIN-V2-S244-SEG-244E,154,244E,244E,159,167,5577,5585,6059,6067,\alpha,\alpha,4893e9df8b5496ebe7a0f1c2cc92a39fb6df03085030e3b97cfcc4d45136db5a,4893e9df8b5496ebe7a0f1c2cc92a39fb6df03085030e3b97cfcc4d45136db5a,4893e9df8b5496ebe7a0f1c2cc92a39fb6df03085030e3b97cfcc4d45136db5a,$,,4893e9df8b5496ebe7a0f1c2cc92a39fb6df03085030e3b97cfcc4d45136db5a,4893e9df8b5496ebe7a0f1c2cc92a39fb6df03085030e3b97cfcc4d45136db5a,"{""basis"":""ordered nested-math atom; exact symbolic replay"",""kind"":""source-target-formula-map""}"
1.1.0,formula,O007-FREMLIN-V2-S244-FORMULA-0155,O007-FREMLIN-V2-S244,O007-RIGHTS-FREMLIN-DSL,O007-FREMLIN-V2-S244-SEG-244E,155,244E,244E,159,168,5606,5625,6100,6119,\|f\|_p=\|g\|_q=1,\|f\|_p=\|g\|_q=1,f302a26f38203359fc62e7c7ffff9d11218e71dbcd9ba673aa0fd7ae7e1d0d9f,f302a26f38203359fc62e7c7ffff9d11218e71dbcd9ba673aa0fd7ae7e1d0d9f,f302a26f38203359fc62e7c7ffff9d11218e71dbcd9ba673aa0fd7ae7e1d0d9f,$,,f302a26f38203359fc62e7c7ffff9d11218e71dbcd9ba673aa0fd7ae7e1d0d9f,f302a26f38203359fc62e7c7ffff9d11218e71dbcd9ba673aa0fd7ae7e1d0d9f,"{""basis"":""ordered nested-math atom; exact symbolic replay"",""kind"":""source-target-formula-map""}"
1.1.0,formula,O007-FREMLIN-V2-S244-FORMULA-0156,O007-FREMLIN-V2-S244,O007-RIGHTS-FREMLIN-DSL,O007-FREMLIN-V2-S244-SEG-244E,156,244E,244E,160,168,5637,5659,6134,6156,x\in\dom f\cap\dom g,x\in\dom f\cap\dom g,229c7a772e656e07e316379c708c4d0bae88ed4672b329294f30d4e922968028,229c7a772e656e07e316379c708c4d0bae88ed4672b329294f30d4e922968028,3439bf8ee3454865f55f8bab70405ea58697a9958e1c04308a5b42ad46db7e25,$,,3439bf8ee3454865f55f8bab70405ea58697a9958e1c04308a5b42ad46db7e25,3439bf8ee3454865f55f8bab70405ea58697a9958e1c04308a5b42ad46db7e25,"{""basis"":""ordered nested-math atom; exact symbolic replay"",""kind"":""source-target-formula-map""}"
1.1.0,formula,O007-FREMLIN-V2-S244-FORMULA-0157,O007-FREMLIN-V2-S244,O007-RIGHTS-FREMLIN-DSL,O007-FREMLIN-V2-S244-SEG-244E,157,244E,244E,162,170,5681,5729,6186,6234,|f(x)g(x)|\le\Bover1p|f(x)|^p+\Bover1q|g(x)|^q,|f(x)g(x)|\le\Bover1p|f(x)|^p+\Bover1q|g(x)|^q,94ceab276011d19443f6e77994746d7e02339cd10b4036b86025af8ce7020816,94ceab276011d19443f6e77994746d7e02339cd10b4036b86025af8ce7020816,94ceab276011d19443f6e77994746d7e02339cd10b4036b86025af8ce7020816,$,,94ceab276011d19443f6e77994746d7e02339cd10b4036b86025af8ce7020816,94ceab276011d19443f6e77994746d7e02339cd10b4036b86025af8ce7020816,"{""basis"":""ordered nested-math atom; exact symbolic replay"",""kind"":""source-target-formula-map""}"
1.1.0,formula,O007-FREMLIN-V2-S244-FORMULA-0158,O007-FREMLIN-V2-S244,O007-RIGHTS-FREMLIN-DSL,O007-FREMLIN-V2-S244-SEG-244E,158,244E,244E,166,174,5768,5831,6278,6341,"|f\times g|\leae
\Bover1p|f|^p+\Bover1q|g|^q\in\eusm L^1(\mu)","|f\times g|\leae
\Bover1p|f|^p+\Bover1q|g|^q\in\eusm L^1(\mu)",3cd536a4df36ddd8324d6db9707eaf367232a9407a206c26d257b972acaf12ff,3cd536a4df36ddd8324d6db9707eaf367232a9407a206c26d257b972acaf12ff,d2abb2a4ffa6aa60cc61119f3c8ca1a979aafae5e52b5130d40dad355e4554aa,$,,d2abb2a4ffa6aa60cc61119f3c8ca1a979aafae5e52b5130d40dad355e4554aa,d2abb2a4ffa6aa60cc61119f3c8ca1a979aafae5e52b5130d40dad355e4554aa,"{""basis"":""ordered nested-math atom; exact symbolic replay"",""kind"":""source-target-formula-map""}"
1.1.0,formula,O007-FREMLIN-V2-S244-FORMULA-0159,O007-FREMLIN-V2-S244,O007-RIGHTS-FREMLIN-DSL,O007-FREMLIN-V2-S244-SEG-244E,159,244E,244E,169,177,5848,5859,6358,6369,f\times g,f\times g,9e64daa7506f83561f8eb6584e1863324a9af4fabca83f51a7f8e6e9502dba0b,9e64daa7506f83561f8eb6584e1863324a9af4fabca83f51a7f8e6e9502dba0b,4a7ef69155d328f6f1b198eaf6a255e20c4f49e4ee06ac01b461d237cdb91020,$,,4a7ef69155d328f6f1b198eaf6a255e20c4f49e4ee06ac01b461d237cdb91020,4a7ef69155d328f6f1b198eaf6a255e20c4f49e4ee06ac01b461d237cdb91020,"{""basis"":""ordered nested-math atom; exact symbolic replay"",""kind"":""source-target-formula-map""}"
1.1.0,formula,O007-FREMLIN-V2-S244-FORMULA-0160,O007-FREMLIN-V2-S244,O007-RIGHTS-FREMLIN-DSL,O007-FREMLIN-V2-S244-SEG-244E,160,244E,244E,171,179,5894,6007,6411,6524,"\int|f\times g|\le\Bover1p\int|f|^p+\Bover1q\int|g|^q
=\Bover1p\|f\|_p^p+\Bover1q\|g\|_q^q
=\Bover1p+\Bover1q=1","\int|f\times g|\le\Bover1p\int|f|^p+\Bover1q\int|g|^q
=\Bover1p\|f\|_p^p+\Bover1q\|g\|_q^q
=\Bover1p+\Bover1q=1",560fd6055c2060e4bd1d5635e62ad983fad864f7137c50b8d27213803b13afbf,560fd6055c2060e4bd1d5635e62ad983fad864f7137c50b8d27213803b13afbf,1b79cad535907aa11747c5addb908a98cd1ca4e16ab099531b57db57075762bf,$,,1b79cad535907aa11747c5addb908a98cd1ca4e16ab099531b57db57075762bf,1b79cad535907aa11747c5addb908a98cd1ca4e16ab099531b57db57075762bf,"{""basis"":""ordered nested-math atom; exact symbolic replay"",""kind"":""source-target-formula-map""}"
1.1.0,formula,O007-FREMLIN-V2-S244-FORMULA-0161,O007-FREMLIN-V2-S244,O007-RIGHTS-FREMLIN-DSL,O007-FREMLIN-V2-S244-SEG-244E,161,244E,244E,175,183,6022,6029,6539,6546,\beta,\beta,f3f3804480e8551ac91a68ccc198310e514ec1424346595aca42a3a558ddee0a,f3f3804480e8551ac91a68ccc198310e514ec1424346595aca42a3a558ddee0a,f3f3804480e8551ac91a68ccc198310e514ec1424346595aca42a3a558ddee0a,$,,f3f3804480e8551ac91a68ccc198310e514ec1424346595aca42a3a558ddee0a,f3f3804480e8551ac91a68ccc198310e514ec1424346595aca42a3a558ddee0a,"{""basis"":""ordered nested-math atom; exact symbolic replay"",""kind"":""source-target-formula-map""}"
1.1.0,formula,O007-FREMLIN-V2-S244-FORMULA-0162,O007-FREMLIN-V2-S244,O007-RIGHTS-FREMLIN-DSL,O007-FREMLIN-V2-S244-SEG-244E,162,244E,244E,175,183,6034,6045,6553,6564,\|f\|_p=0,\|f\|_p=0,7ae3f121272dcb3314c498ef693ea433e221fb6e52e335d9d4ed1ef1d8f906fe,7ae3f121272dcb3314c498ef693ea433e221fb6e52e335d9d4ed1ef1d8f906fe,7ae3f121272dcb3314c498ef693ea433e221fb6e52e335d9d4ed1ef1d8f906fe,$,,7ae3f121272dcb3314c498ef693ea433e221fb6e52e335d9d4ed1ef1d8f906fe,7ae3f121272dcb3314c498ef693ea433e221fb6e52e335d9d4ed1ef1d8f906fe,"{""basis"":""ordered nested-math atom; exact symbolic replay"",""kind"":""source-target-formula-map""}"
1.1.0,formula,O007-FREMLIN-V2-S244-FORMULA-0163,O007-FREMLIN-V2-S244,O007-RIGHTS-FREMLIN-DSL,O007-FREMLIN-V2-S244-SEG-244E,163,244E,244E,175,183,6052,6065,6571,6584,\int|f|^p=0,\int|f|^p=0,15547b9bdfc15a88d905d69b1c11dfadefc1f7d6343f15b95d391f4f0bde4994,15547b9bdfc15a88d905d69b1c11dfadefc1f7d6343f15b95d391f4f0bde4994,15547b9bdfc15a88d905d69b1c11dfadefc1f7d6343f15b95d391f4f0bde4994,$,,15547b9bdfc15a88d905d69b1c11dfadefc1f7d6343f15b95d391f4f0bde4994,15547b9bdfc15a88d905d69b1c11dfadefc1f7d6343f15b95d391f4f0bde4994,"{""basis"":""ordered nested-math atom; exact symbolic replay"",""kind"":""source-target-formula-map""}"
1.1.0,formula,O007-FREMLIN-V2-S244-FORMULA-0164,O007-FREMLIN-V2-S244,O007-RIGHTS-FREMLIN-DSL,O007-FREMLIN-V2-S244-SEG-244E,164,244E,244E,176,184,6069,6087,6595,6613,|f|^p\eae\tbf{0},|f|^p\eae\tbf{0},efd2f62c17791a371d25c0e624d0a9044a797eb00afcb946651593c13aa130e3,efd2f62c17791a371d25c0e624d0a9044a797eb00afcb946651593c13aa130e3,efd2f62c17791a371d25c0e624d0a9044a797eb00afcb946651593c13aa130e3,$,,efd2f62c17791a371d25c0e624d0a9044a797eb00afcb946651593c13aa130e3,efd2f62c17791a371d25c0e624d0a9044a797eb00afcb946651593c13aa130e3,"{""basis"":""ordered nested-math atom; exact symbolic replay"",""kind"":""source-target-formula-map""}"
1.1.0,formula,O007-FREMLIN-V2-S244-FORMULA-0165,O007-FREMLIN-V2-S244,O007-RIGHTS-FREMLIN-DSL,O007-FREMLIN-V2-S244-SEG-244E,165,244E,244E,176,184,6089,6103,6615,6629,f\eae\tbf{0},f\eae\tbf{0},2f41a28e55b89654a33665c0e6bc04b103f96147987a2e975588f36acaccebe4,2f41a28e55b89654a33665c0e6bc04b103f96147987a2e975588f36acaccebe4,2f41a28e55b89654a33665c0e6bc04b103f96147987a2e975588f36acaccebe4,$,,2f41a28e55b89654a33665c0e6bc04b103f96147987a2e975588f36acaccebe4,2f41a28e55b89654a33665c0e6bc04b103f96147987a2e975588f36acaccebe4,"{""basis"":""ordered nested-math atom; exact symbolic replay"",""kind"":""source-target-formula-map""}"
1.1.0,formula,O007-FREMLIN-V2-S244-FORMULA-0166,O007-FREMLIN-V2-S244,O007-RIGHTS-FREMLIN-DSL,O007-FREMLIN-V2-S244-SEG-244E,166,244E,244E,176,184,6105,6127,6631,6653,f\times g\eae\tbf{0},f\times g\eae\tbf{0},a30a7a399fe74b4f6df70d35fcec68dc5cdfbae5e38645d2f496702d9a07afcf,a30a7a399fe74b4f6df70d35fcec68dc5cdfbae5e38645d2f496702d9a07afcf,06cf535a2f430985b6071ea05328570dfdac71129a020936e6f3dd2128d49c38,$,,06cf535a2f430985b6071ea05328570dfdac71129a020936e6f3dd2128d49c38,06cf535a2f430985b6071ea05328570dfdac71129a020936e6f3dd2128d49c38,"{""basis"":""ordered nested-math atom; exact symbolic replay"",""kind"":""source-target-formula-map""}"
1.1.0,formula,O007-FREMLIN-V2-S244-FORMULA-0167,O007-FREMLIN-V2-S244,O007-RIGHTS-FREMLIN-DSL,O007-FREMLIN-V2-S244-SEG-244E,167,244E,244E,178,186,6145,6179,6671,6705,\int|f\times g|=0=\|f\|_p\|g\|_q,\int|f\times g|=0=\|f\|_p\|g\|_q,a9bf6c028a551ed28339f20a81cee1aa18886ea3c2954e5b4b8d52d711382eb6,a9bf6c028a551ed28339f20a81cee1aa18886ea3c2954e5b4b8d52d711382eb6,2f37aa1a1130b4d376e232877ed92546a2a23584e52875ff9fcce95e2839429d,$,,2f37aa1a1130b4d376e232877ed92546a2a23584e52875ff9fcce95e2839429d,2f37aa1a1130b4d376e232877ed92546a2a23584e52875ff9fcce95e2839429d,"{""basis"":""ordered nested-math atom; exact symbolic replay"",""kind"":""source-target-formula-map""}"
1.1.0,formula,O007-FREMLIN-V2-S244-FORMULA-0168,O007-FREMLIN-V2-S244,O007-RIGHTS-FREMLIN-DSL,O007-FREMLIN-V2-S244-SEG-244E,168,244E,244E,180,188,6207,6218,6739,6750,\|g\|_q=0,\|g\|_q=0,f5fbfef8a1676160eadd6a1c59d6417424f485a2d3c0f6eb2af6f0cea6b0d5f2,f5fbfef8a1676160eadd6a1c59d6417424f485a2d3c0f6eb2af6f0cea6b0d5f2,f5fbfef8a1676160eadd6a1c59d6417424f485a2d3c0f6eb2af6f0cea6b0d5f2,$,,f5fbfef8a1676160eadd6a1c59d6417424f485a2d3c0f6eb2af6f0cea6b0d5f2,f5fbfef8a1676160eadd6a1c59d6417424f485a2d3c0f6eb2af6f0cea6b0d5f2,"{""basis"":""ordered nested-math atom; exact symbolic replay"",""kind"":""source-target-formula-map""}"
1.1.0,formula,O007-FREMLIN-V2-S244-FORMULA-0169,O007-FREMLIN-V2-S244,O007-RIGHTS-FREMLIN-DSL,O007-FREMLIN-V2-S244-SEG-244E,169,244E,244E,180,188,6225,6239,6757,6771,g\eae\tbf{0},g\eae\tbf{0},d9df72f77227c2a8a6726822bdf2498d331064711a09418b14b22a6ad8c5ab76,d9df72f77227c2a8a6726822bdf2498d331064711a09418b14b22a6ad8c5ab76,d9df72f77227c2a8a6726822bdf2498d331064711a09418b14b22a6ad8c5ab76,$,,d9df72f77227c2a8a6726822bdf2498d331064711a09418b14b22a6ad8c5ab76,d9df72f77227c2a8a6726822bdf2498d331064711a09418b14b22a6ad8c5ab76,"{""basis"":""ordered nested-math atom; exact symbolic replay"",""kind"":""source-target-formula-map""}"
1.1.0,formula,O007-FREMLIN-V2-S244-FORMULA-0170,O007-FREMLIN-V2-S244,O007-RIGHTS-FREMLIN-DSL,O007-FREMLIN-V2-S244-SEG-244E,170,244E,244E,182,191,6263,6297,6801,6835,\int|f\times g|=0=\|f\|_p\|g\|_q,\int|f\times g|=0=\|f\|_p\|g\|_q,a9bf6c028a551ed28339f20a81cee1aa18886ea3c2954e5b4b8d52d711382eb6,a9bf6c028a551ed28339f20a81cee1aa18886ea3c2954e5b4b8d52d711382eb6,2f37aa1a1130b4d376e232877ed92546a2a23584e52875ff9fcce95e2839429d,$,,2f37aa1a1130b4d376e232877ed92546a2a23584e52875ff9fcce95e2839429d,2f37aa1a1130b4d376e232877ed92546a2a23584e52875ff9fcce95e2839429d,"{""basis"":""ordered nested-math atom; exact symbolic replay"",""kind"":""source-target-formula-map""}"
1.1.0,formula,O007-FREMLIN-V2-S244-FORMULA-0171,O007-FREMLIN-V2-S244,O007-RIGHTS-FREMLIN-DSL,O007-FREMLIN-V2-S244-SEG-244E,171,244E,244E,184,193,6311,6319,6849,6857,\gamma,\gamma,67610b0632683369b69db194167ac4c38ed7c7cfab252970ced9e152b9b45554,67610b0632683369b69db194167ac4c38ed7c7cfab252970ced9e152b9b45554,67610b0632683369b69db194167ac4c38ed7c7cfab252970ced9e152b9b45554,$,,67610b0632683369b69db194167ac4c38ed7c7cfab252970ced9e152b9b45554,67610b0632683369b69db194167ac4c38ed7c7cfab252970ced9e152b9b45554,"{""basis"":""ordered nested-math atom; exact symbolic replay"",""kind"":""source-target-formula-map""}"
1.1.0,formula,O007-FREMLIN-V2-S244-FORMULA-0172,O007-FREMLIN-V2-S244,O007-RIGHTS-FREMLIN-DSL,O007-FREMLIN-V2-S244-SEG-244E,172,244E,244E,184,193,6342,6357,6875,6890,f\in\eusm L^p,f\in\eusm L^p,3e7f6d60c2e44edcbf6d30822f4d7ea0a718edd1edcf7fd8077c0ab53cd55791,3e7f6d60c2e44edcbf6d30822f4d7ea0a718edd1edcf7fd8077c0ab53cd55791,7833071826170ae2087a6c03ab8437e0aa3edba5b705fb456eebf342fd043404,$,,7833071826170ae2087a6c03ab8437e0aa3edba5b705fb456eebf342fd043404,7833071826170ae2087a6c03ab8437e0aa3edba5b705fb456eebf342fd043404,"{""basis"":""ordered nested-math atom; exact symbolic replay"",""kind"":""source-target-formula-map""}"
1.1.0,formula,O007-FREMLIN-V2-S244-FORMULA-0173,O007-FREMLIN-V2-S244,O007-RIGHTS-FREMLIN-DSL,O007-FREMLIN-V2-S244-SEG-244E,173,244E,244E,185,194,6359,6374,6892,6907,g\in\eusm L^q,g\in\eusm L^q,a9581909eb6a0453774ece1b89ee23f616a2411188754cd659f984a0789ebc0a,a9581909eb6a0453774ece1b89ee23f616a2411188754cd659f984a0789ebc0a,52c989637244a6aa04b6fb05af246a02ee299e6eaa967ef9a64be46f7bef5793,$,,52c989637244a6aa04b6fb05af246a02ee299e6eaa967ef9a64be46f7bef5793,52c989637244a6aa04b6fb05af246a02ee299e6eaa967ef9a64be46f7bef5793,"{""basis"":""ordered nested-math atom; exact symbolic replay"",""kind"":""source-target-formula-map""}"
1.1.0,formula,O007-FREMLIN-V2-S244-FORMULA-0174,O007-FREMLIN-V2-S244,O007-RIGHTS-FREMLIN-DSL,O007-FREMLIN-V2-S244-SEG-244E,174,244E,244E,185,194,6385,6396,6933,6944,c=\|f\|_p,c=\|f\|_p,8e41860d65a1f9d9dfd5b89345cbb3861e362e8b3e9ab4f669809a3c9677250c,8e41860d65a1f9d9dfd5b89345cbb3861e362e8b3e9ab4f669809a3c9677250c,8e41860d65a1f9d9dfd5b89345cbb3861e362e8b3e9ab4f669809a3c9677250c,$,,8e41860d65a1f9d9dfd5b89345cbb3861e362e8b3e9ab4f669809a3c9677250c,8e41860d65a1f9d9dfd5b89345cbb3861e362e8b3e9ab4f669809a3c9677250c,"{""basis"":""ordered nested-math atom; exact symbolic replay"",""kind"":""source-target-formula-map""}"
1.1.0,formula,O007-FREMLIN-V2-S244-FORMULA-0175,O007-FREMLIN-V2-S244,O007-RIGHTS-FREMLIN-DSL,O007-FREMLIN-V2-S244-SEG-244E,175,244E,244E,185,195,6401,6412,6949,6960,d=\|g\|_q,d=\|g\|_q,3a5a7e00bc2b3a90de9af3d2b8d048eb8340099fb0135538824b24c7487e023f,3a5a7e00bc2b3a90de9af3d2b8d048eb8340099fb0135538824b24c7487e023f,3a5a7e00bc2b3a90de9af3d2b8d048eb8340099fb0135538824b24c7487e023f,$,,3a5a7e00bc2b3a90de9af3d2b8d048eb8340099fb0135538824b24c7487e023f,3a5a7e00bc2b3a90de9af3d2b8d048eb8340099fb0135538824b24c7487e023f,"{""basis"":""ordered nested-math atom; exact symbolic replay"",""kind"":""source-target-formula-map""}"
1.1.0,formula,O007-FREMLIN-V2-S244-FORMULA-0176,O007-FREMLIN-V2-S244,O007-RIGHTS-FREMLIN-DSL,O007-FREMLIN-V2-S244-SEG-244E,176,244E,244E,186,196,6440,6475,6994,7029,\|\bover1cf\|_p=\|\bover1dg\|_q=1,\|\bover1cf\|_p=\|\bover1dg\|_q=1,36a4d0f750dcb179d02c28c8206737bcae9efadf2e6ceec983f5d371fac714ef,36a4d0f750dcb179d02c28c8206737bcae9efadf2e6ceec983f5d371fac714ef,36a4d0f750dcb179d02c28c8206737bcae9efadf2e6ceec983f5d371fac714ef,$,,36a4d0f750dcb179d02c28c8206737bcae9efadf2e6ceec983f5d371fac714ef,36a4d0f750dcb179d02c28c8206737bcae9efadf2e6ceec983f5d371fac714ef,"{""basis"":""ordered nested-math atom; exact symbolic replay"",""kind"":""source-target-formula-map""}"
1.1.0,formula,O007-FREMLIN-V2-S244-FORMULA-0177,O007-FREMLIN-V2-S244,O007-RIGHTS-FREMLIN-DSL,O007-FREMLIN-V2-S244-SEG-244E,177,244E,244E,188,198,6492,6532,7053,7093,f\times g=cd(\Bover1cf\times\Bover1dg),f\times g=cd(\Bover1cf\times\Bover1dg),9a25bddf3c2bda1290dd2fa63a2b763c62375e121ada5cac46fa738d569ae86f,9a25bddf3c2bda1290dd2fa63a2b763c62375e121ada5cac46fa738d569ae86f,09016fc8fabcc802d6f58b921c2123db24f81ab61c3b72c5711c62a529d0416e,$,,09016fc8fabcc802d6f58b921c2123db24f81ab61c3b72c5711c62a529d0416e,09016fc8fabcc802d6f58b921c2123db24f81ab61c3b72c5711c62a529d0416e,"{""basis"":""ordered nested-math atom; exact symbolic replay"",""kind"":""source-target-formula-map""}"
1.1.0,formula,O007-FREMLIN-V2-S244-FORMULA-0178,O007-FREMLIN-V2-S244,O007-RIGHTS-FREMLIN-DSL,O007-FREMLIN-V2-S244-SEG-244E,178,244E,244E,192,202,6577,6634,7139,7196,"\int|f\times g|
=cd\int|\Bover1cf\times\Bover1dg|\le cd","\int|f\times g|
=cd\int|\Bover1cf\times\Bover1dg|\le cd",2342db9f1db877b2fa55b8ccabe5ccfe1c601869b83b4e9d6c80ab44489010d8,2342db9f1db877b2fa55b8ccabe5ccfe1c601869b83b4e9d6c80ab44489010d8,4a6110466139be12de366f8dfa43923462865ef33682ab4996006c6203f80f10,$,,4a6110466139be12de366f8dfa43923462865ef33682ab4996006c6203f80f10,4a6110466139be12de366f8dfa43923462865ef33682ab4996006c6203f80f10,"{""basis"":""ordered nested-math atom; exact symbolic replay"",""kind"":""source-target-formula-map""}"
1.1.0,formula,O007-FREMLIN-V2-S244-FORMULA-0179,O007-FREMLIN-V2-S244,O007-RIGHTS-FREMLIN-DSL,O007-FREMLIN-V2-S244-SEG-244E,179,244E,244E,199,209,6695,6705,7275,7285,u\in L^p,u\in L^p,4469d02546c5a3713a6e8c8ca3450f7e0668cbbf9feecd60e8edc8273374d732,4469d02546c5a3713a6e8c8ca3450f7e0668cbbf9feecd60e8edc8273374d732,83d058857d4c97bd6f1fedebc4dcdd11ca86543e060bf49873ecc26aa8e274c1,$,,83d058857d4c97bd6f1fedebc4dcdd11ca86543e060bf49873ecc26aa8e274c1,83d058857d4c97bd6f1fedebc4dcdd11ca86543e060bf49873ecc26aa8e274c1,"{""basis"":""ordered nested-math atom; exact symbolic replay"",""kind"":""source-target-formula-map""}"
1.1.0,formula,O007-FREMLIN-V2-S244-FORMULA-0180,O007-FREMLIN-V2-S244,O007-RIGHTS-FREMLIN-DSL,O007-FREMLIN-V2-S244-SEG-244E,180,244E,244E,199,209,6707,6717,7287,7297,v\in L^q,v\in L^q,8730972ea43230fd6234ab2e4c439b34c4f58d6ff5d59f2264922bb4daef3ae6,8730972ea43230fd6234ab2e4c439b34c4f58d6ff5d59f2264922bb4daef3ae6,f0935e326e61259154d4715ed203db01065179fa9230284a44fea77673a8345c,$,,f0935e326e61259154d4715ed203db01065179fa9230284a44fea77673a8345c,f0935e326e61259154d4715ed203db01065179fa9230284a44fea77673a8345c,"{""basis"":""ordered nested-math atom; exact symbolic replay"",""kind"":""source-target-formula-map""}"
1.1.0,formula,O007-FREMLIN-V2-S244-FORMULA-0181,O007-FREMLIN-V2-S244,O007-RIGHTS-FREMLIN-DSL,O007-FREMLIN-V2-S244-SEG-244E,181,244E,244E,199,210,6723,6738,7305,7320,f\in\eusm L^p,f\in\eusm L^p,3e7f6d60c2e44edcbf6d30822f4d7ea0a718edd1edcf7fd8077c0ab53cd55791,3e7f6d60c2e44edcbf6d30822f4d7ea0a718edd1edcf7fd8077c0ab53cd55791,7833071826170ae2087a6c03ab8437e0aa3edba5b705fb456eebf342fd043404,$,,7833071826170ae2087a6c03ab8437e0aa3edba5b705fb456eebf342fd043404,7833071826170ae2087a6c03ab8437e0aa3edba5b705fb456eebf342fd043404,"{""basis"":""ordered nested-math atom; exact symbolic replay"",""kind"":""source-target-formula-map""}"
1.1.0,formula,O007-FREMLIN-V2-S244-FORMULA-0182,O007-FREMLIN-V2-S244,O007-RIGHTS-FREMLIN-DSL,O007-FREMLIN-V2-S244-SEG-244E,182,244E,244E,200,210,6740,6756,7322,7338,g\in \eusm L^q,g\in \eusm L^q,aa7613371e1875325ef28a123e545da75d88b058237288b0ef250d7b36422529,aa7613371e1875325ef28a123e545da75d88b058237288b0ef250d7b36422529,52c989637244a6aa04b6fb05af246a02ee299e6eaa967ef9a64be46f7bef5793,$,,52c989637244a6aa04b6fb05af246a02ee299e6eaa967ef9a64be46f7bef5793,52c989637244a6aa04b6fb05af246a02ee299e6eaa967ef9a64be46f7bef5793,"{""basis"":""ordered nested-math atom; exact symbolic replay"",""kind"":""source-target-formula-map""}"
1.1.0,formula,O007-FREMLIN-V2-S244-FORMULA-0183,O007-FREMLIN-V2-S244,O007-RIGHTS-FREMLIN-DSL,O007-FREMLIN-V2-S244-SEG-244E,183,244E,244E,200,211,6767,6784,7359,7376,u=f^{\ssbullet},u=f^{\ssbullet},ee2062d904daab658344b9c24477226ec717e23e36d32dea534517d5d77f4d58,ee2062d904daab658344b9c24477226ec717e23e36d32dea534517d5d77f4d58,ee2062d904daab658344b9c24477226ec717e23e36d32dea534517d5d77f4d58,$,,ee2062d904daab658344b9c24477226ec717e23e36d32dea534517d5d77f4d58,ee2062d904daab658344b9c24477226ec717e23e36d32dea534517d5d77f4d58,"{""basis"":""ordered nested-math atom; exact symbolic replay"",""kind"":""source-target-formula-map""}"
1.1.0,formula,O007-FREMLIN-V2-S244-FORMULA-0184,O007-FREMLIN-V2-S244,O007-RIGHTS-FREMLIN-DSL,O007-FREMLIN-V2-S244-SEG-244E,184,244E,244E,200,211,6789,6806,7381,7398,v=g^{\ssbullet},v=g^{\ssbullet},b5cf465cdb281a64c19ccd1a5261d97afb0f20f6bab2c3ed552eaeea40947ab9,b5cf465cdb281a64c19ccd1a5261d97afb0f20f6bab2c3ed552eaeea40947ab9,b5cf465cdb281a64c19ccd1a5261d97afb0f20f6bab2c3ed552eaeea40947ab9,$,,b5cf465cdb281a64c19ccd1a5261d97afb0f20f6bab2c3ed552eaeea40947ab9,b5cf465cdb281a64c19ccd1a5261d97afb0f20f6bab2c3ed552eaeea40947ab9,"{""basis"":""ordered nested-math atom; exact symbolic replay"",""kind"":""source-target-formula-map""}"
1.1.0,formula,O007-FREMLIN-V2-S244-FORMULA-0185,O007-FREMLIN-V2-S244,O007-RIGHTS-FREMLIN-DSL,O007-FREMLIN-V2-S244-SEG-244E,185,244E,244E,201,211,6808,6819,7400,7411,f\times g,f\times g,9e64daa7506f83561f8eb6584e1863324a9af4fabca83f51a7f8e6e9502dba0b,9e64daa7506f83561f8eb6584e1863324a9af4fabca83f51a7f8e6e9502dba0b,4a7ef69155d328f6f1b198eaf6a255e20c4f49e4ee06ac01b461d237cdb91020,$,,4a7ef69155d328f6f1b198eaf6a255e20c4f49e4ee06ac01b461d237cdb91020,4a7ef69155d328f6f1b198eaf6a255e20c4f49e4ee06ac01b461d237cdb91020,"{""basis"":""ordered nested-math atom; exact symbolic replay"",""kind"":""source-target-formula-map""}"
1.1.0,formula,O007-FREMLIN-V2-S244-FORMULA-0186,O007-FREMLIN-V2-S244,O007-RIGHTS-FREMLIN-DSL,O007-FREMLIN-V2-S244-SEG-244E,186,244E,244E,201,212,6838,6856,7437,7455,u\times v\in L^1,u\times v\in L^1,50077747ad06e5a2197ebbee7326c9b024e3cab35945684cf9664728a74b745a,50077747ad06e5a2197ebbee7326c9b024e3cab35945684cf9664728a74b745a,43ef819a2ec64bf271262e05d647ad61798bb888ca7770130b166241facfd9f3,$,,43ef819a2ec64bf271262e05d647ad61798bb888ca7770130b166241facfd9f3,43ef819a2ec64bf271262e05d647ad61798bb888ca7770130b166241facfd9f3,"{""basis"":""ordered nested-math atom; exact symbolic replay"",""kind"":""source-target-formula-map""}"
1.1.0,formula,O007-FREMLIN-V2-S244-FORMULA-0187,O007-FREMLIN-V2-S244,O007-RIGHTS-FREMLIN-DSL,O007-FREMLIN-V2-S244-SEG-244E,187,244E,244E,203,214,6875,6960,7474,7559,"|\int u\times v|\le\|u\times v\|_1
=\int|f\times g|\le\|f\|_p\|g\|_q=\|u\|_p\|v\|_q","|\int u\times v|\le\|u\times v\|_1
=\int|f\times g|\le\|f\|_p\|g\|_q=\|u\|_p\|v\|_q",49aff9ebe6605e7ca932e04a1006cda7bb77f0c493daead5afd2a0a2b6098ac5,49aff9ebe6605e7ca932e04a1006cda7bb77f0c493daead5afd2a0a2b6098ac5,d4eb656127e2d270f870cb012eb403abd9f30a7c95f77aca459f82984d313706,$,,d4eb656127e2d270f870cb012eb403abd9f30a7c95f77aca459f82984d313706,d4eb656127e2d270f870cb012eb403abd9f30a7c95f77aca459f82984d313706,"{""basis"":""ordered nested-math atom; exact symbolic replay"",""kind"":""source-target-formula-map""}"
1.1.0,formula,O007-FREMLIN-V2-S244-FORMULA-0188,O007-FREMLIN-V2-S244,O007-RIGHTS-FREMLIN-DSL,O007-FREMLIN-V2-S244-SEG-244E,188,244E,244E,210,221,7062,7069,7668,7675,p=q=2,p=q=2,03820ff21d766cef309c1fc7b3dec16aea719536951423c9775f93ad45234c85,03820ff21d766cef309c1fc7b3dec16aea719536951423c9775f93ad45234c85,03820ff21d766cef309c1fc7b3dec16aea719536951423c9775f93ad45234c85,$,,03820ff21d766cef309c1fc7b3dec16aea719536951423c9775f93ad45234c85,03820ff21d766cef309c1fc7b3dec16aea719536951423c9775f93ad45234c85,"{""basis"":""ordered nested-math atom; exact symbolic replay"",""kind"":""source-target-formula-map""}"
1.1.0,formula,O007-FREMLIN-V2-S244-FORMULA-0189,O007-FREMLIN-V2-S244,O007-RIGHTS-FREMLIN-DSL,O007-FREMLIN-V2-S244-SEG-244F,189,244F,244F,213,224,7139,7155,7756,7772,"(X,\Sigma,\mu)","(X,\Sigma,\mu)",05e9b769403b4c7926a944d5aaa03f00bb216412bc3f850e41b3c28de657aa67,05e9b769403b4c7926a944d5aaa03f00bb216412bc3f850e41b3c28de657aa67,05e9b769403b4c7926a944d5aaa03f00bb216412bc3f850e41b3c28de657aa67,$,,05e9b769403b4c7926a944d5aaa03f00bb216412bc3f850e41b3c28de657aa67,05e9b769403b4c7926a944d5aaa03f00bb216412bc3f850e41b3c28de657aa67,"{""basis"":""ordered nested-math atom; exact symbolic replay"",""kind"":""source-target-formula-map""}"
1.1.0,formula,O007-FREMLIN-V2-S244-FORMULA-0190,O007-FREMLIN-V2-S244,O007-RIGHTS-FREMLIN-DSL,O007-FREMLIN-V2-S244-SEG-244F,190,244F,244F,214,225,7179,7201,7794,7816,"p\in\ooint{1,\infty}","p\in\ooint{1,\infty}",b26ec130e99a291da75f46354a0a86a5b604537ec8e83ade5c90b74f8a59770e,b26ec130e99a291da75f46354a0a86a5b604537ec8e83ade5c90b74f8a59770e,b26ec130e99a291da75f46354a0a86a5b604537ec8e83ade5c90b74f8a59770e,$,,b26ec130e99a291da75f46354a0a86a5b604537ec8e83ade5c90b74f8a59770e,b26ec130e99a291da75f46354a0a86a5b604537ec8e83ade5c90b74f8a59770e,"{""basis"":""ordered nested-math atom; exact symbolic replay"",""kind"":""source-target-formula-map""}"
1.1.0,formula,O007-FREMLIN-V2-S244-FORMULA-0191,O007-FREMLIN-V2-S244,O007-RIGHTS-FREMLIN-DSL,O007-FREMLIN-V2-S244-SEG-244F,191,244F,244F,214,225,7209,7220,7827,7838,q=p/(p-1),q=p/(p-1),d7aa0b2a7604ff1cb280ab9cfecbf80cbf586a415ba605980c92c346130d471d,d7aa0b2a7604ff1cb280ab9cfecbf80cbf586a415ba605980c92c346130d471d,d7aa0b2a7604ff1cb280ab9cfecbf80cbf586a415ba605980c92c346130d471d,$,,d7aa0b2a7604ff1cb280ab9cfecbf80cbf586a415ba605980c92c346130d471d,d7aa0b2a7604ff1cb280ab9cfecbf80cbf586a415ba605980c92c346130d471d,"{""basis"":""ordered nested-math atom; exact symbolic replay"",""kind"":""source-target-formula-map""}"
1.1.0,formula,O007-FREMLIN-V2-S244-FORMULA-0192,O007-FREMLIN-V2-S244,O007-RIGHTS-FREMLIN-DSL,O007-FREMLIN-V2-S244-SEG-244F,192,244F,244F,215,226,7230,7255,7849,7874,{1\over p}+{1\over q}=1,{1\over p}+{1\over q}=1,f5c68ce6f398ebde00d37f791e65d562b0c9a25bfdb786bcdedef92505965991,f5c68ce6f398ebde00d37f791e65d562b0c9a25bfdb786bcdedef92505965991,f42f1319e4182abe8cbc0004f6148002d40040e5971df1f1f8743763d349c6ff,$,,f42f1319e4182abe8cbc0004f6148002d40040e5971df1f1f8743763d349c6ff,f42f1319e4182abe8cbc0004f6148002d40040e5971df1f1f8743763d349c6ff,"{""basis"":""ordered nested-math atom; exact symbolic replay"",""kind"":""source-target-formula-map""}"
1.1.0,formula,O007-FREMLIN-V2-S244-FORMULA-0193,O007-FREMLIN-V2-S244,O007-RIGHTS-FREMLIN-DSL,O007-FREMLIN-V2-S244-SEG-244F,193,244F,244F,217,228,7272,7291,7894,7913,u\in L^p=L^p(\mu),u\in L^p=L^p(\mu),ddd9994cedef4d73d9c3178661e5d983ce58e46f27b87bd0b755320a86e7814b,ddd9994cedef4d73d9c3178661e5d983ce58e46f27b87bd0b755320a86e7814b,6709864553e029a705ad16f914495afde70eafe58f9225ca25db2f9dd0793388,$,,6709864553e029a705ad16f914495afde70eafe58f9225ca25db2f9dd0793388,6709864553e029a705ad16f914495afde70eafe58f9225ca25db2f9dd0793388,"{""basis"":""ordered nested-math atom; exact symbolic replay"",""kind"":""source-target-formula-map""}"
1.1.0,formula,O007-FREMLIN-V2-S244-FORMULA-0194,O007-FREMLIN-V2-S244,O007-RIGHTS-FREMLIN-DSL,O007-FREMLIN-V2-S244-SEG-244F,194,244F,244F,218,229,7293,7354,7915,7976,"\|u\|_p=\max\{\int u\times v:v\in L^q(\mu),\,\|v\|_q\le 1\}","\|u\|_p=\max\{\int u\times v:v\in L^q(\mu),\,\|v\|_q\le 1\}",97561dc0aed0242a67fa00984b8e29007c9c46170839f15536560d0cce5a433e,97561dc0aed0242a67fa00984b8e29007c9c46170839f15536560d0cce5a433e,73eef3d47a8358b37356cbd4bca887f5e12113843c95d42284521e0d799ffa00,$,,73eef3d47a8358b37356cbd4bca887f5e12113843c95d42284521e0d799ffa00,73eef3d47a8358b37356cbd4bca887f5e12113843c95d42284521e0d799ffa00,"{""basis"":""ordered nested-math atom; exact symbolic replay"",""kind"":""source-target-formula-map""}"
1.1.0,formula,O007-FREMLIN-V2-S244-FORMULA-0195,O007-FREMLIN-V2-S244,O007-RIGHTS-FREMLIN-DSL,O007-FREMLIN-V2-S244-SEG-244F,195,244F,244F,220,231,7361,7371,7983,7993,"\|\,\|_p","\|\,\|_p",c8fa669e940d4d6ba37ec24bdc68193ad46c15f02e32977a6dce74241dc029f4,c8fa669e940d4d6ba37ec24bdc68193ad46c15f02e32977a6dce74241dc029f4,c8fa669e940d4d6ba37ec24bdc68193ad46c15f02e32977a6dce74241dc029f4,$,,c8fa669e940d4d6ba37ec24bdc68193ad46c15f02e32977a6dce74241dc029f4,c8fa669e940d4d6ba37ec24bdc68193ad46c15f02e32977a6dce74241dc029f4,"{""basis"":""ordered nested-math atom; exact symbolic replay"",""kind"":""source-target-formula-map""}"
1.1.0,formula,O007-FREMLIN-V2-S244-FORMULA-0196,O007-FREMLIN-V2-S244,O007-RIGHTS-FREMLIN-DSL,O007-FREMLIN-V2-S244-SEG-244F,196,244F,244F,220,231,7385,7390,8015,8020,L^p,L^p,0de1bee007df208a54c85a6cf3aa6c06e2a922620965a43478a0496c27e05aa0,0de1bee007df208a54c85a6cf3aa6c06e2a922620965a43478a0496c27e05aa0,0de1bee007df208a54c85a6cf3aa6c06e2a922620965a43478a0496c27e05aa0,$,,0de1bee007df208a54c85a6cf3aa6c06e2a922620965a43478a0496c27e05aa0,0de1bee007df208a54c85a6cf3aa6c06e2a922620965a43478a0496c27e05aa0,"{""basis"":""ordered nested-math atom; exact symbolic replay"",""kind"":""source-target-formula-map""}"
1.1.0,formula,O007-FREMLIN-V2-S244-FORMULA-0197,O007-FREMLIN-V2-S244,O007-RIGHTS-FREMLIN-DSL,O007-FREMLIN-V2-S244-SEG-244F,197,244F,244F,222,233,7414,7424,8046,8056,u\in L^p,u\in L^p,4469d02546c5a3713a6e8c8ca3450f7e0668cbbf9feecd60e8edc8273374d732,4469d02546c5a3713a6e8c8ca3450f7e0668cbbf9feecd60e8edc8273374d732,83d058857d4c97bd6f1fedebc4dcdd11ca86543e060bf49873ecc26aa8e274c1,$,,83d058857d4c97bd6f1fedebc4dcdd11ca86543e060bf49873ecc26aa8e274c1,83d058857d4c97bd6f1fedebc4dcdd11ca86543e060bf49873ecc26aa8e274c1,"{""basis"":""ordered nested-math atom; exact symbolic replay"",""kind"":""source-target-formula-map""}"
1.1.0,formula,O007-FREMLIN-V2-S244-FORMULA-0198,O007-FREMLIN-V2-S244,O007-RIGHTS-FREMLIN-DSL,O007-FREMLIN-V2-S244-SEG-244F,198,244F,244F,224,235,7443,7505,8080,8142,"\tau(u)
=\sup\{\int u\times v:v\in L^q(\mu),\,\|v\|_q\le 1\}","\tau(u)
=\sup\{\int u\times v:v\in L^q(\mu),\,\|v\|_q\le 1\}",1c7ba2f975aea1aa5305ab9b370a155cf96cae4ce3fd34e0a7b061e2c9ff6525,1c7ba2f975aea1aa5305ab9b370a155cf96cae4ce3fd34e0a7b061e2c9ff6525,606017d088ca6043a23888cfc889eaecb65cc2c7b32e39da3e7694818cc99897,$,,606017d088ca6043a23888cfc889eaecb65cc2c7b32e39da3e7694818cc99897,606017d088ca6043a23888cfc889eaecb65cc2c7b32e39da3e7694818cc99897,"{""basis"":""ordered nested-math atom; exact symbolic replay"",""kind"":""source-target-formula-map""}"
1.1.0,formula,O007-FREMLIN-V2-S244-FORMULA-0199,O007-FREMLIN-V2-S244,O007-RIGHTS-FREMLIN-DSL,O007-FREMLIN-V2-S244-SEG-244F,199,244F,244F,227,238,7534,7553,8176,8195,\|u\|_p\ge\tau(u),\|u\|_p\ge\tau(u),bd10d636e1ddd1ed17f7f9ec84064e760c4a11ce54f90da6b699e97d51fcf280,bd10d636e1ddd1ed17f7f9ec84064e760c4a11ce54f90da6b699e97d51fcf280,bd10d636e1ddd1ed17f7f9ec84064e760c4a11ce54f90da6b699e97d51fcf280,$,,bd10d636e1ddd1ed17f7f9ec84064e760c4a11ce54f90da6b699e97d51fcf280,bd10d636e1ddd1ed17f7f9ec84064e760c4a11ce54f90da6b699e97d51fcf280,"{""basis"":""ordered nested-math atom; exact symbolic replay"",""kind"":""source-target-formula-map""}"
1.1.0,formula,O007-FREMLIN-V2-S244-FORMULA-0200,O007-FREMLIN-V2-S244,O007-RIGHTS-FREMLIN-DSL,O007-FREMLIN-V2-S244-SEG-244F,200,244F,244F,228,239,7560,7571,8202,8213,\|u\|_p=0,\|u\|_p=0,7dd690ec3bae2e63bfb12e9b196a62c62f84ad7c92f491ccc82564d503ad2d85,7dd690ec3bae2e63bfb12e9b196a62c62f84ad7c92f491ccc82564d503ad2d85,7dd690ec3bae2e63bfb12e9b196a62c62f84ad7c92f491ccc82564d503ad2d85,$,,7dd690ec3bae2e63bfb12e9b196a62c62f84ad7c92f491ccc82564d503ad2d85,7dd690ec3bae2e63bfb12e9b196a62c62f84ad7c92f491ccc82564d503ad2d85,"{""basis"":""ordered nested-math atom; exact symbolic replay"",""kind"":""source-target-formula-map""}"
1.1.0,formula,O007-FREMLIN-V2-S244-FORMULA-0201,O007-FREMLIN-V2-S244,O007-RIGHTS-FREMLIN-DSL,O007-FREMLIN-V2-S244-SEG-244F,201,244F,244F,230,241,7597,7669,8239,8311,"0=\|u\|_p=\tau(u)
=\max\{\int u\times v:v\in L^q(\mu),\,\|v\|_q\le 1\}","0=\|u\|_p=\tau(u)
=\max\{\int u\times v:v\in L^q(\mu),\,\|v\|_q\le 1\}",f60ae4a3f7060df5e76677aa276b8eb5392d1df0335c191b1dbfdb89355b68ff,f60ae4a3f7060df5e76677aa276b8eb5392d1df0335c191b1dbfdb89355b68ff,7dc2aacf4b3962ea7a5ddbe5a50ba8376cefc9bae3a5cd1380a8e46bad0a48b6,$,,7dc2aacf4b3962ea7a5ddbe5a50ba8376cefc9bae3a5cd1380a8e46bad0a48b6,7dc2aacf4b3962ea7a5ddbe5a50ba8376cefc9bae3a5cd1380a8e46bad0a48b6,"{""basis"":""ordered nested-math atom; exact symbolic replay"",""kind"":""source-target-formula-map""}"
1.1.0,formula,O007-FREMLIN-V2-S244-FORMULA-0202,O007-FREMLIN-V2-S244,O007-RIGHTS-FREMLIN-DSL,O007-FREMLIN-V2-S244-SEG-244F,202,244F,244F,233,244,7688,7701,8330,8343,\|u\|_p=c>0,\|u\|_p=c>0,56c3499160e309747e6d3d3ff2fc805df6685b5463ab7ab3c9544503bf1d636d,56c3499160e309747e6d3d3ff2fc805df6685b5463ab7ab3c9544503bf1d636d,56c3499160e309747e6d3d3ff2fc805df6685b5463ab7ab3c9544503bf1d636d,$,,56c3499160e309747e6d3d3ff2fc805df6685b5463ab7ab3c9544503bf1d636d,56c3499160e309747e6d3d3ff2fc805df6685b5463ab7ab3c9544503bf1d636d,"{""basis"":""ordered nested-math atom; exact symbolic replay"",""kind"":""source-target-formula-map""}"
1.1.0,formula,O007-FREMLIN-V2-S244-FORMULA-0203,O007-FREMLIN-V2-S244,O007-RIGHTS-FREMLIN-DSL,O007-FREMLIN-V2-S244-SEG-244F,203,244F,244F,235,246,7725,7758,8365,8398,v=c^{-p/q}\sgn u\times|u|^{p/q},v=c^{-p/q}\sgn u\times|u|^{p/q},a4ce4d724c3f310ba67d6f6dd67a7068a281e1f156620a492a8cfeef562c91c7,a4ce4d724c3f310ba67d6f6dd67a7068a281e1f156620a492a8cfeef562c91c7,3796eb381cd240b05b69b85ac4b6eea3b91aca29b2f8504908d097f58c438df8,$,,3796eb381cd240b05b69b85ac4b6eea3b91aca29b2f8504908d097f58c438df8,3796eb381cd240b05b69b85ac4b6eea3b91aca29b2f8504908d097f58c438df8,"{""basis"":""ordered nested-math atom; exact symbolic replay"",""kind"":""source-target-formula-map""}"
1.1.0,formula,O007-FREMLIN-V2-S244-FORMULA-0204,O007-FREMLIN-V2-S244,O007-RIGHTS-FREMLIN-DSL,O007-FREMLIN-V2-S244-SEG-244F,204,244F,244F,237,248,7782,7794,8426,8438,a\in\Bbb R,a\in\Bbb R,320bc61e7c9c240bbe3785a1abef668d5dc5d0f36fa1061c386ff0b380288e4a,320bc61e7c9c240bbe3785a1abef668d5dc5d0f36fa1061c386ff0b380288e4a,25e579aff10f303f0b3a0972c2a2e1d81163cd9641dfef0b0d7d1242d0c298e1,$,,25e579aff10f303f0b3a0972c2a2e1d81163cd9641dfef0b0d7d1242d0c298e1,25e579aff10f303f0b3a0972c2a2e1d81163cd9641dfef0b0d7d1242d0c298e1,"{""basis"":""ordered nested-math atom; exact symbolic replay"",""kind"":""source-target-formula-map""}"
1.1.0,formula,O007-FREMLIN-V2-S244-FORMULA-0205,O007-FREMLIN-V2-S244,O007-RIGHTS-FREMLIN-DSL,O007-FREMLIN-V2-S244-SEG-244F,205,244F,244F,237,249,7803,7817,8456,8470,\sgn a=|a|/a,\sgn a=|a|/a,6a5faaf3a92e754e0309185bf7e4bf007eb46bc5d2208b67054fa04caacae479,6a5faaf3a92e754e0309185bf7e4bf007eb46bc5d2208b67054fa04caacae479,b7dffc2f3c77545e8b4850940dd6e8924348c746c55a4c8adf9a75f1b996b4b0,$,,b7dffc2f3c77545e8b4850940dd6e8924348c746c55a4c8adf9a75f1b996b4b0,b7dffc2f3c77545e8b4850940dd6e8924348c746c55a4c8adf9a75f1b996b4b0,"{""basis"":""ordered nested-math atom; exact symbolic replay"",""kind"":""source-target-formula-map""}"
1.1.0,formula,O007-FREMLIN-V2-S244-FORMULA-0206,O007-FREMLIN-V2-S244,O007-RIGHTS-FREMLIN-DSL,O007-FREMLIN-V2-S244-SEG-244F,206,244F,244F,237,249,7821,7829,8476,8484,a\ne 0,a\ne 0,925905077fcc6b21417110522b2be840c623ff6910485f04ead600e0ace773e1,925905077fcc6b21417110522b2be840c623ff6910485f04ead600e0ace773e1,d705f7f44d370ea87b323349f608f90d6ea4ab216470e47dc67220688e07824a,$,,d705f7f44d370ea87b323349f608f90d6ea4ab216470e47dc67220688e07824a,d705f7f44d370ea87b323349f608f90d6ea4ab216470e47dc67220688e07824a,"{""basis"":""ordered nested-math atom; exact symbolic replay"",""kind"":""source-target-formula-map""}"
1.1.0,formula,O007-FREMLIN-V2-S244-FORMULA-0207,O007-FREMLIN-V2-S244,O007-RIGHTS-FREMLIN-DSL,O007-FREMLIN-V2-S244-SEG-244F,207,244F,244F,237,249,7831,7834,8490,8493,0,0,5feceb66ffc86f38d952786c6d696c79c2dbc239dd4e91b46729d73a27fb57e9,5feceb66ffc86f38d952786c6d696c79c2dbc239dd4e91b46729d73a27fb57e9,5feceb66ffc86f38d952786c6d696c79c2dbc239dd4e91b46729d73a27fb57e9,$,,5feceb66ffc86f38d952786c6d696c79c2dbc239dd4e91b46729d73a27fb57e9,5feceb66ffc86f38d952786c6d696c79c2dbc239dd4e91b46729d73a27fb57e9,"{""basis"":""ordered nested-math atom; exact symbolic replay"",""kind"":""source-target-formula-map""}"
1.1.0,formula,O007-FREMLIN-V2-S244-FORMULA-0208,O007-FREMLIN-V2-S244,O007-RIGHTS-FREMLIN-DSL,O007-FREMLIN-V2-S244-SEG-244F,208,244F,244F,238,249,7838,7843,8499,8504,a=0,a=0,e93d3c89fb4a0a4bf93bb0cbae1de145e8e97e7e398fb728ddf0de63d9461adf,e93d3c89fb4a0a4bf93bb0cbae1de145e8e97e7e398fb728ddf0de63d9461adf,e93d3c89fb4a0a4bf93bb0cbae1de145e8e97e7e398fb728ddf0de63d9461adf,$,,e93d3c89fb4a0a4bf93bb0cbae1de145e8e97e7e398fb728ddf0de63d9461adf,e93d3c89fb4a0a4bf93bb0cbae1de145e8e97e7e398fb728ddf0de63d9461adf,"{""basis"":""ordered nested-math atom; exact symbolic replay"",""kind"":""source-target-formula-map""}"
1.1.0,formula,O007-FREMLIN-V2-S244-FORMULA-0209,O007-FREMLIN-V2-S244,O007-RIGHTS-FREMLIN-DSL,O007-FREMLIN-V2-S244-SEG-244F,209,244F,244F,238,250,7853,7875,8515,8537,\sgn:\Bbb R\to\Bbb R,\sgn:\Bbb R\to\Bbb R,651677cc355ebd79164852c6498395583d828dd221188f03eab4cdf9713ab239,651677cc355ebd79164852c6498395583d828dd221188f03eab4cdf9713ab239,76c3f9a85b8a02ffbcc8cda4eb5ff24655683ad75dc9c2c4967a7440c93084b2,$,,76c3f9a85b8a02ffbcc8cda4eb5ff24655683ad75dc9c2c4967a7440c93084b2,76c3f9a85b8a02ffbcc8cda4eb5ff24655683ad75dc9c2c4967a7440c93084b2,"{""basis"":""ordered nested-math atom; exact symbolic replay"",""kind"":""source-target-formula-map""}"
1.1.0,formula,O007-FREMLIN-V2-S244-FORMULA-0210,O007-FREMLIN-V2-S244,O007-RIGHTS-FREMLIN-DSL,O007-FREMLIN-V2-S244-SEG-244F,210,244F,244F,239,251,7912,7927,8576,8591,f\in\eusm L^0,f\in\eusm L^0,6543e42c5f138e90eba1bced054e8c4826a26b50cd7f0bde6a49b82d0087fe7b,6543e42c5f138e90eba1bced054e8c4826a26b50cd7f0bde6a49b82d0087fe7b,5a8f974bce4387525c09d2cf266aaeaca66ee82c353a97c32ba20dab152ac7f8,$,,5a8f974bce4387525c09d2cf266aaeaca66ee82c353a97c32ba20dab152ac7f8,5a8f974bce4387525c09d2cf266aaeaca66ee82c353a97c32ba20dab152ac7f8,"{""basis"":""ordered nested-math atom; exact symbolic replay"",""kind"":""source-target-formula-map""}"
1.1.0,formula,O007-FREMLIN-V2-S244-FORMULA-0211,O007-FREMLIN-V2-S244,O007-RIGHTS-FREMLIN-DSL,O007-FREMLIN-V2-S244-SEG-244F,211,244F,244F,239,251,7936,7960,8609,8633,(\sgn f)(x)=\sgn(f(x)),(\sgn f)(x)=\sgn(f(x)),40e58abb40fdd4c4fbc4ce029d1840eb4632927267fcfa7731982e78e2c4f01c,40e58abb40fdd4c4fbc4ce029d1840eb4632927267fcfa7731982e78e2c4f01c,78b6c2687e1bdf3aabd9989f701d7ed14b84867e0598405c47df0f502dab7094,$,,78b6c2687e1bdf3aabd9989f701d7ed14b84867e0598405c47df0f502dab7094,78b6c2687e1bdf3aabd9989f701d7ed14b84867e0598405c47df0f502dab7094,"{""basis"":""ordered nested-math atom; exact symbolic replay"",""kind"":""source-target-formula-map""}"
1.1.0,formula,O007-FREMLIN-V2-S244-FORMULA-0212,O007-FREMLIN-V2-S244,O007-RIGHTS-FREMLIN-DSL,O007-FREMLIN-V2-S244-SEG-244F,212,244F,244F,239,252,7965,7977,8640,8652,x\in\dom f,x\in\dom f,55f803cb5de86fdafd56ab49dd92f9315c75e97319344d4378f16aba77e9e189,55f803cb5de86fdafd56ab49dd92f9315c75e97319344d4378f16aba77e9e189,43b7f41a47450dc6c12c5f2c81bc831b3e72f1fbe46bb27caf059883672be1a5,$,,43b7f41a47450dc6c12c5f2c81bc831b3e72f1fbe46bb27caf059883672be1a5,43b7f41a47450dc6c12c5f2c81bc831b3e72f1fbe46bb27caf059883672be1a5,"{""basis"":""ordered nested-math atom; exact symbolic replay"",""kind"":""source-target-formula-map""}"
1.1.0,formula,O007-FREMLIN-V2-S244-FORMULA-0213,O007-FREMLIN-V2-S244,O007-RIGHTS-FREMLIN-DSL,O007-FREMLIN-V2-S244-SEG-244F,213,244F,244F,240,252,7987,8007,8663,8683,\sgn f\in\eusm L^0,\sgn f\in\eusm L^0,a183dcdef599fda5b110afce75b6d36149b11ea233872f0e57ed272ba7de8444,a183dcdef599fda5b110afce75b6d36149b11ea233872f0e57ed272ba7de8444,02656c27f042db440facba16b530425411fd8fafb8424c8de85a6e059394dfcc,$,,02656c27f042db440facba16b530425411fd8fafb8424c8de85a6e059394dfcc,02656c27f042db440facba16b530425411fd8fafb8424c8de85a6e059394dfcc,"{""basis"":""ordered nested-math atom; exact symbolic replay"",""kind"":""source-target-formula-map""}"
1.1.0,formula,O007-FREMLIN-V2-S244-FORMULA-0214,O007-FREMLIN-V2-S244,O007-RIGHTS-FREMLIN-DSL,O007-FREMLIN-V2-S244-SEG-244F,214,244F,244F,240,253,8018,8033,8695,8710,f\in\eusm L^0,f\in\eusm L^0,6543e42c5f138e90eba1bced054e8c4826a26b50cd7f0bde6a49b82d0087fe7b,6543e42c5f138e90eba1bced054e8c4826a26b50cd7f0bde6a49b82d0087fe7b,5a8f974bce4387525c09d2cf266aaeaca66ee82c353a97c32ba20dab152ac7f8,$,,5a8f974bce4387525c09d2cf266aaeaca66ee82c353a97c32ba20dab152ac7f8,5a8f974bce4387525c09d2cf266aaeaca66ee82c353a97c32ba20dab152ac7f8,"{""basis"":""ordered nested-math atom; exact symbolic replay"",""kind"":""source-target-formula-map""}"
1.1.0,formula,O007-FREMLIN-V2-S244-FORMULA-0215,O007-FREMLIN-V2-S244,O007-RIGHTS-FREMLIN-DSL,O007-FREMLIN-V2-S244-SEG-244F,215,244F,244F,241,254,8042,8084,8728,8770,\sgn(f^{\ssbullet})=(\sgn f)^{\ssbullet},\sgn(f^{\ssbullet})=(\sgn f)^{\ssbullet},1fb116487b5d239926db755f8c79f64e7506c9bda0565c537c7c42eae68ac4f9,1fb116487b5d239926db755f8c79f64e7506c9bda0565c537c7c42eae68ac4f9,c52bddf03177eb166ec0fcd1d88dc307001dbbd5c03262af794830392b12ae7a,$,,c52bddf03177eb166ec0fcd1d88dc307001dbbd5c03262af794830392b12ae7a,c52bddf03177eb166ec0fcd1d88dc307001dbbd5c03262af794830392b12ae7a,"{""basis"":""ordered nested-math atom; exact symbolic replay"",""kind"":""source-target-formula-map""}"
1.1.0,formula,O007-FREMLIN-V2-S244-FORMULA-0216,O007-FREMLIN-V2-S244,O007-RIGHTS-FREMLIN-DSL,O007-FREMLIN-V2-S244-SEG-244F,216,244F,244F,242,255,8106,8123,8805,8822,\sgn:L^0\to L^0,\sgn:L^0\to L^0,153b27adbfffb96d7bd666c033b2c21b3fce0bf51ed918df00ae3ab8fb479776,153b27adbfffb96d7bd666c033b2c21b3fce0bf51ed918df00ae3ab8fb479776,b2c889fd88de40e4bcf22f2f57dddc2c411585e35bd970f54d45022ebc89d155,$,,b2c889fd88de40e4bcf22f2f57dddc2c411585e35bd970f54d45022ebc89d155,b2c889fd88de40e4bcf22f2f57dddc2c411585e35bd970f54d45022ebc89d155,"{""basis"":""ordered nested-math atom; exact symbolic replay"",""kind"":""source-target-formula-map""}"
1.1.0,formula,O007-FREMLIN-V2-S244-FORMULA-0217,O007-FREMLIN-V2-S244,O007-RIGHTS-FREMLIN-DSL,O007-FREMLIN-V2-S244-SEG-244F,217,244F,244F,242,256,8144,8163,8847,8866,v\in L^q=L^q(\mu),v\in L^q=L^q(\mu),f94a63caf4d42b4da2bce7c717424b2767c6cf571ab62bde29d0271ff1c67bb7,f94a63caf4d42b4da2bce7c717424b2767c6cf571ab62bde29d0271ff1c67bb7,fec67ac9970dc4095f4f9ee433bd40098c6658d47999c2d27cac41f44ae48572,$,,fec67ac9970dc4095f4f9ee433bd40098c6658d47999c2d27cac41f44ae48572,fec67ac9970dc4095f4f9ee433bd40098c6658d47999c2d27cac41f44ae48572,"{""basis"":""ordered nested-math atom; exact symbolic replay"",""kind"":""source-target-formula-map""}"
1.1.0,formula,O007-FREMLIN-V2-S244-FORMULA-0218,O007-FREMLIN-V2-S244,O007-RIGHTS-FREMLIN-DSL,O007-FREMLIN-V2-S244-SEG-244F,218,244F,244F,244,258,8181,8253,8884,8956,"\|v\|_q=(\int|v|^q)^{1/q}=c^{-p/q}(\int|u|^p)^{1/q}
=c^{-p/q}c^{p/q}=1","\|v\|_q=(\int|v|^q)^{1/q}=c^{-p/q}(\int|u|^p)^{1/q}
=c^{-p/q}c^{p/q}=1",31b30334584b556d6cc1947e71a4f24b91cfe40102a83bfa5f59d308030bb303,31b30334584b556d6cc1947e71a4f24b91cfe40102a83bfa5f59d308030bb303,a3e73639ad004c155c1e27329d63d83f167bc0d07113bc20f796cbcbf0ee003c,$,,a3e73639ad004c155c1e27329d63d83f167bc0d07113bc20f796cbcbf0ee003c,a3e73639ad004c155c1e27329d63d83f167bc0d07113bc20f796cbcbf0ee003c,"{""basis"":""ordered nested-math atom; exact symbolic replay"",""kind"":""source-target-formula-map""}"
1.1.0,formula,O007-FREMLIN-V2-S244-FORMULA-0219,O007-FREMLIN-V2-S244,O007-RIGHTS-FREMLIN-DSL,O007-FREMLIN-V2-S244-SEG-244F,219,244F,244F,249,263,8271,8446,8976,9151,"\eqalign{\tau(u)\ge\int u\times v
&=c^{-p/q}\int\sgn u\times|u|\times\sgn u\times|u|^{p/q}\cr
&=c^{-p/q}\int|u|^{1+{p\over q}}
=c^{-p/q}\int|u|^p
=c^{p-{p\over q}}
=c,\cr}","\eqalign{\tau(u)\ge\int u\times v
&=c^{-p/q}\int\sgn u\times|u|\times\sgn u\times|u|^{p/q}\cr
&=c^{-p/q}\int|u|^{1+{p\over q}}
=c^{-p/q}\int|u|^p
=c^{p-{p\over q}}
=c,\cr}",185dc21dfef4777f61707056bc54eaacfd9cc1a62d74764572d406f960dc24a3,185dc21dfef4777f61707056bc54eaacfd9cc1a62d74764572d406f960dc24a3,b039d664ced84123c586cf5566f8be08cc9a9a7f81e79523a456d8fadbd1eb25,$$,,b039d664ced84123c586cf5566f8be08cc9a9a7f81e79523a456d8fadbd1eb25,b039d664ced84123c586cf5566f8be08cc9a9a7f81e79523a456d8fadbd1eb25,"{""basis"":""ordered nested-math atom; exact symbolic replay"",""kind"":""source-target-formula-map""}"
1.1.0,formula,O007-FREMLIN-V2-S244-FORMULA-0220,O007-FREMLIN-V2-S244,O007-RIGHTS-FREMLIN-DSL,O007-FREMLIN-V2-S244-SEG-244F,220,244F,244F,256,270,8473,8489,9186,9202,1+{p\over q}=p,1+{p\over q}=p,5e213ef925d47398f3a6b84176ff2d07ea18e4134d58f276c6d20142096643d7,5e213ef925d47398f3a6b84176ff2d07ea18e4134d58f276c6d20142096643d7,69d0838c9f4ffd9eeb80ae72052f781221f1457f699230e810648a32604fcf7e,$,,69d0838c9f4ffd9eeb80ae72052f781221f1457f699230e810648a32604fcf7e,69d0838c9f4ffd9eeb80ae72052f781221f1457f699230e810648a32604fcf7e,"{""basis"":""ordered nested-math atom; exact symbolic replay"",""kind"":""source-target-formula-map""}"
1.1.0,formula,O007-FREMLIN-V2-S244-FORMULA-0221,O007-FREMLIN-V2-S244,O007-RIGHTS-FREMLIN-DSL,O007-FREMLIN-V2-S244-SEG-244F,221,244F,244F,256,271,8491,8507,9204,9220,p-{p\over q}=1,p-{p\over q}=1,0071b7f86ce97336a5f45dd709d5ce1e283099055b3a5894d6377a1e85891097,0071b7f86ce97336a5f45dd709d5ce1e283099055b3a5894d6377a1e85891097,1b0484c2881d870c3d39922df3a977b1fb758f6ac32fa131bf94de0ec63a7626,$,,1b0484c2881d870c3d39922df3a977b1fb758f6ac32fa131bf94de0ec63a7626,1b0484c2881d870c3d39922df3a977b1fb758f6ac32fa131bf94de0ec63a7626,"{""basis"":""ordered nested-math atom; exact symbolic replay"",""kind"":""source-target-formula-map""}"
1.1.0,formula,O007-FREMLIN-V2-S244-FORMULA-0222,O007-FREMLIN-V2-S244,O007-RIGHTS-FREMLIN-DSL,O007-FREMLIN-V2-S244-SEG-244F,222,244F,244F,257,271,8514,8533,9227,9246,\tau(u)\ge\|u\|_p,\tau(u)\ge\|u\|_p,73c105770fe4b706b30a962002d1a4a9c9f7cf124f1d1eebe289059eeeacfa83,73c105770fe4b706b30a962002d1a4a9c9f7cf124f1d1eebe289059eeeacfa83,73c105770fe4b706b30a962002d1a4a9c9f7cf124f1d1eebe289059eeeacfa83,$,,73c105770fe4b706b30a962002d1a4a9c9f7cf124f1d1eebe289059eeeacfa83,73c105770fe4b706b30a962002d1a4a9c9f7cf124f1d1eebe289059eeeacfa83,"{""basis"":""ordered nested-math atom; exact symbolic replay"",""kind"":""source-target-formula-map""}"
1.1.0,formula,O007-FREMLIN-V2-S244-FORMULA-0223,O007-FREMLIN-V2-S244,O007-RIGHTS-FREMLIN-DSL,O007-FREMLIN-V2-S244-SEG-244F,223,244F,244F,259,273,8551,8583,9264,9296,\tau(u)=\|u\|_p=\int u\times v,\tau(u)=\|u\|_p=\int u\times v,16f910c66cf8bab5e696764e175584aaf55c9dfe52711d70c640d2c0d223e1b4,16f910c66cf8bab5e696764e175584aaf55c9dfe52711d70c640d2c0d223e1b4,4a41017e218c3a16055e75be744e0a0f297d939d51557530ea3d22e39d74ae36,$,,4a41017e218c3a16055e75be744e0a0f297d939d51557530ea3d22e39d74ae36,4a41017e218c3a16055e75be744e0a0f297d939d51557530ea3d22e39d74ae36,"{""basis"":""ordered nested-math atom; exact symbolic replay"",""kind"":""source-target-formula-map""}"
1.1.0,formula,O007-FREMLIN-V2-S244-FORMULA-0224,O007-FREMLIN-V2-S244,O007-RIGHTS-FREMLIN-DSL,O007-FREMLIN-V2-S244-SEG-244F,224,244F,244F,264,278,8666,8695,9384,9413,\|u+v\|_p\le\|u\|_p+\|v\|_p,\|u+v\|_p\le\|u\|_p+\|v\|_p,9c9810eb7c0c3f16ca2ccace4be70d6f14900005518f6b80094069f1db3b6b6d,9c9810eb7c0c3f16ca2ccace4be70d6f14900005518f6b80094069f1db3b6b6d,9c9810eb7c0c3f16ca2ccace4be70d6f14900005518f6b80094069f1db3b6b6d,$,,9c9810eb7c0c3f16ca2ccace4be70d6f14900005518f6b80094069f1db3b6b6d,9c9810eb7c0c3f16ca2ccace4be70d6f14900005518f6b80094069f1db3b6b6d,"{""basis"":""ordered nested-math atom; exact symbolic replay"",""kind"":""source-target-formula-map""}"
1.1.0,formula,O007-FREMLIN-V2-S244-FORMULA-0225,O007-FREMLIN-V2-S244,O007-RIGHTS-FREMLIN-DSL,O007-FREMLIN-V2-S244-SEG-244F,225,244F,244F,264,278,8704,8707,9426,9429,u,u,0bfe935e70c321c7ca3afc75ce0d0ca2f98b5422e008bb31c00c6d7f1f1c0ad6,0bfe935e70c321c7ca3afc75ce0d0ca2f98b5422e008bb31c00c6d7f1f1c0ad6,0bfe935e70c321c7ca3afc75ce0d0ca2f98b5422e008bb31c00c6d7f1f1c0ad6,$,,0bfe935e70c321c7ca3afc75ce0d0ca2f98b5422e008bb31c00c6d7f1f1c0ad6,0bfe935e70c321c7ca3afc75ce0d0ca2f98b5422e008bb31c00c6d7f1f1c0ad6,"{""basis"":""ordered nested-math atom; exact symbolic replay"",""kind"":""source-target-formula-map""}"
1.1.0,formula,O007-FREMLIN-V2-S244-FORMULA-0226,O007-FREMLIN-V2-S244,O007-RIGHTS-FREMLIN-DSL,O007-FREMLIN-V2-S244-SEG-244F,226,244F,244F,264,278,8709,8719,9431,9441,v\in L^p,v\in L^p,3c5ef5c6583ebe968e935a921c4d893e86fc7b7b4dab127d701f9efa3e63f3eb,3c5ef5c6583ebe968e935a921c4d893e86fc7b7b4dab127d701f9efa3e63f3eb,104d613809fbd47a3d0f459b821b98f511de5f9b4eda48215895d5823dc18100,$,,104d613809fbd47a3d0f459b821b98f511de5f9b4eda48215895d5823dc18100,104d613809fbd47a3d0f459b821b98f511de5f9b4eda48215895d5823dc18100,"{""basis"":""ordered nested-math atom; exact symbolic replay"",""kind"":""source-target-formula-map""}"
1.1.0,formula,O007-FREMLIN-V2-S244-FORMULA-0227,O007-FREMLIN-V2-S244,O007-RIGHTS-FREMLIN-DSL,O007-FREMLIN-V2-S244-SEG-244F,227,244F,244F,264,279,8733,8736,9456,9459,u,u,0bfe935e70c321c7ca3afc75ce0d0ca2f98b5422e008bb31c00c6d7f1f1c0ad6,0bfe935e70c321c7ca3afc75ce0d0ca2f98b5422e008bb31c00c6d7f1f1c0ad6,0bfe935e70c321c7ca3afc75ce0d0ca2f98b5422e008bb31c00c6d7f1f1c0ad6,$,,0bfe935e70c321c7ca3afc75ce0d0ca2f98b5422e008bb31c00c6d7f1f1c0ad6,0bfe935e70c321c7ca3afc75ce0d0ca2f98b5422e008bb31c00c6d7f1f1c0ad6,"{""basis"":""ordered nested-math atom; exact symbolic replay"",""kind"":""source-target-formula-map""}"
1.1.0,formula,O007-FREMLIN-V2-S244-FORMULA-0228,O007-FREMLIN-V2-S244,O007-RIGHTS-FREMLIN-DSL,O007-FREMLIN-V2-S244-SEG-244F,228,244F,244F,265,279,8741,8744,9464,9467,v,v,4c94485e0c21ae6c41ce1dfe7b6bfaceea5ab68e40a2476f50208e526f506080,4c94485e0c21ae6c41ce1dfe7b6bfaceea5ab68e40a2476f50208e526f506080,4c94485e0c21ae6c41ce1dfe7b6bfaceea5ab68e40a2476f50208e526f506080,$,,4c94485e0c21ae6c41ce1dfe7b6bfaceea5ab68e40a2476f50208e526f506080,4c94485e0c21ae6c41ce1dfe7b6bfaceea5ab68e40a2476f50208e526f506080,"{""basis"":""ordered nested-math atom; exact symbolic replay"",""kind"":""source-target-formula-map""}"
1.1.0,formula,O007-FREMLIN-V2-S244-FORMULA-0229,O007-FREMLIN-V2-S244,O007-RIGHTS-FREMLIN-DSL,O007-FREMLIN-V2-S244-SEG-244F,229,244F,244F,265,279,8750,8760,9493,9503,w\in L^q,w\in L^q,262a6d00a31975126eee0ff6f6af80ab942c78a04a4799652dcd4970881288aa,262a6d00a31975126eee0ff6f6af80ab942c78a04a4799652dcd4970881288aa,91c533b5288111e216e1758983de5be7c2b29aa0e59125e043869e6f8de80b77,$,,91c533b5288111e216e1758983de5be7c2b29aa0e59125e043869e6f8de80b77,91c533b5288111e216e1758983de5be7c2b29aa0e59125e043869e6f8de80b77,"{""basis"":""ordered nested-math atom; exact symbolic replay"",""kind"":""source-target-formula-map""}"
1.1.0,formula,O007-FREMLIN-V2-S244-FORMULA-0230,O007-FREMLIN-V2-S244,O007-RIGHTS-FREMLIN-DSL,O007-FREMLIN-V2-S244-SEG-244F,230,244F,244F,265,280,8774,8785,9524,9535,\|w\|_q=1,\|w\|_q=1,693ef8bb719b5816ad96e9d92f2c43ae9b9155d3108979ef1fda4cd51bba9e58,693ef8bb719b5816ad96e9d92f2c43ae9b9155d3108979ef1fda4cd51bba9e58,693ef8bb719b5816ad96e9d92f2c43ae9b9155d3108979ef1fda4cd51bba9e58,$,,693ef8bb719b5816ad96e9d92f2c43ae9b9155d3108979ef1fda4cd51bba9e58,693ef8bb719b5816ad96e9d92f2c43ae9b9155d3108979ef1fda4cd51bba9e58,"{""basis"":""ordered nested-math atom; exact symbolic replay"",""kind"":""source-target-formula-map""}"
1.1.0,formula,O007-FREMLIN-V2-S244-FORMULA-0231,O007-FREMLIN-V2-S244,O007-RIGHTS-FREMLIN-DSL,O007-FREMLIN-V2-S244-SEG-244F,231,244F,244F,265,280,8790,8820,9540,9570,"\int (u+v)\times
w=\|u+v\|_p",\int (u+v)\times w=\|u+v\|_p,245b725cd70446668c6e9332d6e7a296c9b5d5901a020f259c7599c2632d6ec3,7a9dd2d096d3d6163e2041998d2715edd4be56341f8f14f7deb60063ae1b1f7d,d4d070c8682b4d1525364c4d5a1dfcd2db04707827378a79c0825615511c0e91,$,,d4d070c8682b4d1525364c4d5a1dfcd2db04707827378a79c0825615511c0e91,d4d070c8682b4d1525364c4d5a1dfcd2db04707827378a79c0825615511c0e91,"{""basis"":""ordered nested-math atom; exact symbolic replay"",""kind"":""source-target-formula-map""}"
1.1.0,formula,O007-FREMLIN-V2-S244-FORMULA-0232,O007-FREMLIN-V2-S244,O007-RIGHTS-FREMLIN-DSL,O007-FREMLIN-V2-S244-SEG-244F,232,244F,244F,268,282,8842,8920,9590,9668,"\|u+v\|_p=\int(u+v)\times w
=\int u\times w+\int v\times w\le\|u\|_p+\|v\|_p","\|u+v\|_p=\int(u+v)\times w
=\int u\times w+\int v\times w\le\|u\|_p+\|v\|_p",7a425b26421d5b182068605a3ac781be4fed98e45d63c58863c8b36890a7d886,7a425b26421d5b182068605a3ac781be4fed98e45d63c58863c8b36890a7d886,472c5fa4398134b0aa2dc56b7029d307e0d51b3d4eb40de73d248c1261303489,$,,472c5fa4398134b0aa2dc56b7029d307e0d51b3d4eb40de73d248c1261303489,472c5fa4398134b0aa2dc56b7029d307e0d51b3d4eb40de73d248c1261303489,"{""basis"":""ordered nested-math atom; exact symbolic replay"",""kind"":""source-target-formula-map""}"
1.1.0,formula,O007-FREMLIN-V2-S244-FORMULA-0233,O007-FREMLIN-V2-S244,O007-RIGHTS-FREMLIN-DSL,O007-FREMLIN-V2-S244-SEG-244F,233,244F,244F,277,291,9035,9064,9795,9824,\|u+v\|_p\le\|u\|_p+\|v\|_p,\|u+v\|_p\le\|u\|_p+\|v\|_p,9c9810eb7c0c3f16ca2ccace4be70d6f14900005518f6b80094069f1db3b6b6d,9c9810eb7c0c3f16ca2ccace4be70d6f14900005518f6b80094069f1db3b6b6d,9c9810eb7c0c3f16ca2ccace4be70d6f14900005518f6b80094069f1db3b6b6d,$,,9c9810eb7c0c3f16ca2ccace4be70d6f14900005518f6b80094069f1db3b6b6d,9c9810eb7c0c3f16ca2ccace4be70d6f14900005518f6b80094069f1db3b6b6d,"{""basis"":""ordered nested-math atom; exact symbolic replay"",""kind"":""source-target-formula-map""}"
1.1.0,formula,O007-FREMLIN-V2-S244-FORMULA-0234,O007-FREMLIN-V2-S244,O007-RIGHTS-FREMLIN-DSL,O007-FREMLIN-V2-S244-SEG-244G,234,244G,244G,280,293,9128,9144,9899,9915,"(X,\Sigma,\mu)","(X,\Sigma,\mu)",05e9b769403b4c7926a944d5aaa03f00bb216412bc3f850e41b3c28de657aa67,05e9b769403b4c7926a944d5aaa03f00bb216412bc3f850e41b3c28de657aa67,05e9b769403b4c7926a944d5aaa03f00bb216412bc3f850e41b3c28de657aa67,$,,05e9b769403b4c7926a944d5aaa03f00bb216412bc3f850e41b3c28de657aa67,05e9b769403b4c7926a944d5aaa03f00bb216412bc3f850e41b3c28de657aa67,"{""basis"":""ordered nested-math atom; exact symbolic replay"",""kind"":""source-target-formula-map""}"
1.1.0,formula,O007-FREMLIN-V2-S244-FORMULA-0235,O007-FREMLIN-V2-S244,O007-RIGHTS-FREMLIN-DSL,O007-FREMLIN-V2-S244-SEG-244G,235,244G,244G,281,294,9171,9187,9941,9957,"p\in[1,\infty]","p\in[1,\infty]",7d8e33c2c22d2bb3bb84f57d68b03a758a2a11e30762f389926cb8f394cb8548,7d8e33c2c22d2bb3bb84f57d68b03a758a2a11e30762f389926cb8f394cb8548,7d8e33c2c22d2bb3bb84f57d68b03a758a2a11e30762f389926cb8f394cb8548,$,,7d8e33c2c22d2bb3bb84f57d68b03a758a2a11e30762f389926cb8f394cb8548,7d8e33c2c22d2bb3bb84f57d68b03a758a2a11e30762f389926cb8f394cb8548,"{""basis"":""ordered nested-math atom; exact symbolic replay"",""kind"":""source-target-formula-map""}"
1.1.0,formula,O007-FREMLIN-V2-S244-FORMULA-0236,O007-FREMLIN-V2-S244,O007-RIGHTS-FREMLIN-DSL,O007-FREMLIN-V2-S244-SEG-244G,236,244G,244G,281,294,9196,9210,9964,9978,L^p=L^p(\mu),L^p=L^p(\mu),1ea982c00e9dad7ac8855a329033f766d411984c96df15f7be848c4de3e4f193,1ea982c00e9dad7ac8855a329033f766d411984c96df15f7be848c4de3e4f193,1ea982c00e9dad7ac8855a329033f766d411984c96df15f7be848c4de3e4f193,$,,1ea982c00e9dad7ac8855a329033f766d411984c96df15f7be848c4de3e4f193,1ea982c00e9dad7ac8855a329033f766d411984c96df15f7be848c4de3e4f193,"{""basis"":""ordered nested-math atom; exact symbolic replay"",""kind"":""source-target-formula-map""}"
1.1.0,formula,O007-FREMLIN-V2-S244-FORMULA-0237,O007-FREMLIN-V2-S244,O007-RIGHTS-FREMLIN-DSL,O007-FREMLIN-V2-S244-SEG-244G,237,244G,244G,282,295,9246,9256,10019,10029,"\|\,\|_p","\|\,\|_p",c8fa669e940d4d6ba37ec24bdc68193ad46c15f02e32977a6dce74241dc029f4,c8fa669e940d4d6ba37ec24bdc68193ad46c15f02e32977a6dce74241dc029f4,c8fa669e940d4d6ba37ec24bdc68193ad46c15f02e32977a6dce74241dc029f4,$,,c8fa669e940d4d6ba37ec24bdc68193ad46c15f02e32977a6dce74241dc029f4,c8fa669e940d4d6ba37ec24bdc68193ad46c15f02e32977a6dce74241dc029f4,"{""basis"":""ordered nested-math atom; exact symbolic replay"",""kind"":""source-target-formula-map""}"
1.1.0,formula,O007-FREMLIN-V2-S244-FORMULA-0238,O007-FREMLIN-V2-S244,O007-RIGHTS-FREMLIN-DSL,O007-FREMLIN-V2-S244-SEG-244G,238,244G,244G,284,297,9277,9282,10046,10051,p=1,p=1,791a7b3a1c84e05cbf520166fc1107eebd36ea5ed05f636222d80d2bf4183966,791a7b3a1c84e05cbf520166fc1107eebd36ea5ed05f636222d80d2bf4183966,791a7b3a1c84e05cbf520166fc1107eebd36ea5ed05f636222d80d2bf4183966,$,,791a7b3a1c84e05cbf520166fc1107eebd36ea5ed05f636222d80d2bf4183966,791a7b3a1c84e05cbf520166fc1107eebd36ea5ed05f636222d80d2bf4183966,"{""basis"":""ordered nested-math atom; exact symbolic replay"",""kind"":""source-target-formula-map""}"
1.1.0,formula,O007-FREMLIN-V2-S244-FORMULA-0239,O007-FREMLIN-V2-S244,O007-RIGHTS-FREMLIN-DSL,O007-FREMLIN-V2-S244-SEG-244G,239,244G,244G,284,297,9284,9294,10053,10063,p=\infty,p=\infty,ff3e987f14f766ccd5dd6326b1ff9f3e1163371332922ba362d77ad6ab281234,ff3e987f14f766ccd5dd6326b1ff9f3e1163371332922ba362d77ad6ab281234,ff3e987f14f766ccd5dd6326b1ff9f3e1163371332922ba362d77ad6ab281234,$,,ff3e987f14f766ccd5dd6326b1ff9f3e1163371332922ba362d77ad6ab281234,ff3e987f14f766ccd5dd6326b1ff9f3e1163371332922ba362d77ad6ab281234,"{""basis"":""ordered nested-math atom; exact symbolic replay"",""kind"":""source-target-formula-map""}"
1.1.0,formula,O007-FREMLIN-V2-S244-FORMULA-0240,O007-FREMLIN-V2-S244,O007-RIGHTS-FREMLIN-DSL,O007-FREMLIN-V2-S244-SEG-244G,240,244G,244G,285,298,9348,9360,10123,10135,1<p<\infty,1<p<\infty,46117291b662ee256185399ebb21bd380a4cb663e490557c25b6b50563214ea3,46117291b662ee256185399ebb21bd380a4cb663e490557c25b6b50563214ea3,46117291b662ee256185399ebb21bd380a4cb663e490557c25b6b50563214ea3,$,,46117291b662ee256185399ebb21bd380a4cb663e490557c25b6b50563214ea3,46117291b662ee256185399ebb21bd380a4cb663e490557c25b6b50563214ea3,"{""basis"":""ordered nested-math atom; exact symbolic replay"",""kind"":""source-target-formula-map""}"
1.1.0,formula,O007-FREMLIN-V2-S244-FORMULA-0241,O007-FREMLIN-V2-S244,O007-RIGHTS-FREMLIN-DSL,O007-FREMLIN-V2-S244-SEG-244G,241,244G,244G,286,299,9386,9405,10165,10184,\|u\|_p\le\|v\|_p,\|u\|_p\le\|v\|_p,a6fe95245128044cf44fd3bf51032241bf65206a75a50907f13ee38c4504b38a,a6fe95245128044cf44fd3bf51032241bf65206a75a50907f13ee38c4504b38a,a6fe95245128044cf44fd3bf51032241bf65206a75a50907f13ee38c4504b38a,$,,a6fe95245128044cf44fd3bf51032241bf65206a75a50907f13ee38c4504b38a,a6fe95245128044cf44fd3bf51032241bf65206a75a50907f13ee38c4504b38a,"{""basis"":""ordered nested-math atom; exact symbolic replay"",""kind"":""source-target-formula-map""}"
1.1.0,formula,O007-FREMLIN-V2-S244-FORMULA-0242,O007-FREMLIN-V2-S244,O007-RIGHTS-FREMLIN-DSL,O007-FREMLIN-V2-S244-SEG-244G,242,244G,244G,286,299,9415,9426,10197,10208,|u|\le|v|,|u|\le|v|,ace5841241ccd61d6fded631d4abdf8679a6977085af950106ddc953a382114e,ace5841241ccd61d6fded631d4abdf8679a6977085af950106ddc953a382114e,ace5841241ccd61d6fded631d4abdf8679a6977085af950106ddc953a382114e,$,,ace5841241ccd61d6fded631d4abdf8679a6977085af950106ddc953a382114e,ace5841241ccd61d6fded631d4abdf8679a6977085af950106ddc953a382114e,"{""basis"":""ordered nested-math atom; exact symbolic replay"",""kind"":""source-target-formula-map""}"
1.1.0,formula,O007-FREMLIN-V2-S244-FORMULA-0243,O007-FREMLIN-V2-S244,O007-RIGHTS-FREMLIN-DSL,O007-FREMLIN-V2-S244-SEG-244G,243,244G,244G,287,300,9460,9465,10257,10262,L^p,L^p,0de1bee007df208a54c85a6cf3aa6c06e2a922620965a43478a0496c27e05aa0,0de1bee007df208a54c85a6cf3aa6c06e2a922620965a43478a0496c27e05aa0,0de1bee007df208a54c85a6cf3aa6c06e2a922620965a43478a0496c27e05aa0,$,,0de1bee007df208a54c85a6cf3aa6c06e2a922620965a43478a0496c27e05aa0,0de1bee007df208a54c85a6cf3aa6c06e2a922620965a43478a0496c27e05aa0,"{""basis"":""ordered nested-math atom; exact symbolic replay"",""kind"":""source-target-formula-map""}"
1.1.0,formula,O007-FREMLIN-V2-S244-FORMULA-0244,O007-FREMLIN-V2-S244,O007-RIGHTS-FREMLIN-DSL,O007-FREMLIN-V2-S244-SEG-244G,244,244G,244G,289,302,9484,9501,10282,10299,\sequencen{u_n},\sequencen{u_n},8584c28204bf0549bc0bf7facc891d2ce9654a5ab47ae04d87ac131615ae2972,8584c28204bf0549bc0bf7facc891d2ce9654a5ab47ae04d87ac131615ae2972,8584c28204bf0549bc0bf7facc891d2ce9654a5ab47ae04d87ac131615ae2972,$,,8584c28204bf0549bc0bf7facc891d2ce9654a5ab47ae04d87ac131615ae2972,8584c28204bf0549bc0bf7facc891d2ce9654a5ab47ae04d87ac131615ae2972,"{""basis"":""ordered nested-math atom; exact symbolic replay"",""kind"":""source-target-formula-map""}"
1.1.0,formula,O007-FREMLIN-V2-S244-FORMULA-0245,O007-FREMLIN-V2-S244,O007-RIGHTS-FREMLIN-DSL,O007-FREMLIN-V2-S244-SEG-244G,245,244G,244G,290,302,9519,9524,10320,10325,L^p,L^p,0de1bee007df208a54c85a6cf3aa6c06e2a922620965a43478a0496c27e05aa0,0de1bee007df208a54c85a6cf3aa6c06e2a922620965a43478a0496c27e05aa0,0de1bee007df208a54c85a6cf3aa6c06e2a922620965a43478a0496c27e05aa0,$,,0de1bee007df208a54c85a6cf3aa6c06e2a922620965a43478a0496c27e05aa0,0de1bee007df208a54c85a6cf3aa6c06e2a922620965a43478a0496c27e05aa0,"{""basis"":""ordered nested-math atom; exact symbolic replay"",""kind"":""source-target-formula-map""}"
1.1.0,formula,O007-FREMLIN-V2-S244-FORMULA-0246,O007-FREMLIN-V2-S244,O007-RIGHTS-FREMLIN-DSL,O007-FREMLIN-V2-S244-SEG-244G,246,244G,244G,290,303,9535,9564,10346,10375,\|u_{n+1}-u_n\|_p\le 4^{-n},\|u_{n+1}-u_n\|_p\le 4^{-n},64e341efa1927850f51856b89a589864f57945c4577a951f61d6b5bec43011b2,64e341efa1927850f51856b89a589864f57945c4577a951f61d6b5bec43011b2,a9341fb3e54b132a2cccfa246e94d8d28532474ef97f10b2cdc22ff47c809a85,$,,a9341fb3e54b132a2cccfa246e94d8d28532474ef97f10b2cdc22ff47c809a85,a9341fb3e54b132a2cccfa246e94d8d28532474ef97f10b2cdc22ff47c809a85,"{""basis"":""ordered nested-math atom; exact symbolic replay"",""kind"":""source-target-formula-map""}"
1.1.0,formula,O007-FREMLIN-V2-S244-FORMULA-0247,O007-FREMLIN-V2-S244,O007-RIGHTS-FREMLIN-DSL,O007-FREMLIN-V2-S244-SEG-244G,247,244G,244G,290,303,9575,9587,10389,10401,n\in\Bbb N,n\in\Bbb N,d213946df59f2b85be55436de61a489b7c24c216dfb26056fc2946b32c730709,d213946df59f2b85be55436de61a489b7c24c216dfb26056fc2946b32c730709,02bb197ae0de627eb1861382dcf81826f92f1895770d739be7f05b2435488186,$,,02bb197ae0de627eb1861382dcf81826f92f1895770d739be7f05b2435488186,02bb197ae0de627eb1861382dcf81826f92f1895770d739be7f05b2435488186,"{""basis"":""ordered nested-math atom; exact symbolic replay"",""kind"":""source-target-formula-map""}"
1.1.0,formula,O007-FREMLIN-V2-S244-FORMULA-0248,O007-FREMLIN-V2-S244,O007-RIGHTS-FREMLIN-DSL,O007-FREMLIN-V2-S244-SEG-244G,248,244G,244G,293,305,9612,9722,10433,10543,"\|u_n\|_p\le\|u_0\|_p+\sum_{k=0}^{n-1}\|u_{k+1}-u_k\|_p
\le\|u_0\|_p+\sum_{k=0}^{\infty}4^{-k}\le\|u_0\|_p+2","\|u_n\|_p\le\|u_0\|_p+\sum_{k=0}^{n-1}\|u_{k+1}-u_k\|_p
\le\|u_0\|_p+\sum_{k=0}^{\infty}4^{-k}\le\|u_0\|_p+2",2b0694887c079396e07fea583ff41ecc9a2597ef6ada1b2f9415c458a77ae543,2b0694887c079396e07fea583ff41ecc9a2597ef6ada1b2f9415c458a77ae543,c098f89e9f7048be73c6ff9c977c1286d4bc53795a3c34cfbdfdee19642f11ff,$,,c098f89e9f7048be73c6ff9c977c1286d4bc53795a3c34cfbdfdee19642f11ff,c098f89e9f7048be73c6ff9c977c1286d4bc53795a3c34cfbdfdee19642f11ff,"{""basis"":""ordered nested-math atom; exact symbolic replay"",""kind"":""source-target-formula-map""}"
1.1.0,formula,O007-FREMLIN-V2-S244-FORMULA-0249,O007-FREMLIN-V2-S244,O007-RIGHTS-FREMLIN-DSL,O007-FREMLIN-V2-S244-SEG-244G,249,244G,244G,296,308,9745,9748,10569,10572,n,n,1b16b1df538ba12dc3f97edbb85caa7050d46c148134290feba80f8236c83db9,1b16b1df538ba12dc3f97edbb85caa7050d46c148134290feba80f8236c83db9,1b16b1df538ba12dc3f97edbb85caa7050d46c148134290feba80f8236c83db9,$,,1b16b1df538ba12dc3f97edbb85caa7050d46c148134290feba80f8236c83db9,1b16b1df538ba12dc3f97edbb85caa7050d46c148134290feba80f8236c83db9,"{""basis"":""ordered nested-math atom; exact symbolic replay"",""kind"":""source-target-formula-map""}"
1.1.0,formula,O007-FREMLIN-V2-S244-FORMULA-0250,O007-FREMLIN-V2-S244,O007-RIGHTS-FREMLIN-DSL,O007-FREMLIN-V2-S244-SEG-244G,250,244G,244G,296,308,9761,9773,10587,10599,n\in\Bbb N,n\in\Bbb N,d213946df59f2b85be55436de61a489b7c24c216dfb26056fc2946b32c730709,d213946df59f2b85be55436de61a489b7c24c216dfb26056fc2946b32c730709,02bb197ae0de627eb1861382dcf81826f92f1895770d739be7f05b2435488186,$,,02bb197ae0de627eb1861382dcf81826f92f1895770d739be7f05b2435488186,02bb197ae0de627eb1861382dcf81826f92f1895770d739be7f05b2435488186,"{""basis"":""ordered nested-math atom; exact symbolic replay"",""kind"":""source-target-formula-map""}"
1.1.0,formula,O007-FREMLIN-V2-S244-FORMULA-0251,O007-FREMLIN-V2-S244,O007-RIGHTS-FREMLIN-DSL,O007-FREMLIN-V2-S244-SEG-244G,251,244G,244G,297,309,9782,9799,10607,10624,f_n\in\eusm L^p,f_n\in\eusm L^p,99a41c5b3e21b2681758f1598c7152cf33960b2ce6792d6ea0b000dd5d833df7,99a41c5b3e21b2681758f1598c7152cf33960b2ce6792d6ea0b000dd5d833df7,6abe5ab1af807dccec00d3e4ce1c6a55e4ae996c0a00da8b3fb977b67fac803c,$,,6abe5ab1af807dccec00d3e4ce1c6a55e4ae996c0a00da8b3fb977b67fac803c,6abe5ab1af807dccec00d3e4ce1c6a55e4ae996c0a00da8b3fb977b67fac803c,"{""basis"":""ordered nested-math atom; exact symbolic replay"",""kind"":""source-target-formula-map""}"
1.1.0,formula,O007-FREMLIN-V2-S244-FORMULA-0252,O007-FREMLIN-V2-S244,O007-RIGHTS-FREMLIN-DSL,O007-FREMLIN-V2-S244-SEG-244G,252,244G,244G,297,309,9810,9833,10645,10668,f_0^{\ssbullet}=u_{0},f_0^{\ssbullet}=u_{0},de244bdbd780f37196fe3bc316520f137604b56e749b74d42ea86d894146d60f,de244bdbd780f37196fe3bc316520f137604b56e749b74d42ea86d894146d60f,de244bdbd780f37196fe3bc316520f137604b56e749b74d42ea86d894146d60f,$,,de244bdbd780f37196fe3bc316520f137604b56e749b74d42ea86d894146d60f,de244bdbd780f37196fe3bc316520f137604b56e749b74d42ea86d894146d60f,"{""basis"":""ordered nested-math atom; exact symbolic replay"",""kind"":""source-target-formula-map""}"
1.1.0,formula,O007-FREMLIN-V2-S244-FORMULA-0253,O007-FREMLIN-V2-S244,O007-RIGHTS-FREMLIN-DSL,O007-FREMLIN-V2-S244-SEG-244G,253,244G,244G,298,310,9835,9866,10670,10701,f_n^{\ssbullet}=u_{n}-u_{n-1},f_n^{\ssbullet}=u_{n}-u_{n-1},6c518097bc7431876535f52c54630bd8c1f80b9650f9d3763016161030be9dad,6c518097bc7431876535f52c54630bd8c1f80b9650f9d3763016161030be9dad,6c518097bc7431876535f52c54630bd8c1f80b9650f9d3763016161030be9dad,$,,6c518097bc7431876535f52c54630bd8c1f80b9650f9d3763016161030be9dad,6c518097bc7431876535f52c54630bd8c1f80b9650f9d3763016161030be9dad,"{""basis"":""ordered nested-math atom; exact symbolic replay"",""kind"":""source-target-formula-map""}"
1.1.0,formula,O007-FREMLIN-V2-S244-FORMULA-0254,O007-FREMLIN-V2-S244,O007-RIGHTS-FREMLIN-DSL,O007-FREMLIN-V2-S244-SEG-244G,254,244G,244G,298,310,9871,9879,10708,10716,n\ge 1,n\ge 1,0ea23ff258f70003ac6889ed40ac7fd30ef312ada910f9f228bfbb07ce5b0ee1,0ea23ff258f70003ac6889ed40ac7fd30ef312ada910f9f228bfbb07ce5b0ee1,37da60206b14e06bf71351a297c4bf5db7653b3a6defb20cd4a5b8d8af1cd1ae,$,,37da60206b14e06bf71351a297c4bf5db7653b3a6defb20cd4a5b8d8af1cd1ae,37da60206b14e06bf71351a297c4bf5db7653b3a6defb20cd4a5b8d8af1cd1ae,"{""basis"":""ordered nested-math atom; exact symbolic replay"",""kind"":""source-target-formula-map""}"
1.1.0,formula,O007-FREMLIN-V2-S244-FORMULA-0255,O007-FREMLIN-V2-S244,O007-RIGHTS-FREMLIN-DSL,O007-FREMLIN-V2-S244-SEG-244G,255,244G,244G,299,311,9909,9921,10750,10762,\dom f_n=X,\dom f_n=X,eef2879798fdaed8573808e59c8c0c1aa5e5c2ef1646d45d709260db9fb281e4,eef2879798fdaed8573808e59c8c0c1aa5e5c2ef1646d45d709260db9fb281e4,fc85ec79c11794fb72d2f3e35a8684203da2fe30fb4caa1883815cccf8bce7cf,$,,fc85ec79c11794fb72d2f3e35a8684203da2fe30fb4caa1883815cccf8bce7cf,fc85ec79c11794fb72d2f3e35a8684203da2fe30fb4caa1883815cccf8bce7cf,"{""basis"":""ordered nested-math atom; exact symbolic replay"",""kind"":""source-target-formula-map""}"
1.1.0,formula,O007-FREMLIN-V2-S244-FORMULA-0256,O007-FREMLIN-V2-S244,O007-RIGHTS-FREMLIN-DSL,O007-FREMLIN-V2-S244-SEG-244G,256,244G,244G,299,311,9926,9931,10767,10772,f_n,f_n,e3f4ba757b6d2cf8ebe140b052a2427042dd38434f8215d0cbedd04019595223,e3f4ba757b6d2cf8ebe140b052a2427042dd38434f8215d0cbedd04019595223,e3f4ba757b6d2cf8ebe140b052a2427042dd38434f8215d0cbedd04019595223,$,,e3f4ba757b6d2cf8ebe140b052a2427042dd38434f8215d0cbedd04019595223,e3f4ba757b6d2cf8ebe140b052a2427042dd38434f8215d0cbedd04019595223,"{""basis"":""ordered nested-math atom; exact symbolic replay"",""kind"":""source-target-formula-map""}"
1.1.0,formula,O007-FREMLIN-V2-S244-FORMULA-0257,O007-FREMLIN-V2-S244,O007-RIGHTS-FREMLIN-DSL,O007-FREMLIN-V2-S244-SEG-244G,257,244G,244G,299,311,9935,9943,10790,10798,\Sigma,\Sigma,d65d75b1e6562713a3936bb38fdfe6832fb5b96c946de58f7ce0992057665aa8,d65d75b1e6562713a3936bb38fdfe6832fb5b96c946de58f7ce0992057665aa8,d65d75b1e6562713a3936bb38fdfe6832fb5b96c946de58f7ce0992057665aa8,$,,d65d75b1e6562713a3936bb38fdfe6832fb5b96c946de58f7ce0992057665aa8,d65d75b1e6562713a3936bb38fdfe6832fb5b96c946de58f7ce0992057665aa8,"{""basis"":""ordered nested-math atom; exact symbolic replay"",""kind"":""source-target-formula-map""}"
1.1.0,formula,O007-FREMLIN-V2-S244-FORMULA-0258,O007-FREMLIN-V2-S244,O007-RIGHTS-FREMLIN-DSL,O007-FREMLIN-V2-S244-SEG-244G,258,244G,244G,300,312,9971,9994,10813,10836,\|f_n\|_p\le 4^{-n+1},\|f_n\|_p\le 4^{-n+1},1fb5376cf261590654dad36f4ffcb6206d47b16094b945d2c263177a6c68fd77,1fb5376cf261590654dad36f4ffcb6206d47b16094b945d2c263177a6c68fd77,342d59547823ce1e811723209165fb2a140ca015cbb1a1cced20634dcd92390e,$,,342d59547823ce1e811723209165fb2a140ca015cbb1a1cced20634dcd92390e,342d59547823ce1e811723209165fb2a140ca015cbb1a1cced20634dcd92390e,"{""basis"":""ordered nested-math atom; exact symbolic replay"",""kind"":""source-target-formula-map""}"
1.1.0,formula,O007-FREMLIN-V2-S244-FORMULA-0259,O007-FREMLIN-V2-S244,O007-RIGHTS-FREMLIN-DSL,O007-FREMLIN-V2-S244-SEG-244G,259,244G,244G,300,312,9999,10007,10843,10851,n\ge 1,n\ge 1,0ea23ff258f70003ac6889ed40ac7fd30ef312ada910f9f228bfbb07ce5b0ee1,0ea23ff258f70003ac6889ed40ac7fd30ef312ada910f9f228bfbb07ce5b0ee1,37da60206b14e06bf71351a297c4bf5db7653b3a6defb20cd4a5b8d8af1cd1ae,$,,37da60206b14e06bf71351a297c4bf5db7653b3a6defb20cd4a5b8d8af1cd1ae,37da60206b14e06bf71351a297c4bf5db7653b3a6defb20cd4a5b8d8af1cd1ae,"{""basis"":""ordered nested-math atom; exact symbolic replay"",""kind"":""source-target-formula-map""}"
1.1.0,formula,O007-FREMLIN-V2-S244-FORMULA-0260,O007-FREMLIN-V2-S244,O007-RIGHTS-FREMLIN-DSL,O007-FREMLIN-V2-S244-SEG-244G,260,244G,244G,302,314,10014,10017,10860,10863,m,m,62c66a7a5dd70c3146618063c344e531e6d4b59e379808443ce962b3abd63c5a,62c66a7a5dd70c3146618063c344e531e6d4b59e379808443ce962b3abd63c5a,62c66a7a5dd70c3146618063c344e531e6d4b59e379808443ce962b3abd63c5a,$,,62c66a7a5dd70c3146618063c344e531e6d4b59e379808443ce962b3abd63c5a,62c66a7a5dd70c3146618063c344e531e6d4b59e379808443ce962b3abd63c5a,"{""basis"":""ordered nested-math atom; exact symbolic replay"",""kind"":""source-target-formula-map""}"
1.1.0,formula,O007-FREMLIN-V2-S244-FORMULA-0261,O007-FREMLIN-V2-S244,O007-RIGHTS-FREMLIN-DSL,O007-FREMLIN-V2-S244-SEG-244G,261,244G,244G,302,314,10019,10031,10865,10877,n\in\Bbb N,n\in\Bbb N,d213946df59f2b85be55436de61a489b7c24c216dfb26056fc2946b32c730709,d213946df59f2b85be55436de61a489b7c24c216dfb26056fc2946b32c730709,02bb197ae0de627eb1861382dcf81826f92f1895770d739be7f05b2435488186,$,,02bb197ae0de627eb1861382dcf81826f92f1895770d739be7f05b2435488186,02bb197ae0de627eb1861382dcf81826f92f1895770d739be7f05b2435488186,"{""basis"":""ordered nested-math atom; exact symbolic replay"",""kind"":""source-target-formula-map""}"
1.1.0,formula,O007-FREMLIN-V2-S244-FORMULA-0262,O007-FREMLIN-V2-S244,O007-RIGHTS-FREMLIN-DSL,O007-FREMLIN-V2-S244-SEG-244G,262,244G,244G,304,316,10050,10092,10901,10943,E_{mn}=\{x:|f_m(x)|\ge 2^{-n}\}\in\Sigma,E_{mn}=\{x:|f_m(x)|\ge 2^{-n}\}\in\Sigma,0f1498fefa42fb2c72efa7717fc5a09c2c6ee873c01ee2d16019868e0ab93302,0f1498fefa42fb2c72efa7717fc5a09c2c6ee873c01ee2d16019868e0ab93302,1585a5f44bd2a33adb0e42467e57480e1bc1e372067c839f5c5d57b54da1bedf,$,,1585a5f44bd2a33adb0e42467e57480e1bc1e372067c839f5c5d57b54da1bedf,1585a5f44bd2a33adb0e42467e57480e1bc1e372067c839f5c5d57b54da1bedf,"{""basis"":""ordered nested-math atom; exact symbolic replay"",""kind"":""source-target-formula-map""}"
1.1.0,formula,O007-FREMLIN-V2-S244-FORMULA-0263,O007-FREMLIN-V2-S244,O007-RIGHTS-FREMLIN-DSL,O007-FREMLIN-V2-S244-SEG-244G,263,244G,244G,306,318,10111,10134,10962,10985,|f_m(x)|^p\ge 2^{-np},|f_m(x)|^p\ge 2^{-np},a6758941d80029ad3769256aac16ee5b37ba779b0018ac4d202fada4bb81daf8,a6758941d80029ad3769256aac16ee5b37ba779b0018ac4d202fada4bb81daf8,0d2217ec75f65a966b4268ed8310328c8fb19d1b90038a77f1b5389cb547e243,$,,0d2217ec75f65a966b4268ed8310328c8fb19d1b90038a77f1b5389cb547e243,0d2217ec75f65a966b4268ed8310328c8fb19d1b90038a77f1b5389cb547e243,"{""basis"":""ordered nested-math atom; exact symbolic replay"",""kind"":""source-target-formula-map""}"
1.1.0,formula,O007-FREMLIN-V2-S244-FORMULA-0264,O007-FREMLIN-V2-S244,O007-RIGHTS-FREMLIN-DSL,O007-FREMLIN-V2-S244-SEG-244G,264,244G,244G,306,318,10139,10152,10992,11005,x\in E_{mn},x\in E_{mn},9bf028c321e021e48f699342daf6fe01f1647f5db4605aae4d8ec7345fdc2c66,9bf028c321e021e48f699342daf6fe01f1647f5db4605aae4d8ec7345fdc2c66,083038f4802440128815c8ff8543679e37d19e8df40ca5f3e6ebeb504fb7c5b7,$,,083038f4802440128815c8ff8543679e37d19e8df40ca5f3e6ebeb504fb7c5b7,083038f4802440128815c8ff8543679e37d19e8df40ca5f3e6ebeb504fb7c5b7,"{""basis"":""ordered nested-math atom; exact symbolic replay"",""kind"":""source-target-formula-map""}"
1.1.0,formula,O007-FREMLIN-V2-S244-FORMULA-0265,O007-FREMLIN-V2-S244,O007-RIGHTS-FREMLIN-DSL,O007-FREMLIN-V2-S244-SEG-244G,265,244G,244G,308,320,10170,10210,11029,11069,2^{-np}\mu E_{mn}\le\int|f_m|^p<\infty,2^{-np}\mu E_{mn}\le\int|f_m|^p<\infty,f2b6297e83d77551eb7dffa1e5588d8f13a31245bee266857544286228dac0c6,f2b6297e83d77551eb7dffa1e5588d8f13a31245bee266857544286228dac0c6,dec42a93dec9110f6d25d887217a6283ff0088251a767739b27936857a2b5982,$,,dec42a93dec9110f6d25d887217a6283ff0088251a767739b27936857a2b5982,dec42a93dec9110f6d25d887217a6283ff0088251a767739b27936857a2b5982,"{""basis"":""ordered nested-math atom; exact symbolic replay"",""kind"":""source-target-formula-map""}"
1.1.0,formula,O007-FREMLIN-V2-S244-FORMULA-0266,O007-FREMLIN-V2-S244,O007-RIGHTS-FREMLIN-DSL,O007-FREMLIN-V2-S244-SEG-244G,266,244G,244G,310,322,10228,10247,11086,11105,\mu E_{mn}<\infty,\mu E_{mn}<\infty,1511eeafaa1cdc4515a0b485739e7fceea60572d97c015e63ee32dc7e7c4067e,1511eeafaa1cdc4515a0b485739e7fceea60572d97c015e63ee32dc7e7c4067e,ea2f1ea8f58762f65f54a4c2a57e22101590a38594f09ae2ac6f717e053fe628,$,,ea2f1ea8f58762f65f54a4c2a57e22101590a38594f09ae2ac6f717e053fe628,ea2f1ea8f58762f65f54a4c2a57e22101590a38594f09ae2ac6f717e053fe628,"{""basis"":""ordered nested-math atom; exact symbolic replay"",""kind"":""source-target-formula-map""}"
1.1.0,formula,O007-FREMLIN-V2-S244-FORMULA-0267,O007-FREMLIN-V2-S244,O007-RIGHTS-FREMLIN-DSL,O007-FREMLIN-V2-S244-SEG-244G,267,244G,244G,311,323,10252,10292,11112,11152,\chi E_{mn}\in\eusm L^q=\eusm L^q(\mu),\chi E_{mn}\in\eusm L^q=\eusm L^q(\mu),da13ec2020fa48542f6cde26f4323f2bdab9ac47a805575d558fd3dececdadec,da13ec2020fa48542f6cde26f4323f2bdab9ac47a805575d558fd3dececdadec,9334fbd61ed6e9916bd1e84b607411b9dc7c090db355857f3a8cca6859883ac3,$,,9334fbd61ed6e9916bd1e84b607411b9dc7c090db355857f3a8cca6859883ac3,9334fbd61ed6e9916bd1e84b607411b9dc7c090db355857f3a8cca6859883ac3,"{""basis"":""ordered nested-math atom; exact symbolic replay"",""kind"":""source-target-formula-map""}"
1.1.0,formula,O007-FREMLIN-V2-S244-FORMULA-0268,O007-FREMLIN-V2-S244,O007-RIGHTS-FREMLIN-DSL,O007-FREMLIN-V2-S244-SEG-244G,268,244G,244G,313,325,10310,10387,11170,11247,"\int_{E_{mn}}|f_k|=\int|f_k|\times\chi E_{mn}
\le\|f_k\|_p\|\chi E_{mn}\|_q","\int_{E_{mn}}|f_k|=\int|f_k|\times\chi E_{mn}
\le\|f_k\|_p\|\chi E_{mn}\|_q",b2b9d2341cd8213230d3e82318bce1deb9299791b8c58f2ca61df052a202d216,b2b9d2341cd8213230d3e82318bce1deb9299791b8c58f2ca61df052a202d216,10c2baa4d0b2a5273c187c9e49be91a87ae98451f2fff5dce8efc0fd6f741a15,$,,10c2baa4d0b2a5273c187c9e49be91a87ae98451f2fff5dce8efc0fd6f741a15,10c2baa4d0b2a5273c187c9e49be91a87ae98451f2fff5dce8efc0fd6f741a15,"{""basis"":""ordered nested-math atom; exact symbolic replay"",""kind"":""source-target-formula-map""}"
1.1.0,formula,O007-FREMLIN-V2-S244-FORMULA-0269,O007-FREMLIN-V2-S244,O007-RIGHTS-FREMLIN-DSL,O007-FREMLIN-V2-S244-SEG-244G,269,244G,244G,316,328,10409,10412,11273,11276,k,k,8254c329a92850f6d539dd376f4816ee2764517da5e0235514af433164480d7a,8254c329a92850f6d539dd376f4816ee2764517da5e0235514af433164480d7a,8254c329a92850f6d539dd376f4816ee2764517da5e0235514af433164480d7a,$,,8254c329a92850f6d539dd376f4816ee2764517da5e0235514af433164480d7a,8254c329a92850f6d539dd376f4816ee2764517da5e0235514af433164480d7a,"{""basis"":""ordered nested-math atom; exact symbolic replay"",""kind"":""source-target-formula-map""}"
1.1.0,formula,O007-FREMLIN-V2-S244-FORMULA-0270,O007-FREMLIN-V2-S244,O007-RIGHTS-FREMLIN-DSL,O007-FREMLIN-V2-S244-SEG-244G,270,244G,244G,318,330,10455,10550,11326,11421,"\sum_{k=0}^{\infty}\int_{E_{mn}}|f_k|
\le\|\chi E_{mn}\|_q\sum_{k=0}^{\infty}\|f_k\|_p<\infty","\sum_{k=0}^{\infty}\int_{E_{mn}}|f_k|
\le\|\chi E_{mn}\|_q\sum_{k=0}^{\infty}\|f_k\|_p<\infty",6dc08c9f9e46eb01d1162f6c2518ef99a0ab27a88d24ac9e2fb93e96e3fe4475,6dc08c9f9e46eb01d1162f6c2518ef99a0ab27a88d24ac9e2fb93e96e3fe4475,da10e4cdfcabf7a68430bea702792e1f8529c67a702132f9d9fa848114dd8cea,$,,da10e4cdfcabf7a68430bea702792e1f8529c67a702132f9d9fa848114dd8cea,da10e4cdfcabf7a68430bea702792e1f8529c67a702132f9d9fa848114dd8cea,"{""basis"":""ordered nested-math atom; exact symbolic replay"",""kind"":""source-target-formula-map""}"
1.1.0,formula,O007-FREMLIN-V2-S244-FORMULA-0271,O007-FREMLIN-V2-S244,O007-RIGHTS-FREMLIN-DSL,O007-FREMLIN-V2-S244-SEG-244G,271,244G,244G,321,333,10568,10595,11439,11466,\sum_{k=0}^{\infty}f_k(x),\sum_{k=0}^{\infty}f_k(x),b80fb12b0441cbd351076d5d69f50e2e73395f6aec810a0cb863f7262c7fc6e9,b80fb12b0441cbd351076d5d69f50e2e73395f6aec810a0cb863f7262c7fc6e9,b80fb12b0441cbd351076d5d69f50e2e73395f6aec810a0cb863f7262c7fc6e9,$,,b80fb12b0441cbd351076d5d69f50e2e73395f6aec810a0cb863f7262c7fc6e9,b80fb12b0441cbd351076d5d69f50e2e73395f6aec810a0cb863f7262c7fc6e9,"{""basis"":""ordered nested-math atom; exact symbolic replay"",""kind"":""source-target-formula-map""}"
1.1.0,formula,O007-FREMLIN-V2-S244-FORMULA-0272,O007-FREMLIN-V2-S244,O007-RIGHTS-FREMLIN-DSL,O007-FREMLIN-V2-S244-SEG-244G,272,244G,244G,322,334,10620,10633,11491,11504,x\in E_{mn},x\in E_{mn},9bf028c321e021e48f699342daf6fe01f1647f5db4605aae4d8ec7345fdc2c66,9bf028c321e021e48f699342daf6fe01f1647f5db4605aae4d8ec7345fdc2c66,083038f4802440128815c8ff8543679e37d19e8df40ca5f3e6ebeb504fb7c5b7,$,,083038f4802440128815c8ff8543679e37d19e8df40ca5f3e6ebeb504fb7c5b7,083038f4802440128815c8ff8543679e37d19e8df40ca5f3e6ebeb504fb7c5b7,"{""basis"":""ordered nested-math atom; exact symbolic replay"",""kind"":""source-target-formula-map""}"
1.1.0,formula,O007-FREMLIN-V2-S244-FORMULA-0273,O007-FREMLIN-V2-S244,O007-RIGHTS-FREMLIN-DSL,O007-FREMLIN-V2-S244-SEG-244G,273,244G,244G,322,334,10667,10670,11542,11545,m,m,62c66a7a5dd70c3146618063c344e531e6d4b59e379808443ce962b3abd63c5a,62c66a7a5dd70c3146618063c344e531e6d4b59e379808443ce962b3abd63c5a,62c66a7a5dd70c3146618063c344e531e6d4b59e379808443ce962b3abd63c5a,$,,62c66a7a5dd70c3146618063c344e531e6d4b59e379808443ce962b3abd63c5a,62c66a7a5dd70c3146618063c344e531e6d4b59e379808443ce962b3abd63c5a,"{""basis"":""ordered nested-math atom; exact symbolic replay"",""kind"":""source-target-formula-map""}"
1.1.0,formula,O007-FREMLIN-V2-S244-FORMULA-0274,O007-FREMLIN-V2-S244,O007-RIGHTS-FREMLIN-DSL,O007-FREMLIN-V2-S244-SEG-244G,274,244G,244G,323,334,10672,10684,11547,11559,n\in\Bbb N,n\in\Bbb N,d213946df59f2b85be55436de61a489b7c24c216dfb26056fc2946b32c730709,d213946df59f2b85be55436de61a489b7c24c216dfb26056fc2946b32c730709,02bb197ae0de627eb1861382dcf81826f92f1895770d739be7f05b2435488186,$,,02bb197ae0de627eb1861382dcf81826f92f1895770d739be7f05b2435488186,02bb197ae0de627eb1861382dcf81826f92f1895770d739be7f05b2435488186,"{""basis"":""ordered nested-math atom; exact symbolic replay"",""kind"":""source-target-formula-map""}"
1.1.0,formula,O007-FREMLIN-V2-S244-FORMULA-0275,O007-FREMLIN-V2-S244,O007-RIGHTS-FREMLIN-DSL,O007-FREMLIN-V2-S244-SEG-244G,275,244G,244G,324,335,10695,10740,11572,11617,"x\in X\setminus\bigcup_{m,n\in\Bbb N}E_{mn}","x\in X\setminus\bigcup_{m,n\in\Bbb N}E_{mn}",c5d0a835320b7c1da92f142a6f73ad6f0186a524cecfa4dd68e865ea83c59d86,c5d0a835320b7c1da92f142a6f73ad6f0186a524cecfa4dd68e865ea83c59d86,50a39dd7cf2867e17629933ef7aea3a00a1107b24991d0b8187588364623e0f4,$,,50a39dd7cf2867e17629933ef7aea3a00a1107b24991d0b8187588364623e0f4,50a39dd7cf2867e17629933ef7aea3a00a1107b24991d0b8187588364623e0f4,"{""basis"":""ordered nested-math atom; exact symbolic replay"",""kind"":""source-target-formula-map""}"
1.1.0,formula,O007-FREMLIN-V2-S244-FORMULA-0276,O007-FREMLIN-V2-S244,O007-RIGHTS-FREMLIN-DSL,O007-FREMLIN-V2-S244-SEG-244G,276,244G,244G,324,336,10742,10752,11619,11629,f_n(x)=0,f_n(x)=0,af830a934e9f8a98f1355c0e39c561e62310e5a7348efca0b6d127c2b5433b8b,af830a934e9f8a98f1355c0e39c561e62310e5a7348efca0b6d127c2b5433b8b,af830a934e9f8a98f1355c0e39c561e62310e5a7348efca0b6d127c2b5433b8b,$,,af830a934e9f8a98f1355c0e39c561e62310e5a7348efca0b6d127c2b5433b8b,af830a934e9f8a98f1355c0e39c561e62310e5a7348efca0b6d127c2b5433b8b,"{""basis"":""ordered nested-math atom; exact symbolic replay"",""kind"":""source-target-formula-map""}"
1.1.0,formula,O007-FREMLIN-V2-S244-FORMULA-0277,O007-FREMLIN-V2-S244,O007-RIGHTS-FREMLIN-DSL,O007-FREMLIN-V2-S244-SEG-244G,277,244G,244G,324,336,10763,10766,11643,11646,n,n,1b16b1df538ba12dc3f97edbb85caa7050d46c148134290feba80f8236c83db9,1b16b1df538ba12dc3f97edbb85caa7050d46c148134290feba80f8236c83db9,1b16b1df538ba12dc3f97edbb85caa7050d46c148134290feba80f8236c83db9,$,,1b16b1df538ba12dc3f97edbb85caa7050d46c148134290feba80f8236c83db9,1b16b1df538ba12dc3f97edbb85caa7050d46c148134290feba80f8236c83db9,"{""basis"":""ordered nested-math atom; exact symbolic replay"",""kind"":""source-target-formula-map""}"
1.1.0,formula,O007-FREMLIN-V2-S244-FORMULA-0278,O007-FREMLIN-V2-S244,O007-RIGHTS-FREMLIN-DSL,O007-FREMLIN-V2-S244-SEG-244G,278,244G,244G,325,337,10771,10798,11657,11684,\sum_{k=0}^{\infty}f_k(x),\sum_{k=0}^{\infty}f_k(x),b80fb12b0441cbd351076d5d69f50e2e73395f6aec810a0cb863f7262c7fc6e9,b80fb12b0441cbd351076d5d69f50e2e73395f6aec810a0cb863f7262c7fc6e9,b80fb12b0441cbd351076d5d69f50e2e73395f6aec810a0cb863f7262c7fc6e9,$,,b80fb12b0441cbd351076d5d69f50e2e73395f6aec810a0cb863f7262c7fc6e9,b80fb12b0441cbd351076d5d69f50e2e73395f6aec810a0cb863f7262c7fc6e9,"{""basis"":""ordered nested-math atom; exact symbolic replay"",""kind"":""source-target-formula-map""}"
1.1.0,formula,O007-FREMLIN-V2-S244-FORMULA-0279,O007-FREMLIN-V2-S244,O007-RIGHTS-FREMLIN-DSL,O007-FREMLIN-V2-S244-SEG-244G,279,244G,244G,326,338,10824,10856,11701,11733,g(x)=\sum_{k=0}^{\infty}f_k(x),g(x)=\sum_{k=0}^{\infty}f_k(x),83e096fabfe5c45cd5694dee308913de7bf07c732b06c97b2fdc00e0989f7ffe,83e096fabfe5c45cd5694dee308913de7bf07c732b06c97b2fdc00e0989f7ffe,83e096fabfe5c45cd5694dee308913de7bf07c732b06c97b2fdc00e0989f7ffe,$,,83e096fabfe5c45cd5694dee308913de7bf07c732b06c97b2fdc00e0989f7ffe,83e096fabfe5c45cd5694dee308913de7bf07c732b06c97b2fdc00e0989f7ffe,"{""basis"":""ordered nested-math atom; exact symbolic replay"",""kind"":""source-target-formula-map""}"
1.1.0,formula,O007-FREMLIN-V2-S244-FORMULA-0280,O007-FREMLIN-V2-S244,O007-RIGHTS-FREMLIN-DSL,O007-FREMLIN-V2-S244-SEG-244G,280,244G,244G,326,338,10871,10879,11752,11760,\Bbb R,\Bbb R,f9d62b077eddf72778fc05527c5aa4d2352f16a46a94808294fdc2cb7e406580,f9d62b077eddf72778fc05527c5aa4d2352f16a46a94808294fdc2cb7e406580,22316cdc991b42844c0fcdb72f227b6d4c0e8457a736e325af2845b7b3df7f6c,$,,22316cdc991b42844c0fcdb72f227b6d4c0e8457a736e325af2845b7b3df7f6c,22316cdc991b42844c0fcdb72f227b6d4c0e8457a736e325af2845b7b3df7f6c,"{""basis"":""ordered nested-math atom; exact symbolic replay"",""kind"":""source-target-formula-map""}"
1.1.0,formula,O007-FREMLIN-V2-S244-FORMULA-0281,O007-FREMLIN-V2-S244,O007-RIGHTS-FREMLIN-DSL,O007-FREMLIN-V2-S244-SEG-244G,281,244G,244G,327,339,10897,10905,11781,11789,x\in X,x\in X,d9448dfd3954dd39c12d483afd23d561b1b7d735af5f430b5dc457e6fa9ef99b,d9448dfd3954dd39c12d483afd23d561b1b7d735af5f430b5dc457e6fa9ef99b,858979f0c33c5f45e30780b82e2fa00184311296fbb7ef6bf3f4a6007c9b9cb1,$,,858979f0c33c5f45e30780b82e2fa00184311296fbb7ef6bf3f4a6007c9b9cb1,858979f0c33c5f45e30780b82e2fa00184311296fbb7ef6bf3f4a6007c9b9cb1,"{""basis"":""ordered nested-math atom; exact symbolic replay"",""kind"":""source-target-formula-map""}"
1.1.0,formula,O007-FREMLIN-V2-S244-FORMULA-0282,O007-FREMLIN-V2-S244,O007-RIGHTS-FREMLIN-DSL,O007-FREMLIN-V2-S244-SEG-244G,282,244G,244G,329,341,10912,10933,11801,11822,g_n=\sum_{k=0}^nf_k,g_n=\sum_{k=0}^nf_k,75574f329948b276f955fb42b92ced511b8ac09034e130fd6d05631c3cac1caa,75574f329948b276f955fb42b92ced511b8ac09034e130fd6d05631c3cac1caa,75574f329948b276f955fb42b92ced511b8ac09034e130fd6d05631c3cac1caa,$,,75574f329948b276f955fb42b92ced511b8ac09034e130fd6d05631c3cac1caa,75574f329948b276f955fb42b92ced511b8ac09034e130fd6d05631c3cac1caa,"{""basis"":""ordered nested-math atom; exact symbolic replay"",""kind"":""source-target-formula-map""}"
1.1.0,formula,O007-FREMLIN-V2-S244-FORMULA-0283,O007-FREMLIN-V2-S244,O007-RIGHTS-FREMLIN-DSL,O007-FREMLIN-V2-S244-SEG-244G,283,244G,244G,329,342,10941,10971,11829,11859,g_n^{\ssbullet}=u_{n}\in L^p,g_n^{\ssbullet}=u_{n}\in L^p,04514189fd7c21ef0b16604393e7b0533589b7532c059314199484b81580fdd2,04514189fd7c21ef0b16604393e7b0533589b7532c059314199484b81580fdd2,6182f51f6256289745813726f9b277b3c4603ad7ad86b7b1dc368b1d98f7817c,$,,6182f51f6256289745813726f9b277b3c4603ad7ad86b7b1dc368b1d98f7817c,6182f51f6256289745813726f9b277b3c4603ad7ad86b7b1dc368b1d98f7817c,"{""basis"":""ordered nested-math atom; exact symbolic replay"",""kind"":""source-target-formula-map""}"
1.1.0,formula,O007-FREMLIN-V2-S244-FORMULA-0284,O007-FREMLIN-V2-S244,O007-RIGHTS-FREMLIN-DSL,O007-FREMLIN-V2-S244-SEG-244G,284,244G,244G,330,342,10981,10984,11873,11876,n,n,1b16b1df538ba12dc3f97edbb85caa7050d46c148134290feba80f8236c83db9,1b16b1df538ba12dc3f97edbb85caa7050d46c148134290feba80f8236c83db9,1b16b1df538ba12dc3f97edbb85caa7050d46c148134290feba80f8236c83db9,$,,1b16b1df538ba12dc3f97edbb85caa7050d46c148134290feba80f8236c83db9,1b16b1df538ba12dc3f97edbb85caa7050d46c148134290feba80f8236c83db9,"{""basis"":""ordered nested-math atom; exact symbolic replay"",""kind"":""source-target-formula-map""}"
1.1.0,formula,O007-FREMLIN-V2-S244-FORMULA-0285,O007-FREMLIN-V2-S244,O007-RIGHTS-FREMLIN-DSL,O007-FREMLIN-V2-S244-SEG-244G,285,244G,244G,330,343,10990,11020,11882,11912,g(x)=\lim_{n\to\infty}g_n(x),g(x)=\lim_{n\to\infty}g_n(x),de8ed6ea8b05991126dec1b0a940cd23fbcfd9856c8b1ee21befa26ae38d2783,de8ed6ea8b05991126dec1b0a940cd23fbcfd9856c8b1ee21befa26ae38d2783,de8ed6ea8b05991126dec1b0a940cd23fbcfd9856c8b1ee21befa26ae38d2783,$,,de8ed6ea8b05991126dec1b0a940cd23fbcfd9856c8b1ee21befa26ae38d2783,de8ed6ea8b05991126dec1b0a940cd23fbcfd9856c8b1ee21befa26ae38d2783,"{""basis"":""ordered nested-math atom; exact symbolic replay"",""kind"":""source-target-formula-map""}"
1.1.0,formula,O007-FREMLIN-V2-S244-FORMULA-0286,O007-FREMLIN-V2-S244,O007-RIGHTS-FREMLIN-DSL,O007-FREMLIN-V2-S244-SEG-244G,286,244G,244G,330,343,11049,11052,11945,11948,x,x,2d711642b726b04401627ca9fbac32f5c8530fb1903cc4db02258717921a4881,2d711642b726b04401627ca9fbac32f5c8530fb1903cc4db02258717921a4881,2d711642b726b04401627ca9fbac32f5c8530fb1903cc4db02258717921a4881,$,,2d711642b726b04401627ca9fbac32f5c8530fb1903cc4db02258717921a4881,2d711642b726b04401627ca9fbac32f5c8530fb1903cc4db02258717921a4881,"{""basis"":""ordered nested-math atom; exact symbolic replay"",""kind"":""source-target-formula-map""}"
1.1.0,formula,O007-FREMLIN-V2-S244-FORMULA-0287,O007-FREMLIN-V2-S244,O007-RIGHTS-FREMLIN-DSL,O007-FREMLIN-V2-S244-SEG-244G,287,244G,244G,331,344,11067,11102,11966,12001,|g|^p\eae\lim_{n\to\infty}|g_n|^p,|g|^p\eae\lim_{n\to\infty}|g_n|^p,4b8ba042bb61e9c89e80536fb2b8878a7189050b43cef40a954e7eddb84b4fdb,4b8ba042bb61e9c89e80536fb2b8878a7189050b43cef40a954e7eddb84b4fdb,4b8ba042bb61e9c89e80536fb2b8878a7189050b43cef40a954e7eddb84b4fdb,$,,4b8ba042bb61e9c89e80536fb2b8878a7189050b43cef40a954e7eddb84b4fdb,4b8ba042bb61e9c89e80536fb2b8878a7189050b43cef40a954e7eddb84b4fdb,"{""basis"":""ordered nested-math atom; exact symbolic replay"",""kind"":""source-target-formula-map""}"
1.1.0,formula,O007-FREMLIN-V2-S244-FORMULA-0288,O007-FREMLIN-V2-S244,O007-RIGHTS-FREMLIN-DSL,O007-FREMLIN-V2-S244-SEG-244G,288,244G,244G,333,347,11132,11227,12038,12133,"\liminf_{n\to\infty}\int|g_n|^p
=\liminf_{n\to\infty}\|u_{n}\|_p^p\le(2+\|u_{0}\|_p)^p<\infty","\liminf_{n\to\infty}\int|g_n|^p
=\liminf_{n\to\infty}\|u_{n}\|_p^p\le(2+\|u_{0}\|_p)^p<\infty",60d2a85c7b903f6a962466fe14d5c4c6bc960580ceb6d62f9d5b249605c4bb62,60d2a85c7b903f6a962466fe14d5c4c6bc960580ceb6d62f9d5b249605c4bb62,5a40548787aad0301f68a9c9f7ae4e856e5bb4a1f3525adf3e32b7e7f6a18b68,$,,5a40548787aad0301f68a9c9f7ae4e856e5bb4a1f3525adf3e32b7e7f6a18b68,5a40548787aad0301f68a9c9f7ae4e856e5bb4a1f3525adf3e32b7e7f6a18b68,"{""basis"":""ordered nested-math atom; exact symbolic replay"",""kind"":""source-target-formula-map""}"
1.1.0,formula,O007-FREMLIN-V2-S244-FORMULA-0289,O007-FREMLIN-V2-S244,O007-RIGHTS-FREMLIN-DSL,O007-FREMLIN-V2-S244-SEG-244G,289,244G,244G,338,352,11274,11326,12188,12240,\int|g|^p\le\liminf_{k\to\infty}\int|g_k|^p<\infty,\int|g|^p\le\liminf_{k\to\infty}\int|g_k|^p<\infty,5732d43970cedce9d175b72f99ece79240d896b0d09591c5449ae79e2358a3a4,5732d43970cedce9d175b72f99ece79240d896b0d09591c5449ae79e2358a3a4,5732d43970cedce9d175b72f99ece79240d896b0d09591c5449ae79e2358a3a4,$,,5732d43970cedce9d175b72f99ece79240d896b0d09591c5449ae79e2358a3a4,5732d43970cedce9d175b72f99ece79240d896b0d09591c5449ae79e2358a3a4,"{""basis"":""ordered nested-math atom; exact symbolic replay"",""kind"":""source-target-formula-map""}"
1.1.0,formula,O007-FREMLIN-V2-S244-FORMULA-0290,O007-FREMLIN-V2-S244,O007-RIGHTS-FREMLIN-DSL,O007-FREMLIN-V2-S244-SEG-244G,290,244G,244G,340,354,11345,11369,12259,12283,u=g^{\ssbullet}\in L^p,u=g^{\ssbullet}\in L^p,bd7aad8ebe9216dc3810fe1c29aaa683811b1accb42175d9c84ad8e267374bf8,bd7aad8ebe9216dc3810fe1c29aaa683811b1accb42175d9c84ad8e267374bf8,c118614b7d5a1d99f6aacb7f26ba759e6b71813dbf46eedab924718d44054284,$,,c118614b7d5a1d99f6aacb7f26ba759e6b71813dbf46eedab924718d44054284,c118614b7d5a1d99f6aacb7f26ba759e6b71813dbf46eedab924718d44054284,"{""basis"":""ordered nested-math atom; exact symbolic replay"",""kind"":""source-target-formula-map""}"
1.1.0,formula,O007-FREMLIN-V2-S244-FORMULA-0291,O007-FREMLIN-V2-S244,O007-RIGHTS-FREMLIN-DSL,O007-FREMLIN-V2-S244-SEG-244G,291,244G,244G,340,355,11391,11403,12312,12324,"m\in\Bbb
N",m\in\Bbb N,b3eb28e227b54787bdee142a66f3dbe0adccaf1606f1525b8fa4722c86ef2110,2ed9517f49c9b1454dee4d57426e748688821ffd750dd0bcd3d96fe10d808789,85c5d31bf8d7914c672d24fa9ab9a79e731bed9c2997906495b11ab2d6a271f6,$,,85c5d31bf8d7914c672d24fa9ab9a79e731bed9c2997906495b11ab2d6a271f6,85c5d31bf8d7914c672d24fa9ab9a79e731bed9c2997906495b11ab2d6a271f6,"{""basis"":""ordered nested-math atom; exact symbolic replay"",""kind"":""source-target-formula-map""}"
1.1.0,formula,O007-FREMLIN-V2-S244-FORMULA-0292,O007-FREMLIN-V2-S244,O007-RIGHTS-FREMLIN-DSL,O007-FREMLIN-V2-S244-SEG-244G,292,244G,244G,343,357,11406,11617,12327,12538,"\eqalign{\int|g-g_m|^p
&\le\liminf_{n\to\infty}\int|g_n-g_m|^p
=\liminf_{n\to\infty}\|u_{n}-u_{m}\|_p^p\cr
&\le\liminf_{n\to\infty}\sum_{k=m}^{n-1}4^{-kp}
=\sum_{k=m}^{\infty}4^{-kp}
=4^{-mp}/(1-4^{-p}).\cr}","\eqalign{\int|g-g_m|^p
&\le\liminf_{n\to\infty}\int|g_n-g_m|^p
=\liminf_{n\to\infty}\|u_{n}-u_{m}\|_p^p\cr
&\le\liminf_{n\to\infty}\sum_{k=m}^{n-1}4^{-kp}
=\sum_{k=m}^{\infty}4^{-kp}
=4^{-mp}/(1-4^{-p}).\cr}",6a797fa92faa15e4dc9c20497012cd3720ee8f3b31c2d287b9523617136b9a9a,6a797fa92faa15e4dc9c20497012cd3720ee8f3b31c2d287b9523617136b9a9a,7959af5d94ced27d7cd7408e82a445acfa000cfcf536375cb05f1c534f512c73,$$,,7959af5d94ced27d7cd7408e82a445acfa000cfcf536375cb05f1c534f512c73,7959af5d94ced27d7cd7408e82a445acfa000cfcf536375cb05f1c534f512c73,"{""basis"":""ordered nested-math atom; exact symbolic replay"",""kind"":""source-target-formula-map""}"
1.1.0,formula,O007-FREMLIN-V2-S244-FORMULA-0293,O007-FREMLIN-V2-S244,O007-RIGHTS-FREMLIN-DSL,O007-FREMLIN-V2-S244-SEG-244G,293,244G,244G,352,366,11645,11715,12568,12638,"\|u-u_{m}\|_p=(\int|g-g_m|^p)^{1/p}
\le 4^{-m}/(1-4^{-p})^{1/p}\to 0","\|u-u_{m}\|_p=(\int|g-g_m|^p)^{1/p}
\le 4^{-m}/(1-4^{-p})^{1/p}\to 0",6cf5fe32edea9d21ad7cf030343ae3c590595980adedf108267a360b849526ba,6cf5fe32edea9d21ad7cf030343ae3c590595980adedf108267a360b849526ba,bf5c5297788117957fb101acf611ed16b509e1b1f30414f4f32529933d4b3952,$,,bf5c5297788117957fb101acf611ed16b509e1b1f30414f4f32529933d4b3952,bf5c5297788117957fb101acf611ed16b509e1b1f30414f4f32529933d4b3952,"{""basis"":""ordered nested-math atom; exact symbolic replay"",""kind"":""source-target-formula-map""}"
1.1.0,formula,O007-FREMLIN-V2-S244-FORMULA-0294,O007-FREMLIN-V2-S244,O007-RIGHTS-FREMLIN-DSL,O007-FREMLIN-V2-S244-SEG-244G,294,244G,244G,355,369,11731,11743,12658,12670,m\to\infty,m\to\infty,41f4cf0322849bd59016603c2b2d8e89513d9304ede4a485d57fe3985a2fa240,41f4cf0322849bd59016603c2b2d8e89513d9304ede4a485d57fe3985a2fa240,41f4cf0322849bd59016603c2b2d8e89513d9304ede4a485d57fe3985a2fa240,$,,41f4cf0322849bd59016603c2b2d8e89513d9304ede4a485d57fe3985a2fa240,41f4cf0322849bd59016603c2b2d8e89513d9304ede4a485d57fe3985a2fa240,"{""basis"":""ordered nested-math atom; exact symbolic replay"",""kind"":""source-target-formula-map""}"
1.1.0,formula,O007-FREMLIN-V2-S244-FORMULA-0295,O007-FREMLIN-V2-S244,O007-RIGHTS-FREMLIN-DSL,O007-FREMLIN-V2-S244-SEG-244G,295,244G,244G,355,369,11753,11777,12677,12701,u=\lim_{m\to\infty}u_m,u=\lim_{m\to\infty}u_m,d5d322ffaef4c573f84207bd1bf2fcbac74e1e37a03b37fa9d25838548393d22,d5d322ffaef4c573f84207bd1bf2fcbac74e1e37a03b37fa9d25838548393d22,d5d322ffaef4c573f84207bd1bf2fcbac74e1e37a03b37fa9d25838548393d22,$,,d5d322ffaef4c573f84207bd1bf2fcbac74e1e37a03b37fa9d25838548393d22,d5d322ffaef4c573f84207bd1bf2fcbac74e1e37a03b37fa9d25838548393d22,"{""basis"":""ordered nested-math atom; exact symbolic replay"",""kind"":""source-target-formula-map""}"
1.1.0,formula,O007-FREMLIN-V2-S244-FORMULA-0296,O007-FREMLIN-V2-S244,O007-RIGHTS-FREMLIN-DSL,O007-FREMLIN-V2-S244-SEG-244G,296,244G,244G,355,370,11781,11786,12708,12713,L^p,L^p,0de1bee007df208a54c85a6cf3aa6c06e2a922620965a43478a0496c27e05aa0,0de1bee007df208a54c85a6cf3aa6c06e2a922620965a43478a0496c27e05aa0,0de1bee007df208a54c85a6cf3aa6c06e2a922620965a43478a0496c27e05aa0,$,,0de1bee007df208a54c85a6cf3aa6c06e2a922620965a43478a0496c27e05aa0,0de1bee007df208a54c85a6cf3aa6c06e2a922620965a43478a0496c27e05aa0,"{""basis"":""ordered nested-math atom; exact symbolic replay"",""kind"":""source-target-formula-map""}"
1.1.0,formula,O007-FREMLIN-V2-S244-FORMULA-0297,O007-FREMLIN-V2-S244,O007-RIGHTS-FREMLIN-DSL,O007-FREMLIN-V2-S244-SEG-244G,297,244G,244G,356,370,11791,11808,12722,12739,\sequencen{u_n},\sequencen{u_n},8584c28204bf0549bc0bf7facc891d2ce9654a5ab47ae04d87ac131615ae2972,8584c28204bf0549bc0bf7facc891d2ce9654a5ab47ae04d87ac131615ae2972,8584c28204bf0549bc0bf7facc891d2ce9654a5ab47ae04d87ac131615ae2972,$,,8584c28204bf0549bc0bf7facc891d2ce9654a5ab47ae04d87ac131615ae2972,8584c28204bf0549bc0bf7facc891d2ce9654a5ab47ae04d87ac131615ae2972,"{""basis"":""ordered nested-math atom; exact symbolic replay"",""kind"":""source-target-formula-map""}"
1.1.0,formula,O007-FREMLIN-V2-S244-FORMULA-0298,O007-FREMLIN-V2-S244,O007-RIGHTS-FREMLIN-DSL,O007-FREMLIN-V2-S244-SEG-244G,298,244G,244G,356,370,11823,11828,12751,12756,L^p,L^p,0de1bee007df208a54c85a6cf3aa6c06e2a922620965a43478a0496c27e05aa0,0de1bee007df208a54c85a6cf3aa6c06e2a922620965a43478a0496c27e05aa0,0de1bee007df208a54c85a6cf3aa6c06e2a922620965a43478a0496c27e05aa0,$,,0de1bee007df208a54c85a6cf3aa6c06e2a922620965a43478a0496c27e05aa0,0de1bee007df208a54c85a6cf3aa6c06e2a922620965a43478a0496c27e05aa0,"{""basis"":""ordered nested-math atom; exact symbolic replay"",""kind"":""source-target-formula-map""}"
1.1.0,formula,O007-FREMLIN-V2-S244-FORMULA-0299,O007-FREMLIN-V2-S244,O007-RIGHTS-FREMLIN-DSL,O007-FREMLIN-V2-S244-SEG-244H,299,244H,244H,359,374,11905,11910,12839,12844,L^p,L^p,0de1bee007df208a54c85a6cf3aa6c06e2a922620965a43478a0496c27e05aa0,0de1bee007df208a54c85a6cf3aa6c06e2a922620965a43478a0496c27e05aa0,0de1bee007df208a54c85a6cf3aa6c06e2a922620965a43478a0496c27e05aa0,$,,0de1bee007df208a54c85a6cf3aa6c06e2a922620965a43478a0496c27e05aa0,0de1bee007df208a54c85a6cf3aa6c06e2a922620965a43478a0496c27e05aa0,"{""basis"":""ordered nested-math atom; exact symbolic replay"",""kind"":""source-target-formula-map""}"
1.1.0,formula,O007-FREMLIN-V2-S244-FORMULA-0300,O007-FREMLIN-V2-S244,O007-RIGHTS-FREMLIN-DSL,O007-FREMLIN-V2-S244-SEG-244H,300,244H,244H,360,374,11924,11929,12865,12870,L^1,L^1,9d0fbf856fe55b032eaac1d3cc54b65eb406a5231c658bf5d96c01b0eddfbee3,9d0fbf856fe55b032eaac1d3cc54b65eb406a5231c658bf5d96c01b0eddfbee3,9d0fbf856fe55b032eaac1d3cc54b65eb406a5231c658bf5d96c01b0eddfbee3,$,,9d0fbf856fe55b032eaac1d3cc54b65eb406a5231c658bf5d96c01b0eddfbee3,9d0fbf856fe55b032eaac1d3cc54b65eb406a5231c658bf5d96c01b0eddfbee3,"{""basis"":""ordered nested-math atom; exact symbolic replay"",""kind"":""source-target-formula-map""}"
1.1.0,formula,O007-FREMLIN-V2-S244-FORMULA-0301,O007-FREMLIN-V2-S244,O007-RIGHTS-FREMLIN-DSL,O007-FREMLIN-V2-S244-SEG-244H,301,244H,244H,364,379,12016,12032,12973,12989,"(X,\Sigma,\mu)","(X,\Sigma,\mu)",05e9b769403b4c7926a944d5aaa03f00bb216412bc3f850e41b3c28de657aa67,05e9b769403b4c7926a944d5aaa03f00bb216412bc3f850e41b3c28de657aa67,05e9b769403b4c7926a944d5aaa03f00bb216412bc3f850e41b3c28de657aa67,$,,05e9b769403b4c7926a944d5aaa03f00bb216412bc3f850e41b3c28de657aa67,05e9b769403b4c7926a944d5aaa03f00bb216412bc3f850e41b3c28de657aa67,"{""basis"":""ordered nested-math atom; exact symbolic replay"",""kind"":""source-target-formula-map""}"
1.1.0,formula,O007-FREMLIN-V2-S244-FORMULA-0302,O007-FREMLIN-V2-S244,O007-RIGHTS-FREMLIN-DSL,O007-FREMLIN-V2-S244-SEG-244H,302,244H,244H,365,380,12059,12081,13015,13037,"p\in\coint{1,\infty}","p\in\coint{1,\infty}",dfa09c103b52120a82f69753c8100756a9bbb79737abc89a78fe9c2ee6b86968,dfa09c103b52120a82f69753c8100756a9bbb79737abc89a78fe9c2ee6b86968,dfa09c103b52120a82f69753c8100756a9bbb79737abc89a78fe9c2ee6b86968,$,,dfa09c103b52120a82f69753c8100756a9bbb79737abc89a78fe9c2ee6b86968,dfa09c103b52120a82f69753c8100756a9bbb79737abc89a78fe9c2ee6b86968,"{""basis"":""ordered nested-math atom; exact symbolic replay"",""kind"":""source-target-formula-map""}"
1.1.0,formula,O007-FREMLIN-V2-S244-FORMULA-0303,O007-FREMLIN-V2-S244,O007-RIGHTS-FREMLIN-DSL,O007-FREMLIN-V2-S244-SEG-244H,303,244H,244H,366,380,12098,12101,13050,13053,S,S,8de0b3c47f112c59745f717a626932264c422a7563954872e237b223af4ad643,8de0b3c47f112c59745f717a626932264c422a7563954872e237b223af4ad643,8de0b3c47f112c59745f717a626932264c422a7563954872e237b223af4ad643,$,,8de0b3c47f112c59745f717a626932264c422a7563954872e237b223af4ad643,8de0b3c47f112c59745f717a626932264c422a7563954872e237b223af4ad643,"{""basis"":""ordered nested-math atom; exact symbolic replay"",""kind"":""source-target-formula-map""}"
1.1.0,formula,O007-FREMLIN-V2-S244-FORMULA-0304,O007-FREMLIN-V2-S244,O007-RIGHTS-FREMLIN-DSL,O007-FREMLIN-V2-S244-SEG-244H,304,244H,244H,367,381,12128,12133,13100,13105,\mu,\mu,492247e1bab15272d1e53b8015c042bf6fa0cb8f23ec52cad93d6ba80dafb804,492247e1bab15272d1e53b8015c042bf6fa0cb8f23ec52cad93d6ba80dafb804,492247e1bab15272d1e53b8015c042bf6fa0cb8f23ec52cad93d6ba80dafb804,$,,492247e1bab15272d1e53b8015c042bf6fa0cb8f23ec52cad93d6ba80dafb804,492247e1bab15272d1e53b8015c042bf6fa0cb8f23ec52cad93d6ba80dafb804,"{""basis"":""ordered nested-math atom; exact symbolic replay"",""kind"":""source-target-formula-map""}"
1.1.0,formula,O007-FREMLIN-V2-S244-FORMULA-0305,O007-FREMLIN-V2-S244,O007-RIGHTS-FREMLIN-DSL,O007-FREMLIN-V2-S244-SEG-244H,305,244H,244H,367,382,12181,12195,13143,13157,L^p=L^p(\mu),L^p=L^p(\mu),1ea982c00e9dad7ac8855a329033f766d411984c96df15f7be848c4de3e4f193,1ea982c00e9dad7ac8855a329033f766d411984c96df15f7be848c4de3e4f193,1ea982c00e9dad7ac8855a329033f766d411984c96df15f7be848c4de3e4f193,$,,1ea982c00e9dad7ac8855a329033f766d411984c96df15f7be848c4de3e4f193,1ea982c00e9dad7ac8855a329033f766d411984c96df15f7be848c4de3e4f193,"{""basis"":""ordered nested-math atom; exact symbolic replay"",""kind"":""source-target-formula-map""}"
1.1.0,formula,O007-FREMLIN-V2-S244-FORMULA-0306,O007-FREMLIN-V2-S244,O007-RIGHTS-FREMLIN-DSL,O007-FREMLIN-V2-S244-SEG-244H,306,244H,244H,369,384,12206,12209,13173,13176,X,X,4b68ab3847feda7d6c62c1fbcbeebfa35eab7351ed5e78f4ddadea5df64b8015,4b68ab3847feda7d6c62c1fbcbeebfa35eab7351ed5e78f4ddadea5df64b8015,4b68ab3847feda7d6c62c1fbcbeebfa35eab7351ed5e78f4ddadea5df64b8015,$,,4b68ab3847feda7d6c62c1fbcbeebfa35eab7351ed5e78f4ddadea5df64b8015,4b68ab3847feda7d6c62c1fbcbeebfa35eab7351ed5e78f4ddadea5df64b8015,"{""basis"":""ordered nested-math atom; exact symbolic replay"",""kind"":""source-target-formula-map""}"
1.1.0,formula,O007-FREMLIN-V2-S244-FORMULA-0307,O007-FREMLIN-V2-S244,O007-RIGHTS-FREMLIN-DSL,O007-FREMLIN-V2-S244-SEG-244H,307,244H,244H,369,384,12227,12236,13203,13212,\BbbR^r,\BbbR^r,6a5173578402ab704fe0e78c24a3f6f09fe9ed2c7ea0fbe574d688249eb91ed7,6a5173578402ab704fe0e78c24a3f6f09fe9ed2c7ea0fbe574d688249eb91ed7,6a5173578402ab704fe0e78c24a3f6f09fe9ed2c7ea0fbe574d688249eb91ed7,$,,6a5173578402ab704fe0e78c24a3f6f09fe9ed2c7ea0fbe574d688249eb91ed7,6a5173578402ab704fe0e78c24a3f6f09fe9ed2c7ea0fbe574d688249eb91ed7,"{""basis"":""ordered nested-math atom; exact symbolic replay"",""kind"":""source-target-formula-map""}"
1.1.0,formula,O007-FREMLIN-V2-S244-FORMULA-0308,O007-FREMLIN-V2-S244,O007-RIGHTS-FREMLIN-DSL,O007-FREMLIN-V2-S244-SEG-244H,308,244H,244H,369,384,12244,12252,13221,13229,r\ge 1,r\ge 1,10bc42d96f51887ea400533a0f6b343406ae6bb4aac04938120632d6289e30dc,10bc42d96f51887ea400533a0f6b343406ae6bb4aac04938120632d6289e30dc,48d931adc78b0f862d3435fd812b0154451317701e4ee6ece3563bbd6d25a196,$,,48d931adc78b0f862d3435fd812b0154451317701e4ee6ece3563bbd6d25a196,48d931adc78b0f862d3435fd812b0154451317701e4ee6ece3563bbd6d25a196,"{""basis"":""ordered nested-math atom; exact symbolic replay"",""kind"":""source-target-formula-map""}"
1.1.0,formula,O007-FREMLIN-V2-S244-FORMULA-0309,O007-FREMLIN-V2-S244,O007-RIGHTS-FREMLIN-DSL,O007-FREMLIN-V2-S244-SEG-244H,309,244H,244H,370,385,12262,12267,13244,13249,\mu,\mu,492247e1bab15272d1e53b8015c042bf6fa0cb8f23ec52cad93d6ba80dafb804,492247e1bab15272d1e53b8015c042bf6fa0cb8f23ec52cad93d6ba80dafb804,492247e1bab15272d1e53b8015c042bf6fa0cb8f23ec52cad93d6ba80dafb804,$,,492247e1bab15272d1e53b8015c042bf6fa0cb8f23ec52cad93d6ba80dafb804,492247e1bab15272d1e53b8015c042bf6fa0cb8f23ec52cad93d6ba80dafb804,"{""basis"":""ordered nested-math atom; exact symbolic replay"",""kind"":""source-target-formula-map""}"
1.1.0,formula,O007-FREMLIN-V2-S244-FORMULA-0310,O007-FREMLIN-V2-S244,O007-RIGHTS-FREMLIN-DSL,O007-FREMLIN-V2-S244-SEG-244H,310,244H,244H,370,385,12295,12298,13271,13274,X,X,4b68ab3847feda7d6c62c1fbcbeebfa35eab7351ed5e78f4ddadea5df64b8015,4b68ab3847feda7d6c62c1fbcbeebfa35eab7351ed5e78f4ddadea5df64b8015,4b68ab3847feda7d6c62c1fbcbeebfa35eab7351ed5e78f4ddadea5df64b8015,$,,4b68ab3847feda7d6c62c1fbcbeebfa35eab7351ed5e78f4ddadea5df64b8015,4b68ab3847feda7d6c62c1fbcbeebfa35eab7351ed5e78f4ddadea5df64b8015,"{""basis"":""ordered nested-math atom; exact symbolic replay"",""kind"":""source-target-formula-map""}"
1.1.0,formula,O007-FREMLIN-V2-S244-FORMULA-0311,O007-FREMLIN-V2-S244,O007-RIGHTS-FREMLIN-DSL,O007-FREMLIN-V2-S244-SEG-244H,311,244H,244H,371,386,12330,12339,13316,13325,\BbbR^r,\BbbR^r,6a5173578402ab704fe0e78c24a3f6f09fe9ed2c7ea0fbe574d688249eb91ed7,6a5173578402ab704fe0e78c24a3f6f09fe9ed2c7ea0fbe574d688249eb91ed7,6a5173578402ab704fe0e78c24a3f6f09fe9ed2c7ea0fbe574d688249eb91ed7,$,,6a5173578402ab704fe0e78c24a3f6f09fe9ed2c7ea0fbe574d688249eb91ed7,6a5173578402ab704fe0e78c24a3f6f09fe9ed2c7ea0fbe574d688249eb91ed7,"{""basis"":""ordered nested-math atom; exact symbolic replay"",""kind"":""source-target-formula-map""}"
1.1.0,formula,O007-FREMLIN-V2-S244-FORMULA-0312,O007-FREMLIN-V2-S244,O007-RIGHTS-FREMLIN-DSL,O007-FREMLIN-V2-S244-SEG-244H,312,244H,244H,371,386,12349,12354,13336,13341,C_k,C_k,ab6ab9255d7967c3ec3da79139c405dff25dc958cea1b10c61db1efb8ebabe33,ab6ab9255d7967c3ec3da79139c405dff25dc958cea1b10c61db1efb8ebabe33,ab6ab9255d7967c3ec3da79139c405dff25dc958cea1b10c61db1efb8ebabe33,$,,ab6ab9255d7967c3ec3da79139c405dff25dc958cea1b10c61db1efb8ebabe33,ab6ab9255d7967c3ec3da79139c405dff25dc958cea1b10c61db1efb8ebabe33,"{""basis"":""ordered nested-math atom; exact symbolic replay"",""kind"":""source-target-formula-map""}"
1.1.0,formula,O007-FREMLIN-V2-S244-FORMULA-0313,O007-FREMLIN-V2-S244,O007-RIGHTS-FREMLIN-DSL,O007-FREMLIN-V2-S244-SEG-244H,313,244H,244H,372,387,12401,12421,13383,13403,g:\BbbR^r\to\Bbb R,g:\BbbR^r\to\Bbb R,77fae28e5ee8115f8012cd44ccfb804fa5501168df80ef5b72cdc1b47a9b5302,77fae28e5ee8115f8012cd44ccfb804fa5501168df80ef5b72cdc1b47a9b5302,cd587618e61cb4efee67d31a314f3f5545f57a203168932865f119cff4d037bb,$,,cd587618e61cb4efee67d31a314f3f5545f57a203168932865f119cff4d037bb,cd587618e61cb4efee67d31a314f3f5545f57a203168932865f119cff4d037bb,"{""basis"":""ordered nested-math atom; exact symbolic replay"",""kind"":""source-target-formula-map""}"
1.1.0,formula,O007-FREMLIN-V2-S244-FORMULA-0314,O007-FREMLIN-V2-S244,O007-RIGHTS-FREMLIN-DSL,O007-FREMLIN-V2-S244-SEG-244H,314,244H,244H,373,388,12432,12449,13424,13441,\{x:g(x)\ne 0\},\{x:g(x)\ne 0\},e9bff5bc990fbe9b18a9267db77529363a2b557fd05b795b50b0ad5075819926,e9bff5bc990fbe9b18a9267db77529363a2b557fd05b795b50b0ad5075819926,16105a2f0e2a89d8495da7b43b2eec686d55fc65bc2da9248d665b229c15bad2,$,,16105a2f0e2a89d8495da7b43b2eec686d55fc65bc2da9248d665b229c15bad2,16105a2f0e2a89d8495da7b43b2eec686d55fc65bc2da9248d665b229c15bad2,"{""basis"":""ordered nested-math atom; exact symbolic replay"",""kind"":""source-target-formula-map""}"
1.1.0,formula,O007-FREMLIN-V2-S244-FORMULA-0315,O007-FREMLIN-V2-S244,O007-RIGHTS-FREMLIN-DSL,O007-FREMLIN-V2-S244-SEG-244H,315,244H,244H,373,388,12466,12471,13456,13461,S_0,S_0,f1e5183bd741103856d5b4fcb1f248bf9273d671ce0fff89e7eeaf71229a9256,f1e5183bd741103856d5b4fcb1f248bf9273d671ce0fff89e7eeaf71229a9256,f1e5183bd741103856d5b4fcb1f248bf9273d671ce0fff89e7eeaf71229a9256,$,,f1e5183bd741103856d5b4fcb1f248bf9273d671ce0fff89e7eeaf71229a9256,f1e5183bd741103856d5b4fcb1f248bf9273d671ce0fff89e7eeaf71229a9256,"{""basis"":""ordered nested-math atom; exact symbolic replay"",""kind"":""source-target-formula-map""}"
1.1.0,formula,O007-FREMLIN-V2-S244-FORMULA-0316,O007-FREMLIN-V2-S244,O007-RIGHTS-FREMLIN-DSL,O007-FREMLIN-V2-S244-SEG-244H,316,244H,244H,374,389,12534,12542,13508,13516,\chi I,\chi I,f6a1a75425e3ab49255815bce4a9bd2c82794bbe3ea4710364217315c0bcce03,f6a1a75425e3ab49255815bce4a9bd2c82794bbe3ea4710364217315c0bcce03,7aa42e76ee6623bf32a04b098c08f5ee1eb5e222eaac9e6962256d1b33b23b1d,$,,7aa42e76ee6623bf32a04b098c08f5ee1eb5e222eaac9e6962256d1b33b23b1d,7aa42e76ee6623bf32a04b098c08f5ee1eb5e222eaac9e6962256d1b33b23b1d,"{""basis"":""ordered nested-math atom; exact symbolic replay"",""kind"":""source-target-formula-map""}"
1.1.0,formula,O007-FREMLIN-V2-S244-FORMULA-0317,O007-FREMLIN-V2-S244,O007-RIGHTS-FREMLIN-DSL,O007-FREMLIN-V2-S244-SEG-244H,317,244H,244H,375,389,12550,12569,13525,13544,I\subseteq\BbbR^r,I\subseteq\BbbR^r,1fe214a9431913b70811a786a7ad5e2ba3e1ec223622f7a1e85105afc12e79e2,1fe214a9431913b70811a786a7ad5e2ba3e1ec223622f7a1e85105afc12e79e2,1fe214a9431913b70811a786a7ad5e2ba3e1ec223622f7a1e85105afc12e79e2,$,,1fe214a9431913b70811a786a7ad5e2ba3e1ec223622f7a1e85105afc12e79e2,1fe214a9431913b70811a786a7ad5e2ba3e1ec223622f7a1e85105afc12e79e2,"{""basis"":""ordered nested-math atom; exact symbolic replay"",""kind"":""source-target-formula-map""}"
1.1.0,formula,O007-FREMLIN-V2-S244-FORMULA-0318,O007-FREMLIN-V2-S244,O007-RIGHTS-FREMLIN-DSL,O007-FREMLIN-V2-S244-SEG-244H,318,244H,244H,376,390,12610,12648,13597,13635,\{(g\restr X)^{\ssbullet}:g\in C_k\},\{(g\restr X)^{\ssbullet}:g\in C_k\},cf837bf304f8ebfb7fbfea928533f523c04f4a3e1816092e64919b5b9e466b3d,cf837bf304f8ebfb7fbfea928533f523c04f4a3e1816092e64919b5b9e466b3d,461ccf369e71f00ba5622e5464c5751ecda0e98cf294eaded9e39aa5220b814a,$,,461ccf369e71f00ba5622e5464c5751ecda0e98cf294eaded9e39aa5220b814a,461ccf369e71f00ba5622e5464c5751ecda0e98cf294eaded9e39aa5220b814a,"{""basis"":""ordered nested-math atom; exact symbolic replay"",""kind"":""source-target-formula-map""}"
1.1.0,formula,O007-FREMLIN-V2-S244-FORMULA-0319,O007-FREMLIN-V2-S244,O007-RIGHTS-FREMLIN-DSL,O007-FREMLIN-V2-S244-SEG-244H,319,244H,244H,377,391,12653,12691,13640,13678,\{(h\restr X)^{\ssbullet}:h\in S_0\},\{(h\restr X)^{\ssbullet}:h\in S_0\},07f357d1dd715c767dc7cbde3534a144fe864024b0987fd0e3bca7aef5994d60,07f357d1dd715c767dc7cbde3534a144fe864024b0987fd0e3bca7aef5994d60,c8eee84c3401e912936937829650b353ec8165ad95da12e73b40448b8f0b5230,$,,c8eee84c3401e912936937829650b353ec8165ad95da12e73b40448b8f0b5230,c8eee84c3401e912936937829650b353ec8165ad95da12e73b40448b8f0b5230,"{""basis"":""ordered nested-math atom; exact symbolic replay"",""kind"":""source-target-formula-map""}"
1.1.0,formula,O007-FREMLIN-V2-S244-FORMULA-0320,O007-FREMLIN-V2-S244,O007-RIGHTS-FREMLIN-DSL,O007-FREMLIN-V2-S244-SEG-244H,320,244H,244H,378,391,12705,12715,13691,13701,L^p(\mu),L^p(\mu),d849a4c2e7df7f9d2bf5ba90896603d57e64c2548b570a54255b228bda9421c7,d849a4c2e7df7f9d2bf5ba90896603d57e64c2548b570a54255b228bda9421c7,d849a4c2e7df7f9d2bf5ba90896603d57e64c2548b570a54255b228bda9421c7,$,,d849a4c2e7df7f9d2bf5ba90896603d57e64c2548b570a54255b228bda9421c7,d849a4c2e7df7f9d2bf5ba90896603d57e64c2548b570a54255b228bda9421c7,"{""basis"":""ordered nested-math atom; exact symbolic replay"",""kind"":""source-target-formula-map""}"
1.1.0,formula,O007-FREMLIN-V2-S244-FORMULA-0321,O007-FREMLIN-V2-S244,O007-RIGHTS-FREMLIN-DSL,O007-FREMLIN-V2-S244-SEG-244H,321,244H,244H,384,397,12830,12845,13811,13826,u\in L^p(\mu),u\in L^p(\mu),94d8de0b7b627518619f3995612cdbf5ae295eb68d115acdade3070cabd9a9fe,94d8de0b7b627518619f3995612cdbf5ae295eb68d115acdade3070cabd9a9fe,27dc9c61a40dbfb92d1b5f1340a042243db5de17e599610aa5e2ac7f9460c0dc,$,,27dc9c61a40dbfb92d1b5f1340a042243db5de17e599610aa5e2ac7f9460c0dc,27dc9c61a40dbfb92d1b5f1340a042243db5de17e599610aa5e2ac7f9460c0dc,"{""basis"":""ordered nested-math atom; exact symbolic replay"",""kind"":""source-target-formula-map""}"
1.1.0,formula,O007-FREMLIN-V2-S244-FORMULA-0322,O007-FREMLIN-V2-S244,O007-RIGHTS-FREMLIN-DSL,O007-FREMLIN-V2-S244-SEG-244H,322,244H,244H,384,397,12847,12855,13828,13836,u\ge 0,u\ge 0,d10803733426f9dd2742131cc72ccefa1d1e8035f6a66da6085050e3678d0783,d10803733426f9dd2742131cc72ccefa1d1e8035f6a66da6085050e3678d0783,8a4316f560fc390b9a600e5415d9ca5598a0e249d941c0b08349b20269816764,$,,8a4316f560fc390b9a600e5415d9ca5598a0e249d941c0b08349b20269816764,8a4316f560fc390b9a600e5415d9ca5598a0e249d941c0b08349b20269816764,"{""basis"":""ordered nested-math atom; exact symbolic replay"",""kind"":""source-target-formula-map""}"
1.1.0,formula,O007-FREMLIN-V2-S244-FORMULA-0323,O007-FREMLIN-V2-S244,O007-RIGHTS-FREMLIN-DSL,O007-FREMLIN-V2-S244-SEG-244H,323,244H,244H,385,397,12860,12872,13841,13853,\epsilon>0,\epsilon>0,4c7785f41b6ba845fbf6fe3db625563505eedd141a7e6a016df047b5d14c0cc7,4c7785f41b6ba845fbf6fe3db625563505eedd141a7e6a016df047b5d14c0cc7,4c7785f41b6ba845fbf6fe3db625563505eedd141a7e6a016df047b5d14c0cc7,$,,4c7785f41b6ba845fbf6fe3db625563505eedd141a7e6a016df047b5d14c0cc7,4c7785f41b6ba845fbf6fe3db625563505eedd141a7e6a016df047b5d14c0cc7,"{""basis"":""ordered nested-math atom; exact symbolic replay"",""kind"":""source-target-formula-map""}"
1.1.0,formula,O007-FREMLIN-V2-S244-FORMULA-0324,O007-FREMLIN-V2-S244,O007-RIGHTS-FREMLIN-DSL,O007-FREMLIN-V2-S244-SEG-244H,324,244H,244H,385,398,12884,12887,13864,13867,u,u,0bfe935e70c321c7ca3afc75ce0d0ca2f98b5422e008bb31c00c6d7f1f1c0ad6,0bfe935e70c321c7ca3afc75ce0d0ca2f98b5422e008bb31c00c6d7f1f1c0ad6,0bfe935e70c321c7ca3afc75ce0d0ca2f98b5422e008bb31c00c6d7f1f1c0ad6,$,,0bfe935e70c321c7ca3afc75ce0d0ca2f98b5422e008bb31c00c6d7f1f1c0ad6,0bfe935e70c321c7ca3afc75ce0d0ca2f98b5422e008bb31c00c6d7f1f1c0ad6,"{""basis"":""ordered nested-math atom; exact symbolic replay"",""kind"":""source-target-formula-map""}"
1.1.0,formula,O007-FREMLIN-V2-S244-FORMULA-0325,O007-FREMLIN-V2-S244,O007-RIGHTS-FREMLIN-DSL,O007-FREMLIN-V2-S244-SEG-244H,325,244H,244H,385,398,12891,12906,13876,13891,f^{\ssbullet},f^{\ssbullet},c88b6704184d07d6ea167268aeb1cf90af08429c76b2a89c8a8a947a903bf504,c88b6704184d07d6ea167268aeb1cf90af08429c76b2a89c8a8a947a903bf504,c88b6704184d07d6ea167268aeb1cf90af08429c76b2a89c8a8a947a903bf504,$,,c88b6704184d07d6ea167268aeb1cf90af08429c76b2a89c8a8a947a903bf504,c88b6704184d07d6ea167268aeb1cf90af08429c76b2a89c8a8a947a903bf504,"{""basis"":""ordered nested-math atom; exact symbolic replay"",""kind"":""source-target-formula-map""}"
1.1.0,formula,O007-FREMLIN-V2-S244-FORMULA-0326,O007-FREMLIN-V2-S244,O007-RIGHTS-FREMLIN-DSL,O007-FREMLIN-V2-S244-SEG-244H,326,244H,244H,386,399,12913,12937,13899,13923,"f:X\to\coint{0,\infty}","f:X\to\coint{0,\infty}",c1b89c1fdd324c00e3d6451ef81c2a848407822e715beddaff1726bde0e8ad99,c1b89c1fdd324c00e3d6451ef81c2a848407822e715beddaff1726bde0e8ad99,c1b89c1fdd324c00e3d6451ef81c2a848407822e715beddaff1726bde0e8ad99,$,,c1b89c1fdd324c00e3d6451ef81c2a848407822e715beddaff1726bde0e8ad99,c1b89c1fdd324c00e3d6451ef81c2a848407822e715beddaff1726bde0e8ad99,"{""basis"":""ordered nested-math atom; exact symbolic replay"",""kind"":""source-target-formula-map""}"
1.1.0,formula,O007-FREMLIN-V2-S244-FORMULA-0327,O007-FREMLIN-V2-S244,O007-RIGHTS-FREMLIN-DSL,O007-FREMLIN-V2-S244-SEG-244H,327,244H,244H,386,400,12970,12984,13955,13969,g:X\to\Bbb R,g:X\to\Bbb R,ae67e09930dfed9786f0602088c85bffce1c1e0aaef972caff1a6a2339955493,ae67e09930dfed9786f0602088c85bffce1c1e0aaef972caff1a6a2339955493,4d26ac84228ca066440b7f110976cbabed7896bf76f2b4b46e99f81082491f9f,$,,4d26ac84228ca066440b7f110976cbabed7896bf76f2b4b46e99f81082491f9f,4d26ac84228ca066440b7f110976cbabed7896bf76f2b4b46e99f81082491f9f,"{""basis"":""ordered nested-math atom; exact symbolic replay"",""kind"":""source-target-formula-map""}"
1.1.0,formula,O007-FREMLIN-V2-S244-FORMULA-0328,O007-FREMLIN-V2-S244,O007-RIGHTS-FREMLIN-DSL,O007-FREMLIN-V2-S244-SEG-244H,328,244H,244H,387,401,13016,13031,14013,14028,0\le g\le f^p,0\le g\le f^p,e2a271a68edc6b43d6a2d128ecaed12dd952810c63fe77c86b10f2cf15bb5c3b,e2a271a68edc6b43d6a2d128ecaed12dd952810c63fe77c86b10f2cf15bb5c3b,e6e983c6a789bfb3881c575f644fdb539495c38c1a64776c78af14c61eca9250,$,,e6e983c6a789bfb3881c575f644fdb539495c38c1a64776c78af14c61eca9250,e6e983c6a789bfb3881c575f644fdb539495c38c1a64776c78af14c61eca9250,"{""basis"":""ordered nested-math atom; exact symbolic replay"",""kind"":""source-target-formula-map""}"
1.1.0,formula,O007-FREMLIN-V2-S244-FORMULA-0329,O007-FREMLIN-V2-S244,O007-RIGHTS-FREMLIN-DSL,O007-FREMLIN-V2-S244-SEG-244H,329,244H,244H,388,401,13036,13066,14033,14063,\int g\ge\int f^p-\epsilon^p,\int g\ge\int f^p-\epsilon^p,d68522ed63fcf58568c809ceb9f0442a5b1b5cf6d74667d95fe418d472a885df,d68522ed63fcf58568c809ceb9f0442a5b1b5cf6d74667d95fe418d472a885df,69fcb3455ee18b64f5ab84e04331bb860149c124113f76126476b98a4349e109,$,,69fcb3455ee18b64f5ab84e04331bb860149c124113f76126476b98a4349e109,69fcb3455ee18b64f5ab84e04331bb860149c124113f76126476b98a4349e109,"{""basis"":""ordered nested-math atom; exact symbolic replay"",""kind"":""source-target-formula-map""}"
1.1.0,formula,O007-FREMLIN-V2-S244-FORMULA-0330,O007-FREMLIN-V2-S244,O007-RIGHTS-FREMLIN-DSL,O007-FREMLIN-V2-S244-SEG-244H,330,244H,244H,388,402,13074,13085,14074,14085,h=g^{1/p},h=g^{1/p},ffef52730b8ffe22540f6df7715ff6481c700f2a0f54dcc52e73edcaa3fa94b3,ffef52730b8ffe22540f6df7715ff6481c700f2a0f54dcc52e73edcaa3fa94b3,ffef52730b8ffe22540f6df7715ff6481c700f2a0f54dcc52e73edcaa3fa94b3,$,,ffef52730b8ffe22540f6df7715ff6481c700f2a0f54dcc52e73edcaa3fa94b3,ffef52730b8ffe22540f6df7715ff6481c700f2a0f54dcc52e73edcaa3fa94b3,"{""basis"":""ordered nested-math atom; exact symbolic replay"",""kind"":""source-target-formula-map""}"
1.1.0,formula,O007-FREMLIN-V2-S244-FORMULA-0331,O007-FREMLIN-V2-S244,O007-RIGHTS-FREMLIN-DSL,O007-FREMLIN-V2-S244-SEG-244H,331,244H,244H,389,402,13092,13095,14092,14095,h,h,aaa9402664f1a41f40ebbc52c9993eb66aeb366602958fdfaa283b71e64db123,aaa9402664f1a41f40ebbc52c9993eb66aeb366602958fdfaa283b71e64db123,aaa9402664f1a41f40ebbc52c9993eb66aeb366602958fdfaa283b71e64db123,$,,aaa9402664f1a41f40ebbc52c9993eb66aeb366602958fdfaa283b71e64db123,aaa9402664f1a41f40ebbc52c9993eb66aeb366602958fdfaa283b71e64db123,"{""basis"":""ordered nested-math atom; exact symbolic replay"",""kind"":""source-target-formula-map""}"
1.1.0,formula,O007-FREMLIN-V2-S244-FORMULA-0332,O007-FREMLIN-V2-S244,O007-RIGHTS-FREMLIN-DSL,O007-FREMLIN-V2-S244-SEG-244H,332,244H,244H,389,402,13121,13129,14123,14131,h\le f,h\le f,f44e93d0f6d82ea3e6651110df40c56252973d7fb6664c83f348bf94658c2d31,f44e93d0f6d82ea3e6651110df40c56252973d7fb6664c83f348bf94658c2d31,b6e6b221247faf17ef7bfbe1fea9df9a1f09afb01966706d78def6b32b76b8da,$,,b6e6b221247faf17ef7bfbe1fea9df9a1f09afb01966706d78def6b32b76b8da,b6e6b221247faf17ef7bfbe1fea9df9a1f09afb01966706d78def6b32b76b8da,"{""basis"":""ordered nested-math atom; exact symbolic replay"",""kind"":""source-target-formula-map""}"
1.1.0,formula,O007-FREMLIN-V2-S244-FORMULA-0333,O007-FREMLIN-V2-S244,O007-RIGHTS-FREMLIN-DSL,O007-FREMLIN-V2-S244-SEG-244H,333,244H,244H,389,402,13141,13146,14140,14145,p>1,p>1,6853ef20ce5ae30dcc980dbd0f44a89e89a2a53333c24ec52926c908ee35da62,6853ef20ce5ae30dcc980dbd0f44a89e89a2a53333c24ec52926c908ee35da62,6853ef20ce5ae30dcc980dbd0f44a89e89a2a53333c24ec52926c908ee35da62,$,,6853ef20ce5ae30dcc980dbd0f44a89e89a2a53333c24ec52926c908ee35da62,6853ef20ce5ae30dcc980dbd0f44a89e89a2a53333c24ec52926c908ee35da62,"{""basis"":""ordered nested-math atom; exact symbolic replay"",""kind"":""source-target-formula-map""}"
1.1.0,formula,O007-FREMLIN-V2-S244-FORMULA-0334,O007-FREMLIN-V2-S244,O007-RIGHTS-FREMLIN-DSL,O007-FREMLIN-V2-S244-SEG-244H,334,244H,244H,390,403,13148,13168,14147,14167,(f-h)^p+h^p\le f^p,(f-h)^p+h^p\le f^p,6b3f7bef09925303d7e69249cda23b1fe928796008a6856322b9b7f291e7b9c4,6b3f7bef09925303d7e69249cda23b1fe928796008a6856322b9b7f291e7b9c4,d25b229a06b042231bf2edcba65c778a2033b29700cd4822e8be9c4165dc3ac8,$,,d25b229a06b042231bf2edcba65c778a2033b29700cd4822e8be9c4165dc3ac8,d25b229a06b042231bf2edcba65c778a2033b29700cd4822e8be9c4165dc3ac8,"{""basis"":""ordered nested-math atom; exact symbolic replay"",""kind"":""source-target-formula-map""}"
1.1.0,formula,O007-FREMLIN-V2-S244-FORMULA-0335,O007-FREMLIN-V2-S244,O007-RIGHTS-FREMLIN-DSL,O007-FREMLIN-V2-S244-SEG-244H,335,244H,244H,392,405,13186,13226,14185,14225,\int(f-h)^p\le \int f^p-g\le\epsilon^p,\int(f-h)^p\le \int f^p-g\le\epsilon^p,896d2799733111c344dab860beea2c3f62bc865531b2487665e963acfbd3bdc1,896d2799733111c344dab860beea2c3f62bc865531b2487665e963acfbd3bdc1,78407b22fdf56b49b5dff7270f12b6f5e918839cfb2865dcf970a12865cd3ddd,$,,78407b22fdf56b49b5dff7270f12b6f5e918839cfb2865dcf970a12865cd3ddd,78407b22fdf56b49b5dff7270f12b6f5e918839cfb2865dcf970a12865cd3ddd,"{""basis"":""ordered nested-math atom; exact symbolic replay"",""kind"":""source-target-formula-map""}"
1.1.0,formula,O007-FREMLIN-V2-S244-FORMULA-0336,O007-FREMLIN-V2-S244,O007-RIGHTS-FREMLIN-DSL,O007-FREMLIN-V2-S244-SEG-244H,336,244H,244H,396,409,13256,13311,14261,14316,"\|u-h^{\ssbullet}\|_p
=(\int|f-h|^p)^{1/p}\le\epsilon","\|u-h^{\ssbullet}\|_p
=(\int|f-h|^p)^{1/p}\le\epsilon",09c260f0b0984b5e92c4136d3b4d98d4ff93f858e1cbe9b2ac3658628765ad12,09c260f0b0984b5e92c4136d3b4d98d4ff93f858e1cbe9b2ac3658628765ad12,ec4fde21564d3bf17335ed33a888a0bd3e37803c451f642bae84e668c05ae075,$,,ec4fde21564d3bf17335ed33a888a0bd3e37803c451f642bae84e668c05ae075,ec4fde21564d3bf17335ed33a888a0bd3e37803c451f642bae84e668c05ae075,"{""basis"":""ordered nested-math atom; exact symbolic replay"",""kind"":""source-target-formula-map""}"
1.1.0,formula,O007-FREMLIN-V2-S244-FORMULA-0337,O007-FREMLIN-V2-S244,O007-RIGHTS-FREMLIN-DSL,O007-FREMLIN-V2-S244-SEG-244H,337,244H,244H,399,412,13331,13351,14340,14360,h^{\ssbullet}\in S,h^{\ssbullet}\in S,dafb12bdd80440442439b680cbd0a68f59b303ac1e32918f18f75a8b17d95377,dafb12bdd80440442439b680cbd0a68f59b303ac1e32918f18f75a8b17d95377,4185bf6ec322f004d8935c9c6ff272ab337019f42801b56afe0405b5beb282ae,$,,4185bf6ec322f004d8935c9c6ff272ab337019f42801b56afe0405b5beb282ae,4185bf6ec322f004d8935c9c6ff272ab337019f42801b56afe0405b5beb282ae,"{""basis"":""ordered nested-math atom; exact symbolic replay"",""kind"":""source-target-formula-map""}"
1.1.0,formula,O007-FREMLIN-V2-S244-FORMULA-0338,O007-FREMLIN-V2-S244,O007-RIGHTS-FREMLIN-DSL,O007-FREMLIN-V2-S244-SEG-244H,338,244H,244H,403,416,13392,13402,14395,14405,u\in L^p,u\in L^p,4469d02546c5a3713a6e8c8ca3450f7e0668cbbf9feecd60e8edc8273374d732,4469d02546c5a3713a6e8c8ca3450f7e0668cbbf9feecd60e8edc8273374d732,83d058857d4c97bd6f1fedebc4dcdd11ca86543e060bf49873ecc26aa8e274c1,$,,83d058857d4c97bd6f1fedebc4dcdd11ca86543e060bf49873ecc26aa8e274c1,83d058857d4c97bd6f1fedebc4dcdd11ca86543e060bf49873ecc26aa8e274c1,"{""basis"":""ordered nested-math atom; exact symbolic replay"",""kind"":""source-target-formula-map""}"
1.1.0,formula,O007-FREMLIN-V2-S244-FORMULA-0339,O007-FREMLIN-V2-S244,O007-RIGHTS-FREMLIN-DSL,O007-FREMLIN-V2-S244-SEG-244H,339,244H,244H,403,416,13404,13416,14415,14427,\epsilon>0,\epsilon>0,4c7785f41b6ba845fbf6fe3db625563505eedd141a7e6a016df047b5d14c0cc7,4c7785f41b6ba845fbf6fe3db625563505eedd141a7e6a016df047b5d14c0cc7,4c7785f41b6ba845fbf6fe3db625563505eedd141a7e6a016df047b5d14c0cc7,$,,4c7785f41b6ba845fbf6fe3db625563505eedd141a7e6a016df047b5d14c0cc7,4c7785f41b6ba845fbf6fe3db625563505eedd141a7e6a016df047b5d14c0cc7,"{""basis"":""ordered nested-math atom; exact symbolic replay"",""kind"":""source-target-formula-map""}"
1.1.0,formula,O007-FREMLIN-V2-S244-FORMULA-0340,O007-FREMLIN-V2-S244,O007-RIGHTS-FREMLIN-DSL,O007-FREMLIN-V2-S244-SEG-244H,340,244H,244H,403,416,13418,13421,14429,14432,u,u,0bfe935e70c321c7ca3afc75ce0d0ca2f98b5422e008bb31c00c6d7f1f1c0ad6,0bfe935e70c321c7ca3afc75ce0d0ca2f98b5422e008bb31c00c6d7f1f1c0ad6,0bfe935e70c321c7ca3afc75ce0d0ca2f98b5422e008bb31c00c6d7f1f1c0ad6,$,,0bfe935e70c321c7ca3afc75ce0d0ca2f98b5422e008bb31c00c6d7f1f1c0ad6,0bfe935e70c321c7ca3afc75ce0d0ca2f98b5422e008bb31c00c6d7f1f1c0ad6,"{""basis"":""ordered nested-math atom; exact symbolic replay"",""kind"":""source-target-formula-map""}"
1.1.0,formula,O007-FREMLIN-V2-S244-FORMULA-0341,O007-FREMLIN-V2-S244,O007-RIGHTS-FREMLIN-DSL,O007-FREMLIN-V2-S244-SEG-244H,341,244H,244H,405,417,13442,13451,14458,14467,u^+-u^-,u^+-u^-,c69be5e799f4cb4ec54c6e55a5455f544adfbad989e6d36ea08ae62b46225a25,c69be5e799f4cb4ec54c6e55a5455f544adfbad989e6d36ea08ae62b46225a25,c69be5e799f4cb4ec54c6e55a5455f544adfbad989e6d36ea08ae62b46225a25,$,,c69be5e799f4cb4ec54c6e55a5455f544adfbad989e6d36ea08ae62b46225a25,c69be5e799f4cb4ec54c6e55a5455f544adfbad989e6d36ea08ae62b46225a25,"{""basis"":""ordered nested-math atom; exact symbolic replay"",""kind"":""source-target-formula-map""}"
1.1.0,formula,O007-FREMLIN-V2-S244-FORMULA-0342,O007-FREMLIN-V2-S244,O007-RIGHTS-FREMLIN-DSL,O007-FREMLIN-V2-S244-SEG-244H,342,244H,244H,405,417,13458,13471,14476,14489,u^+=u\vee 0,u^+=u\vee 0,756409e92a552c0e9288e387a73e0da24e8bf3062f66314d31f8b7c64f59a56c,756409e92a552c0e9288e387a73e0da24e8bf3062f66314d31f8b7c64f59a56c,ea63d901f49e5525d9e2fe476506b03c2a3fa88ac9883310b162a373d0548af1,$,,ea63d901f49e5525d9e2fe476506b03c2a3fa88ac9883310b162a373d0548af1,ea63d901f49e5525d9e2fe476506b03c2a3fa88ac9883310b162a373d0548af1,"{""basis"":""ordered nested-math atom; exact symbolic replay"",""kind"":""source-target-formula-map""}"
1.1.0,formula,O007-FREMLIN-V2-S244-FORMULA-0343,O007-FREMLIN-V2-S244,O007-RIGHTS-FREMLIN-DSL,O007-FREMLIN-V2-S244-SEG-244H,343,244H,244H,405,418,13473,13489,14491,14507,u^-=(-u)\vee 0,u^-=(-u)\vee 0,778321fa50bcbf7e5015f6fe784e39a9a5e1db119ab79c61db3d3161df3e6147,778321fa50bcbf7e5015f6fe784e39a9a5e1db119ab79c61db3d3161df3e6147,9497db25504fa3c40e6d1990a173f9023fc0c251bf37d55d9d7d8da33e42a6c6,$,,9497db25504fa3c40e6d1990a173f9023fc0c251bf37d55d9d7d8da33e42a6c6,9497db25504fa3c40e6d1990a173f9023fc0c251bf37d55d9d7d8da33e42a6c6,"{""basis"":""ordered nested-math atom; exact symbolic replay"",""kind"":""source-target-formula-map""}"
1.1.0,formula,O007-FREMLIN-V2-S244-FORMULA-0344,O007-FREMLIN-V2-S244,O007-RIGHTS-FREMLIN-DSL,O007-FREMLIN-V2-S244-SEG-244H,344,244H,244H,405,418,13500,13505,14523,14528,L^p,L^p,0de1bee007df208a54c85a6cf3aa6c06e2a922620965a43478a0496c27e05aa0,0de1bee007df208a54c85a6cf3aa6c06e2a922620965a43478a0496c27e05aa0,0de1bee007df208a54c85a6cf3aa6c06e2a922620965a43478a0496c27e05aa0,$,,0de1bee007df208a54c85a6cf3aa6c06e2a922620965a43478a0496c27e05aa0,0de1bee007df208a54c85a6cf3aa6c06e2a922620965a43478a0496c27e05aa0,"{""basis"":""ordered nested-math atom; exact symbolic replay"",""kind"":""source-target-formula-map""}"
1.1.0,formula,O007-FREMLIN-V2-S244-FORMULA-0345,O007-FREMLIN-V2-S244,O007-RIGHTS-FREMLIN-DSL,O007-FREMLIN-V2-S244-SEG-244H,345,244H,244H,406,419,13550,13555,14579,14584,v_1,v_1,3565225c19d3bc5255ea3e05a9cf4c4a30f4c522867bda2401a3d7709c0414a7,3565225c19d3bc5255ea3e05a9cf4c4a30f4c522867bda2401a3d7709c0414a7,3565225c19d3bc5255ea3e05a9cf4c4a30f4c522867bda2401a3d7709c0414a7,$,,3565225c19d3bc5255ea3e05a9cf4c4a30f4c522867bda2401a3d7709c0414a7,3565225c19d3bc5255ea3e05a9cf4c4a30f4c522867bda2401a3d7709c0414a7,"{""basis"":""ordered nested-math atom; exact symbolic replay"",""kind"":""source-target-formula-map""}"
1.1.0,formula,O007-FREMLIN-V2-S244-FORMULA-0346,O007-FREMLIN-V2-S244,O007-RIGHTS-FREMLIN-DSL,O007-FREMLIN-V2-S244-SEG-244H,346,244H,244H,406,419,13557,13567,14586,14596,v_2\in S,v_2\in S,7e7a151d66fc92d09b6b606362dcd843acbf35fa3ced9461d15e5b1ace8e3b2b,7e7a151d66fc92d09b6b606362dcd843acbf35fa3ced9461d15e5b1ace8e3b2b,d2149ec3548425d475d026a5cad5606ebedcb6251faab7cb37cde70ef3903bb0,$,,d2149ec3548425d475d026a5cad5606ebedcb6251faab7cb37cde70ef3903bb0,d2149ec3548425d475d026a5cad5606ebedcb6251faab7cb37cde70ef3903bb0,"{""basis"":""ordered nested-math atom; exact symbolic replay"",""kind"":""source-target-formula-map""}"
1.1.0,formula,O007-FREMLIN-V2-S244-FORMULA-0347,O007-FREMLIN-V2-S244,O007-RIGHTS-FREMLIN-DSL,O007-FREMLIN-V2-S244-SEG-244H,347,244H,244H,407,420,13578,13612,14617,14651,\|u^+-v_1\|_p\le\bover12\epsilon,\|u^+-v_1\|_p\le\bover12\epsilon,cb1ef9fd0fa011e1784aac5341430fde94aa956a2a36f759f18cee29db040bd5,cb1ef9fd0fa011e1784aac5341430fde94aa956a2a36f759f18cee29db040bd5,cb1ef9fd0fa011e1784aac5341430fde94aa956a2a36f759f18cee29db040bd5,$,,cb1ef9fd0fa011e1784aac5341430fde94aa956a2a36f759f18cee29db040bd5,cb1ef9fd0fa011e1784aac5341430fde94aa956a2a36f759f18cee29db040bd5,"{""basis"":""ordered nested-math atom; exact symbolic replay"",""kind"":""source-target-formula-map""}"
1.1.0,formula,O007-FREMLIN-V2-S244-FORMULA-0348,O007-FREMLIN-V2-S244,O007-RIGHTS-FREMLIN-DSL,O007-FREMLIN-V2-S244-SEG-244H,348,244H,244H,407,421,13617,13651,14656,14690,\|u^--v_2\|_p\le\bover12\epsilon,\|u^--v_2\|_p\le\bover12\epsilon,f0948dc3603966d0dbdbfcd02f15770d6de3c9887c404f0e897ac662dbe6efc9,f0948dc3603966d0dbdbfcd02f15770d6de3c9887c404f0e897ac662dbe6efc9,f0948dc3603966d0dbdbfcd02f15770d6de3c9887c404f0e897ac662dbe6efc9,$,,f0948dc3603966d0dbdbfcd02f15770d6de3c9887c404f0e897ac662dbe6efc9,f0948dc3603966d0dbdbfcd02f15770d6de3c9887c404f0e897ac662dbe6efc9,"{""basis"":""ordered nested-math atom; exact symbolic replay"",""kind"":""source-target-formula-map""}"
1.1.0,formula,O007-FREMLIN-V2-S244-FORMULA-0349,O007-FREMLIN-V2-S244,O007-RIGHTS-FREMLIN-DSL,O007-FREMLIN-V2-S244-SEG-244H,349,244H,244H,408,421,13661,13677,14701,14717,v=v_1-v_2\in S,v=v_1-v_2\in S,045e40a960687edfa4433d07938b0b5bc20563601d774bf2526616a34b2aa98a,045e40a960687edfa4433d07938b0b5bc20563601d774bf2526616a34b2aa98a,082ce9b71e7f577bfd7c4bdda920a747485af7dedfcfbd54d6fdaf5c7adb5359,$,,082ce9b71e7f577bfd7c4bdda920a747485af7dedfcfbd54d6fdaf5c7adb5359,082ce9b71e7f577bfd7c4bdda920a747485af7dedfcfbd54d6fdaf5c7adb5359,"{""basis"":""ordered nested-math atom; exact symbolic replay"",""kind"":""source-target-formula-map""}"
1.1.0,formula,O007-FREMLIN-V2-S244-FORMULA-0350,O007-FREMLIN-V2-S244,O007-RIGHTS-FREMLIN-DSL,O007-FREMLIN-V2-S244-SEG-244H,350,244H,244H,408,422,13682,13704,14722,14744,\|u-v\|_p\le\epsilon,\|u-v\|_p\le\epsilon,fccb7fa8bb530f0947dfa379dbc5abc176f62cf847aed47eedbe8c474b4febdf,fccb7fa8bb530f0947dfa379dbc5abc176f62cf847aed47eedbe8c474b4febdf,fccb7fa8bb530f0947dfa379dbc5abc176f62cf847aed47eedbe8c474b4febdf,$,,fccb7fa8bb530f0947dfa379dbc5abc176f62cf847aed47eedbe8c474b4febdf,fccb7fa8bb530f0947dfa379dbc5abc176f62cf847aed47eedbe8c474b4febdf,"{""basis"":""ordered nested-math atom; exact symbolic replay"",""kind"":""source-target-formula-map""}"
1.1.0,formula,O007-FREMLIN-V2-S244-FORMULA-0351,O007-FREMLIN-V2-S244,O007-RIGHTS-FREMLIN-DSL,O007-FREMLIN-V2-S244-SEG-244H,351,244H,244H,408,422,13711,13714,14753,14756,u,u,0bfe935e70c321c7ca3afc75ce0d0ca2f98b5422e008bb31c00c6d7f1f1c0ad6,0bfe935e70c321c7ca3afc75ce0d0ca2f98b5422e008bb31c00c6d7f1f1c0ad6,0bfe935e70c321c7ca3afc75ce0d0ca2f98b5422e008bb31c00c6d7f1f1c0ad6,$,,0bfe935e70c321c7ca3afc75ce0d0ca2f98b5422e008bb31c00c6d7f1f1c0ad6,0bfe935e70c321c7ca3afc75ce0d0ca2f98b5422e008bb31c00c6d7f1f1c0ad6,"{""basis"":""ordered nested-math atom; exact symbolic replay"",""kind"":""source-target-formula-map""}"
1.1.0,formula,O007-FREMLIN-V2-S244-FORMULA-0352,O007-FREMLIN-V2-S244,O007-RIGHTS-FREMLIN-DSL,O007-FREMLIN-V2-S244-SEG-244H,352,244H,244H,409,422,13719,13729,14761,14771,\epsilon,\epsilon,8bc4bfc2bdebfaac14a98cde1deb3cf75202e7908905efb95c939c0481951f77,8bc4bfc2bdebfaac14a98cde1deb3cf75202e7908905efb95c939c0481951f77,8bc4bfc2bdebfaac14a98cde1deb3cf75202e7908905efb95c939c0481951f77,$,,8bc4bfc2bdebfaac14a98cde1deb3cf75202e7908905efb95c939c0481951f77,8bc4bfc2bdebfaac14a98cde1deb3cf75202e7908905efb95c939c0481951f77,"{""basis"":""ordered nested-math atom; exact symbolic replay"",""kind"":""source-target-formula-map""}"
1.1.0,formula,O007-FREMLIN-V2-S244-FORMULA-0353,O007-FREMLIN-V2-S244,O007-RIGHTS-FREMLIN-DSL,O007-FREMLIN-V2-S244-SEG-244H,353,244H,244H,409,422,13745,13748,14783,14786,S,S,8de0b3c47f112c59745f717a626932264c422a7563954872e237b223af4ad643,8de0b3c47f112c59745f717a626932264c422a7563954872e237b223af4ad643,8de0b3c47f112c59745f717a626932264c422a7563954872e237b223af4ad643,$,,8de0b3c47f112c59745f717a626932264c422a7563954872e237b223af4ad643,8de0b3c47f112c59745f717a626932264c422a7563954872e237b223af4ad643,"{""basis"":""ordered nested-math atom; exact symbolic replay"",""kind"":""source-target-formula-map""}"
1.1.0,formula,O007-FREMLIN-V2-S244-FORMULA-0354,O007-FREMLIN-V2-S244,O007-RIGHTS-FREMLIN-DSL,O007-FREMLIN-V2-S244-SEG-244H,354,244H,244H,415,428,13951,13956,15003,15008,f_1,f_1,0e4763978622e1872f63b216146734bdd28d2ddbd4ffcd82bb62e4602b3dd1a1,0e4763978622e1872f63b216146734bdd28d2ddbd4ffcd82bb62e4602b3dd1a1,0e4763978622e1872f63b216146734bdd28d2ddbd4ffcd82bb62e4602b3dd1a1,$,,0e4763978622e1872f63b216146734bdd28d2ddbd4ffcd82bb62e4602b3dd1a1,0e4763978622e1872f63b216146734bdd28d2ddbd4ffcd82bb62e4602b3dd1a1,"{""basis"":""ordered nested-math atom; exact symbolic replay"",""kind"":""source-target-formula-map""}"
1.1.0,formula,O007-FREMLIN-V2-S244-FORMULA-0355,O007-FREMLIN-V2-S244,O007-RIGHTS-FREMLIN-DSL,O007-FREMLIN-V2-S244-SEG-244H,355,244H,244H,416,429,13958,13980,15010,15032,f_2\in\eusm L^p(\mu),f_2\in\eusm L^p(\mu),e401a9d40adbf574ba1a90aeded24f91a85484054219b819b405838ff4a4bf74,e401a9d40adbf574ba1a90aeded24f91a85484054219b819b405838ff4a4bf74,4b635b6ed2baa723e799c2c7387f8ff80af6948d85c71334e880707e3a1c03ec,$,,4b635b6ed2baa723e799c2c7387f8ff80af6948d85c71334e880707e3a1c03ec,4b635b6ed2baa723e799c2c7387f8ff80af6948d85c71334e880707e3a1c03ec,"{""basis"":""ordered nested-math atom; exact symbolic replay"",""kind"":""source-target-formula-map""}"
1.1.0,formula,O007-FREMLIN-V2-S244-FORMULA-0356,O007-FREMLIN-V2-S244,O007-RIGHTS-FREMLIN-DSL,O007-FREMLIN-V2-S244-SEG-244H,356,244H,244H,417,429,13985,14011,15037,15063,\int|f_1|^p\le\epsilon^p,\int|f_1|^p\le\epsilon^p,d8ebf907f62a6f4e7e361da5acd73fbef8ddeedef48656c3e788cd7817c43bdc,d8ebf907f62a6f4e7e361da5acd73fbef8ddeedef48656c3e788cd7817c43bdc,d8ebf907f62a6f4e7e361da5acd73fbef8ddeedef48656c3e788cd7817c43bdc,$,,d8ebf907f62a6f4e7e361da5acd73fbef8ddeedef48656c3e788cd7817c43bdc,d8ebf907f62a6f4e7e361da5acd73fbef8ddeedef48656c3e788cd7817c43bdc,"{""basis"":""ordered nested-math atom; exact symbolic replay"",""kind"":""source-target-formula-map""}"
1.1.0,formula,O007-FREMLIN-V2-S244-FORMULA-0357,O007-FREMLIN-V2-S244,O007-RIGHTS-FREMLIN-DSL,O007-FREMLIN-V2-S244-SEG-244H,357,244H,244H,417,430,14013,14037,15065,15089,\int|f_2|^p\le\delta^p,\int|f_2|^p\le\delta^p,c80c6b5a19744d9d91f060cb385387651e1be033e71ace0779dd652fd711e8f1,c80c6b5a19744d9d91f060cb385387651e1be033e71ace0779dd652fd711e8f1,c80c6b5a19744d9d91f060cb385387651e1be033e71ace0779dd652fd711e8f1,$,,c80c6b5a19744d9d91f060cb385387651e1be033e71ace0779dd652fd711e8f1,c80c6b5a19744d9d91f060cb385387651e1be033e71ace0779dd652fd711e8f1,"{""basis"":""ordered nested-math atom; exact symbolic replay"",""kind"":""source-target-formula-map""}"
1.1.0,formula,O007-FREMLIN-V2-S244-FORMULA-0358,O007-FREMLIN-V2-S244,O007-RIGHTS-FREMLIN-DSL,O007-FREMLIN-V2-S244-SEG-244H,358,244H,244H,417,430,14045,14055,15098,15108,\epsilon,\epsilon,8bc4bfc2bdebfaac14a98cde1deb3cf75202e7908905efb95c939c0481951f77,8bc4bfc2bdebfaac14a98cde1deb3cf75202e7908905efb95c939c0481951f77,8bc4bfc2bdebfaac14a98cde1deb3cf75202e7908905efb95c939c0481951f77,$,,8bc4bfc2bdebfaac14a98cde1deb3cf75202e7908905efb95c939c0481951f77,8bc4bfc2bdebfaac14a98cde1deb3cf75202e7908905efb95c939c0481951f77,"{""basis"":""ordered nested-math atom; exact symbolic replay"",""kind"":""source-target-formula-map""}"
1.1.0,formula,O007-FREMLIN-V2-S244-FORMULA-0359,O007-FREMLIN-V2-S244,O007-RIGHTS-FREMLIN-DSL,O007-FREMLIN-V2-S244-SEG-244H,359,244H,244H,418,430,14057,14070,15110,15123,\delta\ge 0,\delta\ge 0,1cf3d55cc0d1dc4e804e1e6142010d589d799934b1a66fa82d2a513e6075485b,1cf3d55cc0d1dc4e804e1e6142010d589d799934b1a66fa82d2a513e6075485b,5b3d021066e2edb92ef85f9aff3f8e0620ae59194ec3069c393b375ab19c37e5,$,,5b3d021066e2edb92ef85f9aff3f8e0620ae59194ec3069c393b375ab19c37e5,5b3d021066e2edb92ef85f9aff3f8e0620ae59194ec3069c393b375ab19c37e5,"{""basis"":""ordered nested-math atom; exact symbolic replay"",""kind"":""source-target-formula-map""}"
1.1.0,formula,O007-FREMLIN-V2-S244-FORMULA-0360,O007-FREMLIN-V2-S244,O007-RIGHTS-FREMLIN-DSL,O007-FREMLIN-V2-S244-SEG-244H,360,244H,244H,418,431,14078,14117,15131,15170,\int|f_1+f_2|^p\le(\epsilon+\delta)^p,\int|f_1+f_2|^p\le(\epsilon+\delta)^p,9344ac4b5797307e9fb3e391ab8e4d8c3530557410b94060bd64cad6ae50bf9f,9344ac4b5797307e9fb3e391ab8e4d8c3530557410b94060bd64cad6ae50bf9f,9344ac4b5797307e9fb3e391ab8e4d8c3530557410b94060bd64cad6ae50bf9f,$,,9344ac4b5797307e9fb3e391ab8e4d8c3530557410b94060bd64cad6ae50bf9f,9344ac4b5797307e9fb3e391ab8e4d8c3530557410b94060bd64cad6ae50bf9f,"{""basis"":""ordered nested-math atom; exact symbolic replay"",""kind"":""source-target-formula-map""}"
1.1.0,formula,O007-FREMLIN-V2-S244-FORMULA-0361,O007-FREMLIN-V2-S244,O007-RIGHTS-FREMLIN-DSL,O007-FREMLIN-V2-S244-SEG-244H,361,244H,244H,419,432,14161,14171,15215,15225,"\|\,\|_p","\|\,\|_p",c8fa669e940d4d6ba37ec24bdc68193ad46c15f02e32977a6dce74241dc029f4,c8fa669e940d4d6ba37ec24bdc68193ad46c15f02e32977a6dce74241dc029f4,c8fa669e940d4d6ba37ec24bdc68193ad46c15f02e32977a6dce74241dc029f4,$,,c8fa669e940d4d6ba37ec24bdc68193ad46c15f02e32977a6dce74241dc029f4,c8fa669e940d4d6ba37ec24bdc68193ad46c15f02e32977a6dce74241dc029f4,"{""basis"":""ordered nested-math atom; exact symbolic replay"",""kind"":""source-target-formula-map""}"
1.1.0,formula,O007-FREMLIN-V2-S244-FORMULA-0362,O007-FREMLIN-V2-S244,O007-RIGHTS-FREMLIN-DSL,O007-FREMLIN-V2-S244-SEG-244H,362,244H,244H,421,434,14251,14279,15311,15339,\int_X|f-g|^p\le\epsilon^p,\int_X|f-g|^p\le\epsilon^p,0dd4cb67188e625972cbce612786b4e49aeeba8b96fc06aee06d53bf5c913595,0dd4cb67188e625972cbce612786b4e49aeeba8b96fc06aee06d53bf5c913595,0dd4cb67188e625972cbce612786b4e49aeeba8b96fc06aee06d53bf5c913595,$,,0dd4cb67188e625972cbce612786b4e49aeeba8b96fc06aee06d53bf5c913595,0dd4cb67188e625972cbce612786b4e49aeeba8b96fc06aee06d53bf5c913595,"{""basis"":""ordered nested-math atom; exact symbolic replay"",""kind"":""source-target-formula-map""}"
1.1.0,formula,O007-FREMLIN-V2-S244-FORMULA-0363,O007-FREMLIN-V2-S244,O007-RIGHTS-FREMLIN-DSL,O007-FREMLIN-V2-S244-SEG-244H,363,244H,244H,421,434,14283,14311,15343,15371,\int_X|f-g|^p\le\epsilon^p,\int_X|f-h|^p\le\epsilon^p,0dd4cb67188e625972cbce612786b4e49aeeba8b96fc06aee06d53bf5c913595,99442ac460e51f961847a761b009e2ffd3b200bbfd1ea116021ce6b8a440763c,99442ac460e51f961847a761b009e2ffd3b200bbfd1ea116021ce6b8a440763c,$,"[""O007-CORR-0127""]",0dd4cb67188e625972cbce612786b4e49aeeba8b96fc06aee06d53bf5c913595,99442ac460e51f961847a761b009e2ffd3b200bbfd1ea116021ce6b8a440763c,"{""basis"":""ordered nested-math atom; ledgered source correction"",""kind"":""source-target-formula-map""}"
1.1.0,formula,O007-FREMLIN-V2-S244-FORMULA-0364,O007-FREMLIN-V2-S244,O007-RIGHTS-FREMLIN-DSL,O007-FREMLIN-V2-S244-SEG-244H,364,244H,244H,427,440,14438,14456,15516,15534,f=\chi I\restr X,f=\chi I\restr X,b85595153421df608533543843ceedb93bbc4a05333495a6a91b7116cdf7b74c,b85595153421df608533543843ceedb93bbc4a05333495a6a91b7116cdf7b74c,44258e4d2cba36372299e5f502adc979309842c5ba0927e2a15eba5761ef1809,$,,44258e4d2cba36372299e5f502adc979309842c5ba0927e2a15eba5761ef1809,44258e4d2cba36372299e5f502adc979309842c5ba0927e2a15eba5761ef1809,"{""basis"":""ordered nested-math atom; exact symbolic replay"",""kind"":""source-target-formula-map""}"
1.1.0,formula,O007-FREMLIN-V2-S244-FORMULA-0365,O007-FREMLIN-V2-S244,O007-RIGHTS-FREMLIN-DSL,O007-FREMLIN-V2-S244-SEG-244H,365,244H,244H,428,441,14463,14482,15542,15561,I\subseteq\BbbR^r,I\subseteq\BbbR^r,1fe214a9431913b70811a786a7ad5e2ba3e1ec223622f7a1e85105afc12e79e2,1fe214a9431913b70811a786a7ad5e2ba3e1ec223622f7a1e85105afc12e79e2,1fe214a9431913b70811a786a7ad5e2ba3e1ec223622f7a1e85105afc12e79e2,$,,1fe214a9431913b70811a786a7ad5e2ba3e1ec223622f7a1e85105afc12e79e2,1fe214a9431913b70811a786a7ad5e2ba3e1ec223622f7a1e85105afc12e79e2,"{""basis"":""ordered nested-math atom; exact symbolic replay"",""kind"":""source-target-formula-map""}"
1.1.0,formula,O007-FREMLIN-V2-S244-FORMULA-0366,O007-FREMLIN-V2-S244,O007-RIGHTS-FREMLIN-DSL,O007-FREMLIN-V2-S244-SEG-244H,366,244H,244H,429,442,14538,14548,15651,15661,h=\chi I,h=\chi I,89d8bf34af82db655aa20f66f581120a4f08c89924152416fe665938d525fec2,89d8bf34af82db655aa20f66f581120a4f08c89924152416fe665938d525fec2,3b5b100df1f7ce0f87fc7e8d82a5f982a0efce5685ce308b58f3338bd36be00f,$,,3b5b100df1f7ce0f87fc7e8d82a5f982a0efce5685ce308b58f3338bd36be00f,3b5b100df1f7ce0f87fc7e8d82a5f982a0efce5685ce308b58f3338bd36be00f,"{""basis"":""ordered nested-math atom; exact symbolic replay"",""kind"":""source-target-formula-map""}"
1.1.0,formula,O007-FREMLIN-V2-S244-FORMULA-0367,O007-FREMLIN-V2-S244,O007-RIGHTS-FREMLIN-DSL,O007-FREMLIN-V2-S244-SEG-244H,367,244H,244H,429,443,14557,14574,15677,15694,\int_X|f-h|^p=0,\int_X|f-h|^p=0,7007cb03aa5452710baf1f01609037aa52035a198ffa8922f3e6e8befc6bbfe9,7007cb03aa5452710baf1f01609037aa52035a198ffa8922f3e6e8befc6bbfe9,7007cb03aa5452710baf1f01609037aa52035a198ffa8922f3e6e8befc6bbfe9,$,,7007cb03aa5452710baf1f01609037aa52035a198ffa8922f3e6e8befc6bbfe9,7007cb03aa5452710baf1f01609037aa52035a198ffa8922f3e6e8befc6bbfe9,"{""basis"":""ordered nested-math atom; exact symbolic replay"",""kind"":""source-target-formula-map""}"
1.1.0,formula,O007-FREMLIN-V2-S244-FORMULA-0368,O007-FREMLIN-V2-S244,O007-RIGHTS-FREMLIN-DSL,O007-FREMLIN-V2-S244-SEG-244H,368,244H,244H,430,444,14633,14636,15766,15769,J,J,6da43b944e494e885e69af021f93c6d9331c78aa228084711429160a5bbd15b5,6da43b944e494e885e69af021f93c6d9331c78aa228084711429160a5bbd15b5,6da43b944e494e885e69af021f93c6d9331c78aa228084711429160a5bbd15b5,$,,6da43b944e494e885e69af021f93c6d9331c78aa228084711429160a5bbd15b5,6da43b944e494e885e69af021f93c6d9331c78aa228084711429160a5bbd15b5,"{""basis"":""ordered nested-math atom; exact symbolic replay"",""kind"":""source-target-formula-map""}"
1.1.0,formula,O007-FREMLIN-V2-S244-FORMULA-0369,O007-FREMLIN-V2-S244,O007-RIGHTS-FREMLIN-DSL,O007-FREMLIN-V2-S244-SEG-244H,369,244H,244H,431,444,14652,14662,15787,15797,g\in C_k,g\in C_k,ff02ba84c6d75e2392a2cb1d76653acdda5cd82e00d8792b988a3fc88258ebc4,ff02ba84c6d75e2392a2cb1d76653acdda5cd82e00d8792b988a3fc88258ebc4,f21d1ea81075cca234b90b6ee63f462ad7d2c4ee175f05eba33ec8f4a078a1c4,$,,f21d1ea81075cca234b90b6ee63f462ad7d2c4ee175f05eba33ec8f4a078a1c4,f21d1ea81075cca234b90b6ee63f462ad7d2c4ee175f05eba33ec8f4a078a1c4,"{""basis"":""ordered nested-math atom; exact symbolic replay"",""kind"":""source-target-formula-map""}"
1.1.0,formula,O007-FREMLIN-V2-S244-FORMULA-0370,O007-FREMLIN-V2-S244,O007-RIGHTS-FREMLIN-DSL,O007-FREMLIN-V2-S244-SEG-244H,370,244H,244H,432,445,14673,14696,15818,15841,\chi I\le g\le \chi J,\chi I\le g\le \chi J,68289ee8a2477c79cd4ea8167b5dea84e1576e735800964b9f5380eb97c3bb73,68289ee8a2477c79cd4ea8167b5dea84e1576e735800964b9f5380eb97c3bb73,4e72d88fe6b0ffe97d618117aaad37e896bcb79a84fb8acbe0ba147a04d16a8b,$,,4e72d88fe6b0ffe97d618117aaad37e896bcb79a84fb8acbe0ba147a04d16a8b,4e72d88fe6b0ffe97d618117aaad37e896bcb79a84fb8acbe0ba147a04d16a8b,"{""basis"":""ordered nested-math atom; exact symbolic replay"",""kind"":""source-target-formula-map""}"
1.1.0,formula,O007-FREMLIN-V2-S244-FORMULA-0371,O007-FREMLIN-V2-S244,O007-RIGHTS-FREMLIN-DSL,O007-FREMLIN-V2-S244-SEG-244H,371,244H,244H,432,446,14701,14735,15846,15880,\mu_r(J\setminus I)\le\epsilon^p,\mu_r(J\setminus I)\le\epsilon^p,8187e58cba7e56caa72ddf2bcac01a4738e60f29b93401863ef49da4ee457e16,8187e58cba7e56caa72ddf2bcac01a4738e60f29b93401863ef49da4ee457e16,cebcbe87ca7cc5e5875f00ab9084f7313867ffd2f856a6fb11221e54b1406fca,$,,cebcbe87ca7cc5e5875f00ab9084f7313867ffd2f856a6fb11221e54b1406fca,cebcbe87ca7cc5e5875f00ab9084f7313867ffd2f856a6fb11221e54b1406fca,"{""basis"":""ordered nested-math atom; exact symbolic replay"",""kind"":""source-target-formula-map""}"
1.1.0,formula,O007-FREMLIN-V2-S244-FORMULA-0372,O007-FREMLIN-V2-S244,O007-RIGHTS-FREMLIN-DSL,O007-FREMLIN-V2-S244-SEG-244H,372,244H,244H,433,447,14759,14787,15906,15934,\int_X|f-g|^p\le\epsilon^p,\int_X|f-g|^p\le\epsilon^p,0dd4cb67188e625972cbce612786b4e49aeeba8b96fc06aee06d53bf5c913595,0dd4cb67188e625972cbce612786b4e49aeeba8b96fc06aee06d53bf5c913595,0dd4cb67188e625972cbce612786b4e49aeeba8b96fc06aee06d53bf5c913595,$,,0dd4cb67188e625972cbce612786b4e49aeeba8b96fc06aee06d53bf5c913595,0dd4cb67188e625972cbce612786b4e49aeeba8b96fc06aee06d53bf5c913595,"{""basis"":""ordered nested-math atom; exact symbolic replay"",""kind"":""source-target-formula-map""}"
1.1.0,formula,O007-FREMLIN-V2-S244-FORMULA-0373,O007-FREMLIN-V2-S244,O007-RIGHTS-FREMLIN-DSL,O007-FREMLIN-V2-S244-SEG-244H,373,244H,244H,437,451,14833,14850,15981,15998,f=\chi(X\cap E),f=\chi(X\cap E),0c4703cb4fa60aa4f567ab595ae9cbf4f0a149f6773e4f1b9b191508d6bef867,0c4703cb4fa60aa4f567ab595ae9cbf4f0a149f6773e4f1b9b191508d6bef867,2dbbb0c76203626a863f4033e2ab6661b29ce1d0a84e1cbc187de96230dd9786,$,,2dbbb0c76203626a863f4033e2ab6661b29ce1d0a84e1cbc187de96230dd9786,2dbbb0c76203626a863f4033e2ab6661b29ce1d0a84e1cbc187de96230dd9786,"{""basis"":""ordered nested-math atom; exact symbolic replay"",""kind"":""source-target-formula-map""}"
1.1.0,formula,O007-FREMLIN-V2-S244-FORMULA-0374,O007-FREMLIN-V2-S244,O007-RIGHTS-FREMLIN-DSL,O007-FREMLIN-V2-S244-SEG-244H,374,244H,244H,438,452,14857,14876,16006,16025,E\subseteq\BbbR^r,E\subseteq\BbbR^r,954f89af45ec4ad029bc32837e86fb50d51a2e1ff828eb481146f1fdb42adb99,954f89af45ec4ad029bc32837e86fb50d51a2e1ff828eb481146f1fdb42adb99,954f89af45ec4ad029bc32837e86fb50d51a2e1ff828eb481146f1fdb42adb99,$,,954f89af45ec4ad029bc32837e86fb50d51a2e1ff828eb481146f1fdb42adb99,954f89af45ec4ad029bc32837e86fb50d51a2e1ff828eb481146f1fdb42adb99,"{""basis"":""ordered nested-math atom; exact symbolic replay"",""kind"":""source-target-formula-map""}"
1.1.0,formula,O007-FREMLIN-V2-S244-FORMULA-0375,O007-FREMLIN-V2-S244,O007-RIGHTS-FREMLIN-DSL,O007-FREMLIN-V2-S244-SEG-244H,375,244H,244H,441,454,14972,14988,16140,16156,"I_0,\ldots,I_n","I_0,\ldots,I_n",28bb65aa34891c3c1db8fe3cd264f4e7e8bfb5ed895810cc7aa915b3f8589ebc,28bb65aa34891c3c1db8fe3cd264f4e7e8bfb5ed895810cc7aa915b3f8589ebc,28bb65aa34891c3c1db8fe3cd264f4e7e8bfb5ed895810cc7aa915b3f8589ebc,$,,28bb65aa34891c3c1db8fe3cd264f4e7e8bfb5ed895810cc7aa915b3f8589ebc,28bb65aa34891c3c1db8fe3cd264f4e7e8bfb5ed895810cc7aa915b3f8589ebc,"{""basis"":""ordered nested-math atom; exact symbolic replay"",""kind"":""source-target-formula-map""}"
1.1.0,formula,O007-FREMLIN-V2-S244-FORMULA-0376,O007-FREMLIN-V2-S244,O007-RIGHTS-FREMLIN-DSL,O007-FREMLIN-V2-S244-SEG-244H,376,244H,244H,442,456,15022,15083,16217,16278,\mu_r(E\symmdiff\bigcup_{j\le n}I_j)\le(\bover12\epsilon)^p,\mu_r(E\symmdiff\bigcup_{j\le n}I_j)\le(\bover12\epsilon)^p,e3b071f77fbac5e63a25039f12966324148a80b68fec1a42d5c31d4e925f0ab6,e3b071f77fbac5e63a25039f12966324148a80b68fec1a42d5c31d4e925f0ab6,ed2fa6d2e51807a562b6aac0338ed8205aa5fff31d8f8855ba594c47b7d7f4b0,$,,ed2fa6d2e51807a562b6aac0338ed8205aa5fff31d8f8855ba594c47b7d7f4b0,ed2fa6d2e51807a562b6aac0338ed8205aa5fff31d8f8855ba594c47b7d7f4b0,"{""basis"":""ordered nested-math atom; exact symbolic replay"",""kind"":""source-target-formula-map""}"
1.1.0,formula,O007-FREMLIN-V2-S244-FORMULA-0377,O007-FREMLIN-V2-S244,O007-RIGHTS-FREMLIN-DSL,O007-FREMLIN-V2-S244-SEG-244H,377,244H,244H,443,457,15097,15128,16296,16327,h=\sum_{j=0}^n\chi I_j\in S_0,h=\sum_{j=0}^n\chi I_j\in S_0,64df313a44603037489efe9c30df9327aa35a364020314c05ddbdca9779303ff,64df313a44603037489efe9c30df9327aa35a364020314c05ddbdca9779303ff,5a92050e2e1db49b193f658641d60fb0738d6aee130450d45e2c8273f8c910f3,$,,5a92050e2e1db49b193f658641d60fb0738d6aee130450d45e2c8273f8c910f3,5a92050e2e1db49b193f658641d60fb0738d6aee130450d45e2c8273f8c910f3,"{""basis"":""ordered nested-math atom; exact symbolic replay"",""kind"":""source-target-formula-map""}"
1.1.0,formula,O007-FREMLIN-V2-S244-FORMULA-0378,O007-FREMLIN-V2-S244,O007-RIGHTS-FREMLIN-DSL,O007-FREMLIN-V2-S244-SEG-244H,378,244H,244H,444,458,15133,15171,16332,16370,\int_X|f-h|^p\le(\bover12\epsilon)^p,\int_X|f-h|^p\le(\bover12\epsilon)^p,2fe16a7545508c04ce74060805c77016b46772872896d713795197c73328bb83,2fe16a7545508c04ce74060805c77016b46772872896d713795197c73328bb83,2fe16a7545508c04ce74060805c77016b46772872896d713795197c73328bb83,$,,2fe16a7545508c04ce74060805c77016b46772872896d713795197c73328bb83,2fe16a7545508c04ce74060805c77016b46772872896d713795197c73328bb83,"{""basis"":""ordered nested-math atom; exact symbolic replay"",""kind"":""source-target-formula-map""}"
1.1.0,formula,O007-FREMLIN-V2-S244-FORMULA-0379,O007-FREMLIN-V2-S244,O007-RIGHTS-FREMLIN-DSL,O007-FREMLIN-V2-S244-SEG-244H,379,244H,244H,446,459,15213,15221,16417,16425,j\le n,j\le n,2750c9200e4d6733af4c389fb302e232e63eeded77c808c91ae54c289bc74c67,2750c9200e4d6733af4c389fb302e232e63eeded77c808c91ae54c289bc74c67,c742fd50befb24be095944808d44673d5bbe75c39a20ad70b4d276158f6a66da,$,,c742fd50befb24be095944808d44673d5bbe75c39a20ad70b4d276158f6a66da,c742fd50befb24be095944808d44673d5bbe75c39a20ad70b4d276158f6a66da,"{""basis"":""ordered nested-math atom; exact symbolic replay"",""kind"":""source-target-formula-map""}"
1.1.0,formula,O007-FREMLIN-V2-S244-FORMULA-0380,O007-FREMLIN-V2-S244,O007-RIGHTS-FREMLIN-DSL,O007-FREMLIN-V2-S244-SEG-244H,380,244H,244H,446,460,15224,15236,16435,16447,g_j\in C_k,g_j\in C_k,56576e6170a317cd5431442746e65c952cc1722982d55033f622ff11adbbad2b,56576e6170a317cd5431442746e65c952cc1722982d55033f622ff11adbbad2b,ca43c467718faa989bfd6b3174107c0d0c6d2e6da846731b0c7aa4693a790221,$,,ca43c467718faa989bfd6b3174107c0d0c6d2e6da846731b0c7aa4693a790221,ca43c467718faa989bfd6b3174107c0d0c6d2e6da846731b0c7aa4693a790221,"{""basis"":""ordered nested-math atom; exact symbolic replay"",""kind"":""source-target-formula-map""}"
1.1.0,formula,O007-FREMLIN-V2-S244-FORMULA-0381,O007-FREMLIN-V2-S244,O007-RIGHTS-FREMLIN-DSL,O007-FREMLIN-V2-S244-SEG-244H,381,244H,244H,447,461,15247,15293,16468,16514,\int_X|g_j-\chi I_j|^p\le(\epsilon/2(n+1))^p,\int_X|g_j-\chi I_j|^p\le(\epsilon/2(n+1))^p,4814bbfb4ce361f509cfa787a6ee83d12b551fd9fe6f1c5cea6b8b93c356fbfe,4814bbfb4ce361f509cfa787a6ee83d12b551fd9fe6f1c5cea6b8b93c356fbfe,e6029c67ab5e0a3c1d2451cc41c8f096d4504a4bbc8315771ee4165b26e19737,$,,e6029c67ab5e0a3c1d2451cc41c8f096d4504a4bbc8315771ee4165b26e19737,e6029c67ab5e0a3c1d2451cc41c8f096d4504a4bbc8315771ee4165b26e19737,"{""basis"":""ordered nested-math atom; exact symbolic replay"",""kind"":""source-target-formula-map""}"
1.1.0,formula,O007-FREMLIN-V2-S244-FORMULA-0382,O007-FREMLIN-V2-S244,O007-RIGHTS-FREMLIN-DSL,O007-FREMLIN-V2-S244-SEG-244H,382,244H,244H,448,462,15303,15329,16525,16551,g=\sum_{j=0}^ng_j\in C_k,g=\sum_{j=0}^ng_j\in C_k,9f8171e4b4abfe98a01f89bcb42d4b90ea1d14f1bb4ec73027638718238bec37,9f8171e4b4abfe98a01f89bcb42d4b90ea1d14f1bb4ec73027638718238bec37,87eaa9a41758ac718545516ec804c14b4c74c9f7266857926c23dd37b16b7def,$,,87eaa9a41758ac718545516ec804c14b4c74c9f7266857926c23dd37b16b7def,87eaa9a41758ac718545516ec804c14b4c74c9f7266857926c23dd37b16b7def,"{""basis"":""ordered nested-math atom; exact symbolic replay"",""kind"":""source-target-formula-map""}"
1.1.0,formula,O007-FREMLIN-V2-S244-FORMULA-0383,O007-FREMLIN-V2-S244,O007-RIGHTS-FREMLIN-DSL,O007-FREMLIN-V2-S244-SEG-244H,383,244H,244H,448,462,15334,15362,16556,16584,\int_X|f-g|^p\le\epsilon^p,\int_X|f-g|^p\le\epsilon^p,0dd4cb67188e625972cbce612786b4e49aeeba8b96fc06aee06d53bf5c913595,0dd4cb67188e625972cbce612786b4e49aeeba8b96fc06aee06d53bf5c913595,0dd4cb67188e625972cbce612786b4e49aeeba8b96fc06aee06d53bf5c913595,$,,0dd4cb67188e625972cbce612786b4e49aeeba8b96fc06aee06d53bf5c913595,0dd4cb67188e625972cbce612786b4e49aeeba8b96fc06aee06d53bf5c913595,"{""basis"":""ordered nested-math atom; exact symbolic replay"",""kind"":""source-target-formula-map""}"
1.1.0,formula,O007-FREMLIN-V2-S244-FORMULA-0384,O007-FREMLIN-V2-S244,O007-RIGHTS-FREMLIN-DSL,O007-FREMLIN-V2-S244-SEG-244H,384,244H,244H,453,467,15457,15473,16671,16687,\eusm L^p(\mu),\eusm L^p(\mu),a8345d1a9579cc8577d40748acfbe688e0a758984af8ece372c38eb6b8348fab,a8345d1a9579cc8577d40748acfbe688e0a758984af8ece372c38eb6b8348fab,2970e2a3da8993d42f0105a0415641b66bd57382fb2cb6941e84bb08875ef094,$,,2970e2a3da8993d42f0105a0415641b66bd57382fb2cb6941e84bb08875ef094,2970e2a3da8993d42f0105a0415641b66bd57382fb2cb6941e84bb08875ef094,"{""basis"":""ordered nested-math atom; exact symbolic replay"",""kind"":""source-target-formula-map""}"
1.1.0,formula,O007-FREMLIN-V2-S244-FORMULA-0385,O007-FREMLIN-V2-S244,O007-RIGHTS-FREMLIN-DSL,O007-FREMLIN-V2-S244-SEG-244H,385,244H,244H,453,468,15504,15513,16735,16744,\|f\|_p,\|f\|_p,ca2fc7c962e2afaabc9ae4b564315d84caf5968a1a2273baf4e67321052104f5,ca2fc7c962e2afaabc9ae4b564315d84caf5968a1a2273baf4e67321052104f5,ca2fc7c962e2afaabc9ae4b564315d84caf5968a1a2273baf4e67321052104f5,$,,ca2fc7c962e2afaabc9ae4b564315d84caf5968a1a2273baf4e67321052104f5,ca2fc7c962e2afaabc9ae4b564315d84caf5968a1a2273baf4e67321052104f5,"{""basis"":""ordered nested-math atom; exact symbolic replay"",""kind"":""source-target-formula-map""}"
1.1.0,formula,O007-FREMLIN-V2-S244-FORMULA-0386,O007-FREMLIN-V2-S244,O007-RIGHTS-FREMLIN-DSL,O007-FREMLIN-V2-S244-SEG-244H,386,244H,244H,454,468,15526,15537,16763,16774,\int_X|f|,\int_X|f|,4bdffe1ad6e6429963baca60b69486a6bc0c57d814b324f4e2623d585e995168,4bdffe1ad6e6429963baca60b69486a6bc0c57d814b324f4e2623d585e995168,4bdffe1ad6e6429963baca60b69486a6bc0c57d814b324f4e2623d585e995168,$,,4bdffe1ad6e6429963baca60b69486a6bc0c57d814b324f4e2623d585e995168,4bdffe1ad6e6429963baca60b69486a6bc0c57d814b324f4e2623d585e995168,"{""basis"":""ordered nested-math atom; exact symbolic replay"",""kind"":""source-target-formula-map""}"
1.1.0,formula,O007-FREMLIN-V2-S244-FORMULA-0387,O007-FREMLIN-V2-S244,O007-RIGHTS-FREMLIN-DSL,O007-FREMLIN-V2-S244-SEG-244H,387,244H,244H,454,469,15571,15582,16804,16815,\eusm L^p,\eusm L^p,b17fa9ed039cc8fc8fef75c54e1b8bb2b2119f28f29124c83bb9aa302c5f6a66,b17fa9ed039cc8fc8fef75c54e1b8bb2b2119f28f29124c83bb9aa302c5f6a66,26a37273984ba6ca72492c96fdefed9c843137a7a36ec572d8bd667f46dc0ad0,$,,26a37273984ba6ca72492c96fdefed9c843137a7a36ec572d8bd667f46dc0ad0,26a37273984ba6ca72492c96fdefed9c843137a7a36ec572d8bd667f46dc0ad0,"{""basis"":""ordered nested-math atom; exact symbolic replay"",""kind"":""source-target-formula-map""}"
1.1.0,formula,O007-FREMLIN-V2-S244-FORMULA-0388,O007-FREMLIN-V2-S244,O007-RIGHTS-FREMLIN-DSL,O007-FREMLIN-V2-S244-SEG-244H,388,244H,244H,455,469,15586,15591,16819,16824,L^p,L^p,0de1bee007df208a54c85a6cf3aa6c06e2a922620965a43478a0496c27e05aa0,0de1bee007df208a54c85a6cf3aa6c06e2a922620965a43478a0496c27e05aa0,0de1bee007df208a54c85a6cf3aa6c06e2a922620965a43478a0496c27e05aa0,$,,0de1bee007df208a54c85a6cf3aa6c06e2a922620965a43478a0496c27e05aa0,0de1bee007df208a54c85a6cf3aa6c06e2a922620965a43478a0496c27e05aa0,"{""basis"":""ordered nested-math atom; exact symbolic replay"",""kind"":""source-target-formula-map""}"
1.1.0,formula,O007-FREMLIN-V2-S244-FORMULA-0389,O007-FREMLIN-V2-S244,O007-RIGHTS-FREMLIN-DSL,O007-FREMLIN-V2-S244-SEG-244H,389,244H,244H,456,470,15649,15660,16905,16916,g\restr X,g\restr X,92b678b3fcea49f0c62ded046af3f23b937da30fc7e29f71a8bbd168a5ca8287,92b678b3fcea49f0c62ded046af3f23b937da30fc7e29f71a8bbd168a5ca8287,48ae0d08757318b91246b4a72b0c81420d1d3cab64eadc845987c86a187af159,$,,48ae0d08757318b91246b4a72b0c81420d1d3cab64eadc845987c86a187af159,48ae0d08757318b91246b4a72b0c81420d1d3cab64eadc845987c86a187af159,"{""basis"":""ordered nested-math atom; exact symbolic replay"",""kind"":""source-target-formula-map""}"
1.1.0,formula,O007-FREMLIN-V2-S244-FORMULA-0390,O007-FREMLIN-V2-S244,O007-RIGHTS-FREMLIN-DSL,O007-FREMLIN-V2-S244-SEG-244H,390,244H,244H,456,470,15662,15673,16918,16929,h\restr X,h\restr X,c30c3b00f4639196b5f0f56d558ef8febf457f55a823f482b9c9979ed7686bcd,c30c3b00f4639196b5f0f56d558ef8febf457f55a823f482b9c9979ed7686bcd,cddef71ba5155a2a9ec43bcb484ca9490358db2c8543bd15c2aeb5966bc03104,$,,cddef71ba5155a2a9ec43bcb484ca9490358db2c8543bd15c2aeb5966bc03104,cddef71ba5155a2a9ec43bcb484ca9490358db2c8543bd15c2aeb5966bc03104,"{""basis"":""ordered nested-math atom; exact symbolic replay"",""kind"":""source-target-formula-map""}"
1.1.0,formula,O007-FREMLIN-V2-S244-FORMULA-0391,O007-FREMLIN-V2-S244,O007-RIGHTS-FREMLIN-DSL,O007-FREMLIN-V2-S244-SEG-244H,391,244H,244H,456,471,15684,15700,16945,16961,\eusm L^p(\mu),\eusm L^p(\mu),a8345d1a9579cc8577d40748acfbe688e0a758984af8ece372c38eb6b8348fab,a8345d1a9579cc8577d40748acfbe688e0a758984af8ece372c38eb6b8348fab,2970e2a3da8993d42f0105a0415641b66bd57382fb2cb6941e84bb08875ef094,$,,2970e2a3da8993d42f0105a0415641b66bd57382fb2cb6941e84bb08875ef094,2970e2a3da8993d42f0105a0415641b66bd57382fb2cb6941e84bb08875ef094,"{""basis"":""ordered nested-math atom; exact symbolic replay"",""kind"":""source-target-formula-map""}"
1.1.0,formula,O007-FREMLIN-V2-S244-FORMULA-0392,O007-FREMLIN-V2-S244,O007-RIGHTS-FREMLIN-DSL,O007-FREMLIN-V2-S244-SEG-244H,392,244H,244H,457,471,15710,15720,16974,16984,g\in C_k,g\in C_k,ff02ba84c6d75e2392a2cb1d76653acdda5cd82e00d8792b988a3fc88258ebc4,ff02ba84c6d75e2392a2cb1d76653acdda5cd82e00d8792b988a3fc88258ebc4,f21d1ea81075cca234b90b6ee63f462ad7d2c4ee175f05eba33ec8f4a078a1c4,$,,f21d1ea81075cca234b90b6ee63f462ad7d2c4ee175f05eba33ec8f4a078a1c4,f21d1ea81075cca234b90b6ee63f462ad7d2c4ee175f05eba33ec8f4a078a1c4,"{""basis"":""ordered nested-math atom; exact symbolic replay"",""kind"":""source-target-formula-map""}"
1.1.0,formula,O007-FREMLIN-V2-S244-FORMULA-0393,O007-FREMLIN-V2-S244,O007-RIGHTS-FREMLIN-DSL,O007-FREMLIN-V2-S244-SEG-244H,393,244H,244H,457,471,15725,15735,16989,16999,h\in S_0,h\in S_0,dd988b168509feae4bb53be9516366ddb1e807bbace2a48f0a6740191f7866ed,dd988b168509feae4bb53be9516366ddb1e807bbace2a48f0a6740191f7866ed,0b3f09ce3119f942a21820dd835e3ff5fb9ab36f78719e919853c541c7413250,$,,0b3f09ce3119f942a21820dd835e3ff5fb9ab36f78719e919853c541c7413250,0b3f09ce3119f942a21820dd835e3ff5fb9ab36f78719e919853c541c7413250,"{""basis"":""ordered nested-math atom; exact symbolic replay"",""kind"":""source-target-formula-map""}"
1.1.0,formula,O007-FREMLIN-V2-S244-FORMULA-0394,O007-FREMLIN-V2-S244,O007-RIGHTS-FREMLIN-DSL,O007-FREMLIN-V2-S244-SEG-244I,394,*244I,*244I,460,474,15812,15822,17071,17081,L^p(\mu),L^p(\mu),d849a4c2e7df7f9d2bf5ba90896603d57e64c2548b570a54255b228bda9421c7,d849a4c2e7df7f9d2bf5ba90896603d57e64c2548b570a54255b228bda9421c7,d849a4c2e7df7f9d2bf5ba90896603d57e64c2548b570a54255b228bda9421c7,$,,d849a4c2e7df7f9d2bf5ba90896603d57e64c2548b570a54255b228bda9421c7,d849a4c2e7df7f9d2bf5ba90896603d57e64c2548b570a54255b228bda9421c7,"{""basis"":""ordered nested-math atom; exact symbolic replay"",""kind"":""source-target-formula-map""}"
1.1.0,formula,O007-FREMLIN-V2-S244-FORMULA-0395,O007-FREMLIN-V2-S244,O007-RIGHTS-FREMLIN-DSL,O007-FREMLIN-V2-S244-SEG-244I,395,*244I,*244I,463,476,15850,15853,17111,17114,A,A,559aead08264d5795d3909718cdd05abd49572e84fe55590eef31a88a08fdffd,559aead08264d5795d3909718cdd05abd49572e84fe55590eef31a88a08fdffd,559aead08264d5795d3909718cdd05abd49572e84fe55590eef31a88a08fdffd,$,,559aead08264d5795d3909718cdd05abd49572e84fe55590eef31a88a08fdffd,559aead08264d5795d3909718cdd05abd49572e84fe55590eef31a88a08fdffd,"{""basis"":""ordered nested-math atom; exact symbolic replay"",""kind"":""source-target-formula-map""}"
1.1.0,formula,O007-FREMLIN-V2-S244-FORMULA-0396,O007-FREMLIN-V2-S244,O007-RIGHTS-FREMLIN-DSL,O007-FREMLIN-V2-S244-SEG-244I,396,*244I,*244I,465,478,15878,15950,17137,17209,"\{(\sum_{j=0}^nq_j\chi(\coint{a_j,b_j}\cap X))^{\ssbullet}:
n\in\Bbb N","\{(\sum_{j=0}^nq_j\chi(\coint{a_j,b_j}\cap X))^{\ssbullet}:
n\in\Bbb N",1454db7c01a0ea6c6ffc910caa97546735a76bbe3797d723b52f94c642bf5add,1454db7c01a0ea6c6ffc910caa97546735a76bbe3797d723b52f94c642bf5add,d7629439c7423c91567e0137d89f2d25332ebdd8a0b171cdce55e6585537129e,$,,d7629439c7423c91567e0137d89f2d25332ebdd8a0b171cdce55e6585537129e,d7629439c7423c91567e0137d89f2d25332ebdd8a0b171cdce55e6585537129e,"{""basis"":""ordered nested-math atom; exact symbolic replay"",""kind"":""source-target-formula-map""}"
1.1.0,formula,O007-FREMLIN-V2-S244-FORMULA-0397,O007-FREMLIN-V2-S244,O007-RIGHTS-FREMLIN-DSL,O007-FREMLIN-V2-S244-SEG-244I,397,*244I,*244I,466,479,15952,15977,17211,17236,"q_0,\ldots,q_n\in\Bbb Q","q_0,\ldots,q_n\in\Bbb Q",608bd50949c3b0ad233928c7f99ca6fa8ba162b01e13dd69e56fd5ecfab7e8f6,608bd50949c3b0ad233928c7f99ca6fa8ba162b01e13dd69e56fd5ecfab7e8f6,5c5f1b3db046dfc3b067b52c3ac1c18ff3e201e98547d2c01cbe857efac3f4f6,$,,5c5f1b3db046dfc3b067b52c3ac1c18ff3e201e98547d2c01cbe857efac3f4f6,5c5f1b3db046dfc3b067b52c3ac1c18ff3e201e98547d2c01cbe857efac3f4f6,"{""basis"":""ordered nested-math atom; exact symbolic replay"",""kind"":""source-target-formula-map""}"
1.1.0,formula,O007-FREMLIN-V2-S244-FORMULA-0398,O007-FREMLIN-V2-S244,O007-RIGHTS-FREMLIN-DSL,O007-FREMLIN-V2-S244-SEG-244I,398,*244I,*244I,467,480,15979,16022,17238,17281,"a_0,\ldots,a_n,b_0,\ldots,b_n\in\BbbQ^r\}","a_0,\ldots,a_n,b_0,\ldots,b_n\in\BbbQ^r\}",93fc48df7da0945b7a50c8e129bb160d03ca9b7db0dcc19f3714fecaeb47ef37,93fc48df7da0945b7a50c8e129bb160d03ca9b7db0dcc19f3714fecaeb47ef37,93fc48df7da0945b7a50c8e129bb160d03ca9b7db0dcc19f3714fecaeb47ef37,$,,93fc48df7da0945b7a50c8e129bb160d03ca9b7db0dcc19f3714fecaeb47ef37,93fc48df7da0945b7a50c8e129bb160d03ca9b7db0dcc19f3714fecaeb47ef37,"{""basis"":""ordered nested-math atom; exact symbolic replay"",""kind"":""source-target-formula-map""}"
1.1.0,formula,O007-FREMLIN-V2-S244-FORMULA-0399,O007-FREMLIN-V2-S244,O007-RIGHTS-FREMLIN-DSL,O007-FREMLIN-V2-S244-SEG-244I,399,*244I,*244I,469,482,16041,16044,17300,17303,A,A,559aead08264d5795d3909718cdd05abd49572e84fe55590eef31a88a08fdffd,559aead08264d5795d3909718cdd05abd49572e84fe55590eef31a88a08fdffd,559aead08264d5795d3909718cdd05abd49572e84fe55590eef31a88a08fdffd,$,,559aead08264d5795d3909718cdd05abd49572e84fe55590eef31a88a08fdffd,559aead08264d5795d3909718cdd05abd49572e84fe55590eef31a88a08fdffd,"{""basis"":""ordered nested-math atom; exact symbolic replay"",""kind"":""source-target-formula-map""}"
1.1.0,formula,O007-FREMLIN-V2-S244-FORMULA-0400,O007-FREMLIN-V2-S244,O007-RIGHTS-FREMLIN-DSL,O007-FREMLIN-V2-S244-SEG-244I,400,*244I,*244I,469,482,16070,16080,17341,17351,L^p(\mu),L^p(\mu),d849a4c2e7df7f9d2bf5ba90896603d57e64c2548b570a54255b228bda9421c7,d849a4c2e7df7f9d2bf5ba90896603d57e64c2548b570a54255b228bda9421c7,d849a4c2e7df7f9d2bf5ba90896603d57e64c2548b570a54255b228bda9421c7,$,,d849a4c2e7df7f9d2bf5ba90896603d57e64c2548b570a54255b228bda9421c7,d849a4c2e7df7f9d2bf5ba90896603d57e64c2548b570a54255b228bda9421c7,"{""basis"":""ordered nested-math atom; exact symbolic replay"",""kind"":""source-target-formula-map""}"
1.1.0,formula,O007-FREMLIN-V2-S244-FORMULA-0401,O007-FREMLIN-V2-S244,O007-RIGHTS-FREMLIN-DSL,O007-FREMLIN-V2-S244-SEG-244I,401,*244I,*244I,471,484,16111,16169,17383,17441,"(\sum_{j=0}^nc_j\chi(\coint{a_j,b_j}\cap X))^{\ssbullet}","(\sum_{j=0}^nc_j\chi(\coint{a_j,b_j}\cap X))^{\ssbullet}",fbcbbf633f85d32f140841334483dec120d3160b26ae6f8892990f900e516c7a,fbcbbf633f85d32f140841334483dec120d3160b26ae6f8892990f900e516c7a,1065e3f29ae7f2391c2fb1f176b995005b937bda53b316e88cabdebd84f8d808,$,,1065e3f29ae7f2391c2fb1f176b995005b937bda53b316e88cabdebd84f8d808,1065e3f29ae7f2391c2fb1f176b995005b937bda53b316e88cabdebd84f8d808,"{""basis"":""ordered nested-math atom; exact symbolic replay"",""kind"":""source-target-formula-map""}"
1.1.0,formula,O007-FREMLIN-V2-S244-FORMULA-0402,O007-FREMLIN-V2-S244,O007-RIGHTS-FREMLIN-DSL,O007-FREMLIN-V2-S244-SEG-244I,402,*244I,*244I,472,485,16179,16204,17454,17479,"c_0,\ldots,c_n\in\Bbb R","c_0,\ldots,c_n\in\Bbb R",a99057e53d2752d2a56aff58e6868eae232fa0631aae97ee9b2b7b6f03ebd8ac,a99057e53d2752d2a56aff58e6868eae232fa0631aae97ee9b2b7b6f03ebd8ac,7ef154355dd7fae925f55f112bd2e92f93c3b6b735b2d774b39a8fae7f2d89dc,$,,7ef154355dd7fae925f55f112bd2e92f93c3b6b735b2d774b39a8fae7f2d89dc,7ef154355dd7fae925f55f112bd2e92f93c3b6b735b2d774b39a8fae7f2d89dc,"{""basis"":""ordered nested-math atom; exact symbolic replay"",""kind"":""source-target-formula-map""}"
1.1.0,formula,O007-FREMLIN-V2-S244-FORMULA-0403,O007-FREMLIN-V2-S244,O007-RIGHTS-FREMLIN-DSL,O007-FREMLIN-V2-S244-SEG-244I,403,*244I,*244I,473,486,16209,16250,17484,17525,"a_0,\ldots,a_n,b_0,\ldots,b_n\in\BbbR^r","a_0,\ldots,a_n,b_0,\ldots,b_n\in\BbbR^r",af74a978ee4a4c5045f8f481255760dabc475f0b9c207cc440a3110463c8cb8a,af74a978ee4a4c5045f8f481255760dabc475f0b9c207cc440a3110463c8cb8a,af74a978ee4a4c5045f8f481255760dabc475f0b9c207cc440a3110463c8cb8a,$,,af74a978ee4a4c5045f8f481255760dabc475f0b9c207cc440a3110463c8cb8a,af74a978ee4a4c5045f8f481255760dabc475f0b9c207cc440a3110463c8cb8a,"{""basis"":""ordered nested-math atom; exact symbolic replay"",""kind"":""source-target-formula-map""}"
1.1.0,formula,O007-FREMLIN-V2-S244-FORMULA-0404,O007-FREMLIN-V2-S244,O007-RIGHTS-FREMLIN-DSL,O007-FREMLIN-V2-S244-SEG-244I,404,*244I,*244I,473,486,16262,16275,17534,17547,\overline A,\overline A,01eecdf5cc4bca8b57a3d685918796ca676770ffae589b94dffa31a5392cd73e,01eecdf5cc4bca8b57a3d685918796ca676770ffae589b94dffa31a5392cd73e,ff70f7c50c2fffacc52da967fc605c303aaf72cfaa90f38d4b71755b32f2e086,$,,ff70f7c50c2fffacc52da967fc605c303aaf72cfaa90f38d4b71755b32f2e086,ff70f7c50c2fffacc52da967fc605c303aaf72cfaa90f38d4b71755b32f2e086,"{""basis"":""ordered nested-math atom; exact symbolic replay"",""kind"":""source-target-formula-map""}"
1.1.0,formula,O007-FREMLIN-V2-S244-FORMULA-0405,O007-FREMLIN-V2-S244,O007-RIGHTS-FREMLIN-DSL,O007-FREMLIN-V2-S244-SEG-244I,405,*244I,*244I,474,488,16302,16340,17588,17626,\{(h\restr X)^{\ssbullet}:h\in S_0\},\{(h\restr X)^{\ssbullet}:h\in S_0\},07f357d1dd715c767dc7cbde3534a144fe864024b0987fd0e3bca7aef5994d60,07f357d1dd715c767dc7cbde3534a144fe864024b0987fd0e3bca7aef5994d60,c8eee84c3401e912936937829650b353ec8165ad95da12e73b40448b8f0b5230,$,,c8eee84c3401e912936937829650b353ec8165ad95da12e73b40448b8f0b5230,c8eee84c3401e912936937829650b353ec8165ad95da12e73b40448b8f0b5230,"{""basis"":""ordered nested-math atom; exact symbolic replay"",""kind"":""source-target-formula-map""}"
1.1.0,formula,O007-FREMLIN-V2-S244-FORMULA-0406,O007-FREMLIN-V2-S244,O007-RIGHTS-FREMLIN-DSL,O007-FREMLIN-V2-S244-SEG-244I,406,*244I,*244I,475,489,16362,16372,17650,17660,L^p(\mu),L^p(\mu),d849a4c2e7df7f9d2bf5ba90896603d57e64c2548b570a54255b228bda9421c7,d849a4c2e7df7f9d2bf5ba90896603d57e64c2548b570a54255b228bda9421c7,d849a4c2e7df7f9d2bf5ba90896603d57e64c2548b570a54255b228bda9421c7,$,,d849a4c2e7df7f9d2bf5ba90896603d57e64c2548b570a54255b228bda9421c7,d849a4c2e7df7f9d2bf5ba90896603d57e64c2548b570a54255b228bda9421c7,"{""basis"":""ordered nested-math atom; exact symbolic replay"",""kind"":""source-target-formula-map""}"
1.1.0,formula,O007-FREMLIN-V2-S244-FORMULA-0407,O007-FREMLIN-V2-S244,O007-RIGHTS-FREMLIN-DSL,O007-FREMLIN-V2-S244-SEG-244J,407,244J,244J,478,492,16433,16438,17736,17741,L^p,L^p,0de1bee007df208a54c85a6cf3aa6c06e2a922620965a43478a0496c27e05aa0,0de1bee007df208a54c85a6cf3aa6c06e2a922620965a43478a0496c27e05aa0,0de1bee007df208a54c85a6cf3aa6c06e2a922620965a43478a0496c27e05aa0,$,,0de1bee007df208a54c85a6cf3aa6c06e2a922620965a43478a0496c27e05aa0,0de1bee007df208a54c85a6cf3aa6c06e2a922620965a43478a0496c27e05aa0,"{""basis"":""ordered nested-math atom; exact symbolic replay"",""kind"":""source-target-formula-map""}"
1.1.0,formula,O007-FREMLIN-V2-S244-FORMULA-0408,O007-FREMLIN-V2-S244,O007-RIGHTS-FREMLIN-DSL,O007-FREMLIN-V2-S244-SEG-244J,408,244J,244J,478,492,16451,16467,17752,17768,"(X,\Sigma,\mu)","(X,\Sigma,\mu)",05e9b769403b4c7926a944d5aaa03f00bb216412bc3f850e41b3c28de657aa67,05e9b769403b4c7926a944d5aaa03f00bb216412bc3f850e41b3c28de657aa67,05e9b769403b4c7926a944d5aaa03f00bb216412bc3f850e41b3c28de657aa67,$,,05e9b769403b4c7926a944d5aaa03f00bb216412bc3f850e41b3c28de657aa67,05e9b769403b4c7926a944d5aaa03f00bb216412bc3f850e41b3c28de657aa67,"{""basis"":""ordered nested-math atom; exact symbolic replay"",""kind"":""source-target-formula-map""}"
1.1.0,formula,O007-FREMLIN-V2-S244-FORMULA-0409,O007-FREMLIN-V2-S244,O007-RIGHTS-FREMLIN-DSL,O007-FREMLIN-V2-S244-SEG-244J,409,244J,244J,479,493,16494,16516,17794,17816,"p\in\ooint{1,\infty}","p\in\ooint{1,\infty}",b26ec130e99a291da75f46354a0a86a5b604537ec8e83ade5c90b74f8a59770e,b26ec130e99a291da75f46354a0a86a5b604537ec8e83ade5c90b74f8a59770e,b26ec130e99a291da75f46354a0a86a5b604537ec8e83ade5c90b74f8a59770e,$,,b26ec130e99a291da75f46354a0a86a5b604537ec8e83ade5c90b74f8a59770e,b26ec130e99a291da75f46354a0a86a5b604537ec8e83ade5c90b74f8a59770e,"{""basis"":""ordered nested-math atom; exact symbolic replay"",""kind"":""source-target-formula-map""}"
1.1.0,formula,O007-FREMLIN-V2-S244-FORMULA-0410,O007-FREMLIN-V2-S244,O007-RIGHTS-FREMLIN-DSL,O007-FREMLIN-V2-S244-SEG-244J,410,244J,244J,480,494,16522,16533,17827,17838,q=p/(p-1),q=p/(p-1),d7aa0b2a7604ff1cb280ab9cfecbf80cbf586a415ba605980c92c346130d471d,d7aa0b2a7604ff1cb280ab9cfecbf80cbf586a415ba605980c92c346130d471d,d7aa0b2a7604ff1cb280ab9cfecbf80cbf586a415ba605980c92c346130d471d,$,,d7aa0b2a7604ff1cb280ab9cfecbf80cbf586a415ba605980c92c346130d471d,d7aa0b2a7604ff1cb280ab9cfecbf80cbf586a415ba605980c92c346130d471d,"{""basis"":""ordered nested-math atom; exact symbolic replay"",""kind"":""source-target-formula-map""}"
1.1.0,formula,O007-FREMLIN-V2-S244-FORMULA-0411,O007-FREMLIN-V2-S244,O007-RIGHTS-FREMLIN-DSL,O007-FREMLIN-V2-S244-SEG-244J,411,244J,244J,480,495,16553,16578,17864,17889,{1\over p}+{1\over q}=1,{1\over p}+{1\over q}=1,f5c68ce6f398ebde00d37f791e65d562b0c9a25bfdb786bcdedef92505965991,f5c68ce6f398ebde00d37f791e65d562b0c9a25bfdb786bcdedef92505965991,f42f1319e4182abe8cbc0004f6148002d40040e5971df1f1f8743763d349c6ff,$,,f42f1319e4182abe8cbc0004f6148002d40040e5971df1f1f8743763d349c6ff,f42f1319e4182abe8cbc0004f6148002d40040e5971df1f1f8743763d349c6ff,"{""basis"":""ordered nested-math atom; exact symbolic replay"",""kind"":""source-target-formula-map""}"
1.1.0,formula,O007-FREMLIN-V2-S244-FORMULA-0412,O007-FREMLIN-V2-S244,O007-RIGHTS-FREMLIN-DSL,O007-FREMLIN-V2-S244-SEG-244J,412,244J,244J,481,495,16588,16599,17894,17905,p=q/(q-1),p=q/(q-1),4acbe1cea7fa74948cf38ba9b00987e95f60f5ef502b9ee96d34c404f33ad00d,4acbe1cea7fa74948cf38ba9b00987e95f60f5ef502b9ee96d34c404f33ad00d,4acbe1cea7fa74948cf38ba9b00987e95f60f5ef502b9ee96d34c404f33ad00d,$,,4acbe1cea7fa74948cf38ba9b00987e95f60f5ef502b9ee96d34c404f33ad00d,4acbe1cea7fa74948cf38ba9b00987e95f60f5ef502b9ee96d34c404f33ad00d,"{""basis"":""ordered nested-math atom; exact symbolic replay"",""kind"":""source-target-formula-map""}"
1.1.0,formula,O007-FREMLIN-V2-S244-FORMULA-0413,O007-FREMLIN-V2-S244,O007-RIGHTS-FREMLIN-DSL,O007-FREMLIN-V2-S244-SEG-244J,413,244J,244J,481,495,16623,16626,17923,17926,p,p,148de9c5a7a44d19e56cd9ae1a554bf67847afb0c58f6e12fa29ac7ddfca9940,148de9c5a7a44d19e56cd9ae1a554bf67847afb0c58f6e12fa29ac7ddfca9940,148de9c5a7a44d19e56cd9ae1a554bf67847afb0c58f6e12fa29ac7ddfca9940,$,,148de9c5a7a44d19e56cd9ae1a554bf67847afb0c58f6e12fa29ac7ddfca9940,148de9c5a7a44d19e56cd9ae1a554bf67847afb0c58f6e12fa29ac7ddfca9940,"{""basis"":""ordered nested-math atom; exact symbolic replay"",""kind"":""source-target-formula-map""}"
1.1.0,formula,O007-FREMLIN-V2-S244-FORMULA-0414,O007-FREMLIN-V2-S244,O007-RIGHTS-FREMLIN-DSL,O007-FREMLIN-V2-S244-SEG-244J,414,244J,244J,481,495,16631,16634,17931,17934,q,q,8e35c2cd3bf6641bdb0e2050b76932cbb2e6034a0ddacc1d9bea82a6ba57f7cf,8e35c2cd3bf6641bdb0e2050b76932cbb2e6034a0ddacc1d9bea82a6ba57f7cf,8e35c2cd3bf6641bdb0e2050b76932cbb2e6034a0ddacc1d9bea82a6ba57f7cf,$,,8e35c2cd3bf6641bdb0e2050b76932cbb2e6034a0ddacc1d9bea82a6ba57f7cf,8e35c2cd3bf6641bdb0e2050b76932cbb2e6034a0ddacc1d9bea82a6ba57f7cf,"{""basis"":""ordered nested-math atom; exact symbolic replay"",""kind"":""source-target-formula-map""}"
1.1.0,formula,O007-FREMLIN-V2-S244-FORMULA-0415,O007-FREMLIN-V2-S244,O007-RIGHTS-FREMLIN-DSL,O007-FREMLIN-V2-S244-SEG-244J,415,244J,244J,482,496,16656,16679,17955,17978,u\times v\in L^1(\mu),u\times v\in L^1(\mu),04526afb49f9e9c47ac06fe5c255303fdbc0f4c78f36a6489923f99f07c959d5,04526afb49f9e9c47ac06fe5c255303fdbc0f4c78f36a6489923f99f07c959d5,a9486e462a871e2bb42ebbda06db61bae00ca8b3dfce77106e843fdb5fa14737,$,,a9486e462a871e2bb42ebbda06db61bae00ca8b3dfce77106e843fdb5fa14737,a9486e462a871e2bb42ebbda06db61bae00ca8b3dfce77106e843fdb5fa14737,"{""basis"":""ordered nested-math atom; exact symbolic replay"",""kind"":""source-target-formula-map""}"
1.1.0,formula,O007-FREMLIN-V2-S244-FORMULA-0416,O007-FREMLIN-V2-S244,O007-RIGHTS-FREMLIN-DSL,O007-FREMLIN-V2-S244-SEG-244J,416,244J,244J,482,497,16684,16718,17983,18017,\|u\times v\|_1\le\|u\|_p\|v\|_q,\|u\times v\|_1\le\|u\|_p\|v\|_q,a2ce7e6be601748ff579da57131e1e48723fb6d8ab6e8857582739a39f89927c,a2ce7e6be601748ff579da57131e1e48723fb6d8ab6e8857582739a39f89927c,caf10adcb2cf9cafe15e2e74d84ce290121b12151bf5c8848a24b1355669a2b0,$,,caf10adcb2cf9cafe15e2e74d84ce290121b12151bf5c8848a24b1355669a2b0,caf10adcb2cf9cafe15e2e74d84ce290121b12151bf5c8848a24b1355669a2b0,"{""basis"":""ordered nested-math atom; exact symbolic replay"",""kind"":""source-target-formula-map""}"
1.1.0,formula,O007-FREMLIN-V2-S244-FORMULA-0417,O007-FREMLIN-V2-S244,O007-RIGHTS-FREMLIN-DSL,O007-FREMLIN-V2-S244-SEG-244J,417,244J,244J,483,498,16728,16747,18030,18049,u\in L^p=L^p(\mu),u\in L^p=L^p(\mu),ddd9994cedef4d73d9c3178661e5d983ce58e46f27b87bd0b755320a86e7814b,ddd9994cedef4d73d9c3178661e5d983ce58e46f27b87bd0b755320a86e7814b,6709864553e029a705ad16f914495afde70eafe58f9225ca25db2f9dd0793388,$,,6709864553e029a705ad16f914495afde70eafe58f9225ca25db2f9dd0793388,6709864553e029a705ad16f914495afde70eafe58f9225ca25db2f9dd0793388,"{""basis"":""ordered nested-math atom; exact symbolic replay"",""kind"":""source-target-formula-map""}"
1.1.0,formula,O007-FREMLIN-V2-S244-FORMULA-0418,O007-FREMLIN-V2-S244,O007-RIGHTS-FREMLIN-DSL,O007-FREMLIN-V2-S244-SEG-244J,418,244J,244J,483,498,16752,16771,18054,18073,v\in L^q=L^q(\mu),v\in L^q=L^q(\mu),f94a63caf4d42b4da2bce7c717424b2767c6cf571ab62bde29d0271ff1c67bb7,f94a63caf4d42b4da2bce7c717424b2767c6cf571ab62bde29d0271ff1c67bb7,fec67ac9970dc4095f4f9ee433bd40098c6658d47999c2d27cac41f44ae48572,$,,fec67ac9970dc4095f4f9ee433bd40098c6658d47999c2d27cac41f44ae48572,fec67ac9970dc4095f4f9ee433bd40098c6658d47999c2d27cac41f44ae48572,"{""basis"":""ordered nested-math atom; exact symbolic replay"",""kind"":""source-target-formula-map""}"
1.1.0,formula,O007-FREMLIN-V2-S244-FORMULA-0419,O007-FREMLIN-V2-S244,O007-RIGHTS-FREMLIN-DSL,O007-FREMLIN-V2-S244-SEG-244J,419,244J,244J,484,499,16835,16838,18146,18149,T,T,e632b7095b0bf32c260fa4c539e9fd7b852d0de454e9be26f24d0d6f91d069d3,e632b7095b0bf32c260fa4c539e9fd7b852d0de454e9be26f24d0d6f91d069d3,e632b7095b0bf32c260fa4c539e9fd7b852d0de454e9be26f24d0d6f91d069d3,$,,e632b7095b0bf32c260fa4c539e9fd7b852d0de454e9be26f24d0d6f91d069d3,e632b7095b0bf32c260fa4c539e9fd7b852d0de454e9be26f24d0d6f91d069d3,"{""basis"":""ordered nested-math atom; exact symbolic replay"",""kind"":""source-target-formula-map""}"
1.1.0,formula,O007-FREMLIN-V2-S244-FORMULA-0420,O007-FREMLIN-V2-S244,O007-RIGHTS-FREMLIN-DSL,O007-FREMLIN-V2-S244-SEG-244J,420,244J,244J,484,499,16844,16849,18155,18160,L^q,L^q,9e3d7978b29768e15913c052c640f1de1f1b752ada76b84d712e09e36b09ecbb,9e3d7978b29768e15913c052c640f1de1f1b752ada76b84d712e09e36b09ecbb,9e3d7978b29768e15913c052c640f1de1f1b752ada76b84d712e09e36b09ecbb,$,,9e3d7978b29768e15913c052c640f1de1f1b752ada76b84d712e09e36b09ecbb,9e3d7978b29768e15913c052c640f1de1f1b752ada76b84d712e09e36b09ecbb,"{""basis"":""ordered nested-math atom; exact symbolic replay"",""kind"":""source-target-formula-map""}"
1.1.0,formula,O007-FREMLIN-V2-S244-FORMULA-0421,O007-FREMLIN-V2-S244,O007-RIGHTS-FREMLIN-DSL,O007-FREMLIN-V2-S244-SEG-244J,421,244J,244J,485,500,16875,16884,18184,18193,(L^p)^*,(L^p)^*,408bd3d8a1888264af54233d67eb99eaddf47c72cf263867de149f7c882dec35,408bd3d8a1888264af54233d67eb99eaddf47c72cf263867de149f7c882dec35,408bd3d8a1888264af54233d67eb99eaddf47c72cf263867de149f7c882dec35,$,,408bd3d8a1888264af54233d67eb99eaddf47c72cf263867de149f7c882dec35,408bd3d8a1888264af54233d67eb99eaddf47c72cf263867de149f7c882dec35,"{""basis"":""ordered nested-math atom; exact symbolic replay"",""kind"":""source-target-formula-map""}"
1.1.0,formula,O007-FREMLIN-V2-S244-FORMULA-0422,O007-FREMLIN-V2-S244,O007-RIGHTS-FREMLIN-DSL,O007-FREMLIN-V2-S244-SEG-244J,422,244J,244J,485,500,16888,16893,18199,18204,L^p,L^p,0de1bee007df208a54c85a6cf3aa6c06e2a922620965a43478a0496c27e05aa0,0de1bee007df208a54c85a6cf3aa6c06e2a922620965a43478a0496c27e05aa0,0de1bee007df208a54c85a6cf3aa6c06e2a922620965a43478a0496c27e05aa0,$,,0de1bee007df208a54c85a6cf3aa6c06e2a922620965a43478a0496c27e05aa0,0de1bee007df208a54c85a6cf3aa6c06e2a922620965a43478a0496c27e05aa0,"{""basis"":""ordered nested-math atom; exact symbolic replay"",""kind"":""source-target-formula-map""}"
1.1.0,formula,O007-FREMLIN-V2-S244-FORMULA-0423,O007-FREMLIN-V2-S244,O007-RIGHTS-FREMLIN-DSL,O007-FREMLIN-V2-S244-SEG-244J,423,244J,244J,487,503,16925,16949,18252,18276,(Tv)(u)=\int u\times v,(Tv)(u)=\int u\times v,dd537e9f4b7faac2de247f14776a01462ac89d310cefb20aada18d8c78d50fbd,dd537e9f4b7faac2de247f14776a01462ac89d310cefb20aada18d8c78d50fbd,2e453d3ea9b6d8ef11b5da10cbc1672b1f8ec54db47e1aae065fdbc4409a77f0,$,,2e453d3ea9b6d8ef11b5da10cbc1672b1f8ec54db47e1aae065fdbc4409a77f0,2e453d3ea9b6d8ef11b5da10cbc1672b1f8ec54db47e1aae065fdbc4409a77f0,"{""basis"":""ordered nested-math atom; exact symbolic replay"",""kind"":""source-target-formula-map""}"
1.1.0,formula,O007-FREMLIN-V2-S244-FORMULA-0424,O007-FREMLIN-V2-S244,O007-RIGHTS-FREMLIN-DSL,O007-FREMLIN-V2-S244-SEG-244J,424,244J,244J,489,505,16970,16980,18301,18311,u\in L^p,u\in L^p,4469d02546c5a3713a6e8c8ca3450f7e0668cbbf9feecd60e8edc8273374d732,4469d02546c5a3713a6e8c8ca3450f7e0668cbbf9feecd60e8edc8273374d732,83d058857d4c97bd6f1fedebc4dcdd11ca86543e060bf49873ecc26aa8e274c1,$,,83d058857d4c97bd6f1fedebc4dcdd11ca86543e060bf49873ecc26aa8e274c1,83d058857d4c97bd6f1fedebc4dcdd11ca86543e060bf49873ecc26aa8e274c1,"{""basis"":""ordered nested-math atom; exact symbolic replay"",""kind"":""source-target-formula-map""}"
1.1.0,formula,O007-FREMLIN-V2-S244-FORMULA-0425,O007-FREMLIN-V2-S244,O007-RIGHTS-FREMLIN-DSL,O007-FREMLIN-V2-S244-SEG-244J,425,244J,244J,489,505,16985,16995,18316,18326,v\in L^q,v\in L^q,8730972ea43230fd6234ab2e4c439b34c4f58d6ff5d59f2264922bb4daef3ae6,8730972ea43230fd6234ab2e4c439b34c4f58d6ff5d59f2264922bb4daef3ae6,f0935e326e61259154d4715ed203db01065179fa9230284a44fea77673a8345c,$,,f0935e326e61259154d4715ed203db01065179fa9230284a44fea77673a8345c,f0935e326e61259154d4715ed203db01065179fa9230284a44fea77673a8345c,"{""basis"":""ordered nested-math atom; exact symbolic replay"",""kind"":""source-target-formula-map""}"
1.1.0,formula,O007-FREMLIN-V2-S244-FORMULA-0426,O007-FREMLIN-V2-S244,O007-RIGHTS-FREMLIN-DSL,O007-FREMLIN-V2-S244-SEG-244K,426,244K,244K,492,508,17053,17069,18396,18412,"(X,\Sigma,\mu)","(X,\Sigma,\mu)",05e9b769403b4c7926a944d5aaa03f00bb216412bc3f850e41b3c28de657aa67,05e9b769403b4c7926a944d5aaa03f00bb216412bc3f850e41b3c28de657aa67,05e9b769403b4c7926a944d5aaa03f00bb216412bc3f850e41b3c28de657aa67,$,,05e9b769403b4c7926a944d5aaa03f00bb216412bc3f850e41b3c28de657aa67,05e9b769403b4c7926a944d5aaa03f00bb216412bc3f850e41b3c28de657aa67,"{""basis"":""ordered nested-math atom; exact symbolic replay"",""kind"":""source-target-formula-map""}"
1.1.0,formula,O007-FREMLIN-V2-S244-FORMULA-0427,O007-FREMLIN-V2-S244,O007-RIGHTS-FREMLIN-DSL,O007-FREMLIN-V2-S244-SEG-244K,427,244K,244K,493,509,17094,17116,18435,18457,"p\in\ooint{1,\infty}","p\in\ooint{1,\infty}",b26ec130e99a291da75f46354a0a86a5b604537ec8e83ade5c90b74f8a59770e,b26ec130e99a291da75f46354a0a86a5b604537ec8e83ade5c90b74f8a59770e,b26ec130e99a291da75f46354a0a86a5b604537ec8e83ade5c90b74f8a59770e,$,,b26ec130e99a291da75f46354a0a86a5b604537ec8e83ade5c90b74f8a59770e,b26ec130e99a291da75f46354a0a86a5b604537ec8e83ade5c90b74f8a59770e,"{""basis"":""ordered nested-math atom; exact symbolic replay"",""kind"":""source-target-formula-map""}"
1.1.0,formula,O007-FREMLIN-V2-S244-FORMULA-0428,O007-FREMLIN-V2-S244,O007-RIGHTS-FREMLIN-DSL,O007-FREMLIN-V2-S244-SEG-244K,428,244K,244K,493,509,17123,17134,18468,18479,q=p/(p-1),q=p/(p-1),d7aa0b2a7604ff1cb280ab9cfecbf80cbf586a415ba605980c92c346130d471d,d7aa0b2a7604ff1cb280ab9cfecbf80cbf586a415ba605980c92c346130d471d,d7aa0b2a7604ff1cb280ab9cfecbf80cbf586a415ba605980c92c346130d471d,$,,d7aa0b2a7604ff1cb280ab9cfecbf80cbf586a415ba605980c92c346130d471d,d7aa0b2a7604ff1cb280ab9cfecbf80cbf586a415ba605980c92c346130d471d,"{""basis"":""ordered nested-math atom; exact symbolic replay"",""kind"":""source-target-formula-map""}"
1.1.0,formula,O007-FREMLIN-V2-S244-FORMULA-0429,O007-FREMLIN-V2-S244,O007-RIGHTS-FREMLIN-DSL,O007-FREMLIN-V2-S244-SEG-244K,429,244K,244K,494,510,17161,17187,18499,18525,T:L^q(\mu)\to L^p(\mu)^*,T:L^q(\mu)\to L^p(\mu)^*,857bcb891b18bf948678443877d961807518aa102cede7a2e6d871be438e2f56,857bcb891b18bf948678443877d961807518aa102cede7a2e6d871be438e2f56,c1bdbdeefddca2cedc051b997c9ec98ffe0d017016402c19b3f0062ba04ebdbf,$,,c1bdbdeefddca2cedc051b997c9ec98ffe0d017016402c19b3f0062ba04ebdbf,c1bdbdeefddca2cedc051b997c9ec98ffe0d017016402c19b3f0062ba04ebdbf,"{""basis"":""ordered nested-math atom; exact symbolic replay"",""kind"":""source-target-formula-map""}"
1.1.0,formula,O007-FREMLIN-V2-S244-FORMULA-0430,O007-FREMLIN-V2-S244,O007-RIGHTS-FREMLIN-DSL,O007-FREMLIN-V2-S244-SEG-244K,430,244K,244K,500,516,17361,17366,18725,18730,L^2,L^2,a245919be5634c2045be143ae60cc72ed7255ab1dec02db787fafef533d07baf,a245919be5634c2045be143ae60cc72ed7255ab1dec02db787fafef533d07baf,a245919be5634c2045be143ae60cc72ed7255ab1dec02db787fafef533d07baf,$,,a245919be5634c2045be143ae60cc72ed7255ab1dec02db787fafef533d07baf,a245919be5634c2045be143ae60cc72ed7255ab1dec02db787fafef533d07baf,"{""basis"":""ordered nested-math atom; exact symbolic replay"",""kind"":""source-target-formula-map""}"
1.1.0,formula,O007-FREMLIN-V2-S244-FORMULA-0431,O007-FREMLIN-V2-S244,O007-RIGHTS-FREMLIN-DSL,O007-FREMLIN-V2-S244-SEG-244K,431,244K,244K,501,517,17439,17446,18798,18805,p=q=2,p=q=2,03820ff21d766cef309c1fc7b3dec16aea719536951423c9775f93ad45234c85,03820ff21d766cef309c1fc7b3dec16aea719536951423c9775f93ad45234c85,03820ff21d766cef309c1fc7b3dec16aea719536951423c9775f93ad45234c85,$,,03820ff21d766cef309c1fc7b3dec16aea719536951423c9775f93ad45234c85,03820ff21d766cef309c1fc7b3dec16aea719536951423c9775f93ad45234c85,"{""basis"":""ordered nested-math atom; exact symbolic replay"",""kind"":""source-target-formula-map""}"
1.1.0,formula,O007-FREMLIN-V2-S244-FORMULA-0432,O007-FREMLIN-V2-S244,O007-RIGHTS-FREMLIN-DSL,O007-FREMLIN-V2-S244-SEG-244K,432,244K,244K,505,521,17577,17580,18940,18943,T,T,e632b7095b0bf32c260fa4c539e9fd7b852d0de454e9be26f24d0d6f91d069d3,e632b7095b0bf32c260fa4c539e9fd7b852d0de454e9be26f24d0d6f91d069d3,e632b7095b0bf32c260fa4c539e9fd7b852d0de454e9be26f24d0d6f91d069d3,$,,e632b7095b0bf32c260fa4c539e9fd7b852d0de454e9be26f24d0d6f91d069d3,e632b7095b0bf32c260fa4c539e9fd7b852d0de454e9be26f24d0d6f91d069d3,"{""basis"":""ordered nested-math atom; exact symbolic replay"",""kind"":""source-target-formula-map""}"
1.1.0,formula,O007-FREMLIN-V2-S244-FORMULA-0433,O007-FREMLIN-V2-S244,O007-RIGHTS-FREMLIN-DSL,O007-FREMLIN-V2-S244-SEG-244K,433,244K,244K,506,522,17626,17629,19005,19008,1,1,6b86b273ff34fce19d6b804eff5a3f5747ada4eaa22f1d49c01e52ddb7875b4b,6b86b273ff34fce19d6b804eff5a3f5747ada4eaa22f1d49c01e52ddb7875b4b,6b86b273ff34fce19d6b804eff5a3f5747ada4eaa22f1d49c01e52ddb7875b4b,$,,6b86b273ff34fce19d6b804eff5a3f5747ada4eaa22f1d49c01e52ddb7875b4b,6b86b273ff34fce19d6b804eff5a3f5747ada4eaa22f1d49c01e52ddb7875b4b,"{""basis"":""ordered nested-math atom; exact symbolic replay"",""kind"":""source-target-formula-map""}"
1.1.0,formula,O007-FREMLIN-V2-S244-FORMULA-0434,O007-FREMLIN-V2-S244,O007-RIGHTS-FREMLIN-DSL,O007-FREMLIN-V2-S244-SEG-244K,434,244K,244K,506,522,17656,17659,19043,19046,T,T,e632b7095b0bf32c260fa4c539e9fd7b852d0de454e9be26f24d0d6f91d069d3,e632b7095b0bf32c260fa4c539e9fd7b852d0de454e9be26f24d0d6f91d069d3,e632b7095b0bf32c260fa4c539e9fd7b852d0de454e9be26f24d0d6f91d069d3,$,,e632b7095b0bf32c260fa4c539e9fd7b852d0de454e9be26f24d0d6f91d069d3,e632b7095b0bf32c260fa4c539e9fd7b852d0de454e9be26f24d0d6f91d069d3,"{""basis"":""ordered nested-math atom; exact symbolic replay"",""kind"":""source-target-formula-map""}"
1.1.0,formula,O007-FREMLIN-V2-S244-FORMULA-0435,O007-FREMLIN-V2-S244,O007-RIGHTS-FREMLIN-DSL,O007-FREMLIN-V2-S244-SEG-244K,435,244K,244K,507,523,17699,17715,19087,19103,\|Tv\|=\|v\|_q,\|Tv\|=\|v\|_q,569c947c158a8f7ac08ec3b861dedf8bfeb749542c70f6aa000f3862d96858fd,569c947c158a8f7ac08ec3b861dedf8bfeb749542c70f6aa000f3862d96858fd,569c947c158a8f7ac08ec3b861dedf8bfeb749542c70f6aa000f3862d96858fd,$,,569c947c158a8f7ac08ec3b861dedf8bfeb749542c70f6aa000f3862d96858fd,569c947c158a8f7ac08ec3b861dedf8bfeb749542c70f6aa000f3862d96858fd,"{""basis"":""ordered nested-math atom; exact symbolic replay"",""kind"":""source-target-formula-map""}"
1.1.0,formula,O007-FREMLIN-V2-S244-FORMULA-0436,O007-FREMLIN-V2-S244,O007-RIGHTS-FREMLIN-DSL,O007-FREMLIN-V2-S244-SEG-244K,436,244K,244K,507,524,17726,17736,19117,19127,v\in L^q,v\in L^q,8730972ea43230fd6234ab2e4c439b34c4f58d6ff5d59f2264922bb4daef3ae6,8730972ea43230fd6234ab2e4c439b34c4f58d6ff5d59f2264922bb4daef3ae6,f0935e326e61259154d4715ed203db01065179fa9230284a44fea77673a8345c,$,,f0935e326e61259154d4715ed203db01065179fa9230284a44fea77673a8345c,f0935e326e61259154d4715ed203db01065179fa9230284a44fea77673a8345c,"{""basis"":""ordered nested-math atom; exact symbolic replay"",""kind"":""source-target-formula-map""}"
1.1.0,formula,O007-FREMLIN-V2-S244-FORMULA-0437,O007-FREMLIN-V2-S244,O007-RIGHTS-FREMLIN-DSL,O007-FREMLIN-V2-S244-SEG-244K,437,244K,244K,508,524,17773,17776,19168,19171,T,T,e632b7095b0bf32c260fa4c539e9fd7b852d0de454e9be26f24d0d6f91d069d3,e632b7095b0bf32c260fa4c539e9fd7b852d0de454e9be26f24d0d6f91d069d3,e632b7095b0bf32c260fa4c539e9fd7b852d0de454e9be26f24d0d6f91d069d3,$,,e632b7095b0bf32c260fa4c539e9fd7b852d0de454e9be26f24d0d6f91d069d3,e632b7095b0bf32c260fa4c539e9fd7b852d0de454e9be26f24d0d6f91d069d3,"{""basis"":""ordered nested-math atom; exact symbolic replay"",""kind"":""source-target-formula-map""}"
1.1.0,formula,O007-FREMLIN-V2-S244-FORMULA-0438,O007-FREMLIN-V2-S244,O007-RIGHTS-FREMLIN-DSL,O007-FREMLIN-V2-S244-SEG-244K,438,244K,244K,508,525,17800,17803,19192,19195,T,T,e632b7095b0bf32c260fa4c539e9fd7b852d0de454e9be26f24d0d6f91d069d3,e632b7095b0bf32c260fa4c539e9fd7b852d0de454e9be26f24d0d6f91d069d3,e632b7095b0bf32c260fa4c539e9fd7b852d0de454e9be26f24d0d6f91d069d3,$,,e632b7095b0bf32c260fa4c539e9fd7b852d0de454e9be26f24d0d6f91d069d3,e632b7095b0bf32c260fa4c539e9fd7b852d0de454e9be26f24d0d6f91d069d3,"{""basis"":""ordered nested-math atom; exact symbolic replay"",""kind"":""source-target-formula-map""}"
1.1.0,formula,O007-FREMLIN-V2-S244-FORMULA-0439,O007-FREMLIN-V2-S244,O007-RIGHTS-FREMLIN-DSL,O007-FREMLIN-V2-S244-SEG-244K,439,244K,244K,513,530,17896,17906,19307,19317,v\in L^q,v\in L^q,8730972ea43230fd6234ab2e4c439b34c4f58d6ff5d59f2264922bb4daef3ae6,8730972ea43230fd6234ab2e4c439b34c4f58d6ff5d59f2264922bb4daef3ae6,f0935e326e61259154d4715ed203db01065179fa9230284a44fea77673a8345c,$,,f0935e326e61259154d4715ed203db01065179fa9230284a44fea77673a8345c,f0935e326e61259154d4715ed203db01065179fa9230284a44fea77673a8345c,"{""basis"":""ordered nested-math atom; exact symbolic replay"",""kind"":""source-target-formula-map""}"
1.1.0,formula,O007-FREMLIN-V2-S244-FORMULA-0440,O007-FREMLIN-V2-S244,O007-RIGHTS-FREMLIN-DSL,O007-FREMLIN-V2-S244-SEG-244K,440,244K,244K,514,531,17938,17949,19362,19373,p=q/(q-1),p=q/(q-1),4acbe1cea7fa74948cf38ba9b00987e95f60f5ef502b9ee96d34c404f33ad00d,4acbe1cea7fa74948cf38ba9b00987e95f60f5ef502b9ee96d34c404f33ad00d,4acbe1cea7fa74948cf38ba9b00987e95f60f5ef502b9ee96d34c404f33ad00d,$,,4acbe1cea7fa74948cf38ba9b00987e95f60f5ef502b9ee96d34c404f33ad00d,4acbe1cea7fa74948cf38ba9b00987e95f60f5ef502b9ee96d34c404f33ad00d,"{""basis"":""ordered nested-math atom; exact symbolic replay"",""kind"":""source-target-formula-map""}"
1.1.0,formula,O007-FREMLIN-V2-S244-FORMULA-0441,O007-FREMLIN-V2-S244,O007-RIGHTS-FREMLIN-DSL,O007-FREMLIN-V2-S244-SEG-244K,441,244K,244K,515,531,17962,17972,19384,19394,u\in L^p,u\in L^p,4469d02546c5a3713a6e8c8ca3450f7e0668cbbf9feecd60e8edc8273374d732,4469d02546c5a3713a6e8c8ca3450f7e0668cbbf9feecd60e8edc8273374d732,83d058857d4c97bd6f1fedebc4dcdd11ca86543e060bf49873ecc26aa8e274c1,$,,83d058857d4c97bd6f1fedebc4dcdd11ca86543e060bf49873ecc26aa8e274c1,83d058857d4c97bd6f1fedebc4dcdd11ca86543e060bf49873ecc26aa8e274c1,"{""basis"":""ordered nested-math atom; exact symbolic replay"",""kind"":""source-target-formula-map""}"
1.1.0,formula,O007-FREMLIN-V2-S244-FORMULA-0442,O007-FREMLIN-V2-S244,O007-RIGHTS-FREMLIN-DSL,O007-FREMLIN-V2-S244-SEG-244K,442,244K,244K,515,531,17983,17997,19415,19429,\|u\|_p\le 1,\|u\|_p\le 1,d73f5fe5fa849505495e92f7db79a04fbd4b73f4795ee6f25eefd1c1d3555e7e,d73f5fe5fa849505495e92f7db79a04fbd4b73f4795ee6f25eefd1c1d3555e7e,42cd3c202e0a1d17ac25a896174348228b3b4e172f9019316e9fce31063acced,$,,42cd3c202e0a1d17ac25a896174348228b3b4e172f9019316e9fce31063acced,42cd3c202e0a1d17ac25a896174348228b3b4e172f9019316e9fce31063acced,"{""basis"":""ordered nested-math atom; exact symbolic replay"",""kind"":""source-target-formula-map""}"
1.1.0,formula,O007-FREMLIN-V2-S244-FORMULA-0443,O007-FREMLIN-V2-S244,O007-RIGHTS-FREMLIN-DSL,O007-FREMLIN-V2-S244-SEG-244K,443,244K,244K,515,532,18002,18026,19434,19458,\int u\times v=\|v\|_q,\int u\times v=\|v\|_q,57001d7015621cf9b31cc0059d63bfd041930c9f72d70ff71c4c87e0cbc3828c,57001d7015621cf9b31cc0059d63bfd041930c9f72d70ff71c4c87e0cbc3828c,5661ea023349b0c337e8c2a1bc4e81b98a4de591f7f8f7107d8728b2d8167738,$,,5661ea023349b0c337e8c2a1bc4e81b98a4de591f7f8f7107d8728b2d8167738,5661ea023349b0c337e8c2a1bc4e81b98a4de591f7f8f7107d8728b2d8167738,"{""basis"":""ordered nested-math atom; exact symbolic replay"",""kind"":""source-target-formula-map""}"
1.1.0,formula,O007-FREMLIN-V2-S244-FORMULA-0444,O007-FREMLIN-V2-S244,O007-RIGHTS-FREMLIN-DSL,O007-FREMLIN-V2-S244-SEG-244K,444,244K,244K,516,533,18033,18060,19465,19492,\|Tv\|\ge (Tv)(u)=\|v\|_q,\|Tv\|\ge (Tv)(u)=\|v\|_q,98fcfa365263cce8c6d0265f6c8dfe7528ac5f4338a23b4b3c5950964903f754,98fcfa365263cce8c6d0265f6c8dfe7528ac5f4338a23b4b3c5950964903f754,ad98e762dc6af9d028a740c6e7cec7915aa327ea82978556c1364010725f553d,$,,ad98e762dc6af9d028a740c6e7cec7915aa327ea82978556c1364010725f553d,ad98e762dc6af9d028a740c6e7cec7915aa327ea82978556c1364010725f553d,"{""basis"":""ordered nested-math atom; exact symbolic replay"",""kind"":""source-target-formula-map""}"
1.1.0,formula,O007-FREMLIN-V2-S244-FORMULA-0445,O007-FREMLIN-V2-S244,O007-RIGHTS-FREMLIN-DSL,O007-FREMLIN-V2-S244-SEG-244K,445,244K,244K,517,534,18088,18106,19529,19547,\|Tv\|\le\|v\|_q,\|Tv\|\le\|v\|_q,f96f2a126b881b68532bb294fc5f34fba7899606fb5bd4b7b5a8e8d367f13372,f96f2a126b881b68532bb294fc5f34fba7899606fb5bd4b7b5a8e8d367f13372,f96f2a126b881b68532bb294fc5f34fba7899606fb5bd4b7b5a8e8d367f13372,$,,f96f2a126b881b68532bb294fc5f34fba7899606fb5bd4b7b5a8e8d367f13372,f96f2a126b881b68532bb294fc5f34fba7899606fb5bd4b7b5a8e8d367f13372,"{""basis"":""ordered nested-math atom; exact symbolic replay"",""kind"":""source-target-formula-map""}"
1.1.0,formula,O007-FREMLIN-V2-S244-FORMULA-0446,O007-FREMLIN-V2-S244,O007-RIGHTS-FREMLIN-DSL,O007-FREMLIN-V2-S244-SEG-244K,446,244K,244K,517,534,18116,18132,19564,19580,\|Tv\|=\|v\|_q,\|Tv\|=\|v\|_q,569c947c158a8f7ac08ec3b861dedf8bfeb749542c70f6aa000f3862d96858fd,569c947c158a8f7ac08ec3b861dedf8bfeb749542c70f6aa000f3862d96858fd,569c947c158a8f7ac08ec3b861dedf8bfeb749542c70f6aa000f3862d96858fd,$,,569c947c158a8f7ac08ec3b861dedf8bfeb749542c70f6aa000f3862d96858fd,569c947c158a8f7ac08ec3b861dedf8bfeb749542c70f6aa000f3862d96858fd,"{""basis"":""ordered nested-math atom; exact symbolic replay"",""kind"":""source-target-formula-map""}"
1.1.0,formula,O007-FREMLIN-V2-S244-FORMULA-0447,O007-FREMLIN-V2-S244,O007-RIGHTS-FREMLIN-DSL,O007-FREMLIN-V2-S244-SEG-244K,447,244K,244K,517,534,18143,18146,19594,19597,v,v,4c94485e0c21ae6c41ce1dfe7b6bfaceea5ab68e40a2476f50208e526f506080,4c94485e0c21ae6c41ce1dfe7b6bfaceea5ab68e40a2476f50208e526f506080,4c94485e0c21ae6c41ce1dfe7b6bfaceea5ab68e40a2476f50208e526f506080,$,,4c94485e0c21ae6c41ce1dfe7b6bfaceea5ab68e40a2476f50208e526f506080,4c94485e0c21ae6c41ce1dfe7b6bfaceea5ab68e40a2476f50208e526f506080,"{""basis"":""ordered nested-math atom; exact symbolic replay"",""kind"":""source-target-formula-map""}"
1.1.0,formula,O007-FREMLIN-V2-S244-FORMULA-0448,O007-FREMLIN-V2-S244,O007-RIGHTS-FREMLIN-DSL,O007-FREMLIN-V2-S244-SEG-244K,448,244K,244K,517,535,18152,18155,19603,19606,T,T,e632b7095b0bf32c260fa4c539e9fd7b852d0de454e9be26f24d0d6f91d069d3,e632b7095b0bf32c260fa4c539e9fd7b852d0de454e9be26f24d0d6f91d069d3,e632b7095b0bf32c260fa4c539e9fd7b852d0de454e9be26f24d0d6f91d069d3,$,,e632b7095b0bf32c260fa4c539e9fd7b852d0de454e9be26f24d0d6f91d069d3,e632b7095b0bf32c260fa4c539e9fd7b852d0de454e9be26f24d0d6f91d069d3,"{""basis"":""ordered nested-math atom; exact symbolic replay"",""kind"":""source-target-formula-map""}"
1.1.0,formula,O007-FREMLIN-V2-S244-FORMULA-0449,O007-FREMLIN-V2-S244,O007-RIGHTS-FREMLIN-DSL,O007-FREMLIN-V2-S244-SEG-244K,449,244K,244K,523,540,18259,18276,19712,19729,T:L^q\to(L^p)^*,T:L^q\to(L^p)^*,3a9dfec9198c6141400a3ce7e5c2e13a2f17da06b5ccb32200a331689d51b22f,3a9dfec9198c6141400a3ce7e5c2e13a2f17da06b5ccb32200a331689d51b22f,3a9dfec9198c6141400a3ce7e5c2e13a2f17da06b5ccb32200a331689d51b22f,$,,3a9dfec9198c6141400a3ce7e5c2e13a2f17da06b5ccb32200a331689d51b22f,3a9dfec9198c6141400a3ce7e5c2e13a2f17da06b5ccb32200a331689d51b22f,"{""basis"":""ordered nested-math atom; exact symbolic replay"",""kind"":""source-target-formula-map""}"
1.1.0,formula,O007-FREMLIN-V2-S244-FORMULA-0450,O007-FREMLIN-V2-S244,O007-RIGHTS-FREMLIN-DSL,O007-FREMLIN-V2-S244-SEG-244K,450,244K,244K,523,540,18298,18312,19750,19764,h\in (L^p)^*,h\in (L^p)^*,a541d57dc7f0d105339023995071715048a5d85a2d8072eab178f171e2795664,a541d57dc7f0d105339023995071715048a5d85a2d8072eab178f171e2795664,1236d543eec2211b7df5f4d4a90428b0c159ddfac72ccaa4a04f866e1815f001,$,,1236d543eec2211b7df5f4d4a90428b0c159ddfac72ccaa4a04f866e1815f001,1236d543eec2211b7df5f4d4a90428b0c159ddfac72ccaa4a04f866e1815f001,"{""basis"":""ordered nested-math atom; exact symbolic replay"",""kind"":""source-target-formula-map""}"
1.1.0,formula,O007-FREMLIN-V2-S244-FORMULA-0451,O007-FREMLIN-V2-S244,O007-RIGHTS-FREMLIN-DSL,O007-FREMLIN-V2-S244-SEG-244K,451,244K,244K,524,541,18318,18327,19772,19781,\|h\|=1,\|h\|=1,b00482063f41ae0c78f912dd42accbe73d76b39ecb1663d03f0c3bab84769ef3,b00482063f41ae0c78f912dd42accbe73d76b39ecb1663d03f0c3bab84769ef3,b00482063f41ae0c78f912dd42accbe73d76b39ecb1663d03f0c3bab84769ef3,$,,b00482063f41ae0c78f912dd42accbe73d76b39ecb1663d03f0c3bab84769ef3,b00482063f41ae0c78f912dd42accbe73d76b39ecb1663d03f0c3bab84769ef3,"{""basis"":""ordered nested-math atom; exact symbolic replay"",""kind"":""source-target-formula-map""}"
1.1.0,formula,O007-FREMLIN-V2-S244-FORMULA-0452,O007-FREMLIN-V2-S244,O007-RIGHTS-FREMLIN-DSL,O007-FREMLIN-V2-S244-SEG-244K,452,244K,244K,526,543,18350,18353,19813,19816,h,h,aaa9402664f1a41f40ebbc52c9993eb66aeb366602958fdfaa283b71e64db123,aaa9402664f1a41f40ebbc52c9993eb66aeb366602958fdfaa283b71e64db123,aaa9402664f1a41f40ebbc52c9993eb66aeb366602958fdfaa283b71e64db123,$,,aaa9402664f1a41f40ebbc52c9993eb66aeb366602958fdfaa283b71e64db123,aaa9402664f1a41f40ebbc52c9993eb66aeb366602958fdfaa283b71e64db123,"{""basis"":""ordered nested-math atom; exact symbolic replay"",""kind"":""source-target-formula-map""}"
1.1.0,formula,O007-FREMLIN-V2-S244-FORMULA-0453,O007-FREMLIN-V2-S244,O007-RIGHTS-FREMLIN-DSL,O007-FREMLIN-V2-S244-SEG-244K,453,244K,244K,527,544,18412,18415,19901,19904,X,X,4b68ab3847feda7d6c62c1fbcbeebfa35eab7351ed5e78f4ddadea5df64b8015,4b68ab3847feda7d6c62c1fbcbeebfa35eab7351ed5e78f4ddadea5df64b8015,4b68ab3847feda7d6c62c1fbcbeebfa35eab7351ed5e78f4ddadea5df64b8015,$,,4b68ab3847feda7d6c62c1fbcbeebfa35eab7351ed5e78f4ddadea5df64b8015,4b68ab3847feda7d6c62c1fbcbeebfa35eab7351ed5e78f4ddadea5df64b8015,"{""basis"":""ordered nested-math atom; exact symbolic replay"",""kind"":""source-target-formula-map""}"
1.1.0,formula,O007-FREMLIN-V2-S244-FORMULA-0454,O007-FREMLIN-V2-S244,O007-RIGHTS-FREMLIN-DSL,O007-FREMLIN-V2-S244-SEG-244K,454,244K,244K,529,545,18477,18494,19961,19978,\sequencen{E_n},\sequencen{E_n},fb72efffaef2718f064f6738776455109a431cf083b415e4e69d96004f7fe54f,fb72efffaef2718f064f6738776455109a431cf083b415e4e69d96004f7fe54f,fb72efffaef2718f064f6738776455109a431cf083b415e4e69d96004f7fe54f,$,,fb72efffaef2718f064f6738776455109a431cf083b415e4e69d96004f7fe54f,fb72efffaef2718f064f6738776455109a431cf083b415e4e69d96004f7fe54f,"{""basis"":""ordered nested-math atom; exact symbolic replay"",""kind"":""source-target-formula-map""}"
1.1.0,formula,O007-FREMLIN-V2-S244-FORMULA-0455,O007-FREMLIN-V2-S244,O007-RIGHTS-FREMLIN-DSL,O007-FREMLIN-V2-S244-SEG-244K,455,244K,244K,530,546,18531,18551,20030,20050,h(f^{\ssbullet})=0,h(f^{\ssbullet})=0,e24a251e4bb91c1242b6a7da315bf0bff6304c0df6fbcd79d3ee17774831849a,e24a251e4bb91c1242b6a7da315bf0bff6304c0df6fbcd79d3ee17774831849a,e24a251e4bb91c1242b6a7da315bf0bff6304c0df6fbcd79d3ee17774831849a,$,,e24a251e4bb91c1242b6a7da315bf0bff6304c0df6fbcd79d3ee17774831849a,e24a251e4bb91c1242b6a7da315bf0bff6304c0df6fbcd79d3ee17774831849a,"{""basis"":""ordered nested-math atom; exact symbolic replay"",""kind"":""source-target-formula-map""}"
1.1.0,formula,O007-FREMLIN-V2-S244-FORMULA-0456,O007-FREMLIN-V2-S244,O007-RIGHTS-FREMLIN-DSL,O007-FREMLIN-V2-S244-SEG-244K,456,244K,244K,530,547,18561,18576,20063,20078,f\in\eusm L^p,f\in\eusm L^p,3e7f6d60c2e44edcbf6d30822f4d7ea0a718edd1edcf7fd8077c0ab53cd55791,3e7f6d60c2e44edcbf6d30822f4d7ea0a718edd1edcf7fd8077c0ab53cd55791,7833071826170ae2087a6c03ab8437e0aa3edba5b705fb456eebf342fd043404,$,,7833071826170ae2087a6c03ab8437e0aa3edba5b705fb456eebf342fd043404,7833071826170ae2087a6c03ab8437e0aa3edba5b705fb456eebf342fd043404,"{""basis"":""ordered nested-math atom; exact symbolic replay"",""kind"":""source-target-formula-map""}"
1.1.0,formula,O007-FREMLIN-V2-S244-FORMULA-0457,O007-FREMLIN-V2-S244,O007-RIGHTS-FREMLIN-DSL,O007-FREMLIN-V2-S244-SEG-244K,457,244K,244K,530,547,18581,18589,20083,20091,f(x)=0,f(x)=0,e5756418b1e59d841319136834c3daeb0da00f4430384971418ff0c9612d7f32,e5756418b1e59d841319136834c3daeb0da00f4430384971418ff0c9612d7f32,e5756418b1e59d841319136834c3daeb0da00f4430384971418ff0c9612d7f32,$,,e5756418b1e59d841319136834c3daeb0da00f4430384971418ff0c9612d7f32,e5756418b1e59d841319136834c3daeb0da00f4430384971418ff0c9612d7f32,"{""basis"":""ordered nested-math atom; exact symbolic replay"",""kind"":""source-target-formula-map""}"
1.1.0,formula,O007-FREMLIN-V2-S244-FORMULA-0458,O007-FREMLIN-V2-S244,O007-RIGHTS-FREMLIN-DSL,O007-FREMLIN-V2-S244-SEG-244K,458,244K,244K,531,548,18594,18623,20098,20127,x\in\bigcup_{n\in\Bbb N}E_n,x\in\bigcup_{n\in\Bbb N}E_n,7a25d234bc2367bf7fe2bd139396660c993dd13baac5c9ffd9f2c58934856ddc,7a25d234bc2367bf7fe2bd139396660c993dd13baac5c9ffd9f2c58934856ddc,8fc3c0e5538bea012c559f830c25046fa580f8f36b58bce8a675d459fc3aeda4,$,,8fc3c0e5538bea012c559f830c25046fa580f8f36b58bce8a675d459fc3aeda4,8fc3c0e5538bea012c559f830c25046fa580f8f36b58bce8a675d459fc3aeda4,"{""basis"":""ordered nested-math atom; exact symbolic replay"",""kind"":""source-target-formula-map""}"
1.1.0,formula,O007-FREMLIN-V2-S244-FORMULA-0459,O007-FREMLIN-V2-S244,O007-RIGHTS-FREMLIN-DSL,O007-FREMLIN-V2-S244-SEG-244K,459,244K,244K,532,549,18651,18668,20155,20172,\sequencen{u_n},\sequencen{u_n},8584c28204bf0549bc0bf7facc891d2ce9654a5ab47ae04d87ac131615ae2972,8584c28204bf0549bc0bf7facc891d2ce9654a5ab47ae04d87ac131615ae2972,8584c28204bf0549bc0bf7facc891d2ce9654a5ab47ae04d87ac131615ae2972,$,,8584c28204bf0549bc0bf7facc891d2ce9654a5ab47ae04d87ac131615ae2972,8584c28204bf0549bc0bf7facc891d2ce9654a5ab47ae04d87ac131615ae2972,"{""basis"":""ordered nested-math atom; exact symbolic replay"",""kind"":""source-target-formula-map""}"
1.1.0,formula,O007-FREMLIN-V2-S244-FORMULA-0460,O007-FREMLIN-V2-S244,O007-RIGHTS-FREMLIN-DSL,O007-FREMLIN-V2-S244-SEG-244K,460,244K,244K,532,549,18672,18677,20179,20184,L^p,L^p,0de1bee007df208a54c85a6cf3aa6c06e2a922620965a43478a0496c27e05aa0,0de1bee007df208a54c85a6cf3aa6c06e2a922620965a43478a0496c27e05aa0,0de1bee007df208a54c85a6cf3aa6c06e2a922620965a43478a0496c27e05aa0,$,,0de1bee007df208a54c85a6cf3aa6c06e2a922620965a43478a0496c27e05aa0,0de1bee007df208a54c85a6cf3aa6c06e2a922620965a43478a0496c27e05aa0,"{""basis"":""ordered nested-math atom; exact symbolic replay"",""kind"":""source-target-formula-map""}"
1.1.0,formula,O007-FREMLIN-V2-S244-FORMULA-0461,O007-FREMLIN-V2-S244,O007-RIGHTS-FREMLIN-DSL,O007-FREMLIN-V2-S244-SEG-244K,461,244K,244K,532,549,18688,18704,20205,20221,\|u_n\|_p\le 1,\|u_n\|_p\le 1,6f559e0d48daf38b7a80021bc0fb59b9576b4b4bbde8811c2fe00811fc437696,6f559e0d48daf38b7a80021bc0fb59b9576b4b4bbde8811c2fe00811fc437696,0243fd39844293bbb6ed8981cce51e66687abb04a713ffa324740b04240618c4,$,,0243fd39844293bbb6ed8981cce51e66687abb04a713ffa324740b04240618c4,0243fd39844293bbb6ed8981cce51e66687abb04a713ffa324740b04240618c4,"{""basis"":""ordered nested-math atom; exact symbolic replay"",""kind"":""source-target-formula-map""}"
1.1.0,formula,O007-FREMLIN-V2-S244-FORMULA-0462,O007-FREMLIN-V2-S244,O007-RIGHTS-FREMLIN-DSL,O007-FREMLIN-V2-S244-SEG-244K,462,244K,244K,532,550,18715,18718,20235,20238,n,n,1b16b1df538ba12dc3f97edbb85caa7050d46c148134290feba80f8236c83db9,1b16b1df538ba12dc3f97edbb85caa7050d46c148134290feba80f8236c83db9,1b16b1df538ba12dc3f97edbb85caa7050d46c148134290feba80f8236c83db9,$,,1b16b1df538ba12dc3f97edbb85caa7050d46c148134290feba80f8236c83db9,1b16b1df538ba12dc3f97edbb85caa7050d46c148134290feba80f8236c83db9,"{""basis"":""ordered nested-math atom; exact symbolic replay"",""kind"":""source-target-formula-map""}"
1.1.0,formula,O007-FREMLIN-V2-S244-FORMULA-0463,O007-FREMLIN-V2-S244,O007-RIGHTS-FREMLIN-DSL,O007-FREMLIN-V2-S244-SEG-244K,463,244K,244K,533,550,18723,18756,20243,20276,\lim_{n\to\infty}h(u_n)=\|h\|=1,\lim_{n\to\infty}h(u_n)=\|h\|=1,d8eff8c508726536a545d60695af339b020614fcf94654979a56861b215db5a5,d8eff8c508726536a545d60695af339b020614fcf94654979a56861b215db5a5,d8eff8c508726536a545d60695af339b020614fcf94654979a56861b215db5a5,$,,d8eff8c508726536a545d60695af339b020614fcf94654979a56861b215db5a5,d8eff8c508726536a545d60695af339b020614fcf94654979a56861b215db5a5,"{""basis"":""ordered nested-math atom; exact symbolic replay"",""kind"":""source-target-formula-map""}"
1.1.0,formula,O007-FREMLIN-V2-S244-FORMULA-0464,O007-FREMLIN-V2-S244,O007-RIGHTS-FREMLIN-DSL,O007-FREMLIN-V2-S244-SEG-244K,464,244K,244K,534,551,18767,18770,20291,20294,n,n,1b16b1df538ba12dc3f97edbb85caa7050d46c148134290feba80f8236c83db9,1b16b1df538ba12dc3f97edbb85caa7050d46c148134290feba80f8236c83db9,1b16b1df538ba12dc3f97edbb85caa7050d46c148134290feba80f8236c83db9,$,,1b16b1df538ba12dc3f97edbb85caa7050d46c148134290feba80f8236c83db9,1b16b1df538ba12dc3f97edbb85caa7050d46c148134290feba80f8236c83db9,"{""basis"":""ordered nested-math atom; exact symbolic replay"",""kind"":""source-target-formula-map""}"
1.1.0,formula,O007-FREMLIN-V2-S244-FORMULA-0465,O007-FREMLIN-V2-S244,O007-RIGHTS-FREMLIN-DSL,O007-FREMLIN-V2-S244-SEG-244K,465,244K,244K,534,551,18780,18785,20305,20310,u_n,u_n,6dc51ddfc0590754e4d601ba2179fe035c66c5398ff84327758348a2e1dfd41d,6dc51ddfc0590754e4d601ba2179fe035c66c5398ff84327758348a2e1dfd41d,6dc51ddfc0590754e4d601ba2179fe035c66c5398ff84327758348a2e1dfd41d,$,,6dc51ddfc0590754e4d601ba2179fe035c66c5398ff84327758348a2e1dfd41d,6dc51ddfc0590754e4d601ba2179fe035c66c5398ff84327758348a2e1dfd41d,"{""basis"":""ordered nested-math atom; exact symbolic replay"",""kind"":""source-target-formula-map""}"
1.1.0,formula,O007-FREMLIN-V2-S244-FORMULA-0466,O007-FREMLIN-V2-S244,O007-RIGHTS-FREMLIN-DSL,O007-FREMLIN-V2-S244-SEG-244K,466,244K,244K,534,551,18789,18806,20319,20336,f_n^{\ssbullet},f_n^{\ssbullet},18e1a5667dc85c13702919b05247424e0a54603c1d3c8a0e7be50797751a3cd0,18e1a5667dc85c13702919b05247424e0a54603c1d3c8a0e7be50797751a3cd0,18e1a5667dc85c13702919b05247424e0a54603c1d3c8a0e7be50797751a3cd0,$,,18e1a5667dc85c13702919b05247424e0a54603c1d3c8a0e7be50797751a3cd0,18e1a5667dc85c13702919b05247424e0a54603c1d3c8a0e7be50797751a3cd0,"{""basis"":""ordered nested-math atom; exact symbolic replay"",""kind"":""source-target-formula-map""}"
1.1.0,formula,O007-FREMLIN-V2-S244-FORMULA-0467,O007-FREMLIN-V2-S244,O007-RIGHTS-FREMLIN-DSL,O007-FREMLIN-V2-S244-SEG-244K,467,244K,244K,534,552,18814,18830,20345,20361,f_n:X\to\Bbb R,f_n:X\to\Bbb R,4fcc84677ee8ee5103ba6ad437c2f17937e8f1949caffe1713a9f7f8dcc56c1d,4fcc84677ee8ee5103ba6ad437c2f17937e8f1949caffe1713a9f7f8dcc56c1d,a49636ec3fb2f9101e8639e56fca2e23a34b4d5efcd2a6f9569243c31933dd97,$,,a49636ec3fb2f9101e8639e56fca2e23a34b4d5efcd2a6f9569243c31933dd97,a49636ec3fb2f9101e8639e56fca2e23a34b4d5efcd2a6f9569243c31933dd97,"{""basis"":""ordered nested-math atom; exact symbolic replay"",""kind"":""source-target-formula-map""}"
1.1.0,formula,O007-FREMLIN-V2-S244-FORMULA-0468,O007-FREMLIN-V2-S244,O007-RIGHTS-FREMLIN-DSL,O007-FREMLIN-V2-S244-SEG-244K,468,244K,244K,537,554,18876,18920,20406,20450,E_n=\{x:\sum_{k=0}^n|f_k(x)|^p\ge 2^{-n}\},E_n=\{x:\sum_{k=0}^n|f_k(x)|^p\ge 2^{-n}\},260d513a2acd25d48deb2bf8c8ccb755d7b1e6ee4c2e5e64f24894b6b1ef6c13,260d513a2acd25d48deb2bf8c8ccb755d7b1e6ee4c2e5e64f24894b6b1ef6c13,81f3a9524aa2ef9d8d1090a440b45f8d196d276eb9de9b02a3eda618115599bc,$,,81f3a9524aa2ef9d8d1090a440b45f8d196d276eb9de9b02a3eda618115599bc,81f3a9524aa2ef9d8d1090a440b45f8d196d276eb9de9b02a3eda618115599bc,"{""basis"":""ordered nested-math atom; exact symbolic replay"",""kind"":""source-target-formula-map""}"
1.1.0,formula,O007-FREMLIN-V2-S244-FORMULA-0469,O007-FREMLIN-V2-S244,O007-RIGHTS-FREMLIN-DSL,O007-FREMLIN-V2-S244-SEG-244K,469,244K,244K,539,556,18937,18950,20469,20482,n\in \Bbb N,n\in \Bbb N,d444571019a59df3676ab8fa79443c91ca1b2d1e7854b7da0582da8094e8b20a,d444571019a59df3676ab8fa79443c91ca1b2d1e7854b7da0582da8094e8b20a,02bb197ae0de627eb1861382dcf81826f92f1895770d739be7f05b2435488186,$,,02bb197ae0de627eb1861382dcf81826f92f1895770d739be7f05b2435488186,02bb197ae0de627eb1861382dcf81826f92f1895770d739be7f05b2435488186,"{""basis"":""ordered nested-math atom; exact symbolic replay"",""kind"":""source-target-formula-map""}"
1.1.0,formula,O007-FREMLIN-V2-S244-FORMULA-0470,O007-FREMLIN-V2-S244,O007-RIGHTS-FREMLIN-DSL,O007-FREMLIN-V2-S244-SEG-244K,470,244K,244K,539,556,18962,18971,20491,20500,|f_k|^p,|f_k|^p,84322ef8496877fc3b0771da69fdb2588c59d3e25c76ffc5567c810b52aefdcb,84322ef8496877fc3b0771da69fdb2588c59d3e25c76ffc5567c810b52aefdcb,84322ef8496877fc3b0771da69fdb2588c59d3e25c76ffc5567c810b52aefdcb,$,,84322ef8496877fc3b0771da69fdb2588c59d3e25c76ffc5567c810b52aefdcb,84322ef8496877fc3b0771da69fdb2588c59d3e25c76ffc5567c810b52aefdcb,"{""basis"":""ordered nested-math atom; exact symbolic replay"",""kind"":""source-target-formula-map""}"
1.1.0,formula,O007-FREMLIN-V2-S244-FORMULA-0471,O007-FREMLIN-V2-S244,O007-RIGHTS-FREMLIN-DSL,O007-FREMLIN-V2-S244-SEG-244K,471,244K,244K,540,557,19016,19019,20544,20547,X,X,4b68ab3847feda7d6c62c1fbcbeebfa35eab7351ed5e78f4ddadea5df64b8015,4b68ab3847feda7d6c62c1fbcbeebfa35eab7351ed5e78f4ddadea5df64b8015,4b68ab3847feda7d6c62c1fbcbeebfa35eab7351ed5e78f4ddadea5df64b8015,$,,4b68ab3847feda7d6c62c1fbcbeebfa35eab7351ed5e78f4ddadea5df64b8015,4b68ab3847feda7d6c62c1fbcbeebfa35eab7351ed5e78f4ddadea5df64b8015,"{""basis"":""ordered nested-math atom; exact symbolic replay"",""kind"":""source-target-formula-map""}"
1.1.0,formula,O007-FREMLIN-V2-S244-FORMULA-0472,O007-FREMLIN-V2-S244,O007-RIGHTS-FREMLIN-DSL,O007-FREMLIN-V2-S244-SEG-244K,472,244K,244K,540,557,19030,19033,20561,20564,k,k,8254c329a92850f6d539dd376f4816ee2764517da5e0235514af433164480d7a,8254c329a92850f6d539dd376f4816ee2764517da5e0235514af433164480d7a,8254c329a92850f6d539dd376f4816ee2764517da5e0235514af433164480d7a,$,,8254c329a92850f6d539dd376f4816ee2764517da5e0235514af433164480d7a,8254c329a92850f6d539dd376f4816ee2764517da5e0235514af433164480d7a,"{""basis"":""ordered nested-math atom; exact symbolic replay"",""kind"":""source-target-formula-map""}"
1.1.0,formula,O007-FREMLIN-V2-S244-FORMULA-0473,O007-FREMLIN-V2-S244,O007-RIGHTS-FREMLIN-DSL,O007-FREMLIN-V2-S244-SEG-244K,473,244K,244K,540,557,19035,19050,20566,20581,E_n\in \Sigma,E_n\in \Sigma,3cf76f36227edf62e69fb36bd8017cd82852dd518d4a0e24b1049dd327b2820c,3cf76f36227edf62e69fb36bd8017cd82852dd518d4a0e24b1049dd327b2820c,686bc9e3100afb32f72bbf04788bcdb24f961ddb112b0b553ce53fd06bc66ea1,$,,686bc9e3100afb32f72bbf04788bcdb24f961ddb112b0b553ce53fd06bc66ea1,686bc9e3100afb32f72bbf04788bcdb24f961ddb112b0b553ce53fd06bc66ea1,"{""basis"":""ordered nested-math atom; exact symbolic replay"",""kind"":""source-target-formula-map""}"
1.1.0,formula,O007-FREMLIN-V2-S244-FORMULA-0474,O007-FREMLIN-V2-S244,O007-RIGHTS-FREMLIN-DSL,O007-FREMLIN-V2-S244-SEG-244K,474,244K,244K,540,558,19055,19071,20586,20602,"\mu
E_n<\infty",\mu E_n<\infty,01a6b24c95cc1c689258ce806c11697ac0ebf684a95eca6f121d9aa682cdb4da,69ac983c4887eed9c99dc6527a426eace8fb88033aa6d0e3850331a06cdf8eef,baf269f29b957999c7f429e626b7e28aa4e06f01bc3712518103cbd6ba23058a,$,,baf269f29b957999c7f429e626b7e28aa4e06f01bc3712518103cbd6ba23058a,baf269f29b957999c7f429e626b7e28aa4e06f01bc3712518103cbd6ba23058a,"{""basis"":""ordered nested-math atom; exact symbolic replay"",""kind"":""source-target-formula-map""}"
1.1.0,formula,O007-FREMLIN-V2-S244-FORMULA-0475,O007-FREMLIN-V2-S244,O007-RIGHTS-FREMLIN-DSL,O007-FREMLIN-V2-S244-SEG-244K,475,244K,244K,541,558,19081,19084,20616,20619,n,n,1b16b1df538ba12dc3f97edbb85caa7050d46c148134290feba80f8236c83db9,1b16b1df538ba12dc3f97edbb85caa7050d46c148134290feba80f8236c83db9,1b16b1df538ba12dc3f97edbb85caa7050d46c148134290feba80f8236c83db9,$,,1b16b1df538ba12dc3f97edbb85caa7050d46c148134290feba80f8236c83db9,1b16b1df538ba12dc3f97edbb85caa7050d46c148134290feba80f8236c83db9,"{""basis"":""ordered nested-math atom; exact symbolic replay"",""kind"":""source-target-formula-map""}"
1.1.0,formula,O007-FREMLIN-V2-S244-FORMULA-0476,O007-FREMLIN-V2-S244,O007-RIGHTS-FREMLIN-DSL,O007-FREMLIN-V2-S244-SEG-244K,476,244K,244K,543,560,19104,19122,20640,20658,f\in\eusm L^p(X),f\in\eusm L^p(X),6d438185bdd971f6aabc7e1037703cb192b2d8f7b33caea34f8e1ec793710180,6d438185bdd971f6aabc7e1037703cb192b2d8f7b33caea34f8e1ec793710180,d86a7a268e2fe9172084905cd493ae6d3dad8cd0a944aef123f4fab25aefeac8,$,,d86a7a268e2fe9172084905cd493ae6d3dad8cd0a944aef123f4fab25aefeac8,d86a7a268e2fe9172084905cd493ae6d3dad8cd0a944aef123f4fab25aefeac8,"{""basis"":""ordered nested-math atom; exact symbolic replay"",""kind"":""source-target-formula-map""}"
1.1.0,formula,O007-FREMLIN-V2-S244-FORMULA-0477,O007-FREMLIN-V2-S244,O007-RIGHTS-FREMLIN-DSL,O007-FREMLIN-V2-S244-SEG-244K,477,244K,244K,543,560,19132,19140,20663,20671,f(x)=0,f(x)=0,e5756418b1e59d841319136834c3daeb0da00f4430384971418ff0c9612d7f32,e5756418b1e59d841319136834c3daeb0da00f4430384971418ff0c9612d7f32,e5756418b1e59d841319136834c3daeb0da00f4430384971418ff0c9612d7f32,$,,e5756418b1e59d841319136834c3daeb0da00f4430384971418ff0c9612d7f32,e5756418b1e59d841319136834c3daeb0da00f4430384971418ff0c9612d7f32,"{""basis"":""ordered nested-math atom; exact symbolic replay"",""kind"":""source-target-formula-map""}"
1.1.0,formula,O007-FREMLIN-V2-S244-FORMULA-0478,O007-FREMLIN-V2-S244,O007-RIGHTS-FREMLIN-DSL,O007-FREMLIN-V2-S244-SEG-244K,478,244K,244K,544,561,19145,19174,20678,20707,x\in\bigcup_{n\in\Bbb N}E_n,x\in\bigcup_{n\in\Bbb N}E_n,7a25d234bc2367bf7fe2bd139396660c993dd13baac5c9ffd9f2c58934856ddc,7a25d234bc2367bf7fe2bd139396660c993dd13baac5c9ffd9f2c58934856ddc,8fc3c0e5538bea012c559f830c25046fa580f8f36b58bce8a675d459fc3aeda4,$,,8fc3c0e5538bea012c559f830c25046fa580f8f36b58bce8a675d459fc3aeda4,8fc3c0e5538bea012c559f830c25046fa580f8f36b58bce8a675d459fc3aeda4,"{""basis"":""ordered nested-math atom; exact symbolic replay"",""kind"":""source-target-formula-map""}"
1.1.0,formula,O007-FREMLIN-V2-S244-FORMULA-0479,O007-FREMLIN-V2-S244,O007-RIGHTS-FREMLIN-DSL,O007-FREMLIN-V2-S244-SEG-244K,479,244K,244K,544,562,19181,19205,20718,20742,u=f^{\ssbullet}\in L^p,u=f^{\ssbullet}\in L^p,79840191685e28338269d04963823b889271aa393081d79579ae523de804339b,79840191685e28338269d04963823b889271aa393081d79579ae523de804339b,c6145e139639772e593f54354a99d8baf0b59574d4652b5dbff4289fc7f39c5c,$,,c6145e139639772e593f54354a99d8baf0b59574d4652b5dbff4289fc7f39c5c,c6145e139639772e593f54354a99d8baf0b59574d4652b5dbff4289fc7f39c5c,"{""basis"":""ordered nested-math atom; exact symbolic replay"",""kind"":""source-target-formula-map""}"
1.1.0,formula,O007-FREMLIN-V2-S244-FORMULA-0480,O007-FREMLIN-V2-S244,O007-RIGHTS-FREMLIN-DSL,O007-FREMLIN-V2-S244-SEG-244K,480,244K,244K,545,563,19243,19254,20781,20792,h(u)\ne 0,h(u)\ne 0,a3cefa4aec0a6667f662ff85715649ec8510d62cebb325d8464e1b5e312d97b8,a3cefa4aec0a6667f662ff85715649ec8510d62cebb325d8464e1b5e312d97b8,34c97c2ac5fdb82502177ccfa2c2208c82a5c3a49450b9536c8831521f045a6c,$,,34c97c2ac5fdb82502177ccfa2c2208c82a5c3a49450b9536c8831521f045a6c,34c97c2ac5fdb82502177ccfa2c2208c82a5c3a49450b9536c8831521f045a6c,"{""basis"":""ordered nested-math atom; exact symbolic replay"",""kind"":""source-target-formula-map""}"
1.1.0,formula,O007-FREMLIN-V2-S244-FORMULA-0481,O007-FREMLIN-V2-S244,O007-RIGHTS-FREMLIN-DSL,O007-FREMLIN-V2-S244-SEG-244K,481,244K,244K,545,563,19269,19276,20805,20812,h(cu),h(cu),d8b8529b8320395de7b6cddb090a3a773bb99877bec5f8f9a471564449f88865,d8b8529b8320395de7b6cddb090a3a773bb99877bec5f8f9a471564449f88865,d8b8529b8320395de7b6cddb090a3a773bb99877bec5f8f9a471564449f88865,$,,d8b8529b8320395de7b6cddb090a3a773bb99877bec5f8f9a471564449f88865,d8b8529b8320395de7b6cddb090a3a773bb99877bec5f8f9a471564449f88865,"{""basis"":""ordered nested-math atom; exact symbolic replay"",""kind"":""source-target-formula-map""}"
1.1.0,formula,O007-FREMLIN-V2-S244-FORMULA-0482,O007-FREMLIN-V2-S244,O007-RIGHTS-FREMLIN-DSL,O007-FREMLIN-V2-S244-SEG-244K,482,244K,244K,547,565,19297,19315,20834,20852,\sgn c=\sgn h(u),\sgn c=\sgn h(u),e028122af021122703bef18cae000614bbc307b5c902fa66ca0fe8bf880ad0f2,e028122af021122703bef18cae000614bbc307b5c902fa66ca0fe8bf880ad0f2,0e42e7ebd15e7912e52665a22158501e6273e97ea0bab8e4c1c0c797427e14a2,$,,0e42e7ebd15e7912e52665a22158501e6273e97ea0bab8e4c1c0c797427e14a2,0e42e7ebd15e7912e52665a22158501e6273e97ea0bab8e4c1c0c797427e14a2,"{""basis"":""ordered nested-math atom; exact symbolic replay"",""kind"":""source-target-formula-map""}"
1.1.0,formula,O007-FREMLIN-V2-S244-FORMULA-0483,O007-FREMLIN-V2-S244,O007-RIGHTS-FREMLIN-DSL,O007-FREMLIN-V2-S244-SEG-244K,483,244K,244K,548,566,19322,19365,20859,20902,"0<|c|<(p\,|h(u)|\,\|u\|_p^{-p})^{1/(p-1)}","0<|c|<(p\,|h(u)|\,\|u\|_p^{-p})^{1/(p-1)}",0c1485583f4dd7dbf28351a27843ec20bab88643345d6b43bde5f1308ffc36fa,0c1485583f4dd7dbf28351a27843ec20bab88643345d6b43bde5f1308ffc36fa,0c1485583f4dd7dbf28351a27843ec20bab88643345d6b43bde5f1308ffc36fa,$,,0c1485583f4dd7dbf28351a27843ec20bab88643345d6b43bde5f1308ffc36fa,0c1485583f4dd7dbf28351a27843ec20bab88643345d6b43bde5f1308ffc36fa,"{""basis"":""ordered nested-math atom; exact symbolic replay"",""kind"":""source-target-formula-map""}"
1.1.0,formula,O007-FREMLIN-V2-S244-FORMULA-0484,O007-FREMLIN-V2-S244,O007-RIGHTS-FREMLIN-DSL,O007-FREMLIN-V2-S244-SEG-244K,484,244K,244K,550,568,19390,19404,20928,20942,\|u\|_p\ne 0,\|u\|_p\ne 0,e20280dad528aa66ff0145897d876612ce34c6a1e703d1234201dd66a9df449c,e20280dad528aa66ff0145897d876612ce34c6a1e703d1234201dd66a9df449c,4f96a67fab8f504dbba72ad227a11d811a1c6a1915af2041a924e085f14ef806,$,,4f96a67fab8f504dbba72ad227a11d811a1c6a1915af2041a924e085f14ef806,4f96a67fab8f504dbba72ad227a11d811a1c6a1915af2041a924e085f14ef806,"{""basis"":""ordered nested-math atom; exact symbolic replay"",""kind"":""source-target-formula-map""}"
1.1.0,formula,O007-FREMLIN-V2-S244-FORMULA-0485,O007-FREMLIN-V2-S244,O007-RIGHTS-FREMLIN-DSL,O007-FREMLIN-V2-S244-SEG-244K,485,244K,244K,550,568,19408,19419,20948,20959,h(u)\ne 0,h(u)\ne 0,a3cefa4aec0a6667f662ff85715649ec8510d62cebb325d8464e1b5e312d97b8,a3cefa4aec0a6667f662ff85715649ec8510d62cebb325d8464e1b5e312d97b8,34c97c2ac5fdb82502177ccfa2c2208c82a5c3a49450b9536c8831521f045a6c,$,,34c97c2ac5fdb82502177ccfa2c2208c82a5c3a49450b9536c8831521f045a6c,34c97c2ac5fdb82502177ccfa2c2208c82a5c3a49450b9536c8831521f045a6c,"{""basis"":""ordered nested-math atom; exact symbolic replay"",""kind"":""source-target-formula-map""}"
1.1.0,formula,O007-FREMLIN-V2-S244-FORMULA-0486,O007-FREMLIN-V2-S244,O007-RIGHTS-FREMLIN-DSL,O007-FREMLIN-V2-S244-SEG-244K,486,244K,244K,550,569,19433,19436,20975,20978,n,n,1b16b1df538ba12dc3f97edbb85caa7050d46c148134290feba80f8236c83db9,1b16b1df538ba12dc3f97edbb85caa7050d46c148134290feba80f8236c83db9,1b16b1df538ba12dc3f97edbb85caa7050d46c148134290feba80f8236c83db9,$,,1b16b1df538ba12dc3f97edbb85caa7050d46c148134290feba80f8236c83db9,1b16b1df538ba12dc3f97edbb85caa7050d46c148134290feba80f8236c83db9,"{""basis"":""ordered nested-math atom; exact symbolic replay"",""kind"":""source-target-formula-map""}"
1.1.0,formula,O007-FREMLIN-V2-S244-FORMULA-0487,O007-FREMLIN-V2-S244,O007-RIGHTS-FREMLIN-DSL,O007-FREMLIN-V2-S244-SEG-244K,487,244K,244K,553,571,19459,19531,21008,21080,"\{x:f_n(x)\ne 0\}\subseteq\bigcup_{m\in\Bbb
N}E_m\subseteq\{x:f(x)=0\}","\{x:f_n(x)\ne 0\}\subseteq\bigcup_{m\in\Bbb
N}E_m\subseteq\{x:f(x)=0\}",6500b9fa9f86978461ce95aa31d7d92c35a9800702e4d66b2728fbd800839c5a,6500b9fa9f86978461ce95aa31d7d92c35a9800702e4d66b2728fbd800839c5a,021c30f32c92f329def2182a3303ebe51c3663b0fd0902a5a24871e542a3e42a,$,,021c30f32c92f329def2182a3303ebe51c3663b0fd0902a5a24871e542a3e42a,021c30f32c92f329def2182a3303ebe51c3663b0fd0902a5a24871e542a3e42a,"{""basis"":""ordered nested-math atom; exact symbolic replay"",""kind"":""source-target-formula-map""}"
1.1.0,formula,O007-FREMLIN-V2-S244-FORMULA-0488,O007-FREMLIN-V2-S244,O007-RIGHTS-FREMLIN-DSL,O007-FREMLIN-V2-S244-SEG-244K,488,244K,244K,556,574,19548,19575,21103,21130,|f_n+cf|^p=|f_n|^p+|cf|^p,|f_n+cf|^p=|f_n|^p+|cf|^p,7bd6274298dcad39d7d08d975bfafcbb6ac0226bba2c9a2b8987f16e8e78cebe,7bd6274298dcad39d7d08d975bfafcbb6ac0226bba2c9a2b8987f16e8e78cebe,7bd6274298dcad39d7d08d975bfafcbb6ac0226bba2c9a2b8987f16e8e78cebe,$,,7bd6274298dcad39d7d08d975bfafcbb6ac0226bba2c9a2b8987f16e8e78cebe,7bd6274298dcad39d7d08d975bfafcbb6ac0226bba2c9a2b8987f16e8e78cebe,"{""basis"":""ordered nested-math atom; exact symbolic replay"",""kind"":""source-target-formula-map""}"
1.1.0,formula,O007-FREMLIN-V2-S244-FORMULA-0489,O007-FREMLIN-V2-S244,O007-RIGHTS-FREMLIN-DSL,O007-FREMLIN-V2-S244-SEG-244K,489,244K,244K,558,576,19593,19678,21148,21233,"h(u_n+cu)\le\|u_n+cu\|_p=(\|u_n\|_p^p+\|cu\|_p^p)^{1/p}
\le(1+|c|^p\|u\|_p^p)^{1/p}","h(u_n+cu)\le\|u_n+cu\|_p=(\|u_n\|_p^p+\|cu\|_p^p)^{1/p}
\le(1+|c|^p\|u\|_p^p)^{1/p}",c75a0b43485c17cfb4ece0138f2bb2d1fc220b077b86438dc03314988118a9de,c75a0b43485c17cfb4ece0138f2bb2d1fc220b077b86438dc03314988118a9de,a50c0abea285c64b4ac84fd4a91c515050d5c9ca032b12dbe67776738690af7d,$,,a50c0abea285c64b4ac84fd4a91c515050d5c9ca032b12dbe67776738690af7d,a50c0abea285c64b4ac84fd4a91c515050d5c9ca032b12dbe67776738690af7d,"{""basis"":""ordered nested-math atom; exact symbolic replay"",""kind"":""source-target-formula-map""}"
1.1.0,formula,O007-FREMLIN-V2-S244-FORMULA-0490,O007-FREMLIN-V2-S244,O007-RIGHTS-FREMLIN-DSL,O007-FREMLIN-V2-S244-SEG-244K,490,244K,244K,561,579,19700,19712,21264,21276,n\to\infty,n\to\infty,0a8e848c4819a63f2437acf69a7b8d91bf4de4aacef11e53ab6ecfb4137c4450,0a8e848c4819a63f2437acf69a7b8d91bf4de4aacef11e53ab6ecfb4137c4450,0a8e848c4819a63f2437acf69a7b8d91bf4de4aacef11e53ab6ecfb4137c4450,$,,0a8e848c4819a63f2437acf69a7b8d91bf4de4aacef11e53ab6ecfb4137c4450,0a8e848c4819a63f2437acf69a7b8d91bf4de4aacef11e53ab6ecfb4137c4450,"{""basis"":""ordered nested-math atom; exact symbolic replay"",""kind"":""source-target-formula-map""}"
1.1.0,formula,O007-FREMLIN-V2-S244-FORMULA-0491,O007-FREMLIN-V2-S244,O007-RIGHTS-FREMLIN-DSL,O007-FREMLIN-V2-S244-SEG-244K,491,244K,244K,563,581,19727,19763,21291,21327,1+ch(u)\le(1+|c|^p\|u\|_p^p)^{1/p},1+ch(u)\le(1+|c|^p\|u\|_p^p)^{1/p},52ac7639eadfde060ed5071a90356494b05808401a1c283423ab452bb474fd92,52ac7639eadfde060ed5071a90356494b05808401a1c283423ab452bb474fd92,52ac7639eadfde060ed5071a90356494b05808401a1c283423ab452bb474fd92,$,,52ac7639eadfde060ed5071a90356494b05808401a1c283423ab452bb474fd92,52ac7639eadfde060ed5071a90356494b05808401a1c283423ab452bb474fd92,"{""basis"":""ordered nested-math atom; exact symbolic replay"",""kind"":""source-target-formula-map""}"
1.1.0,formula,O007-FREMLIN-V2-S244-FORMULA-0492,O007-FREMLIN-V2-S244,O007-RIGHTS-FREMLIN-DSL,O007-FREMLIN-V2-S244-SEG-244K,492,244K,244K,566,584,19785,19803,21348,21366,\sgn c=\sgn h(u),\sgn c=\sgn h(u),e028122af021122703bef18cae000614bbc307b5c902fa66ca0fe8bf880ad0f2,e028122af021122703bef18cae000614bbc307b5c902fa66ca0fe8bf880ad0f2,0e42e7ebd15e7912e52665a22158501e6273e97ea0bab8e4c1c0c797427e14a2,$,,0e42e7ebd15e7912e52665a22158501e6273e97ea0bab8e4c1c0c797427e14a2,0e42e7ebd15e7912e52665a22158501e6273e97ea0bab8e4c1c0c797427e14a2,"{""basis"":""ordered nested-math atom; exact symbolic replay"",""kind"":""source-target-formula-map""}"
1.1.0,formula,O007-FREMLIN-V2-S244-FORMULA-0493,O007-FREMLIN-V2-S244,O007-RIGHTS-FREMLIN-DSL,O007-FREMLIN-V2-S244-SEG-244K,493,244K,244K,566,584,19805,19822,21368,21385,ch(u)=|c||h(u)|,ch(u)=|c||h(u)|,4b2a0b2cf99210b01a250f1bb6885fa22199a7fc1317c59e9043d763a2eb058c,4b2a0b2cf99210b01a250f1bb6885fa22199a7fc1317c59e9043d763a2eb058c,4b2a0b2cf99210b01a250f1bb6885fa22199a7fc1317c59e9043d763a2eb058c,$,,4b2a0b2cf99210b01a250f1bb6885fa22199a7fc1317c59e9043d763a2eb058c,4b2a0b2cf99210b01a250f1bb6885fa22199a7fc1317c59e9043d763a2eb058c,"{""basis"":""ordered nested-math atom; exact symbolic replay"",""kind"":""source-target-formula-map""}"
1.1.0,formula,O007-FREMLIN-V2-S244-FORMULA-0494,O007-FREMLIN-V2-S244,O007-RIGHTS-FREMLIN-DSL,O007-FREMLIN-V2-S244-SEG-244K,494,244K,244K,568,586,19848,19896,21418,21466,1+p|c||h(u)|\le(1+ch(u))^p\le 1+|c|^p\|u\|_p^p,1+p|c||h(u)|\le(1+ch(u))^p\le 1+|c|^p\|u\|_p^p,f89af8186947dab595a07c792e9164ba4238abb25f264dca5fe3c29b4af7d055,f89af8186947dab595a07c792e9164ba4238abb25f264dca5fe3c29b4af7d055,a1412e4a20c8f70f0d38e18fa204069579a536bc6ea083282f752310d44aa961,$,,a1412e4a20c8f70f0d38e18fa204069579a536bc6ea083282f752310d44aa961,a1412e4a20c8f70f0d38e18fa204069579a536bc6ea083282f752310d44aa961,"{""basis"":""ordered nested-math atom; exact symbolic replay"",""kind"":""source-target-formula-map""}"
1.1.0,formula,O007-FREMLIN-V2-S244-FORMULA-0495,O007-FREMLIN-V2-S244,O007-RIGHTS-FREMLIN-DSL,O007-FREMLIN-V2-S244-SEG-244K,495,244K,244K,572,590,19931,19970,21502,21541,p|h(u)|\le |c|^{p-1}\|u\|_p^p<p|h(u)|,p|h(u)|\le |c|^{p-1}\|u\|_p^p<p|h(u)|,a499e3a7198ba676a115dc75df8f158165775efdefb02d7d0a49c834d5b91da0,a499e3a7198ba676a115dc75df8f158165775efdefb02d7d0a49c834d5b91da0,3547f455d9fcf5ae33b6fe0957bb23a225b43bd30d4d5fd71dc963719dd38fab,$,,3547f455d9fcf5ae33b6fe0957bb23a225b43bd30d4d5fd71dc963719dd38fab,3547f455d9fcf5ae33b6fe0957bb23a225b43bd30d4d5fd71dc963719dd38fab,"{""basis"":""ordered nested-math atom; exact symbolic replay"",""kind"":""source-target-formula-map""}"
1.1.0,formula,O007-FREMLIN-V2-S244-FORMULA-0496,O007-FREMLIN-V2-S244,O007-RIGHTS-FREMLIN-DSL,O007-FREMLIN-V2-S244-SEG-244K,496,244K,244K,574,592,20000,20003,21572,21575,c,c,2e7d2c03a9507ae265ecf5b5356885a53393a2029d241394997265a1a25aefc6,2e7d2c03a9507ae265ecf5b5356885a53393a2029d241394997265a1a25aefc6,2e7d2c03a9507ae265ecf5b5356885a53393a2029d241394997265a1a25aefc6,$,,2e7d2c03a9507ae265ecf5b5356885a53393a2029d241394997265a1a25aefc6,2e7d2c03a9507ae265ecf5b5356885a53393a2029d241394997265a1a25aefc6,"{""basis"":""ordered nested-math atom; exact symbolic replay"",""kind"":""source-target-formula-map""}"
1.1.0,formula,O007-FREMLIN-V2-S244-FORMULA-0497,O007-FREMLIN-V2-S244,O007-RIGHTS-FREMLIN-DSL,O007-FREMLIN-V2-S244-SEG-244K,497,244K,244K,576,594,20051,20071,21617,21637,h(f^{\ssbullet})=0,h(f^{\ssbullet})=0,e24a251e4bb91c1242b6a7da315bf0bff6304c0df6fbcd79d3ee17774831849a,e24a251e4bb91c1242b6a7da315bf0bff6304c0df6fbcd79d3ee17774831849a,e24a251e4bb91c1242b6a7da315bf0bff6304c0df6fbcd79d3ee17774831849a,$,,e24a251e4bb91c1242b6a7da315bf0bff6304c0df6fbcd79d3ee17774831849a,e24a251e4bb91c1242b6a7da315bf0bff6304c0df6fbcd79d3ee17774831849a,"{""basis"":""ordered nested-math atom; exact symbolic replay"",""kind"":""source-target-formula-map""}"
1.1.0,formula,O007-FREMLIN-V2-S244-FORMULA-0498,O007-FREMLIN-V2-S244,O007-RIGHTS-FREMLIN-DSL,O007-FREMLIN-V2-S244-SEG-244K,498,244K,244K,576,594,20081,20095,21650,21664,f:X\to\Bbb R,f:X\to\Bbb R,564e5fad9d398fff5ba7e458f4bc761268933bfaa302509696e8931a04ec4c82,564e5fad9d398fff5ba7e458f4bc761268933bfaa302509696e8931a04ec4c82,1b750548c79710486bd23507981d4846fc7bc5f36df548fd7d56f6ecbe748722,$,,1b750548c79710486bd23507981d4846fc7bc5f36df548fd7d56f6ecbe748722,1b750548c79710486bd23507981d4846fc7bc5f36df548fd7d56f6ecbe748722,"{""basis"":""ordered nested-math atom; exact symbolic replay"",""kind"":""source-target-formula-map""}"
1.1.0,formula,O007-FREMLIN-V2-S244-FORMULA-0499,O007-FREMLIN-V2-S244,O007-RIGHTS-FREMLIN-DSL,O007-FREMLIN-V2-S244-SEG-244K,499,244K,244K,577,595,20122,20133,21689,21700,\eusm L^q,\eusm L^p,563df1e8bd9bbf4e3c4c44a4b1f7e3d1254528ce63139993a2de81bbf27fb653,b17fa9ed039cc8fc8fef75c54e1b8bb2b2119f28f29124c83bb9aa302c5f6a66,26a37273984ba6ca72492c96fdefed9c843137a7a36ec572d8bd667f46dc0ad0,$,"[""O007-CORR-0128""]",e5ccc76a57d193eeac2f969533a205228be803d8bd1165fdbf996186c37d7fd0,26a37273984ba6ca72492c96fdefed9c843137a7a36ec572d8bd667f46dc0ad0,"{""basis"":""ordered nested-math atom; ledgered source correction"",""kind"":""source-target-formula-map""}"
1.1.0,formula,O007-FREMLIN-V2-S244-FORMULA-0500,O007-FREMLIN-V2-S244,O007-RIGHTS-FREMLIN-DSL,O007-FREMLIN-V2-S244-SEG-244K,500,244K,244K,577,596,20150,20175,21715,21740,"\bigcup_{n\in\Bbb
N}E_n",\bigcup_{n\in\Bbb N}E_n,55b8823cad810d1b14d9aa69f2273cc1d4a93b8d58d32a538007c30927c8e57d,d41c95d5253bd90b2c3675dda316e29081821ee0cae2c548f479997b6d8c1508,7333eac12f554528bb5dc98e7c54a06a4edd2fa2f9b896fcdb317f2cfa2b350e,$,,7333eac12f554528bb5dc98e7c54a06a4edd2fa2f9b896fcdb317f2cfa2b350e,7333eac12f554528bb5dc98e7c54a06a4edd2fa2f9b896fcdb317f2cfa2b350e,"{""basis"":""ordered nested-math atom; exact symbolic replay"",""kind"":""source-target-formula-map""}"
1.1.0,formula,O007-FREMLIN-V2-S244-FORMULA-0501,O007-FREMLIN-V2-S244,O007-RIGHTS-FREMLIN-DSL,O007-FREMLIN-V2-S244-SEG-244K,501,244K,244K,582,600,20208,20242,21778,21812,H_n=E_n\setminus\bigcup_{k<n}E_k,H_n=E_n\setminus\bigcup_{k<n}E_k,5d24c3388ba40ea2d176afa0dc915a7d4433116baaebac05cb4b55754ab3a855,5d24c3388ba40ea2d176afa0dc915a7d4433116baaebac05cb4b55754ab3a855,5d24c3388ba40ea2d176afa0dc915a7d4433116baaebac05cb4b55754ab3a855,$,,5d24c3388ba40ea2d176afa0dc915a7d4433116baaebac05cb4b55754ab3a855,5d24c3388ba40ea2d176afa0dc915a7d4433116baaebac05cb4b55754ab3a855,"{""basis"":""ordered nested-math atom; exact symbolic replay"",""kind"":""source-target-formula-map""}"
1.1.0,formula,O007-FREMLIN-V2-S244-FORMULA-0502,O007-FREMLIN-V2-S244,O007-RIGHTS-FREMLIN-DSL,O007-FREMLIN-V2-S244-SEG-244K,502,244K,244K,582,601,20252,20264,21826,21838,n\in\Bbb N,n\in\Bbb N,d213946df59f2b85be55436de61a489b7c24c216dfb26056fc2946b32c730709,d213946df59f2b85be55436de61a489b7c24c216dfb26056fc2946b32c730709,02bb197ae0de627eb1861382dcf81826f92f1895770d739be7f05b2435488186,$,,02bb197ae0de627eb1861382dcf81826f92f1895770d739be7f05b2435488186,02bb197ae0de627eb1861382dcf81826f92f1895770d739be7f05b2435488186,"{""basis"":""ordered nested-math atom; exact symbolic replay"",""kind"":""source-target-formula-map""}"
1.1.0,formula,O007-FREMLIN-V2-S244-FORMULA-0503,O007-FREMLIN-V2-S244,O007-RIGHTS-FREMLIN-DSL,O007-FREMLIN-V2-S244-SEG-244K,503,244K,244K,583,601,20271,20288,21845,21862,\sequencen{H_n},\sequencen{H_n},1bd3c9c098c96e1f371dc680bcae74e29a1a798bcb094be687da0136a32484af,1bd3c9c098c96e1f371dc680bcae74e29a1a798bcb094be687da0136a32484af,1bd3c9c098c96e1f371dc680bcae74e29a1a798bcb094be687da0136a32484af,$,,1bd3c9c098c96e1f371dc680bcae74e29a1a798bcb094be687da0136a32484af,1bd3c9c098c96e1f371dc680bcae74e29a1a798bcb094be687da0136a32484af,"{""basis"":""ordered nested-math atom; exact symbolic replay"",""kind"":""source-target-formula-map""}"
1.1.0,formula,O007-FREMLIN-V2-S244-FORMULA-0504,O007-FREMLIN-V2-S244,O007-RIGHTS-FREMLIN-DSL,O007-FREMLIN-V2-S244-SEG-244K,504,244K,244K,584,603,20343,20401,21944,22002,h(u)=\sum_{n=0}^{\infty}h(u\times(\chi H_n)^{\ssbullet}),h(u)=\sum_{n=0}^{\infty}h(u\times(\chi H_n)^{\ssbullet}),83b46ebd735c1be65d0aea16b544f88b5851d9c9f8f9cf04449e191e5f4c0942,83b46ebd735c1be65d0aea16b544f88b5851d9c9f8f9cf04449e191e5f4c0942,2a43e84795025ea1ab057f26c567897b33ff477798dd3a476aa073b6ef54b17d,$,,2a43e84795025ea1ab057f26c567897b33ff477798dd3a476aa073b6ef54b17d,2a43e84795025ea1ab057f26c567897b33ff477798dd3a476aa073b6ef54b17d,"{""basis"":""ordered nested-math atom; exact symbolic replay"",""kind"":""source-target-formula-map""}"
1.1.0,formula,O007-FREMLIN-V2-S244-FORMULA-0505,O007-FREMLIN-V2-S244,O007-RIGHTS-FREMLIN-DSL,O007-FREMLIN-V2-S244-SEG-244K,505,244K,244K,585,604,20412,20422,22016,22026,u\in L^p,u\in L^p,4469d02546c5a3713a6e8c8ca3450f7e0668cbbf9feecd60e8edc8273374d732,4469d02546c5a3713a6e8c8ca3450f7e0668cbbf9feecd60e8edc8273374d732,83d058857d4c97bd6f1fedebc4dcdd11ca86543e060bf49873ecc26aa8e274c1,$,,83d058857d4c97bd6f1fedebc4dcdd11ca86543e060bf49873ecc26aa8e274c1,83d058857d4c97bd6f1fedebc4dcdd11ca86543e060bf49873ecc26aa8e274c1,"{""basis"":""ordered nested-math atom; exact symbolic replay"",""kind"":""source-target-formula-map""}"
1.1.0,formula,O007-FREMLIN-V2-S244-FORMULA-0506,O007-FREMLIN-V2-S244,O007-RIGHTS-FREMLIN-DSL,O007-FREMLIN-V2-S244-SEG-244K,506,244K,244K,585,604,20440,20443,22043,22046,u,u,0bfe935e70c321c7ca3afc75ce0d0ca2f98b5422e008bb31c00c6d7f1f1c0ad6,0bfe935e70c321c7ca3afc75ce0d0ca2f98b5422e008bb31c00c6d7f1f1c0ad6,0bfe935e70c321c7ca3afc75ce0d0ca2f98b5422e008bb31c00c6d7f1f1c0ad6,$,,0bfe935e70c321c7ca3afc75ce0d0ca2f98b5422e008bb31c00c6d7f1f1c0ad6,0bfe935e70c321c7ca3afc75ce0d0ca2f98b5422e008bb31c00c6d7f1f1c0ad6,"{""basis"":""ordered nested-math atom; exact symbolic replay"",""kind"":""source-target-formula-map""}"
1.1.0,formula,O007-FREMLIN-V2-S244-FORMULA-0507,O007-FREMLIN-V2-S244,O007-RIGHTS-FREMLIN-DSL,O007-FREMLIN-V2-S244-SEG-244K,507,244K,244K,585,604,20447,20462,22055,22070,f^{\ssbullet},f^{\ssbullet},c88b6704184d07d6ea167268aeb1cf90af08429c76b2a89c8a8a947a903bf504,c88b6704184d07d6ea167268aeb1cf90af08429c76b2a89c8a8a947a903bf504,c88b6704184d07d6ea167268aeb1cf90af08429c76b2a89c8a8a947a903bf504,$,,c88b6704184d07d6ea167268aeb1cf90af08429c76b2a89c8a8a947a903bf504,c88b6704184d07d6ea167268aeb1cf90af08429c76b2a89c8a8a947a903bf504,"{""basis"":""ordered nested-math atom; exact symbolic replay"",""kind"":""source-target-formula-map""}"
1.1.0,formula,O007-FREMLIN-V2-S244-FORMULA-0508,O007-FREMLIN-V2-S244,O007-RIGHTS-FREMLIN-DSL,O007-FREMLIN-V2-S244-SEG-244K,508,244K,244K,585,605,20470,20484,22079,22093,f:X\to\Bbb R,f:X\to\Bbb R,564e5fad9d398fff5ba7e458f4bc761268933bfaa302509696e8931a04ec4c82,564e5fad9d398fff5ba7e458f4bc761268933bfaa302509696e8931a04ec4c82,1b750548c79710486bd23507981d4846fc7bc5f36df548fd7d56f6ecbe748722,$,,1b750548c79710486bd23507981d4846fc7bc5f36df548fd7d56f6ecbe748722,1b750548c79710486bd23507981d4846fc7bc5f36df548fd7d56f6ecbe748722,"{""basis"":""ordered nested-math atom; exact symbolic replay"",""kind"":""source-target-formula-map""}"
1.1.0,formula,O007-FREMLIN-V2-S244-FORMULA-0509,O007-FREMLIN-V2-S244,O007-RIGHTS-FREMLIN-DSL,O007-FREMLIN-V2-S244-SEG-244K,509,244K,244K,586,606,20506,20527,22125,22146,f_n=f\times\chi H_n,f_n=f\times\chi H_n,6dc2df5118bf544dd56bb4ad5065fc7c14b5dc5e5357c922fa5863caec12dd58,6dc2df5118bf544dd56bb4ad5065fc7c14b5dc5e5357c922fa5863caec12dd58,f48611c0e7edcdbabdf96ca5d7717d6b0f21df8af7c207da2efddbf1f0f572b4,$,,f48611c0e7edcdbabdf96ca5d7717d6b0f21df8af7c207da2efddbf1f0f572b4,f48611c0e7edcdbabdf96ca5d7717d6b0f21df8af7c207da2efddbf1f0f572b4,"{""basis"":""ordered nested-math atom; exact symbolic replay"",""kind"":""source-target-formula-map""}"
1.1.0,formula,O007-FREMLIN-V2-S244-FORMULA-0510,O007-FREMLIN-V2-S244,O007-RIGHTS-FREMLIN-DSL,O007-FREMLIN-V2-S244-SEG-244K,510,244K,244K,586,606,20537,20540,22160,22163,n,n,1b16b1df538ba12dc3f97edbb85caa7050d46c148134290feba80f8236c83db9,1b16b1df538ba12dc3f97edbb85caa7050d46c148134290feba80f8236c83db9,1b16b1df538ba12dc3f97edbb85caa7050d46c148134290feba80f8236c83db9,$,,1b16b1df538ba12dc3f97edbb85caa7050d46c148134290feba80f8236c83db9,1b16b1df538ba12dc3f97edbb85caa7050d46c148134290feba80f8236c83db9,"{""basis"":""ordered nested-math atom; exact symbolic replay"",""kind"":""source-target-formula-map""}"
1.1.0,formula,O007-FREMLIN-V2-S244-FORMULA-0511,O007-FREMLIN-V2-S244,O007-RIGHTS-FREMLIN-DSL,O007-FREMLIN-V2-S244-SEG-244K,511,244K,244K,587,607,20542,20592,22165,22215,g=f\times\chi(X\setminus\bigcup_{n\in\Bbb N}H_n),g=f\times\chi(X\setminus\bigcup_{n\in\Bbb N}H_n),75bd282e33c88c967b06a027810a39c9ee4ec59f12655f0dddb8a918c43bb8a2,75bd282e33c88c967b06a027810a39c9ee4ec59f12655f0dddb8a918c43bb8a2,7568bc2efbbe3ad0f2b2a22f9c7ee27e2e9a84aca16a57835622a2f03b8cdf03,$,,7568bc2efbbe3ad0f2b2a22f9c7ee27e2e9a84aca16a57835622a2f03b8cdf03,7568bc2efbbe3ad0f2b2a22f9c7ee27e2e9a84aca16a57835622a2f03b8cdf03,"{""basis"":""ordered nested-math atom; exact symbolic replay"",""kind"":""source-target-formula-map""}"
1.1.0,formula,O007-FREMLIN-V2-S244-FORMULA-0512,O007-FREMLIN-V2-S244,O007-RIGHTS-FREMLIN-DSL,O007-FREMLIN-V2-S244-SEG-244K,512,244K,244K,588,608,20600,20620,22222,22242,h(g^{\ssbullet})=0,h(g^{\ssbullet})=0,fcea64e20a2fb806acf3f2e9bdb2cd1ca154e348f7d47a136a58ee079aa69cc0,fcea64e20a2fb806acf3f2e9bdb2cd1ca154e348f7d47a136a58ee079aa69cc0,fcea64e20a2fb806acf3f2e9bdb2cd1ca154e348f7d47a136a58ee079aa69cc0,$,,fcea64e20a2fb806acf3f2e9bdb2cd1ca154e348f7d47a136a58ee079aa69cc0,fcea64e20a2fb806acf3f2e9bdb2cd1ca154e348f7d47a136a58ee079aa69cc0,"{""basis"":""ordered nested-math atom; exact symbolic replay"",""kind"":""source-target-formula-map""}"
1.1.0,formula,O007-FREMLIN-V2-S244-FORMULA-0513,O007-FREMLIN-V2-S244,O007-RIGHTS-FREMLIN-DSL,O007-FREMLIN-V2-S244-SEG-244K,513,244K,244K,588,609,20638,20687,22264,22313,"\bigcup_{n\in\Bbb
N}H_n=\bigcup_{n\in\Bbb N}E_n",\bigcup_{n\in\Bbb N}H_n=\bigcup_{n\in\Bbb N}E_n,c791020584fd713d8c2207a262844e2f46f000d23a1a27cf7df735ec63eefe97,b26975931afe288ace4a5fe0d8defab6dad7482df204c9f55c2749c80e6eed25,6f96f798c556bcdb4abb280a61535ab218e9b9a13e58e205f68425b32e38817a,$,,6f96f798c556bcdb4abb280a61535ab218e9b9a13e58e205f68425b32e38817a,6f96f798c556bcdb4abb280a61535ab218e9b9a13e58e205f68425b32e38817a,"{""basis"":""ordered nested-math atom; exact symbolic replay"",""kind"":""source-target-formula-map""}"
1.1.0,formula,O007-FREMLIN-V2-S244-FORMULA-0514,O007-FREMLIN-V2-S244,O007-RIGHTS-FREMLIN-DSL,O007-FREMLIN-V2-S244-SEG-244K,514,244K,244K,591,611,20713,20749,22335,22371,g_n=g+\sum_{k=0}^nf_k\in \eusm L^p,g_n=g+\sum_{k=0}^nf_k\in \eusm L^p,ff2e1ac24bdaa484c79f3c78f46237a8c6d6be681f9d674003656d854aa93fe3,ff2e1ac24bdaa484c79f3c78f46237a8c6d6be681f9d674003656d854aa93fe3,d528848b4e100c86ac48c121d2c3abbe43d8b16f4a2d6df1ade9bf515b85f67b,$,,d528848b4e100c86ac48c121d2c3abbe43d8b16f4a2d6df1ade9bf515b85f67b,d528848b4e100c86ac48c121d2c3abbe43d8b16f4a2d6df1ade9bf515b85f67b,"{""basis"":""ordered nested-math atom; exact symbolic replay"",""kind"":""source-target-formula-map""}"
1.1.0,formula,O007-FREMLIN-V2-S244-FORMULA-0515,O007-FREMLIN-V2-S244,O007-RIGHTS-FREMLIN-DSL,O007-FREMLIN-V2-S244-SEG-244K,515,244K,244K,593,613,20771,20774,22397,22400,n,n,1b16b1df538ba12dc3f97edbb85caa7050d46c148134290feba80f8236c83db9,1b16b1df538ba12dc3f97edbb85caa7050d46c148134290feba80f8236c83db9,1b16b1df538ba12dc3f97edbb85caa7050d46c148134290feba80f8236c83db9,$,,1b16b1df538ba12dc3f97edbb85caa7050d46c148134290feba80f8236c83db9,1b16b1df538ba12dc3f97edbb85caa7050d46c148134290feba80f8236c83db9,"{""basis"":""ordered nested-math atom; exact symbolic replay"",""kind"":""source-target-formula-map""}"
1.1.0,formula,O007-FREMLIN-V2-S244-FORMULA-0516,O007-FREMLIN-V2-S244,O007-RIGHTS-FREMLIN-DSL,O007-FREMLIN-V2-S244-SEG-244K,516,244K,244K,593,613,20783,20815,22407,22439,\lim_{n\to\infty}f-g_n=\tbf{0},\lim_{n\to\infty}f-g_n=\tbf{0},e16aa3d991046c4487a831611759a75828ddcd2e82cf0150e0ca7032dd9e4244,e16aa3d991046c4487a831611759a75828ddcd2e82cf0150e0ca7032dd9e4244,e16aa3d991046c4487a831611759a75828ddcd2e82cf0150e0ca7032dd9e4244,$,,e16aa3d991046c4487a831611759a75828ddcd2e82cf0150e0ca7032dd9e4244,e16aa3d991046c4487a831611759a75828ddcd2e82cf0150e0ca7032dd9e4244,"{""basis"":""ordered nested-math atom; exact symbolic replay"",""kind"":""source-target-formula-map""}"
1.1.0,formula,O007-FREMLIN-V2-S244-FORMULA-0517,O007-FREMLIN-V2-S244,O007-RIGHTS-FREMLIN-DSL,O007-FREMLIN-V2-S244-SEG-244K,517,244K,244K,595,615,20834,20865,22458,22489,|f-g_n|^p\le|f|^p\in\eusm L^1,|f-g_n|^p\le|f|^p\in\eusm L^1,7571abffa2e30260f568e3b7d977fadb49a7850573e335b398a727daae88d631,7571abffa2e30260f568e3b7d977fadb49a7850573e335b398a727daae88d631,e7ff0ce552f9a39307f0efc13c919717522831bae1466f8f9b7773bc4cb23dcc,$,,e7ff0ce552f9a39307f0efc13c919717522831bae1466f8f9b7773bc4cb23dcc,e7ff0ce552f9a39307f0efc13c919717522831bae1466f8f9b7773bc4cb23dcc,"{""basis"":""ordered nested-math atom; exact symbolic replay"",""kind"":""source-target-formula-map""}"
1.1.0,formula,O007-FREMLIN-V2-S244-FORMULA-0518,O007-FREMLIN-V2-S244,O007-RIGHTS-FREMLIN-DSL,O007-FREMLIN-V2-S244-SEG-244K,518,244K,244K,597,617,20888,20891,22515,22518,n,n,1b16b1df538ba12dc3f97edbb85caa7050d46c148134290feba80f8236c83db9,1b16b1df538ba12dc3f97edbb85caa7050d46c148134290feba80f8236c83db9,1b16b1df538ba12dc3f97edbb85caa7050d46c148134290feba80f8236c83db9,$,,1b16b1df538ba12dc3f97edbb85caa7050d46c148134290feba80f8236c83db9,1b16b1df538ba12dc3f97edbb85caa7050d46c148134290feba80f8236c83db9,"{""basis"":""ordered nested-math atom; exact symbolic replay"",""kind"":""source-target-formula-map""}"
1.1.0,formula,O007-FREMLIN-V2-S244-FORMULA-0519,O007-FREMLIN-V2-S244,O007-RIGHTS-FREMLIN-DSL,O007-FREMLIN-V2-S244-SEG-244K,519,244K,244K,600,620,20977,21011,22608,22642,\lim_{n\to\infty}\int|f-g_n|^p=0,\lim_{n\to\infty}\int|f-g_n|^p=0,4d3205b34be67a7666949e750656d6ef5ff7213dab2ccb9e9011e92daf468018,4d3205b34be67a7666949e750656d6ef5ff7213dab2ccb9e9011e92daf468018,4d3205b34be67a7666949e750656d6ef5ff7213dab2ccb9e9011e92daf468018,$,,4d3205b34be67a7666949e750656d6ef5ff7213dab2ccb9e9011e92daf468018,4d3205b34be67a7666949e750656d6ef5ff7213dab2ccb9e9011e92daf468018,"{""basis"":""ordered nested-math atom; exact symbolic replay"",""kind"":""source-target-formula-map""}"
1.1.0,formula,O007-FREMLIN-V2-S244-FORMULA-0520,O007-FREMLIN-V2-S244,O007-RIGHTS-FREMLIN-DSL,O007-FREMLIN-V2-S244-SEG-244K,520,244K,244K,604,624,21030,21228,22661,22859,"\eqalign{\lim_{n\to\infty}\|u-g^{\ssbullet}-\sum_{k=0}^nu\times(\chi
H_k)^{\ssbullet}\|_p
&=\lim_{n\to\infty}\|u-g_n^{\ssbullet}\|_p\cr
&=\lim_{n\to\infty}\bigl(\int|f-g_n|^p\bigr)^{1/p}
=0,\cr}","\eqalign{\lim_{n\to\infty}\|u-g^{\ssbullet}-\sum_{k=0}^nu\times(\chi
H_k)^{\ssbullet}\|_p
&=\lim_{n\to\infty}\|u-g_n^{\ssbullet}\|_p\cr
&=\lim_{n\to\infty}\bigl(\int|f-g_n|^p\bigr)^{1/p}
=0,\cr}",6ac0b9c9f57c23bda347bd1e6c3a42f129dc6f8040ba328740276a0a7a38b546,6ac0b9c9f57c23bda347bd1e6c3a42f129dc6f8040ba328740276a0a7a38b546,278ca47cb56d47a8c623bbbe7d2ae2099cdf0f1e3b6c70478c8dca8de4c5a116,$$,,278ca47cb56d47a8c623bbbe7d2ae2099cdf0f1e3b6c70478c8dca8de4c5a116,278ca47cb56d47a8c623bbbe7d2ae2099cdf0f1e3b6c70478c8dca8de4c5a116,"{""basis"":""ordered nested-math atom; exact symbolic replay"",""kind"":""source-target-formula-map""}"
1.1.0,formula,O007-FREMLIN-V2-S244-FORMULA-0521,O007-FREMLIN-V2-S244,O007-RIGHTS-FREMLIN-DSL,O007-FREMLIN-V2-S244-SEG-244K,521,244K,244K,612,632,21262,21327,22891,22956,"u
=g^{\ssbullet}+\sum_{k=0}^{\infty}u\times\chi H_k^{\ssbullet}","u
=g^{\ssbullet}+\sum_{k=0}^{\infty}u\times\chi H_k^{\ssbullet}",b89b827fc06ef6413e2df905bec5ed0d62ee8969f9b2d3a1104be96040adb6c2,b89b827fc06ef6413e2df905bec5ed0d62ee8969f9b2d3a1104be96040adb6c2,ace3c56945c79faec2cb31070270ade377e26cc2b194250f077f1d5e9d2c081d,$,,ace3c56945c79faec2cb31070270ade377e26cc2b194250f077f1d5e9d2c081d,ace3c56945c79faec2cb31070270ade377e26cc2b194250f077f1d5e9d2c081d,"{""basis"":""ordered nested-math atom; exact symbolic replay"",""kind"":""source-target-formula-map""}"
1.1.0,formula,O007-FREMLIN-V2-S244-FORMULA-0522,O007-FREMLIN-V2-S244,O007-RIGHTS-FREMLIN-DSL,O007-FREMLIN-V2-S244-SEG-244K,522,244K,244K,615,635,21343,21348,22975,22980,L^p,L^p,0de1bee007df208a54c85a6cf3aa6c06e2a922620965a43478a0496c27e05aa0,0de1bee007df208a54c85a6cf3aa6c06e2a922620965a43478a0496c27e05aa0,0de1bee007df208a54c85a6cf3aa6c06e2a922620965a43478a0496c27e05aa0,$,,0de1bee007df208a54c85a6cf3aa6c06e2a922620965a43478a0496c27e05aa0,0de1bee007df208a54c85a6cf3aa6c06e2a922620965a43478a0496c27e05aa0,"{""basis"":""ordered nested-math atom; exact symbolic replay"",""kind"":""source-target-formula-map""}"
1.1.0,formula,O007-FREMLIN-V2-S244-FORMULA-0523,O007-FREMLIN-V2-S244,O007-RIGHTS-FREMLIN-DSL,O007-FREMLIN-V2-S244-SEG-244K,523,244K,244K,615,635,21360,21376,22989,23005,h:L^p\to\Bbb R,h:L^p\to\Bbb R,0a4ab9e3f66fdee5fbb471c3f943442705cdab9db896bf5b7025e2505281456c,0a4ab9e3f66fdee5fbb471c3f943442705cdab9db896bf5b7025e2505281456c,2b4196e132dca82a56f78168569f67d96b24e73db718abba9880a8cca5c5f675,$,,2b4196e132dca82a56f78168569f67d96b24e73db718abba9880a8cca5c5f675,2b4196e132dca82a56f78168569f67d96b24e73db718abba9880a8cca5c5f675,"{""basis"":""ordered nested-math atom; exact symbolic replay"",""kind"":""source-target-formula-map""}"
1.1.0,formula,O007-FREMLIN-V2-S244-FORMULA-0524,O007-FREMLIN-V2-S244,O007-RIGHTS-FREMLIN-DSL,O007-FREMLIN-V2-S244-SEG-244K,524,244K,244K,618,638,21432,21557,23049,23174,"h(u)
=h(g^{\ssbullet})+\sum_{k=0}^{\infty}h(u\times\chi H_k^{\ssbullet})
=\sum_{k=0}^{\infty}h(u\times\chi H_k^{\ssbullet})","h(u)
=h(g^{\ssbullet})+\sum_{k=0}^{\infty}h(u\times\chi H_k^{\ssbullet})
=\sum_{k=0}^{\infty}h(u\times\chi H_k^{\ssbullet})",9fdef00cda368ab6f935223a19e189fc816ac40c445b427e99e185b426a43bf1,9fdef00cda368ab6f935223a19e189fc816ac40c445b427e99e185b426a43bf1,402346cb9ee785fa8307ae9493ac7fb4d189fe8418970e0751d59b950ddea685,$,,402346cb9ee785fa8307ae9493ac7fb4d189fe8418970e0751d59b950ddea685,402346cb9ee785fa8307ae9493ac7fb4d189fe8418970e0751d59b950ddea685,"{""basis"":""ordered nested-math atom; exact symbolic replay"",""kind"":""source-target-formula-map""}"
1.1.0,formula,O007-FREMLIN-V2-S244-FORMULA-0525,O007-FREMLIN-V2-S244,O007-RIGHTS-FREMLIN-DSL,O007-FREMLIN-V2-S244-SEG-244K,525,244K,244K,626,646,21619,21631,23252,23264,n\in\Bbb N,n\in\Bbb N,d213946df59f2b85be55436de61a489b7c24c216dfb26056fc2946b32c730709,d213946df59f2b85be55436de61a489b7c24c216dfb26056fc2946b32c730709,02bb197ae0de627eb1861382dcf81826f92f1895770d739be7f05b2435488186,$,,02bb197ae0de627eb1861382dcf81826f92f1895770d739be7f05b2435488186,02bb197ae0de627eb1861382dcf81826f92f1895770d739be7f05b2435488186,"{""basis"":""ordered nested-math atom; exact symbolic replay"",""kind"":""source-target-formula-map""}"
1.1.0,formula,O007-FREMLIN-V2-S244-FORMULA-0526,O007-FREMLIN-V2-S244,O007-RIGHTS-FREMLIN-DSL,O007-FREMLIN-V2-S244-SEG-244K,526,244K,244K,626,647,21640,21663,23278,23301,\nu_n:\Sigma\to\Bbb R,\nu_n:\Sigma\to\Bbb R,c4b55191858450f4fe364dc822e33f556ddcfa7ff28c55a9f03208431f7ff451,c4b55191858450f4fe364dc822e33f556ddcfa7ff28c55a9f03208431f7ff451,71cec97570764c612dc91231106c3b0c26bf2233265721443cdeef75d8e423f5,$,,71cec97570764c612dc91231106c3b0c26bf2233265721443cdeef75d8e423f5,71cec97570764c612dc91231106c3b0c26bf2233265721443cdeef75d8e423f5,"{""basis"":""ordered nested-math atom; exact symbolic replay"",""kind"":""source-target-formula-map""}"
1.1.0,formula,O007-FREMLIN-V2-S244-FORMULA-0527,O007-FREMLIN-V2-S244,O007-RIGHTS-FREMLIN-DSL,O007-FREMLIN-V2-S244-SEG-244K,527,244K,244K,629,649,21688,21727,23333,23372,\nu_nF=h(\chi(F\cap H_n)^{\ssbullet}),\nu_nF=h(\chi(F\cap H_n)^{\ssbullet}),4b930ce8dd9b9a5ae7909a3fca28a4f54737e6e7010af0de22acb5018ce66dbe,4b930ce8dd9b9a5ae7909a3fca28a4f54737e6e7010af0de22acb5018ce66dbe,8a8b851a06c19d0237b31f156a1c4005b5784a721ce9f950625680eda1d9b9d9,$,,8a8b851a06c19d0237b31f156a1c4005b5784a721ce9f950625680eda1d9b9d9,8a8b851a06c19d0237b31f156a1c4005b5784a721ce9f950625680eda1d9b9d9,"{""basis"":""ordered nested-math atom; exact symbolic replay"",""kind"":""source-target-formula-map""}"
1.1.0,formula,O007-FREMLIN-V2-S244-FORMULA-0528,O007-FREMLIN-V2-S244,O007-RIGHTS-FREMLIN-DSL,O007-FREMLIN-V2-S244-SEG-244K,528,244K,244K,631,651,21750,21762,23398,23410,F\in\Sigma,F\in\Sigma,65b127545966720002875b7921f02a35d214624fcf61cbaceb81857933de3616,65b127545966720002875b7921f02a35d214624fcf61cbaceb81857933de3616,65b127545966720002875b7921f02a35d214624fcf61cbaceb81857933de3616,$,,65b127545966720002875b7921f02a35d214624fcf61cbaceb81857933de3616,65b127545966720002875b7921f02a35d214624fcf61cbaceb81857933de3616,"{""basis"":""ordered nested-math atom; exact symbolic replay"",""kind"":""source-target-formula-map""}"
1.1.0,formula,O007-FREMLIN-V2-S244-FORMULA-0529,O007-FREMLIN-V2-S244,O007-RIGHTS-FREMLIN-DSL,O007-FREMLIN-V2-S244-SEG-244K,529,244K,244K,631,651,21777,21785,23430,23438,\nu_nF,\nu_nF,1fd594ac50ff689e8bf810cc3496aab2acf4055a07cefbde6cdfb4e9351c1fa3,1fd594ac50ff689e8bf810cc3496aab2acf4055a07cefbde6cdfb4e9351c1fa3,1fd594ac50ff689e8bf810cc3496aab2acf4055a07cefbde6cdfb4e9351c1fa3,$,,1fd594ac50ff689e8bf810cc3496aab2acf4055a07cefbde6cdfb4e9351c1fa3,1fd594ac50ff689e8bf810cc3496aab2acf4055a07cefbde6cdfb4e9351c1fa3,"{""basis"":""ordered nested-math atom; exact symbolic replay"",""kind"":""source-target-formula-map""}"
1.1.0,formula,O007-FREMLIN-V2-S244-FORMULA-0530,O007-FREMLIN-V2-S244,O007-RIGHTS-FREMLIN-DSL,O007-FREMLIN-V2-S244-SEG-244K,530,244K,244K,632,652,21812,21835,23465,23488,\mu(F\cap H_n)<\infty,\mu(F\cap H_n)<\infty,a1bb8f694628d9331a89d6819401afbdf9ee4cf6b9cceeb575099e2a85b50c9d,a1bb8f694628d9331a89d6819401afbdf9ee4cf6b9cceeb575099e2a85b50c9d,b434c03d2a13d5a2fca0dccbd01846d13fd9eb5b4f27b5b31c3be38f6c793bf4,$,,b434c03d2a13d5a2fca0dccbd01846d13fd9eb5b4f27b5b31c3be38f6c793bf4,b434c03d2a13d5a2fca0dccbd01846d13fd9eb5b4f27b5b31c3be38f6c793bf4,"{""basis"":""ordered nested-math atom; exact symbolic replay"",""kind"":""source-target-formula-map""}"
1.1.0,formula,O007-FREMLIN-V2-S244-FORMULA-0531,O007-FREMLIN-V2-S244,O007-RIGHTS-FREMLIN-DSL,O007-FREMLIN-V2-S244-SEG-244K,531,244K,244K,634,654,21858,21909,23512,23563,\|\chi(F\cap H_n)\|_p=\mu(F\cap H_n)^{1/p}<\infty,\|\chi(F\cap H_n)\|_p=\mu(F\cap H_n)^{1/p}<\infty,ba85428faec2c6664908d8868c35c7fc1651f7ef035a2dac37fe7a3824b8da05,ba85428faec2c6664908d8868c35c7fc1651f7ef035a2dac37fe7a3824b8da05,78a934e9317e57855441071d6d207a70f88cad9595a26e579160cb8639f35b1a,$,,78a934e9317e57855441071d6d207a70f88cad9595a26e579160cb8639f35b1a,78a934e9317e57855441071d6d207a70f88cad9595a26e579160cb8639f35b1a,"{""basis"":""ordered nested-math atom; exact symbolic replay"",""kind"":""source-target-formula-map""}"
1.1.0,formula,O007-FREMLIN-V2-S244-FORMULA-0532,O007-FREMLIN-V2-S244,O007-RIGHTS-FREMLIN-DSL,O007-FREMLIN-V2-S244-SEG-244K,532,244K,244K,636,656,21931,21954,23583,23606,\nu_n\emptyset=h(0)=0,\nu_n\emptyset=h(0)=0,76dd6c5e1d5c9f6af78d610041632504bafd6a347c1c777a136a8180d960b3e2,76dd6c5e1d5c9f6af78d610041632504bafd6a347c1c777a136a8180d960b3e2,76dd6c5e1d5c9f6af78d610041632504bafd6a347c1c777a136a8180d960b3e2,$,,76dd6c5e1d5c9f6af78d610041632504bafd6a347c1c777a136a8180d960b3e2,76dd6c5e1d5c9f6af78d610041632504bafd6a347c1c777a136a8180d960b3e2,"{""basis"":""ordered nested-math atom; exact symbolic replay"",""kind"":""source-target-formula-map""}"
1.1.0,formula,O007-FREMLIN-V2-S244-FORMULA-0533,O007-FREMLIN-V2-S244,O007-RIGHTS-FREMLIN-DSL,O007-FREMLIN-V2-S244-SEG-244K,533,244K,244K,637,657,21963,21982,23617,23636,\sequence{k}{F_k},\sequence{k}{F_k},7ebef6b360391d22476ad7857fd12f6296fc76275c3234a310f9ef1d418f226e,7ebef6b360391d22476ad7857fd12f6296fc76275c3234a310f9ef1d418f226e,7ebef6b360391d22476ad7857fd12f6296fc76275c3234a310f9ef1d418f226e,$,,7ebef6b360391d22476ad7857fd12f6296fc76275c3234a310f9ef1d418f226e,7ebef6b360391d22476ad7857fd12f6296fc76275c3234a310f9ef1d418f226e,"{""basis"":""ordered nested-math atom; exact symbolic replay"",""kind"":""source-target-formula-map""}"
1.1.0,formula,O007-FREMLIN-V2-S244-FORMULA-0534,O007-FREMLIN-V2-S244,O007-RIGHTS-FREMLIN-DSL,O007-FREMLIN-V2-S244-SEG-244K,534,244K,244K,637,657,22009,22017,23670,23678,\Sigma,\Sigma,d65d75b1e6562713a3936bb38fdfe6832fb5b96c946de58f7ce0992057665aa8,d65d75b1e6562713a3936bb38fdfe6832fb5b96c946de58f7ce0992057665aa8,d65d75b1e6562713a3936bb38fdfe6832fb5b96c946de58f7ce0992057665aa8,$,,d65d75b1e6562713a3936bb38fdfe6832fb5b96c946de58f7ce0992057665aa8,d65d75b1e6562713a3936bb38fdfe6832fb5b96c946de58f7ce0992057665aa8,"{""basis"":""ordered nested-math atom; exact symbolic replay"",""kind"":""source-target-formula-map""}"
1.1.0,formula,O007-FREMLIN-V2-S244-FORMULA-0535,O007-FREMLIN-V2-S244,O007-RIGHTS-FREMLIN-DSL,O007-FREMLIN-V2-S244-SEG-244K,535,244K,244K,639,659,22032,22160,23693,23821,"\|\chi(\bigcup_{k\in\Bbb N}H_n\cap F_k)
-\sum_{k=0}^m\chi(H_n\cap F_k)\|_p
=\mu(H_n\cap\bigcup_{k=m+1}^{\infty}F_k)^{1/p}\to 0","\|\chi(\bigcup_{k\in\Bbb N}H_n\cap F_k)
-\sum_{k=0}^m\chi(H_n\cap F_k)\|_p
=\mu(H_n\cap\bigcup_{k=m+1}^{\infty}F_k)^{1/p}\to 0",2a2f96c8c4f5b3bdbcbabeeed8fc16c632982823a57515f5d995958957ff9e43,2a2f96c8c4f5b3bdbcbabeeed8fc16c632982823a57515f5d995958957ff9e43,11018c382e8655be88c43ebe1655dfcc17b5a18148d34ceb478c141ebee21a9b,$,,11018c382e8655be88c43ebe1655dfcc17b5a18148d34ceb478c141ebee21a9b,11018c382e8655be88c43ebe1655dfcc17b5a18148d34ceb478c141ebee21a9b,"{""basis"":""ordered nested-math atom; exact symbolic replay"",""kind"":""source-target-formula-map""}"
1.1.0,formula,O007-FREMLIN-V2-S244-FORMULA-0536,O007-FREMLIN-V2-S244,O007-RIGHTS-FREMLIN-DSL,O007-FREMLIN-V2-S244-SEG-244K,536,244K,244K,643,663,22176,22188,23841,23853,m\to\infty,m\to\infty,41f4cf0322849bd59016603c2b2d8e89513d9304ede4a485d57fe3985a2fa240,41f4cf0322849bd59016603c2b2d8e89513d9304ede4a485d57fe3985a2fa240,41f4cf0322849bd59016603c2b2d8e89513d9304ede4a485d57fe3985a2fa240,$,,41f4cf0322849bd59016603c2b2d8e89513d9304ede4a485d57fe3985a2fa240,41f4cf0322849bd59016603c2b2d8e89513d9304ede4a485d57fe3985a2fa240,"{""basis"":""ordered nested-math atom; exact symbolic replay"",""kind"":""source-target-formula-map""}"
1.1.0,formula,O007-FREMLIN-V2-S244-FORMULA-0537,O007-FREMLIN-V2-S244,O007-RIGHTS-FREMLIN-DSL,O007-FREMLIN-V2-S244-SEG-244K,537,244K,244K,645,665,22206,22267,23877,23938,"\nu_n(\bigcup_{k\in\Bbb N}F_k)
=\sum_{k=0}^{\infty}\nu_nF_k","\nu_n(\bigcup_{k\in\Bbb N}F_k)
=\sum_{k=0}^{\infty}\nu_nF_k",84e4b2f40aac00cb32ad4fa204427afc460174fc4d4a1b7902c9d62ab2de380a,84e4b2f40aac00cb32ad4fa204427afc460174fc4d4a1b7902c9d62ab2de380a,677c47dedabf2641b76df06d68daca1f4615ec8b11ae21cd25e3ce491cd6ebbd,$,,677c47dedabf2641b76df06d68daca1f4615ec8b11ae21cd25e3ce491cd6ebbd,677c47dedabf2641b76df06d68daca1f4615ec8b11ae21cd25e3ce491cd6ebbd,"{""basis"":""ordered nested-math atom; exact symbolic replay"",""kind"":""source-target-formula-map""}"
1.1.0,formula,O007-FREMLIN-V2-S244-FORMULA-0538,O007-FREMLIN-V2-S244,O007-RIGHTS-FREMLIN-DSL,O007-FREMLIN-V2-S244-SEG-244K,538,244K,244K,648,668,22286,22293,23957,23964,\nu_n,\nu_n,c5c1866b9ba3290160cbfbb38e989a3cb4afbb21fae602c70f653facd82dd85a,c5c1866b9ba3290160cbfbb38e989a3cb4afbb21fae602c70f653facd82dd85a,c5c1866b9ba3290160cbfbb38e989a3cb4afbb21fae602c70f653facd82dd85a,$,,c5c1866b9ba3290160cbfbb38e989a3cb4afbb21fae602c70f653facd82dd85a,c5c1866b9ba3290160cbfbb38e989a3cb4afbb21fae602c70f653facd82dd85a,"{""basis"":""ordered nested-math atom; exact symbolic replay"",""kind"":""source-target-formula-map""}"
1.1.0,formula,O007-FREMLIN-V2-S244-FORMULA-0539,O007-FREMLIN-V2-S244,O007-RIGHTS-FREMLIN-DSL,O007-FREMLIN-V2-S244-SEG-244K,539,244K,244K,649,669,22326,22359,23997,24030,|\nu_nF|\le\mu(H_n\cap F)^{1/p},|\nu_nF|\le\mu(H_n\cap F)^{1/p},4c5c1ea9736ed155cb15988489da1a389e976201c4b13991812c99731ddc4e34,4c5c1ea9736ed155cb15988489da1a389e976201c4b13991812c99731ddc4e34,656497b1134993aef49a1cc4decb200ac55af4c2109c8330d802c25f41213373,$,,656497b1134993aef49a1cc4decb200ac55af4c2109c8330d802c25f41213373,656497b1134993aef49a1cc4decb200ac55af4c2109c8330d802c25f41213373,"{""basis"":""ordered nested-math atom; exact symbolic replay"",""kind"":""source-target-formula-map""}"
1.1.0,formula,O007-FREMLIN-V2-S244-FORMULA-0540,O007-FREMLIN-V2-S244,O007-RIGHTS-FREMLIN-DSL,O007-FREMLIN-V2-S244-SEG-244K,540,244K,244K,649,669,22370,22382,24044,24056,F\in\Sigma,F\in\Sigma,65b127545966720002875b7921f02a35d214624fcf61cbaceb81857933de3616,65b127545966720002875b7921f02a35d214624fcf61cbaceb81857933de3616,65b127545966720002875b7921f02a35d214624fcf61cbaceb81857933de3616,$,,65b127545966720002875b7921f02a35d214624fcf61cbaceb81857933de3616,65b127545966720002875b7921f02a35d214624fcf61cbaceb81857933de3616,"{""basis"":""ordered nested-math atom; exact symbolic replay"",""kind"":""source-target-formula-map""}"
1.1.0,formula,O007-FREMLIN-V2-S244-FORMULA-0541,O007-FREMLIN-V2-S244,O007-RIGHTS-FREMLIN-DSL,O007-FREMLIN-V2-S244-SEG-244K,541,244K,244K,650,670,22387,22394,24067,24074,\nu_n,\nu_n,c5c1866b9ba3290160cbfbb38e989a3cb4afbb21fae602c70f653facd82dd85a,c5c1866b9ba3290160cbfbb38e989a3cb4afbb21fae602c70f653facd82dd85a,c5c1866b9ba3290160cbfbb38e989a3cb4afbb21fae602c70f653facd82dd85a,$,,c5c1866b9ba3290160cbfbb38e989a3cb4afbb21fae602c70f653facd82dd85a,c5c1866b9ba3290160cbfbb38e989a3cb4afbb21fae602c70f653facd82dd85a,"{""basis"":""ordered nested-math atom; exact symbolic replay"",""kind"":""source-target-formula-map""}"
1.1.0,formula,O007-FREMLIN-V2-S244-FORMULA-0542,O007-FREMLIN-V2-S244,O007-RIGHTS-FREMLIN-DSL,O007-FREMLIN-V2-S244-SEG-244K,542,244K,244K,652,672,22481,22486,24162,24167,g_n,g_n,15e892a32e1d61ee782785b18626714d299cab29e6fbf25d31fd470d3827b1da,15e892a32e1d61ee782785b18626714d299cab29e6fbf25d31fd470d3827b1da,15e892a32e1d61ee782785b18626714d299cab29e6fbf25d31fd470d3827b1da,$,,15e892a32e1d61ee782785b18626714d299cab29e6fbf25d31fd470d3827b1da,15e892a32e1d61ee782785b18626714d299cab29e6fbf25d31fd470d3827b1da,"{""basis"":""ordered nested-math atom; exact symbolic replay"",""kind"":""source-target-formula-map""}"
1.1.0,formula,O007-FREMLIN-V2-S244-FORMULA-0543,O007-FREMLIN-V2-S244,O007-RIGHTS-FREMLIN-DSL,O007-FREMLIN-V2-S244-SEG-244K,543,244K,244K,653,673,22497,22515,24188,24206,\nu_nF=\int_Fg_n,\nu_nF=\int_Fg_n,6bb28f8a7a5d0645dcddc53d7ca72367a5c4e419ca6eba3a583bb392496cc69b,6bb28f8a7a5d0645dcddc53d7ca72367a5c4e419ca6eba3a583bb392496cc69b,6bb28f8a7a5d0645dcddc53d7ca72367a5c4e419ca6eba3a583bb392496cc69b,$,,6bb28f8a7a5d0645dcddc53d7ca72367a5c4e419ca6eba3a583bb392496cc69b,6bb28f8a7a5d0645dcddc53d7ca72367a5c4e419ca6eba3a583bb392496cc69b,"{""basis"":""ordered nested-math atom; exact symbolic replay"",""kind"":""source-target-formula-map""}"
1.1.0,formula,O007-FREMLIN-V2-S244-FORMULA-0544,O007-FREMLIN-V2-S244,O007-RIGHTS-FREMLIN-DSL,O007-FREMLIN-V2-S244-SEG-244K,544,244K,244K,653,673,22526,22538,24220,24232,F\in\Sigma,F\in\Sigma,65b127545966720002875b7921f02a35d214624fcf61cbaceb81857933de3616,65b127545966720002875b7921f02a35d214624fcf61cbaceb81857933de3616,65b127545966720002875b7921f02a35d214624fcf61cbaceb81857933de3616,$,,65b127545966720002875b7921f02a35d214624fcf61cbaceb81857933de3616,65b127545966720002875b7921f02a35d214624fcf61cbaceb81857933de3616,"{""basis"":""ordered nested-math atom; exact symbolic replay"",""kind"":""source-target-formula-map""}"
1.1.0,formula,O007-FREMLIN-V2-S244-FORMULA-0545,O007-FREMLIN-V2-S244,O007-RIGHTS-FREMLIN-DSL,O007-FREMLIN-V2-S244-SEG-244K,545,244K,244K,654,674,22561,22566,24259,24264,g_n,g_n,15e892a32e1d61ee782785b18626714d299cab29e6fbf25d31fd470d3827b1da,15e892a32e1d61ee782785b18626714d299cab29e6fbf25d31fd470d3827b1da,15e892a32e1d61ee782785b18626714d299cab29e6fbf25d31fd470d3827b1da,$,,15e892a32e1d61ee782785b18626714d299cab29e6fbf25d31fd470d3827b1da,15e892a32e1d61ee782785b18626714d299cab29e6fbf25d31fd470d3827b1da,"{""basis"":""ordered nested-math atom; exact symbolic replay"",""kind"":""source-target-formula-map""}"
1.1.0,formula,O007-FREMLIN-V2-S244-FORMULA-0546,O007-FREMLIN-V2-S244,O007-RIGHTS-FREMLIN-DSL,O007-FREMLIN-V2-S244-SEG-244K,546,244K,244K,654,674,22609,22612,24302,24305,X,X,4b68ab3847feda7d6c62c1fbcbeebfa35eab7351ed5e78f4ddadea5df64b8015,4b68ab3847feda7d6c62c1fbcbeebfa35eab7351ed5e78f4ddadea5df64b8015,4b68ab3847feda7d6c62c1fbcbeebfa35eab7351ed5e78f4ddadea5df64b8015,$,,4b68ab3847feda7d6c62c1fbcbeebfa35eab7351ed5e78f4ddadea5df64b8015,4b68ab3847feda7d6c62c1fbcbeebfa35eab7351ed5e78f4ddadea5df64b8015,"{""basis"":""ordered nested-math atom; exact symbolic replay"",""kind"":""source-target-formula-map""}"
1.1.0,formula,O007-FREMLIN-V2-S244-FORMULA-0547,O007-FREMLIN-V2-S244,O007-RIGHTS-FREMLIN-DSL,O007-FREMLIN-V2-S244-SEG-244K,547,244K,244K,655,674,22620,22633,24316,24329,g(x)=g_n(x),g(x)=g_n(x),5c46fd5f01cf23f52eb1edb6c4b4d699cccbfc02da9e29cf7fb577c56a0d45cd,5c46fd5f01cf23f52eb1edb6c4b4d699cccbfc02da9e29cf7fb577c56a0d45cd,5c46fd5f01cf23f52eb1edb6c4b4d699cccbfc02da9e29cf7fb577c56a0d45cd,$,,5c46fd5f01cf23f52eb1edb6c4b4d699cccbfc02da9e29cf7fb577c56a0d45cd,5c46fd5f01cf23f52eb1edb6c4b4d699cccbfc02da9e29cf7fb577c56a0d45cd,"{""basis"":""ordered nested-math atom; exact symbolic replay"",""kind"":""source-target-formula-map""}"
1.1.0,formula,O007-FREMLIN-V2-S244-FORMULA-0548,O007-FREMLIN-V2-S244,O007-RIGHTS-FREMLIN-DSL,O007-FREMLIN-V2-S244-SEG-244K,548,244K,244K,655,675,22643,22655,24342,24354,n\in\Bbb N,n\in\Bbb N,d213946df59f2b85be55436de61a489b7c24c216dfb26056fc2946b32c730709,d213946df59f2b85be55436de61a489b7c24c216dfb26056fc2946b32c730709,02bb197ae0de627eb1861382dcf81826f92f1895770d739be7f05b2435488186,$,,02bb197ae0de627eb1861382dcf81826f92f1895770d739be7f05b2435488186,02bb197ae0de627eb1861382dcf81826f92f1895770d739be7f05b2435488186,"{""basis"":""ordered nested-math atom; exact symbolic replay"",""kind"":""source-target-formula-map""}"
1.1.0,formula,O007-FREMLIN-V2-S244-FORMULA-0549,O007-FREMLIN-V2-S244,O007-RIGHTS-FREMLIN-DSL,O007-FREMLIN-V2-S244-SEG-244K,549,244K,244K,655,675,22660,22670,24359,24369,x\in H_n,x\in H_n,ae2757e3d05db85a102699b795a93f7aa7a9da158df2c8e16df1e9e9544b2373,ae2757e3d05db85a102699b795a93f7aa7a9da158df2c8e16df1e9e9544b2373,ecb680ff29ed658f3ad4aba747482c71861f05d35577ff719a96e1e7dfcde2fb,$,,ecb680ff29ed658f3ad4aba747482c71861f05d35577ff719a96e1e7dfcde2fb,ecb680ff29ed658f3ad4aba747482c71861f05d35577ff719a96e1e7dfcde2fb,"{""basis"":""ordered nested-math atom; exact symbolic replay"",""kind"":""source-target-formula-map""}"
1.1.0,formula,O007-FREMLIN-V2-S244-FORMULA-0550,O007-FREMLIN-V2-S244,O007-RIGHTS-FREMLIN-DSL,O007-FREMLIN-V2-S244-SEG-244K,550,244K,244K,656,675,22672,22680,24377,24385,g(x)=0,g(x)=0,2610547dcb0a1329d8445fc11a148aa8e268566c226d38adfe7d314bac55f3f2,2610547dcb0a1329d8445fc11a148aa8e268566c226d38adfe7d314bac55f3f2,2610547dcb0a1329d8445fc11a148aa8e268566c226d38adfe7d314bac55f3f2,$,,2610547dcb0a1329d8445fc11a148aa8e268566c226d38adfe7d314bac55f3f2,2610547dcb0a1329d8445fc11a148aa8e268566c226d38adfe7d314bac55f3f2,"{""basis"":""ordered nested-math atom; exact symbolic replay"",""kind"":""source-target-formula-map""}"
1.1.0,formula,O007-FREMLIN-V2-S244-FORMULA-0551,O007-FREMLIN-V2-S244,O007-RIGHTS-FREMLIN-DSL,O007-FREMLIN-V2-S244-SEG-244K,551,244K,244K,656,676,22685,22725,24392,24432,x\in X\setminus\bigcup_{n\in\Bbb N}H_n,x\in X\setminus\bigcup_{n\in\Bbb N}H_n,b597eddf0247fafdfa779ff6685b952ae81f1ab809133bee10e982f5468cb24a,b597eddf0247fafdfa779ff6685b952ae81f1ab809133bee10e982f5468cb24a,78e64759fb47f74ba3a35715f7d02c323432b78e6aed1c0fabe391ca2abd68cc,$,,78e64759fb47f74ba3a35715f7d02c323432b78e6aed1c0fabe391ca2abd68cc,78e64759fb47f74ba3a35715f7d02c323432b78e6aed1c0fabe391ca2abd68cc,"{""basis"":""ordered nested-math atom; exact symbolic replay"",""kind"":""source-target-formula-map""}"
1.1.0,formula,O007-FREMLIN-V2-S244-FORMULA-0552,O007-FREMLIN-V2-S244,O007-RIGHTS-FREMLIN-DSL,O007-FREMLIN-V2-S244-SEG-244K,552,244K,244K,660,680,22748,22788,24455,24495,g=\sum_{n=0}^{\infty}g_n\times\chi H_n,g=\sum_{n=0}^{\infty}g_n\times\chi H_n,0c5780bb6db6aa9af0249acebfcf7e6beabed620e1fea55183233313334e3e86,0c5780bb6db6aa9af0249acebfcf7e6beabed620e1fea55183233313334e3e86,04cb0a773b32a4ab86fbbe340e5ffe6adf8c5238e190968ea906a5141dd741ea,$,,04cb0a773b32a4ab86fbbe340e5ffe6adf8c5238e190968ea906a5141dd741ea,04cb0a773b32a4ab86fbbe340e5ffe6adf8c5238e190968ea906a5141dd741ea,"{""basis"":""ordered nested-math atom; exact symbolic replay"",""kind"":""source-target-formula-map""}"
1.1.0,formula,O007-FREMLIN-V2-S244-FORMULA-0553,O007-FREMLIN-V2-S244,O007-RIGHTS-FREMLIN-DSL,O007-FREMLIN-V2-S244-SEG-244K,553,244K,244K,662,681,22829,22860,24530,24561,\int_Fg=h(\chi F^{\ssbullet}),\int_Fg=h(\chi F^{\ssbullet}),826fff263babca962c9c268c31a94da174320902ef3da3541c9077968ff46ec4,826fff263babca962c9c268c31a94da174320902ef3da3541c9077968ff46ec4,d3238cb774ab9c78bc064795e84559450c340a40f0685aa5f734a2a687878fec,$,,d3238cb774ab9c78bc064795e84559450c340a40f0685aa5f734a2a687878fec,d3238cb774ab9c78bc064795e84559450c340a40f0685aa5f734a2a687878fec,"{""basis"":""ordered nested-math atom; exact symbolic replay"",""kind"":""source-target-formula-map""}"
1.1.0,formula,O007-FREMLIN-V2-S244-FORMULA-0554,O007-FREMLIN-V2-S244,O007-RIGHTS-FREMLIN-DSL,O007-FREMLIN-V2-S244-SEG-244K,554,244K,244K,663,682,22870,22882,24574,24586,n\in\Bbb N,n\in\Bbb N,d213946df59f2b85be55436de61a489b7c24c216dfb26056fc2946b32c730709,d213946df59f2b85be55436de61a489b7c24c216dfb26056fc2946b32c730709,02bb197ae0de627eb1861382dcf81826f92f1895770d739be7f05b2435488186,$,,02bb197ae0de627eb1861382dcf81826f92f1895770d739be7f05b2435488186,02bb197ae0de627eb1861382dcf81826f92f1895770d739be7f05b2435488186,"{""basis"":""ordered nested-math atom; exact symbolic replay"",""kind"":""source-target-formula-map""}"
1.1.0,formula,O007-FREMLIN-V2-S244-FORMULA-0555,O007-FREMLIN-V2-S244,O007-RIGHTS-FREMLIN-DSL,O007-FREMLIN-V2-S244-SEG-244K,555,244K,244K,663,682,22887,22890,24591,24594,F,F,f67ab10ad4e4c53121b6a5fe4da9c10ddee905b978d3788d2723d7bfacbe28a9,f67ab10ad4e4c53121b6a5fe4da9c10ddee905b978d3788d2723d7bfacbe28a9,f67ab10ad4e4c53121b6a5fe4da9c10ddee905b978d3788d2723d7bfacbe28a9,$,,f67ab10ad4e4c53121b6a5fe4da9c10ddee905b978d3788d2723d7bfacbe28a9,f67ab10ad4e4c53121b6a5fe4da9c10ddee905b978d3788d2723d7bfacbe28a9,"{""basis"":""ordered nested-math atom; exact symbolic replay"",""kind"":""source-target-formula-map""}"
1.1.0,formula,O007-FREMLIN-V2-S244-FORMULA-0556,O007-FREMLIN-V2-S244,O007-RIGHTS-FREMLIN-DSL,O007-FREMLIN-V2-S244-SEG-244K,556,244K,244K,663,682,22917,22922,24626,24631,H_n,H_n,348cda0e12172b60af60083ba1ab2a8fcf76f911b6d4811d95cb223126cbf205,348cda0e12172b60af60083ba1ab2a8fcf76f911b6d4811d95cb223126cbf205,348cda0e12172b60af60083ba1ab2a8fcf76f911b6d4811d95cb223126cbf205,$,,348cda0e12172b60af60083ba1ab2a8fcf76f911b6d4811d95cb223126cbf205,348cda0e12172b60af60083ba1ab2a8fcf76f911b6d4811d95cb223126cbf205,"{""basis"":""ordered nested-math atom; exact symbolic replay"",""kind"":""source-target-formula-map""}"
1.1.0,formula,O007-FREMLIN-V2-S244-FORMULA-0557,O007-FREMLIN-V2-S244,O007-RIGHTS-FREMLIN-DSL,O007-FREMLIN-V2-S244-SEG-244K,557,244K,244K,664,683,22937,22968,24643,24674,\int_Fg=h(\chi F^{\ssbullet}),\int_Fg=h(\chi F^{\ssbullet}),826fff263babca962c9c268c31a94da174320902ef3da3541c9077968ff46ec4,826fff263babca962c9c268c31a94da174320902ef3da3541c9077968ff46ec4,d3238cb774ab9c78bc064795e84559450c340a40f0685aa5f734a2a687878fec,$,,d3238cb774ab9c78bc064795e84559450c340a40f0685aa5f734a2a687878fec,d3238cb774ab9c78bc064795e84559450c340a40f0685aa5f734a2a687878fec,"{""basis"":""ordered nested-math atom; exact symbolic replay"",""kind"":""source-target-formula-map""}"
1.1.0,formula,O007-FREMLIN-V2-S244-FORMULA-0558,O007-FREMLIN-V2-S244,O007-RIGHTS-FREMLIN-DSL,O007-FREMLIN-V2-S244-SEG-244K,558,244K,244K,664,683,22978,22990,24687,24699,n\in\Bbb N,n\in\Bbb N,d213946df59f2b85be55436de61a489b7c24c216dfb26056fc2946b32c730709,d213946df59f2b85be55436de61a489b7c24c216dfb26056fc2946b32c730709,02bb197ae0de627eb1861382dcf81826f92f1895770d739be7f05b2435488186,$,,02bb197ae0de627eb1861382dcf81826f92f1895770d739be7f05b2435488186,02bb197ae0de627eb1861382dcf81826f92f1895770d739be7f05b2435488186,"{""basis"":""ordered nested-math atom; exact symbolic replay"",""kind"":""source-target-formula-map""}"
1.1.0,formula,O007-FREMLIN-V2-S244-FORMULA-0559,O007-FREMLIN-V2-S244,O007-RIGHTS-FREMLIN-DSL,O007-FREMLIN-V2-S244-SEG-244K,559,244K,244K,665,683,22995,22998,24704,24707,F,F,f67ab10ad4e4c53121b6a5fe4da9c10ddee905b978d3788d2723d7bfacbe28a9,f67ab10ad4e4c53121b6a5fe4da9c10ddee905b978d3788d2723d7bfacbe28a9,f67ab10ad4e4c53121b6a5fe4da9c10ddee905b978d3788d2723d7bfacbe28a9,$,,f67ab10ad4e4c53121b6a5fe4da9c10ddee905b978d3788d2723d7bfacbe28a9,f67ab10ad4e4c53121b6a5fe4da9c10ddee905b978d3788d2723d7bfacbe28a9,"{""basis"":""ordered nested-math atom; exact symbolic replay"",""kind"":""source-target-formula-map""}"
1.1.0,formula,O007-FREMLIN-V2-S244-FORMULA-0560,O007-FREMLIN-V2-S244,O007-RIGHTS-FREMLIN-DSL,O007-FREMLIN-V2-S244-SEG-244K,560,244K,244K,665,684,23025,23050,24739,24764,E_n=\bigcup_{k\le n}H_k,E_n=\bigcup_{k\le n}H_k,af21bca2349613b27021b3d7238f17f959351cb47d6c9846f7ed9bad3a597129,af21bca2349613b27021b3d7238f17f959351cb47d6c9846f7ed9bad3a597129,54466856263a89a83f859566c6830bb982785b0ffb1a279ab6c8f5e476c32a84,$,,54466856263a89a83f859566c6830bb982785b0ffb1a279ab6c8f5e476c32a84,54466856263a89a83f859566c6830bb982785b0ffb1a279ab6c8f5e476c32a84,"{""basis"":""ordered nested-math atom; exact symbolic replay"",""kind"":""source-target-formula-map""}"
1.1.0,formula,O007-FREMLIN-V2-S244-FORMULA-0561,O007-FREMLIN-V2-S244,O007-RIGHTS-FREMLIN-DSL,O007-FREMLIN-V2-S244-SEG-244K,561,244K,244K,666,685,23058,23106,24775,24823,G=\{x:g(x)>0\}\subseteq\bigcup_{n\in\Bbb N}E_n,G=\{x:g(x)>0\}\subseteq\bigcup_{n\in\Bbb N}E_n,c9d10124b371d6d75ea296ef91ed4a531ca8fbe82d1c90700fcd6c86a265856e,c9d10124b371d6d75ea296ef91ed4a531ca8fbe82d1c90700fcd6c86a265856e,3336021780188ef57a056d04558eb73bbb1037b9218ae14bd5eac6c5559e7a54,$,,3336021780188ef57a056d04558eb73bbb1037b9218ae14bd5eac6c5559e7a54,3336021780188ef57a056d04558eb73bbb1037b9218ae14bd5eac6c5559e7a54,"{""basis"":""ordered nested-math atom; exact symbolic replay"",""kind"":""source-target-formula-map""}"
1.1.0,formula,O007-FREMLIN-V2-S244-FORMULA-0562,O007-FREMLIN-V2-S244,O007-RIGHTS-FREMLIN-DSL,O007-FREMLIN-V2-S244-SEG-244K,562,244K,244K,666,685,23113,23127,24830,24844,F\subseteq G,F\subseteq G,21fa92a4d833f5ea7d9534177f10126bd938c6e001cc2d2e92ce66b97b4175c4,21fa92a4d833f5ea7d9534177f10126bd938c6e001cc2d2e92ce66b97b4175c4,35e665f6e5a35eebfff61ebbde2f5dbcbc473e68bb9fc295ed9034deb1c9b883,$,,35e665f6e5a35eebfff61ebbde2f5dbcbc473e68bb9fc295ed9034deb1c9b883,35e665f6e5a35eebfff61ebbde2f5dbcbc473e68bb9fc295ed9034deb1c9b883,"{""basis"":""ordered nested-math atom; exact symbolic replay"",""kind"":""source-target-formula-map""}"
1.1.0,formula,O007-FREMLIN-V2-S244-FORMULA-0563,O007-FREMLIN-V2-S244,O007-RIGHTS-FREMLIN-DSL,O007-FREMLIN-V2-S244-SEG-244K,563,244K,244K,667,686,23132,23146,24849,24863,\mu F<\infty,\mu F<\infty,ab20af60b4140d41b6eaa4744f98e9d9df1950c7beb1c38a9c0c9bca128f0457,ab20af60b4140d41b6eaa4744f98e9d9df1950c7beb1c38a9c0c9bca128f0457,25a457e8f39001084187bcd482eaf010af7f17395ffb631f763baa976893c81e,$,,25a457e8f39001084187bcd482eaf010af7f17395ffb631f763baa976893c81e,25a457e8f39001084187bcd482eaf010af7f17395ffb631f763baa976893c81e,"{""basis"":""ordered nested-math atom; exact symbolic replay"",""kind"":""source-target-formula-map""}"
1.1.0,formula,O007-FREMLIN-V2-S244-FORMULA-0564,O007-FREMLIN-V2-S244,O007-RIGHTS-FREMLIN-DSL,O007-FREMLIN-V2-S244-SEG-244K,564,244K,244K,669,688,23166,23320,24883,25037,"\lim_{n\to\infty}\int g\times\chi(F\cap E_n)
\le\sup_{n\in\Bbb N}h(\chi(F\cap E_n)^{\ssbullet})
\le\sup_{n\in\Bbb N}\|\chi(F\cap E_n)\|_p
=(\mu F)^{1/p}","\lim_{n\to\infty}\int g\times\chi(F\cap E_n)
\le\sup_{n\in\Bbb N}h(\chi(F\cap E_n)^{\ssbullet})
\le\sup_{n\in\Bbb N}\|\chi(F\cap E_n)\|_p
=(\mu F)^{1/p}",b98d43b3d5ca041221a176d35c4cce6c79cc90df74597a2c0dd266d8c583b5dd,b98d43b3d5ca041221a176d35c4cce6c79cc90df74597a2c0dd266d8c583b5dd,9dec2d8a2f719da9ee9ebc2ca98ee3a2d5d59674aced6e856347f51c611cd42a,$,,9dec2d8a2f719da9ee9ebc2ca98ee3a2d5d59674aced6e856347f51c611cd42a,9dec2d8a2f719da9ee9ebc2ca98ee3a2d5d59674aced6e856347f51c611cd42a,"{""basis"":""ordered nested-math atom; exact symbolic replay"",""kind"":""source-target-formula-map""}"
1.1.0,formula,O007-FREMLIN-V2-S244-FORMULA-0565,O007-FREMLIN-V2-S244,O007-RIGHTS-FREMLIN-DSL,O007-FREMLIN-V2-S244-SEG-244K,565,244K,244K,676,695,23370,23444,25097,25171,"\int_Fg=\int g\times\chi F
=\lim_{n\to\infty}\int g\times\chi(F\cap E_n)","\int_Fg=\int g\times\chi F
=\lim_{n\to\infty}\int g\times\chi(F\cap E_n)",f9b4c1ca69864bdde64974f4e739698aa4dcd07266523c16ae4c87699a98d1e3,f9b4c1ca69864bdde64974f4e739698aa4dcd07266523c16ae4c87699a98d1e3,28c122d81c0c8aee6d0ad18063fe9d34d47db751b5d7214d7b93c05892d76afa,$,,28c122d81c0c8aee6d0ad18063fe9d34d47db751b5d7214d7b93c05892d76afa,28c122d81c0c8aee6d0ad18063fe9d34d47db751b5d7214d7b93c05892d76afa,"{""basis"":""ordered nested-math atom; exact symbolic replay"",""kind"":""source-target-formula-map""}"
1.1.0,formula,O007-FREMLIN-V2-S244-FORMULA-0566,O007-FREMLIN-V2-S244,O007-RIGHTS-FREMLIN-DSL,O007-FREMLIN-V2-S244-SEG-244K,566,244K,244K,679,698,23478,23487,25204,25213,\int_Fg,\int_Fg,343ce7749fd7b5aa7d72fb20a93357a0adac8fd60e0a3966fe5d567983af8d08,343ce7749fd7b5aa7d72fb20a93357a0adac8fd60e0a3966fe5d567983af8d08,343ce7749fd7b5aa7d72fb20a93357a0adac8fd60e0a3966fe5d567983af8d08,$,,343ce7749fd7b5aa7d72fb20a93357a0adac8fd60e0a3966fe5d567983af8d08,343ce7749fd7b5aa7d72fb20a93357a0adac8fd60e0a3966fe5d567983af8d08,"{""basis"":""ordered nested-math atom; exact symbolic replay"",""kind"":""source-target-formula-map""}"
1.1.0,formula,O007-FREMLIN-V2-S244-FORMULA-0567,O007-FREMLIN-V2-S244,O007-RIGHTS-FREMLIN-DSL,O007-FREMLIN-V2-S244-SEG-244K,567,244K,244K,680,699,23498,23522,25223,25247,F\subseteq\{x:g(x)<0\},F\subseteq\{x:g(x)<0\},c19da96f206e1e4544ac64a329cb2014c9736432797e33bbcb86b6537ce7ef9d,c19da96f206e1e4544ac64a329cb2014c9736432797e33bbcb86b6537ce7ef9d,c19da96f206e1e4544ac64a329cb2014c9736432797e33bbcb86b6537ce7ef9d,$,,c19da96f206e1e4544ac64a329cb2014c9736432797e33bbcb86b6537ce7ef9d,c19da96f206e1e4544ac64a329cb2014c9736432797e33bbcb86b6537ce7ef9d,"{""basis"":""ordered nested-math atom; exact symbolic replay"",""kind"":""source-target-formula-map""}"
1.1.0,formula,O007-FREMLIN-V2-S244-FORMULA-0568,O007-FREMLIN-V2-S244,O007-RIGHTS-FREMLIN-DSL,O007-FREMLIN-V2-S244-SEG-244K,568,244K,244K,681,700,23560,23569,25289,25298,\int_Fg,\int_Fg,343ce7749fd7b5aa7d72fb20a93357a0adac8fd60e0a3966fe5d567983af8d08,343ce7749fd7b5aa7d72fb20a93357a0adac8fd60e0a3966fe5d567983af8d08,343ce7749fd7b5aa7d72fb20a93357a0adac8fd60e0a3966fe5d567983af8d08,$,,343ce7749fd7b5aa7d72fb20a93357a0adac8fd60e0a3966fe5d567983af8d08,343ce7749fd7b5aa7d72fb20a93357a0adac8fd60e0a3966fe5d567983af8d08,"{""basis"":""ordered nested-math atom; exact symbolic replay"",""kind"":""source-target-formula-map""}"
1.1.0,formula,O007-FREMLIN-V2-S244-FORMULA-0569,O007-FREMLIN-V2-S244,O007-RIGHTS-FREMLIN-DSL,O007-FREMLIN-V2-S244-SEG-244K,569,244K,244K,681,700,23580,23604,25308,25332,F\subseteq\{x:g(x)=0\},F\subseteq\{x:g(x)=0\},e69f851416e7ac8ecd8032f55da7f4dba7e09074a8a6cc7991ddd826798118b8,e69f851416e7ac8ecd8032f55da7f4dba7e09074a8a6cc7991ddd826798118b8,e69f851416e7ac8ecd8032f55da7f4dba7e09074a8a6cc7991ddd826798118b8,$,,e69f851416e7ac8ecd8032f55da7f4dba7e09074a8a6cc7991ddd826798118b8,e69f851416e7ac8ecd8032f55da7f4dba7e09074a8a6cc7991ddd826798118b8,"{""basis"":""ordered nested-math atom; exact symbolic replay"",""kind"":""source-target-formula-map""}"
1.1.0,formula,O007-FREMLIN-V2-S244-FORMULA-0570,O007-FREMLIN-V2-S244,O007-RIGHTS-FREMLIN-DSL,O007-FREMLIN-V2-S244-SEG-244K,570,244K,244K,682,701,23618,23627,25350,25359,\int_Fg,\int_Fg,343ce7749fd7b5aa7d72fb20a93357a0adac8fd60e0a3966fe5d567983af8d08,343ce7749fd7b5aa7d72fb20a93357a0adac8fd60e0a3966fe5d567983af8d08,343ce7749fd7b5aa7d72fb20a93357a0adac8fd60e0a3966fe5d567983af8d08,$,,343ce7749fd7b5aa7d72fb20a93357a0adac8fd60e0a3966fe5d567983af8d08,343ce7749fd7b5aa7d72fb20a93357a0adac8fd60e0a3966fe5d567983af8d08,"{""basis"":""ordered nested-math atom; exact symbolic replay"",""kind"":""source-target-formula-map""}"
1.1.0,formula,O007-FREMLIN-V2-S244-FORMULA-0571,O007-FREMLIN-V2-S244,O007-RIGHTS-FREMLIN-DSL,O007-FREMLIN-V2-S244-SEG-244K,571,244K,244K,682,701,23649,23652,25386,25389,F,F,f67ab10ad4e4c53121b6a5fe4da9c10ddee905b978d3788d2723d7bfacbe28a9,f67ab10ad4e4c53121b6a5fe4da9c10ddee905b978d3788d2723d7bfacbe28a9,f67ab10ad4e4c53121b6a5fe4da9c10ddee905b978d3788d2723d7bfacbe28a9,$,,f67ab10ad4e4c53121b6a5fe4da9c10ddee905b978d3788d2723d7bfacbe28a9,f67ab10ad4e4c53121b6a5fe4da9c10ddee905b978d3788d2723d7bfacbe28a9,"{""basis"":""ordered nested-math atom; exact symbolic replay"",""kind"":""source-target-formula-map""}"
1.1.0,formula,O007-FREMLIN-V2-S244-FORMULA-0572,O007-FREMLIN-V2-S244,O007-RIGHTS-FREMLIN-DSL,O007-FREMLIN-V2-S244-SEG-244K,572,244K,244K,685,704,23740,23907,25483,25650,"\int_Fg=\lim_{n\to\infty}\int_{F\cap E_n}g
=\lim_{n\to\infty}h(\chi(F\cap E_n)^{\ssbullet})
=\sum_{n=0}^{\infty}h(\chi(F\cap H_n)^{\ssbullet})
=h(\chi F^{\ssbullet})","\int_Fg=\lim_{n\to\infty}\int_{F\cap E_n}g
=\lim_{n\to\infty}h(\chi(F\cap E_n)^{\ssbullet})
=\sum_{n=0}^{\infty}h(\chi(F\cap H_n)^{\ssbullet})
=h(\chi F^{\ssbullet})",16516d0645619d9ffb2560fa0c004d741ee67406b6034fbb580092dd0d2965c0,16516d0645619d9ffb2560fa0c004d741ee67406b6034fbb580092dd0d2965c0,0cb7174aa14db98a0db6a220b54ae0ab9b543cdc23f45a5b1e62c240f22d99ca,$,,0cb7174aa14db98a0db6a220b54ae0ab9b543cdc23f45a5b1e62c240f22d99ca,0cb7174aa14db98a0db6a220b54ae0ab9b543cdc23f45a5b1e62c240f22d99ca,"{""basis"":""ordered nested-math atom; exact symbolic replay"",""kind"":""source-target-formula-map""}"
1.1.0,formula,O007-FREMLIN-V2-S244-FORMULA-0573,O007-FREMLIN-V2-S244,O007-RIGHTS-FREMLIN-DSL,O007-FREMLIN-V2-S244-SEG-244K,573,244K,244K,690,709,23929,23932,25669,25672,F,F,f67ab10ad4e4c53121b6a5fe4da9c10ddee905b978d3788d2723d7bfacbe28a9,f67ab10ad4e4c53121b6a5fe4da9c10ddee905b978d3788d2723d7bfacbe28a9,f67ab10ad4e4c53121b6a5fe4da9c10ddee905b978d3788d2723d7bfacbe28a9,$,,f67ab10ad4e4c53121b6a5fe4da9c10ddee905b978d3788d2723d7bfacbe28a9,f67ab10ad4e4c53121b6a5fe4da9c10ddee905b978d3788d2723d7bfacbe28a9,"{""basis"":""ordered nested-math atom; exact symbolic replay"",""kind"":""source-target-formula-map""}"
1.1.0,formula,O007-FREMLIN-V2-S244-FORMULA-0574,O007-FREMLIN-V2-S244,O007-RIGHTS-FREMLIN-DSL,O007-FREMLIN-V2-S244-SEG-244K,574,244K,244K,693,711,23985,24018,25740,25773,\int g\times f=h(f^{\ssbullet}),\int g\times f=h(f^{\ssbullet}),a8a74f323d920f7a871ad4a2dc92220ff5c25ce65eda15427810f2698bb3dab8,a8a74f323d920f7a871ad4a2dc92220ff5c25ce65eda15427810f2698bb3dab8,441410881e53d92381fece2418bb9739e8e5181feb8f2e3c7fa59abf5bfdc384,$,,441410881e53d92381fece2418bb9739e8e5181feb8f2e3c7fa59abf5bfdc384,441410881e53d92381fece2418bb9739e8e5181feb8f2e3c7fa59abf5bfdc384,"{""basis"":""ordered nested-math atom; exact symbolic replay"",""kind"":""source-target-formula-map""}"
1.1.0,formula,O007-FREMLIN-V2-S244-FORMULA-0575,O007-FREMLIN-V2-S244,O007-RIGHTS-FREMLIN-DSL,O007-FREMLIN-V2-S244-SEG-244K,575,244K,244K,695,713,24057,24071,25816,25830,f:X\to\Bbb R,f:X\to\Bbb R,564e5fad9d398fff5ba7e458f4bc761268933bfaa302509696e8931a04ec4c82,564e5fad9d398fff5ba7e458f4bc761268933bfaa302509696e8931a04ec4c82,1b750548c79710486bd23507981d4846fc7bc5f36df548fd7d56f6ecbe748722,$,,1b750548c79710486bd23507981d4846fc7bc5f36df548fd7d56f6ecbe748722,1b750548c79710486bd23507981d4846fc7bc5f36df548fd7d56f6ecbe748722,"{""basis"":""ordered nested-math atom; exact symbolic replay"",""kind"":""source-target-formula-map""}"
1.1.0,formula,O007-FREMLIN-V2-S244-FORMULA-0576,O007-FREMLIN-V2-S244,O007-RIGHTS-FREMLIN-DSL,O007-FREMLIN-V2-S244-SEG-244K,576,244K,244K,699,717,24098,24108,25862,25872,g\in L^q,g\in L^q,dcacb5cdde46bd4db82436a0de5754880c4624f2da46525f7273c9c31603f0fc,dcacb5cdde46bd4db82436a0de5754880c4624f2da46525f7273c9c31603f0fc,1bf900c7a419bccacb34e32bf6d63477f4a87e15d082918f4261b0ad1bdf21d0,$,,1bf900c7a419bccacb34e32bf6d63477f4a87e15d082918f4261b0ad1bdf21d0,1bf900c7a419bccacb34e32bf6d63477f4a87e15d082918f4261b0ad1bdf21d0,"{""basis"":""ordered nested-math atom; exact symbolic replay"",""kind"":""source-target-formula-map""}"
1.1.0,formula,O007-FREMLIN-V2-S244-FORMULA-0577,O007-FREMLIN-V2-S244,O007-RIGHTS-FREMLIN-DSL,O007-FREMLIN-V2-S244-SEG-244K,577,244K,244K,700,718,24145,24163,25912,25930,|g|^q:X\to\Bbb R,|g|^q:X\to\Bbb R,4091875132f6181c924d073d6b8771db9c3d88a5b185a88e899d466f70edda51,4091875132f6181c924d073d6b8771db9c3d88a5b185a88e899d466f70edda51,eef255c6d2a49c09464eb8f1f1ba759902cee09cc815ef811c45fb96e3485826,$,,eef255c6d2a49c09464eb8f1f1ba759902cee09cc815ef811c45fb96e3485826,eef255c6d2a49c09464eb8f1f1ba759902cee09cc815ef811c45fb96e3485826,"{""basis"":""ordered nested-math atom; exact symbolic replay"",""kind"":""source-target-formula-map""}"
1.1.0,formula,O007-FREMLIN-V2-S244-FORMULA-0578,O007-FREMLIN-V2-S244,O007-RIGHTS-FREMLIN-DSL,O007-FREMLIN-V2-S244-SEG-244K,578,244K,244K,700,718,24187,24190,25947,25950,g,g,cd0aa9856147b6c5b4ff2b7dfee5da20aa38253099ef1b4a64aced233c9afe29,cd0aa9856147b6c5b4ff2b7dfee5da20aa38253099ef1b4a64aced233c9afe29,cd0aa9856147b6c5b4ff2b7dfee5da20aa38253099ef1b4a64aced233c9afe29,$,,cd0aa9856147b6c5b4ff2b7dfee5da20aa38253099ef1b4a64aced233c9afe29,cd0aa9856147b6c5b4ff2b7dfee5da20aa38253099ef1b4a64aced233c9afe29,"{""basis"":""ordered nested-math atom; exact symbolic replay"",""kind"":""source-target-formula-map""}"
1.1.0,formula,O007-FREMLIN-V2-S244-FORMULA-0579,O007-FREMLIN-V2-S244,O007-RIGHTS-FREMLIN-DSL,O007-FREMLIN-V2-S244-SEG-244K,579,244K,244K,701,719,24209,24224,25963,25978,a\mapsto|a|^q,a\mapsto|a|^q,dc1ccd7060f69f72e4ba4f416ad6bb0e8a6b3544c49acaeccaaf13c1fc837a89,dc1ccd7060f69f72e4ba4f416ad6bb0e8a6b3544c49acaeccaaf13c1fc837a89,dc1ccd7060f69f72e4ba4f416ad6bb0e8a6b3544c49acaeccaaf13c1fc837a89,$,,dc1ccd7060f69f72e4ba4f416ad6bb0e8a6b3544c49acaeccaaf13c1fc837a89,dc1ccd7060f69f72e4ba4f416ad6bb0e8a6b3544c49acaeccaaf13c1fc837a89,"{""basis"":""ordered nested-math atom; exact symbolic replay"",""kind"":""source-target-formula-map""}"
1.1.0,formula,O007-FREMLIN-V2-S244-FORMULA-0580,O007-FREMLIN-V2-S244,O007-RIGHTS-FREMLIN-DSL,O007-FREMLIN-V2-S244-SEG-244K,580,244K,244K,702,719,24262,24265,26002,26005,f,f,252f10c83610ebca1a059c0bae8255eba2f95be4d1d7bcfa89d7248a82d9f111,252f10c83610ebca1a059c0bae8255eba2f95be4d1d7bcfa89d7248a82d9f111,252f10c83610ebca1a059c0bae8255eba2f95be4d1d7bcfa89d7248a82d9f111,$,,252f10c83610ebca1a059c0bae8255eba2f95be4d1d7bcfa89d7248a82d9f111,252f10c83610ebca1a059c0bae8255eba2f95be4d1d7bcfa89d7248a82d9f111,"{""basis"":""ordered nested-math atom; exact symbolic replay"",""kind"":""source-target-formula-map""}"
1.1.0,formula,O007-FREMLIN-V2-S244-FORMULA-0581,O007-FREMLIN-V2-S244,O007-RIGHTS-FREMLIN-DSL,O007-FREMLIN-V2-S244-SEG-244K,581,244K,244K,702,720,24304,24317,26044,26057,f\leae|g|^q,f\leae|g|^q,abdf00272051329a36b0a155cf420777384db57af5eaab94664beeb735372260,abdf00272051329a36b0a155cf420777384db57af5eaab94664beeb735372260,abdf00272051329a36b0a155cf420777384db57af5eaab94664beeb735372260,$,,abdf00272051329a36b0a155cf420777384db57af5eaab94664beeb735372260,abdf00272051329a36b0a155cf420777384db57af5eaab94664beeb735372260,"{""basis"":""ordered nested-math atom; exact symbolic replay"",""kind"":""source-target-formula-map""}"
1.1.0,formula,O007-FREMLIN-V2-S244-FORMULA-0582,O007-FREMLIN-V2-S244,O007-RIGHTS-FREMLIN-DSL,O007-FREMLIN-V2-S244-SEG-244K,582,244K,244K,703,720,24326,24335,26064,26073,f^{1/p},f^{1/p},5c7b2d023a755d2a86254e635326e8e618e622d450872288524d8e9e74799c3d,5c7b2d023a755d2a86254e635326e8e618e622d450872288524d8e9e74799c3d,5c7b2d023a755d2a86254e635326e8e618e622d450872288524d8e9e74799c3d,$,,5c7b2d023a755d2a86254e635326e8e618e622d450872288524d8e9e74799c3d,5c7b2d023a755d2a86254e635326e8e618e622d450872288524d8e9e74799c3d,"{""basis"":""ordered nested-math atom; exact symbolic replay"",""kind"":""source-target-formula-map""}"
1.1.0,formula,O007-FREMLIN-V2-S244-FORMULA-0583,O007-FREMLIN-V2-S244,O007-RIGHTS-FREMLIN-DSL,O007-FREMLIN-V2-S244-SEG-244K,583,244K,244K,703,721,24363,24371,26102,26110,\sgn g,\sgn g,7baff7507303557130b4355581dc54b68a1f726bd10de31acd13a6aaed69e168,7baff7507303557130b4355581dc54b68a1f726bd10de31acd13a6aaed69e168,463964f2064d0460d746d5aded3e32626daa2181893f81a319c296d59360db42,$,,463964f2064d0460d746d5aded3e32626daa2181893f81a319c296d59360db42,463964f2064d0460d746d5aded3e32626daa2181893f81a319c296d59360db42,"{""basis"":""ordered nested-math atom; exact symbolic replay"",""kind"":""source-target-formula-map""}"
1.1.0,formula,O007-FREMLIN-V2-S244-FORMULA-0584,O007-FREMLIN-V2-S244,O007-RIGHTS-FREMLIN-DSL,O007-FREMLIN-V2-S244-SEG-244K,584,244K,244K,704,721,24412,24415,26147,26150,0,0,5feceb66ffc86f38d952786c6d696c79c2dbc239dd4e91b46729d73a27fb57e9,5feceb66ffc86f38d952786c6d696c79c2dbc239dd4e91b46729d73a27fb57e9,5feceb66ffc86f38d952786c6d696c79c2dbc239dd4e91b46729d73a27fb57e9,$,,5feceb66ffc86f38d952786c6d696c79c2dbc239dd4e91b46729d73a27fb57e9,5feceb66ffc86f38d952786c6d696c79c2dbc239dd4e91b46729d73a27fb57e9,"{""basis"":""ordered nested-math atom; exact symbolic replay"",""kind"":""source-target-formula-map""}"
1.1.0,formula,O007-FREMLIN-V2-S244-FORMULA-0585,O007-FREMLIN-V2-S244,O007-RIGHTS-FREMLIN-DSL,O007-FREMLIN-V2-S244-SEG-244K,585,244K,244K,704,721,24417,24420,26152,26155,1,1,6b86b273ff34fce19d6b804eff5a3f5747ada4eaa22f1d49c01e52ddb7875b4b,6b86b273ff34fce19d6b804eff5a3f5747ada4eaa22f1d49c01e52ddb7875b4b,6b86b273ff34fce19d6b804eff5a3f5747ada4eaa22f1d49c01e52ddb7875b4b,$,,6b86b273ff34fce19d6b804eff5a3f5747ada4eaa22f1d49c01e52ddb7875b4b,6b86b273ff34fce19d6b804eff5a3f5747ada4eaa22f1d49c01e52ddb7875b4b,"{""basis"":""ordered nested-math atom; exact symbolic replay"",""kind"":""source-target-formula-map""}"
1.1.0,formula,O007-FREMLIN-V2-S244-FORMULA-0586,O007-FREMLIN-V2-S244,O007-RIGHTS-FREMLIN-DSL,O007-FREMLIN-V2-S244-SEG-244K,586,244K,244K,704,721,24425,24429,26160,26164,-1,-1,1bad6b8cf97131fceab8543e81f7757195fbb1d36b376ee994ad1cf17699c464,1bad6b8cf97131fceab8543e81f7757195fbb1d36b376ee994ad1cf17699c464,1bad6b8cf97131fceab8543e81f7757195fbb1d36b376ee994ad1cf17699c464,$,,1bad6b8cf97131fceab8543e81f7757195fbb1d36b376ee994ad1cf17699c464,1bad6b8cf97131fceab8543e81f7757195fbb1d36b376ee994ad1cf17699c464,"{""basis"":""ordered nested-math atom; exact symbolic replay"",""kind"":""source-target-formula-map""}"
1.1.0,formula,O007-FREMLIN-V2-S244-FORMULA-0587,O007-FREMLIN-V2-S244,O007-RIGHTS-FREMLIN-DSL,O007-FREMLIN-V2-S244-SEG-244K,587,244K,244K,705,722,24434,24459,26175,26200,f_1=f^{1/p}\times\sgn g,f_1=f^{1/p}\times\sgn g,1bf9ba3558972ce59df9d91995efef807a396b6af667230f2d5aff560757e5a0,1bf9ba3558972ce59df9d91995efef807a396b6af667230f2d5aff560757e5a0,13b891b7fb15a2009c3e0d465d328ad2eda09f29fd7c231007625c767f54634a,$,,13b891b7fb15a2009c3e0d465d328ad2eda09f29fd7c231007625c767f54634a,13b891b7fb15a2009c3e0d465d328ad2eda09f29fd7c231007625c767f54634a,"{""basis"":""ordered nested-math atom; exact symbolic replay"",""kind"":""source-target-formula-map""}"
1.1.0,formula,O007-FREMLIN-V2-S244-FORMULA-0588,O007-FREMLIN-V2-S244,O007-RIGHTS-FREMLIN-DSL,O007-FREMLIN-V2-S244-SEG-244K,588,244K,244K,705,723,24485,24505,26231,26251,\int|f_1|^p=\int f,\int|f_1|^p=\int f,2d99123d16f9441b4f45d0c84b4ed0e7898e3ab2d2e980e8e4ef635e75a9f15e,2d99123d16f9441b4f45d0c84b4ed0e7898e3ab2d2e980e8e4ef635e75a9f15e,436845e1dd581013be90d3076b1600b83791ba233c8420ba6d1fbfe3e3d6922a,$,,436845e1dd581013be90d3076b1600b83791ba233c8420ba6d1fbfe3e3d6922a,436845e1dd581013be90d3076b1600b83791ba233c8420ba6d1fbfe3e3d6922a,"{""basis"":""ordered nested-math atom; exact symbolic replay"",""kind"":""source-target-formula-map""}"
1.1.0,formula,O007-FREMLIN-V2-S244-FORMULA-0589,O007-FREMLIN-V2-S244,O007-RIGHTS-FREMLIN-DSL,O007-FREMLIN-V2-S244-SEG-244K,589,244K,244K,706,723,24510,24536,26262,26288,\|f_1\|_p=(\int f)^{1/p},\|f_1\|_p=(\int f)^{1/p},1a241f0b4675164970106dce84874d8dcdb41d67a37bd6d2ae67221322206221,1a241f0b4675164970106dce84874d8dcdb41d67a37bd6d2ae67221322206221,de891d9058fa5286d1f07f8f31e81f4a20edc37bc295422aed93bd116948f3ba,$,,de891d9058fa5286d1f07f8f31e81f4a20edc37bc295422aed93bd116948f3ba,de891d9058fa5286d1f07f8f31e81f4a20edc37bc295422aed93bd116948f3ba,"{""basis"":""ordered nested-math atom; exact symbolic replay"",""kind"":""source-target-formula-map""}"
1.1.0,formula,O007-FREMLIN-V2-S244-FORMULA-0590,O007-FREMLIN-V2-S244,O007-RIGHTS-FREMLIN-DSL,O007-FREMLIN-V2-S244-SEG-244K,590,244K,244K,708,726,24553,24749,26307,26502,"\eqalignno{(\int f)^{1/p}&\ge h(f_1^{\ssbullet})
=\int g\times f_1=\int|g\times f^{1/p}|\cr
&\ge\int f^{1/q}\times f^{1/p}\cr
\noalign{\noindent (because $0\le f^{1/q}\leae|g|$)}
&=\int f,\cr}","\eqalignno{(\int f)^{1/p}&\ge h(f_1^{\ssbullet})
=\int g\times f_1=\int|g\times f^{1/p}|\cr
&\ge\int f^{1/q}\times f^{1/p}\cr
\noalign{\noindent (karena $0\le f^{1/q}\leae|g|$)}
&=\int f,\cr}",d969a16be9708a0303ff4b7e872470f5fe99a2a1e2f790f06c345665e23f819d,bde5b52565bc694ce8df345a40e80804ff28cf6936b9bac209cf25f89f8f6555,a99a8692866cd49c2691e1566ede481234f0cbae5026557e32bd2f0aa46fee23,$$,,4bde0f12c892a9184c8f3bc2c982cf19fba9cd415f32cc3d59f7d6853bf1a83f,a99a8692866cd49c2691e1566ede481234f0cbae5026557e32bd2f0aa46fee23,"{""basis"":""ordered nested-math atom; reader-text localization inside math"",""kind"":""source-target-formula-map""}"
1.1.0,formula,O007-FREMLIN-V2-S244-FORMULA-0591,O007-FREMLIN-V2-S244,O007-RIGHTS-FREMLIN-DSL,O007-FREMLIN-V2-S244-SEG-244K,591,244K,244K,714,732,24778,24791,26539,26552,\int f\le 1,\int f\le 1,967b4a9bae89eff440b311f8707d3bd41696e1cbcf31175c097d9e6769f4cdf8,967b4a9bae89eff440b311f8707d3bd41696e1cbcf31175c097d9e6769f4cdf8,7999236ff7a3389aa5b77fb30fa42d3a0fdf1da8590c5682c5593585a788884f,$,,7999236ff7a3389aa5b77fb30fa42d3a0fdf1da8590c5682c5593585a788884f,7999236ff7a3389aa5b77fb30fa42d3a0fdf1da8590c5682c5593585a788884f,"{""basis"":""ordered nested-math atom; exact symbolic replay"",""kind"":""source-target-formula-map""}"
1.1.0,formula,O007-FREMLIN-V2-S244-FORMULA-0592,O007-FREMLIN-V2-S244,O007-RIGHTS-FREMLIN-DSL,O007-FREMLIN-V2-S244-SEG-244K,592,244K,244K,716,734,24819,24836,26578,26595,\sup\{\int f: f,\sup\{\int f: f,dd940c221677abf22e586514c046ec7b91967a7655da100cc5dca706e5d71a5f,dd940c221677abf22e586514c046ec7b91967a7655da100cc5dca706e5d71a5f,346c909c5533ccd0dfad23be9a6c4347d6a5319040f3fa094e2ace9c93663591,$,,346c909c5533ccd0dfad23be9a6c4347d6a5319040f3fa094e2ace9c93663591,346c909c5533ccd0dfad23be9a6c4347d6a5319040f3fa094e2ace9c93663591,"{""basis"":""ordered nested-math atom; exact symbolic replay"",""kind"":""source-target-formula-map""}"
1.1.0,formula,O007-FREMLIN-V2-S244-FORMULA-0593,O007-FREMLIN-V2-S244,O007-RIGHTS-FREMLIN-DSL,O007-FREMLIN-V2-S244-SEG-244K,593,244K,244K,717,735,24872,24900,26631,26659,f\leae |g|^q\}\le 1<\infty,f\leae |g|^q\}\le 1<\infty,50db0de1709c1dce6f263b4c597f545df0ba431a8b185f1319601fb48a756122,50db0de1709c1dce6f263b4c597f545df0ba431a8b185f1319601fb48a756122,e0df8a9a76cc21fd4c09a44f30066aeee9550c1b539719247d71e0b75d96ba61,$,,e0df8a9a76cc21fd4c09a44f30066aeee9550c1b539719247d71e0b75d96ba61,e0df8a9a76cc21fd4c09a44f30066aeee9550c1b539719247d71e0b75d96ba61,"{""basis"":""ordered nested-math atom; exact symbolic replay"",""kind"":""source-target-formula-map""}"
1.1.0,formula,O007-FREMLIN-V2-S244-FORMULA-0594,O007-FREMLIN-V2-S244,O007-RIGHTS-FREMLIN-DSL,O007-FREMLIN-V2-S244-SEG-244K,594,244K,244K,719,737,24939,24951,26710,26722,\epsilon>0,\epsilon>0,4c7785f41b6ba845fbf6fe3db625563505eedd141a7e6a016df047b5d14c0cc7,4c7785f41b6ba845fbf6fe3db625563505eedd141a7e6a016df047b5d14c0cc7,4c7785f41b6ba845fbf6fe3db625563505eedd141a7e6a016df047b5d14c0cc7,$,,4c7785f41b6ba845fbf6fe3db625563505eedd141a7e6a016df047b5d14c0cc7,4c7785f41b6ba845fbf6fe3db625563505eedd141a7e6a016df047b5d14c0cc7,"{""basis"":""ordered nested-math atom; exact symbolic replay"",""kind"":""source-target-formula-map""}"
1.1.0,formula,O007-FREMLIN-V2-S244-FORMULA-0595,O007-FREMLIN-V2-S244,O007-RIGHTS-FREMLIN-DSL,O007-FREMLIN-V2-S244-SEG-244K,595,244K,244K,721,739,24970,25055,26742,26827,"\{x:|g(x)|^q\ge\epsilon\}
=\bigcup_{n\in\Bbb N}\{x:x\in E_n,\,|g(x)|^q\ge\epsilon\}","\{x:|g(x)|^q\ge\epsilon\}
=\bigcup_{n\in\Bbb N}\{x:x\in E_n,\,|g(x)|^q\ge\epsilon\}",fde29a5009d1c44f75ccbf811e8fa13d18547e0bd9fd8b2f1606cdbcc4573f88,fde29a5009d1c44f75ccbf811e8fa13d18547e0bd9fd8b2f1606cdbcc4573f88,dc85fc319b8f64553fb1f9cd31ea53e46633d64161eb472ca6fcb5df2e8e5d7c,$,,dc85fc319b8f64553fb1f9cd31ea53e46633d64161eb472ca6fcb5df2e8e5d7c,dc85fc319b8f64553fb1f9cd31ea53e46633d64161eb472ca6fcb5df2e8e5d7c,"{""basis"":""ordered nested-math atom; exact symbolic replay"",""kind"":""source-target-formula-map""}"
1.1.0,formula,O007-FREMLIN-V2-S244-FORMULA-0596,O007-FREMLIN-V2-S244,O007-RIGHTS-FREMLIN-DSL,O007-FREMLIN-V2-S244-SEG-244K,596,244K,244K,724,742,25082,25094,26858,26870,n\in\Bbb N,n\in\Bbb N,d213946df59f2b85be55436de61a489b7c24c216dfb26056fc2946b32c730709,d213946df59f2b85be55436de61a489b7c24c216dfb26056fc2946b32c730709,02bb197ae0de627eb1861382dcf81826f92f1895770d739be7f05b2435488186,$,,02bb197ae0de627eb1861382dcf81826f92f1895770d739be7f05b2435488186,02bb197ae0de627eb1861382dcf81826f92f1895770d739be7f05b2435488186,"{""basis"":""ordered nested-math atom; exact symbolic replay"",""kind"":""source-target-formula-map""}"
1.1.0,formula,O007-FREMLIN-V2-S244-FORMULA-0597,O007-FREMLIN-V2-S244,O007-RIGHTS-FREMLIN-DSL,O007-FREMLIN-V2-S244-SEG-244K,597,244K,244K,726,744,25108,25171,26885,26948,"\mu\{x:x\in E_n,\,|g(x)|^q\ge\epsilon\}
\le{1\over{\epsilon}}","\mu\{x:x\in E_n,\,|g(x)|^q\ge\epsilon\}
\le{1\over{\epsilon}}",941670cc424a2c1bf2b7d95ec79554bec67a6ad57bbb0c941b7ec5dcad5eebdd,941670cc424a2c1bf2b7d95ec79554bec67a6ad57bbb0c941b7ec5dcad5eebdd,bf88cb659befcd0185f1075bae8e71606ed56548fc0fe27174a73ba28852dafb,$,,bf88cb659befcd0185f1075bae8e71606ed56548fc0fe27174a73ba28852dafb,bf88cb659befcd0185f1075bae8e71606ed56548fc0fe27174a73ba28852dafb,"{""basis"":""ordered nested-math atom; exact symbolic replay"",""kind"":""source-target-formula-map""}"
1.1.0,formula,O007-FREMLIN-V2-S244-FORMULA-0598,O007-FREMLIN-V2-S244,O007-RIGHTS-FREMLIN-DSL,O007-FREMLIN-V2-S244-SEG-244K,598,244K,244K,729,748,25193,25245,26969,27021,"f=\epsilon\chi\{x:x\in E_n,\,|g(x)|^q\ge\epsilon\}","f=\epsilon\chi\{x:x\in E_n,\,|g(x)|^q\ge\epsilon\}",7f85e8af8e8c5048844dc7f6189266df507317d39265980a60988964a0ca0c9f,7f85e8af8e8c5048844dc7f6189266df507317d39265980a60988964a0ca0c9f,4b2592c647e5c9d9b506ba168e2438db38a89ed717c9432d33705ea80def1144,$,,4b2592c647e5c9d9b506ba168e2438db38a89ed717c9432d33705ea80def1144,4b2592c647e5c9d9b506ba168e2438db38a89ed717c9432d33705ea80def1144,"{""basis"":""ordered nested-math atom; exact symbolic replay"",""kind"":""source-target-formula-map""}"
1.1.0,formula,O007-FREMLIN-V2-S244-FORMULA-0599,O007-FREMLIN-V2-S244,O007-RIGHTS-FREMLIN-DSL,O007-FREMLIN-V2-S244-SEG-244K,599,244K,244K,731,749,25289,25296,27083,27090,|g|^q,|g|^q,b093a5f5d9bef8993322c119b5b9962a8ab63d0a7981a7d962ea8e984e927e43,b093a5f5d9bef8993322c119b5b9962a8ab63d0a7981a7d962ea8e984e927e43,b093a5f5d9bef8993322c119b5b9962a8ab63d0a7981a7d962ea8e984e927e43,$,,b093a5f5d9bef8993322c119b5b9962a8ab63d0a7981a7d962ea8e984e927e43,b093a5f5d9bef8993322c119b5b9962a8ab63d0a7981a7d962ea8e984e927e43,"{""basis"":""ordered nested-math atom; exact symbolic replay"",""kind"":""source-target-formula-map""}"
1.1.0,formula,O007-FREMLIN-V2-S244-FORMULA-0600,O007-FREMLIN-V2-S244,O007-RIGHTS-FREMLIN-DSL,O007-FREMLIN-V2-S244-SEG-244K,600,244K,244K,731,750,25322,25325,27126,27129,1,1,6b86b273ff34fce19d6b804eff5a3f5747ada4eaa22f1d49c01e52ddb7875b4b,6b86b273ff34fce19d6b804eff5a3f5747ada4eaa22f1d49c01e52ddb7875b4b,6b86b273ff34fce19d6b804eff5a3f5747ada4eaa22f1d49c01e52ddb7875b4b,$,,6b86b273ff34fce19d6b804eff5a3f5747ada4eaa22f1d49c01e52ddb7875b4b,6b86b273ff34fce19d6b804eff5a3f5747ada4eaa22f1d49c01e52ddb7875b4b,"{""basis"":""ordered nested-math atom; exact symbolic replay"",""kind"":""source-target-formula-map""}"
1.1.0,formula,O007-FREMLIN-V2-S244-FORMULA-0601,O007-FREMLIN-V2-S244,O007-RIGHTS-FREMLIN-DSL,O007-FREMLIN-V2-S244-SEG-244K,601,244K,244K,733,752,25354,25471,27160,27277,"\mu\{x:|g(x)|^q\ge\epsilon\}
=\sup_{n\in\Bbb N}\mu\{x:x\in E_n,\,|g(x)|^q\ge\epsilon\}
\le{1\over{\epsilon}}<\infty","\mu\{x:|g(x)|^q\ge\epsilon\}
=\sup_{n\in\Bbb N}\mu\{x:x\in E_n,\,|g(x)|^q\ge\epsilon\}
\le{1\over{\epsilon}}<\infty",acebede7e4318a3acc85028aef1583c79fe43961c2e92f36e7c84c3a4e8c8155,acebede7e4318a3acc85028aef1583c79fe43961c2e92f36e7c84c3a4e8c8155,5c937109bd7641891a475ae88b1b712b4e6f875a289d1ba02e245a5183e6b8da,$,,5c937109bd7641891a475ae88b1b712b4e6f875a289d1ba02e245a5183e6b8da,5c937109bd7641891a475ae88b1b712b4e6f875a289d1ba02e245a5183e6b8da,"{""basis"":""ordered nested-math atom; exact symbolic replay"",""kind"":""source-target-formula-map""}"
1.1.0,formula,O007-FREMLIN-V2-S244-FORMULA-0602,O007-FREMLIN-V2-S244,O007-RIGHTS-FREMLIN-DSL,O007-FREMLIN-V2-S244-SEG-244K,602,244K,244K,737,756,25490,25497,27296,27303,|g|^q,|g|^q,b093a5f5d9bef8993322c119b5b9962a8ab63d0a7981a7d962ea8e984e927e43,b093a5f5d9bef8993322c119b5b9962a8ab63d0a7981a7d962ea8e984e927e43,b093a5f5d9bef8993322c119b5b9962a8ab63d0a7981a7d962ea8e984e927e43,$,,b093a5f5d9bef8993322c119b5b9962a8ab63d0a7981a7d962ea8e984e927e43,b093a5f5d9bef8993322c119b5b9962a8ab63d0a7981a7d962ea8e984e927e43,"{""basis"":""ordered nested-math atom; exact symbolic replay"",""kind"":""source-target-formula-map""}"
1.1.0,formula,O007-FREMLIN-V2-S244-FORMULA-0603,O007-FREMLIN-V2-S244,O007-RIGHTS-FREMLIN-DSL,O007-FREMLIN-V2-S244-SEG-244K,603,244K,244K,742,761,25593,25626,27417,27450,h_1=T(g^{\ssbullet})\in (L^p)^*,h_1=T(g^{\ssbullet})\in (L^p)^*,22239d1aced502e7ebfc687d088be78143e3f668763899b47eba88185afae924,22239d1aced502e7ebfc687d088be78143e3f668763899b47eba88185afae924,43d62b866de916e1df14eff7fa593fcdbcb54d7b26e0e95b8bc3450d8e3d54b9,$,,43d62b866de916e1df14eff7fa593fcdbcb54d7b26e0e95b8bc3450d8e3d54b9,43d62b866de916e1df14eff7fa593fcdbcb54d7b26e0e95b8bc3450d8e3d54b9,"{""basis"":""ordered nested-math atom; exact symbolic replay"",""kind"":""source-target-formula-map""}"
1.1.0,formula,O007-FREMLIN-V2-S244-FORMULA-0604,O007-FREMLIN-V2-S244,O007-RIGHTS-FREMLIN-DSL,O007-FREMLIN-V2-S244-SEG-244K,604,244K,244K,742,762,25660,25663,27493,27496,h,h,aaa9402664f1a41f40ebbc52c9993eb66aeb366602958fdfaa283b71e64db123,aaa9402664f1a41f40ebbc52c9993eb66aeb366602958fdfaa283b71e64db123,aaa9402664f1a41f40ebbc52c9993eb66aeb366602958fdfaa283b71e64db123,$,,aaa9402664f1a41f40ebbc52c9993eb66aeb366602958fdfaa283b71e64db123,aaa9402664f1a41f40ebbc52c9993eb66aeb366602958fdfaa283b71e64db123,"{""basis"":""ordered nested-math atom; exact symbolic replay"",""kind"":""source-target-formula-map""}"
1.1.0,formula,O007-FREMLIN-V2-S244-FORMULA-0605,O007-FREMLIN-V2-S244,O007-RIGHTS-FREMLIN-DSL,O007-FREMLIN-V2-S244-SEG-244K,605,244K,244K,743,762,25678,25683,27518,27523,L^p,L^p,0de1bee007df208a54c85a6cf3aa6c06e2a922620965a43478a0496c27e05aa0,0de1bee007df208a54c85a6cf3aa6c06e2a922620965a43478a0496c27e05aa0,0de1bee007df208a54c85a6cf3aa6c06e2a922620965a43478a0496c27e05aa0,$,,0de1bee007df208a54c85a6cf3aa6c06e2a922620965a43478a0496c27e05aa0,0de1bee007df208a54c85a6cf3aa6c06e2a922620965a43478a0496c27e05aa0,"{""basis"":""ordered nested-math atom; exact symbolic replay"",""kind"":""source-target-formula-map""}"
1.1.0,formula,O007-FREMLIN-V2-S244-FORMULA-0606,O007-FREMLIN-V2-S244,O007-RIGHTS-FREMLIN-DSL,O007-FREMLIN-V2-S244-SEG-244K,606,244K,244K,744,762,25696,25711,27534,27549,f^{\ssbullet},f^{\ssbullet},c88b6704184d07d6ea167268aeb1cf90af08429c76b2a89c8a8a947a903bf504,c88b6704184d07d6ea167268aeb1cf90af08429c76b2a89c8a8a947a903bf504,c88b6704184d07d6ea167268aeb1cf90af08429c76b2a89c8a8a947a903bf504,$,,c88b6704184d07d6ea167268aeb1cf90af08429c76b2a89c8a8a947a903bf504,c88b6704184d07d6ea167268aeb1cf90af08429c76b2a89c8a8a947a903bf504,"{""basis"":""ordered nested-math atom; exact symbolic replay"",""kind"":""source-target-formula-map""}"
1.1.0,formula,O007-FREMLIN-V2-S244-FORMULA-0607,O007-FREMLIN-V2-S244,O007-RIGHTS-FREMLIN-DSL,O007-FREMLIN-V2-S244-SEG-244K,607,244K,244K,744,763,25718,25721,27558,27561,f,f,252f10c83610ebca1a059c0bae8255eba2f95be4d1d7bcfa89d7248a82d9f111,252f10c83610ebca1a059c0bae8255eba2f95be4d1d7bcfa89d7248a82d9f111,252f10c83610ebca1a059c0bae8255eba2f95be4d1d7bcfa89d7248a82d9f111,$,,252f10c83610ebca1a059c0bae8255eba2f95be4d1d7bcfa89d7248a82d9f111,252f10c83610ebca1a059c0bae8255eba2f95be4d1d7bcfa89d7248a82d9f111,"{""basis"":""ordered nested-math atom; exact symbolic replay"",""kind"":""source-target-formula-map""}"
1.1.0,formula,O007-FREMLIN-V2-S244-FORMULA-0608,O007-FREMLIN-V2-S244,O007-RIGHTS-FREMLIN-DSL,O007-FREMLIN-V2-S244-SEG-244K,608,244K,244K,745,764,25779,25784,27645,27650,L^p,L^p,0de1bee007df208a54c85a6cf3aa6c06e2a922620965a43478a0496c27e05aa0,0de1bee007df208a54c85a6cf3aa6c06e2a922620965a43478a0496c27e05aa0,0de1bee007df208a54c85a6cf3aa6c06e2a922620965a43478a0496c27e05aa0,$,,0de1bee007df208a54c85a6cf3aa6c06e2a922620965a43478a0496c27e05aa0,0de1bee007df208a54c85a6cf3aa6c06e2a922620965a43478a0496c27e05aa0,"{""basis"":""ordered nested-math atom; exact symbolic replay"",""kind"":""source-target-formula-map""}"
1.1.0,formula,O007-FREMLIN-V2-S244-FORMULA-0609,O007-FREMLIN-V2-S244,O007-RIGHTS-FREMLIN-DSL,O007-FREMLIN-V2-S244-SEG-244K,609,244K,244K,745,764,25805,25808,27676,27679,h,h,aaa9402664f1a41f40ebbc52c9993eb66aeb366602958fdfaa283b71e64db123,aaa9402664f1a41f40ebbc52c9993eb66aeb366602958fdfaa283b71e64db123,aaa9402664f1a41f40ebbc52c9993eb66aeb366602958fdfaa283b71e64db123,$,,aaa9402664f1a41f40ebbc52c9993eb66aeb366602958fdfaa283b71e64db123,aaa9402664f1a41f40ebbc52c9993eb66aeb366602958fdfaa283b71e64db123,"{""basis"":""ordered nested-math atom; exact symbolic replay"",""kind"":""source-target-formula-map""}"
1.1.0,formula,O007-FREMLIN-V2-S244-FORMULA-0610,O007-FREMLIN-V2-S244,O007-RIGHTS-FREMLIN-DSL,O007-FREMLIN-V2-S244-SEG-244K,610,244K,244K,745,764,25813,25818,27687,27692,h_1,h_1,2dfab4a78393f05c39ae9565de530a2bc809894181b90a33edd98f98bc99c608,2dfab4a78393f05c39ae9565de530a2bc809894181b90a33edd98f98bc99c608,2dfab4a78393f05c39ae9565de530a2bc809894181b90a33edd98f98bc99c608,$,,2dfab4a78393f05c39ae9565de530a2bc809894181b90a33edd98f98bc99c608,2dfab4a78393f05c39ae9565de530a2bc809894181b90a33edd98f98bc99c608,"{""basis"":""ordered nested-math atom; exact symbolic replay"",""kind"":""source-target-formula-map""}"
1.1.0,formula,O007-FREMLIN-V2-S244-FORMULA-0611,O007-FREMLIN-V2-S244,O007-RIGHTS-FREMLIN-DSL,O007-FREMLIN-V2-S244-SEG-244K,611,244K,244K,746,765,25838,25845,27711,27718,h=h_1,h=h_1,37d735cecdabd269a998d4e2cd45cceb282606fc17da8269d6f2e8ac290a9253,37d735cecdabd269a998d4e2cd45cceb282606fc17da8269d6f2e8ac290a9253,37d735cecdabd269a998d4e2cd45cceb282606fc17da8269d6f2e8ac290a9253,$,,37d735cecdabd269a998d4e2cd45cceb282606fc17da8269d6f2e8ac290a9253,37d735cecdabd269a998d4e2cd45cceb282606fc17da8269d6f2e8ac290a9253,"{""basis"":""ordered nested-math atom; exact symbolic replay"",""kind"":""source-target-formula-map""}"
1.1.0,formula,O007-FREMLIN-V2-S244-FORMULA-0612,O007-FREMLIN-V2-S244,O007-RIGHTS-FREMLIN-DSL,O007-FREMLIN-V2-S244-SEG-244K,612,244K,244K,746,765,25861,25864,27739,27742,h,h,aaa9402664f1a41f40ebbc52c9993eb66aeb366602958fdfaa283b71e64db123,aaa9402664f1a41f40ebbc52c9993eb66aeb366602958fdfaa283b71e64db123,aaa9402664f1a41f40ebbc52c9993eb66aeb366602958fdfaa283b71e64db123,$,,aaa9402664f1a41f40ebbc52c9993eb66aeb366602958fdfaa283b71e64db123,aaa9402664f1a41f40ebbc52c9993eb66aeb366602958fdfaa283b71e64db123,"{""basis"":""ordered nested-math atom; exact symbolic replay"",""kind"":""source-target-formula-map""}"
1.1.0,formula,O007-FREMLIN-V2-S244-FORMULA-0613,O007-FREMLIN-V2-S244,O007-RIGHTS-FREMLIN-DSL,O007-FREMLIN-V2-S244-SEG-244K,613,244K,244K,746,766,25879,25882,27765,27768,T,T,e632b7095b0bf32c260fa4c539e9fd7b852d0de454e9be26f24d0d6f91d069d3,e632b7095b0bf32c260fa4c539e9fd7b852d0de454e9be26f24d0d6f91d069d3,e632b7095b0bf32c260fa4c539e9fd7b852d0de454e9be26f24d0d6f91d069d3,$,,e632b7095b0bf32c260fa4c539e9fd7b852d0de454e9be26f24d0d6f91d069d3,e632b7095b0bf32c260fa4c539e9fd7b852d0de454e9be26f24d0d6f91d069d3,"{""basis"":""ordered nested-math atom; exact symbolic replay"",""kind"":""source-target-formula-map""}"
1.1.0,formula,O007-FREMLIN-V2-S244-FORMULA-0614,O007-FREMLIN-V2-S244,O007-RIGHTS-FREMLIN-DSL,O007-FREMLIN-V2-S244-SEG-244K,614,244K,244K,748,766,25932,25941,27808,27817,\|h\|=1,\|h\|=1,b00482063f41ae0c78f912dd42accbe73d76b39ecb1663d03f0c3bab84769ef3,b00482063f41ae0c78f912dd42accbe73d76b39ecb1663d03f0c3bab84769ef3,b00482063f41ae0c78f912dd42accbe73d76b39ecb1663d03f0c3bab84769ef3,$,,b00482063f41ae0c78f912dd42accbe73d76b39ecb1663d03f0c3bab84769ef3,b00482063f41ae0c78f912dd42accbe73d76b39ecb1663d03f0c3bab84769ef3,"{""basis"":""ordered nested-math atom; exact symbolic replay"",""kind"":""source-target-formula-map""}"
1.1.0,formula,O007-FREMLIN-V2-S244-FORMULA-0615,O007-FREMLIN-V2-S244,O007-RIGHTS-FREMLIN-DSL,O007-FREMLIN-V2-S244-SEG-244K,615,244K,244K,749,767,25982,25991,27864,27873,(L^p)^*,(L^p)^*,408bd3d8a1888264af54233d67eb99eaddf47c72cf263867de149f7c882dec35,408bd3d8a1888264af54233d67eb99eaddf47c72cf263867de149f7c882dec35,408bd3d8a1888264af54233d67eb99eaddf47c72cf263867de149f7c882dec35,$,,408bd3d8a1888264af54233d67eb99eaddf47c72cf263867de149f7c882dec35,408bd3d8a1888264af54233d67eb99eaddf47c72cf263867de149f7c882dec35,"{""basis"":""ordered nested-math atom; exact symbolic replay"",""kind"":""source-target-formula-map""}"
1.1.0,formula,O007-FREMLIN-V2-S244-FORMULA-0616,O007-FREMLIN-V2-S244,O007-RIGHTS-FREMLIN-DSL,O007-FREMLIN-V2-S244-SEG-244K,616,244K,244K,750,768,26035,26038,27927,27930,1,1,6b86b273ff34fce19d6b804eff5a3f5747ada4eaa22f1d49c01e52ddb7875b4b,6b86b273ff34fce19d6b804eff5a3f5747ada4eaa22f1d49c01e52ddb7875b4b,6b86b273ff34fce19d6b804eff5a3f5747ada4eaa22f1d49c01e52ddb7875b4b,$,,6b86b273ff34fce19d6b804eff5a3f5747ada4eaa22f1d49c01e52ddb7875b4b,6b86b273ff34fce19d6b804eff5a3f5747ada4eaa22f1d49c01e52ddb7875b4b,"{""basis"":""ordered nested-math atom; exact symbolic replay"",""kind"":""source-target-formula-map""}"
1.1.0,formula,O007-FREMLIN-V2-S244-FORMULA-0617,O007-FREMLIN-V2-S244,O007-RIGHTS-FREMLIN-DSL,O007-FREMLIN-V2-S244-SEG-244K,617,244K,244K,750,768,26057,26060,27963,27966,T,T,e632b7095b0bf32c260fa4c539e9fd7b852d0de454e9be26f24d0d6f91d069d3,e632b7095b0bf32c260fa4c539e9fd7b852d0de454e9be26f24d0d6f91d069d3,e632b7095b0bf32c260fa4c539e9fd7b852d0de454e9be26f24d0d6f91d069d3,$,,e632b7095b0bf32c260fa4c539e9fd7b852d0de454e9be26f24d0d6f91d069d3,e632b7095b0bf32c260fa4c539e9fd7b852d0de454e9be26f24d0d6f91d069d3,"{""basis"":""ordered nested-math atom; exact symbolic replay"",""kind"":""source-target-formula-map""}"
1.1.0,formula,O007-FREMLIN-V2-S244-FORMULA-0618,O007-FREMLIN-V2-S244,O007-RIGHTS-FREMLIN-DSL,O007-FREMLIN-V2-S244-SEG-244K,618,244K,244K,750,769,26067,26084,27973,27990,T:L^q\to(L^p)^*,T:L^q\to(L^p)^*,3a9dfec9198c6141400a3ce7e5c2e13a2f17da06b5ccb32200a331689d51b22f,3a9dfec9198c6141400a3ce7e5c2e13a2f17da06b5ccb32200a331689d51b22f,3a9dfec9198c6141400a3ce7e5c2e13a2f17da06b5ccb32200a331689d51b22f,$,,3a9dfec9198c6141400a3ce7e5c2e13a2f17da06b5ccb32200a331689d51b22f,3a9dfec9198c6141400a3ce7e5c2e13a2f17da06b5ccb32200a331689d51b22f,"{""basis"":""ordered nested-math atom; exact symbolic replay"",""kind"":""source-target-formula-map""}"
1.1.0,formula,O007-FREMLIN-V2-S244-FORMULA-0619,O007-FREMLIN-V2-S244,O007-RIGHTS-FREMLIN-DSL,O007-FREMLIN-V2-S244-SEG-244L,619,244L,244L,755,774,26307,26312,28235,28240,L^p,L^p,0de1bee007df208a54c85a6cf3aa6c06e2a922620965a43478a0496c27e05aa0,0de1bee007df208a54c85a6cf3aa6c06e2a922620965a43478a0496c27e05aa0,0de1bee007df208a54c85a6cf3aa6c06e2a922620965a43478a0496c27e05aa0,$,,0de1bee007df208a54c85a6cf3aa6c06e2a922620965a43478a0496c27e05aa0,0de1bee007df208a54c85a6cf3aa6c06e2a922620965a43478a0496c27e05aa0,"{""basis"":""ordered nested-math atom; exact symbolic replay"",""kind"":""source-target-formula-map""}"
1.1.0,formula,O007-FREMLIN-V2-S244-FORMULA-0620,O007-FREMLIN-V2-S244,O007-RIGHTS-FREMLIN-DSL,O007-FREMLIN-V2-S244-SEG-244L,620,244L,244L,759,778,26353,26369,28286,28302,"(X,\Sigma,\mu)","(X,\Sigma,\mu)",05e9b769403b4c7926a944d5aaa03f00bb216412bc3f850e41b3c28de657aa67,05e9b769403b4c7926a944d5aaa03f00bb216412bc3f850e41b3c28de657aa67,05e9b769403b4c7926a944d5aaa03f00bb216412bc3f850e41b3c28de657aa67,$,,05e9b769403b4c7926a944d5aaa03f00bb216412bc3f850e41b3c28de657aa67,05e9b769403b4c7926a944d5aaa03f00bb216412bc3f850e41b3c28de657aa67,"{""basis"":""ordered nested-math atom; exact symbolic replay"",""kind"":""source-target-formula-map""}"
1.1.0,formula,O007-FREMLIN-V2-S244-FORMULA-0621,O007-FREMLIN-V2-S244,O007-RIGHTS-FREMLIN-DSL,O007-FREMLIN-V2-S244-SEG-244L,621,244L,244L,760,779,26396,26418,28328,28350,"p\in\coint{1,\infty}","p\in\coint{1,\infty}",dfa09c103b52120a82f69753c8100756a9bbb79737abc89a78fe9c2ee6b86968,dfa09c103b52120a82f69753c8100756a9bbb79737abc89a78fe9c2ee6b86968,dfa09c103b52120a82f69753c8100756a9bbb79737abc89a78fe9c2ee6b86968,$,,dfa09c103b52120a82f69753c8100756a9bbb79737abc89a78fe9c2ee6b86968,dfa09c103b52120a82f69753c8100756a9bbb79737abc89a78fe9c2ee6b86968,"{""basis"":""ordered nested-math atom; exact symbolic replay"",""kind"":""source-target-formula-map""}"
1.1.0,formula,O007-FREMLIN-V2-S244-FORMULA-0622,O007-FREMLIN-V2-S244,O007-RIGHTS-FREMLIN-DSL,O007-FREMLIN-V2-S244-SEG-244L,622,244L,244L,760,779,26427,26441,28357,28371,L^p=L^p(\mu),L^p=L^p(\mu),1ea982c00e9dad7ac8855a329033f766d411984c96df15f7be848c4de3e4f193,1ea982c00e9dad7ac8855a329033f766d411984c96df15f7be848c4de3e4f193,1ea982c00e9dad7ac8855a329033f766d411984c96df15f7be848c4de3e4f193,$,,1ea982c00e9dad7ac8855a329033f766d411984c96df15f7be848c4de3e4f193,1ea982c00e9dad7ac8855a329033f766d411984c96df15f7be848c4de3e4f193,"{""basis"":""ordered nested-math atom; exact symbolic replay"",""kind"":""source-target-formula-map""}"
1.1.0,formula,O007-FREMLIN-V2-S244-FORMULA-0623,O007-FREMLIN-V2-S244,O007-RIGHTS-FREMLIN-DSL,O007-FREMLIN-V2-S244-SEG-244L,623,244L,244L,762,781,26491,26507,28431,28447,A\subseteq L^p,A\subseteq L^p,1a4588260485d2bda8b8b1a39c4ea7a5f5e6e9546c118fdbb7a7aa8ff378f27a,1a4588260485d2bda8b8b1a39c4ea7a5f5e6e9546c118fdbb7a7aa8ff378f27a,5e689722587a507651b974045bc9bfb53adc029a84aef30e7641ed16386503d0,$,,5e689722587a507651b974045bc9bfb53adc029a84aef30e7641ed16386503d0,5e689722587a507651b974045bc9bfb53adc029a84aef30e7641ed16386503d0,"{""basis"":""ordered nested-math atom; exact symbolic replay"",""kind"":""source-target-formula-map""}"
1.1.0,formula,O007-FREMLIN-V2-S244-FORMULA-0624,O007-FREMLIN-V2-S244,O007-RIGHTS-FREMLIN-DSL,O007-FREMLIN-V2-S244-SEG-244L,624,244L,244L,763,782,26553,26558,28502,28507,L^p,L^p,0de1bee007df208a54c85a6cf3aa6c06e2a922620965a43478a0496c27e05aa0,0de1bee007df208a54c85a6cf3aa6c06e2a922620965a43478a0496c27e05aa0,0de1bee007df208a54c85a6cf3aa6c06e2a922620965a43478a0496c27e05aa0,$,,0de1bee007df208a54c85a6cf3aa6c06e2a922620965a43478a0496c27e05aa0,0de1bee007df208a54c85a6cf3aa6c06e2a922620965a43478a0496c27e05aa0,"{""basis"":""ordered nested-math atom; exact symbolic replay"",""kind"":""source-target-formula-map""}"
1.1.0,formula,O007-FREMLIN-V2-S244-FORMULA-0625,O007-FREMLIN-V2-S244,O007-RIGHTS-FREMLIN-DSL,O007-FREMLIN-V2-S244-SEG-244L,625,244L,244L,763,782,26566,26576,28518,28528,u_0\in A,u_0\in A,3722314a1621a96431f21ed46cd3db5806f904fbaf7eaeb180e41b610a83d666,3722314a1621a96431f21ed46cd3db5806f904fbaf7eaeb180e41b610a83d666,709ecce6118eb4d300647201cb93349c73a918ede60e7ce2317b32b5b7d347ee,$,,709ecce6118eb4d300647201cb93349c73a918ede60e7ce2317b32b5b7d347ee,709ecce6118eb4d300647201cb93349c73a918ede60e7ce2317b32b5b7d347ee,"{""basis"":""ordered nested-math atom; exact symbolic replay"",""kind"":""source-target-formula-map""}"
1.1.0,formula,O007-FREMLIN-V2-S244-FORMULA-0626,O007-FREMLIN-V2-S244,O007-RIGHTS-FREMLIN-DSL,O007-FREMLIN-V2-S244-SEG-244L,626,244L,244L,765,785,26598,26623,28555,28580,A'=\{u_0\vee u:u\in A\},A'=\{u_0\vee u:u\in A\},a4357e2827b4b3b1c6939c4d37f229c5e8c613a00f1931f0cda34b45831786ec,a4357e2827b4b3b1c6939c4d37f229c5e8c613a00f1931f0cda34b45831786ec,f2fe66a60d18cac9eab2b2b5afc874ba1e4b464591f767469b7fe7c52968c798,$,,f2fe66a60d18cac9eab2b2b5afc874ba1e4b464591f767469b7fe7c52968c798,f2fe66a60d18cac9eab2b2b5afc874ba1e4b464591f767469b7fe7c52968c798,"{""basis"":""ordered nested-math atom; exact symbolic replay"",""kind"":""source-target-formula-map""}"
1.1.0,formula,O007-FREMLIN-V2-S244-FORMULA-0627,O007-FREMLIN-V2-S244,O007-RIGHTS-FREMLIN-DSL,O007-FREMLIN-V2-S244-SEG-244L,627,244L,244L,767,787,26645,26649,28603,28607,A',A',06f7344d1b73ecc470742ee502ef830e8bf440ba5e7a53bd2f977fd8ac2b83dd,06f7344d1b73ecc470742ee502ef830e8bf440ba5e7a53bd2f977fd8ac2b83dd,06f7344d1b73ecc470742ee502ef830e8bf440ba5e7a53bd2f977fd8ac2b83dd,$,,06f7344d1b73ecc470742ee502ef830e8bf440ba5e7a53bd2f977fd8ac2b83dd,06f7344d1b73ecc470742ee502ef830e8bf440ba5e7a53bd2f977fd8ac2b83dd,"{""basis"":""ordered nested-math atom; exact symbolic replay"",""kind"":""source-target-formula-map""}"
1.1.0,formula,O007-FREMLIN-V2-S244-FORMULA-0628,O007-FREMLIN-V2-S244,O007-RIGHTS-FREMLIN-DSL,O007-FREMLIN-V2-S244-SEG-244L,628,244L,244L,767,787,26679,26682,28652,28655,A,A,559aead08264d5795d3909718cdd05abd49572e84fe55590eef31a88a08fdffd,559aead08264d5795d3909718cdd05abd49572e84fe55590eef31a88a08fdffd,559aead08264d5795d3909718cdd05abd49572e84fe55590eef31a88a08fdffd,$,,559aead08264d5795d3909718cdd05abd49572e84fe55590eef31a88a08fdffd,559aead08264d5795d3909718cdd05abd49572e84fe55590eef31a88a08fdffd,"{""basis"":""ordered nested-math atom; exact symbolic replay"",""kind"":""source-target-formula-map""}"
1.1.0,formula,O007-FREMLIN-V2-S244-FORMULA-0629,O007-FREMLIN-V2-S244,O007-RIGHTS-FREMLIN-DSL,O007-FREMLIN-V2-S244-SEG-244L,629,244L,244L,768,788,26707,26712,28683,28688,u_0,u_0,36e020d7b527e3f6c054d860d9c319cf9e45e7b23c70e3253621b4bfb8dc06e0,36e020d7b527e3f6c054d860d9c319cf9e45e7b23c70e3253621b4bfb8dc06e0,36e020d7b527e3f6c054d860d9c319cf9e45e7b23c70e3253621b4bfb8dc06e0,$,,36e020d7b527e3f6c054d860d9c319cf9e45e7b23c70e3253621b4bfb8dc06e0,36e020d7b527e3f6c054d860d9c319cf9e45e7b23c70e3253621b4bfb8dc06e0,"{""basis"":""ordered nested-math atom; exact symbolic replay"",""kind"":""source-target-formula-map""}"
1.1.0,formula,O007-FREMLIN-V2-S244-FORMULA-0630,O007-FREMLIN-V2-S244,O007-RIGHTS-FREMLIN-DSL,O007-FREMLIN-V2-S244-SEG-244L,630,244L,244L,768,789,26738,26743,28725,28730,w_0,w_0,59e63012bc6d4f879fe4dc22a9d94a4a0004e763aa8131b981b8d5b443f757e2,59e63012bc6d4f879fe4dc22a9d94a4a0004e763aa8131b981b8d5b443f757e2,59e63012bc6d4f879fe4dc22a9d94a4a0004e763aa8131b981b8d5b443f757e2,$,,59e63012bc6d4f879fe4dc22a9d94a4a0004e763aa8131b981b8d5b443f757e2,59e63012bc6d4f879fe4dc22a9d94a4a0004e763aa8131b981b8d5b443f757e2,"{""basis"":""ordered nested-math atom; exact symbolic replay"",""kind"":""source-target-formula-map""}"
1.1.0,formula,O007-FREMLIN-V2-S244-FORMULA-0631,O007-FREMLIN-V2-S244,O007-RIGHTS-FREMLIN-DSL,O007-FREMLIN-V2-S244-SEG-244L,631,244L,244L,768,789,26747,26750,28736,28739,A,A,559aead08264d5795d3909718cdd05abd49572e84fe55590eef31a88a08fdffd,559aead08264d5795d3909718cdd05abd49572e84fe55590eef31a88a08fdffd,559aead08264d5795d3909718cdd05abd49572e84fe55590eef31a88a08fdffd,$,,559aead08264d5795d3909718cdd05abd49572e84fe55590eef31a88a08fdffd,559aead08264d5795d3909718cdd05abd49572e84fe55590eef31a88a08fdffd,"{""basis"":""ordered nested-math atom; exact symbolic replay"",""kind"":""source-target-formula-map""}"
1.1.0,formula,O007-FREMLIN-V2-S244-FORMULA-0632,O007-FREMLIN-V2-S244,O007-RIGHTS-FREMLIN-DSL,O007-FREMLIN-V2-S244-SEG-244L,632,244L,244L,768,789,26754,26759,28746,28751,L^p,L^p,0de1bee007df208a54c85a6cf3aa6c06e2a922620965a43478a0496c27e05aa0,0de1bee007df208a54c85a6cf3aa6c06e2a922620965a43478a0496c27e05aa0,0de1bee007df208a54c85a6cf3aa6c06e2a922620965a43478a0496c27e05aa0,$,,0de1bee007df208a54c85a6cf3aa6c06e2a922620965a43478a0496c27e05aa0,0de1bee007df208a54c85a6cf3aa6c06e2a922620965a43478a0496c27e05aa0,"{""basis"":""ordered nested-math atom; exact symbolic replay"",""kind"":""source-target-formula-map""}"
1.1.0,formula,O007-FREMLIN-V2-S244-FORMULA-0633,O007-FREMLIN-V2-S244,O007-RIGHTS-FREMLIN-DSL,O007-FREMLIN-V2-S244-SEG-244L,633,244L,244L,769,789,26766,26783,28758,28775,u_0\le u\le w_0,u_0\le u\le w_0,50230e2b20b6fdf865a201b75113d0cf265e45fe9c82ea5088d3f660ffae1b0f,50230e2b20b6fdf865a201b75113d0cf265e45fe9c82ea5088d3f660ffae1b0f,a79c61a8099de6a38c944284a23b88ce3344a706bb1d774cb6bc34891c743c25,$,,a79c61a8099de6a38c944284a23b88ce3344a706bb1d774cb6bc34891c743c25,a79c61a8099de6a38c944284a23b88ce3344a706bb1d774cb6bc34891c743c25,"{""basis"":""ordered nested-math atom; exact symbolic replay"",""kind"":""source-target-formula-map""}"
1.1.0,formula,O007-FREMLIN-V2-S244-FORMULA-0634,O007-FREMLIN-V2-S244,O007-RIGHTS-FREMLIN-DSL,O007-FREMLIN-V2-S244-SEG-244L,634,244L,244L,769,790,26794,26803,28789,28798,u\in A',u\in A',41896f7fd800b8f1729940615b949a89bde56c0d66bb3c3e4512ba6944c48740,41896f7fd800b8f1729940615b949a89bde56c0d66bb3c3e4512ba6944c48740,af3b95f33d61efc9d6c8446ade01cbcfc685e22ffe184b0d56d039545e9b705f,$,,af3b95f33d61efc9d6c8446ade01cbcfc685e22ffe184b0d56d039545e9b705f,af3b95f33d61efc9d6c8446ade01cbcfc685e22ffe184b0d56d039545e9b705f,"{""basis"":""ordered nested-math atom; exact symbolic replay"",""kind"":""source-target-formula-map""}"
1.1.0,formula,O007-FREMLIN-V2-S244-FORMULA-0635,O007-FREMLIN-V2-S244,O007-RIGHTS-FREMLIN-DSL,O007-FREMLIN-V2-S244-SEG-244L,635,244L,244L,771,792,26824,26849,28822,28847,B=\{(u-u_0)^p:u\in A'\},B=\{(u-u_0)^p:u\in A'\},6edc0c5325861040690794bedc9346ab53aa0cdbae8d6ad5e0844f0a1f477734,6edc0c5325861040690794bedc9346ab53aa0cdbae8d6ad5e0844f0a1f477734,0c8b0c52b6ab7ef4d1836207d8ce7d94e25517629526d435eb77ff767e533e19,$,,0c8b0c52b6ab7ef4d1836207d8ce7d94e25517629526d435eb77ff767e533e19,0c8b0c52b6ab7ef4d1836207d8ce7d94e25517629526d435eb77ff767e533e19,"{""basis"":""ordered nested-math atom; exact symbolic replay"",""kind"":""source-target-formula-map""}"
1.1.0,formula,O007-FREMLIN-V2-S244-FORMULA-0636,O007-FREMLIN-V2-S244,O007-RIGHTS-FREMLIN-DSL,O007-FREMLIN-V2-S244-SEG-244L,636,244L,244L,775,796,26881,26919,28879,28917,0\le v\le(w_0-u_0)^p\in L^1=L^1(\mu),0\le v\le(w_0-u_0)^p\in L^1=L^1(\mu),ac4bb281ad99c140ccf49634233632f7267423bc5de320e6088b72e92ba43511,ac4bb281ad99c140ccf49634233632f7267423bc5de320e6088b72e92ba43511,0ffcc62c5fd5901dc64fd263fc91abee34a440234d19f8d643da36cf9c495c22,$,,0ffcc62c5fd5901dc64fd263fc91abee34a440234d19f8d643da36cf9c495c22,0ffcc62c5fd5901dc64fd263fc91abee34a440234d19f8d643da36cf9c495c22,"{""basis"":""ordered nested-math atom; exact symbolic replay"",""kind"":""source-target-formula-map""}"
1.1.0,formula,O007-FREMLIN-V2-S244-FORMULA-0637,O007-FREMLIN-V2-S244,O007-RIGHTS-FREMLIN-DSL,O007-FREMLIN-V2-S244-SEG-244L,637,244L,244L,777,798,26942,26950,28943,28951,v\in B,v\in B,38a3a6cd9c1a8218cfba390fe893d647be4b23d5103252e925d482d63112b5a8,38a3a6cd9c1a8218cfba390fe893d647be4b23d5103252e925d482d63112b5a8,fd951775ce6da44d0fadd63ee93e1b86545dfaf686df04d4d8c9d895c1437690,$,,fd951775ce6da44d0fadd63ee93e1b86545dfaf686df04d4d8c9d895c1437690,fd951775ce6da44d0fadd63ee93e1b86545dfaf686df04d4d8c9d895c1437690,"{""basis"":""ordered nested-math atom; exact symbolic replay"",""kind"":""source-target-formula-map""}"
1.1.0,formula,O007-FREMLIN-V2-S244-FORMULA-0638,O007-FREMLIN-V2-S244,O007-RIGHTS-FREMLIN-DSL,O007-FREMLIN-V2-S244-SEG-244L,638,244L,244L,777,798,26955,26958,28962,28965,B,B,df7e70e5021544f4834bbee64a9e3789febc4be81470df629cad6ddb03320a5c,df7e70e5021544f4834bbee64a9e3789febc4be81470df629cad6ddb03320a5c,df7e70e5021544f4834bbee64a9e3789febc4be81470df629cad6ddb03320a5c,$,,df7e70e5021544f4834bbee64a9e3789febc4be81470df629cad6ddb03320a5c,df7e70e5021544f4834bbee64a9e3789febc4be81470df629cad6ddb03320a5c,"{""basis"":""ordered nested-math atom; exact symbolic replay"",""kind"":""source-target-formula-map""}"
1.1.0,formula,O007-FREMLIN-V2-S244-FORMULA-0639,O007-FREMLIN-V2-S244,O007-RIGHTS-FREMLIN-DSL,O007-FREMLIN-V2-S244-SEG-244L,639,244L,244L,777,799,26984,26989,29004,29009,L^1,L^1,9d0fbf856fe55b032eaac1d3cc54b65eb406a5231c658bf5d96c01b0eddfbee3,9d0fbf856fe55b032eaac1d3cc54b65eb406a5231c658bf5d96c01b0eddfbee3,9d0fbf856fe55b032eaac1d3cc54b65eb406a5231c658bf5d96c01b0eddfbee3,$,,9d0fbf856fe55b032eaac1d3cc54b65eb406a5231c658bf5d96c01b0eddfbee3,9d0fbf856fe55b032eaac1d3cc54b65eb406a5231c658bf5d96c01b0eddfbee3,"{""basis"":""ordered nested-math atom; exact symbolic replay"",""kind"":""source-target-formula-map""}"
1.1.0,formula,O007-FREMLIN-V2-S244-FORMULA-0640,O007-FREMLIN-V2-S244,O007-RIGHTS-FREMLIN-DSL,O007-FREMLIN-V2-S244-SEG-244L,640,244L,244L,778,799,27016,27021,29038,29043,L^1,L^1,9d0fbf856fe55b032eaac1d3cc54b65eb406a5231c658bf5d96c01b0eddfbee3,9d0fbf856fe55b032eaac1d3cc54b65eb406a5231c658bf5d96c01b0eddfbee3,9d0fbf856fe55b032eaac1d3cc54b65eb406a5231c658bf5d96c01b0eddfbee3,$,,9d0fbf856fe55b032eaac1d3cc54b65eb406a5231c658bf5d96c01b0eddfbee3,9d0fbf856fe55b032eaac1d3cc54b65eb406a5231c658bf5d96c01b0eddfbee3,"{""basis"":""ordered nested-math atom; exact symbolic replay"",""kind"":""source-target-formula-map""}"
1.1.0,formula,O007-FREMLIN-V2-S244-FORMULA-0641,O007-FREMLIN-V2-S244,O007-RIGHTS-FREMLIN-DSL,O007-FREMLIN-V2-S244-SEG-244L,641,244L,244L,779,800,27061,27066,29090,29095,v_1,v_1,3565225c19d3bc5255ea3e05a9cf4c4a30f4c522867bda2401a3d7709c0414a7,3565225c19d3bc5255ea3e05a9cf4c4a30f4c522867bda2401a3d7709c0414a7,3565225c19d3bc5255ea3e05a9cf4c4a30f4c522867bda2401a3d7709c0414a7,$,,3565225c19d3bc5255ea3e05a9cf4c4a30f4c522867bda2401a3d7709c0414a7,3565225c19d3bc5255ea3e05a9cf4c4a30f4c522867bda2401a3d7709c0414a7,"{""basis"":""ordered nested-math atom; exact symbolic replay"",""kind"":""source-target-formula-map""}"
1.1.0,formula,O007-FREMLIN-V2-S244-FORMULA-0642,O007-FREMLIN-V2-S244,O007-RIGHTS-FREMLIN-DSL,O007-FREMLIN-V2-S244-SEG-244L,642,244L,244L,779,800,27070,27075,29102,29107,L^1,L^1,9d0fbf856fe55b032eaac1d3cc54b65eb406a5231c658bf5d96c01b0eddfbee3,9d0fbf856fe55b032eaac1d3cc54b65eb406a5231c658bf5d96c01b0eddfbee3,9d0fbf856fe55b032eaac1d3cc54b65eb406a5231c658bf5d96c01b0eddfbee3,$,,9d0fbf856fe55b032eaac1d3cc54b65eb406a5231c658bf5d96c01b0eddfbee3,9d0fbf856fe55b032eaac1d3cc54b65eb406a5231c658bf5d96c01b0eddfbee3,"{""basis"":""ordered nested-math atom; exact symbolic replay"",""kind"":""source-target-formula-map""}"
1.1.0,formula,O007-FREMLIN-V2-S244-FORMULA-0643,O007-FREMLIN-V2-S244,O007-RIGHTS-FREMLIN-DSL,O007-FREMLIN-V2-S244-SEG-244L,643,244L,244L,779,801,27083,27101,29118,29136,v_1^{1/p}\in L^p,v_1^{1/p}\in L^p,d1384653e65988bc1446e836e52dae6029b9def6457c7cc91dc98764e3dc40bf,d1384653e65988bc1446e836e52dae6029b9def6457c7cc91dc98764e3dc40bf,2d7df5fd6fd5f95e1e90193c51e09a4fcb426d40eabb64e22375d5055dbeb392,$,,2d7df5fd6fd5f95e1e90193c51e09a4fcb426d40eabb64e22375d5055dbeb392,2d7df5fd6fd5f95e1e90193c51e09a4fcb426d40eabb64e22375d5055dbeb392,"{""basis"":""ordered nested-math atom; exact symbolic replay"",""kind"":""source-target-formula-map""}"
1.1.0,formula,O007-FREMLIN-V2-S244-FORMULA-0644,O007-FREMLIN-V2-S244,O007-RIGHTS-FREMLIN-DSL,O007-FREMLIN-V2-S244-SEG-244L,644,244L,244L,779,801,27113,27132,29145,29164,w_1=u_0+v_1^{1/p},w_1=u_0+v_1^{1/p},283d9e289e5f459209acdfcb773669ae3c14f85434215c549d314462804ac462,283d9e289e5f459209acdfcb773669ae3c14f85434215c549d314462804ac462,283d9e289e5f459209acdfcb773669ae3c14f85434215c549d314462804ac462,$,,283d9e289e5f459209acdfcb773669ae3c14f85434215c549d314462804ac462,283d9e289e5f459209acdfcb773669ae3c14f85434215c549d314462804ac462,"{""basis"":""ordered nested-math atom; exact symbolic replay"",""kind"":""source-target-formula-map""}"
1.1.0,formula,O007-FREMLIN-V2-S244-FORMULA-0645,O007-FREMLIN-V2-S244,O007-RIGHTS-FREMLIN-DSL,O007-FREMLIN-V2-S244-SEG-244L,645,244L,244L,780,802,27137,27146,29171,29180,u\in A',u\in A',41896f7fd800b8f1729940615b949a89bde56c0d66bb3c3e4512ba6944c48740,41896f7fd800b8f1729940615b949a89bde56c0d66bb3c3e4512ba6944c48740,af3b95f33d61efc9d6c8446ade01cbcfc685e22ffe184b0d56d039545e9b705f,$,,af3b95f33d61efc9d6c8446ade01cbcfc685e22ffe184b0d56d039545e9b705f,af3b95f33d61efc9d6c8446ade01cbcfc685e22ffe184b0d56d039545e9b705f,"{""basis"":""ordered nested-math atom; exact symbolic replay"",""kind"":""source-target-formula-map""}"
1.1.0,formula,O007-FREMLIN-V2-S244-FORMULA-0646,O007-FREMLIN-V2-S244,O007-RIGHTS-FREMLIN-DSL,O007-FREMLIN-V2-S244-SEG-244L,646,244L,244L,780,802,27152,27170,29187,29205,(u-u_0)^p\le v_1,(u-u_0)^p\le v_1,31f60dfc5b9f315f2b4f29346a8d2eea00ba50b832710d4428f3ba5cb39094a7,31f60dfc5b9f315f2b4f29346a8d2eea00ba50b832710d4428f3ba5cb39094a7,9d1ceb282924212fd15232c182dafe91ebecada5dfd71d10a265c60878462e01,$,,9d1ceb282924212fd15232c182dafe91ebecada5dfd71d10a265c60878462e01,9d1ceb282924212fd15232c182dafe91ebecada5dfd71d10a265c60878462e01,"{""basis"":""ordered nested-math atom; exact symbolic replay"",""kind"":""source-target-formula-map""}"
1.1.0,formula,O007-FREMLIN-V2-S244-FORMULA-0647,O007-FREMLIN-V2-S244,O007-RIGHTS-FREMLIN-DSL,O007-FREMLIN-V2-S244-SEG-244L,647,244L,244L,780,803,27174,27194,29216,29236,u-u_0\le v_1^{1/p},u-u_0\le v_1^{1/p},451e80ea9cc9c3f80d792cb7ecf74006732f6165a5e835ded6336347c76da07c,451e80ea9cc9c3f80d792cb7ecf74006732f6165a5e835ded6336347c76da07c,919e855281174a6954744c0691382d973fc70ab1df41a084b7fababdd0948fce,$,,919e855281174a6954744c0691382d973fc70ab1df41a084b7fababdd0948fce,919e855281174a6954744c0691382d973fc70ab1df41a084b7fababdd0948fce,"{""basis"":""ordered nested-math atom; exact symbolic replay"",""kind"":""source-target-formula-map""}"
1.1.0,formula,O007-FREMLIN-V2-S244-FORMULA-0648,O007-FREMLIN-V2-S244,O007-RIGHTS-FREMLIN-DSL,O007-FREMLIN-V2-S244-SEG-244L,648,244L,244L,780,803,27199,27209,29241,29251,"u\le
w_1",u\le w_1,a2104089b41061a0ec1657989633bb11627c6f94f22fffa5427671ccf5330b6b,6965a214706525de4debed8941e606336464d10781ec7da144d54e3ffec9c2fe,d45067140ef4bb014753d1201df1671e844665fe38b841221bf01e1435c26053,$,,d45067140ef4bb014753d1201df1671e844665fe38b841221bf01e1435c26053,d45067140ef4bb014753d1201df1671e844665fe38b841221bf01e1435c26053,"{""basis"":""ordered nested-math atom; exact symbolic replay"",""kind"":""source-target-formula-map""}"
1.1.0,formula,O007-FREMLIN-V2-S244-FORMULA-0649,O007-FREMLIN-V2-S244,O007-RIGHTS-FREMLIN-DSL,O007-FREMLIN-V2-S244-SEG-244L,649,244L,244L,781,803,27217,27222,29258,29263,w_1,w_1,438757f12dd8c3fc00d61f9bb825cea170696ccbbe7a57a16326894e25db63fd,438757f12dd8c3fc00d61f9bb825cea170696ccbbe7a57a16326894e25db63fd,438757f12dd8c3fc00d61f9bb825cea170696ccbbe7a57a16326894e25db63fd,$,,438757f12dd8c3fc00d61f9bb825cea170696ccbbe7a57a16326894e25db63fd,438757f12dd8c3fc00d61f9bb825cea170696ccbbe7a57a16326894e25db63fd,"{""basis"":""ordered nested-math atom; exact symbolic replay"",""kind"":""source-target-formula-map""}"
1.1.0,formula,O007-FREMLIN-V2-S244-FORMULA-0650,O007-FREMLIN-V2-S244,O007-RIGHTS-FREMLIN-DSL,O007-FREMLIN-V2-S244-SEG-244L,650,244L,244L,781,804,27245,27249,29287,29291,A',A',06f7344d1b73ecc470742ee502ef830e8bf440ba5e7a53bd2f977fd8ac2b83dd,06f7344d1b73ecc470742ee502ef830e8bf440ba5e7a53bd2f977fd8ac2b83dd,06f7344d1b73ecc470742ee502ef830e8bf440ba5e7a53bd2f977fd8ac2b83dd,$,,06f7344d1b73ecc470742ee502ef830e8bf440ba5e7a53bd2f977fd8ac2b83dd,06f7344d1b73ecc470742ee502ef830e8bf440ba5e7a53bd2f977fd8ac2b83dd,"{""basis"":""ordered nested-math atom; exact symbolic replay"",""kind"":""source-target-formula-map""}"
1.1.0,formula,O007-FREMLIN-V2-S244-FORMULA-0651,O007-FREMLIN-V2-S244,O007-RIGHTS-FREMLIN-DSL,O007-FREMLIN-V2-S244-SEG-244L,651,244L,244L,781,804,27256,27266,29298,29308,w\in L^p,w\in L^p,085e7c8b1e79c63914060c66ace734b72d312117ce34002773de2b18bd2d29b6,085e7c8b1e79c63914060c66ace734b72d312117ce34002773de2b18bd2d29b6,05975160d26cb153c5b46b5c5dd07b40b39b53e62ee55f0a04d7f3aee9382204,$,,05975160d26cb153c5b46b5c5dd07b40b39b53e62ee55f0a04d7f3aee9382204,05975160d26cb153c5b46b5c5dd07b40b39b53e62ee55f0a04d7f3aee9382204,"{""basis"":""ordered nested-math atom; exact symbolic replay"",""kind"":""source-target-formula-map""}"
1.1.0,formula,O007-FREMLIN-V2-S244-FORMULA-0652,O007-FREMLIN-V2-S244,O007-RIGHTS-FREMLIN-DSL,O007-FREMLIN-V2-S244-SEG-244L,652,244L,244L,782,804,27289,27293,29332,29336,A',A',06f7344d1b73ecc470742ee502ef830e8bf440ba5e7a53bd2f977fd8ac2b83dd,06f7344d1b73ecc470742ee502ef830e8bf440ba5e7a53bd2f977fd8ac2b83dd,06f7344d1b73ecc470742ee502ef830e8bf440ba5e7a53bd2f977fd8ac2b83dd,$,,06f7344d1b73ecc470742ee502ef830e8bf440ba5e7a53bd2f977fd8ac2b83dd,06f7344d1b73ecc470742ee502ef830e8bf440ba5e7a53bd2f977fd8ac2b83dd,"{""basis"":""ordered nested-math atom; exact symbolic replay"",""kind"":""source-target-formula-map""}"
1.1.0,formula,O007-FREMLIN-V2-S244-FORMULA-0653,O007-FREMLIN-V2-S244,O007-RIGHTS-FREMLIN-DSL,O007-FREMLIN-V2-S244-SEG-244L,653,244L,244L,782,805,27300,27316,29343,29359,u-u_0\le w-u_0,u-u_0\le w-u_0,71f5b7875030bf3ae56bcf2e366fa51adeb0dcfcc2e55c016f6c54f89827894f,71f5b7875030bf3ae56bcf2e366fa51adeb0dcfcc2e55c016f6c54f89827894f,df28331764a7bb98bb232ebdaaae1c090b4a60007b9a0f1c9175b8f38f228dff,$,,df28331764a7bb98bb232ebdaaae1c090b4a60007b9a0f1c9175b8f38f228dff,df28331764a7bb98bb232ebdaaae1c090b4a60007b9a0f1c9175b8f38f228dff,"{""basis"":""ordered nested-math atom; exact symbolic replay"",""kind"":""source-target-formula-map""}"
1.1.0,formula,O007-FREMLIN-V2-S244-FORMULA-0654,O007-FREMLIN-V2-S244,O007-RIGHTS-FREMLIN-DSL,O007-FREMLIN-V2-S244-SEG-244L,654,244L,244L,782,805,27321,27344,29364,29387,(u-u_0)^p\le(w-u_0)^p,(u-u_0)^p\le(w-u_0)^p,c989f16f854ba8166ec87cd4c0620b27ca4fc0a5dcb63dbd2e3d384aef9a3e18,c989f16f854ba8166ec87cd4c0620b27ca4fc0a5dcb63dbd2e3d384aef9a3e18,c989f16f854ba8166ec87cd4c0620b27ca4fc0a5dcb63dbd2e3d384aef9a3e18,$,,c989f16f854ba8166ec87cd4c0620b27ca4fc0a5dcb63dbd2e3d384aef9a3e18,c989f16f854ba8166ec87cd4c0620b27ca4fc0a5dcb63dbd2e3d384aef9a3e18,"{""basis"":""ordered nested-math atom; exact symbolic replay"",""kind"":""source-target-formula-map""}"
1.1.0,formula,O007-FREMLIN-V2-S244-FORMULA-0655,O007-FREMLIN-V2-S244,O007-RIGHTS-FREMLIN-DSL,O007-FREMLIN-V2-S244-SEG-244L,655,244L,244L,783,805,27355,27364,29401,29410,u\in A',u\in A',41896f7fd800b8f1729940615b949a89bde56c0d66bb3c3e4512ba6944c48740,41896f7fd800b8f1729940615b949a89bde56c0d66bb3c3e4512ba6944c48740,af3b95f33d61efc9d6c8446ade01cbcfc685e22ffe184b0d56d039545e9b705f,$,,af3b95f33d61efc9d6c8446ade01cbcfc685e22ffe184b0d56d039545e9b705f,af3b95f33d61efc9d6c8446ade01cbcfc685e22ffe184b0d56d039545e9b705f,"{""basis"":""ordered nested-math atom; exact symbolic replay"",""kind"":""source-target-formula-map""}"
1.1.0,formula,O007-FREMLIN-V2-S244-FORMULA-0656,O007-FREMLIN-V2-S244,O007-RIGHTS-FREMLIN-DSL,O007-FREMLIN-V2-S244-SEG-244L,656,244L,244L,783,806,27369,27380,29421,29432,(w-u_0)^p,(w-u_0)^p,cf769b24eb9776f8f798a41f31d38f13b741be0e9cf2cdba95f648da579230b8,cf769b24eb9776f8f798a41f31d38f13b741be0e9cf2cdba95f648da579230b8,cf769b24eb9776f8f798a41f31d38f13b741be0e9cf2cdba95f648da579230b8,$,,cf769b24eb9776f8f798a41f31d38f13b741be0e9cf2cdba95f648da579230b8,cf769b24eb9776f8f798a41f31d38f13b741be0e9cf2cdba95f648da579230b8,"{""basis"":""ordered nested-math atom; exact symbolic replay"",""kind"":""source-target-formula-map""}"
1.1.0,formula,O007-FREMLIN-V2-S244-FORMULA-0657,O007-FREMLIN-V2-S244,O007-RIGHTS-FREMLIN-DSL,O007-FREMLIN-V2-S244-SEG-244L,657,244L,244L,783,806,27403,27406,29456,29459,B,B,df7e70e5021544f4834bbee64a9e3789febc4be81470df629cad6ddb03320a5c,df7e70e5021544f4834bbee64a9e3789febc4be81470df629cad6ddb03320a5c,df7e70e5021544f4834bbee64a9e3789febc4be81470df629cad6ddb03320a5c,$,,df7e70e5021544f4834bbee64a9e3789febc4be81470df629cad6ddb03320a5c,df7e70e5021544f4834bbee64a9e3789febc4be81470df629cad6ddb03320a5c,"{""basis"":""ordered nested-math atom; exact symbolic replay"",""kind"":""source-target-formula-map""}"
1.1.0,formula,O007-FREMLIN-V2-S244-FORMULA-0658,O007-FREMLIN-V2-S244,O007-RIGHTS-FREMLIN-DSL,O007-FREMLIN-V2-S244-SEG-244L,658,244L,244L,784,807,27411,27428,29464,29481,v_1\le(w-u_0)^p,v_1\le(w-u_0)^p,cd2b453aa4cdecf25eeb0e4df0552800f21d8e315a8a811241768f2c8d79c8c6,cd2b453aa4cdecf25eeb0e4df0552800f21d8e315a8a811241768f2c8d79c8c6,cd2b453aa4cdecf25eeb0e4df0552800f21d8e315a8a811241768f2c8d79c8c6,$,,cd2b453aa4cdecf25eeb0e4df0552800f21d8e315a8a811241768f2c8d79c8c6,cd2b453aa4cdecf25eeb0e4df0552800f21d8e315a8a811241768f2c8d79c8c6,"{""basis"":""ordered nested-math atom; exact symbolic replay"",""kind"":""source-target-formula-map""}"
1.1.0,formula,O007-FREMLIN-V2-S244-FORMULA-0659,O007-FREMLIN-V2-S244,O007-RIGHTS-FREMLIN-DSL,O007-FREMLIN-V2-S244-SEG-244L,659,244L,244L,784,807,27430,27450,29483,29503,v_1^{1/p}\le w-u_0,v_1^{1/p}\le w-u_0,69fe4a2290e21035fdbf8c5b1e276ed5b0f67033b1e7358c03cb0617294a01ec,69fe4a2290e21035fdbf8c5b1e276ed5b0f67033b1e7358c03cb0617294a01ec,3d137c8375abef01fab7595bd7f6346fcbc66bf588a322b0e57b8a7b604a06d0,$,,3d137c8375abef01fab7595bd7f6346fcbc66bf588a322b0e57b8a7b604a06d0,3d137c8375abef01fab7595bd7f6346fcbc66bf588a322b0e57b8a7b604a06d0,"{""basis"":""ordered nested-math atom; exact symbolic replay"",""kind"":""source-target-formula-map""}"
1.1.0,formula,O007-FREMLIN-V2-S244-FORMULA-0660,O007-FREMLIN-V2-S244,O007-RIGHTS-FREMLIN-DSL,O007-FREMLIN-V2-S244-SEG-244L,660,244L,244L,784,807,27455,27465,29511,29521,w_1\le w,w_1\le w,867b409a35bee12909819b33dc18f8a35f682dcf8b6397b7d90ce28c71ddbc08,867b409a35bee12909819b33dc18f8a35f682dcf8b6397b7d90ce28c71ddbc08,64df0f12dd7ece67550787e2168e92beee183d4d681891c763a2e1cd5e2e0dcb,$,,64df0f12dd7ece67550787e2168e92beee183d4d681891c763a2e1cd5e2e0dcb,64df0f12dd7ece67550787e2168e92beee183d4d681891c763a2e1cd5e2e0dcb,"{""basis"":""ordered nested-math atom; exact symbolic replay"",""kind"":""source-target-formula-map""}"
1.1.0,formula,O007-FREMLIN-V2-S244-FORMULA-0661,O007-FREMLIN-V2-S244,O007-RIGHTS-FREMLIN-DSL,O007-FREMLIN-V2-S244-SEG-244L,661,244L,244L,784,808,27474,27492,29528,29548,"w=\sup
A'=\sup A",w_1=\sup A'=\sup A,26a2756a6e006394c65e477821def6c221d5a8c127c047f0ed190a2201b8acf7,b7cb9785f944bec4cc86804bcf7b225b83a6ea6a7cdb18317a315c54c4a1b54a,5eb9962a3eadf67243193a3bfa0b4d41a0124f4ac85262e0a152322648dfe8f9,$,"[""O007-CORR-0129""]",ba32e5a39253ed5f0c3180a2e50f03386be474ce4a77aeba2c534f263f27eeed,5eb9962a3eadf67243193a3bfa0b4d41a0124f4ac85262e0a152322648dfe8f9,"{""basis"":""ordered nested-math atom; ledgered source correction"",""kind"":""source-target-formula-map""}"
1.1.0,formula,O007-FREMLIN-V2-S244-FORMULA-0662,O007-FREMLIN-V2-S244,O007-RIGHTS-FREMLIN-DSL,O007-FREMLIN-V2-S244-SEG-244L,662,244L,244L,785,808,27496,27501,29555,29560,L^p,L^p,0de1bee007df208a54c85a6cf3aa6c06e2a922620965a43478a0496c27e05aa0,0de1bee007df208a54c85a6cf3aa6c06e2a922620965a43478a0496c27e05aa0,0de1bee007df208a54c85a6cf3aa6c06e2a922620965a43478a0496c27e05aa0,$,,0de1bee007df208a54c85a6cf3aa6c06e2a922620965a43478a0496c27e05aa0,0de1bee007df208a54c85a6cf3aa6c06e2a922620965a43478a0496c27e05aa0,"{""basis"":""ordered nested-math atom; exact symbolic replay"",""kind"":""source-target-formula-map""}"
1.1.0,formula,O007-FREMLIN-V2-S244-FORMULA-0663,O007-FREMLIN-V2-S244,O007-RIGHTS-FREMLIN-DSL,O007-FREMLIN-V2-S244-SEG-244L,663,244L,244L,785,808,27508,27511,29569,29572,A,A,559aead08264d5795d3909718cdd05abd49572e84fe55590eef31a88a08fdffd,559aead08264d5795d3909718cdd05abd49572e84fe55590eef31a88a08fdffd,559aead08264d5795d3909718cdd05abd49572e84fe55590eef31a88a08fdffd,$,,559aead08264d5795d3909718cdd05abd49572e84fe55590eef31a88a08fdffd,559aead08264d5795d3909718cdd05abd49572e84fe55590eef31a88a08fdffd,"{""basis"":""ordered nested-math atom; exact symbolic replay"",""kind"":""source-target-formula-map""}"
1.1.0,formula,O007-FREMLIN-V2-S244-FORMULA-0664,O007-FREMLIN-V2-S244,O007-RIGHTS-FREMLIN-DSL,O007-FREMLIN-V2-S244-SEG-244L,664,244L,244L,785,808,27526,27531,29584,29589,L^p,L^p,0de1bee007df208a54c85a6cf3aa6c06e2a922620965a43478a0496c27e05aa0,0de1bee007df208a54c85a6cf3aa6c06e2a922620965a43478a0496c27e05aa0,0de1bee007df208a54c85a6cf3aa6c06e2a922620965a43478a0496c27e05aa0,$,,0de1bee007df208a54c85a6cf3aa6c06e2a922620965a43478a0496c27e05aa0,0de1bee007df208a54c85a6cf3aa6c06e2a922620965a43478a0496c27e05aa0,"{""basis"":""ordered nested-math atom; exact symbolic replay"",""kind"":""source-target-formula-map""}"
1.1.0,formula,O007-FREMLIN-V2-S244-FORMULA-0665,O007-FREMLIN-V2-S244,O007-RIGHTS-FREMLIN-DSL,O007-FREMLIN-V2-S244-SEG-244M,665,244M,244M,793,817,27729,27745,29785,29801,"(X,\Sigma,\mu)","(X,\Sigma,\mu)",05e9b769403b4c7926a944d5aaa03f00bb216412bc3f850e41b3c28de657aa67,05e9b769403b4c7926a944d5aaa03f00bb216412bc3f850e41b3c28de657aa67,05e9b769403b4c7926a944d5aaa03f00bb216412bc3f850e41b3c28de657aa67,$,,05e9b769403b4c7926a944d5aaa03f00bb216412bc3f850e41b3c28de657aa67,05e9b769403b4c7926a944d5aaa03f00bb216412bc3f850e41b3c28de657aa67,"{""basis"":""ordered nested-math atom; exact symbolic replay"",""kind"":""source-target-formula-map""}"
1.1.0,formula,O007-FREMLIN-V2-S244-FORMULA-0666,O007-FREMLIN-V2-S244,O007-RIGHTS-FREMLIN-DSL,O007-FREMLIN-V2-S244-SEG-244M,666,244M,244M,794,818,27774,27780,29832,29838,\Tau,\Tau,a34699b8745d985590df162103fdf28f3ec3426d7f12ca80a1b9c6f87686099a,a34699b8745d985590df162103fdf28f3ec3426d7f12ca80a1b9c6f87686099a,a34699b8745d985590df162103fdf28f3ec3426d7f12ca80a1b9c6f87686099a,$,,a34699b8745d985590df162103fdf28f3ec3426d7f12ca80a1b9c6f87686099a,a34699b8745d985590df162103fdf28f3ec3426d7f12ca80a1b9c6f87686099a,"{""basis"":""ordered nested-math atom; exact symbolic replay"",""kind"":""source-target-formula-map""}"
1.1.0,formula,O007-FREMLIN-V2-S244-FORMULA-0667,O007-FREMLIN-V2-S244,O007-RIGHTS-FREMLIN-DSL,O007-FREMLIN-V2-S244-SEG-244M,667,244M,244M,794,818,27783,27791,29856,29864,\sigma,\sigma,9c3245dfb4ac54c1623a60e7b8d1fc07cb02eae1229435230c7dab5e71083a26,9c3245dfb4ac54c1623a60e7b8d1fc07cb02eae1229435230c7dab5e71083a26,9c3245dfb4ac54c1623a60e7b8d1fc07cb02eae1229435230c7dab5e71083a26,$,,9c3245dfb4ac54c1623a60e7b8d1fc07cb02eae1229435230c7dab5e71083a26,9c3245dfb4ac54c1623a60e7b8d1fc07cb02eae1229435230c7dab5e71083a26,"{""basis"":""ordered nested-math atom; exact symbolic replay"",""kind"":""source-target-formula-map""}"
1.1.0,formula,O007-FREMLIN-V2-S244-FORMULA-0668,O007-FREMLIN-V2-S244,O007-RIGHTS-FREMLIN-DSL,O007-FREMLIN-V2-S244-SEG-244M,668,244M,244M,794,818,27806,27814,29870,29878,\Sigma,\Sigma,d65d75b1e6562713a3936bb38fdfe6832fb5b96c946de58f7ce0992057665aa8,d65d75b1e6562713a3936bb38fdfe6832fb5b96c946de58f7ce0992057665aa8,d65d75b1e6562713a3936bb38fdfe6832fb5b96c946de58f7ce0992057665aa8,$,,d65d75b1e6562713a3936bb38fdfe6832fb5b96c946de58f7ce0992057665aa8,d65d75b1e6562713a3936bb38fdfe6832fb5b96c946de58f7ce0992057665aa8,"{""basis"":""ordered nested-math atom; exact symbolic replay"",""kind"":""source-target-formula-map""}"
1.1.0,formula,O007-FREMLIN-V2-S244-FORMULA-0669,O007-FREMLIN-V2-S244,O007-RIGHTS-FREMLIN-DSL,O007-FREMLIN-V2-S244-SEG-244M,669,244M,244M,794,819,27823,27839,29886,29902,"p\in[1,\infty]","p\in[1,\infty]",7d8e33c2c22d2bb3bb84f57d68b03a758a2a11e30762f389926cb8f394cb8548,7d8e33c2c22d2bb3bb84f57d68b03a758a2a11e30762f389926cb8f394cb8548,7d8e33c2c22d2bb3bb84f57d68b03a758a2a11e30762f389926cb8f394cb8548,$,,7d8e33c2c22d2bb3bb84f57d68b03a758a2a11e30762f389926cb8f394cb8548,7d8e33c2c22d2bb3bb84f57d68b03a758a2a11e30762f389926cb8f394cb8548,"{""basis"":""ordered nested-math atom; exact symbolic replay"",""kind"":""source-target-formula-map""}"
1.1.0,formula,O007-FREMLIN-V2-S244-FORMULA-0670,O007-FREMLIN-V2-S244,O007-RIGHTS-FREMLIN-DSL,O007-FREMLIN-V2-S244-SEG-244M,670,244M,244M,795,819,27848,27869,29912,29933,L^0(\mu\restrp\Tau),L^0(\mu\restrp\Tau),63cc37aa1788fd255cb428259bcab745df5a4e3258a7470b853326e2a46d1e28,63cc37aa1788fd255cb428259bcab745df5a4e3258a7470b853326e2a46d1e28,63cc37aa1788fd255cb428259bcab745df5a4e3258a7470b853326e2a46d1e28,$,,63cc37aa1788fd255cb428259bcab745df5a4e3258a7470b853326e2a46d1e28,63cc37aa1788fd255cb428259bcab745df5a4e3258a7470b853326e2a46d1e28,"{""basis"":""ordered nested-math atom; exact symbolic replay"",""kind"":""source-target-formula-map""}"
1.1.0,formula,O007-FREMLIN-V2-S244-FORMULA-0671,O007-FREMLIN-V2-S244,O007-RIGHTS-FREMLIN-DSL,O007-FREMLIN-V2-S244-SEG-244M,671,244M,244M,796,820,27887,27901,29956,29970,L^0=L^0(\mu),L^0=L^0(\mu),21f408dfd160dc88319611c4285d5c35208d4be9b0afe54df8092974142f5192,21f408dfd160dc88319611c4285d5c35208d4be9b0afe54df8092974142f5192,21f408dfd160dc88319611c4285d5c35208d4be9b0afe54df8092974142f5192,$,,21f408dfd160dc88319611c4285d5c35208d4be9b0afe54df8092974142f5192,21f408dfd160dc88319611c4285d5c35208d4be9b0afe54df8092974142f5192,"{""basis"":""ordered nested-math atom; exact symbolic replay"",""kind"":""source-target-formula-map""}"
1.1.0,formula,O007-FREMLIN-V2-S244-FORMULA-0672,O007-FREMLIN-V2-S244,O007-RIGHTS-FREMLIN-DSL,O007-FREMLIN-V2-S244-SEG-244M,672,244M,244M,797,821,27932,27953,30010,30031,L^p(\mu\restrp\Tau),L^p(\mu\restrp\Tau),dd5fa83776c1ab71eb5a9035301904f17000e048c52d1f9a19bcc1876068dd92,dd5fa83776c1ab71eb5a9035301904f17000e048c52d1f9a19bcc1876068dd92,dd5fa83776c1ab71eb5a9035301904f17000e048c52d1f9a19bcc1876068dd92,$,,dd5fa83776c1ab71eb5a9035301904f17000e048c52d1f9a19bcc1876068dd92,dd5fa83776c1ab71eb5a9035301904f17000e048c52d1f9a19bcc1876068dd92,"{""basis"":""ordered nested-math atom; exact symbolic replay"",""kind"":""source-target-formula-map""}"
1.1.0,formula,O007-FREMLIN-V2-S244-FORMULA-0673,O007-FREMLIN-V2-S244,O007-RIGHTS-FREMLIN-DSL,O007-FREMLIN-V2-S244-SEG-244M,673,244M,244M,798,822,27962,27996,30040,30074,L^p(\mu)\cap L^0(\mu\restrp\Tau),L^p(\mu)\cap L^0(\mu\restrp\Tau),8fb9fd826d884b7be4ee621ed6badf41c4564437d5aeb1719fb0b1b7b9c3d0c4,8fb9fd826d884b7be4ee621ed6badf41c4564437d5aeb1719fb0b1b7b9c3d0c4,40f009faed5cc79603d0526e7a3deb30f42ff39126d3e700cbd7b3962682555c,$,,40f009faed5cc79603d0526e7a3deb30f42ff39126d3e700cbd7b3962682555c,40f009faed5cc79603d0526e7a3deb30f42ff39126d3e700cbd7b3962682555c,"{""basis"":""ordered nested-math atom; exact symbolic replay"",""kind"":""source-target-formula-map""}"
1.1.0,formula,O007-FREMLIN-V2-S244-FORMULA-0674,O007-FREMLIN-V2-S244,O007-RIGHTS-FREMLIN-DSL,O007-FREMLIN-V2-S244-SEG-244M,674,244M,244M,799,823,28004,28039,30085,30120,P:L^1(\mu)\to L^1(\mu\restrp\Tau),P:L^1(\mu)\to L^1(\mu\restrp\Tau),db013ab73b9c12d961b6bf58283facc6a548b60f2cd1f9b0529581a28a69264a,db013ab73b9c12d961b6bf58283facc6a548b60f2cd1f9b0529581a28a69264a,5ad565df23cda10c5f74619e1f8105b69508463aa268a0e32199f7297f5799af,$,,5ad565df23cda10c5f74619e1f8105b69508463aa268a0e32199f7297f5799af,5ad565df23cda10c5f74619e1f8105b69508463aa268a0e32199f7297f5799af,"{""basis"":""ordered nested-math atom; exact symbolic replay"",""kind"":""source-target-formula-map""}"
1.1.0,formula,O007-FREMLIN-V2-S244-FORMULA-0675,O007-FREMLIN-V2-S244,O007-RIGHTS-FREMLIN-DSL,O007-FREMLIN-V2-S244-SEG-244M,675,244M,244M,801,825,28128,28147,30208,30227,u\in L^p=L^p(\mu),u\in L^p=L^p(\mu),ddd9994cedef4d73d9c3178661e5d983ce58e46f27b87bd0b755320a86e7814b,ddd9994cedef4d73d9c3178661e5d983ce58e46f27b87bd0b755320a86e7814b,6709864553e029a705ad16f914495afde70eafe58f9225ca25db2f9dd0793388,$,,6709864553e029a705ad16f914495afde70eafe58f9225ca25db2f9dd0793388,6709864553e029a705ad16f914495afde70eafe58f9225ca25db2f9dd0793388,"{""basis"":""ordered nested-math atom; exact symbolic replay"",""kind"":""source-target-formula-map""}"
1.1.0,formula,O007-FREMLIN-V2-S244-FORMULA-0676,O007-FREMLIN-V2-S244,O007-RIGHTS-FREMLIN-DSL,O007-FREMLIN-V2-S244-SEG-244M,676,244M,244M,802,825,28149,28169,30229,30249,|Pu|^p\le P(|u|^p),|Pu|^p\le P(|u|^p),e803e1e6ad3d69c19df5ec4decc204a470fd1bb56d2945768c699d56decd7b91,e803e1e6ad3d69c19df5ec4decc204a470fd1bb56d2945768c699d56decd7b91,3656b103b48c749f200eac0aed9e61c5563f7a9c8b50bd78b80ccb52e9a4209e,$,,3656b103b48c749f200eac0aed9e61c5563f7a9c8b50bd78b80ccb52e9a4209e,3656b103b48c749f200eac0aed9e61c5563f7a9c8b50bd78b80ccb52e9a4209e,"{""basis"":""ordered nested-math atom; exact symbolic replay"",""kind"":""source-target-formula-map""}"
1.1.0,formula,O007-FREMLIN-V2-S244-FORMULA-0677,O007-FREMLIN-V2-S244,O007-RIGHTS-FREMLIN-DSL,O007-FREMLIN-V2-S244-SEG-244M,677,244M,244M,802,826,28174,28201,30260,30287,Pu\in L^p(\mu\restrp\Tau),Pu\in L^p(\mu\restrp\Tau),33f9ba1a1bc8737530d7d078333a5d665a11b1b8004d0dea026376b490d79cc9,33f9ba1a1bc8737530d7d078333a5d665a11b1b8004d0dea026376b490d79cc9,190931b7a921008c61775c2b9550c5fe1cd8e90937f38a310dc2dfb5520d0a35,$,,190931b7a921008c61775c2b9550c5fe1cd8e90937f38a310dc2dfb5520d0a35,190931b7a921008c61775c2b9550c5fe1cd8e90937f38a310dc2dfb5520d0a35,"{""basis"":""ordered nested-math atom; exact symbolic replay"",""kind"":""source-target-formula-map""}"
1.1.0,formula,O007-FREMLIN-V2-S244-FORMULA-0678,O007-FREMLIN-V2-S244,O007-RIGHTS-FREMLIN-DSL,O007-FREMLIN-V2-S244-SEG-244M,678,244M,244M,803,826,28206,28226,30292,30312,\|Pu\|_p\le\|u\|_p,\|Pu\|_p\le\|u\|_p,c46f2779e4a2df4b1812a67d0424c9262bc662406e7c1f287b6cb96c3f23b700,c46f2779e4a2df4b1812a67d0424c9262bc662406e7c1f287b6cb96c3f23b700,c46f2779e4a2df4b1812a67d0424c9262bc662406e7c1f287b6cb96c3f23b700,$,,c46f2779e4a2df4b1812a67d0424c9262bc662406e7c1f287b6cb96c3f23b700,c46f2779e4a2df4b1812a67d0424c9262bc662406e7c1f287b6cb96c3f23b700,"{""basis"":""ordered nested-math atom; exact symbolic replay"",""kind"":""source-target-formula-map""}"
1.1.0,formula,O007-FREMLIN-V2-S244-FORMULA-0679,O007-FREMLIN-V2-S244,O007-RIGHTS-FREMLIN-DSL,O007-FREMLIN-V2-S244-SEG-244M,679,244M,244M,803,827,28241,28269,30326,30354,P[L^p]=L^p(\mu\restrp\Tau),P[L^p]=L^p(\mu\restrp\Tau),f31917102fafb472c0f2a1f076ce427230fe8714b6280428bf6f45e91950beab,f31917102fafb472c0f2a1f076ce427230fe8714b6280428bf6f45e91950beab,f31917102fafb472c0f2a1f076ce427230fe8714b6280428bf6f45e91950beab,$,,f31917102fafb472c0f2a1f076ce427230fe8714b6280428bf6f45e91950beab,f31917102fafb472c0f2a1f076ce427230fe8714b6280428bf6f45e91950beab,"{""basis"":""ordered nested-math atom; exact symbolic replay"",""kind"":""source-target-formula-map""}"
1.1.0,formula,O007-FREMLIN-V2-S244-FORMULA-0680,O007-FREMLIN-V2-S244,O007-RIGHTS-FREMLIN-DSL,O007-FREMLIN-V2-S244-SEG-244M,680,244M,244M,805,829,28284,28294,30371,30381,p=\infty,p=\infty,ff3e987f14f766ccd5dd6326b1ff9f3e1163371332922ba362d77ad6ab281234,ff3e987f14f766ccd5dd6326b1ff9f3e1163371332922ba362d77ad6ab281234,ff3e987f14f766ccd5dd6326b1ff9f3e1163371332922ba362d77ad6ab281234,$,,ff3e987f14f766ccd5dd6326b1ff9f3e1163371332922ba362d77ad6ab281234,ff3e987f14f766ccd5dd6326b1ff9f3e1163371332922ba362d77ad6ab281234,"{""basis"":""ordered nested-math atom; exact symbolic replay"",""kind"":""source-target-formula-map""}"
1.1.0,formula,O007-FREMLIN-V2-S244-FORMULA-0681,O007-FREMLIN-V2-S244,O007-RIGHTS-FREMLIN-DSL,O007-FREMLIN-V2-S244-SEG-244M,681,244M,244M,806,830,28339,28349,30438,30448,p<\infty,p<\infty,8757f66d2e5c42d7f1f32d96da5d5c489d1bb79d2627fa9b8e11fe76db7a6ae3,8757f66d2e5c42d7f1f32d96da5d5c489d1bb79d2627fa9b8e11fe76db7a6ae3,8757f66d2e5c42d7f1f32d96da5d5c489d1bb79d2627fa9b8e11fe76db7a6ae3,$,,8757f66d2e5c42d7f1f32d96da5d5c489d1bb79d2627fa9b8e11fe76db7a6ae3,8757f66d2e5c42d7f1f32d96da5d5c489d1bb79d2627fa9b8e11fe76db7a6ae3,"{""basis"":""ordered nested-math atom; exact symbolic replay"",""kind"":""source-target-formula-map""}"
1.1.0,formula,O007-FREMLIN-V2-S244-FORMULA-0682,O007-FREMLIN-V2-S244,O007-RIGHTS-FREMLIN-DSL,O007-FREMLIN-V2-S244-SEG-244M,682,244M,244M,806,831,28386,28407,30472,30493,L^p(\mu\restrp\Tau),L^p(\mu\restrp\Tau),dd5fa83776c1ab71eb5a9035301904f17000e048c52d1f9a19bcc1876068dd92,dd5fa83776c1ab71eb5a9035301904f17000e048c52d1f9a19bcc1876068dd92,dd5fa83776c1ab71eb5a9035301904f17000e048c52d1f9a19bcc1876068dd92,$,,dd5fa83776c1ab71eb5a9035301904f17000e048c52d1f9a19bcc1876068dd92,dd5fa83776c1ab71eb5a9035301904f17000e048c52d1f9a19bcc1876068dd92,"{""basis"":""ordered nested-math atom; exact symbolic replay"",""kind"":""source-target-formula-map""}"
1.1.0,formula,O007-FREMLIN-V2-S244-FORMULA-0683,O007-FREMLIN-V2-S244,O007-RIGHTS-FREMLIN-DSL,O007-FREMLIN-V2-S244-SEG-244M,683,244M,244M,807,831,28413,28442,30501,30530,L^p\cap L^0(\mu\restrp\Tau),L^p\cap L^0(\mu\restrp\Tau),0f643a6ec4df714792a456ed39b32804820016e27b28c78faf6d4515e4197ffd,0f643a6ec4df714792a456ed39b32804820016e27b28c78faf6d4515e4197ffd,2b7210a1a1491c3c848dac71f53d0dd2b917d501590cf2ac4fc631862b2ed3fa,$,,2b7210a1a1491c3c848dac71f53d0dd2b917d501590cf2ac4fc631862b2ed3fa,2b7210a1a1491c3c848dac71f53d0dd2b917d501590cf2ac4fc631862b2ed3fa,"{""basis"":""ordered nested-math atom; exact symbolic replay"",""kind"":""source-target-formula-map""}"
1.1.0,formula,O007-FREMLIN-V2-S244-FORMULA-0684,O007-FREMLIN-V2-S244,O007-RIGHTS-FREMLIN-DSL,O007-FREMLIN-V2-S244-SEG-244M,684,244M,244M,807,832,28447,28477,30537,30567,S:L^0(\mu\restrp\Tau)\to L^0,S:L^0(\mu\restrp\Tau)\to L^0,b3615503d0877f1f51d21603da39cbf664a1c1f6e207eaf776bb08f521b2c863,b3615503d0877f1f51d21603da39cbf664a1c1f6e207eaf776bb08f521b2c863,5e26a5f9bef86f1b3af271866b2e99aa622572c99350f0b3e84b494cb35ee7d2,$,,5e26a5f9bef86f1b3af271866b2e99aa622572c99350f0b3e84b494cb35ee7d2,5e26a5f9bef86f1b3af271866b2e99aa622572c99350f0b3e84b494cb35ee7d2,"{""basis"":""ordered nested-math atom; exact symbolic replay"",""kind"":""source-target-formula-map""}"
1.1.0,formula,O007-FREMLIN-V2-S244-FORMULA-0685,O007-FREMLIN-V2-S244,O007-RIGHTS-FREMLIN-DSL,O007-FREMLIN-V2-S244-SEG-244M,685,244M,244M,808,833,28532,28549,30639,30656,|Su|^p=S(|u|^p),|Su|^p=S(|u|^p),aa3c76a8ca40c4705ef417b91d4f286ed88880cca3817f9563d6ad7a2498e04b,aa3c76a8ca40c4705ef417b91d4f286ed88880cca3817f9563d6ad7a2498e04b,aa3c76a8ca40c4705ef417b91d4f286ed88880cca3817f9563d6ad7a2498e04b,$,,aa3c76a8ca40c4705ef417b91d4f286ed88880cca3817f9563d6ad7a2498e04b,aa3c76a8ca40c4705ef417b91d4f286ed88880cca3817f9563d6ad7a2498e04b,"{""basis"":""ordered nested-math atom; exact symbolic replay"",""kind"":""source-target-formula-map""}"
1.1.0,formula,O007-FREMLIN-V2-S244-FORMULA-0686,O007-FREMLIN-V2-S244,O007-RIGHTS-FREMLIN-DSL,O007-FREMLIN-V2-S244-SEG-244M,686,244M,244M,809,834,28560,28586,30670,30696,u\in L^0(\mu\restrp\Tau),u\in L^0(\mu\restrp\Tau),e3849c4a71921743be673b85ad55d0dc9598b823b206f7002f1f1fb29a7a293c,e3849c4a71921743be673b85ad55d0dc9598b823b206f7002f1f1fb29a7a293c,38da1ff0f2a79680bea86b7226421ebaf64ba98385262dbb8e4f74d2f1217cb4,$,,38da1ff0f2a79680bea86b7226421ebaf64ba98385262dbb8e4f74d2f1217cb4,38da1ff0f2a79680bea86b7226421ebaf64ba98385262dbb8e4f74d2f1217cb4,"{""basis"":""ordered nested-math atom; exact symbolic replay"",""kind"":""source-target-formula-map""}"
1.1.0,formula,O007-FREMLIN-V2-S244-FORMULA-0687,O007-FREMLIN-V2-S244,O007-RIGHTS-FREMLIN-DSL,O007-FREMLIN-V2-S244-SEG-244M,687,244M,244M,809,834,28596,28607,30707,30718,Su\in L^p,Su\in L^p,76888bfd658e1b0a9bae1c73b8cced0b8e312498ee231c2cc8721100c65cdbf2,76888bfd658e1b0a9bae1c73b8cced0b8e312498ee231c2cc8721100c65cdbf2,719495d03894b212d2273a5ad9d0aace2a7002b91af62b05b6e97fca7ba77e8c,$,,719495d03894b212d2273a5ad9d0aace2a7002b91af62b05b6e97fca7ba77e8c,719495d03894b212d2273a5ad9d0aace2a7002b91af62b05b6e97fca7ba77e8c,"{""basis"":""ordered nested-math atom; exact symbolic replay"",""kind"":""source-target-formula-map""}"
1.1.0,formula,O007-FREMLIN-V2-S244-FORMULA-0688,O007-FREMLIN-V2-S244,O007-RIGHTS-FREMLIN-DSL,O007-FREMLIN-V2-S244-SEG-244M,688,244M,244M,810,835,28612,28642,30739,30769,|u|^p\in L^1(\mu\restrp\Tau),|u|^p\in L^1(\mu\restrp\Tau),7093261526c22c2051517c702fb51e4d36a79e0efbc1962f0ea62860e48061fc,7093261526c22c2051517c702fb51e4d36a79e0efbc1962f0ea62860e48061fc,4ed3dc7d5fa54912512e8aadca344c45717494ce0b18a0bdef20c911bc177a40,$,,4ed3dc7d5fa54912512e8aadca344c45717494ce0b18a0bdef20c911bc177a40,4ed3dc7d5fa54912512e8aadca344c45717494ce0b18a0bdef20c911bc177a40,"{""basis"":""ordered nested-math atom; exact symbolic replay"",""kind"":""source-target-formula-map""}"
1.1.0,formula,O007-FREMLIN-V2-S244-FORMULA-0689,O007-FREMLIN-V2-S244,O007-RIGHTS-FREMLIN-DSL,O007-FREMLIN-V2-S244-SEG-244M,689,244M,244M,810,836,28647,28673,30790,30816,u\in L^p(\mu\restrp\Tau),u\in L^p(\mu\restrp\Tau),5b290108c5b44b99cdb6efa4e9028684071d056bdbdd3336454ff17f5c794f73,5b290108c5b44b99cdb6efa4e9028684071d056bdbdd3336454ff17f5c794f73,90760b8f72bc6499bb8ca7838481bc0d9d3ed73fdc8540f34288b025ddd15f9e,$,,90760b8f72bc6499bb8ca7838481bc0d9d3ed73fdc8540f34288b025ddd15f9e,90760b8f72bc6499bb8ca7838481bc0d9d3ed73fdc8540f34288b025ddd15f9e,"{""basis"":""ordered nested-math atom; exact symbolic replay"",""kind"":""source-target-formula-map""}"
1.1.0,formula,O007-FREMLIN-V2-S244-FORMULA-0690,O007-FREMLIN-V2-S244,O007-RIGHTS-FREMLIN-DSL,O007-FREMLIN-V2-S244-SEG-244M,690,244M,244M,812,838,28680,28695,30828,30843,\phi(t)=|t|^p,\phi(t)=|t|^p,6d504bd61673781e52ff2df7f752cac19fa94f28900445e4348a985318efd2f6,6d504bd61673781e52ff2df7f752cac19fa94f28900445e4348a985318efd2f6,6d504bd61673781e52ff2df7f752cac19fa94f28900445e4348a985318efd2f6,$,,6d504bd61673781e52ff2df7f752cac19fa94f28900445e4348a985318efd2f6,6d504bd61673781e52ff2df7f752cac19fa94f28900445e4348a985318efd2f6,"{""basis"":""ordered nested-math atom; exact symbolic replay"",""kind"":""source-target-formula-map""}"
1.1.0,formula,O007-FREMLIN-V2-S244-FORMULA-0691,O007-FREMLIN-V2-S244,O007-RIGHTS-FREMLIN-DSL,O007-FREMLIN-V2-S244-SEG-244M,691,244M,244M,812,838,28700,28712,30850,30862,t\in\Bbb R,t\in\Bbb R,ab23ac246e3c8b11a3d5e5c2835144f6700cca85e4cbac01da82da6bd6b979c4,ab23ac246e3c8b11a3d5e5c2835144f6700cca85e4cbac01da82da6bd6b979c4,4d96d6348520e31cdaafe6336c09e8c835c1835c543ef16efaaff1871757b1bc,$,,4d96d6348520e31cdaafe6336c09e8c835c1835c543ef16efaaff1871757b1bc,4d96d6348520e31cdaafe6336c09e8c835c1835c543ef16efaaff1871757b1bc,"{""basis"":""ordered nested-math atom; exact symbolic replay"",""kind"":""source-target-formula-map""}"
1.1.0,formula,O007-FREMLIN-V2-S244-FORMULA-0692,O007-FREMLIN-V2-S244,O007-RIGHTS-FREMLIN-DSL,O007-FREMLIN-V2-S244-SEG-244M,692,244M,244M,812,838,28720,28726,30869,30875,\phi,\phi,10ce0200b450ea955833553e717821c7721818b8a95cffd7e54b46e08918b512,10ce0200b450ea955833553e717821c7721818b8a95cffd7e54b46e08918b512,10ce0200b450ea955833553e717821c7721818b8a95cffd7e54b46e08918b512,$,,10ce0200b450ea955833553e717821c7721818b8a95cffd7e54b46e08918b512,10ce0200b450ea955833553e717821c7721818b8a95cffd7e54b46e08918b512,"{""basis"":""ordered nested-math atom; exact symbolic replay"",""kind"":""source-target-formula-map""}"
1.1.0,formula,O007-FREMLIN-V2-S244-FORMULA-0693,O007-FREMLIN-V2-S244,O007-RIGHTS-FREMLIN-DSL,O007-FREMLIN-V2-S244-SEG-244M,693,244M,244M,814,840,28853,28872,30986,31005,|u|^p=\bar\phi(u),|u|^p=\bar\phi(u),8bf288290748c1806fab77b150ef9cc4006124b4741541418f1267d1e4b4dc72,8bf288290748c1806fab77b150ef9cc4006124b4741541418f1267d1e4b4dc72,8bf288290748c1806fab77b150ef9cc4006124b4741541418f1267d1e4b4dc72,$,,8bf288290748c1806fab77b150ef9cc4006124b4741541418f1267d1e4b4dc72,8bf288290748c1806fab77b150ef9cc4006124b4741541418f1267d1e4b4dc72,"{""basis"":""ordered nested-math atom; exact symbolic replay"",""kind"":""source-target-formula-map""}"
1.1.0,formula,O007-FREMLIN-V2-S244-FORMULA-0694,O007-FREMLIN-V2-S244,O007-RIGHTS-FREMLIN-DSL,O007-FREMLIN-V2-S244-SEG-244M,694,244M,244M,816,841,28883,28902,31019,31038,u\in L^0=L^0(\mu),u\in L^0=L^0(\mu),9951f96ef89d50277b4d4307b88e61494da7334347945e6d7a4ab2aec80e2111,9951f96ef89d50277b4d4307b88e61494da7334347945e6d7a4ab2aec80e2111,2d5d39862b6f510a4893518c84b11d0b5a24a1ac94db78e5a2b1e630cedf0a54,$,,2d5d39862b6f510a4893518c84b11d0b5a24a1ac94db78e5a2b1e630cedf0a54,2d5d39862b6f510a4893518c84b11d0b5a24a1ac94db78e5a2b1e630cedf0a54,"{""basis"":""ordered nested-math atom; exact symbolic replay"",""kind"":""source-target-formula-map""}"
1.1.0,formula,O007-FREMLIN-V2-S244-FORMULA-0695,O007-FREMLIN-V2-S244,O007-RIGHTS-FREMLIN-DSL,O007-FREMLIN-V2-S244-SEG-244M,695,244M,244M,816,841,28910,28920,31047,31057,\bar\phi,\bar\phi,46a106f8db14bc914148cf4e85059aca6c37582ba24ff4eb1e799948236a4324,46a106f8db14bc914148cf4e85059aca6c37582ba24ff4eb1e799948236a4324,46a106f8db14bc914148cf4e85059aca6c37582ba24ff4eb1e799948236a4324,$,,46a106f8db14bc914148cf4e85059aca6c37582ba24ff4eb1e799948236a4324,46a106f8db14bc914148cf4e85059aca6c37582ba24ff4eb1e799948236a4324,"{""basis"":""ordered nested-math atom; exact symbolic replay"",""kind"":""source-target-formula-map""}"
1.1.0,formula,O007-FREMLIN-V2-S244-FORMULA-0696,O007-FREMLIN-V2-S244,O007-RIGHTS-FREMLIN-DSL,O007-FREMLIN-V2-S244-SEG-244M,696,244M,244M,817,842,28953,28972,31106,31125,u\in L^p=L^p(\mu),u\in L^p=L^p(\mu),ddd9994cedef4d73d9c3178661e5d983ce58e46f27b87bd0b755320a86e7814b,ddd9994cedef4d73d9c3178661e5d983ce58e46f27b87bd0b755320a86e7814b,6709864553e029a705ad16f914495afde70eafe58f9225ca25db2f9dd0793388,$,,6709864553e029a705ad16f914495afde70eafe58f9225ca25db2f9dd0793388,6709864553e029a705ad16f914495afde70eafe58f9225ca25db2f9dd0793388,"{""basis"":""ordered nested-math atom; exact symbolic replay"",""kind"":""source-target-formula-map""}"
1.1.0,formula,O007-FREMLIN-V2-S244-FORMULA-0697,O007-FREMLIN-V2-S244,O007-RIGHTS-FREMLIN-DSL,O007-FREMLIN-V2-S244-SEG-244M,697,244M,244M,817,842,28989,28999,31148,31158,u\in L^1,u\in L^1,f0879ce07c4478847dfd6d53108adf8891b10f9329db3bef8c4fd595e06ff84f,f0879ce07c4478847dfd6d53108adf8891b10f9329db3bef8c4fd595e06ff84f,06f26c12f5955420d75f7765050c9b564ffcca216f021d9faa4dc069e1aa8ea1,$,,06f26c12f5955420d75f7765050c9b564ffcca216f021d9faa4dc069e1aa8ea1,06f26c12f5955420d75f7765050c9b564ffcca216f021d9faa4dc069e1aa8ea1,"{""basis"":""ordered nested-math atom; exact symbolic replay"",""kind"":""source-target-formula-map""}"
1.1.0,formula,O007-FREMLIN-V2-S244-FORMULA-0698,O007-FREMLIN-V2-S244,O007-RIGHTS-FREMLIN-DSL,O007-FREMLIN-V2-S244-SEG-244M,698,244M,244M,818,843,29009,29046,31167,31204,|u|\le|u|^p\vee(\chi X)^{\ssbullet},|u|\le|u|^p\vee(\chi X)^{\ssbullet},29964bfad04357de19490483c50910355775da28f9e06fabf183d80949de47f3,29964bfad04357de19490483c50910355775da28f9e06fabf183d80949de47f3,5d98c4e1aab6773b71d1536b9670c48e803358dda383cab3c0be492ddf84e494,$,,5d98c4e1aab6773b71d1536b9670c48e803358dda383cab3c0be492ddf84e494,5d98c4e1aab6773b71d1536b9670c48e803358dda383cab3c0be492ddf84e494,"{""basis"":""ordered nested-math atom; exact symbolic replay"",""kind"":""source-target-formula-map""}"
1.1.0,formula,O007-FREMLIN-V2-S244-FORMULA-0699,O007-FREMLIN-V2-S244,O007-RIGHTS-FREMLIN-DSL,O007-FREMLIN-V2-S244-SEG-244M,699,244M,244M,819,844,29086,29104,31264,31282,|Pu|^p\le P|u|^p,|Pu|^p\le P|u|^p,a497e900e99db86982668907e7c084f3fd4fc89c14f513de3380aa042876068d,a497e900e99db86982668907e7c084f3fd4fc89c14f513de3380aa042876068d,ee56ddc47f669f78a3f81a646cc9478f8abf256b1521e21b53c7301a5ef8322f,$,,ee56ddc47f669f78a3f81a646cc9478f8abf256b1521e21b53c7301a5ef8322f,ee56ddc47f669f78a3f81a646cc9478f8abf256b1521e21b53c7301a5ef8322f,"{""basis"":""ordered nested-math atom; exact symbolic replay"",""kind"":""source-target-formula-map""}"
1.1.0,formula,O007-FREMLIN-V2-S244-FORMULA-0700,O007-FREMLIN-V2-S244,O007-RIGHTS-FREMLIN-DSL,O007-FREMLIN-V2-S244-SEG-244M,700,244M,244M,820,845,29128,29183,31308,31363,Pu\in L^p\cap L^1(\mu\restrp\Tau)=L^p(\mu\restrp\Tau),Pu\in L^p\cap L^1(\mu\restrp\Tau)=L^p(\mu\restrp\Tau),1bcda1398695a0daa2ca4a78c30ff378bd739a7f505ec695599170ddb4e05793,1bcda1398695a0daa2ca4a78c30ff378bd739a7f505ec695599170ddb4e05793,fce59d7c1fd28b41b51bd4c5fb7222b20fe9efa0b69f683263025854dc521c1f,$,,fce59d7c1fd28b41b51bd4c5fb7222b20fe9efa0b69f683263025854dc521c1f,fce59d7c1fd28b41b51bd4c5fb7222b20fe9efa0b69f683263025854dc521c1f,"{""basis"":""ordered nested-math atom; exact symbolic replay"",""kind"":""source-target-formula-map""}"
1.1.0,formula,O007-FREMLIN-V2-S244-FORMULA-0701,O007-FREMLIN-V2-S244,O007-RIGHTS-FREMLIN-DSL,O007-FREMLIN-V2-S244-SEG-244M,701,244M,244M,822,847,29202,29280,31382,31460,"\|Pu\|_p=(\int|Pu|^p)^{1/p}\le(\int P|u|^p)^{1/p}
=(\int|u|^p)^{1/p}=\|u\|_p","\|Pu\|_p=(\int|Pu|^p)^{1/p}\le(\int P|u|^p)^{1/p}
=(\int|u|^p)^{1/p}=\|u\|_p",a588bae15ecfb6a557c331b5297fb3deedb52e356866c335cd872951477bfee7,a588bae15ecfb6a557c331b5297fb3deedb52e356866c335cd872951477bfee7,0e2752d66f7b7e04e0f64224f7b957fa24cb34cc02657dbe300559edfc71ab15,$,,0e2752d66f7b7e04e0f64224f7b957fa24cb34cc02657dbe300559edfc71ab15,0e2752d66f7b7e04e0f64224f7b957fa24cb34cc02657dbe300559edfc71ab15,"{""basis"":""ordered nested-math atom; exact symbolic replay"",""kind"":""source-target-formula-map""}"
1.1.0,formula,O007-FREMLIN-V2-S244-FORMULA-0702,O007-FREMLIN-V2-S244,O007-RIGHTS-FREMLIN-DSL,O007-FREMLIN-V2-S244-SEG-244M,702,244M,244M,825,850,29312,29338,31503,31529,u\in L^p(\mu\restrp\Tau),u\in L^p(\mu\restrp\Tau),5b290108c5b44b99cdb6efa4e9028684071d056bdbdd3336454ff17f5c794f73,5b290108c5b44b99cdb6efa4e9028684071d056bdbdd3336454ff17f5c794f73,90760b8f72bc6499bb8ca7838481bc0d9d3ed73fdc8540f34288b025ddd15f9e,$,,90760b8f72bc6499bb8ca7838481bc0d9d3ed73fdc8540f34288b025ddd15f9e,90760b8f72bc6499bb8ca7838481bc0d9d3ed73fdc8540f34288b025ddd15f9e,"{""basis"":""ordered nested-math atom; exact symbolic replay"",""kind"":""source-target-formula-map""}"
1.1.0,formula,O007-FREMLIN-V2-S244-FORMULA-0703,O007-FREMLIN-V2-S244,O007-RIGHTS-FREMLIN-DSL,O007-FREMLIN-V2-S244-SEG-244M,703,244M,244M,826,851,29345,29351,31536,31542,Pu=u,Pu=u,bacb13e16b31e9480738fb5d1d1e0dc3c30986ed5e8a0239279c9449d41b7c21,bacb13e16b31e9480738fb5d1d1e0dc3c30986ed5e8a0239279c9449d41b7c21,bacb13e16b31e9480738fb5d1d1e0dc3c30986ed5e8a0239279c9449d41b7c21,$,,bacb13e16b31e9480738fb5d1d1e0dc3c30986ed5e8a0239279c9449d41b7c21,bacb13e16b31e9480738fb5d1d1e0dc3c30986ed5e8a0239279c9449d41b7c21,"{""basis"":""ordered nested-math atom; exact symbolic replay"",""kind"":""source-target-formula-map""}"
1.1.0,formula,O007-FREMLIN-V2-S244-FORMULA-0704,O007-FREMLIN-V2-S244,O007-RIGHTS-FREMLIN-DSL,O007-FREMLIN-V2-S244-SEG-244M,704,244M,244M,826,851,29356,29364,31553,31561,P[L^p],P[L^p],ac7ff7c649bc4aecf7e2219e5a395448c99859b75e44092d93a9b655f5b6b722,ac7ff7c649bc4aecf7e2219e5a395448c99859b75e44092d93a9b655f5b6b722,ac7ff7c649bc4aecf7e2219e5a395448c99859b75e44092d93a9b655f5b6b722,$,,ac7ff7c649bc4aecf7e2219e5a395448c99859b75e44092d93a9b655f5b6b722,ac7ff7c649bc4aecf7e2219e5a395448c99859b75e44092d93a9b655f5b6b722,"{""basis"":""ordered nested-math atom; exact symbolic replay"",""kind"":""source-target-formula-map""}"
1.1.0,formula,O007-FREMLIN-V2-S244-FORMULA-0705,O007-FREMLIN-V2-S244,O007-RIGHTS-FREMLIN-DSL,O007-FREMLIN-V2-S244-SEG-244M,705,244M,244M,826,852,29381,29402,31577,31598,L^p(\mu\restrp\Tau),L^p(\mu\restrp\Tau),dd5fa83776c1ab71eb5a9035301904f17000e048c52d1f9a19bcc1876068dd92,dd5fa83776c1ab71eb5a9035301904f17000e048c52d1f9a19bcc1876068dd92,dd5fa83776c1ab71eb5a9035301904f17000e048c52d1f9a19bcc1876068dd92,$,,dd5fa83776c1ab71eb5a9035301904f17000e048c52d1f9a19bcc1876068dd92,dd5fa83776c1ab71eb5a9035301904f17000e048c52d1f9a19bcc1876068dd92,"{""basis"":""ordered nested-math atom; exact symbolic replay"",""kind"":""source-target-formula-map""}"
1.1.0,formula,O007-FREMLIN-V2-S244-FORMULA-0706,O007-FREMLIN-V2-S244,O007-RIGHTS-FREMLIN-DSL,O007-FREMLIN-V2-S244-SEG-244N,706,244N,244N,830,856,29453,29458,31645,31650,L^2,L^2,a245919be5634c2045be143ae60cc72ed7255ab1dec02db787fafef533d07baf,a245919be5634c2045be143ae60cc72ed7255ab1dec02db787fafef533d07baf,a245919be5634c2045be143ae60cc72ed7255ab1dec02db787fafef533d07baf,$,,a245919be5634c2045be143ae60cc72ed7255ab1dec02db787fafef533d07baf,a245919be5634c2045be143ae60cc72ed7255ab1dec02db787fafef533d07baf,"{""basis"":""ordered nested-math atom; exact symbolic replay"",""kind"":""source-target-formula-map""}"
1.1.0,formula,O007-FREMLIN-V2-S244-FORMULA-0707,O007-FREMLIN-V2-S244,O007-RIGHTS-FREMLIN-DSL,O007-FREMLIN-V2-S244-SEG-244N,707,244N,244N,832,857,29540,29545,31736,31741,L^0,L^0,efb929291fb3ed4159783d57eb43e4f4183bf2aa2552acd5d70f6ebf7aa04b27,efb929291fb3ed4159783d57eb43e4f4183bf2aa2552acd5d70f6ebf7aa04b27,efb929291fb3ed4159783d57eb43e4f4183bf2aa2552acd5d70f6ebf7aa04b27,$,,efb929291fb3ed4159783d57eb43e4f4183bf2aa2552acd5d70f6ebf7aa04b27,efb929291fb3ed4159783d57eb43e4f4183bf2aa2552acd5d70f6ebf7aa04b27,"{""basis"":""ordered nested-math atom; exact symbolic replay"",""kind"":""source-target-formula-map""}"
1.1.0,formula,O007-FREMLIN-V2-S244-FORMULA-0708,O007-FREMLIN-V2-S244,O007-RIGHTS-FREMLIN-DSL,O007-FREMLIN-V2-S244-SEG-244N,708,244N,244N,832,857,29547,29552,31743,31748,L^1,L^1,9d0fbf856fe55b032eaac1d3cc54b65eb406a5231c658bf5d96c01b0eddfbee3,9d0fbf856fe55b032eaac1d3cc54b65eb406a5231c658bf5d96c01b0eddfbee3,9d0fbf856fe55b032eaac1d3cc54b65eb406a5231c658bf5d96c01b0eddfbee3,$,,9d0fbf856fe55b032eaac1d3cc54b65eb406a5231c658bf5d96c01b0eddfbee3,9d0fbf856fe55b032eaac1d3cc54b65eb406a5231c658bf5d96c01b0eddfbee3,"{""basis"":""ordered nested-math atom; exact symbolic replay"",""kind"":""source-target-formula-map""}"
1.1.0,formula,O007-FREMLIN-V2-S244-FORMULA-0709,O007-FREMLIN-V2-S244,O007-RIGHTS-FREMLIN-DSL,O007-FREMLIN-V2-S244-SEG-244N,709,244N,244N,832,857,29554,29559,31750,31755,L^2,L^2,a245919be5634c2045be143ae60cc72ed7255ab1dec02db787fafef533d07baf,a245919be5634c2045be143ae60cc72ed7255ab1dec02db787fafef533d07baf,a245919be5634c2045be143ae60cc72ed7255ab1dec02db787fafef533d07baf,$,,a245919be5634c2045be143ae60cc72ed7255ab1dec02db787fafef533d07baf,a245919be5634c2045be143ae60cc72ed7255ab1dec02db787fafef533d07baf,"{""basis"":""ordered nested-math atom; exact symbolic replay"",""kind"":""source-target-formula-map""}"
1.1.0,formula,O007-FREMLIN-V2-S244-FORMULA-0710,O007-FREMLIN-V2-S244,O007-RIGHTS-FREMLIN-DSL,O007-FREMLIN-V2-S244-SEG-244N,710,244N,244N,832,858,29564,29576,31760,31772,L^{\infty},L^{\infty},78a4126aa7bf2982d3fda504bb032af482859d41123569b379ce30447473769c,78a4126aa7bf2982d3fda504bb032af482859d41123569b379ce30447473769c,78a4126aa7bf2982d3fda504bb032af482859d41123569b379ce30447473769c,$,,78a4126aa7bf2982d3fda504bb032af482859d41123569b379ce30447473769c,78a4126aa7bf2982d3fda504bb032af482859d41123569b379ce30447473769c,"{""basis"":""ordered nested-math atom; exact symbolic replay"",""kind"":""source-target-formula-map""}"
1.1.0,formula,O007-FREMLIN-V2-S244-FORMULA-0711,O007-FREMLIN-V2-S244,O007-RIGHTS-FREMLIN-DSL,O007-FREMLIN-V2-S244-SEG-244N,711,244N,244N,833,858,29579,29584,31775,31780,L^2,L^2,a245919be5634c2045be143ae60cc72ed7255ab1dec02db787fafef533d07baf,a245919be5634c2045be143ae60cc72ed7255ab1dec02db787fafef533d07baf,a245919be5634c2045be143ae60cc72ed7255ab1dec02db787fafef533d07baf,$,,a245919be5634c2045be143ae60cc72ed7255ab1dec02db787fafef533d07baf,a245919be5634c2045be143ae60cc72ed7255ab1dec02db787fafef533d07baf,"{""basis"":""ordered nested-math atom; exact symbolic replay"",""kind"":""source-target-formula-map""}"
1.1.0,formula,O007-FREMLIN-V2-S244-FORMULA-0712,O007-FREMLIN-V2-S244,O007-RIGHTS-FREMLIN-DSL,O007-FREMLIN-V2-S244-SEG-244N,712,244N,244N,834,859,29647,29663,31841,31857,"(X,\Sigma,\mu)","(X,\Sigma,\mu)",05e9b769403b4c7926a944d5aaa03f00bb216412bc3f850e41b3c28de657aa67,05e9b769403b4c7926a944d5aaa03f00bb216412bc3f850e41b3c28de657aa67,05e9b769403b4c7926a944d5aaa03f00bb216412bc3f850e41b3c28de657aa67,$,,05e9b769403b4c7926a944d5aaa03f00bb216412bc3f850e41b3c28de657aa67,05e9b769403b4c7926a944d5aaa03f00bb216412bc3f850e41b3c28de657aa67,"{""basis"":""ordered nested-math atom; exact symbolic replay"",""kind"":""source-target-formula-map""}"
1.1.0,formula,O007-FREMLIN-V2-S244-FORMULA-0713,O007-FREMLIN-V2-S244,O007-RIGHTS-FREMLIN-DSL,O007-FREMLIN-V2-S244-SEG-244N,713,244N,244N,834,860,29689,29692,31882,31885,u,u,0bfe935e70c321c7ca3afc75ce0d0ca2f98b5422e008bb31c00c6d7f1f1c0ad6,0bfe935e70c321c7ca3afc75ce0d0ca2f98b5422e008bb31c00c6d7f1f1c0ad6,0bfe935e70c321c7ca3afc75ce0d0ca2f98b5422e008bb31c00c6d7f1f1c0ad6,$,,0bfe935e70c321c7ca3afc75ce0d0ca2f98b5422e008bb31c00c6d7f1f1c0ad6,0bfe935e70c321c7ca3afc75ce0d0ca2f98b5422e008bb31c00c6d7f1f1c0ad6,"{""basis"":""ordered nested-math atom; exact symbolic replay"",""kind"":""source-target-formula-map""}"
1.1.0,formula,O007-FREMLIN-V2-S244-FORMULA-0714,O007-FREMLIN-V2-S244,O007-RIGHTS-FREMLIN-DSL,O007-FREMLIN-V2-S244-SEG-244N,714,244N,244N,834,860,29694,29713,31887,31906,v\in L^2=L^2(\mu),v\in L^2=L^2(\mu),5d4b3d7c69514afbbf5b8c6bbda02abe6bc21f0b454597937cde9332c8ccc248,5d4b3d7c69514afbbf5b8c6bbda02abe6bc21f0b454597937cde9332c8ccc248,087c936fe02a27c44562a46cef2cb85c72f849fbe3a22dbcb66b78a082050c1f,$,,087c936fe02a27c44562a46cef2cb85c72f849fbe3a22dbcb66b78a082050c1f,087c936fe02a27c44562a46cef2cb85c72f849fbe3a22dbcb66b78a082050c1f,"{""basis"":""ordered nested-math atom; exact symbolic replay"",""kind"":""source-target-formula-map""}"
1.1.0,formula,O007-FREMLIN-V2-S244-FORMULA-0715,O007-FREMLIN-V2-S244,O007-RIGHTS-FREMLIN-DSL,O007-FREMLIN-V2-S244-SEG-244N,715,244N,244N,835,860,29719,29742,31913,31936,u\times v\in L^1(\mu),u\times v\in L^1(\mu),04526afb49f9e9c47ac06fe5c255303fdbc0f4c78f36a6489923f99f07c959d5,04526afb49f9e9c47ac06fe5c255303fdbc0f4c78f36a6489923f99f07c959d5,a9486e462a871e2bb42ebbda06db61bae00ca8b3dfce77106e843fdb5fa14737,$,,a9486e462a871e2bb42ebbda06db61bae00ca8b3dfce77106e843fdb5fa14737,a9486e462a871e2bb42ebbda06db61bae00ca8b3dfce77106e843fdb5fa14737,"{""basis"":""ordered nested-math atom; exact symbolic replay"",""kind"":""source-target-formula-map""}"
1.1.0,formula,O007-FREMLIN-V2-S244-FORMULA-0716,O007-FREMLIN-V2-S244,O007-RIGHTS-FREMLIN-DSL,O007-FREMLIN-V2-S244-SEG-244N,716,244N,244N,836,861,29779,29812,31987,32020,\innerprod{u}{v}=\int u\times v,\innerprod{u}{v}=\int u\times v,6d288c72317cc8f990198b7feec90a5dbed2bdc57d422d4029b36e3cf1345850,6d288c72317cc8f990198b7feec90a5dbed2bdc57d422d4029b36e3cf1345850,9dd86cdab734f829a370609e5e23f21125af5718a2f9f0bd34cd41ee9685106c,$,,9dd86cdab734f829a370609e5e23f21125af5718a2f9f0bd34cd41ee9685106c,9dd86cdab734f829a370609e5e23f21125af5718a2f9f0bd34cd41ee9685106c,"{""basis"":""ordered nested-math atom; exact symbolic replay"",""kind"":""source-target-formula-map""}"
1.1.0,formula,O007-FREMLIN-V2-S244-FORMULA-0717,O007-FREMLIN-V2-S244,O007-RIGHTS-FREMLIN-DSL,O007-FREMLIN-V2-S244-SEG-244N,717,244N,244N,837,862,29825,29830,32037,32042,L^2,L^2,a245919be5634c2045be143ae60cc72ed7255ab1dec02db787fafef533d07baf,a245919be5634c2045be143ae60cc72ed7255ab1dec02db787fafef533d07baf,a245919be5634c2045be143ae60cc72ed7255ab1dec02db787fafef533d07baf,$,,a245919be5634c2045be143ae60cc72ed7255ab1dec02db787fafef533d07baf,a245919be5634c2045be143ae60cc72ed7255ab1dec02db787fafef533d07baf,"{""basis"":""ordered nested-math atom; exact symbolic replay"",""kind"":""source-target-formula-map""}"
1.1.0,formula,O007-FREMLIN-V2-S244-FORMULA-0718,O007-FREMLIN-V2-S244,O007-RIGHTS-FREMLIN-DSL,O007-FREMLIN-V2-S244-SEG-244N,718,244N,244N,839,864,29890,29953,32108,32171,"\innerprod{u_1+u_2}{v}
=\innerprod{u_1}{v}+\innerprod{u_2}{v}","\innerprod{u_1+u_2}{v}
=\innerprod{u_1}{v}+\innerprod{u_2}{v}",240bd90f7fb80a73f8bc6927420086dc2224c5fe5efc1b7cc5edae10dd564b26,240bd90f7fb80a73f8bc6927420086dc2224c5fe5efc1b7cc5edae10dd564b26,cf44cc9fe0be0d5726b6d69638df71ed8868717b6707934b1da1eb43ce4bdeea,$,,cf44cc9fe0be0d5726b6d69638df71ed8868717b6707934b1da1eb43ce4bdeea,cf44cc9fe0be0d5726b6d69638df71ed8868717b6707934b1da1eb43ce4bdeea,"{""basis"":""ordered nested-math atom; exact symbolic replay"",""kind"":""source-target-formula-map""}"
1.1.0,formula,O007-FREMLIN-V2-S244-FORMULA-0719,O007-FREMLIN-V2-S244,O007-RIGHTS-FREMLIN-DSL,O007-FREMLIN-V2-S244-SEG-244N,719,244N,244N,842,867,29961,29998,32179,32216,\innerprod{cu}{v}=c\innerprod{u}{v},\innerprod{cu}{v}=c\innerprod{u}{v},d2154ad9328d583a4b340b03e042e662437fd1765f1f97b1fb3c9457208d65ba,d2154ad9328d583a4b340b03e042e662437fd1765f1f97b1fb3c9457208d65ba,d2154ad9328d583a4b340b03e042e662437fd1765f1f97b1fb3c9457208d65ba,$,,d2154ad9328d583a4b340b03e042e662437fd1765f1f97b1fb3c9457208d65ba,d2154ad9328d583a4b340b03e042e662437fd1765f1f97b1fb3c9457208d65ba,"{""basis"":""ordered nested-math atom; exact symbolic replay"",""kind"":""source-target-formula-map""}"
1.1.0,formula,O007-FREMLIN-V2-S244-FORMULA-0720,O007-FREMLIN-V2-S244,O007-RIGHTS-FREMLIN-DSL,O007-FREMLIN-V2-S244-SEG-244N,720,244N,244N,844,869,30006,30041,32224,32259,\innerprod{u}{v}=\innerprod{v}{u},\innerprod{u}{v}=\innerprod{v}{u},b6f4f42275f79752f3b31adc1c1aa4077ac9c21da25a48c11fc3ebf3108e9b90,b6f4f42275f79752f3b31adc1c1aa4077ac9c21da25a48c11fc3ebf3108e9b90,b6f4f42275f79752f3b31adc1c1aa4077ac9c21da25a48c11fc3ebf3108e9b90,$,,b6f4f42275f79752f3b31adc1c1aa4077ac9c21da25a48c11fc3ebf3108e9b90,b6f4f42275f79752f3b31adc1c1aa4077ac9c21da25a48c11fc3ebf3108e9b90,"{""basis"":""ordered nested-math atom; exact symbolic replay"",""kind"":""source-target-formula-map""}"
1.1.0,formula,O007-FREMLIN-V2-S244-FORMULA-0721,O007-FREMLIN-V2-S244,O007-RIGHTS-FREMLIN-DSL,O007-FREMLIN-V2-S244-SEG-244N,721,244N,244N,846,871,30057,30080,32275,32298,\innerprod{u}{u}\ge 0,\innerprod{u}{u}\ge 0,740319ec9e0c543b747040820584b4b4a2c35e2ba84048f007f70e008c9ca77a,740319ec9e0c543b747040820584b4b4a2c35e2ba84048f007f70e008c9ca77a,a493e1ae870730993ce9fcd232fa0a6a6228056094d9a89aa33a1b94ea23fd82,$,,a493e1ae870730993ce9fcd232fa0a6a6228056094d9a89aa33a1b94ea23fd82,a493e1ae870730993ce9fcd232fa0a6a6228056094d9a89aa33a1b94ea23fd82,"{""basis"":""ordered nested-math atom; exact symbolic replay"",""kind"":""source-target-formula-map""}"
1.1.0,formula,O007-FREMLIN-V2-S244-FORMULA-0722,O007-FREMLIN-V2-S244,O007-RIGHTS-FREMLIN-DSL,O007-FREMLIN-V2-S244-SEG-244N,722,244N,244N,847,872,30088,30093,32306,32311,u=0,u=0,953a947a0a53b228142b57831935a639b7fb7deae9d3192750598cd54f5cad24,953a947a0a53b228142b57831935a639b7fb7deae9d3192750598cd54f5cad24,953a947a0a53b228142b57831935a639b7fb7deae9d3192750598cd54f5cad24,$,,953a947a0a53b228142b57831935a639b7fb7deae9d3192750598cd54f5cad24,953a947a0a53b228142b57831935a639b7fb7deae9d3192750598cd54f5cad24,"{""basis"":""ordered nested-math atom; exact symbolic replay"",""kind"":""source-target-formula-map""}"
1.1.0,formula,O007-FREMLIN-V2-S244-FORMULA-0723,O007-FREMLIN-V2-S244,O007-RIGHTS-FREMLIN-DSL,O007-FREMLIN-V2-S244-SEG-244N,723,244N,244N,847,872,30103,30123,32324,32344,\innerprod{u}{u}=0,\innerprod{u}{u}=0,48e253a8c049376b0c736a8070bdfa00bf0c9ae9dc283080faa31c0d951b72cb,48e253a8c049376b0c736a8070bdfa00bf0c9ae9dc283080faa31c0d951b72cb,48e253a8c049376b0c736a8070bdfa00bf0c9ae9dc283080faa31c0d951b72cb,$,,48e253a8c049376b0c736a8070bdfa00bf0c9ae9dc283080faa31c0d951b72cb,48e253a8c049376b0c736a8070bdfa00bf0c9ae9dc283080faa31c0d951b72cb,"{""basis"":""ordered nested-math atom; exact symbolic replay"",""kind"":""source-target-formula-map""}"
1.1.0,formula,O007-FREMLIN-V2-S244-FORMULA-0724,O007-FREMLIN-V2-S244,O007-RIGHTS-FREMLIN-DSL,O007-FREMLIN-V2-S244-SEG-244N,724,244N,244N,849,874,30144,30147,32369,32372,u,u,0bfe935e70c321c7ca3afc75ce0d0ca2f98b5422e008bb31c00c6d7f1f1c0ad6,0bfe935e70c321c7ca3afc75ce0d0ca2f98b5422e008bb31c00c6d7f1f1c0ad6,0bfe935e70c321c7ca3afc75ce0d0ca2f98b5422e008bb31c00c6d7f1f1c0ad6,$,,0bfe935e70c321c7ca3afc75ce0d0ca2f98b5422e008bb31c00c6d7f1f1c0ad6,0bfe935e70c321c7ca3afc75ce0d0ca2f98b5422e008bb31c00c6d7f1f1c0ad6,"{""basis"":""ordered nested-math atom; exact symbolic replay"",""kind"":""source-target-formula-map""}"
1.1.0,formula,O007-FREMLIN-V2-S244-FORMULA-0725,O007-FREMLIN-V2-S244,O007-RIGHTS-FREMLIN-DSL,O007-FREMLIN-V2-S244-SEG-244N,725,244N,244N,849,874,30149,30154,32374,32379,u_1,u_1,2308f29635998d1d5004c48d48d834a4fa8a5e40089fb3f4190c1740d9529960,2308f29635998d1d5004c48d48d834a4fa8a5e40089fb3f4190c1740d9529960,2308f29635998d1d5004c48d48d834a4fa8a5e40089fb3f4190c1740d9529960,$,,2308f29635998d1d5004c48d48d834a4fa8a5e40089fb3f4190c1740d9529960,2308f29635998d1d5004c48d48d834a4fa8a5e40089fb3f4190c1740d9529960,"{""basis"":""ordered nested-math atom; exact symbolic replay"",""kind"":""source-target-formula-map""}"
1.1.0,formula,O007-FREMLIN-V2-S244-FORMULA-0726,O007-FREMLIN-V2-S244,O007-RIGHTS-FREMLIN-DSL,O007-FREMLIN-V2-S244-SEG-244N,726,244N,244N,849,874,30156,30161,32381,32386,u_2,u_2,2f97c9046c1a4c7aaf4ccc2bf9715aae4c4f36c08a44214b4cb9f4f0809d94be,2f97c9046c1a4c7aaf4ccc2bf9715aae4c4f36c08a44214b4cb9f4f0809d94be,2f97c9046c1a4c7aaf4ccc2bf9715aae4c4f36c08a44214b4cb9f4f0809d94be,$,,2f97c9046c1a4c7aaf4ccc2bf9715aae4c4f36c08a44214b4cb9f4f0809d94be,2f97c9046c1a4c7aaf4ccc2bf9715aae4c4f36c08a44214b4cb9f4f0809d94be,"{""basis"":""ordered nested-math atom; exact symbolic replay"",""kind"":""source-target-formula-map""}"
1.1.0,formula,O007-FREMLIN-V2-S244-FORMULA-0727,O007-FREMLIN-V2-S244,O007-RIGHTS-FREMLIN-DSL,O007-FREMLIN-V2-S244-SEG-244N,727,244N,244N,849,874,30163,30173,32388,32398,v\in L^2,v\in L^2,02bec9cb294e2f70e823dbad1d64f2fb69601612c50cee9029bb37705e0d9d4f,02bec9cb294e2f70e823dbad1d64f2fb69601612c50cee9029bb37705e0d9d4f,6100dd9424e4bdc4acdf097edc1a0d649794c706ab8748d883c20169aeb69ede,$,,6100dd9424e4bdc4acdf097edc1a0d649794c706ab8748d883c20169aeb69ede,6100dd9424e4bdc4acdf097edc1a0d649794c706ab8748d883c20169aeb69ede,"{""basis"":""ordered nested-math atom; exact symbolic replay"",""kind"":""source-target-formula-map""}"
1.1.0,formula,O007-FREMLIN-V2-S244-FORMULA-0728,O007-FREMLIN-V2-S244,O007-RIGHTS-FREMLIN-DSL,O007-FREMLIN-V2-S244-SEG-244N,728,244N,244N,849,874,30178,30190,32403,32415,c\in\Bbb R,c\in\Bbb R,365f5ce487f10d724b33ca913e9f2aff3456a3c2ba87d35652de7cf350ca3be0,365f5ce487f10d724b33ca913e9f2aff3456a3c2ba87d35652de7cf350ca3be0,94bc9d92c15c2e8afaebffdcd5145690aa18e8d3436bad14ca833f19d17e6977,$,,94bc9d92c15c2e8afaebffdcd5145690aa18e8d3436bad14ca833f19d17e6977,94bc9d92c15c2e8afaebffdcd5145690aa18e8d3436bad14ca833f19d17e6977,"{""basis"":""ordered nested-math atom; exact symbolic replay"",""kind"":""source-target-formula-map""}"
1.1.0,formula,O007-FREMLIN-V2-S244-FORMULA-0729,O007-FREMLIN-V2-S244,O007-RIGHTS-FREMLIN-DSL,O007-FREMLIN-V2-S244-SEG-244N,729,244N,244N,850,875,30206,30216,32431,32441,"\|\,\|_2","\|\,\|_2",ff3a9d0555763828019a2ccd4951ebfbc6f9fae9298b4d29202895446baef998,ff3a9d0555763828019a2ccd4951ebfbc6f9fae9298b4d29202895446baef998,ff3a9d0555763828019a2ccd4951ebfbc6f9fae9298b4d29202895446baef998,$,,ff3a9d0555763828019a2ccd4951ebfbc6f9fae9298b4d29202895446baef998,ff3a9d0555763828019a2ccd4951ebfbc6f9fae9298b4d29202895446baef998,"{""basis"":""ordered nested-math atom; exact symbolic replay"",""kind"":""source-target-formula-map""}"
1.1.0,formula,O007-FREMLIN-V2-S244-FORMULA-0730,O007-FREMLIN-V2-S244,O007-RIGHTS-FREMLIN-DSL,O007-FREMLIN-V2-S244-SEG-244N,730,244N,244N,851,876,30256,30289,32486,32519,\|u\|_2=\sqrt{\innerprod{u}{u}},\|u\|_2=\sqrt{\innerprod{u}{u}},09db38b528755f264f505eaeea0ed8fbb5be90cf3ca24fcf9f1ab14220215b63,09db38b528755f264f505eaeea0ed8fbb5be90cf3ca24fcf9f1ab14220215b63,09db38b528755f264f505eaeea0ed8fbb5be90cf3ca24fcf9f1ab14220215b63,$,,09db38b528755f264f505eaeea0ed8fbb5be90cf3ca24fcf9f1ab14220215b63,09db38b528755f264f505eaeea0ed8fbb5be90cf3ca24fcf9f1ab14220215b63,"{""basis"":""ordered nested-math atom; exact symbolic replay"",""kind"":""source-target-formula-map""}"
1.1.0,formula,O007-FREMLIN-V2-S244-FORMULA-0731,O007-FREMLIN-V2-S244,O007-RIGHTS-FREMLIN-DSL,O007-FREMLIN-V2-S244-SEG-244N,731,244N,244N,852,876,30299,30309,32532,32542,u\in L^2,u\in L^2,c480623755853bfdd95326e0ef9ba71a5fe86b37541701f9175caf8339a5311e,c480623755853bfdd95326e0ef9ba71a5fe86b37541701f9175caf8339a5311e,a1ac63e46658ba49a499cd2e11dc785837897a329f6f5fbb1f7b80dd2a1e8cc4,$,,a1ac63e46658ba49a499cd2e11dc785837897a329f6f5fbb1f7b80dd2a1e8cc4,a1ac63e46658ba49a499cd2e11dc785837897a329f6f5fbb1f7b80dd2a1e8cc4,"{""basis"":""ordered nested-math atom; exact symbolic replay"",""kind"":""source-target-formula-map""}"
1.1.0,formula,O007-FREMLIN-V2-S244-FORMULA-0732,O007-FREMLIN-V2-S244,O007-RIGHTS-FREMLIN-DSL,O007-FREMLIN-V2-S244-SEG-244N,732,244N,244N,852,877,30331,30336,32561,32566,L^2,L^2,a245919be5634c2045be143ae60cc72ed7255ab1dec02db787fafef533d07baf,a245919be5634c2045be143ae60cc72ed7255ab1dec02db787fafef533d07baf,a245919be5634c2045be143ae60cc72ed7255ab1dec02db787fafef533d07baf,$,,a245919be5634c2045be143ae60cc72ed7255ab1dec02db787fafef533d07baf,a245919be5634c2045be143ae60cc72ed7255ab1dec02db787fafef533d07baf,"{""basis"":""ordered nested-math atom; exact symbolic replay"",""kind"":""source-target-formula-map""}"
1.1.0,formula,O007-FREMLIN-V2-S244-FORMULA-0733,O007-FREMLIN-V2-S244,O007-RIGHTS-FREMLIN-DSL,O007-FREMLIN-V2-S244-SEG-244N,733,244N,244N,858,882,30573,30589,32841,32857,\eusm L^2(\mu),\eusm L^2(\mu),8ed0a15b844bbf616dd5c6d3168a574709d5e2bdc0bd81c453ff946a4409d15e,8ed0a15b844bbf616dd5c6d3168a574709d5e2bdc0bd81c453ff946a4409d15e,501959d6c22542e7f48ecb694e75b91e7c6b87cce8797134444e42cac22d2da4,$,,501959d6c22542e7f48ecb694e75b91e7c6b87cce8797134444e42cac22d2da4,501959d6c22542e7f48ecb694e75b91e7c6b87cce8797134444e42cac22d2da4,"{""basis"":""ordered nested-math atom; exact symbolic replay"",""kind"":""source-target-formula-map""}"
1.1.0,formula,O007-FREMLIN-V2-S244-FORMULA-0734,O007-FREMLIN-V2-S244,O007-RIGHTS-FREMLIN-DSL,O007-FREMLIN-V2-S244-SEG-244NB,734,244Nb,244Nb,861,885,30675,30680,32940,32945,L^2,L^2,a245919be5634c2045be143ae60cc72ed7255ab1dec02db787fafef533d07baf,a245919be5634c2045be143ae60cc72ed7255ab1dec02db787fafef533d07baf,a245919be5634c2045be143ae60cc72ed7255ab1dec02db787fafef533d07baf,$,,a245919be5634c2045be143ae60cc72ed7255ab1dec02db787fafef533d07baf,a245919be5634c2045be143ae60cc72ed7255ab1dec02db787fafef533d07baf,"{""basis"":""ordered nested-math atom; exact symbolic replay"",""kind"":""source-target-formula-map""}"
1.1.0,formula,O007-FREMLIN-V2-S244-FORMULA-0735,O007-FREMLIN-V2-S244,O007-RIGHTS-FREMLIN-DSL,O007-FREMLIN-V2-S244-SEG-244NB,735,244Nb,244Nb,861,885,30689,30705,32957,32973,"(X,\Sigma,\mu)","(X,\Sigma,\mu)",05e9b769403b4c7926a944d5aaa03f00bb216412bc3f850e41b3c28de657aa67,05e9b769403b4c7926a944d5aaa03f00bb216412bc3f850e41b3c28de657aa67,05e9b769403b4c7926a944d5aaa03f00bb216412bc3f850e41b3c28de657aa67,$,,05e9b769403b4c7926a944d5aaa03f00bb216412bc3f850e41b3c28de657aa67,05e9b769403b4c7926a944d5aaa03f00bb216412bc3f850e41b3c28de657aa67,"{""basis"":""ordered nested-math atom; exact symbolic replay"",""kind"":""source-target-formula-map""}"
1.1.0,formula,O007-FREMLIN-V2-S244-FORMULA-0736,O007-FREMLIN-V2-S244,O007-RIGHTS-FREMLIN-DSL,O007-FREMLIN-V2-S244-SEG-244NB,736,244Nb,244Nb,862,886,30730,30736,33000,33006,\Tau,\Tau,a34699b8745d985590df162103fdf28f3ec3426d7f12ca80a1b9c6f87686099a,a34699b8745d985590df162103fdf28f3ec3426d7f12ca80a1b9c6f87686099a,a34699b8745d985590df162103fdf28f3ec3426d7f12ca80a1b9c6f87686099a,$,,a34699b8745d985590df162103fdf28f3ec3426d7f12ca80a1b9c6f87686099a,a34699b8745d985590df162103fdf28f3ec3426d7f12ca80a1b9c6f87686099a,"{""basis"":""ordered nested-math atom; exact symbolic replay"",""kind"":""source-target-formula-map""}"
1.1.0,formula,O007-FREMLIN-V2-S244-FORMULA-0737,O007-FREMLIN-V2-S244,O007-RIGHTS-FREMLIN-DSL,O007-FREMLIN-V2-S244-SEG-244NB,737,244Nb,244Nb,862,886,30739,30747,33024,33032,\sigma,\sigma,9c3245dfb4ac54c1623a60e7b8d1fc07cb02eae1229435230c7dab5e71083a26,9c3245dfb4ac54c1623a60e7b8d1fc07cb02eae1229435230c7dab5e71083a26,9c3245dfb4ac54c1623a60e7b8d1fc07cb02eae1229435230c7dab5e71083a26,$,,9c3245dfb4ac54c1623a60e7b8d1fc07cb02eae1229435230c7dab5e71083a26,9c3245dfb4ac54c1623a60e7b8d1fc07cb02eae1229435230c7dab5e71083a26,"{""basis"":""ordered nested-math atom; exact symbolic replay"",""kind"":""source-target-formula-map""}"
1.1.0,formula,O007-FREMLIN-V2-S244-FORMULA-0738,O007-FREMLIN-V2-S244,O007-RIGHTS-FREMLIN-DSL,O007-FREMLIN-V2-S244-SEG-244NB,738,244Nb,244Nb,862,886,30762,30770,33038,33046,\Sigma,\Sigma,d65d75b1e6562713a3936bb38fdfe6832fb5b96c946de58f7ce0992057665aa8,d65d75b1e6562713a3936bb38fdfe6832fb5b96c946de58f7ce0992057665aa8,d65d75b1e6562713a3936bb38fdfe6832fb5b96c946de58f7ce0992057665aa8,$,,d65d75b1e6562713a3936bb38fdfe6832fb5b96c946de58f7ce0992057665aa8,d65d75b1e6562713a3936bb38fdfe6832fb5b96c946de58f7ce0992057665aa8,"{""basis"":""ordered nested-math atom; exact symbolic replay"",""kind"":""source-target-formula-map""}"
1.1.0,formula,O007-FREMLIN-V2-S244-FORMULA-0739,O007-FREMLIN-V2-S244,O007-RIGHTS-FREMLIN-DSL,O007-FREMLIN-V2-S244-SEG-244NB,739,244Nb,244Nb,863,887,30776,30828,33052,33104,P:L^1=L^1(\mu)\to L^1(\mu\restrp\Tau)\subseteq L^1,P:L^1=L^1(\mu)\to L^1(\mu\restrp\Tau)\subseteq L^1,286799b053bfd26c4349d1227196caf9e4250e59a6d9324ba67145e2aa8c798d,286799b053bfd26c4349d1227196caf9e4250e59a6d9324ba67145e2aa8c798d,ca8991efcb62cee802b3332b08c1eb6f21c1e7d0f572bf1596419d943e44cac3,$,,ca8991efcb62cee802b3332b08c1eb6f21c1e7d0f572bf1596419d943e44cac3,ca8991efcb62cee802b3332b08c1eb6f21c1e7d0f572bf1596419d943e44cac3,"{""basis"":""ordered nested-math atom; exact symbolic replay"",""kind"":""source-target-formula-map""}"
1.1.0,formula,O007-FREMLIN-V2-S244-FORMULA-0740,O007-FREMLIN-V2-S244,O007-RIGHTS-FREMLIN-DSL,O007-FREMLIN-V2-S244-SEG-244NB,740,244Nb,244Nb,864,888,30888,30909,33153,33174,P[L^2]\subseteq L^2,P[L^2]\subseteq L^2,56ae3e07b1f164225291b13a18380c75744f45e4bcf09a7c25674f2412715dfe,56ae3e07b1f164225291b13a18380c75744f45e4bcf09a7c25674f2412715dfe,b0a226b5cc5f746b314fdd08aa3e11ba14f1f9bec71fee01ce775213b951341c,$,,b0a226b5cc5f746b314fdd08aa3e11ba14f1f9bec71fee01ce775213b951341c,b0a226b5cc5f746b314fdd08aa3e11ba14f1f9bec71fee01ce775213b951341c,"{""basis"":""ordered nested-math atom; exact symbolic replay"",""kind"":""source-target-formula-map""}"
1.1.0,formula,O007-FREMLIN-V2-S244-FORMULA-0741,O007-FREMLIN-V2-S244,O007-RIGHTS-FREMLIN-DSL,O007-FREMLIN-V2-S244-SEG-244NB,741,244Nb,244Nb,865,889,30917,30931,33183,33197,L^2=L^2(\mu),L^2=L^2(\mu),85353a43e2059793f428563b2434093281fcfe1690a5847f5cc12d6634f7af0a,85353a43e2059793f428563b2434093281fcfe1690a5847f5cc12d6634f7af0a,85353a43e2059793f428563b2434093281fcfe1690a5847f5cc12d6634f7af0a,$,,85353a43e2059793f428563b2434093281fcfe1690a5847f5cc12d6634f7af0a,85353a43e2059793f428563b2434093281fcfe1690a5847f5cc12d6634f7af0a,"{""basis"":""ordered nested-math atom; exact symbolic replay"",""kind"":""source-target-formula-map""}"
1.1.0,formula,O007-FREMLIN-V2-S244-FORMULA-0742,O007-FREMLIN-V2-S244,O007-RIGHTS-FREMLIN-DSL,O007-FREMLIN-V2-S244-SEG-244NB,742,244Nb,244Nb,866,890,30971,30988,33253,33270,P_2=P\restr L^2,P_2=P\restr L^2,ed1b0a6c1793cced2a070b12db0a076bb51b8c5f92eb066dfa766b8fbb3192d3,ed1b0a6c1793cced2a070b12db0a076bb51b8c5f92eb066dfa766b8fbb3192d3,e10ad41888c8e1c4727ba864aadd7353e9ca184a13ea2a110efe71d5174fc1e1,$,,e10ad41888c8e1c4727ba864aadd7353e9ca184a13ea2a110efe71d5174fc1e1,e10ad41888c8e1c4727ba864aadd7353e9ca184a13ea2a110efe71d5174fc1e1,"{""basis"":""ordered nested-math atom; exact symbolic replay"",""kind"":""source-target-formula-map""}"
1.1.0,formula,O007-FREMLIN-V2-S244-FORMULA-0743,O007-FREMLIN-V2-S244,O007-RIGHTS-FREMLIN-DSL,O007-FREMLIN-V2-S244-SEG-244NB,743,244Nb,244Nb,867,890,30994,30999,33276,33281,L^2,L^2,a245919be5634c2045be143ae60cc72ed7255ab1dec02db787fafef533d07baf,a245919be5634c2045be143ae60cc72ed7255ab1dec02db787fafef533d07baf,a245919be5634c2045be143ae60cc72ed7255ab1dec02db787fafef533d07baf,$,,a245919be5634c2045be143ae60cc72ed7255ab1dec02db787fafef533d07baf,a245919be5634c2045be143ae60cc72ed7255ab1dec02db787fafef533d07baf,"{""basis"":""ordered nested-math atom; exact symbolic replay"",""kind"":""source-target-formula-map""}"
1.1.0,formula,O007-FREMLIN-V2-S244-FORMULA-0744,O007-FREMLIN-V2-S244,O007-RIGHTS-FREMLIN-DSL,O007-FREMLIN-V2-S244-SEG-244NB,744,244Nb,244Nb,867,890,31017,31022,33311,33316,P_2,P_2,c5e705958e40c3bdac7ee7ea97157d3c6aa5f645623b738fb4f188f5ab481da5,c5e705958e40c3bdac7ee7ea97157d3c6aa5f645623b738fb4f188f5ab481da5,c5e705958e40c3bdac7ee7ea97157d3c6aa5f645623b738fb4f188f5ab481da5,$,,c5e705958e40c3bdac7ee7ea97157d3c6aa5f645623b738fb4f188f5ab481da5,c5e705958e40c3bdac7ee7ea97157d3c6aa5f645623b738fb4f188f5ab481da5,"{""basis"":""ordered nested-math atom; exact symbolic replay"",""kind"":""source-target-formula-map""}"
1.1.0,formula,O007-FREMLIN-V2-S244-FORMULA-0745,O007-FREMLIN-V2-S244,O007-RIGHTS-FREMLIN-DSL,O007-FREMLIN-V2-S244-SEG-244NB,745,244Nb,244Nb,868,892,31069,31095,33366,33392,"\{u:u\in L^2,\,\int_Fu=0","\{u:u\in L^2,\,\int_Fu=0",82645dbea60f9b6887c98a96c61430472fdad5e11567772362c8df4f27c4c6b1,82645dbea60f9b6887c98a96c61430472fdad5e11567772362c8df4f27c4c6b1,4297fd435af8786c321ade54da08b4dd18ba2391813086a37a65dacbff42e632,$,,4297fd435af8786c321ade54da08b4dd18ba2391813086a37a65dacbff42e632,4297fd435af8786c321ade54da08b4dd18ba2391813086a37a65dacbff42e632,"{""basis"":""ordered nested-math atom; exact symbolic replay"",""kind"":""source-target-formula-map""}"
1.1.0,formula,O007-FREMLIN-V2-S244-FORMULA-0746,O007-FREMLIN-V2-S244,O007-RIGHTS-FREMLIN-DSL,O007-FREMLIN-V2-S244-SEG-244NB,746,244Nb,244Nb,868,892,31106,31118,33406,33418,F\in\Tau\},F\in\Tau\},6625ae27551fe95c48d9b1c80dcc2cb6fc0f1a25e157d76ef325c6e9eb878564,6625ae27551fe95c48d9b1c80dcc2cb6fc0f1a25e157d76ef325c6e9eb878564,6625ae27551fe95c48d9b1c80dcc2cb6fc0f1a25e157d76ef325c6e9eb878564,$,,6625ae27551fe95c48d9b1c80dcc2cb6fc0f1a25e157d76ef325c6e9eb878564,6625ae27551fe95c48d9b1c80dcc2cb6fc0f1a25e157d76ef325c6e9eb878564,"{""basis"":""ordered nested-math atom; exact symbolic replay"",""kind"":""source-target-formula-map""}"
1.1.0,formula,O007-FREMLIN-V2-S244-FORMULA-0747,O007-FREMLIN-V2-S244,O007-RIGHTS-FREMLIN-DSL,O007-FREMLIN-V2-S244-SEG-244NB,747,244Nb,244Nb,869,893,31143,31153,33445,33455,u\in L^1,u\in L^1,f0879ce07c4478847dfd6d53108adf8891b10f9329db3bef8c4fd595e06ff84f,f0879ce07c4478847dfd6d53108adf8891b10f9329db3bef8c4fd595e06ff84f,06f26c12f5955420d75f7765050c9b564ffcca216f021d9faa4dc069e1aa8ea1,$,,06f26c12f5955420d75f7765050c9b564ffcca216f021d9faa4dc069e1aa8ea1,06f26c12f5955420d75f7765050c9b564ffcca216f021d9faa4dc069e1aa8ea1,"{""basis"":""ordered nested-math atom; exact symbolic replay"",""kind"":""source-target-formula-map""}"
1.1.0,formula,O007-FREMLIN-V2-S244-FORMULA-0748,O007-FREMLIN-V2-S244,O007-RIGHTS-FREMLIN-DSL,O007-FREMLIN-V2-S244-SEG-244NB,748,244Nb,244Nb,869,893,31159,31165,33462,33468,Pu=0,Pu=0,6046e99ba3b7bd3588c4b2b3addfd9b9825bb2183c61e3feb488ac32db33a039,6046e99ba3b7bd3588c4b2b3addfd9b9825bb2183c61e3feb488ac32db33a039,6046e99ba3b7bd3588c4b2b3addfd9b9825bb2183c61e3feb488ac32db33a039,$,,6046e99ba3b7bd3588c4b2b3addfd9b9825bb2183c61e3feb488ac32db33a039,6046e99ba3b7bd3588c4b2b3addfd9b9825bb2183c61e3feb488ac32db33a039,"{""basis"":""ordered nested-math atom; exact symbolic replay"",""kind"":""source-target-formula-map""}"
1.1.0,formula,O007-FREMLIN-V2-S244-FORMULA-0749,O007-FREMLIN-V2-S244,O007-RIGHTS-FREMLIN-DSL,O007-FREMLIN-V2-S244-SEG-244NB,749,244Nb,244Nb,869,894,31170,31181,33489,33500,\int_Fu=0,\int_Fu=0,66718ea98cace0fb8c29e8e3f4512cad296b9cf1c7308915dc3438713ded351d,66718ea98cace0fb8c29e8e3f4512cad296b9cf1c7308915dc3438713ded351d,66718ea98cace0fb8c29e8e3f4512cad296b9cf1c7308915dc3438713ded351d,$,,66718ea98cace0fb8c29e8e3f4512cad296b9cf1c7308915dc3438713ded351d,66718ea98cace0fb8c29e8e3f4512cad296b9cf1c7308915dc3438713ded351d,"{""basis"":""ordered nested-math atom; exact symbolic replay"",""kind"":""source-target-formula-map""}"
1.1.0,formula,O007-FREMLIN-V2-S244-FORMULA-0750,O007-FREMLIN-V2-S244,O007-RIGHTS-FREMLIN-DSL,O007-FREMLIN-V2-S244-SEG-244NB,750,244Nb,244Nb,870,894,31192,31202,33514,33524,F\in\Tau,F\in\Tau,1c89dd885b17d49d2d61b2430cf1f8956e6b04ce6f3295ea1c11ffbf00b7fb98,1c89dd885b17d49d2d61b2430cf1f8956e6b04ce6f3295ea1c11ffbf00b7fb98,1c89dd885b17d49d2d61b2430cf1f8956e6b04ce6f3295ea1c11ffbf00b7fb98,$,,1c89dd885b17d49d2d61b2430cf1f8956e6b04ce6f3295ea1c11ffbf00b7fb98,1c89dd885b17d49d2d61b2430cf1f8956e6b04ce6f3295ea1c11ffbf00b7fb98,"{""basis"":""ordered nested-math atom; exact symbolic replay"",""kind"":""source-target-formula-map""}"
1.1.0,formula,O007-FREMLIN-V2-S244-FORMULA-0751,O007-FREMLIN-V2-S244,O007-RIGHTS-FREMLIN-DSL,O007-FREMLIN-V2-S244-SEG-244NB,751,244Nb,244Nb,870,895,31242,31247,33563,33568,P_2,P_2,c5e705958e40c3bdac7ee7ea97157d3c6aa5f645623b738fb4f188f5ab481da5,c5e705958e40c3bdac7ee7ea97157d3c6aa5f645623b738fb4f188f5ab481da5,c5e705958e40c3bdac7ee7ea97157d3c6aa5f645623b738fb4f188f5ab481da5,$,,c5e705958e40c3bdac7ee7ea97157d3c6aa5f645623b738fb4f188f5ab481da5,c5e705958e40c3bdac7ee7ea97157d3c6aa5f645623b738fb4f188f5ab481da5,"{""basis"":""ordered nested-math atom; exact symbolic replay"",""kind"":""source-target-formula-map""}"
1.1.0,formula,O007-FREMLIN-V2-S244-FORMULA-0752,O007-FREMLIN-V2-S244,O007-RIGHTS-FREMLIN-DSL,O007-FREMLIN-V2-S244-SEG-244NB,752,244Nb,244Nb,871,895,31283,31290,33613,33620,P^2=P,P^2=P,085b5c033f42a8d80838f2868885dbe5f4da875f92828281575548a8c749a17f,085b5c033f42a8d80838f2868885dbe5f4da875f92828281575548a8c749a17f,085b5c033f42a8d80838f2868885dbe5f4da875f92828281575548a8c749a17f,$,,085b5c033f42a8d80838f2868885dbe5f4da875f92828281575548a8c749a17f,085b5c033f42a8d80838f2868885dbe5f4da875f92828281575548a8c749a17f,"{""basis"":""ordered nested-math atom; exact symbolic replay"",""kind"":""source-target-formula-map""}"
1.1.0,formula,O007-FREMLIN-V2-S244-FORMULA-0753,O007-FREMLIN-V2-S244,O007-RIGHTS-FREMLIN-DSL,O007-FREMLIN-V2-S244-SEG-244NB,753,244Nb,244Nb,871,895,31292,31297,33622,33627,P_2,P_2,c5e705958e40c3bdac7ee7ea97157d3c6aa5f645623b738fb4f188f5ab481da5,c5e705958e40c3bdac7ee7ea97157d3c6aa5f645623b738fb4f188f5ab481da5,c5e705958e40c3bdac7ee7ea97157d3c6aa5f645623b738fb4f188f5ab481da5,$,,c5e705958e40c3bdac7ee7ea97157d3c6aa5f645623b738fb4f188f5ab481da5,c5e705958e40c3bdac7ee7ea97157d3c6aa5f645623b738fb4f188f5ab481da5,"{""basis"":""ordered nested-math atom; exact symbolic replay"",""kind"":""source-target-formula-map""}"
1.1.0,formula,O007-FREMLIN-V2-S244-FORMULA-0754,O007-FREMLIN-V2-S244,O007-RIGHTS-FREMLIN-DSL,O007-FREMLIN-V2-S244-SEG-244NB,754,244Nb,244Nb,872,896,31329,31334,33666,33671,P_2,P_2,c5e705958e40c3bdac7ee7ea97157d3c6aa5f645623b738fb4f188f5ab481da5,c5e705958e40c3bdac7ee7ea97157d3c6aa5f645623b738fb4f188f5ab481da5,c5e705958e40c3bdac7ee7ea97157d3c6aa5f645623b738fb4f188f5ab481da5,$,,c5e705958e40c3bdac7ee7ea97157d3c6aa5f645623b738fb4f188f5ab481da5,c5e705958e40c3bdac7ee7ea97157d3c6aa5f645623b738fb4f188f5ab481da5,"{""basis"":""ordered nested-math atom; exact symbolic replay"",""kind"":""source-target-formula-map""}"
1.1.0,formula,O007-FREMLIN-V2-S244-FORMULA-0755,O007-FREMLIN-V2-S244,O007-RIGHTS-FREMLIN-DSL,O007-FREMLIN-V2-S244-SEG-244NB,755,244Nb,244Nb,872,896,31352,31355,33701,33704,1,1,6b86b273ff34fce19d6b804eff5a3f5747ada4eaa22f1d49c01e52ddb7875b4b,6b86b273ff34fce19d6b804eff5a3f5747ada4eaa22f1d49c01e52ddb7875b4b,6b86b273ff34fce19d6b804eff5a3f5747ada4eaa22f1d49c01e52ddb7875b4b,$,,6b86b273ff34fce19d6b804eff5a3f5747ada4eaa22f1d49c01e52ddb7875b4b,6b86b273ff34fce19d6b804eff5a3f5747ada4eaa22f1d49c01e52ddb7875b4b,"{""basis"":""ordered nested-math atom; exact symbolic replay"",""kind"":""source-target-formula-map""}"
1.1.0,formula,O007-FREMLIN-V2-S244-FORMULA-0756,O007-FREMLIN-V2-S244,O007-RIGHTS-FREMLIN-DSL,O007-FREMLIN-V2-S244-SEG-244NB,756,244Nb,244Nb,874,899,31406,31463,33750,33807,"U=P_2[L^2]=L^2(\mu\restrp\Tau)
=\{u:u\in L^2,\,P_2u=u\}","U=P_2[L^2]=L^2(\mu\restrp\Tau)
=\{u:u\in L^2,\,P_2u=u\}",030117dccd417013bee309789b7cb9be63450fa55da2a57d76a32cb181191fc0,030117dccd417013bee309789b7cb9be63450fa55da2a57d76a32cb181191fc0,4cf0074c464cd483afaad0ed20d120e1e8526c5a1140d879ff010d4886d232fb,$,,4cf0074c464cd483afaad0ed20d120e1e8526c5a1140d879ff010d4886d232fb,4cf0074c464cd483afaad0ed20d120e1e8526c5a1140d879ff010d4886d232fb,"{""basis"":""ordered nested-math atom; exact symbolic replay"",""kind"":""source-target-formula-map""}"
1.1.0,formula,O007-FREMLIN-V2-S244-FORMULA-0757,O007-FREMLIN-V2-S244,O007-RIGHTS-FREMLIN-DSL,O007-FREMLIN-V2-S244-SEG-244NB,757,244Nb,244Nb,875,900,31469,31485,33813,33829,V=\{u:P_2u=0\},V=\{u:P_2u=0\},aea9b8efd702a1a94375e744a3620e492980f7d5416554f27ccd12013d49ba57,aea9b8efd702a1a94375e744a3620e492980f7d5416554f27ccd12013d49ba57,aea9b8efd702a1a94375e744a3620e492980f7d5416554f27ccd12013d49ba57,$,,aea9b8efd702a1a94375e744a3620e492980f7d5416554f27ccd12013d49ba57,aea9b8efd702a1a94375e744a3620e492980f7d5416554f27ccd12013d49ba57,"{""basis"":""ordered nested-math atom; exact symbolic replay"",""kind"":""source-target-formula-map""}"
1.1.0,formula,O007-FREMLIN-V2-S244-FORMULA-0758,O007-FREMLIN-V2-S244,O007-RIGHTS-FREMLIN-DSL,O007-FREMLIN-V2-S244-SEG-244NB,758,244Nb,244Nb,877,902,31529,31534,33891,33896,L^2,L^2,a245919be5634c2045be143ae60cc72ed7255ab1dec02db787fafef533d07baf,a245919be5634c2045be143ae60cc72ed7255ab1dec02db787fafef533d07baf,a245919be5634c2045be143ae60cc72ed7255ab1dec02db787fafef533d07baf,$,,a245919be5634c2045be143ae60cc72ed7255ab1dec02db787fafef533d07baf,a245919be5634c2045be143ae60cc72ed7255ab1dec02db787fafef533d07baf,"{""basis"":""ordered nested-math atom; exact symbolic replay"",""kind"":""source-target-formula-map""}"
1.1.0,formula,O007-FREMLIN-V2-S244-FORMULA-0759,O007-FREMLIN-V2-S244,O007-RIGHTS-FREMLIN-DSL,O007-FREMLIN-V2-S244-SEG-244NB,759,244Nb,244Nb,878,903,31545,31560,33917,33932,U\oplus V=L^2,U\oplus V=L^2,d1fedbcd391a9d644787d834f88c4902e1753ff516d6d38dc4c0edc9d68a1a94,d1fedbcd391a9d644787d834f88c4902e1753ff516d6d38dc4c0edc9d68a1a94,d2e544b6948ccb65d0500b5aff3862f2424d94c2f6c5c2ecbadf624b44bf2fd4,$,,d2e544b6948ccb65d0500b5aff3862f2424d94c2f6c5c2ecbadf624b44bf2fd4,d2e544b6948ccb65d0500b5aff3862f2424d94c2f6c5c2ecbadf624b44bf2fd4,"{""basis"":""ordered nested-math atom; exact symbolic replay"",""kind"":""source-target-formula-map""}"
1.1.0,formula,O007-FREMLIN-V2-S244-FORMULA-0760,O007-FREMLIN-V2-S244,O007-RIGHTS-FREMLIN-DSL,O007-FREMLIN-V2-S244-SEG-244NB,760,244Nb,244Nb,879,904,31585,31593,33958,33966,u\in U,u\in U,f5003b08066c86ea81216c666fc17a71413b0926de9d78ecfa80fe78eb1fb52e,f5003b08066c86ea81216c666fc17a71413b0926de9d78ecfa80fe78eb1fb52e,3204c5a05d7faa27d93954b1f45c112c0dbc4c619eb3bf1f3fab151bc0d72689,$,,3204c5a05d7faa27d93954b1f45c112c0dbc4c619eb3bf1f3fab151bc0d72689,3204c5a05d7faa27d93954b1f45c112c0dbc4c619eb3bf1f3fab151bc0d72689,"{""basis"":""ordered nested-math atom; exact symbolic replay"",""kind"":""source-target-formula-map""}"
1.1.0,formula,O007-FREMLIN-V2-S244-FORMULA-0761,O007-FREMLIN-V2-S244,O007-RIGHTS-FREMLIN-DSL,O007-FREMLIN-V2-S244-SEG-244NB,761,244Nb,244Nb,879,904,31598,31606,33971,33979,v\in V,v\in V,5635dbab273b2a4cbdf6cc7d05103fe160a05899eddedf17dfda463545a8af23,5635dbab273b2a4cbdf6cc7d05103fe160a05899eddedf17dfda463545a8af23,35055cc71487e65fce760fb13aa65678313b85db6e4a4ce8cdc1bff9fcc58c78,$,,35055cc71487e65fce760fb13aa65678313b85db6e4a4ce8cdc1bff9fcc58c78,35055cc71487e65fce760fb13aa65678313b85db6e4a4ce8cdc1bff9fcc58c78,"{""basis"":""ordered nested-math atom; exact symbolic replay"",""kind"":""source-target-formula-map""}"
1.1.0,formula,O007-FREMLIN-V2-S244-FORMULA-0762,O007-FREMLIN-V2-S244,O007-RIGHTS-FREMLIN-DSL,O007-FREMLIN-V2-S244-SEG-244NB,762,244Nb,244Nb,879,904,31615,31628,33986,33999,P|v|\in L^2,P|v|\in L^2,212d9019bed47c57ea4f91adbdda1f6df372daa9267144f7738f638800f920d7,212d9019bed47c57ea4f91adbdda1f6df372daa9267144f7738f638800f920d7,4b6a2bfb67c539109f0a04a78ad4a84d57b7883c9c11a9211d50fa79d61c6150,$,,4b6a2bfb67c539109f0a04a78ad4a84d57b7883c9c11a9211d50fa79d61c6150,4b6a2bfb67c539109f0a04a78ad4a84d57b7883c9c11a9211d50fa79d61c6150,"{""basis"":""ordered nested-math atom; exact symbolic replay"",""kind"":""source-target-formula-map""}"
1.1.0,formula,O007-FREMLIN-V2-S244-FORMULA-0763,O007-FREMLIN-V2-S244,O007-RIGHTS-FREMLIN-DSL,O007-FREMLIN-V2-S244-SEG-244NB,763,244Nb,244Nb,880,905,31633,31654,34010,34031,u\times P|v|\in L^1,u\times P|v|\in L^1,bf97b3a21d26c97ca4e74c7fd87bb17a05cda42097dafccb8c3c13771f205b04,bf97b3a21d26c97ca4e74c7fd87bb17a05cda42097dafccb8c3c13771f205b04,5ccbc640367f6bb3e04310674e74e0fe3d2f1c21116fe620304a3915d1800267,$,,5ccbc640367f6bb3e04310674e74e0fe3d2f1c21116fe620304a3915d1800267,5ccbc640367f6bb3e04310674e74e0fe3d2f1c21116fe620304a3915d1800267,"{""basis"":""ordered nested-math atom; exact symbolic replay"",""kind"":""source-target-formula-map""}"
1.1.0,formula,O007-FREMLIN-V2-S244-FORMULA-0764,O007-FREMLIN-V2-S244,O007-RIGHTS-FREMLIN-DSL,O007-FREMLIN-V2-S244-SEG-244NB,764,244Nb,244Nb,880,905,31659,31684,34036,34061,P(u\times v)=u\times Pv,P(u\times v)=u\times Pv,4195a502ced14b45c45c1b998fa25510fb442cd8d0ce9bc846078e26be055ced,4195a502ced14b45c45c1b998fa25510fb442cd8d0ce9bc846078e26be055ced,b2d8eb860f677fa9e1bf642da4dcb50059fc7ae42d0ee7f34b14f4103ec6a713,$,,b2d8eb860f677fa9e1bf642da4dcb50059fc7ae42d0ee7f34b14f4103ec6a713,b2d8eb860f677fa9e1bf642da4dcb50059fc7ae42d0ee7f34b14f4103ec6a713,"{""basis"":""ordered nested-math atom; exact symbolic replay"",""kind"":""source-target-formula-map""}"
1.1.0,formula,O007-FREMLIN-V2-S244-FORMULA-0765,O007-FREMLIN-V2-S244,O007-RIGHTS-FREMLIN-DSL,O007-FREMLIN-V2-S244-SEG-244NB,765,244Nb,244Nb,883,908,31720,31790,34106,34176,"\innerprod{u}{v}=\int u\times v
=\int P(u\times v)=\int u\times Pv=0","\innerprod{u}{v}=\int u\times v
=\int P(u\times v)=\int u\times Pv=0",8da54d8f22110a252d532991c0a8ef5e0fd400d602c31b8e555603a6243b8b98,8da54d8f22110a252d532991c0a8ef5e0fd400d602c31b8e555603a6243b8b98,46afdcf31dac90ee56945342cae84e578fae51fc9bdde5b2b93cee114cc84718,$,,46afdcf31dac90ee56945342cae84e578fae51fc9bdde5b2b93cee114cc84718,46afdcf31dac90ee56945342cae84e578fae51fc9bdde5b2b93cee114cc84718,"{""basis"":""ordered nested-math atom; exact symbolic replay"",""kind"":""source-target-formula-map""}"
1.1.0,formula,O007-FREMLIN-V2-S244-FORMULA-0766,O007-FREMLIN-V2-S244,O007-RIGHTS-FREMLIN-DSL,O007-FREMLIN-V2-S244-SEG-244NB,766,244Nb,244Nb,886,911,31809,31812,34195,34198,U,U,a25513c7e0f6eaa80a3337ee18081b9e2ed09e00af8531c8f7bb2542764027e7,a25513c7e0f6eaa80a3337ee18081b9e2ed09e00af8531c8f7bb2542764027e7,a25513c7e0f6eaa80a3337ee18081b9e2ed09e00af8531c8f7bb2542764027e7,$,,a25513c7e0f6eaa80a3337ee18081b9e2ed09e00af8531c8f7bb2542764027e7,a25513c7e0f6eaa80a3337ee18081b9e2ed09e00af8531c8f7bb2542764027e7,"{""basis"":""ordered nested-math atom; exact symbolic replay"",""kind"":""source-target-formula-map""}"
1.1.0,formula,O007-FREMLIN-V2-S244-FORMULA-0767,O007-FREMLIN-V2-S244,O007-RIGHTS-FREMLIN-DSL,O007-FREMLIN-V2-S244-SEG-244NB,767,244Nb,244Nb,886,911,31817,31820,34203,34206,V,V,de5a6f78116eca62d7fc5ce159d23ae6b889b365a1739ad2cf36f925a140d0cc,de5a6f78116eca62d7fc5ce159d23ae6b889b365a1739ad2cf36f925a140d0cc,de5a6f78116eca62d7fc5ce159d23ae6b889b365a1739ad2cf36f925a140d0cc,$,,de5a6f78116eca62d7fc5ce159d23ae6b889b365a1739ad2cf36f925a140d0cc,de5a6f78116eca62d7fc5ce159d23ae6b889b365a1739ad2cf36f925a140d0cc,"{""basis"":""ordered nested-math atom; exact symbolic replay"",""kind"":""source-target-formula-map""}"
1.1.0,formula,O007-FREMLIN-V2-S244-FORMULA-0768,O007-FREMLIN-V2-S244,O007-RIGHTS-FREMLIN-DSL,O007-FREMLIN-V2-S244-SEG-244NB,768,244Nb,244Nb,886,911,31849,31854,34241,34246,L^2,L^2,a245919be5634c2045be143ae60cc72ed7255ab1dec02db787fafef533d07baf,a245919be5634c2045be143ae60cc72ed7255ab1dec02db787fafef533d07baf,a245919be5634c2045be143ae60cc72ed7255ab1dec02db787fafef533d07baf,$,,a245919be5634c2045be143ae60cc72ed7255ab1dec02db787fafef533d07baf,a245919be5634c2045be143ae60cc72ed7255ab1dec02db787fafef533d07baf,"{""basis"":""ordered nested-math atom; exact symbolic replay"",""kind"":""source-target-formula-map""}"
1.1.0,formula,O007-FREMLIN-V2-S244-FORMULA-0769,O007-FREMLIN-V2-S244,O007-RIGHTS-FREMLIN-DSL,O007-FREMLIN-V2-S244-SEG-244NB,769,244Nb,244Nb,887,912,31893,31898,34289,34294,P_2,P_2,c5e705958e40c3bdac7ee7ea97157d3c6aa5f645623b738fb4f188f5ab481da5,c5e705958e40c3bdac7ee7ea97157d3c6aa5f645623b738fb4f188f5ab481da5,c5e705958e40c3bdac7ee7ea97157d3c6aa5f645623b738fb4f188f5ab481da5,$,,c5e705958e40c3bdac7ee7ea97157d3c6aa5f645623b738fb4f188f5ab481da5,c5e705958e40c3bdac7ee7ea97157d3c6aa5f645623b738fb4f188f5ab481da5,"{""basis"":""ordered nested-math atom; exact symbolic replay"",""kind"":""source-target-formula-map""}"
1.1.0,formula,O007-FREMLIN-V2-S244-FORMULA-0770,O007-FREMLIN-V2-S244,O007-RIGHTS-FREMLIN-DSL,O007-FREMLIN-V2-S244-SEG-244NB,770,244Nb,244Nb,888,914,31992,31995,34403,34406,1,1,6b86b273ff34fce19d6b804eff5a3f5747ada4eaa22f1d49c01e52ddb7875b4b,6b86b273ff34fce19d6b804eff5a3f5747ada4eaa22f1d49c01e52ddb7875b4b,6b86b273ff34fce19d6b804eff5a3f5747ada4eaa22f1d49c01e52ddb7875b4b,$,,6b86b273ff34fce19d6b804eff5a3f5747ada4eaa22f1d49c01e52ddb7875b4b,6b86b273ff34fce19d6b804eff5a3f5747ada4eaa22f1d49c01e52ddb7875b4b,"{""basis"":""ordered nested-math atom; exact symbolic replay"",""kind"":""source-target-formula-map""}"
1.1.0,formula,O007-FREMLIN-V2-S244-FORMULA-0771,O007-FREMLIN-V2-S244,O007-RIGHTS-FREMLIN-DSL,O007-FREMLIN-V2-S244-SEG-244O,771,*244O,*244O,894,919,32167,32172,34592,34597,L^p,L^p,0de1bee007df208a54c85a6cf3aa6c06e2a922620965a43478a0496c27e05aa0,0de1bee007df208a54c85a6cf3aa6c06e2a922620965a43478a0496c27e05aa0,0de1bee007df208a54c85a6cf3aa6c06e2a922620965a43478a0496c27e05aa0,$,,0de1bee007df208a54c85a6cf3aa6c06e2a922620965a43478a0496c27e05aa0,0de1bee007df208a54c85a6cf3aa6c06e2a922620965a43478a0496c27e05aa0,"{""basis"":""ordered nested-math atom; exact symbolic replay"",""kind"":""source-target-formula-map""}"
1.1.0,formula,O007-FREMLIN-V2-S244-FORMULA-0772,O007-FREMLIN-V2-S244,O007-RIGHTS-FREMLIN-DSL,O007-FREMLIN-V2-S244-SEG-244O,772,*244O,*244O,901,926,32397,32419,34822,34844,"p\in\ooint{1,\infty}","p\in\ooint{1,\infty}",b26ec130e99a291da75f46354a0a86a5b604537ec8e83ade5c90b74f8a59770e,b26ec130e99a291da75f46354a0a86a5b604537ec8e83ade5c90b74f8a59770e,b26ec130e99a291da75f46354a0a86a5b604537ec8e83ade5c90b74f8a59770e,$,,b26ec130e99a291da75f46354a0a86a5b604537ec8e83ade5c90b74f8a59770e,b26ec130e99a291da75f46354a0a86a5b604537ec8e83ade5c90b74f8a59770e,"{""basis"":""ordered nested-math atom; exact symbolic replay"",""kind"":""source-target-formula-map""}"
1.1.0,formula,O007-FREMLIN-V2-S244-FORMULA-0773,O007-FREMLIN-V2-S244,O007-RIGHTS-FREMLIN-DSL,O007-FREMLIN-V2-S244-SEG-244O,773,*244O,*244O,901,926,32424,32440,34849,34865,"(X,\Sigma,\mu)","(X,\Sigma,\mu)",05e9b769403b4c7926a944d5aaa03f00bb216412bc3f850e41b3c28de657aa67,05e9b769403b4c7926a944d5aaa03f00bb216412bc3f850e41b3c28de657aa67,05e9b769403b4c7926a944d5aaa03f00bb216412bc3f850e41b3c28de657aa67,$,,05e9b769403b4c7926a944d5aaa03f00bb216412bc3f850e41b3c28de657aa67,05e9b769403b4c7926a944d5aaa03f00bb216412bc3f850e41b3c28de657aa67,"{""basis"":""ordered nested-math atom; exact symbolic replay"",""kind"":""source-target-formula-map""}"
1.1.0,formula,O007-FREMLIN-V2-S244-FORMULA-0774,O007-FREMLIN-V2-S244,O007-RIGHTS-FREMLIN-DSL,O007-FREMLIN-V2-S244-SEG-244O,774,*244O,*244O,902,927,32468,32482,34889,34903,L^p=L^p(\mu),L^p=L^p(\mu),1ea982c00e9dad7ac8855a329033f766d411984c96df15f7be848c4de3e4f193,1ea982c00e9dad7ac8855a329033f766d411984c96df15f7be848c4de3e4f193,1ea982c00e9dad7ac8855a329033f766d411984c96df15f7be848c4de3e4f193,$,,1ea982c00e9dad7ac8855a329033f766d411984c96df15f7be848c4de3e4f193,1ea982c00e9dad7ac8855a329033f766d411984c96df15f7be848c4de3e4f193,"{""basis"":""ordered nested-math atom; exact symbolic replay"",""kind"":""source-target-formula-map""}"
1.1.0,formula,O007-FREMLIN-V2-S244-FORMULA-0775,O007-FREMLIN-V2-S244,O007-RIGHTS-FREMLIN-DSL,O007-FREMLIN-V2-S244-SEG-244O,775,*244O,*244O,909,933,32603,32613,35019,35029,0<t\le 1,0<t\le 1,2ac3a67694380f8ee1c5edb809a8df6fae27542f3045d039864bf57fcb0dea5d,2ac3a67694380f8ee1c5edb809a8df6fae27542f3045d039864bf57fcb0dea5d,27653a1fe7989b021690222cdeb39c6c143f2e4d4f76358101235f84867d4a80,$,,27653a1fe7989b021690222cdeb39c6c143f2e4d4f76358101235f84867d4a80,27653a1fe7989b021690222cdeb39c6c143f2e4d4f76358101235f84867d4a80,"{""basis"":""ordered nested-math atom; exact symbolic replay"",""kind"":""source-target-formula-map""}"
1.1.0,formula,O007-FREMLIN-V2-S244-FORMULA-0776,O007-FREMLIN-V2-S244,O007-RIGHTS-FREMLIN-DSL,O007-FREMLIN-V2-S244-SEG-244O,776,*244O,*244O,909,933,32618,32621,35034,35037,a,a,ca978112ca1bbdcafac231b39a23dc4da786eff8147c4e72b9807785afee48bb,ca978112ca1bbdcafac231b39a23dc4da786eff8147c4e72b9807785afee48bb,ca978112ca1bbdcafac231b39a23dc4da786eff8147c4e72b9807785afee48bb,$,,ca978112ca1bbdcafac231b39a23dc4da786eff8147c4e72b9807785afee48bb,ca978112ca1bbdcafac231b39a23dc4da786eff8147c4e72b9807785afee48bb,"{""basis"":""ordered nested-math atom; exact symbolic replay"",""kind"":""source-target-formula-map""}"
1.1.0,formula,O007-FREMLIN-V2-S244-FORMULA-0777,O007-FREMLIN-V2-S244,O007-RIGHTS-FREMLIN-DSL,O007-FREMLIN-V2-S244-SEG-244O,777,*244O,*244O,909,933,32623,32635,35039,35051,b\in\Bbb R,b\in\Bbb R,e1e59af8f16ba3e6f0c913dd4c313121f218777c1013ca372ad854fa984bc0af,e1e59af8f16ba3e6f0c913dd4c313121f218777c1013ca372ad854fa984bc0af,acf1a3309af82edc7b05470aff44b905151892a4d56ab8c2a95aea53e9b64c33,$,,acf1a3309af82edc7b05470aff44b905151892a4d56ab8c2a95aea53e9b64c33,acf1a3309af82edc7b05470aff44b905151892a4d56ab8c2a95aea53e9b64c33,"{""basis"":""ordered nested-math atom; exact symbolic replay"",""kind"":""source-target-formula-map""}"
1.1.0,formula,O007-FREMLIN-V2-S244-FORMULA-0778,O007-FREMLIN-V2-S244,O007-RIGHTS-FREMLIN-DSL,O007-FREMLIN-V2-S244-SEG-244O,778,*244O,*244O,911,935,32654,32689,35075,35110,\phi_0(t)=(1+t)^{p-1}+(1-t)^{p-1},\phi_0(t)=(1+t)^{p-1}+(1-t)^{p-1},4acacecbaac9ac79571020fa3eeecc0caa334995970aa61b0e858aff742a35d3,4acacecbaac9ac79571020fa3eeecc0caa334995970aa61b0e858aff742a35d3,4acacecbaac9ac79571020fa3eeecc0caa334995970aa61b0e858aff742a35d3,$,,4acacecbaac9ac79571020fa3eeecc0caa334995970aa61b0e858aff742a35d3,4acacecbaac9ac79571020fa3eeecc0caa334995970aa61b0e858aff742a35d3,"{""basis"":""ordered nested-math atom; exact symbolic replay"",""kind"":""source-target-formula-map""}"
1.1.0,formula,O007-FREMLIN-V2-S244-FORMULA-0779,O007-FREMLIN-V2-S244,O007-RIGHTS-FREMLIN-DSL,O007-FREMLIN-V2-S244-SEG-244O,779,*244O,*244O,913,937,32705,32796,35126,35217,"\phi_1(t)=\Bover{(1+t)^{p-1}-(1-t)^{p-1}}{t^{p-1}}
=(\Bover1t+1)^{p-1}-(\Bover1t-1)^{p-1}","\phi_1(t)=\Bover{(1+t)^{p-1}-(1-t)^{p-1}}{t^{p-1}}
=(\Bover1t+1)^{p-1}-(\Bover1t-1)^{p-1}",788d76ed0e5467928bec6551dac293af1c1f018252da008701619348e09e9d12,788d76ed0e5467928bec6551dac293af1c1f018252da008701619348e09e9d12,e2c28ddcb5c26b510b19306617ad7ca8a033ca0be9c49a2210ff0bfb31ea3752,$,,e2c28ddcb5c26b510b19306617ad7ca8a033ca0be9c49a2210ff0bfb31ea3752,e2c28ddcb5c26b510b19306617ad7ca8a033ca0be9c49a2210ff0bfb31ea3752,"{""basis"":""ordered nested-math atom; exact symbolic replay"",""kind"":""source-target-formula-map""}"
1.1.0,formula,O007-FREMLIN-V2-S244-FORMULA-0780,O007-FREMLIN-V2-S244,O007-RIGHTS-FREMLIN-DSL,O007-FREMLIN-V2-S244-SEG-244O,780,*244O,*244O,916,940,32812,32856,35233,35277,\psi_{ab}(t)=|a|^p\phi_0(t)+|b|^p\phi_1(t),\psi_{ab}(t)=|a|^p\phi_0(t)+|b|^p\phi_1(t),c72bce4fe1faf1dd5b6f764463f9add17b051aebe221aa97308b650de39d6906,c72bce4fe1faf1dd5b6f764463f9add17b051aebe221aa97308b650de39d6906,c72bce4fe1faf1dd5b6f764463f9add17b051aebe221aa97308b650de39d6906,$,,c72bce4fe1faf1dd5b6f764463f9add17b051aebe221aa97308b650de39d6906,c72bce4fe1faf1dd5b6f764463f9add17b051aebe221aa97308b650de39d6906,"{""basis"":""ordered nested-math atom; exact symbolic replay"",""kind"":""source-target-formula-map""}"
1.1.0,formula,O007-FREMLIN-V2-S244-FORMULA-0781,O007-FREMLIN-V2-S244,O007-RIGHTS-FREMLIN-DSL,O007-FREMLIN-V2-S244-SEG-244O,781,*244O,*244O,918,942,32872,32899,35293,35320,\phi_2(b)=(1+b)^p+|1-b|^p,\phi_2(b)=(1+b)^p+|1-b|^p,39dd09986e16448c90179ebe5c0eda616a0e513fe9301ad76c675fe19b09b9b8,39dd09986e16448c90179ebe5c0eda616a0e513fe9301ad76c675fe19b09b9b8,39dd09986e16448c90179ebe5c0eda616a0e513fe9301ad76c675fe19b09b9b8,$,,39dd09986e16448c90179ebe5c0eda616a0e513fe9301ad76c675fe19b09b9b8,39dd09986e16448c90179ebe5c0eda616a0e513fe9301ad76c675fe19b09b9b8,"{""basis"":""ordered nested-math atom; exact symbolic replay"",""kind"":""source-target-formula-map""}"
1.1.0,formula,O007-FREMLIN-V2-S244-FORMULA-0782,O007-FREMLIN-V2-S244,O007-RIGHTS-FREMLIN-DSL,O007-FREMLIN-V2-S244-SEG-244O,782,*244O,*244O,924,948,32938,33239,35366,35671,"\eqalignno{\phi_0'(t)
&=(p-1)((1+t)^{p-2}-(1-t)^{p-2}),\text{ which has the same sign as }p-2,\cr
\noalign{\noindent (of course it is zero if $p=2$),}
\phi_1'(t)
&=-\Bover{p-1}{t^2}((\Bover1t-1)^{p-2}-(\Bover1t-1)^{p-2})\cr
&=-\Bover{p-1}{t^p}((1+t)^{p-2}-(1-t)^{p-2})
=-\Bover1{t^p}\phi_0'(t)\cr}","\eqalignno{\phi_0'(t)
&=(p-1)((1+t)^{p-2}-(1-t)^{p-2}),\text{ yang bertanda sama dengan }p-2,\cr
\noalign{\noindent (tentu saja nilainya nol jika $p=2$),}
\phi_1'(t)
&=-\Bover{p-1}{t^2}((\Bover1t+1)^{p-2}-(\Bover1t-1)^{p-2})\cr
&=-\Bover{p-1}{t^p}((1+t)^{p-2}-(1-t)^{p-2})
=-\Bover1{t^p}\phi_0'(t)\cr}",a7ad33376af49f6817d7612f625497e629eb236072ac67cca92b48b0c4b1b818,52f756eb020681c1da7cb41d45541a04b0e9c01d08512b87ccb5cce6a4413c80,347a4a69815026cfddc3adf1097828385225166af3e3d841af6247a63377e7fa,$$,"[""O007-CORR-0130""]",f74ec2606d5230a1dbbfc4550af7125b84b8828fdc88211827f16c7f9a1581aa,347a4a69815026cfddc3adf1097828385225166af3e3d841af6247a63377e7fa,"{""basis"":""ordered nested-math atom; ledgered source correction"",""kind"":""source-target-formula-map""}"
1.1.0,formula,O007-FREMLIN-V2-S244-FORMULA-0783,O007-FREMLIN-V2-S244,O007-RIGHTS-FREMLIN-DSL,O007-FREMLIN-V2-S244-SEG-244O,783,*244O,*244O,932,956,33261,33278,35696,35713,"t\in\ooint{0,1}","t\in\ooint{0,1}",f8b1af7a74d4f6f9a5e27c1fd166a9cfa31aa69153af013c3a31310f7e126fbf,f8b1af7a74d4f6f9a5e27c1fd166a9cfa31aa69153af013c3a31310f7e126fbf,f8b1af7a74d4f6f9a5e27c1fd166a9cfa31aa69153af013c3a31310f7e126fbf,$,,f8b1af7a74d4f6f9a5e27c1fd166a9cfa31aa69153af013c3a31310f7e126fbf,f8b1af7a74d4f6f9a5e27c1fd166a9cfa31aa69153af013c3a31310f7e126fbf,"{""basis"":""ordered nested-math atom; exact symbolic replay"",""kind"":""source-target-formula-map""}"
1.1.0,formula,O007-FREMLIN-V2-S244-FORMULA-0784,O007-FREMLIN-V2-S244,O007-RIGHTS-FREMLIN-DSL,O007-FREMLIN-V2-S244-SEG-244O,784,*244O,*244O,932,957,33294,33311,35731,35748,\phi_0'-\phi_1',\phi_0'-\phi_1',dab368ebb666c422196ff51c09bcac66a486749364d1f372303451fea6781a60,dab368ebb666c422196ff51c09bcac66a486749364d1f372303451fea6781a60,dab368ebb666c422196ff51c09bcac66a486749364d1f372303451fea6781a60,$,,dab368ebb666c422196ff51c09bcac66a486749364d1f372303451fea6781a60,dab368ebb666c422196ff51c09bcac66a486749364d1f372303451fea6781a60,"{""basis"":""ordered nested-math atom; exact symbolic replay"",""kind"":""source-target-formula-map""}"
1.1.0,formula,O007-FREMLIN-V2-S244-FORMULA-0785,O007-FREMLIN-V2-S244,O007-RIGHTS-FREMLIN-DSL,O007-FREMLIN-V2-S244-SEG-244O,785,*244O,*244O,933,957,33333,33338,35782,35787,p-2,p-2,b97db4a9f43296157fb1a5d38cebdac478d0e91ed7b8dc1ae2effe1e29e64354,b97db4a9f43296157fb1a5d38cebdac478d0e91ed7b8dc1ae2effe1e29e64354,b97db4a9f43296157fb1a5d38cebdac478d0e91ed7b8dc1ae2effe1e29e64354,$,,b97db4a9f43296157fb1a5d38cebdac478d0e91ed7b8dc1ae2effe1e29e64354,b97db4a9f43296157fb1a5d38cebdac478d0e91ed7b8dc1ae2effe1e29e64354,"{""basis"":""ordered nested-math atom; exact symbolic replay"",""kind"":""source-target-formula-map""}"
1.1.0,formula,O007-FREMLIN-V2-S244-FORMULA-0786,O007-FREMLIN-V2-S244,O007-RIGHTS-FREMLIN-DSL,O007-FREMLIN-V2-S244-SEG-244O,786,*244O,*244O,933,958,33353,33366,35806,35819,"\ooint{0,1}","\ooint{0,1}",4215d0329c68e6668620c121330ad01709aaa87b680b9a6c2cf32f8b250d9254,4215d0329c68e6668620c121330ad01709aaa87b680b9a6c2cf32f8b250d9254,4215d0329c68e6668620c121330ad01709aaa87b680b9a6c2cf32f8b250d9254,$,,4215d0329c68e6668620c121330ad01709aaa87b680b9a6c2cf32f8b250d9254,4215d0329c68e6668620c121330ad01709aaa87b680b9a6c2cf32f8b250d9254,"{""basis"":""ordered nested-math atom; exact symbolic replay"",""kind"":""source-target-formula-map""}"
1.1.0,formula,O007-FREMLIN-V2-S244-FORMULA-0787,O007-FREMLIN-V2-S244,O007-RIGHTS-FREMLIN-DSL,O007-FREMLIN-V2-S244-SEG-244O,787,*244O,*244O,935,960,33388,33417,35846,35875,\phi_0(1)=2^{p-1}=\phi_1(1),\phi_0(1)=2^{p-1}=\phi_1(1),8bfbe3bec70412d849f9d2eb30f098c3e8cfec88b14da941e02a6f9848101e46,8bfbe3bec70412d849f9d2eb30f098c3e8cfec88b14da941e02a6f9848101e46,8bfbe3bec70412d849f9d2eb30f098c3e8cfec88b14da941e02a6f9848101e46,$,,8bfbe3bec70412d849f9d2eb30f098c3e8cfec88b14da941e02a6f9848101e46,8bfbe3bec70412d849f9d2eb30f098c3e8cfec88b14da941e02a6f9848101e46,"{""basis"":""ordered nested-math atom; exact symbolic replay"",""kind"":""source-target-formula-map""}"
1.1.0,formula,O007-FREMLIN-V2-S244-FORMULA-0788,O007-FREMLIN-V2-S244,O007-RIGHTS-FREMLIN-DSL,O007-FREMLIN-V2-S244-SEG-244O,788,*244O,*244O,937,962,33434,33449,35898,35913,\phi_0-\phi_1,\phi_0-\phi_1,d3c2b592744a244019d80bcfe554cb33b1f814a59d06d27908ee5a803fc34212,d3c2b592744a244019d80bcfe554cb33b1f814a59d06d27908ee5a803fc34212,d3c2b592744a244019d80bcfe554cb33b1f814a59d06d27908ee5a803fc34212,$,,d3c2b592744a244019d80bcfe554cb33b1f814a59d06d27908ee5a803fc34212,d3c2b592744a244019d80bcfe554cb33b1f814a59d06d27908ee5a803fc34212,"{""basis"":""ordered nested-math atom; exact symbolic replay"",""kind"":""source-target-formula-map""}"
1.1.0,formula,O007-FREMLIN-V2-S244-FORMULA-0789,O007-FREMLIN-V2-S244,O007-RIGHTS-FREMLIN-DSL,O007-FREMLIN-V2-S244-SEG-244O,789,*244O,*244O,937,963,33471,33476,35947,35952,2-p,2-p,7737191203098ac0b5f66a021c2bd00930ca8c45af25252bf8d4f474f2086b84,7737191203098ac0b5f66a021c2bd00930ca8c45af25252bf8d4f474f2086b84,7737191203098ac0b5f66a021c2bd00930ca8c45af25252bf8d4f474f2086b84,$,,7737191203098ac0b5f66a021c2bd00930ca8c45af25252bf8d4f474f2086b84,7737191203098ac0b5f66a021c2bd00930ca8c45af25252bf8d4f474f2086b84,"{""basis"":""ordered nested-math atom; exact symbolic replay"",""kind"":""source-target-formula-map""}"
1.1.0,formula,O007-FREMLIN-V2-S244-FORMULA-0790,O007-FREMLIN-V2-S244,O007-RIGHTS-FREMLIN-DSL,O007-FREMLIN-V2-S244-SEG-244O,790,*244O,*244O,938,963,33491,33504,35971,35984,"\ocint{0,1}","\ocint{0,1}",5abc0dcccb97d6d7fc163ed5da168c779e768444910857245914d79698bb1f3b,5abc0dcccb97d6d7fc163ed5da168c779e768444910857245914d79698bb1f3b,5abc0dcccb97d6d7fc163ed5da168c779e768444910857245914d79698bb1f3b,$,,5abc0dcccb97d6d7fc163ed5da168c779e768444910857245914d79698bb1f3b,5abc0dcccb97d6d7fc163ed5da168c779e768444910857245914d79698bb1f3b,"{""basis"":""ordered nested-math atom; exact symbolic replay"",""kind"":""source-target-formula-map""}"
1.1.0,formula,O007-FREMLIN-V2-S244-FORMULA-0791,O007-FREMLIN-V2-S244,O007-RIGHTS-FREMLIN-DSL,O007-FREMLIN-V2-S244-SEG-244O,791,*244O,*244O,942,967,33534,33542,36014,36022,\phi_2,\phi_2,69c13435fecd680ee3fcc783ff9a137264b39f792b6ea6ffffd6a99488b6b5a5,69c13435fecd680ee3fcc783ff9a137264b39f792b6ea6ffffd6a99488b6b5a5,69c13435fecd680ee3fcc783ff9a137264b39f792b6ea6ffffd6a99488b6b5a5,$,,69c13435fecd680ee3fcc783ff9a137264b39f792b6ea6ffffd6a99488b6b5a5,69c13435fecd680ee3fcc783ff9a137264b39f792b6ea6ffffd6a99488b6b5a5,"{""basis"":""ordered nested-math atom; exact symbolic replay"",""kind"":""source-target-formula-map""}"
1.1.0,formula,O007-FREMLIN-V2-S244-FORMULA-0792,O007-FREMLIN-V2-S244,O007-RIGHTS-FREMLIN-DSL,O007-FREMLIN-V2-S244-SEG-244O,792,*244O,*244O,942,968,33569,33587,36046,36064,"\coint{0,\infty}","\coint{0,\infty}",9cdcc9d01103892052396bfd365443bad891ee6a2c13e9bb7627509e7c5b21a3,9cdcc9d01103892052396bfd365443bad891ee6a2c13e9bb7627509e7c5b21a3,9cdcc9d01103892052396bfd365443bad891ee6a2c13e9bb7627509e7c5b21a3,$,,9cdcc9d01103892052396bfd365443bad891ee6a2c13e9bb7627509e7c5b21a3,9cdcc9d01103892052396bfd365443bad891ee6a2c13e9bb7627509e7c5b21a3,"{""basis"":""ordered nested-math atom; exact symbolic replay"",""kind"":""source-target-formula-map""}"
1.1.0,formula,O007-FREMLIN-V2-S244-FORMULA-0793,O007-FREMLIN-V2-S244,O007-RIGHTS-FREMLIN-DSL,O007-FREMLIN-V2-S244-SEG-244O,793,*244O,*244O,943,968,33599,33604,36078,36083,b>0,b>0,2748bdd256917db857000037ed8e7d5f503707039327e73b504cb1f64fbdc92e,2748bdd256917db857000037ed8e7d5f503707039327e73b504cb1f64fbdc92e,2748bdd256917db857000037ed8e7d5f503707039327e73b504cb1f64fbdc92e,$,,2748bdd256917db857000037ed8e7d5f503707039327e73b504cb1f64fbdc92e,2748bdd256917db857000037ed8e7d5f503707039327e73b504cb1f64fbdc92e,"{""basis"":""ordered nested-math atom; exact symbolic replay"",""kind"":""source-target-formula-map""}"
1.1.0,formula,O007-FREMLIN-V2-S244-FORMULA-0794,O007-FREMLIN-V2-S244,O007-RIGHTS-FREMLIN-DSL,O007-FREMLIN-V2-S244-SEG-244O,794,*244O,*244O,945,970,33607,33749,36086,36231,"\eqalign{\phi_2'(b)
&=p((1+b)^{p-1}-(1-b)^{p-1})>0\text{ if }b\le 1,\cr
&=p((1+b)^{p-1}+(b-1)^{p-1})>0\text{ if }b\ge 1.  \text{ \Qed}\cr}","\eqalign{\phi_2'(b)
&=p((1+b)^{p-1}-(1-b)^{p-1})>0\text{ jika }b\le 1,\cr
&=p((1+b)^{p-1}+(b-1)^{p-1})>0\text{ jika }b\ge 1.
\text{ \Qed}\cr}",bf2c2b687b875af9ba1791f9ef5e361feac1c850ca32b42eb25993a55be876f6,21f34db3c02850292c5f7bf4ad83c24ad0942c3a86cd5decc4b0869e8e2ad202,90ab4bb59c34956cb49541ee3d46f2268d5201c03b19567f0fffd45c63505e8d,$$,,90ab4bb59c34956cb49541ee3d46f2268d5201c03b19567f0fffd45c63505e8d,90ab4bb59c34956cb49541ee3d46f2268d5201c03b19567f0fffd45c63505e8d,"{""basis"":""ordered nested-math atom; exact symbolic replay"",""kind"":""source-target-formula-map""}"
1.1.0,formula,O007-FREMLIN-V2-S244-FORMULA-0795,O007-FREMLIN-V2-S244,O007-RIGHTS-FREMLIN-DSL,O007-FREMLIN-V2-S244-SEG-244O,795,*244O,*244O,951,977,33780,33790,36264,36274,0<b\le a,0<b\le a,af3b60893350d6fcd1c9ea92fafd4aed03a8f836c0861db54086bc26172042db,af3b60893350d6fcd1c9ea92fafd4aed03a8f836c0861db54086bc26172042db,48fa7c3f815c5a44c17eea718e41794c21d7e9e9d2b219e540a10574041d1a2f,$,,48fa7c3f815c5a44c17eea718e41794c21d7e9e9d2b219e540a10574041d1a2f,48fa7c3f815c5a44c17eea718e41794c21d7e9e9d2b219e540a10574041d1a2f,"{""basis"":""ordered nested-math atom; exact symbolic replay"",""kind"":""source-target-formula-map""}"
1.1.0,formula,O007-FREMLIN-V2-S244-FORMULA-0796,O007-FREMLIN-V2-S244,O007-RIGHTS-FREMLIN-DSL,O007-FREMLIN-V2-S244-SEG-244O,796,*244O,*244O,953,979,33798,34109,36282,36593,"\eqalignno{\psi_{ab}(\Bover{b}{a})
&=a^p\phi_0(\Bover{b}{a})+b^p\phi_1(\Bover{b}{a})\cr
&=a^p(1+\Bover{b}{a})^{p-1}+a^p(1-\Bover{b}{a})^{p-1}
   +b^p(\Bover{a}{b}+1)^{p-1}-b^p(\Bover{a}{b}-1)^{p-1}\cr
&=a(a+b)^{p-1}+a(a-b)^{p-1}+b(a+b)^{p-1}-b(a-b)^{p-1}\cr
&=(a+b)^p+(a-b)^p
=(a+b)^p+|a-b|^p.&(\dagger)\cr}","\eqalignno{\psi_{ab}(\Bover{b}{a})
&=a^p\phi_0(\Bover{b}{a})+b^p\phi_1(\Bover{b}{a})\cr
&=a^p(1+\Bover{b}{a})^{p-1}+a^p(1-\Bover{b}{a})^{p-1}
   +b^p(\Bover{a}{b}+1)^{p-1}-b^p(\Bover{a}{b}-1)^{p-1}\cr
&=a(a+b)^{p-1}+a(a-b)^{p-1}+b(a+b)^{p-1}-b(a-b)^{p-1}\cr
&=(a+b)^p+(a-b)^p
=(a+b)^p+|a-b|^p.&(\dagger)\cr}",457db6f2de6de01897ca79b52b20263fcd07bf6bbaf0f2d4f7fd72364d02804e,457db6f2de6de01897ca79b52b20263fcd07bf6bbaf0f2d4f7fd72364d02804e,27eb93f3ccd26c2419f0251c55d27f208f68119ff503e29b63dde799fd2a1b4b,$$,,27eb93f3ccd26c2419f0251c55d27f208f68119ff503e29b63dde799fd2a1b4b,27eb93f3ccd26c2419f0251c55d27f208f68119ff503e29b63dde799fd2a1b4b,"{""basis"":""ordered nested-math atom; exact symbolic replay"",""kind"":""source-target-formula-map""}"
1.1.0,formula,O007-FREMLIN-V2-S244-FORMULA-0797,O007-FREMLIN-V2-S244,O007-RIGHTS-FREMLIN-DSL,O007-FREMLIN-V2-S244-SEG-244O,797,*244O,*244O,961,988,34126,34174,36617,36665,\psi_{ab}'(t)=(a^p-\Bover{b^p}{t^p})\phi_0'(t),\psi_{ab}'(t)=(a^p-\Bover{b^p}{t^p})\phi_0'(t),7a68562d46dfa508d7487ac4b2a741c983c99b9f642eb74b9a236d62f9b1c44e,7a68562d46dfa508d7487ac4b2a741c983c99b9f642eb74b9a236d62f9b1c44e,7a68562d46dfa508d7487ac4b2a741c983c99b9f642eb74b9a236d62f9b1c44e,$,,7a68562d46dfa508d7487ac4b2a741c983c99b9f642eb74b9a236d62f9b1c44e,7a68562d46dfa508d7487ac4b2a741c983c99b9f642eb74b9a236d62f9b1c44e,"{""basis"":""ordered nested-math atom; exact symbolic replay"",""kind"":""source-target-formula-map""}"
1.1.0,formula,O007-FREMLIN-V2-S244-FORMULA-0798,O007-FREMLIN-V2-S244,O007-RIGHTS-FREMLIN-DSL,O007-FREMLIN-V2-S244-SEG-244O,798,*244O,*244O,962,989,34191,34196,36687,36692,2-p,2-p,7737191203098ac0b5f66a021c2bd00930ca8c45af25252bf8d4f474f2086b84,7737191203098ac0b5f66a021c2bd00930ca8c45af25252bf8d4f474f2086b84,7737191203098ac0b5f66a021c2bd00930ca8c45af25252bf8d4f474f2086b84,$,,7737191203098ac0b5f66a021c2bd00930ca8c45af25252bf8d4f474f2086b84,7737191203098ac0b5f66a021c2bd00930ca8c45af25252bf8d4f474f2086b84,"{""basis"":""ordered nested-math atom; exact symbolic replay"",""kind"":""source-target-formula-map""}"
1.1.0,formula,O007-FREMLIN-V2-S244-FORMULA-0799,O007-FREMLIN-V2-S244,O007-RIGHTS-FREMLIN-DSL,O007-FREMLIN-V2-S244-SEG-244O,799,*244O,*244O,962,989,34200,34218,36698,36716,0<t<\Bover{b}{a},0<t<\Bover{b}{a},8d0ecabf67e0b5584f3573005dd233dfaae953d0f9c70e7a77287098c604c59e,8d0ecabf67e0b5584f3573005dd233dfaae953d0f9c70e7a77287098c604c59e,8d0ecabf67e0b5584f3573005dd233dfaae953d0f9c70e7a77287098c604c59e,$,,8d0ecabf67e0b5584f3573005dd233dfaae953d0f9c70e7a77287098c604c59e,8d0ecabf67e0b5584f3573005dd233dfaae953d0f9c70e7a77287098c604c59e,"{""basis"":""ordered nested-math atom; exact symbolic replay"",""kind"":""source-target-formula-map""}"
1.1.0,formula,O007-FREMLIN-V2-S244-FORMULA-0800,O007-FREMLIN-V2-S244,O007-RIGHTS-FREMLIN-DSL,O007-FREMLIN-V2-S244-SEG-244O,800,*244O,*244O,962,989,34235,34240,36742,36747,p-2,p-2,b97db4a9f43296157fb1a5d38cebdac478d0e91ed7b8dc1ae2effe1e29e64354,b97db4a9f43296157fb1a5d38cebdac478d0e91ed7b8dc1ae2effe1e29e64354,b97db4a9f43296157fb1a5d38cebdac478d0e91ed7b8dc1ae2effe1e29e64354,$,,b97db4a9f43296157fb1a5d38cebdac478d0e91ed7b8dc1ae2effe1e29e64354,b97db4a9f43296157fb1a5d38cebdac478d0e91ed7b8dc1ae2effe1e29e64354,"{""basis"":""ordered nested-math atom; exact symbolic replay"",""kind"":""source-target-formula-map""}"
1.1.0,formula,O007-FREMLIN-V2-S244-FORMULA-0801,O007-FREMLIN-V2-S244,O007-RIGHTS-FREMLIN-DSL,O007-FREMLIN-V2-S244-SEG-244O,801,*244O,*244O,963,990,34244,34262,36753,36771,\Bover{b}{a}<t<1,\Bover{b}{a}<t<1,cad521635e1a27d5e867a7c35dfbb9b76e2916cc90be3249e7ac488028e87711,cad521635e1a27d5e867a7c35dfbb9b76e2916cc90be3249e7ac488028e87711,cad521635e1a27d5e867a7c35dfbb9b76e2916cc90be3249e7ac488028e87711,$,,cad521635e1a27d5e867a7c35dfbb9b76e2916cc90be3249e7ac488028e87711,cad521635e1a27d5e867a7c35dfbb9b76e2916cc90be3249e7ac488028e87711,"{""basis"":""ordered nested-math atom; exact symbolic replay"",""kind"":""source-target-formula-map""}"
1.1.0,formula,O007-FREMLIN-V2-S244-FORMULA-0802,O007-FREMLIN-V2-S244,O007-RIGHTS-FREMLIN-DSL,O007-FREMLIN-V2-S244-SEG-244O,802,*244O,*244O,965,992,34295,34305,36808,36818,1<p\le 2,1<p\le 2,9d94c8b960365dd16183207c05641d8cf16221ff2986d35a5bbac35b2fba5fd1,9d94c8b960365dd16183207c05641d8cf16221ff2986d35a5bbac35b2fba5fd1,557e7bb911648eb3e501d1a67beae5c6260b257dd21179d87e515d908959ab33,$,,557e7bb911648eb3e501d1a67beae5c6260b257dd21179d87e515d908959ab33,557e7bb911648eb3e501d1a67beae5c6260b257dd21179d87e515d908959ab33,"{""basis"":""ordered nested-math atom; exact symbolic replay"",""kind"":""source-target-formula-map""}"
1.1.0,formula,O007-FREMLIN-V2-S244-FORMULA-0803,O007-FREMLIN-V2-S244,O007-RIGHTS-FREMLIN-DSL,O007-FREMLIN-V2-S244-SEG-244O,803,*244O,*244O,966,993,34307,34363,36820,36876,\psi_{ab}(t)\le\psi_{ab}(\Bover{b}{a})=(a+b)^p+|a-b|^p,\psi_{ab}(t)\le\psi_{ab}(\Bover{b}{a})=(a+b)^p+|a-b|^p,349fba2a6d92cf0b556943ddfcbb18134a97efa93c1880b737d9ab3bfb5146c3,349fba2a6d92cf0b556943ddfcbb18134a97efa93c1880b737d9ab3bfb5146c3,349fba2a6d92cf0b556943ddfcbb18134a97efa93c1880b737d9ab3bfb5146c3,$,,349fba2a6d92cf0b556943ddfcbb18134a97efa93c1880b737d9ab3bfb5146c3,349fba2a6d92cf0b556943ddfcbb18134a97efa93c1880b737d9ab3bfb5146c3,"{""basis"":""ordered nested-math atom; exact symbolic replay"",""kind"":""source-target-formula-map""}"
1.1.0,formula,O007-FREMLIN-V2-S244-FORMULA-0804,O007-FREMLIN-V2-S244,O007-RIGHTS-FREMLIN-DSL,O007-FREMLIN-V2-S244-SEG-244O,804,*244O,*244O,967,994,34374,34391,36890,36907,"t\in\ocint{0,1}","t\in\ocint{0,1}",a88e24c86555c38b2069b895dcd43f1ba89029b2f9762b43b65d4c2fb8f58550,a88e24c86555c38b2069b895dcd43f1ba89029b2f9762b43b65d4c2fb8f58550,a88e24c86555c38b2069b895dcd43f1ba89029b2f9762b43b65d4c2fb8f58550,$,,a88e24c86555c38b2069b895dcd43f1ba89029b2f9762b43b65d4c2fb8f58550,a88e24c86555c38b2069b895dcd43f1ba89029b2f9762b43b65d4c2fb8f58550,"{""basis"":""ordered nested-math atom; exact symbolic replay"",""kind"":""source-target-formula-map""}"
1.1.0,formula,O007-FREMLIN-V2-S244-FORMULA-0805,O007-FREMLIN-V2-S244,O007-RIGHTS-FREMLIN-DSL,O007-FREMLIN-V2-S244-SEG-244O,805,*244O,*244O,969,996,34403,34411,36921,36929,p\ge 2,p\ge 2,6c4a1c87c0d45e2460ee75c7c126a4c81ebfbd56c222935b723226287bc890c8,6c4a1c87c0d45e2460ee75c7c126a4c81ebfbd56c222935b723226287bc890c8,5bc05ec797167b1d650f0751fc6f9b93d2d0b46b96420b1028d13675b1a16639,$,,5bc05ec797167b1d650f0751fc6f9b93d2d0b46b96420b1028d13675b1a16639,5bc05ec797167b1d650f0751fc6f9b93d2d0b46b96420b1028d13675b1a16639,"{""basis"":""ordered nested-math atom; exact symbolic replay"",""kind"":""source-target-formula-map""}"
1.1.0,formula,O007-FREMLIN-V2-S244-FORMULA-0806,O007-FREMLIN-V2-S244,O007-RIGHTS-FREMLIN-DSL,O007-FREMLIN-V2-S244-SEG-244O,806,*244O,*244O,970,997,34413,34469,36931,36987,\psi_{ab}(t)\ge\psi_{ab}(\Bover{b}{a})=(a+b)^p+|a-b|^p,\psi_{ab}(t)\ge\psi_{ab}(\Bover{b}{a})=(a+b)^p+|a-b|^p,440d9977cf4456935b0b746cbc930169fa3d7c819ca7283cc50dce8fb02029e3,440d9977cf4456935b0b746cbc930169fa3d7c819ca7283cc50dce8fb02029e3,440d9977cf4456935b0b746cbc930169fa3d7c819ca7283cc50dce8fb02029e3,$,,440d9977cf4456935b0b746cbc930169fa3d7c819ca7283cc50dce8fb02029e3,440d9977cf4456935b0b746cbc930169fa3d7c819ca7283cc50dce8fb02029e3,"{""basis"":""ordered nested-math atom; exact symbolic replay"",""kind"":""source-target-formula-map""}"
1.1.0,formula,O007-FREMLIN-V2-S244-FORMULA-0807,O007-FREMLIN-V2-S244,O007-RIGHTS-FREMLIN-DSL,O007-FREMLIN-V2-S244-SEG-244O,807,*244O,*244O,971,998,34480,34497,37001,37018,"t\in\ocint{0,1}","t\in\ocint{0,1}",a88e24c86555c38b2069b895dcd43f1ba89029b2f9762b43b65d4c2fb8f58550,a88e24c86555c38b2069b895dcd43f1ba89029b2f9762b43b65d4c2fb8f58550,a88e24c86555c38b2069b895dcd43f1ba89029b2f9762b43b65d4c2fb8f58550,$,,a88e24c86555c38b2069b895dcd43f1ba89029b2f9762b43b65d4c2fb8f58550,a88e24c86555c38b2069b895dcd43f1ba89029b2f9762b43b65d4c2fb8f58550,"{""basis"":""ordered nested-math atom; exact symbolic replay"",""kind"":""source-target-formula-map""}"
1.1.0,formula,O007-FREMLIN-V2-S244-FORMULA-0808,O007-FREMLIN-V2-S244,O007-RIGHTS-FREMLIN-DSL,O007-FREMLIN-V2-S244-SEG-244O,808,*244O,*244O,975,1002,34548,34558,37069,37079,0<a\le b,0<a\le b,aaacf20a57ccf9202873bb5fc6aa5ba6b4af22118d3f7f01fd01668dbaaa3d78,aaacf20a57ccf9202873bb5fc6aa5ba6b4af22118d3f7f01fd01668dbaaa3d78,4e4ddd670a9c35cfff789cd9deb4474c9b678a8348f28fd880da327d1f1ef641,$,,4e4ddd670a9c35cfff789cd9deb4474c9b678a8348f28fd880da327d1f1ef641,4e4ddd670a9c35cfff789cd9deb4474c9b678a8348f28fd880da327d1f1ef641,"{""basis"":""ordered nested-math atom; exact symbolic replay"",""kind"":""source-target-formula-map""}"
1.1.0,formula,O007-FREMLIN-V2-S244-FORMULA-0809,O007-FREMLIN-V2-S244,O007-RIGHTS-FREMLIN-DSL,O007-FREMLIN-V2-S244-SEG-244O,809,*244O,*244O,975,1002,34565,34575,37086,37096,1<p\le 2,1<p\le 2,9d94c8b960365dd16183207c05641d8cf16221ff2986d35a5bbac35b2fba5fd1,9d94c8b960365dd16183207c05641d8cf16221ff2986d35a5bbac35b2fba5fd1,557e7bb911648eb3e501d1a67beae5c6260b257dd21179d87e515d908959ab33,$,,557e7bb911648eb3e501d1a67beae5c6260b257dd21179d87e515d908959ab33,557e7bb911648eb3e501d1a67beae5c6260b257dd21179d87e515d908959ab33,"{""basis"":""ordered nested-math atom; exact symbolic replay"",""kind"":""source-target-formula-map""}"
1.1.0,formula,O007-FREMLIN-V2-S244-FORMULA-0810,O007-FREMLIN-V2-S244,O007-RIGHTS-FREMLIN-DSL,O007-FREMLIN-V2-S244-SEG-244O,810,*244O,*244O,977,1004,34578,34788,37099,37314,"\eqalignno{\psi_{ab}(t)
&=a^p\phi_0(t)+b^p\phi_1(t)
\le a^p\phi_0(t)+b^p\phi_1(t)+(b^p-a^p)(\phi_0(t)-\phi_1(t))\cr
\displaycause{by (ii)}
&=b^p\phi_0(t)+a^p\phi_1(t)
\le(b+a)^p+(b-a)^p
=(a+b)^p+|a-b|^p\cr}","\eqalignno{\psi_{ab}(t)
&=a^p\phi_0(t)+b^p\phi_1(t)
\le a^p\phi_0(t)+b^p\phi_1(t)+(b^p-a^p)(\phi_0(t)-\phi_1(t))\cr
\displaycause{menurut (ii)}
&=b^p\phi_0(t)+a^p\phi_1(t)
\le(b+a)^p+(b-a)^p
=(a+b)^p+|a-b|^p\cr}",874b121d213907d983f23b25244e305de02d7f69da73d2c70bcb0ae467d245c9,85a2208667ac8e630b3d7c232e4853869a90170507fb32f5d1fe860bff716cc4,11a7c9e5323c9515e9c36ac1df47a82ad5ddd2ffda3b32ae4739c2ec12c796a0,$$,,9cb6f4821a1d36cb7ee791f95f41a3b4854064c7343309c17720e596da76554b,11a7c9e5323c9515e9c36ac1df47a82ad5ddd2ffda3b32ae4739c2ec12c796a0,"{""basis"":""ordered nested-math atom; reader-text localization inside math"",""kind"":""source-target-formula-map""}"
1.1.0,formula,O007-FREMLIN-V2-S244-FORMULA-0811,O007-FREMLIN-V2-S244,O007-RIGHTS-FREMLIN-DSL,O007-FREMLIN-V2-S244-SEG-244O,811,*244O,*244O,985,1012,34810,34827,37339,37356,"t\in\ocint{0,1}","t\in\ocint{0,1}",a88e24c86555c38b2069b895dcd43f1ba89029b2f9762b43b65d4c2fb8f58550,a88e24c86555c38b2069b895dcd43f1ba89029b2f9762b43b65d4c2fb8f58550,a88e24c86555c38b2069b895dcd43f1ba89029b2f9762b43b65d4c2fb8f58550,$,,a88e24c86555c38b2069b895dcd43f1ba89029b2f9762b43b65d4c2fb8f58550,a88e24c86555c38b2069b895dcd43f1ba89029b2f9762b43b65d4c2fb8f58550,"{""basis"":""ordered nested-math atom; exact symbolic replay"",""kind"":""source-target-formula-map""}"
1.1.0,formula,O007-FREMLIN-V2-S244-FORMULA-0812,O007-FREMLIN-V2-S244,O007-RIGHTS-FREMLIN-DSL,O007-FREMLIN-V2-S244-SEG-244O,812,*244O,*244O,985,1012,34834,34842,37375,37383,p\ge 2,p\ge 2,6c4a1c87c0d45e2460ee75c7c126a4c81ebfbd56c222935b723226287bc890c8,6c4a1c87c0d45e2460ee75c7c126a4c81ebfbd56c222935b723226287bc890c8,5bc05ec797167b1d650f0751fc6f9b93d2d0b46b96420b1028d13675b1a16639,$,,5bc05ec797167b1d650f0751fc6f9b93d2d0b46b96420b1028d13675b1a16639,5bc05ec797167b1d650f0751fc6f9b93d2d0b46b96420b1028d13675b1a16639,"{""basis"":""ordered nested-math atom; exact symbolic replay"",""kind"":""source-target-formula-map""}"
1.1.0,formula,O007-FREMLIN-V2-S244-FORMULA-0813,O007-FREMLIN-V2-S244,O007-RIGHTS-FREMLIN-DSL,O007-FREMLIN-V2-S244-SEG-244O,813,*244O,*244O,987,1014,34864,35034,37386,37556,"\eqalignno{\psi_{ab}(t)
&=a^p\phi_0(t)+b^p\phi_1(t)
\ge a^p\phi_0(t)+b^p\phi_1(t)+(b^p-a^p)(\phi_0(t)-\phi_1(t))\cr
&=b^p\phi_0(t)+a^p\phi_1(t)
\ge(a+b)^p+|a-b|^p\cr}","\eqalignno{\psi_{ab}(t)
&=a^p\phi_0(t)+b^p\phi_1(t)
\ge a^p\phi_0(t)+b^p\phi_1(t)+(b^p-a^p)(\phi_0(t)-\phi_1(t))\cr
&=b^p\phi_0(t)+a^p\phi_1(t)
\ge(a+b)^p+|a-b|^p\cr}",e3b7e3f51db71dc6e696bf2b7fc0613711851f4709a5b4f7de86d39165ac236d,e3b7e3f51db71dc6e696bf2b7fc0613711851f4709a5b4f7de86d39165ac236d,b8d69cc4818e48d8527c6575e137c18727eeddebd47fd9a828c070e127e0c71c,$$,,b8d69cc4818e48d8527c6575e137c18727eeddebd47fd9a828c070e127e0c71c,b8d69cc4818e48d8527c6575e137c18727eeddebd47fd9a828c070e127e0c71c,"{""basis"":""ordered nested-math atom; exact symbolic replay"",""kind"":""source-target-formula-map""}"
1.1.0,formula,O007-FREMLIN-V2-S244-FORMULA-0814,O007-FREMLIN-V2-S244,O007-RIGHTS-FREMLIN-DSL,O007-FREMLIN-V2-S244-SEG-244O,814,*244O,*244O,993,1020,35056,35059,37581,37584,t,t,e3b98a4da31a127d4bde6e43033f66ba274cab0eb7eb1c70ec41402bf6273dd8,e3b98a4da31a127d4bde6e43033f66ba274cab0eb7eb1c70ec41402bf6273dd8,e3b98a4da31a127d4bde6e43033f66ba274cab0eb7eb1c70ec41402bf6273dd8,$,,e3b98a4da31a127d4bde6e43033f66ba274cab0eb7eb1c70ec41402bf6273dd8,e3b98a4da31a127d4bde6e43033f66ba274cab0eb7eb1c70ec41402bf6273dd8,"{""basis"":""ordered nested-math atom; exact symbolic replay"",""kind"":""source-target-formula-map""}"
1.1.0,formula,O007-FREMLIN-V2-S244-FORMULA-0815,O007-FREMLIN-V2-S244,O007-RIGHTS-FREMLIN-DSL,O007-FREMLIN-V2-S244-SEG-244O,815,*244O,*244O,999,1026,35119,35259,37649,37793,"\eqalign{\psi_{ab}(t)
&\le|a+b|^p+|a-b|^p\text{ if }p\in\ocint{1,2},\cr
&\ge|a+b|^p+|a-b|^p\text{ if }p\in\coint{2,\infty}\cr}\eqno{(*)}","\eqalign{\psi_{ab}(t)
&\le|a+b|^p+|a-b|^p\text{ jika }p\in\ocint{1,2},\cr
&\ge|a+b|^p+|a-b|^p\text{ jika }p\in\coint{2,\infty}\cr}\eqno{(*)}",a7cabc27becbcf71ad5af2e1c4b41fea419720ffb8c1b2a60eb82f2e9f93adc0,619b262283671410098b46713df3507c8c4907ac58fdde989d65bb16569f2d1d,cf9b28cb31210c8e7feb0fd07a4003dbd0603169c6cbc431ffb610003de73ecc,$$,,cf9b28cb31210c8e7feb0fd07a4003dbd0603169c6cbc431ffb610003de73ecc,cf9b28cb31210c8e7feb0fd07a4003dbd0603169c6cbc431ffb610003de73ecc,"{""basis"":""ordered nested-math atom; exact symbolic replay"",""kind"":""source-target-formula-map""}"
1.1.0,formula,O007-FREMLIN-V2-S244-FORMULA-0816,O007-FREMLIN-V2-S244,O007-RIGHTS-FREMLIN-DSL,O007-FREMLIN-V2-S244-SEG-244O,816,*244O,*244O,1003,1030,35280,35297,37817,37834,"t\in\ocint{0,1}","t\in\ocint{0,1}",a88e24c86555c38b2069b895dcd43f1ba89029b2f9762b43b65d4c2fb8f58550,a88e24c86555c38b2069b895dcd43f1ba89029b2f9762b43b65d4c2fb8f58550,a88e24c86555c38b2069b895dcd43f1ba89029b2f9762b43b65d4c2fb8f58550,$,,a88e24c86555c38b2069b895dcd43f1ba89029b2f9762b43b65d4c2fb8f58550,a88e24c86555c38b2069b895dcd43f1ba89029b2f9762b43b65d4c2fb8f58550,"{""basis"":""ordered nested-math atom; exact symbolic replay"",""kind"":""source-target-formula-map""}"
1.1.0,formula,O007-FREMLIN-V2-S244-FORMULA-0817,O007-FREMLIN-V2-S244,O007-RIGHTS-FREMLIN-DSL,O007-FREMLIN-V2-S244-SEG-244O,817,*244O,*244O,1004,1031,35302,35305,37839,37842,a,a,ca978112ca1bbdcafac231b39a23dc4da786eff8147c4e72b9807785afee48bb,ca978112ca1bbdcafac231b39a23dc4da786eff8147c4e72b9807785afee48bb,ca978112ca1bbdcafac231b39a23dc4da786eff8147c4e72b9807785afee48bb,$,,ca978112ca1bbdcafac231b39a23dc4da786eff8147c4e72b9807785afee48bb,ca978112ca1bbdcafac231b39a23dc4da786eff8147c4e72b9807785afee48bb,"{""basis"":""ordered nested-math atom; exact symbolic replay"",""kind"":""source-target-formula-map""}"
1.1.0,formula,O007-FREMLIN-V2-S244-FORMULA-0818,O007-FREMLIN-V2-S244,O007-RIGHTS-FREMLIN-DSL,O007-FREMLIN-V2-S244-SEG-244O,818,*244O,*244O,1004,1031,35307,35329,37844,37866,"b\in\ooint{0,\infty}","b\in\ooint{0,\infty}",8f21fb72e30b15d6a2f567bd0d5c49c17a6e48188910e49ff6dbe541062bf8dd,8f21fb72e30b15d6a2f567bd0d5c49c17a6e48188910e49ff6dbe541062bf8dd,8f21fb72e30b15d6a2f567bd0d5c49c17a6e48188910e49ff6dbe541062bf8dd,$,,8f21fb72e30b15d6a2f567bd0d5c49c17a6e48188910e49ff6dbe541062bf8dd,8f21fb72e30b15d6a2f567bd0d5c49c17a6e48188910e49ff6dbe541062bf8dd,"{""basis"":""ordered nested-math atom; exact symbolic replay"",""kind"":""source-target-formula-map""}"
1.1.0,formula,O007-FREMLIN-V2-S244-FORMULA-0819,O007-FREMLIN-V2-S244,O007-RIGHTS-FREMLIN-DSL,O007-FREMLIN-V2-S244-SEG-244O,819,*244O,*244O,1005,1032,35339,35365,37875,37901,"(a,b)\mapsto\psi_{ab}(t)","(a,b)\mapsto\psi_{ab}(t)",bd74aa33ebd4357208510d9e4862c1a824b0d8153b1c83f46c51331e82b0c2d2,bd74aa33ebd4357208510d9e4862c1a824b0d8153b1c83f46c51331e82b0c2d2,bd74aa33ebd4357208510d9e4862c1a824b0d8153b1c83f46c51331e82b0c2d2,$,,bd74aa33ebd4357208510d9e4862c1a824b0d8153b1c83f46c51331e82b0c2d2,bd74aa33ebd4357208510d9e4862c1a824b0d8153b1c83f46c51331e82b0c2d2,"{""basis"":""ordered nested-math atom; exact symbolic replay"",""kind"":""source-target-formula-map""}"
1.1.0,formula,O007-FREMLIN-V2-S244-FORMULA-0820,O007-FREMLIN-V2-S244,O007-RIGHTS-FREMLIN-DSL,O007-FREMLIN-V2-S244-SEG-244O,820,*244O,*244O,1005,1032,35390,35393,37923,37926,t,t,e3b98a4da31a127d4bde6e43033f66ba274cab0eb7eb1c70ec41402bf6273dd8,e3b98a4da31a127d4bde6e43033f66ba274cab0eb7eb1c70ec41402bf6273dd8,e3b98a4da31a127d4bde6e43033f66ba274cab0eb7eb1c70ec41402bf6273dd8,$,,e3b98a4da31a127d4bde6e43033f66ba274cab0eb7eb1c70ec41402bf6273dd8,e3b98a4da31a127d4bde6e43033f66ba274cab0eb7eb1c70ec41402bf6273dd8,"{""basis"":""ordered nested-math atom; exact symbolic replay"",""kind"":""source-target-formula-map""}"
1.1.0,formula,O007-FREMLIN-V2-S244-FORMULA-0821,O007-FREMLIN-V2-S244,O007-RIGHTS-FREMLIN-DSL,O007-FREMLIN-V2-S244-SEG-244O,821,*244O,*244O,1006,1033,35435,35438,37973,37976,a,a,ca978112ca1bbdcafac231b39a23dc4da786eff8147c4e72b9807785afee48bb,ca978112ca1bbdcafac231b39a23dc4da786eff8147c4e72b9807785afee48bb,ca978112ca1bbdcafac231b39a23dc4da786eff8147c4e72b9807785afee48bb,$,,ca978112ca1bbdcafac231b39a23dc4da786eff8147c4e72b9807785afee48bb,ca978112ca1bbdcafac231b39a23dc4da786eff8147c4e72b9807785afee48bb,"{""basis"":""ordered nested-math atom; exact symbolic replay"",""kind"":""source-target-formula-map""}"
1.1.0,formula,O007-FREMLIN-V2-S244-FORMULA-0822,O007-FREMLIN-V2-S244,O007-RIGHTS-FREMLIN-DSL,O007-FREMLIN-V2-S244-SEG-244O,822,*244O,*244O,1006,1033,35440,35462,37978,38000,"b\in\coint{0,\infty}","b\in\coint{0,\infty}",bc9e7515104bb9bd5709dad57423323ef9ee39a015399cb27ec6a80bb84fd741,bc9e7515104bb9bd5709dad57423323ef9ee39a015399cb27ec6a80bb84fd741,bc9e7515104bb9bd5709dad57423323ef9ee39a015399cb27ec6a80bb84fd741,$,,bc9e7515104bb9bd5709dad57423323ef9ee39a015399cb27ec6a80bb84fd741,bc9e7515104bb9bd5709dad57423323ef9ee39a015399cb27ec6a80bb84fd741,"{""basis"":""ordered nested-math atom; exact symbolic replay"",""kind"":""source-target-formula-map""}"
1.1.0,formula,O007-FREMLIN-V2-S244-FORMULA-0823,O007-FREMLIN-V2-S244,O007-RIGHTS-FREMLIN-DSL,O007-FREMLIN-V2-S244-SEG-244O,823,*244O,*244O,1009,1035,35487,35519,38026,38058,"\psi_{ab}(t)=\psi_{|a|,|b|}(t)","\psi_{ab}(t)=\psi_{|a|,|b|}(t)",2b434eb936e88f28eb277639fa33b6dfd013fe59a276896efccb6f372475599c,2b434eb936e88f28eb277639fa33b6dfd013fe59a276896efccb6f372475599c,2b434eb936e88f28eb277639fa33b6dfd013fe59a276896efccb6f372475599c,$,,2b434eb936e88f28eb277639fa33b6dfd013fe59a276896efccb6f372475599c,2b434eb936e88f28eb277639fa33b6dfd013fe59a276896efccb6f372475599c,"{""basis"":""ordered nested-math atom; exact symbolic replay"",""kind"":""source-target-formula-map""}"
1.1.0,formula,O007-FREMLIN-V2-S244-FORMULA-0824,O007-FREMLIN-V2-S244,O007-RIGHTS-FREMLIN-DSL,O007-FREMLIN-V2-S244-SEG-244O,824,*244O,*244O,1010,1036,35526,35586,38065,38125,|a+b|^p+|a-b|^p=\big||a|+|b|\bigr|^p+\bigl||a|-|b|\bigr|^p,|a+b|^p+|a-b|^p=\big||a|+|b|\bigr|^p+\bigl||a|-|b|\bigr|^p,6916ec16128639d6b18d39a4e1eefe6c1818b2da1704a7b8a5d4dd7d402ae9a7,6916ec16128639d6b18d39a4e1eefe6c1818b2da1704a7b8a5d4dd7d402ae9a7,6916ec16128639d6b18d39a4e1eefe6c1818b2da1704a7b8a5d4dd7d402ae9a7,$,,6916ec16128639d6b18d39a4e1eefe6c1818b2da1704a7b8a5d4dd7d402ae9a7,6916ec16128639d6b18d39a4e1eefe6c1818b2da1704a7b8a5d4dd7d402ae9a7,"{""basis"":""ordered nested-math atom; exact symbolic replay"",""kind"":""source-target-formula-map""}"
1.1.0,formula,O007-FREMLIN-V2-S244-FORMULA-0825,O007-FREMLIN-V2-S244,O007-RIGHTS-FREMLIN-DSL,O007-FREMLIN-V2-S244-SEG-244O,825,*244O,*244O,1012,1038,35607,35610,38150,38153,a,a,ca978112ca1bbdcafac231b39a23dc4da786eff8147c4e72b9807785afee48bb,ca978112ca1bbdcafac231b39a23dc4da786eff8147c4e72b9807785afee48bb,ca978112ca1bbdcafac231b39a23dc4da786eff8147c4e72b9807785afee48bb,$,,ca978112ca1bbdcafac231b39a23dc4da786eff8147c4e72b9807785afee48bb,ca978112ca1bbdcafac231b39a23dc4da786eff8147c4e72b9807785afee48bb,"{""basis"":""ordered nested-math atom; exact symbolic replay"",""kind"":""source-target-formula-map""}"
1.1.0,formula,O007-FREMLIN-V2-S244-FORMULA-0826,O007-FREMLIN-V2-S244,O007-RIGHTS-FREMLIN-DSL,O007-FREMLIN-V2-S244-SEG-244O,826,*244O,*244O,1012,1038,35612,35624,38155,38167,b\in\Bbb R,b\in\Bbb R,e1e59af8f16ba3e6f0c913dd4c313121f218777c1013ca372ad854fa984bc0af,e1e59af8f16ba3e6f0c913dd4c313121f218777c1013ca372ad854fa984bc0af,acf1a3309af82edc7b05470aff44b905151892a4d56ab8c2a95aea53e9b64c33,$,,acf1a3309af82edc7b05470aff44b905151892a4d56ab8c2a95aea53e9b64c33,acf1a3309af82edc7b05470aff44b905151892a4d56ab8c2a95aea53e9b64c33,"{""basis"":""ordered nested-math atom; exact symbolic replay"",""kind"":""source-target-formula-map""}"
1.1.0,formula,O007-FREMLIN-V2-S244-FORMULA-0827,O007-FREMLIN-V2-S244,O007-RIGHTS-FREMLIN-DSL,O007-FREMLIN-V2-S244-SEG-244O,827,*244O,*244O,1012,1038,35629,35646,38172,38189,"t\in\ocint{0,1}","t\in\ocint{0,1}",a88e24c86555c38b2069b895dcd43f1ba89029b2f9762b43b65d4c2fb8f58550,a88e24c86555c38b2069b895dcd43f1ba89029b2f9762b43b65d4c2fb8f58550,a88e24c86555c38b2069b895dcd43f1ba89029b2f9762b43b65d4c2fb8f58550,$,,a88e24c86555c38b2069b895dcd43f1ba89029b2f9762b43b65d4c2fb8f58550,a88e24c86555c38b2069b895dcd43f1ba89029b2f9762b43b65d4c2fb8f58550,"{""basis"":""ordered nested-math atom; exact symbolic replay"",""kind"":""source-target-formula-map""}"
1.1.0,formula,O007-FREMLIN-V2-S244-FORMULA-0828,O007-FREMLIN-V2-S244,O007-RIGHTS-FREMLIN-DSL,O007-FREMLIN-V2-S244-SEG-244O,828,*244O,*244O,1013,1039,35687,35690,38230,38233,a,a,ca978112ca1bbdcafac231b39a23dc4da786eff8147c4e72b9807785afee48bb,ca978112ca1bbdcafac231b39a23dc4da786eff8147c4e72b9807785afee48bb,ca978112ca1bbdcafac231b39a23dc4da786eff8147c4e72b9807785afee48bb,$,,ca978112ca1bbdcafac231b39a23dc4da786eff8147c4e72b9807785afee48bb,ca978112ca1bbdcafac231b39a23dc4da786eff8147c4e72b9807785afee48bb,"{""basis"":""ordered nested-math atom; exact symbolic replay"",""kind"":""source-target-formula-map""}"
1.1.0,formula,O007-FREMLIN-V2-S244-FORMULA-0829,O007-FREMLIN-V2-S244,O007-RIGHTS-FREMLIN-DSL,O007-FREMLIN-V2-S244-SEG-244O,829,*244O,*244O,1013,1039,35692,35704,38235,38247,b\in\Bbb R,b\in\Bbb R,e1e59af8f16ba3e6f0c913dd4c313121f218777c1013ca372ad854fa984bc0af,e1e59af8f16ba3e6f0c913dd4c313121f218777c1013ca372ad854fa984bc0af,acf1a3309af82edc7b05470aff44b905151892a4d56ab8c2a95aea53e9b64c33,$,,acf1a3309af82edc7b05470aff44b905151892a4d56ab8c2a95aea53e9b64c33,acf1a3309af82edc7b05470aff44b905151892a4d56ab8c2a95aea53e9b64c33,"{""basis"":""ordered nested-math atom; exact symbolic replay"",""kind"":""source-target-formula-map""}"
1.1.0,formula,O007-FREMLIN-V2-S244-FORMULA-0830,O007-FREMLIN-V2-S244,O007-RIGHTS-FREMLIN-DSL,O007-FREMLIN-V2-S244-SEG-244O,830,*244O,*244O,1013,1040,35709,35726,38252,38269,"t\in\ocint{0,1}","t\in\ocint{0,1}",a88e24c86555c38b2069b895dcd43f1ba89029b2f9762b43b65d4c2fb8f58550,a88e24c86555c38b2069b895dcd43f1ba89029b2f9762b43b65d4c2fb8f58550,a88e24c86555c38b2069b895dcd43f1ba89029b2f9762b43b65d4c2fb8f58550,$,,a88e24c86555c38b2069b895dcd43f1ba89029b2f9762b43b65d4c2fb8f58550,a88e24c86555c38b2069b895dcd43f1ba89029b2f9762b43b65d4c2fb8f58550,"{""basis"":""ordered nested-math atom; exact symbolic replay"",""kind"":""source-target-formula-map""}"
1.1.0,formula,O007-FREMLIN-V2-S244-FORMULA-0831,O007-FREMLIN-V2-S244,O007-RIGHTS-FREMLIN-DSL,O007-FREMLIN-V2-S244-SEG-244O,831,*244O,*244O,1017,1044,35762,35770,38301,38309,p\ge 2,p\ge 2,6c4a1c87c0d45e2460ee75c7c126a4c81ebfbd56c222935b723226287bc890c8,6c4a1c87c0d45e2460ee75c7c126a4c81ebfbd56c222935b723226287bc890c8,5bc05ec797167b1d650f0751fc6f9b93d2d0b46b96420b1028d13675b1a16639,$,,5bc05ec797167b1d650f0751fc6f9b93d2d0b46b96420b1028d13675b1a16639,5bc05ec797167b1d650f0751fc6f9b93d2d0b46b96420b1028d13675b1a16639,"{""basis"":""ordered nested-math atom; exact symbolic replay"",""kind"":""source-target-formula-map""}"
1.1.0,formula,O007-FREMLIN-V2-S244-FORMULA-0832,O007-FREMLIN-V2-S244,O007-RIGHTS-FREMLIN-DSL,O007-FREMLIN-V2-S244-SEG-244O,832,*244O,*244O,1023,1050,35811,35879,38350,38418,"\|u+v\|_p^p+\|u-v\|_p^p
\le(\|u\|_p+\|v\|_p)^p+|\|u\|_p-\|v\|_p|^p","\|u+v\|_p^p+\|u-v\|_p^p
\le(\|u\|_p+\|v\|_p)^p+|\|u\|_p-\|v\|_p|^p",bf3736a159b288898194643451ce3ac1ee648c8e519613a1897683160265502b,bf3736a159b288898194643451ce3ac1ee648c8e519613a1897683160265502b,739bdc61c77fc85fb63f67468a1bdbdc5166f2554f67d8c8e8a6ae822c3db58a,$,,739bdc61c77fc85fb63f67468a1bdbdc5166f2554f67d8c8e8a6ae822c3db58a,739bdc61c77fc85fb63f67468a1bdbdc5166f2554f67d8c8e8a6ae822c3db58a,"{""basis"":""ordered nested-math atom; exact symbolic replay"",""kind"":""source-target-formula-map""}"
1.1.0,formula,O007-FREMLIN-V2-S244-FORMULA-0833,O007-FREMLIN-V2-S244,O007-RIGHTS-FREMLIN-DSL,O007-FREMLIN-V2-S244-SEG-244O,833,*244O,*244O,1026,1053,35900,35903,38443,38446,u,u,0bfe935e70c321c7ca3afc75ce0d0ca2f98b5422e008bb31c00c6d7f1f1c0ad6,0bfe935e70c321c7ca3afc75ce0d0ca2f98b5422e008bb31c00c6d7f1f1c0ad6,0bfe935e70c321c7ca3afc75ce0d0ca2f98b5422e008bb31c00c6d7f1f1c0ad6,$,,0bfe935e70c321c7ca3afc75ce0d0ca2f98b5422e008bb31c00c6d7f1f1c0ad6,0bfe935e70c321c7ca3afc75ce0d0ca2f98b5422e008bb31c00c6d7f1f1c0ad6,"{""basis"":""ordered nested-math atom; exact symbolic replay"",""kind"":""source-target-formula-map""}"
1.1.0,formula,O007-FREMLIN-V2-S244-FORMULA-0834,O007-FREMLIN-V2-S244,O007-RIGHTS-FREMLIN-DSL,O007-FREMLIN-V2-S244-SEG-244O,834,*244O,*244O,1026,1053,35905,35915,38448,38458,v\in L^p,v\in L^p,3c5ef5c6583ebe968e935a921c4d893e86fc7b7b4dab127d701f9efa3e63f3eb,3c5ef5c6583ebe968e935a921c4d893e86fc7b7b4dab127d701f9efa3e63f3eb,104d613809fbd47a3d0f459b821b98f511de5f9b4eda48215895d5823dc18100,$,,104d613809fbd47a3d0f459b821b98f511de5f9b4eda48215895d5823dc18100,104d613809fbd47a3d0f459b821b98f511de5f9b4eda48215895d5823dc18100,"{""basis"":""ordered nested-math atom; exact symbolic replay"",""kind"":""source-target-formula-map""}"
1.1.0,formula,O007-FREMLIN-V2-S244-FORMULA-0835,O007-FREMLIN-V2-S244,O007-RIGHTS-FREMLIN-DSL,O007-FREMLIN-V2-S244-SEG-244O,835,*244O,*244O,1027,1054,35949,35970,38487,38508,0<\|v\|_p\le\|u\|_p,0<\|v\|_p\le\|u\|_p,d6ff9263427a7913838f572a3143dbbace91d0174a91092cff0d4eb056c14c85,d6ff9263427a7913838f572a3143dbbace91d0174a91092cff0d4eb056c14c85,d6ff9263427a7913838f572a3143dbbace91d0174a91092cff0d4eb056c14c85,$,,d6ff9263427a7913838f572a3143dbbace91d0174a91092cff0d4eb056c14c85,d6ff9263427a7913838f572a3143dbbace91d0174a91092cff0d4eb056c14c85,"{""basis"":""ordered nested-math atom; exact symbolic replay"",""kind"":""source-target-formula-map""}"
1.1.0,formula,O007-FREMLIN-V2-S244-FORMULA-0836,O007-FREMLIN-V2-S244,O007-RIGHTS-FREMLIN-DSL,O007-FREMLIN-V2-S244-SEG-244O,836,*244O,*244O,1027,1054,35978,35981,38519,38522,f,f,252f10c83610ebca1a059c0bae8255eba2f95be4d1d7bcfa89d7248a82d9f111,252f10c83610ebca1a059c0bae8255eba2f95be4d1d7bcfa89d7248a82d9f111,252f10c83610ebca1a059c0bae8255eba2f95be4d1d7bcfa89d7248a82d9f111,$,,252f10c83610ebca1a059c0bae8255eba2f95be4d1d7bcfa89d7248a82d9f111,252f10c83610ebca1a059c0bae8255eba2f95be4d1d7bcfa89d7248a82d9f111,"{""basis"":""ordered nested-math atom; exact symbolic replay"",""kind"":""source-target-formula-map""}"
1.1.0,formula,O007-FREMLIN-V2-S244-FORMULA-0837,O007-FREMLIN-V2-S244,O007-RIGHTS-FREMLIN-DSL,O007-FREMLIN-V2-S244-SEG-244O,837,*244O,*244O,1027,1054,35983,35997,38524,38538,g:X\to\Bbb R,g:X\to\Bbb R,ae67e09930dfed9786f0602088c85bffce1c1e0aaef972caff1a6a2339955493,ae67e09930dfed9786f0602088c85bffce1c1e0aaef972caff1a6a2339955493,4d26ac84228ca066440b7f110976cbabed7896bf76f2b4b46e99f81082491f9f,$,,4d26ac84228ca066440b7f110976cbabed7896bf76f2b4b46e99f81082491f9f,4d26ac84228ca066440b7f110976cbabed7896bf76f2b4b46e99f81082491f9f,"{""basis"":""ordered nested-math atom; exact symbolic replay"",""kind"":""source-target-formula-map""}"
1.1.0,formula,O007-FREMLIN-V2-S244-FORMULA-0838,O007-FREMLIN-V2-S244,O007-RIGHTS-FREMLIN-DSL,O007-FREMLIN-V2-S244-SEG-244O,838,*244O,*244O,1028,1055,36001,36009,38575,38583,\Sigma,\Sigma,d65d75b1e6562713a3936bb38fdfe6832fb5b96c946de58f7ce0992057665aa8,d65d75b1e6562713a3936bb38fdfe6832fb5b96c946de58f7ce0992057665aa8,d65d75b1e6562713a3936bb38fdfe6832fb5b96c946de58f7ce0992057665aa8,$,,d65d75b1e6562713a3936bb38fdfe6832fb5b96c946de58f7ce0992057665aa8,d65d75b1e6562713a3936bb38fdfe6832fb5b96c946de58f7ce0992057665aa8,"{""basis"":""ordered nested-math atom; exact symbolic replay"",""kind"":""source-target-formula-map""}"
1.1.0,formula,O007-FREMLIN-V2-S244-FORMULA-0839,O007-FREMLIN-V2-S244,O007-RIGHTS-FREMLIN-DSL,O007-FREMLIN-V2-S244-SEG-244O,839,*244O,*244O,1028,1055,36041,36058,38604,38621,f^{\ssbullet}=u,f^{\ssbullet}=u,f493aa8dcd0a60e283e8f127b62b65c53b51fa157cfa65fb68b2884f12e58fac,f493aa8dcd0a60e283e8f127b62b65c53b51fa157cfa65fb68b2884f12e58fac,f493aa8dcd0a60e283e8f127b62b65c53b51fa157cfa65fb68b2884f12e58fac,$,,f493aa8dcd0a60e283e8f127b62b65c53b51fa157cfa65fb68b2884f12e58fac,f493aa8dcd0a60e283e8f127b62b65c53b51fa157cfa65fb68b2884f12e58fac,"{""basis"":""ordered nested-math atom; exact symbolic replay"",""kind"":""source-target-formula-map""}"
1.1.0,formula,O007-FREMLIN-V2-S244-FORMULA-0840,O007-FREMLIN-V2-S244,O007-RIGHTS-FREMLIN-DSL,O007-FREMLIN-V2-S244-SEG-244O,840,*244O,*244O,1029,1056,36063,36080,38626,38643,g^{\ssbullet}=v,g^{\ssbullet}=v,9758bd0821eef40607501239b476d6b25cdef27f2f690e828f682a76c0bfd5b0,9758bd0821eef40607501239b476d6b25cdef27f2f690e828f682a76c0bfd5b0,9758bd0821eef40607501239b476d6b25cdef27f2f690e828f682a76c0bfd5b0,$,,9758bd0821eef40607501239b476d6b25cdef27f2f690e828f682a76c0bfd5b0,9758bd0821eef40607501239b476d6b25cdef27f2f690e828f682a76c0bfd5b0,"{""basis"":""ordered nested-math atom; exact symbolic replay"",""kind"":""source-target-formula-map""}"
1.1.0,formula,O007-FREMLIN-V2-S244-FORMULA-0841,O007-FREMLIN-V2-S244,O007-RIGHTS-FREMLIN-DSL,O007-FREMLIN-V2-S244-SEG-244O,841,*244O,*244O,1029,1056,36097,36114,38665,38682,"t\in\ocint{0,1}","t\in\ocint{0,1}",a88e24c86555c38b2069b895dcd43f1ba89029b2f9762b43b65d4c2fb8f58550,a88e24c86555c38b2069b895dcd43f1ba89029b2f9762b43b65d4c2fb8f58550,a88e24c86555c38b2069b895dcd43f1ba89029b2f9762b43b65d4c2fb8f58550,$,,a88e24c86555c38b2069b895dcd43f1ba89029b2f9762b43b65d4c2fb8f58550,a88e24c86555c38b2069b895dcd43f1ba89029b2f9762b43b65d4c2fb8f58550,"{""basis"":""ordered nested-math atom; exact symbolic replay"",""kind"":""source-target-formula-map""}"
1.1.0,formula,O007-FREMLIN-V2-S244-FORMULA-0842,O007-FREMLIN-V2-S244,O007-RIGHTS-FREMLIN-DSL,O007-FREMLIN-V2-S244-SEG-244O,842,*244O,*244O,1031,1058,36117,36377,38685,38952,"\eqalignno{\|u+v\|_p^p+\|u-v\|_p^p
&=\int|f(x)+g(x)|^p+|f(x)-g(x)|^p\mu(dx)\cr
&\le\int\psi_{f(x),g(x)}(t)\mu(dx)\cr
\displaycause{by the second inequality in (*)}
&=\int|f(x)|^p\phi_0(t)+|g(x)|^p\phi_1(t)\mu(dx)
=\|u\|_p^p\phi_0(t)+\|v\|_p^p\phi_1(t).\cr}","\eqalignno{\|u+v\|_p^p+\|u-v\|_p^p
&=\int|f(x)+g(x)|^p+|f(x)-g(x)|^p\mu(dx)\cr
&\le\int\psi_{f(x),g(x)}(t)\mu(dx)\cr
\displaycause{menurut pertidaksamaan kedua dalam (*)}
&=\int|f(x)|^p\phi_0(t)+|g(x)|^p\phi_1(t)\mu(dx)
=\|u\|_p^p\phi_0(t)+\|v\|_p^p\phi_1(t).\cr}",d5ac4161bd1678afd551f171a03a93fd2b2bbf930e475b18e88c83bbeb2792af,55bd6404800a8f37d6b8ca9c13a7bddb2c118604965b6a3ab249ddbfd3417055,b056fb2c1605669cf93dbe39a8e0c4433a8b40bed621569b2509e32da08eff17,$$,,e0f6ef0c50c601ace07b2703808744912aa7473c0f98f673a10626dd3443a8c7,b056fb2c1605669cf93dbe39a8e0c4433a8b40bed621569b2509e32da08eff17,"{""basis"":""ordered nested-math atom; reader-text localization inside math"",""kind"":""source-target-formula-map""}"
1.1.0,formula,O007-FREMLIN-V2-S244-FORMULA-0843,O007-FREMLIN-V2-S244,O007-RIGHTS-FREMLIN-DSL,O007-FREMLIN-V2-S244-SEG-244O,843,*244O,*244O,1038,1066,36411,36430,38996,39015,t=\|v\|_p/\|u\|_p,t=\|v\|_p/\|u\|_p,d7b49749b4ef60a79da680934efb163a9d7586c85ffc6dbf670f2ea100f734e3,d7b49749b4ef60a79da680934efb163a9d7586c85ffc6dbf670f2ea100f734e3,d7b49749b4ef60a79da680934efb163a9d7586c85ffc6dbf670f2ea100f734e3,$,,d7b49749b4ef60a79da680934efb163a9d7586c85ffc6dbf670f2ea100f734e3,d7b49749b4ef60a79da680934efb163a9d7586c85ffc6dbf670f2ea100f734e3,"{""basis"":""ordered nested-math atom; exact symbolic replay"",""kind"":""source-target-formula-map""}"
1.1.0,formula,O007-FREMLIN-V2-S244-FORMULA-0844,O007-FREMLIN-V2-S244,O007-RIGHTS-FREMLIN-DSL,O007-FREMLIN-V2-S244-SEG-244O,844,*244O,*244O,1039,1066,36446,36455,39033,39042,\dagger,\dagger,84655d740c6d10f2f6ed77e9ff9897c10b90d9bb9a2db65e067a613fd11db540,84655d740c6d10f2f6ed77e9ff9897c10b90d9bb9a2db65e067a613fd11db540,84655d740c6d10f2f6ed77e9ff9897c10b90d9bb9a2db65e067a613fd11db540,$,,84655d740c6d10f2f6ed77e9ff9897c10b90d9bb9a2db65e067a613fd11db540,84655d740c6d10f2f6ed77e9ff9897c10b90d9bb9a2db65e067a613fd11db540,"{""basis"":""ordered nested-math atom; exact symbolic replay"",""kind"":""source-target-formula-map""}"
1.1.0,formula,O007-FREMLIN-V2-S244-FORMULA-0845,O007-FREMLIN-V2-S244,O007-RIGHTS-FREMLIN-DSL,O007-FREMLIN-V2-S244-SEG-244O,845,*244O,*244O,1041,1068,36483,36551,39070,39138,"\|u+v\|_p^p+\|u-v\|_p^p
\le(\|u\|_p+\|v\|_p)^p+|\|u\|_p-\|v\|_p|^p","\|u+v\|_p^p+\|u-v\|_p^p
\le(\|u\|_p+\|v\|_p)^p+|\|u\|_p-\|v\|_p|^p",bf3736a159b288898194643451ce3ac1ee648c8e519613a1897683160265502b,bf3736a159b288898194643451ce3ac1ee648c8e519613a1897683160265502b,739bdc61c77fc85fb63f67468a1bdbdc5166f2554f67d8c8e8a6ae822c3db58a,$,,739bdc61c77fc85fb63f67468a1bdbdc5166f2554f67d8c8e8a6ae822c3db58a,739bdc61c77fc85fb63f67468a1bdbdc5166f2554f67d8c8e8a6ae822c3db58a,"{""basis"":""ordered nested-math atom; exact symbolic replay"",""kind"":""source-target-formula-map""}"
1.1.0,formula,O007-FREMLIN-V2-S244-FORMULA-0846,O007-FREMLIN-V2-S244,O007-RIGHTS-FREMLIN-DSL,O007-FREMLIN-V2-S244-SEG-244O,846,*244O,*244O,1044,1072,36607,36628,39194,39215,0<\|u\|_p\le\|v\|_p,0<\|u\|_p\le\|v\|_p,94f5709eb32b2f77fa8b3e2bba7a385653bcbde8bf28d4fd9973dc69094eb717,94f5709eb32b2f77fa8b3e2bba7a385653bcbde8bf28d4fd9973dc69094eb717,94f5709eb32b2f77fa8b3e2bba7a385653bcbde8bf28d4fd9973dc69094eb717,$,,94f5709eb32b2f77fa8b3e2bba7a385653bcbde8bf28d4fd9973dc69094eb717,94f5709eb32b2f77fa8b3e2bba7a385653bcbde8bf28d4fd9973dc69094eb717,"{""basis"":""ordered nested-math atom; exact symbolic replay"",""kind"":""source-target-formula-map""}"
1.1.0,formula,O007-FREMLIN-V2-S244-FORMULA-0847,O007-FREMLIN-V2-S244,O007-RIGHTS-FREMLIN-DSL,O007-FREMLIN-V2-S244-SEG-244O,847,*244O,*244O,1045,1072,36659,36662,39234,39237,u,u,0bfe935e70c321c7ca3afc75ce0d0ca2f98b5422e008bb31c00c6d7f1f1c0ad6,0bfe935e70c321c7ca3afc75ce0d0ca2f98b5422e008bb31c00c6d7f1f1c0ad6,0bfe935e70c321c7ca3afc75ce0d0ca2f98b5422e008bb31c00c6d7f1f1c0ad6,$,,0bfe935e70c321c7ca3afc75ce0d0ca2f98b5422e008bb31c00c6d7f1f1c0ad6,0bfe935e70c321c7ca3afc75ce0d0ca2f98b5422e008bb31c00c6d7f1f1c0ad6,"{""basis"":""ordered nested-math atom; exact symbolic replay"",""kind"":""source-target-formula-map""}"
1.1.0,formula,O007-FREMLIN-V2-S244-FORMULA-0848,O007-FREMLIN-V2-S244,O007-RIGHTS-FREMLIN-DSL,O007-FREMLIN-V2-S244-SEG-244O,848,*244O,*244O,1045,1072,36666,36669,39243,39246,v,v,4c94485e0c21ae6c41ce1dfe7b6bfaceea5ab68e40a2476f50208e526f506080,4c94485e0c21ae6c41ce1dfe7b6bfaceea5ab68e40a2476f50208e526f506080,4c94485e0c21ae6c41ce1dfe7b6bfaceea5ab68e40a2476f50208e526f506080,$,,4c94485e0c21ae6c41ce1dfe7b6bfaceea5ab68e40a2476f50208e526f506080,4c94485e0c21ae6c41ce1dfe7b6bfaceea5ab68e40a2476f50208e526f506080,"{""basis"":""ordered nested-math atom; exact symbolic replay"",""kind"":""source-target-formula-map""}"
1.1.0,formula,O007-FREMLIN-V2-S244-FORMULA-0849,O007-FREMLIN-V2-S244,O007-RIGHTS-FREMLIN-DSL,O007-FREMLIN-V2-S244-SEG-244O,849,*244O,*244O,1049,1077,36727,36751,39319,39343,"\epsilon\in\ocint{0,2}","\epsilon\in\ocint{0,2}",cf00fb82cf1e73c59c51ae043e6bfcc75f1f2e963e3c80df6c6bff11dabe9efa,cf00fb82cf1e73c59c51ae043e6bfcc75f1f2e963e3c80df6c6bff11dabe9efa,cf00fb82cf1e73c59c51ae043e6bfcc75f1f2e963e3c80df6c6bff11dabe9efa,$,,cf00fb82cf1e73c59c51ae043e6bfcc75f1f2e963e3c80df6c6bff11dabe9efa,cf00fb82cf1e73c59c51ae043e6bfcc75f1f2e963e3c80df6c6bff11dabe9efa,"{""basis"":""ordered nested-math atom; exact symbolic replay"",""kind"":""source-target-formula-map""}"
1.1.0,formula,O007-FREMLIN-V2-S244-FORMULA-0850,O007-FREMLIN-V2-S244,O007-RIGHTS-FREMLIN-DSL,O007-FREMLIN-V2-S244-SEG-244O,850,*244O,*244O,1050,1078,36759,36794,39354,39389,\delta=2-(2^p-\epsilon^p)^{1/p}>0,\delta=2-(2^p-\epsilon^p)^{1/p}>0,c43b1505079c420871a5e7a01c90bd2c75722711dc5b5753f168901495340b84,c43b1505079c420871a5e7a01c90bd2c75722711dc5b5753f168901495340b84,c43b1505079c420871a5e7a01c90bd2c75722711dc5b5753f168901495340b84,$,,c43b1505079c420871a5e7a01c90bd2c75722711dc5b5753f168901495340b84,c43b1505079c420871a5e7a01c90bd2c75722711dc5b5753f168901495340b84,"{""basis"":""ordered nested-math atom; exact symbolic replay"",""kind"":""source-target-formula-map""}"
1.1.0,formula,O007-FREMLIN-V2-S244-FORMULA-0851,O007-FREMLIN-V2-S244,O007-RIGHTS-FREMLIN-DSL,O007-FREMLIN-V2-S244-SEG-244O,851,*244O,*244O,1050,1078,36801,36804,39396,39399,u,u,0bfe935e70c321c7ca3afc75ce0d0ca2f98b5422e008bb31c00c6d7f1f1c0ad6,0bfe935e70c321c7ca3afc75ce0d0ca2f98b5422e008bb31c00c6d7f1f1c0ad6,0bfe935e70c321c7ca3afc75ce0d0ca2f98b5422e008bb31c00c6d7f1f1c0ad6,$,,0bfe935e70c321c7ca3afc75ce0d0ca2f98b5422e008bb31c00c6d7f1f1c0ad6,0bfe935e70c321c7ca3afc75ce0d0ca2f98b5422e008bb31c00c6d7f1f1c0ad6,"{""basis"":""ordered nested-math atom; exact symbolic replay"",""kind"":""source-target-formula-map""}"
1.1.0,formula,O007-FREMLIN-V2-S244-FORMULA-0852,O007-FREMLIN-V2-S244,O007-RIGHTS-FREMLIN-DSL,O007-FREMLIN-V2-S244-SEG-244O,852,*244O,*244O,1050,1078,36806,36816,39401,39411,v\in L^p,v\in L^p,3c5ef5c6583ebe968e935a921c4d893e86fc7b7b4dab127d701f9efa3e63f3eb,3c5ef5c6583ebe968e935a921c4d893e86fc7b7b4dab127d701f9efa3e63f3eb,104d613809fbd47a3d0f459b821b98f511de5f9b4eda48215895d5823dc18100,$,,104d613809fbd47a3d0f459b821b98f511de5f9b4eda48215895d5823dc18100,104d613809fbd47a3d0f459b821b98f511de5f9b4eda48215895d5823dc18100,"{""basis"":""ordered nested-math atom; exact symbolic replay"",""kind"":""source-target-formula-map""}"
1.1.0,formula,O007-FREMLIN-V2-S244-FORMULA-0853,O007-FREMLIN-V2-S244,O007-RIGHTS-FREMLIN-DSL,O007-FREMLIN-V2-S244-SEG-244O,853,*244O,*244O,1051,1079,36818,36837,39413,39432,\|u\|_p=\|v\|_p=1,\|u\|_p=\|v\|_p=1,2748b4d00e19fe6e79012cd5f003067656bb4405f151768be6f4459d8aea49f7,2748b4d00e19fe6e79012cd5f003067656bb4405f151768be6f4459d8aea49f7,2748b4d00e19fe6e79012cd5f003067656bb4405f151768be6f4459d8aea49f7,$,,2748b4d00e19fe6e79012cd5f003067656bb4405f151768be6f4459d8aea49f7,2748b4d00e19fe6e79012cd5f003067656bb4405f151768be6f4459d8aea49f7,"{""basis"":""ordered nested-math atom; exact symbolic replay"",""kind"":""source-target-formula-map""}"
1.1.0,formula,O007-FREMLIN-V2-S244-FORMULA-0854,O007-FREMLIN-V2-S244,O007-RIGHTS-FREMLIN-DSL,O007-FREMLIN-V2-S244-SEG-244O,854,*244O,*244O,1051,1079,36842,36864,39437,39459,\|u-v\|_p\ge\epsilon,\|u-v\|_p\ge\epsilon,d38b3461938b0100c70e1482ff6c49832107642db281cf72d0127b998bf95fbc,d38b3461938b0100c70e1482ff6c49832107642db281cf72d0127b998bf95fbc,d38b3461938b0100c70e1482ff6c49832107642db281cf72d0127b998bf95fbc,$,,d38b3461938b0100c70e1482ff6c49832107642db281cf72d0127b998bf95fbc,d38b3461938b0100c70e1482ff6c49832107642db281cf72d0127b998bf95fbc,"{""basis"":""ordered nested-math atom; exact symbolic replay"",""kind"":""source-target-formula-map""}"
1.1.0,formula,O007-FREMLIN-V2-S244-FORMULA-0855,O007-FREMLIN-V2-S244,O007-RIGHTS-FREMLIN-DSL,O007-FREMLIN-V2-S244-SEG-244O,855,*244O,*244O,1053,1081,36884,36983,39479,39578,"\|u+v\|_p^p+\epsilon^p
\le\|u+v\|_p^p+\|u-v\|_p^p
\le(\|u\|_p+\|v\|_p)^p+|\|u\|_p-\|v\|_p|^p
=2^p","\|u+v\|_p^p+\epsilon^p
\le\|u+v\|_p^p+\|u-v\|_p^p
\le(\|u\|_p+\|v\|_p)^p+|\|u\|_p-\|v\|_p|^p
=2^p",8de0dcce3d9ecc2311ec6319eb6c74bb16581e390f2ef889379ce6ff9b52772a,8de0dcce3d9ecc2311ec6319eb6c74bb16581e390f2ef889379ce6ff9b52772a,cb33df48d41b035cf848664aa13124f6e3646fa7af867762992ed6766d5e47ec,$,,cb33df48d41b035cf848664aa13124f6e3646fa7af867762992ed6766d5e47ec,cb33df48d41b035cf848664aa13124f6e3646fa7af867762992ed6766d5e47ec,"{""basis"":""ordered nested-math atom; exact symbolic replay"",""kind"":""source-target-formula-map""}"
1.1.0,formula,O007-FREMLIN-V2-S244-FORMULA-0856,O007-FREMLIN-V2-S244,O007-RIGHTS-FREMLIN-DSL,O007-FREMLIN-V2-S244-SEG-244O,856,*244O,*244O,1058,1086,37000,37045,39601,39646,\|u+v\|_p\le(2^p-\epsilon^p)^{1/p}=2-\delta,\|u+v\|_p\le(2^p-\epsilon^p)^{1/p}=2-\delta,69eeca6c01dfbd4616b0184cb09c87ab295e91cb37751ec21d491de6669adae5,69eeca6c01dfbd4616b0184cb09c87ab295e91cb37751ec21d491de6669adae5,69eeca6c01dfbd4616b0184cb09c87ab295e91cb37751ec21d491de6669adae5,$,,69eeca6c01dfbd4616b0184cb09c87ab295e91cb37751ec21d491de6669adae5,69eeca6c01dfbd4616b0184cb09c87ab295e91cb37751ec21d491de6669adae5,"{""basis"":""ordered nested-math atom; exact symbolic replay"",""kind"":""source-target-formula-map""}"
1.1.0,formula,O007-FREMLIN-V2-S244-FORMULA-0857,O007-FREMLIN-V2-S244,O007-RIGHTS-FREMLIN-DSL,O007-FREMLIN-V2-S244-SEG-244O,857,*244O,*244O,1059,1087,37050,37053,39655,39658,u,u,0bfe935e70c321c7ca3afc75ce0d0ca2f98b5422e008bb31c00c6d7f1f1c0ad6,0bfe935e70c321c7ca3afc75ce0d0ca2f98b5422e008bb31c00c6d7f1f1c0ad6,0bfe935e70c321c7ca3afc75ce0d0ca2f98b5422e008bb31c00c6d7f1f1c0ad6,$,,0bfe935e70c321c7ca3afc75ce0d0ca2f98b5422e008bb31c00c6d7f1f1c0ad6,0bfe935e70c321c7ca3afc75ce0d0ca2f98b5422e008bb31c00c6d7f1f1c0ad6,"{""basis"":""ordered nested-math atom; exact symbolic replay"",""kind"":""source-target-formula-map""}"
1.1.0,formula,O007-FREMLIN-V2-S244-FORMULA-0858,O007-FREMLIN-V2-S244,O007-RIGHTS-FREMLIN-DSL,O007-FREMLIN-V2-S244-SEG-244O,858,*244O,*244O,1059,1087,37055,37058,39660,39663,v,v,4c94485e0c21ae6c41ce1dfe7b6bfaceea5ab68e40a2476f50208e526f506080,4c94485e0c21ae6c41ce1dfe7b6bfaceea5ab68e40a2476f50208e526f506080,4c94485e0c21ae6c41ce1dfe7b6bfaceea5ab68e40a2476f50208e526f506080,$,,4c94485e0c21ae6c41ce1dfe7b6bfaceea5ab68e40a2476f50208e526f506080,4c94485e0c21ae6c41ce1dfe7b6bfaceea5ab68e40a2476f50208e526f506080,"{""basis"":""ordered nested-math atom; exact symbolic replay"",""kind"":""source-target-formula-map""}"
1.1.0,formula,O007-FREMLIN-V2-S244-FORMULA-0859,O007-FREMLIN-V2-S244,O007-RIGHTS-FREMLIN-DSL,O007-FREMLIN-V2-S244-SEG-244O,859,*244O,*244O,1059,1087,37063,37073,39668,39678,\epsilon,\epsilon,8bc4bfc2bdebfaac14a98cde1deb3cf75202e7908905efb95c939c0481951f77,8bc4bfc2bdebfaac14a98cde1deb3cf75202e7908905efb95c939c0481951f77,8bc4bfc2bdebfaac14a98cde1deb3cf75202e7908905efb95c939c0481951f77,$,,8bc4bfc2bdebfaac14a98cde1deb3cf75202e7908905efb95c939c0481951f77,8bc4bfc2bdebfaac14a98cde1deb3cf75202e7908905efb95c939c0481951f77,"{""basis"":""ordered nested-math atom; exact symbolic replay"",""kind"":""source-target-formula-map""}"
1.1.0,formula,O007-FREMLIN-V2-S244-FORMULA-0860,O007-FREMLIN-V2-S244,O007-RIGHTS-FREMLIN-DSL,O007-FREMLIN-V2-S244-SEG-244O,860,*244O,*244O,1059,1087,37089,37094,39690,39695,L^p,L^p,0de1bee007df208a54c85a6cf3aa6c06e2a922620965a43478a0496c27e05aa0,0de1bee007df208a54c85a6cf3aa6c06e2a922620965a43478a0496c27e05aa0,0de1bee007df208a54c85a6cf3aa6c06e2a922620965a43478a0496c27e05aa0,$,,0de1bee007df208a54c85a6cf3aa6c06e2a922620965a43478a0496c27e05aa0,0de1bee007df208a54c85a6cf3aa6c06e2a922620965a43478a0496c27e05aa0,"{""basis"":""ordered nested-math atom; exact symbolic replay"",""kind"":""source-target-formula-map""}"
1.1.0,formula,O007-FREMLIN-V2-S244-FORMULA-0861,O007-FREMLIN-V2-S244,O007-RIGHTS-FREMLIN-DSL,O007-FREMLIN-V2-S244-SEG-244O,861,*244O,*244O,1063,1091,37177,37194,39777,39794,"p\in\ocint{1,2}","p\in\ocint{1,2}",fd0f76ed34080597f58bab3f8779461263df24183f3093f263ee99ce82effafb,fd0f76ed34080597f58bab3f8779461263df24183f3093f263ee99ce82effafb,fd0f76ed34080597f58bab3f8779461263df24183f3093f263ee99ce82effafb,$,,fd0f76ed34080597f58bab3f8779461263df24183f3093f263ee99ce82effafb,fd0f76ed34080597f58bab3f8779461263df24183f3093f263ee99ce82effafb,"{""basis"":""ordered nested-math atom; exact symbolic replay"",""kind"":""source-target-formula-map""}"
1.1.0,formula,O007-FREMLIN-V2-S244-FORMULA-0862,O007-FREMLIN-V2-S244,O007-RIGHTS-FREMLIN-DSL,O007-FREMLIN-V2-S244-SEG-244O,862,*244O,*244O,1069,1097,37235,37303,39835,39903,"(\|u\|_p+\|v\|_p)^p+|\|u\|_p-\|v\|_p|^p
\le\|u+v\|_p^p+\|u-v\|_p^p","(\|u\|_p+\|v\|_p)^p+|\|u\|_p-\|v\|_p|^p
\le\|u+v\|_p^p+\|u-v\|_p^p",0156cc8c5ec01ce1f2936e987f21399b4d76e738082752b4d766255905bf58e9,0156cc8c5ec01ce1f2936e987f21399b4d76e738082752b4d766255905bf58e9,078dd6cc72c38136b97e1fcb1c58eb101d1cc60640f610a1ff8c1aaa596c045b,$,,078dd6cc72c38136b97e1fcb1c58eb101d1cc60640f610a1ff8c1aaa596c045b,078dd6cc72c38136b97e1fcb1c58eb101d1cc60640f610a1ff8c1aaa596c045b,"{""basis"":""ordered nested-math atom; exact symbolic replay"",""kind"":""source-target-formula-map""}"
1.1.0,formula,O007-FREMLIN-V2-S244-FORMULA-0863,O007-FREMLIN-V2-S244,O007-RIGHTS-FREMLIN-DSL,O007-FREMLIN-V2-S244-SEG-244O,863,*244O,*244O,1072,1100,37324,37327,39928,39931,u,u,0bfe935e70c321c7ca3afc75ce0d0ca2f98b5422e008bb31c00c6d7f1f1c0ad6,0bfe935e70c321c7ca3afc75ce0d0ca2f98b5422e008bb31c00c6d7f1f1c0ad6,0bfe935e70c321c7ca3afc75ce0d0ca2f98b5422e008bb31c00c6d7f1f1c0ad6,$,,0bfe935e70c321c7ca3afc75ce0d0ca2f98b5422e008bb31c00c6d7f1f1c0ad6,0bfe935e70c321c7ca3afc75ce0d0ca2f98b5422e008bb31c00c6d7f1f1c0ad6,"{""basis"":""ordered nested-math atom; exact symbolic replay"",""kind"":""source-target-formula-map""}"
1.1.0,formula,O007-FREMLIN-V2-S244-FORMULA-0864,O007-FREMLIN-V2-S244,O007-RIGHTS-FREMLIN-DSL,O007-FREMLIN-V2-S244-SEG-244O,864,*244O,*244O,1072,1100,37329,37339,39933,39943,v\in L^p,v\in L^p,3c5ef5c6583ebe968e935a921c4d893e86fc7b7b4dab127d701f9efa3e63f3eb,3c5ef5c6583ebe968e935a921c4d893e86fc7b7b4dab127d701f9efa3e63f3eb,104d613809fbd47a3d0f459b821b98f511de5f9b4eda48215895d5823dc18100,$,,104d613809fbd47a3d0f459b821b98f511de5f9b4eda48215895d5823dc18100,104d613809fbd47a3d0f459b821b98f511de5f9b4eda48215895d5823dc18100,"{""basis"":""ordered nested-math atom; exact symbolic replay"",""kind"":""source-target-formula-map""}"
1.1.0,formula,O007-FREMLIN-V2-S244-FORMULA-0865,O007-FREMLIN-V2-S244,O007-RIGHTS-FREMLIN-DSL,O007-FREMLIN-V2-S244-SEG-244O,865,*244O,*244O,1074,1102,37447,37468,40068,40089,0<\|v\|_p\le\|u\|_p,0<\|v\|_p\le\|u\|_p,d6ff9263427a7913838f572a3143dbbace91d0174a91092cff0d4eb056c14c85,d6ff9263427a7913838f572a3143dbbace91d0174a91092cff0d4eb056c14c85,d6ff9263427a7913838f572a3143dbbace91d0174a91092cff0d4eb056c14c85,$,,d6ff9263427a7913838f572a3143dbbace91d0174a91092cff0d4eb056c14c85,d6ff9263427a7913838f572a3143dbbace91d0174a91092cff0d4eb056c14c85,"{""basis"":""ordered nested-math atom; exact symbolic replay"",""kind"":""source-target-formula-map""}"
1.1.0,formula,O007-FREMLIN-V2-S244-FORMULA-0866,O007-FREMLIN-V2-S244,O007-RIGHTS-FREMLIN-DSL,O007-FREMLIN-V2-S244-SEG-244O,866,*244O,*244O,1074,1103,37476,37479,40100,40103,f,f,252f10c83610ebca1a059c0bae8255eba2f95be4d1d7bcfa89d7248a82d9f111,252f10c83610ebca1a059c0bae8255eba2f95be4d1d7bcfa89d7248a82d9f111,252f10c83610ebca1a059c0bae8255eba2f95be4d1d7bcfa89d7248a82d9f111,$,,252f10c83610ebca1a059c0bae8255eba2f95be4d1d7bcfa89d7248a82d9f111,252f10c83610ebca1a059c0bae8255eba2f95be4d1d7bcfa89d7248a82d9f111,"{""basis"":""ordered nested-math atom; exact symbolic replay"",""kind"":""source-target-formula-map""}"
1.1.0,formula,O007-FREMLIN-V2-S244-FORMULA-0867,O007-FREMLIN-V2-S244,O007-RIGHTS-FREMLIN-DSL,O007-FREMLIN-V2-S244-SEG-244O,867,*244O,*244O,1074,1103,37481,37495,40105,40119,g:X\to\Bbb R,g:X\to\Bbb R,ae67e09930dfed9786f0602088c85bffce1c1e0aaef972caff1a6a2339955493,ae67e09930dfed9786f0602088c85bffce1c1e0aaef972caff1a6a2339955493,4d26ac84228ca066440b7f110976cbabed7896bf76f2b4b46e99f81082491f9f,$,,4d26ac84228ca066440b7f110976cbabed7896bf76f2b4b46e99f81082491f9f,4d26ac84228ca066440b7f110976cbabed7896bf76f2b4b46e99f81082491f9f,"{""basis"":""ordered nested-math atom; exact symbolic replay"",""kind"":""source-target-formula-map""}"
1.1.0,formula,O007-FREMLIN-V2-S244-FORMULA-0868,O007-FREMLIN-V2-S244,O007-RIGHTS-FREMLIN-DSL,O007-FREMLIN-V2-S244-SEG-244O,868,*244O,*244O,1075,1103,37499,37507,40156,40164,\Sigma,\Sigma,d65d75b1e6562713a3936bb38fdfe6832fb5b96c946de58f7ce0992057665aa8,d65d75b1e6562713a3936bb38fdfe6832fb5b96c946de58f7ce0992057665aa8,d65d75b1e6562713a3936bb38fdfe6832fb5b96c946de58f7ce0992057665aa8,$,,d65d75b1e6562713a3936bb38fdfe6832fb5b96c946de58f7ce0992057665aa8,d65d75b1e6562713a3936bb38fdfe6832fb5b96c946de58f7ce0992057665aa8,"{""basis"":""ordered nested-math atom; exact symbolic replay"",""kind"":""source-target-formula-map""}"
1.1.0,formula,O007-FREMLIN-V2-S244-FORMULA-0869,O007-FREMLIN-V2-S244,O007-RIGHTS-FREMLIN-DSL,O007-FREMLIN-V2-S244-SEG-244O,869,*244O,*244O,1075,1104,37539,37556,40185,40202,f^{\ssbullet}=u,f^{\ssbullet}=u,f493aa8dcd0a60e283e8f127b62b65c53b51fa157cfa65fb68b2884f12e58fac,f493aa8dcd0a60e283e8f127b62b65c53b51fa157cfa65fb68b2884f12e58fac,f493aa8dcd0a60e283e8f127b62b65c53b51fa157cfa65fb68b2884f12e58fac,$,,f493aa8dcd0a60e283e8f127b62b65c53b51fa157cfa65fb68b2884f12e58fac,f493aa8dcd0a60e283e8f127b62b65c53b51fa157cfa65fb68b2884f12e58fac,"{""basis"":""ordered nested-math atom; exact symbolic replay"",""kind"":""source-target-formula-map""}"
1.1.0,formula,O007-FREMLIN-V2-S244-FORMULA-0870,O007-FREMLIN-V2-S244,O007-RIGHTS-FREMLIN-DSL,O007-FREMLIN-V2-S244-SEG-244O,870,*244O,*244O,1076,1104,37561,37578,40207,40224,g^{\ssbullet}=v,g^{\ssbullet}=v,9758bd0821eef40607501239b476d6b25cdef27f2f690e828f682a76c0bfd5b0,9758bd0821eef40607501239b476d6b25cdef27f2f690e828f682a76c0bfd5b0,9758bd0821eef40607501239b476d6b25cdef27f2f690e828f682a76c0bfd5b0,$,,9758bd0821eef40607501239b476d6b25cdef27f2f690e828f682a76c0bfd5b0,9758bd0821eef40607501239b476d6b25cdef27f2f690e828f682a76c0bfd5b0,"{""basis"":""ordered nested-math atom; exact symbolic replay"",""kind"":""source-target-formula-map""}"
1.1.0,formula,O007-FREMLIN-V2-S244-FORMULA-0871,O007-FREMLIN-V2-S244,O007-RIGHTS-FREMLIN-DSL,O007-FREMLIN-V2-S244-SEG-244O,871,*244O,*244O,1076,1105,37589,37608,40243,40262,t=\|v\|_p/\|u\|_p,t=\|v\|_p/\|u\|_p,d7b49749b4ef60a79da680934efb163a9d7586c85ffc6dbf670f2ea100f734e3,d7b49749b4ef60a79da680934efb163a9d7586c85ffc6dbf670f2ea100f734e3,d7b49749b4ef60a79da680934efb163a9d7586c85ffc6dbf670f2ea100f734e3,$,,d7b49749b4ef60a79da680934efb163a9d7586c85ffc6dbf670f2ea100f734e3,d7b49749b4ef60a79da680934efb163a9d7586c85ffc6dbf670f2ea100f734e3,"{""basis"":""ordered nested-math atom; exact symbolic replay"",""kind"":""source-target-formula-map""}"
1.1.0,formula,O007-FREMLIN-V2-S244-FORMULA-0872,O007-FREMLIN-V2-S244,O007-RIGHTS-FREMLIN-DSL,O007-FREMLIN-V2-S244-SEG-244O,872,*244O,*244O,1078,1107,37611,37863,40265,40527,"\eqalignno{\|u+v\|_p^p+\|u-v\|_p^p
&=\int|f(x)+g(x)|^p+|f(x)-g(x)|^p\mu(dx)\cr
&\ge\int\psi_{f(x),g(x)}(t)\mu(dx)\cr
\displaycause{by the first inequality in (*)}
&=\|u\|_p^p\phi_0(t)+\|v\|_p^p\phi_1(t)
=(\|u\|_p+\|v\|_p)^p+|\|u\|_p-\|v\|_p|^p.\cr}","\eqalignno{\|u+v\|_p^p+\|u-v\|_p^p
&=\int|f(x)+g(x)|^p+|f(x)-g(x)|^p\mu(dx)\cr
&\ge\int\psi_{f(x),g(x)}(t)\mu(dx)\cr
\displaycause{menurut pertidaksamaan pertama dalam (*)}
&=\|u\|_p^p\phi_0(t)+\|v\|_p^p\phi_1(t)
=(\|u\|_p+\|v\|_p)^p+|\|u\|_p-\|v\|_p|^p.\cr}",17e81188cb665853c3c145d580e5560e356891d1f33a68c7bf20f926dbc9e366,e7c5f994e2a30a125b993b59ec0bdb6116a5f97ef9e230c4450900388c2c3f68,5b866262437c1198d148f62245815ec3712f4784497404a26700880ecc6626ac,$$,,b29975db5006b694c29e988755301a05f8f5cbe5c1746a8462a62a11397870eb,5b866262437c1198d148f62245815ec3712f4784497404a26700880ecc6626ac,"{""basis"":""ordered nested-math atom; reader-text localization inside math"",""kind"":""source-target-formula-map""}"
1.1.0,formula,O007-FREMLIN-V2-S244-FORMULA-0873,O007-FREMLIN-V2-S244,O007-RIGHTS-FREMLIN-DSL,O007-FREMLIN-V2-S244-SEG-244O,873,*244O,*244O,1085,1114,37888,37909,40558,40579,0<\|u\|_p\le\|v\|_p,0<\|u\|_p\le\|v\|_p,94f5709eb32b2f77fa8b3e2bba7a385653bcbde8bf28d4fd9973dc69094eb717,94f5709eb32b2f77fa8b3e2bba7a385653bcbde8bf28d4fd9973dc69094eb717,94f5709eb32b2f77fa8b3e2bba7a385653bcbde8bf28d4fd9973dc69094eb717,$,,94f5709eb32b2f77fa8b3e2bba7a385653bcbde8bf28d4fd9973dc69094eb717,94f5709eb32b2f77fa8b3e2bba7a385653bcbde8bf28d4fd9973dc69094eb717,"{""basis"":""ordered nested-math atom; exact symbolic replay"",""kind"":""source-target-formula-map""}"
1.1.0,formula,O007-FREMLIN-V2-S244-FORMULA-0874,O007-FREMLIN-V2-S244,O007-RIGHTS-FREMLIN-DSL,O007-FREMLIN-V2-S244-SEG-244O,874,*244O,*244O,1086,1115,37940,37943,40598,40601,u,u,0bfe935e70c321c7ca3afc75ce0d0ca2f98b5422e008bb31c00c6d7f1f1c0ad6,0bfe935e70c321c7ca3afc75ce0d0ca2f98b5422e008bb31c00c6d7f1f1c0ad6,0bfe935e70c321c7ca3afc75ce0d0ca2f98b5422e008bb31c00c6d7f1f1c0ad6,$,,0bfe935e70c321c7ca3afc75ce0d0ca2f98b5422e008bb31c00c6d7f1f1c0ad6,0bfe935e70c321c7ca3afc75ce0d0ca2f98b5422e008bb31c00c6d7f1f1c0ad6,"{""basis"":""ordered nested-math atom; exact symbolic replay"",""kind"":""source-target-formula-map""}"
1.1.0,formula,O007-FREMLIN-V2-S244-FORMULA-0875,O007-FREMLIN-V2-S244,O007-RIGHTS-FREMLIN-DSL,O007-FREMLIN-V2-S244-SEG-244O,875,*244O,*244O,1086,1115,37947,37950,40607,40610,v,v,4c94485e0c21ae6c41ce1dfe7b6bfaceea5ab68e40a2476f50208e526f506080,4c94485e0c21ae6c41ce1dfe7b6bfaceea5ab68e40a2476f50208e526f506080,4c94485e0c21ae6c41ce1dfe7b6bfaceea5ab68e40a2476f50208e526f506080,$,,4c94485e0c21ae6c41ce1dfe7b6bfaceea5ab68e40a2476f50208e526f506080,4c94485e0c21ae6c41ce1dfe7b6bfaceea5ab68e40a2476f50208e526f506080,"{""basis"":""ordered nested-math atom; exact symbolic replay"",""kind"":""source-target-formula-map""}"
1.1.0,formula,O007-FREMLIN-V2-S244-FORMULA-0876,O007-FREMLIN-V2-S244,O007-RIGHTS-FREMLIN-DSL,O007-FREMLIN-V2-S244-SEG-244O,876,*244O,*244O,1090,1119,38008,38020,40683,40695,\epsilon>0,\epsilon>0,4c7785f41b6ba845fbf6fe3db625563505eedd141a7e6a016df047b5d14c0cc7,4c7785f41b6ba845fbf6fe3db625563505eedd141a7e6a016df047b5d14c0cc7,4c7785f41b6ba845fbf6fe3db625563505eedd141a7e6a016df047b5d14c0cc7,$,,4c7785f41b6ba845fbf6fe3db625563505eedd141a7e6a016df047b5d14c0cc7,4c7785f41b6ba845fbf6fe3db625563505eedd141a7e6a016df047b5d14c0cc7,"{""basis"":""ordered nested-math atom; exact symbolic replay"",""kind"":""source-target-formula-map""}"
1.1.0,formula,O007-FREMLIN-V2-S244-FORMULA-0877,O007-FREMLIN-V2-S244,O007-RIGHTS-FREMLIN-DSL,O007-FREMLIN-V2-S244-SEG-244O,877,*244O,*244O,1090,1120,38028,38064,40706,40742,\gamma=\phi_2(\bover{\epsilon}2)>2,\gamma=\phi_2(\bover{\epsilon}2)>2,63b3af518056ecd53840463389c85f7ed665b3bf00c01434fe73350b543cf56f,63b3af518056ecd53840463389c85f7ed665b3bf00c01434fe73350b543cf56f,63b3af518056ecd53840463389c85f7ed665b3bf00c01434fe73350b543cf56f,$,,63b3af518056ecd53840463389c85f7ed665b3bf00c01434fe73350b543cf56f,63b3af518056ecd53840463389c85f7ed665b3bf00c01434fe73350b543cf56f,"{""basis"":""ordered nested-math atom; exact symbolic replay"",""kind"":""source-target-formula-map""}"
1.1.0,formula,O007-FREMLIN-V2-S244-FORMULA-0878,O007-FREMLIN-V2-S244,O007-RIGHTS-FREMLIN-DSL,O007-FREMLIN-V2-S244-SEG-244O,878,*244O,*244O,1092,1121,38089,38140,40771,40822,\delta=2\bigl(1-(\Bover{2}{\gamma})^{1/p}\bigr)>0,\delta=2\bigl(1-(\Bover{2}{\gamma})^{1/p}\bigr)>0,2e93e76d1ea40c396933db2086b359f803da16a0892be1f611cdf81436401950,2e93e76d1ea40c396933db2086b359f803da16a0892be1f611cdf81436401950,2e93e76d1ea40c396933db2086b359f803da16a0892be1f611cdf81436401950,$,,2e93e76d1ea40c396933db2086b359f803da16a0892be1f611cdf81436401950,2e93e76d1ea40c396933db2086b359f803da16a0892be1f611cdf81436401950,"{""basis"":""ordered nested-math atom; exact symbolic replay"",""kind"":""source-target-formula-map""}"
1.1.0,formula,O007-FREMLIN-V2-S244-FORMULA-0879,O007-FREMLIN-V2-S244,O007-RIGHTS-FREMLIN-DSL,O007-FREMLIN-V2-S244-SEG-244O,879,*244O,*244O,1093,1122,38159,38178,40848,40867,\|u\|_p=\|v\|_p=1,\|u\|_p=\|v\|_p=1,2748b4d00e19fe6e79012cd5f003067656bb4405f151768be6f4459d8aea49f7,2748b4d00e19fe6e79012cd5f003067656bb4405f151768be6f4459d8aea49f7,2748b4d00e19fe6e79012cd5f003067656bb4405f151768be6f4459d8aea49f7,$,,2748b4d00e19fe6e79012cd5f003067656bb4405f151768be6f4459d8aea49f7,2748b4d00e19fe6e79012cd5f003067656bb4405f151768be6f4459d8aea49f7,"{""basis"":""ordered nested-math atom; exact symbolic replay"",""kind"":""source-target-formula-map""}"
1.1.0,formula,O007-FREMLIN-V2-S244-FORMULA-0880,O007-FREMLIN-V2-S244,O007-RIGHTS-FREMLIN-DSL,O007-FREMLIN-V2-S244-SEG-244O,880,*244O,*244O,1094,1123,38183,38205,40872,40894,\|u-v\|_p\ge\epsilon,\|u-v\|_p\ge\epsilon,d38b3461938b0100c70e1482ff6c49832107642db281cf72d0127b998bf95fbc,d38b3461938b0100c70e1482ff6c49832107642db281cf72d0127b998bf95fbc,d38b3461938b0100c70e1482ff6c49832107642db281cf72d0127b998bf95fbc,$,,d38b3461938b0100c70e1482ff6c49832107642db281cf72d0127b998bf95fbc,d38b3461938b0100c70e1482ff6c49832107642db281cf72d0127b998bf95fbc,"{""basis"":""ordered nested-math atom; exact symbolic replay"",""kind"":""source-target-formula-map""}"
1.1.0,formula,O007-FREMLIN-V2-S244-FORMULA-0881,O007-FREMLIN-V2-S244,O007-RIGHTS-FREMLIN-DSL,O007-FREMLIN-V2-S244-SEG-244O,881,*244O,*244O,1094,1123,38214,38237,40901,40924,\|u+v\|_p\le 2-\delta,\|u+v\|_p\le 2-\delta,fc6622e224336fbd7b8531455148e9157b4a078173f990ace0c0e8bfea34f1e0,fc6622e224336fbd7b8531455148e9157b4a078173f990ace0c0e8bfea34f1e0,39b040f38ae11c1515902d8311eeab43c8cb97c24dbc9b1b2b15222c34fce24f,$,,39b040f38ae11c1515902d8311eeab43c8cb97c24dbc9b1b2b15222c34fce24f,39b040f38ae11c1515902d8311eeab43c8cb97c24dbc9b1b2b15222c34fce24f,"{""basis"":""ordered nested-math atom; exact symbolic replay"",""kind"":""source-target-formula-map""}"
1.1.0,formula,O007-FREMLIN-V2-S244-FORMULA-0882,O007-FREMLIN-V2-S244,O007-RIGHTS-FREMLIN-DSL,O007-FREMLIN-V2-S244-SEG-244O,882,*244O,*244O,1095,1124,38250,38257,40937,40944,u+v=0,u+v=0,5df9f586e005e9185e406f21fa77e3481c7d4bae85d6d73c6a1b61132c50d90e,5df9f586e005e9185e406f21fa77e3481c7d4bae85d6d73c6a1b61132c50d90e,5df9f586e005e9185e406f21fa77e3481c7d4bae85d6d73c6a1b61132c50d90e,$,,5df9f586e005e9185e406f21fa77e3481c7d4bae85d6d73c6a1b61132c50d90e,5df9f586e005e9185e406f21fa77e3481c7d4bae85d6d73c6a1b61132c50d90e,"{""basis"":""ordered nested-math atom; exact symbolic replay"",""kind"":""source-target-formula-map""}"
1.1.0,formula,O007-FREMLIN-V2-S244-FORMULA-0883,O007-FREMLIN-V2-S244,O007-RIGHTS-FREMLIN-DSL,O007-FREMLIN-V2-S244-SEG-244O,883,*244O,*244O,1095,1125,38292,38305,40990,41003,a=\|u+v\|_p,a=\|u+v\|_p,3062324799abe6d1fd232698d4b52a575c0d761d2b780ff3b072a82ea25ce4fe,3062324799abe6d1fd232698d4b52a575c0d761d2b780ff3b072a82ea25ce4fe,3062324799abe6d1fd232698d4b52a575c0d761d2b780ff3b072a82ea25ce4fe,$,,3062324799abe6d1fd232698d4b52a575c0d761d2b780ff3b072a82ea25ce4fe,3062324799abe6d1fd232698d4b52a575c0d761d2b780ff3b072a82ea25ce4fe,"{""basis"":""ordered nested-math atom; exact symbolic replay"",""kind"":""source-target-formula-map""}"
1.1.0,formula,O007-FREMLIN-V2-S244-FORMULA-0884,O007-FREMLIN-V2-S244,O007-RIGHTS-FREMLIN-DSL,O007-FREMLIN-V2-S244-SEG-244O,884,*244O,*244O,1095,1125,38310,38323,41008,41021,b=\|u-v\|_p,b=\|u-v\|_p,ae17f2e87e696f0d51a3bbce50b701a3200f6a77c76960d3fcf4d6b6996d2fce,ae17f2e87e696f0d51a3bbce50b701a3200f6a77c76960d3fcf4d6b6996d2fce,ae17f2e87e696f0d51a3bbce50b701a3200f6a77c76960d3fcf4d6b6996d2fce,$,,ae17f2e87e696f0d51a3bbce50b701a3200f6a77c76960d3fcf4d6b6996d2fce,ae17f2e87e696f0d51a3bbce50b701a3200f6a77c76960d3fcf4d6b6996d2fce,"{""basis"":""ordered nested-math atom; exact symbolic replay"",""kind"":""source-target-formula-map""}"
1.1.0,formula,O007-FREMLIN-V2-S244-FORMULA-0885,O007-FREMLIN-V2-S244,O007-RIGHTS-FREMLIN-DSL,O007-FREMLIN-V2-S244-SEG-244O,885,*244O,*244O,1096,1125,38330,38338,41028,41036,a\le 2,a\le 2,3d362b02f543ed65fc08b63619015feefce134880ab4833c3bbb693e734510be,3d362b02f543ed65fc08b63619015feefce134880ab4833c3bbb693e734510be,0df07018c29cf9876315b9d0ae8fd294fe22195b677a4b1bfc8cf6e7526d1051,$,,0df07018c29cf9876315b9d0ae8fd294fe22195b677a4b1bfc8cf6e7526d1051,0df07018c29cf9876315b9d0ae8fd294fe22195b677a4b1bfc8cf6e7526d1051,"{""basis"":""ordered nested-math atom; exact symbolic replay"",""kind"":""source-target-formula-map""}"
1.1.0,formula,O007-FREMLIN-V2-S244-FORMULA-0886,O007-FREMLIN-V2-S244,O007-RIGHTS-FREMLIN-DSL,O007-FREMLIN-V2-S244-SEG-244O,886,*244O,*244O,1096,1125,38343,38357,41041,41055,b\ge\epsilon,b\ge\epsilon,dbf03b1343a4663a993f01c6554a2387ecafee48f133b5c858419fd0d36b4d0b,dbf03b1343a4663a993f01c6554a2387ecafee48f133b5c858419fd0d36b4d0b,dbf03b1343a4663a993f01c6554a2387ecafee48f133b5c858419fd0d36b4d0b,$,,dbf03b1343a4663a993f01c6554a2387ecafee48f133b5c858419fd0d36b4d0b,dbf03b1343a4663a993f01c6554a2387ecafee48f133b5c858419fd0d36b4d0b,"{""basis"":""ordered nested-math atom; exact symbolic replay"",""kind"":""source-target-formula-map""}"
1.1.0,formula,O007-FREMLIN-V2-S244-FORMULA-0887,O007-FREMLIN-V2-S244,O007-RIGHTS-FREMLIN-DSL,O007-FREMLIN-V2-S244-SEG-244O,887,*244O,*244O,1098,1128,38363,38621,41067,41344,"\eqalignno{a^p\gamma
&=a^p\phi_2(\Bover{\epsilon}2)
\le a^p\phi_2(\Bover{b}{a})\cr
\displaycause{by (a-iii) again}
&=(a+b)^p+|a-b|^p
=(\|u+v\|_p+\|u-v\|_p)^p+|\|u+v\|_p-\|u-v\|_p|^p\cr
&\le\|2u\|_p^p+\|2v\|_p^p\cr
\displaycause{by (i) here}
&=2^{p+1}\cr}","\eqalignno{a^p\gamma
&=a^p\phi_2(\Bover{\epsilon}2)
\le a^p\phi_2(\Bover{b}{a})\cr
\displaycause{sekali lagi menurut (a-iii)}
&=(a+b)^p+|a-b|^p
=(\|u+v\|_p+\|u-v\|_p)^p+|\|u+v\|_p-\|u-v\|_p|^p\cr
&\le\|2u\|_p^p+\|2v\|_p^p\cr
\displaycause{menurut (i) di sini}
&=2^{p+1}\cr}",0197ebb209f4a210c5aefc90089d84db613bfda565a319047f800d1fd8229287,f0f3404720df879a03c875effdc1e66c817a72cdc5033f7013cbdfe44a7b1c4f,6e7e626381479f6832b38df9bb006e73fceaf166ba15cfb92848d212ae57fa99,$$,,269b926aa2caea0475fd71d6ff7e7dd6cfdb393d306e20ac92c87281b1dc25dc,6e7e626381479f6832b38df9bb006e73fceaf166ba15cfb92848d212ae57fa99,"{""basis"":""ordered nested-math atom; reader-text localization inside math"",""kind"":""source-target-formula-map""}"
1.1.0,formula,O007-FREMLIN-V2-S244-FORMULA-0888,O007-FREMLIN-V2-S244,O007-RIGHTS-FREMLIN-DSL,O007-FREMLIN-V2-S244-SEG-244O,888,*244O,*244O,1109,1139,38637,38689,41360,41412,a\le 2\bigl(\Bover{2}{\gamma}\bigr)^{1/p}=2-\delta,a\le 2\bigl(\Bover{2}{\gamma}\bigr)^{1/p}=2-\delta,a6b96b1361508a4225ad73d5434618ed99a2918a46342b03d1bf2e4795ad929a,a6b96b1361508a4225ad73d5434618ed99a2918a46342b03d1bf2e4795ad929a,e2c4ab94c224a1372447249e67d7657025bbcf4c84955805e31299baa0cb3045,$,,e2c4ab94c224a1372447249e67d7657025bbcf4c84955805e31299baa0cb3045,e2c4ab94c224a1372447249e67d7657025bbcf4c84955805e31299baa0cb3045,"{""basis"":""ordered nested-math atom; exact symbolic replay"",""kind"":""source-target-formula-map""}"
1.1.0,formula,O007-FREMLIN-V2-S244-FORMULA-0889,O007-FREMLIN-V2-S244,O007-RIGHTS-FREMLIN-DSL,O007-FREMLIN-V2-S244-SEG-244O,889,*244O,*244O,1109,1140,38702,38705,41428,41431,u,u,0bfe935e70c321c7ca3afc75ce0d0ca2f98b5422e008bb31c00c6d7f1f1c0ad6,0bfe935e70c321c7ca3afc75ce0d0ca2f98b5422e008bb31c00c6d7f1f1c0ad6,0bfe935e70c321c7ca3afc75ce0d0ca2f98b5422e008bb31c00c6d7f1f1c0ad6,$,,0bfe935e70c321c7ca3afc75ce0d0ca2f98b5422e008bb31c00c6d7f1f1c0ad6,0bfe935e70c321c7ca3afc75ce0d0ca2f98b5422e008bb31c00c6d7f1f1c0ad6,"{""basis"":""ordered nested-math atom; exact symbolic replay"",""kind"":""source-target-formula-map""}"
1.1.0,formula,O007-FREMLIN-V2-S244-FORMULA-0890,O007-FREMLIN-V2-S244,O007-RIGHTS-FREMLIN-DSL,O007-FREMLIN-V2-S244-SEG-244O,890,*244O,*244O,1110,1140,38707,38710,41433,41436,v,v,4c94485e0c21ae6c41ce1dfe7b6bfaceea5ab68e40a2476f50208e526f506080,4c94485e0c21ae6c41ce1dfe7b6bfaceea5ab68e40a2476f50208e526f506080,4c94485e0c21ae6c41ce1dfe7b6bfaceea5ab68e40a2476f50208e526f506080,$,,4c94485e0c21ae6c41ce1dfe7b6bfaceea5ab68e40a2476f50208e526f506080,4c94485e0c21ae6c41ce1dfe7b6bfaceea5ab68e40a2476f50208e526f506080,"{""basis"":""ordered nested-math atom; exact symbolic replay"",""kind"":""source-target-formula-map""}"
1.1.0,formula,O007-FREMLIN-V2-S244-FORMULA-0891,O007-FREMLIN-V2-S244,O007-RIGHTS-FREMLIN-DSL,O007-FREMLIN-V2-S244-SEG-244O,891,*244O,*244O,1110,1140,38715,38725,41441,41451,\epsilon,\epsilon,8bc4bfc2bdebfaac14a98cde1deb3cf75202e7908905efb95c939c0481951f77,8bc4bfc2bdebfaac14a98cde1deb3cf75202e7908905efb95c939c0481951f77,8bc4bfc2bdebfaac14a98cde1deb3cf75202e7908905efb95c939c0481951f77,$,,8bc4bfc2bdebfaac14a98cde1deb3cf75202e7908905efb95c939c0481951f77,8bc4bfc2bdebfaac14a98cde1deb3cf75202e7908905efb95c939c0481951f77,"{""basis"":""ordered nested-math atom; exact symbolic replay"",""kind"":""source-target-formula-map""}"
1.1.0,formula,O007-FREMLIN-V2-S244-FORMULA-0892,O007-FREMLIN-V2-S244,O007-RIGHTS-FREMLIN-DSL,O007-FREMLIN-V2-S244-SEG-244O,892,*244O,*244O,1110,1140,38741,38746,41463,41468,L^p,L^p,0de1bee007df208a54c85a6cf3aa6c06e2a922620965a43478a0496c27e05aa0,0de1bee007df208a54c85a6cf3aa6c06e2a922620965a43478a0496c27e05aa0,0de1bee007df208a54c85a6cf3aa6c06e2a922620965a43478a0496c27e05aa0,$,,0de1bee007df208a54c85a6cf3aa6c06e2a922620965a43478a0496c27e05aa0,0de1bee007df208a54c85a6cf3aa6c06e2a922620965a43478a0496c27e05aa0,"{""basis"":""ordered nested-math atom; exact symbolic replay"",""kind"":""source-target-formula-map""}"
1.1.0,formula,O007-FREMLIN-V2-S244-FORMULA-0893,O007-FREMLIN-V2-S244,O007-RIGHTS-FREMLIN-DSL,O007-FREMLIN-V2-S244-SEG-244P,893,244P,244P,1118,1148,38945,38950,41661,41666,L^p,L^p,0de1bee007df208a54c85a6cf3aa6c06e2a922620965a43478a0496c27e05aa0,0de1bee007df208a54c85a6cf3aa6c06e2a922620965a43478a0496c27e05aa0,0de1bee007df208a54c85a6cf3aa6c06e2a922620965a43478a0496c27e05aa0,$,,0de1bee007df208a54c85a6cf3aa6c06e2a922620965a43478a0496c27e05aa0,0de1bee007df208a54c85a6cf3aa6c06e2a922620965a43478a0496c27e05aa0,"{""basis"":""ordered nested-math atom; exact symbolic replay"",""kind"":""source-target-formula-map""}"
1.1.0,formula,O007-FREMLIN-V2-S244-FORMULA-0894,O007-FREMLIN-V2-S244,O007-RIGHTS-FREMLIN-DSL,O007-FREMLIN-V2-S244-SEG-244P,894,244P,244P,1119,1149,38976,38992,41706,41722,"(X,\Sigma,\mu)","(X,\Sigma,\mu)",05e9b769403b4c7926a944d5aaa03f00bb216412bc3f850e41b3c28de657aa67,05e9b769403b4c7926a944d5aaa03f00bb216412bc3f850e41b3c28de657aa67,05e9b769403b4c7926a944d5aaa03f00bb216412bc3f850e41b3c28de657aa67,$,,05e9b769403b4c7926a944d5aaa03f00bb216412bc3f850e41b3c28de657aa67,05e9b769403b4c7926a944d5aaa03f00bb216412bc3f850e41b3c28de657aa67,"{""basis"":""ordered nested-math atom; exact symbolic replay"",""kind"":""source-target-formula-map""}"
1.1.0,formula,O007-FREMLIN-V2-S244-FORMULA-0895,O007-FREMLIN-V2-S244,O007-RIGHTS-FREMLIN-DSL,O007-FREMLIN-V2-S244-SEG-244PA,895,244Pa,244Pa,1121,1151,39048,39070,41784,41806,"p\in\ooint{1,\infty}","p\in\ooint{1,\infty}",b26ec130e99a291da75f46354a0a86a5b604537ec8e83ade5c90b74f8a59770e,b26ec130e99a291da75f46354a0a86a5b604537ec8e83ade5c90b74f8a59770e,b26ec130e99a291da75f46354a0a86a5b604537ec8e83ade5c90b74f8a59770e,$,,b26ec130e99a291da75f46354a0a86a5b604537ec8e83ade5c90b74f8a59770e,b26ec130e99a291da75f46354a0a86a5b604537ec8e83ade5c90b74f8a59770e,"{""basis"":""ordered nested-math atom; exact symbolic replay"",""kind"":""source-target-formula-map""}"
1.1.0,formula,O007-FREMLIN-V2-S244-FORMULA-0896,O007-FREMLIN-V2-S244,O007-RIGHTS-FREMLIN-DSL,O007-FREMLIN-V2-S244-SEG-244PA,896,244Pa,244Pa,1123,1153,39089,39174,41830,41915,"\eusm L^p_{\Bbb C}=\eusm L^p_{\Bbb C}(\mu)
=\{f:f\in\eusm L^0_{\Bbb C}(\mu),\,|f|^p","\eusm L^p_{\Bbb C}=\eusm L^p_{\Bbb C}(\mu)
=\{f:f\in\eusm L^0_{\Bbb C}(\mu),\,|f|^p",dc9bc106901afb883781cc800f9e07b9b182d9fa65c1a542dcd4c356baf15023,dc9bc106901afb883781cc800f9e07b9b182d9fa65c1a542dcd4c356baf15023,e0e037a763c146061772ad09f0d2bac035d00b4ab3e9ebd116ff3ea6712264fe,$,,e0e037a763c146061772ad09f0d2bac035d00b4ab3e9ebd116ff3ea6712264fe,e0e037a763c146061772ad09f0d2bac035d00b4ab3e9ebd116ff3ea6712264fe,"{""basis"":""ordered nested-math atom; exact symbolic replay"",""kind"":""source-target-formula-map""}"
1.1.0,formula,O007-FREMLIN-V2-S244-FORMULA-0897,O007-FREMLIN-V2-S244,O007-RIGHTS-FREMLIN-DSL,O007-FREMLIN-V2-S244-SEG-244PA,897,244Pa,244Pa,1124,1154,39188,39192,41930,41934,\},\},c7354723e6131b5ec74c8f01425bec37d342f01160f79fdc915ad7c57dcce262,c7354723e6131b5ec74c8f01425bec37d342f01160f79fdc915ad7c57dcce262,c7354723e6131b5ec74c8f01425bec37d342f01160f79fdc915ad7c57dcce262,$,,c7354723e6131b5ec74c8f01425bec37d342f01160f79fdc915ad7c57dcce262,c7354723e6131b5ec74c8f01425bec37d342f01160f79fdc915ad7c57dcce262,"{""basis"":""ordered nested-math atom; exact symbolic replay"",""kind"":""source-target-formula-map""}"
1.1.0,formula,O007-FREMLIN-V2-S244-FORMULA-0898,O007-FREMLIN-V2-S244,O007-RIGHTS-FREMLIN-DSL,O007-FREMLIN-V2-S244-SEG-244PA,898,244Pa,244Pa,1126,1156,39196,39429,41938,42171,"\eqalign{L^p_{\Bbb C}=L^p_{\Bbb C}(\mu)
&=\{f^{\ssbullet}:f\in\eusm L^p_{\Bbb C}\}\cr
&=\{u:u\in L^0_{\Bbb C}(\mu),\,\Real(u)\in L^p(\mu)\text{ and }
\Imag(u)\in L^p(\mu)\}\cr
&=\{u:u\in L^0_{\Bbb C}(\mu),\,|u|\in L^p(\mu)\}.\cr}","\eqalign{L^p_{\Bbb C}=L^p_{\Bbb C}(\mu)
&=\{f^{\ssbullet}:f\in\eusm L^p_{\Bbb C}\}\cr
&=\{u:u\in L^0_{\Bbb C}(\mu),\,\Real(u)\in L^p(\mu)\text{ dan }
\Imag(u)\in L^p(\mu)\}\cr
&=\{u:u\in L^0_{\Bbb C}(\mu),\,|u|\in L^p(\mu)\}.\cr}",550cbe0d4a607e89145664294cc3a166b1860f015fd6727e0d519479285efc54,48d457d9da14722e3f85ac7508d54dfab9711c3bc8fae5b66d0ad9a5269b9a21,3d4086e3dd16c876b26e2512cbf55106b73e6b48a9a2d78f5bf6265bb8fcad06,$$,,3d4086e3dd16c876b26e2512cbf55106b73e6b48a9a2d78f5bf6265bb8fcad06,3d4086e3dd16c876b26e2512cbf55106b73e6b48a9a2d78f5bf6265bb8fcad06,"{""basis"":""ordered nested-math atom; exact symbolic replay"",""kind"":""source-target-formula-map""}"
1.1.0,formula,O007-FREMLIN-V2-S244-FORMULA-0899,O007-FREMLIN-V2-S244,O007-RIGHTS-FREMLIN-DSL,O007-FREMLIN-V2-S244-SEG-244PA,899,244Pa,244Pa,1132,1162,39446,39460,42188,42202,L^p_{\Bbb C},L^p_{\Bbb C},8a8f66e1a84250c02e9f117b6c02e2070fcd8ccb31acac2380665ffcd87dc3e4,8a8f66e1a84250c02e9f117b6c02e2070fcd8ccb31acac2380665ffcd87dc3e4,ed0be152eb509d0f011668676ccbd513dd0e22e638e228a0ddc598b312d1c36f,$,,ed0be152eb509d0f011668676ccbd513dd0e22e638e228a0ddc598b312d1c36f,ed0be152eb509d0f011668676ccbd513dd0e22e638e228a0ddc598b312d1c36f,"{""basis"":""ordered nested-math atom; exact symbolic replay"",""kind"":""source-target-formula-map""}"
1.1.0,formula,O007-FREMLIN-V2-S244-FORMULA-0900,O007-FREMLIN-V2-S244,O007-RIGHTS-FREMLIN-DSL,O007-FREMLIN-V2-S244-SEG-244PA,900,244Pa,244Pa,1132,1163,39485,39504,42234,42253,L^0_{\Bbb C}(\mu),L^0_{\Bbb C}(\mu),200bb323ab3acde7f859e0adb95b423d848b3f70e4ec4f075e2372f19281dc2d,200bb323ab3acde7f859e0adb95b423d848b3f70e4ec4f075e2372f19281dc2d,6cd39ab6263deef81bfd3f85f6bc309d2d2a27b5dedfcb54006d383a27d4b2b6,$,,6cd39ab6263deef81bfd3f85f6bc309d2d2a27b5dedfcb54006d383a27d4b2b6,6cd39ab6263deef81bfd3f85f6bc309d2d2a27b5dedfcb54006d383a27d4b2b6,"{""basis"":""ordered nested-math atom; exact symbolic replay"",""kind"":""source-target-formula-map""}"
1.1.0,formula,O007-FREMLIN-V2-S244-FORMULA-0901,O007-FREMLIN-V2-S244,O007-RIGHTS-FREMLIN-DSL,O007-FREMLIN-V2-S244-SEG-244PA,901,244Pa,244Pa,1133,1164,39510,39547,42264,42301,\|u\|_p=\||u|\|_p=(\int|u|^p)^{1/p},\|u\|_p=\||u|\|_p=(\int|u|^p)^{1/p},91513d150daf30285903cb044227120e8d5289a38c9a71f46e87b610bdf3f7e8,91513d150daf30285903cb044227120e8d5289a38c9a71f46e87b610bdf3f7e8,91513d150daf30285903cb044227120e8d5289a38c9a71f46e87b610bdf3f7e8,$,,91513d150daf30285903cb044227120e8d5289a38c9a71f46e87b610bdf3f7e8,91513d150daf30285903cb044227120e8d5289a38c9a71f46e87b610bdf3f7e8,"{""basis"":""ordered nested-math atom; exact symbolic replay"",""kind"":""source-target-formula-map""}"
1.1.0,formula,O007-FREMLIN-V2-S244-FORMULA-0902,O007-FREMLIN-V2-S244,O007-RIGHTS-FREMLIN-DSL,O007-FREMLIN-V2-S244-SEG-244PA,902,244Pa,244Pa,1133,1164,39552,39571,42308,42327,u\in L^p_{\Bbb C},u\in L^p_{\Bbb C},42f550d5ad81749c5f6a53fe665ac16082d441dd6031b1fbd0b6e88e4ccc50a3,42f550d5ad81749c5f6a53fe665ac16082d441dd6031b1fbd0b6e88e4ccc50a3,0806ef7ff7604a8f6bd8516f959fbc392c4e33220b56ae36ebba037478d66df1,$,,0806ef7ff7604a8f6bd8516f959fbc392c4e33220b56ae36ebba037478d66df1,0806ef7ff7604a8f6bd8516f959fbc392c4e33220b56ae36ebba037478d66df1,"{""basis"":""ordered nested-math atom; exact symbolic replay"",""kind"":""source-target-formula-map""}"
1.1.0,formula,O007-FREMLIN-V2-S244-FORMULA-0903,O007-FREMLIN-V2-S244,O007-RIGHTS-FREMLIN-DSL,O007-FREMLIN-V2-S244-SEG-244PB,903,244Pb,244Pb,1136,1167,39679,39690,42452,42463,q=p/(p-1),q=p/(p-1),d7aa0b2a7604ff1cb280ab9cfecbf80cbf586a415ba605980c92c346130d471d,d7aa0b2a7604ff1cb280ab9cfecbf80cbf586a415ba605980c92c346130d471d,d7aa0b2a7604ff1cb280ab9cfecbf80cbf586a415ba605980c92c346130d471d,$,,d7aa0b2a7604ff1cb280ab9cfecbf80cbf586a415ba605980c92c346130d471d,d7aa0b2a7604ff1cb280ab9cfecbf80cbf586a415ba605980c92c346130d471d,"{""basis"":""ordered nested-math atom; exact symbolic replay"",""kind"":""source-target-formula-map""}"
1.1.0,formula,O007-FREMLIN-V2-S244-FORMULA-0904,O007-FREMLIN-V2-S244,O007-RIGHTS-FREMLIN-DSL,O007-FREMLIN-V2-S244-SEG-244PB,904,244Pb,244Pb,1138,1170,39711,39745,42493,42527,\|u\times v\|_1\le\|u\|_p\|v\|_q,\|u\times v\|_1\le\|u\|_p\|v\|_q,a2ce7e6be601748ff579da57131e1e48723fb6d8ab6e8857582739a39f89927c,a2ce7e6be601748ff579da57131e1e48723fb6d8ab6e8857582739a39f89927c,caf10adcb2cf9cafe15e2e74d84ce290121b12151bf5c8848a24b1355669a2b0,$,,caf10adcb2cf9cafe15e2e74d84ce290121b12151bf5c8848a24b1355669a2b0,caf10adcb2cf9cafe15e2e74d84ce290121b12151bf5c8848a24b1355669a2b0,"{""basis"":""ordered nested-math atom; exact symbolic replay"",""kind"":""source-target-formula-map""}"
1.1.0,formula,O007-FREMLIN-V2-S244-FORMULA-0905,O007-FREMLIN-V2-S244,O007-RIGHTS-FREMLIN-DSL,O007-FREMLIN-V2-S244-SEG-244PB,905,244Pb,244Pb,1140,1172,39766,39785,42552,42571,u\in L^p_{\Bbb C},u\in L^p_{\Bbb C},42f550d5ad81749c5f6a53fe665ac16082d441dd6031b1fbd0b6e88e4ccc50a3,42f550d5ad81749c5f6a53fe665ac16082d441dd6031b1fbd0b6e88e4ccc50a3,0806ef7ff7604a8f6bd8516f959fbc392c4e33220b56ae36ebba037478d66df1,$,,0806ef7ff7604a8f6bd8516f959fbc392c4e33220b56ae36ebba037478d66df1,0806ef7ff7604a8f6bd8516f959fbc392c4e33220b56ae36ebba037478d66df1,"{""basis"":""ordered nested-math atom; exact symbolic replay"",""kind"":""source-target-formula-map""}"
1.1.0,formula,O007-FREMLIN-V2-S244-FORMULA-0906,O007-FREMLIN-V2-S244,O007-RIGHTS-FREMLIN-DSL,O007-FREMLIN-V2-S244-SEG-244PB,906,244Pb,244Pb,1140,1172,39787,39806,42573,42592,v\in L^q_{\Bbb C},v\in L^q_{\Bbb C},324a1a69c3f9edcfd8475cfc06c835cd78f13b0291755c8c8d31f3a2ffd5bcc7,324a1a69c3f9edcfd8475cfc06c835cd78f13b0291755c8c8d31f3a2ffd5bcc7,0b59a9de85c2c7a929542f1d01df7b95113505063bf5824e4aced8945942c218,$,,0b59a9de85c2c7a929542f1d01df7b95113505063bf5824e4aced8945942c218,0b59a9de85c2c7a929542f1d01df7b95113505063bf5824e4aced8945942c218,"{""basis"":""ordered nested-math atom; exact symbolic replay"",""kind"":""source-target-formula-map""}"
1.1.0,formula,O007-FREMLIN-V2-S244-FORMULA-0907,O007-FREMLIN-V2-S244,O007-RIGHTS-FREMLIN-DSL,O007-FREMLIN-V2-S244-SEG-244PB,907,244Pb,244Pb,1143,1175,39842,39861,42629,42648,u\in L^p_{\Bbb C},u\in L^p_{\Bbb C},42f550d5ad81749c5f6a53fe665ac16082d441dd6031b1fbd0b6e88e4ccc50a3,42f550d5ad81749c5f6a53fe665ac16082d441dd6031b1fbd0b6e88e4ccc50a3,0806ef7ff7604a8f6bd8516f959fbc392c4e33220b56ae36ebba037478d66df1,$,,0806ef7ff7604a8f6bd8516f959fbc392c4e33220b56ae36ebba037478d66df1,0806ef7ff7604a8f6bd8516f959fbc392c4e33220b56ae36ebba037478d66df1,"{""basis"":""ordered nested-math atom; exact symbolic replay"",""kind"":""source-target-formula-map""}"
1.1.0,formula,O007-FREMLIN-V2-S244-FORMULA-0908,O007-FREMLIN-V2-S244,O007-RIGHTS-FREMLIN-DSL,O007-FREMLIN-V2-S244-SEG-244PB,908,244Pb,244Pb,1143,1176,39873,39892,42658,42677,v\in L^q_{\Bbb C},v\in L^q_{\Bbb C},324a1a69c3f9edcfd8475cfc06c835cd78f13b0291755c8c8d31f3a2ffd5bcc7,324a1a69c3f9edcfd8475cfc06c835cd78f13b0291755c8c8d31f3a2ffd5bcc7,0b59a9de85c2c7a929542f1d01df7b95113505063bf5824e4aced8945942c218,$,,0b59a9de85c2c7a929542f1d01df7b95113505063bf5824e4aced8945942c218,0b59a9de85c2c7a929542f1d01df7b95113505063bf5824e4aced8945942c218,"{""basis"":""ordered nested-math atom; exact symbolic replay"",""kind"":""source-target-formula-map""}"
1.1.0,formula,O007-FREMLIN-V2-S244-FORMULA-0909,O007-FREMLIN-V2-S244,O007-RIGHTS-FREMLIN-DSL,O007-FREMLIN-V2-S244-SEG-244PB,909,244Pb,244Pb,1144,1176,39903,39917,42698,42712,\|v\|_q\le 1,\|v\|_q\le 1,ea15ca28fdeb8cbb3903e67f30eb69bf7edff1cec0bf23dd489c4a7ebf4106c7,ea15ca28fdeb8cbb3903e67f30eb69bf7edff1cec0bf23dd489c4a7ebf4106c7,b68ba1695f7f0447d402a3fcea8af1f7c265519c7d6b4828a0802b7749365f8e,$,,b68ba1695f7f0447d402a3fcea8af1f7c265519c7d6b4828a0802b7749365f8e,b68ba1695f7f0447d402a3fcea8af1f7c265519c7d6b4828a0802b7749365f8e,"{""basis"":""ordered nested-math atom; exact symbolic replay"",""kind"":""source-target-formula-map""}"
1.1.0,formula,O007-FREMLIN-V2-S244-FORMULA-0910,O007-FREMLIN-V2-S244,O007-RIGHTS-FREMLIN-DSL,O007-FREMLIN-V2-S244-SEG-244PB,910,244Pb,244Pb,1146,1178,39935,39976,42730,42771,\int u\times v=|\int u\times v|=\|u\|_p,\int u\times v=|\int u\times v|=\|u\|_p,0f6afec033ea2c016e22a1212c06f0ff58b6a7f696be623bf854c6e973bb1780,0f6afec033ea2c016e22a1212c06f0ff58b6a7f696be623bf854c6e973bb1780,7bcbf01db6d80ea220924066a8556b9d05529b2d7e3a868a17366466e4fb2ba7,$,,7bcbf01db6d80ea220924066a8556b9d05529b2d7e3a868a17366466e4fb2ba7,7bcbf01db6d80ea220924066a8556b9d05529b2d7e3a868a17366466e4fb2ba7,"{""basis"":""ordered nested-math atom; exact symbolic replay"",""kind"":""source-target-formula-map""}"
1.1.0,formula,O007-FREMLIN-V2-S244-FORMULA-0911,O007-FREMLIN-V2-S244,O007-RIGHTS-FREMLIN-DSL,O007-FREMLIN-V2-S244-SEG-244PB,911,244Pb,244Pb,1149,1181,40071,40077,42879,42885,\tau,\tau,55d1823545b5b4c3cbc42b784c5e84605ffbe8e59d1dee9782cd87741eef9dc3,55d1823545b5b4c3cbc42b784c5e84605ffbe8e59d1dee9782cd87741eef9dc3,55d1823545b5b4c3cbc42b784c5e84605ffbe8e59d1dee9782cd87741eef9dc3,$,,55d1823545b5b4c3cbc42b784c5e84605ffbe8e59d1dee9782cd87741eef9dc3,55d1823545b5b4c3cbc42b784c5e84605ffbe8e59d1dee9782cd87741eef9dc3,"{""basis"":""ordered nested-math atom; exact symbolic replay"",""kind"":""source-target-formula-map""}"
1.1.0,formula,O007-FREMLIN-V2-S244-FORMULA-0912,O007-FREMLIN-V2-S244,O007-RIGHTS-FREMLIN-DSL,O007-FREMLIN-V2-S244-SEG-244PB,912,244Pb,244Pb,1150,1182,40101,40115,42919,42933,\sgn a=|a|/a,\sgn a=|a|/a,6a5faaf3a92e754e0309185bf7e4bf007eb46bc5d2208b67054fa04caacae479,6a5faaf3a92e754e0309185bf7e4bf007eb46bc5d2208b67054fa04caacae479,b7dffc2f3c77545e8b4850940dd6e8924348c746c55a4c8adf9a75f1b996b4b0,$,,b7dffc2f3c77545e8b4850940dd6e8924348c746c55a4c8adf9a75f1b996b4b0,b7dffc2f3c77545e8b4850940dd6e8924348c746c55a4c8adf9a75f1b996b4b0,"{""basis"":""ordered nested-math atom; exact symbolic replay"",""kind"":""source-target-formula-map""}"
1.1.0,formula,O007-FREMLIN-V2-S244-FORMULA-0913,O007-FREMLIN-V2-S244,O007-RIGHTS-FREMLIN-DSL,O007-FREMLIN-V2-S244-SEG-244PB,913,244Pb,244Pb,1152,1183,40194,40212,43006,43024,\overline{\sgn}a,\overline{\sgn}a,1906872781eea75c23ada5674da4f9d47457a837ee32629fd21c667e09208b7a,1906872781eea75c23ada5674da4f9d47457a837ee32629fd21c667e09208b7a,1906872781eea75c23ada5674da4f9d47457a837ee32629fd21c667e09208b7a,$,,1906872781eea75c23ada5674da4f9d47457a837ee32629fd21c667e09208b7a,1906872781eea75c23ada5674da4f9d47457a837ee32629fd21c667e09208b7a,"{""basis"":""ordered nested-math atom; exact symbolic replay"",""kind"":""source-target-formula-map""}"
1.1.0,formula,O007-FREMLIN-V2-S244-FORMULA-0914,O007-FREMLIN-V2-S244,O007-RIGHTS-FREMLIN-DSL,O007-FREMLIN-V2-S244-SEG-244PB,914,244Pb,244Pb,1152,1183,40225,40233,43043,43051,\sgn a,\sgn a,9a378c91337b46271bbbced44c86dd30129767a16191d8703e9846c0da619982,9a378c91337b46271bbbced44c86dd30129767a16191d8703e9846c0da619982,db2cfb611ebffe19f82bb213b7099239883435f7f3d10a585041dbea152970a4,$,,db2cfb611ebffe19f82bb213b7099239883435f7f3d10a585041dbea152970a4,db2cfb611ebffe19f82bb213b7099239883435f7f3d10a585041dbea152970a4,"{""basis"":""ordered nested-math atom; exact symbolic replay"",""kind"":""source-target-formula-map""}"
1.1.0,formula,O007-FREMLIN-V2-S244-FORMULA-0915,O007-FREMLIN-V2-S244,O007-RIGHTS-FREMLIN-DSL,O007-FREMLIN-V2-S244-SEG-244PB,915,244Pb,244Pb,1153,1184,40271,40281,43101,43111,"\|\,\|_p","\|\,\|_p",c8fa669e940d4d6ba37ec24bdc68193ad46c15f02e32977a6dce74241dc029f4,c8fa669e940d4d6ba37ec24bdc68193ad46c15f02e32977a6dce74241dc029f4,c8fa669e940d4d6ba37ec24bdc68193ad46c15f02e32977a6dce74241dc029f4,$,,c8fa669e940d4d6ba37ec24bdc68193ad46c15f02e32977a6dce74241dc029f4,c8fa669e940d4d6ba37ec24bdc68193ad46c15f02e32977a6dce74241dc029f4,"{""basis"":""ordered nested-math atom; exact symbolic replay"",""kind"":""source-target-formula-map""}"
1.1.0,formula,O007-FREMLIN-V2-S244-FORMULA-0916,O007-FREMLIN-V2-S244,O007-RIGHTS-FREMLIN-DSL,O007-FREMLIN-V2-S244-SEG-244PB,916,244Pb,244Pb,1154,1186,40348,40362,43203,43217,L^p_{\Bbb C},L^p_{\Bbb C},8a8f66e1a84250c02e9f117b6c02e2070fcd8ccb31acac2380665ffcd87dc3e4,8a8f66e1a84250c02e9f117b6c02e2070fcd8ccb31acac2380665ffcd87dc3e4,ed0be152eb509d0f011668676ccbd513dd0e22e638e228a0ddc598b312d1c36f,$,,ed0be152eb509d0f011668676ccbd513dd0e22e638e228a0ddc598b312d1c36f,ed0be152eb509d0f011668676ccbd513dd0e22e638e228a0ddc598b312d1c36f,"{""basis"":""ordered nested-math atom; exact symbolic replay"",""kind"":""source-target-formula-map""}"
1.1.0,formula,O007-FREMLIN-V2-S244-FORMULA-0917,O007-FREMLIN-V2-S244,O007-RIGHTS-FREMLIN-DSL,O007-FREMLIN-V2-S244-SEG-244PB,917,244Pb,244Pb,1156,1187,40420,40437,43286,43303,\sequencen{u_n},\sequencen{u_n},8584c28204bf0549bc0bf7facc891d2ce9654a5ab47ae04d87ac131615ae2972,8584c28204bf0549bc0bf7facc891d2ce9654a5ab47ae04d87ac131615ae2972,8584c28204bf0549bc0bf7facc891d2ce9654a5ab47ae04d87ac131615ae2972,$,,8584c28204bf0549bc0bf7facc891d2ce9654a5ab47ae04d87ac131615ae2972,8584c28204bf0549bc0bf7facc891d2ce9654a5ab47ae04d87ac131615ae2972,"{""basis"":""ordered nested-math atom; exact symbolic replay"",""kind"":""source-target-formula-map""}"
1.1.0,formula,O007-FREMLIN-V2-S244-FORMULA-0918,O007-FREMLIN-V2-S244,O007-RIGHTS-FREMLIN-DSL,O007-FREMLIN-V2-S244-SEG-244PB,918,244Pb,244Pb,1156,1187,40441,40455,43310,43324,L^0_{\Bbb C},L^0_{\Bbb C},2927c797185e4ec81744df0fced63d4c7790e8b9933695d530c53a45f7b3475a,2927c797185e4ec81744df0fced63d4c7790e8b9933695d530c53a45f7b3475a,226fc6d5ea9a0d1bb7ea4685bf3b8d5da6f10e18c9cf6cfa2e98aeb2b0691e7a,$,,226fc6d5ea9a0d1bb7ea4685bf3b8d5da6f10e18c9cf6cfa2e98aeb2b0691e7a,226fc6d5ea9a0d1bb7ea4685bf3b8d5da6f10e18c9cf6cfa2e98aeb2b0691e7a,"{""basis"":""ordered nested-math atom; exact symbolic replay"",""kind"":""source-target-formula-map""}"
1.1.0,formula,O007-FREMLIN-V2-S244-FORMULA-0919,O007-FREMLIN-V2-S244,O007-RIGHTS-FREMLIN-DSL,O007-FREMLIN-V2-S244-SEG-244PB,919,244Pb,244Pb,1158,1189,40532,40544,43424,43436,S_{\Bbb C},S_{\Bbb C},e97ae6887c7e15d01dd491976f8ab2de859490ee401b64bef4529ba58bdb22e6,e97ae6887c7e15d01dd491976f8ab2de859490ee401b64bef4529ba58bdb22e6,a5d05170746a6f203961771ada4fe5bcdc10235962370a5e48eb034fbd115bc9,$,,a5d05170746a6f203961771ada4fe5bcdc10235962370a5e48eb034fbd115bc9,a5d05170746a6f203961771ada4fe5bcdc10235962370a5e48eb034fbd115bc9,"{""basis"":""ordered nested-math atom; exact symbolic replay"",""kind"":""source-target-formula-map""}"
1.1.0,formula,O007-FREMLIN-V2-S244-FORMULA-0920,O007-FREMLIN-V2-S244,O007-RIGHTS-FREMLIN-DSL,O007-FREMLIN-V2-S244-SEG-244PB,920,244Pb,244Pb,1159,1190,40617,40631,43515,43529,L^p_{\Bbb C},L^p_{\Bbb C},8a8f66e1a84250c02e9f117b6c02e2070fcd8ccb31acac2380665ffcd87dc3e4,8a8f66e1a84250c02e9f117b6c02e2070fcd8ccb31acac2380665ffcd87dc3e4,ed0be152eb509d0f011668676ccbd513dd0e22e638e228a0ddc598b312d1c36f,$,,ed0be152eb509d0f011668676ccbd513dd0e22e638e228a0ddc598b312d1c36f,ed0be152eb509d0f011668676ccbd513dd0e22e638e228a0ddc598b312d1c36f,"{""basis"":""ordered nested-math atom; exact symbolic replay"",""kind"":""source-target-formula-map""}"
1.1.0,formula,O007-FREMLIN-V2-S244-FORMULA-0921,O007-FREMLIN-V2-S244,O007-RIGHTS-FREMLIN-DSL,O007-FREMLIN-V2-S244-SEG-244PB,921,244Pb,244Pb,1159,1190,40638,40641,43536,43539,X,X,4b68ab3847feda7d6c62c1fbcbeebfa35eab7351ed5e78f4ddadea5df64b8015,4b68ab3847feda7d6c62c1fbcbeebfa35eab7351ed5e78f4ddadea5df64b8015,4b68ab3847feda7d6c62c1fbcbeebfa35eab7351ed5e78f4ddadea5df64b8015,$,,4b68ab3847feda7d6c62c1fbcbeebfa35eab7351ed5e78f4ddadea5df64b8015,4b68ab3847feda7d6c62c1fbcbeebfa35eab7351ed5e78f4ddadea5df64b8015,"{""basis"":""ordered nested-math atom; exact symbolic replay"",""kind"":""source-target-formula-map""}"
1.1.0,formula,O007-FREMLIN-V2-S244-FORMULA-0922,O007-FREMLIN-V2-S244,O007-RIGHTS-FREMLIN-DSL,O007-FREMLIN-V2-S244-SEG-244PB,922,244Pb,244Pb,1160,1191,40657,40666,43557,43566,\BbbR^r,\BbbR^r,6a5173578402ab704fe0e78c24a3f6f09fe9ed2c7ea0fbe574d688249eb91ed7,6a5173578402ab704fe0e78c24a3f6f09fe9ed2c7ea0fbe574d688249eb91ed7,6a5173578402ab704fe0e78c24a3f6f09fe9ed2c7ea0fbe574d688249eb91ed7,$,,6a5173578402ab704fe0e78c24a3f6f09fe9ed2c7ea0fbe574d688249eb91ed7,6a5173578402ab704fe0e78c24a3f6f09fe9ed2c7ea0fbe574d688249eb91ed7,"{""basis"":""ordered nested-math atom; exact symbolic replay"",""kind"":""source-target-formula-map""}"
1.1.0,formula,O007-FREMLIN-V2-S244-FORMULA-0923,O007-FREMLIN-V2-S244,O007-RIGHTS-FREMLIN-DSL,O007-FREMLIN-V2-S244-SEG-244PB,923,244Pb,244Pb,1160,1191,40671,40676,43571,43576,\mu,\mu,492247e1bab15272d1e53b8015c042bf6fa0cb8f23ec52cad93d6ba80dafb804,492247e1bab15272d1e53b8015c042bf6fa0cb8f23ec52cad93d6ba80dafb804,492247e1bab15272d1e53b8015c042bf6fa0cb8f23ec52cad93d6ba80dafb804,$,,492247e1bab15272d1e53b8015c042bf6fa0cb8f23ec52cad93d6ba80dafb804,492247e1bab15272d1e53b8015c042bf6fa0cb8f23ec52cad93d6ba80dafb804,"{""basis"":""ordered nested-math atom; exact symbolic replay"",""kind"":""source-target-formula-map""}"
1.1.0,formula,O007-FREMLIN-V2-S244-FORMULA-0924,O007-FREMLIN-V2-S244,O007-RIGHTS-FREMLIN-DSL,O007-FREMLIN-V2-S244-SEG-244PB,924,244Pb,244Pb,1160,1191,40700,40703,43598,43601,X,X,4b68ab3847feda7d6c62c1fbcbeebfa35eab7351ed5e78f4ddadea5df64b8015,4b68ab3847feda7d6c62c1fbcbeebfa35eab7351ed5e78f4ddadea5df64b8015,4b68ab3847feda7d6c62c1fbcbeebfa35eab7351ed5e78f4ddadea5df64b8015,$,,4b68ab3847feda7d6c62c1fbcbeebfa35eab7351ed5e78f4ddadea5df64b8015,4b68ab3847feda7d6c62c1fbcbeebfa35eab7351ed5e78f4ddadea5df64b8015,"{""basis"":""ordered nested-math atom; exact symbolic replay"",""kind"":""source-target-formula-map""}"
1.1.0,formula,O007-FREMLIN-V2-S244-FORMULA-0925,O007-FREMLIN-V2-S244,O007-RIGHTS-FREMLIN-DSL,O007-FREMLIN-V2-S244-SEG-244PB,925,244Pb,244Pb,1162,1192,40785,40788,43676,43679,X,X,4b68ab3847feda7d6c62c1fbcbeebfa35eab7351ed5e78f4ddadea5df64b8015,4b68ab3847feda7d6c62c1fbcbeebfa35eab7351ed5e78f4ddadea5df64b8015,4b68ab3847feda7d6c62c1fbcbeebfa35eab7351ed5e78f4ddadea5df64b8015,$,,4b68ab3847feda7d6c62c1fbcbeebfa35eab7351ed5e78f4ddadea5df64b8015,4b68ab3847feda7d6c62c1fbcbeebfa35eab7351ed5e78f4ddadea5df64b8015,"{""basis"":""ordered nested-math atom; exact symbolic replay"",""kind"":""source-target-formula-map""}"
1.1.0,formula,O007-FREMLIN-V2-S244-FORMULA-0926,O007-FREMLIN-V2-S244,O007-RIGHTS-FREMLIN-DSL,O007-FREMLIN-V2-S244-SEG-244PB,926,244Pb,244Pb,1162,1193,40822,40836,43717,43731,L^p_{\Bbb C},L^p_{\Bbb C},8a8f66e1a84250c02e9f117b6c02e2070fcd8ccb31acac2380665ffcd87dc3e4,8a8f66e1a84250c02e9f117b6c02e2070fcd8ccb31acac2380665ffcd87dc3e4,ed0be152eb509d0f011668676ccbd513dd0e22e638e228a0ddc598b312d1c36f,$,,ed0be152eb509d0f011668676ccbd513dd0e22e638e228a0ddc598b312d1c36f,ed0be152eb509d0f011668676ccbd513dd0e22e638e228a0ddc598b312d1c36f,"{""basis"":""ordered nested-math atom; exact symbolic replay"",""kind"":""source-target-formula-map""}"
1.1.0,formula,O007-FREMLIN-V2-S244-FORMULA-0927,O007-FREMLIN-V2-S244,O007-RIGHTS-FREMLIN-DSL,O007-FREMLIN-V2-S244-SEG-244PC,927,244Pc,244Pc,1164,1196,40881,40917,43771,43807,"T:L^q_{\Bbb C}\to (L^p_{\Bbb
C})^*",T:L^q_{\Bbb C}\to (L^p_{\Bbb C})^*,2b3e6d9c07ca38848b7e6ce8700db42b7b321f015c625e9a67409c315ba63af7,8c0ddc59204a965775be576fd3ba718197f917cb977c7f815cf5ed3dbdfbf469,a0305c928b178cedbab9935d9d7982dee9500ac46a054fe01f2c2371b0cf0011,$,,a0305c928b178cedbab9935d9d7982dee9500ac46a054fe01f2c2371b0cf0011,a0305c928b178cedbab9935d9d7982dee9500ac46a054fe01f2c2371b0cf0011,"{""basis"":""ordered nested-math atom; exact symbolic replay"",""kind"":""source-target-formula-map""}"
1.1.0,formula,O007-FREMLIN-V2-S244-FORMULA-0928,O007-FREMLIN-V2-S244,O007-RIGHTS-FREMLIN-DSL,O007-FREMLIN-V2-S244-SEG-244PC,928,244Pc,244Pc,1165,1197,40938,40962,43846,43870,(Tv)(u)=\int u\times v,(Tv)(u)=\int u\times v,dd537e9f4b7faac2de247f14776a01462ac89d310cefb20aada18d8c78d50fbd,dd537e9f4b7faac2de247f14776a01462ac89d310cefb20aada18d8c78d50fbd,2e453d3ea9b6d8ef11b5da10cbc1672b1f8ec54db47e1aae065fdbc4409a77f0,$,,2e453d3ea9b6d8ef11b5da10cbc1672b1f8ec54db47e1aae065fdbc4409a77f0,2e453d3ea9b6d8ef11b5da10cbc1672b1f8ec54db47e1aae065fdbc4409a77f0,"{""basis"":""ordered nested-math atom; exact symbolic replay"",""kind"":""source-target-formula-map""}"
1.1.0,formula,O007-FREMLIN-V2-S244-FORMULA-0929,O007-FREMLIN-V2-S244,O007-RIGHTS-FREMLIN-DSL,O007-FREMLIN-V2-S244-SEG-244PC,929,244Pc,244Pc,1166,1198,40993,41021,43905,43933,T\restr L^q:L^q\to (L^p)^*,T\restr L^q:L^q\to (L^p)^*,079c7770f267c424214b2a32dbac9b4d7e86cc83b4170e5c814518795ebdfe21,079c7770f267c424214b2a32dbac9b4d7e86cc83b4170e5c814518795ebdfe21,9a22d22ed4416e0fa4b1b16571b2f636db0902d4b577a9aa2778177743a36c5c,$,,9a22d22ed4416e0fa4b1b16571b2f636db0902d4b577a9aa2778177743a36c5c,9a22d22ed4416e0fa4b1b16571b2f636db0902d4b577a9aa2778177743a36c5c,"{""basis"":""ordered nested-math atom; exact symbolic replay"",""kind"":""source-target-formula-map""}"
1.1.0,formula,O007-FREMLIN-V2-S244-FORMULA-0930,O007-FREMLIN-V2-S244,O007-RIGHTS-FREMLIN-DSL,O007-FREMLIN-V2-S244-SEG-244PC,930,244Pc,244Pc,1169,1200,41139,41153,44074,44088,L^q_{\Bbb C},L^q_{\Bbb C},fe4726b488036ca9af7ecd451e00a860bb0c49f6d697ad2f3ceec7be0a07e3ee,fe4726b488036ca9af7ecd451e00a860bb0c49f6d697ad2f3ceec7be0a07e3ee,26277159290f91bab923ecc7aa6e07615bb0ac9026a3d3eb25f896631df46b68,$,,26277159290f91bab923ecc7aa6e07615bb0ac9026a3d3eb25f896631df46b68,26277159290f91bab923ecc7aa6e07615bb0ac9026a3d3eb25f896631df46b68,"{""basis"":""ordered nested-math atom; exact symbolic replay"",""kind"":""source-target-formula-map""}"
1.1.0,formula,O007-FREMLIN-V2-S244-FORMULA-0931,O007-FREMLIN-V2-S244,O007-RIGHTS-FREMLIN-DSL,O007-FREMLIN-V2-S244-SEG-244PC,931,244Pc,244Pc,1169,1200,41159,41177,44096,44114,(L^p_{\Bbb C})^*,(L^p_{\Bbb C})^*,aa48b5b68f853a1b4e9b46666cb98d886c94baddcc9e858387b965dd9e3d7b63,aa48b5b68f853a1b4e9b46666cb98d886c94baddcc9e858387b965dd9e3d7b63,e2ce7354052d837b4e8f86494504a19aee28b105fd390d2ccfe286c07d33df13,$,,e2ce7354052d837b4e8f86494504a19aee28b105fd390d2ccfe286c07d33df13,e2ce7354052d837b4e8f86494504a19aee28b105fd390d2ccfe286c07d33df13,"{""basis"":""ordered nested-math atom; exact symbolic replay"",""kind"":""source-target-formula-map""}"
1.1.0,formula,O007-FREMLIN-V2-S244-FORMULA-0932,O007-FREMLIN-V2-S244,O007-RIGHTS-FREMLIN-DSL,O007-FREMLIN-V2-S244-SEG-244PD,932,244Pd,244Pd,1175,1205,41418,41434,44377,44393,"(X,\Sigma,\mu)","(X,\Sigma,\mu)",05e9b769403b4c7926a944d5aaa03f00bb216412bc3f850e41b3c28de657aa67,05e9b769403b4c7926a944d5aaa03f00bb216412bc3f850e41b3c28de657aa67,05e9b769403b4c7926a944d5aaa03f00bb216412bc3f850e41b3c28de657aa67,$,,05e9b769403b4c7926a944d5aaa03f00bb216412bc3f850e41b3c28de657aa67,05e9b769403b4c7926a944d5aaa03f00bb216412bc3f850e41b3c28de657aa67,"{""basis"":""ordered nested-math atom; exact symbolic replay"",""kind"":""source-target-formula-map""}"
1.1.0,formula,O007-FREMLIN-V2-S244-FORMULA-0933,O007-FREMLIN-V2-S244,O007-RIGHTS-FREMLIN-DSL,O007-FREMLIN-V2-S244-SEG-244PD,933,244Pd,244Pd,1175,1206,41459,41465,44420,44426,\Tau,\Tau,a34699b8745d985590df162103fdf28f3ec3426d7f12ca80a1b9c6f87686099a,a34699b8745d985590df162103fdf28f3ec3426d7f12ca80a1b9c6f87686099a,a34699b8745d985590df162103fdf28f3ec3426d7f12ca80a1b9c6f87686099a,$,,a34699b8745d985590df162103fdf28f3ec3426d7f12ca80a1b9c6f87686099a,a34699b8745d985590df162103fdf28f3ec3426d7f12ca80a1b9c6f87686099a,"{""basis"":""ordered nested-math atom; exact symbolic replay"",""kind"":""source-target-formula-map""}"
1.1.0,formula,O007-FREMLIN-V2-S244-FORMULA-0934,O007-FREMLIN-V2-S244,O007-RIGHTS-FREMLIN-DSL,O007-FREMLIN-V2-S244-SEG-244PD,934,244Pd,244Pd,1176,1206,41471,41479,44444,44452,\sigma,\sigma,9c3245dfb4ac54c1623a60e7b8d1fc07cb02eae1229435230c7dab5e71083a26,9c3245dfb4ac54c1623a60e7b8d1fc07cb02eae1229435230c7dab5e71083a26,9c3245dfb4ac54c1623a60e7b8d1fc07cb02eae1229435230c7dab5e71083a26,$,,9c3245dfb4ac54c1623a60e7b8d1fc07cb02eae1229435230c7dab5e71083a26,9c3245dfb4ac54c1623a60e7b8d1fc07cb02eae1229435230c7dab5e71083a26,"{""basis"":""ordered nested-math atom; exact symbolic replay"",""kind"":""source-target-formula-map""}"
1.1.0,formula,O007-FREMLIN-V2-S244-FORMULA-0935,O007-FREMLIN-V2-S244,O007-RIGHTS-FREMLIN-DSL,O007-FREMLIN-V2-S244-SEG-244PD,935,244Pd,244Pd,1176,1206,41494,41502,44458,44466,\Sigma,\Sigma,d65d75b1e6562713a3936bb38fdfe6832fb5b96c946de58f7ce0992057665aa8,d65d75b1e6562713a3936bb38fdfe6832fb5b96c946de58f7ce0992057665aa8,d65d75b1e6562713a3936bb38fdfe6832fb5b96c946de58f7ce0992057665aa8,$,,d65d75b1e6562713a3936bb38fdfe6832fb5b96c946de58f7ce0992057665aa8,d65d75b1e6562713a3936bb38fdfe6832fb5b96c946de58f7ce0992057665aa8,"{""basis"":""ordered nested-math atom; exact symbolic replay"",""kind"":""source-target-formula-map""}"
1.1.0,formula,O007-FREMLIN-V2-S244-FORMULA-0936,O007-FREMLIN-V2-S244,O007-RIGHTS-FREMLIN-DSL,O007-FREMLIN-V2-S244-SEG-244PD,936,244Pd,244Pd,1177,1207,41507,41560,44471,44524,P:L^1_{\Bbb C}(\mu)\to L^1_{\Bbb C}(\mu\restrp\Tau),P:L^1_{\Bbb C}(\mu)\to L^1_{\Bbb C}(\mu\restrp\Tau),c85bce6c120deb0947c46fc31d293112961fc9b869d3e6b313ab81e24300b6b9,c85bce6c120deb0947c46fc31d293112961fc9b869d3e6b313ab81e24300b6b9,e64617d56beb44fe44913726fdf5fc68739d04eb8aa479d0296868675e8758c2,$,,e64617d56beb44fe44913726fdf5fc68739d04eb8aa479d0296868675e8758c2,e64617d56beb44fe44913726fdf5fc68739d04eb8aa479d0296868675e8758c2,"{""basis"":""ordered nested-math atom; exact symbolic replay"",""kind"":""source-target-formula-map""}"
1.1.0,formula,O007-FREMLIN-V2-S244-FORMULA-0937,O007-FREMLIN-V2-S244,O007-RIGHTS-FREMLIN-DSL,O007-FREMLIN-V2-S244-SEG-244PD,937,244Pd,244Pd,1180,1209,41629,41648,44588,44607,u\in L^p_{\Bbb C},u\in L^p_{\Bbb C},42f550d5ad81749c5f6a53fe665ac16082d441dd6031b1fbd0b6e88e4ccc50a3,42f550d5ad81749c5f6a53fe665ac16082d441dd6031b1fbd0b6e88e4ccc50a3,0806ef7ff7604a8f6bd8516f959fbc392c4e33220b56ae36ebba037478d66df1,$,,0806ef7ff7604a8f6bd8516f959fbc392c4e33220b56ae36ebba037478d66df1,0806ef7ff7604a8f6bd8516f959fbc392c4e33220b56ae36ebba037478d66df1,"{""basis"":""ordered nested-math atom; exact symbolic replay"",""kind"":""source-target-formula-map""}"
1.1.0,formula,O007-FREMLIN-V2-S244-FORMULA-0938,O007-FREMLIN-V2-S244,O007-RIGHTS-FREMLIN-DSL,O007-FREMLIN-V2-S244-SEG-244PD,938,244Pd,244Pd,1182,1211,41683,41714,44648,44679,|Pu|^p\le(P|u|)^p\le P(|u|^p),|Pu|^p\le(P|u|)^p\le P(|u|^p),272b8e5058c288692a8481ced87b1ab69bea20a2fade71d011bc34f160dbb10f,272b8e5058c288692a8481ced87b1ab69bea20a2fade71d011bc34f160dbb10f,21ecaf368f52f054e3195ae084d3266aca5ba1f99531247355f466f06feeb0dd,$,,21ecaf368f52f054e3195ae084d3266aca5ba1f99531247355f466f06feeb0dd,21ecaf368f52f054e3195ae084d3266aca5ba1f99531247355f466f06feeb0dd,"{""basis"":""ordered nested-math atom; exact symbolic replay"",""kind"":""source-target-formula-map""}"
1.1.0,formula,O007-FREMLIN-V2-S244-FORMULA-0939,O007-FREMLIN-V2-S244,O007-RIGHTS-FREMLIN-DSL,O007-FREMLIN-V2-S244-SEG-244PD,939,244Pd,244Pd,1185,1214,41757,41777,44733,44753,\|Pu\|_p\le\|u\|_p,\|Pu\|_p\le\|u\|_p,c46f2779e4a2df4b1812a67d0424c9262bc662406e7c1f287b6cb96c3f23b700,c46f2779e4a2df4b1812a67d0424c9262bc662406e7c1f287b6cb96c3f23b700,c46f2779e4a2df4b1812a67d0424c9262bc662406e7c1f287b6cb96c3f23b700,$,,c46f2779e4a2df4b1812a67d0424c9262bc662406e7c1f287b6cb96c3f23b700,c46f2779e4a2df4b1812a67d0424c9262bc662406e7c1f287b6cb96c3f23b700,"{""basis"":""ordered nested-math atom; exact symbolic replay"",""kind"":""source-target-formula-map""}"
1.1.0,formula,O007-FREMLIN-V2-S244-FORMULA-0940,O007-FREMLIN-V2-S244,O007-RIGHTS-FREMLIN-DSL,O007-FREMLIN-V2-S244-SEG-244PE,940,244Pe,244Pe,1188,1217,41868,41882,44857,44871,L^2_{\Bbb C},L^2_{\Bbb C},038a8fda8f5d9feaecc5270c491bc9573f913028e267f1287862b605cb4259ef,038a8fda8f5d9feaecc5270c491bc9573f913028e267f1287862b605cb4259ef,50b54553872eee47dc4a5b1dc2fc649bb5997e6462192a202a3ff973aa69b62f,$,,50b54553872eee47dc4a5b1dc2fc649bb5997e6462192a202a3ff973aa69b62f,50b54553872eee47dc4a5b1dc2fc649bb5997e6462192a202a3ff973aa69b62f,"{""basis"":""ordered nested-math atom; exact symbolic replay"",""kind"":""source-target-formula-map""}"
1.1.0,formula,O007-FREMLIN-V2-S244-FORMULA-0941,O007-FREMLIN-V2-S244,O007-RIGHTS-FREMLIN-DSL,O007-FREMLIN-V2-S244-SEG-244PE,941,244Pe,244Pe,1190,1219,41922,41959,44922,44959,\innerprod{u}{v}=\int u\times\bar v,\innerprod{u}{v}=\int u\times\bar v,4bd13dab0e22fd4265b8757d12007304c8820dd9cb0a6928696cac27e421af73,4bd13dab0e22fd4265b8757d12007304c8820dd9cb0a6928696cac27e421af73,009dea949dbc617769472237b51e323f0e7c48a96a4db34bad126c61364f26de,$,,009dea949dbc617769472237b51e323f0e7c48a96a4db34bad126c61364f26de,009dea949dbc617769472237b51e323f0e7c48a96a4db34bad126c61364f26de,"{""basis"":""ordered nested-math atom; exact symbolic replay"",""kind"":""source-target-formula-map""}"
1.1.0,formula,O007-FREMLIN-V2-S244-FORMULA-0942,O007-FREMLIN-V2-S244,O007-RIGHTS-FREMLIN-DSL,O007-FREMLIN-V2-S244-SEG-244PE,942,244Pe,244Pe,1192,1221,41976,41979,44978,44981,u,u,0bfe935e70c321c7ca3afc75ce0d0ca2f98b5422e008bb31c00c6d7f1f1c0ad6,0bfe935e70c321c7ca3afc75ce0d0ca2f98b5422e008bb31c00c6d7f1f1c0ad6,0bfe935e70c321c7ca3afc75ce0d0ca2f98b5422e008bb31c00c6d7f1f1c0ad6,$,,0bfe935e70c321c7ca3afc75ce0d0ca2f98b5422e008bb31c00c6d7f1f1c0ad6,0bfe935e70c321c7ca3afc75ce0d0ca2f98b5422e008bb31c00c6d7f1f1c0ad6,"{""basis"":""ordered nested-math atom; exact symbolic replay"",""kind"":""source-target-formula-map""}"
1.1.0,formula,O007-FREMLIN-V2-S244-FORMULA-0943,O007-FREMLIN-V2-S244,O007-RIGHTS-FREMLIN-DSL,O007-FREMLIN-V2-S244-SEG-244PE,943,244Pe,244Pe,1192,1221,41981,42000,44983,45002,v\in L^2_{\Bbb C},v\in L^2_{\Bbb C},4ea850c02eff4f3362b3ada004ff2ce761a4c8057824abe8798237fd0f5009c6,4ea850c02eff4f3362b3ada004ff2ce761a4c8057824abe8798237fd0f5009c6,94121af6724582ef737a0dd89475201bbb555063e5010e337259314a6d763dec,$,,94121af6724582ef737a0dd89475201bbb555063e5010e337259314a6d763dec,94121af6724582ef737a0dd89475201bbb555063e5010e337259314a6d763dec,"{""basis"":""ordered nested-math atom; exact symbolic replay"",""kind"":""source-target-formula-map""}"
1.1.0,formula,O007-FREMLIN-V2-S244-FORMULA-0944,O007-FREMLIN-V2-S244,O007-RIGHTS-FREMLIN-DSL,O007-FREMLIN-V2-S244-SEG-244PE,944,244Pe,244Pe,1193,1222,42017,42055,45020,45058,\innerprod{u}{u}=\int|u|^2=\|u\|_2^2,\innerprod{u}{u}=\int|u|^2=\|u\|_2^2,3b25b9f662d0865a4596f2a05484f1fa3c8f00887b4f44065fc774b6df6f0219,3b25b9f662d0865a4596f2a05484f1fa3c8f00887b4f44065fc774b6df6f0219,3b25b9f662d0865a4596f2a05484f1fa3c8f00887b4f44065fc774b6df6f0219,$,,3b25b9f662d0865a4596f2a05484f1fa3c8f00887b4f44065fc774b6df6f0219,3b25b9f662d0865a4596f2a05484f1fa3c8f00887b4f44065fc774b6df6f0219,"{""basis"":""ordered nested-math atom; exact symbolic replay"",""kind"":""source-target-formula-map""}"
1.1.0,formula,O007-FREMLIN-V2-S244-FORMULA-0945,O007-FREMLIN-V2-S244,O007-RIGHTS-FREMLIN-DSL,O007-FREMLIN-V2-S244-SEG-244PE,945,244Pe,244Pe,1193,1222,42066,42069,45072,45075,u,u,0bfe935e70c321c7ca3afc75ce0d0ca2f98b5422e008bb31c00c6d7f1f1c0ad6,0bfe935e70c321c7ca3afc75ce0d0ca2f98b5422e008bb31c00c6d7f1f1c0ad6,0bfe935e70c321c7ca3afc75ce0d0ca2f98b5422e008bb31c00c6d7f1f1c0ad6,$,,0bfe935e70c321c7ca3afc75ce0d0ca2f98b5422e008bb31c00c6d7f1f1c0ad6,0bfe935e70c321c7ca3afc75ce0d0ca2f98b5422e008bb31c00c6d7f1f1c0ad6,"{""basis"":""ordered nested-math atom; exact symbolic replay"",""kind"":""source-target-formula-map""}"
1.1.0,formula,O007-FREMLIN-V2-S244-FORMULA-0946,O007-FREMLIN-V2-S244,O007-RIGHTS-FREMLIN-DSL,O007-FREMLIN-V2-S244-SEG-244PE,946,244Pe,244Pe,1194,1223,42097,42115,45104,45122,\innerprod{v}{u},\innerprod{v}{u},e323ac6819db5648f9dd05fe62537826eeba717ab387faf5eafb73271086aaaf,e323ac6819db5648f9dd05fe62537826eeba717ab387faf5eafb73271086aaaf,e323ac6819db5648f9dd05fe62537826eeba717ab387faf5eafb73271086aaaf,$,,e323ac6819db5648f9dd05fe62537826eeba717ab387faf5eafb73271086aaaf,e323ac6819db5648f9dd05fe62537826eeba717ab387faf5eafb73271086aaaf,"{""basis"":""ordered nested-math atom; exact symbolic replay"",""kind"":""source-target-formula-map""}"
1.1.0,formula,O007-FREMLIN-V2-S244-FORMULA-0947,O007-FREMLIN-V2-S244,O007-RIGHTS-FREMLIN-DSL,O007-FREMLIN-V2-S244-SEG-244PE,947,244Pe,244Pe,1195,1224,42144,42162,45156,45174,\innerprod{u}{v},\innerprod{u}{v},18895e039cac7c73b1ee711e6b5946d3ad461e1dbbfcd70677f3cd69a218d05e,18895e039cac7c73b1ee711e6b5946d3ad461e1dbbfcd70677f3cd69a218d05e,18895e039cac7c73b1ee711e6b5946d3ad461e1dbbfcd70677f3cd69a218d05e,$,,18895e039cac7c73b1ee711e6b5946d3ad461e1dbbfcd70677f3cd69a218d05e,18895e039cac7c73b1ee711e6b5946d3ad461e1dbbfcd70677f3cd69a218d05e,"{""basis"":""ordered nested-math atom; exact symbolic replay"",""kind"":""source-target-formula-map""}"
1.1.0,formula,O007-FREMLIN-V2-S244-FORMULA-0948,O007-FREMLIN-V2-S244,O007-RIGHTS-FREMLIN-DSL,O007-FREMLIN-V2-S244-SEG-244X,948,244X,244X,1198,1227,42207,42216,45217,45226,\pmb{>},\pmb{>},b67713980e18668220318c063c5527913bfdd7093a1cf6a15fa9d84ec30d97c1,b67713980e18668220318c063c5527913bfdd7093a1cf6a15fa9d84ec30d97c1,b67713980e18668220318c063c5527913bfdd7093a1cf6a15fa9d84ec30d97c1,$,,b67713980e18668220318c063c5527913bfdd7093a1cf6a15fa9d84ec30d97c1,b67713980e18668220318c063c5527913bfdd7093a1cf6a15fa9d84ec30d97c1,"{""basis"":""ordered nested-math atom; exact symbolic replay"",""kind"":""source-target-formula-map""}"
1.1.0,formula,O007-FREMLIN-V2-S244-FORMULA-0949,O007-FREMLIN-V2-S244,O007-RIGHTS-FREMLIN-DSL,O007-FREMLIN-V2-S244-SEG-244X,949,244X,244X,1200,1229,42242,42258,45257,45273,"(X,\Sigma,\mu)","(X,\Sigma,\mu)",05e9b769403b4c7926a944d5aaa03f00bb216412bc3f850e41b3c28de657aa67,05e9b769403b4c7926a944d5aaa03f00bb216412bc3f850e41b3c28de657aa67,05e9b769403b4c7926a944d5aaa03f00bb216412bc3f850e41b3c28de657aa67,$,,05e9b769403b4c7926a944d5aaa03f00bb216412bc3f850e41b3c28de657aa67,05e9b769403b4c7926a944d5aaa03f00bb216412bc3f850e41b3c28de657aa67,"{""basis"":""ordered nested-math atom; exact symbolic replay"",""kind"":""source-target-formula-map""}"
1.1.0,formula,O007-FREMLIN-V2-S244-FORMULA-0950,O007-FREMLIN-V2-S244,O007-RIGHTS-FREMLIN-DSL,O007-FREMLIN-V2-S244-SEG-244X,950,244X,244X,1200,1230,42283,42307,45296,45320,"(X,\hat\Sigma,\hat\mu)","(X,\hat\Sigma,\hat\mu)",4002a0673c508c249fc14a803f9dc5ebb98ed6ad04dd2d4bd152302153c6abb4,4002a0673c508c249fc14a803f9dc5ebb98ed6ad04dd2d4bd152302153c6abb4,4002a0673c508c249fc14a803f9dc5ebb98ed6ad04dd2d4bd152302153c6abb4,$,,4002a0673c508c249fc14a803f9dc5ebb98ed6ad04dd2d4bd152302153c6abb4,4002a0673c508c249fc14a803f9dc5ebb98ed6ad04dd2d4bd152302153c6abb4,"{""basis"":""ordered nested-math atom; exact symbolic replay"",""kind"":""source-target-formula-map""}"
1.1.0,formula,O007-FREMLIN-V2-S244-FORMULA-0951,O007-FREMLIN-V2-S244,O007-RIGHTS-FREMLIN-DSL,O007-FREMLIN-V2-S244-SEG-244X,951,244X,244X,1201,1231,42336,42371,45353,45388,\eusm L^p(\hat\mu)=\eusm L^p(\mu),\eusm L^p(\hat\mu)=\eusm L^p(\mu),3cc333e8346cdcdd7047271d66236f778b8fe7466ce87c5b478eec69d1529e74,3cc333e8346cdcdd7047271d66236f778b8fe7466ce87c5b478eec69d1529e74,910862a5dc82ed718ab2d94dfd6f20f703053f559ca7f58d63a1e4feed2223f7,$,,910862a5dc82ed718ab2d94dfd6f20f703053f559ca7f58d63a1e4feed2223f7,910862a5dc82ed718ab2d94dfd6f20f703053f559ca7f58d63a1e4feed2223f7,"{""basis"":""ordered nested-math atom; exact symbolic replay"",""kind"":""source-target-formula-map""}"
1.1.0,formula,O007-FREMLIN-V2-S244-FORMULA-0952,O007-FREMLIN-V2-S244,O007-RIGHTS-FREMLIN-DSL,O007-FREMLIN-V2-S244-SEG-244X,952,244X,244X,1202,1232,42376,42399,45393,45416,L^p(\hat\mu)=L^p(\mu),L^p(\hat\mu)=L^p(\mu),081d671cb2407437725624fa47a505cb18b0e6000785cc7bfca08c1caa3b0f0e,081d671cb2407437725624fa47a505cb18b0e6000785cc7bfca08c1caa3b0f0e,081d671cb2407437725624fa47a505cb18b0e6000785cc7bfca08c1caa3b0f0e,$,,081d671cb2407437725624fa47a505cb18b0e6000785cc7bfca08c1caa3b0f0e,081d671cb2407437725624fa47a505cb18b0e6000785cc7bfca08c1caa3b0f0e,"{""basis"":""ordered nested-math atom; exact symbolic replay"",""kind"":""source-target-formula-map""}"
1.1.0,formula,O007-FREMLIN-V2-S244-FORMULA-0953,O007-FREMLIN-V2-S244,O007-RIGHTS-FREMLIN-DSL,O007-FREMLIN-V2-S244-SEG-244X,953,244X,244X,1202,1232,42410,42426,45430,45446,"p\in[1,\infty]","p\in[1,\infty]",7d8e33c2c22d2bb3bb84f57d68b03a758a2a11e30762f389926cb8f394cb8548,7d8e33c2c22d2bb3bb84f57d68b03a758a2a11e30762f389926cb8f394cb8548,7d8e33c2c22d2bb3bb84f57d68b03a758a2a11e30762f389926cb8f394cb8548,$,,7d8e33c2c22d2bb3bb84f57d68b03a758a2a11e30762f389926cb8f394cb8548,7d8e33c2c22d2bb3bb84f57d68b03a758a2a11e30762f389926cb8f394cb8548,"{""basis"":""ordered nested-math atom; exact symbolic replay"",""kind"":""source-target-formula-map""}"
1.1.0,formula,O007-FREMLIN-V2-S244-FORMULA-0954,O007-FREMLIN-V2-S244,O007-RIGHTS-FREMLIN-DSL,O007-FREMLIN-V2-S244-SEG-244XB,954,244Xb,244Xb,1205,1235,42468,42484,45493,45509,"(X,\Sigma,\mu)","(X,\Sigma,\mu)",05e9b769403b4c7926a944d5aaa03f00bb216412bc3f850e41b3c28de657aa67,05e9b769403b4c7926a944d5aaa03f00bb216412bc3f850e41b3c28de657aa67,05e9b769403b4c7926a944d5aaa03f00bb216412bc3f850e41b3c28de657aa67,$,,05e9b769403b4c7926a944d5aaa03f00bb216412bc3f850e41b3c28de657aa67,05e9b769403b4c7926a944d5aaa03f00bb216412bc3f850e41b3c28de657aa67,"{""basis"":""ordered nested-math atom; exact symbolic replay"",""kind"":""source-target-formula-map""}"
1.1.0,formula,O007-FREMLIN-V2-S244-FORMULA-0955,O007-FREMLIN-V2-S244,O007-RIGHTS-FREMLIN-DSL,O007-FREMLIN-V2-S244-SEG-244XB,955,244Xb,244Xb,1206,1236,42509,42536,45532,45559,1\le p\le q\le r\le\infty,1\le p\le q\le r\le\infty,091b078aaa0c63e47a462ab4eede36d3c0d381a1c6b90695eb9df2d5f48f4e9b,091b078aaa0c63e47a462ab4eede36d3c0d381a1c6b90695eb9df2d5f48f4e9b,c85276a432c8159bc4f1f0cb0461f81c2b81c56fcc1e88bd24d84987cda9c070,$,,c85276a432c8159bc4f1f0cb0461f81c2b81c56fcc1e88bd24d84987cda9c070,c85276a432c8159bc4f1f0cb0461f81c2b81c56fcc1e88bd24d84987cda9c070,"{""basis"":""ordered nested-math atom; exact symbolic replay"",""kind"":""source-target-formula-map""}"
1.1.0,formula,O007-FREMLIN-V2-S244-FORMULA-0956,O007-FREMLIN-V2-S244,O007-RIGHTS-FREMLIN-DSL,O007-FREMLIN-V2-S244-SEG-244XB,956,244Xb,244Xb,1207,1237,42550,42637,45577,45664,"L^p(\mu)\cap L^r(\mu)\subseteq L^q(\mu)
\subseteq L^p(\mu)+L^r(\mu)\subseteq L^0(\mu)","L^p(\mu)\cap L^r(\mu)\subseteq L^q(\mu)
\subseteq L^p(\mu)+L^r(\mu)\subseteq L^0(\mu)",116b030fd82699858d9ff76d267c156ac9223fa0d026ac31e7ea3503e12b9402,116b030fd82699858d9ff76d267c156ac9223fa0d026ac31e7ea3503e12b9402,a650f838419d960e9a6a638675cbf497f2a81be6cb45cc37af2e89e8cb6d5677,$,,a650f838419d960e9a6a638675cbf497f2a81be6cb45cc37af2e89e8cb6d5677,a650f838419d960e9a6a638675cbf497f2a81be6cb45cc37af2e89e8cb6d5677,"{""basis"":""ordered nested-math atom; exact symbolic replay"",""kind"":""source-target-formula-map""}"
1.1.0,formula,O007-FREMLIN-V2-S244-FORMULA-0957,O007-FREMLIN-V2-S244,O007-RIGHTS-FREMLIN-DSL,O007-FREMLIN-V2-S244-SEG-244XC,957,244Xc,244Xc,1211,1241,42686,42702,45718,45734,"(X,\Sigma,\mu)","(X,\Sigma,\mu)",05e9b769403b4c7926a944d5aaa03f00bb216412bc3f850e41b3c28de657aa67,05e9b769403b4c7926a944d5aaa03f00bb216412bc3f850e41b3c28de657aa67,05e9b769403b4c7926a944d5aaa03f00bb216412bc3f850e41b3c28de657aa67,$,,05e9b769403b4c7926a944d5aaa03f00bb216412bc3f850e41b3c28de657aa67,05e9b769403b4c7926a944d5aaa03f00bb216412bc3f850e41b3c28de657aa67,"{""basis"":""ordered nested-math atom; exact symbolic replay"",""kind"":""source-target-formula-map""}"
1.1.0,formula,O007-FREMLIN-V2-S244-FORMULA-0958,O007-FREMLIN-V2-S244,O007-RIGHTS-FREMLIN-DSL,O007-FREMLIN-V2-S244-SEG-244XC,958,244Xc,244Xc,1212,1242,42738,42741,45762,45765,p,p,148de9c5a7a44d19e56cd9ae1a554bf67847afb0c58f6e12fa29ac7ddfca9940,148de9c5a7a44d19e56cd9ae1a554bf67847afb0c58f6e12fa29ac7ddfca9940,148de9c5a7a44d19e56cd9ae1a554bf67847afb0c58f6e12fa29ac7ddfca9940,$,,148de9c5a7a44d19e56cd9ae1a554bf67847afb0c58f6e12fa29ac7ddfca9940,148de9c5a7a44d19e56cd9ae1a554bf67847afb0c58f6e12fa29ac7ddfca9940,"{""basis"":""ordered nested-math atom; exact symbolic replay"",""kind"":""source-target-formula-map""}"
1.1.0,formula,O007-FREMLIN-V2-S244-FORMULA-0959,O007-FREMLIN-V2-S244,O007-RIGHTS-FREMLIN-DSL,O007-FREMLIN-V2-S244-SEG-244XC,959,244Xc,244Xc,1212,1242,42743,42746,45767,45770,q,q,8e35c2cd3bf6641bdb0e2050b76932cbb2e6034a0ddacc1d9bea82a6ba57f7cf,8e35c2cd3bf6641bdb0e2050b76932cbb2e6034a0ddacc1d9bea82a6ba57f7cf,8e35c2cd3bf6641bdb0e2050b76932cbb2e6034a0ddacc1d9bea82a6ba57f7cf,$,,8e35c2cd3bf6641bdb0e2050b76932cbb2e6034a0ddacc1d9bea82a6ba57f7cf,8e35c2cd3bf6641bdb0e2050b76932cbb2e6034a0ddacc1d9bea82a6ba57f7cf,"{""basis"":""ordered nested-math atom; exact symbolic replay"",""kind"":""source-target-formula-map""}"
1.1.0,formula,O007-FREMLIN-V2-S244-FORMULA-0960,O007-FREMLIN-V2-S244,O007-RIGHTS-FREMLIN-DSL,O007-FREMLIN-V2-S244-SEG-244XC,960,244Xc,244Xc,1212,1242,42748,42764,45772,45788,"r\in[1,\infty]","r\in[1,\infty]",c5bd114cbb67227a80458decbf1d978a524f4e975bf7b52cc1434bc04d4afc9b,c5bd114cbb67227a80458decbf1d978a524f4e975bf7b52cc1434bc04d4afc9b,c5bd114cbb67227a80458decbf1d978a524f4e975bf7b52cc1434bc04d4afc9b,$,,c5bd114cbb67227a80458decbf1d978a524f4e975bf7b52cc1434bc04d4afc9b,c5bd114cbb67227a80458decbf1d978a524f4e975bf7b52cc1434bc04d4afc9b,"{""basis"":""ordered nested-math atom; exact symbolic replay"",""kind"":""source-target-formula-map""}"
1.1.0,formula,O007-FREMLIN-V2-S244-FORMULA-0961,O007-FREMLIN-V2-S244,O007-RIGHTS-FREMLIN-DSL,O007-FREMLIN-V2-S244-SEG-244XC,961,244Xc,244Xc,1212,1242,42774,42802,45793,45821,\bover1p+\bover1q=\bover1r,\bover1p+\bover1q=\bover1r,6e6db52e2ef77ac9cf01e459e81224f6fdf63c6bf6c06bb61524004bc6d7c13e,6e6db52e2ef77ac9cf01e459e81224f6fdf63c6bf6c06bb61524004bc6d7c13e,6e6db52e2ef77ac9cf01e459e81224f6fdf63c6bf6c06bb61524004bc6d7c13e,$,,6e6db52e2ef77ac9cf01e459e81224f6fdf63c6bf6c06bb61524004bc6d7c13e,6e6db52e2ef77ac9cf01e459e81224f6fdf63c6bf6c06bb61524004bc6d7c13e,"{""basis"":""ordered nested-math atom; exact symbolic replay"",""kind"":""source-target-formula-map""}"
1.1.0,formula,O007-FREMLIN-V2-S244-FORMULA-0962,O007-FREMLIN-V2-S244,O007-RIGHTS-FREMLIN-DSL,O007-FREMLIN-V2-S244-SEG-244XC,962,244Xc,244Xc,1214,1243,42812,42831,45841,45860,\bover1{\infty}=0,\bover1{\infty}=0,41ddbe49b803a46ec6aa81a3901f258f85884131edd95e1aa5b9e9b6a70b39ef,41ddbe49b803a46ec6aa81a3901f258f85884131edd95e1aa5b9e9b6a70b39ef,41ddbe49b803a46ec6aa81a3901f258f85884131edd95e1aa5b9e9b6a70b39ef,$,,41ddbe49b803a46ec6aa81a3901f258f85884131edd95e1aa5b9e9b6a70b39ef,41ddbe49b803a46ec6aa81a3901f258f85884131edd95e1aa5b9e9b6a70b39ef,"{""basis"":""ordered nested-math atom; exact symbolic replay"",""kind"":""source-target-formula-map""}"
1.1.0,formula,O007-FREMLIN-V2-S244-FORMULA-0963,O007-FREMLIN-V2-S244,O007-RIGHTS-FREMLIN-DSL,O007-FREMLIN-V2-S244-SEG-244XC,963,244Xc,244Xc,1214,1244,42854,42877,45892,45915,u\times v\in L^r(\mu),u\times v\in L^r(\mu),71e93d2a04c212d3059f1683c281e00bf57da6b123584144d588a490731bf8b4,71e93d2a04c212d3059f1683c281e00bf57da6b123584144d588a490731bf8b4,1d59bc7f628a912dfab9710d7fd9181b6ab300ddbcd57d3c171ca0d8536cb718,$,,1d59bc7f628a912dfab9710d7fd9181b6ab300ddbcd57d3c171ca0d8536cb718,1d59bc7f628a912dfab9710d7fd9181b6ab300ddbcd57d3c171ca0d8536cb718,"{""basis"":""ordered nested-math atom; exact symbolic replay"",""kind"":""source-target-formula-map""}"
1.1.0,formula,O007-FREMLIN-V2-S244-FORMULA-0964,O007-FREMLIN-V2-S244,O007-RIGHTS-FREMLIN-DSL,O007-FREMLIN-V2-S244-SEG-244XC,964,244Xc,244Xc,1215,1245,42882,42916,45920,45954,\|u\times v\|_r\le\|u\|_p\|v\|_q,\|u\times v\|_r\le\|u\|_p\|v\|_q,b478326508338127b0de87a0a62979dd601c956328a2b8a7d26ceeeb608c12cd,b478326508338127b0de87a0a62979dd601c956328a2b8a7d26ceeeb608c12cd,e934c5a530252bf7e9dff2c42d0c7abbdf8d222775b936467b43f523ecb5f5a0,$,,e934c5a530252bf7e9dff2c42d0c7abbdf8d222775b936467b43f523ecb5f5a0,e934c5a530252bf7e9dff2c42d0c7abbdf8d222775b936467b43f523ecb5f5a0,"{""basis"":""ordered nested-math atom; exact symbolic replay"",""kind"":""source-target-formula-map""}"
1.1.0,formula,O007-FREMLIN-V2-S244-FORMULA-0965,O007-FREMLIN-V2-S244,O007-RIGHTS-FREMLIN-DSL,O007-FREMLIN-V2-S244-SEG-244XC,965,244Xc,244Xc,1215,1245,42926,42941,45967,45982,u\in L^p(\mu),u\in L^p(\mu),94d8de0b7b627518619f3995612cdbf5ae295eb68d115acdade3070cabd9a9fe,94d8de0b7b627518619f3995612cdbf5ae295eb68d115acdade3070cabd9a9fe,27dc9c61a40dbfb92d1b5f1340a042243db5de17e599610aa5e2ac7f9460c0dc,$,,27dc9c61a40dbfb92d1b5f1340a042243db5de17e599610aa5e2ac7f9460c0dc,27dc9c61a40dbfb92d1b5f1340a042243db5de17e599610aa5e2ac7f9460c0dc,"{""basis"":""ordered nested-math atom; exact symbolic replay"",""kind"":""source-target-formula-map""}"
1.1.0,formula,O007-FREMLIN-V2-S244-FORMULA-0966,O007-FREMLIN-V2-S244,O007-RIGHTS-FREMLIN-DSL,O007-FREMLIN-V2-S244-SEG-244XC,966,244Xc,244Xc,1216,1246,42946,42961,45987,46002,v\in L^q(\mu),v\in L^q(\mu),2209f9d1fc9c649518ba1fb80d7737d2209b3392935526cd5470de2ee7ce73ca,2209f9d1fc9c649518ba1fb80d7737d2209b3392935526cd5470de2ee7ce73ca,8b091db15fd5c217a5bdfd5db5cefd85cbcbd642519dd1bab6763b325b54817e,$,,8b091db15fd5c217a5bdfd5db5cefd85cbcbd642519dd1bab6763b325b54817e,8b091db15fd5c217a5bdfd5db5cefd85cbcbd642519dd1bab6763b325b54817e,"{""basis"":""ordered nested-math atom; exact symbolic replay"",""kind"":""source-target-formula-map""}"
1.1.0,formula,O007-FREMLIN-V2-S244-FORMULA-0967,O007-FREMLIN-V2-S244,O007-RIGHTS-FREMLIN-DSL,O007-FREMLIN-V2-S244-SEG-244XC,967,244Xc,244Xc,1216,1246,42974,42984,46015,46025,r<\infty,r<\infty,0d6a52476a35cbef755113359e8b620f1b997291da205319f5e151e7f1abf181,0d6a52476a35cbef755113359e8b620f1b997291da205319f5e151e7f1abf181,0d6a52476a35cbef755113359e8b620f1b997291da205319f5e151e7f1abf181,$,,0d6a52476a35cbef755113359e8b620f1b997291da205319f5e151e7f1abf181,0d6a52476a35cbef755113359e8b620f1b997291da205319f5e151e7f1abf181,"{""basis"":""ordered nested-math atom; exact symbolic replay"",""kind"":""source-target-formula-map""}"
1.1.0,formula,O007-FREMLIN-V2-S244-FORMULA-0968,O007-FREMLIN-V2-S244,O007-RIGHTS-FREMLIN-DSL,O007-FREMLIN-V2-S244-SEG-244XC,968,244Xc,244Xc,1217,1247,43016,43034,46065,46083,|u|^r\in L^{p/r},|u|^r\in L^{p/r},c6faa1f0dd20b50c0ebc32a702c6f9eee8aa12b833685165938fc8e9114cea74,c6faa1f0dd20b50c0ebc32a702c6f9eee8aa12b833685165938fc8e9114cea74,20d1c5ef322449f3ee77a89fbd93607c776012cdd595046a9c2c6adde575efa8,$,,20d1c5ef322449f3ee77a89fbd93607c776012cdd595046a9c2c6adde575efa8,20d1c5ef322449f3ee77a89fbd93607c776012cdd595046a9c2c6adde575efa8,"{""basis"":""ordered nested-math atom; exact symbolic replay"",""kind"":""source-target-formula-map""}"
1.1.0,formula,O007-FREMLIN-V2-S244-FORMULA-0969,O007-FREMLIN-V2-S244,O007-RIGHTS-FREMLIN-DSL,O007-FREMLIN-V2-S244-SEG-244XC,969,244Xc,244Xc,1217,1247,43036,43054,46085,46103,|v|^r\in L^{q/r},|v|^r\in L^{q/r},9887597d543c45ea2499bc47a560112083664b9f935ca2aa322451456089b9eb,9887597d543c45ea2499bc47a560112083664b9f935ca2aa322451456089b9eb,a43ccaff8a8e1e0963fc15f714f9d1357b3aaa46ccebdbda5cd5149eb98b510d,$,,a43ccaff8a8e1e0963fc15f714f9d1357b3aaa46ccebdbda5cd5149eb98b510d,a43ccaff8a8e1e0963fc15f714f9d1357b3aaa46ccebdbda5cd5149eb98b510d,"{""basis"":""ordered nested-math atom; exact symbolic replay"",""kind"":""source-target-formula-map""}"
1.1.0,formula,O007-FREMLIN-V2-S244-FORMULA-0970,O007-FREMLIN-V2-S244,O007-RIGHTS-FREMLIN-DSL,O007-FREMLIN-V2-S244-SEG-244XD,970,244Xd,244Xd,1220,1250,43087,43103,46141,46157,"(X,\Sigma,\mu)","(X,\Sigma,\mu)",05e9b769403b4c7926a944d5aaa03f00bb216412bc3f850e41b3c28de657aa67,05e9b769403b4c7926a944d5aaa03f00bb216412bc3f850e41b3c28de657aa67,05e9b769403b4c7926a944d5aaa03f00bb216412bc3f850e41b3c28de657aa67,$,,05e9b769403b4c7926a944d5aaa03f00bb216412bc3f850e41b3c28de657aa67,05e9b769403b4c7926a944d5aaa03f00bb216412bc3f850e41b3c28de657aa67,"{""basis"":""ordered nested-math atom; exact symbolic replay"",""kind"":""source-target-formula-map""}"
1.1.0,formula,O007-FREMLIN-V2-S244-FORMULA-0971,O007-FREMLIN-V2-S244,O007-RIGHTS-FREMLIN-DSL,O007-FREMLIN-V2-S244-SEG-244XD,971,244Xd,244Xd,1221,1251,43143,43165,46205,46227,1\le p\le r\le\infty,1\le p\le r\le\infty,7dc3960152aafeb5846a7cf50d26031a2d7814ab2083e0090d7d4e225eab73f1,7dc3960152aafeb5846a7cf50d26031a2d7814ab2083e0090d7d4e225eab73f1,34a88018ff7041aa2b75ba3a06ebb7030070e6c6e8500df55ab8b0e717ed7540,$,,34a88018ff7041aa2b75ba3a06ebb7030070e6c6e8500df55ab8b0e717ed7540,34a88018ff7041aa2b75ba3a06ebb7030070e6c6e8500df55ab8b0e717ed7540,"{""basis"":""ordered nested-math atom; exact symbolic replay"",""kind"":""source-target-formula-map""}"
1.1.0,formula,O007-FREMLIN-V2-S244-FORMULA-0972,O007-FREMLIN-V2-S244,O007-RIGHTS-FREMLIN-DSL,O007-FREMLIN-V2-S244-SEG-244XD,972,244Xd,244Xd,1221,1252,43171,43190,46234,46253,\|f\|_p\le\|f\|_r,\|f\|_p\le\|f\|_r,3d3808aef569d3e51e405d4ced774acfffdf27374a8f60fbdd49f5fabf3a9d2d,3d3808aef569d3e51e405d4ced774acfffdf27374a8f60fbdd49f5fabf3a9d2d,3d3808aef569d3e51e405d4ced774acfffdf27374a8f60fbdd49f5fabf3a9d2d,$,,3d3808aef569d3e51e405d4ced774acfffdf27374a8f60fbdd49f5fabf3a9d2d,3d3808aef569d3e51e405d4ced774acfffdf27374a8f60fbdd49f5fabf3a9d2d,"{""basis"":""ordered nested-math atom; exact symbolic replay"",""kind"":""source-target-formula-map""}"
1.1.0,formula,O007-FREMLIN-V2-S244-FORMULA-0973,O007-FREMLIN-V2-S244,O007-RIGHTS-FREMLIN-DSL,O007-FREMLIN-V2-S244-SEG-244XD,973,244Xd,244Xd,1222,1252,43201,43223,46267,46289,f\in{\eusm L}^r(\mu),f\in{\eusm L}^r(\mu),016d4aa074a58ee4f879b0ad2547e57aec90b1d0647a8e3a16f0205785e0cc29,016d4aa074a58ee4f879b0ad2547e57aec90b1d0647a8e3a16f0205785e0cc29,1ec21e3c89207d8fb038ece40d202202a5f3c48b05fc5f1a68e9e46b87b123e8,$,,1ec21e3c89207d8fb038ece40d202202a5f3c48b05fc5f1a68e9e46b87b123e8,1ec21e3c89207d8fb038ece40d202202a5f3c48b05fc5f1a68e9e46b87b123e8,"{""basis"":""ordered nested-math atom; exact symbolic replay"",""kind"":""source-target-formula-map""}"
1.1.0,formula,O007-FREMLIN-V2-S244-FORMULA-0974,O007-FREMLIN-V2-S244,O007-RIGHTS-FREMLIN-DSL,O007-FREMLIN-V2-S244-SEG-244XD,974,244Xd,244Xd,1223,1254,43272,43301,46353,46382,\int|f|^p\le\||f|^p\|_{r/p},\int|f|^p\le\||f|^p\|_{r/p},675fcf93f35a8e1dcb12fa654affc48116705abb9709f12b8d45e55ef6abe025,675fcf93f35a8e1dcb12fa654affc48116705abb9709f12b8d45e55ef6abe025,675fcf93f35a8e1dcb12fa654affc48116705abb9709f12b8d45e55ef6abe025,$,,675fcf93f35a8e1dcb12fa654affc48116705abb9709f12b8d45e55ef6abe025,675fcf93f35a8e1dcb12fa654affc48116705abb9709f12b8d45e55ef6abe025,"{""basis"":""ordered nested-math atom; exact symbolic replay"",""kind"":""source-target-formula-map""}"
1.1.0,formula,O007-FREMLIN-V2-S244-FORMULA-0975,O007-FREMLIN-V2-S244,O007-RIGHTS-FREMLIN-DSL,O007-FREMLIN-V2-S244-SEG-244XD,975,244Xd,244Xd,1224,1255,43321,43365,46400,46444,{\eusm L}^p(\mu)\supseteq {\eusm L}^r(\mu),{\eusm L}^p(\mu)\supseteq {\eusm L}^r(\mu),81e2b3ba6ee3213e65f571ec6a3eba47ab2ba04ed79c527d68bbbdc38321d46e,81e2b3ba6ee3213e65f571ec6a3eba47ab2ba04ed79c527d68bbbdc38321d46e,23819731add1d76ba4e998f83d0870cdfae68cdf4331783ac1601c8026b7373f,$,,23819731add1d76ba4e998f83d0870cdfae68cdf4331783ac1601c8026b7373f,23819731add1d76ba4e998f83d0870cdfae68cdf4331783ac1601c8026b7373f,"{""basis"":""ordered nested-math atom; exact symbolic replay"",""kind"":""source-target-formula-map""}"
1.1.0,formula,O007-FREMLIN-V2-S244-FORMULA-0976,O007-FREMLIN-V2-S244,O007-RIGHTS-FREMLIN-DSL,O007-FREMLIN-V2-S244-SEG-244XD,976,244Xd,244Xd,1225,1256,43378,43394,46460,46476,"(X,\Sigma,\mu)","(X,\Sigma,\mu)",05e9b769403b4c7926a944d5aaa03f00bb216412bc3f850e41b3c28de657aa67,05e9b769403b4c7926a944d5aaa03f00bb216412bc3f850e41b3c28de657aa67,05e9b769403b4c7926a944d5aaa03f00bb216412bc3f850e41b3c28de657aa67,$,,05e9b769403b4c7926a944d5aaa03f00bb216412bc3f850e41b3c28de657aa67,05e9b769403b4c7926a944d5aaa03f00bb216412bc3f850e41b3c28de657aa67,"{""basis"":""ordered nested-math atom; exact symbolic replay"",""kind"":""source-target-formula-map""}"
1.1.0,formula,O007-FREMLIN-V2-S244-FORMULA-0977,O007-FREMLIN-V2-S244,O007-RIGHTS-FREMLIN-DSL,O007-FREMLIN-V2-S244-SEG-244XD,977,244Xd,244Xd,1226,1256,43424,43436,46514,46526,\mu E\ge 1,\mu E\ge 1,5cf23786a6e1caea83242f22d4ae969cce96a7b8bf5bcae7f1f04b3ee03e6bca,5cf23786a6e1caea83242f22d4ae969cce96a7b8bf5bcae7f1f04b3ee03e6bca,0dac5eecbf843dad97bac857bf3c0b2317965f9a87d8a757ee02b1f76fa69b31,$,,0dac5eecbf843dad97bac857bf3c0b2317965f9a87d8a757ee02b1f76fa69b31,0dac5eecbf843dad97bac857bf3c0b2317965f9a87d8a757ee02b1f76fa69b31,"{""basis"":""ordered nested-math atom; exact symbolic replay"",""kind"":""source-target-formula-map""}"
1.1.0,formula,O007-FREMLIN-V2-S244-FORMULA-0978,O007-FREMLIN-V2-S244,O007-RIGHTS-FREMLIN-DSL,O007-FREMLIN-V2-S244-SEG-244XD,978,244Xd,244Xd,1226,1257,43446,43458,46539,46551,E\in\Sigma,E\in\Sigma,afe4bbaaedba5158924d3a0bd77f0304472650e71de5aed22515cc3a0a8e1bd2,afe4bbaaedba5158924d3a0bd77f0304472650e71de5aed22515cc3a0a8e1bd2,afe4bbaaedba5158924d3a0bd77f0304472650e71de5aed22515cc3a0a8e1bd2,$,,afe4bbaaedba5158924d3a0bd77f0304472650e71de5aed22515cc3a0a8e1bd2,afe4bbaaedba5158924d3a0bd77f0304472650e71de5aed22515cc3a0a8e1bd2,"{""basis"":""ordered nested-math atom; exact symbolic replay"",""kind"":""source-target-formula-map""}"
1.1.0,formula,O007-FREMLIN-V2-S244-FORMULA-0979,O007-FREMLIN-V2-S244,O007-RIGHTS-FREMLIN-DSL,O007-FREMLIN-V2-S244-SEG-244XD,979,244Xd,244Xd,1226,1257,43463,43472,46556,46565,\mu E>0,\mu E>0,d89570a89187b0f61772a9b6db95f0ae29e803591e169a24af1358e6b1e7873e,d89570a89187b0f61772a9b6db95f0ae29e803591e169a24af1358e6b1e7873e,fb5396e000e9f9e8da7b89d2a52f0f79cf159c07feaa8d558dea6d91af037420,$,,fb5396e000e9f9e8da7b89d2a52f0f79cf159c07feaa8d558dea6d91af037420,fb5396e000e9f9e8da7b89d2a52f0f79cf159c07feaa8d558dea6d91af037420,"{""basis"":""ordered nested-math atom; exact symbolic replay"",""kind"":""source-target-formula-map""}"
1.1.0,formula,O007-FREMLIN-V2-S244-FORMULA-0980,O007-FREMLIN-V2-S244,O007-RIGHTS-FREMLIN-DSL,O007-FREMLIN-V2-S244-SEG-244XD,980,244Xd,244Xd,1227,1258,43510,43515,46598,46603,\mu,\mu,492247e1bab15272d1e53b8015c042bf6fa0cb8f23ec52cad93d6ba80dafb804,492247e1bab15272d1e53b8015c042bf6fa0cb8f23ec52cad93d6ba80dafb804,492247e1bab15272d1e53b8015c042bf6fa0cb8f23ec52cad93d6ba80dafb804,$,,492247e1bab15272d1e53b8015c042bf6fa0cb8f23ec52cad93d6ba80dafb804,492247e1bab15272d1e53b8015c042bf6fa0cb8f23ec52cad93d6ba80dafb804,"{""basis"":""ordered nested-math atom; exact symbolic replay"",""kind"":""source-target-formula-map""}"
1.1.0,formula,O007-FREMLIN-V2-S244-FORMULA-0981,O007-FREMLIN-V2-S244,O007-RIGHTS-FREMLIN-DSL,O007-FREMLIN-V2-S244-SEG-244XD,981,244Xd,244Xd,1227,1258,43541,43544,46639,46642,X,X,4b68ab3847feda7d6c62c1fbcbeebfa35eab7351ed5e78f4ddadea5df64b8015,4b68ab3847feda7d6c62c1fbcbeebfa35eab7351ed5e78f4ddadea5df64b8015,4b68ab3847feda7d6c62c1fbcbeebfa35eab7351ed5e78f4ddadea5df64b8015,$,,4b68ab3847feda7d6c62c1fbcbeebfa35eab7351ed5e78f4ddadea5df64b8015,4b68ab3847feda7d6c62c1fbcbeebfa35eab7351ed5e78f4ddadea5df64b8015,"{""basis"":""ordered nested-math atom; exact symbolic replay"",""kind"":""source-target-formula-map""}"
1.1.0,formula,O007-FREMLIN-V2-S244-FORMULA-0982,O007-FREMLIN-V2-S244,O007-RIGHTS-FREMLIN-DSL,O007-FREMLIN-V2-S244-SEG-244XD,982,244Xd,244Xd,1228,1259,43561,43583,46666,46688,1\le p\le r\le\infty,1\le p\le r\le\infty,7dc3960152aafeb5846a7cf50d26031a2d7814ab2083e0090d7d4e225eab73f1,7dc3960152aafeb5846a7cf50d26031a2d7814ab2083e0090d7d4e225eab73f1,34a88018ff7041aa2b75ba3a06ebb7030070e6c6e8500df55ab8b0e717ed7540,$,,34a88018ff7041aa2b75ba3a06ebb7030070e6c6e8500df55ab8b0e717ed7540,34a88018ff7041aa2b75ba3a06ebb7030070e6c6e8500df55ab8b0e717ed7540,"{""basis"":""ordered nested-math atom; exact symbolic replay"",""kind"":""source-target-formula-map""}"
1.1.0,formula,O007-FREMLIN-V2-S244-FORMULA-0983,O007-FREMLIN-V2-S244,O007-RIGHTS-FREMLIN-DSL,O007-FREMLIN-V2-S244-SEG-244XD,983,244Xd,244Xd,1228,1259,43589,43617,46695,46723,L^p(\mu)\subseteq L^r(\mu),L^p(\mu)\subseteq L^r(\mu),a80c45cc99005e1596d00b2f07d1248c71a4cc1ccaea397d5944cd3bbb4fe03d,a80c45cc99005e1596d00b2f07d1248c71a4cc1ccaea397d5944cd3bbb4fe03d,601998c2c540877b17f62137f20da4bddb32d25f1494fdccce220ba17ca4409d,$,,601998c2c540877b17f62137f20da4bddb32d25f1494fdccce220ba17ca4409d,601998c2c540877b17f62137f20da4bddb32d25f1494fdccce220ba17ca4409d,"{""basis"":""ordered nested-math atom; exact symbolic replay"",""kind"":""source-target-formula-map""}"
1.1.0,formula,O007-FREMLIN-V2-S244-FORMULA-0984,O007-FREMLIN-V2-S244,O007-RIGHTS-FREMLIN-DSL,O007-FREMLIN-V2-S244-SEG-244XD,984,244Xd,244Xd,1229,1260,43622,43641,46728,46747,\|u\|_p\ge\|u\|_r,\|u\|_p\ge\|u\|_r,09ebe0003665ffe95ab938c699293f48aa13337864939de426faf4986fc4d19d,09ebe0003665ffe95ab938c699293f48aa13337864939de426faf4986fc4d19d,09ebe0003665ffe95ab938c699293f48aa13337864939de426faf4986fc4d19d,$,,09ebe0003665ffe95ab938c699293f48aa13337864939de426faf4986fc4d19d,09ebe0003665ffe95ab938c699293f48aa13337864939de426faf4986fc4d19d,"{""basis"":""ordered nested-math atom; exact symbolic replay"",""kind"":""source-target-formula-map""}"
1.1.0,formula,O007-FREMLIN-V2-S244-FORMULA-0985,O007-FREMLIN-V2-S244,O007-RIGHTS-FREMLIN-DSL,O007-FREMLIN-V2-S244-SEG-244XD,985,244Xd,244Xd,1229,1260,43652,43667,46761,46776,u\in L^p(\mu),u\in L^p(\mu),94d8de0b7b627518619f3995612cdbf5ae295eb68d115acdade3070cabd9a9fe,94d8de0b7b627518619f3995612cdbf5ae295eb68d115acdade3070cabd9a9fe,27dc9c61a40dbfb92d1b5f1340a042243db5de17e599610aa5e2ac7f9460c0dc,$,,27dc9c61a40dbfb92d1b5f1340a042243db5de17e599610aa5e2ac7f9460c0dc,27dc9c61a40dbfb92d1b5f1340a042243db5de17e599610aa5e2ac7f9460c0dc,"{""basis"":""ordered nested-math atom; exact symbolic replay"",""kind"":""source-target-formula-map""}"
1.1.0,formula,O007-FREMLIN-V2-S244-FORMULA-0986,O007-FREMLIN-V2-S244,O007-RIGHTS-FREMLIN-DSL,O007-FREMLIN-V2-S244-SEG-244XD,986,244Xd,244Xd,1230,1261,43700,43711,46813,46824,\|u\|_p=1,\|u\|_p=1,077a8bb6aedec19bff2049688b6aa6ba780f3ed3111c44477121a134716c94ed,077a8bb6aedec19bff2049688b6aa6ba780f3ed3111c44477121a134716c94ed,077a8bb6aedec19bff2049688b6aa6ba780f3ed3111c44477121a134716c94ed,$,,077a8bb6aedec19bff2049688b6aa6ba780f3ed3111c44477121a134716c94ed,077a8bb6aedec19bff2049688b6aa6ba780f3ed3111c44477121a134716c94ed,"{""basis"":""ordered nested-math atom; exact symbolic replay"",""kind"":""source-target-formula-map""}"
1.1.0,formula,O007-FREMLIN-V2-S244-FORMULA-0987,O007-FREMLIN-V2-S244,O007-RIGHTS-FREMLIN-DSL,O007-FREMLIN-V2-S244-SEG-244XE,987,244Xe,244Xe,1234,1265,43763,43779,46880,46896,"(X,\Sigma,\mu)","(X,\Sigma,\mu)",05e9b769403b4c7926a944d5aaa03f00bb216412bc3f850e41b3c28de657aa67,05e9b769403b4c7926a944d5aaa03f00bb216412bc3f850e41b3c28de657aa67,05e9b769403b4c7926a944d5aaa03f00bb216412bc3f850e41b3c28de657aa67,$,,05e9b769403b4c7926a944d5aaa03f00bb216412bc3f850e41b3c28de657aa67,05e9b769403b4c7926a944d5aaa03f00bb216412bc3f850e41b3c28de657aa67,"{""basis"":""ordered nested-math atom; exact symbolic replay"",""kind"":""source-target-formula-map""}"
1.1.0,formula,O007-FREMLIN-V2-S244-FORMULA-0988,O007-FREMLIN-V2-S244,O007-RIGHTS-FREMLIN-DSL,O007-FREMLIN-V2-S244-SEG-244XE,988,244Xe,244Xe,1235,1266,43816,43819,46930,46933,p,p,148de9c5a7a44d19e56cd9ae1a554bf67847afb0c58f6e12fa29ac7ddfca9940,148de9c5a7a44d19e56cd9ae1a554bf67847afb0c58f6e12fa29ac7ddfca9940,148de9c5a7a44d19e56cd9ae1a554bf67847afb0c58f6e12fa29ac7ddfca9940,$,,148de9c5a7a44d19e56cd9ae1a554bf67847afb0c58f6e12fa29ac7ddfca9940,148de9c5a7a44d19e56cd9ae1a554bf67847afb0c58f6e12fa29ac7ddfca9940,"{""basis"":""ordered nested-math atom; exact symbolic replay"",""kind"":""source-target-formula-map""}"
1.1.0,formula,O007-FREMLIN-V2-S244-FORMULA-0989,O007-FREMLIN-V2-S244,O007-RIGHTS-FREMLIN-DSL,O007-FREMLIN-V2-S244-SEG-244XE,989,244Xe,244Xe,1235,1266,43821,43837,46935,46951,"q\in[1,\infty]","q\in[1,\infty]",494561ce5c1bc562deb4a5f9bb4807a0266922e227655b7de063df3801ec25a9,494561ce5c1bc562deb4a5f9bb4807a0266922e227655b7de063df3801ec25a9,494561ce5c1bc562deb4a5f9bb4807a0266922e227655b7de063df3801ec25a9,$,,494561ce5c1bc562deb4a5f9bb4807a0266922e227655b7de063df3801ec25a9,494561ce5c1bc562deb4a5f9bb4807a0266922e227655b7de063df3801ec25a9,"{""basis"":""ordered nested-math atom; exact symbolic replay"",""kind"":""source-target-formula-map""}"
1.1.0,formula,O007-FREMLIN-V2-S244-FORMULA-0990,O007-FREMLIN-V2-S244,O007-RIGHTS-FREMLIN-DSL,O007-FREMLIN-V2-S244-SEG-244XE,990,244Xe,244Xe,1235,1267,43848,43869,46972,46993,\bover1p+\bover1q=1,\bover1p+\bover1q=1,2d2eec383eea827dd9313070dbf61fb4a8730e3d37b75e2b9083e0da4fbb984a,2d2eec383eea827dd9313070dbf61fb4a8730e3d37b75e2b9083e0da4fbb984a,2d2eec383eea827dd9313070dbf61fb4a8730e3d37b75e2b9083e0da4fbb984a,$,,2d2eec383eea827dd9313070dbf61fb4a8730e3d37b75e2b9083e0da4fbb984a,2d2eec383eea827dd9313070dbf61fb4a8730e3d37b75e2b9083e0da4fbb984a,"{""basis"":""ordered nested-math atom; exact symbolic replay"",""kind"":""source-target-formula-map""}"
1.1.0,formula,O007-FREMLIN-V2-S244-FORMULA-0991,O007-FREMLIN-V2-S244,O007-RIGHTS-FREMLIN-DSL,O007-FREMLIN-V2-S244-SEG-244XE,991,244Xe,244Xe,1236,1268,43886,43919,47016,47049,u\in L^0(\mu)\setminus L^p(\mu),u\in L^0(\mu)\setminus L^p(\mu),e82626b3678ab438316985136a8f8f9de0cec4d78c6f86a6f9b75dd3688e2621,e82626b3678ab438316985136a8f8f9de0cec4d78c6f86a6f9b75dd3688e2621,00a9bfadc00cb66b197000bd3139263fb3a918600e801b3a388588c5e003563e,$,,00a9bfadc00cb66b197000bd3139263fb3a918600e801b3a388588c5e003563e,00a9bfadc00cb66b197000bd3139263fb3a918600e801b3a388588c5e003563e,"{""basis"":""ordered nested-math atom; exact symbolic replay"",""kind"":""source-target-formula-map""}"
1.1.0,formula,O007-FREMLIN-V2-S244-FORMULA-0992,O007-FREMLIN-V2-S244,O007-RIGHTS-FREMLIN-DSL,O007-FREMLIN-V2-S244-SEG-244XE,992,244Xe,244Xe,1237,1268,43936,43951,47065,47080,v\in L^q(\mu),v\in L^q(\mu),2209f9d1fc9c649518ba1fb80d7737d2209b3392935526cd5470de2ee7ce73ca,2209f9d1fc9c649518ba1fb80d7737d2209b3392935526cd5470de2ee7ce73ca,8b091db15fd5c217a5bdfd5db5cefd85cbcbd642519dd1bab6763b325b54817e,$,,8b091db15fd5c217a5bdfd5db5cefd85cbcbd642519dd1bab6763b325b54817e,8b091db15fd5c217a5bdfd5db5cefd85cbcbd642519dd1bab6763b325b54817e,"{""basis"":""ordered nested-math atom; exact symbolic replay"",""kind"":""source-target-formula-map""}"
1.1.0,formula,O007-FREMLIN-V2-S244-FORMULA-0993,O007-FREMLIN-V2-S244,O007-RIGHTS-FREMLIN-DSL,O007-FREMLIN-V2-S244-SEG-244XE,993,244Xe,244Xe,1237,1269,43962,43988,47101,47127,u\times v\notin L^1(\mu),u\times v\notin L^1(\mu),4fc8134a70663eae8170a37be1ac737c794e1f7f62f9238fabc136cab266305a,4fc8134a70663eae8170a37be1ac737c794e1f7f62f9238fabc136cab266305a,99afbc1d09e28b2d74b746143c7e44f7d9a82c0e7e5fe52931ada28666f1811b,$,,99afbc1d09e28b2d74b746143c7e44f7d9a82c0e7e5fe52931ada28666f1811b,99afbc1d09e28b2d74b746143c7e44f7d9a82c0e7e5fe52931ada28666f1811b,"{""basis"":""ordered nested-math atom; exact symbolic replay"",""kind"":""source-target-formula-map""}"
1.1.0,formula,O007-FREMLIN-V2-S244-FORMULA-0994,O007-FREMLIN-V2-S244,O007-RIGHTS-FREMLIN-DSL,O007-FREMLIN-V2-S244-SEG-244XE,994,244Xe,244Xe,1238,1270,44015,44023,47155,47163,u\ge 0,u\ge 0,d10803733426f9dd2742131cc72ccefa1d1e8035f6a66da6085050e3678d0783,d10803733426f9dd2742131cc72ccefa1d1e8035f6a66da6085050e3678d0783,8a4316f560fc390b9a600e5415d9ca5598a0e249d941c0b08349b20269816764,$,,8a4316f560fc390b9a600e5415d9ca5598a0e249d941c0b08349b20269816764,8a4316f560fc390b9a600e5415d9ca5598a0e249d941c0b08349b20269816764,"{""basis"":""ordered nested-math atom; exact symbolic replay"",""kind"":""source-target-formula-map""}"
1.1.0,formula,O007-FREMLIN-V2-S244-FORMULA-0995,O007-FREMLIN-V2-S244,O007-RIGHTS-FREMLIN-DSL,O007-FREMLIN-V2-S244-SEG-244XE,995,244Xe,244Xe,1239,1271,44068,44080,47211,47223,n\in\Bbb N,n\in\Bbb N,d213946df59f2b85be55436de61a489b7c24c216dfb26056fc2946b32c730709,d213946df59f2b85be55436de61a489b7c24c216dfb26056fc2946b32c730709,02bb197ae0de627eb1861382dcf81826f92f1895770d739be7f05b2435488186,$,,02bb197ae0de627eb1861382dcf81826f92f1895770d739be7f05b2435488186,02bb197ae0de627eb1861382dcf81826f92f1895770d739be7f05b2435488186,"{""basis"":""ordered nested-math atom; exact symbolic replay"",""kind"":""source-target-formula-map""}"
1.1.0,formula,O007-FREMLIN-V2-S244-FORMULA-0996,O007-FREMLIN-V2-S244,O007-RIGHTS-FREMLIN-DSL,O007-FREMLIN-V2-S244-SEG-244XE,996,244Xe,244Xe,1239,1271,44083,44093,47233,47243,u_n\le u,u_n\le u,6091716a90b4c04286e87297c3be91b46143ba177ce249444357ec715abd7054,6091716a90b4c04286e87297c3be91b46143ba177ce249444357ec715abd7054,ea5a64f8d9d089f15d3ca290b90867e985ce2361c96eeaa752f6ceec3714b2fe,$,,ea5a64f8d9d089f15d3ca290b90867e985ce2361c96eeaa752f6ceec3714b2fe,ea5a64f8d9d089f15d3ca290b90867e985ce2361c96eeaa752f6ceec3714b2fe,"{""basis"":""ordered nested-math atom; exact symbolic replay"",""kind"":""source-target-formula-map""}"
1.1.0,formula,O007-FREMLIN-V2-S244-FORMULA-0997,O007-FREMLIN-V2-S244,O007-RIGHTS-FREMLIN-DSL,O007-FREMLIN-V2-S244-SEG-244XE,997,244Xe,244Xe,1239,1272,44104,44128,47264,47288,4^n\le\|u_n\|_p<\infty,4^n\le\|u_n\|_p<\infty,c8c4ea76126e43987f353cda6137e6d2793536dbd8d222153723c65df9575425,c8c4ea76126e43987f353cda6137e6d2793536dbd8d222153723c65df9575425,c8c4ea76126e43987f353cda6137e6d2793536dbd8d222153723c65df9575425,$,,c8c4ea76126e43987f353cda6137e6d2793536dbd8d222153723c65df9575425,c8c4ea76126e43987f353cda6137e6d2793536dbd8d222153723c65df9575425,"{""basis"":""ordered nested-math atom; exact symbolic replay"",""kind"":""source-target-formula-map""}"
1.1.0,formula,O007-FREMLIN-V2-S244-FORMULA-0998,O007-FREMLIN-V2-S244,O007-RIGHTS-FREMLIN-DSL,O007-FREMLIN-V2-S244-SEG-244XE,998,244Xe,244Xe,1240,1272,44136,44148,47296,47308,v_n\in L^q,v_n\in L^q,9740a3b6cdf6fbbf114cf0756acafb6d7674de38000b3dd4e63f24b370cab259,9740a3b6cdf6fbbf114cf0756acafb6d7674de38000b3dd4e63f24b370cab259,48fdc4a0cd33b4bef99c58851c8e9768a8ec0c80d7d6bdc45e467aee6f90ab2c,$,,48fdc4a0cd33b4bef99c58851c8e9768a8ec0c80d7d6bdc45e467aee6f90ab2c,48fdc4a0cd33b4bef99c58851c8e9768a8ec0c80d7d6bdc45e467aee6f90ab2c,"{""basis"":""ordered nested-math atom; exact symbolic replay"",""kind"":""source-target-formula-map""}"
1.1.0,formula,O007-FREMLIN-V2-S244-FORMULA-0999,O007-FREMLIN-V2-S244,O007-RIGHTS-FREMLIN-DSL,O007-FREMLIN-V2-S244-SEG-244XE,999,244Xe,244Xe,1240,1273,44159,44180,47329,47350,\|v_n\|_q\le 2^{-n},\|v_n\|_q\le 2^{-n},43ab8ef5f59d76cd63642b3fa67449f22cffedc669f9f3ca05f4e2c06db99f8f,43ab8ef5f59d76cd63642b3fa67449f22cffedc669f9f3ca05f4e2c06db99f8f,c4b03a9d26a93db118058c6410b17e03fcb3b325982133e958edf2b7cc88e69c,$,,c4b03a9d26a93db118058c6410b17e03fcb3b325982133e958edf2b7cc88e69c,c4b03a9d26a93db118058c6410b17e03fcb3b325982133e958edf2b7cc88e69c,"{""basis"":""ordered nested-math atom; exact symbolic replay"",""kind"":""source-target-formula-map""}"
1.1.0,formula,O007-FREMLIN-V2-S244-FORMULA-1000,O007-FREMLIN-V2-S244,O007-RIGHTS-FREMLIN-DSL,O007-FREMLIN-V2-S244-SEG-244XE,1000,244Xe,244Xe,1241,1273,44185,44212,47355,47382,\int u_n\times v_n\ge 2^n,\int u_n\times v_n\ge 2^n,624abef475834461c2e47d28e7e01fe7cddd3d1232ab93e8f47ae97d40cbe165,624abef475834461c2e47d28e7e01fe7cddd3d1232ab93e8f47ae97d40cbe165,bb18435b4dfc2e36079cc7c88f11bc26fb5e24be11e302c0565cdcbd57fb2eae,$,,bb18435b4dfc2e36079cc7c88f11bc26fb5e24be11e302c0565cdcbd57fb2eae,bb18435b4dfc2e36079cc7c88f11bc26fb5e24be11e302c0565cdcbd57fb2eae,"{""basis"":""ordered nested-math atom; exact symbolic replay"",""kind"":""source-target-formula-map""}"
1.1.0,formula,O007-FREMLIN-V2-S244-FORMULA-1001,O007-FREMLIN-V2-S244,O007-RIGHTS-FREMLIN-DSL,O007-FREMLIN-V2-S244-SEG-244XE,1001,244Xe,244Xe,1241,1274,44222,44248,47398,47424,v=\sum_{n=0}^{\infty}v_n,v=\sum_{n=0}^{\infty}v_n,27a3039559dd763fed76635d56cab870ec0bfbf1c0bb94ddf19291df2b5f381f,27a3039559dd763fed76635d56cab870ec0bfbf1c0bb94ddf19291df2b5f381f,27a3039559dd763fed76635d56cab870ec0bfbf1c0bb94ddf19291df2b5f381f,$,,27a3039559dd763fed76635d56cab870ec0bfbf1c0bb94ddf19291df2b5f381f,27a3039559dd763fed76635d56cab870ec0bfbf1c0bb94ddf19291df2b5f381f,"{""basis"":""ordered nested-math atom; exact symbolic replay"",""kind"":""source-target-formula-map""}"
1.1.0,formula,O007-FREMLIN-V2-S244-FORMULA-1002,O007-FREMLIN-V2-S244,O007-RIGHTS-FREMLIN-DSL,O007-FREMLIN-V2-S244-SEG-244XF,1002,244Xf,244Xf,1244,1278,44278,44323,47459,47504,"\langle(X_i,\Sigma_i,\mu_i)\rangle_{i\in I}","\langle(X_i,\Sigma_i,\mu_i)\rangle_{i\in I}",1b2fe0c76399a4733b47576f3186156e8e68ea0fd581e6cb37c1700d6d3e5ab5,1b2fe0c76399a4733b47576f3186156e8e68ea0fd581e6cb37c1700d6d3e5ab5,43d0848bcd7fcc791dd8fd07b9887359ad0f02bd29856ab51ad9633670a31483,$,,43d0848bcd7fcc791dd8fd07b9887359ad0f02bd29856ab51ad9633670a31483,43d0848bcd7fcc791dd8fd07b9887359ad0f02bd29856ab51ad9633670a31483,"{""basis"":""ordered nested-math atom; exact symbolic replay"",""kind"":""source-target-formula-map""}"
1.1.0,formula,O007-FREMLIN-V2-S244-FORMULA-1003,O007-FREMLIN-V2-S244,O007-RIGHTS-FREMLIN-DSL,O007-FREMLIN-V2-S244-SEG-244XF,1003,244Xf,244Xf,1245,1279,44359,44375,47536,47552,"(X,\Sigma,\mu)","(X,\Sigma,\mu)",05e9b769403b4c7926a944d5aaa03f00bb216412bc3f850e41b3c28de657aa67,05e9b769403b4c7926a944d5aaa03f00bb216412bc3f850e41b3c28de657aa67,05e9b769403b4c7926a944d5aaa03f00bb216412bc3f850e41b3c28de657aa67,$,,05e9b769403b4c7926a944d5aaa03f00bb216412bc3f850e41b3c28de657aa67,05e9b769403b4c7926a944d5aaa03f00bb216412bc3f850e41b3c28de657aa67,"{""basis"":""ordered nested-math atom; exact symbolic replay"",""kind"":""source-target-formula-map""}"
1.1.0,formula,O007-FREMLIN-V2-S244-FORMULA-1004,O007-FREMLIN-V2-S244,O007-RIGHTS-FREMLIN-DSL,O007-FREMLIN-V2-S244-SEG-244XF,1004,244Xf,244Xf,1246,1280,44410,44432,47595,47617,"p\in\coint{1,\infty}","p\in\coint{1,\infty}",dfa09c103b52120a82f69753c8100756a9bbb79737abc89a78fe9c2ee6b86968,dfa09c103b52120a82f69753c8100756a9bbb79737abc89a78fe9c2ee6b86968,dfa09c103b52120a82f69753c8100756a9bbb79737abc89a78fe9c2ee6b86968,$,,dfa09c103b52120a82f69753c8100756a9bbb79737abc89a78fe9c2ee6b86968,dfa09c103b52120a82f69753c8100756a9bbb79737abc89a78fe9c2ee6b86968,"{""basis"":""ordered nested-math atom; exact symbolic replay"",""kind"":""source-target-formula-map""}"
1.1.0,formula,O007-FREMLIN-V2-S244-FORMULA-1005,O007-FREMLIN-V2-S244,O007-RIGHTS-FREMLIN-DSL,O007-FREMLIN-V2-S244-SEG-244XF,1005,244Xf,244Xf,1247,1281,44480,44490,47662,47672,L^0(\mu),L^0(\mu),7ccd5346db90a9896e104499ac3db2d66bf84facfcf695688be6ba7992022f65,7ccd5346db90a9896e104499ac3db2d66bf84facfcf695688be6ba7992022f65,7ccd5346db90a9896e104499ac3db2d66bf84facfcf695688be6ba7992022f65,$,,7ccd5346db90a9896e104499ac3db2d66bf84facfcf695688be6ba7992022f65,7ccd5346db90a9896e104499ac3db2d66bf84facfcf695688be6ba7992022f65,"{""basis"":""ordered nested-math atom; exact symbolic replay"",""kind"":""source-target-formula-map""}"
1.1.0,formula,O007-FREMLIN-V2-S244-FORMULA-1006,O007-FREMLIN-V2-S244,O007-RIGHTS-FREMLIN-DSL,O007-FREMLIN-V2-S244-SEG-244XF,1006,244Xf,244Xf,1247,1281,44495,44521,47677,47703,\prod_{i\in I}L^0(\mu_i),\prod_{i\in I}L^0(\mu_i),06fc1b2fc9f00c638ab94d9803f34d4a820177338821651694698de550838e9b,06fc1b2fc9f00c638ab94d9803f34d4a820177338821651694698de550838e9b,1f17a6bbf155f0527f0604feac98ce8644dde1799a0fcf9cb48b7061df22d47b,$,,1f17a6bbf155f0527f0604feac98ce8644dde1799a0fcf9cb48b7061df22d47b,1f17a6bbf155f0527f0604feac98ce8644dde1799a0fcf9cb48b7061df22d47b,"{""basis"":""ordered nested-math atom; exact symbolic replay"",""kind"":""source-target-formula-map""}"
1.1.0,formula,O007-FREMLIN-V2-S244-FORMULA-1007,O007-FREMLIN-V2-S244,O007-RIGHTS-FREMLIN-DSL,O007-FREMLIN-V2-S244-SEG-244XF,1007,244Xf,244Xf,1248,1282,44561,44571,47749,47759,L^p(\mu),L^p(\mu),d849a4c2e7df7f9d2bf5ba90896603d57e64c2548b570a54255b228bda9421c7,d849a4c2e7df7f9d2bf5ba90896603d57e64c2548b570a54255b228bda9421c7,d849a4c2e7df7f9d2bf5ba90896603d57e64c2548b570a54255b228bda9421c7,$,,d849a4c2e7df7f9d2bf5ba90896603d57e64c2548b570a54255b228bda9421c7,d849a4c2e7df7f9d2bf5ba90896603d57e64c2548b570a54255b228bda9421c7,"{""basis"":""ordered nested-math atom; exact symbolic replay"",""kind"":""source-target-formula-map""}"
1.1.0,formula,O007-FREMLIN-V2-S244-FORMULA-1008,O007-FREMLIN-V2-S244,O007-RIGHTS-FREMLIN-DSL,O007-FREMLIN-V2-S244-SEG-244XF,1008,244Xf,244Xf,1250,1284,44602,44693,47786,47877,"\{u:u\in\prod_{i\in I}L^p(\mu_i),\,
\|u\|=\bigl(\sum_{i\in I}\|u(i)\|_p^p)^{1/p}<\infty\}","\{u:u\in\prod_{i\in I}L^p(\mu_i),\,
\|u\|=\bigl(\sum_{i\in I}\|u(i)\|_p^p)^{1/p}<\infty\}",c0486b7ebd7950d75be33977a5e4e7e01a3ad478b68467e8a99232e0894bee5e,c0486b7ebd7950d75be33977a5e4e7e01a3ad478b68467e8a99232e0894bee5e,f2f814655e04a2b550874641e1b4ab33d1c8d97fd30bffe30e3ad62008135433,$,,f2f814655e04a2b550874641e1b4ab33d1c8d97fd30bffe30e3ad62008135433,f2f814655e04a2b550874641e1b4ab33d1c8d97fd30bffe30e3ad62008135433,"{""basis"":""ordered nested-math atom; exact symbolic replay"",""kind"":""source-target-formula-map""}"
1.1.0,formula,O007-FREMLIN-V2-S244-FORMULA-1009,O007-FREMLIN-V2-S244,O007-RIGHTS-FREMLIN-DSL,O007-FREMLIN-V2-S244-SEG-244XF,1009,244Xf,244Xf,1253,1287,44709,44735,47895,47921,\prod_{i\in I}L^p(\mu_i),\prod_{i\in I}L^p(\mu_i),a1906287861eb480ddc2d14fbb73ffc44f989c77110227abbda13c46ccc53302,a1906287861eb480ddc2d14fbb73ffc44f989c77110227abbda13c46ccc53302,23b2f0afdf7482991f440f8326c66acae9e1ace7963b92034efd4870d8004569,$,,23b2f0afdf7482991f440f8326c66acae9e1ace7963b92034efd4870d8004569,23b2f0afdf7482991f440f8326c66acae9e1ace7963b92034efd4870d8004569,"{""basis"":""ordered nested-math atom; exact symbolic replay"",""kind"":""source-target-formula-map""}"
1.1.0,formula,O007-FREMLIN-V2-S244-FORMULA-1010,O007-FREMLIN-V2-S244,O007-RIGHTS-FREMLIN-DSL,O007-FREMLIN-V2-S244-SEG-244XG,1010,244Xg,244Xg,1256,1290,44764,44780,47955,47971,"(X,\Sigma,\mu)","(X,\Sigma,\mu)",05e9b769403b4c7926a944d5aaa03f00bb216412bc3f850e41b3c28de657aa67,05e9b769403b4c7926a944d5aaa03f00bb216412bc3f850e41b3c28de657aa67,05e9b769403b4c7926a944d5aaa03f00bb216412bc3f850e41b3c28de657aa67,$,,05e9b769403b4c7926a944d5aaa03f00bb216412bc3f850e41b3c28de657aa67,05e9b769403b4c7926a944d5aaa03f00bb216412bc3f850e41b3c28de657aa67,"{""basis"":""ordered nested-math atom; exact symbolic replay"",""kind"":""source-target-formula-map""}"
1.1.0,formula,O007-FREMLIN-V2-S244-FORMULA-1011,O007-FREMLIN-V2-S244,O007-RIGHTS-FREMLIN-DSL,O007-FREMLIN-V2-S244-SEG-244XG,1011,244Xg,244Xg,1257,1291,44807,44850,47999,48042,"M^{\infty,1}=L^1(\mu)\cap L^{\infty}(\mu)","M^{\infty,1}=L^1(\mu)\cap L^{\infty}(\mu)",38058233abc2f816b8158b532f5583ef99bfdb8107cb812146356cb2f1466427,38058233abc2f816b8158b532f5583ef99bfdb8107cb812146356cb2f1466427,6feedff3176bff0090337c47134066190bd9850fcacb22552b9141fa20b7d127,$,,6feedff3176bff0090337c47134066190bd9850fcacb22552b9141fa20b7d127,6feedff3176bff0090337c47134066190bd9850fcacb22552b9141fa20b7d127,"{""basis"":""ordered nested-math atom; exact symbolic replay"",""kind"":""source-target-formula-map""}"
1.1.0,formula,O007-FREMLIN-V2-S244-FORMULA-1012,O007-FREMLIN-V2-S244,O007-RIGHTS-FREMLIN-DSL,O007-FREMLIN-V2-S244-SEG-244XG,1012,244Xg,244Xg,1258,1292,44868,44887,48066,48085,"u\in M^{\infty,1}","u\in M^{\infty,1}",db4b95942e9fa10308733ed4cbdb48a5e3852d40eb30f4cc419a457f7682322c,db4b95942e9fa10308733ed4cbdb48a5e3852d40eb30f4cc419a457f7682322c,bb54823b91f6fe9c4df77a44141aa2302b1e37cde78b39fd897457a96d229cb0,$,,bb54823b91f6fe9c4df77a44141aa2302b1e37cde78b39fd897457a96d229cb0,bb54823b91f6fe9c4df77a44141aa2302b1e37cde78b39fd897457a96d229cb0,"{""basis"":""ordered nested-math atom; exact symbolic replay"",""kind"":""source-target-formula-map""}"
1.1.0,formula,O007-FREMLIN-V2-S244-FORMULA-1013,O007-FREMLIN-V2-S244,O007-RIGHTS-FREMLIN-DSL,O007-FREMLIN-V2-S244-SEG-244XG,1013,244Xg,244Xg,1259,1293,44901,44954,48094,48147,"p\mapsto\|u\|_p:\coint{1,\infty}\to\coint{0,\infty}","p\mapsto\|u\|_p:\coint{1,\infty}\to\coint{0,\infty}",3ee439046a720959d06300b52870c9620c778ccc9ccbcd4d1bed7a42f89b9cbb,3ee439046a720959d06300b52870c9620c778ccc9ccbcd4d1bed7a42f89b9cbb,3ee439046a720959d06300b52870c9620c778ccc9ccbcd4d1bed7a42f89b9cbb,$,,3ee439046a720959d06300b52870c9620c778ccc9ccbcd4d1bed7a42f89b9cbb,3ee439046a720959d06300b52870c9620c778ccc9ccbcd4d1bed7a42f89b9cbb,"{""basis"":""ordered nested-math atom; exact symbolic replay"",""kind"":""source-target-formula-map""}"
1.1.0,formula,O007-FREMLIN-V2-S244-FORMULA-1014,O007-FREMLIN-V2-S244,O007-RIGHTS-FREMLIN-DSL,O007-FREMLIN-V2-S244-SEG-244XG,1014,244Xg,244Xg,1260,1294,44979,45020,48167,48208,\|u\|_{\infty}=\lim_{p\to\infty}\|u\|_p,\|u\|_{\infty}=\lim_{p\to\infty}\|u\|_p,edfc4aefdd958c06ca8e3e478b3e7d44c310f220dd1e8050196bdcfe349f6326,edfc4aefdd958c06ca8e3e478b3e7d44c310f220dd1e8050196bdcfe349f6326,edfc4aefdd958c06ca8e3e478b3e7d44c310f220dd1e8050196bdcfe349f6326,$,,edfc4aefdd958c06ca8e3e478b3e7d44c310f220dd1e8050196bdcfe349f6326,edfc4aefdd958c06ca8e3e478b3e7d44c310f220dd1e8050196bdcfe349f6326,"{""basis"":""ordered nested-math atom; exact symbolic replay"",""kind"":""source-target-formula-map""}"
1.1.0,formula,O007-FREMLIN-V2-S244-FORMULA-1015,O007-FREMLIN-V2-S244,O007-RIGHTS-FREMLIN-DSL,O007-FREMLIN-V2-S244-SEG-244XG,1015,244Xg,244Xg,1261,1295,45063,45066,48252,48255,u,u,0bfe935e70c321c7ca3afc75ce0d0ca2f98b5422e008bb31c00c6d7f1f1c0ad6,0bfe935e70c321c7ca3afc75ce0d0ca2f98b5422e008bb31c00c6d7f1f1c0ad6,0bfe935e70c321c7ca3afc75ce0d0ca2f98b5422e008bb31c00c6d7f1f1c0ad6,$,,0bfe935e70c321c7ca3afc75ce0d0ca2f98b5422e008bb31c00c6d7f1f1c0ad6,0bfe935e70c321c7ca3afc75ce0d0ca2f98b5422e008bb31c00c6d7f1f1c0ad6,"{""basis"":""ordered nested-math atom; exact symbolic replay"",""kind"":""source-target-formula-map""}"
1.1.0,formula,O007-FREMLIN-V2-S244-FORMULA-1016,O007-FREMLIN-V2-S244,O007-RIGHTS-FREMLIN-DSL,O007-FREMLIN-V2-S244-SEG-244XH,1016,244Xh,244Xh,1264,1298,45142,45147,48346,48351,\mu,\mu,492247e1bab15272d1e53b8015c042bf6fa0cb8f23ec52cad93d6ba80dafb804,492247e1bab15272d1e53b8015c042bf6fa0cb8f23ec52cad93d6ba80dafb804,492247e1bab15272d1e53b8015c042bf6fa0cb8f23ec52cad93d6ba80dafb804,$,,492247e1bab15272d1e53b8015c042bf6fa0cb8f23ec52cad93d6ba80dafb804,492247e1bab15272d1e53b8015c042bf6fa0cb8f23ec52cad93d6ba80dafb804,"{""basis"":""ordered nested-math atom; exact symbolic replay"",""kind"":""source-target-formula-map""}"
1.1.0,formula,O007-FREMLIN-V2-S244-FORMULA-1017,O007-FREMLIN-V2-S244,O007-RIGHTS-FREMLIN-DSL,O007-FREMLIN-V2-S244-SEG-244XH,1017,244Xh,244Xh,1264,1298,45171,45182,48375,48386,"X=\{1,2\}","X=\{1,2\}",31d50dea81b4518c13beb3d9145b9ce09b4e653b243ab2b3f93e950758987180,31d50dea81b4518c13beb3d9145b9ce09b4e653b243ab2b3f93e950758987180,31d50dea81b4518c13beb3d9145b9ce09b4e653b243ab2b3f93e950758987180,$,,31d50dea81b4518c13beb3d9145b9ce09b4e653b243ab2b3f93e950758987180,31d50dea81b4518c13beb3d9145b9ce09b4e653b243ab2b3f93e950758987180,"{""basis"":""ordered nested-math atom; exact symbolic replay"",""kind"":""source-target-formula-map""}"
1.1.0,formula,O007-FREMLIN-V2-S244-FORMULA-1018,O007-FREMLIN-V2-S244,O007-RIGHTS-FREMLIN-DSL,O007-FREMLIN-V2-S244-SEG-244XH,1018,244Xh,244Xh,1265,1299,45192,45216,48397,48421,\eusm L^0(\mu)=\BbbR^2,\eusm L^0(\mu)=\BbbR^2,cf6ac7c245255966360c2b12ca56cc7bd205d264adba10912f287a76bcb9552a,cf6ac7c245255966360c2b12ca56cc7bd205d264adba10912f287a76bcb9552a,4338bf3e123b1d703ea74b66bcedf99fbf16e1917e3a75eacaf1a75c66fefde5,$,,4338bf3e123b1d703ea74b66bcedf99fbf16e1917e3a75eacaf1a75c66fefde5,4338bf3e123b1d703ea74b66bcedf99fbf16e1917e3a75eacaf1a75c66fefde5,"{""basis"":""ordered nested-math atom; exact symbolic replay"",""kind"":""source-target-formula-map""}"
1.1.0,formula,O007-FREMLIN-V2-S244-FORMULA-1019,O007-FREMLIN-V2-S244,O007-RIGHTS-FREMLIN-DSL,O007-FREMLIN-V2-S244-SEG-244XH,1019,244Xh,244Xh,1265,1299,45221,45240,48426,48445,L^p(\mu)=L^0(\mu),L^p(\mu)=L^0(\mu),98b299dcf65e71e2e567281a14d8e152e478a5a4371c0007529aa6206a263afd,98b299dcf65e71e2e567281a14d8e152e478a5a4371c0007529aa6206a263afd,98b299dcf65e71e2e567281a14d8e152e478a5a4371c0007529aa6206a263afd,$,,98b299dcf65e71e2e567281a14d8e152e478a5a4371c0007529aa6206a263afd,98b299dcf65e71e2e567281a14d8e152e478a5a4371c0007529aa6206a263afd,"{""basis"":""ordered nested-math atom; exact symbolic replay"",""kind"":""source-target-formula-map""}"
1.1.0,formula,O007-FREMLIN-V2-S244-FORMULA-1020,O007-FREMLIN-V2-S244,O007-RIGHTS-FREMLIN-DSL,O007-FREMLIN-V2-S244-SEG-244XH,1020,244Xh,244Xh,1266,1300,45264,45273,48474,48483,\BbbR^2,\BbbR^2,f8db025f6504b25e46e59808f3fe3c83ae13f41bf0905464a9ffbc495f8baf76,f8db025f6504b25e46e59808f3fe3c83ae13f41bf0905464a9ffbc495f8baf76,f8db025f6504b25e46e59808f3fe3c83ae13f41bf0905464a9ffbc495f8baf76,$,,f8db025f6504b25e46e59808f3fe3c83ae13f41bf0905464a9ffbc495f8baf76,f8db025f6504b25e46e59808f3fe3c83ae13f41bf0905464a9ffbc495f8baf76,"{""basis"":""ordered nested-math atom; exact symbolic replay"",""kind"":""source-target-formula-map""}"
1.1.0,formula,O007-FREMLIN-V2-S244-FORMULA-1021,O007-FREMLIN-V2-S244,O007-RIGHTS-FREMLIN-DSL,O007-FREMLIN-V2-S244-SEG-244XH,1021,244Xh,244Xh,1266,1300,45284,45300,48497,48513,"p\in[1,\infty]","p\in[1,\infty]",7d8e33c2c22d2bb3bb84f57d68b03a758a2a11e30762f389926cb8f394cb8548,7d8e33c2c22d2bb3bb84f57d68b03a758a2a11e30762f389926cb8f394cb8548,7d8e33c2c22d2bb3bb84f57d68b03a758a2a11e30762f389926cb8f394cb8548,$,,7d8e33c2c22d2bb3bb84f57d68b03a758a2a11e30762f389926cb8f394cb8548,7d8e33c2c22d2bb3bb84f57d68b03a758a2a11e30762f389926cb8f394cb8548,"{""basis"":""ordered nested-math atom; exact symbolic replay"",""kind"":""source-target-formula-map""}"
1.1.0,formula,O007-FREMLIN-V2-S244-FORMULA-1022,O007-FREMLIN-V2-S244,O007-RIGHTS-FREMLIN-DSL,O007-FREMLIN-V2-S244-SEG-244XH,1022,244Xh,244Xh,1267,1301,45326,45346,48539,48559,\{u:\|u\|_p\le 1\},\{u:\|u\|_p\le 1\},3b81c601a23009786d14a8640fe4b417a1cc80b5f79049f807cd89f60936c694,3b81c601a23009786d14a8640fe4b417a1cc80b5f79049f807cd89f60936c694,cf39c57418d8fd28c41cddb41dceb82b89da7b49a5fbe9f9849c5b914502cfbd,$,,cf39c57418d8fd28c41cddb41dceb82b89da7b49a5fbe9f9849c5b914502cfbd,cf39c57418d8fd28c41cddb41dceb82b89da7b49a5fbe9f9849c5b914502cfbd,"{""basis"":""ordered nested-math atom; exact symbolic replay"",""kind"":""source-target-formula-map""}"
1.1.0,formula,O007-FREMLIN-V2-S244-FORMULA-1023,O007-FREMLIN-V2-S244,O007-RIGHTS-FREMLIN-DSL,O007-FREMLIN-V2-S244-SEG-244XH,1023,244Xh,244Xh,1267,1301,45350,45359,48566,48575,\BbbR^2,\BbbR^2,f8db025f6504b25e46e59808f3fe3c83ae13f41bf0905464a9ffbc495f8baf76,f8db025f6504b25e46e59808f3fe3c83ae13f41bf0905464a9ffbc495f8baf76,f8db025f6504b25e46e59808f3fe3c83ae13f41bf0905464a9ffbc495f8baf76,$,,f8db025f6504b25e46e59808f3fe3c83ae13f41bf0905464a9ffbc495f8baf76,f8db025f6504b25e46e59808f3fe3c83ae13f41bf0905464a9ffbc495f8baf76,"{""basis"":""ordered nested-math atom; exact symbolic replay"",""kind"":""source-target-formula-map""}"
1.1.0,formula,O007-FREMLIN-V2-S244-FORMULA-1024,O007-FREMLIN-V2-S244,O007-RIGHTS-FREMLIN-DSL,O007-FREMLIN-V2-S244-SEG-244XH,1024,244Xh,244Xh,1267,1302,45364,45369,48582,48587,p=1,p=1,791a7b3a1c84e05cbf520166fc1107eebd36ea5ed05f636222d80d2bf4183966,791a7b3a1c84e05cbf520166fc1107eebd36ea5ed05f636222d80d2bf4183966,791a7b3a1c84e05cbf520166fc1107eebd36ea5ed05f636222d80d2bf4183966,$,,791a7b3a1c84e05cbf520166fc1107eebd36ea5ed05f636222d80d2bf4183966,791a7b3a1c84e05cbf520166fc1107eebd36ea5ed05f636222d80d2bf4183966,"{""basis"":""ordered nested-math atom; exact symbolic replay"",""kind"":""source-target-formula-map""}"
1.1.0,formula,O007-FREMLIN-V2-S244-FORMULA-1025,O007-FREMLIN-V2-S244,O007-RIGHTS-FREMLIN-DSL,O007-FREMLIN-V2-S244-SEG-244XH,1025,244Xh,244Xh,1267,1302,45371,45381,48589,48599,\bover32,\bover32,21537215281852a37f75f6371d6b2a7116042d16fad6f86b4a6ab145d94dfd8f,21537215281852a37f75f6371d6b2a7116042d16fad6f86b4a6ab145d94dfd8f,21537215281852a37f75f6371d6b2a7116042d16fad6f86b4a6ab145d94dfd8f,$,,21537215281852a37f75f6371d6b2a7116042d16fad6f86b4a6ab145d94dfd8f,21537215281852a37f75f6371d6b2a7116042d16fad6f86b4a6ab145d94dfd8f,"{""basis"":""ordered nested-math atom; exact symbolic replay"",""kind"":""source-target-formula-map""}"
1.1.0,formula,O007-FREMLIN-V2-S244-FORMULA-1026,O007-FREMLIN-V2-S244,O007-RIGHTS-FREMLIN-DSL,O007-FREMLIN-V2-S244-SEG-244XH,1026,244Xh,244Xh,1267,1302,45383,45386,48601,48604,2,2,d4735e3a265e16eee03f59718b9b5d03019c07d8b6c51f90da3a666eec13ab35,d4735e3a265e16eee03f59718b9b5d03019c07d8b6c51f90da3a666eec13ab35,d4735e3a265e16eee03f59718b9b5d03019c07d8b6c51f90da3a666eec13ab35,$,,d4735e3a265e16eee03f59718b9b5d03019c07d8b6c51f90da3a666eec13ab35,d4735e3a265e16eee03f59718b9b5d03019c07d8b6c51f90da3a666eec13ab35,"{""basis"":""ordered nested-math atom; exact symbolic replay"",""kind"":""source-target-formula-map""}"
1.1.0,formula,O007-FREMLIN-V2-S244-FORMULA-1027,O007-FREMLIN-V2-S244,O007-RIGHTS-FREMLIN-DSL,O007-FREMLIN-V2-S244-SEG-244XH,1027,244Xh,244Xh,1267,1302,45388,45391,48606,48609,3,3,4e07408562bedb8b60ce05c1decfe3ad16b72230967de01f640b7e4729b49fce,4e07408562bedb8b60ce05c1decfe3ad16b72230967de01f640b7e4729b49fce,4e07408562bedb8b60ce05c1decfe3ad16b72230967de01f640b7e4729b49fce,$,,4e07408562bedb8b60ce05c1decfe3ad16b72230967de01f640b7e4729b49fce,4e07408562bedb8b60ce05c1decfe3ad16b72230967de01f640b7e4729b49fce,"{""basis"":""ordered nested-math atom; exact symbolic replay"",""kind"":""source-target-formula-map""}"
1.1.0,formula,O007-FREMLIN-V2-S244-FORMULA-1028,O007-FREMLIN-V2-S244,O007-RIGHTS-FREMLIN-DSL,O007-FREMLIN-V2-S244-SEG-244XH,1028,244Xh,244Xh,1268,1302,45396,45404,48614,48622,\infty,\infty,db8e84427c2e1e02f2b2c74d337ab8d69d80cbb28224cd7f85e0174f1f5ed5c7,db8e84427c2e1e02f2b2c74d337ab8d69d80cbb28224cd7f85e0174f1f5ed5c7,db8e84427c2e1e02f2b2c74d337ab8d69d80cbb28224cd7f85e0174f1f5ed5c7,$,,db8e84427c2e1e02f2b2c74d337ab8d69d80cbb28224cd7f85e0174f1f5ed5c7,db8e84427c2e1e02f2b2c74d337ab8d69d80cbb28224cd7f85e0174f1f5ed5c7,"{""basis"":""ordered nested-math atom; exact symbolic replay"",""kind"":""source-target-formula-map""}"
1.1.0,formula,O007-FREMLIN-V2-S244-FORMULA-1029,O007-FREMLIN-V2-S244,O007-RIGHTS-FREMLIN-DSL,O007-FREMLIN-V2-S244-SEG-244XI,1029,244Xi,244Xi,1271,1305,45433,45438,48656,48661,\mu,\mu,492247e1bab15272d1e53b8015c042bf6fa0cb8f23ec52cad93d6ba80dafb804,492247e1bab15272d1e53b8015c042bf6fa0cb8f23ec52cad93d6ba80dafb804,492247e1bab15272d1e53b8015c042bf6fa0cb8f23ec52cad93d6ba80dafb804,$,,492247e1bab15272d1e53b8015c042bf6fa0cb8f23ec52cad93d6ba80dafb804,492247e1bab15272d1e53b8015c042bf6fa0cb8f23ec52cad93d6ba80dafb804,"{""basis"":""ordered nested-math atom; exact symbolic replay"",""kind"":""source-target-formula-map""}"
1.1.0,formula,O007-FREMLIN-V2-S244-FORMULA-1030,O007-FREMLIN-V2-S244,O007-RIGHTS-FREMLIN-DSL,O007-FREMLIN-V2-S244-SEG-244XI,1030,244Xi,244Xi,1271,1305,45462,45475,48685,48698,"X=\{1,2,3\}","X=\{1,2,3\}",41bce412afeb792cd916fa70e365b1595b23cda192bc7241f649b5a4c50602a1,41bce412afeb792cd916fa70e365b1595b23cda192bc7241f649b5a4c50602a1,41bce412afeb792cd916fa70e365b1595b23cda192bc7241f649b5a4c50602a1,$,,41bce412afeb792cd916fa70e365b1595b23cda192bc7241f649b5a4c50602a1,41bce412afeb792cd916fa70e365b1595b23cda192bc7241f649b5a4c50602a1,"{""basis"":""ordered nested-math atom; exact symbolic replay"",""kind"":""source-target-formula-map""}"
1.1.0,formula,O007-FREMLIN-V2-S244-FORMULA-1031,O007-FREMLIN-V2-S244,O007-RIGHTS-FREMLIN-DSL,O007-FREMLIN-V2-S244-SEG-244XI,1031,244Xi,244Xi,1272,1306,45485,45509,48709,48733,\eusm L^0(\mu)=\BbbR^3,\eusm L^0(\mu)=\BbbR^3,cd2876e0b3f9bc8c6d92a7db85d2cf7d9eba4f8135cf34508921bbc7280f0488,cd2876e0b3f9bc8c6d92a7db85d2cf7d9eba4f8135cf34508921bbc7280f0488,dae97cd16b7b167a089aa779a9bc573c812b0240d84f6e72dd99b08e647e8ab8,$,,dae97cd16b7b167a089aa779a9bc573c812b0240d84f6e72dd99b08e647e8ab8,dae97cd16b7b167a089aa779a9bc573c812b0240d84f6e72dd99b08e647e8ab8,"{""basis"":""ordered nested-math atom; exact symbolic replay"",""kind"":""source-target-formula-map""}"
1.1.0,formula,O007-FREMLIN-V2-S244-FORMULA-1032,O007-FREMLIN-V2-S244,O007-RIGHTS-FREMLIN-DSL,O007-FREMLIN-V2-S244-SEG-244XI,1032,244Xi,244Xi,1272,1306,45514,45533,48738,48757,L^p(\mu)=L^0(\mu),L^p(\mu)=L^0(\mu),98b299dcf65e71e2e567281a14d8e152e478a5a4371c0007529aa6206a263afd,98b299dcf65e71e2e567281a14d8e152e478a5a4371c0007529aa6206a263afd,98b299dcf65e71e2e567281a14d8e152e478a5a4371c0007529aa6206a263afd,$,,98b299dcf65e71e2e567281a14d8e152e478a5a4371c0007529aa6206a263afd,98b299dcf65e71e2e567281a14d8e152e478a5a4371c0007529aa6206a263afd,"{""basis"":""ordered nested-math atom; exact symbolic replay"",""kind"":""source-target-formula-map""}"
1.1.0,formula,O007-FREMLIN-V2-S244-FORMULA-1033,O007-FREMLIN-V2-S244,O007-RIGHTS-FREMLIN-DSL,O007-FREMLIN-V2-S244-SEG-244XI,1033,244Xi,244Xi,1273,1307,45557,45566,48786,48795,\BbbR^3,\BbbR^3,d2d56e4b497d0880da35e70a19c9aecdc53bc378fda0b497dfae733e6c6558cb,d2d56e4b497d0880da35e70a19c9aecdc53bc378fda0b497dfae733e6c6558cb,d2d56e4b497d0880da35e70a19c9aecdc53bc378fda0b497dfae733e6c6558cb,$,,d2d56e4b497d0880da35e70a19c9aecdc53bc378fda0b497dfae733e6c6558cb,d2d56e4b497d0880da35e70a19c9aecdc53bc378fda0b497dfae733e6c6558cb,"{""basis"":""ordered nested-math atom; exact symbolic replay"",""kind"":""source-target-formula-map""}"
1.1.0,formula,O007-FREMLIN-V2-S244-FORMULA-1034,O007-FREMLIN-V2-S244,O007-RIGHTS-FREMLIN-DSL,O007-FREMLIN-V2-S244-SEG-244XI,1034,244Xi,244Xi,1273,1307,45577,45593,48809,48825,"p\in[1,\infty]","p\in[1,\infty]",7d8e33c2c22d2bb3bb84f57d68b03a758a2a11e30762f389926cb8f394cb8548,7d8e33c2c22d2bb3bb84f57d68b03a758a2a11e30762f389926cb8f394cb8548,7d8e33c2c22d2bb3bb84f57d68b03a758a2a11e30762f389926cb8f394cb8548,$,,7d8e33c2c22d2bb3bb84f57d68b03a758a2a11e30762f389926cb8f394cb8548,7d8e33c2c22d2bb3bb84f57d68b03a758a2a11e30762f389926cb8f394cb8548,"{""basis"":""ordered nested-math atom; exact symbolic replay"",""kind"":""source-target-formula-map""}"
1.1.0,formula,O007-FREMLIN-V2-S244-FORMULA-1035,O007-FREMLIN-V2-S244,O007-RIGHTS-FREMLIN-DSL,O007-FREMLIN-V2-S244-SEG-244XI,1035,244Xi,244Xi,1274,1308,45621,45641,48847,48867,\{u:\|u\|_p\le 1\},\{u:\|u\|_p\le 1\},3b81c601a23009786d14a8640fe4b417a1cc80b5f79049f807cd89f60936c694,3b81c601a23009786d14a8640fe4b417a1cc80b5f79049f807cd89f60936c694,cf39c57418d8fd28c41cddb41dceb82b89da7b49a5fbe9f9849c5b914502cfbd,$,,cf39c57418d8fd28c41cddb41dceb82b89da7b49a5fbe9f9849c5b914502cfbd,cf39c57418d8fd28c41cddb41dceb82b89da7b49a5fbe9f9849c5b914502cfbd,"{""basis"":""ordered nested-math atom; exact symbolic replay"",""kind"":""source-target-formula-map""}"
1.1.0,formula,O007-FREMLIN-V2-S244-FORMULA-1036,O007-FREMLIN-V2-S244,O007-RIGHTS-FREMLIN-DSL,O007-FREMLIN-V2-S244-SEG-244XI,1036,244Xi,244Xi,1274,1308,45645,45654,48874,48883,\BbbR^3,\BbbR^3,d2d56e4b497d0880da35e70a19c9aecdc53bc378fda0b497dfae733e6c6558cb,d2d56e4b497d0880da35e70a19c9aecdc53bc378fda0b497dfae733e6c6558cb,d2d56e4b497d0880da35e70a19c9aecdc53bc378fda0b497dfae733e6c6558cb,$,,d2d56e4b497d0880da35e70a19c9aecdc53bc378fda0b497dfae733e6c6558cb,d2d56e4b497d0880da35e70a19c9aecdc53bc378fda0b497dfae733e6c6558cb,"{""basis"":""ordered nested-math atom; exact symbolic replay"",""kind"":""source-target-formula-map""}"
1.1.0,formula,O007-FREMLIN-V2-S244-FORMULA-1037,O007-FREMLIN-V2-S244,O007-RIGHTS-FREMLIN-DSL,O007-FREMLIN-V2-S244-SEG-244XI,1037,244Xi,244Xi,1274,1308,45659,45664,48890,48895,p=1,p=1,791a7b3a1c84e05cbf520166fc1107eebd36ea5ed05f636222d80d2bf4183966,791a7b3a1c84e05cbf520166fc1107eebd36ea5ed05f636222d80d2bf4183966,791a7b3a1c84e05cbf520166fc1107eebd36ea5ed05f636222d80d2bf4183966,$,,791a7b3a1c84e05cbf520166fc1107eebd36ea5ed05f636222d80d2bf4183966,791a7b3a1c84e05cbf520166fc1107eebd36ea5ed05f636222d80d2bf4183966,"{""basis"":""ordered nested-math atom; exact symbolic replay"",""kind"":""source-target-formula-map""}"
1.1.0,formula,O007-FREMLIN-V2-S244-FORMULA-1038,O007-FREMLIN-V2-S244,O007-RIGHTS-FREMLIN-DSL,O007-FREMLIN-V2-S244-SEG-244XI,1038,244Xi,244Xi,1274,1308,45666,45669,48897,48900,2,2,d4735e3a265e16eee03f59718b9b5d03019c07d8b6c51f90da3a666eec13ab35,d4735e3a265e16eee03f59718b9b5d03019c07d8b6c51f90da3a666eec13ab35,d4735e3a265e16eee03f59718b9b5d03019c07d8b6c51f90da3a666eec13ab35,$,,d4735e3a265e16eee03f59718b9b5d03019c07d8b6c51f90da3a666eec13ab35,d4735e3a265e16eee03f59718b9b5d03019c07d8b6c51f90da3a666eec13ab35,"{""basis"":""ordered nested-math atom; exact symbolic replay"",""kind"":""source-target-formula-map""}"
1.1.0,formula,O007-FREMLIN-V2-S244-FORMULA-1039,O007-FREMLIN-V2-S244,O007-RIGHTS-FREMLIN-DSL,O007-FREMLIN-V2-S244-SEG-244XI,1039,244Xi,244Xi,1274,1309,45674,45682,48905,48913,\infty,\infty,db8e84427c2e1e02f2b2c74d337ab8d69d80cbb28224cd7f85e0174f1f5ed5c7,db8e84427c2e1e02f2b2c74d337ab8d69d80cbb28224cd7f85e0174f1f5ed5c7,db8e84427c2e1e02f2b2c74d337ab8d69d80cbb28224cd7f85e0174f1f5ed5c7,$,,db8e84427c2e1e02f2b2c74d337ab8d69d80cbb28224cd7f85e0174f1f5ed5c7,db8e84427c2e1e02f2b2c74d337ab8d69d80cbb28224cd7f85e0174f1f5ed5c7,"{""basis"":""ordered nested-math atom; exact symbolic replay"",""kind"":""source-target-formula-map""}"
1.1.0,formula,O007-FREMLIN-V2-S244-FORMULA-1040,O007-FREMLIN-V2-S244,O007-RIGHTS-FREMLIN-DSL,O007-FREMLIN-V2-S244-SEG-244XJ,1040,244Xj,244Xj,1278,1313,45786,45798,49019,49031,L^{\infty},L^{\infty},78a4126aa7bf2982d3fda504bb032af482859d41123569b379ce30447473769c,78a4126aa7bf2982d3fda504bb032af482859d41123569b379ce30447473769c,78a4126aa7bf2982d3fda504bb032af482859d41123569b379ce30447473769c,$,,78a4126aa7bf2982d3fda504bb032af482859d41123569b379ce30447473769c,78a4126aa7bf2982d3fda504bb032af482859d41123569b379ce30447473769c,"{""basis"":""ordered nested-math atom; exact symbolic replay"",""kind"":""source-target-formula-map""}"
1.1.0,formula,O007-FREMLIN-V2-S244-FORMULA-1041,O007-FREMLIN-V2-S244,O007-RIGHTS-FREMLIN-DSL,O007-FREMLIN-V2-S244-SEG-244XJ,1041,244Xj,244Xj,1279,1313,45804,45821,49039,49056,"\|\,\|_{\infty}","\|\,\|_{\infty}",5ea1368cf38b456bbcc7d6a385884b413e82181991d513592180931dabffa13e,5ea1368cf38b456bbcc7d6a385884b413e82181991d513592180931dabffa13e,5ea1368cf38b456bbcc7d6a385884b413e82181991d513592180931dabffa13e,$,,5ea1368cf38b456bbcc7d6a385884b413e82181991d513592180931dabffa13e,5ea1368cf38b456bbcc7d6a385884b413e82181991d513592180931dabffa13e,"{""basis"":""ordered nested-math atom; exact symbolic replay"",""kind"":""source-target-formula-map""}"
1.1.0,formula,O007-FREMLIN-V2-S244-FORMULA-1042,O007-FREMLIN-V2-S244,O007-RIGHTS-FREMLIN-DSL,O007-FREMLIN-V2-S244-SEG-244XK,1042,244Xk,244Xk,1282,1316,45850,45872,49090,49112,"p\in\coint{1,\infty}","p\in\coint{1,\infty}",dfa09c103b52120a82f69753c8100756a9bbb79737abc89a78fe9c2ee6b86968,dfa09c103b52120a82f69753c8100756a9bbb79737abc89a78fe9c2ee6b86968,dfa09c103b52120a82f69753c8100756a9bbb79737abc89a78fe9c2ee6b86968,$,,dfa09c103b52120a82f69753c8100756a9bbb79737abc89a78fe9c2ee6b86968,dfa09c103b52120a82f69753c8100756a9bbb79737abc89a78fe9c2ee6b86968,"{""basis"":""ordered nested-math atom; exact symbolic replay"",""kind"":""source-target-formula-map""}"
1.1.0,formula,O007-FREMLIN-V2-S244-FORMULA-1043,O007-FREMLIN-V2-S244,O007-RIGHTS-FREMLIN-DSL,O007-FREMLIN-V2-S244-SEG-244XK,1043,244Xk,244Xk,1283,1317,45890,45911,49134,49155,|a^p-b^p|\ge|a-b|^p,|a^p-b^p|\ge|a-b|^p,2fe5717d38f3f664e031b9c96fa4b91f912631004e8b6c4b18374ec92f4b4130,2fe5717d38f3f664e031b9c96fa4b91f912631004e8b6c4b18374ec92f4b4130,2fe5717d38f3f664e031b9c96fa4b91f912631004e8b6c4b18374ec92f4b4130,$,,2fe5717d38f3f664e031b9c96fa4b91f912631004e8b6c4b18374ec92f4b4130,2fe5717d38f3f664e031b9c96fa4b91f912631004e8b6c4b18374ec92f4b4130,"{""basis"":""ordered nested-math atom; exact symbolic replay"",""kind"":""source-target-formula-map""}"
1.1.0,formula,O007-FREMLIN-V2-S244-FORMULA-1044,O007-FREMLIN-V2-S244,O007-RIGHTS-FREMLIN-DSL,O007-FREMLIN-V2-S244-SEG-244XK,1044,244Xk,244Xk,1283,1317,45920,45923,49168,49171,a,a,ca978112ca1bbdcafac231b39a23dc4da786eff8147c4e72b9807785afee48bb,ca978112ca1bbdcafac231b39a23dc4da786eff8147c4e72b9807785afee48bb,ca978112ca1bbdcafac231b39a23dc4da786eff8147c4e72b9807785afee48bb,$,,ca978112ca1bbdcafac231b39a23dc4da786eff8147c4e72b9807785afee48bb,ca978112ca1bbdcafac231b39a23dc4da786eff8147c4e72b9807785afee48bb,"{""basis"":""ordered nested-math atom; exact symbolic replay"",""kind"":""source-target-formula-map""}"
1.1.0,formula,O007-FREMLIN-V2-S244-FORMULA-1045,O007-FREMLIN-V2-S244,O007-RIGHTS-FREMLIN-DSL,O007-FREMLIN-V2-S244-SEG-244XK,1045,244Xk,244Xk,1284,1317,45925,45933,49173,49181,b\ge 0,b\ge 0,12c98797c0d9c9db56510bdd298849d057991f962e1f97edc5e4759f6f096bb0,12c98797c0d9c9db56510bdd298849d057991f962e1f97edc5e4759f6f096bb0,9efdaf81a6b3c62690d056781198975f2dd3df47fa9644872909a89ffd370aba,$,,9efdaf81a6b3c62690d056781198975f2dd3df47fa9644872909a89ffd370aba,9efdaf81a6b3c62690d056781198975f2dd3df47fa9644872909a89ffd370aba,"{""basis"":""ordered nested-math atom; exact symbolic replay"",""kind"":""source-target-formula-map""}"
1.1.0,formula,O007-FREMLIN-V2-S244-FORMULA-1046,O007-FREMLIN-V2-S244,O007-RIGHTS-FREMLIN-DSL,O007-FREMLIN-V2-S244-SEG-244XK,1046,244Xk,244Xk,1284,1318,45947,45952,49195,49200,a>b,a>b,998a5be88dc5c0d469f33fb5a8ac3e4bd9c56f0ea48b2a14f2c5754c5416e861,998a5be88dc5c0d469f33fb5a8ac3e4bd9c56f0ea48b2a14f2c5754c5416e861,998a5be88dc5c0d469f33fb5a8ac3e4bd9c56f0ea48b2a14f2c5754c5416e861,$,,998a5be88dc5c0d469f33fb5a8ac3e4bd9c56f0ea48b2a14f2c5754c5416e861,998a5be88dc5c0d469f33fb5a8ac3e4bd9c56f0ea48b2a14f2c5754c5416e861,"{""basis"":""ordered nested-math atom; exact symbolic replay"",""kind"":""source-target-formula-map""}"
1.1.0,formula,O007-FREMLIN-V2-S244-FORMULA-1047,O007-FREMLIN-V2-S244,O007-RIGHTS-FREMLIN-DSL,O007-FREMLIN-V2-S244-SEG-244XK,1047,244Xk,244Xk,1285,1318,45995,45998,49238,49241,a,a,ca978112ca1bbdcafac231b39a23dc4da786eff8147c4e72b9807785afee48bb,ca978112ca1bbdcafac231b39a23dc4da786eff8147c4e72b9807785afee48bb,ca978112ca1bbdcafac231b39a23dc4da786eff8147c4e72b9807785afee48bb,$,,ca978112ca1bbdcafac231b39a23dc4da786eff8147c4e72b9807785afee48bb,ca978112ca1bbdcafac231b39a23dc4da786eff8147c4e72b9807785afee48bb,"{""basis"":""ordered nested-math atom; exact symbolic replay"",""kind"":""source-target-formula-map""}"
1.1.0,formula,O007-FREMLIN-V2-S244-FORMULA-1048,O007-FREMLIN-V2-S244,O007-RIGHTS-FREMLIN-DSL,O007-FREMLIN-V2-S244-SEG-244XK,1048,244Xk,244Xk,1285,1319,46012,46028,49258,49274,"(X,\Sigma,\mu)","(X,\Sigma,\mu)",05e9b769403b4c7926a944d5aaa03f00bb216412bc3f850e41b3c28de657aa67,05e9b769403b4c7926a944d5aaa03f00bb216412bc3f850e41b3c28de657aa67,05e9b769403b4c7926a944d5aaa03f00bb216412bc3f850e41b3c28de657aa67,$,,05e9b769403b4c7926a944d5aaa03f00bb216412bc3f850e41b3c28de657aa67,05e9b769403b4c7926a944d5aaa03f00bb216412bc3f850e41b3c28de657aa67,"{""basis"":""ordered nested-math atom; exact symbolic replay"",""kind"":""source-target-formula-map""}"
1.1.0,formula,O007-FREMLIN-V2-S244-FORMULA-1049,O007-FREMLIN-V2-S244,O007-RIGHTS-FREMLIN-DSL,O007-FREMLIN-V2-S244-SEG-244XK,1049,244Xk,244Xk,1285,1319,46052,46055,49296,49299,U,U,a25513c7e0f6eaa80a3337ee18081b9e2ed09e00af8531c8f7bb2542764027e7,a25513c7e0f6eaa80a3337ee18081b9e2ed09e00af8531c8f7bb2542764027e7,a25513c7e0f6eaa80a3337ee18081b9e2ed09e00af8531c8f7bb2542764027e7,$,,a25513c7e0f6eaa80a3337ee18081b9e2ed09e00af8531c8f7bb2542764027e7,a25513c7e0f6eaa80a3337ee18081b9e2ed09e00af8531c8f7bb2542764027e7,"{""basis"":""ordered nested-math atom; exact symbolic replay"",""kind"":""source-target-formula-map""}"
1.1.0,formula,O007-FREMLIN-V2-S244-FORMULA-1050,O007-FREMLIN-V2-S244,O007-RIGHTS-FREMLIN-DSL,O007-FREMLIN-V2-S244-SEG-244XK,1050,244Xk,244Xk,1286,1320,46077,46087,49327,49337,L^0(\mu),L^0(\mu),7ccd5346db90a9896e104499ac3db2d66bf84facfcf695688be6ba7992022f65,7ccd5346db90a9896e104499ac3db2d66bf84facfcf695688be6ba7992022f65,7ccd5346db90a9896e104499ac3db2d66bf84facfcf695688be6ba7992022f65,$,,7ccd5346db90a9896e104499ac3db2d66bf84facfcf695688be6ba7992022f65,7ccd5346db90a9896e104499ac3db2d66bf84facfcf695688be6ba7992022f65,"{""basis"":""ordered nested-math atom; exact symbolic replay"",""kind"":""source-target-formula-map""}"
1.1.0,formula,O007-FREMLIN-V2-S244-FORMULA-1051,O007-FREMLIN-V2-S244,O007-RIGHTS-FREMLIN-DSL,O007-FREMLIN-V2-S244-SEG-244XK,1051,244Xk,244Xk,1286,1320,46099,46107,49359,49367,\alpha,\alpha,4893e9df8b5496ebe7a0f1c2cc92a39fb6df03085030e3b97cfcc4d45136db5a,4893e9df8b5496ebe7a0f1c2cc92a39fb6df03085030e3b97cfcc4d45136db5a,4893e9df8b5496ebe7a0f1c2cc92a39fb6df03085030e3b97cfcc4d45136db5a,$,,4893e9df8b5496ebe7a0f1c2cc92a39fb6df03085030e3b97cfcc4d45136db5a,4893e9df8b5496ebe7a0f1c2cc92a39fb6df03085030e3b97cfcc4d45136db5a,"{""basis"":""ordered nested-math atom; exact symbolic replay"",""kind"":""source-target-formula-map""}"
1.1.0,formula,O007-FREMLIN-V2-S244-FORMULA-1052,O007-FREMLIN-V2-S244,O007-RIGHTS-FREMLIN-DSL,O007-FREMLIN-V2-S244-SEG-244XK,1052,244Xk,244Xk,1286,1320,46109,46119,49369,49379,|u|\in U,|u|\in U,3e09b83dbac03336951bdab4bb2a800b5e8534b648c019df2785b21ab8f421ec,3e09b83dbac03336951bdab4bb2a800b5e8534b648c019df2785b21ab8f421ec,d7b370e81c3ac4ada0525cef4a2c47148a239a65fc3612ca7009b9c9351c9f17,$,,d7b370e81c3ac4ada0525cef4a2c47148a239a65fc3612ca7009b9c9351c9f17,d7b370e81c3ac4ada0525cef4a2c47148a239a65fc3612ca7009b9c9351c9f17,"{""basis"":""ordered nested-math atom; exact symbolic replay"",""kind"":""source-target-formula-map""}"
1.1.0,formula,O007-FREMLIN-V2-S244-FORMULA-1053,O007-FREMLIN-V2-S244,O007-RIGHTS-FREMLIN-DSL,O007-FREMLIN-V2-S244-SEG-244XK,1053,244Xk,244Xk,1287,1321,46130,46138,49393,49401,u\in U,u\in U,f5003b08066c86ea81216c666fc17a71413b0926de9d78ecfa80fe78eb1fb52e,f5003b08066c86ea81216c666fc17a71413b0926de9d78ecfa80fe78eb1fb52e,3204c5a05d7faa27d93954b1f45c112c0dbc4c619eb3bf1f3fab151bc0d72689,$,,3204c5a05d7faa27d93954b1f45c112c0dbc4c619eb3bf1f3fab151bc0d72689,3204c5a05d7faa27d93954b1f45c112c0dbc4c619eb3bf1f3fab151bc0d72689,"{""basis"":""ordered nested-math atom; exact symbolic replay"",""kind"":""source-target-formula-map""}"
1.1.0,formula,O007-FREMLIN-V2-S244-FORMULA-1054,O007-FREMLIN-V2-S244,O007-RIGHTS-FREMLIN-DSL,O007-FREMLIN-V2-S244-SEG-244XK,1054,244Xk,244Xk,1287,1321,46140,46147,49403,49410,\beta,\beta,f3f3804480e8551ac91a68ccc198310e514ec1424346595aca42a3a558ddee0a,f3f3804480e8551ac91a68ccc198310e514ec1424346595aca42a3a558ddee0a,f3f3804480e8551ac91a68ccc198310e514ec1424346595aca42a3a558ddee0a,$,,f3f3804480e8551ac91a68ccc198310e514ec1424346595aca42a3a558ddee0a,f3f3804480e8551ac91a68ccc198310e514ec1424346595aca42a3a558ddee0a,"{""basis"":""ordered nested-math atom; exact symbolic replay"",""kind"":""source-target-formula-map""}"
1.1.0,formula,O007-FREMLIN-V2-S244-FORMULA-1055,O007-FREMLIN-V2-S244,O007-RIGHTS-FREMLIN-DSL,O007-FREMLIN-V2-S244-SEG-244XK,1055,244Xk,244Xk,1287,1321,46149,46163,49412,49426,u^{1/p}\in U,u^{1/p}\in U,fe05f9fc15c55927b3cd147fb809aa0d04ea3479df78889de2942def338ed15a,fe05f9fc15c55927b3cd147fb809aa0d04ea3479df78889de2942def338ed15a,0d8323c5fa9964fd46e254e30d745d79909f3610d5a473d36465bc1ba1dfbd43,$,,0d8323c5fa9964fd46e254e30d745d79909f3610d5a473d36465bc1ba1dfbd43,0d8323c5fa9964fd46e254e30d745d79909f3610d5a473d36465bc1ba1dfbd43,"{""basis"":""ordered nested-math atom; exact symbolic replay"",""kind"":""source-target-formula-map""}"
1.1.0,formula,O007-FREMLIN-V2-S244-FORMULA-1056,O007-FREMLIN-V2-S244,O007-RIGHTS-FREMLIN-DSL,O007-FREMLIN-V2-S244-SEG-244XK,1056,244Xk,244Xk,1287,1321,46174,46182,49440,49448,u\in U,u\in U,f5003b08066c86ea81216c666fc17a71413b0926de9d78ecfa80fe78eb1fb52e,f5003b08066c86ea81216c666fc17a71413b0926de9d78ecfa80fe78eb1fb52e,3204c5a05d7faa27d93954b1f45c112c0dbc4c619eb3bf1f3fab151bc0d72689,$,,3204c5a05d7faa27d93954b1f45c112c0dbc4c619eb3bf1f3fab151bc0d72689,3204c5a05d7faa27d93954b1f45c112c0dbc4c619eb3bf1f3fab151bc0d72689,"{""basis"":""ordered nested-math atom; exact symbolic replay"",""kind"":""source-target-formula-map""}"
1.1.0,formula,O007-FREMLIN-V2-S244-FORMULA-1057,O007-FREMLIN-V2-S244,O007-RIGHTS-FREMLIN-DSL,O007-FREMLIN-V2-S244-SEG-244XK,1057,244Xk,244Xk,1287,1322,46184,46192,49450,49458,\gamma,\gamma,67610b0632683369b69db194167ac4c38ed7c7cfab252970ced9e152b9b45554,67610b0632683369b69db194167ac4c38ed7c7cfab252970ced9e152b9b45554,67610b0632683369b69db194167ac4c38ed7c7cfab252970ced9e152b9b45554,$,,67610b0632683369b69db194167ac4c38ed7c7cfab252970ced9e152b9b45554,67610b0632683369b69db194167ac4c38ed7c7cfab252970ced9e152b9b45554,"{""basis"":""ordered nested-math atom; exact symbolic replay"",""kind"":""source-target-formula-map""}"
1.1.0,formula,O007-FREMLIN-V2-S244-FORMULA-1058,O007-FREMLIN-V2-S244,O007-RIGHTS-FREMLIN-DSL,O007-FREMLIN-V2-S244-SEG-244XK,1058,244Xk,244Xk,1288,1322,46194,46205,49460,49471,U\cap L^1,U\cap L^1,a7421430d2464208680bde1e5756cbb0950091a2618dcb3428d6a0a1d31a5e68,a7421430d2464208680bde1e5756cbb0950091a2618dcb3428d6a0a1d31a5e68,b562c8715f66fd774df48afeda1c5db1d8f69450d8ae048b979d92ee452c3fb7,$,,b562c8715f66fd774df48afeda1c5db1d8f69450d8ae048b979d92ee452c3fb7,b562c8715f66fd774df48afeda1c5db1d8f69450d8ae048b979d92ee452c3fb7,"{""basis"":""ordered nested-math atom; exact symbolic replay"",""kind"":""source-target-formula-map""}"
1.1.0,formula,O007-FREMLIN-V2-S244-FORMULA-1059,O007-FREMLIN-V2-S244,O007-RIGHTS-FREMLIN-DSL,O007-FREMLIN-V2-S244-SEG-244XK,1059,244Xk,244Xk,1288,1322,46218,46232,49484,49498,L^1=L^1(\mu),L^1=L^1(\mu),d7e859c22b896d5e07f5fb311e066739b2af166a519d71d91fcc7a2a81aee883,d7e859c22b896d5e07f5fb311e066739b2af166a519d71d91fcc7a2a81aee883,d7e859c22b896d5e07f5fb311e066739b2af166a519d71d91fcc7a2a81aee883,$,,d7e859c22b896d5e07f5fb311e066739b2af166a519d71d91fcc7a2a81aee883,d7e859c22b896d5e07f5fb311e066739b2af166a519d71d91fcc7a2a81aee883,"{""basis"":""ordered nested-math atom; exact symbolic replay"",""kind"":""source-target-formula-map""}"
1.1.0,formula,O007-FREMLIN-V2-S244-FORMULA-1060,O007-FREMLIN-V2-S244,O007-RIGHTS-FREMLIN-DSL,O007-FREMLIN-V2-S244-SEG-244XK,1060,244Xk,244Xk,1288,1323,46246,46257,49516,49527,U\cap L^p,U\cap L^p,8de0ba5a48bb3cf9e5f5579e8e68bbd733088aae8b819485baf35db1c4d4c315,8de0ba5a48bb3cf9e5f5579e8e68bbd733088aae8b819485baf35db1c4d4c315,faa37d207ce966e48ef862e51376a19eba3f45e39817b670de978f5c31fce422,$,,faa37d207ce966e48ef862e51376a19eba3f45e39817b670de978f5c31fce422,faa37d207ce966e48ef862e51376a19eba3f45e39817b670de978f5c31fce422,"{""basis"":""ordered nested-math atom; exact symbolic replay"",""kind"":""source-target-formula-map""}"
1.1.0,formula,O007-FREMLIN-V2-S244-FORMULA-1061,O007-FREMLIN-V2-S244,O007-RIGHTS-FREMLIN-DSL,O007-FREMLIN-V2-S244-SEG-244XK,1061,244Xk,244Xk,1289,1323,46270,46284,49540,49554,L^p=L^p(\mu),L^p=L^p(\mu),1ea982c00e9dad7ac8855a329033f766d411984c96df15f7be848c4de3e4f193,1ea982c00e9dad7ac8855a329033f766d411984c96df15f7be848c4de3e4f193,1ea982c00e9dad7ac8855a329033f766d411984c96df15f7be848c4de3e4f193,$,,1ea982c00e9dad7ac8855a329033f766d411984c96df15f7be848c4de3e4f193,1ea982c00e9dad7ac8855a329033f766d411984c96df15f7be848c4de3e4f193,"{""basis"":""ordered nested-math atom; exact symbolic replay"",""kind"":""source-target-formula-map""}"
1.1.0,formula,O007-FREMLIN-V2-S244-FORMULA-1062,O007-FREMLIN-V2-S244,O007-RIGHTS-FREMLIN-DSL,O007-FREMLIN-V2-S244-SEG-244XK,1062,244Xk,244Xk,1290,1324,46311,46331,49592,49612,\{u:u\in U\cap L^1,\{u:u\in U\cap L^1,13af642409f86a4b2bd6fa557d449d4d004194a9e6f782d154ae4e128614c13a,13af642409f86a4b2bd6fa557d449d4d004194a9e6f782d154ae4e128614c13a,9b11b2df5258f63c9991c36b38f04ca6f1d887535d60e07b37286555a758c030,$,,9b11b2df5258f63c9991c36b38f04ca6f1d887535d60e07b37286555a758c030,9b11b2df5258f63c9991c36b38f04ca6f1d887535d60e07b37286555a758c030,"{""basis"":""ordered nested-math atom; exact symbolic replay"",""kind"":""source-target-formula-map""}"
1.1.0,formula,O007-FREMLIN-V2-S244-FORMULA-1063,O007-FREMLIN-V2-S244,O007-RIGHTS-FREMLIN-DSL,O007-FREMLIN-V2-S244-SEG-244XK,1063,244Xk,244Xk,1290,1324,46333,46343,49614,49624,u\ge 0\},u\ge 0\},85b5b36efc84d6e40642d53d77e3d5facd90d9db903e2953bb8675a625ca430d,85b5b36efc84d6e40642d53d77e3d5facd90d9db903e2953bb8675a625ca430d,65aa9161b4ca7f44c08cd798873a9e73256d5a364ca2a9776be12463f58b065d,$,,65aa9161b4ca7f44c08cd798873a9e73256d5a364ca2a9776be12463f58b065d,65aa9161b4ca7f44c08cd798873a9e73256d5a364ca2a9776be12463f58b065d,"{""basis"":""ordered nested-math atom; exact symbolic replay"",""kind"":""source-target-formula-map""}"
1.1.0,formula,O007-FREMLIN-V2-S244-FORMULA-1064,O007-FREMLIN-V2-S244,O007-RIGHTS-FREMLIN-DSL,O007-FREMLIN-V2-S244-SEG-244XK,1064,244Xk,244Xk,1291,1325,46356,46370,49637,49651,\{u:u\in L^1,\{u:u\in L^1,0a99b31ddeae454fa727a5b642fc83be0827d351ce590820784b081b4bb30367,0a99b31ddeae454fa727a5b642fc83be0827d351ce590820784b081b4bb30367,4e062ab88c39f2386dcfd6b4ef2890ce21782bce11a12bd24fb7b9de29433af3,$,,4e062ab88c39f2386dcfd6b4ef2890ce21782bce11a12bd24fb7b9de29433af3,4e062ab88c39f2386dcfd6b4ef2890ce21782bce11a12bd24fb7b9de29433af3,"{""basis"":""ordered nested-math atom; exact symbolic replay"",""kind"":""source-target-formula-map""}"
1.1.0,formula,O007-FREMLIN-V2-S244-FORMULA-1065,O007-FREMLIN-V2-S244,O007-RIGHTS-FREMLIN-DSL,O007-FREMLIN-V2-S244-SEG-244XK,1065,244Xk,244Xk,1291,1325,46372,46382,49653,49663,u\ge 0\},u\ge 0\},85b5b36efc84d6e40642d53d77e3d5facd90d9db903e2953bb8675a625ca430d,85b5b36efc84d6e40642d53d77e3d5facd90d9db903e2953bb8675a625ca430d,65aa9161b4ca7f44c08cd798873a9e73256d5a364ca2a9776be12463f58b065d,$,,65aa9161b4ca7f44c08cd798873a9e73256d5a364ca2a9776be12463f58b065d,65aa9161b4ca7f44c08cd798873a9e73256d5a364ca2a9776be12463f58b065d,"{""basis"":""ordered nested-math atom; exact symbolic replay"",""kind"":""source-target-formula-map""}"
1.1.0,formula,O007-FREMLIN-V2-S244-FORMULA-1066,O007-FREMLIN-V2-S244,O007-RIGHTS-FREMLIN-DSL,O007-FREMLIN-V2-S244-SEG-244XL,1066,244Xl,244Xl,1295,1329,46481,46497,49776,49792,"(X,\Sigma,\mu)","(X,\Sigma,\mu)",05e9b769403b4c7926a944d5aaa03f00bb216412bc3f850e41b3c28de657aa67,05e9b769403b4c7926a944d5aaa03f00bb216412bc3f850e41b3c28de657aa67,05e9b769403b4c7926a944d5aaa03f00bb216412bc3f850e41b3c28de657aa67,$,,05e9b769403b4c7926a944d5aaa03f00bb216412bc3f850e41b3c28de657aa67,05e9b769403b4c7926a944d5aaa03f00bb216412bc3f850e41b3c28de657aa67,"{""basis"":""ordered nested-math atom; exact symbolic replay"",""kind"":""source-target-formula-map""}"
1.1.0,formula,O007-FREMLIN-V2-S244-FORMULA-1067,O007-FREMLIN-V2-S244,O007-RIGHTS-FREMLIN-DSL,O007-FREMLIN-V2-S244-SEG-244XL,1067,244Xl,244Xl,1296,1330,46504,46536,49803,49835,"M^{1,\infty}=M^{1,\infty}(\mu)","M^{1,\infty}=M^{1,\infty}(\mu)",cdfcad26635d47da4e2de88c828efdffe14878ef0f9a6be935e626c4e196a925,cdfcad26635d47da4e2de88c828efdffe14878ef0f9a6be935e626c4e196a925,cdfcad26635d47da4e2de88c828efdffe14878ef0f9a6be935e626c4e196a925,$,,cdfcad26635d47da4e2de88c828efdffe14878ef0f9a6be935e626c4e196a925,cdfcad26635d47da4e2de88c828efdffe14878ef0f9a6be935e626c4e196a925,"{""basis"":""ordered nested-math atom; exact symbolic replay"",""kind"":""source-target-formula-map""}"
1.1.0,formula,O007-FREMLIN-V2-S244-FORMULA-1068,O007-FREMLIN-V2-S244,O007-RIGHTS-FREMLIN-DSL,O007-FREMLIN-V2-S244-SEG-244XL,1068,244Xl,244Xl,1296,1331,46541,46605,49842,49906,"\{v+w:v\in L^1(\mu),\,w\in
L^{\infty}(\mu)\}\subseteq L^0(\mu)","\{v+w:v\in L^1(\mu),\,w\in L^{\infty}(\mu)\}\subseteq L^0(\mu)",26c9a4baa4698f36fa3d2fa72b86d15f884a91b11bdc04913a97eb7090e28686,111a5f6ee51d296fd6392a006c3b12d2d998753000294db3200fb2337426305b,e15e9bcdae05d8d690cf4d1989f7bb37f43f8f72bd24848e3cbfafea96ab982f,$,,e15e9bcdae05d8d690cf4d1989f7bb37f43f8f72bd24848e3cbfafea96ab982f,e15e9bcdae05d8d690cf4d1989f7bb37f43f8f72bd24848e3cbfafea96ab982f,"{""basis"":""ordered nested-math atom; exact symbolic replay"",""kind"":""source-target-formula-map""}"
1.1.0,formula,O007-FREMLIN-V2-S244-FORMULA-1069,O007-FREMLIN-V2-S244,O007-RIGHTS-FREMLIN-DSL,O007-FREMLIN-V2-S244-SEG-244XL,1069,244Xl,244Xl,1297,1332,46620,46634,49924,49938,"M^{1,\infty}","M^{1,\infty}",2745948f89e0265ecec204d6569d76293cf1fe9a0a9366e596b49a28fe043d31,2745948f89e0265ecec204d6569d76293cf1fe9a0a9366e596b49a28fe043d31,2745948f89e0265ecec204d6569d76293cf1fe9a0a9366e596b49a28fe043d31,$,,2745948f89e0265ecec204d6569d76293cf1fe9a0a9366e596b49a28fe043d31,2745948f89e0265ecec204d6569d76293cf1fe9a0a9366e596b49a28fe043d31,"{""basis"":""ordered nested-math atom; exact symbolic replay"",""kind"":""source-target-formula-map""}"
1.1.0,formula,O007-FREMLIN-V2-S244-FORMULA-1070,O007-FREMLIN-V2-S244,O007-RIGHTS-FREMLIN-DSL,O007-FREMLIN-V2-S244-SEG-244XL,1070,244Xl,244Xl,1298,1332,46659,46664,49970,49975,L^0,L^0,efb929291fb3ed4159783d57eb43e4f4183bf2aa2552acd5d70f6ebf7aa04b27,efb929291fb3ed4159783d57eb43e4f4183bf2aa2552acd5d70f6ebf7aa04b27,efb929291fb3ed4159783d57eb43e4f4183bf2aa2552acd5d70f6ebf7aa04b27,$,,efb929291fb3ed4159783d57eb43e4f4183bf2aa2552acd5d70f6ebf7aa04b27,efb929291fb3ed4159783d57eb43e4f4183bf2aa2552acd5d70f6ebf7aa04b27,"{""basis"":""ordered nested-math atom; exact symbolic replay"",""kind"":""source-target-formula-map""}"
1.1.0,formula,O007-FREMLIN-V2-S244-FORMULA-1071,O007-FREMLIN-V2-S244,O007-RIGHTS-FREMLIN-DSL,O007-FREMLIN-V2-S244-SEG-244XL,1071,244Xl,244Xl,1298,1333,46675,46680,49988,49993,L^p,L^p,0de1bee007df208a54c85a6cf3aa6c06e2a922620965a43478a0496c27e05aa0,0de1bee007df208a54c85a6cf3aa6c06e2a922620965a43478a0496c27e05aa0,0de1bee007df208a54c85a6cf3aa6c06e2a922620965a43478a0496c27e05aa0,$,,0de1bee007df208a54c85a6cf3aa6c06e2a922620965a43478a0496c27e05aa0,0de1bee007df208a54c85a6cf3aa6c06e2a922620965a43478a0496c27e05aa0,"{""basis"":""ordered nested-math atom; exact symbolic replay"",""kind"":""source-target-formula-map""}"
1.1.0,formula,O007-FREMLIN-V2-S244-FORMULA-1072,O007-FREMLIN-V2-S244,O007-RIGHTS-FREMLIN-DSL,O007-FREMLIN-V2-S244-SEG-244XL,1072,244Xl,244Xl,1298,1333,46691,46707,50007,50023,"p\in[1,\infty]","p\in[1,\infty]",7d8e33c2c22d2bb3bb84f57d68b03a758a2a11e30762f389926cb8f394cb8548,7d8e33c2c22d2bb3bb84f57d68b03a758a2a11e30762f389926cb8f394cb8548,7d8e33c2c22d2bb3bb84f57d68b03a758a2a11e30762f389926cb8f394cb8548,$,,7d8e33c2c22d2bb3bb84f57d68b03a758a2a11e30762f389926cb8f394cb8548,7d8e33c2c22d2bb3bb84f57d68b03a758a2a11e30762f389926cb8f394cb8548,"{""basis"":""ordered nested-math atom; exact symbolic replay"",""kind"":""source-target-formula-map""}"
1.1.0,formula,O007-FREMLIN-V2-S244-FORMULA-1073,O007-FREMLIN-V2-S244,O007-RIGHTS-FREMLIN-DSL,O007-FREMLIN-V2-S244-SEG-244XL,1073,244Xl,244Xl,1299,1334,46721,46731,50040,50050,u\in L^0,u\in L^0,ba1840d798a1f35ea927e7454a8c1d2c1c2131ce893fc1b608cfbfa984210846,ba1840d798a1f35ea927e7454a8c1d2c1c2131ce893fc1b608cfbfa984210846,f85392ebe6b3fab109d0ca79dfa610bac6e936703ca234a34e77921bd68ca1cb,$,,f85392ebe6b3fab109d0ca79dfa610bac6e936703ca234a34e77921bd68ca1cb,f85392ebe6b3fab109d0ca79dfa610bac6e936703ca234a34e77921bd68ca1cb,"{""basis"":""ordered nested-math atom; exact symbolic replay"",""kind"":""source-target-formula-map""}"
1.1.0,formula,O007-FREMLIN-V2-S244-FORMULA-1074,O007-FREMLIN-V2-S244,O007-RIGHTS-FREMLIN-DSL,O007-FREMLIN-V2-S244-SEG-244XL,1074,244Xl,244Xl,1299,1334,46733,46752,50052,50071,"v\in M^{1,\infty}","v\in M^{1,\infty}",223cd04ad87b2a46309557544beb023dfcfbdc64d71b6eb6bad90de841d08eec,223cd04ad87b2a46309557544beb023dfcfbdc64d71b6eb6bad90de841d08eec,3041497cb1fe6519d16ecaf31b1f1a98644354a5b84d974f5bfdf9b0f21b6a31,$,,3041497cb1fe6519d16ecaf31b1f1a98644354a5b84d974f5bfdf9b0f21b6a31,3041497cb1fe6519d16ecaf31b1f1a98644354a5b84d974f5bfdf9b0f21b6a31,"{""basis"":""ordered nested-math atom; exact symbolic replay"",""kind"":""source-target-formula-map""}"
1.1.0,formula,O007-FREMLIN-V2-S244-FORMULA-1075,O007-FREMLIN-V2-S244,O007-RIGHTS-FREMLIN-DSL,O007-FREMLIN-V2-S244-SEG-244XL,1075,244Xl,244Xl,1299,1334,46757,46769,50076,50088,|u|\le |v|,|u|\le |v|,271bf849dcf6e9a12ee463f6ef6bc5e914c419523fae7ef6ef61aa0d8d264eb8,271bf849dcf6e9a12ee463f6ef6bc5e914c419523fae7ef6ef61aa0d8d264eb8,ace5841241ccd61d6fded631d4abdf8679a6977085af950106ddc953a382114e,$,,ace5841241ccd61d6fded631d4abdf8679a6977085af950106ddc953a382114e,ace5841241ccd61d6fded631d4abdf8679a6977085af950106ddc953a382114e,"{""basis"":""ordered nested-math atom; exact symbolic replay"",""kind"":""source-target-formula-map""}"
1.1.0,formula,O007-FREMLIN-V2-S244-FORMULA-1076,O007-FREMLIN-V2-S244,O007-RIGHTS-FREMLIN-DSL,O007-FREMLIN-V2-S244-SEG-244XL,1076,244Xl,244Xl,1299,1335,46775,46794,50095,50114,"u\in
M^{1,\infty}","u\in M^{1,\infty}",e855bcb472a1da212a754040731bb7bdbeed60184d578eeaef8b4cd8d37b35aa,efa3534e1fcd797ed9e12dbf2e1ec8ada8cd8dc825b8a889b1e85ab98f2ab16d,c32da7f7e3aac90889b37702a927599141a5f7172c0d04efa7186e94dec6d91d,$,,c32da7f7e3aac90889b37702a927599141a5f7172c0d04efa7186e94dec6d91d,c32da7f7e3aac90889b37702a927599141a5f7172c0d04efa7186e94dec6d91d,"{""basis"":""ordered nested-math atom; exact symbolic replay"",""kind"":""source-target-formula-map""}"
1.1.0,formula,O007-FREMLIN-V2-S244-FORMULA-1077,O007-FREMLIN-V2-S244,O007-RIGHTS-FREMLIN-DSL,O007-FREMLIN-V2-S244-SEG-244XL,1077,244Xl,244Xl,1300,1335,46803,46816,50122,50135,u=v\times w,u=v\times w,25d32d12f47e1756ef71a940683792ce6513dd418d11341004071a0aa3621145,25d32d12f47e1756ef71a940683792ce6513dd418d11341004071a0aa3621145,2175547b6fa39d0b2204a7bbf823beded786016fa218d135e75643a5e36949c1,$,,2175547b6fa39d0b2204a7bbf823beded786016fa218d135e75643a5e36949c1,2175547b6fa39d0b2204a7bbf823beded786016fa218d135e75643a5e36949c1,"{""basis"":""ordered nested-math atom; exact symbolic replay"",""kind"":""source-target-formula-map""}"
1.1.0,formula,O007-FREMLIN-V2-S244-FORMULA-1078,O007-FREMLIN-V2-S244,O007-RIGHTS-FREMLIN-DSL,O007-FREMLIN-V2-S244-SEG-244XL,1078,244Xl,244Xl,1300,1336,46823,46849,50143,50169,|w|\le\chi X^{\ssbullet},|w|\le\chi X^{\ssbullet},a113a23d53e69cbf9b798b65925a4112e94117e5c0e124f8f3fe8bd4b619b88f,a113a23d53e69cbf9b798b65925a4112e94117e5c0e124f8f3fe8bd4b619b88f,8d9227196162ad297f417ec3ac3f293ceb13ca28d80ba7a93c0c87c170adc169,$,,8d9227196162ad297f417ec3ac3f293ceb13ca28d80ba7a93c0c87c170adc169,8d9227196162ad297f417ec3ac3f293ceb13ca28d80ba7a93c0c87c170adc169,"{""basis"":""ordered nested-math atom; exact symbolic replay"",""kind"":""source-target-formula-map""}"
1.1.0,formula,O007-FREMLIN-V2-S244-FORMULA-1079,O007-FREMLIN-V2-S244,O007-RIGHTS-FREMLIN-DSL,O007-FREMLIN-V2-S244-SEG-244XM,1079,244Xm,244Xm,1303,1339,46879,46895,50204,50220,"(X,\Sigma,\mu)","(X,\Sigma,\mu)",05e9b769403b4c7926a944d5aaa03f00bb216412bc3f850e41b3c28de657aa67,05e9b769403b4c7926a944d5aaa03f00bb216412bc3f850e41b3c28de657aa67,05e9b769403b4c7926a944d5aaa03f00bb216412bc3f850e41b3c28de657aa67,$,,05e9b769403b4c7926a944d5aaa03f00bb216412bc3f850e41b3c28de657aa67,05e9b769403b4c7926a944d5aaa03f00bb216412bc3f850e41b3c28de657aa67,"{""basis"":""ordered nested-math atom; exact symbolic replay"",""kind"":""source-target-formula-map""}"
1.1.0,formula,O007-FREMLIN-V2-S244-FORMULA-1080,O007-FREMLIN-V2-S244,O007-RIGHTS-FREMLIN-DSL,O007-FREMLIN-V2-S244-SEG-244XM,1080,244Xm,244Xm,1303,1339,46900,46914,50225,50239,"(Y,\Tau,\nu)","(Y,\Tau,\nu)",72f1568945b9d44585331097f08f4d96f55f95b4711d2316a28c61729527ca59,72f1568945b9d44585331097f08f4d96f55f95b4711d2316a28c61729527ca59,72f1568945b9d44585331097f08f4d96f55f95b4711d2316a28c61729527ca59,$,,72f1568945b9d44585331097f08f4d96f55f95b4711d2316a28c61729527ca59,72f1568945b9d44585331097f08f4d96f55f95b4711d2316a28c61729527ca59,"{""basis"":""ordered nested-math atom; exact symbolic replay"",""kind"":""source-target-formula-map""}"
1.1.0,formula,O007-FREMLIN-V2-S244-FORMULA-1081,O007-FREMLIN-V2-S244,O007-RIGHTS-FREMLIN-DSL,O007-FREMLIN-V2-S244-SEG-244XM,1081,244Xm,244Xm,1304,1340,46946,46956,50269,50279,\Cal T^+,\Cal T^+,4b79f371856e4187e5e41bae0ed5a1ebe688966af6cc343fca25b005e2053e1d,4b79f371856e4187e5e41bae0ed5a1ebe688966af6cc343fca25b005e2053e1d,14cf7ac30c01fafd96c8ee5976e97bd2f90cbe7caadba1f7b1922e1b0b8f9ee4,$,,14cf7ac30c01fafd96c8ee5976e97bd2f90cbe7caadba1f7b1922e1b0b8f9ee4,14cf7ac30c01fafd96c8ee5976e97bd2f90cbe7caadba1f7b1922e1b0b8f9ee4,"{""basis"":""ordered nested-math atom; exact symbolic replay"",""kind"":""source-target-formula-map""}"
1.1.0,formula,O007-FREMLIN-V2-S244-FORMULA-1082,O007-FREMLIN-V2-S244,O007-RIGHTS-FREMLIN-DSL,O007-FREMLIN-V2-S244-SEG-244XM,1082,244Xm,244Xm,1305,1341,46988,47030,50305,50347,"T:M^{1,\infty}(\mu)\to M^{1,\infty}(\nu)","T:M^{1,\infty}(\mu)\to M^{1,\infty}(\nu)",052f4a0c93090bd1bf146178ecf7006659d5b9c33fe39595617efcd64dfbf766,052f4a0c93090bd1bf146178ecf7006659d5b9c33fe39595617efcd64dfbf766,d9ff5d10773fd3f455e614bec3eca84fa0e957f761d3546ad7692c71d2fb3189,$,,d9ff5d10773fd3f455e614bec3eca84fa0e957f761d3546ad7692c71d2fb3189,d9ff5d10773fd3f455e614bec3eca84fa0e957f761d3546ad7692c71d2fb3189,"{""basis"":""ordered nested-math atom; exact symbolic replay"",""kind"":""source-target-formula-map""}"
1.1.0,formula,O007-FREMLIN-V2-S244-FORMULA-1083,O007-FREMLIN-V2-S244,O007-RIGHTS-FREMLIN-DSL,O007-FREMLIN-V2-S244-SEG-244XM,1083,244Xm,244Xm,1305,1342,47042,47050,50369,50377,\alpha,\alpha,4893e9df8b5496ebe7a0f1c2cc92a39fb6df03085030e3b97cfcc4d45136db5a,4893e9df8b5496ebe7a0f1c2cc92a39fb6df03085030e3b97cfcc4d45136db5a,4893e9df8b5496ebe7a0f1c2cc92a39fb6df03085030e3b97cfcc4d45136db5a,$,,4893e9df8b5496ebe7a0f1c2cc92a39fb6df03085030e3b97cfcc4d45136db5a,4893e9df8b5496ebe7a0f1c2cc92a39fb6df03085030e3b97cfcc4d45136db5a,"{""basis"":""ordered nested-math atom; exact symbolic replay"",""kind"":""source-target-formula-map""}"
1.1.0,formula,O007-FREMLIN-V2-S244-FORMULA-1084,O007-FREMLIN-V2-S244,O007-RIGHTS-FREMLIN-DSL,O007-FREMLIN-V2-S244-SEG-244XM,1084,244Xm,244Xm,1306,1342,47052,47061,50379,50388,Tu\ge 0,Tu\ge 0,ed7fce72605e8176385f30af504e8c97d7bcd4a26ffb30e447d51ac038533c90,ed7fce72605e8176385f30af504e8c97d7bcd4a26ffb30e447d51ac038533c90,2988edd1230cdf1f268f095ed8e94606ef9c22176a32144a426ed0a0a1794f1a,$,,2988edd1230cdf1f268f095ed8e94606ef9c22176a32144a426ed0a0a1794f1a,2988edd1230cdf1f268f095ed8e94606ef9c22176a32144a426ed0a0a1794f1a,"{""basis"":""ordered nested-math atom; exact symbolic replay"",""kind"":""source-target-formula-map""}"
1.1.0,formula,O007-FREMLIN-V2-S244-FORMULA-1085,O007-FREMLIN-V2-S244,O007-RIGHTS-FREMLIN-DSL,O007-FREMLIN-V2-S244-SEG-244XM,1085,244Xm,244Xm,1307,1342,47071,47079,50401,50409,u\ge 0,u\ge 0,d10803733426f9dd2742131cc72ccefa1d1e8035f6a66da6085050e3678d0783,d10803733426f9dd2742131cc72ccefa1d1e8035f6a66da6085050e3678d0783,8a4316f560fc390b9a600e5415d9ca5598a0e249d941c0b08349b20269816764,$,,8a4316f560fc390b9a600e5415d9ca5598a0e249d941c0b08349b20269816764,8a4316f560fc390b9a600e5415d9ca5598a0e249d941c0b08349b20269816764,"{""basis"":""ordered nested-math atom; exact symbolic replay"",""kind"":""source-target-formula-map""}"
1.1.0,formula,O007-FREMLIN-V2-S244-FORMULA-1086,O007-FREMLIN-V2-S244,O007-RIGHTS-FREMLIN-DSL,O007-FREMLIN-V2-S244-SEG-244XM,1086,244Xm,244Xm,1307,1342,47083,47102,50416,50435,"M^{1,\infty}(\mu)","M^{1,\infty}(\mu)",d06253f63013f79392973903a69ccb5728b7291c1f67bdee67ad7b4d5132ffb2,d06253f63013f79392973903a69ccb5728b7291c1f67bdee67ad7b4d5132ffb2,d06253f63013f79392973903a69ccb5728b7291c1f67bdee67ad7b4d5132ffb2,$,,d06253f63013f79392973903a69ccb5728b7291c1f67bdee67ad7b4d5132ffb2,d06253f63013f79392973903a69ccb5728b7291c1f67bdee67ad7b4d5132ffb2,"{""basis"":""ordered nested-math atom; exact symbolic replay"",""kind"":""source-target-formula-map""}"
1.1.0,formula,O007-FREMLIN-V2-S244-FORMULA-1087,O007-FREMLIN-V2-S244,O007-RIGHTS-FREMLIN-DSL,O007-FREMLIN-V2-S244-SEG-244XM,1087,244Xm,244Xm,1307,1343,47104,47111,50437,50444,\beta,\beta,f3f3804480e8551ac91a68ccc198310e514ec1424346595aca42a3a558ddee0a,f3f3804480e8551ac91a68ccc198310e514ec1424346595aca42a3a558ddee0a,f3f3804480e8551ac91a68ccc198310e514ec1424346595aca42a3a558ddee0a,$,,f3f3804480e8551ac91a68ccc198310e514ec1424346595aca42a3a558ddee0a,f3f3804480e8551ac91a68ccc198310e514ec1424346595aca42a3a558ddee0a,"{""basis"":""ordered nested-math atom; exact symbolic replay"",""kind"":""source-target-formula-map""}"
1.1.0,formula,O007-FREMLIN-V2-S244-FORMULA-1088,O007-FREMLIN-V2-S244,O007-RIGHTS-FREMLIN-DSL,O007-FREMLIN-V2-S244-SEG-244XM,1088,244Xm,244Xm,1307,1343,47113,47129,50446,50462,Tu\in L^1(\nu),Tu\in L^1(\nu),58d700445a14bbf551d4dfc8ec4d59c4d1dcf0b84011d846372aa717867f6337,58d700445a14bbf551d4dfc8ec4d59c4d1dcf0b84011d846372aa717867f6337,f00c691844b5f796661d8810bcebf2a8b7a36c0f72ca663f4de07a451fc37f2d,$,,f00c691844b5f796661d8810bcebf2a8b7a36c0f72ca663f4de07a451fc37f2d,f00c691844b5f796661d8810bcebf2a8b7a36c0f72ca663f4de07a451fc37f2d,"{""basis"":""ordered nested-math atom; exact symbolic replay"",""kind"":""source-target-formula-map""}"
1.1.0,formula,O007-FREMLIN-V2-S244-FORMULA-1089,O007-FREMLIN-V2-S244,O007-RIGHTS-FREMLIN-DSL,O007-FREMLIN-V2-S244-SEG-244XM,1089,244Xm,244Xm,1308,1343,47134,47154,50467,50487,\|Tu\|_1\le\|u\|_1,\|Tu\|_1\le\|u\|_1,01870d4a29699a1b568d9bd216a8a043c7270251af4c9ebb882bc161efd4bc8a,01870d4a29699a1b568d9bd216a8a043c7270251af4c9ebb882bc161efd4bc8a,01870d4a29699a1b568d9bd216a8a043c7270251af4c9ebb882bc161efd4bc8a,$,,01870d4a29699a1b568d9bd216a8a043c7270251af4c9ebb882bc161efd4bc8a,01870d4a29699a1b568d9bd216a8a043c7270251af4c9ebb882bc161efd4bc8a,"{""basis"":""ordered nested-math atom; exact symbolic replay"",""kind"":""source-target-formula-map""}"
1.1.0,formula,O007-FREMLIN-V2-S244-FORMULA-1090,O007-FREMLIN-V2-S244,O007-RIGHTS-FREMLIN-DSL,O007-FREMLIN-V2-S244-SEG-244XM,1090,244Xm,244Xm,1308,1344,47164,47179,50500,50515,u\in L^1(\mu),u\in L^1(\mu),c95d7a64a5d5897190080d69cd47b7064a64b33621951c162b1f1235e83c415f,c95d7a64a5d5897190080d69cd47b7064a64b33621951c162b1f1235e83c415f,bcb5862bf936dda011fc6621a4d6d5534afc21d6b3dea215126be1ede58aaeab,$,,bcb5862bf936dda011fc6621a4d6d5534afc21d6b3dea215126be1ede58aaeab,bcb5862bf936dda011fc6621a4d6d5534afc21d6b3dea215126be1ede58aaeab,"{""basis"":""ordered nested-math atom; exact symbolic replay"",""kind"":""source-target-formula-map""}"
1.1.0,formula,O007-FREMLIN-V2-S244-FORMULA-1091,O007-FREMLIN-V2-S244,O007-RIGHTS-FREMLIN-DSL,O007-FREMLIN-V2-S244-SEG-244XM,1091,244Xm,244Xm,1308,1344,47181,47189,50517,50525,\gamma,\gamma,67610b0632683369b69db194167ac4c38ed7c7cfab252970ced9e152b9b45554,67610b0632683369b69db194167ac4c38ed7c7cfab252970ced9e152b9b45554,67610b0632683369b69db194167ac4c38ed7c7cfab252970ced9e152b9b45554,$,,67610b0632683369b69db194167ac4c38ed7c7cfab252970ced9e152b9b45554,67610b0632683369b69db194167ac4c38ed7c7cfab252970ced9e152b9b45554,"{""basis"":""ordered nested-math atom; exact symbolic replay"",""kind"":""source-target-formula-map""}"
1.1.0,formula,O007-FREMLIN-V2-S244-FORMULA-1092,O007-FREMLIN-V2-S244,O007-RIGHTS-FREMLIN-DSL,O007-FREMLIN-V2-S244-SEG-244XM,1092,244Xm,244Xm,1309,1344,47191,47214,50527,50550,Tu\in L^{\infty}(\nu),Tu\in L^{\infty}(\nu),ab0abea195afa9355d302a40b16341f35840d60fac5812df5feb9c89046caeec,ab0abea195afa9355d302a40b16341f35840d60fac5812df5feb9c89046caeec,d8b8ff4376c57f93610433a7bf0b59867592e5f3fc4824c06aabfb452016b993,$,,d8b8ff4376c57f93610433a7bf0b59867592e5f3fc4824c06aabfb452016b993,d8b8ff4376c57f93610433a7bf0b59867592e5f3fc4824c06aabfb452016b993,"{""basis"":""ordered nested-math atom; exact symbolic replay"",""kind"":""source-target-formula-map""}"
1.1.0,formula,O007-FREMLIN-V2-S244-FORMULA-1093,O007-FREMLIN-V2-S244,O007-RIGHTS-FREMLIN-DSL,O007-FREMLIN-V2-S244-SEG-244XM,1093,244Xm,244Xm,1309,1345,47219,47253,50555,50589,\|Tu\|_{\infty}\le\|u\|_{\infty},\|Tu\|_{\infty}\le\|u\|_{\infty},8e994026e5a79bb98d67bd47185d34ca93fc6883ae0b864aebb4a751f90f3247,8e994026e5a79bb98d67bd47185d34ca93fc6883ae0b864aebb4a751f90f3247,8e994026e5a79bb98d67bd47185d34ca93fc6883ae0b864aebb4a751f90f3247,$,,8e994026e5a79bb98d67bd47185d34ca93fc6883ae0b864aebb4a751f90f3247,8e994026e5a79bb98d67bd47185d34ca93fc6883ae0b864aebb4a751f90f3247,"{""basis"":""ordered nested-math atom; exact symbolic replay"",""kind"":""source-target-formula-map""}"
1.1.0,formula,O007-FREMLIN-V2-S244-FORMULA-1094,O007-FREMLIN-V2-S244,O007-RIGHTS-FREMLIN-DSL,O007-FREMLIN-V2-S244-SEG-244XM,1094,244Xm,244Xm,1310,1346,47263,47285,50602,50624,u\in L^{\infty}(\mu),u\in L^{\infty}(\mu),620c8cafcc03e1a6637da19f15f621f96344d5c86944734ea3689f73b477fbc5,620c8cafcc03e1a6637da19f15f621f96344d5c86944734ea3689f73b477fbc5,47a05f09af76e0c1bd3569151aa3488f85228d8fc7cceb6e9b44e9dbe75d06b6,$,,47a05f09af76e0c1bd3569151aa3488f85228d8fc7cceb6e9b44e9dbe75d06b6,47a05f09af76e0c1bd3569151aa3488f85228d8fc7cceb6e9b44e9dbe75d06b6,"{""basis"":""ordered nested-math atom; exact symbolic replay"",""kind"":""source-target-formula-map""}"
1.1.0,formula,O007-FREMLIN-V2-S244-FORMULA-1095,O007-FREMLIN-V2-S244,O007-RIGHTS-FREMLIN-DSL,O007-FREMLIN-V2-S244-SEG-244XM,1095,244Xm,244Xm,1310,1347,47306,47328,50651,50673,\phi:\Bbb R\to\Bbb R,\phi:\Bbb R\to\Bbb R,7558c1100a43923b09c4f131b1bcc4708f0357b4228e05a92679506a9561f6fb,7558c1100a43923b09c4f131b1bcc4708f0357b4228e05a92679506a9561f6fb,b627b563eaff94fe1ae4e8bca7546451a443d7dd2896e2773c1eda47d687668f,$,,b627b563eaff94fe1ae4e8bca7546451a443d7dd2896e2773c1eda47d687668f,b627b563eaff94fe1ae4e8bca7546451a443d7dd2896e2773c1eda47d687668f,"{""basis"":""ordered nested-math atom; exact symbolic replay"",""kind"":""source-target-formula-map""}"
1.1.0,formula,O007-FREMLIN-V2-S244-FORMULA-1096,O007-FREMLIN-V2-S244,O007-RIGHTS-FREMLIN-DSL,O007-FREMLIN-V2-S244-SEG-244XM,1096,244Xm,244Xm,1311,1348,47360,47371,50715,50726,\phi(0)=0,\phi(0)=0,9c024de4ea10e086fdb5fda22a4ff70f290c479fa56db25c95f4563a1c302200,9c024de4ea10e086fdb5fda22a4ff70f290c479fa56db25c95f4563a1c302200,9c024de4ea10e086fdb5fda22a4ff70f290c479fa56db25c95f4563a1c302200,$,,9c024de4ea10e086fdb5fda22a4ff70f290c479fa56db25c95f4563a1c302200,9c024de4ea10e086fdb5fda22a4ff70f290c479fa56db25c95f4563a1c302200,"{""basis"":""ordered nested-math atom; exact symbolic replay"",""kind"":""source-target-formula-map""}"
1.1.0,formula,O007-FREMLIN-V2-S244-FORMULA-1097,O007-FREMLIN-V2-S244,O007-RIGHTS-FREMLIN-DSL,O007-FREMLIN-V2-S244-SEG-244XM,1097,244Xm,244Xm,1311,1348,47377,47401,50732,50756,"u\in M^{1,\infty}(\mu)","u\in M^{1,\infty}(\mu)",3509a5f84d9e5e7f683240e2c3648f150cf2704dc9ff3dd153170ad7fbce0387,3509a5f84d9e5e7f683240e2c3648f150cf2704dc9ff3dd153170ad7fbce0387,682e53976cb497b7a37d287764a414a0e6616eeb51d59df322d8b7419ebd5268,$,,682e53976cb497b7a37d287764a414a0e6616eeb51d59df322d8b7419ebd5268,682e53976cb497b7a37d287764a414a0e6616eeb51d59df322d8b7419ebd5268,"{""basis"":""ordered nested-math atom; exact symbolic replay"",""kind"":""source-target-formula-map""}"
1.1.0,formula,O007-FREMLIN-V2-S244-FORMULA-1098,O007-FREMLIN-V2-S244,O007-RIGHTS-FREMLIN-DSL,O007-FREMLIN-V2-S244-SEG-244XM,1098,244Xm,244Xm,1312,1349,47415,47449,50777,50811,"\bar\phi(u)\in M^{1,\infty}(\mu)","\bar\phi(u)\in M^{1,\infty}(\mu)",98543c2580ada3938062824e74549ceef48a4d9307e487861024866bbde3fdd4,98543c2580ada3938062824e74549ceef48a4d9307e487861024866bbde3fdd4,975c126dd506f76bb78fe7042cd24258a5c1e3d8eeeb39a7add8e95d08913254,$,,975c126dd506f76bb78fe7042cd24258a5c1e3d8eeeb39a7add8e95d08913254,975c126dd506f76bb78fe7042cd24258a5c1e3d8eeeb39a7add8e95d08913254,"{""basis"":""ordered nested-math atom; exact symbolic replay"",""kind"":""source-target-formula-map""}"
1.1.0,formula,O007-FREMLIN-V2-S244-FORMULA-1099,O007-FREMLIN-V2-S244,O007-RIGHTS-FREMLIN-DSL,O007-FREMLIN-V2-S244-SEG-244XM,1099,244Xm,244Xm,1313,1350,47464,47495,50832,50863,\bar\phi:L^0(\mu)\to L^0(\mu),\bar\phi:L^0(\mu)\to L^0(\mu),9c0b509969c4b0cbb5c9c2fa8ed36646f83793b8c6d6a2386d44ea93037b74a9,9c0b509969c4b0cbb5c9c2fa8ed36646f83793b8c6d6a2386d44ea93037b74a9,5d161475773a8292a32e57deac15eddab41ff065cdfa89faa53aa9e9319f9f38,$,,5d161475773a8292a32e57deac15eddab41ff065cdfa89faa53aa9e9319f9f38,5d161475773a8292a32e57deac15eddab41ff065cdfa89faa53aa9e9319f9f38,"{""basis"":""ordered nested-math atom; exact symbolic replay"",""kind"":""source-target-formula-map""}"
1.1.0,formula,O007-FREMLIN-V2-S244-FORMULA-1100,O007-FREMLIN-V2-S244,O007-RIGHTS-FREMLIN-DSL,O007-FREMLIN-V2-S244-SEG-244XM,1100,244Xm,244Xm,1314,1351,47514,47549,50890,50925,"\bar\phi(Tu)\in M^{1,\infty}(\nu)","\bar\phi(Tu)\in M^{1,\infty}(\nu)",be2fca393b1e29a2c001a0df4b9814a40d4357796b7baff916c1c7250f613311,be2fca393b1e29a2c001a0df4b9814a40d4357796b7baff916c1c7250f613311,6f44f89d13a293d0050a20320ada66b53c74e19e3db3ccb5aaa57e067c51cc31,$,,6f44f89d13a293d0050a20320ada66b53c74e19e3db3ccb5aaa57e067c51cc31,6f44f89d13a293d0050a20320ada66b53c74e19e3db3ccb5aaa57e067c51cc31,"{""basis"":""ordered nested-math atom; exact symbolic replay"",""kind"":""source-target-formula-map""}"
1.1.0,formula,O007-FREMLIN-V2-S244-FORMULA-1101,O007-FREMLIN-V2-S244,O007-RIGHTS-FREMLIN-DSL,O007-FREMLIN-V2-S244-SEG-244XM,1101,244Xm,244Xm,1314,1352,47554,47586,50930,50962,\bar\phi(Tu)\le T(\bar\phi(u)),\bar\phi(Tu)\le T(\bar\phi(u)),7c759ec1a86fd98ec384e6ae46f66a90188e09f210dda844459b2a7b3fc1b1c8,7c759ec1a86fd98ec384e6ae46f66a90188e09f210dda844459b2a7b3fc1b1c8,c37ad31da912dd600370fbba4b25cb1dee151800ea4bdf883d54874c90fe4bee,$,,c37ad31da912dd600370fbba4b25cb1dee151800ea4bdf883d54874c90fe4bee,c37ad31da912dd600370fbba4b25cb1dee151800ea4bdf883d54874c90fe4bee,"{""basis"":""ordered nested-math atom; exact symbolic replay"",""kind"":""source-target-formula-map""}"
1.1.0,formula,O007-FREMLIN-V2-S244-FORMULA-1102,O007-FREMLIN-V2-S244,O007-RIGHTS-FREMLIN-DSL,O007-FREMLIN-V2-S244-SEG-244XM,1102,244Xm,244Xm,1315,1352,47597,47611,50976,50990,T\in\Cal T^+,T\in\Cal T^+,efdf1ebbcc5d33a925bbc6d6a047d8cac8413b31b2e88138afc740ef4bad1914,efdf1ebbcc5d33a925bbc6d6a047d8cac8413b31b2e88138afc740ef4bad1914,577eac9dffbc89e2718847f1949d9b056d8af8e1508f71cfcfb96598c7265e63,$,,577eac9dffbc89e2718847f1949d9b056d8af8e1508f71cfcfb96598c7265e63,577eac9dffbc89e2718847f1949d9b056d8af8e1508f71cfcfb96598c7265e63,"{""basis"":""ordered nested-math atom; exact symbolic replay"",""kind"":""source-target-formula-map""}"
1.1.0,formula,O007-FREMLIN-V2-S244-FORMULA-1103,O007-FREMLIN-V2-S244,O007-RIGHTS-FREMLIN-DSL,O007-FREMLIN-V2-S244-SEG-244XM,1103,244Xm,244Xm,1315,1353,47639,47655,51035,51051,"p\in[1,\infty]","p\in[1,\infty]",7d8e33c2c22d2bb3bb84f57d68b03a758a2a11e30762f389926cb8f394cb8548,7d8e33c2c22d2bb3bb84f57d68b03a758a2a11e30762f389926cb8f394cb8548,7d8e33c2c22d2bb3bb84f57d68b03a758a2a11e30762f389926cb8f394cb8548,$,,7d8e33c2c22d2bb3bb84f57d68b03a758a2a11e30762f389926cb8f394cb8548,7d8e33c2c22d2bb3bb84f57d68b03a758a2a11e30762f389926cb8f394cb8548,"{""basis"":""ordered nested-math atom; exact symbolic replay"",""kind"":""source-target-formula-map""}"
1.1.0,formula,O007-FREMLIN-V2-S244-FORMULA-1104,O007-FREMLIN-V2-S244,O007-RIGHTS-FREMLIN-DSL,O007-FREMLIN-V2-S244-SEG-244XM,1104,244Xm,244Xm,1316,1354,47660,47675,51056,51071,u\in L^p(\mu),u\in L^p(\mu),94d8de0b7b627518619f3995612cdbf5ae295eb68d115acdade3070cabd9a9fe,94d8de0b7b627518619f3995612cdbf5ae295eb68d115acdade3070cabd9a9fe,27dc9c61a40dbfb92d1b5f1340a042243db5de17e599610aa5e2ac7f9460c0dc,$,,27dc9c61a40dbfb92d1b5f1340a042243db5de17e599610aa5e2ac7f9460c0dc,27dc9c61a40dbfb92d1b5f1340a042243db5de17e599610aa5e2ac7f9460c0dc,"{""basis"":""ordered nested-math atom; exact symbolic replay"",""kind"":""source-target-formula-map""}"
1.1.0,formula,O007-FREMLIN-V2-S244-FORMULA-1105,O007-FREMLIN-V2-S244,O007-RIGHTS-FREMLIN-DSL,O007-FREMLIN-V2-S244-SEG-244XM,1105,244Xm,244Xm,1316,1354,47677,47693,51078,51094,Tu\in L^p(\nu),Tu\in L^p(\nu),a2f601d9bf74904716928280c723ddd7f28784b5e5b6b6d204fb4a1ebcf88398,a2f601d9bf74904716928280c723ddd7f28784b5e5b6b6d204fb4a1ebcf88398,4a6df55ebd0ee32b4e383a6bb711f6370218ca507345b6fc428594caf7e1b054,$,,4a6df55ebd0ee32b4e383a6bb711f6370218ca507345b6fc428594caf7e1b054,4a6df55ebd0ee32b4e383a6bb711f6370218ca507345b6fc428594caf7e1b054,"{""basis"":""ordered nested-math atom; exact symbolic replay"",""kind"":""source-target-formula-map""}"
1.1.0,formula,O007-FREMLIN-V2-S244-FORMULA-1106,O007-FREMLIN-V2-S244,O007-RIGHTS-FREMLIN-DSL,O007-FREMLIN-V2-S244-SEG-244XM,1106,244Xm,244Xm,1316,1355,47698,47718,51099,51119,\|Tu\|_p\le\|u\|_p,\|Tu\|_p\le\|u\|_p,1dc3103a39aa5c94d5c95da73733b2ebdf030f7b00b0f1ccc87aa7a69c2078fc,1dc3103a39aa5c94d5c95da73733b2ebdf030f7b00b0f1ccc87aa7a69c2078fc,1dc3103a39aa5c94d5c95da73733b2ebdf030f7b00b0f1ccc87aa7a69c2078fc,$,,1dc3103a39aa5c94d5c95da73733b2ebdf030f7b00b0f1ccc87aa7a69c2078fc,1dc3103a39aa5c94d5c95da73733b2ebdf030f7b00b0f1ccc87aa7a69c2078fc,"{""basis"":""ordered nested-math atom; exact symbolic replay"",""kind"":""source-target-formula-map""}"
1.1.0,formula,O007-FREMLIN-V2-S244-FORMULA-1107,O007-FREMLIN-V2-S244,O007-RIGHTS-FREMLIN-DSL,O007-FREMLIN-V2-S244-SEG-244XM,1107,244Xm,244Xm,1317,1355,47729,47743,51133,51147,T\in\Cal T^+,T\in\Cal T^+,efdf1ebbcc5d33a925bbc6d6a047d8cac8413b31b2e88138afc740ef4bad1914,efdf1ebbcc5d33a925bbc6d6a047d8cac8413b31b2e88138afc740ef4bad1914,577eac9dffbc89e2718847f1949d9b056d8af8e1508f71cfcfb96598c7265e63,$,,577eac9dffbc89e2718847f1949d9b056d8af8e1508f71cfcfb96598c7265e63,577eac9dffbc89e2718847f1949d9b056d8af8e1508f71cfcfb96598c7265e63,"{""basis"":""ordered nested-math atom; exact symbolic replay"",""kind"":""source-target-formula-map""}"
1.1.0,formula,O007-FREMLIN-V2-S244-FORMULA-1108,O007-FREMLIN-V2-S244,O007-RIGHTS-FREMLIN-DSL,O007-FREMLIN-V2-S244-SEG-244XN,1108,244Xn,244Xn,1320,1358,47772,47775,51181,51184,X,X,4b68ab3847feda7d6c62c1fbcbeebfa35eab7351ed5e78f4ddadea5df64b8015,4b68ab3847feda7d6c62c1fbcbeebfa35eab7351ed5e78f4ddadea5df64b8015,4b68ab3847feda7d6c62c1fbcbeebfa35eab7351ed5e78f4ddadea5df64b8015,$,,4b68ab3847feda7d6c62c1fbcbeebfa35eab7351ed5e78f4ddadea5df64b8015,4b68ab3847feda7d6c62c1fbcbeebfa35eab7351ed5e78f4ddadea5df64b8015,"{""basis"":""ordered nested-math atom; exact symbolic replay"",""kind"":""source-target-formula-map""}"
1.1.0,formula,O007-FREMLIN-V2-S244-FORMULA-1109,O007-FREMLIN-V2-S244,O007-RIGHTS-FREMLIN-DSL,O007-FREMLIN-V2-S244-SEG-244XN,1109,244Xn,244Xn,1320,1358,47796,47801,51217,51222,\mu,\mu,492247e1bab15272d1e53b8015c042bf6fa0cb8f23ec52cad93d6ba80dafb804,492247e1bab15272d1e53b8015c042bf6fa0cb8f23ec52cad93d6ba80dafb804,492247e1bab15272d1e53b8015c042bf6fa0cb8f23ec52cad93d6ba80dafb804,$,,492247e1bab15272d1e53b8015c042bf6fa0cb8f23ec52cad93d6ba80dafb804,492247e1bab15272d1e53b8015c042bf6fa0cb8f23ec52cad93d6ba80dafb804,"{""basis"":""ordered nested-math atom; exact symbolic replay"",""kind"":""source-target-formula-map""}"
1.1.0,formula,O007-FREMLIN-V2-S244-FORMULA-1110,O007-FREMLIN-V2-S244,O007-RIGHTS-FREMLIN-DSL,O007-FREMLIN-V2-S244-SEG-244XN,1110,244Xn,244Xn,1321,1359,47825,47828,51246,51249,X,X,4b68ab3847feda7d6c62c1fbcbeebfa35eab7351ed5e78f4ddadea5df64b8015,4b68ab3847feda7d6c62c1fbcbeebfa35eab7351ed5e78f4ddadea5df64b8015,4b68ab3847feda7d6c62c1fbcbeebfa35eab7351ed5e78f4ddadea5df64b8015,$,,4b68ab3847feda7d6c62c1fbcbeebfa35eab7351ed5e78f4ddadea5df64b8015,4b68ab3847feda7d6c62c1fbcbeebfa35eab7351ed5e78f4ddadea5df64b8015,"{""basis"":""ordered nested-math atom; exact symbolic replay"",""kind"":""source-target-formula-map""}"
1.1.0,formula,O007-FREMLIN-V2-S244-FORMULA-1111,O007-FREMLIN-V2-S244,O007-RIGHTS-FREMLIN-DSL,O007-FREMLIN-V2-S244-SEG-244XN,1111,244Xn,244Xn,1322,1359,47870,47881,51284,51295,\ell^p(X),\ell^p(X),cf1380efb77ff611fefd9f740f2559a5e0fec4caae66de2ec1bd762f9afa0fc2,cf1380efb77ff611fefd9f740f2559a5e0fec4caae66de2ec1bd762f9afa0fc2,cf1380efb77ff611fefd9f740f2559a5e0fec4caae66de2ec1bd762f9afa0fc2,$,,cf1380efb77ff611fefd9f740f2559a5e0fec4caae66de2ec1bd762f9afa0fc2,cf1380efb77ff611fefd9f740f2559a5e0fec4caae66de2ec1bd762f9afa0fc2,"{""basis"":""ordered nested-math atom; exact symbolic replay"",""kind"":""source-target-formula-map""}"
1.1.0,formula,O007-FREMLIN-V2-S244-FORMULA-1112,O007-FREMLIN-V2-S244,O007-RIGHTS-FREMLIN-DSL,O007-FREMLIN-V2-S244-SEG-244XN,1112,244Xn,244Xn,1322,1360,47886,47904,51302,51320,{\eusm L}^p(\mu),{\eusm L}^p(\mu),72f08682e704426c2a4c664e30a1719b668a2b18529696565be59e77e31a2ee1,72f08682e704426c2a4c664e30a1719b668a2b18529696565be59e77e31a2ee1,3209220ae16e7cca0bd01056e5662ac209a1c26dba25ff458e4a12a2062c60e5,$,,3209220ae16e7cca0bd01056e5662ac209a1c26dba25ff458e4a12a2062c60e5,3209220ae16e7cca0bd01056e5662ac209a1c26dba25ff458e4a12a2062c60e5,"{""basis"":""ordered nested-math atom; exact symbolic replay"",""kind"":""source-target-formula-map""}"
1.1.0,formula,O007-FREMLIN-V2-S244-FORMULA-1113,O007-FREMLIN-V2-S244,O007-RIGHTS-FREMLIN-DSL,O007-FREMLIN-V2-S244-SEG-244XN,1113,244Xn,244Xn,1323,1360,47930,47940,51358,51368,L^p(\mu),L^p(\mu),d849a4c2e7df7f9d2bf5ba90896603d57e64c2548b570a54255b228bda9421c7,d849a4c2e7df7f9d2bf5ba90896603d57e64c2548b570a54255b228bda9421c7,d849a4c2e7df7f9d2bf5ba90896603d57e64c2548b570a54255b228bda9421c7,$,,d849a4c2e7df7f9d2bf5ba90896603d57e64c2548b570a54255b228bda9421c7,d849a4c2e7df7f9d2bf5ba90896603d57e64c2548b570a54255b228bda9421c7,"{""basis"":""ordered nested-math atom; exact symbolic replay"",""kind"":""source-target-formula-map""}"
1.1.0,formula,O007-FREMLIN-V2-S244-FORMULA-1114,O007-FREMLIN-V2-S244,O007-RIGHTS-FREMLIN-DSL,O007-FREMLIN-V2-S244-SEG-244XN,1114,244Xn,244Xn,1323,1361,47958,47968,51385,51395,L^2(\mu),L^2(\mu),0c991ce73127213ea0b0785f5f0e14327b9ae33e288d4b9cf1a0a0d81376d913,0c991ce73127213ea0b0785f5f0e14327b9ae33e288d4b9cf1a0a0d81376d913,0c991ce73127213ea0b0785f5f0e14327b9ae33e288d4b9cf1a0a0d81376d913,$,,0c991ce73127213ea0b0785f5f0e14327b9ae33e288d4b9cf1a0a0d81376d913,0c991ce73127213ea0b0785f5f0e14327b9ae33e288d4b9cf1a0a0d81376d913,"{""basis"":""ordered nested-math atom; exact symbolic replay"",""kind"":""source-target-formula-map""}"
1.1.0,formula,O007-FREMLIN-V2-S244-FORMULA-1115,O007-FREMLIN-V2-S244,O007-RIGHTS-FREMLIN-DSL,O007-FREMLIN-V2-S244-SEG-244XN,1115,244Xn,244Xn,1324,1361,47993,48004,51426,51437,\ell^2(X),\ell^2(X),c11a9d13bae5b2c63cd5abffcc1eb954ab4209277b2048bf104ade7fe98d94b9,c11a9d13bae5b2c63cd5abffcc1eb954ab4209277b2048bf104ade7fe98d94b9,c11a9d13bae5b2c63cd5abffcc1eb954ab4209277b2048bf104ade7fe98d94b9,$,,c11a9d13bae5b2c63cd5abffcc1eb954ab4209277b2048bf104ade7fe98d94b9,c11a9d13bae5b2c63cd5abffcc1eb954ab4209277b2048bf104ade7fe98d94b9,"{""basis"":""ordered nested-math atom; exact symbolic replay"",""kind"":""source-target-formula-map""}"
1.1.0,formula,O007-FREMLIN-V2-S244-FORMULA-1116,O007-FREMLIN-V2-S244,O007-RIGHTS-FREMLIN-DSL,O007-FREMLIN-V2-S244-SEG-244XN,1116,244Xn,244Xn,1325,1362,48048,48051,51488,51491,X,X,4b68ab3847feda7d6c62c1fbcbeebfa35eab7351ed5e78f4ddadea5df64b8015,4b68ab3847feda7d6c62c1fbcbeebfa35eab7351ed5e78f4ddadea5df64b8015,4b68ab3847feda7d6c62c1fbcbeebfa35eab7351ed5e78f4ddadea5df64b8015,$,,4b68ab3847feda7d6c62c1fbcbeebfa35eab7351ed5e78f4ddadea5df64b8015,4b68ab3847feda7d6c62c1fbcbeebfa35eab7351ed5e78f4ddadea5df64b8015,"{""basis"":""ordered nested-math atom; exact symbolic replay"",""kind"":""source-target-formula-map""}"
1.1.0,formula,O007-FREMLIN-V2-S244-FORMULA-1117,O007-FREMLIN-V2-S244,O007-RIGHTS-FREMLIN-DSL,O007-FREMLIN-V2-S244-SEG-244XO,1117,244Xo,244Xo,1329,1366,48175,48191,51620,51636,"(X,\Sigma,\mu)","(X,\Sigma,\mu)",05e9b769403b4c7926a944d5aaa03f00bb216412bc3f850e41b3c28de657aa67,05e9b769403b4c7926a944d5aaa03f00bb216412bc3f850e41b3c28de657aa67,05e9b769403b4c7926a944d5aaa03f00bb216412bc3f850e41b3c28de657aa67,$,,05e9b769403b4c7926a944d5aaa03f00bb216412bc3f850e41b3c28de657aa67,05e9b769403b4c7926a944d5aaa03f00bb216412bc3f850e41b3c28de657aa67,"{""basis"":""ordered nested-math atom; exact symbolic replay"",""kind"":""source-target-formula-map""}"
1.1.0,formula,O007-FREMLIN-V2-S244-FORMULA-1118,O007-FREMLIN-V2-S244,O007-RIGHTS-FREMLIN-DSL,O007-FREMLIN-V2-S244-SEG-244XO,1118,244Xo,244Xo,1329,1366,48196,48210,51641,51655,"(Y,\Tau,\nu)","(Y,\Tau,\nu)",72f1568945b9d44585331097f08f4d96f55f95b4711d2316a28c61729527ca59,72f1568945b9d44585331097f08f4d96f55f95b4711d2316a28c61729527ca59,72f1568945b9d44585331097f08f4d96f55f95b4711d2316a28c61729527ca59,$,,72f1568945b9d44585331097f08f4d96f55f95b4711d2316a28c61729527ca59,72f1568945b9d44585331097f08f4d96f55f95b4711d2316a28c61729527ca59,"{""basis"":""ordered nested-math atom; exact symbolic replay"",""kind"":""source-target-formula-map""}"
1.1.0,formula,O007-FREMLIN-V2-S244-FORMULA-1119,O007-FREMLIN-V2-S244,O007-RIGHTS-FREMLIN-DSL,O007-FREMLIN-V2-S244-SEG-244XO,1119,244Xo,244Xo,1330,1367,48233,48246,51677,51690,\phi:X\to Y,\phi:X\to Y,13bd91bfe4efd20d71a6b34c7581ddd8571b38f73d5e0bdd9de604c7badbba99,13bd91bfe4efd20d71a6b34c7581ddd8571b38f73d5e0bdd9de604c7badbba99,ff574878676958526aeff476d34e96ebf519db9f8a28e89cc9e76db0b39b4ebc,$,,ff574878676958526aeff476d34e96ebf519db9f8a28e89cc9e76db0b39b4ebc,ff574878676958526aeff476d34e96ebf519db9f8a28e89cc9e76db0b39b4ebc,"{""basis"":""ordered nested-math atom; exact symbolic replay"",""kind"":""source-target-formula-map""}"
1.1.0,formula,O007-FREMLIN-V2-S244-FORMULA-1120,O007-FREMLIN-V2-S244,O007-RIGHTS-FREMLIN-DSL,O007-FREMLIN-V2-S244-SEG-244XO,1120,244Xo,244Xo,1331,1368,48286,48334,51731,51779,g\mapsto g\phi:\eusm L^0(\nu)\to\eusm L^0(\mu),g\mapsto g\phi:\eusm L^0(\nu)\to\eusm L^0(\mu),b7f09d1b4fbc5a59d99a8c4adc93352f51ec0cd6ffdf234ba2ffd61d78202f24,b7f09d1b4fbc5a59d99a8c4adc93352f51ec0cd6ffdf234ba2ffd61d78202f24,9ceed833c9fceec98fbfd06197d128bad7daf4bf95ee527ad1d1188094839909,$,,9ceed833c9fceec98fbfd06197d128bad7daf4bf95ee527ad1d1188094839909,9ceed833c9fceec98fbfd06197d128bad7daf4bf95ee527ad1d1188094839909,"{""basis"":""ordered nested-math atom; exact symbolic replay"",""kind"":""source-target-formula-map""}"
1.1.0,formula,O007-FREMLIN-V2-S244-FORMULA-1121,O007-FREMLIN-V2-S244,O007-RIGHTS-FREMLIN-DSL,O007-FREMLIN-V2-S244-SEG-244XO,1121,244Xo,244Xo,1332,1369,48378,48388,51842,51852,L^p(\nu),L^p(\nu),38497ad7ae7fdc287bc27bc6176529de72208f076c9748f671f1a6c8ebd4d113,38497ad7ae7fdc287bc27bc6176529de72208f076c9748f671f1a6c8ebd4d113,38497ad7ae7fdc287bc27bc6176529de72208f076c9748f671f1a6c8ebd4d113,$,,38497ad7ae7fdc287bc27bc6176529de72208f076c9748f671f1a6c8ebd4d113,38497ad7ae7fdc287bc27bc6176529de72208f076c9748f671f1a6c8ebd4d113,"{""basis"":""ordered nested-math atom; exact symbolic replay"",""kind"":""source-target-formula-map""}"
1.1.0,formula,O007-FREMLIN-V2-S244-FORMULA-1122,O007-FREMLIN-V2-S244,O007-RIGHTS-FREMLIN-DSL,O007-FREMLIN-V2-S244-SEG-244XO,1122,244Xo,244Xo,1332,1369,48392,48402,51856,51866,L^p(\mu),L^p(\mu),d849a4c2e7df7f9d2bf5ba90896603d57e64c2548b570a54255b228bda9421c7,d849a4c2e7df7f9d2bf5ba90896603d57e64c2548b570a54255b228bda9421c7,d849a4c2e7df7f9d2bf5ba90896603d57e64c2548b570a54255b228bda9421c7,$,,d849a4c2e7df7f9d2bf5ba90896603d57e64c2548b570a54255b228bda9421c7,d849a4c2e7df7f9d2bf5ba90896603d57e64c2548b570a54255b228bda9421c7,"{""basis"":""ordered nested-math atom; exact symbolic replay"",""kind"":""source-target-formula-map""}"
1.1.0,formula,O007-FREMLIN-V2-S244-FORMULA-1123,O007-FREMLIN-V2-S244,O007-RIGHTS-FREMLIN-DSL,O007-FREMLIN-V2-S244-SEG-244XO,1123,244Xo,244Xo,1333,1370,48413,48429,51880,51896,"p\in[1,\infty]","p\in[1,\infty]",7d8e33c2c22d2bb3bb84f57d68b03a758a2a11e30762f389926cb8f394cb8548,7d8e33c2c22d2bb3bb84f57d68b03a758a2a11e30762f389926cb8f394cb8548,7d8e33c2c22d2bb3bb84f57d68b03a758a2a11e30762f389926cb8f394cb8548,$,,7d8e33c2c22d2bb3bb84f57d68b03a758a2a11e30762f389926cb8f394cb8548,7d8e33c2c22d2bb3bb84f57d68b03a758a2a11e30762f389926cb8f394cb8548,"{""basis"":""ordered nested-math atom; exact symbolic replay"",""kind"":""source-target-formula-map""}"
1.1.0,formula,O007-FREMLIN-V2-S244-FORMULA-1124,O007-FREMLIN-V2-S244,O007-RIGHTS-FREMLIN-DSL,O007-FREMLIN-V2-S244-SEG-244XO,1124,244Xo,244Xo,1333,1370,48451,48470,51923,51942,"M^{1,\infty}(\nu)","M^{1,\infty}(\nu)",6bb0d72f6c5ad21a365e4e6858918f12b3e59c0e929616b5ed6dec20dcec6fce,6bb0d72f6c5ad21a365e4e6858918f12b3e59c0e929616b5ed6dec20dcec6fce,6bb0d72f6c5ad21a365e4e6858918f12b3e59c0e929616b5ed6dec20dcec6fce,$,,6bb0d72f6c5ad21a365e4e6858918f12b3e59c0e929616b5ed6dec20dcec6fce,6bb0d72f6c5ad21a365e4e6858918f12b3e59c0e929616b5ed6dec20dcec6fce,"{""basis"":""ordered nested-math atom; exact symbolic replay"",""kind"":""source-target-formula-map""}"
1.1.0,formula,O007-FREMLIN-V2-S244-FORMULA-1125,O007-FREMLIN-V2-S244,O007-RIGHTS-FREMLIN-DSL,O007-FREMLIN-V2-S244-SEG-244XO,1125,244Xo,244Xo,1334,1371,48474,48493,51946,51965,"M^{1,\infty}(\mu)","M^{1,\infty}(\mu)",d06253f63013f79392973903a69ccb5728b7291c1f67bdee67ad7b4d5132ffb2,d06253f63013f79392973903a69ccb5728b7291c1f67bdee67ad7b4d5132ffb2,d06253f63013f79392973903a69ccb5728b7291c1f67bdee67ad7b4d5132ffb2,$,,d06253f63013f79392973903a69ccb5728b7291c1f67bdee67ad7b4d5132ffb2,d06253f63013f79392973903a69ccb5728b7291c1f67bdee67ad7b4d5132ffb2,"{""basis"":""ordered nested-math atom; exact symbolic replay"",""kind"":""source-target-formula-map""}"
1.1.0,formula,O007-FREMLIN-V2-S244-FORMULA-1126,O007-FREMLIN-V2-S244,O007-RIGHTS-FREMLIN-DSL,O007-FREMLIN-V2-S244-SEG-244XO,1126,244Xo,244Xo,1334,1371,48521,48531,51992,52002,\Cal T^+,\Cal T^+,4b79f371856e4187e5e41bae0ed5a1ebe688966af6cc343fca25b005e2053e1d,4b79f371856e4187e5e41bae0ed5a1ebe688966af6cc343fca25b005e2053e1d,14cf7ac30c01fafd96c8ee5976e97bd2f90cbe7caadba1f7b1922e1b0b8f9ee4,$,,14cf7ac30c01fafd96c8ee5976e97bd2f90cbe7caadba1f7b1922e1b0b8f9ee4,14cf7ac30c01fafd96c8ee5976e97bd2f90cbe7caadba1f7b1922e1b0b8f9ee4,"{""basis"":""ordered nested-math atom; exact symbolic replay"",""kind"":""source-target-formula-map""}"
1.1.0,formula,O007-FREMLIN-V2-S244-FORMULA-1127,O007-FREMLIN-V2-S244,O007-RIGHTS-FREMLIN-DSL,O007-FREMLIN-V2-S244-SEG-244Y,1127,244Y,244Y,1339,1376,48607,48623,52084,52100,"(X,\Sigma,\mu)","(X,\Sigma,\mu)",05e9b769403b4c7926a944d5aaa03f00bb216412bc3f850e41b3c28de657aa67,05e9b769403b4c7926a944d5aaa03f00bb216412bc3f850e41b3c28de657aa67,05e9b769403b4c7926a944d5aaa03f00bb216412bc3f850e41b3c28de657aa67,$,,05e9b769403b4c7926a944d5aaa03f00bb216412bc3f850e41b3c28de657aa67,05e9b769403b4c7926a944d5aaa03f00bb216412bc3f850e41b3c28de657aa67,"{""basis"":""ordered nested-math atom; exact symbolic replay"",""kind"":""source-target-formula-map""}"
1.1.0,formula,O007-FREMLIN-V2-S244-FORMULA-1128,O007-FREMLIN-V2-S244,O007-RIGHTS-FREMLIN-DSL,O007-FREMLIN-V2-S244-SEG-244Y,1128,244Y,244Y,1340,1377,48648,48676,52123,52151,"(X,\tilde\Sigma,\tilde\mu)","(X,\tilde\Sigma,\tilde\mu)",3e134a815dc912ab5b295db4411e9f08536230e6a0834f40378e0190aec12436,3e134a815dc912ab5b295db4411e9f08536230e6a0834f40378e0190aec12436,3e134a815dc912ab5b295db4411e9f08536230e6a0834f40378e0190aec12436,$,,3e134a815dc912ab5b295db4411e9f08536230e6a0834f40378e0190aec12436,3e134a815dc912ab5b295db4411e9f08536230e6a0834f40378e0190aec12436,"{""basis"":""ordered nested-math atom; exact symbolic replay"",""kind"":""source-target-formula-map""}"
1.1.0,formula,O007-FREMLIN-V2-S244-FORMULA-1129,O007-FREMLIN-V2-S244,O007-RIGHTS-FREMLIN-DSL,O007-FREMLIN-V2-S244-SEG-244Y,1129,244Y,244Y,1341,1378,48710,48755,52186,52231,\eusm L^p(\mu)\subseteq\eusm L^p(\tilde\mu),\eusm L^p(\mu)\subseteq\eusm L^p(\tilde\mu),8212f39db677cb69d70d47431f7d9d68e31efb8186c0348737ff4d3419e75518,8212f39db677cb69d70d47431f7d9d68e31efb8186c0348737ff4d3419e75518,1ed6ee4b494baae96816aa5adbf267855e0b964ba16d9cc3614f129b61cedd43,$,,1ed6ee4b494baae96816aa5adbf267855e0b964ba16d9cc3614f129b61cedd43,1ed6ee4b494baae96816aa5adbf267855e0b964ba16d9cc3614f129b61cedd43,"{""basis"":""ordered nested-math atom; exact symbolic replay"",""kind"":""source-target-formula-map""}"
1.1.0,formula,O007-FREMLIN-V2-S244-FORMULA-1130,O007-FREMLIN-V2-S244,O007-RIGHTS-FREMLIN-DSL,O007-FREMLIN-V2-S244-SEG-244Y,1130,244Y,244Y,1343,1379,48825,48835,52306,52316,L^p(\mu),L^p(\mu),d849a4c2e7df7f9d2bf5ba90896603d57e64c2548b570a54255b228bda9421c7,d849a4c2e7df7f9d2bf5ba90896603d57e64c2548b570a54255b228bda9421c7,d849a4c2e7df7f9d2bf5ba90896603d57e64c2548b570a54255b228bda9421c7,$,,d849a4c2e7df7f9d2bf5ba90896603d57e64c2548b570a54255b228bda9421c7,d849a4c2e7df7f9d2bf5ba90896603d57e64c2548b570a54255b228bda9421c7,"{""basis"":""ordered nested-math atom; exact symbolic replay"",""kind"":""source-target-formula-map""}"
1.1.0,formula,O007-FREMLIN-V2-S244-FORMULA-1131,O007-FREMLIN-V2-S244,O007-RIGHTS-FREMLIN-DSL,O007-FREMLIN-V2-S244-SEG-244Y,1131,244Y,244Y,1343,1380,48840,48856,52321,52337,L^p(\tilde\mu),L^p(\tilde\mu),604e6dd07e506a5bde4ca14ea3afa00df18de51806ce8d23b8f7e38851c93b35,604e6dd07e506a5bde4ca14ea3afa00df18de51806ce8d23b8f7e38851c93b35,604e6dd07e506a5bde4ca14ea3afa00df18de51806ce8d23b8f7e38851c93b35,$,,604e6dd07e506a5bde4ca14ea3afa00df18de51806ce8d23b8f7e38851c93b35,604e6dd07e506a5bde4ca14ea3afa00df18de51806ce8d23b8f7e38851c93b35,"{""basis"":""ordered nested-math atom; exact symbolic replay"",""kind"":""source-target-formula-map""}"
1.1.0,formula,O007-FREMLIN-V2-S244-FORMULA-1132,O007-FREMLIN-V2-S244,O007-RIGHTS-FREMLIN-DSL,O007-FREMLIN-V2-S244-SEG-244Y,1132,244Y,244Y,1344,1380,48868,48890,52352,52374,"p\in\coint{1,\infty}","p\in\coint{1,\infty}",dfa09c103b52120a82f69753c8100756a9bbb79737abc89a78fe9c2ee6b86968,dfa09c103b52120a82f69753c8100756a9bbb79737abc89a78fe9c2ee6b86968,dfa09c103b52120a82f69753c8100756a9bbb79737abc89a78fe9c2ee6b86968,$,,dfa09c103b52120a82f69753c8100756a9bbb79737abc89a78fe9c2ee6b86968,dfa09c103b52120a82f69753c8100756a9bbb79737abc89a78fe9c2ee6b86968,"{""basis"":""ordered nested-math atom; exact symbolic replay"",""kind"":""source-target-formula-map""}"
1.1.0,formula,O007-FREMLIN-V2-S244-FORMULA-1133,O007-FREMLIN-V2-S244,O007-RIGHTS-FREMLIN-DSL,O007-FREMLIN-V2-S244-SEG-244YB,1133,244Yb,244Yb,1347,1383,48919,48935,52408,52424,"(X,\Sigma,\mu)","(X,\Sigma,\mu)",05e9b769403b4c7926a944d5aaa03f00bb216412bc3f850e41b3c28de657aa67,05e9b769403b4c7926a944d5aaa03f00bb216412bc3f850e41b3c28de657aa67,05e9b769403b4c7926a944d5aaa03f00bb216412bc3f850e41b3c28de657aa67,$,,05e9b769403b4c7926a944d5aaa03f00bb216412bc3f850e41b3c28de657aa67,05e9b769403b4c7926a944d5aaa03f00bb216412bc3f850e41b3c28de657aa67,"{""basis"":""ordered nested-math atom; exact symbolic replay"",""kind"":""source-target-formula-map""}"
1.1.0,formula,O007-FREMLIN-V2-S244-FORMULA-1134,O007-FREMLIN-V2-S244,O007-RIGHTS-FREMLIN-DSL,O007-FREMLIN-V2-S244-SEG-244YB,1134,244Yb,244Yb,1348,1384,48962,48984,52450,52472,"p\in\coint{1,\infty}","p\in\coint{1,\infty}",dfa09c103b52120a82f69753c8100756a9bbb79737abc89a78fe9c2ee6b86968,dfa09c103b52120a82f69753c8100756a9bbb79737abc89a78fe9c2ee6b86968,dfa09c103b52120a82f69753c8100756a9bbb79737abc89a78fe9c2ee6b86968,$,,dfa09c103b52120a82f69753c8100756a9bbb79737abc89a78fe9c2ee6b86968,dfa09c103b52120a82f69753c8100756a9bbb79737abc89a78fe9c2ee6b86968,"{""basis"":""ordered nested-math atom; exact symbolic replay"",""kind"":""source-target-formula-map""}"
1.1.0,formula,O007-FREMLIN-V2-S244-FORMULA-1135,O007-FREMLIN-V2-S244,O007-RIGHTS-FREMLIN-DSL,O007-FREMLIN-V2-S244-SEG-244YB,1135,244Yb,244Yb,1348,1384,48998,49008,52490,52500,L^p(\mu),L^p(\mu),d849a4c2e7df7f9d2bf5ba90896603d57e64c2548b570a54255b228bda9421c7,d849a4c2e7df7f9d2bf5ba90896603d57e64c2548b570a54255b228bda9421c7,d849a4c2e7df7f9d2bf5ba90896603d57e64c2548b570a54255b228bda9421c7,$,,d849a4c2e7df7f9d2bf5ba90896603d57e64c2548b570a54255b228bda9421c7,d849a4c2e7df7f9d2bf5ba90896603d57e64c2548b570a54255b228bda9421c7,"{""basis"":""ordered nested-math atom; exact symbolic replay"",""kind"":""source-target-formula-map""}"
1.1.0,formula,O007-FREMLIN-V2-S244-FORMULA-1136,O007-FREMLIN-V2-S244,O007-RIGHTS-FREMLIN-DSL,O007-FREMLIN-V2-S244-SEG-244YC,1136,244Yc,244Yc,1352,1388,49129,49145,52614,52630,"(X,\Sigma,\mu)","(X,\Sigma,\mu)",05e9b769403b4c7926a944d5aaa03f00bb216412bc3f850e41b3c28de657aa67,05e9b769403b4c7926a944d5aaa03f00bb216412bc3f850e41b3c28de657aa67,05e9b769403b4c7926a944d5aaa03f00bb216412bc3f850e41b3c28de657aa67,$,,05e9b769403b4c7926a944d5aaa03f00bb216412bc3f850e41b3c28de657aa67,05e9b769403b4c7926a944d5aaa03f00bb216412bc3f850e41b3c28de657aa67,"{""basis"":""ordered nested-math atom; exact symbolic replay"",""kind"":""source-target-formula-map""}"
1.1.0,formula,O007-FREMLIN-V2-S244-FORMULA-1137,O007-FREMLIN-V2-S244,O007-RIGHTS-FREMLIN-DSL,O007-FREMLIN-V2-S244-SEG-244YC,1137,244Yc,244Yc,1354,1389,49175,49192,52659,52676,"p\in\ooint{0,1}","p\in\ooint{0,1}",95e9459d7a6fbd557a84d11501c1fd31b1bb2f79000906872fe214065095c3c5,95e9459d7a6fbd557a84d11501c1fd31b1bb2f79000906872fe214065095c3c5,95e9459d7a6fbd557a84d11501c1fd31b1bb2f79000906872fe214065095c3c5,$,,95e9459d7a6fbd557a84d11501c1fd31b1bb2f79000906872fe214065095c3c5,95e9459d7a6fbd557a84d11501c1fd31b1bb2f79000906872fe214065095c3c5,"{""basis"":""ordered nested-math atom; exact symbolic replay"",""kind"":""source-target-formula-map""}"
1.1.0,formula,O007-FREMLIN-V2-S244-FORMULA-1138,O007-FREMLIN-V2-S244,O007-RIGHTS-FREMLIN-DSL,O007-FREMLIN-V2-S244-SEG-244YC,1138,244Yc,244Yc,1354,1389,49194,49199,52678,52683,q<0,q<0,c1e780b51ae523fbc136a32101b0bc866a19c45a81681f589e7d0c6c65875daa,c1e780b51ae523fbc136a32101b0bc866a19c45a81681f589e7d0c6c65875daa,c1e780b51ae523fbc136a32101b0bc866a19c45a81681f589e7d0c6c65875daa,$,,c1e780b51ae523fbc136a32101b0bc866a19c45a81681f589e7d0c6c65875daa,c1e780b51ae523fbc136a32101b0bc866a19c45a81681f589e7d0c6c65875daa,"{""basis"":""ordered nested-math atom; exact symbolic replay"",""kind"":""source-target-formula-map""}"
1.1.0,formula,O007-FREMLIN-V2-S244-FORMULA-1139,O007-FREMLIN-V2-S244,O007-RIGHTS-FREMLIN-DSL,O007-FREMLIN-V2-S244-SEG-244YC,1139,244Yc,244Yc,1354,1390,49214,49235,52704,52725,\bover1p+\bover1q=1,\bover1p+\bover1q=1,2d2eec383eea827dd9313070dbf61fb4a8730e3d37b75e2b9083e0da4fbb984a,2d2eec383eea827dd9313070dbf61fb4a8730e3d37b75e2b9083e0da4fbb984a,2d2eec383eea827dd9313070dbf61fb4a8730e3d37b75e2b9083e0da4fbb984a,$,,2d2eec383eea827dd9313070dbf61fb4a8730e3d37b75e2b9083e0da4fbb984a,2d2eec383eea827dd9313070dbf61fb4a8730e3d37b75e2b9083e0da4fbb984a,"{""basis"":""ordered nested-math atom; exact symbolic replay"",""kind"":""source-target-formula-map""}"
1.1.0,formula,O007-FREMLIN-V2-S244-FORMULA-1140,O007-FREMLIN-V2-S244,O007-RIGHTS-FREMLIN-DSL,O007-FREMLIN-V2-S244-SEG-244YC,1140,244Yc,244Yc,1356,1391,49251,49281,52747,52777,ab\ge\bover1pa^p+\bover1qb^q,ab\ge\bover1pa^p+\bover1qb^q,55694576da092d1c36ab2e2a81c44cfe9cd8e0d5798130e21a47e8fff09b0c3d,55694576da092d1c36ab2e2a81c44cfe9cd8e0d5798130e21a47e8fff09b0c3d,55694576da092d1c36ab2e2a81c44cfe9cd8e0d5798130e21a47e8fff09b0c3d,$,,55694576da092d1c36ab2e2a81c44cfe9cd8e0d5798130e21a47e8fff09b0c3d,55694576da092d1c36ab2e2a81c44cfe9cd8e0d5798130e21a47e8fff09b0c3d,"{""basis"":""ordered nested-math atom; exact symbolic replay"",""kind"":""source-target-formula-map""}"
1.1.0,formula,O007-FREMLIN-V2-S244-FORMULA-1141,O007-FREMLIN-V2-S244,O007-RIGHTS-FREMLIN-DSL,O007-FREMLIN-V2-S244-SEG-244YC,1141,244Yc,244Yc,1356,1391,49295,49303,52804,52812,a\ge 0,a\ge 0,b5ac3c0ceed24a6b502c6a11b8f89c8ad74ce7267b86a9cde4dfb670498db535,b5ac3c0ceed24a6b502c6a11b8f89c8ad74ce7267b86a9cde4dfb670498db535,f82fa181ba60e7fb2725d36658cd574f81024ca540539d778ab0b2a574231119,$,,f82fa181ba60e7fb2725d36658cd574f81024ca540539d778ab0b2a574231119,f82fa181ba60e7fb2725d36658cd574f81024ca540539d778ab0b2a574231119,"{""basis"":""ordered nested-math atom; exact symbolic replay"",""kind"":""source-target-formula-map""}"
1.1.0,formula,O007-FREMLIN-V2-S244-FORMULA-1142,O007-FREMLIN-V2-S244,O007-RIGHTS-FREMLIN-DSL,O007-FREMLIN-V2-S244-SEG-244YC,1142,244Yc,244Yc,1356,1392,49305,49310,52814,52819,b>0,b>0,2748bdd256917db857000037ed8e7d5f503707039327e73b504cb1f64fbdc92e,2748bdd256917db857000037ed8e7d5f503707039327e73b504cb1f64fbdc92e,2748bdd256917db857000037ed8e7d5f503707039327e73b504cb1f64fbdc92e,$,,2748bdd256917db857000037ed8e7d5f503707039327e73b504cb1f64fbdc92e,2748bdd256917db857000037ed8e7d5f503707039327e73b504cb1f64fbdc92e,"{""basis"":""ordered nested-math atom; exact symbolic replay"",""kind"":""source-target-formula-map""}"
1.1.0,formula,O007-FREMLIN-V2-S244-FORMULA-1143,O007-FREMLIN-V2-S244,O007-RIGHTS-FREMLIN-DSL,O007-FREMLIN-V2-S244-SEG-244YC,1143,244Yc,244Yc,1357,1392,49322,49335,52836,52849,p'=\bover1p,p'=\bover1p,64fd28855c7bfbd19c312784796e41b6f173c770a4ef7a034b4952d6df8fa762,64fd28855c7bfbd19c312784796e41b6f173c770a4ef7a034b4952d6df8fa762,64fd28855c7bfbd19c312784796e41b6f173c770a4ef7a034b4952d6df8fa762,$,,64fd28855c7bfbd19c312784796e41b6f173c770a4ef7a034b4952d6df8fa762,64fd28855c7bfbd19c312784796e41b6f173c770a4ef7a034b4952d6df8fa762,"{""basis"":""ordered nested-math atom; exact symbolic replay"",""kind"":""source-target-formula-map""}"
1.1.0,formula,O007-FREMLIN-V2-S244-FORMULA-1144,O007-FREMLIN-V2-S244,O007-RIGHTS-FREMLIN-DSL,O007-FREMLIN-V2-S244-SEG-244YC,1144,244Yc,244Yc,1357,1392,49337,49358,52851,52872,q'=\bover{p'}{p'-1},q'=\bover{p'}{p'-1},f67638d13fd33a82433c9e1c6716ae4c45343777f1d865d7b97f2c0108ca4b60,f67638d13fd33a82433c9e1c6716ae4c45343777f1d865d7b97f2c0108ca4b60,f67638d13fd33a82433c9e1c6716ae4c45343777f1d865d7b97f2c0108ca4b60,$,,f67638d13fd33a82433c9e1c6716ae4c45343777f1d865d7b97f2c0108ca4b60,f67638d13fd33a82433c9e1c6716ae4c45343777f1d865d7b97f2c0108ca4b60,"{""basis"":""ordered nested-math atom; exact symbolic replay"",""kind"":""source-target-formula-map""}"
1.1.0,formula,O007-FREMLIN-V2-S244-FORMULA-1145,O007-FREMLIN-V2-S244,O007-RIGHTS-FREMLIN-DSL,O007-FREMLIN-V2-S244-SEG-244YC,1145,244Yc,244Yc,1358,1393,49360,49370,52874,52884,c=(ab)^p,c=(ab)^p,485f002be94162bb7dd767285f6c5a8414ed327db9556df5bf255e63bf6bcbeb,485f002be94162bb7dd767285f6c5a8414ed327db9556df5bf255e63bf6bcbeb,485f002be94162bb7dd767285f6c5a8414ed327db9556df5bf255e63bf6bcbeb,$,,485f002be94162bb7dd767285f6c5a8414ed327db9556df5bf255e63bf6bcbeb,485f002be94162bb7dd767285f6c5a8414ed327db9556df5bf255e63bf6bcbeb,"{""basis"":""ordered nested-math atom; exact symbolic replay"",""kind"":""source-target-formula-map""}"
1.1.0,formula,O007-FREMLIN-V2-S244-FORMULA-1146,O007-FREMLIN-V2-S244,O007-RIGHTS-FREMLIN-DSL,O007-FREMLIN-V2-S244-SEG-244YC,1146,244Yc,244Yc,1358,1393,49372,49382,52886,52896,d=b^{-p},d=b^{-p},336f0b1e652e77a2f9095f0be51d4dae8f41ee6402a01ab84bcf2a083d5862d7,336f0b1e652e77a2f9095f0be51d4dae8f41ee6402a01ab84bcf2a083d5862d7,336f0b1e652e77a2f9095f0be51d4dae8f41ee6402a01ab84bcf2a083d5862d7,$,,336f0b1e652e77a2f9095f0be51d4dae8f41ee6402a01ab84bcf2a083d5862d7,336f0b1e652e77a2f9095f0be51d4dae8f41ee6402a01ab84bcf2a083d5862d7,"{""basis"":""ordered nested-math atom; exact symbolic replay"",""kind"":""source-target-formula-map""}"
1.1.0,formula,O007-FREMLIN-V2-S244-FORMULA-1147,O007-FREMLIN-V2-S244,O007-RIGHTS-FREMLIN-DSL,O007-FREMLIN-V2-S244-SEG-244YC,1147,244Yc,244Yc,1359,1394,49419,49422,52944,52947,f,f,252f10c83610ebca1a059c0bae8255eba2f95be4d1d7bcfa89d7248a82d9f111,252f10c83610ebca1a059c0bae8255eba2f95be4d1d7bcfa89d7248a82d9f111,252f10c83610ebca1a059c0bae8255eba2f95be4d1d7bcfa89d7248a82d9f111,$,,252f10c83610ebca1a059c0bae8255eba2f95be4d1d7bcfa89d7248a82d9f111,252f10c83610ebca1a059c0bae8255eba2f95be4d1d7bcfa89d7248a82d9f111,"{""basis"":""ordered nested-math atom; exact symbolic replay"",""kind"":""source-target-formula-map""}"
1.1.0,formula,O007-FREMLIN-V2-S244-FORMULA-1148,O007-FREMLIN-V2-S244,O007-RIGHTS-FREMLIN-DSL,O007-FREMLIN-V2-S244-SEG-244YC,1148,244Yc,244Yc,1359,1394,49424,49444,52949,52969,g\in\eusm L^0(\mu),g\in\eusm L^0(\mu),4024931b468acc579794352682bfbe99f60585e5f9345aaad7990bd903dba26c,4024931b468acc579794352682bfbe99f60585e5f9345aaad7990bd903dba26c,a32edc85bd2dac503f20c6066a285e6267dafd067f4e38eb649a625be2adc4ba,$,,a32edc85bd2dac503f20c6066a285e6267dafd067f4e38eb649a625be2adc4ba,a32edc85bd2dac503f20c6066a285e6267dafd067f4e38eb649a625be2adc4ba,"{""basis"":""ordered nested-math atom; exact symbolic replay"",""kind"":""source-target-formula-map""}"
1.1.0,formula,O007-FREMLIN-V2-S244-FORMULA-1149,O007-FREMLIN-V2-S244,O007-RIGHTS-FREMLIN-DSL,O007-FREMLIN-V2-S244-SEG-244YC,1149,244Yc,244Yc,1360,1395,49466,49484,52985,53003,E=\{x:x\in\dom g,E=\{x:x\in\dom g,b688b13e9380a63994046011e5907248064b8f1726649e013abcad4548896750,b688b13e9380a63994046011e5907248064b8f1726649e013abcad4548896750,49f4a672834e5560bd6173442be0f29c45477389bd9fa3d4f007a6e3a4a9d717,$,,49f4a672834e5560bd6173442be0f29c45477389bd9fa3d4f007a6e3a4a9d717,49f4a672834e5560bd6173442be0f29c45477389bd9fa3d4f007a6e3a4a9d717,"{""basis"":""ordered nested-math atom; exact symbolic replay"",""kind"":""source-target-formula-map""}"
1.1.0,formula,O007-FREMLIN-V2-S244-FORMULA-1150,O007-FREMLIN-V2-S244,O007-RIGHTS-FREMLIN-DSL,O007-FREMLIN-V2-S244-SEG-244YC,1150,244Yc,244Yc,1360,1395,49486,49496,53005,53015,g(x)>0\},g(x)>0\},89c920621b714baac259d566c87015b26668c9bab287d1ee8986c896af1407b5,89c920621b714baac259d566c87015b26668c9bab287d1ee8986c896af1407b5,89c920621b714baac259d566c87015b26668c9bab287d1ee8986c896af1407b5,$,,89c920621b714baac259d566c87015b26668c9bab287d1ee8986c896af1407b5,89c920621b714baac259d566c87015b26668c9bab287d1ee8986c896af1407b5,"{""basis"":""ordered nested-math atom; exact symbolic replay"",""kind"":""source-target-formula-map""}"
1.1.0,formula,O007-FREMLIN-V2-S244-FORMULA-1151,O007-FREMLIN-V2-S244,O007-RIGHTS-FREMLIN-DSL,O007-FREMLIN-V2-S244-SEG-244YC,1151,244Yc,244Yc,1362,1397,49516,49570,53035,53089,"(\int_Ef^p)^{1/p}(\int_Eg^q)^{1/q}
\le\int f\times g","(\int_Ef^p)^{1/p}(\int_Eg^q)^{1/q}
\le\int f\times g",b32e9718cf74ffd6d7fd3982c4220b5ee271e7a50a5e8c79f6acb22142bbc2e8,b32e9718cf74ffd6d7fd3982c4220b5ee271e7a50a5e8c79f6acb22142bbc2e8,e372bf695ba1c757fdfea81c107596901760081a62f1697d17b993ed923d3323,$,,e372bf695ba1c757fdfea81c107596901760081a62f1697d17b993ed923d3323,e372bf695ba1c757fdfea81c107596901760081a62f1697d17b993ed923d3323,"{""basis"":""ordered nested-math atom; exact symbolic replay"",""kind"":""source-target-formula-map""}"
1.1.0,formula,O007-FREMLIN-V2-S244-FORMULA-1152,O007-FREMLIN-V2-S244,O007-RIGHTS-FREMLIN-DSL,O007-FREMLIN-V2-S244-SEG-244YC,1152,244Yc,244Yc,1366,1400,49602,49605,53129,53132,f,f,252f10c83610ebca1a059c0bae8255eba2f95be4d1d7bcfa89d7248a82d9f111,252f10c83610ebca1a059c0bae8255eba2f95be4d1d7bcfa89d7248a82d9f111,252f10c83610ebca1a059c0bae8255eba2f95be4d1d7bcfa89d7248a82d9f111,$,,252f10c83610ebca1a059c0bae8255eba2f95be4d1d7bcfa89d7248a82d9f111,252f10c83610ebca1a059c0bae8255eba2f95be4d1d7bcfa89d7248a82d9f111,"{""basis"":""ordered nested-math atom; exact symbolic replay"",""kind"":""source-target-formula-map""}"
1.1.0,formula,O007-FREMLIN-V2-S244-FORMULA-1153,O007-FREMLIN-V2-S244,O007-RIGHTS-FREMLIN-DSL,O007-FREMLIN-V2-S244-SEG-244YC,1153,244Yc,244Yc,1366,1400,49607,49627,53134,53154,g\in\eusm L^0(\mu),g\in\eusm L^0(\mu),4024931b468acc579794352682bfbe99f60585e5f9345aaad7990bd903dba26c,4024931b468acc579794352682bfbe99f60585e5f9345aaad7990bd903dba26c,a32edc85bd2dac503f20c6066a285e6267dafd067f4e38eb649a625be2adc4ba,$,,a32edc85bd2dac503f20c6066a285e6267dafd067f4e38eb649a625be2adc4ba,a32edc85bd2dac503f20c6066a285e6267dafd067f4e38eb649a625be2adc4ba,"{""basis"":""ordered nested-math atom; exact symbolic replay"",""kind"":""source-target-formula-map""}"
1.1.0,formula,O007-FREMLIN-V2-S244-FORMULA-1154,O007-FREMLIN-V2-S244,O007-RIGHTS-FREMLIN-DSL,O007-FREMLIN-V2-S244-SEG-244YC,1154,244Yc,244Yc,1368,1403,49664,49722,53185,53243,"(\int f^p)^{1/p}+(\int g^p)^{1/p}
\le(\int(f+g)^p)^{1/p}","(\int f^p)^{1/p}+(\int g^p)^{1/p}
\le(\int(f+g)^p)^{1/p}",1336cfc51aea769ab1d32a730d30774ff6063685e5b505159accd4fd6bda4b28,1336cfc51aea769ab1d32a730d30774ff6063685e5b505159accd4fd6bda4b28,feff86a5205db75d6f6087d20c719e4b2352d96e123fa547d3aad81ee4950cd1,$,,feff86a5205db75d6f6087d20c719e4b2352d96e123fa547d3aad81ee4950cd1,feff86a5205db75d6f6087d20c719e4b2352d96e123fa547d3aad81ee4950cd1,"{""basis"":""ordered nested-math atom; exact symbolic replay"",""kind"":""source-target-formula-map""}"
1.1.0,formula,O007-FREMLIN-V2-S244-FORMULA-1155,O007-FREMLIN-V2-S244,O007-RIGHTS-FREMLIN-DSL,O007-FREMLIN-V2-S244-SEG-244YD,1155,244Yd,244Yd,1373,1408,49774,49790,53300,53316,"(X,\Sigma,\mu)","(X,\Sigma,\mu)",05e9b769403b4c7926a944d5aaa03f00bb216412bc3f850e41b3c28de657aa67,05e9b769403b4c7926a944d5aaa03f00bb216412bc3f850e41b3c28de657aa67,05e9b769403b4c7926a944d5aaa03f00bb216412bc3f850e41b3c28de657aa67,$,,05e9b769403b4c7926a944d5aaa03f00bb216412bc3f850e41b3c28de657aa67,05e9b769403b4c7926a944d5aaa03f00bb216412bc3f850e41b3c28de657aa67,"{""basis"":""ordered nested-math atom; exact symbolic replay"",""kind"":""source-target-formula-map""}"
1.1.0,formula,O007-FREMLIN-V2-S244-FORMULA-1156,O007-FREMLIN-V2-S244,O007-RIGHTS-FREMLIN-DSL,O007-FREMLIN-V2-S244-SEG-244YD,1156,244Yd,244Yd,1373,1408,49815,49818,53339,53342,Y,Y,18f5384d58bcb1bba0bcd9e6a6781d1a6ac2cc280c330ecbab6cb7931b721552,18f5384d58bcb1bba0bcd9e6a6781d1a6ac2cc280c330ecbab6cb7931b721552,18f5384d58bcb1bba0bcd9e6a6781d1a6ac2cc280c330ecbab6cb7931b721552,$,,18f5384d58bcb1bba0bcd9e6a6781d1a6ac2cc280c330ecbab6cb7931b721552,18f5384d58bcb1bba0bcd9e6a6781d1a6ac2cc280c330ecbab6cb7931b721552,"{""basis"":""ordered nested-math atom; exact symbolic replay"",""kind"":""source-target-formula-map""}"
1.1.0,formula,O007-FREMLIN-V2-S244-FORMULA-1157,O007-FREMLIN-V2-S244,O007-RIGHTS-FREMLIN-DSL,O007-FREMLIN-V2-S244-SEG-244YD,1157,244Yd,244Yd,1374,1408,49831,49834,53360,53363,X,X,4b68ab3847feda7d6c62c1fbcbeebfa35eab7351ed5e78f4ddadea5df64b8015,4b68ab3847feda7d6c62c1fbcbeebfa35eab7351ed5e78f4ddadea5df64b8015,4b68ab3847feda7d6c62c1fbcbeebfa35eab7351ed5e78f4ddadea5df64b8015,$,,4b68ab3847feda7d6c62c1fbcbeebfa35eab7351ed5e78f4ddadea5df64b8015,4b68ab3847feda7d6c62c1fbcbeebfa35eab7351ed5e78f4ddadea5df64b8015,"{""basis"":""ordered nested-math atom; exact symbolic replay"",""kind"":""source-target-formula-map""}"
1.1.0,formula,O007-FREMLIN-V2-S244-FORMULA-1158,O007-FREMLIN-V2-S244,O007-RIGHTS-FREMLIN-DSL,O007-FREMLIN-V2-S244-SEG-244YD,1158,244Yd,244Yd,1374,1409,49843,49850,53374,53381,\mu_Y,\mu_Y,08dd496d916cd16a2907a5eab936620d0b1768d9aee839a1f7ffb01ac5339bfd,08dd496d916cd16a2907a5eab936620d0b1768d9aee839a1f7ffb01ac5339bfd,08dd496d916cd16a2907a5eab936620d0b1768d9aee839a1f7ffb01ac5339bfd,$,,08dd496d916cd16a2907a5eab936620d0b1768d9aee839a1f7ffb01ac5339bfd,08dd496d916cd16a2907a5eab936620d0b1768d9aee839a1f7ffb01ac5339bfd,"{""basis"":""ordered nested-math atom; exact symbolic replay"",""kind"":""source-target-formula-map""}"
1.1.0,formula,O007-FREMLIN-V2-S244-FORMULA-1159,O007-FREMLIN-V2-S244,O007-RIGHTS-FREMLIN-DSL,O007-FREMLIN-V2-S244-SEG-244YD,1159,244Yd,244Yd,1374,1409,49879,49882,53409,53412,Y,Y,18f5384d58bcb1bba0bcd9e6a6781d1a6ac2cc280c330ecbab6cb7931b721552,18f5384d58bcb1bba0bcd9e6a6781d1a6ac2cc280c330ecbab6cb7931b721552,18f5384d58bcb1bba0bcd9e6a6781d1a6ac2cc280c330ecbab6cb7931b721552,$,,18f5384d58bcb1bba0bcd9e6a6781d1a6ac2cc280c330ecbab6cb7931b721552,18f5384d58bcb1bba0bcd9e6a6781d1a6ac2cc280c330ecbab6cb7931b721552,"{""basis"":""ordered nested-math atom; exact symbolic replay"",""kind"":""source-target-formula-map""}"
1.1.0,formula,O007-FREMLIN-V2-S244-FORMULA-1160,O007-FREMLIN-V2-S244,O007-RIGHTS-FREMLIN-DSL,O007-FREMLIN-V2-S244-SEG-244YD,1160,244Yd,244Yd,1375,1410,49914,49917,53443,53446,T,T,e632b7095b0bf32c260fa4c539e9fd7b852d0de454e9be26f24d0d6f91d069d3,e632b7095b0bf32c260fa4c539e9fd7b852d0de454e9be26f24d0d6f91d069d3,e632b7095b0bf32c260fa4c539e9fd7b852d0de454e9be26f24d0d6f91d069d3,$,,e632b7095b0bf32c260fa4c539e9fd7b852d0de454e9be26f24d0d6f91d069d3,e632b7095b0bf32c260fa4c539e9fd7b852d0de454e9be26f24d0d6f91d069d3,"{""basis"":""ordered nested-math atom; exact symbolic replay"",""kind"":""source-target-formula-map""}"
1.1.0,formula,O007-FREMLIN-V2-S244-FORMULA-1161,O007-FREMLIN-V2-S244,O007-RIGHTS-FREMLIN-DSL,O007-FREMLIN-V2-S244-SEG-244YD,1161,244Yd,244Yd,1375,1410,49923,49933,53452,53462,L^0(\mu),L^0(\mu),7ccd5346db90a9896e104499ac3db2d66bf84facfcf695688be6ba7992022f65,7ccd5346db90a9896e104499ac3db2d66bf84facfcf695688be6ba7992022f65,7ccd5346db90a9896e104499ac3db2d66bf84facfcf695688be6ba7992022f65,$,,7ccd5346db90a9896e104499ac3db2d66bf84facfcf695688be6ba7992022f65,7ccd5346db90a9896e104499ac3db2d66bf84facfcf695688be6ba7992022f65,"{""basis"":""ordered nested-math atom; exact symbolic replay"",""kind"":""source-target-formula-map""}"
1.1.0,formula,O007-FREMLIN-V2-S244-FORMULA-1162,O007-FREMLIN-V2-S244,O007-RIGHTS-FREMLIN-DSL,O007-FREMLIN-V2-S244-SEG-244YD,1162,244Yd,244Yd,1375,1410,49939,49951,53468,53480,L^0(\mu_Y),L^0(\mu_Y),9f563732458801ff04215f4f21f5976fb7f8d20ebcb4b2411cf9234df1500669,9f563732458801ff04215f4f21f5976fb7f8d20ebcb4b2411cf9234df1500669,9f563732458801ff04215f4f21f5976fb7f8d20ebcb4b2411cf9234df1500669,$,,9f563732458801ff04215f4f21f5976fb7f8d20ebcb4b2411cf9234df1500669,9f563732458801ff04215f4f21f5976fb7f8d20ebcb4b2411cf9234df1500669,"{""basis"":""ordered nested-math atom; exact symbolic replay"",""kind"":""source-target-formula-map""}"
1.1.0,formula,O007-FREMLIN-V2-S244-FORMULA-1163,O007-FREMLIN-V2-S244,O007-RIGHTS-FREMLIN-DSL,O007-FREMLIN-V2-S244-SEG-244YD,1163,244Yd,244Yd,1376,1411,49987,49997,53516,53526,L^p(\mu),L^p(\mu),d849a4c2e7df7f9d2bf5ba90896603d57e64c2548b570a54255b228bda9421c7,d849a4c2e7df7f9d2bf5ba90896603d57e64c2548b570a54255b228bda9421c7,d849a4c2e7df7f9d2bf5ba90896603d57e64c2548b570a54255b228bda9421c7,$,,d849a4c2e7df7f9d2bf5ba90896603d57e64c2548b570a54255b228bda9421c7,d849a4c2e7df7f9d2bf5ba90896603d57e64c2548b570a54255b228bda9421c7,"{""basis"":""ordered nested-math atom; exact symbolic replay"",""kind"":""source-target-formula-map""}"
1.1.0,formula,O007-FREMLIN-V2-S244-FORMULA-1164,O007-FREMLIN-V2-S244,O007-RIGHTS-FREMLIN-DSL,O007-FREMLIN-V2-S244-SEG-244YD,1164,244Yd,244Yd,1376,1411,50003,50015,53532,53544,L^p(\mu_Y),L^p(\mu_Y),a9fb763552e329da7e27ee86951da9d0189cfef7f9ab117a8375df1369821078,a9fb763552e329da7e27ee86951da9d0189cfef7f9ab117a8375df1369821078,a9fb763552e329da7e27ee86951da9d0189cfef7f9ab117a8375df1369821078,$,,a9fb763552e329da7e27ee86951da9d0189cfef7f9ab117a8375df1369821078,a9fb763552e329da7e27ee86951da9d0189cfef7f9ab117a8375df1369821078,"{""basis"":""ordered nested-math atom; exact symbolic replay"",""kind"":""source-target-formula-map""}"
1.1.0,formula,O007-FREMLIN-V2-S244-FORMULA-1165,O007-FREMLIN-V2-S244,O007-RIGHTS-FREMLIN-DSL,O007-FREMLIN-V2-S244-SEG-244YD,1165,244Yd,244Yd,1376,1412,50026,50042,53558,53574,"p\in[1,\infty]","p\in[1,\infty]",7d8e33c2c22d2bb3bb84f57d68b03a758a2a11e30762f389926cb8f394cb8548,7d8e33c2c22d2bb3bb84f57d68b03a758a2a11e30762f389926cb8f394cb8548,7d8e33c2c22d2bb3bb84f57d68b03a758a2a11e30762f389926cb8f394cb8548,$,,7d8e33c2c22d2bb3bb84f57d68b03a758a2a11e30762f389926cb8f394cb8548,7d8e33c2c22d2bb3bb84f57d68b03a758a2a11e30762f389926cb8f394cb8548,"{""basis"":""ordered nested-math atom; exact symbolic replay"",""kind"":""source-target-formula-map""}"
1.1.0,formula,O007-FREMLIN-V2-S244-FORMULA-1166,O007-FREMLIN-V2-S244,O007-RIGHTS-FREMLIN-DSL,O007-FREMLIN-V2-S244-SEG-244YD,1166,244Yd,244Yd,1377,1412,50064,50083,53601,53620,"M^{1,\infty}(\mu)","M^{1,\infty}(\mu)",d06253f63013f79392973903a69ccb5728b7291c1f67bdee67ad7b4d5132ffb2,d06253f63013f79392973903a69ccb5728b7291c1f67bdee67ad7b4d5132ffb2,d06253f63013f79392973903a69ccb5728b7291c1f67bdee67ad7b4d5132ffb2,$,,d06253f63013f79392973903a69ccb5728b7291c1f67bdee67ad7b4d5132ffb2,d06253f63013f79392973903a69ccb5728b7291c1f67bdee67ad7b4d5132ffb2,"{""basis"":""ordered nested-math atom; exact symbolic replay"",""kind"":""source-target-formula-map""}"
1.1.0,formula,O007-FREMLIN-V2-S244-FORMULA-1167,O007-FREMLIN-V2-S244,O007-RIGHTS-FREMLIN-DSL,O007-FREMLIN-V2-S244-SEG-244YD,1167,244Yd,244Yd,1377,1413,50087,50108,53624,53645,"M^{1,\infty}(\mu_Y)","M^{1,\infty}(\mu_Y)",d6036f4a3d7f46f37de75417a7b287a5953744d6c1b26b65b3619406114fecd8,d6036f4a3d7f46f37de75417a7b287a5953744d6c1b26b65b3619406114fecd8,d6036f4a3d7f46f37de75417a7b287a5953744d6c1b26b65b3619406114fecd8,$,,d6036f4a3d7f46f37de75417a7b287a5953744d6c1b26b65b3619406114fecd8,d6036f4a3d7f46f37de75417a7b287a5953744d6c1b26b65b3619406114fecd8,"{""basis"":""ordered nested-math atom; exact symbolic replay"",""kind"":""source-target-formula-map""}"
1.1.0,formula,O007-FREMLIN-V2-S244-FORMULA-1168,O007-FREMLIN-V2-S244,O007-RIGHTS-FREMLIN-DSL,O007-FREMLIN-V2-S244-SEG-244YD,1168,244Yd,244Yd,1378,1413,50136,50146,53672,53682,\Cal T^+,\Cal T^+,4b79f371856e4187e5e41bae0ed5a1ebe688966af6cc343fca25b005e2053e1d,4b79f371856e4187e5e41bae0ed5a1ebe688966af6cc343fca25b005e2053e1d,14cf7ac30c01fafd96c8ee5976e97bd2f90cbe7caadba1f7b1922e1b0b8f9ee4,$,,14cf7ac30c01fafd96c8ee5976e97bd2f90cbe7caadba1f7b1922e1b0b8f9ee4,14cf7ac30c01fafd96c8ee5976e97bd2f90cbe7caadba1f7b1922e1b0b8f9ee4,"{""basis"":""ordered nested-math atom; exact symbolic replay"",""kind"":""source-target-formula-map""}"
1.1.0,formula,O007-FREMLIN-V2-S244-FORMULA-1169,O007-FREMLIN-V2-S244,O007-RIGHTS-FREMLIN-DSL,O007-FREMLIN-V2-S244-SEG-244YD,1169,244Yd,244Yd,1379,1415,50222,50244,53760,53782,"p\in\coint{1,\infty}","p\in\coint{1,\infty}",dfa09c103b52120a82f69753c8100756a9bbb79737abc89a78fe9c2ee6b86968,dfa09c103b52120a82f69753c8100756a9bbb79737abc89a78fe9c2ee6b86968,dfa09c103b52120a82f69753c8100756a9bbb79737abc89a78fe9c2ee6b86968,$,,dfa09c103b52120a82f69753c8100756a9bbb79737abc89a78fe9c2ee6b86968,dfa09c103b52120a82f69753c8100756a9bbb79737abc89a78fe9c2ee6b86968,"{""basis"":""ordered nested-math atom; exact symbolic replay"",""kind"":""source-target-formula-map""}"
1.1.0,formula,O007-FREMLIN-V2-S244-FORMULA-1170,O007-FREMLIN-V2-S244,O007-RIGHTS-FREMLIN-DSL,O007-FREMLIN-V2-S244-SEG-244YD,1170,244Yd,244Yd,1380,1415,50255,50273,53803,53821,T\restr L^p(\mu),T\restr L^p(\mu),e9272910c725a7505e85bc30b11db4c44da28fef118eb8f24ddf4b937c6c6524,e9272910c725a7505e85bc30b11db4c44da28fef118eb8f24ddf4b937c6c6524,6e21f3b1b2490732344f78e0b3b8f3aa58921b9550f160854cbd88e30b86b499,$,,6e21f3b1b2490732344f78e0b3b8f3aa58921b9550f160854cbd88e30b86b499,6e21f3b1b2490732344f78e0b3b8f3aa58921b9550f160854cbd88e30b86b499,"{""basis"":""ordered nested-math atom; exact symbolic replay"",""kind"":""source-target-formula-map""}"
1.1.0,formula,O007-FREMLIN-V2-S244-FORMULA-1171,O007-FREMLIN-V2-S244,O007-RIGHTS-FREMLIN-DSL,O007-FREMLIN-V2-S244-SEG-244YD,1171,244Yd,244Yd,1381,1416,50294,50320,53837,53863,T:L^p(\mu)\to L^p(\mu_Y),T:L^p(\mu)\to L^p(\mu_Y),e5feecc62c3c4a21c4756df3c93bbda0728154616d04d290b33d4f920943e9b2,e5feecc62c3c4a21c4756df3c93bbda0728154616d04d290b33d4f920943e9b2,6d5d83abae1ada5117a549e008ae7410d056de7d955ebab2db9aaa3e8b4fa1ec,$,,6d5d83abae1ada5117a549e008ae7410d056de7d955ebab2db9aaa3e8b4fa1ec,6d5d83abae1ada5117a549e008ae7410d056de7d955ebab2db9aaa3e8b4fa1ec,"{""basis"":""ordered nested-math atom; exact symbolic replay"",""kind"":""source-target-formula-map""}"
1.1.0,formula,O007-FREMLIN-V2-S244-FORMULA-1172,O007-FREMLIN-V2-S244,O007-RIGHTS-FREMLIN-DSL,O007-FREMLIN-V2-S244-SEG-244YD,1172,244Yd,244Yd,1382,1417,50350,50372,53898,53920,"p\in\coint{1,\infty}","p\in\coint{1,\infty}",dfa09c103b52120a82f69753c8100756a9bbb79737abc89a78fe9c2ee6b86968,dfa09c103b52120a82f69753c8100756a9bbb79737abc89a78fe9c2ee6b86968,dfa09c103b52120a82f69753c8100756a9bbb79737abc89a78fe9c2ee6b86968,$,,dfa09c103b52120a82f69753c8100756a9bbb79737abc89a78fe9c2ee6b86968,dfa09c103b52120a82f69753c8100756a9bbb79737abc89a78fe9c2ee6b86968,"{""basis"":""ordered nested-math atom; exact symbolic replay"",""kind"":""source-target-formula-map""}"
1.1.0,formula,O007-FREMLIN-V2-S244-FORMULA-1173,O007-FREMLIN-V2-S244,O007-RIGHTS-FREMLIN-DSL,O007-FREMLIN-V2-S244-SEG-244YD,1173,244Yd,244Yd,1383,1417,50383,50404,53928,53949,F\cap Y\ne\emptyset,F\cap Y\ne\emptyset,bcc274468cfea113e621caaca9f27407861ca89edccd775ccc34d4a687abb24b,bcc274468cfea113e621caaca9f27407861ca89edccd775ccc34d4a687abb24b,8e943aee38a784ac1a451d148a61294632857e3670ad89e76cf7d4ae110fc2cd,$,,8e943aee38a784ac1a451d148a61294632857e3670ad89e76cf7d4ae110fc2cd,8e943aee38a784ac1a451d148a61294632857e3670ad89e76cf7d4ae110fc2cd,"{""basis"":""ordered nested-math atom; exact symbolic replay"",""kind"":""source-target-formula-map""}"
1.1.0,formula,O007-FREMLIN-V2-S244-FORMULA-1174,O007-FREMLIN-V2-S244,O007-RIGHTS-FREMLIN-DSL,O007-FREMLIN-V2-S244-SEG-244YD,1174,244Yd,244Yd,1383,1418,50414,50426,53962,53974,F\in\Sigma,F\in\Sigma,65b127545966720002875b7921f02a35d214624fcf61cbaceb81857933de3616,65b127545966720002875b7921f02a35d214624fcf61cbaceb81857933de3616,65b127545966720002875b7921f02a35d214624fcf61cbaceb81857933de3616,$,,65b127545966720002875b7921f02a35d214624fcf61cbaceb81857933de3616,65b127545966720002875b7921f02a35d214624fcf61cbaceb81857933de3616,"{""basis"":""ordered nested-math atom; exact symbolic replay"",""kind"":""source-target-formula-map""}"
1.1.0,formula,O007-FREMLIN-V2-S244-FORMULA-1175,O007-FREMLIN-V2-S244,O007-RIGHTS-FREMLIN-DSL,O007-FREMLIN-V2-S244-SEG-244YD,1175,244Yd,244Yd,1383,1418,50431,50447,53979,53995,0<\mu F<\infty,0<\mu F<\infty,7be6730a367a3c872905d4a72090276e30e64a4ae4efb7636c49cde8c24bd630,7be6730a367a3c872905d4a72090276e30e64a4ae4efb7636c49cde8c24bd630,9653c345a79c7688528efe25c47839b820541a7b6f4b0e5c92fdd460f1995b7e,$,,9653c345a79c7688528efe25c47839b820541a7b6f4b0e5c92fdd460f1995b7e,9653c345a79c7688528efe25c47839b820541a7b6f4b0e5c92fdd460f1995b7e,"{""basis"":""ordered nested-math atom; exact symbolic replay"",""kind"":""source-target-formula-map""}"
1.1.0,formula,O007-FREMLIN-V2-S244-FORMULA-1176,O007-FREMLIN-V2-S244,O007-RIGHTS-FREMLIN-DSL,O007-FREMLIN-V2-S244-SEG-244YE,1176,244Ye,244Ye,1387,1422,50499,50515,54051,54067,"(X,\Sigma,\mu)","(X,\Sigma,\mu)",05e9b769403b4c7926a944d5aaa03f00bb216412bc3f850e41b3c28de657aa67,05e9b769403b4c7926a944d5aaa03f00bb216412bc3f850e41b3c28de657aa67,05e9b769403b4c7926a944d5aaa03f00bb216412bc3f850e41b3c28de657aa67,$,,05e9b769403b4c7926a944d5aaa03f00bb216412bc3f850e41b3c28de657aa67,05e9b769403b4c7926a944d5aaa03f00bb216412bc3f850e41b3c28de657aa67,"{""basis"":""ordered nested-math atom; exact symbolic replay"",""kind"":""source-target-formula-map""}"
1.1.0,formula,O007-FREMLIN-V2-S244-FORMULA-1177,O007-FREMLIN-V2-S244,O007-RIGHTS-FREMLIN-DSL,O007-FREMLIN-V2-S244-SEG-244YE,1177,244Ye,244Ye,1388,1423,50542,50564,54093,54115,"p\in\coint{1,\infty}","p\in\coint{1,\infty}",dfa09c103b52120a82f69753c8100756a9bbb79737abc89a78fe9c2ee6b86968,dfa09c103b52120a82f69753c8100756a9bbb79737abc89a78fe9c2ee6b86968,dfa09c103b52120a82f69753c8100756a9bbb79737abc89a78fe9c2ee6b86968,$,,dfa09c103b52120a82f69753c8100756a9bbb79737abc89a78fe9c2ee6b86968,dfa09c103b52120a82f69753c8100756a9bbb79737abc89a78fe9c2ee6b86968,"{""basis"":""ordered nested-math atom; exact symbolic replay"",""kind"":""source-target-formula-map""}"
1.1.0,formula,O007-FREMLIN-V2-S244-FORMULA-1178,O007-FREMLIN-V2-S244,O007-RIGHTS-FREMLIN-DSL,O007-FREMLIN-V2-S244-SEG-244YE,1178,244Ye,244Ye,1388,1423,50587,50597,54139,54149,"\|\,\|_p","\|\,\|_p",c8fa669e940d4d6ba37ec24bdc68193ad46c15f02e32977a6dce74241dc029f4,c8fa669e940d4d6ba37ec24bdc68193ad46c15f02e32977a6dce74241dc029f4,c8fa669e940d4d6ba37ec24bdc68193ad46c15f02e32977a6dce74241dc029f4,$,,c8fa669e940d4d6ba37ec24bdc68193ad46c15f02e32977a6dce74241dc029f4,c8fa669e940d4d6ba37ec24bdc68193ad46c15f02e32977a6dce74241dc029f4,"{""basis"":""ordered nested-math atom; exact symbolic replay"",""kind"":""source-target-formula-map""}"
1.1.0,formula,O007-FREMLIN-V2-S244-FORMULA-1179,O007-FREMLIN-V2-S244,O007-RIGHTS-FREMLIN-DSL,O007-FREMLIN-V2-S244-SEG-244YE,1179,244Ye,244Ye,1388,1424,50601,50611,54155,54165,L^p(\mu),L^p(\mu),d849a4c2e7df7f9d2bf5ba90896603d57e64c2548b570a54255b228bda9421c7,d849a4c2e7df7f9d2bf5ba90896603d57e64c2548b570a54255b228bda9421c7,d849a4c2e7df7f9d2bf5ba90896603d57e64c2548b570a54255b228bda9421c7,$,,d849a4c2e7df7f9d2bf5ba90896603d57e64c2548b570a54255b228bda9421c7,d849a4c2e7df7f9d2bf5ba90896603d57e64c2548b570a54255b228bda9421c7,"{""basis"":""ordered nested-math atom; exact symbolic replay"",""kind"":""source-target-formula-map""}"
1.1.0,formula,O007-FREMLIN-V2-S244-FORMULA-1180,O007-FREMLIN-V2-S244,O007-RIGHTS-FREMLIN-DSL,O007-FREMLIN-V2-S244-SEG-244YF,1180,244Yf,244Yf,1393,1428,50705,50721,54253,54269,"(X,\Sigma,\mu)","(X,\Sigma,\mu)",05e9b769403b4c7926a944d5aaa03f00bb216412bc3f850e41b3c28de657aa67,05e9b769403b4c7926a944d5aaa03f00bb216412bc3f850e41b3c28de657aa67,05e9b769403b4c7926a944d5aaa03f00bb216412bc3f850e41b3c28de657aa67,$,,05e9b769403b4c7926a944d5aaa03f00bb216412bc3f850e41b3c28de657aa67,05e9b769403b4c7926a944d5aaa03f00bb216412bc3f850e41b3c28de657aa67,"{""basis"":""ordered nested-math atom; exact symbolic replay"",""kind"":""source-target-formula-map""}"
1.1.0,formula,O007-FREMLIN-V2-S244-FORMULA-1181,O007-FREMLIN-V2-S244,O007-RIGHTS-FREMLIN-DSL,O007-FREMLIN-V2-S244-SEG-244YF,1181,244Yf,244Yf,1394,1428,50748,50764,54295,54311,"p\in[1,\infty]","p\in[1,\infty]",7d8e33c2c22d2bb3bb84f57d68b03a758a2a11e30762f389926cb8f394cb8548,7d8e33c2c22d2bb3bb84f57d68b03a758a2a11e30762f389926cb8f394cb8548,7d8e33c2c22d2bb3bb84f57d68b03a758a2a11e30762f389926cb8f394cb8548,$,,7d8e33c2c22d2bb3bb84f57d68b03a758a2a11e30762f389926cb8f394cb8548,7d8e33c2c22d2bb3bb84f57d68b03a758a2a11e30762f389926cb8f394cb8548,"{""basis"":""ordered nested-math atom; exact symbolic replay"",""kind"":""source-target-formula-map""}"
1.1.0,formula,O007-FREMLIN-V2-S244-FORMULA-1182,O007-FREMLIN-V2-S244,O007-RIGHTS-FREMLIN-DSL,O007-FREMLIN-V2-S244-SEG-244YF,1182,244Yf,244Yf,1394,1429,50781,50802,54334,54355,A\subseteq L^p(\mu),A\subseteq L^p(\mu),f8bc00f9747472bdb0b98a8b9e0ef379da006ce2c10a7f2447ea33ab345a733a,f8bc00f9747472bdb0b98a8b9e0ef379da006ce2c10a7f2447ea33ab345a733a,e5080d16d19becd550c3fdc937386220a2697d865c7757901a6e01f4ef33bc85,$,,e5080d16d19becd550c3fdc937386220a2697d865c7757901a6e01f4ef33bc85,e5080d16d19becd550c3fdc937386220a2697d865c7757901a6e01f4ef33bc85,"{""basis"":""ordered nested-math atom; exact symbolic replay"",""kind"":""source-target-formula-map""}"
1.1.0,formula,O007-FREMLIN-V2-S244-FORMULA-1183,O007-FREMLIN-V2-S244,O007-RIGHTS-FREMLIN-DSL,O007-FREMLIN-V2-S244-SEG-244YG,1183,244Yg,244Yg,1400,1434,50931,50947,54496,54512,"(X,\Sigma,\mu)","(X,\Sigma,\mu)",05e9b769403b4c7926a944d5aaa03f00bb216412bc3f850e41b3c28de657aa67,05e9b769403b4c7926a944d5aaa03f00bb216412bc3f850e41b3c28de657aa67,05e9b769403b4c7926a944d5aaa03f00bb216412bc3f850e41b3c28de657aa67,$,,05e9b769403b4c7926a944d5aaa03f00bb216412bc3f850e41b3c28de657aa67,05e9b769403b4c7926a944d5aaa03f00bb216412bc3f850e41b3c28de657aa67,"{""basis"":""ordered nested-math atom; exact symbolic replay"",""kind"":""source-target-formula-map""}"
1.1.0,formula,O007-FREMLIN-V2-S244-FORMULA-1184,O007-FREMLIN-V2-S244,O007-RIGHTS-FREMLIN-DSL,O007-FREMLIN-V2-S244-SEG-244YG,1184,244Yg,244Yg,1401,1434,50974,50990,54538,54554,"p\in[1,\infty]","p\in[1,\infty]",7d8e33c2c22d2bb3bb84f57d68b03a758a2a11e30762f389926cb8f394cb8548,7d8e33c2c22d2bb3bb84f57d68b03a758a2a11e30762f389926cb8f394cb8548,7d8e33c2c22d2bb3bb84f57d68b03a758a2a11e30762f389926cb8f394cb8548,$,,7d8e33c2c22d2bb3bb84f57d68b03a758a2a11e30762f389926cb8f394cb8548,7d8e33c2c22d2bb3bb84f57d68b03a758a2a11e30762f389926cb8f394cb8548,"{""basis"":""ordered nested-math atom; exact symbolic replay"",""kind"":""source-target-formula-map""}"
1.1.0,formula,O007-FREMLIN-V2-S244-FORMULA-1185,O007-FREMLIN-V2-S244,O007-RIGHTS-FREMLIN-DSL,O007-FREMLIN-V2-S244-SEG-244YG,1185,244Yg,244Yg,1401,1435,51023,51044,54603,54624,A\subseteq L^p(\mu),A\subseteq L^p(\mu),f8bc00f9747472bdb0b98a8b9e0ef379da006ce2c10a7f2447ea33ab345a733a,f8bc00f9747472bdb0b98a8b9e0ef379da006ce2c10a7f2447ea33ab345a733a,e5080d16d19becd550c3fdc937386220a2697d865c7757901a6e01f4ef33bc85,$,,e5080d16d19becd550c3fdc937386220a2697d865c7757901a6e01f4ef33bc85,e5080d16d19becd550c3fdc937386220a2697d865c7757901a6e01f4ef33bc85,"{""basis"":""ordered nested-math atom; exact symbolic replay"",""kind"":""source-target-formula-map""}"
1.1.0,formula,O007-FREMLIN-V2-S244-FORMULA-1186,O007-FREMLIN-V2-S244,O007-RIGHTS-FREMLIN-DSL,O007-FREMLIN-V2-S244-SEG-244YG,1186,244Yg,244Yg,1402,1436,51087,51097,54670,54680,L^p(\mu),L^p(\mu),d849a4c2e7df7f9d2bf5ba90896603d57e64c2548b570a54255b228bda9421c7,d849a4c2e7df7f9d2bf5ba90896603d57e64c2548b570a54255b228bda9421c7,d849a4c2e7df7f9d2bf5ba90896603d57e64c2548b570a54255b228bda9421c7,$,,d849a4c2e7df7f9d2bf5ba90896603d57e64c2548b570a54255b228bda9421c7,d849a4c2e7df7f9d2bf5ba90896603d57e64c2548b570a54255b228bda9421c7,"{""basis"":""ordered nested-math atom; exact symbolic replay"",""kind"":""source-target-formula-map""}"
1.1.0,formula,O007-FREMLIN-V2-S244-FORMULA-1187,O007-FREMLIN-V2-S244,O007-RIGHTS-FREMLIN-DSL,O007-FREMLIN-V2-S244-SEG-244YG,1187,244Yg,244Yg,1403,1437,51104,51141,54687,54724,\|\sup A\|_p\le\sup_{u\in A}\|u\|_p,\|\sup A\|_p\le\sup_{u\in A}\|u\|_p,9c0e943e4836b7e9ea84a67d3ba307c0ebe3560524046e9ef32c2cd510dcd707,9c0e943e4836b7e9ea84a67d3ba307c0ebe3560524046e9ef32c2cd510dcd707,e5fa15cbcf5559fe324cdd18bbca8f4e9b795f80170e7e75f2eaccb96b6ad427,$,,e5fa15cbcf5559fe324cdd18bbca8f4e9b795f80170e7e75f2eaccb96b6ad427,e5fa15cbcf5559fe324cdd18bbca8f4e9b795f80170e7e75f2eaccb96b6ad427,"{""basis"":""ordered nested-math atom; exact symbolic replay"",""kind"":""source-target-formula-map""}"
1.1.0,formula,O007-FREMLIN-V2-S244-FORMULA-1188,O007-FREMLIN-V2-S244,O007-RIGHTS-FREMLIN-DSL,O007-FREMLIN-V2-S244-SEG-244YG,1188,244Yg,244Yg,1404,1438,51175,51183,54761,54769,0\in A,0\in A,d59042de14c0c461ab2146690d9a696b9f253f60f315889291a45f8512b72b70,d59042de14c0c461ab2146690d9a696b9f253f60f315889291a45f8512b72b70,2c1071fb00c501edd75de2b7811d53b8fa6f42db5d656580b3b531c764e3b44a,$,,2c1071fb00c501edd75de2b7811d53b8fa6f42db5d656580b3b531c764e3b44a,2c1071fb00c501edd75de2b7811d53b8fa6f42db5d656580b3b531c764e3b44a,"{""basis"":""ordered nested-math atom; exact symbolic replay"",""kind"":""source-target-formula-map""}"
1.1.0,formula,O007-FREMLIN-V2-S244-FORMULA-1189,O007-FREMLIN-V2-S244,O007-RIGHTS-FREMLIN-DSL,O007-FREMLIN-V2-S244-SEG-244YH,1189,244Yh,244Yh,1408,1442,51236,51252,54826,54842,"(X,\Sigma,\mu)","(X,\Sigma,\mu)",05e9b769403b4c7926a944d5aaa03f00bb216412bc3f850e41b3c28de657aa67,05e9b769403b4c7926a944d5aaa03f00bb216412bc3f850e41b3c28de657aa67,05e9b769403b4c7926a944d5aaa03f00bb216412bc3f850e41b3c28de657aa67,$,,05e9b769403b4c7926a944d5aaa03f00bb216412bc3f850e41b3c28de657aa67,05e9b769403b4c7926a944d5aaa03f00bb216412bc3f850e41b3c28de657aa67,"{""basis"":""ordered nested-math atom; exact symbolic replay"",""kind"":""source-target-formula-map""}"
1.1.0,formula,O007-FREMLIN-V2-S244-FORMULA-1190,O007-FREMLIN-V2-S244,O007-RIGHTS-FREMLIN-DSL,O007-FREMLIN-V2-S244-SEG-244YH,1190,244Yh,244Yh,1409,1442,51276,51291,54864,54879,u\in L^0(\mu),u\in L^0(\mu),f7714587c3a64a1630fc54e525bc47e5b2a7ecab5e0c0b262cef4f79dac1e4a7,f7714587c3a64a1630fc54e525bc47e5b2a7ecab5e0c0b262cef4f79dac1e4a7,d26a270015c1e959b485781df810d41a4e2bd705bbad4b6467d3d4d97c1191c9,$,,d26a270015c1e959b485781df810d41a4e2bd705bbad4b6467d3d4d97c1191c9,d26a270015c1e959b485781df810d41a4e2bd705bbad4b6467d3d4d97c1191c9,"{""basis"":""ordered nested-math atom; exact symbolic replay"",""kind"":""source-target-formula-map""}"
1.1.0,formula,O007-FREMLIN-V2-S244-FORMULA-1191,O007-FREMLIN-V2-S244,O007-RIGHTS-FREMLIN-DSL,O007-FREMLIN-V2-S244-SEG-244YH,1191,244Yh,244Yh,1410,1444,51309,51355,54901,54947,"I=\{p:p\in\coint{1,\infty},\,u\in L^p(\mu)\}","I=\{p:p\in\coint{1,\infty},\,u\in L^p(\mu)\}",050436a2e38bb5387203bc5ef920fe4ec0b1889e97ea88c3bf02165b4e7d5523,050436a2e38bb5387203bc5ef920fe4ec0b1889e97ea88c3bf02165b4e7d5523,3891691b52709c66fabc4899fa15d714261a8fcadcd9a4ee797a39f836d877a1,$,,3891691b52709c66fabc4899fa15d714261a8fcadcd9a4ee797a39f836d877a1,3891691b52709c66fabc4899fa15d714261a8fcadcd9a4ee797a39f836d877a1,"{""basis"":""ordered nested-math atom; exact symbolic replay"",""kind"":""source-target-formula-map""}"
1.1.0,formula,O007-FREMLIN-V2-S244-FORMULA-1192,O007-FREMLIN-V2-S244,O007-RIGHTS-FREMLIN-DSL,O007-FREMLIN-V2-S244-SEG-244YH,1192,244Yh,244Yh,1412,1447,51455,51488,55095,55128,p\mapsto p\ln\|u\|_p:I\to\Bbb R,p\mapsto p\ln\|u\|_p:I\to\Bbb R,a636cbb35534d76d7d33ac384bebbb9d062fbe6084b53e0936b038b6cc7fc26f,a636cbb35534d76d7d33ac384bebbb9d062fbe6084b53e0936b038b6cc7fc26f,35bc2f23dfd27aea7a2ca31ed98ed46ebad19344e5288490fad09a8eaa227d66,$,,35bc2f23dfd27aea7a2ca31ed98ed46ebad19344e5288490fad09a8eaa227d66,35bc2f23dfd27aea7a2ca31ed98ed46ebad19344e5288490fad09a8eaa227d66,"{""basis"":""ordered nested-math atom; exact symbolic replay"",""kind"":""source-target-formula-map""}"
1.1.0,formula,O007-FREMLIN-V2-S244-FORMULA-1193,O007-FREMLIN-V2-S244,O007-RIGHTS-FREMLIN-DSL,O007-FREMLIN-V2-S244-SEG-244YH,1193,244Yh,244Yh,1413,1447,51509,51514,55149,55154,p<q,p<q,bcb1602782d7b9d4dca164403f31763193f67c0b25b3ceb1ec2549fd341f7047,bcb1602782d7b9d4dca164403f31763193f67c0b25b3ceb1ec2549fd341f7047,bcb1602782d7b9d4dca164403f31763193f67c0b25b3ceb1ec2549fd341f7047,$,,bcb1602782d7b9d4dca164403f31763193f67c0b25b3ceb1ec2549fd341f7047,bcb1602782d7b9d4dca164403f31763193f67c0b25b3ceb1ec2549fd341f7047,"{""basis"":""ordered nested-math atom; exact symbolic replay"",""kind"":""source-target-formula-map""}"
1.1.0,formula,O007-FREMLIN-V2-S244-FORMULA-1194,O007-FREMLIN-V2-S244,O007-RIGHTS-FREMLIN-DSL,O007-FREMLIN-V2-S244-SEG-244YH,1194,244Yh,244Yh,1413,1448,51519,51536,55159,55176,"t\in\ooint{0,1}","t\in\ooint{0,1}",f8b1af7a74d4f6f9a5e27c1fd166a9cfa31aa69153af013c3a31310f7e126fbf,f8b1af7a74d4f6f9a5e27c1fd166a9cfa31aa69153af013c3a31310f7e126fbf,f8b1af7a74d4f6f9a5e27c1fd166a9cfa31aa69153af013c3a31310f7e126fbf,$,,f8b1af7a74d4f6f9a5e27c1fd166a9cfa31aa69153af013c3a31310f7e126fbf,f8b1af7a74d4f6f9a5e27c1fd166a9cfa31aa69153af013c3a31310f7e126fbf,"{""basis"":""ordered nested-math atom; exact symbolic replay"",""kind"":""source-target-formula-map""}"
1.1.0,formula,O007-FREMLIN-V2-S244-FORMULA-1195,O007-FREMLIN-V2-S244,O007-RIGHTS-FREMLIN-DSL,O007-FREMLIN-V2-S244-SEG-244YH,1195,244Yh,244Yh,1414,1449,51551,51619,55195,55263,\int|u|^{tp+(1-t)q}\le\||u|^{pt}\|_{1/t}\||u|^{q(1-t)}\|_{1/(1-t)},\int|u|^{tp+(1-t)q}\le\||u|^{pt}\|_{1/t}\||u|^{q(1-t)}\|_{1/(1-t)},c208a2331399d99de81c586282086425d8ace68126997fb53a06ead7d922ccaf,c208a2331399d99de81c586282086425d8ace68126997fb53a06ead7d922ccaf,c208a2331399d99de81c586282086425d8ace68126997fb53a06ead7d922ccaf,$,,c208a2331399d99de81c586282086425d8ace68126997fb53a06ead7d922ccaf,c208a2331399d99de81c586282086425d8ace68126997fb53a06ead7d922ccaf,"{""basis"":""ordered nested-math atom; exact symbolic replay"",""kind"":""source-target-formula-map""}"
1.1.0,formula,O007-FREMLIN-V2-S244-FORMULA-1196,O007-FREMLIN-V2-S244,O007-RIGHTS-FREMLIN-DSL,O007-FREMLIN-V2-S244-SEG-244YH,1196,244Yh,244Yh,1415,1450,51641,51654,55293,55306,p\le q\le r,p\le q\le r,336226bca24218c7ebf214497797e96c485aef62840118f779a85e5ef9752a61,336226bca24218c7ebf214497797e96c485aef62840118f779a85e5ef9752a61,fbdb3e088ef8f6b64ffe132f6aedd9b098dd1e19321d0f5ce20c1ff104f05de7,$,,fbdb3e088ef8f6b64ffe132f6aedd9b098dd1e19321d0f5ce20c1ff104f05de7,fbdb3e088ef8f6b64ffe132f6aedd9b098dd1e19321d0f5ce20c1ff104f05de7,"{""basis"":""ordered nested-math atom; exact symbolic replay"",""kind"":""source-target-formula-map""}"
1.1.0,formula,O007-FREMLIN-V2-S244-FORMULA-1197,O007-FREMLIN-V2-S244,O007-RIGHTS-FREMLIN-DSL,O007-FREMLIN-V2-S244-SEG-244YH,1197,244Yh,244Yh,1415,1450,51658,51661,55313,55316,I,I,a83dd0ccbffe39d071cc317ddf6e97f5c6b1c87af91919271f9fa140b0508c6c,a83dd0ccbffe39d071cc317ddf6e97f5c6b1c87af91919271f9fa140b0508c6c,a83dd0ccbffe39d071cc317ddf6e97f5c6b1c87af91919271f9fa140b0508c6c,$,,a83dd0ccbffe39d071cc317ddf6e97f5c6b1c87af91919271f9fa140b0508c6c,a83dd0ccbffe39d071cc317ddf6e97f5c6b1c87af91919271f9fa140b0508c6c,"{""basis"":""ordered nested-math atom; exact symbolic replay"",""kind"":""source-target-formula-map""}"
1.1.0,formula,O007-FREMLIN-V2-S244-FORMULA-1198,O007-FREMLIN-V2-S244,O007-RIGHTS-FREMLIN-DSL,O007-FREMLIN-V2-S244-SEG-244YH,1198,244Yh,244Yh,1416,1451,51668,51701,55323,55356,"\|u\|_q\le\max(\|u\|_p,\|u\|_r)","\|u\|_q\le\max(\|u\|_p,\|u\|_r)",a46790572d3a4dd7df55df73e61bc3323e0f3d9538dcfcbda2713ea141284b24,a46790572d3a4dd7df55df73e61bc3323e0f3d9538dcfcbda2713ea141284b24,a46790572d3a4dd7df55df73e61bc3323e0f3d9538dcfcbda2713ea141284b24,$,,a46790572d3a4dd7df55df73e61bc3323e0f3d9538dcfcbda2713ea141284b24,a46790572d3a4dd7df55df73e61bc3323e0f3d9538dcfcbda2713ea141284b24,"{""basis"":""ordered nested-math atom; exact symbolic replay"",""kind"":""source-target-formula-map""}"
1.1.0,formula,O007-FREMLIN-V2-S244-FORMULA-1199,O007-FREMLIN-V2-S244,O007-RIGHTS-FREMLIN-DSL,O007-FREMLIN-V2-S244-SEG-244YI,1199,244Yi,244Yi,1420,1455,51762,51769,55421,55428,"[a,b]","[a,b]",c487989b0b629aea171018db737fb06843ac124c02828a0d3639596c70713937,c487989b0b629aea171018db737fb06843ac124c02828a0d3639596c70713937,c487989b0b629aea171018db737fb06843ac124c02828a0d3639596c70713937,$,,c487989b0b629aea171018db737fb06843ac124c02828a0d3639596c70713937,c487989b0b629aea171018db737fb06843ac124c02828a0d3639596c70713937,"{""basis"":""ordered nested-math atom; exact symbolic replay"",""kind"":""source-target-formula-map""}"
1.1.0,formula,O007-FREMLIN-V2-S244-FORMULA-1200,O007-FREMLIN-V2-S244,O007-RIGHTS-FREMLIN-DSL,O007-FREMLIN-V2-S244-SEG-244YI,1200,244Yi,244Yi,1420,1455,51806,51814,55471,55479,\Bbb R,\Bbb R,f9d62b077eddf72778fc05527c5aa4d2352f16a46a94808294fdc2cb7e406580,f9d62b077eddf72778fc05527c5aa4d2352f16a46a94808294fdc2cb7e406580,22316cdc991b42844c0fcdb72f227b6d4c0e8457a736e325af2845b7b3df7f6c,$,,22316cdc991b42844c0fcdb72f227b6d4c0e8457a736e325af2845b7b3df7f6c,22316cdc991b42844c0fcdb72f227b6d4c0e8457a736e325af2845b7b3df7f6c,"{""basis"":""ordered nested-math atom; exact symbolic replay"",""kind"":""source-target-formula-map""}"
1.1.0,formula,O007-FREMLIN-V2-S244-FORMULA-1201,O007-FREMLIN-V2-S244,O007-RIGHTS-FREMLIN-DSL,O007-FREMLIN-V2-S244-SEG-244YI,1201,244Yi,244Yi,1421,1456,51819,51837,55484,55502,"F:[a,b]\to\Bbb R","F:[a,b]\to\Bbb R",a35524c63770e1c92fd8768aa949d63ed0215f220a80d8263d3c1ce65c197f45,a35524c63770e1c92fd8768aa949d63ed0215f220a80d8263d3c1ce65c197f45,577bbc0d817fb2cf2f77f407b237361c3578e9bf673bb788b29b4297bfc11661,$,,577bbc0d817fb2cf2f77f407b237361c3578e9bf673bb788b29b4297bfc11661,577bbc0d817fb2cf2f77f407b237361c3578e9bf673bb788b29b4297bfc11661,"{""basis"":""ordered nested-math atom; exact symbolic replay"",""kind"":""source-target-formula-map""}"
1.1.0,formula,O007-FREMLIN-V2-S244-FORMULA-1202,O007-FREMLIN-V2-S244,O007-RIGHTS-FREMLIN-DSL,O007-FREMLIN-V2-S244-SEG-244YI,1202,244Yi,244Yi,1421,1456,51856,51878,55523,55545,"p\in\ooint{1,\infty}","p\in\ooint{1,\infty}",b26ec130e99a291da75f46354a0a86a5b604537ec8e83ade5c90b74f8a59770e,b26ec130e99a291da75f46354a0a86a5b604537ec8e83ade5c90b74f8a59770e,b26ec130e99a291da75f46354a0a86a5b604537ec8e83ade5c90b74f8a59770e,$,,b26ec130e99a291da75f46354a0a86a5b604537ec8e83ade5c90b74f8a59770e,b26ec130e99a291da75f46354a0a86a5b604537ec8e83ade5c90b74f8a59770e,"{""basis"":""ordered nested-math atom; exact symbolic replay"",""kind"":""source-target-formula-map""}"
1.1.0,formula,O007-FREMLIN-V2-S244-FORMULA-1203,O007-FREMLIN-V2-S244,O007-RIGHTS-FREMLIN-DSL,O007-FREMLIN-V2-S244-SEG-244YI,1203,244Yi,244Yi,1422,1457,51931,51934,55597,55600,F,F,f67ab10ad4e4c53121b6a5fe4da9c10ddee905b978d3788d2723d7bfacbe28a9,f67ab10ad4e4c53121b6a5fe4da9c10ddee905b978d3788d2723d7bfacbe28a9,f67ab10ad4e4c53121b6a5fe4da9c10ddee905b978d3788d2723d7bfacbe28a9,$,,f67ab10ad4e4c53121b6a5fe4da9c10ddee905b978d3788d2723d7bfacbe28a9,f67ab10ad4e4c53121b6a5fe4da9c10ddee905b978d3788d2723d7bfacbe28a9,"{""basis"":""ordered nested-math atom; exact symbolic replay"",""kind"":""source-target-formula-map""}"
1.1.0,formula,O007-FREMLIN-V2-S244-FORMULA-1204,O007-FREMLIN-V2-S244,O007-RIGHTS-FREMLIN-DSL,O007-FREMLIN-V2-S244-SEG-244YI,1204,244Yi,244Yi,1423,1458,51979,51983,55631,55635,F',F',079c3e1846c8a9e9208db36c592ced51ffdeee3221a9fca40b5a635f85dd762e,079c3e1846c8a9e9208db36c592ced51ffdeee3221a9fca40b5a635f85dd762e,079c3e1846c8a9e9208db36c592ced51ffdeee3221a9fca40b5a635f85dd762e,$,,079c3e1846c8a9e9208db36c592ced51ffdeee3221a9fca40b5a635f85dd762e,079c3e1846c8a9e9208db36c592ced51ffdeee3221a9fca40b5a635f85dd762e,"{""basis"":""ordered nested-math atom; exact symbolic replay"",""kind"":""source-target-formula-map""}"
1.1.0,formula,O007-FREMLIN-V2-S244-FORMULA-1205,O007-FREMLIN-V2-S244,O007-RIGHTS-FREMLIN-DSL,O007-FREMLIN-V2-S244-SEG-244YI,1205,244Yi,244Yi,1423,1458,51995,52011,55651,55667,\eusm L^p(\mu),\eusm L^p(\mu),a8345d1a9579cc8577d40748acfbe688e0a758984af8ece372c38eb6b8348fab,a8345d1a9579cc8577d40748acfbe688e0a758984af8ece372c38eb6b8348fab,2970e2a3da8993d42f0105a0415641b66bd57382fb2cb6941e84bb08875ef094,$,,2970e2a3da8993d42f0105a0415641b66bd57382fb2cb6941e84bb08875ef094,2970e2a3da8993d42f0105a0415641b66bd57382fb2cb6941e84bb08875ef094,"{""basis"":""ordered nested-math atom; exact symbolic replay"",""kind"":""source-target-formula-map""}"
1.1.0,formula,O007-FREMLIN-V2-S244-FORMULA-1206,O007-FREMLIN-V2-S244,O007-RIGHTS-FREMLIN-DSL,O007-FREMLIN-V2-S244-SEG-244YI,1206,244Yi,244Yi,1423,1458,52019,52024,55676,55681,\mu,\mu,492247e1bab15272d1e53b8015c042bf6fa0cb8f23ec52cad93d6ba80dafb804,492247e1bab15272d1e53b8015c042bf6fa0cb8f23ec52cad93d6ba80dafb804,492247e1bab15272d1e53b8015c042bf6fa0cb8f23ec52cad93d6ba80dafb804,$,,492247e1bab15272d1e53b8015c042bf6fa0cb8f23ec52cad93d6ba80dafb804,492247e1bab15272d1e53b8015c042bf6fa0cb8f23ec52cad93d6ba80dafb804,"{""basis"":""ordered nested-math atom; exact symbolic replay"",""kind"":""source-target-formula-map""}"
1.1.0,formula,O007-FREMLIN-V2-S244-FORMULA-1207,O007-FREMLIN-V2-S244,O007-RIGHTS-FREMLIN-DSL,O007-FREMLIN-V2-S244-SEG-244YI,1207,244Yi,244Yi,1424,1459,52048,52055,55703,55710,"[a,b]","[a,b]",c487989b0b629aea171018db737fb06843ac124c02828a0d3639596c70713937,c487989b0b629aea171018db737fb06843ac124c02828a0d3639596c70713937,c487989b0b629aea171018db737fb06843ac124c02828a0d3639596c70713937,$,,c487989b0b629aea171018db737fb06843ac124c02828a0d3639596c70713937,c487989b0b629aea171018db737fb06843ac124c02828a0d3639596c70713937,"{""basis"":""ordered nested-math atom; exact symbolic replay"",""kind"":""source-target-formula-map""}"
1.1.0,formula,O007-FREMLIN-V2-S244-FORMULA-1208,O007-FREMLIN-V2-S244,O007-RIGHTS-FREMLIN-DSL,O007-FREMLIN-V2-S244-SEG-244YI,1208,244Yi,244Yi,1426,1461,52075,52179,55729,55833,"c=\sup\{\sum_{i=1}^n\Bover{|F(a_i)-F(a_{i-1})|^p}
{(a_i-a_{i-1})^{p-1}}:a\le a_0<a_1<\ldots<a_n\le b\}","c=\sup\{\sum_{i=1}^n\Bover{|F(a_i)-F(a_{i-1})|^p}
{(a_i-a_{i-1})^{p-1}}:a\le a_0<a_1<\ldots<a_n\le b\}",e1ea9e59ba4d7249eb4018ba2675c1aecd0cb09d45c901cbebcae98e7e28182d,e1ea9e59ba4d7249eb4018ba2675c1aecd0cb09d45c901cbebcae98e7e28182d,d21fce5a558050094cc2f54b1d03e43cdc767298d58f5a905b794aa336d93c8a,$,,d21fce5a558050094cc2f54b1d03e43cdc767298d58f5a905b794aa336d93c8a,d21fce5a558050094cc2f54b1d03e43cdc767298d58f5a905b794aa336d93c8a,"{""basis"":""ordered nested-math atom; exact symbolic replay"",""kind"":""source-target-formula-map""}"
1.1.0,formula,O007-FREMLIN-V2-S244-FORMULA-1209,O007-FREMLIN-V2-S244,O007-RIGHTS-FREMLIN-DSL,O007-FREMLIN-V2-S244-SEG-244YI,1209,244Yi,244Yi,1429,1464,52225,52237,55881,55893,c=\|F'\|_p,c=\|F'\|_p,6b77c67278e541f157561412753498e3cf8e3169d9348a799ebd23206f9eb856,6b77c67278e541f157561412753498e3cf8e3169d9348a799ebd23206f9eb856,6b77c67278e541f157561412753498e3cf8e3169d9348a799ebd23206f9eb856,$,,6b77c67278e541f157561412753498e3cf8e3169d9348a799ebd23206f9eb856,6b77c67278e541f157561412753498e3cf8e3169d9348a799ebd23206f9eb856,"{""basis"":""ordered nested-math atom; exact symbolic replay"",""kind"":""source-target-formula-map""}"
1.1.0,formula,O007-FREMLIN-V2-S244-FORMULA-1210,O007-FREMLIN-V2-S244,O007-RIGHTS-FREMLIN-DSL,O007-FREMLIN-V2-S244-SEG-244YI,1210,244Yi,244Yi,1430,1465,52254,52257,55910,55913,F,F,f67ab10ad4e4c53121b6a5fe4da9c10ddee905b978d3788d2723d7bfacbe28a9,f67ab10ad4e4c53121b6a5fe4da9c10ddee905b978d3788d2723d7bfacbe28a9,f67ab10ad4e4c53121b6a5fe4da9c10ddee905b978d3788d2723d7bfacbe28a9,$,,f67ab10ad4e4c53121b6a5fe4da9c10ddee905b978d3788d2723d7bfacbe28a9,f67ab10ad4e4c53121b6a5fe4da9c10ddee905b978d3788d2723d7bfacbe28a9,"{""basis"":""ordered nested-math atom; exact symbolic replay"",""kind"":""source-target-formula-map""}"
1.1.0,formula,O007-FREMLIN-V2-S244-FORMULA-1211,O007-FREMLIN-V2-S244,O007-RIGHTS-FREMLIN-DSL,O007-FREMLIN-V2-S244-SEG-244YI,1211,244Yi,244Yi,1430,1465,52287,52303,55933,55949,F'\in\eusm L^p,F'\in\eusm L^p,0f753ae3d0a0905dcce7865cb4f8d11b0abb132e46bd6340bfb15086dd1733fb,0f753ae3d0a0905dcce7865cb4f8d11b0abb132e46bd6340bfb15086dd1733fb,5d2bf0f4d91bb40d9e4b5f71f3ea410de3d03d93856646ec1c19de168d3bbdeb,$,,5d2bf0f4d91bb40d9e4b5f71f3ea410de3d03d93856646ec1c19de168d3bbdeb,5d2bf0f4d91bb40d9e4b5f71f3ea410de3d03d93856646ec1c19de168d3bbdeb,"{""basis"":""ordered nested-math atom; exact symbolic replay"",""kind"":""source-target-formula-map""}"
1.1.0,formula,O007-FREMLIN-V2-S244-FORMULA-1212,O007-FREMLIN-V2-S244,O007-RIGHTS-FREMLIN-DSL,O007-FREMLIN-V2-S244-SEG-244YI,1212,244Yi,244Yi,1432,1467,52344,52397,56007,56060,|F(b')-F(a')|^p\le(b'-a')^{p-1}\int_{a'}^{b'}|F'|^p,|F(b')-F(a')|^p\le(b'-a')^{p-1}\int_{a'}^{b'}|F'|^p,aea910895138eebb1c42f19781efc34a3e396754c098ccb6e185ec07376cdf81,aea910895138eebb1c42f19781efc34a3e396754c098ccb6e185ec07376cdf81,aea910895138eebb1c42f19781efc34a3e396754c098ccb6e185ec07376cdf81,$,,aea910895138eebb1c42f19781efc34a3e396754c098ccb6e185ec07376cdf81,aea910895138eebb1c42f19781efc34a3e396754c098ccb6e185ec07376cdf81,"{""basis"":""ordered nested-math atom; exact symbolic replay"",""kind"":""source-target-formula-map""}"
1.1.0,formula,O007-FREMLIN-V2-S244-FORMULA-1213,O007-FREMLIN-V2-S244,O007-RIGHTS-FREMLIN-DSL,O007-FREMLIN-V2-S244-SEG-244YI,1213,244Yi,244Yi,1433,1468,52407,52427,56073,56093,a\le a'\le b'\le b,a\le a'\le b'\le b,737d134b0369b441c33c94268a3373d03f7574cd9a467ae8f41cc607a820a6cd,737d134b0369b441c33c94268a3373d03f7574cd9a467ae8f41cc607a820a6cd,7d5ac41de6c24d744d911543824d62cce54bba3f9c412ef2052431d9f63531ed,$,,7d5ac41de6c24d744d911543824d62cce54bba3f9c412ef2052431d9f63531ed,7d5ac41de6c24d744d911543824d62cce54bba3f9c412ef2052431d9f63531ed,"{""basis"":""ordered nested-math atom; exact symbolic replay"",""kind"":""source-target-formula-map""}"
1.1.0,formula,O007-FREMLIN-V2-S244-FORMULA-1214,O007-FREMLIN-V2-S244,O007-RIGHTS-FREMLIN-DSL,O007-FREMLIN-V2-S244-SEG-244YI,1214,244Yi,244Yi,1433,1468,52439,52442,56105,56108,F,F,f67ab10ad4e4c53121b6a5fe4da9c10ddee905b978d3788d2723d7bfacbe28a9,f67ab10ad4e4c53121b6a5fe4da9c10ddee905b978d3788d2723d7bfacbe28a9,f67ab10ad4e4c53121b6a5fe4da9c10ddee905b978d3788d2723d7bfacbe28a9,$,,f67ab10ad4e4c53121b6a5fe4da9c10ddee905b978d3788d2723d7bfacbe28a9,f67ab10ad4e4c53121b6a5fe4da9c10ddee905b978d3788d2723d7bfacbe28a9,"{""basis"":""ordered nested-math atom; exact symbolic replay"",""kind"":""source-target-formula-map""}"
1.1.0,formula,O007-FREMLIN-V2-S244-FORMULA-1215,O007-FREMLIN-V2-S244,O007-RIGHTS-FREMLIN-DSL,O007-FREMLIN-V2-S244-SEG-244YI,1215,244Yi,244Yi,1434,1470,52478,52545,56151,56218,(\sum_{i=0}^n|F(b_i)-F(a_i)|)^p\le c(\sum_{i=0}^n(b_i-a_i))^{p-1},(\sum_{i=0}^n|F(b_i)-F(a_i)|)^p\le c(\sum_{i=0}^n(b_i-a_i))^{p-1},cae19b5a28650c9d615a6038b5221815936395892eed2272164dda4f5af141ec,cae19b5a28650c9d615a6038b5221815936395892eed2272164dda4f5af141ec,f541652aed435db1921565de91e61be871a5b327c4e854af71db8b30dda8ce35,$,,f541652aed435db1921565de91e61be871a5b327c4e854af71db8b30dda8ce35,f541652aed435db1921565de91e61be871a5b327c4e854af71db8b30dda8ce35,"{""basis"":""ordered nested-math atom; exact symbolic replay"",""kind"":""source-target-formula-map""}"
1.1.0,formula,O007-FREMLIN-V2-S244-FORMULA-1216,O007-FREMLIN-V2-S244,O007-RIGHTS-FREMLIN-DSL,O007-FREMLIN-V2-S244-SEG-244YI,1216,244Yi,244Yi,1435,1471,52555,52600,56231,56276,a\le a_0\le b_0\le a_1\le\ldots\le b_n\le b,a\le a_0\le b_0\le a_1\le\ldots\le b_n\le b,3ef681f0f9c800ce81b5e9b1a97c8c4e1d03d3d49641a8256ef484d9667821db,3ef681f0f9c800ce81b5e9b1a97c8c4e1d03d3d49641a8256ef484d9667821db,86329e334c21d7e110ac8f36fad384283fcf2a58a7bf778616c47d22a9d10f04,$,,86329e334c21d7e110ac8f36fad384283fcf2a58a7bf778616c47d22a9d10f04,86329e334c21d7e110ac8f36fad384283fcf2a58a7bf778616c47d22a9d10f04,"{""basis"":""ordered nested-math atom; exact symbolic replay"",""kind"":""source-target-formula-map""}"
1.1.0,formula,O007-FREMLIN-V2-S244-FORMULA-1217,O007-FREMLIN-V2-S244,O007-RIGHTS-FREMLIN-DSL,O007-FREMLIN-V2-S244-SEG-244YI,1217,244Yi,244Yi,1435,1472,52610,52613,56287,56290,F,F,f67ab10ad4e4c53121b6a5fe4da9c10ddee905b978d3788d2723d7bfacbe28a9,f67ab10ad4e4c53121b6a5fe4da9c10ddee905b978d3788d2723d7bfacbe28a9,f67ab10ad4e4c53121b6a5fe4da9c10ddee905b978d3788d2723d7bfacbe28a9,$,,f67ab10ad4e4c53121b6a5fe4da9c10ddee905b978d3788d2723d7bfacbe28a9,f67ab10ad4e4c53121b6a5fe4da9c10ddee905b978d3788d2723d7bfacbe28a9,"{""basis"":""ordered nested-math atom; exact symbolic replay"",""kind"":""source-target-formula-map""}"
1.1.0,formula,O007-FREMLIN-V2-S244-FORMULA-1218,O007-FREMLIN-V2-S244,O007-RIGHTS-FREMLIN-DSL,O007-FREMLIN-V2-S244-SEG-244YI,1218,244Yi,244Yi,1436,1472,52658,52675,56327,56344,\sequencen{F_n},\sequencen{F_n},fead6c8cacdd1c9cef112c5a75fcef0c9ff0ac741ae939b6c38010019d969f5c,fead6c8cacdd1c9cef112c5a75fcef0c9ff0ac741ae939b6c38010019d969f5c,fead6c8cacdd1c9cef112c5a75fcef0c9ff0ac741ae939b6c38010019d969f5c,$,,fead6c8cacdd1c9cef112c5a75fcef0c9ff0ac741ae939b6c38010019d969f5c,fead6c8cacdd1c9cef112c5a75fcef0c9ff0ac741ae939b6c38010019d969f5c,"{""basis"":""ordered nested-math atom; exact symbolic replay"",""kind"":""source-target-formula-map""}"
1.1.0,formula,O007-FREMLIN-V2-S244-FORMULA-1219,O007-FREMLIN-V2-S244,O007-RIGHTS-FREMLIN-DSL,O007-FREMLIN-V2-S244-SEG-244YI,1219,244Yi,244Yi,1437,1473,52713,52716,56384,56387,F,F,f67ab10ad4e4c53121b6a5fe4da9c10ddee905b978d3788d2723d7bfacbe28a9,f67ab10ad4e4c53121b6a5fe4da9c10ddee905b978d3788d2723d7bfacbe28a9,f67ab10ad4e4c53121b6a5fe4da9c10ddee905b978d3788d2723d7bfacbe28a9,$,,f67ab10ad4e4c53121b6a5fe4da9c10ddee905b978d3788d2723d7bfacbe28a9,f67ab10ad4e4c53121b6a5fe4da9c10ddee905b978d3788d2723d7bfacbe28a9,"{""basis"":""ordered nested-math atom; exact symbolic replay"",""kind"":""source-target-formula-map""}"
1.1.0,formula,O007-FREMLIN-V2-S244-FORMULA-1220,O007-FREMLIN-V2-S244,O007-RIGHTS-FREMLIN-DSL,O007-FREMLIN-V2-S244-SEG-244YI,1220,244Yi,244Yi,1437,1474,52742,52754,56427,56439,F'_n\to F',F'_n\to F',d2c0cf84c7ec9b4f391c23d75c95a863f3bb26698602377d779a11d2fea724aa,d2c0cf84c7ec9b4f391c23d75c95a863f3bb26698602377d779a11d2fea724aa,ff31077ff63566bd81faf200645aed898797f6cb3f832265b18de643a62b88d9,$,,ff31077ff63566bd81faf200645aed898797f6cb3f832265b18de643a62b88d9,ff31077ff63566bd81faf200645aed898797f6cb3f832265b18de643a62b88d9,"{""basis"":""ordered nested-math atom; exact symbolic replay"",""kind"":""source-target-formula-map""}"
1.1.0,formula,O007-FREMLIN-V2-S244-FORMULA-1221,O007-FREMLIN-V2-S244,O007-RIGHTS-FREMLIN-DSL,O007-FREMLIN-V2-S244-SEG-244YI,1221,244Yi,244Yi,1438,1475,52769,52820,56470,56521,\int|F'|^p\le\sup_{n\in\Bbb N}\int|F'_n|^p\le c^p,\int|F'|^p\le\sup_{n\in\Bbb N}\int|F'_n|^p\le c^p,9b17f3189aede7081d9f6abcf602faf65a05990c86b623983d20607f3ebdcb4c,9b17f3189aede7081d9f6abcf602faf65a05990c86b623983d20607f3ebdcb4c,0154d17dd4506da6ffa542fb4cb3f879018508386ebb544585a55eb2bfbcf487,$,,0154d17dd4506da6ffa542fb4cb3f879018508386ebb544585a55eb2bfbcf487,0154d17dd4506da6ffa542fb4cb3f879018508386ebb544585a55eb2bfbcf487,"{""basis"":""ordered nested-math atom; exact symbolic replay"",""kind"":""source-target-formula-map""}"
1.1.0,formula,O007-FREMLIN-V2-S244-FORMULA-1222,O007-FREMLIN-V2-S244,O007-RIGHTS-FREMLIN-DSL,O007-FREMLIN-V2-S244-SEG-244YJ,1222,244Yj,244Yj,1442,1479,52873,52876,56578,56581,G,G,333e0a1e27815d0ceee55c473fe3dc93d56c63e3bee2b3b4aee8eed6d70191a3,333e0a1e27815d0ceee55c473fe3dc93d56c63e3bee2b3b4aee8eed6d70191a3,333e0a1e27815d0ceee55c473fe3dc93d56c63e3bee2b3b4aee8eed6d70191a3,$,,333e0a1e27815d0ceee55c473fe3dc93d56c63e3bee2b3b4aee8eed6d70191a3,333e0a1e27815d0ceee55c473fe3dc93d56c63e3bee2b3b4aee8eed6d70191a3,"{""basis"":""ordered nested-math atom; exact symbolic replay"",""kind"":""source-target-formula-map""}"
1.1.0,formula,O007-FREMLIN-V2-S244-FORMULA-1223,O007-FREMLIN-V2-S244,O007-RIGHTS-FREMLIN-DSL,O007-FREMLIN-V2-S244-SEG-244YJ,1223,244Yj,244Yj,1442,1479,52895,52904,56611,56620,\BbbR^r,\BbbR^r,6a5173578402ab704fe0e78c24a3f6f09fe9ed2c7ea0fbe574d688249eb91ed7,6a5173578402ab704fe0e78c24a3f6f09fe9ed2c7ea0fbe574d688249eb91ed7,6a5173578402ab704fe0e78c24a3f6f09fe9ed2c7ea0fbe574d688249eb91ed7,$,,6a5173578402ab704fe0e78c24a3f6f09fe9ed2c7ea0fbe574d688249eb91ed7,6a5173578402ab704fe0e78c24a3f6f09fe9ed2c7ea0fbe574d688249eb91ed7,"{""basis"":""ordered nested-math atom; exact symbolic replay"",""kind"":""source-target-formula-map""}"
1.1.0,formula,O007-FREMLIN-V2-S244-FORMULA-1224,O007-FREMLIN-V2-S244,O007-RIGHTS-FREMLIN-DSL,O007-FREMLIN-V2-S244-SEG-244YJ,1224,244Yj,244Yj,1442,1479,52915,52920,56634,56639,\mu,\mu,492247e1bab15272d1e53b8015c042bf6fa0cb8f23ec52cad93d6ba80dafb804,492247e1bab15272d1e53b8015c042bf6fa0cb8f23ec52cad93d6ba80dafb804,492247e1bab15272d1e53b8015c042bf6fa0cb8f23ec52cad93d6ba80dafb804,$,,492247e1bab15272d1e53b8015c042bf6fa0cb8f23ec52cad93d6ba80dafb804,492247e1bab15272d1e53b8015c042bf6fa0cb8f23ec52cad93d6ba80dafb804,"{""basis"":""ordered nested-math atom; exact symbolic replay"",""kind"":""source-target-formula-map""}"
1.1.0,formula,O007-FREMLIN-V2-S244-FORMULA-1225,O007-FREMLIN-V2-S244,O007-RIGHTS-FREMLIN-DSL,O007-FREMLIN-V2-S244-SEG-244YJ,1225,244Yj,244Yj,1443,1480,52945,52948,56667,56670,G,G,333e0a1e27815d0ceee55c473fe3dc93d56c63e3bee2b3b4aee8eed6d70191a3,333e0a1e27815d0ceee55c473fe3dc93d56c63e3bee2b3b4aee8eed6d70191a3,333e0a1e27815d0ceee55c473fe3dc93d56c63e3bee2b3b4aee8eed6d70191a3,$,,333e0a1e27815d0ceee55c473fe3dc93d56c63e3bee2b3b4aee8eed6d70191a3,333e0a1e27815d0ceee55c473fe3dc93d56c63e3bee2b3b4aee8eed6d70191a3,"{""basis"":""ordered nested-math atom; exact symbolic replay"",""kind"":""source-target-formula-map""}"
1.1.0,formula,O007-FREMLIN-V2-S244-FORMULA-1226,O007-FREMLIN-V2-S244,O007-RIGHTS-FREMLIN-DSL,O007-FREMLIN-V2-S244-SEG-244YJ,1226,244Yj,244Yj,1443,1480,52956,52964,56681,56689,C_k(G),C_k(G),83d1c82dc54015ab91c3d217dc6ec2acc152a353133282665c99cedbbff2b016,83d1c82dc54015ab91c3d217dc6ec2acc152a353133282665c99cedbbff2b016,83d1c82dc54015ab91c3d217dc6ec2acc152a353133282665c99cedbbff2b016,$,,83d1c82dc54015ab91c3d217dc6ec2acc152a353133282665c99cedbbff2b016,83d1c82dc54015ab91c3d217dc6ec2acc152a353133282665c99cedbbff2b016,"{""basis"":""ordered nested-math atom; exact symbolic replay"",""kind"":""source-target-formula-map""}"
1.1.0,formula,O007-FREMLIN-V2-S244-FORMULA-1227,O007-FREMLIN-V2-S244,O007-RIGHTS-FREMLIN-DSL,O007-FREMLIN-V2-S244-SEG-244YJ,1227,244Yj,244Yj,1444,1481,53000,53014,56714,56728,f:G\to\Bbb R,f:G\to\Bbb R,b1d103897f193f7aca2dec8a30b33d1c672ea29ced706ed885ed60d49dc53466,b1d103897f193f7aca2dec8a30b33d1c672ea29ced706ed885ed60d49dc53466,565022eafa8853a1af190e6f879bcd8941abdb5e32491a13b09ca6fb49396d80,$,,565022eafa8853a1af190e6f879bcd8941abdb5e32491a13b09ca6fb49396d80,565022eafa8853a1af190e6f879bcd8941abdb5e32491a13b09ca6fb49396d80,"{""basis"":""ordered nested-math atom; exact symbolic replay"",""kind"":""source-target-formula-map""}"
1.1.0,formula,O007-FREMLIN-V2-S244-FORMULA-1228,O007-FREMLIN-V2-S244,O007-RIGHTS-FREMLIN-DSL,O007-FREMLIN-V2-S244-SEG-244YJ,1228,244Yj,244Yj,1445,1482,53025,53088,56749,56812,"\inf\{\|x-y\|:x\in G,\,f(x)\ne 0,\,y\in\BbbR^r\setminus G\}>0","\inf\{\|x-y\|:x\in G,\,f(x)\ne 0,\,y\in\BbbR^r\setminus G\}>0",eeaaf6a882e3550583aa9deafba4d3b6f466a010f8f6d329a068d5c6fe478317,eeaaf6a882e3550583aa9deafba4d3b6f466a010f8f6d329a068d5c6fe478317,739d78e89d3333840735c797f57b0f4359b3f40636b82722ee88ba4f3adb013f,$,,739d78e89d3333840735c797f57b0f4359b3f40636b82722ee88ba4f3adb013f,739d78e89d3333840735c797f57b0f4359b3f40636b82722ee88ba4f3adb013f,"{""basis"":""ordered nested-math atom; exact symbolic replay"",""kind"":""source-target-formula-map""}"
1.1.0,formula,O007-FREMLIN-V2-S244-FORMULA-1229,O007-FREMLIN-V2-S244,O007-RIGHTS-FREMLIN-DSL,O007-FREMLIN-V2-S244-SEG-244YJ,1229,244Yj,244Yj,1446,1483,53099,53114,56832,56847,\inf\emptyset,\inf\emptyset,a5ba3d795d48869d8942f1c0eacd443acca6392466fb63ffe9eff95e41bd648d,a5ba3d795d48869d8942f1c0eacd443acca6392466fb63ffe9eff95e41bd648d,a5ba3d795d48869d8942f1c0eacd443acca6392466fb63ffe9eff95e41bd648d,$,,a5ba3d795d48869d8942f1c0eacd443acca6392466fb63ffe9eff95e41bd648d,a5ba3d795d48869d8942f1c0eacd443acca6392466fb63ffe9eff95e41bd648d,"{""basis"":""ordered nested-math atom; exact symbolic replay"",""kind"":""source-target-formula-map""}"
1.1.0,formula,O007-FREMLIN-V2-S244-FORMULA-1230,O007-FREMLIN-V2-S244,O007-RIGHTS-FREMLIN-DSL,O007-FREMLIN-V2-S244-SEG-244YJ,1230,244Yj,244Yj,1446,1483,53118,53126,56856,56864,\infty,\infty,db8e84427c2e1e02f2b2c74d337ab8d69d80cbb28224cd7f85e0174f1f5ed5c7,db8e84427c2e1e02f2b2c74d337ab8d69d80cbb28224cd7f85e0174f1f5ed5c7,db8e84427c2e1e02f2b2c74d337ab8d69d80cbb28224cd7f85e0174f1f5ed5c7,$,,db8e84427c2e1e02f2b2c74d337ab8d69d80cbb28224cd7f85e0174f1f5ed5c7,db8e84427c2e1e02f2b2c74d337ab8d69d80cbb28224cd7f85e0174f1f5ed5c7,"{""basis"":""ordered nested-math atom; exact symbolic replay"",""kind"":""source-target-formula-map""}"
1.1.0,formula,O007-FREMLIN-V2-S244-FORMULA-1231,O007-FREMLIN-V2-S244,O007-RIGHTS-FREMLIN-DSL,O007-FREMLIN-V2-S244-SEG-244YJ,1231,244Yj,244Yj,1447,1484,53147,53169,56898,56920,"p\in\coint{1,\infty}","p\in\coint{1,\infty}",dfa09c103b52120a82f69753c8100756a9bbb79737abc89a78fe9c2ee6b86968,dfa09c103b52120a82f69753c8100756a9bbb79737abc89a78fe9c2ee6b86968,dfa09c103b52120a82f69753c8100756a9bbb79737abc89a78fe9c2ee6b86968,$,,dfa09c103b52120a82f69753c8100756a9bbb79737abc89a78fe9c2ee6b86968,dfa09c103b52120a82f69753c8100756a9bbb79737abc89a78fe9c2ee6b86968,"{""basis"":""ordered nested-math atom; exact symbolic replay"",""kind"":""source-target-formula-map""}"
1.1.0,formula,O007-FREMLIN-V2-S244-FORMULA-1232,O007-FREMLIN-V2-S244,O007-RIGHTS-FREMLIN-DSL,O007-FREMLIN-V2-S244-SEG-244YJ,1232,244Yj,244Yj,1448,1485,53178,53209,56931,56962,\{f^{\ssbullet}:f\in C_k(G)\},\{f^{\ssbullet}:f\in C_k(G)\},30be6ebd04bf38d662453960ddccdbad197a5f1a1f449c5dae9d6ae069e47b6f,30be6ebd04bf38d662453960ddccdbad197a5f1a1f449c5dae9d6ae069e47b6f,273e2a72ed2f54ca2f9ef8196902fdb1f8dbca96a314598cc9963840ee8454a6,$,,273e2a72ed2f54ca2f9ef8196902fdb1f8dbca96a314598cc9963840ee8454a6,273e2a72ed2f54ca2f9ef8196902fdb1f8dbca96a314598cc9963840ee8454a6,"{""basis"":""ordered nested-math atom; exact symbolic replay"",""kind"":""source-target-formula-map""}"
1.1.0,formula,O007-FREMLIN-V2-S244-FORMULA-1233,O007-FREMLIN-V2-S244,O007-RIGHTS-FREMLIN-DSL,O007-FREMLIN-V2-S244-SEG-244YJ,1233,244Yj,244Yj,1449,1486,53240,53250,57000,57010,L^p(\mu),L^p(\mu),d849a4c2e7df7f9d2bf5ba90896603d57e64c2548b570a54255b228bda9421c7,d849a4c2e7df7f9d2bf5ba90896603d57e64c2548b570a54255b228bda9421c7,d849a4c2e7df7f9d2bf5ba90896603d57e64c2548b570a54255b228bda9421c7,$,,d849a4c2e7df7f9d2bf5ba90896603d57e64c2548b570a54255b228bda9421c7,d849a4c2e7df7f9d2bf5ba90896603d57e64c2548b570a54255b228bda9421c7,"{""basis"":""ordered nested-math atom; exact symbolic replay"",""kind"":""source-target-formula-map""}"
1.1.0,formula,O007-FREMLIN-V2-S244-FORMULA-1234,O007-FREMLIN-V2-S244,O007-RIGHTS-FREMLIN-DSL,O007-FREMLIN-V2-S244-SEG-244YK,1234,244Yk,244Yk,1453,1490,53302,53305,57066,57069,U,U,a25513c7e0f6eaa80a3337ee18081b9e2ed09e00af8531c8f7bb2542764027e7,a25513c7e0f6eaa80a3337ee18081b9e2ed09e00af8531c8f7bb2542764027e7,a25513c7e0f6eaa80a3337ee18081b9e2ed09e00af8531c8f7bb2542764027e7,$,,a25513c7e0f6eaa80a3337ee18081b9e2ed09e00af8531c8f7bb2542764027e7,a25513c7e0f6eaa80a3337ee18081b9e2ed09e00af8531c8f7bb2542764027e7,"{""basis"":""ordered nested-math atom; exact symbolic replay"",""kind"":""source-target-formula-map""}"
1.1.0,formula,O007-FREMLIN-V2-S244-FORMULA-1235,O007-FREMLIN-V2-S244,O007-RIGHTS-FREMLIN-DSL,O007-FREMLIN-V2-S244-SEG-244YK,1235,244Yk,244Yk,1454,1491,53347,53361,57119,57133,C\subseteq U,C\subseteq U,f26b76a477df0ed9b61a64b0756d9f762620e3f6623308b555cbede297aa6805,f26b76a477df0ed9b61a64b0756d9f762620e3f6623308b555cbede297aa6805,d5e94ed1267f1c8e01dcc048dbedb8deaba3f4377b8205bed1efbf1366105947,$,,d5e94ed1267f1c8e01dcc048dbedb8deaba3f4377b8205bed1efbf1366105947,d5e94ed1267f1c8e01dcc048dbedb8deaba3f4377b8205bed1efbf1366105947,"{""basis"":""ordered nested-math atom; exact symbolic replay"",""kind"":""source-target-formula-map""}"
1.1.0,formula,O007-FREMLIN-V2-S244-FORMULA-1236,O007-FREMLIN-V2-S244,O007-RIGHTS-FREMLIN-DSL,O007-FREMLIN-V2-S244-SEG-244YK,1236,244Yk,244Yk,1454,1491,53382,53398,57150,57166,tu+(1-t)v\in C,tu+(1-t)v\in C,d6dc7cf99613293c258b2188136be6ebba999435fc28c929250bdd6a9b65bc5b,d6dc7cf99613293c258b2188136be6ebba999435fc28c929250bdd6a9b65bc5b,0a92ae551e2a4db84fad0620f2d39e7efc877fb0663e95fc5b72364ae2e2d06f,$,,0a92ae551e2a4db84fad0620f2d39e7efc877fb0663e95fc5b72364ae2e2d06f,0a92ae551e2a4db84fad0620f2d39e7efc877fb0663e95fc5b72364ae2e2d06f,"{""basis"":""ordered nested-math atom; exact symbolic replay"",""kind"":""source-target-formula-map""}"
1.1.0,formula,O007-FREMLIN-V2-S244-FORMULA-1237,O007-FREMLIN-V2-S244,O007-RIGHTS-FREMLIN-DSL,O007-FREMLIN-V2-S244-SEG-244YK,1237,244Yk,244Yk,1455,1492,53408,53411,57179,57182,u,u,0bfe935e70c321c7ca3afc75ce0d0ca2f98b5422e008bb31c00c6d7f1f1c0ad6,0bfe935e70c321c7ca3afc75ce0d0ca2f98b5422e008bb31c00c6d7f1f1c0ad6,0bfe935e70c321c7ca3afc75ce0d0ca2f98b5422e008bb31c00c6d7f1f1c0ad6,$,,0bfe935e70c321c7ca3afc75ce0d0ca2f98b5422e008bb31c00c6d7f1f1c0ad6,0bfe935e70c321c7ca3afc75ce0d0ca2f98b5422e008bb31c00c6d7f1f1c0ad6,"{""basis"":""ordered nested-math atom; exact symbolic replay"",""kind"":""source-target-formula-map""}"
1.1.0,formula,O007-FREMLIN-V2-S244-FORMULA-1238,O007-FREMLIN-V2-S244,O007-RIGHTS-FREMLIN-DSL,O007-FREMLIN-V2-S244-SEG-244YK,1238,244Yk,244Yk,1455,1492,53413,53421,57184,57192,v\in C,v\in C,bc29645935f04984b4bb67b2d89622ccd94584ae9f177d5f5d368351bebf6449,bc29645935f04984b4bb67b2d89622ccd94584ae9f177d5f5d368351bebf6449,dcf68e1418f162f9353b4215d55744178c0452a112b952aff43b9cbc86facede,$,,dcf68e1418f162f9353b4215d55744178c0452a112b952aff43b9cbc86facede,dcf68e1418f162f9353b4215d55744178c0452a112b952aff43b9cbc86facede,"{""basis"":""ordered nested-math atom; exact symbolic replay"",""kind"":""source-target-formula-map""}"
1.1.0,formula,O007-FREMLIN-V2-S244-FORMULA-1239,O007-FREMLIN-V2-S244,O007-RIGHTS-FREMLIN-DSL,O007-FREMLIN-V2-S244-SEG-244YK,1239,244Yk,244Yk,1455,1492,53426,53437,57197,57208,"t\in[0,1]","t\in[0,1]",6018f60b761f6bb2d1dc97a2ecf4c91a536030adee4e1af5ac0328318f7a8d89,6018f60b761f6bb2d1dc97a2ecf4c91a536030adee4e1af5ac0328318f7a8d89,6018f60b761f6bb2d1dc97a2ecf4c91a536030adee4e1af5ac0328318f7a8d89,$,,6018f60b761f6bb2d1dc97a2ecf4c91a536030adee4e1af5ac0328318f7a8d89,6018f60b761f6bb2d1dc97a2ecf4c91a536030adee4e1af5ac0328318f7a8d89,"{""basis"":""ordered nested-math atom; exact symbolic replay"",""kind"":""source-target-formula-map""}"
1.1.0,formula,O007-FREMLIN-V2-S244-FORMULA-1240,O007-FREMLIN-V2-S244,O007-RIGHTS-FREMLIN-DSL,O007-FREMLIN-V2-S244-SEG-244YK,1240,244Yk,244Yk,1456,1493,53478,53486,57255,57263,u\in U,u\in U,f5003b08066c86ea81216c666fc17a71413b0926de9d78ecfa80fe78eb1fb52e,f5003b08066c86ea81216c666fc17a71413b0926de9d78ecfa80fe78eb1fb52e,3204c5a05d7faa27d93954b1f45c112c0dbc4c619eb3bf1f3fab151bc0d72689,$,,3204c5a05d7faa27d93954b1f45c112c0dbc4c619eb3bf1f3fab151bc0d72689,3204c5a05d7faa27d93954b1f45c112c0dbc4c619eb3bf1f3fab151bc0d72689,"{""basis"":""ordered nested-math atom; exact symbolic replay"",""kind"":""source-target-formula-map""}"
1.1.0,formula,O007-FREMLIN-V2-S244-FORMULA-1241,O007-FREMLIN-V2-S244,O007-RIGHTS-FREMLIN-DSL,O007-FREMLIN-V2-S244-SEG-244YK,1241,244Yk,244Yk,1456,1493,53511,53519,57290,57298,v\in C,v\in C,bc29645935f04984b4bb67b2d89622ccd94584ae9f177d5f5d368351bebf6449,bc29645935f04984b4bb67b2d89622ccd94584ae9f177d5f5d368351bebf6449,dcf68e1418f162f9353b4215d55744178c0452a112b952aff43b9cbc86facede,$,,dcf68e1418f162f9353b4215d55744178c0452a112b952aff43b9cbc86facede,dcf68e1418f162f9353b4215d55744178c0452a112b952aff43b9cbc86facede,"{""basis"":""ordered nested-math atom; exact symbolic replay"",""kind"":""source-target-formula-map""}"
1.1.0,formula,O007-FREMLIN-V2-S244-FORMULA-1242,O007-FREMLIN-V2-S244,O007-RIGHTS-FREMLIN-DSL,O007-FREMLIN-V2-S244-SEG-244YK,1242,244Yk,244Yk,1457,1494,53530,53560,57319,57349,\|u-v\|=\inf_{w\in C}\|u-w\|,\|u-v\|=\inf_{w\in C}\|u-w\|,8931fa38e6065c5aacef3c9da2b17b872dc0693a01e135e2de17df1cec0e8b25,8931fa38e6065c5aacef3c9da2b17b872dc0693a01e135e2de17df1cec0e8b25,135f0bfcc49b8c0424d82cc84b1068683d0ee16ba694cdf2326d7ff1e0d17219,$,,135f0bfcc49b8c0424d82cc84b1068683d0ee16ba694cdf2326d7ff1e0d17219,135f0bfcc49b8c0424d82cc84b1068683d0ee16ba694cdf2326d7ff1e0d17219,"{""basis"":""ordered nested-math atom; exact symbolic replay"",""kind"":""source-target-formula-map""}"
1.1.0,formula,O007-FREMLIN-V2-S244-FORMULA-1243,O007-FREMLIN-V2-S244,O007-RIGHTS-FREMLIN-DSL,O007-FREMLIN-V2-S244-SEG-244YK,1243,244Yk,244Yk,1457,1494,53566,53593,57355,57382,\innerprod{u-v}{v-w}\ge 0,\innerprod{u-v}{v-w}\ge 0,d08f7615dbfe0ef402ea017684d5611c82c7fd7a01901ee6e70fb8962eb236a2,d08f7615dbfe0ef402ea017684d5611c82c7fd7a01901ee6e70fb8962eb236a2,12b822d306e6ab160d51d403a8f9cfd4875cb96a72385e27563226478d535ea5,$,,12b822d306e6ab160d51d403a8f9cfd4875cb96a72385e27563226478d535ea5,12b822d306e6ab160d51d403a8f9cfd4875cb96a72385e27563226478d535ea5,"{""basis"":""ordered nested-math atom; exact symbolic replay"",""kind"":""source-target-formula-map""}"
1.1.0,formula,O007-FREMLIN-V2-S244-FORMULA-1244,O007-FREMLIN-V2-S244,O007-RIGHTS-FREMLIN-DSL,O007-FREMLIN-V2-S244-SEG-244YK,1244,244Yk,244Yk,1458,1495,53604,53612,57396,57404,w\in C,w\in C,39b9d270b59ee675c8a8c17d67d9f79a589b761302d883983c5fe5ba8ede4afc,39b9d270b59ee675c8a8c17d67d9f79a589b761302d883983c5fe5ba8ede4afc,ca45ce18d27c8a2e27ca8a8ffb40dfe0f44e975e5028a7c18ff13590cbce7370,$,,ca45ce18d27c8a2e27ca8a8ffb40dfe0f44e975e5028a7c18ff13590cbce7370,ca45ce18d27c8a2e27ca8a8ffb40dfe0f44e975e5028a7c18ff13590cbce7370,"{""basis"":""ordered nested-math atom; exact symbolic replay"",""kind"":""source-target-formula-map""}"
1.1.0,formula,O007-FREMLIN-V2-S244-FORMULA-1245,O007-FREMLIN-V2-S244,O007-RIGHTS-FREMLIN-DSL,O007-FREMLIN-V2-S244-SEG-244YK,1245,244Yk,244Yk,1458,1495,53634,53644,57432,57442,h\in U^*,h\in U^*,3d6b2f359559446063c8dc33f3f3f47c4ad6436661a5a7cd19faf0067c3647e9,3d6b2f359559446063c8dc33f3f3f47c4ad6436661a5a7cd19faf0067c3647e9,5a783e91f009a2ba647061c762ce32049071a60f0ee6e35af5f2fc93fc919c23,$,,5a783e91f009a2ba647061c762ce32049071a60f0ee6e35af5f2fc93fc919c23,5a783e91f009a2ba647061c762ce32049071a60f0ee6e35af5f2fc93fc919c23,"{""basis"":""ordered nested-math atom; exact symbolic replay"",""kind"":""source-target-formula-map""}"
1.1.0,formula,O007-FREMLIN-V2-S244-FORMULA-1246,O007-FREMLIN-V2-S244,O007-RIGHTS-FREMLIN-DSL,O007-FREMLIN-V2-S244-SEG-244YK,1246,244Yk,244Yk,1459,1496,53663,53671,57464,57472,v\in U,v\in U,bc42dd0b5c588ae1bcc641498df265c94df1ffd226d9f14ab8a561ef2b3d09e7,bc42dd0b5c588ae1bcc641498df265c94df1ffd226d9f14ab8a561ef2b3d09e7,24253b58df79978a93a92228a99086791c556a5689455b6c57ea22ee0c524664,$,,24253b58df79978a93a92228a99086791c556a5689455b6c57ea22ee0c524664,24253b58df79978a93a92228a99086791c556a5689455b6c57ea22ee0c524664,"{""basis"":""ordered nested-math atom; exact symbolic replay"",""kind"":""source-target-formula-map""}"
1.1.0,formula,O007-FREMLIN-V2-S244-FORMULA-1247,O007-FREMLIN-V2-S244,O007-RIGHTS-FREMLIN-DSL,O007-FREMLIN-V2-S244-SEG-244YK,1247,244Yk,244Yk,1460,1496,53682,53705,57493,57516,h(w)=\innerprod{w}{v},h(w)=\innerprod{w}{v},a4c5a870bd656703fa82d14ac4a60b6973eebb6a5b3046667e70d3c61638c10f,a4c5a870bd656703fa82d14ac4a60b6973eebb6a5b3046667e70d3c61638c10f,a4c5a870bd656703fa82d14ac4a60b6973eebb6a5b3046667e70d3c61638c10f,$,,a4c5a870bd656703fa82d14ac4a60b6973eebb6a5b3046667e70d3c61638c10f,a4c5a870bd656703fa82d14ac4a60b6973eebb6a5b3046667e70d3c61638c10f,"{""basis"":""ordered nested-math atom; exact symbolic replay"",""kind"":""source-target-formula-map""}"
1.1.0,formula,O007-FREMLIN-V2-S244-FORMULA-1248,O007-FREMLIN-V2-S244,O007-RIGHTS-FREMLIN-DSL,O007-FREMLIN-V2-S244-SEG-244YK,1248,244Yk,244Yk,1460,1497,53716,53724,57530,57538,w\in U,w\in U,55f9c6cad6980025fd91da1009cacefe8cd6da405dd431b43514135f4b260575,55f9c6cad6980025fd91da1009cacefe8cd6da405dd431b43514135f4b260575,9d40fa9b17e6d7a680db6777c9ed1e9e79685186e9dcee66dbf3ac14500e618e,$,,9d40fa9b17e6d7a680db6777c9ed1e9e79685186e9dcee66dbf3ac14500e618e,9d40fa9b17e6d7a680db6777c9ed1e9e79685186e9dcee66dbf3ac14500e618e,"{""basis"":""ordered nested-math atom; exact symbolic replay"",""kind"":""source-target-formula-map""}"
1.1.0,formula,O007-FREMLIN-V2-S244-FORMULA-1249,O007-FREMLIN-V2-S244,O007-RIGHTS-FREMLIN-DSL,O007-FREMLIN-V2-S244-SEG-244YK,1249,244Yk,244Yk,1461,1497,53749,53765,57566,57582,C=\{w:h(w)=1\},C=\{w:h(w)=1\},e05e96602cbffb69788d87f864861e0a456f257d40ba0dc919f7e40236c77c7b,e05e96602cbffb69788d87f864861e0a456f257d40ba0dc919f7e40236c77c7b,e05e96602cbffb69788d87f864861e0a456f257d40ba0dc919f7e40236c77c7b,$,,e05e96602cbffb69788d87f864861e0a456f257d40ba0dc919f7e40236c77c7b,e05e96602cbffb69788d87f864861e0a456f257d40ba0dc919f7e40236c77c7b,"{""basis"":""ordered nested-math atom; exact symbolic replay"",""kind"":""source-target-formula-map""}"
1.1.0,formula,O007-FREMLIN-V2-S244-FORMULA-1250,O007-FREMLIN-V2-S244,O007-RIGHTS-FREMLIN-DSL,O007-FREMLIN-V2-S244-SEG-244YK,1250,244Yk,244Yk,1461,1497,53767,53772,57584,57589,u=0,u=0,953a947a0a53b228142b57831935a639b7fb7deae9d3192750598cd54f5cad24,953a947a0a53b228142b57831935a639b7fb7deae9d3192750598cd54f5cad24,953a947a0a53b228142b57831935a639b7fb7deae9d3192750598cd54f5cad24,$,,953a947a0a53b228142b57831935a639b7fb7deae9d3192750598cd54f5cad24,953a947a0a53b228142b57831935a639b7fb7deae9d3192750598cd54f5cad24,"{""basis"":""ordered nested-math atom; exact symbolic replay"",""kind"":""source-target-formula-map""}"
1.1.0,formula,O007-FREMLIN-V2-S244-FORMULA-1251,O007-FREMLIN-V2-S244,O007-RIGHTS-FREMLIN-DSL,O007-FREMLIN-V2-S244-SEG-244YK,1251,244Yk,244Yk,1461,1498,53796,53810,57619,57633,V\subseteq U,V\subseteq U,db09a0ceb0a26f0f7b214cde8ef8ee4e60647a28365bbf3091035540171284e4,db09a0ceb0a26f0f7b214cde8ef8ee4e60647a28365bbf3091035540171284e4,8c98c44bd568f84e8b4f5931ca6d6dff32b960aa610895abde4cbc6aa5f4f427,$,,8c98c44bd568f84e8b4f5931ca6d6dff32b960aa610895abde4cbc6aa5f4f427,8c98c44bd568f84e8b4f5931ca6d6dff32b960aa610895abde4cbc6aa5f4f427,"{""basis"":""ordered nested-math atom; exact symbolic replay"",""kind"":""source-target-formula-map""}"
1.1.0,formula,O007-FREMLIN-V2-S244-FORMULA-1252,O007-FREMLIN-V2-S244,O007-RIGHTS-FREMLIN-DSL,O007-FREMLIN-V2-S244-SEG-244YK,1252,244Yk,244Yk,1462,1499,53880,53883,57707,57710,P,P,5c62e091b8c0565f1bafad0dad5934276143ae2ccef7a5381e8ada5b1a8d26d2,5c62e091b8c0565f1bafad0dad5934276143ae2ccef7a5381e8ada5b1a8d26d2,5c62e091b8c0565f1bafad0dad5934276143ae2ccef7a5381e8ada5b1a8d26d2,$,,5c62e091b8c0565f1bafad0dad5934276143ae2ccef7a5381e8ada5b1a8d26d2,5c62e091b8c0565f1bafad0dad5934276143ae2ccef7a5381e8ada5b1a8d26d2,"{""basis"":""ordered nested-math atom; exact symbolic replay"",""kind"":""source-target-formula-map""}"
1.1.0,formula,O007-FREMLIN-V2-S244-FORMULA-1253,O007-FREMLIN-V2-S244,O007-RIGHTS-FREMLIN-DSL,O007-FREMLIN-V2-S244-SEG-244YK,1253,244Yk,244Yk,1463,1499,53887,53890,57716,57719,U,U,a25513c7e0f6eaa80a3337ee18081b9e2ed09e00af8531c8f7bb2542764027e7,a25513c7e0f6eaa80a3337ee18081b9e2ed09e00af8531c8f7bb2542764027e7,a25513c7e0f6eaa80a3337ee18081b9e2ed09e00af8531c8f7bb2542764027e7,$,,a25513c7e0f6eaa80a3337ee18081b9e2ed09e00af8531c8f7bb2542764027e7,a25513c7e0f6eaa80a3337ee18081b9e2ed09e00af8531c8f7bb2542764027e7,"{""basis"":""ordered nested-math atom; exact symbolic replay"",""kind"":""source-target-formula-map""}"
1.1.0,formula,O007-FREMLIN-V2-S244-FORMULA-1254,O007-FREMLIN-V2-S244,O007-RIGHTS-FREMLIN-DSL,O007-FREMLIN-V2-S244-SEG-244YK,1254,244Yk,244Yk,1463,1500,53901,53909,57740,57748,P[U]=V,P[U]=V,48029b0c983d0de00816614d8633842f4e34fb5b350f305804b53709a225674d,48029b0c983d0de00816614d8633842f4e34fb5b350f305804b53709a225674d,48029b0c983d0de00816614d8633842f4e34fb5b350f305804b53709a225674d,$,,48029b0c983d0de00816614d8633842f4e34fb5b350f305804b53709a225674d,48029b0c983d0de00816614d8633842f4e34fb5b350f305804b53709a225674d,"{""basis"":""ordered nested-math atom; exact symbolic replay"",""kind"":""source-target-formula-map""}"
1.1.0,formula,O007-FREMLIN-V2-S244-FORMULA-1255,O007-FREMLIN-V2-S244,O007-RIGHTS-FREMLIN-DSL,O007-FREMLIN-V2-S244-SEG-244YK,1255,244Yk,244Yk,1463,1500,53914,53937,57753,57776,\innerprod{u-Pu}{v}=0,\innerprod{u-Pu}{v}=0,00c580df67206f819d90696cf4128745643078407ff6d33e6ac461ba5d5beb0b,00c580df67206f819d90696cf4128745643078407ff6d33e6ac461ba5d5beb0b,00c580df67206f819d90696cf4128745643078407ff6d33e6ac461ba5d5beb0b,$,,00c580df67206f819d90696cf4128745643078407ff6d33e6ac461ba5d5beb0b,00c580df67206f819d90696cf4128745643078407ff6d33e6ac461ba5d5beb0b,"{""basis"":""ordered nested-math atom; exact symbolic replay"",""kind"":""source-target-formula-map""}"
1.1.0,formula,O007-FREMLIN-V2-S244-FORMULA-1256,O007-FREMLIN-V2-S244,O007-RIGHTS-FREMLIN-DSL,O007-FREMLIN-V2-S244-SEG-244YK,1256,244Yk,244Yk,1463,1500,53946,53954,57789,57797,u\in U,u\in U,f5003b08066c86ea81216c666fc17a71413b0926de9d78ecfa80fe78eb1fb52e,f5003b08066c86ea81216c666fc17a71413b0926de9d78ecfa80fe78eb1fb52e,3204c5a05d7faa27d93954b1f45c112c0dbc4c619eb3bf1f3fab151bc0d72689,$,,3204c5a05d7faa27d93954b1f45c112c0dbc4c619eb3bf1f3fab151bc0d72689,3204c5a05d7faa27d93954b1f45c112c0dbc4c619eb3bf1f3fab151bc0d72689,"{""basis"":""ordered nested-math atom; exact symbolic replay"",""kind"":""source-target-formula-map""}"
1.1.0,formula,O007-FREMLIN-V2-S244-FORMULA-1257,O007-FREMLIN-V2-S244,O007-RIGHTS-FREMLIN-DSL,O007-FREMLIN-V2-S244-SEG-244YK,1257,244Yk,244Yk,1464,1500,53956,53964,57799,57807,v\in V,v\in V,5635dbab273b2a4cbdf6cc7d05103fe160a05899eddedf17dfda463545a8af23,5635dbab273b2a4cbdf6cc7d05103fe160a05899eddedf17dfda463545a8af23,35055cc71487e65fce760fb13aa65678313b85db6e4a4ce8cdc1bff9fcc58c78,$,,35055cc71487e65fce760fb13aa65678313b85db6e4a4ce8cdc1bff9fcc58c78,35055cc71487e65fce760fb13aa65678313b85db6e4a4ce8cdc1bff9fcc58c78,"{""basis"":""ordered nested-math atom; exact symbolic replay"",""kind"":""source-target-formula-map""}"
1.1.0,formula,O007-FREMLIN-V2-S244-FORMULA-1258,O007-FREMLIN-V2-S244,O007-RIGHTS-FREMLIN-DSL,O007-FREMLIN-V2-S244-SEG-244YK,1258,244Yk,244Yk,1464,1501,53966,53969,57809,57812,P,P,5c62e091b8c0565f1bafad0dad5934276143ae2ccef7a5381e8ada5b1a8d26d2,5c62e091b8c0565f1bafad0dad5934276143ae2ccef7a5381e8ada5b1a8d26d2,5c62e091b8c0565f1bafad0dad5934276143ae2ccef7a5381e8ada5b1a8d26d2,$,,5c62e091b8c0565f1bafad0dad5934276143ae2ccef7a5381e8ada5b1a8d26d2,5c62e091b8c0565f1bafad0dad5934276143ae2ccef7a5381e8ada5b1a8d26d2,"{""basis"":""ordered nested-math atom; exact symbolic replay"",""kind"":""source-target-formula-map""}"
1.1.0,formula,O007-FREMLIN-V2-S244-FORMULA-1259,O007-FREMLIN-V2-S244,O007-RIGHTS-FREMLIN-DSL,O007-FREMLIN-V2-S244-SEG-244YK,1259,244Yk,244Yk,1464,1501,54001,54005,57848,57852,Pu,Pu,c824583495285ee6f86aabc8c4bfba5f9086ee5cb25fe641f72de9bddd8ade05,c824583495285ee6f86aabc8c4bfba5f9086ee5cb25fe641f72de9bddd8ade05,c824583495285ee6f86aabc8c4bfba5f9086ee5cb25fe641f72de9bddd8ade05,$,,c824583495285ee6f86aabc8c4bfba5f9086ee5cb25fe641f72de9bddd8ade05,c824583495285ee6f86aabc8c4bfba5f9086ee5cb25fe641f72de9bddd8ade05,"{""basis"":""ordered nested-math atom; exact symbolic replay"",""kind"":""source-target-formula-map""}"
1.1.0,formula,O007-FREMLIN-V2-S244-FORMULA-1260,O007-FREMLIN-V2-S244,O007-RIGHTS-FREMLIN-DSL,O007-FREMLIN-V2-S244-SEG-244YK,1260,244Yk,244Yk,1465,1501,54025,54028,57867,57870,V,V,de5a6f78116eca62d7fc5ce159d23ae6b889b365a1739ad2cf36f925a140d0cc,de5a6f78116eca62d7fc5ce159d23ae6b889b365a1739ad2cf36f925a140d0cc,de5a6f78116eca62d7fc5ce159d23ae6b889b365a1739ad2cf36f925a140d0cc,$,,de5a6f78116eca62d7fc5ce159d23ae6b889b365a1739ad2cf36f925a140d0cc,de5a6f78116eca62d7fc5ce159d23ae6b889b365a1739ad2cf36f925a140d0cc,"{""basis"":""ordered nested-math atom; exact symbolic replay"",""kind"":""source-target-formula-map""}"
1.1.0,formula,O007-FREMLIN-V2-S244-FORMULA-1261,O007-FREMLIN-V2-S244,O007-RIGHTS-FREMLIN-DSL,O007-FREMLIN-V2-S244-SEG-244YK,1261,244Yk,244Yk,1465,1502,54040,54043,57892,57895,u,u,0bfe935e70c321c7ca3afc75ce0d0ca2f98b5422e008bb31c00c6d7f1f1c0ad6,0bfe935e70c321c7ca3afc75ce0d0ca2f98b5422e008bb31c00c6d7f1f1c0ad6,0bfe935e70c321c7ca3afc75ce0d0ca2f98b5422e008bb31c00c6d7f1f1c0ad6,$,,0bfe935e70c321c7ca3afc75ce0d0ca2f98b5422e008bb31c00c6d7f1f1c0ad6,0bfe935e70c321c7ca3afc75ce0d0ca2f98b5422e008bb31c00c6d7f1f1c0ad6,"{""basis"":""ordered nested-math atom; exact symbolic replay"",""kind"":""source-target-formula-map""}"
1.1.0,formula,O007-FREMLIN-V2-S244-FORMULA-1262,O007-FREMLIN-V2-S244,O007-RIGHTS-FREMLIN-DSL,O007-FREMLIN-V2-S244-SEG-244YL,1262,244Yl,244Yl,1469,1506,54096,54112,57952,57968,"(X,\Sigma,\mu)","(X,\Sigma,\mu)",05e9b769403b4c7926a944d5aaa03f00bb216412bc3f850e41b3c28de657aa67,05e9b769403b4c7926a944d5aaa03f00bb216412bc3f850e41b3c28de657aa67,05e9b769403b4c7926a944d5aaa03f00bb216412bc3f850e41b3c28de657aa67,$,,05e9b769403b4c7926a944d5aaa03f00bb216412bc3f850e41b3c28de657aa67,05e9b769403b4c7926a944d5aaa03f00bb216412bc3f850e41b3c28de657aa67,"{""basis"":""ordered nested-math atom; exact symbolic replay"",""kind"":""source-target-formula-map""}"
1.1.0,formula,O007-FREMLIN-V2-S244-FORMULA-1263,O007-FREMLIN-V2-S244,O007-RIGHTS-FREMLIN-DSL,O007-FREMLIN-V2-S244-SEG-244YL,1263,244Yl,244Yl,1469,1506,54141,54147,57999,58005,\Tau,\Tau,a34699b8745d985590df162103fdf28f3ec3426d7f12ca80a1b9c6f87686099a,a34699b8745d985590df162103fdf28f3ec3426d7f12ca80a1b9c6f87686099a,a34699b8745d985590df162103fdf28f3ec3426d7f12ca80a1b9c6f87686099a,$,,a34699b8745d985590df162103fdf28f3ec3426d7f12ca80a1b9c6f87686099a,a34699b8745d985590df162103fdf28f3ec3426d7f12ca80a1b9c6f87686099a,"{""basis"":""ordered nested-math atom; exact symbolic replay"",""kind"":""source-target-formula-map""}"
1.1.0,formula,O007-FREMLIN-V2-S244-FORMULA-1264,O007-FREMLIN-V2-S244,O007-RIGHTS-FREMLIN-DSL,O007-FREMLIN-V2-S244-SEG-244YL,1264,244Yl,244Yl,1470,1507,54150,54158,58023,58031,\sigma,\sigma,9c3245dfb4ac54c1623a60e7b8d1fc07cb02eae1229435230c7dab5e71083a26,9c3245dfb4ac54c1623a60e7b8d1fc07cb02eae1229435230c7dab5e71083a26,9c3245dfb4ac54c1623a60e7b8d1fc07cb02eae1229435230c7dab5e71083a26,$,,9c3245dfb4ac54c1623a60e7b8d1fc07cb02eae1229435230c7dab5e71083a26,9c3245dfb4ac54c1623a60e7b8d1fc07cb02eae1229435230c7dab5e71083a26,"{""basis"":""ordered nested-math atom; exact symbolic replay"",""kind"":""source-target-formula-map""}"
1.1.0,formula,O007-FREMLIN-V2-S244-FORMULA-1265,O007-FREMLIN-V2-S244,O007-RIGHTS-FREMLIN-DSL,O007-FREMLIN-V2-S244-SEG-244YL,1265,244Yl,244Yl,1470,1507,54173,54181,58037,58045,\Sigma,\Sigma,d65d75b1e6562713a3936bb38fdfe6832fb5b96c946de58f7ce0992057665aa8,d65d75b1e6562713a3936bb38fdfe6832fb5b96c946de58f7ce0992057665aa8,d65d75b1e6562713a3936bb38fdfe6832fb5b96c946de58f7ce0992057665aa8,$,,d65d75b1e6562713a3936bb38fdfe6832fb5b96c946de58f7ce0992057665aa8,d65d75b1e6562713a3936bb38fdfe6832fb5b96c946de58f7ce0992057665aa8,"{""basis"":""ordered nested-math atom; exact symbolic replay"",""kind"":""source-target-formula-map""}"
1.1.0,formula,O007-FREMLIN-V2-S244-FORMULA-1266,O007-FREMLIN-V2-S244,O007-RIGHTS-FREMLIN-DSL,O007-FREMLIN-V2-S244-SEG-244YL,1266,244Yl,244Yl,1472,1509,54256,54291,58137,58172,P:L^2(\mu)\to L^2(\mu\restrp\Tau),P:L^2(\mu)\to L^2(\mu\restrp\Tau),ccfb8fbda9308be7adc6c5d49fd2fca61c85e619a7477e2e31c9ef77c3f674b8,ccfb8fbda9308be7adc6c5d49fd2fca61c85e619a7477e2e31c9ef77c3f674b8,b6b6b9c204df674b04d5c0edcb2b64696545aa2182f236aa0f4f8186bb5a7088,$,,b6b6b9c204df674b04d5c0edcb2b64696545aa2182f236aa0f4f8186bb5a7088,b6b6b9c204df674b04d5c0edcb2b64696545aa2182f236aa0f4f8186bb5a7088,"{""basis"":""ordered nested-math atom; exact symbolic replay"",""kind"":""source-target-formula-map""}"
1.1.0,formula,O007-FREMLIN-V2-S244-FORMULA-1267,O007-FREMLIN-V2-S244,O007-RIGHTS-FREMLIN-DSL,O007-FREMLIN-V2-S244-SEG-244YL,1267,244Yl,244Yl,1473,1510,54302,54320,58193,58211,\int_FPu=\int_Fu,\int_FPu=\int_Fu,7dd94bc1d3c9d02d0c43932a624b74ab402aa7f93c493762377ccb67ca9852cd,7dd94bc1d3c9d02d0c43932a624b74ab402aa7f93c493762377ccb67ca9852cd,7dd94bc1d3c9d02d0c43932a624b74ab402aa7f93c493762377ccb67ca9852cd,$,,7dd94bc1d3c9d02d0c43932a624b74ab402aa7f93c493762377ccb67ca9852cd,7dd94bc1d3c9d02d0c43932a624b74ab402aa7f93c493762377ccb67ca9852cd,"{""basis"":""ordered nested-math atom; exact symbolic replay"",""kind"":""source-target-formula-map""}"
1.1.0,formula,O007-FREMLIN-V2-S244-FORMULA-1268,O007-FREMLIN-V2-S244,O007-RIGHTS-FREMLIN-DSL,O007-FREMLIN-V2-S244-SEG-244YL,1268,244Yl,244Yl,1473,1510,54331,54346,58225,58240,u\in L^2(\mu),u\in L^2(\mu),341590ed84ef9b29ed6babb64521af1c503bfdf90f393f01cf25e1e714b6c006,341590ed84ef9b29ed6babb64521af1c503bfdf90f393f01cf25e1e714b6c006,ccea9a42d2d63ff0aa2abaa2dfc15a9078df98e0c1b38d1c073021ee92cabdfd,$,,ccea9a42d2d63ff0aa2abaa2dfc15a9078df98e0c1b38d1c073021ee92cabdfd,ccea9a42d2d63ff0aa2abaa2dfc15a9078df98e0c1b38d1c073021ee92cabdfd,"{""basis"":""ordered nested-math atom; exact symbolic replay"",""kind"":""source-target-formula-map""}"
1.1.0,formula,O007-FREMLIN-V2-S244-FORMULA-1269,O007-FREMLIN-V2-S244,O007-RIGHTS-FREMLIN-DSL,O007-FREMLIN-V2-S244-SEG-244YL,1269,244Yl,244Yl,1473,1510,54351,54361,58245,58255,F\in\Tau,F\in\Tau,1c89dd885b17d49d2d61b2430cf1f8956e6b04ce6f3295ea1c11ffbf00b7fb98,1c89dd885b17d49d2d61b2430cf1f8956e6b04ce6f3295ea1c11ffbf00b7fb98,1c89dd885b17d49d2d61b2430cf1f8956e6b04ce6f3295ea1c11ffbf00b7fb98,$,,1c89dd885b17d49d2d61b2430cf1f8956e6b04ce6f3295ea1c11ffbf00b7fb98,1c89dd885b17d49d2d61b2430cf1f8956e6b04ce6f3295ea1c11ffbf00b7fb98,"{""basis"":""ordered nested-math atom; exact symbolic replay"",""kind"":""source-target-formula-map""}"
1.1.0,formula,O007-FREMLIN-V2-S244-FORMULA-1270,O007-FREMLIN-V2-S244,O007-RIGHTS-FREMLIN-DSL,O007-FREMLIN-V2-S244-SEG-244YL,1270,244Yl,244Yl,1474,1511,54375,54384,58273,58282,Pu\ge 0,Pu\ge 0,56d1107c3a910222063bf38ce57eeb16fa4f0d5582dcf0285dfddeb66d52cad7,56d1107c3a910222063bf38ce57eeb16fa4f0d5582dcf0285dfddeb66d52cad7,8266c80497c0be227e8950f8054be12d9b3c960096d63b817a2b136fdb037d4c,$,,8266c80497c0be227e8950f8054be12d9b3c960096d63b817a2b136fdb037d4c,8266c80497c0be227e8950f8054be12d9b3c960096d63b817a2b136fdb037d4c,"{""basis"":""ordered nested-math atom; exact symbolic replay"",""kind"":""source-target-formula-map""}"
1.1.0,formula,O007-FREMLIN-V2-S244-FORMULA-1271,O007-FREMLIN-V2-S244,O007-RIGHTS-FREMLIN-DSL,O007-FREMLIN-V2-S244-SEG-244YL,1271,244Yl,244Yl,1474,1511,54394,54402,58295,58303,u\ge 0,u\ge 0,d10803733426f9dd2742131cc72ccefa1d1e8035f6a66da6085050e3678d0783,d10803733426f9dd2742131cc72ccefa1d1e8035f6a66da6085050e3678d0783,8a4316f560fc390b9a600e5415d9ca5598a0e249d941c0b08349b20269816764,$,,8a4316f560fc390b9a600e5415d9ca5598a0e249d941c0b08349b20269816764,8a4316f560fc390b9a600e5415d9ca5598a0e249d941c0b08349b20269816764,"{""basis"":""ordered nested-math atom; exact symbolic replay"",""kind"":""source-target-formula-map""}"
1.1.0,formula,O007-FREMLIN-V2-S244-FORMULA-1272,O007-FREMLIN-V2-S244,O007-RIGHTS-FREMLIN-DSL,O007-FREMLIN-V2-S244-SEG-244YL,1272,244Yl,244Yl,1474,1512,54412,54428,58314,58330,\int Pu=\int u,\int Pu=\int u,1960084718444cb2f4ee820b2f14dbfc150505a6a5936d4bd2165c4389ac32df,1960084718444cb2f4ee820b2f14dbfc150505a6a5936d4bd2165c4389ac32df,b5c9cef808a1cd0029fbf72ae581f9baaa8458baef0e2215d4d8637eb5948596,$,,b5c9cef808a1cd0029fbf72ae581f9baaa8458baef0e2215d4d8637eb5948596,b5c9cef808a1cd0029fbf72ae581f9baaa8458baef0e2215d4d8637eb5948596,"{""basis"":""ordered nested-math atom; exact symbolic replay"",""kind"":""source-target-formula-map""}"
1.1.0,formula,O007-FREMLIN-V2-S244-FORMULA-1273,O007-FREMLIN-V2-S244,O007-RIGHTS-FREMLIN-DSL,O007-FREMLIN-V2-S244-SEG-244YL,1273,244Yl,244Yl,1475,1512,54439,54442,58344,58347,u,u,0bfe935e70c321c7ca3afc75ce0d0ca2f98b5422e008bb31c00c6d7f1f1c0ad6,0bfe935e70c321c7ca3afc75ce0d0ca2f98b5422e008bb31c00c6d7f1f1c0ad6,0bfe935e70c321c7ca3afc75ce0d0ca2f98b5422e008bb31c00c6d7f1f1c0ad6,$,,0bfe935e70c321c7ca3afc75ce0d0ca2f98b5422e008bb31c00c6d7f1f1c0ad6,0bfe935e70c321c7ca3afc75ce0d0ca2f98b5422e008bb31c00c6d7f1f1c0ad6,"{""basis"":""ordered nested-math atom; exact symbolic replay"",""kind"":""source-target-formula-map""}"
1.1.0,formula,O007-FREMLIN-V2-S244-FORMULA-1274,O007-FREMLIN-V2-S244,O007-RIGHTS-FREMLIN-DSL,O007-FREMLIN-V2-S244-SEG-244YL,1274,244Yl,244Yl,1475,1512,54452,54455,58358,58361,P,P,5c62e091b8c0565f1bafad0dad5934276143ae2ccef7a5381e8ada5b1a8d26d2,5c62e091b8c0565f1bafad0dad5934276143ae2ccef7a5381e8ada5b1a8d26d2,5c62e091b8c0565f1bafad0dad5934276143ae2ccef7a5381e8ada5b1a8d26d2,$,,5c62e091b8c0565f1bafad0dad5934276143ae2ccef7a5381e8ada5b1a8d26d2,5c62e091b8c0565f1bafad0dad5934276143ae2ccef7a5381e8ada5b1a8d26d2,"{""basis"":""ordered nested-math atom; exact symbolic replay"",""kind"":""source-target-formula-map""}"
1.1.0,formula,O007-FREMLIN-V2-S244-FORMULA-1275,O007-FREMLIN-V2-S244,O007-RIGHTS-FREMLIN-DSL,O007-FREMLIN-V2-S244-SEG-244YL,1275,244Yl,244Yl,1476,1513,54509,54519,58423,58433,L^1(\mu),L^1(\mu),c298a9b22637cab2ddf875b51aa3a519e263992fe1ddd1161348aa0add8982e3,c298a9b22637cab2ddf875b51aa3a519e263992fe1ddd1161348aa0add8982e3,c298a9b22637cab2ddf875b51aa3a519e263992fe1ddd1161348aa0add8982e3,$,,c298a9b22637cab2ddf875b51aa3a519e263992fe1ddd1161348aa0add8982e3,c298a9b22637cab2ddf875b51aa3a519e263992fe1ddd1161348aa0add8982e3,"{""basis"":""ordered nested-math atom; exact symbolic replay"",""kind"":""source-target-formula-map""}"
1.1.0,formula,O007-FREMLIN-V2-S244-FORMULA-1276,O007-FREMLIN-V2-S244,O007-RIGHTS-FREMLIN-DSL,O007-FREMLIN-V2-S244-SEG-244YL,1276,244Yl,244Yl,1476,1514,54525,54546,58439,58460,L^1(\mu\restrp\Tau),L^1(\mu\restrp\Tau),cec7072b3b4e857c71513219781f02133de5a774c7fc8f456547516289c64051,cec7072b3b4e857c71513219781f02133de5a774c7fc8f456547516289c64051,cec7072b3b4e857c71513219781f02133de5a774c7fc8f456547516289c64051,$,,cec7072b3b4e857c71513219781f02133de5a774c7fc8f456547516289c64051,cec7072b3b4e857c71513219781f02133de5a774c7fc8f456547516289c64051,"{""basis"":""ordered nested-math atom; exact symbolic replay"",""kind"":""source-target-formula-map""}"
1.1.0,formula,O007-FREMLIN-V2-S244-FORMULA-1277,O007-FREMLIN-V2-S244,O007-RIGHTS-FREMLIN-DSL,O007-FREMLIN-V2-S244-SEG-244YM,1277,244Ym,244Ym,1481,1519,54726,54764,58643,58681,"C=\coint{0,\infty}^2\subseteq\BbbR^2","C=\coint{0,\infty}^2\subseteq\BbbR^2",24e4fad9ee78476a2309b8b89ec13b257b90827212f4753665ece5a1d741e7e7,24e4fad9ee78476a2309b8b89ec13b257b90827212f4753665ece5a1d741e7e7,24e4fad9ee78476a2309b8b89ec13b257b90827212f4753665ece5a1d741e7e7,$,,24e4fad9ee78476a2309b8b89ec13b257b90827212f4753665ece5a1d741e7e7,24e4fad9ee78476a2309b8b89ec13b257b90827212f4753665ece5a1d741e7e7,"{""basis"":""ordered nested-math atom; exact symbolic replay"",""kind"":""source-target-formula-map""}"
1.1.0,formula,O007-FREMLIN-V2-S244-FORMULA-1278,O007-FREMLIN-V2-S244,O007-RIGHTS-FREMLIN-DSL,O007-FREMLIN-V2-S244-SEG-244YM,1278,244Ym,244Ym,1482,1520,54772,54789,58692,58709,\phi:C\to\Bbb R,\phi:C\to\Bbb R,fe7aba8068662e7e24d8188dc799933868d3f0c9c194fd9afc03453c62250714,fe7aba8068662e7e24d8188dc799933868d3f0c9c194fd9afc03453c62250714,3a11aafba515bbbd2cc791402efe78d9f2ff7f06f2563a7c92417e5066c10bde,$,,3a11aafba515bbbd2cc791402efe78d9f2ff7f06f2563a7c92417e5066c10bde,3a11aafba515bbbd2cc791402efe78d9f2ff7f06f2563a7c92417e5066c10bde,"{""basis"":""ordered nested-math atom; exact symbolic replay"",""kind"":""source-target-formula-map""}"
1.1.0,formula,O007-FREMLIN-V2-S244-FORMULA-1279,O007-FREMLIN-V2-S244,O007-RIGHTS-FREMLIN-DSL,O007-FREMLIN-V2-S244-SEG-244YM,1279,244Ym,244Ym,1483,1521,54825,54844,58751,58770,\phi(tz)=t\phi(z),\phi(tz)=t\phi(z),e047da26a1f02554c1be88d9dfb000a8ecb11734833ad720276d45ed119008d3,e047da26a1f02554c1be88d9dfb000a8ecb11734833ad720276d45ed119008d3,e047da26a1f02554c1be88d9dfb000a8ecb11734833ad720276d45ed119008d3,$,,e047da26a1f02554c1be88d9dfb000a8ecb11734833ad720276d45ed119008d3,e047da26a1f02554c1be88d9dfb000a8ecb11734833ad720276d45ed119008d3,"{""basis"":""ordered nested-math atom; exact symbolic replay"",""kind"":""source-target-formula-map""}"
1.1.0,formula,O007-FREMLIN-V2-S244-FORMULA-1280,O007-FREMLIN-V2-S244,O007-RIGHTS-FREMLIN-DSL,O007-FREMLIN-V2-S244-SEG-244YM,1280,244Ym,244Ym,1483,1521,54853,54861,58783,58791,z\in C,z\in C,9a2e35acfa95b93e26907347ebb761f398fe112c8fe1ce718a0e89c2d129fb8f,9a2e35acfa95b93e26907347ebb761f398fe112c8fe1ce718a0e89c2d129fb8f,249d3a76368161a52121dddc69b0b80aff52f300553206e19f566dfacecfd83e,$,,249d3a76368161a52121dddc69b0b80aff52f300553206e19f566dfacecfd83e,249d3a76368161a52121dddc69b0b80aff52f300553206e19f566dfacecfd83e,"{""basis"":""ordered nested-math atom; exact symbolic replay"",""kind"":""source-target-formula-map""}"
1.1.0,formula,O007-FREMLIN-V2-S244-FORMULA-1281,O007-FREMLIN-V2-S244,O007-RIGHTS-FREMLIN-DSL,O007-FREMLIN-V2-S244-SEG-244YM,1281,244Ym,244Ym,1484,1522,54873,54879,58809,58815,\phi,\phi,10ce0200b450ea955833553e717821c7721818b8a95cffd7e54b46e08918b512,10ce0200b450ea955833553e717821c7721818b8a95cffd7e54b46e08918b512,10ce0200b450ea955833553e717821c7721818b8a95cffd7e54b46e08918b512,$,,10ce0200b450ea955833553e717821c7721818b8a95cffd7e54b46e08918b512,10ce0200b450ea955833553e717821c7721818b8a95cffd7e54b46e08918b512,"{""basis"":""ordered nested-math atom; exact symbolic replay"",""kind"":""source-target-formula-map""}"
1.1.0,formula,O007-FREMLIN-V2-S244-FORMULA-1282,O007-FREMLIN-V2-S244,O007-RIGHTS-FREMLIN-DSL,O007-FREMLIN-V2-S244-SEG-244YM,1282,244Ym,244Ym,1485,1523,54915,54960,58862,58907,"t\mapsto\phi(1,t):\coint{0,\infty}\to\Bbb R","t\mapsto\phi(1,t):\coint{0,\infty}\to\Bbb R",b9b75dcd1b922f46e0ad101c5ec5e5d1cf9acc07b1415c2d43a8f9bd7d72fefb,b9b75dcd1b922f46e0ad101c5ec5e5d1cf9acc07b1415c2d43a8f9bd7d72fefb,345f9cd924d604e2caeb178c1b60642f341f9ef01abb3a3942c44b3e07a98430,$,,345f9cd924d604e2caeb178c1b60642f341f9ef01abb3a3942c44b3e07a98430,345f9cd924d604e2caeb178c1b60642f341f9ef01abb3a3942c44b3e07a98430,"{""basis"":""ordered nested-math atom; exact symbolic replay"",""kind"":""source-target-formula-map""}"
1.1.0,formula,O007-FREMLIN-V2-S244-FORMULA-1283,O007-FREMLIN-V2-S244,O007-RIGHTS-FREMLIN-DSL,O007-FREMLIN-V2-S244-SEG-244YM,1283,244Ym,244Ym,1486,1524,54990,55012,58943,58965,"p\in\ooint{1,\infty}","p\in\ooint{1,\infty}",b26ec130e99a291da75f46354a0a86a5b604537ec8e83ade5c90b74f8a59770e,b26ec130e99a291da75f46354a0a86a5b604537ec8e83ade5c90b74f8a59770e,b26ec130e99a291da75f46354a0a86a5b604537ec8e83ade5c90b74f8a59770e,$,,b26ec130e99a291da75f46354a0a86a5b604537ec8e83ade5c90b74f8a59770e,b26ec130e99a291da75f46354a0a86a5b604537ec8e83ade5c90b74f8a59770e,"{""basis"":""ordered nested-math atom; exact symbolic replay"",""kind"":""source-target-formula-map""}"
1.1.0,formula,O007-FREMLIN-V2-S244-FORMULA-1284,O007-FREMLIN-V2-S244,O007-RIGHTS-FREMLIN-DSL,O007-FREMLIN-V2-S244-SEG-244YM,1284,244Ym,244Ym,1486,1525,55017,55035,58970,58988,q=\bover{p}{p-1},q=\bover{p}{p-1},1423d16db2757d081b7e76dbe8fe04fa3fa4eee97ad08d9832b179cc2669a67b,1423d16db2757d081b7e76dbe8fe04fa3fa4eee97ad08d9832b179cc2669a67b,1423d16db2757d081b7e76dbe8fe04fa3fa4eee97ad08d9832b179cc2669a67b,$,,1423d16db2757d081b7e76dbe8fe04fa3fa4eee97ad08d9832b179cc2669a67b,1423d16db2757d081b7e76dbe8fe04fa3fa4eee97ad08d9832b179cc2669a67b,"{""basis"":""ordered nested-math atom; exact symbolic replay"",""kind"":""source-target-formula-map""}"
1.1.0,formula,O007-FREMLIN-V2-S244-FORMULA-1285,O007-FREMLIN-V2-S244,O007-RIGHTS-FREMLIN-DSL,O007-FREMLIN-V2-S244-SEG-244YM,1285,244Ym,244Ym,1487,1525,55041,55071,58995,59025,"(s,t)\mapsto -s^{1/p}t^{1/q}","(s,t)\mapsto -s^{1/p}t^{1/q}",193a91e97c0f624ccf10f4bf97db5c985ada55317ce7ea5d48a4edeb65087508,193a91e97c0f624ccf10f4bf97db5c985ada55317ce7ea5d48a4edeb65087508,f73d716593a6e52fa80162b88927b3baeac0531c94d6d798f242d569b16aa371,$,,f73d716593a6e52fa80162b88927b3baeac0531c94d6d798f242d569b16aa371,f73d716593a6e52fa80162b88927b3baeac0531c94d6d798f242d569b16aa371,"{""basis"":""ordered nested-math atom; exact symbolic replay"",""kind"":""source-target-formula-map""}"
1.1.0,formula,O007-FREMLIN-V2-S244-FORMULA-1286,O007-FREMLIN-V2-S244,O007-RIGHTS-FREMLIN-DSL,O007-FREMLIN-V2-S244-SEG-244YM,1286,244Ym,244Ym,1488,1526,55073,55119,59027,59073,"(s,t)\mapsto -(s^{1/p}+t^{1/p})^p:C\to\Bbb R","(s,t)\mapsto -(s^{1/p}+t^{1/p})^p:C\to\Bbb R",ea6d82ccbdb8e00229e19c7df1f63f3edb9892491343bf58e20d18a3e0088c2b,ea6d82ccbdb8e00229e19c7df1f63f3edb9892491343bf58e20d18a3e0088c2b,d5b458bb0be2a18a3d4885be194e273bc833de152c48ae23c069920bcd867b0b,$,,d5b458bb0be2a18a3d4885be194e273bc833de152c48ae23c069920bcd867b0b,d5b458bb0be2a18a3d4885be194e273bc833de152c48ae23c069920bcd867b0b,"{""basis"":""ordered nested-math atom; exact symbolic replay"",""kind"":""source-target-formula-map""}"
1.1.0,formula,O007-FREMLIN-V2-S244-FORMULA-1287,O007-FREMLIN-V2-S244,O007-RIGHTS-FREMLIN-DSL,O007-FREMLIN-V2-S244-SEG-244YM,1287,244Ym,244Ym,1489,1527,55151,55162,59110,59121,"p\in[1,2]","p\in[1,2]",9599a14059a63d2563d8ef4e2cc5a3516d8f40217f703cb13f9c91c3f84c0f8b,9599a14059a63d2563d8ef4e2cc5a3516d8f40217f703cb13f9c91c3f84c0f8b,9599a14059a63d2563d8ef4e2cc5a3516d8f40217f703cb13f9c91c3f84c0f8b,$,,9599a14059a63d2563d8ef4e2cc5a3516d8f40217f703cb13f9c91c3f84c0f8b,9599a14059a63d2563d8ef4e2cc5a3516d8f40217f703cb13f9c91c3f84c0f8b,"{""basis"":""ordered nested-math atom; exact symbolic replay"",""kind"":""source-target-formula-map""}"
1.1.0,formula,O007-FREMLIN-V2-S244-FORMULA-1288,O007-FREMLIN-V2-S244,O007-RIGHTS-FREMLIN-DSL,O007-FREMLIN-V2-S244-SEG-244YM,1288,244Ym,244Ym,1490,1528,55168,55221,59128,59181,"(s,t)\mapsto|s^{1/p}+t^{1/p}|^p+|s^{1/p}-t^{1/p}|^p","(s,t)\mapsto|s^{1/p}+t^{1/p}|^p+|s^{1/p}-t^{1/p}|^p",43344aa63ff7bd226751f6717099657caa1d36bcad5c32f91e976c59d2bf8679,43344aa63ff7bd226751f6717099657caa1d36bcad5c32f91e976c59d2bf8679,43344aa63ff7bd226751f6717099657caa1d36bcad5c32f91e976c59d2bf8679,$,,43344aa63ff7bd226751f6717099657caa1d36bcad5c32f91e976c59d2bf8679,43344aa63ff7bd226751f6717099657caa1d36bcad5c32f91e976c59d2bf8679,"{""basis"":""ordered nested-math atom; exact symbolic replay"",""kind"":""source-target-formula-map""}"
1.1.0,formula,O007-FREMLIN-V2-S244-FORMULA-1289,O007-FREMLIN-V2-S244,O007-RIGHTS-FREMLIN-DSL,O007-FREMLIN-V2-S244-SEG-244YM,1289,244Ym,244Ym,1491,1529,55251,55273,59217,59239,"p\in\coint{2,\infty}","p\in\coint{2,\infty}",a18010da9d1565715ee3677c11b803bf82ce92ca0c3d903fc2947b72361ed58e,a18010da9d1565715ee3677c11b803bf82ce92ca0c3d903fc2947b72361ed58e,a18010da9d1565715ee3677c11b803bf82ce92ca0c3d903fc2947b72361ed58e,$,,a18010da9d1565715ee3677c11b803bf82ce92ca0c3d903fc2947b72361ed58e,a18010da9d1565715ee3677c11b803bf82ce92ca0c3d903fc2947b72361ed58e,"{""basis"":""ordered nested-math atom; exact symbolic replay"",""kind"":""source-target-formula-map""}"
1.1.0,formula,O007-FREMLIN-V2-S244-FORMULA-1290,O007-FREMLIN-V2-S244,O007-RIGHTS-FREMLIN-DSL,O007-FREMLIN-V2-S244-SEG-244YM,1290,244Ym,244Ym,1492,1530,55279,55334,59246,59301,"(s,t)\mapsto -|s^{1/p}+t^{1/p}|^p-|s^{1/p}-t^{1/p}|^p","(s,t)\mapsto -|s^{1/p}+t^{1/p}|^p-|s^{1/p}-t^{1/p}|^p",9db9d2df1516f9fdc997066b91489aa5bb1d3bf5f7cf75209a47b27ebccf9786,9db9d2df1516f9fdc997066b91489aa5bb1d3bf5f7cf75209a47b27ebccf9786,000fc6fcd5c5b22f636c08537cf4ea88a1be9ab14037548e90ff49b607d02beb,$,,000fc6fcd5c5b22f636c08537cf4ea88a1be9ab14037548e90ff49b607d02beb,000fc6fcd5c5b22f636c08537cf4ea88a1be9ab14037548e90ff49b607d02beb,"{""basis"":""ordered nested-math atom; exact symbolic replay"",""kind"":""source-target-formula-map""}"
1.1.0,formula,O007-FREMLIN-V2-S244-FORMULA-1291,O007-FREMLIN-V2-S244,O007-RIGHTS-FREMLIN-DSL,O007-FREMLIN-V2-S244-SEG-244YN,1291,244Yn,244Yn,1500,1539,55636,55639,59663,59666,U,U,a25513c7e0f6eaa80a3337ee18081b9e2ed09e00af8531c8f7bb2542764027e7,a25513c7e0f6eaa80a3337ee18081b9e2ed09e00af8531c8f7bb2542764027e7,a25513c7e0f6eaa80a3337ee18081b9e2ed09e00af8531c8f7bb2542764027e7,$,,a25513c7e0f6eaa80a3337ee18081b9e2ed09e00af8531c8f7bb2542764027e7,a25513c7e0f6eaa80a3337ee18081b9e2ed09e00af8531c8f7bb2542764027e7,"{""basis"":""ordered nested-math atom; exact symbolic replay"",""kind"":""source-target-formula-map""}"
1.1.0,formula,O007-FREMLIN-V2-S244-FORMULA-1292,O007-FREMLIN-V2-S244,O007-RIGHTS-FREMLIN-DSL,O007-FREMLIN-V2-S244-SEG-244YN,1292,244Yn,244Yn,1500,1540,55676,55690,59703,59717,C\subseteq U,C\subseteq U,f26b76a477df0ed9b61a64b0756d9f762620e3f6623308b555cbede297aa6805,f26b76a477df0ed9b61a64b0756d9f762620e3f6623308b555cbede297aa6805,d5e94ed1267f1c8e01dcc048dbedb8deaba3f4377b8205bed1efbf1366105947,$,,d5e94ed1267f1c8e01dcc048dbedb8deaba3f4377b8205bed1efbf1366105947,d5e94ed1267f1c8e01dcc048dbedb8deaba3f4377b8205bed1efbf1366105947,"{""basis"":""ordered nested-math atom; exact symbolic replay"",""kind"":""source-target-formula-map""}"
1.1.0,formula,O007-FREMLIN-V2-S244-FORMULA-1293,O007-FREMLIN-V2-S244,O007-RIGHTS-FREMLIN-DSL,O007-FREMLIN-V2-S244-SEG-244YN,1293,244Yn,244Yn,1501,1540,55726,55734,59766,59774,u\in U,u\in U,f5003b08066c86ea81216c666fc17a71413b0926de9d78ecfa80fe78eb1fb52e,f5003b08066c86ea81216c666fc17a71413b0926de9d78ecfa80fe78eb1fb52e,3204c5a05d7faa27d93954b1f45c112c0dbc4c619eb3bf1f3fab151bc0d72689,$,,3204c5a05d7faa27d93954b1f45c112c0dbc4c619eb3bf1f3fab151bc0d72689,3204c5a05d7faa27d93954b1f45c112c0dbc4c619eb3bf1f3fab151bc0d72689,"{""basis"":""ordered nested-math atom; exact symbolic replay"",""kind"":""source-target-formula-map""}"
1.1.0,formula,O007-FREMLIN-V2-S244-FORMULA-1294,O007-FREMLIN-V2-S244,O007-RIGHTS-FREMLIN-DSL,O007-FREMLIN-V2-S244-SEG-244YN,1294,244Yn,244Yn,1501,1541,55766,55776,59812,59822,v_0\in C,v_0\in C,3140fa9e42791bad69b6f609e3f8ce95892a1e7e57d9a95ea21e814e065349eb,3140fa9e42791bad69b6f609e3f8ce95892a1e7e57d9a95ea21e814e065349eb,c316a3237afe38f2212303ac53eb90b2ee0320b316521ba421b49cf55afd45e6,$,,c316a3237afe38f2212303ac53eb90b2ee0320b316521ba421b49cf55afd45e6,c316a3237afe38f2212303ac53eb90b2ee0320b316521ba421b49cf55afd45e6,"{""basis"":""ordered nested-math atom; exact symbolic replay"",""kind"":""source-target-formula-map""}"
1.1.0,formula,O007-FREMLIN-V2-S244-FORMULA-1295,O007-FREMLIN-V2-S244,O007-RIGHTS-FREMLIN-DSL,O007-FREMLIN-V2-S244-SEG-244YN,1295,244Yn,244Yn,1502,1542,55787,55819,59843,59875,\|u-v_0\|=\inf_{v\in C}\|u-v\|,\|u-v_0\|=\inf_{v\in C}\|u-v\|,8f50efc1afc7bbec5a412b7191907afe910a651e8d9a92a19b20e45f055d44c4,8f50efc1afc7bbec5a412b7191907afe910a651e8d9a92a19b20e45f055d44c4,0195038c7755c18627eb9f59858b794337627b12a772a8cdaa13c12ed4c45708,$,,0195038c7755c18627eb9f59858b794337627b12a772a8cdaa13c12ed4c45708,0195038c7755c18627eb9f59858b794337627b12a772a8cdaa13c12ed4c45708,"{""basis"":""ordered nested-math atom; exact symbolic replay"",""kind"":""source-target-formula-map""}"
1.1.0,formula,O007-FREMLIN-V2-S244-FORMULA-1296,O007-FREMLIN-V2-S244,O007-RIGHTS-FREMLIN-DSL,O007-FREMLIN-V2-S244-SEG-244YN,1296,244Yn,244Yn,1503,1543,55831,55834,59892,59895,U,U,a25513c7e0f6eaa80a3337ee18081b9e2ed09e00af8531c8f7bb2542764027e7,a25513c7e0f6eaa80a3337ee18081b9e2ed09e00af8531c8f7bb2542764027e7,a25513c7e0f6eaa80a3337ee18081b9e2ed09e00af8531c8f7bb2542764027e7,$,,a25513c7e0f6eaa80a3337ee18081b9e2ed09e00af8531c8f7bb2542764027e7,a25513c7e0f6eaa80a3337ee18081b9e2ed09e00af8531c8f7bb2542764027e7,"{""basis"":""ordered nested-math atom; exact symbolic replay"",""kind"":""source-target-formula-map""}"
1.1.0,formula,O007-FREMLIN-V2-S244-FORMULA-1297,O007-FREMLIN-V2-S244,O007-RIGHTS-FREMLIN-DSL,O007-FREMLIN-V2-S244-SEG-244YN,1297,244Yn,244Yn,1503,1544,55875,55889,59936,59950,A\subseteq U,A\subseteq U,6a75ee61a94b37f2ec3c9ca62c8cdd3cf97a46c61e92e0c9e843ddcc67877676,6a75ee61a94b37f2ec3c9ca62c8cdd3cf97a46c61e92e0c9e843ddcc67877676,1586293c7087ed439fc59a540192b52e60b31b4eb774fd0dd9b536cfe3277228,$,,1586293c7087ed439fc59a540192b52e60b31b4eb774fd0dd9b536cfe3277228,1586293c7087ed439fc59a540192b52e60b31b4eb774fd0dd9b536cfe3277228,"{""basis"":""ordered nested-math atom; exact symbolic replay"",""kind"":""source-target-formula-map""}"
1.1.0,formula,O007-FREMLIN-V2-S244-FORMULA-1298,O007-FREMLIN-V2-S244,O007-RIGHTS-FREMLIN-DSL,O007-FREMLIN-V2-S244-SEG-244YN,1298,244Yn,244Yn,1504,1545,55921,55945,59996,60020,\delta_0=\inf\{\delta:,\delta_0=\inf\{\delta:,e2f14ed8e83e768c0d12b597c808494717751d41131e1046da16c78720069e46,e2f14ed8e83e768c0d12b597c808494717751d41131e1046da16c78720069e46,e2f14ed8e83e768c0d12b597c808494717751d41131e1046da16c78720069e46,$,,e2f14ed8e83e768c0d12b597c808494717751d41131e1046da16c78720069e46,e2f14ed8e83e768c0d12b597c808494717751d41131e1046da16c78720069e46,"{""basis"":""ordered nested-math atom; exact symbolic replay"",""kind"":""source-target-formula-map""}"
1.1.0,formula,O007-FREMLIN-V2-S244-FORMULA-1299,O007-FREMLIN-V2-S244,O007-RIGHTS-FREMLIN-DSL,O007-FREMLIN-V2-S244-SEG-244YN,1299,244Yn,244Yn,1505,1545,55960,55968,60030,60038,u\in U,u\in U,f5003b08066c86ea81216c666fc17a71413b0926de9d78ecfa80fe78eb1fb52e,f5003b08066c86ea81216c666fc17a71413b0926de9d78ecfa80fe78eb1fb52e,3204c5a05d7faa27d93954b1f45c112c0dbc4c619eb3bf1f3fab151bc0d72689,$,,3204c5a05d7faa27d93954b1f45c112c0dbc4c619eb3bf1f3fab151bc0d72689,3204c5a05d7faa27d93954b1f45c112c0dbc4c619eb3bf1f3fab151bc0d72689,"{""basis"":""ordered nested-math atom; exact symbolic replay"",""kind"":""source-target-formula-map""}"
1.1.0,formula,O007-FREMLIN-V2-S244-FORMULA-1300,O007-FREMLIN-V2-S244,O007-RIGHTS-FREMLIN-DSL,O007-FREMLIN-V2-S244-SEG-244YN,1300,244Yn,244Yn,1505,1546,55979,56028,60059,60108,"A\subseteq B(u,\delta)=\{v:\|v-u\|\le\delta\}\}","A\subseteq B(u,\delta)=\{v:\|v-u\|\le\delta\}\}",48a9f2af7c09f69ba1950eb0d17da80da57cccd344d43bc21a3a730b2a88e3b9,48a9f2af7c09f69ba1950eb0d17da80da57cccd344d43bc21a3a730b2a88e3b9,9e4fa49c08e97d42dced4b50d28ddf5b42b2811003527489d001ff088f46f7db,$,,9e4fa49c08e97d42dced4b50d28ddf5b42b2811003527489d001ff088f46f7db,9e4fa49c08e97d42dced4b50d28ddf5b42b2811003527489d001ff088f46f7db,"{""basis"":""ordered nested-math atom; exact symbolic replay"",""kind"":""source-target-formula-map""}"
1.1.0,formula,O007-FREMLIN-V2-S244-FORMULA-1301,O007-FREMLIN-V2-S244,O007-RIGHTS-FREMLIN-DSL,O007-FREMLIN-V2-S244-SEG-244YN,1301,244Yn,244Yn,1507,1547,56058,56068,60146,60156,u_0\in U,u_0\in U,7e3fc032a263a5c61c03b3a1b7a1df090d650fac35e1839cfe771dd558b7749c,7e3fc032a263a5c61c03b3a1b7a1df090d650fac35e1839cfe771dd558b7749c,2a2b4232ce9c346fddd5e2cac084b0221c231abcbbc4e535df8c38df5669b0f4,$,,2a2b4232ce9c346fddd5e2cac084b0221c231abcbbc4e535df8c38df5669b0f4,2a2b4232ce9c346fddd5e2cac084b0221c231abcbbc4e535df8c38df5669b0f4,"{""basis"":""ordered nested-math atom; exact symbolic replay"",""kind"":""source-target-formula-map""}"
1.1.0,formula,O007-FREMLIN-V2-S244-FORMULA-1302,O007-FREMLIN-V2-S244,O007-RIGHTS-FREMLIN-DSL,O007-FREMLIN-V2-S244-SEG-244YN,1302,244Yn,244Yn,1507,1548,56079,56107,60177,60205,"A\subseteq B(u_0,\delta_0)","A\subseteq B(u_0,\delta_0)",89a4297dbe3b30184f457f3e2b8a8c902462c5896f63c6299980b20306e370ea,89a4297dbe3b30184f457f3e2b8a8c902462c5896f63c6299980b20306e370ea,b5a22daefe3cf8ddbcecb214c2e55f89ca658761524139f4e392965fc64e3cba,$,,b5a22daefe3cf8ddbcecb214c2e55f89ca658761524139f4e392965fc64e3cba,b5a22daefe3cf8ddbcecb214c2e55f89ca658761524139f4e392965fc64e3cba,"{""basis"":""ordered nested-math atom; exact symbolic replay"",""kind"":""source-target-formula-map""}"
1.1.0,formula,O007-FREMLIN-V2-S244-FORMULA-1303,O007-FREMLIN-V2-S244,O007-RIGHTS-FREMLIN-DSL,O007-FREMLIN-V2-S244-SEG-244YO,1303,244Yo,244Yo,1510,1551,56149,56165,60252,60268,"(X,\Sigma,\mu)","(X,\Sigma,\mu)",05e9b769403b4c7926a944d5aaa03f00bb216412bc3f850e41b3c28de657aa67,05e9b769403b4c7926a944d5aaa03f00bb216412bc3f850e41b3c28de657aa67,05e9b769403b4c7926a944d5aaa03f00bb216412bc3f850e41b3c28de657aa67,$,,05e9b769403b4c7926a944d5aaa03f00bb216412bc3f850e41b3c28de657aa67,05e9b769403b4c7926a944d5aaa03f00bb216412bc3f850e41b3c28de657aa67,"{""basis"":""ordered nested-math atom; exact symbolic replay"",""kind"":""source-target-formula-map""}"
1.1.0,formula,O007-FREMLIN-V2-S244-FORMULA-1304,O007-FREMLIN-V2-S244,O007-RIGHTS-FREMLIN-DSL,O007-FREMLIN-V2-S244-SEG-244YO,1304,244Yo,244Yo,1511,1552,56190,56205,60291,60306,u\in L^0(\mu),u\in L^0(\mu),f7714587c3a64a1630fc54e525bc47e5b2a7ecab5e0c0b262cef4f79dac1e4a7,f7714587c3a64a1630fc54e525bc47e5b2a7ecab5e0c0b262cef4f79dac1e4a7,d26a270015c1e959b485781df810d41a4e2bd705bbad4b6467d3d4d97c1191c9,$,,d26a270015c1e959b485781df810d41a4e2bd705bbad4b6467d3d4d97c1191c9,d26a270015c1e959b485781df810d41a4e2bd705bbad4b6467d3d4d97c1191c9,"{""basis"":""ordered nested-math atom; exact symbolic replay"",""kind"":""source-target-formula-map""}"
1.1.0,formula,O007-FREMLIN-V2-S244-FORMULA-1305,O007-FREMLIN-V2-S244,O007-RIGHTS-FREMLIN-DSL,O007-FREMLIN-V2-S244-SEG-244YO,1305,244Yo,244Yo,1511,1552,56222,56239,60317,60334,\sequencen{p_n},\sequencen{p_n},08c226f5d56d77d0724c022578d756e691550006e6b7d161b56c233eeae7d7ac,08c226f5d56d77d0724c022578d756e691550006e6b7d161b56c233eeae7d7ac,08c226f5d56d77d0724c022578d756e691550006e6b7d161b56c233eeae7d7ac,$,,08c226f5d56d77d0724c022578d756e691550006e6b7d161b56c233eeae7d7ac,08c226f5d56d77d0724c022578d756e691550006e6b7d161b56c233eeae7d7ac,"{""basis"":""ordered nested-math atom; exact symbolic replay"",""kind"":""source-target-formula-map""}"
1.1.0,formula,O007-FREMLIN-V2-S244-FORMULA-1306,O007-FREMLIN-V2-S244,O007-RIGHTS-FREMLIN-DSL,O007-FREMLIN-V2-S244-SEG-244YO,1306,244Yo,244Yo,1512,1553,56257,56269,60355,60367,"[1,\infty]","[1,\infty]",b7e6e58d2213f35b71fa746db612d04b9fdaa2c1de65323a2fc2b594501146b3,b7e6e58d2213f35b71fa746db612d04b9fdaa2c1de65323a2fc2b594501146b3,b7e6e58d2213f35b71fa746db612d04b9fdaa2c1de65323a2fc2b594501146b3,$,,b7e6e58d2213f35b71fa746db612d04b9fdaa2c1de65323a2fc2b594501146b3,b7e6e58d2213f35b71fa746db612d04b9fdaa2c1de65323a2fc2b594501146b3,"{""basis"":""ordered nested-math atom; exact symbolic replay"",""kind"":""source-target-formula-map""}"
1.1.0,formula,O007-FREMLIN-V2-S244-FORMULA-1307,O007-FREMLIN-V2-S244,O007-RIGHTS-FREMLIN-DSL,O007-FREMLIN-V2-S244-SEG-244YO,1307,244Yo,244Yo,1512,1553,56281,56297,60381,60397,"p\in[1,\infty]","p\in[1,\infty]",7d8e33c2c22d2bb3bb84f57d68b03a758a2a11e30762f389926cb8f394cb8548,7d8e33c2c22d2bb3bb84f57d68b03a758a2a11e30762f389926cb8f394cb8548,7d8e33c2c22d2bb3bb84f57d68b03a758a2a11e30762f389926cb8f394cb8548,$,,7d8e33c2c22d2bb3bb84f57d68b03a758a2a11e30762f389926cb8f394cb8548,7d8e33c2c22d2bb3bb84f57d68b03a758a2a11e30762f389926cb8f394cb8548,"{""basis"":""ordered nested-math atom; exact symbolic replay"",""kind"":""source-target-formula-map""}"
1.1.0,formula,O007-FREMLIN-V2-S244-FORMULA-1308,O007-FREMLIN-V2-S244,O007-RIGHTS-FREMLIN-DSL,O007-FREMLIN-V2-S244-SEG-244YO,1308,244Yo,244Yo,1513,1554,56314,56347,60420,60453,\limsup_{n\to\infty}\|u\|_{p_n},\limsup_{n\to\infty}\|u\|_{p_n},46a6859251e82aa4002a1f7281d7ca4abd8bcda11046f1bfc41bd202e0f783fd,46a6859251e82aa4002a1f7281d7ca4abd8bcda11046f1bfc41bd202e0f783fd,46a6859251e82aa4002a1f7281d7ca4abd8bcda11046f1bfc41bd202e0f783fd,$,,46a6859251e82aa4002a1f7281d7ca4abd8bcda11046f1bfc41bd202e0f783fd,46a6859251e82aa4002a1f7281d7ca4abd8bcda11046f1bfc41bd202e0f783fd,"{""basis"":""ordered nested-math atom; exact symbolic replay"",""kind"":""source-target-formula-map""}"
1.1.0,formula,O007-FREMLIN-V2-S244-FORMULA-1309,O007-FREMLIN-V2-S244,O007-RIGHTS-FREMLIN-DSL,O007-FREMLIN-V2-S244-SEG-244YO,1309,244Yo,244Yo,1514,1555,56363,56393,60470,60500,\lim_{n\to\infty}\|u\|_{p_n},\lim_{n\to\infty}\|u\|_{p_n},f8950bc23dac925eb836e579168d0b2dea00f8e5f27a7088adb7f5e4fe998000,f8950bc23dac925eb836e579168d0b2dea00f8e5f27a7088adb7f5e4fe998000,f8950bc23dac925eb836e579168d0b2dea00f8e5f27a7088adb7f5e4fe998000,$,,f8950bc23dac925eb836e579168d0b2dea00f8e5f27a7088adb7f5e4fe998000,f8950bc23dac925eb836e579168d0b2dea00f8e5f27a7088adb7f5e4fe998000,"{""basis"":""ordered nested-math atom; exact symbolic replay"",""kind"":""source-target-formula-map""}"
1.1.0,formula,O007-FREMLIN-V2-S244-FORMULA-1310,O007-FREMLIN-V2-S244,O007-RIGHTS-FREMLIN-DSL,O007-FREMLIN-V2-S244-SEG-244YO,1310,244Yo,244Yo,1514,1555,56421,56430,60529,60538,\|u\|_p,\|u\|_p,3cae95b58666c0dd193d90921d34ed5c53c3e0c80f63070da65395275e30731e,3cae95b58666c0dd193d90921d34ed5c53c3e0c80f63070da65395275e30731e,3cae95b58666c0dd193d90921d34ed5c53c3e0c80f63070da65395275e30731e,$,,3cae95b58666c0dd193d90921d34ed5c53c3e0c80f63070da65395275e30731e,3cae95b58666c0dd193d90921d34ed5c53c3e0c80f63070da65395275e30731e,"{""basis"":""ordered nested-math atom; exact symbolic replay"",""kind"":""source-target-formula-map""}"
1.1.0,formula,O007-FREMLIN-V2-S244-FORMULA-1311,O007-FREMLIN-V2-S244,O007-RIGHTS-FREMLIN-DSL,O007-FREMLIN-V2-S244-SEG-244,1311,244,244,1521,1562,56667,56672,60784,60789,L^p,L^p,0de1bee007df208a54c85a6cf3aa6c06e2a922620965a43478a0496c27e05aa0,0de1bee007df208a54c85a6cf3aa6c06e2a922620965a43478a0496c27e05aa0,0de1bee007df208a54c85a6cf3aa6c06e2a922620965a43478a0496c27e05aa0,$,,0de1bee007df208a54c85a6cf3aa6c06e2a922620965a43478a0496c27e05aa0,0de1bee007df208a54c85a6cf3aa6c06e2a922620965a43478a0496c27e05aa0,"{""basis"":""ordered nested-math atom; exact symbolic replay"",""kind"":""source-target-formula-map""}"
1.1.0,formula,O007-FREMLIN-V2-S244-FORMULA-1312,O007-FREMLIN-V2-S244,O007-RIGHTS-FREMLIN-DSL,O007-FREMLIN-V2-S244-SEG-244,1312,244,244,1535,1577,57521,57526,61641,61646,L^p,L^p,0de1bee007df208a54c85a6cf3aa6c06e2a922620965a43478a0496c27e05aa0,0de1bee007df208a54c85a6cf3aa6c06e2a922620965a43478a0496c27e05aa0,0de1bee007df208a54c85a6cf3aa6c06e2a922620965a43478a0496c27e05aa0,$,,0de1bee007df208a54c85a6cf3aa6c06e2a922620965a43478a0496c27e05aa0,0de1bee007df208a54c85a6cf3aa6c06e2a922620965a43478a0496c27e05aa0,"{""basis"":""ordered nested-math atom; exact symbolic replay"",""kind"":""source-target-formula-map""}"
1.1.0,formula,O007-FREMLIN-V2-S244-FORMULA-1313,O007-FREMLIN-V2-S244,O007-RIGHTS-FREMLIN-DSL,O007-FREMLIN-V2-S244-SEG-244,1313,244,244,1536,1577,57539,57547,61654,61662,p\ne 1,p\ne 1,65f7e80bf2ef8049a3479a930d1874200284633b9d564c41e0e9daa159fa69bd,65f7e80bf2ef8049a3479a930d1874200284633b9d564c41e0e9daa159fa69bd,1744ad6a7aec8fd44d3371ac4b2b833febd60c6dcd003c0d4bfb442f7e4d0f28,$,,1744ad6a7aec8fd44d3371ac4b2b833febd60c6dcd003c0d4bfb442f7e4d0f28,1744ad6a7aec8fd44d3371ac4b2b833febd60c6dcd003c0d4bfb442f7e4d0f28,"{""basis"":""ordered nested-math atom; exact symbolic replay"",""kind"":""source-target-formula-map""}"
1.1.0,formula,O007-FREMLIN-V2-S244-FORMULA-1314,O007-FREMLIN-V2-S244,O007-RIGHTS-FREMLIN-DSL,O007-FREMLIN-V2-S244-SEG-244,1314,244,244,1536,1577,57549,57552,61664,61667,2,2,d4735e3a265e16eee03f59718b9b5d03019c07d8b6c51f90da3a666eec13ab35,d4735e3a265e16eee03f59718b9b5d03019c07d8b6c51f90da3a666eec13ab35,d4735e3a265e16eee03f59718b9b5d03019c07d8b6c51f90da3a666eec13ab35,$,,d4735e3a265e16eee03f59718b9b5d03019c07d8b6c51f90da3a666eec13ab35,d4735e3a265e16eee03f59718b9b5d03019c07d8b6c51f90da3a666eec13ab35,"{""basis"":""ordered nested-math atom; exact symbolic replay"",""kind"":""source-target-formula-map""}"
1.1.0,formula,O007-FREMLIN-V2-S244-FORMULA-1315,O007-FREMLIN-V2-S244,O007-RIGHTS-FREMLIN-DSL,O007-FREMLIN-V2-S244-SEG-244,1315,244,244,1536,1577,57554,57562,61669,61677,\infty,\infty,db8e84427c2e1e02f2b2c74d337ab8d69d80cbb28224cd7f85e0174f1f5ed5c7,db8e84427c2e1e02f2b2c74d337ab8d69d80cbb28224cd7f85e0174f1f5ed5c7,db8e84427c2e1e02f2b2c74d337ab8d69d80cbb28224cd7f85e0174f1f5ed5c7,$,,db8e84427c2e1e02f2b2c74d337ab8d69d80cbb28224cd7f85e0174f1f5ed5c7,db8e84427c2e1e02f2b2c74d337ab8d69d80cbb28224cd7f85e0174f1f5ed5c7,"{""basis"":""ordered nested-math atom; exact symbolic replay"",""kind"":""source-target-formula-map""}"
1.1.0,formula,O007-FREMLIN-V2-S244-FORMULA-1316,O007-FREMLIN-V2-S244,O007-RIGHTS-FREMLIN-DSL,O007-FREMLIN-V2-S244-SEG-244,1316,244,244,1547,1587,58082,58087,62254,62259,L^p,L^p,0de1bee007df208a54c85a6cf3aa6c06e2a922620965a43478a0496c27e05aa0,0de1bee007df208a54c85a6cf3aa6c06e2a922620965a43478a0496c27e05aa0,0de1bee007df208a54c85a6cf3aa6c06e2a922620965a43478a0496c27e05aa0,$,,0de1bee007df208a54c85a6cf3aa6c06e2a922620965a43478a0496c27e05aa0,0de1bee007df208a54c85a6cf3aa6c06e2a922620965a43478a0496c27e05aa0,"{""basis"":""ordered nested-math atom; exact symbolic replay"",""kind"":""source-target-formula-map""}"
1.1.0,formula,O007-FREMLIN-V2-S244-FORMULA-1317,O007-FREMLIN-V2-S244,O007-RIGHTS-FREMLIN-DSL,O007-FREMLIN-V2-S244-SEG-244,1317,244,244,1547,1587,58100,58118,62267,62285,1\le p\le \infty,1\le p\le \infty,1042cd4a6394ab806505bac2779fc7472e88f7a6e2d22a530b546dd7f86259ef,1042cd4a6394ab806505bac2779fc7472e88f7a6e2d22a530b546dd7f86259ef,ab2f6aa97dcb2910b5529762000a897d59810ac541ff735cf315905de0655274,$,,ab2f6aa97dcb2910b5529762000a897d59810ac541ff735cf315905de0655274,ab2f6aa97dcb2910b5529762000a897d59810ac541ff735cf315905de0655274,"{""basis"":""ordered nested-math atom; exact symbolic replay"",""kind"":""source-target-formula-map""}"
1.1.0,formula,O007-FREMLIN-V2-S244-FORMULA-1318,O007-FREMLIN-V2-S244,O007-RIGHTS-FREMLIN-DSL,O007-FREMLIN-V2-S244-SEG-244,1318,244,244,1549,1589,58244,58249,62429,62434,L^p,L^p,0de1bee007df208a54c85a6cf3aa6c06e2a922620965a43478a0496c27e05aa0,0de1bee007df208a54c85a6cf3aa6c06e2a922620965a43478a0496c27e05aa0,0de1bee007df208a54c85a6cf3aa6c06e2a922620965a43478a0496c27e05aa0,$,,0de1bee007df208a54c85a6cf3aa6c06e2a922620965a43478a0496c27e05aa0,0de1bee007df208a54c85a6cf3aa6c06e2a922620965a43478a0496c27e05aa0,"{""basis"":""ordered nested-math atom; exact symbolic replay"",""kind"":""source-target-formula-map""}"
1.1.0,formula,O007-FREMLIN-V2-S244-FORMULA-1319,O007-FREMLIN-V2-S244,O007-RIGHTS-FREMLIN-DSL,O007-FREMLIN-V2-S244-SEG-244,1319,244,244,1549,1589,58261,58273,62441,62453,1<p<\infty,1<p<\infty,46117291b662ee256185399ebb21bd380a4cb663e490557c25b6b50563214ea3,46117291b662ee256185399ebb21bd380a4cb663e490557c25b6b50563214ea3,46117291b662ee256185399ebb21bd380a4cb663e490557c25b6b50563214ea3,$,,46117291b662ee256185399ebb21bd380a4cb663e490557c25b6b50563214ea3,46117291b662ee256185399ebb21bd380a4cb663e490557c25b6b50563214ea3,"{""basis"":""ordered nested-math atom; exact symbolic replay"",""kind"":""source-target-formula-map""}"
1.1.0,formula,O007-FREMLIN-V2-S244-FORMULA-1320,O007-FREMLIN-V2-S244,O007-RIGHTS-FREMLIN-DSL,O007-FREMLIN-V2-S244-SEG-244,1320,244,244,1550,1590,58314,58319,62486,62491,L^2,L^2,a245919be5634c2045be143ae60cc72ed7255ab1dec02db787fafef533d07baf,a245919be5634c2045be143ae60cc72ed7255ab1dec02db787fafef533d07baf,a245919be5634c2045be143ae60cc72ed7255ab1dec02db787fafef533d07baf,$,,a245919be5634c2045be143ae60cc72ed7255ab1dec02db787fafef533d07baf,a245919be5634c2045be143ae60cc72ed7255ab1dec02db787fafef533d07baf,"{""basis"":""ordered nested-math atom; exact symbolic replay"",""kind"":""source-target-formula-map""}"
1.1.0,formula,O007-FREMLIN-V2-S244-FORMULA-1321,O007-FREMLIN-V2-S244,O007-RIGHTS-FREMLIN-DSL,O007-FREMLIN-V2-S244-SEG-244,1321,244,244,1552,1592,58457,58462,62642,62647,L^p,L^p,0de1bee007df208a54c85a6cf3aa6c06e2a922620965a43478a0496c27e05aa0,0de1bee007df208a54c85a6cf3aa6c06e2a922620965a43478a0496c27e05aa0,0de1bee007df208a54c85a6cf3aa6c06e2a922620965a43478a0496c27e05aa0,$,,0de1bee007df208a54c85a6cf3aa6c06e2a922620965a43478a0496c27e05aa0,0de1bee007df208a54c85a6cf3aa6c06e2a922620965a43478a0496c27e05aa0,"{""basis"":""ordered nested-math atom; exact symbolic replay"",""kind"":""source-target-formula-map""}"
1.1.0,formula,O007-FREMLIN-V2-S244-FORMULA-1322,O007-FREMLIN-V2-S244,O007-RIGHTS-FREMLIN-DSL,O007-FREMLIN-V2-S244-SEG-244,1322,244,244,1555,1595,58577,58582,62797,62802,L^1,L^1,9d0fbf856fe55b032eaac1d3cc54b65eb406a5231c658bf5d96c01b0eddfbee3,9d0fbf856fe55b032eaac1d3cc54b65eb406a5231c658bf5d96c01b0eddfbee3,9d0fbf856fe55b032eaac1d3cc54b65eb406a5231c658bf5d96c01b0eddfbee3,$,,9d0fbf856fe55b032eaac1d3cc54b65eb406a5231c658bf5d96c01b0eddfbee3,9d0fbf856fe55b032eaac1d3cc54b65eb406a5231c658bf5d96c01b0eddfbee3,"{""basis"":""ordered nested-math atom; exact symbolic replay"",""kind"":""source-target-formula-map""}"
1.1.0,formula,O007-FREMLIN-V2-S244-FORMULA-1323,O007-FREMLIN-V2-S244,O007-RIGHTS-FREMLIN-DSL,O007-FREMLIN-V2-S244-SEG-244,1323,244,244,1556,1596,58619,58624,62847,62852,L^p,L^p,0de1bee007df208a54c85a6cf3aa6c06e2a922620965a43478a0496c27e05aa0,0de1bee007df208a54c85a6cf3aa6c06e2a922620965a43478a0496c27e05aa0,0de1bee007df208a54c85a6cf3aa6c06e2a922620965a43478a0496c27e05aa0,$,,0de1bee007df208a54c85a6cf3aa6c06e2a922620965a43478a0496c27e05aa0,0de1bee007df208a54c85a6cf3aa6c06e2a922620965a43478a0496c27e05aa0,"{""basis"":""ordered nested-math atom; exact symbolic replay"",""kind"":""source-target-formula-map""}"
1.1.0,formula,O007-FREMLIN-V2-S244-FORMULA-1324,O007-FREMLIN-V2-S244,O007-RIGHTS-FREMLIN-DSL,O007-FREMLIN-V2-S244-SEG-244,1324,244,244,1556,1596,58629,58641,62859,62871,1<p<\infty,1<p<\infty,46117291b662ee256185399ebb21bd380a4cb663e490557c25b6b50563214ea3,46117291b662ee256185399ebb21bd380a4cb663e490557c25b6b50563214ea3,46117291b662ee256185399ebb21bd380a4cb663e490557c25b6b50563214ea3,$,,46117291b662ee256185399ebb21bd380a4cb663e490557c25b6b50563214ea3,46117291b662ee256185399ebb21bd380a4cb663e490557c25b6b50563214ea3,"{""basis"":""ordered nested-math atom; exact symbolic replay"",""kind"":""source-target-formula-map""}"
1.1.0,formula,O007-FREMLIN-V2-S244-FORMULA-1325,O007-FREMLIN-V2-S244,O007-RIGHTS-FREMLIN-DSL,O007-FREMLIN-V2-S244-SEG-244,1325,244,244,1556,1597,58647,58659,62881,62893,L^{\infty},L^{\infty},78a4126aa7bf2982d3fda504bb032af482859d41123569b379ce30447473769c,78a4126aa7bf2982d3fda504bb032af482859d41123569b379ce30447473769c,78a4126aa7bf2982d3fda504bb032af482859d41123569b379ce30447473769c,$,,78a4126aa7bf2982d3fda504bb032af482859d41123569b379ce30447473769c,78a4126aa7bf2982d3fda504bb032af482859d41123569b379ce30447473769c,"{""basis"":""ordered nested-math atom; exact symbolic replay"",""kind"":""source-target-formula-map""}"
1.1.0,formula,O007-FREMLIN-V2-S244-FORMULA-1326,O007-FREMLIN-V2-S244,O007-RIGHTS-FREMLIN-DSL,O007-FREMLIN-V2-S244-SEG-244,1326,244,244,1557,1597,58681,58696,62913,62928,1\le p<\infty,1\le p<\infty,64fa7c3ac56328c3eaf6b8af235787bd95dc3cf8d6edcb568a4e05f47a210d1a,64fa7c3ac56328c3eaf6b8af235787bd95dc3cf8d6edcb568a4e05f47a210d1a,7d072bc696d1ba67ac13f13715dd411c8b7ccca71936fb0658c9c5d029caaa29,$,,7d072bc696d1ba67ac13f13715dd411c8b7ccca71936fb0658c9c5d029caaa29,7d072bc696d1ba67ac13f13715dd411c8b7ccca71936fb0658c9c5d029caaa29,"{""basis"":""ordered nested-math atom; exact symbolic replay"",""kind"":""source-target-formula-map""}"
1.1.0,formula,O007-FREMLIN-V2-S244-FORMULA-1327,O007-FREMLIN-V2-S244,O007-RIGHTS-FREMLIN-DSL,O007-FREMLIN-V2-S244-SEG-244,1327,244,244,1557,1597,58706,58711,62930,62935,L^p,L^p,0de1bee007df208a54c85a6cf3aa6c06e2a922620965a43478a0496c27e05aa0,0de1bee007df208a54c85a6cf3aa6c06e2a922620965a43478a0496c27e05aa0,0de1bee007df208a54c85a6cf3aa6c06e2a922620965a43478a0496c27e05aa0,$,,0de1bee007df208a54c85a6cf3aa6c06e2a922620965a43478a0496c27e05aa0,0de1bee007df208a54c85a6cf3aa6c06e2a922620965a43478a0496c27e05aa0,"{""basis"":""ordered nested-math atom; exact symbolic replay"",""kind"":""source-target-formula-map""}"
1.1.0,formula,O007-FREMLIN-V2-S244-FORMULA-1328,O007-FREMLIN-V2-S244,O007-RIGHTS-FREMLIN-DSL,O007-FREMLIN-V2-S244-SEG-244,1328,244,244,1558,1598,58785,58788,63009,63012,S,S,8de0b3c47f112c59745f717a626932264c422a7563954872e237b223af4ad643,8de0b3c47f112c59745f717a626932264c422a7563954872e237b223af4ad643,8de0b3c47f112c59745f717a626932264c422a7563954872e237b223af4ad643,$,,8de0b3c47f112c59745f717a626932264c422a7563954872e237b223af4ad643,8de0b3c47f112c59745f717a626932264c422a7563954872e237b223af4ad643,"{""basis"":""ordered nested-math atom; exact symbolic replay"",""kind"":""source-target-formula-map""}"
1.1.0,formula,O007-FREMLIN-V2-S244-FORMULA-1329,O007-FREMLIN-V2-S244,O007-RIGHTS-FREMLIN-DSL,O007-FREMLIN-V2-S244-SEG-244,1329,244,244,1559,1599,58844,58849,63065,63070,L^p,L^p,0de1bee007df208a54c85a6cf3aa6c06e2a922620965a43478a0496c27e05aa0,0de1bee007df208a54c85a6cf3aa6c06e2a922620965a43478a0496c27e05aa0,0de1bee007df208a54c85a6cf3aa6c06e2a922620965a43478a0496c27e05aa0,$,,0de1bee007df208a54c85a6cf3aa6c06e2a922620965a43478a0496c27e05aa0,0de1bee007df208a54c85a6cf3aa6c06e2a922620965a43478a0496c27e05aa0,"{""basis"":""ordered nested-math atom; exact symbolic replay"",""kind"":""source-target-formula-map""}"
1.1.0,formula,O007-FREMLIN-V2-S244-FORMULA-1330,O007-FREMLIN-V2-S244,O007-RIGHTS-FREMLIN-DSL,O007-FREMLIN-V2-S244-SEG-244,1330,244,244,1560,1600,58897,58906,63120,63129,(L^p)^*,(L^p)^*,408bd3d8a1888264af54233d67eb99eaddf47c72cf263867de149f7c882dec35,408bd3d8a1888264af54233d67eb99eaddf47c72cf263867de149f7c882dec35,408bd3d8a1888264af54233d67eb99eaddf47c72cf263867de149f7c882dec35,$,,408bd3d8a1888264af54233d67eb99eaddf47c72cf263867de149f7c882dec35,408bd3d8a1888264af54233d67eb99eaddf47c72cf263867de149f7c882dec35,"{""basis"":""ordered nested-math atom; exact symbolic replay"",""kind"":""source-target-formula-map""}"
1.1.0,formula,O007-FREMLIN-V2-S244-FORMULA-1331,O007-FREMLIN-V2-S244,O007-RIGHTS-FREMLIN-DSL,O007-FREMLIN-V2-S244-SEG-244,1331,244,244,1562,1602,59070,59075,63287,63292,L^p,L^p,0de1bee007df208a54c85a6cf3aa6c06e2a922620965a43478a0496c27e05aa0,0de1bee007df208a54c85a6cf3aa6c06e2a922620965a43478a0496c27e05aa0,0de1bee007df208a54c85a6cf3aa6c06e2a922620965a43478a0496c27e05aa0,$,,0de1bee007df208a54c85a6cf3aa6c06e2a922620965a43478a0496c27e05aa0,0de1bee007df208a54c85a6cf3aa6c06e2a922620965a43478a0496c27e05aa0,"{""basis"":""ordered nested-math atom; exact symbolic replay"",""kind"":""source-target-formula-map""}"
1.1.0,formula,O007-FREMLIN-V2-S244-FORMULA-1332,O007-FREMLIN-V2-S244,O007-RIGHTS-FREMLIN-DSL,O007-FREMLIN-V2-S244-SEG-244,1332,244,244,1562,1602,59080,59090,63299,63309,p<\infty,p<\infty,8757f66d2e5c42d7f1f32d96da5d5c489d1bb79d2627fa9b8e11fe76db7a6ae3,8757f66d2e5c42d7f1f32d96da5d5c489d1bb79d2627fa9b8e11fe76db7a6ae3,8757f66d2e5c42d7f1f32d96da5d5c489d1bb79d2627fa9b8e11fe76db7a6ae3,$,,8757f66d2e5c42d7f1f32d96da5d5c489d1bb79d2627fa9b8e11fe76db7a6ae3,8757f66d2e5c42d7f1f32d96da5d5c489d1bb79d2627fa9b8e11fe76db7a6ae3,"{""basis"":""ordered nested-math atom; exact symbolic replay"",""kind"":""source-target-formula-map""}"
1.1.0,formula,O007-FREMLIN-V2-S244-FORMULA-1333,O007-FREMLIN-V2-S244,O007-RIGHTS-FREMLIN-DSL,O007-FREMLIN-V2-S244-SEG-244,1333,244,244,1563,1603,59148,59157,63358,63367,(L^1)^*,(L^1)^*,883f2227bca2f418a117aa91c1e1ab8f800716d5c334e3aafa755a5fa296580c,883f2227bca2f418a117aa91c1e1ab8f800716d5c334e3aafa755a5fa296580c,883f2227bca2f418a117aa91c1e1ab8f800716d5c334e3aafa755a5fa296580c,$,,883f2227bca2f418a117aa91c1e1ab8f800716d5c334e3aafa755a5fa296580c,883f2227bca2f418a117aa91c1e1ab8f800716d5c334e3aafa755a5fa296580c,"{""basis"":""ordered nested-math atom; exact symbolic replay"",""kind"":""source-target-formula-map""}"
1.1.0,formula,O007-FREMLIN-V2-S244-FORMULA-1334,O007-FREMLIN-V2-S244,O007-RIGHTS-FREMLIN-DSL,O007-FREMLIN-V2-S244-SEG-244,1334,244,244,1563,1604,59163,59175,63375,63387,L^{\infty},L^{\infty},78a4126aa7bf2982d3fda504bb032af482859d41123569b379ce30447473769c,78a4126aa7bf2982d3fda504bb032af482859d41123569b379ce30447473769c,78a4126aa7bf2982d3fda504bb032af482859d41123569b379ce30447473769c,$,,78a4126aa7bf2982d3fda504bb032af482859d41123569b379ce30447473769c,78a4126aa7bf2982d3fda504bb032af482859d41123569b379ce30447473769c,"{""basis"":""ordered nested-math atom; exact symbolic replay"",""kind"":""source-target-formula-map""}"
1.1.0,formula,O007-FREMLIN-V2-S244-FORMULA-1335,O007-FREMLIN-V2-S244,O007-RIGHTS-FREMLIN-DSL,O007-FREMLIN-V2-S244-SEG-244,1335,244,244,1564,1604,59192,59200,63429,63437,\sigma,\sigma,9c3245dfb4ac54c1623a60e7b8d1fc07cb02eae1229435230c7dab5e71083a26,9c3245dfb4ac54c1623a60e7b8d1fc07cb02eae1229435230c7dab5e71083a26,9c3245dfb4ac54c1623a60e7b8d1fc07cb02eae1229435230c7dab5e71083a26,$,,9c3245dfb4ac54c1623a60e7b8d1fc07cb02eae1229435230c7dab5e71083a26,9c3245dfb4ac54c1623a60e7b8d1fc07cb02eae1229435230c7dab5e71083a26,"{""basis"":""ordered nested-math atom; exact symbolic replay"",""kind"":""source-target-formula-map""}"
1.1.0,formula,O007-FREMLIN-V2-S244-FORMULA-1336,O007-FREMLIN-V2-S244,O007-RIGHTS-FREMLIN-DSL,O007-FREMLIN-V2-S244-SEG-244,1336,244,244,1564,1605,59233,59245,63452,63464,L^{\infty},L^{\infty},78a4126aa7bf2982d3fda504bb032af482859d41123569b379ce30447473769c,78a4126aa7bf2982d3fda504bb032af482859d41123569b379ce30447473769c,78a4126aa7bf2982d3fda504bb032af482859d41123569b379ce30447473769c,$,,78a4126aa7bf2982d3fda504bb032af482859d41123569b379ce30447473769c,78a4126aa7bf2982d3fda504bb032af482859d41123569b379ce30447473769c,"{""basis"":""ordered nested-math atom; exact symbolic replay"",""kind"":""source-target-formula-map""}"
1.1.0,formula,O007-FREMLIN-V2-S244-FORMULA-1337,O007-FREMLIN-V2-S244,O007-RIGHTS-FREMLIN-DSL,O007-FREMLIN-V2-S244-SEG-244,1337,244,244,1565,1606,59298,59303,63531,63536,L^1,L^1,9d0fbf856fe55b032eaac1d3cc54b65eb406a5231c658bf5d96c01b0eddfbee3,9d0fbf856fe55b032eaac1d3cc54b65eb406a5231c658bf5d96c01b0eddfbee3,9d0fbf856fe55b032eaac1d3cc54b65eb406a5231c658bf5d96c01b0eddfbee3,$,,9d0fbf856fe55b032eaac1d3cc54b65eb406a5231c658bf5d96c01b0eddfbee3,9d0fbf856fe55b032eaac1d3cc54b65eb406a5231c658bf5d96c01b0eddfbee3,"{""basis"":""ordered nested-math atom; exact symbolic replay"",""kind"":""source-target-formula-map""}"
1.1.0,formula,O007-FREMLIN-V2-S244-FORMULA-1338,O007-FREMLIN-V2-S244,O007-RIGHTS-FREMLIN-DSL,O007-FREMLIN-V2-S244-SEG-244,1338,244,244,1568,1609,59483,59495,63729,63741,L^{\infty},L^{\infty},78a4126aa7bf2982d3fda504bb032af482859d41123569b379ce30447473769c,78a4126aa7bf2982d3fda504bb032af482859d41123569b379ce30447473769c,78a4126aa7bf2982d3fda504bb032af482859d41123569b379ce30447473769c,$,,78a4126aa7bf2982d3fda504bb032af482859d41123569b379ce30447473769c,78a4126aa7bf2982d3fda504bb032af482859d41123569b379ce30447473769c,"{""basis"":""ordered nested-math atom; exact symbolic replay"",""kind"":""source-target-formula-map""}"
1.1.0,formula,O007-FREMLIN-V2-S244-FORMULA-1339,O007-FREMLIN-V2-S244,O007-RIGHTS-FREMLIN-DSL,O007-FREMLIN-V2-S244-SEG-244,1339,244,244,1569,1609,59538,59543,63780,63785,L^1,L^1,9d0fbf856fe55b032eaac1d3cc54b65eb406a5231c658bf5d96c01b0eddfbee3,9d0fbf856fe55b032eaac1d3cc54b65eb406a5231c658bf5d96c01b0eddfbee3,9d0fbf856fe55b032eaac1d3cc54b65eb406a5231c658bf5d96c01b0eddfbee3,$,,9d0fbf856fe55b032eaac1d3cc54b65eb406a5231c658bf5d96c01b0eddfbee3,9d0fbf856fe55b032eaac1d3cc54b65eb406a5231c658bf5d96c01b0eddfbee3,"{""basis"":""ordered nested-math atom; exact symbolic replay"",""kind"":""source-target-formula-map""}"
1.1.0,formula,O007-FREMLIN-V2-S244-FORMULA-1340,O007-FREMLIN-V2-S244,O007-RIGHTS-FREMLIN-DSL,O007-FREMLIN-V2-S244-SEG-244,1340,244,244,1569,1610,59551,59563,63793,63805,1<p<\infty,1<p<\infty,46117291b662ee256185399ebb21bd380a4cb663e490557c25b6b50563214ea3,46117291b662ee256185399ebb21bd380a4cb663e490557c25b6b50563214ea3,46117291b662ee256185399ebb21bd380a4cb663e490557c25b6b50563214ea3,$,,46117291b662ee256185399ebb21bd380a4cb663e490557c25b6b50563214ea3,46117291b662ee256185399ebb21bd380a4cb663e490557c25b6b50563214ea3,"{""basis"":""ordered nested-math atom; exact symbolic replay"",""kind"":""source-target-formula-map""}"
1.1.0,formula,O007-FREMLIN-V2-S244-FORMULA-1341,O007-FREMLIN-V2-S244,O007-RIGHTS-FREMLIN-DSL,O007-FREMLIN-V2-S244-SEG-244,1341,244,244,1570,1611,59627,59632,63872,63877,L^p,L^p,0de1bee007df208a54c85a6cf3aa6c06e2a922620965a43478a0496c27e05aa0,0de1bee007df208a54c85a6cf3aa6c06e2a922620965a43478a0496c27e05aa0,0de1bee007df208a54c85a6cf3aa6c06e2a922620965a43478a0496c27e05aa0,$,,0de1bee007df208a54c85a6cf3aa6c06e2a922620965a43478a0496c27e05aa0,0de1bee007df208a54c85a6cf3aa6c06e2a922620965a43478a0496c27e05aa0,"{""basis"":""ordered nested-math atom; exact symbolic replay"",""kind"":""source-target-formula-map""}"
1.1.0,formula,O007-FREMLIN-V2-S244-FORMULA-1342,O007-FREMLIN-V2-S244,O007-RIGHTS-FREMLIN-DSL,O007-FREMLIN-V2-S244-SEG-244,1342,244,244,1571,1611,59660,59668,63919,63927,\sigma,\sigma,9c3245dfb4ac54c1623a60e7b8d1fc07cb02eae1229435230c7dab5e71083a26,9c3245dfb4ac54c1623a60e7b8d1fc07cb02eae1229435230c7dab5e71083a26,9c3245dfb4ac54c1623a60e7b8d1fc07cb02eae1229435230c7dab5e71083a26,$,,9c3245dfb4ac54c1623a60e7b8d1fc07cb02eae1229435230c7dab5e71083a26,9c3245dfb4ac54c1623a60e7b8d1fc07cb02eae1229435230c7dab5e71083a26,"{""basis"":""ordered nested-math atom; exact symbolic replay"",""kind"":""source-target-formula-map""}"
1.1.0,formula,O007-FREMLIN-V2-S244-FORMULA-1343,O007-FREMLIN-V2-S244,O007-RIGHTS-FREMLIN-DSL,O007-FREMLIN-V2-S244-SEG-244,1343,244,244,1574,1615,59785,59790,64040,64045,L^1,L^1,9d0fbf856fe55b032eaac1d3cc54b65eb406a5231c658bf5d96c01b0eddfbee3,9d0fbf856fe55b032eaac1d3cc54b65eb406a5231c658bf5d96c01b0eddfbee3,9d0fbf856fe55b032eaac1d3cc54b65eb406a5231c658bf5d96c01b0eddfbee3,$,,9d0fbf856fe55b032eaac1d3cc54b65eb406a5231c658bf5d96c01b0eddfbee3,9d0fbf856fe55b032eaac1d3cc54b65eb406a5231c658bf5d96c01b0eddfbee3,"{""basis"":""ordered nested-math atom; exact symbolic replay"",""kind"":""source-target-formula-map""}"
1.1.0,formula,O007-FREMLIN-V2-S244-FORMULA-1344,O007-FREMLIN-V2-S244,O007-RIGHTS-FREMLIN-DSL,O007-FREMLIN-V2-S244-SEG-244,1344,244,244,1575,1616,59846,59851,64108,64113,L^p,L^p,0de1bee007df208a54c85a6cf3aa6c06e2a922620965a43478a0496c27e05aa0,0de1bee007df208a54c85a6cf3aa6c06e2a922620965a43478a0496c27e05aa0,0de1bee007df208a54c85a6cf3aa6c06e2a922620965a43478a0496c27e05aa0,$,,0de1bee007df208a54c85a6cf3aa6c06e2a922620965a43478a0496c27e05aa0,0de1bee007df208a54c85a6cf3aa6c06e2a922620965a43478a0496c27e05aa0,"{""basis"":""ordered nested-math atom; exact symbolic replay"",""kind"":""source-target-formula-map""}"
1.1.0,formula,O007-FREMLIN-V2-S244-FORMULA-1345,O007-FREMLIN-V2-S244,O007-RIGHTS-FREMLIN-DSL,O007-FREMLIN-V2-S244-SEG-244,1345,244,244,1577,1618,59983,59995,64241,64253,1<p<\infty,1<p<\infty,46117291b662ee256185399ebb21bd380a4cb663e490557c25b6b50563214ea3,46117291b662ee256185399ebb21bd380a4cb663e490557c25b6b50563214ea3,46117291b662ee256185399ebb21bd380a4cb663e490557c25b6b50563214ea3,$,,46117291b662ee256185399ebb21bd380a4cb663e490557c25b6b50563214ea3,46117291b662ee256185399ebb21bd380a4cb663e490557c25b6b50563214ea3,"{""basis"":""ordered nested-math atom; exact symbolic replay"",""kind"":""source-target-formula-map""}"
1.1.0,formula,O007-FREMLIN-V2-S244-FORMULA-1346,O007-FREMLIN-V2-S244,O007-RIGHTS-FREMLIN-DSL,O007-FREMLIN-V2-S244-SEG-244,1346,244,244,1577,1618,60019,60028,64267,64276,(L^p)^*,(L^p)^*,408bd3d8a1888264af54233d67eb99eaddf47c72cf263867de149f7c882dec35,408bd3d8a1888264af54233d67eb99eaddf47c72cf263867de149f7c882dec35,408bd3d8a1888264af54233d67eb99eaddf47c72cf263867de149f7c882dec35,$,,408bd3d8a1888264af54233d67eb99eaddf47c72cf263867de149f7c882dec35,408bd3d8a1888264af54233d67eb99eaddf47c72cf263867de149f7c882dec35,"{""basis"":""ordered nested-math atom; exact symbolic replay"",""kind"":""source-target-formula-map""}"
1.1.0,formula,O007-FREMLIN-V2-S244-FORMULA-1347,O007-FREMLIN-V2-S244,O007-RIGHTS-FREMLIN-DSL,O007-FREMLIN-V2-S244-SEG-244,1347,244,244,1577,1618,60034,60039,64284,64289,L^q,L^q,9e3d7978b29768e15913c052c640f1de1f1b752ada76b84d712e09e36b09ecbb,9e3d7978b29768e15913c052c640f1de1f1b752ada76b84d712e09e36b09ecbb,9e3d7978b29768e15913c052c640f1de1f1b752ada76b84d712e09e36b09ecbb,$,,9e3d7978b29768e15913c052c640f1de1f1b752ada76b84d712e09e36b09ecbb,9e3d7978b29768e15913c052c640f1de1f1b752ada76b84d712e09e36b09ecbb,"{""basis"":""ordered nested-math atom; exact symbolic replay"",""kind"":""source-target-formula-map""}"
1.1.0,formula,O007-FREMLIN-V2-S244-FORMULA-1348,O007-FREMLIN-V2-S244,O007-RIGHTS-FREMLIN-DSL,O007-FREMLIN-V2-S244-SEG-244,1348,244,244,1577,1618,60047,60056,64294,64303,(L^q)^*,(L^q)^*,c6e5969deb91e643742bc0faae77ae8d188364c52af46d141f655f0ca7fd74e1,c6e5969deb91e643742bc0faae77ae8d188364c52af46d141f655f0ca7fd74e1,c6e5969deb91e643742bc0faae77ae8d188364c52af46d141f655f0ca7fd74e1,$,,c6e5969deb91e643742bc0faae77ae8d188364c52af46d141f655f0ca7fd74e1,c6e5969deb91e643742bc0faae77ae8d188364c52af46d141f655f0ca7fd74e1,"{""basis"":""ordered nested-math atom; exact symbolic replay"",""kind"":""source-target-formula-map""}"
1.1.0,formula,O007-FREMLIN-V2-S244-FORMULA-1349,O007-FREMLIN-V2-S244,O007-RIGHTS-FREMLIN-DSL,O007-FREMLIN-V2-S244-SEG-244,1349,244,244,1578,1619,60062,60067,64311,64316,L^p,L^p,0de1bee007df208a54c85a6cf3aa6c06e2a922620965a43478a0496c27e05aa0,0de1bee007df208a54c85a6cf3aa6c06e2a922620965a43478a0496c27e05aa0,0de1bee007df208a54c85a6cf3aa6c06e2a922620965a43478a0496c27e05aa0,$,,0de1bee007df208a54c85a6cf3aa6c06e2a922620965a43478a0496c27e05aa0,0de1bee007df208a54c85a6cf3aa6c06e2a922620965a43478a0496c27e05aa0,"{""basis"":""ordered nested-math atom; exact symbolic replay"",""kind"":""source-target-formula-map""}"
1.1.0,formula,O007-FREMLIN-V2-S244-FORMULA-1350,O007-FREMLIN-V2-S244,O007-RIGHTS-FREMLIN-DSL,O007-FREMLIN-V2-S244-SEG-244,1350,244,244,1578,1619,60075,60086,64325,64336,q=p/(p-1),q=p/(p-1),d7aa0b2a7604ff1cb280ab9cfecbf80cbf586a415ba605980c92c346130d471d,d7aa0b2a7604ff1cb280ab9cfecbf80cbf586a415ba605980c92c346130d471d,d7aa0b2a7604ff1cb280ab9cfecbf80cbf586a415ba605980c92c346130d471d,$,,d7aa0b2a7604ff1cb280ab9cfecbf80cbf586a415ba605980c92c346130d471d,d7aa0b2a7604ff1cb280ab9cfecbf80cbf586a415ba605980c92c346130d471d,"{""basis"":""ordered nested-math atom; exact symbolic replay"",""kind"":""source-target-formula-map""}"
1.1.0,formula,O007-FREMLIN-V2-S244-FORMULA-1351,O007-FREMLIN-V2-S244,O007-RIGHTS-FREMLIN-DSL,O007-FREMLIN-V2-S244-SEG-244,1351,244,244,1578,1619,60125,60130,64375,64380,L^p,L^p,0de1bee007df208a54c85a6cf3aa6c06e2a922620965a43478a0496c27e05aa0,0de1bee007df208a54c85a6cf3aa6c06e2a922620965a43478a0496c27e05aa0,0de1bee007df208a54c85a6cf3aa6c06e2a922620965a43478a0496c27e05aa0,$,,0de1bee007df208a54c85a6cf3aa6c06e2a922620965a43478a0496c27e05aa0,0de1bee007df208a54c85a6cf3aa6c06e2a922620965a43478a0496c27e05aa0,"{""basis"":""ordered nested-math atom; exact symbolic replay"",""kind"":""source-target-formula-map""}"
1.1.0,formula,O007-FREMLIN-V2-S244-FORMULA-1352,O007-FREMLIN-V2-S244,O007-RIGHTS-FREMLIN-DSL,O007-FREMLIN-V2-S244-SEG-244,1352,244,244,1579,1620,60134,60146,64390,64402,(L^p)^{**},(L^p)^{**},e8b35361e75b0330d776830366bdcd59ed02b444e0f13fa2b5edf13bab09da34,e8b35361e75b0330d776830366bdcd59ed02b444e0f13fa2b5edf13bab09da34,e8b35361e75b0330d776830366bdcd59ed02b444e0f13fa2b5edf13bab09da34,$,,e8b35361e75b0330d776830366bdcd59ed02b444e0f13fa2b5edf13bab09da34,e8b35361e75b0330d776830366bdcd59ed02b444e0f13fa2b5edf13bab09da34,"{""basis"":""ordered nested-math atom; exact symbolic replay"",""kind"":""source-target-formula-map""}"
1.1.0,formula,O007-FREMLIN-V2-S244-FORMULA-1353,O007-FREMLIN-V2-S244,O007-RIGHTS-FREMLIN-DSL,O007-FREMLIN-V2-S244-SEG-244,1353,244,244,1579,1620,60176,60181,64426,64431,L^p,L^p,0de1bee007df208a54c85a6cf3aa6c06e2a922620965a43478a0496c27e05aa0,0de1bee007df208a54c85a6cf3aa6c06e2a922620965a43478a0496c27e05aa0,0de1bee007df208a54c85a6cf3aa6c06e2a922620965a43478a0496c27e05aa0,$,,0de1bee007df208a54c85a6cf3aa6c06e2a922620965a43478a0496c27e05aa0,0de1bee007df208a54c85a6cf3aa6c06e2a922620965a43478a0496c27e05aa0,"{""basis"":""ordered nested-math atom; exact symbolic replay"",""kind"":""source-target-formula-map""}"
1.1.0,formula,O007-FREMLIN-V2-S244-FORMULA-1354,O007-FREMLIN-V2-S244,O007-RIGHTS-FREMLIN-DSL,O007-FREMLIN-V2-S244-SEG-244,1354,244,244,1580,1621,60212,60217,64463,64468,L^1,L^1,9d0fbf856fe55b032eaac1d3cc54b65eb406a5231c658bf5d96c01b0eddfbee3,9d0fbf856fe55b032eaac1d3cc54b65eb406a5231c658bf5d96c01b0eddfbee3,9d0fbf856fe55b032eaac1d3cc54b65eb406a5231c658bf5d96c01b0eddfbee3,$,,9d0fbf856fe55b032eaac1d3cc54b65eb406a5231c658bf5d96c01b0eddfbee3,9d0fbf856fe55b032eaac1d3cc54b65eb406a5231c658bf5d96c01b0eddfbee3,"{""basis"":""ordered nested-math atom; exact symbolic replay"",""kind"":""source-target-formula-map""}"
1.1.0,formula,O007-FREMLIN-V2-S244-FORMULA-1355,O007-FREMLIN-V2-S244,O007-RIGHTS-FREMLIN-DSL,O007-FREMLIN-V2-S244-SEG-244,1355,244,244,1581,1621,60258,60263,64500,64505,L^1,L^1,9d0fbf856fe55b032eaac1d3cc54b65eb406a5231c658bf5d96c01b0eddfbee3,9d0fbf856fe55b032eaac1d3cc54b65eb406a5231c658bf5d96c01b0eddfbee3,9d0fbf856fe55b032eaac1d3cc54b65eb406a5231c658bf5d96c01b0eddfbee3,$,,9d0fbf856fe55b032eaac1d3cc54b65eb406a5231c658bf5d96c01b0eddfbee3,9d0fbf856fe55b032eaac1d3cc54b65eb406a5231c658bf5d96c01b0eddfbee3,"{""basis"":""ordered nested-math atom; exact symbolic replay"",""kind"":""source-target-formula-map""}"
1.1.0,formula,O007-FREMLIN-V2-S244-FORMULA-1356,O007-FREMLIN-V2-S244,O007-RIGHTS-FREMLIN-DSL,O007-FREMLIN-V2-S244-SEG-244,1356,244,244,1581,1621,60268,60280,64510,64522,L^{\infty},L^{\infty},78a4126aa7bf2982d3fda504bb032af482859d41123569b379ce30447473769c,78a4126aa7bf2982d3fda504bb032af482859d41123569b379ce30447473769c,78a4126aa7bf2982d3fda504bb032af482859d41123569b379ce30447473769c,$,,78a4126aa7bf2982d3fda504bb032af482859d41123569b379ce30447473769c,78a4126aa7bf2982d3fda504bb032af482859d41123569b379ce30447473769c,"{""basis"":""ordered nested-math atom; exact symbolic replay"",""kind"":""source-target-formula-map""}"
1.1.0,formula,O007-FREMLIN-V2-S244-FORMULA-1357,O007-FREMLIN-V2-S244,O007-RIGHTS-FREMLIN-DSL,O007-FREMLIN-V2-S244-SEG-244,1357,244,244,1582,1622,60334,60339,64560,64565,L^p,L^p,0de1bee007df208a54c85a6cf3aa6c06e2a922620965a43478a0496c27e05aa0,0de1bee007df208a54c85a6cf3aa6c06e2a922620965a43478a0496c27e05aa0,0de1bee007df208a54c85a6cf3aa6c06e2a922620965a43478a0496c27e05aa0,$,,0de1bee007df208a54c85a6cf3aa6c06e2a922620965a43478a0496c27e05aa0,0de1bee007df208a54c85a6cf3aa6c06e2a922620965a43478a0496c27e05aa0,"{""basis"":""ordered nested-math atom; exact symbolic replay"",""kind"":""source-target-formula-map""}"
1.1.0,formula,O007-FREMLIN-V2-S244-FORMULA-1358,O007-FREMLIN-V2-S244,O007-RIGHTS-FREMLIN-DSL,O007-FREMLIN-V2-S244-SEG-244,1358,244,244,1582,1622,60344,60356,64572,64584,1<p<\infty,1<p<\infty,46117291b662ee256185399ebb21bd380a4cb663e490557c25b6b50563214ea3,46117291b662ee256185399ebb21bd380a4cb663e490557c25b6b50563214ea3,46117291b662ee256185399ebb21bd380a4cb663e490557c25b6b50563214ea3,$,,46117291b662ee256185399ebb21bd380a4cb663e490557c25b6b50563214ea3,46117291b662ee256185399ebb21bd380a4cb663e490557c25b6b50563214ea3,"{""basis"":""ordered nested-math atom; exact symbolic replay"",""kind"":""source-target-formula-map""}"
1.1.0,formula,O007-FREMLIN-V2-S244-FORMULA-1359,O007-FREMLIN-V2-S244,O007-RIGHTS-FREMLIN-DSL,O007-FREMLIN-V2-S244-SEG-244,1359,244,244,1585,1625,60498,60503,64748,64753,p=2,p=2,b6bef5b89bc9e76e38c24d53afda7bb84a00147509248d1756b47e41078a3205,b6bef5b89bc9e76e38c24d53afda7bb84a00147509248d1756b47e41078a3205,b6bef5b89bc9e76e38c24d53afda7bb84a00147509248d1756b47e41078a3205,$,,b6bef5b89bc9e76e38c24d53afda7bb84a00147509248d1756b47e41078a3205,b6bef5b89bc9e76e38c24d53afda7bb84a00147509248d1756b47e41078a3205,"{""basis"":""ordered nested-math atom; exact symbolic replay"",""kind"":""source-target-formula-map""}"
1.1.0,formula,O007-FREMLIN-V2-S244-FORMULA-1360,O007-FREMLIN-V2-S244,O007-RIGHTS-FREMLIN-DSL,O007-FREMLIN-V2-S244-SEG-244,1360,244,244,1587,1627,60635,60640,64893,64898,p=2,p=2,b6bef5b89bc9e76e38c24d53afda7bb84a00147509248d1756b47e41078a3205,b6bef5b89bc9e76e38c24d53afda7bb84a00147509248d1756b47e41078a3205,b6bef5b89bc9e76e38c24d53afda7bb84a00147509248d1756b47e41078a3205,$,,b6bef5b89bc9e76e38c24d53afda7bb84a00147509248d1756b47e41078a3205,b6bef5b89bc9e76e38c24d53afda7bb84a00147509248d1756b47e41078a3205,"{""basis"":""ordered nested-math atom; exact symbolic replay"",""kind"":""source-target-formula-map""}"
1.1.0,formula,O007-FREMLIN-V2-S244-FORMULA-1361,O007-FREMLIN-V2-S244,O007-RIGHTS-FREMLIN-DSL,O007-FREMLIN-V2-S244-SEG-244,1361,244,244,1588,1628,60718,60723,64973,64978,p=1,p=1,791a7b3a1c84e05cbf520166fc1107eebd36ea5ed05f636222d80d2bf4183966,791a7b3a1c84e05cbf520166fc1107eebd36ea5ed05f636222d80d2bf4183966,791a7b3a1c84e05cbf520166fc1107eebd36ea5ed05f636222d80d2bf4183966,$,,791a7b3a1c84e05cbf520166fc1107eebd36ea5ed05f636222d80d2bf4183966,791a7b3a1c84e05cbf520166fc1107eebd36ea5ed05f636222d80d2bf4183966,"{""basis"":""ordered nested-math atom; exact symbolic replay"",""kind"":""source-target-formula-map""}"
1.1.0,formula,O007-FREMLIN-V2-S244-FORMULA-1362,O007-FREMLIN-V2-S244,O007-RIGHTS-FREMLIN-DSL,O007-FREMLIN-V2-S244-SEG-244,1362,244,244,1589,1629,60783,60793,65031,65041,"\|\,\|_1","\|\,\|_1",7e446de5b01e5c6033e52cd2cba54547255a70541e3623d4a438b0015acb2f51,7e446de5b01e5c6033e52cd2cba54547255a70541e3623d4a438b0015acb2f51,7e446de5b01e5c6033e52cd2cba54547255a70541e3623d4a438b0015acb2f51,$,,7e446de5b01e5c6033e52cd2cba54547255a70541e3623d4a438b0015acb2f51,7e446de5b01e5c6033e52cd2cba54547255a70541e3623d4a438b0015acb2f51,"{""basis"":""ordered nested-math atom; exact symbolic replay"",""kind"":""source-target-formula-map""}"
1.1.0,formula,O007-FREMLIN-V2-S244-FORMULA-1363,O007-FREMLIN-V2-S244,O007-RIGHTS-FREMLIN-DSL,O007-FREMLIN-V2-S244-SEG-244,1363,244,244,1590,1629,60798,60815,65046,65063,"\|\,\|_{\infty}","\|\,\|_{\infty}",5ea1368cf38b456bbcc7d6a385884b413e82181991d513592180931dabffa13e,5ea1368cf38b456bbcc7d6a385884b413e82181991d513592180931dabffa13e,5ea1368cf38b456bbcc7d6a385884b413e82181991d513592180931dabffa13e,$,,5ea1368cf38b456bbcc7d6a385884b413e82181991d513592180931dabffa13e,5ea1368cf38b456bbcc7d6a385884b413e82181991d513592180931dabffa13e,"{""basis"":""ordered nested-math atom; exact symbolic replay"",""kind"":""source-target-formula-map""}"
1.1.0,formula,O007-FREMLIN-V2-S244-FORMULA-1364,O007-FREMLIN-V2-S244,O007-RIGHTS-FREMLIN-DSL,O007-FREMLIN-V2-S244-SEG-244,1364,244,244,1598,1638,61250,61259,65556,65565,(L^p)^*,(L^p)^*,408bd3d8a1888264af54233d67eb99eaddf47c72cf263867de149f7c882dec35,408bd3d8a1888264af54233d67eb99eaddf47c72cf263867de149f7c882dec35,408bd3d8a1888264af54233d67eb99eaddf47c72cf263867de149f7c882dec35,$,,408bd3d8a1888264af54233d67eb99eaddf47c72cf263867de149f7c882dec35,408bd3d8a1888264af54233d67eb99eaddf47c72cf263867de149f7c882dec35,"{""basis"":""ordered nested-math atom; exact symbolic replay"",""kind"":""source-target-formula-map""}"
1.1.0,formula,O007-FREMLIN-V2-S244-FORMULA-1365,O007-FREMLIN-V2-S244,O007-RIGHTS-FREMLIN-DSL,O007-FREMLIN-V2-S244-SEG-244,1365,244,244,1600,1640,61381,61386,65713,65718,L^2,L^2,a245919be5634c2045be143ae60cc72ed7255ab1dec02db787fafef533d07baf,a245919be5634c2045be143ae60cc72ed7255ab1dec02db787fafef533d07baf,a245919be5634c2045be143ae60cc72ed7255ab1dec02db787fafef533d07baf,$,,a245919be5634c2045be143ae60cc72ed7255ab1dec02db787fafef533d07baf,a245919be5634c2045be143ae60cc72ed7255ab1dec02db787fafef533d07baf,"{""basis"":""ordered nested-math atom; exact symbolic replay"",""kind"":""source-target-formula-map""}"
1.1.0,formula,O007-FREMLIN-V2-S244-FORMULA-1366,O007-FREMLIN-V2-S244,O007-RIGHTS-FREMLIN-DSL,O007-FREMLIN-V2-S244-SEG-244,1366,244,244,1604,1646,61670,61675,66087,66092,L^p,L^p,0de1bee007df208a54c85a6cf3aa6c06e2a922620965a43478a0496c27e05aa0,0de1bee007df208a54c85a6cf3aa6c06e2a922620965a43478a0496c27e05aa0,0de1bee007df208a54c85a6cf3aa6c06e2a922620965a43478a0496c27e05aa0,$,,0de1bee007df208a54c85a6cf3aa6c06e2a922620965a43478a0496c27e05aa0,0de1bee007df208a54c85a6cf3aa6c06e2a922620965a43478a0496c27e05aa0,"{""basis"":""ordered nested-math atom; exact symbolic replay"",""kind"":""source-target-formula-map""}"
1.1.0,formula,O007-FREMLIN-V2-S244-FORMULA-1367,O007-FREMLIN-V2-S244,O007-RIGHTS-FREMLIN-DSL,O007-FREMLIN-V2-S244-SEG-244,1367,244,244,1607,1649,61874,61883,66292,66301,(L^1)^*,(L^1)^*,883f2227bca2f418a117aa91c1e1ab8f800716d5c334e3aafa755a5fa296580c,883f2227bca2f418a117aa91c1e1ab8f800716d5c334e3aafa755a5fa296580c,883f2227bca2f418a117aa91c1e1ab8f800716d5c334e3aafa755a5fa296580c,$,,883f2227bca2f418a117aa91c1e1ab8f800716d5c334e3aafa755a5fa296580c,883f2227bca2f418a117aa91c1e1ab8f800716d5c334e3aafa755a5fa296580c,"{""basis"":""ordered nested-math atom; exact symbolic replay"",""kind"":""source-target-formula-map""}"
1.1.0,formula,O007-FREMLIN-V2-S244-FORMULA-1368,O007-FREMLIN-V2-S244,O007-RIGHTS-FREMLIN-DSL,O007-FREMLIN-V2-S244-SEG-244,1368,244,244,1609,1650,61992,61997,66417,66422,g_F,g_F,33f3ee3e874a2b24dab799da16fd5610d00bd405f76f2ab9f2763ab8186fb036,33f3ee3e874a2b24dab799da16fd5610d00bd405f76f2ab9f2763ab8186fb036,33f3ee3e874a2b24dab799da16fd5610d00bd405f76f2ab9f2763ab8186fb036,$,,33f3ee3e874a2b24dab799da16fd5610d00bd405f76f2ab9f2763ab8186fb036,33f3ee3e874a2b24dab799da16fd5610d00bd405f76f2ab9f2763ab8186fb036,"{""basis"":""ordered nested-math atom; exact symbolic replay"",""kind"":""source-target-formula-map""}"
1.1.0,formula,O007-FREMLIN-V2-S244-FORMULA-1369,O007-FREMLIN-V2-S244,O007-RIGHTS-FREMLIN-DSL,O007-FREMLIN-V2-S244-SEG-244,1369,244,244,1610,1651,62063,62068,66490,66495,g_n,g_n,15e892a32e1d61ee782785b18626714d299cab29e6fbf25d31fd470d3827b1da,15e892a32e1d61ee782785b18626714d299cab29e6fbf25d31fd470d3827b1da,15e892a32e1d61ee782785b18626714d299cab29e6fbf25d31fd470d3827b1da,$,,15e892a32e1d61ee782785b18626714d299cab29e6fbf25d31fd470d3827b1da,15e892a32e1d61ee782785b18626714d299cab29e6fbf25d31fd470d3827b1da,"{""basis"":""ordered nested-math atom; exact symbolic replay"",""kind"":""source-target-formula-map""}"
1.1.0,formula,O007-FREMLIN-V2-S244-FORMULA-1370,O007-FREMLIN-V2-S244,O007-RIGHTS-FREMLIN-DSL,O007-FREMLIN-V2-S244-SEG-244,1370,244,244,1621,1662,62612,62622,67080,67090,\Cal T^+,\Cal T^+,4b79f371856e4187e5e41bae0ed5a1ebe688966af6cc343fca25b005e2053e1d,4b79f371856e4187e5e41bae0ed5a1ebe688966af6cc343fca25b005e2053e1d,14cf7ac30c01fafd96c8ee5976e97bd2f90cbe7caadba1f7b1922e1b0b8f9ee4,$,,14cf7ac30c01fafd96c8ee5976e97bd2f90cbe7caadba1f7b1922e1b0b8f9ee4,14cf7ac30c01fafd96c8ee5976e97bd2f90cbe7caadba1f7b1922e1b0b8f9ee4,"{""basis"":""ordered nested-math atom; exact symbolic replay"",""kind"":""source-target-formula-map""}"
1.1.0,formula,O007-FREMLIN-V2-S244-FORMULA-1371,O007-FREMLIN-V2-S244,O007-RIGHTS-FREMLIN-DSL,O007-FREMLIN-V2-S244-SEG-244,1371,244,244,1624,1666,62817,62822,67339,67344,L^p,L^p,0de1bee007df208a54c85a6cf3aa6c06e2a922620965a43478a0496c27e05aa0,0de1bee007df208a54c85a6cf3aa6c06e2a922620965a43478a0496c27e05aa0,0de1bee007df208a54c85a6cf3aa6c06e2a922620965a43478a0496c27e05aa0,$,,0de1bee007df208a54c85a6cf3aa6c06e2a922620965a43478a0496c27e05aa0,0de1bee007df208a54c85a6cf3aa6c06e2a922620965a43478a0496c27e05aa0,"{""basis"":""ordered nested-math atom; exact symbolic replay"",""kind"":""source-target-formula-map""}"
1.1.0,formula,O007-FREMLIN-V2-S244-FORMULA-1372,O007-FREMLIN-V2-S244,O007-RIGHTS-FREMLIN-DSL,O007-FREMLIN-V2-S244-SEG-244,1372,244,244,1625,1666,62842,62847,67363,67368,L^1,L^1,9d0fbf856fe55b032eaac1d3cc54b65eb406a5231c658bf5d96c01b0eddfbee3,9d0fbf856fe55b032eaac1d3cc54b65eb406a5231c658bf5d96c01b0eddfbee3,9d0fbf856fe55b032eaac1d3cc54b65eb406a5231c658bf5d96c01b0eddfbee3,$,,9d0fbf856fe55b032eaac1d3cc54b65eb406a5231c658bf5d96c01b0eddfbee3,9d0fbf856fe55b032eaac1d3cc54b65eb406a5231c658bf5d96c01b0eddfbee3,"{""basis"":""ordered nested-math atom; exact symbolic replay"",""kind"":""source-target-formula-map""}"
1.1.0,formula,O007-FREMLIN-V2-S244-FORMULA-1373,O007-FREMLIN-V2-S244,O007-RIGHTS-FREMLIN-DSL,O007-FREMLIN-V2-S244-SEG-244,1373,244,244,1625,1666,62852,62864,67373,67385,L^{\infty},L^{\infty},78a4126aa7bf2982d3fda504bb032af482859d41123569b379ce30447473769c,78a4126aa7bf2982d3fda504bb032af482859d41123569b379ce30447473769c,78a4126aa7bf2982d3fda504bb032af482859d41123569b379ce30447473769c,$,,78a4126aa7bf2982d3fda504bb032af482859d41123569b379ce30447473769c,78a4126aa7bf2982d3fda504bb032af482859d41123569b379ce30447473769c,"{""basis"":""ordered nested-math atom; exact symbolic replay"",""kind"":""source-target-formula-map""}"
