00_READ_FIRST_FONDASI_TEORI_UKURAN_V1_DAN_V2_HINGGA_BAB_23.pdf	1771034	10433d93a655731615020333b024ac7d53acb494a86d11b14d57908f8b38bed1
00_control/CANONICAL_USER_INSTRUCTIONS_20260821.md	10476	cf913e8cb4d487f4c6958c079b372ccbb2fb5929dd483068441e80cefd6794f2
00_control/CP0012_VOLUME1_ADMISSION.md	5959	6c36d58e10de8ccdca0f5e7954d34e67be7a294895adae3dd2afc2f5c3763eab
00_control/CP0013_CHAPTER22_ADMISSION.md	6268	5d434a1db653817d060e50d5243259bfdb53c903de0df0bc4ed78c24213885e9
00_control/CP0014_CHAPTER21_ADMISSION.md	8239	a47c9ae1daaff7e7974d2774749ce40a1beeada4761efb111451600161f8af0f
00_control/CP0015_THROUGH_CHAPTER23_ADMISSION.md	3870	5a2b484d1fec3cd620a9df2c7f9c1ed02d54240bd7bd9f54bf5df22278b170e3
00_control/RIGHTS_AND_ATTRIBUTION.md	2406	c17edd12bbace3d2e7eb3bd6b28e0ad1035c9491d3e1e98f17f2a76723341ead
00_control/ROOT_SELECTION_HANDOFF_20260821.md	13625	1019d6b6073ccefb5d5a2ae00eadcaaa3fb84f0def974f61b7517f9d5eb8762d
00_control/SOURCE_AUTHORITY.md	8618	0d249075204544cff61228fc5ea9404eb71d2fdc184d3422d01b736f99de91dc
00_control/SOURCE_CORRECTIONS.csv	60372	111fc2931c9ff8f7728448dc0c37efbf683610fde51500589e962712d22f4cae
00_control/TERMINOLOGY_DECISIONS.md	12445	eac1b1dfbbe6f7261c6ff1af0b7fa607658982a70128eb13b79ef4d290269bc9
00_control/VOLUME1_CLOSURE_SCOPE.md	5065	8ca6c78f48931636bc1322603a8eb1b61ca1580b3babdb438812729c173e1d4f
ATTRIBUTION.md	1122	27ee584d7ba96cddf7233350c35288684ced925d29f907884d8499c59a097822
LICENSE	8076	4505ea3ff83882f83f4f5ea2088b51a89f90fa440f6a28c08cb126d7c29e70db
PUBLIC_RELEASE_CLOSURE.json	4908	7013ddd8fd2b15eb5be20922c864cb3d100016067d52eb99350f4369f262cbf2
PUBLIC_SANITIZATION_MAP.json	1974	411eef209aa587ae92c49227449a36b90dd210546f0b87eca10f14f63a96fdb4
PUBLIC_SOURCE_TREE_MANIFEST.tsv	178549	ceddd3b2a8e23ff19003dd4b92d28bd933dd8fb75886c85f2d75e60f9f0afec5
README.md	4801	993661700a280f35160b6d3d1b7ff259de38d4a0b6f12e5c3018b82e2137d922
RELEASE_METADATA.json	2108	1ac8680aff7044ffa1deb0a5b31ae33ca0285f22193d5505c54fc4fb838167f5
THIRD_PARTY_LICENSES/MathJax-3.2.2-Apache-2.0.txt	11358	cfc7749b96f63bd31c3c42b5c471bf756814053e847c10f3eb003417bc523d30
authority/fremlin/BUILD_SUPPORT_MANIFEST.tsv	174	392ab43467f1fd84cea8edb9753f62034518cfa3b78c841f9b586865c85e6ae2
authority/fremlin/SOURCE_MANIFEST.tsv	11879	4aa1c1b17d932f0f2eb7b5373456e1f39451d775f446cb8aa72101b6f57e8490
authority/fremlin/build-support/miniltx.tex	13702	6ba5031ede43168d45d6de2d93cceae93913169c4367d56b81d524a18e42a66a
authority/fremlin/build-support/volwp.2016.aux.txt	8008	402e099d75b28b00c5d721cb1510380ce03320f87d1abcda5b7d1bbb6b3df8bd
authority/fremlin/dsl.txt	8076	4505ea3ff83882f83f4f5ea2088b51a89f90fa440f6a28c08cb126d7c29e70db
authority/fremlin/mt1.2011.tar.gz	421854	1deabdecd72f2a2866eb70c4e2ab89f230083af155414023a0a8b441010a6ff2
authority/fremlin/mt2.2016.tar.gz	897116	77413c3c2f1a97f0e29b538d957d6dce59a23c0c8b8b287d20b023572e105145
authority/fremlin/source/mt1.2011/mt01.tex	3628	ac7473c0f35a20fe4ddfd50036c7c50ee094495c65c5965b593623927835cdd4
authority/fremlin/source/mt1.2011/mt1.tex	7144	c58c27434928c83ab4bd5727dfeeb538d6144dca0bbf1475963ed2bff7baad3b
authority/fremlin/source/mt1.2011/mt10.tex	13705	583e6a9e306d6eb4776df5260d04f8296cf27bb97aa740d8003802c12f5de452
authority/fremlin/source/mt1.2011/mt11.tex	5875	d077c5498e6a5a1136e41b7b8eaf07a7c6b576af2c32abbbd304aec3f7c3f90b
authority/fremlin/source/mt1.2011/mt111.tex	24584	40857003cc5e0d5580e2db104e980e34f11f813cbdb2dc4ad444f34fa01e78a2
authority/fremlin/source/mt1.2011/mt112.tex	22823	3c6037e1fb81449cd9ba0bd3bc9b3eae8b5c807ecc758b1b661e8bc8db53ec5e
authority/fremlin/source/mt1.2011/mt113.tex	16692	34a400f9b01faa39330a22f712d885a272e09134dc4ae3ee4d6dc10d09ffd7b3
authority/fremlin/source/mt1.2011/mt113c1.ps	18252	05008550dc6ec69c1a81a7f49690db636f74a7d676c80597a5a5c7a68cd6b247
authority/fremlin/source/mt1.2011/mt113c2.ps	18011	453bdd8bdf47855be6a9409a350a54509001e86745d9a292d2afeb63a63347f4
authority/fremlin/source/mt1.2011/mt113c3.ps	18011	ed139a714ecb9a7298305d31469202e44b35f63bc015a5c31204acee5ac96439
authority/fremlin/source/mt1.2011/mt113c4.ps	23151	f814fa8153a7419e48edbc0d1ca8c47fef8d2334aa89334d088ff915d4e4ffd4
authority/fremlin/source/mt1.2011/mt114.tex	25717	206488ff5ba2960f4e130d162cca6df7af2935968754d77bc18b53ab084b8f97
authority/fremlin/source/mt1.2011/mt115.tex	27681	2d6714f1b022932a90c38bc05c11f2f3c25d6fd84e5b51050c331fcbd6367739
authority/fremlin/source/mt1.2011/mt12.tex	1603	bf1f5adf81e557f8958b38edd8c59f4170c8686614878c4104814c1d22548e59
authority/fremlin/source/mt1.2011/mt121.tex	43014	f2b93bf474cccafc75cc2bc76dadbc26e5456e620d21f092cf5fae35e6776484
authority/fremlin/source/mt1.2011/mt122.tex	40114	e187da4ddc39d7ed101b8bb6b6ee1af4b1ac6655672f772a3aa5e874feeed701
authority/fremlin/source/mt1.2011/mt123.tex	17868	5a1abb103efce40f702cc375e57c7e76387e78c7def15a64fb627d428900d742
authority/fremlin/source/mt1.2011/mt13.tex	1602	50f00104fa2b1b663a35b152d2946e6b5f307095b07e86fd0cc44c8793fee2d8
authority/fremlin/source/mt1.2011/mt131.tex	11811	94ebff73a9a8820a85e852df30088830cfee57e8cfed0fa8244f915e0b88f105
authority/fremlin/source/mt1.2011/mt132.tex	17074	5bb8e80daa8d659ba21fd24c1c123eb17c3f76ac57d4102438acbb2622659ed6
authority/fremlin/source/mt1.2011/mt133.tex	27949	4fc1253dc7b903afd0b9dc472ecdf90572991337ebccfc7e76fbb88f5bb5cf8a
authority/fremlin/source/mt1.2011/mt134.tex	51010	a7532f33fbac71ab87fdf21b89ef12a74fe8b3f72e25ab31fa48ca03c70bb850
authority/fremlin/source/mt1.2011/mt135.tex	26129	5b7029f431f3f4ef7a75450c45a48e7beafa8ebf688bc6e0287d58e0a3dcd893
authority/fremlin/source/mt1.2011/mt136.tex	22658	2c0a80f0271c2fac933eeb21cd8dd719f201dbc4fbf859b534dc5f768c05b641
authority/fremlin/source/mt1.2011/mt1a.tex	1102	4ebe7dc511763be44d670bb6cbd1c40eb84f8c895057c756422826ea83bf1f37
authority/fremlin/source/mt1.2011/mt1a1.tex	16731	482bdbe2a55bdc8f9f03c8f6fcade7d743b7b988659b9044d6bec16fa5d32289
authority/fremlin/source/mt1.2011/mt1a2.tex	5978	347e774290e9d396218f6ba1e91620e1e67baf98efc387df43332bd7dae74852
authority/fremlin/source/mt1.2011/mt1a3.tex	8391	8dbfa08eb8553477b1c39a3ea6d1f969550498f352a4ca9afe119bb7887c744c
authority/fremlin/source/mt1.2011/mt1conc.tex	1292	03663ade39a6227e3ed4e628fcff98f5012e1a3238c207413a1d27d0734ff16f
authority/fremlin/source/mt1.2011/mt1r.tex	2278	d59c6d646ebe1be1cdd1f130045c21ff13bd5e3f343901c28d318aefb4f76880
authority/fremlin/source/mt1.2011/mti.tex	473311	f331588e3b9fd97a04754a15bd667b6ec62c73e21946efa8ed7a39083b140070
authority/fremlin/source/mt2.2016/mt02.tex	14813	46dffa00a989d92e921509c50e96010e28668e910072aea3caf5e8e29614b5b5
authority/fremlin/source/mt2.2016/mt2.tex	8066	1b727714ad019cf6040cbeeeacb20949482e839c6e10e547d0398c88f6647e5c
authority/fremlin/source/mt2.2016/mt20.tex	13484	1834f831142999e976a98d598ecc3bb16e38416e8ee27e42a6bf61655815ecea
authority/fremlin/source/mt2.2016/mt21.tex	1994	0f03b56afed7f91f0f4b1144dde69233befd5a4e84ef60ef17dcbb6edb0460ec
authority/fremlin/source/mt2.2016/mt211.tex	26533	605701d2b4adab3a7e72db845604b59b4866d1fa02284c127b02fae1a28f830b
authority/fremlin/source/mt2.2016/mt212.tex	27387	6daa43101299cca12ba3c6dec977799deb14bd8f220d35c99acc75fe01368d04
authority/fremlin/source/mt2.2016/mt213.tex	49210	708bdc627b98a2ad9543b71debd06e20f04550c13bc0459d466944fc4f7d7751
authority/fremlin/source/mt2.2016/mt214.tex	49513	28bcd29fc1c894ae18f67e2f5d082cc96afaa316ca4cca6005507761eaf8b563
authority/fremlin/source/mt2.2016/mt215.tex	25674	d018c9b7bc1b947ce64eeb8fcd5893a992bf563f611287dd79bc709adff45e18
authority/fremlin/source/mt2.2016/mt216.tex	25045	bacd5ea48b7b5840e7f602a73a285c0260f3b5d7c12a3fb8e68308d8ded2cec2
authority/fremlin/source/mt2.2016/mt22.tex	2902	1406376c53ac5dd2def9f7f676b09ff79af61a46cfba0cd0d2b50b3b84993a1d
authority/fremlin/source/mt2.2016/mt221.tex	12734	e99d61ec142367b23394baf39cc30a525d26d46f4c0c481f6c59184aff6efc3e
authority/fremlin/source/mt2.2016/mt222.tex	36080	254076a7e3cc31cf27bd804f4c62b4faf63b4f965cb30a1325bec951793312c4
authority/fremlin/source/mt2.2016/mt223.tex	16259	d8ed5797d9478e1f5421c5f23f36fbdfa26e833992ed067f44c006d0c3a40760
authority/fremlin/source/mt2.2016/mt224.tex	31804	de4302ee8f5992cda3d221d95df6280cbba9ef4b85e252736da5ced2e85fd21c
authority/fremlin/source/mt2.2016/mt225.tex	42546	f1eab749b74af0c8ebe717c6feb3268fdb2c608964d89e32eba0be912d8b6bc1
authority/fremlin/source/mt2.2016/mt226.tex	26818	8257cb375a83e7c8539b4bb550954e4c1166e236e0629099c24e04174573134e
authority/fremlin/source/mt2.2016/mt23.tex	2343	dbb9deede9bd5a5c5f6787e0a1026b8d7a821259cc471b16d79a33e82e12487b
authority/fremlin/source/mt2.2016/mt231.tex	20345	155ba0f589232260a9d12158c30d23bb9c4173aba0f7776fe7e205d60685bbc9
authority/fremlin/source/mt2.2016/mt232.tex	41008	5661337065d557e82cb4e484ff6445e1ad39f6b0aee3a5245d30ee2e937a0abd
authority/fremlin/source/mt2.2016/mt233.tex	37534	77bdce9b93ae04867d4b29a43eca2f3a147432b4a4460143bad2049a6a7b5f63
authority/fremlin/source/mt2.2016/mt234.tex	50690	1b50eb97cca297047460e732faec26746a91d3fab1ca97fec9c2056d0c7339ca
authority/fremlin/source/mt2.2016/mt235.tex	47626	1dbe8b3dd740032837a382d66c3d3e738a0702db7ae5d6980dbf75c156ae87da
backend/catalog-v1.10/MANIFEST.tsv	1520	0f82863e28560ec0fd7ad074e993d4fc2622244bdfb61a95f6afa93452dd93b6
backend/catalog-v1.10/MODEL_PROVENANCE.txt	32	232de89e31f46ea6dbdb93ae7e5880aeb0ae09bc8e1ed0ae14df81fbc57c6d2d
backend/catalog-v1.10/corpus.csv	871	1574f7ef65587331ccb899ec092bc2bb6badfc3ee9580ee278c0379a832ab2d3
backend/catalog-v1.10/corpus.jsonl	885	c12a35596c0ce0ebaeea7ef856a55083916bf4957ff221144942a2edd76003d5
backend/catalog-v1.10/resources.csv	93130	78e289290deded4b10793094b3f4973706bf621d2d177209634aa9eaf2755732
backend/catalog-v1.10/resources.jsonl	116347	e297471de58a37de2528cf1dfa50a3d8aa75114ae95278e13cfa738f920d5585
backend/catalog-v1.10/rights.csv	1203	8c77d477dc2e851e944b5a4b2d2a80a598a15e26920d8c122ddfe61920e98ecd
backend/catalog-v1.10/rights.jsonl	1217	72e4f658a6b438ec43add6544b52f11e453ac2f5fa5161d0a6c351859ee3ca45
backend/catalog-v1.10/snapshots/inherited-v1.9-chapter21-source-corrections.csv	45994	ccb89e7faee5780b23e7c3a3fbdb6f4c1014b8de8f177252eb371040b44a44a3
backend/catalog-v1.10/snapshots/inherited-v1.9-chapter21-terminology-decisions.md	9292	ae548382bbee2cbb0e3346a52c65fe3ea8813e7d637f57f591c741d25e772ac7
backend/catalog-v1.10/units.csv	43338	b1a78fe7f3c034b6e4aeb68171c6f5abd90e1919b8412e889f8bbd5ee570a50b
backend/catalog-v1.10/units.jsonl	61019	2b32060a10cc7e614164756faaabf82c134a435ca5dbde985170a471a80dcd3a
backend/catalog-v1.10/volumes.csv	3154	f1d98ffe01aae248350ecceb87a1e291c2174d46d28ba214d267cedfd94f1f70
backend/catalog-v1.10/volumes.jsonl	3399	a9fa2f360a1f9579e17a459bf2fc36fdea88648c1809b8b445a36ac1065e1ada
backend/catalog-v1.8/MODEL_PROVENANCE.txt	32	232de89e31f46ea6dbdb93ae7e5880aeb0ae09bc8e1ed0ae14df81fbc57c6d2d
backend/catalog-v1.9/MANIFEST.tsv	1632	627da27339c97d3253fad7141df20c9ab26c417d1985f290cd5b7eaf024292cf
backend/catalog-v1.9/MODEL_PROVENANCE.txt	32	232de89e31f46ea6dbdb93ae7e5880aeb0ae09bc8e1ed0ae14df81fbc57c6d2d
backend/catalog-v1.9/corpus.csv	871	1574f7ef65587331ccb899ec092bc2bb6badfc3ee9580ee278c0379a832ab2d3
backend/catalog-v1.9/corpus.jsonl	885	c12a35596c0ce0ebaeea7ef856a55083916bf4957ff221144942a2edd76003d5
backend/catalog-v1.9/resources.csv	75937	b42f2f8ac213a56515d315123eaff48488329ce6b7cbaf252f677d261a7c85ef
backend/catalog-v1.9/resources.jsonl	95124	0ff89ed09f2f45071e4fe8d44a8d1f7b670343fa717bc6e5d08bd422caa7b183
backend/catalog-v1.9/rights.csv	1203	8c77d477dc2e851e944b5a4b2d2a80a598a15e26920d8c122ddfe61920e98ecd
backend/catalog-v1.9/rights.jsonl	1217	72e4f658a6b438ec43add6544b52f11e453ac2f5fa5161d0a6c351859ee3ca45
backend/catalog-v1.9/snapshots/v0.12.0-volume1-source-corrections.csv	20991	98f9a6d8dee1b76ca73db40ef822c572dfe986858277cace9fd5f0e97cf5babf
backend/catalog-v1.9/snapshots/v0.12.0-volume1-terminology-decisions.md	5358	f3add336e5d0bc12d21829189c785b9b431a2b4f58b0f09958351d47faed3925
backend/catalog-v1.9/snapshots/v0.13.0-chapter22-source-corrections.csv	34636	ab1077b896a4746e866669171d6035bd793f540168650d1abcdc68d4777c193b
backend/catalog-v1.9/units.csv	36754	b8834b87ba36a6068158eecb8ad84db34d85262ddbda0aa65c5afd90cc845577
backend/catalog-v1.9/units.jsonl	52245	fa58091ea993ad621fff83812578e023d7e7476dd34d1fe856d6d17f0a80cc03
backend/catalog-v1.9/volumes.csv	2802	f00e6b4d4a2e1d4184843f7995ca545a4adfa70998892897a305d6ab0bcee536
backend/catalog-v1.9/volumes.jsonl	3069	78b90a951d115e4506c697219eb0eb95c11c9cdc6e44dfd72341ce5517447b02
backend/chapter23-backend-validation.json	39976	b89b6525ec41a8904795ccbf3704237a4808448d8c09a62c42d6a45055ce97d0
backend/generate_chapter13.py	64328	7eef89ec45d562a6971f32e1be37f5cb163fb009718d3cd34e0143fe0cc4cb54
backend/generate_through_chapter23_checkpoint.py	43165	1a76da0d9d1589023a6cd64290280df6d6be78f925d6316cc44c0aff5e3f19d1
backend/generate_volume1_chapter21_chapter22_checkpoint.py	46299	00f5f8e1a2fdf10c900347d121609b725be77184b2f76088514a873b2465c1ee
backend/generate_volume1_chapter22_checkpoint.py	33897	dcf327a04bfc775defe942459298f770f7535c61d0e682434050e4938b0bba17
backend/generate_volume1_closure.py	56455	6bb51561f471c69b21186e897e904507c5287e38b2ad6ef6d115e5e679966b9f
backend/index/mti-volume1-active-baseline.tex	36006	4977891d33b867f019e0f2acb3504c51dd00c736f88a13a5f6320d3206840e21
backend/index/mti-volume1-active-clean.tex	35985	d0b6815e17621b21a52388840359c0a56ae3a9dc2662122bafef984cfcbd0b4a
backend/index/mti-volume1-projection.jsonl	563847	1d6dd13a5fbab7646ac7a18596610f8ea46c7524d674928d385921fa3d7d1f3b
backend/index/mti-volume1-translations-id.jsonl	1155992	0dab35df4b544ef93df2d06a0ea4d0e6e5abbe4182400cc00df2ab0f26856f3a
backend/materialize_catalog_v1_8_replay_fixture.py	6613	a8e34af65af262b0425ec6317bfbbee06c22a1e67f10dcc6a5a762028bb0e17f
backend/materialize_catalog_v1_9_snapshots.py	4477	d23a43a4302a570f3010e741e6e3cf2628ed357969c0ca278dbe0057886f61e4
backend/mt111/MANIFEST.tsv	2915	048376684666d61d40fe00d055a208f20e4364601fa7bf2f305d1d68087736ea
backend/mt111/artifacts.csv	1129	57c788a278a52f6ebc11c5efc795551d42910577f0748ff37ac5c005c81318a4
backend/mt111/artifacts.jsonl	1304	749e157e7ac4e57abdb1bc5644c4664df9a1d4da5929b22590cf359d178ff7dd
backend/mt111/definitions.csv	11067	845fd4f0f7fffce0dbc9e987621cb3198b090d1d8584af8d654fc6d3eaf0bc30
backend/mt111/definitions.jsonl	12873	42b15992d3e8faa7da98a99e56228c099d77af62ddc4dc46c93cb7a7cefeb160
backend/mt111/events.csv	960	aa530c6c43f9691a88b8cb077bd191e0722298d9b22e272b8a0f3a73e87a9799
backend/mt111/events.jsonl	948	b69c9878dbfbcb070cdde0eaa29b206f36b459e0a67f242671e2e3728f25e0ee
backend/mt111/exercises.csv	13848	618ab12338b09b3c744adc897f8dc31174a7052f34d48c27a205f9d3f0590931
backend/mt111/exercises.jsonl	17013	39c15c1340db84d5a9cb5c8ca2cf241736bf48e211c8dbe0fe7e738ed6c50551
backend/mt111/formulas.csv	259815	a2cd749ff6065f19a98893efa105bc29939e769036a72b8e6d3d858f894f2c66
backend/mt111/formulas.jsonl	426235	417cbd14ba4723c5dc6dd04ecf01123e3f5864f5d97a32042cb7a36fe4921b58
backend/mt111/hints.csv	2573	255431898c234c4967d5b620a2da162651a4f4ca4a46a66382adc4b4190ce7b3
backend/mt111/hints.jsonl	3116	9754d9e974898c6f1d0be6f92047346f5578d5ce298fe98905d327824648515e
backend/mt111/proofs.csv	13639	c1c9645c8846b1eed681a0fbbf88bfcba1d10a11780b6077d934b6e5a64ae29c
backend/mt111/proofs.jsonl	17029	fc3f72dec68db4ba0918d402f001496bd2f565c0f9af9797a8c820aa703e5cf3
backend/mt111/relations.csv	14206	84c355cae264784cef613eb9a5aa8258793e070de3bab3350584c5c928713a9a
backend/mt111/relations.jsonl	19616	53311cc1ee61329814fea64479992b15cfd1ffe4fe65a553915f4a714848ae63
backend/mt111/results.csv	27050	9d068f053e3ad56301b7f684d68c226db99a993fef69aa0ed6561cc80e22349e
backend/mt111/results.jsonl	31083	9691c72d3f77654812bb3fead74ca2ae053f56346012970e28b18ca8cd35106d
backend/mt111/segments.csv	25743	56d34d630c83d19d1cabfb69fcdae39e79ff12d45fee1c50b24a5d01b654fff0
backend/mt111/segments.jsonl	43883	2c311f4bfb975ff3c040cfa4c8848e92f9b226322bfb40e8a2f5c68c7f304d0e
backend/mt111/terms.csv	4473	735effbeb53908ea6cf79f4d2ce062e5a5d20d7f8b35e5dbaef78ba3d2763c83
backend/mt111/terms.jsonl	5989	f6a5fc641df133bde4c77105be981746ca8a62c16f628bffa2882ded03a8265f
backend/mt111/xrefs.csv	12034	b2a765d86174a7edd767b3f214ed516043a73ae39c210a697293266633c54247
backend/mt111/xrefs.jsonl	16611	8bc9aa109bd3028aa9c1d626d946c270d4b48b9b833698a1185f9d486d9a72cc
backend/mt112/MANIFEST.tsv	4521	16345dc507c2e22c183595d2153b47d2edc35b9e2ce0299fcbdf3e5d1aa5fe8a
backend/mt112/artifacts.csv	1735	45bde3722b2dd294ce6ea4e81661cb28e128e7121d968749eb26a17a020e63ea
backend/mt112/artifacts.jsonl	2051	538c00e6a5d1a4cca939ef68f18ac24b7373e0ba1f0c493537f851f63d8ba7c0
backend/mt112/corrections.csv	2344	0d7aad11136d1666dfbdc948b714acdf8b9a4e1e21749f056d5dbd86cbde1c6a
backend/mt112/corrections.jsonl	2853	f2ce1d99f39b4eef9ac2ec66f45fc1a34b336d87983e90c41ae35fc01786dca4
backend/mt112/definitions.csv	37069	021ae1c351f4ee25b26d98dd79500e5437625f32e5262d4cb51404ccc0188daa
backend/mt112/definitions.jsonl	42467	16c791be6c6178a6d35361b40eb26874fdff2c8c0de0841e2e3a85f1629326fa
backend/mt112/events.csv	1127	9ab2d338ea804f09cf5b73fac949c3073eddec624070a30f285f2bc3020f39e4
backend/mt112/events.jsonl	1103	44db8f27a1fcb1c8fdba534adcedd4e048ead35bd38f7b10f46b97ee90ba2cfc
backend/mt112/exercises.csv	20654	3bd32fa921229795124982315ca493b8858f6e14fbaf23ec83477605d669bdb1
backend/mt112/exercises.jsonl	24686	1dffb9a7fef60a159e71263825062228b9e8c65128f00fba97bdf6d66f4c07d7
backend/mt112/formulas.csv	297602	ad676ef81f1d446b7d466ca94d54ef66752346adff32e39751d690e74c4eb268
backend/mt112/formulas.jsonl	483068	5f09ffdaa862e0dd07bd1c01704a384d75de7037588437950977cc1a5b8e421d
backend/mt112/hints.csv	788	d2721acd90517a60b0ab3b83834614fa93617fd81b83f7e05acecf327aed2299
backend/mt112/hints.jsonl	835	462bc1c60c550eefd8355d6301711dbaf2d86b60eb546f770375cb12fc86015e
backend/mt112/proofs.csv	10392	3da280989ed769a923b4b51e8aac3e0bf2734a8a4598e8427de97d00a0df27d6
backend/mt112/proofs.jsonl	12698	0ff5c065066ab9da5d59c77b4bcf6538bde36405e669c3b981aff10f2e41e9f8
backend/mt112/relations.csv	15516	fd485c2ec295a5e23d6e98116f5b360f80b332d4509f664200230003828ecdfd
backend/mt112/relations.jsonl	21366	2b9b2e63ca237f0882dd88fc19c5e19281c61517e3b19b3a843d07160d4dc0dc
backend/mt112/results.csv	8846	91ac3d16abb2c30bd0a3133d4f41480093c5b69274eb1166f9d58c686c0bc35a
backend/mt112/results.jsonl	10965	48bbf58d8336e32a8c8f21a6ce64b220ac8f8a8f5e99ff36b2e58094f2a2b838
backend/mt112/segments.csv	23971	8e6226cad1697a8c2c2a1d7d0f71a84fa717145242ab66b832c7a7ed4f701598
backend/mt112/segments.jsonl	40112	7953c99474b3134a507f1e45edde2f7337cb9f2428203678f821535bb337ce1a
backend/mt112/terms.csv	10754	781d368e332cd86d5f1a1a78a3c7cc255679abf15f443f1429994609213d21ff
backend/mt112/terms.jsonl	14210	d66195b74640e2c0f39ff0a00a14fc19ace84ffece024b14e80ebefdb9ace3b7
backend/mt112/xrefs.csv	9256	08888ca4a9dc71e742d441f5186fc973eff21ec94212d01c86b2cb67766c0ad0
backend/mt112/xrefs.jsonl	12815	87de77efb75bc06aae1112f39587c5458f62beb256a970aac17441dc7f7003bb
backend/mt113/MANIFEST.tsv	4871	eacce18d3dfc81094c4c8021cdcfefd84627dc1038e6de9f04794ad015fa712e
backend/mt113/artifacts.csv	1184	6299173c27387467c57e1adbdfcb81c54c5ad38a60c56db9e288938d8b87d784
backend/mt113/artifacts.jsonl	1359	51dbcd9490f57c63ea4476c36d4f35bc4f0bdc3bff7765f65338754814ce4b90
backend/mt113/assets.csv	3257	2671a759efe464d7db7a3c56346ca303e31a065f0dd21c6fd11a488582b96b67
backend/mt113/assets.jsonl	4172	be26c5e7831fd79bdf80f291ca51847805bb4da02b46762429949663e7220d7c
backend/mt113/definitions.csv	5425	12d92795eb8e5016ffd54057ca7e36be993115f863a275bcfb749f30ec22c765
backend/mt113/definitions.jsonl	6259	5c6c3a64f785db0f2493ecfabead682389c94b355ed57947a57de5a2169e7984
backend/mt113/events.csv	1515	15fbba0752020e6a4ccddbcecabbeabb24fd66a20eab05df7def8a638d3bf1fb
backend/mt113/events.jsonl	1475	2e7c02285792f38365d5cf1f52705b85b15597ef4137eecd53aa76a3f47cbeee
backend/mt113/exercises.csv	26396	9a5bcf87e7cb59f3b152d2a58f80baf6c5ee8616dc8b958a7339f73bd463eece
backend/mt113/exercises.jsonl	32093	694ef22a28c47f74b508d5e7b695493612daf4fc53865867e74a1400dedffcd3
backend/mt113/formulas.csv	246712	4a595384c2c3c08c7c07da1cca66b856ed0b2518738a3711d22447342e1f2dce
backend/mt113/formulas.jsonl	383130	a7d475b53a96ffa5118f2bfb1bd3fee3141dced19af04955375038f7f4f5715d
backend/mt113/hints.csv	1507	a68ff1dbda20a61e408fb1c55e486adc71ade9a2f1b4a6593c46fef9c06d0047
backend/mt113/hints.jsonl	1804	461da109f199e0cd201f66da33df0a4a205bb1f1396ab06b546666ea1f597397
backend/mt113/proofs.csv	13522	a542be9ca99c845d047c4ee9bfa4039b1e3edf048f76e1a3c564aeb32ba04a80
backend/mt113/proofs.jsonl	15730	9c2105965a7cc8642a9f7348572233285270beef8106ec8017523ba8d27cf6f8
backend/mt113/relations.csv	17550	57099f674e2da3c1664d01679906ef9d31793a15dc0a372bfaa07d8a3ef09bf4
backend/mt113/relations.jsonl	23699	057f9cb82f0736c4f6e131021a8aaf10ac52c51dec20413d2c86990314e996aa
backend/mt113/results.csv	1597	4a908f52919cba28ba3f3a851a8a824bbc65a168de0e7a2939f57eb6ea25d5e5
backend/mt113/results.jsonl	1715	9f81a9dad28e507657a2449f91a61a0b7cbe02390c1914f2d4c3c1c60a54bfea
backend/mt113/segments.csv	21854	dc4c7fd31fd681c0f64cee7a76cd7e786380208e93cf461a4a21c8a3fae6edb3
backend/mt113/segments.jsonl	36670	2b54cd4d31abc6bdccbcc2ffd47962b684dee23ec566f582def32684bccd6fd9
backend/mt113/terms.csv	4730	3c6f2256554e1c69c8d42e72b527e3f2437dfe576cbaba03affad514bc63b199
backend/mt113/terms.jsonl	6390	765fe05dc9b206526b132e73ba5d73ce0c180c424f497693e054efd5370a4cd3
backend/mt113/xrefs.csv	12366	bf85f94bb55ea78acd799e9812c0718cdfda05e049638dba6384a84113bbb1d9
backend/mt113/xrefs.jsonl	17428	d4028d682af057e4310dd79c7901484b2fd622fc86f249c316456ad31fe84466
backend/mt114/MANIFEST.tsv	4401	b5226682619499ebc5342ec045ebd6f3f3074a5917573c87a5c46979d0739c06
backend/mt114/artifacts.csv	1184	5527fedc9f1d446b8baae4a1d4756f0d5cdceb698a70af6203030285a23662ef
backend/mt114/artifacts.jsonl	1359	1153dab4f363e456e8e75211cd74f2d2b35aff023b8008aa4520e74b14b84eb6
backend/mt114/assets.csv	1	01ba4719c80b6fe911b091a7c05124b64eeece964e09c058ef8f9805daca546b
backend/mt114/assets.jsonl	0	e3b0c44298fc1c149afbf4c8996fb92427ae41e4649b934ca495991b7852b855
backend/mt114/definitions.csv	10201	646a9cbfaa63b624230d180c7c0701946d6a719069f213ed394d8e2cbb5a694b
backend/mt114/definitions.jsonl	11868	77649e7d502246474468c1a701afa9f378cbb403fdd1b643ae7972e4586bdca2
backend/mt114/events.csv	1670	ac9962e54399bc58eb799126651e4019c854a25e3fde9c456660ca0e4098ec8d
backend/mt114/events.jsonl	1630	52f17595d2cca8efda2bdf2ed2e34ad90e87b93e97765975cf6c035fabe20701
backend/mt114/exercises.csv	23943	e191e69c83f8b5d6bc6ff56e077b6f00af29a29ccd4bb591970b056317325674
backend/mt114/exercises.jsonl	29432	e34c26fabe577f37f41e094cb12423a5902636b1cc2c7db62248d32e5b625328
backend/mt114/formulas.csv	265127	7af425a5db98032d0d0165c0314723a200d0c217fda6e7be1a6ee7cc020d3dab
backend/mt114/formulas.jsonl	434808	eaeb2509e1bb98f9913a7f73fda4ff331f1aae158b5840f5beaa8961d2cd2e95
backend/mt114/hints.csv	6071	d01d0c5b44aac4029a21d9fcac8399a4c6d5cdb4bec54920b827dff6f978f89b
backend/mt114/hints.jsonl	7843	85c81b453d97ed734f536ad79a414acf3f6ac6b749d157fa715879df0e2ee2fa
backend/mt114/proofs.csv	28534	3aa55bb8766f6eba541a526e68b2b733dbba0002e0982d6e7f26745a58d660b5
backend/mt114/proofs.jsonl	34484	bd633c38c38303835b8db119c9a52abd1a28ec7e0a40da23681ece889267308a
backend/mt114/relations.csv	22374	b101d36888b587c2ef7da475eddf7790158a05df4c4420b6a478525c5fd77438
backend/mt114/relations.jsonl	30527	c6b28c763fd60d2c55f96ace88140b2c3926df2bb7ad8815b5e914003c7473cf
backend/mt114/results.csv	5900	19101ae0f4573ef18d4c4bd21e44c43b6a4d7b839a69eb4a6372f663743fbb66
backend/mt114/results.jsonl	7104	110d2bdb3022924c3549906a38b60fb43eefd77d79dd534fb742c3cd5532e38e
backend/mt114/segments.csv	27859	49991081f11802b4051c57382427f550f2b6f9f274c63d532f01171112680c5b
backend/mt114/segments.jsonl	47174	78b818825ed811ebed98f9403b02139d328637dbd970112eeac17fdac5a123ca
backend/mt114/terms.csv	5175	f60818fb0e94be1375c588c4c887b396f1bde557aa76129c8906ddbafd7039e8
backend/mt114/terms.jsonl	6941	77ca53a1d70c64432cb8384965c56ccbc50eed197c80cbf2fdff5fb0970b6ebb
backend/mt114/xrefs.csv	26216	cbf460a2968073d7197526a571d9b50e868eb8bc659ae49397b32cc58da75b3b
backend/mt114/xrefs.jsonl	37270	152a6952414184d9eff777788a055b1910dafdf39e092b7979e88181ab4eb659
backend/mt115/MANIFEST.tsv	4925	b9016ae1625e6a69e219be19e2df8971c99f230bf3fbc1da68459d172e724d06
backend/mt115/artifacts.csv	1341	3ae3537176fd5f4e0e61cc425164dded911cc3da3bbaad47baca76c1bc8e5031
backend/mt115/artifacts.jsonl	1512	10d3b0a41e604a05359b2ccff5cd0cfd9aeab543533fba5583ffd39203a7b1a2
backend/mt115/assets.csv	1	01ba4719c80b6fe911b091a7c05124b64eeece964e09c058ef8f9805daca546b
backend/mt115/assets.jsonl	0	e3b0c44298fc1c149afbf4c8996fb92427ae41e4649b934ca495991b7852b855
backend/mt115/corrections.csv	3474	f55750c3c6f74ea8a1e593000f28b3d1e6bf2cef943f62fac54786f090d9efe8
backend/mt115/corrections.jsonl	4183	4278a4e406eb648a27bb1466b0ac1cdd916949c5bd103f5254975790aa7df7ef
backend/mt115/definitions.csv	12966	32c5a06e7faaaba15fab6a101320aac633352a5ea66e16bcd1a823336f032fff
backend/mt115/definitions.jsonl	15089	d884d9cfe0366877b08026a8e612b32f01e29942a332cf25f4cec03d2678cba1
backend/mt115/events.csv	1721	bfbd1bc9f6ef81bb368521949a2efc7a9a73d7cd12274b796fa28e382a11e9fb
backend/mt115/events.jsonl	1675	9a9fb761003caf6ab51e6fe5c33172a3d4422f522da51dccaa8fbf9dd3b8a2e1
backend/mt115/exercises.csv	14364	cb95e768025f2f8d4fce68bba6d2af6d75d8d3b5f721e4087900ccb83ab3464a
backend/mt115/exercises.jsonl	17212	0ee956b6fee07c3bf918ec4c1ef69c118aff4874524b0fce7596c0011a169661
backend/mt115/formulas.csv	291167	03fa537b4bc0d8fa6c2fd69e0a623a7aad09c92815c5f67606ae247f282738db
backend/mt115/formulas.jsonl	456557	d57f276f9a6a4d5726572d0c73b941fa8e3f1f48bc8060dc12612ac2d328e089
backend/mt115/hints.csv	6165	4a7dc012571334732fb047020221df6da5370e723337b91247500efd746612b5
backend/mt115/hints.jsonl	7971	42be97f8aa5762d050b2069eae82ba0e0181e22aae05d542a03900d2ff89aba5
backend/mt115/proofs.csv	34229	888699a109242ae305ba3cf50a5e8bde9693a5b28c51e1622ce6ac0d162827cb
backend/mt115/proofs.jsonl	40859	00da6a42b40e4e885a40b220962d07086a6f447b04611ebcfe91e1f429a32cbd
backend/mt115/relations.csv	20068	913431155be7847cec168e35c8ea2fd11060b301cbd7b22b25d561ece233acee
backend/mt115/relations.jsonl	27350	6758e628dae56e8b3291ab39b375ab92a9e86bed9f4cd9d87347329b695ed00e
backend/mt115/results.csv	5702	3c70817ed7e86af3c2c263dddc33fbf97628903f70b8606134907c3634b0d77c
backend/mt115/results.jsonl	6916	4ad0c36c4fb44cfa615332a5f20942e607d1e30707fe0a0053b19afc3c5bdcfa
backend/mt115/segments.csv	23924	a1c7287596b14398a6eea27da296c3db031081a552da6a03cb65db4b508a95dc
backend/mt115/segments.jsonl	40253	7cd4aa002fea6ad78da0509f84b66fb6b7054c4ea358f36ab8544a255897c251
backend/mt115/terms.csv	7830	36a6c8e553e718bbf9eb9cfa91214ad32215a85bcaa9c6c351ea811743f1fd35
backend/mt115/terms.jsonl	10064	40add1e457e65909d9cff69994483aa2251d6a04ad40477e2b048e7ecc2bc65d
backend/mt115/xrefs.csv	31464	e99f010fd4edfd9c337e58b1e3627001d303895a402983c1c7c7ee18a3417260
backend/mt115/xrefs.jsonl	44239	9d1ade2cd9cc47cfeb554884294200b504fb2251a91ad0717889da28e3a605ca
backend/mt121/MANIFEST.tsv	5023	e38f52c97c2600d8e6498f63a256a25035e3824649136d01e1fa51aee880a6ff
backend/mt121/artifacts.csv	1382	9b85755a15caabe2d6fca1220896ac99e9580660b3b0792043d183da445515fe
backend/mt121/artifacts.jsonl	1551	176903fe165eaf35eaa7f7e368eb8287d8f0f725591253f2cffa374dfb0677ec
backend/mt121/assets.csv	1	01ba4719c80b6fe911b091a7c05124b64eeece964e09c058ef8f9805daca546b
backend/mt121/assets.jsonl	0	e3b0c44298fc1c149afbf4c8996fb92427ae41e4649b934ca495991b7852b855
backend/mt121/corrections.csv	5025	5fb901d2be4a7630539beabe2e9f2f4be002d2e2b6dfdc241b21a052fdd32a8a
backend/mt121/corrections.jsonl	6106	ff0dc8e7cb0a0efa613261cac56336c6fb6d0045dd76111805445a6a5bbaff2b
backend/mt121/definitions.csv	49427	c54cc944dba3440a9f5fa7fbb455ec05224fe1ce12902b8448dfc301552b4ed3
backend/mt121/definitions.jsonl	57416	3f5c68429aa7d5436d907f5e6fdcf46bfcc6e67232a21f6b8c1748dff2be16b9
backend/mt121/events.csv	1789	11e04b20d1e7e05ae53c0a70fcf69ff9c307e71d3676969bf28bcacbf7534611
backend/mt121/events.jsonl	1741	1d8ab7d570e60108c9f478ee0d935fc36269e099eaf2b6781ac4799d20cd041f
backend/mt121/exercises.csv	21190	b2df48fcd442db48f035e5143cde5046e99a338bf00281f8916efaba187e4a57
backend/mt121/exercises.jsonl	24894	761110476e043564833d7607cb3b77d1653e4259586855a436856b490b590ddc
backend/mt121/formulas.csv	635714	7b23cf1fec8500427e6ab52c4dca7884c6a49a99efe9aaf8658d5cccecfea0ba
backend/mt121/formulas.jsonl	1005216	46ee5fbb3c59ed9564493cb49c73b9bc8fb0ec406a413ab273ac67efa9b93e2a
backend/mt121/hints.csv	2552	84553dd71a9e0e944b251c5663d9ab8d5120492f10471af79fe1767609cb9d35
backend/mt121/hints.jsonl	2998	b350d17bfe1239410541b4431596326fc0a5d0b123bba3008251e62a6199a9c0
backend/mt121/proofs.csv	57753	c3ee815b07b0e58834d4cca4a1224c1d1a59c3c9aa7e8c000fc4c8d43706520a
backend/mt121/proofs.jsonl	71669	0e38fc47e36cceec83056aad85ec6ed7b800882fd150ffe2c86f9ae6a4e37bb5
backend/mt121/relations.csv	42684	cea38edd28aee71d92888d86b55cb74e6b311eef577879a28b6db89f39a7797e
backend/mt121/relations.jsonl	58048	21694bfd8ebc1c38fc298a5c83fd38681dfebbb996af711f8d5de6b93a1bf701
backend/mt121/results.csv	24496	55e5dd6bdf765f802eb38758961d83798dac6086fea247d0a04558d86e55cd11
backend/mt121/results.jsonl	30777	5147ed0c00a07bf01f18419f0c63dfcf1f3aadd1a478016bf11d79e2ac025b86
backend/mt121/segments.csv	36341	f56613807b0f3eafd97408cf4dff1ae319044580d61278339a2aa3921736a034
backend/mt121/segments.jsonl	60907	dd4846b0f41b7990c63c70df32bdc8e00cbf066fc31e8a7531deb2cf37c46545
backend/mt121/terms.csv	11618	b021bff5996424a74e906ebf9d47c749eecfef4f2b2700312d0211422042406d
backend/mt121/terms.jsonl	14948	93b95462a1a807594467fb2f33fdf65603b73966eccc88f7698d3656794cc9f2
backend/mt121/xrefs.csv	42995	83261437bd88d03111c7db3bad3d6362b8459bf56ff11bb0f127405de8ce279a
backend/mt121/xrefs.jsonl	59491	a9b5b7767149430a6a172b38b312775c9e88d63d28de797c53624fdf9d0db384
backend/mt122/MANIFEST.tsv	5116	ffaee759e5096d5f7eb898de0f9fce3de93c4abfb49664e96c2902fb661d5da6
backend/mt122/artifacts.csv	1395	6e27636142175bc783e4f8a84297c7c890fe30262b4eccfcac00c7958deba2bd
backend/mt122/artifacts.jsonl	1562	6e430c8c70a0ef2ad92882e3814f4e15f2f1e2dd5ed7f508cdd0fe1aad8179ee
backend/mt122/assets.csv	1	01ba4719c80b6fe911b091a7c05124b64eeece964e09c058ef8f9805daca546b
backend/mt122/assets.jsonl	0	e3b0c44298fc1c149afbf4c8996fb92427ae41e4649b934ca495991b7852b855
backend/mt122/corrections.csv	3591	be0ea46b3ea97fbbbbd7e813f54e730e702ba74de053a4de4d30af78005935e5
backend/mt122/corrections.jsonl	4290	82f02e23f55ed2412db3f7939bdcfecc57eaac78c86e7e17193b113a65e5f975
backend/mt122/definitions.csv	6845	ca9db2c1b2538407a8ed79b39dd0fe53a0c86b6933f0d371bb83249de7351987
backend/mt122/definitions.jsonl	8076	6e27dc915ede008af7852dacc7cc7c8b4d8e89c07279423808c3c65308eae736
backend/mt122/events.csv	1738	282905af80e4b2042fcd25e6d43179c1f67902dccbbc722af0cd3ce90ba784b5
backend/mt122/events.jsonl	1692	447e9b209236ea7567600727cdd34df52c468efd001afc0deb88b8eeaab1cd30
backend/mt122/exercises.csv	30176	aca4310973f65dadc4d0b1c4c166e78b965ae9cb4722d3ec442d7154ccc38497
backend/mt122/exercises.jsonl	35841	2c3158cebfb45edeaa1ac288774ffd8a350bb96fb3299a844371bee4ee15f2bf
backend/mt122/formulas.csv	496205	9dec4360390466fec39a0aae3a514bd7715a42a4ec00871906e6ac4af07227ed
backend/mt122/formulas.jsonl	819975	f290869acc4a026efac738e80255f7784d75858be3776f43c5c758b48440cd32
backend/mt122/hints.csv	4695	1b76d07dcc503924e1a51f35c2c38a16c0aec9888ccb875015027f9962eea3c2
backend/mt122/hints.jsonl	5970	fbb0a2ace56a5528a5f8e22af3406d78ce4202cead6949564b0e4fefc497a6ae
backend/mt122/proofs.csv	31561	5fcda7647810c1b13634fd02e09711380489856c6330324fdfb70e2ae9dd475e
backend/mt122/proofs.jsonl	36407	0b1b9a29db7b8f93e5ecbaefb027fc259c1af2e881f875d347783afe09ab2072
backend/mt122/relations.csv	23087	d1a44e3ee3451012eeba891171bdd96202dae8527024470062750de1564662e8
backend/mt122/relations.jsonl	32017	624ec7146721dc6cee5ffa2c82c9922b6ee530620f21829ec7c2b1c9dea6e95a
backend/mt122/results.csv	17075	061e2028ca8dbccca7ed7f58fddeef851b55764ac31ee6f1598727c6697a0297
backend/mt122/results.jsonl	20217	74265d59f1a64a7f893707f465ef6c132b86a5f124b2c4532d3e31cd3e4704f6
backend/mt122/segments.csv	44359	e5a6e16da2fa47dfd3602fc3b0cbfc6e6903705bd84a4eb83add2207e333ab00
backend/mt122/segments.jsonl	75592	b74e06de90bd8d4df10f9a6efb39f3208f143b71c6a189701ab853fefff3cc42
backend/mt122/terms.csv	4560	76d65f18fa1e20da1b00d37e2484006fbf4a3a6e0f920f5cb29e8b316896f2d7
backend/mt122/terms.jsonl	5826	297967c587bb18b29ac68bac724f1c91b116d9bea0d9784b2489a5db56d1fcac
backend/mt122/xrefs.csv	66635	f9876a8174627f31ec5d854ab325d83d704d56c5839c7378738aa4bc968fff9c
backend/mt122/xrefs.jsonl	94402	1430ae2b0971c299307a84a23a5dea3fa7586bb6382d49ca15ec22a87cde6e98
backend/mt123/MANIFEST.tsv	5517	f7e4e86fddb00805d3123636eedee81d9a1a8def84b7ba80ff2653e54e601963
backend/mt123/artifacts.csv	1404	66775158447dba752f2f27bb164b5e7dbcad207130b1e068d54f57c753c54ade
backend/mt123/artifacts.jsonl	1569	bb8637c9f3463872715dc73772f165e9294d4e27b98dd038a0b66c7064ca5a37
backend/mt123/assets.csv	1	01ba4719c80b6fe911b091a7c05124b64eeece964e09c058ef8f9805daca546b
backend/mt123/assets.jsonl	0	e3b0c44298fc1c149afbf4c8996fb92427ae41e4649b934ca495991b7852b855
backend/mt123/corrections.csv	1353	ccd187e31c4890640321bbf7dd0d6c961f114015a948c02071f79512be4bf512
backend/mt123/corrections.jsonl	1414	d56b5220a55797da9b1e2aba60492b10a389495553d28ec1b977654f1086aecd
backend/mt123/definitions.csv	1	01ba4719c80b6fe911b091a7c05124b64eeece964e09c058ef8f9805daca546b
backend/mt123/definitions.jsonl	0	e3b0c44298fc1c149afbf4c8996fb92427ae41e4649b934ca495991b7852b855
backend/mt123/events.csv	1733	f67521314eca3b1552260b98fe99238cc7cd328ca2f52e68979cafdcbbfd9c6d
backend/mt123/events.jsonl	1687	5262b2c13f56a735f6f2dc42ad6b4b052ee295b7bfbb5950a6d6d5c61fdf7665
backend/mt123/exercises.csv	14573	1ad2d18ec39be0a042d249fc2cc4fbcab0d7fbbc5496165616d28a0072545d18
backend/mt123/exercises.jsonl	17414	c4d136d7cb0a4edcafde8dcb4c5f62bcc76019887900d9118767b21c2bf5ac4a
backend/mt123/formulas.csv	204359	0c7ebdf3a8ec8000d4cc2c690f2344e096d5604bf7aa460e0cc1693cb775328e
backend/mt123/formulas.jsonl	334246	7ea2ab1a4739ed118d590de3544d43036d59fc07d8c16f4e2a858790d2b3a935
backend/mt123/hints.csv	2346	069a9a9ae0b9a0b4551c42dfd2c36a76456270511896cb706477cdfcf80ae579
backend/mt123/hints.jsonl	2895	f6eda8beffe10f386c60fda85274f7cd4f563466ba812b76528b5e36af50c6b6
backend/mt123/proofs.csv	16072	b257ce11d00ec947ea08e0dd1a1da97e4b899a6dfa04c9bea36d2492a033b3e8
backend/mt123/proofs.jsonl	18072	d75941a5b2a58199cea367cf735a0e0eb54da05f25cda6b949f06ccbb2783843
backend/mt123/relations.csv	7894	a40623505e09821852b8f4f1baab5cff063d301d19e0aa16dc3307c2f341814f
backend/mt123/relations.jsonl	10884	06ec3881022db6db9bcab6c1c54423a1f3ed4169122637ed3a6d6b682c125e8c
backend/mt123/results.csv	8302	8084a9b66c0fe8b33f38e97597d760cc444006f89c4a00a6aaf098c35e5dcc68
backend/mt123/results.jsonl	9468	d8a1fe3fa16e40a4f6f2ed6c7c50e6d9b22183b779ce6f38635bd7fab0a0407a
backend/mt123/segments.csv	13859	34549bc0e6b8a2f3e3914493e2b2d582abd9eddf07631d5205c18a0282f112b2
backend/mt123/segments.jsonl	23056	329ce90d56acc9bd2b1319e61b91cbd610be2d84b8315d6f11d0f5e8307d80c4
backend/mt123/terms.csv	2581	1a62b7cb87a4383a6bcc534beb8a4197c9371dfdb50f04da1faf1af314ded306
backend/mt123/terms.jsonl	3295	51a3dc039ad7ecf238dfe6ead1d42d4346ed1f968946c625aad70de5abac1585
backend/mt123/xrefs.csv	16494	9e7ce32f136ac7c523459e02f4dd846d2bc1be7d908f698947117a8193263c1b
backend/mt123/xrefs.jsonl	23447	59adeadb54ce04335dac592f38ae528f289f92f5739405c672aad7532f4f734c
backend/mt13/MANIFEST.tsv	2733	5304257ca165254f6feac71889e1ae1a004553585545e15dfd9fe904e7a89172
backend/mt13/artifacts.csv	1562	67bf7bda8ddca80ccd227faa53a4fffe338149d62c6560b30466430f533b97bb
backend/mt13/artifacts.jsonl	2041	c3e0e1006ca4916277637f772b96e6d9f6d8ec82825ed4ae28a109ad03d13fa5
backend/mt13/assets.csv	1	01ba4719c80b6fe911b091a7c05124b64eeece964e09c058ef8f9805daca546b
backend/mt13/assets.jsonl	0	e3b0c44298fc1c149afbf4c8996fb92427ae41e4649b934ca495991b7852b855
backend/mt13/corrections.csv	1	01ba4719c80b6fe911b091a7c05124b64eeece964e09c058ef8f9805daca546b
backend/mt13/corrections.jsonl	0	e3b0c44298fc1c149afbf4c8996fb92427ae41e4649b934ca495991b7852b855
backend/mt13/definitions.csv	1	01ba4719c80b6fe911b091a7c05124b64eeece964e09c058ef8f9805daca546b
backend/mt13/definitions.jsonl	0	e3b0c44298fc1c149afbf4c8996fb92427ae41e4649b934ca495991b7852b855
backend/mt13/events.csv	957	e0b78db5e73c79e789b83f362c3e7b7d81c7f7e01f064e8d69405e1d5f952b93
backend/mt13/events.jsonl	939	0907bec368930efc0c99abf8f67ff1185b109fc2cdccac14a740ab223859c931
backend/mt13/exercises.csv	1	01ba4719c80b6fe911b091a7c05124b64eeece964e09c058ef8f9805daca546b
backend/mt13/exercises.jsonl	0	e3b0c44298fc1c149afbf4c8996fb92427ae41e4649b934ca495991b7852b855
backend/mt13/formulas.csv	3030	a370ed82863ff54cab51f16b97a583f8473c28b070f9d3d1475d08532b0ba2e0
backend/mt13/formulas.jsonl	4448	70cad8ba3b95b005f82f8bcaf6d394945e0b0bc2eff199b081ebb3ff794794e7
backend/mt13/hints.csv	1	01ba4719c80b6fe911b091a7c05124b64eeece964e09c058ef8f9805daca546b
backend/mt13/hints.jsonl	0	e3b0c44298fc1c149afbf4c8996fb92427ae41e4649b934ca495991b7852b855
backend/mt13/proofs.csv	1	01ba4719c80b6fe911b091a7c05124b64eeece964e09c058ef8f9805daca546b
backend/mt13/proofs.jsonl	0	e3b0c44298fc1c149afbf4c8996fb92427ae41e4649b934ca495991b7852b855
backend/mt13/relations.csv	1	01ba4719c80b6fe911b091a7c05124b64eeece964e09c058ef8f9805daca546b
backend/mt13/relations.jsonl	0	e3b0c44298fc1c149afbf4c8996fb92427ae41e4649b934ca495991b7852b855
backend/mt13/results.csv	1	01ba4719c80b6fe911b091a7c05124b64eeece964e09c058ef8f9805daca546b
backend/mt13/results.jsonl	0	e3b0c44298fc1c149afbf4c8996fb92427ae41e4649b934ca495991b7852b855
backend/mt13/segments.csv	818	4ca167c3fded30c36a65557dec03125b2c2f05e87874cd97e7dd8a37b484cff4
backend/mt13/segments.jsonl	888	9da0c96557d6767ef2cf7212d7e01ba2944009e605fe7ea4b32e1a955d955351
backend/mt13/terms.csv	2032	2636c849ebe9703ba987c8ce5d46ae57753f9ddbbed7d4df756a4a30bdb92ff8
backend/mt13/terms.jsonl	2642	6e7a20064c50ae5e33d29f3ec836d05973b29b24448559e9c14889fd96b151b0
backend/mt13/xrefs.csv	848	c1887b6c1451bd57f5d0038a54853a557b093e072e923fb2d583bbcc78c06072
backend/mt13/xrefs.jsonl	1082	17e8dcad68f968b694fb709077bb88c24317327e94e91d09d3ccdff77bb0e314
backend/mt131/MANIFEST.tsv	5734	39a4e39dbc79b7473b1b27e81424bcb311595a9799cb966124b72272ad18406d
backend/mt131/artifacts.csv	1405	c573a0e39c87ba82ca0e29d2930c44eb240edb418454cac3dca257d777d2d168
backend/mt131/artifacts.jsonl	1570	3344c057c96df385b942f520fdc2d8068bf0617e287b7af79b7790f554fa96e1
backend/mt131/assets.csv	1	01ba4719c80b6fe911b091a7c05124b64eeece964e09c058ef8f9805daca546b
backend/mt131/assets.jsonl	0	e3b0c44298fc1c149afbf4c8996fb92427ae41e4649b934ca495991b7852b855
backend/mt131/corrections.csv	2351	b8fac3b481d71d9792b82e251dba388a35a9719b61919c2c95fb73658271ec8e
backend/mt131/corrections.jsonl	2687	dc0ffe76dbdc235525809b30431cdecd5d831ea76f6525c303d9f0776e1d9be6
backend/mt131/definitions.csv	4249	a5718bd6e77445b16ed69cb5968b1eab207960ce5c7a35515f0d11c772fd4dcd
backend/mt131/definitions.jsonl	4915	15fce5452dd9262075ab6f92b6f8e54d1ff8536befa21143b2ef59081be4b312
backend/mt131/events.csv	1704	72f3fb6cfc43a92fafed450847ad414e5b9a04fb80abae1045ac57cfced5390e
backend/mt131/events.jsonl	1658	58e6b577fa8f3e258abbb1fd105627b8e1aaddfa92ecdac4d9610e19be277ffc
backend/mt131/exercises.csv	7283	6894a8e54410f3bec9244d4a4c929f1b91dff43228683da3573afb4b8a38070c
backend/mt131/exercises.jsonl	8379	e8a6959dd572da562ec210ec12fe9a12e416eb617444e9410a0cefcb112e4921
backend/mt131/formulas.csv	154759	60bfd9ae2ac2f3270d7a72ced58d4106b0dbfb482a19f212592acc134f05308a
backend/mt131/formulas.jsonl	253682	638bdc04f65fb2cb5b36220efea10e6046e739861ff16f4431bb97ed020cb267
backend/mt131/hints.csv	2541	ecbf2a6a964134b869ed0bbfb4f93e4891813e973317d3444fe85fb2faf309fa
backend/mt131/hints.jsonl	3316	a5a7d7461ae20ec7b37d2ff19ef61dc802f8dfe4a69e8eb7b6813d15cbd29c87
backend/mt131/proofs.csv	10438	6acf3781816386c9da91993255973897f2a427232cbd801c9c601b2c57a089e0
backend/mt131/proofs.jsonl	12292	9e7ca78ba33fcb4d48278d2ec954b514fd0ec9d15eaeadc13815596b8a31dfb5
backend/mt131/relations.csv	11344	ba4f05a1b53bd56f5d71992a8bbd28b4fe59ef6644a04277ea30faa36a50f333
backend/mt131/relations.jsonl	15654	acd63fb998d6c50f7dfab6fef8dff97670cff7c1b3ab707defc14dee84b74379
backend/mt131/results.csv	7854	133adc03555c40fb0155a59e849780be797adcfea9ccb83c4199265bc3f58e1f
backend/mt131/results.jsonl	9368	2184bd6bbca7da1108e0135d148a530d7178e7e422b039682a5abc0a892d3b98
backend/mt131/segments.csv	18937	3f19175bf474408e262314abd18fcf20fc47113b35c3d0528e81c09011883a5d
backend/mt131/segments.jsonl	32320	f900c9f014396c2fa20599795e0623bc6900d9f3a49603cc8156b22a7605455a
backend/mt131/terms.csv	3329	1832622d3c7ba78396ce975995056aff2c2b69c8ac515175580776346909651f
backend/mt131/terms.jsonl	4263	92ac874553fbdf3e72d2f9f4ae9027ac34e2f18acf3bd36310ed880f69643ef3
backend/mt131/xrefs.csv	19954	8e2cae43758e49986a74075da572f2e0c4279c62f48848db7588b75438f93b37
backend/mt131/xrefs.jsonl	28390	88d3604705fc8d3ff385ab70cc5dfd5f98b195765af6d087b77343455f5002b8
backend/mt132/MANIFEST.tsv	2826	871b1648f52ac4bf695811cd4c8d1ac7886324a84c62697e223b5fe31ea32541
backend/mt132/artifacts.csv	1098	51e05cb2404df4022eb06bfde5c1fe8eec0310c90ff5e676832497ff741e11e9
backend/mt132/artifacts.jsonl	1273	a393db79d23d5f73d5b326963b66946b1c0b2a92b1f81f4c0c9f1aa2481baa67
backend/mt132/assets.csv	1	01ba4719c80b6fe911b091a7c05124b64eeece964e09c058ef8f9805daca546b
backend/mt132/assets.jsonl	0	e3b0c44298fc1c149afbf4c8996fb92427ae41e4649b934ca495991b7852b855
backend/mt132/corrections.csv	1	01ba4719c80b6fe911b091a7c05124b64eeece964e09c058ef8f9805daca546b
backend/mt132/corrections.jsonl	0	e3b0c44298fc1c149afbf4c8996fb92427ae41e4649b934ca495991b7852b855
backend/mt132/definitions.csv	5639	2959f447ab758127790ecbda0bb4e68188b0d1b86b44eebd1a982d5af4541a6a
backend/mt132/definitions.jsonl	6344	a6652d7d921be9c4a65049ea073c2f1b243111eeb23fa6bc8ed7a995fb1dab6e
backend/mt132/events.csv	1039	015726db98c3c21231d68becac28bb9b11f2cd47d35f1fa98df7b7ad0c72aeb2
backend/mt132/events.jsonl	1021	e983af2ed2e0882f8aeaf5317d2a86bac42d370f2efdc717ad47b61d491201e0
backend/mt132/exercises.csv	20539	7cc4f50c6e72884e7f68f92643ca913fbe195c1f78dcd78ab0d10fa70f1312ba
backend/mt132/exercises.jsonl	25317	72f6ca73cf27f43af85cf189b97a0e1f40bba85bdfc5aa35600d9e8b3db58bb0
backend/mt132/formulas.csv	216060	54de8bfefaeb9471361e4f13d70ef40b8058cf0770e8edd679af24cc598ffbd5
backend/mt132/formulas.jsonl	363333	4ec6a99494c8f8339c661e18dfd71b2871c8b63a2b97c8ab3a077b6a1c97c150
backend/mt132/hints.csv	3613	a51dc2f945548c5287bba18e621c9e718c06e35116af6377113d7eddcabe21cf
backend/mt132/hints.jsonl	4797	b1b402d384105fc88a7ce866367985b0c423e965291ac823b4cae5936bbc1fac
backend/mt132/proofs.csv	11930	d7b10fb835e3059f5c1fa209029e587d0363f0b814fdf0853fcfe0c20132530d
backend/mt132/proofs.jsonl	13445	4f532c54a588b71a7291b16d69d70df56d73e05a5a9f681addd7e434a0d2685e
backend/mt132/relations.csv	2970	bead9d106ce3683f5a128beb66d065edb7a6aeebb482b2bdd6df3ae7cdaf2acd
backend/mt132/relations.jsonl	3980	e11e8252041e28336afd7a79481daeacc1f0f457a5b0cd759b3236f8429ca2d7
backend/mt132/results.csv	5361	98b9c7e4a8f5daf5cdbc42da8c70c603b252fc45efde822f9d5724b3017e71ad
backend/mt132/results.jsonl	6111	b4777c14feda9eb735b9dc406be6ba95282b9084a5506af139c0e68f849663b9
backend/mt132/segments.csv	14670	09d0eb4ca2783131df4b30375932e3c93f76aab65d884db1ecf3273c7896e2ba
backend/mt132/segments.jsonl	25857	a860b0b52be795a182ad83095a10ca43224f6f069c7b9da4c846eacd5d94588f
backend/mt132/terms.csv	2376	688528ee2a6ca8bc0d0a9c063d67ebfee6ca6dc75b8c0b6c26d4bdf1a5983276
backend/mt132/terms.jsonl	3222	4eeb3af351d0471ce9ee3fe68ddb22e3c9f364bd27ad60fc74e3afe2f4f2ac30
backend/mt132/xrefs.csv	23039	fbc56d9abc85ce9e88b575b12ad620208fc5fac6012bed76e86fcb8accf5fc53
backend/mt132/xrefs.jsonl	33341	3d498829f26cfb4d0621da74b77bd6b36c22a800be0827eecb6441c9ae619f9b
backend/mt133/MANIFEST.tsv	2835	8fb8cd375272cf464c526d57a30b58fcad53d344efd52ba77c3176728de87160
backend/mt133/artifacts.csv	1519	f9dc8c7366475e11a0b11b3482ae4e46d28c62930ff54e1626edebfeb4e7841d
backend/mt133/artifacts.jsonl	1998	492708e7dc1f7e8de2910158415fdaf04eca7ee8271bdd74153bf721719edbf3
backend/mt133/assets.csv	1	01ba4719c80b6fe911b091a7c05124b64eeece964e09c058ef8f9805daca546b
backend/mt133/assets.jsonl	0	e3b0c44298fc1c149afbf4c8996fb92427ae41e4649b934ca495991b7852b855
backend/mt133/corrections.csv	1843	a6a8ac6d9c99e9402d416dca05991679df3064f8bf6fae6e923a71dae40703e7
backend/mt133/corrections.jsonl	2157	611d45ea650cd2d73bdcfc1cc81b546de411299565fbe064c9ce2a2c6ef8cb36
backend/mt133/definitions.csv	18552	1be775793f2bc54d222f1c3e1861b475f40156772785c4903bb896ea5fbee586
backend/mt133/definitions.jsonl	20975	bae7c28a3adce36317b53a5e7298b08c9a72f194d389de2edfa94df282311080
backend/mt133/events.csv	951	31b576fb3457b77c87de17c4d6be70b65c3fe3ea4175b4b261addf9e189edd70
backend/mt133/events.jsonl	933	256d1958cdcd900f52522ba2049a50ae92669b908ac13d82688b38d8e66ba9dc
backend/mt133/exercises.csv	17981	d6a9dfd3fb1f24c91cd6238ba9021383d69cf7c6759f797a6867729b47e71563
backend/mt133/exercises.jsonl	21428	ad1281ed78d343e4f2dab07804c7300a4e955d7af7d18e7bb001f146ffb302d8
backend/mt133/formulas.csv	375068	e5595c3d4883e889b650db1109b35deb3eb20bbcd26902a6bdcac614be283446
backend/mt133/formulas.jsonl	628095	2b63e9cacb2a07ad9c8ce7f05c97ae883c969d1451e1cfe22019d2a56020df6f
backend/mt133/hints.csv	1676	011d04cc60c9a8a8f8514cc4985ac9e35e063aa7071a106e251567f016a93453
backend/mt133/hints.jsonl	2290	e26690501c7015a38250e4009a6f2c852f3d9b5e81058ded97382ace3f669058
backend/mt133/proofs.csv	19657	f8a01b3e0217af6bbdded9500cfffd1e7eea8981135cf2e7ada9c50b8d1388f4
backend/mt133/proofs.jsonl	22617	e13e4c5ff85169659389e6c877ae4bde4b2e6c33725999f4fe5f606d64815704
backend/mt133/relations.csv	8778	4a764ca138ebd110bfdabe7bcce212d161c57f922f02f5e317312ebd70db6953
backend/mt133/relations.jsonl	13362	df07ab27ea39e75cb0fb3ebf9d7d6462b815b1605d2061b95d043844d92aebeb
backend/mt133/results.csv	15267	f67ceb9ec6d6296879182887c5a37bcb58f307328f08f8f3c83b8eecb2c4fd98
backend/mt133/results.jsonl	17614	2aeec36bc7682e1120620c76c97c482689fd776ad77219528c7710d6520edb26
backend/mt133/segments.csv	11793	cb6d360c410c3d70f69803aa4ff8128ecc18d81a9c1b33e8b0379f8c1f9a52f2
backend/mt133/segments.jsonl	23088	b1a49025065661130d2a852cb26fa6a01cf04287ec0a2d494171d7956902b7ec
backend/mt133/terms.csv	1748	c7adbb3febc2c3c45286a451bf9e22fe4556011dec752fccfda431dc96d4ab22
backend/mt133/terms.jsonl	2236	7ec40209a3b344a7123e641344eee9a47792fe30fb1e8df22a32df2cbf8d6a41
backend/mt133/xrefs.csv	12927	81f716c60632a92b0e3d7577981cf03b47a23b47e5509b63cfd7b21d471c99f8
backend/mt133/xrefs.jsonl	20339	47f5349345faa874de1539bea4fc4e135af814a095f72a8ebae91d7f9c24115c
backend/mt134/MANIFEST.tsv	2837	b3ffdd4bbfebdd5122d44c68bca3a97cdd396e5cd282abfc675b867fa54c28bb
backend/mt134/artifacts.csv	1519	766ccea9003a59ef75309c2ff1af05f8ba56bda53467c81ce77c43132c9b5dbf
backend/mt134/artifacts.jsonl	1998	8f428a1e7a9dd12498a30ac0e747e9e3b08e66a17f2864a2391bf78d774d81c5
backend/mt134/assets.csv	1	01ba4719c80b6fe911b091a7c05124b64eeece964e09c058ef8f9805daca546b
backend/mt134/assets.jsonl	0	e3b0c44298fc1c149afbf4c8996fb92427ae41e4649b934ca495991b7852b855
backend/mt134/corrections.csv	1881	f61df6eba8ab391929d764d1df91acb77af10210091bd0573ea8553988474419
backend/mt134/corrections.jsonl	2203	182841f7555faedc16c1000546e965b691c7a23eb66d01e1b2bbe8f82f69984a
backend/mt134/definitions.csv	14983	9151b0fcaebb3c2c754d242e0bd2fe91a5322e714db5add020a6c05be5ccc6ec
backend/mt134/definitions.jsonl	16414	60b78517f1e76e34ac9c37d233298415533453001785941d16a6c77c1becfae2
backend/mt134/events.csv	952	5099d34ff25e1d67bb3344be335eab60e86694455b4824caf3881659546f580c
backend/mt134/events.jsonl	934	434ef163ff3b5d25febea36d2ef7da06104ca644fee988537d3c6a558bd87bc1
backend/mt134/exercises.csv	35915	55ba3af7a2398f36dd8fee03a6e713af23bfb8d630a09c2a6c162492af12134d
backend/mt134/exercises.jsonl	44937	3d8ce2b6636d08faebf4e0867b09c020115db2aa6dfdfb886db90291aeb3b831
backend/mt134/formulas.csv	588560	8d57c766dc018c55891d397b84a7804acd19a50619a5dc5b7fcd9d6a182563ae
backend/mt134/formulas.jsonl	982796	6c260ec5e16326956cea0f0db2294ccdada894d9a467e1421d2e3985db3e336a
backend/mt134/hints.csv	8791	c32859c01243283ec920068f367d482691942e8456240818c361dac4148a3236
backend/mt134/hints.jsonl	11551	6ced9ad97347b359cc57914e3e8b57c039f3376f950bd4fcfe73278673bc4a2e
backend/mt134/proofs.csv	30455	cacf764c1927751761c3026739527c51e39ada837c4bc1a6a477be372e9ec13d
backend/mt134/proofs.jsonl	34270	0b9cfac9f06b11aefdcd2a715374c1b3e0bb79e531d44910ab376f5049785a0f
backend/mt134/relations.csv	15526	e117d6bf3b5146dd9f38679bcdb2c451141bf36ca015e580688dfceb2265e2b3
backend/mt134/relations.jsonl	23758	50a69d9778c83451dc6b7f6dcd7e900b04f12a961305074e674b39dcc0d2bd21
backend/mt134/results.csv	6530	4263b9396cffaed62310dfef5e59ed309cfbada95a0abb6b179e1d16882f41bd
backend/mt134/results.jsonl	7798	e2f97ff9b659a430afa2d9205c537a4a77153c17188a811c7d24a6bb8a7cbf30
backend/mt134/segments.csv	23841	98fe9af9d36913d13f4c79d6ccd9f17e676e7733cf04cb348affb41329e4e283
backend/mt134/segments.jsonl	47204	faf24d3b65ae89f6d37c3bb1db1e0f0b4afdbe88db80023f20b68fd9a240bc2e
backend/mt134/terms.csv	1686	c14999233f718b97af7be30e4b101c14b2848951fc8ebb030dc33086f9adcc6d
backend/mt134/terms.jsonl	2178	e0f792482065787c5d1b482bc9ebc0682f69ac4bf8f61bb615243b0448ea5941
backend/mt134/xrefs.csv	26485	eb8814e875e504b534f46f6ce24f299ca0779ca22d447c1caad530c3becccec1
backend/mt134/xrefs.jsonl	41851	48d8a35e64dc10e40d32b68f1f98498869443e77c207b81bb54aa01c6c8c54f2
backend/mt135/MANIFEST.tsv	2821	0a669e68908040976d15301ca163dd15724304cde44ce114bf51f777b8a9234e
backend/mt135/artifacts.csv	1519	c4c9db07c45af1e7f8c02c680083a82bcd8c8fb09afb3d3035d1de0797d0dbc4
backend/mt135/artifacts.jsonl	1998	2b81869323d10a09d6ce43aeea850db7448700d44f7f2fe60f59212df4aba115
backend/mt135/assets.csv	1	01ba4719c80b6fe911b091a7c05124b64eeece964e09c058ef8f9805daca546b
backend/mt135/assets.jsonl	0	e3b0c44298fc1c149afbf4c8996fb92427ae41e4649b934ca495991b7852b855
backend/mt135/corrections.csv	1	01ba4719c80b6fe911b091a7c05124b64eeece964e09c058ef8f9805daca546b
backend/mt135/corrections.jsonl	0	e3b0c44298fc1c149afbf4c8996fb92427ae41e4649b934ca495991b7852b855
backend/mt135/definitions.csv	25928	e856c0ad24e5c10c4222d46105ca130c322a50aa6bdcd7bf9c19a0ad57c9a79d
backend/mt135/definitions.jsonl	29612	8f46a480b59d69b3cca71eb9da5cb699709ca1b0a3ee07afa96ab7ed95b7c1a9
backend/mt135/events.csv	951	54e4c4f13c2790c0ef279372164aba4cef5c982b62481275bcee26397245164e
backend/mt135/events.jsonl	933	bdd70a63c5e3fe892b824c0cbaf1afbf16e0de35a204d34da8b6027805c3fef8
backend/mt135/exercises.csv	12912	d586e487fd97777e02a258981fb247b8db62ff1fc5d7881b65eb09dab3c45a4a
backend/mt135/exercises.jsonl	15780	515fac74b1e4414105ec54c796e24e233b77980b95b304ba16111f26fbd0415e
backend/mt135/formulas.csv	366935	d07af07105ba0ec80fd0257a516263d17e9dc29c5dca9b67ad28eaf6950f3ec7
backend/mt135/formulas.jsonl	615027	2bfb72f3209bb873e116872831884ef33fa164497256d6dc6413f9cde7459328
backend/mt135/hints.csv	1	01ba4719c80b6fe911b091a7c05124b64eeece964e09c058ef8f9805daca546b
backend/mt135/hints.jsonl	0	e3b0c44298fc1c149afbf4c8996fb92427ae41e4649b934ca495991b7852b855
backend/mt135/proofs.csv	12196	21f2b8eded497bd972a035d30213df1f77b1db0c6d3b1106c0ce87ef206ddea9
backend/mt135/proofs.jsonl	13634	10b01ec22dce9ad2ba50c3fca4872a17ce118a6343367985e3c947c2cc084d51
backend/mt135/relations.csv	9434	675a7acecb659eef55974d748f0f73d86996eed17c6282f842d4096b3a08528b
backend/mt135/relations.jsonl	14360	1d83ff61707a7eb06f22700529eba9dd362e65c9d98e18b7f4d70ac51634e7f5
backend/mt135/results.csv	5305	a4fa62a379be51599975eec2b8a39d32fa3db30a225173d3f019dfae5adc2f11
backend/mt135/results.jsonl	5906	835175858343a4826a4d3d32b40843f26bebb969dd97af3e32ba8fbf23f1ac79
backend/mt135/segments.csv	15611	ddaec0bb1650987f6f63856af3ffb55c8aa48fd53c2c09de8d9db4a472ec579b
backend/mt135/segments.jsonl	30785	9f048513b410f90a41d5e30430d70f6f14a5f73f06118117e4b66d7881ff3a72
backend/mt135/terms.csv	1533	fe6eb4e744465ba7375fb24cfd4a7a73dc8bd9be10dddd72715f4b61b7bcf358
backend/mt135/terms.jsonl	1893	6b2e51b55a4111bd25b062b1511909ed63cff4979ab03cfd5d14ba27d3e0bcec
backend/mt135/xrefs.csv	13269	52cdc1b9b7573293a8c0c9698f053b99a79344d47f36f0f08bac7353608a1194
backend/mt135/xrefs.jsonl	20875	f1821b129e8529447787c407116ed7ba34859433d0a302b9919ed6340dbc5cea
backend/mt136/MANIFEST.tsv	2829	5e798b039bbc03380f7b31741d320cebb79f104edfe629f1516bb3ee33b0b7f8
backend/mt136/artifacts.csv	1519	c5bba2491ec04d8be0c2327d02a14b4691f818d1c05e081224ad77288fbc9c45
backend/mt136/artifacts.jsonl	1998	eb6f352217465026cab854bbf9f281bb3eaf7b6f4f3454d40b6194a901b59eca
backend/mt136/assets.csv	1	01ba4719c80b6fe911b091a7c05124b64eeece964e09c058ef8f9805daca546b
backend/mt136/assets.jsonl	0	e3b0c44298fc1c149afbf4c8996fb92427ae41e4649b934ca495991b7852b855
backend/mt136/corrections.csv	2895	97cf31d7d21d065d3266cb5e5d810dfc89d35c6d4c18b6c08a0ee73d63345443
backend/mt136/corrections.jsonl	3351	241e9ed90affc6d9eff7f683ee0a7eeb992704a37f85bd5c7a49497ced244545
backend/mt136/definitions.csv	7026	4192fbc59bc474349eb93c457db72626832aad3b246847e7b365fcb1f89049ae
backend/mt136/definitions.jsonl	7936	e7239956e7cdab3d7513fdc4d053b0e1d638c107870bd83d1ac8c833168c43ef
backend/mt136/events.csv	951	44552c367ec5799bb5053babf6cc56f85d2651bd81f8b7ba94bbd25284f7fb4a
backend/mt136/events.jsonl	933	6b31c1f8ae1bd11a314b4b90ab122f6c75425c37fb7f62d853b5d427c8134b28
backend/mt136/exercises.csv	20072	814136bb4585fd069c651d652a0878a5e2dddb261d45b5477761a95bb16b8d07
backend/mt136/exercises.jsonl	24418	36547455f83c9e15d87febe5535b46f08693ba65e6a65ffecc84e5dde2d1b80f
backend/mt136/formulas.csv	416727	62d805adb80486ee61d6ee2f65906a2e8ff0ecae4d0a1594357cbc172e3ada56
backend/mt136/formulas.jsonl	700755	b08412c9a48a80a5daf84a1c4f0a7ab79873461dcbbcd9634e9d8641f40b4224
backend/mt136/hints.csv	883	4ab1de11e33b5a5310d072ac37017f45bffb658d5b3c91f5a00704edd71fb0c4
backend/mt136/hints.jsonl	944	ca9972cfc8b2dd77e2eb0d10e5b2b67fbd346aa7acec7e44bdee03cfc3c6b732
backend/mt136/proofs.csv	21708	8f1a1a74149ef6b8d2e3e0ccfd9744a2a71d420d76ba2e2e6e66226e07b56cf4
backend/mt136/proofs.jsonl	24803	212574b1622a2fa7e151a717291f2af8514ae6b1b363188cd405cf2a3b5c490c
backend/mt136/relations.csv	8518	5ef7f5e7923f89f56106e586dc0128080c388e93fe8c67870d2fe791b5664f5e
backend/mt136/relations.jsonl	12988	57c9ed37cd14c36f882a09da49e427f6bd59d2c1c277ae5826409dd7cec47d91
backend/mt136/results.csv	7791	8ccfeb814c3faa8b0e34d16f8cfb616f978a9062219502a8f90dc4d870214ee3
backend/mt136/results.jsonl	9357	5359b2659112cc723b7abc14a17216b6a635640ea7d7269844025f1a4cc50b65
backend/mt136/segments.csv	12240	b45b7728f129cd546bbabc1c61e3bab2c8008b0035dc9f92eef5e76ee6a9e4fa
backend/mt136/segments.jsonl	23966	359a66704a1e47c9a739475689a91c565c9306c337426c6f894c1d679222b791
backend/mt136/terms.csv	1670	43202774eb699a149e2a3ef30b7bbf0af71001d9baba5eb42b2756e1a8fb4918
backend/mt136/terms.jsonl	2158	08d6ddaf40a60c4d2958dd5c22d87e2f166ae16e26fd9ceea574e03387f60876
backend/mt136/xrefs.csv	12958	86a9bd8835ff904776c91d15601ce89fb03418e3ed49cb9b3df35f0215b8a8a0
backend/mt136/xrefs.jsonl	20370	860bf280a15c136dad69718e79f7d1d242323a2f9262e47115f77fd6a3556be7
backend/mt21/MANIFEST.tsv	2735	fcc455754e9bb4c604a77f790c291b9d196b478cf6ab56d1c0ec288e5f8bf625
backend/mt21/artifacts.csv	1518	b69c725127b2596f1088a7eeff0081e61720a01eaa6eea200b531ba6886ca521
backend/mt21/artifacts.jsonl	1997	5475dd320c983eeefbac91b3a753fa4b59bdd1ed36b30658bebbbdffd2f27fe8
backend/mt21/assets.csv	1	01ba4719c80b6fe911b091a7c05124b64eeece964e09c058ef8f9805daca546b
backend/mt21/assets.jsonl	0	e3b0c44298fc1c149afbf4c8996fb92427ae41e4649b934ca495991b7852b855
backend/mt21/corrections.csv	1	01ba4719c80b6fe911b091a7c05124b64eeece964e09c058ef8f9805daca546b
backend/mt21/corrections.jsonl	0	e3b0c44298fc1c149afbf4c8996fb92427ae41e4649b934ca495991b7852b855
backend/mt21/definitions.csv	1	01ba4719c80b6fe911b091a7c05124b64eeece964e09c058ef8f9805daca546b
backend/mt21/definitions.jsonl	0	e3b0c44298fc1c149afbf4c8996fb92427ae41e4649b934ca495991b7852b855
backend/mt21/events.csv	1436	0d8a4964c6135a55b3b0146bccd4e5d8deb023d10149a2f959ebe0af0ef71043
backend/mt21/events.jsonl	1402	338fb7e3d7236ac70d14eb0b12c20ec19eda757287286f50017853af8685834f
backend/mt21/exercises.csv	1	01ba4719c80b6fe911b091a7c05124b64eeece964e09c058ef8f9805daca546b
backend/mt21/exercises.jsonl	0	e3b0c44298fc1c149afbf4c8996fb92427ae41e4649b934ca495991b7852b855
backend/mt21/formulas.csv	993	3755f1060e76085f5fa1950de8f81f3ec3b673016a95a10c4847bf5910e85836
backend/mt21/formulas.jsonl	1067	afb61ca46aca1558f75207995b7ee6c758870f2bb8777ba28f8c0fe2308190ab
backend/mt21/hints.csv	1	01ba4719c80b6fe911b091a7c05124b64eeece964e09c058ef8f9805daca546b
backend/mt21/hints.jsonl	0	e3b0c44298fc1c149afbf4c8996fb92427ae41e4649b934ca495991b7852b855
backend/mt21/proofs.csv	1	01ba4719c80b6fe911b091a7c05124b64eeece964e09c058ef8f9805daca546b
backend/mt21/proofs.jsonl	0	e3b0c44298fc1c149afbf4c8996fb92427ae41e4649b934ca495991b7852b855
backend/mt21/relations.csv	1	01ba4719c80b6fe911b091a7c05124b64eeece964e09c058ef8f9805daca546b
backend/mt21/relations.jsonl	0	e3b0c44298fc1c149afbf4c8996fb92427ae41e4649b934ca495991b7852b855
backend/mt21/results.csv	1	01ba4719c80b6fe911b091a7c05124b64eeece964e09c058ef8f9805daca546b
backend/mt21/results.jsonl	0	e3b0c44298fc1c149afbf4c8996fb92427ae41e4649b934ca495991b7852b855
backend/mt21/segments.csv	806	3ceb6f273c3ef0f6119f5a2e1366e7c7ab9350bb08b8b2dee6d288e05899cf44
backend/mt21/segments.jsonl	876	393abd79bd3e127fe22a9916ad89a69aada23feff38a7156bb0a3c2edf88bbc1
backend/mt21/terms.csv	1352	05c0cd307151693e9063952c10e5a3fe0694c0beecea43708895636b73bb0de9
backend/mt21/terms.jsonl	1726	c5ae88eca15cfe677194aea29672a92aaaa0cd4eb8e8300fd04743a4b40389ce
backend/mt21/xrefs.csv	2788	1d68d24c8f262e131173e32bba51d743606602c64b206114d989fb9971364b4e
backend/mt21/xrefs.jsonl	4186	f4f4a4fed6e637dcfcc973e068fddd748cd669d2c6242bf36aeacee0ef4c9a96
backend/mt211/MANIFEST.tsv	2832	115ebeb58acce9ae6efd7f6429a9956d50838adc61f8504f662572272c1d08e5
backend/mt211/artifacts.csv	1523	2e95cda09fc6688e6bf8529858533e368bd7649cecb95b01f2c6d1be378009e1
backend/mt211/artifacts.jsonl	2002	c5eb09a750a775ebd33cf7f07053a8676ca0e8baeec8230eb737299f0d0bff89
backend/mt211/assets.csv	1	01ba4719c80b6fe911b091a7c05124b64eeece964e09c058ef8f9805daca546b
backend/mt211/assets.jsonl	0	e3b0c44298fc1c149afbf4c8996fb92427ae41e4649b934ca495991b7852b855
backend/mt211/corrections.csv	3840	09ec96fbbba61a0538abb739d511cd82c551d5b4020e9ccc915b98dfb65752e1
backend/mt211/corrections.jsonl	4962	38b4d70e71152f52ab2e2e97e4b54eef896e87f4d1fc91e08c25bafeb53b52b2
backend/mt211/definitions.csv	15678	8d1f5f04c46d3f54abcd5724d84fcbd08aeae60bb53d114f5e9c8bdf2ed35c3e
backend/mt211/definitions.jsonl	18781	1adc3e801260e29ce247024c872dce92758a3d2da287384546a6f8829a5332be
backend/mt211/events.csv	1444	0251b84aa85fc8a6b0a8bdd7baa6c136c27e8951eadfab8546a28360b2b0788d
backend/mt211/events.jsonl	1410	3c73227b5b2381842972cf09f5173b7d109551bbc16d6efd1f8b38d635376e02
backend/mt211/exercises.csv	15673	8ad93645580bb8d02d73340d4f78a1ad7d96098e99b1cf3add94e9462f856fc4
backend/mt211/exercises.jsonl	19241	9edca9307d731766299b6ff89cddd0a25b191cb1c867baa52b4b6c37fe6f923f
backend/mt211/formulas.csv	319500	8a49c51d6f5367c7e9544342260387bcba22e672f2511b00210926fd63b2f271
backend/mt211/formulas.jsonl	547088	e948f057e529ff35f7b22261bd68c53aa8850758d2a14c4f198a1f55c56a465f
backend/mt211/hints.csv	1	01ba4719c80b6fe911b091a7c05124b64eeece964e09c058ef8f9805daca546b
backend/mt211/hints.jsonl	0	e3b0c44298fc1c149afbf4c8996fb92427ae41e4649b934ca495991b7852b855
backend/mt211/proofs.csv	8814	9ded03a241e678afaaae211f9fbcbb0365e23eda967bdf9f835a66bc2bd61196
backend/mt211/proofs.jsonl	9822	c06652b35480a213f657587abda7175d5f28cdc96bb05865ecd805e09ab04f7b
backend/mt211/relations.csv	14805	6b80b28495c92fc00430bf174d0332859b909d8965015b347cf792bbaba9008e
backend/mt211/relations.jsonl	22581	db1c01a14bbc267e2a88553a60bcc873dff94c41874828813829ac5f5a496f3b
backend/mt211/results.csv	3018	33d0ca312a7f00a374e9fd79a91dc4c8b826daf3b704324ba90b3f6d9d31bde3
backend/mt211/results.jsonl	3401	92247b787c95ca86b304c3326a8a5651a430fa877b71f277e4e489288c78b96f
backend/mt211/segments.csv	19397	1645b32e9a7613674fdba5da46f431101f2272c52d4e12312168a1f9466d9c3f
backend/mt211/segments.jsonl	38450	befd537a3018ed4cfdff9dece82719d85c4f31ed9dec9e021d67dfe433c0800c
backend/mt211/terms.csv	5065	281d548353b23a98fe31966309f8b37c7e44392fe9b0b4c2665562533f8fedea
backend/mt211/terms.jsonl	6561	06210bc4502bae3539133236dab0036b2b0c9e4eb36cbf9c018f08ae1bb1b807
backend/mt211/xrefs.csv	12291	1731fe80269ce42a44fdcd82bc836033cefbaaf65188b2384f131292dab1a6c1
backend/mt211/xrefs.jsonl	19315	371cb59695b2d8b7d81e8b2abf5f8b0757289ae066d516bd1cfb447b87268a54
backend/mt212/MANIFEST.tsv	2832	727d2ac0eb37ef5ea84f248729077aa9898b61caf3e05b94b8aee594051d5e23
backend/mt212/artifacts.csv	1523	9cddd9d3fe6b0281a0a840699c9df6f9ee6fe6fc735ff1161659fd17583fd077
backend/mt212/artifacts.jsonl	2002	13b4993b6729bf3ac55cea68b53f9c4af9321036ad464ffbb8b8fab6a706f1c3
backend/mt212/assets.csv	1	01ba4719c80b6fe911b091a7c05124b64eeece964e09c058ef8f9805daca546b
backend/mt212/assets.jsonl	0	e3b0c44298fc1c149afbf4c8996fb92427ae41e4649b934ca495991b7852b855
backend/mt212/corrections.csv	1631	6dd52d55b66093af734b52c4ceb7b952940c60dc6ef231110e7d2f731a57ad8d
backend/mt212/corrections.jsonl	1950	7fbcd98aafc279b53ee3650f83884eede0daef494638b9ea3a77bffcf3eba6ef
backend/mt212/definitions.csv	759	8153be19a451ad916271381013a5ea31ddec0042fdfeaa4c5d1742c87479e807
backend/mt212/definitions.jsonl	813	1fab70f8325a7bf8898a37b7ae1e84566b79f51fa79233784f5f404d250250c7
backend/mt212/events.csv	1442	0d7efb006db70378790a7cb7a2b89010eda45402aa2edc45e0130fc0901d97b9
backend/mt212/events.jsonl	1408	2bb8b252554e7f03a386b89ad39c5208a41097bd70ca010110945bb81d82dd1a
backend/mt212/exercises.csv	14239	6185d17e20bad0e06d19fb3d8bea3f44a57d27e5caadaad2c323e81adfcb7cd8
backend/mt212/exercises.jsonl	17451	0ec0ff0ca1a1bb2be8d5effb55e091b460cb8d4bd825dcf7b3f61f0719a147c3
backend/mt212/formulas.csv	445875	58b1c751f4b86b8295ad75a58ae4d160e585215145c58b6746495bac23029672
backend/mt212/formulas.jsonl	761703	34d6d5e1bbe68d51f394cbc1fce2c73e064f92ac78fb0615f3e2b1002ac92bf9
backend/mt212/hints.csv	1761	8deffb5546c478c69aafb73ca27b9262980b68a50ebdbce3cf8c0501c0fdf0ef
backend/mt212/hints.jsonl	2391	651f1d27dec94ae98b0c3a6ea66d3e28d49a3c581ae29a627dfd9de8584b8b31
backend/mt212/proofs.csv	32494	22449fd3ea42137788896d169adaa3fae0a4955527b65a40468fe469d8e8cd5f
backend/mt212/proofs.jsonl	36636	088c673d50ce05fb604f188aecd48a2ec3955819a44119f6133fbc6c42d8df8a
backend/mt212/relations.csv	8357	82cb421e4b82c762d9beb51597736c36edcdb55b90f62016e44aabf0b3753a7e
backend/mt212/relations.jsonl	12713	50c033afb9b34ab61b699b7a429f17a2ed0b7d94debeeab2629752f17ef20bc5
backend/mt212/results.csv	9807	a62922abbf6116ecfa126f838e3beae845f4d291e19a1c3fd040c1f76bbb8012
backend/mt212/results.jsonl	11428	f4bc90e2c82d7fedac8a19493ab09308616b4f3169d0e7d91db6c67775e2bf81
backend/mt212/segments.csv	11393	7cf0221a4f41541cf5d3650da8d0674062da3083dc4d64672ab82e45899b9042
backend/mt212/segments.jsonl	22257	367ab49ab175c7eebf750d0724c4a501a61f2baf36c1bed9bc2d938945c1b6bc
backend/mt212/terms.csv	1432	0c087c4a247b385f72b52810106a56ed2a0ed70b606ab0c58f6d219eef406fdd
backend/mt212/terms.jsonl	1802	4e18b9652ce6be3e95d191c1175346e9a62a40580ac2f353afb5f540847f182f
backend/mt212/xrefs.csv	10970	957dd1ed0a06da2829c48fd2cb58bd3cc94a8934a6805d5ab25bce7d1422e954
backend/mt212/xrefs.jsonl	17218	1f6b364c06db3a971b599275fbddc36c57c037292a583129a01af8235d2f5674
backend/mt213/MANIFEST.tsv	2843	8f6857bae44eb487cb48ef9b75368a182b2863a2015512db4d141bd00503effa
backend/mt213/artifacts.csv	1523	ddb931d5d5c493f8c6f83e8a0a30449458709e34eae2d2db11413c24cb23dc2b
backend/mt213/artifacts.jsonl	2002	8ffefe978d4716439b30996a1948dd85e3534bdecba89a3cca674f47f59ef232
backend/mt213/assets.csv	1	01ba4719c80b6fe911b091a7c05124b64eeece964e09c058ef8f9805daca546b
backend/mt213/assets.jsonl	0	e3b0c44298fc1c149afbf4c8996fb92427ae41e4649b934ca495991b7852b855
backend/mt213/corrections.csv	3812	2bc9ef35ed8987f26525cba0c08da8631c64cafd553f1fed88931fb0b0aded43
backend/mt213/corrections.jsonl	4863	f79b86258ea5f50abb51662c729a2a147254f4d023b77ef46fa4c6ca19d52078
backend/mt213/definitions.csv	2444	172f55db9b33305a1e47496f6ea95c14cb076c63aa00b4ee4388ab5f0aee9860
backend/mt213/definitions.jsonl	2796	b07df11fefeacdffdbaa52c4a4fa4a77d42f63bb407bc5b2c7204a78a02ee5ca
backend/mt213/events.csv	1445	a795be05430508c2b7cf472549d9fa5b3d9a78bd1af2ac5e014128f47c4a29e4
backend/mt213/events.jsonl	1411	93be9400dc14438ca7919bc4a102cceccc629449799bcba4a6d1e9704c49c31c
backend/mt213/exercises.csv	30247	8eb0c1e91a52cfbf55ac622a07d9979c079a3eaf2f643b39dab62628e92c927f
backend/mt213/exercises.jsonl	36986	0098599b3e3c50012fea210e77325398665b62326652a525401ad0d5b3cd0fc1
backend/mt213/formulas.csv	683336	7fe59be9ed65c945bbf4434e39c332eb45c51c1a4dddfa5c8d1e419ed015ae78
backend/mt213/formulas.jsonl	1164135	0e5718d66336a3a25c0da0674f550f0b74660f3d20e5d510de43829d9777dd51
backend/mt213/hints.csv	3408	5bcd0cae13e91c38f1761e24e0ccab7cc93c86073042b4ec885574a313b73e75
backend/mt213/hints.jsonl	4408	493f3dd615edc2674d932f95b0cd93a83ee02567d973747fa225ccccee95bf09
backend/mt213/proofs.csv	59740	73b5654f66e2ff7cb09958555483d7c568e6b9c3d61eeeb65f98e1fe31fc0ef9
backend/mt213/proofs.jsonl	68296	31b20440913c8090665edfd4f06da1530313ddfb44433c06b248ce723f98b01a
backend/mt213/relations.csv	14348	1b24a1f09c700a0b80cc0f9fd5f2d8af33ef3c53e681831903fb663e8b53c56c
backend/mt213/relations.jsonl	21896	a1b22a2769c5d75d912d74aeba686d3bdffab37ac427eff8ab8dcd00628526b9
backend/mt213/results.csv	19593	a1e7b2d2468c9689a423e97fc96a5dd48c3a0286cdda5d9f1dcc1dc77ecad5f2
backend/mt213/results.jsonl	23414	1fdac6257038bb9e12be09dbe2a8b8276d32a516d19d1543e0ea3c27e383c369
backend/mt213/segments.csv	17405	f3d9d447e7d0553a569c11b359e5897535e6eb5fbb03cca5d7586370d29d1ec7
backend/mt213/segments.jsonl	34303	b45ac39f81c8b76459df9a3f4cb190ea29912eda1af0ab8f03b4e01bf49c88a7
backend/mt213/terms.csv	2546	fd234509d1c39590df11f1908c88a742d82280284da94b3f763f5db414b22712
backend/mt213/terms.jsonl	3260	bee2df10235220cacb5217cf4d9b2e540caaecd019deb3c96b08de03cb6cc0fd
backend/mt213/xrefs.csv	27826	1e1bf54775a23a8fd9897368d2e2bf705c2c12f60e2f11ac95af17510622ebe8
backend/mt213/xrefs.jsonl	43968	aa67cab2e0e4f730f0db5981093938338ff0fb1b9a4d4c260d22fb4166f6e2d0
backend/mt214/MANIFEST.tsv	2843	1f6a3a304a2cc0063924e90cdd11fb8919e476d4de394ea574266d0f00ce9708
backend/mt214/artifacts.csv	1523	cb003e2925e156a12b425ea40f9c1a66b349951936bc144027a4fae7a3f8ccd5
backend/mt214/artifacts.jsonl	2002	32545f49fb9fa3d23d0e96c24a439897c4f2c97f5138ce9f647cba165d5802a4
backend/mt214/assets.csv	1	01ba4719c80b6fe911b091a7c05124b64eeece964e09c058ef8f9805daca546b
backend/mt214/assets.jsonl	0	e3b0c44298fc1c149afbf4c8996fb92427ae41e4649b934ca495991b7852b855
backend/mt214/corrections.csv	3204	3262577f883596d19acafe72249da01146228b964f5e9f5c999613f63c24cb3f
backend/mt214/corrections.jsonl	4058	ce0ad60414917c0e8f7386071b5baaffe8e8f43087bacd64bcdaa859e8e401cc
backend/mt214/definitions.csv	2511	316b7dd0b52227e0c037923239860bc3c5ec3c9a50dc828938061756a99ffd69
backend/mt214/definitions.jsonl	2865	a31fce4307c01a1a169a2316bfd871c8613409d655b7b2494d5852f44d4307b9
backend/mt214/events.csv	1445	b5a26d9f4a409a628ec6bb8c43fa40d26e619fc749c36bcb05bab5d04dc50694
backend/mt214/events.jsonl	1411	07ba1daf89a29e6791ca1c5a2ffda3008ffea22c3d9f3d4ebfd589e4735afd1f
backend/mt214/exercises.csv	20100	7245bd11b5e2ecc41bfc712e9a119bc4f58cd7651d374a83c61a05f80a8c5dd1
backend/mt214/exercises.jsonl	25091	9434e0381b79347034868110b719ef8e0efd94fa6b0e43b5895696a22b8a282e
backend/mt214/formulas.csv	755075	13ac02891e527690c9b453e904b2299d9649a2125a28cc41922c7b603ec96aa5
backend/mt214/formulas.jsonl	1287443	9dd927bcc465f8a3f3d4cd44b3a290eddcabc6933535499698a441a60ffca2be
backend/mt214/hints.csv	1593	7992e5495ae5cd313363e4bb1448b010f807aacd7142acec0fda0ff598a240bb
backend/mt214/hints.jsonl	2208	f8c2d3b457738ed2fe22454e58f9322f640c9277e9777629d2e129af3564e6e0
backend/mt214/proofs.csv	68286	7f609c816b008c262aa635d8841fb0e12079d26b775b40b63a3cbde016967c3f
backend/mt214/proofs.jsonl	77424	aa3b6ea0529813f1f3fc6fe0559b4eb1c5e2217199df1f2547c7c5b8932ac520
backend/mt214/relations.csv	13444	2baebeb6d26dfabee0ecb0789167390a1d37af4e2841e2569adac8f557ca47f9
backend/mt214/relations.jsonl	20536	ccd0c2139c3dfc27aecb57ad13ba86c9ba79265b6eba2d89cb3d1ff9e43c0585
backend/mt214/results.csv	23632	70193b123bfeedbad972c429bce183f8973a9d559620a6ca3cb5b645bef8838c
backend/mt214/results.jsonl	27697	6e4ea19fa6feb6a8bf2af88629b7a5e641b15c4028ed4897281ff4846ec212fa
backend/mt214/segments.csv	16986	c06f0c1655e4d5f7aa1c3c2e627953ed9e087c974d0d762d57412aae8c44e6de
backend/mt214/segments.jsonl	33453	1223adb2eb2c3eed7293af8038caaf4e04b3ddbaec0e4c044330968698315c4e
backend/mt214/terms.csv	1505	739d5060615cc0da3c38b10daecd5ddaada27fd3664a25b90c36af6cea8526c0
backend/mt214/terms.jsonl	1871	3995cfb0bf6978464ca7c09687abf948547bd3787f99260dcd5d7cfe174a7c02
backend/mt214/xrefs.csv	27780	41db856c0ea9ef756be1cf79e72fedce9f4088d123c1e07da16d9b9de64d7125
backend/mt214/xrefs.jsonl	43922	87132e8337fb43b120820c18b61b4c51f045ccc92f1ceb5ae21a13b6e909ba72
backend/mt215/MANIFEST.tsv	2827	fa41c7853c8c495f96793ff965ff7e1b2cd8052e2288c294a4682f9a679f20db
backend/mt215/artifacts.csv	1523	2092c1a4228f7fc37cead188e0d7a1b273cca50d210feaeae9ff4d333c5e9a5a
backend/mt215/artifacts.jsonl	2002	8ecd23a2b3f338acf21b146c1142249c7b83062b9b51283cbd1c78b93ce0b86d
backend/mt215/assets.csv	1	01ba4719c80b6fe911b091a7c05124b64eeece964e09c058ef8f9805daca546b
backend/mt215/assets.jsonl	0	e3b0c44298fc1c149afbf4c8996fb92427ae41e4649b934ca495991b7852b855
backend/mt215/corrections.csv	2365	6199e5b6c780c880ebd91d8b1a96df3ef6df99a784bc30134349c3635d49a83b
backend/mt215/corrections.jsonl	2954	bb8aa409fe410744b39fa6619ddefae238f6122586c8f6568ed43bdee39b5e1f
backend/mt215/definitions.csv	1	01ba4719c80b6fe911b091a7c05124b64eeece964e09c058ef8f9805daca546b
backend/mt215/definitions.jsonl	0	e3b0c44298fc1c149afbf4c8996fb92427ae41e4649b934ca495991b7852b855
backend/mt215/events.csv	1442	2b139020f57bd87bf3597d78b581cdf3f9637460b9710c2154806fde31922cbe
backend/mt215/events.jsonl	1408	20c494e9b0daf942e03a6e0f6ced9718d03d2f9483454121f79a30575bb00a4d
backend/mt215/exercises.csv	13142	6fdc6723b46164c0d6a6bf9537b36a55168839a73740c50301c490b654923f17
backend/mt215/exercises.jsonl	15952	26be5e618c842421ee1293311e6b3a874a1ba7eac382d28fc20dc01850ac1c69
backend/mt215/formulas.csv	334137	b8369b42b1f2c8144852ff15828a8c8e557206336442f3cacbb90680b31c1acd
backend/mt215/formulas.jsonl	571413	a1174b03778dfc5a66975a7fd76266729543809024e7aed2e21488ba9a689847
backend/mt215/hints.csv	1106	0da597cf843c4e9f2de65985562799b40bbfecd1d4d1be2359adf9620fa79a89
backend/mt215/hints.jsonl	1184	d8e42b8c95f7f7da195fe84a30324b88f8e963257e2c6bb869fc9d6f7533511d
backend/mt215/proofs.csv	27351	5ff3638629a1d64371047fb6469832ac7bf9a957af5b89f23294fae6cd72b08c
backend/mt215/proofs.jsonl	30279	57954f5d8e6b545905972106cab16cd660750de046c8151c7d20e890abb1fb35
backend/mt215/relations.csv	6201	bdb88a26be17ee7a8c42547d7e82347b97a4b8818704630740f1308d12f85470
backend/mt215/relations.jsonl	9417	913ca6f635f337b1588c57d965ad51fcba3de56068603f5dd3bf60e19ce95900
backend/mt215/results.csv	12608	432cc9c121571cc5f5629c38daa45c7f6845f67e3841adf9e7aadcc18ee0c58a
backend/mt215/results.jsonl	14206	5490fed9ccec9fd4e3b3ba081865f5f26941a66f6e3bd09ad10d790e17bef32a
backend/mt215/segments.csv	8474	2a2cc00a9add93d34f306267793f7df4983d1f71df8d609e865e6a7159835a6c
backend/mt215/segments.jsonl	16321	4e80b580f9e5b41813009df84fcc2ab39d16e2065209d77dc8fb57a17d8f0cc3
backend/mt215/terms.csv	1366	85fa6ea509bb41e71ec2d3788262afcfa79a4d0f25cca9a18bdc0a80c7b8496d
backend/mt215/terms.jsonl	1740	75386a17bbfedb2a02e39907416b98d44f85f620c094d163a045dabd60d8089e
backend/mt215/xrefs.csv	13597	b1c78eb9db970ed3b2ec7795819200754695921bdf8fb7303454f398af619161
backend/mt215/xrefs.jsonl	21397	bc4ef42b27ce0aa15a349c0117c64247c64214a9ec94f83d6d0880fe391c8a37
backend/mt216/MANIFEST.tsv	2808	3c310f8e1649846310f3d952396454eb1fe4f0609b81159599241a21fcc9b152
backend/mt216/artifacts.csv	1523	5646a74c9a58f6b8a386700105d48fd674a0f55a62278b7f8345e2a4f436f70e
backend/mt216/artifacts.jsonl	2002	87e6d94184c4ff42bbe50352a232378ec6f33500c83f9b0d3a7cd969f0f637bc
backend/mt216/assets.csv	1	01ba4719c80b6fe911b091a7c05124b64eeece964e09c058ef8f9805daca546b
backend/mt216/assets.jsonl	0	e3b0c44298fc1c149afbf4c8996fb92427ae41e4649b934ca495991b7852b855
backend/mt216/corrections.csv	2636	d2f62e9171eacd89d29898f8ec3da39cd6d12a91c212895b0c2283ba8c0f5c4e
backend/mt216/corrections.jsonl	3246	3591644aac9583c3c28a1f613ac3c04e014f17aa311c6e63e3613d92466d8537
backend/mt216/definitions.csv	1	01ba4719c80b6fe911b091a7c05124b64eeece964e09c058ef8f9805daca546b
backend/mt216/definitions.jsonl	0	e3b0c44298fc1c149afbf4c8996fb92427ae41e4649b934ca495991b7852b855
backend/mt216/events.csv	1441	d5a955f974ebfad3cb00cc71871e769f930b8ef7a460d433c144067aab6cea0b
backend/mt216/events.jsonl	1407	43a7ca01ad8ffaa7ce68314e16c7f5834274054d0274ee72598abdfbfffee122
backend/mt216/exercises.csv	12881	6cb8449faa7d9b0f586ec3321dcab91f9ed6a9183d2d6b3313e530034db7ecd8
backend/mt216/exercises.jsonl	15395	dcd80306e6ae33798d030694c9108d8bb7f46be58372bfa21d79fe8b193fdb3c
backend/mt216/formulas.csv	294114	f25d706df021b58e106ab2a5a1983312a37518cf9c8fcebddf96fae1282c6de7
backend/mt216/formulas.jsonl	499747	0f2ddd2278fdacc946474836b4c404bdbf45271c6666601e638656d85c904ee2
backend/mt216/hints.csv	1053	0795c276c0a50b433914b2f660e067dd73b792ecad72b62cf45bc1528dbe32c1
backend/mt216/hints.jsonl	1140	2423c3c505c712aed22760f1b6b4be5b2e2346ffa675c501206376e78d198fcf
backend/mt216/proofs.csv	1	01ba4719c80b6fe911b091a7c05124b64eeece964e09c058ef8f9805daca546b
backend/mt216/proofs.jsonl	0	e3b0c44298fc1c149afbf4c8996fb92427ae41e4649b934ca495991b7852b855
backend/mt216/relations.csv	4690	7b2cc754ca649b5219b553a7dde4f55d4c3b1c6b23537667764474e2d7fd4df7
backend/mt216/relations.jsonl	7108	84c7fc1349b84e5a10e1e31b6cb4519bc00f05b8093a4892e4b6d04bf37d845a
backend/mt216/results.csv	1	01ba4719c80b6fe911b091a7c05124b64eeece964e09c058ef8f9805daca546b
backend/mt216/results.jsonl	0	e3b0c44298fc1c149afbf4c8996fb92427ae41e4649b934ca495991b7852b855
backend/mt216/segments.csv	7624	f90d00de1c5a523eac361f3fe4de69e8c584b0b242f51cd2a54c540b85f5405f
backend/mt216/segments.jsonl	14609	f66ea53e0f185f48ab2d15ae23c328a6537b57a6c246277ae4307da4b107daca
backend/mt216/terms.csv	1438	0aef529bad9e23c248a2230437d85a0828e4ceeb5cb26420b40e627dcc8c9cb9
backend/mt216/terms.jsonl	1812	8a291c9389558bd3e88c58740b1d83b6a00a8747e2feaa1172859222f8c6eb73
backend/mt216/xrefs.csv	9663	45c51928c79463ea1f45231fcfb87f8e7d71f09ace1fc3efeb3c5250b0a62953
backend/mt216/xrefs.jsonl	15135	6cd8659f62936b5b48d0198ba80831df243b3035da10be222977bbac7d7c54f8
backend/mt22/MANIFEST.tsv	2734	0b2e3327f39e6f9b25ef9af0cf4b50adb4dc4f62368efd8ae621a3f93d388372
backend/mt22/artifacts.csv	1560	d5369dfd3511119a4a07354ef1732c2e69d7a5278468aaa0ca018d2a944fdc5c
backend/mt22/artifacts.jsonl	2039	26d7e34225dd34a59a3383953797b131787bb5930d78268af80a1fcd0b2b7d25
backend/mt22/assets.csv	1	01ba4719c80b6fe911b091a7c05124b64eeece964e09c058ef8f9805daca546b
backend/mt22/assets.jsonl	0	e3b0c44298fc1c149afbf4c8996fb92427ae41e4649b934ca495991b7852b855
backend/mt22/corrections.csv	1	01ba4719c80b6fe911b091a7c05124b64eeece964e09c058ef8f9805daca546b
backend/mt22/corrections.jsonl	0	e3b0c44298fc1c149afbf4c8996fb92427ae41e4649b934ca495991b7852b855
backend/mt22/definitions.csv	1	01ba4719c80b6fe911b091a7c05124b64eeece964e09c058ef8f9805daca546b
backend/mt22/definitions.jsonl	0	e3b0c44298fc1c149afbf4c8996fb92427ae41e4649b934ca495991b7852b855
backend/mt22/events.csv	1112	8f4aea23174e06e85349b75bd1284c23f270c7c04aaf09eb426fa8ffd4a40c88
backend/mt22/events.jsonl	1090	3419c915be571964e12a375901672286c88ee01b1e5b50b87ea67796f636815a
backend/mt22/exercises.csv	1	01ba4719c80b6fe911b091a7c05124b64eeece964e09c058ef8f9805daca546b
backend/mt22/exercises.jsonl	0	e3b0c44298fc1c149afbf4c8996fb92427ae41e4649b934ca495991b7852b855
backend/mt22/formulas.csv	5456	4610c6e17a50006e4516b92caeeceb5593cc0459e23bb69059460f925c142159
backend/mt22/formulas.jsonl	8650	a78a68a24244bfa0cf6dbd38fbed8b9945a592c026f13fa8194caf64f3a03496
backend/mt22/hints.csv	1	01ba4719c80b6fe911b091a7c05124b64eeece964e09c058ef8f9805daca546b
backend/mt22/hints.jsonl	0	e3b0c44298fc1c149afbf4c8996fb92427ae41e4649b934ca495991b7852b855
backend/mt22/proofs.csv	1	01ba4719c80b6fe911b091a7c05124b64eeece964e09c058ef8f9805daca546b
backend/mt22/proofs.jsonl	0	e3b0c44298fc1c149afbf4c8996fb92427ae41e4649b934ca495991b7852b855
backend/mt22/relations.csv	1	01ba4719c80b6fe911b091a7c05124b64eeece964e09c058ef8f9805daca546b
backend/mt22/relations.jsonl	0	e3b0c44298fc1c149afbf4c8996fb92427ae41e4649b934ca495991b7852b855
backend/mt22/results.csv	1	01ba4719c80b6fe911b091a7c05124b64eeece964e09c058ef8f9805daca546b
backend/mt22/results.jsonl	0	e3b0c44298fc1c149afbf4c8996fb92427ae41e4649b934ca495991b7852b855
backend/mt22/segments.csv	818	ac75928d2e94ed778525d1ef168eae2662669a61648fa4d2fa7b46c91c3dbbf0
backend/mt22/segments.jsonl	888	01dc54eb9e15f2bbc7e669624c6415855c723054b2d20a9f97bd5e38a57f4165
backend/mt22/terms.csv	793	bd43b7af86c0349bc1b4743e2ef2233f82406047deb7eff9fd91aeb3da824e64
backend/mt22/terms.jsonl	931	7d52d201c66c481819adb84bd16d00f77f14f5f292159ffe645e887590480fc8
backend/mt22/xrefs.csv	1889	b694791008055f7fb003da4c15ed2bcf996ce753f2c5bee137f1fe7f6f93082f
backend/mt22/xrefs.jsonl	2705	2bbcf35b93522251ca204ab566352b92d2cd2aa4f06011719d919da446a33dc8
backend/mt221/MANIFEST.tsv	2809	6611304126d31444128f8b7ca0edbb29bda31357aeaf235d4f026b03e153e72b
backend/mt221/artifacts.csv	1517	3a23a24abbad1f19cd57672c0069a2026373892c3a1917f57a3478679fb4108c
backend/mt221/artifacts.jsonl	1996	cbbb7c7a7be3e9bf47ae8f5ce98b1a96c873f8b5bd8e55e7dfd08dbeb862a8d9
backend/mt221/assets.csv	1	01ba4719c80b6fe911b091a7c05124b64eeece964e09c058ef8f9805daca546b
backend/mt221/assets.jsonl	0	e3b0c44298fc1c149afbf4c8996fb92427ae41e4649b934ca495991b7852b855
backend/mt221/corrections.csv	1	01ba4719c80b6fe911b091a7c05124b64eeece964e09c058ef8f9805daca546b
backend/mt221/corrections.jsonl	0	e3b0c44298fc1c149afbf4c8996fb92427ae41e4649b934ca495991b7852b855
backend/mt221/definitions.csv	1	01ba4719c80b6fe911b091a7c05124b64eeece964e09c058ef8f9805daca546b
backend/mt221/definitions.jsonl	0	e3b0c44298fc1c149afbf4c8996fb92427ae41e4649b934ca495991b7852b855
backend/mt221/events.csv	1104	8c59785b70278d8911a713669e5ab5d15c2343f6e190cad0ea923212188a8e8d
backend/mt221/events.jsonl	1082	e041149b3f9685947739d2780c7045fd25d564086aa740c87a64d815a824ac3c
backend/mt221/exercises.csv	10260	8ad5363e8f4dba553bc881f3bcd758d882f95ae57f24398765173e8b72673367
backend/mt221/exercises.jsonl	12037	51114aa2aa922dbf24e215bdd478f7738c749de3819663f8746f40a3c01f366c
backend/mt221/formulas.csv	135083	8dd2dadf8d92ebd2ed4d3fbe8bf3fe911f01fcebf8862d6bc07f23ffc865cfbf
backend/mt221/formulas.jsonl	230895	2b7ec5d3d81526c1d9d6f39d8faf0279d146225195e3d9ba654013ee1a23e90d
backend/mt221/hints.csv	3099	514d020b318ad21c9b8601fbe60019d39fa4e4aa012cfc0b5aa17949b5c22880
backend/mt221/hints.jsonl	4044	2ec20064eb073c04cf776e4f9c3204e613a27e096c87bfea2d3f7d29189f2b67
backend/mt221/proofs.csv	8909	36b97a9bbbfc627ef38959eb0ce65c3c72d4fd69b13b10dbad2281e717a2cbd5
backend/mt221/proofs.jsonl	9761	4d1154abf15c7080469b1b36f5759ed14bd1a8c03a6698d3530f1c0786489295
backend/mt221/relations.csv	4372	e6a0bf0bc600cd671a07f9a43057122491e06fd6d9c0a4c2c0d0bbc5ada15f5a
backend/mt221/relations.jsonl	6562	3e7f1c2a6a4e4ad9898140af4e6a12096e5ec746576f1721007589a9b1ff57f7
backend/mt221/results.csv	1633	241d084fab528cbd79def6edc06706a0568ad4a4bbd4dd6c513b98b5f7956a7a
backend/mt221/results.jsonl	1744	bfb944a8977484f1e4d44266551a68d74c405fa6301cf89f1f86196978928264
backend/mt221/segments.csv	6323	098baa291a2820c274edea66404bc351c736b4a0fe38e387d5f1b42de1154b87
backend/mt221/segments.jsonl	12015	3ce2d2f1cb824ec147548aa736ad0fc5d1dbe1078a342258854a0b94b36a6043
backend/mt221/terms.csv	407	473b29bb63c7233d86ca084c5a40ffcf5bac949ff7fa557429033dcf788f88f4
backend/mt221/terms.jsonl	427	e8afb1a39f74c4d14a34a274535412b2cbcc599f415f986f485243151fd12cc3
backend/mt221/xrefs.csv	1796	47b3ef0eda41518231970b542d33d8b58ce3e11211fa91db3de5ec66c626a56f
backend/mt221/xrefs.jsonl	2612	9380a352bd1bea65c4c2680d05e7350a35811793ffc5baba020d7510a69828c3
backend/mt222/MANIFEST.tsv	2828	63ed3a46f5b12f013271d57473e0077a527ed5cda8c1db971043fa5b4aa9d03e
backend/mt222/artifacts.csv	1517	ec792e3fa9d85d8d98ace5a285e797681dacadf66566786703f16cb517ace10c
backend/mt222/artifacts.jsonl	1996	8aae696c1516c851bcd085f65ff07931b9f84399077927612cc7cb3a4f5d25d5
backend/mt222/assets.csv	1	01ba4719c80b6fe911b091a7c05124b64eeece964e09c058ef8f9805daca546b
backend/mt222/assets.jsonl	0	e3b0c44298fc1c149afbf4c8996fb92427ae41e4649b934ca495991b7852b855
backend/mt222/corrections.csv	5277	8123d449a5706ce557477c651dcf62abd937ccfbc5df8ba3bb47361b3cb5add3
backend/mt222/corrections.jsonl	6943	d777170e351fb3a750db8e1115fd41ef603710730fee744e68c99b21fe806438
backend/mt222/definitions.csv	17430	74e4e9f0b47e8cac5b74240d1b52d0d7e88408dd48b41ba0eaf120b4131060ac
backend/mt222/definitions.jsonl	19112	119d9a2e7693ec3d7b0759889fdd046d8db3934d8a3f12d8de0d20f0604ed30a
backend/mt222/events.csv	1105	a5a01191b16b1e30a31419108302d33dc536b6d8e4500c3592fcb6d4dbb5d746
backend/mt222/events.jsonl	1083	5e336b61d29c3ee94799f245fb46252cb78ff995d2b33c716c5e123645d61421
backend/mt222/exercises.csv	9599	ecdc12f51920f49e90c65cea4cd42737c72c69becb9daceeabccd2e16b456ebb
backend/mt222/exercises.jsonl	12016	6089864f9eb7c9a63ba1123df85c3897e0685373acd57cbd87cfc149b0dcd95c
backend/mt222/formulas.csv	442852	89a10f3761bd5521679d9f52921bbb8631ae88022dd80e3b73ac720141720703
backend/mt222/formulas.jsonl	751487	8c47fef829a6aa34852d1b1c79f5517a722938592d90b2bf60a1075cd9ba5c17
backend/mt222/hints.csv	1	01ba4719c80b6fe911b091a7c05124b64eeece964e09c058ef8f9805daca546b
backend/mt222/hints.jsonl	0	e3b0c44298fc1c149afbf4c8996fb92427ae41e4649b934ca495991b7852b855
backend/mt222/proofs.csv	42917	baab0b5fadaf316f7a7cfb522b0045c1809656ff828f0dbc7e1b0f7fe27545e8
backend/mt222/proofs.jsonl	48542	07906d7f7947bb7d9a24d21ce0c0d55abde3b643d7775f858a25632312f53d5a
backend/mt222/relations.csv	9954	54db2e9a9ad78fed5cb0c18e82912ba76921be9ab5d26646559b60d54a0a88d6
backend/mt222/relations.jsonl	15222	c3f95e012205c84ceeb33d3d64e9ded7e3d4e4f29d65703825993079082e94ff
backend/mt222/results.csv	12299	051b94f1cdbe64d74cf2ed25e4a948f624077e44e69059c166de35770b48506d
backend/mt222/results.jsonl	14723	59c2bc9ce2d34a6b1ee1ccd159cbc60c9a65e1206be789bf3be43bb9fa51690c
backend/mt222/segments.csv	12690	adb1d34591287927ab662000cdcda3e50c677e5743b125511d34460b6b2119a0
backend/mt222/segments.jsonl	24847	67673e1a6a74f9755591366f7a1c57bdabf86c7afc4d479baf95d01393b70919
backend/mt222/terms.csv	1113	f10ae3d1e15b1c88f3e47c2e625af708e3776c8488bbd162de7610739c8740dd
backend/mt222/terms.jsonl	1365	a1e229cac41a96aa97720e7fbbf9180cbecfe855aefe606f08fc6d7bc53acf73
backend/mt222/xrefs.csv	13601	2217e8399687b062a04552ae24737153632d68ab2e006e2c8450c4d819bed314
backend/mt222/xrefs.jsonl	21401	8d36b865374812992ae633bce68ff458a23cd5cf5876b51fb138a39f7788fe63
backend/mt223/MANIFEST.tsv	2832	544827aeb31b6163c2c7a34878d2f1d7c990d908bfbe2ae8aa00934186ec03d4
backend/mt223/artifacts.csv	1517	e2720a1400a551256ec7013f7d5aa8b5383542a3f0aac1ff727b798e9a135b58
backend/mt223/artifacts.jsonl	1996	d8e6f9a5f892245351bca87983656814019ffe470b10e5531c6d16748e5e5fd1
backend/mt223/assets.csv	1	01ba4719c80b6fe911b091a7c05124b64eeece964e09c058ef8f9805daca546b
backend/mt223/assets.jsonl	0	e3b0c44298fc1c149afbf4c8996fb92427ae41e4649b934ca495991b7852b855
backend/mt223/corrections.csv	935	a901eed15cf393320d298188d2dc844d66fdd05cb2c8ed051f95612232868117
backend/mt223/corrections.jsonl	979	53cda03b3d256539b1277384bfa50410627e69e912b9466c1796c3b55b7239a1
backend/mt223/definitions.csv	10292	47149756c91727624e2c39cc3f825aeda27f0d7780c2089b8500a9adce6e7079
backend/mt223/definitions.jsonl	11786	743b665b15f95891704105da46c41a1449d641b25c9cda88d110ebfaac266dc5
backend/mt223/events.csv	1106	8c223d22cba8ddb22c139348a02b2f98952bf957be06d3c26c047df76290afd7
backend/mt223/events.jsonl	1084	72f1e5dff4068b8857ffd0ea2acb84792ef0062811f63de1d1acb06b8e3b956e
backend/mt223/exercises.csv	21695	167d4842897e38019a38890910228d6d3f348f4321f1243213e03ee95891e439
backend/mt223/exercises.jsonl	27340	5d48127c740502b7d0ab280ebab0db1f5349cfe1503b10898d8e848238703d94
backend/mt223/formulas.csv	175783	bf1faba5989066db9e7b95cb86c9ab3cd5f7ced40aac5a0cd51a08a9d3202379
backend/mt223/formulas.jsonl	297173	fdddef140073407cb06f54948e276d72d19f8b265ccff3909276b1a0a90597c9
backend/mt223/hints.csv	3202	c1d0c236f09d23a9872ac2d039ff6cedbac9b4a43d1290f972d67c4d46a2399b
backend/mt223/hints.jsonl	4419	3f0bcd6c7fd0e087c010974c8633e7eb269a6abea3161cb4b5624b01f3359ddc
backend/mt223/proofs.csv	10202	a06090ddffbef15a2f44e822205c820e8ad4075e62efaaa7efbe23deb172ea05
backend/mt223/proofs.jsonl	11870	6dac9fb56732a2ee64d3bd0e2c0941cb3086775eb1fa21fb467e3bff81112c5d
backend/mt223/relations.csv	9453	112bc2549454f9dbad53ff956066fef076716857b129daea6d29c9b5c78b3229
backend/mt223/relations.jsonl	14379	be7b035764814225bc6be7224a95dc064d8b8e75c58b8c99fcee88cffcc2eee3
backend/mt223/results.csv	4489	a2bb8bed8f7fa4636655b59756e19fabfea34c484ee7f0491c9e2a19c3e68afb
backend/mt223/results.jsonl	5477	7a55a195b1adb632001d48843ff5cb90b4a2b6dd7f80811521049f72835450ed
backend/mt223/segments.csv	13507	95b42f96eb060ea95a62f8a4b516a5037363e4f9a4c55582aca8be26587bfdb1
backend/mt223/segments.jsonl	26526	dfcc9763ae6dda1dc64c5203ca9b0ab1bb731e43e1d3a931c490afc4b79124f0
backend/mt223/terms.csv	1125	5b5f33e92b56e3554945b8eb9ca8c2adb8e09ea44b8556aa9b16cdd7eb834d9d
backend/mt223/terms.jsonl	1373	2de6d6e393981cae6129b8e9073dbfc3fbdea2d1ebdcf623d8cc77f72ee70188
backend/mt223/xrefs.csv	8679	3ee1d45f36ed63d241cb9a9ab49aff72eb233d9aa2db036fd89ec9eacab16469
backend/mt223/xrefs.jsonl	13569	3b1f4454835e200997d6bcb1802aaeddb0673999e8e4ea5c6574c0500d6178a8
backend/mt224/MANIFEST.tsv	2836	5952d2da8fa5af42b7237ed0b1c2339dea2f2c78d4def8b99f7c0e9bf96da01c
backend/mt224/artifacts.csv	1517	f7dc9b70a61d5e4626d95390014d5f8a7c4f4bb346123eea0170a268ff4b8045
backend/mt224/artifacts.jsonl	1996	59590b9b6515e2dc78d25893528e5f01ecd4846f4707d5430865bc684bf2513b
backend/mt224/assets.csv	1	01ba4719c80b6fe911b091a7c05124b64eeece964e09c058ef8f9805daca546b
backend/mt224/assets.jsonl	0	e3b0c44298fc1c149afbf4c8996fb92427ae41e4649b934ca495991b7852b855
backend/mt224/corrections.csv	4761	d7ed386a49ce81087155eb9b7c53a22fb5f6c0b546ea7b7829eb7020ee7a2bdf
backend/mt224/corrections.jsonl	6146	1df8a19eb5a278983e2f18acf9bbc06a9f8ea21e133d29a76cdd27f38b58c6d1
backend/mt224/definitions.csv	8762	f47b98106cb038927170a5748f920a0db2a624ce06f068e3cfa8a2666bdf3620
backend/mt224/definitions.jsonl	10144	8f68e8b093929e92167cd858e3733d5433f3e5eaa63ee8cd133f58cbebd9551c
backend/mt224/events.csv	1106	637c27d53e8dcf38d72687ab0dbe84ef8479c01f2ccd00ed9127311661dcfa03
backend/mt224/events.jsonl	1084	ba3dc763a52923507f57782e5b79ed507af74c683a738f73b69ec987993c869f
backend/mt224/exercises.csv	27018	d68f53b13325aadad01d7dcbc67b5863c9fe897f324d9ec33c46606ef20368ac
backend/mt224/exercises.jsonl	33749	adf7820502726a752759b1c520b47d7664c38de5997324fbccedd031022eb4fc
backend/mt224/formulas.csv	411191	35be27cd0c9235da2e09ce02820fc40ed87f87163478e40d6332c408e9e5f203
backend/mt224/formulas.jsonl	696834	c26a9d986e9ef2fb49e5a28aef62ae20db4280e2b20c197ad83564abe4bcecd1
backend/mt224/hints.csv	1276	c8382443518fd2ebe99984bf79029208ad32006ab6ba22c6ba1009995b65ecae
backend/mt224/hints.jsonl	1606	3dbbfce7b2f680abdfc9f81821e2827cf9365d885095aee3f10e786227f1d93f
backend/mt224/proofs.csv	29126	283c167751852f1c9d41a508f14469fb4956f3cc1966d146434ba86fd188c890
backend/mt224/proofs.jsonl	33397	047acb7abeca8e4bf21413d715e2d9d9b299a17d5b5f2c72f68b71295598e88c
backend/mt224/relations.csv	14447	13ae84aa44abeeab5f7d1f7ec3bad008c65fea004f6e500d64f2e97c272dd622
backend/mt224/relations.jsonl	22109	ab43c160c871e545248f41e8403e7ce57ff7bd6d7a5f86792e15120c5e91eac5
backend/mt224/results.csv	10877	7f7e6359f4d6c056c6ff33af9a7d458813a26e5ad80944011c2f7f1e6079e8e7
backend/mt224/results.jsonl	13053	af488c519b592f1658db48acba60527959adc72fdfb24e8c9b23a4b73d26c12b
backend/mt224/segments.csv	20303	8eab3a6f0b77637fa092039c71586a8d2bef9075e0de835cb20d26932d9e6e3c
backend/mt224/segments.jsonl	40218	0e097b89ee68e5cd46a01722ea268c998c72844f01bd5aaafea1d0142da92f58
backend/mt224/terms.csv	887	947cd165c31668c6f6841898fddd1f0a9cd8a95679ca224e1000145884eaf05a
backend/mt224/terms.jsonl	1013	86fb5c399fd6c4ffc18f3c5a2fd6013fdf430e193409fbe679c3465ecf4b5356
backend/mt224/xrefs.csv	11695	7c5c0469b19cc65a3ab7da0a9be4de9e78a9335fb4d7f17381e5333acffda29c
backend/mt224/xrefs.jsonl	18331	1e60736c2910354027f0cd0143fa487c1d12b770c463aa2fbb634bd06a7f0635
backend/mt225/MANIFEST.tsv	2840	7a1717f17a3f7bdf0460112a7da720f317f6420de680258b56549adcda3d1346
backend/mt225/artifacts.csv	1517	d6c8ae1592a2f411ec22fe33b9fed3933287a013c86058e7e18a1d33c7516aa9
backend/mt225/artifacts.jsonl	1996	dc57fdb875614cf5f2588db0c6d36408fbc616505c6929ef6efdd1d38f343a08
backend/mt225/assets.csv	1	01ba4719c80b6fe911b091a7c05124b64eeece964e09c058ef8f9805daca546b
backend/mt225/assets.jsonl	0	e3b0c44298fc1c149afbf4c8996fb92427ae41e4649b934ca495991b7852b855
backend/mt225/corrections.csv	5572	13227f8fb533ae667bb71aa31839614b7c2634539e9bd8b0dec3e88f16b12567
backend/mt225/corrections.jsonl	7249	63db39b6d5e8f4b3b7e50bc2b549f03bde775ffcf89670f76af2ff9c8ef08166
backend/mt225/definitions.csv	5225	76943d3435d6209bf2d98d94476e94904f2e5db1eaf2c3f23689dbbe26e1ab54
backend/mt225/definitions.jsonl	5914	f2155c1a551fed51bf98cff4a253ce67bf79a518f0535f2bc21451d9b8977d15
backend/mt225/events.csv	1108	d4fc7603e6d2290c7b4f2d221b810da5ceb48ace14a3c8fb143b75aec335be5e
backend/mt225/events.jsonl	1086	ee4fc92af3a0597e364e1a3275a6167a189e778a767115f8963e41a6ff65a87a
backend/mt225/exercises.csv	23340	aad8de09cd18f5047d04647437ed5e651518363445485ba77907bbc212f14017
backend/mt225/exercises.jsonl	29159	67f437b31ed7e7e0e8f7b6f98a7cac49015cfb8adb19bef53f30ddeae2ac37c9
backend/mt225/formulas.csv	541542	f08397ee49a9da7577079ccd944af37c96661d8d168c79914e8866f52f518094
backend/mt225/formulas.jsonl	919284	a9b4c54cc4bfd11657dcd154f9b346301bbf95570dfc74d3bd5753b3862aa161
backend/mt225/hints.csv	5113	dc02232536e535fe75c0a807b48a6f199ceea3a28cdb3d1b48157afe45438c93
backend/mt225/hints.jsonl	7439	6ef41957f206ffaf0b2f7b20977c9d6aa790f881f851edd418c50feaffd03294
backend/mt225/proofs.csv	50177	4845c6cd8cf6b3e002ef58d0c0dcb0c45ccb70d93803df261843bd1348941bfd
backend/mt225/proofs.jsonl	56741	9ddd419b1f9703e3ea27a436790d816eca8a9cf754c307448592b6a0c3045a89
backend/mt225/relations.csv	15979	5f581e19281297e4242feafb4f3fe9a5c0f543d1036ebba1611218e2adad1d92
backend/mt225/relations.jsonl	24439	4d4ff8cdaa3a66a21713df977a94c13488de28263b538b2063c817503addef8e
backend/mt225/results.csv	14568	ad311cf414a6b62de78c910f826c3b823da6f96243569f314d8056e300034176
backend/mt225/results.jsonl	17377	7621d4f729977635dc7427c757e3a24b6b0852c503f9ced521c6cfcb322bef69
backend/mt225/segments.csv	19915	ec9b9bb76ea0210c35ab18a5456b1264d1d1247295f6db3857cc85070f23979a
backend/mt225/segments.jsonl	39399	d5c10b4fb4c4abe3a6b55e03f31c58b11eb089fe9e3fca1e06b5a68084e178cf
backend/mt225/terms.csv	1415	bed01ba8cf35a58ff8b9155ebb953fd189cdeacea3460e7788dced5a91f934da
backend/mt225/terms.jsonl	1785	78232132a9cfde970ad038bb59a5a2a98f0287f54c4a3ec04488348f57679422
backend/mt225/xrefs.csv	28725	55b9c794d31d3abcae7f736b63be0b8350f7bf017dbd467cae5f407976bce881
backend/mt225/xrefs.jsonl	45449	0eed3b2c4566f826f2556e1ad11974403150364fb1d49d103988d0050a6494a7
backend/mt226/MANIFEST.tsv	2827	701af282fdb9e7db57c36506a0cf9030971bba06975ef2981e43d2be19ccc7c3
backend/mt226/artifacts.csv	1517	dd051312a6711b109117f7a1c56290e86436f95a3877d0bdb236eaab1316088b
backend/mt226/artifacts.jsonl	1996	8bed65606a8e1708dba48fd64c508c7392ce9234e2c5c278e4874191350e3673
backend/mt226/assets.csv	1	01ba4719c80b6fe911b091a7c05124b64eeece964e09c058ef8f9805daca546b
backend/mt226/assets.jsonl	0	e3b0c44298fc1c149afbf4c8996fb92427ae41e4649b934ca495991b7852b855
backend/mt226/corrections.csv	3902	3ad754b80a77e288f01b98f3328cc0ea87a148ce33bf009a5300e423e79c628c
backend/mt226/corrections.jsonl	4871	faad3eaaa99d69199c08ef4b350d4a369f0278333fa6a6c1715625f03cbd04cf
backend/mt226/definitions.csv	18363	814d7f420e331ea315f6dd98153458d39b822091db402df7d6876b09ccc467c4
backend/mt226/definitions.jsonl	20802	65e031829a89e3d62715ab589a090f0f2db64118c7e3b47320e4627f7bf9a783
backend/mt226/events.csv	1106	4b65e93034ea1d66533d0b0ce5d012e4b4e89d0cfea134d167cfc5e9af61b248
backend/mt226/events.jsonl	1084	71846cdb4cd527f8ec82b7a87b64fd2cf659fc652c3efc74467e144396782584
backend/mt226/exercises.csv	9967	e7302dea5d08151ef42ffa1b683254aef7d0ffcd43ee8b586f1279e841768a4e
backend/mt226/exercises.jsonl	12567	66c38a648130fafd01de91095fb0cf8353f107d2f8d0542e5968a7bd29b3177a
backend/mt226/formulas.csv	298117	6834d28c6af88f90dda2d70571601190ee3b3c6879ffbf9e77ff9926174e4fea
backend/mt226/formulas.jsonl	502358	d96fe5d1839aada2a37a7059c40b8f9465ad0ee09633523631a5f3992941ec31
backend/mt226/hints.csv	1	01ba4719c80b6fe911b091a7c05124b64eeece964e09c058ef8f9805daca546b
backend/mt226/hints.jsonl	0	e3b0c44298fc1c149afbf4c8996fb92427ae41e4649b934ca495991b7852b855
backend/mt226/proofs.csv	2748	b98b01ab046ae33a301bf215985a7c0708aac45577fc50a838681b85fc2b1d6b
backend/mt226/proofs.jsonl	2934	9fefca5fe8b08298490a739a4261d8244e9b2ae755318b91129c3184dba57f38
backend/mt226/relations.csv	10458	5cca32d0edeb184bef525590a1e5dd26db601bcec8bb9753c6cb277cb2b5e48e
backend/mt226/relations.jsonl	15954	7457b267511780578bf55932cfeac06a21d7c4f0001a466f83241ce7e004d316
backend/mt226/results.csv	1620	19b0f1152f2b0b3a2bc46a913c28b41e69c451389dd8efec9b10a853a5864d81
backend/mt226/results.jsonl	1734	5219f2ba361260bf5d357833d976314b0e093a85ece322cae69f930538f6c037
backend/mt226/segments.csv	15667	c1aff96cb8a077e21428f6d4a6eccf43ddfefafc87c39680195a4796a0e465ff
backend/mt226/segments.jsonl	30841	a1d747cde533017c1cf3eb922881043bc25d9241a946e15e8924dcf047d4a0dd
backend/mt226/terms.csv	1921	d03323896f064af859f2f59205dd1cb0b6c995cb9bbd6239ae67618c09d555dd
backend/mt226/terms.jsonl	2391	434686937e124ad8bb8f77d1881c5bbf54f9f0cb3a51d7b83fbe86b67f37970d
backend/mt226/xrefs.csv	13942	2094c08ce3ab3ffb48e147d1a7d9520b5338ff1857d7c3ca009515c966c93eeb
backend/mt226/xrefs.jsonl	21936	9a9f46d8f58dadebb8870582fdbfef7ad99ff718b47d2baa433e60e9e6a56558
backend/mt23/MANIFEST.tsv	2735	abc2ab16c2519304e59d6102b01000073a324dcf862ffb844af7f42352d0782b
backend/mt23/artifacts.csv	1262	d90efb319f6eea7c45fc5dc6936b476dd2dd988e5f904eb546376e3440ae78d6
backend/mt23/artifacts.jsonl	1592	c8d92b0f5ec6a6a7924583663ae1340bb4e8dffa1fb6e85cd14b1f781e38180e
backend/mt23/assets.csv	1	01ba4719c80b6fe911b091a7c05124b64eeece964e09c058ef8f9805daca546b
backend/mt23/assets.jsonl	0	e3b0c44298fc1c149afbf4c8996fb92427ae41e4649b934ca495991b7852b855
backend/mt23/corrections.csv	1	01ba4719c80b6fe911b091a7c05124b64eeece964e09c058ef8f9805daca546b
backend/mt23/corrections.jsonl	0	e3b0c44298fc1c149afbf4c8996fb92427ae41e4649b934ca495991b7852b855
backend/mt23/definitions.csv	1	01ba4719c80b6fe911b091a7c05124b64eeece964e09c058ef8f9805daca546b
backend/mt23/definitions.jsonl	0	e3b0c44298fc1c149afbf4c8996fb92427ae41e4649b934ca495991b7852b855
backend/mt23/events.csv	1330	fbb71c34d3f4b8c022180a4d8cd57864a1058b6543b2893cfb9e12661e4cfc4a
backend/mt23/events.jsonl	1298	5b25a1d097078fbc26ea50d048192ac320749da0c1f2a0919d3083041da110f2
backend/mt23/exercises.csv	1	01ba4719c80b6fe911b091a7c05124b64eeece964e09c058ef8f9805daca546b
backend/mt23/exercises.jsonl	0	e3b0c44298fc1c149afbf4c8996fb92427ae41e4649b934ca495991b7852b855
backend/mt23/formulas.csv	2324	7236c297f269009c8d9717427adb88e622178539b7be86ce8ac4b1dfe2457521
backend/mt23/formulas.jsonl	3298	f83650848f94ebd5411a6d58781aa80b9ee0e4f0e10116bf2160f5fbea3ca6bc
backend/mt23/hints.csv	1	01ba4719c80b6fe911b091a7c05124b64eeece964e09c058ef8f9805daca546b
backend/mt23/hints.jsonl	0	e3b0c44298fc1c149afbf4c8996fb92427ae41e4649b934ca495991b7852b855
backend/mt23/proofs.csv	1	01ba4719c80b6fe911b091a7c05124b64eeece964e09c058ef8f9805daca546b
backend/mt23/proofs.jsonl	0	e3b0c44298fc1c149afbf4c8996fb92427ae41e4649b934ca495991b7852b855
backend/mt23/relations.csv	1	01ba4719c80b6fe911b091a7c05124b64eeece964e09c058ef8f9805daca546b
backend/mt23/relations.jsonl	0	e3b0c44298fc1c149afbf4c8996fb92427ae41e4649b934ca495991b7852b855
backend/mt23/results.csv	1	01ba4719c80b6fe911b091a7c05124b64eeece964e09c058ef8f9805daca546b
backend/mt23/results.jsonl	0	e3b0c44298fc1c149afbf4c8996fb92427ae41e4649b934ca495991b7852b855
backend/mt23/segments.csv	814	86b7157c6c9aacb730e38bb6a8e0f7395ab8fe289cfec5daf3b5fa75edc9b655
backend/mt23/segments.jsonl	884	1fd2ad9c3861f556daf13b57626ea24f56563e81d4a0ab5d3b29ca81cdd0c648
backend/mt23/terms.csv	1833	b6cbd1643331273795bab078688b6ab85172861163320beae1ad8b64b050f472
backend/mt23/terms.jsonl	2325	c6f3d4a9086c7f8267734f1ddd213a5ba77f2e09f5993768b51ef7ecb1be2673
backend/mt23/xrefs.csv	842	fc37f33df01ad95e273150bbb3c425a08d2b4aea5c2d51468511993d087ef3a7
backend/mt23/xrefs.jsonl	1076	f38deea785b552d1db9b9a4277791138f81dc44991f41f16bdd7a5e6818cbb30
backend/mt231/MANIFEST.tsv	2818	3496f544cd38999866bf4a99594b4a07a2f630ea161ac879ceba7e934c17280f
backend/mt231/artifacts.csv	1237	c913233d0d3c19bf7a821668516500f1ce8ff81cbb8fedddb59690377775d887
backend/mt231/artifacts.jsonl	1567	0ca165068d645a5f5278bb5344b6bafe6194a8e212df67b9395f14eeb7a57c74
backend/mt231/assets.csv	1	01ba4719c80b6fe911b091a7c05124b64eeece964e09c058ef8f9805daca546b
backend/mt231/assets.jsonl	0	e3b0c44298fc1c149afbf4c8996fb92427ae41e4649b934ca495991b7852b855
backend/mt231/corrections.csv	1	01ba4719c80b6fe911b091a7c05124b64eeece964e09c058ef8f9805daca546b
backend/mt231/corrections.jsonl	0	e3b0c44298fc1c149afbf4c8996fb92427ae41e4649b934ca495991b7852b855
backend/mt231/definitions.csv	3338	9165a4cea87c59199d46d0c19a34986226d047d248e08d150b02f26e54336a9d
backend/mt231/definitions.jsonl	3744	a73147fa35613e06aef8260e2dc454f70136a5a874ede89ad8d2bc8cecaa6460
backend/mt231/events.csv	1327	4d134b10d6f6df95527a5b588042ccfa818bd3c1e97cf7ffc4ce0d8754da1c90
backend/mt231/events.jsonl	1295	ce8ee63a0c794cb027755071610af2c228960e33843d0bdac31350f74c5f81f6
backend/mt231/exercises.csv	27051	fcc1f5320ce29cba7bc3409f3f4501da3dec3e3db4affa92280fc3bb83beea40
backend/mt231/exercises.jsonl	32538	e2262492494659999612e4f6c844eb3a15a72a84c469dd55b6259b76171ae5f3
backend/mt231/formulas.csv	258633	6fae14b00d80c7fe61372ad146b1f3ef57837f42617204c72610194d54ed4675
backend/mt231/formulas.jsonl	440820	744195b7096e2786daff7df225dfbfa7729e05e28328ce413d273308a3a89d8b
backend/mt231/hints.csv	1	01ba4719c80b6fe911b091a7c05124b64eeece964e09c058ef8f9805daca546b
backend/mt231/hints.jsonl	0	e3b0c44298fc1c149afbf4c8996fb92427ae41e4649b934ca495991b7852b855
backend/mt231/proofs.csv	8249	08b74ae44e81aad09e45b6f61718fbb9d684ffd51835d9e3cff448386b22c793
backend/mt231/proofs.jsonl	9162	daa1986373ebef0019356e32d68a140c128ed5e795c58c23c6609b1b0b7a9158
backend/mt231/relations.csv	8328	3974a08a6001f641a02b6fd44ed97515023c2e86541e51b744eb7c07850ccf2b
backend/mt231/relations.jsonl	12684	7249f5cf2596127e45ec588e30714b192c895c991b99df450b12abb01dec8594
backend/mt231/results.csv	2790	d751e41b6591d52cf5bc80062b4e02895a7ddc84844f151402239dc2d4fe73ad
backend/mt231/results.jsonl	3175	2723ee230a98373a6f11578a3a30f052f83036f27e8d76ddf352f2d6e7b38d08
backend/mt231/segments.csv	14742	7d4b268b99103d47419b947c635ab595c4c5baed1cf6c36f51dda3bb2a1ad006
backend/mt231/segments.jsonl	29054	14acec61d119fdae8dfb20c792695176fd7d0cb6ee2415380fefbba4d6941c9f
backend/mt231/terms.csv	2158	ebe657a1ba5155d488388435f52c18a507ae5e4375388e36dfaf95036a133800
backend/mt231/terms.jsonl	2760	385760732565fbb69f22596ccf95d48490c94660de0a3727d3b8114ee5940efe
backend/mt231/xrefs.csv	7060	9c633da497dfd4311d14e7cc58a751c27637f657273ff1d911f9050c397c73c3
backend/mt231/xrefs.jsonl	10980	451e5b355f402cffc418306a57735b98f7051a4b606d5051dc303a499d8c4c8b
backend/mt232/MANIFEST.tsv	2835	ee4917f14e1734a6d16be5b7ef07163121bf676d614ace531dbab529bd3517ba
backend/mt232/artifacts.csv	1237	0655c1d7a78e0f5d9c1c9090aba7691b6ac22b5a0409949055a47e9d3e1ed912
backend/mt232/artifacts.jsonl	1567	11d3cef05c3c788f4a1a7090ce6b42a6bea95f32551c4c72d2f63692ae5dc135
backend/mt232/assets.csv	1	01ba4719c80b6fe911b091a7c05124b64eeece964e09c058ef8f9805daca546b
backend/mt232/assets.jsonl	0	e3b0c44298fc1c149afbf4c8996fb92427ae41e4649b934ca495991b7852b855
backend/mt232/corrections.csv	2624	ebba57808a521dbbb24184b5444a237ed9e40090a4f6b3a7ecabaea3872a99b1
backend/mt232/corrections.jsonl	3236	095bc216f680ac517cabfd8060d71babee8d436794a3fb4b12ad740f6d9a0b8c
backend/mt232/definitions.csv	951	5f0f2b21ffc9e5c1faa5705429ab17c5aa404992f29c028e7f39f202a69b0714
backend/mt232/definitions.jsonl	1010	91609f718fc8299a571e630fecefb2324d35a2457a536727f7b2d8b7558cfea7
backend/mt232/events.csv	1327	7f54391e1add51ec8df3ac6997c0fc9160a2f3ee7364ecc8589ab807d7fbe43a
backend/mt232/events.jsonl	1295	4c7507130edf6e22962d94cd7a15c90c228b732568b7df5d39823b2fe9c284ca
backend/mt232/exercises.csv	24312	a01fbd0cc18bb904eb71d97bd0faae2d89614142a3862ce207b3f179afd0bab4
backend/mt232/exercises.jsonl	29990	8d5371c58b1516d21e0549ad0152b554300952228ebe518864ede5c9bff24d47
backend/mt232/formulas.csv	573355	82c820eaaed03e674b418b8fe6e1047780022894b5ac836c5be99a52bda2c0b1
backend/mt232/formulas.jsonl	980699	3a8432086335bfd25780434de8b61fe01cecfae793fa8af93c192d33f7e53eb5
backend/mt232/hints.csv	1182	5e69b8ad09555ba6da58e99d0b3ca6a57ee53e5dd1f17e53b845e16bb91cb9fa
backend/mt232/hints.jsonl	1518	cef5ccee815a0e55e0e4716e95118e943a478be19cf455ea34c9ec031807048c
backend/mt232/proofs.csv	42403	543725b5db2d22cb081dd393a033085d588cc3b48dbca59aa663eccbf1627649
backend/mt232/proofs.jsonl	47857	4f1d8dfb4dbfcb64824ea39273000ea5f9c0db2cfe5bab816681d0924cc04bc9
backend/mt232/relations.csv	11671	83b7f4bf326239ac93c294c85fdc4a889272baa604d680ab0a9dc0135db7e73f
backend/mt232/relations.jsonl	17851	1b591632446c6f93d945d22d542987380922539f466544c2792e21a1763d9db6
backend/mt232/results.csv	10108	2542f948b0af2c3e87d28e283d4a096936e15618da2ac2fcb6d4d66614b44a15
backend/mt232/results.jsonl	11972	a80e110bf7a2384043d7a6bede302eec295d7551403a759628652a4bd6efa1da
backend/mt232/segments.csv	17762	deaa0b5ec4f80a06cabde8b041e430f5a8b9657669e1a8006e62ae9cda4bce85
backend/mt232/segments.jsonl	35091	06c203aa3a823f6ba9139795d6493ee8e527984ac01b640efaacab360a344d3c
backend/mt232/terms.csv	2132	231c3530ce1005f4da061168f55b9bd95fbb475e31f0ec4706d4da35dcaae23a
backend/mt232/terms.jsonl	2738	319e1565d353eec5d9dcb3a4434f065c55c6baa9e5b853b3bf577ddbdf4b0f5a
backend/mt232/xrefs.csv	23450	92fcd4f92b9de5d14c5e61c8b461706a79ac553a1d056fe5aa9eaac3e13479e0
backend/mt232/xrefs.jsonl	37070	896e9b2874b59ad31ba3d44c7546690134e070ec16d4fdc6974938d34f6bcff1
backend/mt233/MANIFEST.tsv	2836	621a97191c85fd1bc5c1cb14370db95d783beb8af74e505dbfbc0833385a1cca
backend/mt233/artifacts.csv	1237	961abaee00cb672456432b8b4e8f19956b667a0241bd0ebe76cc6a0bf10e57ac
backend/mt233/artifacts.jsonl	1567	25b9b23f8d6011c2a748b7e07192b2ae1ffcaecbca3625234a6e8ae9efabd76c
backend/mt233/assets.csv	1	01ba4719c80b6fe911b091a7c05124b64eeece964e09c058ef8f9805daca546b
backend/mt233/assets.jsonl	0	e3b0c44298fc1c149afbf4c8996fb92427ae41e4649b934ca495991b7852b855
backend/mt233/corrections.csv	3776	40677467ba35b1be7d43de46c3d70c7f0bb69a19fa5f904cd445ec63bc85e550
backend/mt233/corrections.jsonl	4841	a8a53b3177c3597516f69f395871df2e0d71798a724bce61b2d800b57d86ab8d
backend/mt233/definitions.csv	5302	56957f5a004efc3e1bd28b088487f835287da3a074887b13d83f8974be65e02c
backend/mt233/definitions.jsonl	6046	b1bc4ea6a4eaeb4a75d2286a0dfc159b1170a1a0df8bd7c6a116641490f06c82
backend/mt233/events.csv	1327	be0d3bb30a67c2d2796a1095addec9c6c41990400e53646db01b5f80de16e0cb
backend/mt233/events.jsonl	1295	1fa61820468a468427b9ad354e3d19714d2aaf5dedfd38243b5f8cafa757cae4
backend/mt233/exercises.csv	25392	d94f72e04821e9c4efabd8e9644662ea58a6062fa7bda4907d4b22d2a151c470
backend/mt233/exercises.jsonl	31073	010512c5cef416ce7e8f22f35dfc6ee5134943dd54d0a394cb65a7bcbe477a4b
backend/mt233/formulas.csv	500868	680e69e9b60a886e44097c19e45187e038792b5c298727cde03a7becde55e850
backend/mt233/formulas.jsonl	854670	42701b333fcea99c6ac63a24d14fb228ffd787f8d51cc3ccccee8c392b2fd03f
backend/mt233/hints.csv	5788	207846f91573cc26c7e9ab06ca09ffb0754b36b7dd9ba0d43db2b462c0e6eb50
backend/mt233/hints.jsonl	8178	3a0d8b6fbca6f47530aacf2e7f67b244d32c57cf0ab2bb858ba8aee0dac85985
backend/mt233/proofs.csv	27605	839807a53bcb0252bccd28f7fe03d7cf6a837a0ec7e5d21af80f23e4167cf0a2
backend/mt233/proofs.jsonl	31711	87ea4355c5eae0e508bd2156ec04b92541a6e337424bcc4c33a48461d420a958
backend/mt233/relations.csv	13508	fbd13d9cfb289d09cba841f24ad0cab7f8cd8c672b376b84b138bb2a9cbc1fdc
backend/mt233/relations.jsonl	20600	2eb4c0cfcc31283730f25d2959ab341906930bc008a8530548b9f8da68b0fb02
backend/mt233/results.csv	11963	8e93e680b61e2d6af1ca7ac4d5c11eeddc43080d086f15878f227a5039c30f99
backend/mt233/results.jsonl	13837	32460dc565967c53fdbe06ebbe974b65f61b34dd40c4ad0badc5da6a2be9047f
backend/mt233/segments.csv	16899	0260bc19e29e9ebf0092b1b5295897ab86e6beb31a56e815f7c125bf0d930be7
backend/mt233/segments.jsonl	33366	d8ce3c12ccfa39de4b4f64dbedf36d103274fb767b6f8c0d4429951a14e2863d
backend/mt233/terms.csv	1809	2891813bcb3246b3f1a286bcb829ea1525d3898a1593504cbc64409ab0b47309
backend/mt233/terms.jsonl	2289	7959c2ab0066ac0332c8d1a863155a8fc6d6807ac12216926af2f7ac1cbc5612
backend/mt233/xrefs.csv	20479	50c0293aa1a87cb2a0dc98503e054c252e649593c857da1d6c876adaefcdb2b5
backend/mt233/xrefs.jsonl	32353	a9e21d00b216de7f8245b6e8c18c96d6ff051f648980a6d7dbc2a36c500b272d
backend/mt234/MANIFEST.tsv	2846	e31d9dc3a88e2147d548ff8a41216e4d087ca43cafc2573d8713cbab2dd02074
backend/mt234/artifacts.csv	1237	ff2cb89fcb282e8190cecc999803a3e4ba9e964f5d753456e98781e381868b07
backend/mt234/artifacts.jsonl	1567	ba8091d8f492a390347211fc6b73cac451830ce494bcb94005d242ac6c3fbb2a
backend/mt234/assets.csv	1	01ba4719c80b6fe911b091a7c05124b64eeece964e09c058ef8f9805daca546b
backend/mt234/assets.jsonl	0	e3b0c44298fc1c149afbf4c8996fb92427ae41e4649b934ca495991b7852b855
backend/mt234/corrections.csv	9244	4e41c273b3aeea6154b1b2ee14d2099eabd267ec8c86294e701d9ab6c6c83517
backend/mt234/corrections.jsonl	12286	d8accca99fc2127c833e6e5bd5faf266786c50819fbc1fa7405e21fa5a08cdd5
backend/mt234/definitions.csv	4651	55444803ca5dcb826ad18380d464f5066b421c0c8a9e6635219a53c613b3439c
backend/mt234/definitions.jsonl	5296	825797b31f2735ca1d17e33d7c995a5abc73cacd9f36ad006293f08b86bc661d
backend/mt234/events.csv	1331	05353cebcbcdfb43b3ea6b6118cbf9e81d6914fcd12fb1760ec881e1a8f80290
backend/mt234/events.jsonl	1299	a87d972816d0a82a87377e991f0cffebf18e1ec2cc07d9b82e1b18d0511bfb00
backend/mt234/exercises.csv	35882	541aec4588a621eb01645d864d3d2447968d8ddb5ed415083880486b1b27a830
backend/mt234/exercises.jsonl	44770	4c4c1bc821fc861d8a0910eb911f1b2d8195107967f49d944fa1a791e4ee61cf
backend/mt234/formulas.csv	751044	617d6ee6a099957883e7f0f6509a5570a8833ba2152d0525b825843b8ec8f2f6
backend/mt234/formulas.jsonl	1280997	97504889d1dc94a254ddbbef996723c5d7926d080a65a125c2848e7e597e6615
backend/mt234/hints.csv	1514	767ee6b1c769a011cdbe994faad3b08276fb6f482c9871f8c5f374cef0b7ebd4
backend/mt234/hints.jsonl	2126	4445944b5889a4c255b36d7658fab20315c7334d964c06409a2fe330a17915ca
backend/mt234/proofs.csv	54677	fce8ab6a8a2499b67dda5e3dc992847cd7e3d33468b3a5e388a0af6124d2e0c3
backend/mt234/proofs.jsonl	62472	67055fdf53c33c900b0cef88b433839adbc348be9654201fa61c9d1552da1450
backend/mt234/relations.csv	18175	72c6bb401683186d0842e2a2a7b00b1cf8d849c69c1afb3d5db2360f5264b8e5
backend/mt234/relations.jsonl	27889	e06380ec75364513992718b9a9b830de253d6c70d4d2b7b0ec17b6c6de7ed28a
backend/mt234/results.csv	21063	223913f27313ad03fed6bd331f42b2f5d1ab12ec4f0802578a29a0d8335b529a
backend/mt234/results.jsonl	24757	857eee2749aa2bd7fcd5b2a2c66e0992d054de3657f0f813edfdab4563404346
backend/mt234/segments.csv	23813	2921b9ca97c517e4079b0def31e6c6f1c31290c9d79ea8ea17fea73245d7b646
backend/mt234/segments.jsonl	47176	5f38d8b02647fdaf941d046b548e6cf0206bd447f0fd4e0267ed8446642d4436
backend/mt234/terms.csv	2182	4847e22ed6f6df88d8826a6fcb8d12c21cf5a9e4f7d82be9d37394530c19c3ff
backend/mt234/terms.jsonl	2780	00e0fc7cc86b59ab4dee828319716a4644a93494e23e3a0a6c27aa36187f5e5a
backend/mt234/xrefs.csv	27494	949a3c7f73364ac855dd5f19ba963d6c817a0350891c0ab65488958ebb112296
backend/mt234/xrefs.jsonl	43442	93977066a005f2f5d5281d33aa975bbf72c91355f1a4c6923a237256eb4fa8bb
backend/mt235/MANIFEST.tsv	2837	8894b8f9474c930bffd144c577861f3e0a0bf23250b24696796a58b33e6595ae
backend/mt235/artifacts.csv	1237	d7205f6cf272947aa83c8f126f88a23221abb0c5a1e1188aa6e161e20de57016
backend/mt235/artifacts.jsonl	1567	4857474c74f3d8f2af6a544f5278b7c994b46506d49452603919b0cb1e5bb4e9
backend/mt235/assets.csv	1	01ba4719c80b6fe911b091a7c05124b64eeece964e09c058ef8f9805daca546b
backend/mt235/assets.jsonl	0	e3b0c44298fc1c149afbf4c8996fb92427ae41e4649b934ca495991b7852b855
backend/mt235/corrections.csv	4033	4d997887690d7c2903637bd65f454d8dec1ed0c3b07e0dab2c7db1f081a00a9f
backend/mt235/corrections.jsonl	5053	256a75c12b46750b2e8de7a836982980b84f016c9b9ca3b5012c0e501ffd6716
backend/mt235/definitions.csv	1	01ba4719c80b6fe911b091a7c05124b64eeece964e09c058ef8f9805daca546b
backend/mt235/definitions.jsonl	0	e3b0c44298fc1c149afbf4c8996fb92427ae41e4649b934ca495991b7852b855
backend/mt235/events.csv	1330	cb287f7ab61213986403dd57aa96d7888540dc8a4a58e7e471ae28c941187bf1
backend/mt235/events.jsonl	1298	1b2016f3f0ff563aa7e57ca9e7385886812a5f6b1071aea1ef27fafc01c35886
backend/mt235/exercises.csv	22796	8e317f42a90e4081d4e0e8530ad31ae403ebd3ac1df2b83862ef0186bf1e251a
backend/mt235/exercises.jsonl	27770	790bb878dbe96e85ef9559d376fb3e3edbf7f4d92145e2bb954244fab5afbe1f
backend/mt235/formulas.csv	686356	cc20c8bfe3bf642c95f6c0fdd7fa2430b84208d2f695be5a45fcf73bc8ffba74
backend/mt235/formulas.jsonl	1170836	b1acb6526ccd50f41cfa060887c7ce463b049c27f9bde7e38efcfa7bac9bb9c6
backend/mt235/hints.csv	1348	f00b652377e7f8467e323c96974c6cf27f84a37e3891d5fb534a91b002cf3ad2
backend/mt235/hints.jsonl	1683	1490b3899a428101b58af0a37a9a3bd8fd94122d1f303f8e780451c9b7d208ad
backend/mt235/proofs.csv	43693	06070704819fa5fc590a1a5c3c428562b0b2ab7f3ed55b064345328ffb0bbae1
backend/mt235/proofs.jsonl	50857	a1f42148bbc727bcf99b6952509adc30cda6fd260a7047d931411efd21bc895c
backend/mt235/relations.csv	12706	789067d351cc971b61c67ad7fea439333b4793f71b01993b1ec575856fd731cf
backend/mt235/relations.jsonl	19456	993dd2819c94f8805111e3dde227dc4bc9315bdb5978f779323f698d2c9a7520
backend/mt235/results.csv	23053	40e69c6e6e62947a01495fceeedcb82294e2a41cf5b443dd6a022fedc246a83f
backend/mt235/results.jsonl	27131	4d232049991b4425fd83be884c665c3d42d3f92fc99c1c9aa47e4eff4f92ab7b
backend/mt235/segments.csv	17404	e15aca531d4d06e7f4a52a73399bf64b43d3129cca6aebd2f1b985f2991f096e
backend/mt235/segments.jsonl	34302	ab3ab76eafebe0d284fae1236eea8837452ce00c0024d7eb37bce9f7a8b0ab1a
backend/mt235/terms.csv	1672	c4c27c85d227f5b8ee4eec9536f06aaafacdb284b9746ac5b7bcf40cd763a171
backend/mt235/terms.jsonl	2164	446c461775f037d96ae320b42a1ecb6af5f8e69d19101ec556434e9dc206848c
backend/mt235/xrefs.csv	27423	fa9a56c97da57f3e70b325cbeff54cc7876d78837893f7a2e11a2334a1deafeb
backend/mt235/xrefs.jsonl	43371	67df34472ea13de520091ea5c1def18d7ce8add3d43932258baa8b9240b29b47
backend/o007_backend_core.py	10338	b7d5ae95847d717938d55b3f80e6a6499c3b75d3e901bd74032f3ca4836113f1
backend/o007_nested_math.py	2917	90d8bccbc7b98f5e618194394500490c9205e339cc27d95a048d41ee4d346a9a
backend/schema-v1.1.json	18186	47f7d80f021110c5facdfccc97f9ded4c79f48c4b7b5da2f3807e8cf97b2d6e6
backend/validate_chapter21_csv_artifact_tool.mjs	3481	116dfda530b41a83ef38aa028acc8b869b6724e1f027800d601511e912d70085
backend/validate_through_chapter23_checkpoint.py	22252	bc523cd0d685a2a119d043170e5cdb0a3c04d0f24d5168d241fbbcb5bce8305d
backend/validate_volume1_chapter21_chapter22_checkpoint.py	26321	984272664d970c687f624653e0b77cdd907f7c239baba51f46307b234134464e
backend/validate_volume1_chapter22_checkpoint.py	20649	29632945a8188043f9cb8f74f681ed50c0e3c025276677955ffbe5c107affe55
backend/validate_volume1_closure.py	24588	71b75b9de3a6275f5197417a40a6956830c1a74005ccd964db55e81686393ab5
backend/volume1-closure/MANIFEST.tsv	2031	27356fadd1720b8d35ddfd9fa874657523aca4fdd658464bfe94b28563207914
backend/volume1-closure/MODEL_PROVENANCE.txt	32	232de89e31f46ea6dbdb93ae7e5880aeb0ae09bc8e1ed0ae14df81fbc57c6d2d
backend/volume1-closure/artifacts.csv	10876	a8fdfb3fa34a448caf42fb53530e469ed83149349c8db04eb8b5caf510ef82c9
backend/volume1-closure/artifacts.jsonl	14384	f925632a555cec023ab3868ad3edfe28f22a5c076aa0184931af6b12debae471
backend/volume1-closure/corrections.csv	11072	d3453010bc4dff2d12818c8a55e6b11aaf0d17715d8a49ae63fc0962826d8aff
backend/volume1-closure/corrections.jsonl	14574	618322ec7a6ae87e60a2f071f14a88fef80c31b5c760c5e29a2c39d6852689c6
backend/volume1-closure/events.csv	6522	b9bae392d007f6815a0b9b6cdc4da535a9a167a39ff6a65806519aeaf2f3e1b9
backend/volume1-closure/events.jsonl	7747	8ab37e64895bd8c714e054d4380fbb6083e14f560fdc4365bba9ec7b0718360e
backend/volume1-closure/formulas.csv	468399	ecbd162e2569796e87e295724cd71a5201ab4854fb26bf01939aa881319c7d0c
backend/volume1-closure/formulas.jsonl	777218	e9616ddd9148686acb2c5d59db9aa6b0588ef7ae6ea54b94788aa86932ceb77b
backend/volume1-closure/relations.csv	7201	ca2c73c31cf946c3abd031269cb53cc5cdbdf654465af6cb153d95655ad50bb4
backend/volume1-closure/relations.jsonl	9873	b7b4d4ab72bf75b1cd7a4b3867424919b1e6655c58512947f6c145afc3c4d4a1
backend/volume1-closure/segments.csv	492996	2ed851c61732ddb7831e4c7be4e6fa97ceea5961ef41e74f3a029316b27a5e5f
backend/volume1-closure/segments.jsonl	798457	f3ae4ba802a3353eecafbcf05daba083bd98d3f1dfd1cc18ed0a53187f335239
backend/volume1-closure/xrefs.csv	257440	b5c7395e7af8559aac6cde7d8b0db0047da88d162ae394fd7bd3dab8d816b7af
backend/volume1-closure/xrefs.jsonl	403815	e2a7589e467f598c5e5dcbe6a767798d6b62bc05b0e27cf0946953a614b68f8d
output/fondasi-teori-ukuran-v1-through-chapter23-id/html/02/index.html	31912	61be7d122f24c71021aa0e53a53b1ee1f21f5fee6439f586758e558ad2f1c8e4
output/fondasi-teori-ukuran-v1-through-chapter23-id/html/11/index.html	12674	a4fd03aed8d0d5e4b99bcf4577ce4166afdcaf3897cfc56fff1bf4da021c0d41
output/fondasi-teori-ukuran-v1-through-chapter23-id/html/111/index.html	67167	79402cb032fcff74ac1d76ded017533b9f3e9e8110ae959ca53bd9675d79b22c
output/fondasi-teori-ukuran-v1-through-chapter23-id/html/112/index.html	66597	a82d84714cdb7e08778ff5e1bdb0802f12521bd2bb557a99014ec9865ad40175
output/fondasi-teori-ukuran-v1-through-chapter23-id/html/113/_assets/mt113c1.png	37688	3fbab729729572723fbce6d688ebdfa7d6f73902144f0840cecb1074230b38bb
output/fondasi-teori-ukuran-v1-through-chapter23-id/html/113/_assets/mt113c2.png	37862	41489e1039492131e49b9b5132d752dee2d19f959ab272c00e37f10f6945d6df
output/fondasi-teori-ukuran-v1-through-chapter23-id/html/113/_assets/mt113c3.png	37892	8973110d14c4a5acbb4553e78ae8774d317f50680ab493d1176da6bcfef4b3d9
output/fondasi-teori-ukuran-v1-through-chapter23-id/html/113/_assets/mt113c4.png	43058	795b9abab5a6ea8447a4d39ef6a6c5bb7e1413bad54ca20d600da26db0b3a7b7
output/fondasi-teori-ukuran-v1-through-chapter23-id/html/113/index.html	53123	b1acf7ddce1cc17bfda1e9a86289cf9586aa7591cad1826560ac262014324e08
output/fondasi-teori-ukuran-v1-through-chapter23-id/html/114/index.html	71682	a365bbd6d5238b568f85eab1d6069e3fe477d59e158faba6ff8243cbff6af2d8
output/fondasi-teori-ukuran-v1-through-chapter23-id/html/115/index.html	74428	f407caa36ed52b4d5e3ab87edd2ebb4347672f0fccd7099f7e07905dca810ba0
output/fondasi-teori-ukuran-v1-through-chapter23-id/html/12/index.html	5904	247414dc5449858bdc4a5a558b7c544fc0579c7c5b18d3c815fdaf67987cae5c
output/fondasi-teori-ukuran-v1-through-chapter23-id/html/121/index.html	123312	f73008fee3caf4cfa4d14fd3d8f54116283fbd74c837359ff8185058fe11631b
output/fondasi-teori-ukuran-v1-through-chapter23-id/html/122/index.html	117948	461a30fe9ffc67dce155fe0ce1d36bc5172e20a998c90a9cecc50a28d801c118
output/fondasi-teori-ukuran-v1-through-chapter23-id/html/123/index.html	51270	51328ea77b0ac9e2fe22e4024ebfb05f3f9241bff6482690732424023a00e17c
output/fondasi-teori-ukuran-v1-through-chapter23-id/html/13/index.html	5891	c6d65a739c5688e13ce60c246352e3717cf99422db3ed74deeb8f35b9c939c62
output/fondasi-teori-ukuran-v1-through-chapter23-id/html/131/index.html	39050	b19845cf5db410874312bb481aed6691cac2a0d15d4347e3b3f22e098988e76a
output/fondasi-teori-ukuran-v1-through-chapter23-id/html/132/index.html	52679	b1f819910e0c800f385ad5a6a7b3684de77b5761f5214da3d52e9db5ea3fae4d
output/fondasi-teori-ukuran-v1-through-chapter23-id/html/133/index.html	78607	80de130a4ea9b30049da8a57a02a55e5f1f292f2bed370b28c0e38fd2769f097
output/fondasi-teori-ukuran-v1-through-chapter23-id/html/134/_assets/mt134g.png	7711	7d768ce3b37e2bf6563067db9c743c512356d216d011227a01869e4e5464a969
output/fondasi-teori-ukuran-v1-through-chapter23-id/html/134/_assets/mt134ha1.png	23598	dfae5894ef508a9569320f99b81873ee0d6a06484ca465e5afe30fa7bfffcbce
output/fondasi-teori-ukuran-v1-through-chapter23-id/html/134/_assets/mt134ha2.png	13030	9c1af7d8f08f5f2ad14f2e4d67a56fcc999ed47f6e7908695c3689dcb18587b9
output/fondasi-teori-ukuran-v1-through-chapter23-id/html/134/index.html	131773	a40b0d9dfeb1bdc030aab8edb387a8c8c2f1c2988d44269e84240c8844ad451c
output/fondasi-teori-ukuran-v1-through-chapter23-id/html/135/index.html	79479	1dc491b3fc2b1d61c3592484934c3688435acb5a2ed8e3f060690589175e6f37
output/fondasi-teori-ukuran-v1-through-chapter23-id/html/136/index.html	77719	0262cac25900bc814138c9af2aec551e08cfb29f80d55370861d2527e1e2ed21
output/fondasi-teori-ukuran-v1-through-chapter23-id/html/1A1/index.html	44462	e77620b5b5a0c2725e14ed4903c949cbaa30ddf9741345fb8654c57b17d20281
output/fondasi-teori-ukuran-v1-through-chapter23-id/html/1A2/index.html	20602	4b106a8f1eeb2edbf8df697403029c4c2d9fc8af08714f7c8ab07e00c2d51a37
output/fondasi-teori-ukuran-v1-through-chapter23-id/html/1A3/index.html	25888	5537af862611dd97a5afa2d53fe72bba139f6d1743abc87a14fe0783213e6337
output/fondasi-teori-ukuran-v1-through-chapter23-id/html/2/index.html	14211	c3197b46bad89abf25752d1761fbc722fc204f70c92c43065bdd9ce7fb59b619
output/fondasi-teori-ukuran-v1-through-chapter23-id/html/20/index.html	17078	7b48e2367708f60a01e38b0a1536688e9951a490bad4beeb063a6156f876eaff
output/fondasi-teori-ukuran-v1-through-chapter23-id/html/21/index.html	7053	a7d97fc62d6ba9ef0009a134e034fe7e1370e0fe0efe5e8537622a50e92a6498
output/fondasi-teori-ukuran-v1-through-chapter23-id/html/211/index.html	74026	4e71b08b6f12ffc2da2af27bdbd055af08120f1806fc1ea6c10c45335a97ae04
output/fondasi-teori-ukuran-v1-through-chapter23-id/html/212/index.html	91403	052279b8456fa42e0695735dd945a2d9e217712b7a0fe923e51cb75cd4f9cef9
output/fondasi-teori-ukuran-v1-through-chapter23-id/html/213/index.html	146285	24ad8c14c0471752ec489e5f1aeb67a297a9bc3c7d554e5b62d056b4c91b89f4
output/fondasi-teori-ukuran-v1-through-chapter23-id/html/214/index.html	153269	cbb19e9c575c8a6a63f180704d27c92587d8d006852eca5df6fcdd66973c0652
output/fondasi-teori-ukuran-v1-through-chapter23-id/html/215/index.html	73200	d17f3336146bd22c383ef71c8c673e25228dc53f9e36d1f6b16f1253c9eb93c6
output/fondasi-teori-ukuran-v1-through-chapter23-id/html/216/index.html	68568	20dc96826ce724cf76ed2be688e3d26aa01166e26d632dddeb29b8eef33b6c70
output/fondasi-teori-ukuran-v1-through-chapter23-id/html/22/index.html	8909	2fcd52879af2ec0a7b0aa6bdc271fce8f2f0fee9301fd3bb213654a158c41c0b
output/fondasi-teori-ukuran-v1-through-chapter23-id/html/221/index.html	37017	e14b1f71bf980a9df409ae6a99b4809faaf1760223976605831394cd30b7775d
output/fondasi-teori-ukuran-v1-through-chapter23-id/html/222/index.html	100610	0738aee22ae92df4a47ff3d11afeb5c926d17b6595fae886ca9998a8ba5f9e7e
output/fondasi-teori-ukuran-v1-through-chapter23-id/html/223/index.html	48034	ecddd94211f9b55d426baff3c31447422fa8d91f26844c34c0e528fdf100bbd1
output/fondasi-teori-ukuran-v1-through-chapter23-id/html/224/index.html	95994	7b6c0fc7d1959bd714813acf63379a6245d7a1b14a27f072c2ba76a3d3a3d667
output/fondasi-teori-ukuran-v1-through-chapter23-id/html/225/index.html	123778	81e45c397c066e5fc67b1cbdc50158525dd91d489af83479168d4bd5ce0354e8
output/fondasi-teori-ukuran-v1-through-chapter23-id/html/226/index.html	77919	2c8bc0cc117270bcafe7096af97bad51446e1fafd0d53662201ee076b7a1bee6
output/fondasi-teori-ukuran-v1-through-chapter23-id/html/23/index.html	8240	48a60a3c46e6dbe14822f42db9c265a833d75f36742159c840986f7233b3ac1c
output/fondasi-teori-ukuran-v1-through-chapter23-id/html/231/index.html	61514	b7cc6abe3ba38745c289f8d32487a22d9779a364c61b223deca4c336112dc477
output/fondasi-teori-ukuran-v1-through-chapter23-id/html/232/index.html	121370	88740b3d1c95492c1c9921208c11527242bb94084087a93389b782a19a3dfcfd
output/fondasi-teori-ukuran-v1-through-chapter23-id/html/233/index.html	109129	622a8745265e0e98049a123a0cdc527c1b44013abfdbebc2695e0c70ac6c5698
output/fondasi-teori-ukuran-v1-through-chapter23-id/html/234/index.html	154131	e741cc081975f768ee895dc6bdf33cc63231a81747214c5ce80a725fe2fe6f64
output/fondasi-teori-ukuran-v1-through-chapter23-id/html/235/index.html	141222	724c4e5b9b6edfb476f20bceef1023ca2dce9cebb3db319b62a00f4b7813114d
output/fondasi-teori-ukuran-v1-through-chapter23-id/html/MANIFEST.tsv	9272	bea464d7e609e19ae4a1f3c72271fec65d6b7a16bdf4a0b7d54dadec17b002b4
output/fondasi-teori-ukuran-v1-through-chapter23-id/html/_downloads/fondasi-teori-ukuran-jilid-1-dan-jilid-2-hingga-bab-23-id.pdf	1771034	10433d93a655731615020333b024ac7d53acb494a86d11b14d57908f8b38bed1
output/fondasi-teori-ukuran-v1-through-chapter23-id/html/_downloads/fondasi-teori-ukuran-jilid-1-id.pdf	807217	340af91eb1a31cbfaba20f578209b6e3dd0eacd7ea05f6e23183be9e9fee486f
output/fondasi-teori-ukuran-v1-through-chapter23-id/html/_static/mathjax/LICENSE	11358	cfc7749b96f63bd31c3c42b5c471bf756814053e847c10f3eb003417bc523d30
output/fondasi-teori-ukuran-v1-through-chapter23-id/html/_static/mathjax/a11y/assistive-mml.js	6460	5b8414e36cd63d154b90beab67e5e3399c7439aff97f4b556761224f8176f657
output/fondasi-teori-ukuran-v1-through-chapter23-id/html/_static/mathjax/output/chtml/fonts/woff-v2/MathJax_AMS-Regular.woff	40808	3de784d07b9fa8f104c10928a878ee879cf3305cae5195cba663c9c2bb0195eb
output/fondasi-teori-ukuran-v1-through-chapter23-id/html/_static/mathjax/output/chtml/fonts/woff-v2/MathJax_Calligraphic-Bold.woff	9908	af04542b29eaac04550a140c5f1760a649783989426f2540855bf4157819367d
output/fondasi-teori-ukuran-v1-through-chapter23-id/html/_static/mathjax/output/chtml/fonts/woff-v2/MathJax_Calligraphic-Regular.woff	9600	26683bf201fb258a2237d9754616de9d4ecf4cc1cd39dd1902476df7d75f1d16
output/fondasi-teori-ukuran-v1-through-chapter23-id/html/_static/mathjax/output/chtml/fonts/woff-v2/MathJax_Fraktur-Bold.woff	22340	721921bab0d001ebff0206c24cb5de6ca136467bf1843a7aa32030ba061d1e92
output/fondasi-teori-ukuran-v1-through-chapter23-id/html/_static/mathjax/output/chtml/fonts/woff-v2/MathJax_Fraktur-Regular.woff	21480	870673df72e70f87c91a5a317d558c2c3b54392264ad79bbadc6d424ae8765fe
output/fondasi-teori-ukuran-v1-through-chapter23-id/html/_static/mathjax/output/chtml/fonts/woff-v2/MathJax_Main-Bold.woff	34464	88b98cad3688915e50da55553ff6ad185e0dce134b47f176e91b100f8a9b175c
output/fondasi-teori-ukuran-v1-through-chapter23-id/html/_static/mathjax/output/chtml/fonts/woff-v2/MathJax_Main-Italic.woff	20832	355254db9ca10a09a3b5f0929d74eb4670f44fbe864c07526a06213e0a0caf6c
output/fondasi-teori-ukuran-v1-through-chapter23-id/html/_static/mathjax/output/chtml/fonts/woff-v2/MathJax_Main-Regular.woff	34160	1cb1c39ea642f26a4dfed230b4aea1c3c218689421f6e9c0a7c1811693c4fa07
output/fondasi-teori-ukuran-v1-through-chapter23-id/html/_static/mathjax/output/chtml/fonts/woff-v2/MathJax_Math-BoldItalic.woff	19776	8ea8dbb1b02e6f730f55b4cb5d413b785b9f5c39807d0a0fa7da206a0824a457
output/fondasi-teori-ukuran-v1-through-chapter23-id/html/_static/mathjax/output/chtml/fonts/woff-v2/MathJax_Math-Italic.woff	19360	a009bea404f7a500ded48f8b9ad9cf16e12504b3195dd9e25975289b8256b0f0
output/fondasi-teori-ukuran-v1-through-chapter23-id/html/_static/mathjax/output/chtml/fonts/woff-v2/MathJax_Math-Regular.woff	19288	c01d3321e89b403c4b811aa153c4e618eda3421f92d8a072a02c8d190782a191
output/fondasi-teori-ukuran-v1-through-chapter23-id/html/_static/mathjax/output/chtml/fonts/woff-v2/MathJax_SansSerif-Bold.woff	15944	32792104b5ef69eded905b6d1598ed05d8087684d38e7a94d52e3c38ba16f47e
output/fondasi-teori-ukuran-v1-through-chapter23-id/html/_static/mathjax/output/chtml/fonts/woff-v2/MathJax_SansSerif-Italic.woff	14628	fc6ddf5df402b263cfb158aed8e89972542c34b719cd87b1db30461985f7bd5b
output/fondasi-teori-ukuran-v1-through-chapter23-id/html/_static/mathjax/output/chtml/fonts/woff-v2/MathJax_SansSerif-Regular.woff	12660	b418136e3b384baaadecb70bd3c48a8da9825210130b2897db808c44efc883cb
output/fondasi-teori-ukuran-v1-through-chapter23-id/html/_static/mathjax/output/chtml/fonts/woff-v2/MathJax_Script-Regular.woff	11852	af96f67d7accf5fd2a4a682d0b9f8b339f8ea6fe34c310c1694c8ba7f6ddc96f
output/fondasi-teori-ukuran-v1-through-chapter23-id/html/_static/mathjax/output/chtml/fonts/woff-v2/MathJax_Size1-Regular.woff	5792	c49810b53ecc0d87d8028762c518924197dd9d3f905b08f99ea241301085b9cb
output/fondasi-teori-ukuran-v1-through-chapter23-id/html/_static/mathjax/output/chtml/fonts/woff-v2/MathJax_Size2-Regular.woff	5464	30e889b58cbc51adfbb038ab1a96dc4025aa3542a3cff7712fc55ece510675e2
output/fondasi-teori-ukuran-v1-through-chapter23-id/html/_static/mathjax/output/chtml/fonts/woff-v2/MathJax_Size3-Regular.woff	3244	5cda41563a095bd70c78e2dda13d0f8cb922c71c90fffd0a0044c65173a66e83
output/fondasi-teori-ukuran-v1-through-chapter23-id/html/_static/mathjax/output/chtml/fonts/woff-v2/MathJax_Size4-Regular.woff	5148	3bc6ecaae7ecf6f8d7f8ea07bddbaca8601e2cb6e89d6aef58e78d9f6d8a398f
output/fondasi-teori-ukuran-v1-through-chapter23-id/html/_static/mathjax/output/chtml/fonts/woff-v2/MathJax_Typewriter-Regular.woff	17604	c56da8d69f1a0208b8e0703656c3264b6dd748bd452524c82b0385b60f6a68c1
output/fondasi-teori-ukuran-v1-through-chapter23-id/html/_static/mathjax/output/chtml/fonts/woff-v2/MathJax_Vector-Bold.woff	1116	36e0d72d8a7afc696a3e7a5c7369807634640de9b02257bca447bdf126221a27
output/fondasi-teori-ukuran-v1-through-chapter23-id/html/_static/mathjax/output/chtml/fonts/woff-v2/MathJax_Vector-Regular.woff	1136	72bc573386dd1d48c5bbd286302ca9e3400c5eb0f298e7cfbf945b9d08fc688f
output/fondasi-teori-ukuran-v1-through-chapter23-id/html/_static/mathjax/output/chtml/fonts/woff-v2/MathJax_Zero.woff	1368	481e39042508ae313a60618af1e37146ab93e9324c98e4c78b8f17fe55d41e0b
output/fondasi-teori-ukuran-v1-through-chapter23-id/html/_static/mathjax/tex-chtml.js	1160989	0a6ded5abbce13331658dd239f34382abd06492c74b71b61e8caa8112ec55fa5
output/fondasi-teori-ukuran-v1-through-chapter23-id/html/_static/reader-v2.css	872	53a5a1e8d9a456d31b1b511cf7c663d03e3924c7a96105f4091b00727f29d642
output/fondasi-teori-ukuran-v1-through-chapter23-id/html/_static/reader-v3.css	1450	190636a60441c065771745c3dfe58ef7e999c3683ced21fdd6f9bf1904084357
output/fondasi-teori-ukuran-v1-through-chapter23-id/html/_static/reader-v4.css	1939	a94fdace71707235bebb3512405dcbd9759742d85fca2c24c34ba9aab0d8954a
output/fondasi-teori-ukuran-v1-through-chapter23-id/html/_static/reader.css	4219	d39d1f00977d3560b1d86ed7a12767ab20f50014cf9ae496e32c5a3eb25fdef3
output/fondasi-teori-ukuran-v1-through-chapter23-id/html/bagian-awal/index.html	5651	40f6ab1491fde5795d081e208663d721e48af413a2c8e25500bccb075e97e061
output/fondasi-teori-ukuran-v1-through-chapter23-id/html/indeks/index.html	116790	46ccfa0e8d9db29d23eae29b11a8696649559c95dc5c741005b8db7c7dd0681f
output/fondasi-teori-ukuran-v1-through-chapter23-id/html/index.html	6194	3a86def694f48c01122a46c762fb171f5b053e963e8a6e70eb86b1f0d4bd6a95
output/fondasi-teori-ukuran-v1-through-chapter23-id/html/konkordansi/index.html	6186	fd85f4ebd02b385239bb53cc2e8205cf7fafba5965b41d7ce2b8ca789607c0ab
output/fondasi-teori-ukuran-v1-through-chapter23-id/html/lampiran/index.html	5381	f841f54efdb52b62d452b71ce4736458186659836423d13eefecb57ed307e28b
output/fondasi-teori-ukuran-v1-through-chapter23-id/html/pendahuluan-jilid-1/index.html	13007	4247373d708921e1143640ff6b69398cf245002f1dae185838c6c07b0b4ebe55
output/fondasi-teori-ukuran-v1-through-chapter23-id/html/pendahuluan-umum/index.html	13147	022df330268ff202210d5c7e7b1822a20cee1f0bf5adf4fcd623f792bb3a6ae8
output/fondasi-teori-ukuran-v1-through-chapter23-id/html/referensi/index.html	6273	ab00dedb23b529c81371c31ab6fce5fe6fbb770831d14717ba4485d9724359ab
output/pdf/fondasi-teori-ukuran-jilid-1-dan-jilid-2-hingga-bab-23-id.pdf	1771034	10433d93a655731615020333b024ac7d53acb494a86d11b14d57908f8b38bed1
output/release/v0.15.0-v2-through-ch23/00_READ_FIRST_FONDASI_TEORI_UKURAN_V1_DAN_V2_HINGGA_BAB_23.pdf	1771034	10433d93a655731615020333b024ac7d53acb494a86d11b14d57908f8b38bed1
output/release/v0.15.0-v2-through-ch23/SHA256SUMS-v0.15.0-v2-through-ch23.txt	254	65bd49cbcfe5f92fc1222a2f250503ab85d5ea3f467438e20bc969a5a61d83e0
output/release/v0.15.0-v2-through-ch23/fondasi-teori-ukuran-v1-dan-v2-hingga-bab23-id-v0.15.0.zip	15228253	5f5a4bbcb7c12084cb5a28570364a1e3f2a8dfb685f87b74f2536c004691ba55
qa/MT02_SOURCE_REFERENCE_PROOF.json	2061	03848b286710b2cc5a6d89c4e583ede7ec0f26cf89a48642872dde0e89455c35
qa/PUBLICATION_RECEIPT_V0130_V2_CH22.json	3575	c7b458c38848c73d4676f5ee7e4ad6bd64aac0f56d8c14f6d74a4f26b5924911
qa/PUBLICATION_RECEIPT_V0140_V2_CH21_CH22.json	4269	4c130cce18421fe27fd56380c53dbc52310ce37023d5d159846681240c872eca
qa/TERMINOLOGY_QA_INDONESIAN_FIELD.md	7867	3f6a4b78c4cd5300e00e8f2ba4fa2b9ca72d881f48cb25088bb21c35e41909b6
qa/ZENODO_PUBLICATION_RECEIPT_V0140_V2_CH21_CH22.json	3890	8d9586b76803f1faa52370aee793d766ff0baaf1ce8788617189f0909a7026cb
qa/chapter21-backend-validation.json	17983	59705fc2482ed1d7cb9aee099d21d7a3a7fb0431e75cc13fc374b14273612fba
qa/chapter21-helper-intake.json	25957	8c9e1de047a1abc8356157601b9dc145d2acc6c6906af421b0d906d59aad9ad7
qa/chapter21-owner-semantic-review.json	6355	118c707318c78cea33198e827cadd025834b085c5a3783688dd0dd2302778b80
qa/chapter22-backend-validation.json	10349	31d607804361767f41be226f349efc00ebbe627abc401db669c89364e7551c43
qa/chapter22-complete-build.json	17547	99b38f23092503ae6956182ca6a064f77704fa0cd23d0a08e174c81d7c449521
qa/chapter22-html-browser-qa.json	8157	a84086a90260b955199c982a69bd27aa09b55f39d9a6cbf96eb1424c6d522459
qa/chapter22-html-build.json	5985	0eb17aa0f05287515a423f9e8f04aa6dc8e96fd96b5b78a47513579c1c0d419d
qa/chapter22-pdf-visual-qa.json	95281	53add0800fdd499a6a171d74a1a1b46f436d52c9349826dea73ff0b46d8a499c
qa/chapter22-semantic-review.json	5013	91a6202ee6f2753d4c610a6c0f5d4793693ea981e16acabf03f6eb8e65431a49
qa/chapter23-aggregate-qa.json	10843	a265a5244fcd89289f5247f9abe529d0a5545cf0a184e9d401b05fec571a8bd6
qa/chapter23/mt23-unit-qa.json	1913	a55b0ac9ba8b1fa0e14bdc625b534f60b4123270860f6fcb4e2900b5858b4317
qa/chapter23/mt231-unit-qa.json	3718	53b2efc22d3f9e291dfa9bbf49836e38f549175ecd9e102fa26e498ae6dbf219
qa/chapter23/mt232-unit-qa.json	3626	52946324a57531d813b91af96d032b4a0a4fb814ae24b58b7e76fc8bf18bc129
qa/chapter23/mt233-unit-qa.json	4401	96fd8edf683e9fa8e2bf9f5e2a001f1242f4b09f46543cc63bbb113ad097152a
qa/chapter23/mt234-unit-qa.json	8199	58620f28f86f5798d646d95faff30ff10ef70b7da7518329f1d9b56b0c9cafa6
qa/chapter23/mt235-unit-qa.json	3608	b1586fb1b13eb99a42065a4d4b4b5ce5732af7270c263fed6d01e4c2638ab7f7
qa/chapters21-22-aggregate-replay.json	11207	a99829d55240e6699e516efcdcfa6e32505bd43a6023e7d213e288675398adb3
qa/chapters21-22-complete-build.json	22790	beea2340dc7e75ba8846acc2b4db6c0f79a226073289f23b0d23044108a630f0
qa/chapters21-22-final-admission.json	6892	6e4459597fa591fa8900ff606509e3fa962c044fc307272800039e0008a78569
qa/chapters21-22-html-browser-qa.json	6683	4fc2e53fd754ad5d5ac9576e0ce648519a0c6b995878c6fbbbf72af89b233e71
qa/chapters21-22-html-build.json	9468	a8dfd9181049f20092d1e68060463bdbc3daf876df3858438ba8ef7a20c3842b
qa/chapters21-22-pdf-visual-qa.json	121461	9b7a44010ab32fe2fdb719723d3c491ddbbf46923154ed7b36882abbc3c58421
qa/frontmatter/mt02-unit-qa.json	1926	58378c2a3a5b93815413715370ea19eb907c882dc41467a6c54e3a91bf19b11f
qa/frontmatter/mt2-unit-qa.json	1913	e43f30954157ad14a8120f1e11e7f7d271f39ac935834071531553f0c973ebda
qa/frontmatter/mt20-unit-qa.json	2422	753159dda9ec81a61b7200488cca73552f99fb18caa22d217801443ec4a89f86
qa/mt01-structural-qa.json	1607	05adf1a3b79d42271bd49666b8728970091fbb5a244aebd6e7d7587f412a56bb
qa/mt1-structural-qa.json	1602	4a92f7703f2abd489b4f8fb0358df875a66f51e9e0e032121b60608e990acbd0
qa/mt10-mt01-semantic-review.json	2232	fefdddf55f38af8ba6d33c27c0c09bcde1971c4a57384139d01cc42748a172e7
qa/mt10-structural-qa.json	2269	adca39485ae1d3b8e6a85e4bd08ebb7981eefe81d01c8db5aca9cc4054001083
qa/mt11-mt12-semantic-review.json	1785	052a9ffdc4c35b15a72ee8cf75e494591dd840817ccf36109c4dba1c3d156ab5
qa/mt11-structural-qa.json	1609	5ec355d81e6451a3dbe6839a3b04b41e5e5752215d1a95f091f73deb07f8935e
qa/mt111-structural-qa.json	1894	e9fac431e3f4aeeb52df93b8f0b0c68c3ad943c42478f8e8e4be401e4e7eb8a6
qa/mt113-figure-qa.json	2524	a3c197191b731c89682022604280e757b7c8dd146e23089b33555f64b867199a
qa/mt115-source-correction-evidence.json	3008	49d08607859de6f6fd34520de1a77554edc49935718807f97b43966f715d1e8f
qa/mt12-structural-qa.json	1599	14a0021f6acb0ab631c61169738f4b168a04d1ecfde7322ae0b96db4f792a33c
qa/mt121-intake-census.json	52521	73e7be68030c6f629c7ceacdee8fd8de89388ccbe348e7082ca4933b95230382
qa/mt121-source-review.json	14348	6aee370d562bacb1adf0c28ef113054e49941e8da337968efa5356e3c1b2419b
qa/mt122-intake-census.json	6845	41f9c6df14ec64ff7f58a961320e2fabec03da3152425fdd586c6521db091ca1
qa/mt122-semantic-review.json	7518	f10780c78a4f30ea9cc91ca0f9922ce028eea8d1c878a98f7d43a01755f4267c
qa/mt122-structural-qa.json	2756	e353175282a62fc584061a0e0a847e5a7c435e2bad2e041c539e7d9825202760
qa/mt123-intake-census.json	6371	5c1e6e50b5ab29c1ad2fe8a1f2545a9de81d54f2fa226454d1a9eb8826a8c3ba
qa/mt123-semantic-review.json	7946	fe1a1eba19e2f3e1b53a9ee266a37991ff6c5fa2cb73eafeb9fba2000581a8a8
qa/mt123-structural-qa.json	2011	bfb96859a048fa8a1adea4426a5b3c6b8000bf36b8c666102b3289b269f3c947
qa/mt13-structural-qa.json	1459	2ce4280545a0b925d1e33b11cc3c5f54588f640630264dfc0f467acd4a79549b
qa/mt131-intake-census.json	5710	58e4e7166b040506a03e0742dc40192476bf76b1527f73c16bc88f9ce39961c3
qa/mt131-pagination-evidence.json	2848	53d3dd99a5f55f8b9ea2e87b89fce022423379b6bc8052032f5e54b9b584e3e5
qa/mt131-semantic-review.json	4767	d0e8f2299ceab72080e47bbf610940cc44e4d4faeba5b5fff09ee077488c3c58
qa/mt131-structural-qa.json	2383	98154dfda6f6839e6c170e61aaf4b4d308d99066e3ea6b1bcdfe65b79b822b32
qa/mt132-intake-census.json	3073	46d9584dff1cb2ea9790394e1ec5bbc564d666c1ba7c94770ae5bdf0aa1e7ad4
qa/mt132-terminology-gate.json	2522	56db84eaa197577f36cd79e6526fcf67a413f2b9c228c41177a317c55aa9b319
qa/mt133-mt136-semantic-review.json	3809	907b78b41fa85cd7d1b784646ed0adb372f60cdc1003ac85e59e065b9c50a9b3
qa/mt133-structural-qa.json	2582	83485a5fa8f4537d6d562aa1b99de019d6aab9dff494b94f9cab7ccf642a3ae7
qa/mt134-structural-qa.json	2957	96d25fe41e626dd5aeb1b1dd0532f855701a5fd1a0f880e32351a8c5fab721c5
qa/mt135-structural-qa.json	1893	0236c5b4fb555248ab78c487b820ef592f5a1aa0a4949fb47e4bbaf85bf92922
qa/mt136-structural-qa.json	2969	4d75173a776eed10044090172b8cfffc4e6c8b546c7cae4a42345ca9797a4f1e
qa/mt1a-mt1a2-semantic-review.json	1403	ee6c8f1254594f57d954dbe9efcc7eea29628f9ff659af78869ab0c9d91f8619
qa/mt1a-structural-qa.json	1607	5c73e189f741bafd831ee26770734d44ff1892f09fbe21c1c73c08f7704226b3
qa/mt1a1-structural-qa.json	1879	32ccf2b6b92b150d1be4a59734a188cde079a6c43e9af89e3b399aa2135c4f32
qa/mt1a2-structural-qa.json	2097	91d19d0f7266b298b7f332cdaad5a52599a024a65c4704de2c6fbb4f4182b793
qa/mt1a3-structural-qa.json	4490	fb0d95dca22448bdfa83338b41f105717849e428047d81943574391eff8e5b7b
qa/mt1a3-tail-semantic-review.json	1439	730a9d6a16faf9e123e7dfed810ce152caeecc875fecf94f6b4767ddebbf65d9
qa/mt1conc-structural-qa.json	1560	86ef8129d9a6ee0978255c63599d092190cca64970a82580066458d81e4013ec
qa/mt1r-structural-qa.json	2863	6c8afdb2b34b0b82efcb0aadd9f2c8670d137c12d2333bda24ed0d612df924aa
qa/mt21-structural-qa.json	1908	b18bef2f3c0ce94224dab3e78346f696ed072ffc6cf795a23095eb1161380129
qa/mt211-structural-qa.json	5132	6f196c6bcd9e4877341a92480833a0c2e2bed7d9dc6bc87a291317b84496fa61
qa/mt212-structural-qa.json	4933	a7c84b39065981d79a77fd46187fcc1146da2321b996dbcc5a8e61dab4e7f6f6
qa/mt213-structural-qa.json	5550	fefa958a0cfc681cb5809e2a6f4afbae2a6583c859ab5cfe986afec4e8522436
qa/mt214-structural-qa.json	5694	95690a907a14bdebcc1ffa0153c1d49e363c43b912fb977ff31f6f30937cb55f
qa/mt215-structural-qa.json	3338	357a42b61541b221cdf346fd80d7cc4ed6f92ff0453fb6428c3b8799d9466fa4
qa/mt216-structural-qa.json	4418	2fc482f3b193b5b1c9ce9c55449ec412d9b1fc436627bb37c25eddd3468e69aa
qa/mt22-mt221-semantic-review.json	2368	4532145d986e5c13673e7defe7b431187833c4e0e09515238278d7a7f5062fe0
qa/mt22-structural-qa.json	1603	1a625bafa4ef45e22618c19b5dcb8b126bdf389e696d84d5cde9b0ad48e1720d
qa/mt221-structural-qa.json	1754	a3bfd325205402aae26156383d16301afa4523b68f2e8631563cbe264bac7bcd
qa/mt222-semantic-review.json	2674	1fb85fb8b4755421c4b1a865775d7808ddc5607fe424245d240309d81c186076
qa/mt222-structural-qa.json	4762	c33d5fce9373d76944f8c53293b5dfb72c596e6fc14db95949a03082d09699d0
qa/mt223-semantic-review.json	2388	14747912e3dbc0d6d2b1df4a212eab2ecc9c9bba38323e81bcf0851f22269cfb
qa/mt223-structural-qa.json	2376	2d0a95b1b71eacd7fa5df0a2f51caab713cc0834e201915cdfbe2b408d30a32a
qa/mt224-assembly.json	944	03e64b2968654e3f0c8bb98b222c7ca2ab8d1de21e2d5eb57133f17d38ee1dea
qa/mt224-semantic-review.json	3491	d0a15e003e5faad239935b71845c26031722457e92dfef11b51916b9ea1a22ce
qa/mt224-structural-qa.json	4592	1fedc96b91d91e5dedcc2f965fd490910f6f76b880654399e5837e06ec8b648b
qa/mt225-assembly.json	1820	10bab5f66c8ea531dbd3111b6f31ad699f0ca75cc94aa62e4a506e8d028272fb
qa/mt225-semantic-review.json	3828	6752fbb29e1705bac5000248d34dab48a6ab4c712459118bd9d7ed8897048bb3
qa/mt225-structural-qa.json	5385	5692d86727c186b9e4bc85702d2a366fa492cf92c2ed0d11e46250f457741e9f
qa/mt226-assembly.json	951	3bde290573bd44b38f312c6724ddaa9fe07bc7916a541e28060d96811a3d6ddc
qa/mt226-semantic-review.json	3992	aeb19e27854a31711a05d22569647fcf76f9295a8755db8ab17370e7ce8a2444
qa/mt226-structural-qa.json	4055	cd7a029eb8fd0c8e54fabaa89ceb6494f25c18efff4b61902442ef8f12ad0438
qa/mti-volume1-projection-report.json	3650	5fabcd365b3f6aa31a855a4121b92d65b531cb63036fccc32942ee26ca964a1d
qa/mti-volume1-translation-render.json	2312	fffd688f3402723860ee1311711e3dedc87d1ff154258bf4945c6fd6835f1fcf
qa/through-chapter23-PACKAGE_MANIFEST.tsv	149705	78ac51edb0d0e2ddc4f7eff9bfb066845dc0d6c894b18e02a7265d2937745833
qa/through-chapter23-PUBLIC_SANITIZATION_MAP.json	1974	411eef209aa587ae92c49227449a36b90dd210546f0b87eca10f14f63a96fdb4
qa/through-chapter23-PUBLIC_SOURCE_TREE_MANIFEST.tsv	178549	ceddd3b2a8e23ff19003dd4b92d28bd933dd8fb75886c85f2d75e60f9f0afec5
qa/through-chapter23-SHA256SUMS.txt	254	65bd49cbcfe5f92fc1222a2f250503ab85d5ea3f467438e20bc969a5a61d83e0
qa/through-chapter23-complete-build.json	29526	043a714b0c49145b0d0976a3b205ac7cc5a60cdf675c755824921e6f4691f570
qa/through-chapter23-final-admission.json	8688	00a9c1fcacb99c46cbfd56885ed22c836ef18012c07a65ac22d39c9731dd1dc3
qa/through-chapter23-html-browser-qa.json	21092	6a91f0894e45f7339f466addcbc66a99f5f02b6a9fa41f61033d99b142b7935f
qa/through-chapter23-html-build.json	7374	3f171e026511685a96fc5dda23a62c9c87abfbdfbde79c8e4f3c835d02293b25
qa/through-chapter23-pdf-visual-qa.json	174728	793ab32624547c3803832fac35bc8eb43d40e4730aa8884be682716bdce10342
qa/through-chapter23-public-overlay-validation.json	1712	17e333d131750e9b14d2b9fd498b52c569750c2f392950e310a02107fbc5ea3b
qa/through-chapter23-release-package.json	66180	ad42884a8db6d7d993c457bec1ff858d54fa9a8c142b41dcde6ef7c18561af87
qa/volume1-PACKAGE_MANIFEST.tsv	87417	b5faaba6b5005c573155e265d1d550acf8c5bce183244473f2b1cce4677d454c
qa/volume1-backend-validation.json	3739	34ba27d7c0137b4a2b0c466a0c56fa553c1d6970ed6f9625775d6daa2283e1f7
qa/volume1-closure-smoke-build.json	1853	707296ff9a4467bf642aff9f8086eae933426b82e9895db556e8b27c23fa167a
qa/volume1-complete-build.json	29725	5c36eb8285448db3330bdd9d301cb61457c7302b3a04c44feec90a4f8bdfc50e
qa/volume1-html-browser-qa.json	6960	286a49fd8585df650ba2030c590be2ecb422df554eabdbfffeccf70c3d1295f3
qa/volume1-html-build.json	14952	2ec6d2207edfe3e98d1b26df11914f8cc637b43d4ca77c763262d3e3910c3bca
qa/volume1-pdf-visual-qa.json	21987	28659e48cf0c5f45f5210e81ff7a8e4149037495c3d4020e750cb03dd85d6a43
qa/volume1-release-package.json	1769	8c275c772e78fb66cd6c446ecf6cca8134a017ca70d2bc3ecdb03c0730abd330
reader/assets/mt113c1.png	37688	3fbab729729572723fbce6d688ebdfa7d6f73902144f0840cecb1074230b38bb
reader/assets/mt113c2.png	37862	41489e1039492131e49b9b5132d752dee2d19f959ab272c00e37f10f6945d6df
reader/assets/mt113c3.png	37892	8973110d14c4a5acbb4553e78ae8774d317f50680ab493d1176da6bcfef4b3d9
reader/assets/mt113c4.png	43058	795b9abab5a6ea8447a4d39ef6a6c5bb7e1413bad54ca20d600da26db0b3a7b7
reader/pdf/mt113-dvipdfmx-images.tex	858	fa315b774b73a1d890ee418022e79902fbc0bc72b7fe448e3367addb6995f52d
reader/pdf/mt134-dvipdfmx-images.tex	634	693cfce2a08cbb581e3676e4260e20200771db9a7f1f1fe7dbb16fee8edbcb8b
scripts/build_volume1.py	22500	0cd874b410a5fd8fcb86326ca223e01f900c7748699b5b4b2bad68f3f9a0c169
scripts/build_volume1_chapter22.py	33676	fe680c21c7ea598f275648cd453a13fdecab6ac3ed01a74a878593d8a907afac
scripts/build_volume1_chapters21_22.py	36708	3798e4e99c640a395e79bdbc4e740963dcde3f41edd29d0a3eec295d5b92a6c9
scripts/build_volume1_through_chapter23.py	42192	4a76b312dea6376f83a98dc3fbb38b0840155f86e4d742f5e0751c017cfeea24
scripts/github_public_overlay.py	17580	12bcf5ff48a09e3980e237c42bc903a4563a07fa441d8ad7d9993b7d7a03cb81
scripts/package_volume1_chapter22_release.py	41979	80b0300e025eb89a0ffb3339b929141ad16a096036b42b22aa990dcefec54574
scripts/package_volume1_chapters21_22_release.py	91881	92824b4e134d9916d0e2be2109fe310bb69db9a10fa28091656aafcf42528f7c
scripts/package_volume1_release.py	23346	7067f3d951576110879e19640d05efa1069e4223a32e83cd7313f8c4813eaae0
scripts/package_volume1_through_chapter23_release.py	46794	37fd22ba49d9c9ee0900b3494c7b1e11605e11fd671202c8b673b7af94988b20
scripts/prepare_s136_github_boundary.py	35806	032c7ddc1b1bd179bab42d21e4f2d7ec79bf0bc9517d8db70a24d53aabe1210a
scripts/project_mti_volume1.py	48591	86b63ebe61d7a8973b6b769a940ac861b94facde1935e4a5bdfbb2e9955812fc
scripts/publish_s111_github.py	27310	82d7e36fab63ac751d84b89ddd96128a5d787c822b6d036a64e7b0b1607a47cc
scripts/publish_s122_zenodo.py	41958	8a41f9af375889c59ceaaca4f633ef8a647fe3ddb34c1325030a3cb3bdd3f50b
scripts/publish_s136_zenodo.py	44081	4636d7906e6768cee5fae033a5bc923abb39894d42467f0d156a04cf87cc060d
scripts/publish_volume1_chapter22_github.py	39594	edfae65af46105a5e703d6948d51f1134b3e760ef7800fde958020d68239a6c3
scripts/publish_volume1_chapter22_zenodo.py	29351	26dd8208f5d422b4212f7c6c0fc86bcf092d90876b2e8c73d6551c77254ac0dc
scripts/publish_volume1_chapters21_22_github.py	36998	730732c1434ef61fcda752e3c19a116a881d2e90f4c8eb2a73af9e7b26ddb849
scripts/publish_volume1_chapters21_22_zenodo.py	15822	22f71f6e2b75b6793beab8c701601945bae65f787998e19345f739438bb10c71
scripts/publish_volume1_through_chapter23_github.py	32595	247890cf77e5ba70f9c28dac66e37cb050b42108c3e93d0b10ff9805e60df37c
scripts/publish_volume1_through_chapter23_zenodo.py	15239	629d7fcb55932abbc8a032884b753895ca8e41c28f51057405482e73b016cb6a
scripts/qa_volume1_chapter22_pdf.py	26348	53cdfc937a63ac79315f788b58d5533503256ca97e9367e1bab775d65c69484b
scripts/qa_volume1_chapters21_22_pdf.py	26581	c8d34f02adfbe49a31f801bec275b05c0ba964837a2d53c1534b0aea608b9ed7
scripts/qa_volume1_pdf.py	9525	b114303ecc5a89db5dee580ccd2dbb2c53969005d4aa04819b1429cbfe1acce4
scripts/qa_volume1_through_chapter23_html.py	40378	ed19fe19c0edb947721fe240c58afc56c48b68fcddae972fdcaa2582249cec49
scripts/qa_volume1_through_chapter23_pdf.py	29643	f6266ea9eb42aa228431761938ba3dbc95d564cacb7a53b146c54e72b867bd0e
scripts/render_chapter13_html.py	18849	1d7c75922df01bd165150de36a5c057e955dc365f30bc635c0885cf8f7a0368c
scripts/render_mt111_html.py	33317	bafe60d42b9fd2be7aa057930177c3a84a83b7e169bec548776a0e78d051ff4d
scripts/render_mti_volume1_translation.py	19782	85d6617a3e358ae27d9a380e68d77170b4e1ab4f505a5ecc02b0cb1e1e4eb2b8
scripts/render_volume1_chapter22_html.py	42809	545573fb5d69bcff1cd7b6594bdf61d9fbdf33378b97fc300b52b5e43adcf0c6
scripts/render_volume1_chapters21_22_html.py	49391	00b326e9f6e02dc29d9a290721a062343aee569c8d86951208e5a9523fc1dad7
scripts/render_volume1_html.py	54233	6556c8ec62500018446f64475a887e083ccafec65a2026d7f1001d41157831d2
scripts/render_volume1_through_chapter23_html.py	37943	bfcf85a8b6d30140d7463a67c6c39514ee0fac2ed6161f13ef65d0617439b30e
source/id-ID/id-overrides.tex	2004	d4748dacba8eb71b496071b36b2e69ebc86625b283720fa482a4dd6b9ff3f49f
source/id-ID/mt01.tex	3568	b69ed5a8a197245980eb58894efa21b1bb1f6890a6552ca75603d4131c4826cc
source/id-ID/mt02.tex	14434	ce5b51a02283e4f584bd97b6689c2337ecb4ac0bc40aa62953501cdb9581a9f9
source/id-ID/mt1.tex	7839	28a591d994dd026bf4a39f66d53d827d4afb928b1ff8474e1a2668d09a697146
source/id-ID/mt10.tex	14003	e5d7a1cb3403ad14ac188e64fa19f1efbb6964df5a9af7793ee03d338b606faf
source/id-ID/mt11.tex	6162	e4d8113141fa9651eee18c82705243dd2fa6f9a2ca3dc5e0f1dc8c96c5d1d3af
source/id-ID/mt111.tex	26931	e0897b3b44d947c89e7b666b8bdee7e9e9bc098a6680ba09e96eb27c97a8d296
source/id-ID/mt112.tex	24543	2d8429eeb70c591f425350de5497acea9d7f552d063e08e81c3db05816283133
source/id-ID/mt113.tex	18215	d0153a75bc626ceaca05ddd96c682dd0a9cbec9cf4a95265f267ac1f57e8ecaf
source/id-ID/mt114.tex	28141	f66fe29627b477079f5f4bfe815936db827941c637eb7e096dc90d8992a1da30
source/id-ID/mt115.tex	30520	0cadff37a61d891231702b6dac5ab978285d3e55094659f30dd740f656f730a7
source/id-ID/mt12.tex	1686	822993fe5645b2e5b0b02dfe95f8b6cf7d52a08c37966c44be28229a64b6a38a
source/id-ID/mt121.tex	43931	76a5d90e6a647d158d2aecd32eaeaa4384063ef0d09f105c40c49205555a9f53
source/id-ID/mt122.tex	44836	1f48f01de0a61b2f944654aeb8dd05773babaefa26942729c517ac094be12001
source/id-ID/mt123.tex	19405	b3077760e581ef8c6781f311ad846497bb9af6d1361767cf2b88fce63667b58c
source/id-ID/mt13.tex	1562	8eaa400c1ee8ec70ff08dcd3c6ca9029584c0b8113968aa6bab546eff564994a
source/id-ID/mt131.tex	13512	eb486850c0a7908beaf6954bdc030a654ea2a4a4864411bb15117a2529bff470
source/id-ID/mt132.tex	18431	84da1785a751ab999a41dbbfffab37a91cdd0ae83948d1c341162eae48fbc814
source/id-ID/mt133.tex	28589	b965f3a8673f161ba2b372d698754f27545708f62fa7e52765f03a08d7d4605d
source/id-ID/mt134.tex	52580	18b99df4efc21ea4e1c6b31e561021fa8d5fac730772a3acad96f2dc5923c367
source/id-ID/mt135.tex	29223	8e4eeb3d864f81fe6b27be59ee145d0bb5ca3ad5e01e279f951c922ca7ec965a
source/id-ID/mt136.tex	25298	aadd0bdbb660d8843ed83189eb0f0362f2b5aed22b42544f4deac57f382eec92
source/id-ID/mt1a.tex	1233	8a566a2386592d409e1d0da624f3df06d95577455345e7f4288469d6ae34225d
source/id-ID/mt1a1.tex	18530	30a70565223af10939c788ff16b864ad5b8b6f2dc9ccfa6a18e5af32d51b5ecd
source/id-ID/mt1a2.tex	6331	de4a48a1681e3f13f85f689d8ed3bf3e349b41b1db6ce6415f10e2c5dd150801
source/id-ID/mt1a3.tex	8844	78d66b4dea48daa794dd9c7e9fce385b203f59a6034468431f5d97c969a7287c
source/id-ID/mt1conc.tex	1266	be51adec453a5dda8f52e18f5fdaa9404ec049d27d5a38b25216dc4e41fe6b4a
source/id-ID/mt1r.tex	2350	cf7da23510a808439e4e51533a3a10a4b2f83c50e9a20de4acf32850834f0207
source/id-ID/mt2.tex	8787	f9df42759823c274cfcc908de4617f9df946b8639b7d21ca57f97f74b8b1bc56
source/id-ID/mt20.tex	13772	ba399518fc0bf8286d6650f513ae97af82d46231174b990b13c774770d37243f
source/id-ID/mt21.tex	2092	e74916fba894ae3216f3eb320689b2f4a0bb9bdba100aad8d29936e584c24c30
source/id-ID/mt211.tex	28500	e9d61b8ba61bee4bd127e50e4f93d6f9675f9d7c880a65ca48ebfeeab1b9dccf
source/id-ID/mt212.tex	29990	3fe07863fe180dd0e508e2130dad180db16dcc76b0c829e50c968bd154577421
source/id-ID/mt213.tex	53929	5069d0c2274710dfaf07d56b9701750d4d4d31b040276d8152645b1c4aeb1ce0
source/id-ID/mt214.tex	55343	69f25ccf52c38993a7c7f5bb9847c40854c918e3833f406a81223d053251b3eb
source/id-ID/mt215.tex	27477	6d7721feaa88b57a130efac839240b2deb8eb60d1522d2937d32a545c8354da6
source/id-ID/mt216.tex	27221	21723c2c72ad190cead91e26afcb5545f6c59d667cc2721ef8987f44de9ffb4b
source/id-ID/mt22.tex	3077	80d0796310e2808bf6f88aa5ba0934e74b963aa577421d08cf0d8df7de178bdb
source/id-ID/mt221.tex	14500	4cdb7083d2256342100a485330627827ebfdae3ab44a1aa75f89f6be2de2453b
source/id-ID/mt222.tex	37626	4356f1772dd33447024fbb1855619ac2e1bbfffbd9f5debf13c8aa43cef0152d
source/id-ID/mt223.tex	16570	e512adcc6297db3fb52862eed42199929aa596d17d8a57ee9961c38d173b94ce
source/id-ID/mt224.tex	34064	18e8e226c77e4f7f488ebfdc32eaf5060717f95ce29caf10443c401b6b96dc5c
source/id-ID/mt225.tex	45150	f52b0bc59447a580edbbea026a893c40cac080d3b7d8baea17d0a8608651855c
source/id-ID/mt226.tex	29323	1a3ee4ac2e0cdcd63d73172ec974ed5b3250dc4c65535a662b175a56e0fd23a8
source/id-ID/mt23.tex	2535	e4769b85131439a4da3d6b87ee578e1efcda13eefddf490954e19e19c3416792
source/id-ID/mt231.tex	22382	e4996d471adaf3e099f3219a779dc6833b3b9f4054c62d33daccd3faee36824c
source/id-ID/mt232.tex	43235	6935cedc3c36c4f5f78e3fe15d523f24b30b06db2f4d92dce3ddc278d20b1a36
source/id-ID/mt233.tex	40052	645e10179fd46dbe22934c53dca9be5be09f18d1a5f2cf16e986e8e9a147a4fa
source/id-ID/mt234.tex	55719	0d572c4b4edf3c93d18db7c03660a51e618d5b62f64919ae7d50433d01524931
source/id-ID/mt235.tex	50941	5500025e8d65254fc6c4f5135be81aa08eaf02fb4cf20dadefdbefa0880febaf
source/id-ID/mti.tex	36790	3ef6caa5a23f5d279bec80cae8742385a19c242b54fc3b93f6b4944359724ad0
source/id-ID/vol1-id.tex	615	8d4daf1259a36e8e22f44730e662ba7ded57040d45a979ba0cf3a60c8b3fba0e
source/id-ID/vol2-ch21-ch22-id.tex	1137	1a979bd293a4a2d70f820d3c495a60de31f460683f3857d2c56edcbf370dfbed
source/id-ID/vol2-ch22-id.tex	927	47ae09ac4f589b581e89c9320d76f1da38d4e3006b3f2d41c0534b63ef8008be
source/id-ID/vol2-through-ch23-id.tex	1304	a39218424822e3ed39fb890a70204522981939071a5c6f941c0d7e6e52cb8ecc
vendor/MATHJAX_PROVENANCE.md	751	45adb15dc91217447a86151a6136900396919247efef36e5ec8449b4cc683535
vendor/mathjax-3.2.2/LICENSE	11358	cfc7749b96f63bd31c3c42b5c471bf756814053e847c10f3eb003417bc523d30
work/index_translation_general_a.jsonl	253091	6eac3a4014c9d63643a42d6524542332e59df125eb896393da0428128a72eb07
work/index_translation_general_b.jsonl	361268	00bd865d0ab5126b98a4876b1788dc499b9533f0059823dc33fa57cd9e10f124
work/index_translation_principal.jsonl	86411	af84cba126f1994162665db84c8999978878cdb9f808ab4cf3dcc97ea605a767
workload/index/mti-volume1-defect-overlay.jsonl	4199	461ec18d1277cf908610d4b4696278eda510b9b6ba966a1809e452f29a190c75
workload/index/mti-volume1-translation-skeleton.jsonl	997141	7aed50d50a992339e8372399ed66d12dad337d4cfe9d91a720c1c1f8655397fb
